"Time (s)","Acceleration x (m/s^2)","Acceleration y (m/s^2)","Acceleration z (m/s^2)","Absolute acceleration (m/s^2)"
8.650592000E-3,4.278367043E0,1.196411327E-1,1.078684425E1,1.160494496E1
1.102606000E-2,-4.441078663E0,1.052841991E-1,8.154739380E0,9.286228449E0
1.340152900E-2,1.804188251E0,-1.052841991E-1,1.205025482E1,1.218502447E1
1.577731000E-2,2.225325108E0,-4.307080805E-2,8.752944946E0,9.031498888E0
1.815283100E-2,-5.120640278E0,5.216353536E-1,9.982855797E0,1.123167263E1
2.052835200E-2,4.532006264E0,-1.770688742E-1,1.107876873E1,1.197119671E1
2.290387300E-2,-3.909872293E0,4.689932466E-1,8.207381248E0,9.103195207E0
2.527939400E-2,1.392622828E0,-4.785645287E-3,1.172961617E1,1.181199884E1
2.765491400E-2,1.473978758E0,-9.092725813E-2,8.772088051E0,8.895527523E0
3.003043500E-2,-4.962714195E0,4.642075896E-1,1.019342422E1,1.134680212E1
3.240590400E-2,5.192425251E0,-2.009970993E-1,1.106441212E1,1.222386581E1
3.478142500E-2,-4.512863636E0,7.369893789E-1,8.015955925E0,9.228469046E0
3.715694600E-2,1.158126116E0,1.579262912E-1,1.159561825E1,1.165437941E1
3.953241400E-2,1.062413216E0,-2.009970993E-1,8.714659691E0,8.781481379E0
4.190798700E-2,-4.235296249E0,3.732803464E-1,1.065763187E1,1.147441457E1
4.428350800E-2,5.101497650E0,-1.435693540E-2,1.053799057E1,1.170789177E1
4.665902900E-2,-5.015356064E0,8.614161611E-1,8.039883614E0,9.515017749E0
4.903449800E-2,1.009771109E0,-3.254238665E-1,1.160040379E1,1.164881566E1
5.141007100E-2,1.421336651E0,-2.344966233E-1,9.030512810E0,9.144689615E0
5.378559200E-2,-3.881158352E0,7.465606928E-1,1.060499001E1,1.131753313E1
5.616111200E-2,4.608576298E0,2.775674164E-1,1.004506969E1,1.105529033E1
5.853663300E-2,-5.426921844E0,9.332008362E-1,8.087740898E0,9.784370053E0
6.091215400E-2,1.789831281E0,-7.752745152E-1,1.172004509E1,1.188124587E1
6.328767500E-2,1.622333765E0,-5.264209956E-2,9.107083321E0,9.250605637E0
6.566319600E-2,-3.938585997E0,7.274180651E-1,1.036570740E1,1.111258235E1
6.803871700E-2,4.402793884E0,3.014956415E-1,1.001635551E1,1.094544980E1
7.041423700E-2,-5.350351334E0,6.891329288E-1,8.212167740E0,9.825520982E0
7.278975800E-2,2.679961443E0,-5.599204898E-1,1.201196957E1,1.232002911E1
7.516527900E-2,1.119840980E0,4.307080805E-2,8.662017822E0,8.734211565E0
7.754080000E-2,-4.005585194E0,8.039883971E-1,1.051406288E1,1.127992147E1
7.991632100E-2,4.354937077E0,-4.785645381E-2,1.002114105E1,1.092662048E1
8.229184200E-2,-4.632504463E0,3.924229145E-1,8.652446747E0,9.822368760E0
8.466736200E-2,2.837887764E0,-9.571290575E-3,1.195932770E1,1.229142862E1
8.704288300E-2,4.977070987E-1,1.866401732E-1,8.288737297E0,8.305763835E0
8.941835200E-2,-4.316651821E0,1.052841991E-1,1.030827999E1,1.117609968E1
9.179387300E-2,5.211567879E0,-2.297109663E-1,1.066720295E1,1.187444422E1
9.416939400E-2,-4.704289436E0,8.805587292E-1,8.317451477E0,9.596130567E0
9.654491400E-2,2.526820660E0,3.493520916E-1,1.173440266E1,1.200845849E1
9.892043500E-2,-3.541377485E-1,-1.100698411E-1,8.327022552E0,8.335276450E0
1.012959560E-1,-3.704089403E0,-4.307080805E-2,1.049970531E1,1.113399951E1
1.036714770E-1,5.283352375E0,-3.349951655E-2,1.075334454E1,1.198120834E1
1.060469980E-1,-5.130211830E0,9.188438654E-1,8.044670105E0,9.585408941E0
1.084225190E-1,2.148754835E0,4.259224236E-1,1.202632618E1,1.222420053E1
1.107980390E-1,-4.307080805E-1,-1.962114573E-1,8.283951759E0,8.297461367E0
1.131735600E-1,-3.177668571E0,1.196411327E-1,1.055713367E1,1.102565023E1
1.155490810E-1,4.867001057E0,-1.914258115E-2,1.039442158E1,1.147745902E1
1.179246020E-1,-5.670989513E0,9.092726111E-1,8.154739380E0,9.974300632E0
1.203001230E-1,2.263610125E0,-2.967100143E-1,1.207418346E1,1.228811922E1
1.226756440E-1,7.657032460E-2,-1.339980662E-1,8.743373871E0,8.744735853E0
1.250511640E-1,-3.235096216E0,6.077769399E-1,1.071027374E1,1.120469562E1
1.274266850E-1,4.163511276E0,7.178468257E-2,9.824930191E0,1.067095274E1
1.298022060E-1,-5.771488190E0,4.163511395E-1,8.465806961E0,1.025442888E1
1.321777270E-1,3.259024382E0,-2.919243574E-1,1.246660614E1,1.288886063E1
1.345532480E-1,-2.488535494E-1,1.866401732E-1,8.188239098E0,8.194145603E0
1.369287690E-1,-3.637090445E0,3.445664644E-1,1.057627583E1,1.118949343E1
1.393042890E-1,4.187439442E0,-2.967100143E-1,1.007856941E1,1.091788658E1
1.416798100E-1,-5.139782906E0,4.019941986E-1,8.839086533E0,1.023271315E1
1.440553310E-1,3.574877024E0,-9.092725813E-2,1.218903828E1,1.270278188E1
1.464308520E-1,-9.571290612E-1,2.679961324E-1,8.130811691E0,8.191337908E0
1.488063210E-1,-3.589233875E0,2.871387079E-2,1.069113159E1,1.127757594E1
1.511818420E-1,4.828716278E0,-4.498506486E-1,1.023170948E1,1.132284175E1
1.535573620E-1,-4.723432064E0,7.465606928E-1,8.886942863E0,1.009187380E1
1.559328830E-1,3.412165165E0,-3.349951655E-2,1.191625690E1,1.239520762E1
1.583084040E-1,-1.550549030E0,-6.221338734E-2,8.082955360E0,8.230567426E0
1.606839250E-1,-2.742174864E0,-1.914258115E-2,1.099741268E1,1.133415083E1
1.630594460E-1,5.307280540E0,-2.823530734E-1,1.020778179E1,1.150850812E1
1.654349670E-1,-5.158925533E0,8.327022791E-1,8.566305161E0,1.003441527E1
1.678104870E-1,3.220739365E0,6.699903309E-2,1.201675510E1,1.244106322E1
1.701860080E-1,-1.454836130E0,-2.488535494E-1,8.159524918E0,8.291943267E0
1.725615290E-1,-1.765903115E0,-4.307080805E-2,1.115533924E1,1.129432878E1
1.749370500E-1,4.967499733E0,-1.770688742E-1,9.781859398E0,1.097233705E1
1.773125710E-1,-5.484349728E0,8.279166222E-1,8.681160927E0,1.030175193E1
1.796880920E-1,3.383451223E0,-4.594219327E-1,1.196411324E1,1.244181724E1
1.820636120E-1,-1.000199914E0,-1.674975902E-1,8.384450912E0,8.445559331E0
1.844391330E-1,-1.469193101E0,3.445664644E-1,1.119362450E1,1.129488751E1
1.868146540E-1,4.340580463E0,2.871387079E-2,9.308079720E0,1.027043384E1
1.891901750E-1,-5.714060307E0,5.551348329E-1,8.767302513E0,1.047970673E1
1.915656960E-1,4.153940201E0,-6.412764788E-1,1.227039433E1,1.297031347E1
1.939412170E-1,-1.158126116E0,9.571290761E-2,8.183453560E0,8.265550752E0
1.963167370E-1,-1.674975872E0,4.019941986E-1,1.102612686E1,1.115986636E1
1.986922580E-1,3.948157310E0,-3.254238665E-1,9.341579437E0,1.014686913E1
2.010677790E-1,-5.259424210E0,2.201396823E-1,9.178867340E0,1.058119134E1
2.034433000E-1,4.857429981E0,-1.435693651E-1,1.225125217E1,1.317984894E1
2.058188210E-1,-2.234896421E0,4.307080805E-1,7.637889862E0,7.969795042E0
2.081943420E-1,-1.612762451E0,5.455635786E-1,1.105962658E1,1.118990538E1
2.105698620E-1,4.019941807E0,-7.944171429E-1,9.384650230E0,1.024024857E1
2.129453310E-1,-4.570291042E0,4.833501875E-1,9.590433121E0,1.063473531E1
2.153209040E-1,4.474578381E0,0.000000000E0,1.172961617E1,1.255411276E1
2.176963730E-1,-2.790031195E0,5.072783828E-1,7.618747234E0,8.129385884E0
2.200718940E-1,-1.445264935E0,-1.292124242E-1,1.126540947E1,1.135847424E1
2.224474140E-1,4.618147850E0,-5.024927258E-1,9.671789169E0,1.072955238E1
2.248229350E-1,-4.737788677E0,7.609176040E-1,9.351150513E0,1.051045447E1
2.271984560E-1,4.082155228E0,-2.871387079E-2,1.152861977E1,1.223004045E1
2.295739770E-1,-3.244667530E0,-4.785645287E-3,7.948956966E0,8.585674530E0
2.319494980E-1,-2.536391914E-1,-1.100698411E-1,1.162433243E1,1.162762025E1
2.343249670E-1,4.264009953E0,-2.344966233E-1,9.332008362E0,1.026270674E1
2.367004870E-1,-5.259424210E0,5.886343718E-1,9.245866776E0,1.065336031E1
2.390760600E-1,4.043870449E0,-2.679961324E-1,1.162433243E1,1.231055704E1
2.414515810E-1,-2.900100946E0,-8.135596663E-2,8.078168869E0,8.583356952E0
2.438271020E-1,4.546363056E-1,1.674975902E-1,1.168175983E1,1.169180322E1
2.462026230E-1,3.345165968E0,-4.785645381E-2,8.963513374E0,9.567496935E0
2.485781440E-1,-5.474778175E0,4.881358147E-1,9.475577354E0,1.095436164E1
2.509536640E-1,4.541577339E0,-5.982056856E-1,1.163390350E1,1.250325900E1
2.533291850E-1,-2.670390129E0,9.571290761E-2,8.240880966E0,8.663270947E0
2.557047060E-1,3.732803464E-1,1.579262912E-1,1.155733299E1,1.156443794E1
2.580802270E-1,2.589034081E0,-2.249253243E-1,8.925228119E0,9.295880047E0
2.604557480E-1,-5.125426292E0,4.785645287E-3,9.714859962E0,1.098401209E1
2.628312690E-1,5.292923450E0,-3.493520916E-1,1.181097221E1,1.294743798E1
2.652067890E-1,-3.574877024E0,3.732803464E-1,7.757531166E0,8.549758695E0
2.675823100E-1,4.402793646E-1,3.924229145E-1,1.167218876E1,1.168707971E1
2.699577790E-1,2.100898266E0,-5.120640397E-1,8.973084450E0,9.229963578E0
2.723333520E-1,-4.311866283E0,-1.531406492E-1,1.005464077E1,1.094127250E1
2.747088210E-1,5.168497086E0,-2.775674164E-1,1.151904774E1,1.262849423E1
2.770843940E-1,-4.225724697E0,5.024927258E-1,7.829315662E0,8.911084777E0
2.794598620E-1,6.699903607E-1,2.392822690E-2,1.182532978E1,1.184431864E1
2.818353830E-1,2.287538528E0,-8.183453679E-1,9.178867340E0,9.494952728E0
2.842109040E-1,-4.072584152E0,1.770688742E-1,1.013121128E1,1.092056487E1
2.865863730E-1,4.718646049E0,-1.722832322E-1,1.097348499E1,1.194624104E1
2.889619460E-1,-4.680361271E0,3.684946895E-1,7.939385414E0,9.223633271E0
2.913374670E-1,1.574477315E0,-4.546363056E-1,1.207896900E1,1.218963351E1
2.937129870E-1,2.029113531E0,-3.158525825E-1,9.092725754E0,9.321734077E0
2.960885080E-1,-4.115654945E0,3.732803464E-1,1.016471100E1,1.097266164E1
2.984640290E-1,4.417150497E0,-4.354937077E-1,1.050449181E1,1.140373717E1
3.008395500E-1,-4.637290478E0,-4.785645287E-3,8.264809608E0,9.476896314E0
3.032150710E-1,2.699103832E0,-8.614161611E-2,1.253360462E1,1.282122563E1
3.055905920E-1,9.714859724E-1,-4.307080805E-2,8.437092781E0,8.492948527E0
3.079661120E-1,-4.187439442E0,6.508477330E-1,1.033220863E1,1.116748795E1
3.103416330E-1,4.584648132E0,-8.709874153E-1,1.034656525E1,1.135028766E1
3.127171540E-1,-4.177868366E0,1.004985496E-1,8.819944382E0,9.759923306E0
3.150926750E-1,2.828316450E0,-6.221338734E-2,1.227996540E1,1.260161873E1
3.174681960E-1,2.775674164E-1,1.196411327E-1,8.149953842E0,8.155556713E0
3.198437170E-1,-3.933800459E0,3.397808075E-1,1.066241741E1,1.137002120E1
3.222192370E-1,5.206781864E0,-8.566305041E-1,1.032742214E1,1.159741529E1
3.245947580E-1,-4.436293125E0,2.632105052E-1,8.556734085E0,9.641974625E0
3.269702790E-1,2.900100946E0,2.871387079E-2,1.230389404E1,1.264109246E1
3.293458000E-1,-3.972085714E-1,2.392822690E-2,8.116454124E0,8.126202973E0
3.317213210E-1,-3.072384357E0,-6.221338734E-2,1.077727318E1,1.120682976E1
3.340968420E-1,5.154139996E0,-4.019941986E-1,1.042792130E1,1.163908506E1
3.364723620E-1,-4.804787636E0,5.264210105E-1,8.336593628E0,9.636487774E0
3.388478830E-1,2.890529871E0,-3.014956415E-1,1.221296692E1,1.255398835E1
3.412233520E-1,-4.689932466E-1,-3.349951804E-1,8.413164139E0,8.432882500E0
3.435988210E-1,-2.230110645E0,3.828516304E-1,1.109791183E1,1.132623574E1
3.459743940E-1,4.589433670E0,-1.339980662E-1,9.700503349E0,1.073222354E1
3.483499140E-1,-5.536991596E0,3.637090325E-1,8.537590981E0,1.018238773E1
3.507254350E-1,3.536591768E0,-4.785645306E-1,1.250967693E1,1.300878635E1
3.531009560E-1,-5.407779217E-1,-4.785645287E-3,8.384450912E0,8.401873646E0
3.554764770E-1,-2.220539331E0,3.349951804E-1,1.074855900E1,1.098064375E1
3.578519980E-1,4.015156269E0,-3.254238665E-1,9.623932838E0,1.043299879E1
3.602275190E-1,-5.359922886E0,1.579262912E-1,9.025727272E0,1.049845069E1
3.626030390E-1,4.493721008E0,-3.158525825E-1,1.243789196E1,1.322854670E1
3.649785600E-1,-1.708475351E0,2.632105052E-1,7.853243828E0,8.041244084E0
3.673540810E-1,-2.014756680E0,5.886343718E-1,1.111705399E1,1.131347092E1
3.697295500E-1,3.756731510E0,-5.886343718E-1,9.336793900E0,1.008143057E1
3.721051230E-1,-4.871787071E0,1.914258115E-2,9.346364975E0,1.053988681E1
3.744806440E-1,4.488935471E0,-2.009970993E-1,1.231346512E1,1.310772157E1
3.768561640E-1,-2.416750908E0,3.397808075E-1,7.604390144E0,7.986418810E0
3.792316850E-1,-1.765903115E0,4.019941986E-1,1.124626637E1,1.139115974E1
3.816072060E-1,4.048655987E0,-8.279166222E-1,9.499505997E0,1.035942447E1
3.839827270E-1,-4.790431023E0,3.493520916E-1,9.446864128E0,1.059780723E1
3.863582480E-1,4.197010994E0,4.785645287E-3,1.176790142E1,1.249393565E1
3.887337690E-1,-3.091526747E0,3.732803464E-1,7.771887779E0,8.372521454E0
3.911092890E-1,-9.906286001E-1,-2.440679073E-1,1.135155106E1,1.139730782E1
3.934848100E-1,4.072584152E0,-3.062812984E-1,9.566504478E0,1.040181512E1
3.958603310E-1,-4.929214478E0,6.747759581E-1,9.375079155E0,1.061341543E1
3.982358520E-1,3.996013880E0,-1.387837082E-1,1.136112213E1,1.204418880E1
4.006113730E-1,-3.402593851E0,-9.571290575E-3,7.948956966E0,8.646597792E0
4.029868940E-1,3.589234054E-1,2.009970993E-1,1.184447193E1,1.185161344E1
4.053624140E-1,3.254238844E0,1.435693540E-2,8.772088051E0,9.356270910E0
4.077379350E-1,-5.364708424E0,4.642075896E-1,9.552147865E0,1.096535973E1
4.101134040E-1,4.378865242E0,-2.009970993E-1,1.167697430E1,1.247263362E1
4.124889250E-1,-3.048455954E0,3.397808075E-1,8.035098076E0,8.600659032E0
4.148644460E-1,5.790630579E-1,2.871387303E-1,1.142333508E1,1.144160596E1
4.172399670E-1,2.354537487E0,-1.148554832E-1,8.920442581E0,9.226664316E0
4.196154870E-1,-5.067998409E0,2.201396823E-1,9.777072906E0,1.101472759E1
4.219910080E-1,5.182853699E0,-1.627119333E-1,1.143290615E1,1.255387552E1
4.243665290E-1,-3.641875982E0,9.332008362E-1,7.953742504E0,8.797507846E0
4.267420500E-1,6.604190469E-1,3.589234054E-1,1.143769264E1,1.146236417E1
4.291175710E-1,1.751546144E0,-5.216353536E-1,8.839086533E0,9.026043877E0
4.314930390E-1,-4.110869408E0,2.488535494E-1,1.049013424E1,1.126960921E1
4.338686120E-1,5.221138954E0,0.000000000E0,1.083470058E1,1.202709561E1
4.362441330E-1,-4.594219685E0,8.279166222E-1,7.929814339E0,9.201861545E0
4.386196540E-1,1.081555843E0,2.679961324E-1,1.184925747E1,1.190153299E1
4.409951750E-1,1.502692580E0,-4.259224236E-1,8.776873589E0,8.914763311E0
4.433706440E-1,-3.594019651E0,3.158525825E-1,1.062413216E1,1.122002336E1
4.457462170E-1,4.795216560E0,9.092725813E-2,1.035613632E1,1.141279673E1
4.481217370E-1,-5.225924492E0,7.561319470E-1,8.015955925E0,9.598831789E0
4.504972580E-1,1.895115495E0,-2.057827413E-1,1.212682533E1,1.227573631E1
4.528727790E-1,1.196411371E0,-5.742774159E-2,8.910871506E0,8.991013797E0
4.552483000E-1,-3.570091486E0,5.647061467E-1,1.042313576E1,1.103205354E1
4.576238210E-1,4.244867325E0,2.392822690E-2,9.982855797E0,1.084789754E1
4.599993420E-1,-5.316852093E0,3.541377485E-1,8.341380119E0,9.898128713E0
4.623748620E-1,3.153740168E0,-1.435693540E-2,1.259103298E1,1.297999980E1
4.647503830E-1,7.657032460E-2,2.775674164E-1,8.054241180E0,8.059386309E0
4.671259040E-1,-3.680161238E0,7.178468108E-1,1.049491978E1,1.114460551E1
4.695014250E-1,4.182653904E0,-4.450650215E-1,9.863214493E0,1.072267115E1
4.718769460E-1,-4.737788677E0,3.972085714E-1,8.901300430E0,1.009146003E1
4.742524140E-1,3.493520975E0,1.531406492E-1,1.209811115E1,1.259334881E1
4.766279350E-1,-1.215553880E0,5.264210105E-1,7.810173035E0,7.921710241E0
4.790034560E-1,-3.302095175E0,6.508477330E-1,1.078205872E1,1.129514168E1
4.813789250E-1,4.579862595E0,-5.599204898E-1,9.710074425E0,1.075054406E1
4.837544460E-1,-4.790431023E0,6.077769399E-1,8.896514893E0,1.012252930E1
4.861300190E-1,3.512663603E0,2.344966233E-1,1.208375454E1,1.258613992E1
4.885055390E-1,-2.024327993E0,4.642075896E-1,7.666603565E0,7.942934139E0
4.908810600E-1,-2.297109842E0,1.387837082E-1,1.094477081E1,1.118409508E1
4.932565810E-1,4.618147850E0,-1.627119333E-1,9.896714211E0,1.092239520E1
4.956321020E-1,-5.072783947E0,8.518448472E-1,8.733802795E0,1.013597987E1
4.980076230E-1,3.493520975E0,4.785645287E-3,1.183011532E1,1.233516681E1
5.003831440E-1,-2.526820660E0,3.828516230E-2,7.939385414E0,8.331874288E0
5.027586640E-1,-8.470591903E-1,4.498506486E-1,1.143769264E1,1.147783463E1
5.051341850E-1,3.952943087E0,7.178468257E-2,9.154939651E0,9.972152832E0
5.075097060E-1,-5.580062389E0,7.322037220E-1,9.092725754E0,1.069349710E1
5.098852270E-1,3.857230186E0,-2.536391914E-1,1.180140114E1,1.241835844E1
5.122607480E-1,-2.402393818E0,1.722832322E-1,8.106883049E0,8.457111229E0
5.146362690E-1,-3.397808075E-1,4.498506486E-1,1.137547874E1,1.138943955E1
5.170117890E-1,3.058027267E0,1.483550072E-1,8.997013092E0,9.503672162E0
5.193873100E-1,-5.541777134E0,4.259224236E-1,9.336793900E0,1.086592951E1
5.217628310E-1,4.709074974E0,-2.009970993E-1,1.178225899E1,1.269005176E1
5.241383520E-1,-3.110669374E0,5.407779217E-1,7.700103283E0,8.322277049E0
5.265138730E-1,-2.392822690E-2,1.962114573E-1,1.134676456E1,1.134848614E1
5.288893940E-1,2.411965132E0,-1.866401732E-1,9.035298347E0,9.353556895E0
5.312649140E-1,-4.694717884E0,5.694918036E-1,1.019342422E1,1.123701893E1
5.336404350E-1,4.934000492E0,3.349951655E-2,1.095434189E1,1.201428688E1
5.360159560E-1,-4.173082829E0,6.173482537E-1,7.771887779E0,8.842962106E0
5.383914770E-1,3.924229145E-1,-2.057827413E-1,1.164826107E1,1.165668599E1
5.407669980E-1,2.115255117E0,-2.967100143E-1,9.073583603E0,9.321601817E0
5.431424670E-1,-4.106083870E0,7.561319470E-1,1.045663452E1,1.125934571E1
5.455179870E-1,4.522434711E0,2.871387303E-1,1.025085258E1,1.120780278E1
5.478935080E-1,-5.091926575E0,8.566305041E-1,8.087740898E0,9.595472104E0
5.502690290E-1,1.426122308E0,-7.704889178E-1,1.162911797E1,1.174154431E1
5.526445500E-1,1.646261930E0,-1.866401732E-1,9.245866776E0,9.393139269E0
5.550200710E-1,-4.039084435E0,7.417750359E-1,1.047099209E1,1.124749344E1
5.573955920E-1,4.278367043E0,3.972085714E-1,9.863214493E0,1.075849429E1
5.597711120E-1,-5.551348686E0,7.704889178E-1,8.341380119E0,1.004936554E1
5.621466330E-1,2.579462767E0,-7.034898400E-1,1.192104244E1,1.221719195E1
5.645221540E-1,4.689932466E-1,-6.699903309E-2,8.561519623E0,8.574617297E0
5.668976750E-1,-3.847658873E0,7.896314859E-1,1.087298584E1,1.156070144E1
5.692731960E-1,4.302295208E0,4.785645381E-2,9.638289452E0,1.055502998E1
5.716487170E-1,-5.345565796E0,4.354937077E-1,8.705088615E0,1.022464162E1
5.740242370E-1,2.880958557E0,-2.440679073E-1,1.211725426E1,1.245742117E1
5.763997580E-1,-5.216353536E-1,1.387837082E-1,8.216953278E0,8.234663656E0
5.787752790E-1,-3.708875179E0,6.317051649E-1,1.091127110E1,1.154169153E1
5.811508000E-1,4.599005222E0,-2.775674164E-1,9.700503349E0,1.073907156E1
5.835263210E-1,-5.130211830E0,6.029912829E-1,8.767302513E0,1.017586681E1
5.859018420E-1,2.981456995E0,-2.392822690E-2,1.218425274E1,1.254375036E1
5.882773620E-1,-1.387837172E0,1.435693651E-1,7.877171993E0,7.999783921E0
5.906528830E-1,-2.727817774E0,3.254238665E-1,1.106441212E1,1.140035552E1
5.930284040E-1,4.632504463E0,-1.148554832E-1,9.858428955E0,1.089320480E1
5.954039250E-1,-5.297709465E0,6.460621357E-1,8.642875671E0,1.015787486E1
5.977794460E-1,3.139383316E0,-7.657032460E-2,1.206461143E1,1.246661300E1
6.001549670E-1,-1.914258122E0,-8.135596663E-2,7.948956966E0,8.176608087E0
6.025304870E-1,-1.196411371E0,3.972085714E-1,1.141854954E1,1.148792620E1
6.049060080E-1,3.991228104E0,4.785645381E-2,9.212367058E0,1.003991528E1
6.072815290E-1,-5.469992638E0,8.662018180E-1,9.121439934E0,1.067107265E1
6.096570500E-1,3.751945972E0,-6.077769399E-1,1.161954689E1,1.222539821E1
6.120325710E-1,-2.072184324E0,-5.742774159E-2,8.394021988E0,8.646204425E0
6.144080390E-1,-3.206382394E-1,3.780659735E-1,1.154776192E1,1.155839730E1
6.167835600E-1,3.230310678E0,1.770688742E-1,8.858229637E0,9.430508617E0
6.191590810E-1,-5.474778175E0,9.044869542E-1,9.657432556E0,1.113810111E1
6.215346020E-1,4.642076015E0,-8.231309652E-1,1.128933716E1,1.223419584E1
6.239101230E-1,-2.790031195E0,-2.871387079E-2,8.221738815E0,8.682285857E0
6.262856440E-1,2.488535494E-1,3.589234054E-1,1.189711380E1,1.190512792E1
6.286611640E-1,2.622533560E0,1.914258115E-2,8.638090134E0,9.027438721E0
6.310366850E-1,-4.967499733E0,5.120640397E-1,1.011685371E1,1.128224234E1
6.334122060E-1,4.876572609E0,-5.982056856E-1,1.102612686E1,1.207121717E1
6.357877270E-1,-3.651447296E0,1.244267747E-1,7.963313580E0,8.761444661E0
6.381631960E-1,6.221339107E-1,3.014956415E-1,1.220339584E1,1.222296283E1
6.405387690E-1,2.325823545E0,-1.914258152E-1,8.604590416E0,8.915440271E0
6.429142890E-1,-4.369294167E0,6.795616150E-1,1.025563812E1,1.116828764E1
6.452898100E-1,4.402793884E0,-4.115654826E-1,1.057627583E1,1.146348945E1
6.476653310E-1,-4.378865242E0,4.307080805E-2,8.073383331E0,9.184543229E0
6.500408520E-1,1.536192179E0,4.785645287E-3,1.239960670E1,1.249440498E1
6.524163730E-1,1.756331801E0,-3.828516230E-2,8.647661209E0,8.824296660E0
6.547918940E-1,-4.407579422E0,7.226324677E-1,1.012642574E1,1.106767602E1
6.571674140E-1,4.125226021E0,-2.297109663E-1,1.040877819E1,1.119879102E1
6.595428830E-1,-4.814359188E0,4.785645287E-3,8.059026718E0,9.387544351E0
6.619184560E-1,2.455035925E0,-1.722832322E-1,1.265803146E1,1.289506275E1
6.642939770E-1,9.523434043E-1,4.881358147E-1,8.269595146E0,8.338551338E0
6.666694980E-1,-4.512863636E0,4.881358147E-1,1.004506969E1,1.102305039E1
6.690450190E-1,4.197010994E0,-6.652047038E-1,1.022213840E1,1.107020832E1
6.714205390E-1,-4.555934429E0,2.727817893E-1,8.733802795E0,9.854453800E0
6.737960600E-1,2.895315409E0,4.785645381E-2,1.217946720E1,1.251896812E1
6.761715810E-1,-3.206382394E-1,3.254238665E-1,8.044670105E0,8.057631580E0
6.785471020E-1,-4.086941242E0,7.704889178E-1,1.060977554E1,1.139579216E1
6.809226230E-1,4.622933388E0,-8.135597110E-1,9.887143135E0,1.094481575E1
6.832980920E-1,-4.575077057E0,3.397808075E-1,8.724231720E0,9.856926508E0
6.856736120E-1,3.005385160E0,1.387837082E-1,1.225603771E1,1.261990734E1
6.880491330E-1,-9.379864931E-1,3.541377485E-1,7.771887779E0,7.836291971E0
6.904246540E-1,-3.364308596E0,3.972085714E-1,1.073420238E1,1.125608492E1
6.928001750E-1,4.972285271E0,-5.312066078E-1,1.000678444E1,1.118666778E1
6.951756960E-1,-4.871787071E0,4.115654826E-1,8.575876236E0,9.871643664E0
6.975512170E-1,3.019742250E0,2.009970993E-1,1.235175037E1,1.271711368E1
6.999267370E-1,-1.134197950E0,1.914258152E-1,7.929814339E0,8.012802523E0
7.023022580E-1,-2.287538528E0,4.019941986E-1,1.085384369E1,1.109956552E1
7.046777790E-1,4.546362877E0,-4.642075896E-1,9.796216011E0,1.080975264E1
7.070533000E-1,-5.058426857E0,3.637090325E-1,8.781659126E0,1.014088278E1
7.094288210E-1,3.579662561E0,8.135596663E-2,1.235175037E1,1.286026206E1
7.118043420E-1,-1.153340459E0,1.339980662E-1,8.030312538E0,8.113819640E0
7.141798620E-1,-1.775474429E0,5.982056856E-1,1.091605663E1,1.107566937E1
7.165553830E-1,4.048655987E0,-1.722832322E-1,9.504291534E0,1.033212729E1
7.189309040E-1,-5.288137913E0,8.135596663E-2,8.786444664E0,1.025537085E1
7.213064250E-1,4.455435753E0,-3.110669553E-1,1.254796219E1,1.331912255E1
7.236819460E-1,-1.435693622E0,8.997012973E-1,7.953742504E0,8.132201327E0
7.260574670E-1,-1.885544300E0,5.264209956E-2,1.058584690E1,1.075259053E1
7.284329870E-1,3.890729666E0,-5.455635786E-1,9.537791252E0,1.031527406E1
7.308085080E-1,-4.713860512E0,4.881358147E-1,9.686145782E0,1.078332869E1
7.331840290E-1,4.919643402E0,-2.392822690E-2,1.161476135E1,1.261372844E1
7.355595500E-1,-2.904886723E0,5.359922647E-1,7.867600918E0,8.403856185E0
7.379350710E-1,-1.330409408E0,7.178468257E-2,1.111705399E1,1.119660804E1
7.403105920E-1,3.929014683E0,-4.689932466E-1,9.432506561E0,1.022884603E1
7.426861120E-1,-4.460221291E0,7.034898400E-1,9.978070259E0,1.095218508E1
7.450616330E-1,4.469792843E0,7.178468257E-2,1.117926693E1,1.203994228E1
7.474371540E-1,-3.632304668E0,3.110669553E-1,7.776673794E0,8.588774950E0
7.498126750E-1,-5.599204898E-1,-2.727817893E-1,1.141854954E1,1.143552336E1
7.521881960E-1,3.828516245E0,-3.014956415E-1,9.600004196E0,1.033965748E1
7.545636640E-1,-4.804787636E0,6.987041831E-1,9.705288887E0,1.085204147E1
7.569392370E-1,4.149154663E0,3.541377485E-1,1.103569794E1,1.179523323E1
7.593147060E-1,-4.163511276E0,4.019941986E-1,7.910671711E0,8.948472071E0
7.616902270E-1,6.939185858E-1,-7.369893789E-1,1.151904774E1,1.156343968E1
7.640657480E-1,3.038884640E0,-2.488535494E-1,9.422935486E0,9.903961890E0
7.664412690E-1,-4.838287354E0,8.087740541E-1,1.007378292E1,1.120465271E1
7.688167890E-1,4.197010994E0,1.052841991E-1,1.052363396E1,1.133017465E1
7.711923100E-1,-4.177868366E0,1.004985496E-1,8.221738815E0,9.222888549E0
7.735678310E-1,1.564906001E0,-3.158525825E-1,1.195454216E1,1.206067046E1
7.759433520E-1,1.947757602E0,-1.339980662E-1,8.757730484E0,8.972711875E0
7.783188730E-1,-4.689932346E0,6.556333899E-1,1.038485050E1,1.141360769E1
7.806943940E-1,4.819144726E0,-3.254238665E-1,1.040877819E1,1.147487342E1
7.830699140E-1,-4.130012035E0,2.967100143E-1,8.518448830E0,9.471483870E0
7.854454350E-1,1.875972986E0,-2.057827413E-1,1.199761295E1,1.214513638E1
7.878209560E-1,1.134197950E0,-1.818545163E-1,8.566305161E0,8.642977505E0
7.901964770E-1,-3.972085476E0,3.780659735E-1,1.063370419E1,1.135764331E1
7.925719980E-1,5.297709465E0,-2.488535494E-1,1.040399265E1,1.167778732E1
7.949475190E-1,-4.675575256E0,4.594219327E-1,8.250452042E0,9.494315741E0
7.973230390E-1,2.244467735E0,-3.493520916E-1,1.219861031E1,1.240829463E1
7.996985600E-1,3.828516304E-1,-3.014956415E-1,8.427521706E0,8.441599202E0
8.020740810E-1,-2.780459881E0,3.158525825E-1,1.110748291E1,1.145455790E1
8.044496020E-1,4.905286312E0,-3.349951655E-2,9.757930756E0,1.092154607E1
8.068251230E-1,-5.259424210E0,8.853443861E-1,8.537590981E0,1.006657029E1
8.092006440E-1,2.971885681E0,-7.561319470E-1,1.180618668E1,1.219794589E1
8.115761640E-1,-3.110669553E-1,-4.259224236E-1,8.662017822E0,8.678059997E0
8.139516850E-1,-2.033899307E0,5.790630579E-1,1.118405342E1,1.138222787E1
8.163272060E-1,4.302295208E0,2.153540403E-1,9.178867340E0,1.013941453E1
8.187026750E-1,-5.718846321E0,4.211367965E-1,8.896514893E0,1.058444787E1
8.210782480E-1,3.900300980E0,-7.034898400E-1,1.227996540E1,1.290367374E1
8.234537690E-1,-1.095912814E0,5.742774159E-2,8.216953278E0,8.289912183E0
8.258292370E-1,-1.842473388E0,4.929214716E-1,1.103569794E1,1.119929947E1
8.282048100E-1,3.560520172E0,-2.871387079E-2,9.379864693E0,1.003294523E1
8.305802790E-1,-5.412564754E0,1.100698411E-1,9.207581520E0,1.068117644E1
8.329558000E-1,4.503292084E0,-1.962114573E-1,1.223210907E1,1.303620462E1
8.353312690E-1,-2.636890650E0,3.014956415E-1,7.700103283E0,8.144672031E0
8.377068420E-1,-1.622333765E0,1.674975902E-1,1.119841003E1,1.131655467E1
8.400823620E-1,3.230310678E0,-5.120640397E-1,9.418149948E0,9.969887918E0
8.424578830E-1,-4.699503899E0,5.599204898E-1,9.992427826E0,1.105655741E1
8.448334040E-1,4.139583111E0,-3.828516230E-2,1.108355427E1,1.183143226E1
8.472089250E-1,-3.919443607E0,2.632105052E-1,7.843672752E0,8.772372553E0
8.495844460E-1,-4.067798555E-1,-1.962114573E-1,1.173918819E1,1.174787250E1
8.519599670E-1,2.995813847E0,-3.732803464E-1,9.298508644E0,9.776323533E0
8.543354870E-1,-4.752145767E0,6.317051649E-1,9.992427826E0,1.108289469E1
8.567110080E-1,4.053441525E0,8.135596663E-2,1.071027374E1,1.145194178E1
8.590865290E-1,-4.699503899E0,1.483550072E-1,7.963313580E0,9.247794833E0
8.614620500E-1,1.349551916E0,-2.967100143E-1,1.223210907E1,1.230990737E1
8.638375710E-1,1.899901152E0,-7.657032460E-2,8.829515457E0,9.031933935E0
8.662130920E-1,-4.508078098E0,4.546363056E-1,1.012642574E1,1.109387041E1
8.685886120E-1,4.144368649E0,-2.153540403E-1,1.034656525E1,1.114780612E1
8.709641330E-1,-4.584648132E0,6.699903309E-2,8.494520187E0,9.652997492E0
8.733396540E-1,2.641676188E0,-1.914258115E-2,1.244267750E1,1.272002527E1
8.757151750E-1,3.158525825E-1,9.092725813E-2,8.274380684E0,8.280906129E0
8.780906960E-1,-3.967299938E0,3.158525825E-1,1.049491978E1,1.122419586E1
8.804662170E-1,4.579862595E0,-6.556333899E-1,9.987641335E0,1.100717838E1
8.828417370E-1,-4.388436794E0,3.349951804E-1,8.992227554E0,1.001153113E1
8.852172580E-1,3.072384357E0,3.349951655E-2,1.214118195E1,1.252393576E1
8.875927790E-1,-1.062413216E0,1.818545163E-1,8.020741463E0,8.092841684E0
8.899683000E-1,-2.804388046E0,-2.105683982E-1,1.071506023E1,1.107797126E1
8.923438210E-1,4.953142643E0,-4.785645306E-1,1.017428207E1,1.132601703E1
8.947193420E-1,-4.795216560E0,6.460621357E-1,9.044869423E0,1.025773664E1
8.970948620E-1,3.383451223E0,1.244267747E-1,1.172004509E1,1.219929019E1
8.994703310E-1,-2.287538528E0,-1.100698411E-1,8.020741463E0,8.341297351E0
9.018458520E-1,-9.858429432E-1,-2.392822653E-1,1.128933716E1,1.133482579E1
9.042213730E-1,4.206582069E0,-2.488535494E-1,9.686145782E0,1.056308103E1
9.065968940E-1,-5.130211830E0,7.465606928E-1,9.351150513E0,1.069207380E1
9.089724140E-1,3.814159393E0,-7.178468257E-2,1.135155106E1,1.197541967E1
9.113479350E-1,-2.904886723E0,-1.339980662E-1,8.236095428E0,8.734391236E0
9.137234560E-1,4.067798555E-1,1.818545163E-1,1.161954689E1,1.162808715E1
9.160989770E-1,2.761317253E0,3.349951655E-2,8.934800148E0,9.351825965E0
9.184744980E-1,-5.206781864E0,2.536391914E-1,9.695717812E0,1.100826299E1
9.208500190E-1,4.685146809E0,-2.440679073E-1,1.116012478E1,1.210613707E1
9.232255390E-1,-3.603590965E0,5.407779217E-1,8.140382767E0,8.918752166E0
9.256010600E-1,1.076770186E0,1.914258152E-1,1.172004509E1,1.177096151E1
9.279765810E-1,1.105484009E0,-1.052841991E-1,8.786444664E0,8.856341767E0
9.303521020E-1,-4.048655987E0,8.135596663E-2,1.017906761E1,1.095498295E1
9.327276230E-1,5.053641319E0,-6.221338734E-2,1.051406288E1,1.166570527E1
9.351031440E-1,-4.675575256E0,8.135597110E-1,8.365307808E0,9.617757436E0
9.374786640E-1,1.923829436E0,2.009970993E-1,1.188275719E1,1.203916267E1
9.398541850E-1,-2.871387303E-1,-2.344966233E-1,8.403593063E0,8.411766384E0
9.422297060E-1,-2.617748022E0,3.397808075E-1,1.082991505E1,1.114697787E1
9.446052270E-1,4.613361835E0,9.571290575E-3,9.724431038E0,1.076325964E1
9.469807480E-1,-5.446064472E0,6.939185858E-1,8.719446182E0,1.030387708E1
9.493562690E-1,2.967100143E0,-4.785645287E-3,1.203111267E1,1.239158498E1
9.517317890E-1,-1.196411371E0,-5.742774159E-2,8.169096947E0,8.256442517E0
9.541073100E-1,-1.598405480E0,4.594219327E-1,1.096869946E1,1.109406762E1
9.564828310E-1,3.699303865E0,1.387837082E-1,9.308079720E0,1.001720810E1
9.588583520E-1,-5.541777134E0,2.967100143E-1,9.159725189E0,1.070980374E1
9.612338730E-1,4.311866283E0,-1.196411327E-1,1.183011532E1,1.259198687E1
9.636093940E-1,-2.536391973E0,4.307080805E-1,7.925028801E0,8.332159095E0
9.659849140E-1,-5.838487148E-1,4.354937077E-1,1.126062298E1,1.128415544E1
9.683604350E-1,2.498106956E0,-2.105683982E-1,9.097511292E0,9.436608984E0
9.707359560E-1,-4.503292084E0,-4.307080805E-2,9.906285286E0,1.088191081E1
9.731114250E-1,4.881358147E0,-6.699903309E-2,1.117926693E1,1.219869482E1
9.754868940E-1,-4.096512318E0,7.752745152E-1,7.920242786E0,8.950570347E0
9.778625190E-1,8.422735929E-1,4.163511395E-1,1.179183006E1,1.182920240E1
9.802379870E-1,1.162911773E0,-3.445664644E-1,8.647661209E0,8.732304062E0
9.826135600E-1,-3.416950703E0,-2.536391914E-1,1.016949654E1,1.073119494E1
9.849890290E-1,4.771288395E0,-7.178468257E-2,1.064806080E1,1.166839941E1
9.873645500E-1,-5.048855782E0,8.805587292E-1,8.135597229E0,9.615314381E0
9.897400710E-1,2.455035925E0,2.105683982E-1,1.199282742E1,1.224334308E1
9.921155920E-1,-7.178468257E-2,-9.571290575E-3,8.537590981E0,8.537898125E0
9.944911120E-1,-2.646461725E0,-2.488535494E-1,1.012164021E1,1.046485968E1
9.968666330E-1,4.369294167E0,-1.100698411E-1,1.002114105E1,1.093279996E1
9.992421540E-1,-5.206781864E0,7.992027402E-1,9.016156197E0,1.044223994E1
1.001617675E0,4.077369690E0,0.000000000E0,1.170568848E1,1.239548653E1
1.003993196E0,-1.837687731E0,3.589234054E-1,8.106883049E0,8.320304981E0
1.006368717E0,-1.780260086E0,-4.785645287E-3,1.072463131E1,1.087138747E1
1.008744237E0,4.048655987E0,-3.493520916E-1,9.480362892E0,1.031459853E1
1.011119758E0,-4.709074974E0,6.077769399E-1,9.887143135E0,1.096815296E1
1.013495279E0,4.704289436E0,1.627119333E-1,1.105005455E1,1.201085009E1
1.015870800E0,-3.369094372E0,6.747759581E-1,7.905886173E0,8.620275846E0
1.018246321E0,-6.460621357E-1,-1.244267747E-1,1.109791183E1,1.111739742E1
1.020621789E0,3.579662561E0,-6.987041831E-1,9.379864693E0,1.006399688E1
1.022997362E0,-4.077369690E0,6.125625968E-1,1.029392338E1,1.108896005E1
1.025372883E0,4.627718925E0,2.201396823E-1,1.049013424E1,1.146765714E1
1.027748404E0,-4.527220249E0,7.130611539E-1,7.996813297E0,9.217006147E0
1.030123925E0,9.140582681E-1,-4.594219327E-1,1.153819084E1,1.158345453E1
1.032499446E0,2.694318295E0,-5.120640397E-1,9.231510162E0,9.630282474E0
1.034874967E0,-3.919443607E0,5.790630579E-1,1.023170948E1,1.097202037E1
1.037250487E0,4.579862595E0,2.249253243E-1,1.009292603E1,1.108570650E1
1.039626008E0,-5.134997368E0,3.972085714E-1,8.231309891E0,9.709811282E0
1.042001529E0,2.522035122E0,-5.168496966E-1,1.218903828E1,1.245794722E1
1.044377050E0,1.071984529E0,-2.967100143E-1,8.480163574E0,8.552798484E0
1.046752519E0,-3.641875982E0,6.077769399E-1,1.083470058E1,1.144654490E1
1.049128092E0,4.565505505E0,-4.307080805E-2,9.724431038E0,1.074291649E1
1.051503560E0,-5.000999451E0,3.732803464E-1,8.810373306E0,1.013765316E1
1.053879081E0,3.182454109E0,-4.115654826E-1,1.207418346E1,1.249333049E1
1.056254602E0,-4.259224236E-1,-2.009970993E-1,8.130811691E0,8.144440343E0
1.058630123E0,-3.019742250E0,5.024927258E-1,1.118405342E1,1.159544709E1
1.061005644E0,4.780859470E0,-3.732803464E-1,9.662218094E0,1.078677032E1
1.063381164E0,-5.053641319E0,6.891329288E-1,9.025727272E0,1.036715716E1
1.065756685E0,3.436093330E0,-3.302095234E-1,1.175354481E1,1.224996291E1
1.068132206E0,-1.947757602E0,-3.158525825E-1,7.992027760E0,8.232012527E0
1.070507727E0,-1.416550994E0,2.823530734E-1,1.172961617E1,1.181821625E1
1.072883248E0,4.297509670E0,3.349951655E-2,9.274580956E0,1.022191584E1
1.075258769E0,-5.388636589E0,2.775674164E-1,9.107083321E0,1.058552854E1
1.077634289E0,3.728017569E0,-3.589234054E-1,1.151904774E1,1.211261333E1
1.080009810E0,-2.742174864E0,-1.674975902E-1,8.011170387E0,8.469145730E0
1.082385331E0,3.541377485E-1,3.780659735E-1,1.210289669E1,1.211397770E1
1.084760852E0,2.694318295E0,3.206382394E-1,8.685946465E0,9.099880545E0
1.087136373E0,-5.249852657E0,-1.579262912E-1,9.647860527E0,1.098485805E1
1.089511894E0,4.594219685E0,-3.397808075E-1,1.126062298E1,1.216650876E1
1.091887414E0,-3.220739365E0,3.732803464E-1,8.456234932E0,9.056511994E0
1.094262935E0,1.383051515E0,2.536391914E-1,1.157169056E1,1.165680860E1
1.096638456E0,1.009771109E0,1.674975902E-1,8.724231720E0,8.784071507E0
1.099013977E0,-4.311866283E0,-2.823530734E-1,1.003071213E1,1.092186339E1
1.101389498E0,5.307280540E0,-5.503492355E-1,1.076770210E1,1.201721763E1
1.103765019E0,-4.077369690E0,1.100698471E0,8.623732567E0,9.602356174E0
1.106140539E0,1.971685886E0,0.000000000E0,1.156690502E1,1.173374778E1
1.108516060E0,-3.780659735E-1,-4.259224236E-1,8.551948547E0,8.570890721E0
1.110891581E0,-2.459821701E0,4.785645381E-2,1.080598736E1,1.108252570E1
1.113267102E0,5.235496044E0,-2.009970993E-1,1.005464077E1,1.133784017E1
1.115642623E0,-5.264209747E0,7.992027402E-1,8.609375954E0,1.012284464E1
1.118018144E0,2.938386202E0,7.657032460E-2,1.185882950E1,1.221768446E1
1.120393664E0,-1.143769264E0,-5.168496966E-1,8.173882484E0,8.269685400E0
1.122769185E0,-1.196411371E0,1.722832322E-1,1.133240795E1,1.139669038E1
1.125144706E0,4.369294167E0,-7.657032460E-2,9.437292099E0,1.039995561E1
1.127520227E0,-5.675775528E0,5.455635786E-1,9.092725754E0,1.073264781E1
1.129895696E0,3.948157310E0,-3.589234054E-1,1.162911797E1,1.228629956E1
1.132271269E0,-1.880758643E0,-1.052841991E-1,8.350951195E0,8.560766537E0
1.134646737E0,-3.493520916E-1,1.914258152E-1,1.154776192E1,1.155463093E1
1.137022258E0,3.096312523E0,-3.349951655E-2,8.886942863E0,9.410952498E0
1.139397779E0,-5.350351334E0,2.584248483E-1,9.585647583E0,1.098078697E1
1.141773300E0,4.876572609E0,-4.211367965E-1,1.143769264E1,1.244102607E1
1.144148821E0,-3.373879910E0,3.014956415E-1,8.011170387E0,8.697862740E0
1.146524342E0,4.259224236E-1,1.579262912E-1,1.183968639E1,1.184839755E1
1.148899862E0,1.655833244E0,-4.498506486E-1,8.819944382E0,8.985297337E0
1.151275383E0,-3.976871252E0,7.657032460E-2,1.032263660E1,1.106246783E1
1.153650904E0,4.776073933E0,-2.727817893E-1,1.067198944E1,1.169515501E1
1.156026425E0,-4.646861553E0,5.120640397E-1,8.097311974E0,9.349972892E0
1.158401946E0,1.555334687E0,-2.488535494E-1,1.198325539E1,1.208633128E1
1.160777467E0,4.594219327E-1,-6.652047038E-1,8.642875671E0,8.680602841E0
1.163152987E0,-2.880958557E0,2.679961324E-1,1.090170002E1,1.127913150E1
1.165528508E0,4.402793884E0,-1.339980662E-1,9.863214493E0,1.080210857E1
1.167904029E0,-5.694917679E0,6.221339107E-1,8.590232849E0,1.032527183E1
1.170279550E0,3.101098061E0,-7.322037220E-1,1.195932770E1,1.237652821E1
1.172655071E0,-6.987041831E-1,-3.445664644E-1,8.575876236E0,8.611188466E0
1.175030592E0,-2.019542217E0,2.727817893E-1,1.117926693E1,1.136349285E1
1.177406112E0,3.857230186E0,-7.178468257E-2,9.131011009E0,9.912554656E0
1.179781633E0,-5.613562107E0,3.302095234E-1,9.279366493E0,1.085024241E1
1.182157154E0,4.541577339E0,-4.785645306E-1,1.172961617E1,1.258724927E1
1.184532675E0,-2.464607239E0,-7.178468257E-2,7.982456207E0,8.354582514E0
1.186908196E0,-6.939185858E-1,3.062812984E-1,1.164347458E1,1.166815459E1
1.189283717E0,3.024527788E0,-3.014956415E-1,8.800801277E0,9.310895289E0
1.191659237E0,-4.445864677E0,2.297109663E-1,9.863214493E0,1.082134372E1
1.194034758E0,4.675575256E0,-1.435693651E-1,1.109791183E1,1.204347389E1
1.196410279E0,-3.737588882E0,3.493520916E-1,7.958528042E0,8.799419647E0
1.198785800E0,9.044869542E-1,-3.828516230E-2,1.184925747E1,1.188379001E1
1.201161321E0,2.014756680E0,-4.259224236E-1,8.896514893E0,9.131737601E0
1.203536842E0,-3.340380430E0,4.546363056E-1,1.033220863E1,1.086827359E1
1.205912362E0,4.555934429E0,9.092725813E-2,1.015992451E1,1.113502907E1
1.208287883E0,-4.852644444E0,2.536391914E-1,8.226524353E0,9.554485536E0
1.210663352E0,3.177668571E0,-2.871387303E-1,1.228475189E1,1.269232663E1
1.213038873E0,3.780659735E-1,-4.785645287E-3,8.441878319E0,8.450341196E0
1.215414394E0,-2.555534601E0,3.924229145E-1,1.056191921E1,1.087377075E1
1.217789914E0,4.426722050E0,-2.775674164E-1,9.762716293E0,1.072303787E1
1.220165435E0,-4.809573650E0,9.092725813E-2,8.863015175E0,1.008430982E1
1.222540956E0,4.532006264E0,-1.004985496E-1,1.224646664E1,1.305852694E1
1.224916477E0,-1.837687731E0,2.249253243E-1,7.929814339E0,8.143073317E0
1.227291998E0,-1.253839016E0,5.072783828E-1,1.116491032E1,1.124654018E1
1.229667519E0,3.713660717E0,-5.120640397E-1,9.308079720E0,1.003463171E1
1.232042987E0,-4.264009953E0,-2.057827413E-1,9.647860527E0,1.055013460E1
1.234418560E0,4.603790760E0,-1.627119333E-1,1.157647610E1,1.245938054E1
1.236794081E0,-3.364308596E0,4.115654826E-1,7.886743546E0,8.584211217E0
1.239169602E0,2.249253243E-1,7.657032460E-2,1.164347458E1,1.164589862E1
1.241545123E0,2.608176708E0,-5.934200287E-1,9.226723671E0,9.606620778E0
1.243920644E0,-3.976871252E0,-9.092725813E-2,9.930213928E0,1.069733244E1
1.246296164E0,4.493721008E0,-1.674975902E-1,1.094955635E1,1.183699152E1
1.248671633E0,-4.642076015E0,3.349951804E-1,8.140382767E0,9.376935698E0
1.251047206E0,2.177468538E0,-3.254238665E-1,1.210768223E1,1.230622765E1
1.253422727E0,7.704889178E-1,-2.536391914E-1,8.767302513E0,8.804747547E0
1.255798248E0,-3.522234917E0,-1.627119333E-1,1.032742214E1,1.091275685E1
1.258173769E0,4.378865242E0,-3.684946895E-1,1.021735287E1,1.112225466E1
1.260549289E0,-5.010570526E0,2.967100143E-1,8.786444664E0,1.011906437E1
1.262924810E0,3.570091486E0,-1.100698411E-1,1.207896900E1,1.259599781E1
1.265300331E0,-1.512263894E0,-2.871387079E-2,8.149953842E0,8.289120231E0
1.267675852E0,-2.670390129E0,-5.216353536E-1,1.075813103E1,1.109686758E1
1.270051373E0,4.417150497E0,-7.609176040E-1,9.939785004E0,1.090364802E1
1.272426894E0,-4.546362877E0,9.906286001E-1,9.810572624E0,1.085808895E1
1.274802414E0,3.330809116E0,-1.292124242E-1,1.109312534E1,1.158310904E1
1.277177935E0,-3.139383316E0,-4.163511395E-1,8.063812256E0,8.663379478E0
1.279553404E0,-5.407779217E-1,-6.221338734E-2,1.166740322E1,1.168009457E1
1.281928977E0,3.804588079E0,-4.881358147E-1,9.384650230E0,1.013828521E1
1.284304446E0,-5.034498692E0,5.551348329E-1,9.619147301E0,1.087117043E1
1.286679967E0,3.838087559E0,-5.264209956E-2,1.122712421E1,1.186515931E1
1.289055487E0,-4.034298897E0,-3.110669553E-1,7.915457249E0,8.889701553E0
1.291431008E0,1.469193101E0,-2.297109663E-1,1.238525009E1,1.247420199E1
1.293806529E0,2.201396942E0,-1.339980662E-1,8.666803360E0,8.943018755E0
1.296182050E0,-4.656432629E0,6.460621357E-1,1.016471100E1,1.119915670E1
1.298557571E0,4.345366001E0,-1.483550072E-1,1.040399265E1,1.127596018E1
1.300933092E0,-4.259224415E0,-1.292124242E-1,8.279166222E0,9.311406005E0
1.303308612E0,2.718246460E0,-3.014956415E-1,1.230867958E1,1.260886024E1
1.305684133E0,6.125625968E-1,-1.148554832E-1,8.408378601E0,8.431444444E0
1.308059654E0,-3.833301783E0,2.632105052E-1,1.079641533E1,1.145975856E1
1.310435175E0,5.024927616E0,-5.790630579E-1,1.010728264E1,1.130231719E1
1.312810696E0,-4.369294167E0,4.737788737E-1,8.819944382E0,9.854268965E0
1.315186217E0,3.153740168E0,-2.057827413E-1,1.209332561E1,1.249947791E1
1.317561737E0,-8.662018180E-1,-2.727817893E-1,8.111668587E0,8.162345420E0
1.319937258E0,-2.254039049E0,1.435693540E-2,1.118883896E1,1.141363287E1
1.322312779E0,5.106283665E0,-4.307080805E-1,9.958928108E0,1.119999515E1
1.324688300E0,-4.852644444E0,3.684946895E-1,8.949156761E0,1.018682253E1
1.327063821E0,3.656233072E0,-2.775674164E-1,1.198804188E1,1.253627664E1
1.329439342E0,-1.966900229E0,-3.206382394E-1,8.068597794E0,8.311063455E0
1.331814862E0,-3.924229145E-1,3.349951655E-2,1.180618668E1,1.181275420E1
1.334190383E0,3.986442566E0,-2.249253243E-1,9.068798065E0,9.908855337E0
1.336565904E0,-5.111069202E0,7.513462901E-1,9.609575272E0,1.091015520E1
1.338941425E0,4.177868366E0,-5.551348329E-1,1.126540947E1,1.202797611E1
1.341316946E0,-2.766103029E0,-4.929214716E-1,8.288737297E0,8.751997688E0
1.343692467E0,7.704889178E-1,4.785645381E-2,1.204546928E1,1.207018118E1
1.346067987E0,2.455035925E0,9.571290575E-3,8.638090134E0,8.980194550E0
1.348443508E0,-5.111069202E0,6.460621357E-1,1.000678444E1,1.125505040E1
1.350819029E0,4.876572609E0,-7.274180651E-1,1.088734341E1,1.195175066E1
1.353194550E0,-3.761517286E0,-1.770688742E-1,8.130811691E0,8.960494654E0
1.355570071E0,1.564906001E0,4.307080805E-2,1.222253799E1,1.232238698E1
1.357945592E0,1.115055323E0,-1.196411327E-1,8.336593628E0,8.411685663E0
1.360321112E0,-4.326223373E0,1.339980662E-1,1.045663452E1,1.131703891E1
1.362696633E0,5.000999451E0,-4.115654826E-1,1.070548820E1,1.182314930E1
1.365072102E0,-4.608576298E0,3.589234054E-1,8.059026718E0,9.290625014E0
1.367447623E0,2.120040894E0,0.000000000E0,1.227996540E1,1.246162604E1
1.369823144E0,-8.135596663E-2,-3.254238665E-1,8.293522835E0,8.300303639E0
1.372198664E0,-2.852244616E0,2.632105052E-1,1.091127110E1,1.128097585E1
1.374574185E0,4.536791801E0,-2.440679073E-1,9.868000984E0,1.086367767E1
1.376949706E0,-5.350351334E0,3.062812984E-1,8.408378601E0,9.971002875E0
1.379325227E0,3.215953588E0,-1.483550072E-1,1.239482117E1,1.280609068E1
1.381700748E0,-8.183453679E-1,-9.092725813E-2,8.197810173E0,8.239056289E0
1.384076269E0,-2.024327993E0,2.967100143E-1,1.070070267E1,1.089453892E1
1.386451789E0,3.943371773E0,-3.206382394E-1,9.537791252E0,1.032581482E1
1.388827310E0,-5.321637630E0,1.962114573E-1,8.925228119E0,1.039317194E1
1.391202831E0,4.364508629E0,-2.632105052E-1,1.235175037E1,1.310282232E1
1.393578352E0,-2.062613010E0,3.349951804E-1,7.728816986E0,8.006322889E0
1.395953873E0,-1.249053478E0,5.694918036E-1,1.116491032E1,1.124898564E1
1.398329394E0,3.421736479E0,-5.359922647E-1,9.097511292E0,9.734489198E0
1.400704914E0,-4.819144726E0,-1.722832322E-1,9.437292099E0,1.059793940E1
1.403080435E0,4.910071850E0,-8.614161611E-2,1.208375454E1,1.304351754E1
1.405455956E0,-3.239881754E0,7.752745152E-1,7.503891945E0,8.210132683E0
1.407831477E0,-4.977070987E-1,2.536391914E-1,1.144247818E1,1.145610545E1
1.410206998E0,3.110669374E0,-8.757730722E-1,9.102297783E0,9.658937175E0
1.412582519E0,-4.058227062E0,2.632105052E-1,1.011685371E1,1.090363314E1
1.414958039E0,4.622933388E0,-5.264209956E-2,1.099741268E1,1.192968440E1
1.417333560E0,-4.345366001E0,4.067798555E-1,7.633104324E0,8.792721829E0
1.419709081E0,8.997012973E-1,-4.115654826E-1,1.195932770E1,1.200018198E1
1.422084602E0,2.622533560E0,-4.785645306E-1,9.255437851E0,9.631709926E0
1.424460123E0,-4.101297855E0,5.072783828E-1,1.021735287E1,1.102144614E1
1.426835644E0,4.441078663E0,8.135596663E-2,1.025563812E1,1.117622082E1
1.429211164E0,-4.991427898E0,2.871387079E-2,7.982456207E0,9.414604827E0
1.431586685E0,2.522035122E0,-3.158525825E-1,1.249532032E1,1.275121382E1
1.433962206E0,1.191625714E0,-2.201396823E-1,8.504091263E0,8.589994268E0
1.436337727E0,-4.101297855E0,3.876372576E-1,1.038963604E1,1.117655778E1
1.438713248E0,4.488935471E0,-3.062812984E-1,1.007378292E1,1.103292582E1
1.441088717E0,-4.780859470E0,1.914258152E-1,8.709874153E0,9.937563528E0
1.443464289E0,2.995813847E0,-9.571290761E-2,1.222253799E1,1.258469295E1
1.445839758E0,-4.737788737E-1,0.000000000E0,8.078168869E0,8.092050340E0
1.448215331E0,-3.522234917E0,-8.135596663E-2,1.066720295E1,1.123396530E1
1.450590800E0,4.919643402E0,-5.694918036E-1,1.002114105E1,1.117812507E1
1.452966321E0,-4.871787071E0,6.987041831E-1,9.140582085E0,1.038136492E1
1.455341842E0,3.335594654E0,2.009970993E-1,1.170090294E1,1.216871896E1
1.457717362E0,-1.919043779E0,9.092725813E-2,7.968099594E0,8.196438735E0
1.460092883E0,-2.273181438E0,-5.551348329E-1,1.083948612E1,1.108918338E1
1.462468404E0,4.867001057E0,-3.828516304E-1,1.001635551E1,1.114278477E1
1.464843925E0,-5.067998409E0,1.014556766E0,9.198010445E0,1.055070279E1
1.467219446E0,3.373879910E0,3.014956415E-1,1.148554897E1,1.197463154E1
1.469594967E0,-2.560320139E0,-3.876372576E-1,7.795815945E0,8.214636212E0
1.471970487E0,-7.178468108E-1,-7.178468257E-2,1.145204926E1,1.147475007E1
1.474346008E0,4.187439442E0,-2.823530734E-1,9.513862610E0,1.039845922E1
1.476721529E0,-5.422136307E0,8.039883971E-1,9.150154114E0,1.066636207E1
1.479097050E0,3.838087559E0,-2.823530734E-1,1.168654537E1,1.230390109E1
1.481472519E0,-2.335394859E0,-2.536391914E-1,8.169096947E0,8.500149817E0
1.483848092E0,-1.531406492E-1,2.344966233E-1,1.156690502E1,1.157029526E1
1.486223612E0,3.421736479E0,-2.871387079E-2,8.963513374E0,9.594460747E0
1.488599133E0,-5.474778175E0,2.967100143E-1,9.518648148E0,1.098480293E1
1.490974654E0,4.910071850E0,-3.828516304E-1,1.157169056E1,1.257614422E1
1.493350175E0,-2.919243574E0,3.014956415E-1,7.791030407E0,8.325445181E0
1.495725696E0,2.775674164E-1,1.196411327E-1,1.171525955E1,1.171915799E1
1.498101164E0,2.555534601E0,-4.211367965E-1,8.963513374E0,9.330202855E0
1.500476737E0,-4.469792843E0,3.780659735E-1,1.013121128E1,1.107986570E1
1.502852258E0,5.173282623E0,-1.196411327E-1,1.093041420E1,1.209343300E1
1.505227779E0,-3.991228104E0,3.302095234E-1,7.704888821E0,8.683562163E0
1.507603300E0,8.901300430E-1,-2.344966233E-1,1.202154064E1,1.205673088E1
1.509978821E0,2.134397745E0,-5.264210105E-1,8.810373306E0,9.080498368E0
1.512354342E0,-3.622733593E0,8.374879360E-1,1.075334454E1,1.137804919E1
1.514729862E0,4.699503899E0,1.818545163E-1,9.925428391E0,1.098328442E1
1.517105383E0,-4.895715237E0,-9.571290575E-3,7.810173035E0,9.217750383E0
1.519480904E0,2.110469580E0,-2.584248483E-1,1.258624744E1,1.276457951E1
1.521856425E0,1.603191137E0,-1.770688742E-1,8.642875671E0,8.792091621E0
1.524231894E0,-3.622733593E0,5.168496966E-1,1.005942631E1,1.070436313E1
1.526607467E0,4.402793884E0,-1.722832322E-1,1.015035343E1,1.106543945E1
1.528982935E0,-4.977071285E0,5.742774159E-2,8.207381248E0,9.598731348E0
1.531358456E0,3.354737282E0,-5.742774159E-2,1.276331615E1,1.319696175E1
1.533733977E0,1.244267747E-1,6.747759581E-1,7.977670670E0,8.007123949E0
1.536109498E0,-3.622733593E0,4.785645287E-3,1.016949654E1,1.079550283E1
1.538485019E0,4.541577339E0,-5.216353536E-1,9.963713646E0,1.096237282E1
1.540860539E0,-4.560719967E0,4.881358147E-1,9.164510727E0,1.024825351E1
1.543236060E0,3.771088600E0,2.871387079E-2,1.189711380E1,1.248051483E1
1.545611581E0,-1.765903115E0,1.722832322E-1,8.001599312E0,8.195955519E0
1.547987102E0,-2.622533560E0,-2.871387303E-1,1.071984577E1,1.103971124E1
1.550362623E0,4.642076015E0,-6.556333899E-1,9.906285286E0,1.095961738E1
1.552738144E0,-4.560719967E0,1.411765337E0,9.446864128E0,1.058472909E1
1.555113664E0,3.244667530E0,-2.967100143E-1,1.125105190E1,1.171332887E1
1.557489185E0,-2.603390932E0,-5.455635786E-1,7.896314621E0,8.332290715E0
1.559864706E0,-1.028913736E0,2.823530734E-1,1.182532978E1,1.187336562E1
1.562240227E0,4.460221291E0,-2.392822690E-2,9.078369141E0,1.011488669E1
1.564615748E0,-5.565705299E0,-8.135596663E-2,9.073583603E0,1.064488674E1
1.566991269E0,3.795016766E0,-1.435693651E-1,1.211725426E1,1.269844932E1
1.569366789E0,-2.809173822E0,-8.614161611E-2,7.613961697E0,8.116113027E0
1.571742310E0,2.871387079E-2,2.392822690E-2,1.189232826E1,1.189238700E1
1.574117831E0,3.086741209E0,-2.249253243E-1,9.140582085E0,9.650326603E0
1.576493352E0,-5.249852657E0,5.742774159E-2,9.466006279E0,1.082448732E1
1.578868873E0,4.350151539E0,-2.775674164E-1,1.140419292E1,1.220886884E1
1.581244394E0,-3.278167009E0,4.785645381E-2,8.059026718E0,8.700378200E0
1.583619914E0,9.667003751E-1,1.196411327E-1,1.179661560E1,1.183676321E1
1.585995435E0,1.761117458E0,-2.967100143E-1,8.705088615E0,8.886401934E0
1.588370956E0,-4.699503899E0,-2.584248483E-1,9.944570541E0,1.100211814E1
1.590746477E0,5.087141037E0,-4.163511395E-1,1.112183952E1,1.223714291E1
1.593121998E0,-3.933800459E0,1.091127157E0,8.221738815E0,9.179451709E0
1.595497519E0,1.244267821E0,-2.727817893E-1,1.156690502E1,1.163683394E1
1.597873039E0,9.906286001E-1,-8.422735929E-1,8.848658562E0,8.943686498E0
1.600248560E0,-3.287738323E0,2.919243574E-1,1.085862923E1,1.134919697E1
1.602624081E0,5.273781300E0,-8.135596663E-2,9.891928673E0,1.121024714E1
1.604999602E0,-5.154139996E0,6.269195080E-1,8.346165657E0,9.829377821E0
1.607375123E0,2.349751949E0,-7.704889178E-1,1.202154064E1,1.227324027E1
1.609750592E0,5.072783828E-1,-6.556333899E-1,8.633303642E0,8.673010912E0
1.612126112E0,-2.301895380E0,9.571290612E-1,1.133240795E1,1.160337401E1
1.614501633E0,4.441078663E0,-1.100698411E-1,9.207581520E0,1.022325058E1
1.616877154E0,-5.450850010E0,-2.775674164E-1,8.585447311E0,1.017343182E1
1.619252675E0,3.938585997E0,-1.196411327E-1,1.270588779E1,1.330287030E1
1.621628196E0,-2.249253243E-1,4.977070987E-1,8.054241180E0,8.072738367E0
1.624003717E0,-2.450250387E0,-5.264210105E-1,1.033699417E1,1.063646062E1
1.626379237E0,4.388436794E0,-5.168496966E-1,9.982855797E0,1.091709306E1
1.628754758E0,-4.651647091E0,9.906286001E-1,9.662218094E0,1.076929079E1
1.631130279E0,4.488935471E0,-1.722832322E-1,1.133240795E1,1.219031145E1
1.633505800E0,-2.392822742E0,-2.440679073E-1,8.011170387E0,8.364449820E0
1.635881321E0,-7.178468108E-1,0.000000000E0,1.138983536E1,1.141243416E1
1.638256842E0,3.967299938E0,-4.737788737E-1,9.317651749E0,1.013817387E1
1.640632362E0,-4.704289436E0,4.737788737E-1,9.863214493E0,1.093790682E1
1.643007883E0,4.857429981E0,4.785645381E-2,1.126540947E1,1.226810363E1
1.645383404E0,-3.345165968E0,3.110669553E-1,7.920242786E0,8.603321672E0
1.647758925E0,4.785645381E-2,-5.838487148E-1,1.149990559E1,1.151481646E1
1.650134446E0,3.259024382E0,-6.987041831E-1,9.384650230E0,9.958970198E0
1.652509967E0,-4.086941242E0,1.426122308E0,1.062891865E1,1.147653367E1
1.654885487E0,4.335794449E0,-1.770688742E-1,1.013121128E1,1.102142953E1
1.657261008E0,-4.536791801E0,-6.029912829E-1,7.963313580E0,9.184794037E0
1.659636529E0,2.048256159E0,1.579262912E-1,1.282552910E1,1.298901423E1
1.662012050E0,1.823330879E0,7.657032460E-2,8.403593063E0,8.599463639E0
1.664387571E0,-4.407579422E0,-4.402793646E-1,9.973284721E0,1.091269950E1
1.666763092E0,4.704289436E0,-4.546363056E-1,1.067198944E1,1.167169190E1
1.669138612E0,-4.498506546E0,6.460621357E-1,8.738588333E0,9.849714894E0
1.671514133E0,2.847458839E0,-1.674975902E-1,1.195932770E1,1.229477923E1
1.673889654E0,-3.349951804E-1,-2.009970993E-1,8.446663857E0,8.455693461E0
1.676265175E0,-3.215953588E0,-4.163511395E-1,1.055713367E1,1.104394754E1
1.678640696E0,4.618147850E0,-5.359922647E-1,1.012642574E1,1.114266914E1
1.681016217E0,-4.666004181E0,1.134197950E0,9.322437286E0,1.048645970E1
1.683391737E0,3.010170937E0,-5.359922647E-1,1.160997581E1,1.200583005E1
1.685767206E0,-1.607976794E0,-7.992027402E-1,8.087740898E0,8.284676652E0
1.688142675E0,-1.722832322E0,5.838487148E-1,1.164826107E1,1.178944513E1
1.690518248E0,4.345366001E0,-2.775674164E-1,9.040083885E0,1.003406030E1
1.692893769E0,-5.503491879E0,-2.201396823E-1,9.145368576E0,1.067589110E1
1.695269289E0,4.120440483E0,-1.435693651E-1,1.211246777E1,1.279494108E1
1.697644810E0,-2.756531715E0,1.627119333E-1,7.585247993E0,8.072231996E0
1.700020331E0,-6.173482537E-1,-2.392822690E-2,1.157647610E1,1.159295002E1
1.702395852E0,3.407379389E0,-3.732803464E-1,9.523433685E0,1.012152961E1
1.704771373E0,-4.694717884E0,-1.339980662E-1,9.336793900E0,1.045150955E1
1.707146894E0,4.144368649E0,-8.614161611E-2,1.133240795E1,1.206675938E1
1.709522414E0,-3.804588079E0,2.057827413E-1,7.944170952E0,8.810623650E0
1.711897935E0,1.344766378E0,3.828516230E-2,1.203589821E1,1.211085084E1
1.714273456E0,1.756331801E0,-1.531406492E-1,8.599804878E0,8.778655785E0
1.716648977E0,-4.508078098E0,-2.823530734E-1,1.003071213E1,1.100080348E1
1.719024498E0,4.642076015E0,-3.780659735E-1,1.074377346E1,1.170984508E1
1.721400019E0,-3.900300980E0,1.048056364E0,8.733802795E0,9.622373987E0
1.723775539E0,1.832902193E0,-3.014956415E-1,1.154776192E1,1.169620602E1
1.726151060E0,2.153540403E-1,-6.269195080E-1,8.513663292E0,8.539430196E0
1.728526529E0,-3.268595695E0,3.445664644E-1,1.088255692E1,1.136804684E1
1.730902102E0,5.245067120E0,-4.402793646E-1,9.872786522E0,1.118822992E1
1.733277623E0,-5.154139996E0,7.034898400E-1,8.657232285E0,1.009988752E1
1.735653144E0,3.096312523E0,1.339980662E-1,1.208854008E1,1.247949951E1
1.738028664E0,-1.148554921E0,-5.072783828E-1,7.824530125E0,7.924631312E0
1.740404185E0,-1.933400750E0,-1.196411327E-1,1.119841003E1,1.136471468E1
1.742779706E0,4.862215519E0,-3.206382394E-1,9.987641335E0,1.111291717E1
1.745155227E0,-5.245067120E0,6.460621357E-1,8.719446182E0,1.019592404E1
1.747530748E0,3.651447296E0,-2.201396823E-1,1.183490086E1,1.238734867E1
1.749906269E0,-1.919043779E0,-4.642075896E-1,7.977670670E0,8.218360361E0
1.752281789E0,-3.732803464E-1,2.105683982E-1,1.176790142E1,1.177570300E1
1.754657310E0,3.804588079E0,-1.531406492E-1,9.078369141E0,9.844548175E0
1.757032831E0,-5.268995285E0,7.704889178E-1,9.470791817E0,1.086516738E1
1.759408352E0,4.369294167E0,-5.838487148E-1,1.135633659E1,1.218187144E1
1.761783873E0,-2.627319336E0,-4.450650215E-1,8.159524918E0,8.583631903E0
1.764159394E0,5.072783828E-1,1.435693651E-1,1.208854008E1,1.210003077E1
1.766534914E0,2.699103832E0,1.435693540E-2,8.580661774E0,8.995172266E0
1.768910435E0,-5.120640278E0,5.312066078E-1,9.891928673E0,1.115138512E1
1.771285956E0,5.087141037E0,-6.747759581E-1,1.105005455E1,1.218351477E1
1.773661477E0,-3.637090445E0,-2.919243574E-1,7.948956966E0,8.746402894E0
1.776036998E0,1.330409408E0,2.105683982E-1,1.251924801E1,1.259150106E1
1.778412467E0,1.320838094E0,-1.148554832E-1,8.288737297E0,8.394103349E0
1.780788039E0,-4.101297855E0,3.684946895E-1,1.062413216E1,1.139423611E1
1.783163508E0,4.919643402E0,-2.344966233E-1,1.053799057E1,1.163215909E1
1.785539029E0,-4.704289436E0,-1.483550072E-1,7.848458290E0,9.151537895E0
1.787914550E0,2.139183521E0,-7.657032460E-2,1.270110226E1,1.288021614E1
1.790290071E0,4.977070987E-1,-3.206382394E-1,8.183453560E0,8.204842071E0
1.792665592E0,-3.192025423E0,4.594219327E-1,1.067198944E1,1.114860769E1
1.795041112E0,4.345366001E0,-2.727817893E-1,1.002592659E1,1.093049951E1
1.797416633E0,-5.163711071E0,-5.742774159E-2,8.370093346E0,9.834921077E0
1.799792154E0,3.125026464E0,-1.818545163E-1,1.272503090E1,1.310439899E1
1.802167675E0,-2.440679073E-1,5.503492355E-1,8.188239098E0,8.210341829E0
1.804543196E0,-3.014956474E0,1.435693540E-2,1.038006496E1,1.080906644E1
1.806918717E0,4.230510235E0,-6.173482537E-1,9.920642853E0,1.080266126E1
1.809294237E0,-5.039284706E0,5.024927258E-1,9.073583603E0,1.039118899E1
1.811669758E0,4.268795490E0,-1.196411327E-1,1.196411324E1,1.270342216E1
1.814045279E0,-2.139183521E0,2.919243574E-1,7.872386456E0,8.163075062E0
1.816420800E0,-1.947757602E0,-9.571290575E-3,1.104526901E1,1.121569520E1
1.818796321E0,4.029513359E0,-5.934200287E-1,9.384650230E0,1.023038539E1
1.821171842E0,-4.460221291E0,9.284151793E-1,9.973284721E0,1.096457646E1
1.823547362E0,4.106083870E0,2.679961324E-1,1.098784161E1,1.173304776E1
1.825922883E0,-3.235096216E0,-1.531406492E-1,7.537391186E0,8.203753133E0
1.828298404E0,-5.599204898E-1,4.785645381E-2,1.175354481E1,1.176697143E1
1.830673925E0,3.866801500E0,-5.072783828E-1,9.288937569E0,1.007441543E1
1.833049446E0,-4.766502857E0,7.848458290E-1,9.690931320E0,1.082818924E1
1.835424967E0,4.197010994E0,2.967100143E-1,1.115055370E1,1.191796065E1
1.837800487E0,-4.000799656E0,-2.392822690E-2,7.642675400E0,8.626555379E0
1.840176008E0,8.757730722E-1,-2.632105052E-1,1.209811115E1,1.213262345E1
1.842551529E0,2.890529871E0,-3.014956415E-1,9.102297783E0,9.554992804E0
1.844927050E0,-4.594219685E0,6.939185858E-1,9.939785004E0,1.097213304E1
1.847302571E0,4.254438877E0,-4.785645287E-3,1.060499001E1,1.142655180E1
1.849678092E0,-4.388436794E0,-2.967100143E-1,7.972885132E0,9.105674695E0
1.852053612E0,2.297109842E0,4.785645287E-3,1.270110226E1,1.290715829E1
1.854429133E0,1.143769264E0,1.052841991E-1,8.236095428E0,8.315801873E0
1.856804602E0,-4.407579422E0,7.130611539E-1,1.034177971E1,1.126444052E1
1.859180175E0,4.517649174E0,-5.503492355E-1,1.010249710E1,1.108027464E1
1.861555696E0,-4.412364960E0,-1.244267747E-1,8.432307243E0,9.517786087E0
1.863931164E0,2.732603550E0,9.571290575E-3,1.252881908E1,1.282335843E1
1.866306737E0,-3.972085714E-1,1.914258152E-1,7.877171993E0,7.889502969E0
1.868682206E0,-3.742374659E0,4.929214716E-1,1.070070267E1,1.134695454E1
1.871057727E0,4.867001057E0,-5.886343718E-1,1.004506969E1,1.117754959E1
1.873433248E0,-5.005784988E0,-1.627119333E-1,8.384450912E0,9.766441298E0
1.875808769E0,3.115455151E0,5.742774159E-2,1.265803146E1,1.303591651E1
1.878184289E0,-1.579262972E0,9.092725813E-2,7.551748276E0,7.715649119E0
1.880559810E0,-2.464607239E0,3.158525825E-1,1.124626637E1,1.151748926E1
1.882935331E0,4.488935471E0,-1.627119333E-1,9.738788605E0,1.072478533E1
1.885310852E0,-5.407779217E0,1.531406492E-1,8.528019905E0,1.009924015E1
1.887686373E0,3.531806231E0,-2.153540403E-1,1.226560879E1,1.276578206E1
1.890061894E0,-2.196611166E0,-1.579262912E-1,7.814958572E0,8.119336107E0
1.892437414E0,-1.215553880E0,4.354937077E-1,1.151426220E1,1.158643431E1
1.894812935E0,3.651447296E0,-1.100698411E-1,9.169296265E0,9.870216650E0
1.897188456E0,-5.623133183E0,8.614161611E-2,9.059226990E0,1.066286269E1
1.899563977E0,4.220939159E0,-3.206382394E-1,1.204546928E1,1.276763355E1
1.901939498E0,-2.268395901E0,2.727817893E-1,7.896314621E0,8.220207690E0
1.904315019E0,-6.747759581E-1,5.024927258E-1,1.129412270E1,1.132541518E1
1.906690539E0,3.192025423E0,-6.699903309E-2,9.006584167E0,9.555735112E0
1.909066060E0,-5.307280540E0,-2.344966233E-1,9.178867340E0,1.060536756E1
1.911441581E0,5.120640278E0,-4.019941986E-1,1.206461143E1,1.311249043E1
1.913817102E0,-3.014956474E0,9.236295223E-1,7.714460373E0,8.334023811E0
1.916192623E0,-3.780659735E-1,7.657032460E-2,1.124148083E1,1.124809709E1
1.918568144E0,2.904886723E0,-8.231309652E-1,9.231510162E0,9.712707724E0
1.920943664E0,-4.015156269E0,4.785645306E-1,1.024606609E1,1.101509756E1
1.923319185E0,5.106283665E0,2.871387079E-2,1.081077290E1,1.195607661E1
1.925694706E0,-4.220939159E0,4.881358147E-1,7.810173035E0,8.891198277E0
1.928070227E0,6.364908218E-1,-4.259224236E-1,1.173440266E1,1.175936802E1
1.930445748E0,2.924029350E0,-6.747759581E-1,9.178867340E0,9.656959971E0
1.932821269E0,-3.732803345E0,1.000199914E0,1.056670475E1,1.125119860E1
1.935196789E0,4.350151539E0,1.004985496E-1,1.014078236E1,1.103491664E1
1.937572310E0,-4.646861553E0,-3.876372576E-1,7.853243828E0,9.133292044E0
1.939947831E0,2.110469580E0,-1.148554832E-1,1.266281700E1,1.283799860E1
1.942323352E0,2.407179594E0,2.919243574E-1,8.638090134E0,8.971974955E0
1.944698873E0,-4.541577339E0,1.435693540E-2,9.561718941E0,1.058549007E1
1.947074394E0,4.627718925E0,-4.546363056E-1,1.078205872E1,1.174202993E1
1.949449914E0,-4.302295208E0,2.775674164E-1,8.417949677E0,9.457730409E0
1.951825383E0,2.991028309E0,-1.100698411E-1,1.231346512E1,1.267200809E1
1.954200904E0,4.929214716E-1,4.785645287E-3,8.317451477E0,8.332046180E0
1.956576477E0,-3.972085476E0,-6.699903309E-2,1.045663452E1,1.118584630E1
1.958951946E0,4.819144726E0,-5.838487148E-1,1.019342422E1,1.129030259E1
1.961327467E0,-4.254438877E0,4.402793646E-1,8.997013092E0,9.961944622E0
1.963702987E0,3.077169895E0,1.914258115E-2,1.194497108E1,1.233497771E1
1.966078508E0,-6.508477330E-1,6.699903309E-2,8.135597229E0,8.161864610E0
1.968454029E0,-3.416950703E0,-5.264210105E-1,1.054277611E1,1.109517009E1
1.970829550E0,5.297709465E0,-8.614161611E-1,1.045184898E1,1.174942171E1
1.973205071E0,-4.656432629E0,1.229910851E0,9.006584167E0,1.021340315E1
1.975580592E0,2.660818815E0,-3.541377485E-1,1.156211948E1,1.186962414E1
1.977956112E0,-1.435693622E0,-7.800601721E-1,8.226524353E0,8.387217237E0
1.980331633E0,-1.880758643E0,2.249253243E-1,1.160040379E1,1.175402963E1
1.982707154E0,4.905286312E0,-1.196411327E-1,9.322437286E0,1.053489368E1
1.985082675E0,-5.728417397E0,1.148554832E-1,8.662017822E0,1.038549519E1
1.987458196E0,3.479164124E0,-3.972085714E-1,1.247617722E1,1.295829293E1
1.989833717E0,-1.445264935E0,-3.637090325E-1,7.925028801E0,8.063941746E0
1.992209237E0,-1.320838094E0,1.818545163E-1,1.141376400E1,1.149137472E1
1.994584758E0,4.010370731E0,-2.297109663E-1,9.537791252E0,1.034916917E1
1.996960227E0,-5.584847927E0,7.178468257E-2,8.925228119E0,1.052878798E1
1.999335800E0,4.201796532E0,-4.211367965E-1,1.225125217E1,1.295861220E1
2.001711321E0,-1.799402595E0,3.828516230E-2,7.920242786E0,8.122164813E0
2.004086842E0,-9.619147182E-1,3.158525825E-1,1.131805134E1,1.136324465E1
2.006462362E0,3.397808075E0,-4.594219327E-1,9.102297783E0,9.726664030E0
2.008837883E0,-5.206781864E0,-1.196411327E-1,9.399007797E0,1.074552181E1
2.011213404E0,5.077569485E0,-3.541377485E-1,1.210289669E1,1.312963190E1
2.013588925E0,-2.761317253E0,8.853443861E-1,7.724031448E0,8.250416321E0
2.015964446E0,-7.513462901E-1,-1.196411327E-1,1.109791183E1,1.112395983E1
2.018339967E0,3.192025423E0,-8.518448472E-1,9.269794464E0,9.840922485E0
2.020715487E0,-4.015156269E0,4.354937077E-1,1.022213840E1,1.099105310E1
2.023091008E0,5.039284706E0,-3.828516230E-2,1.076770210E1,1.188861912E1
2.025466529E0,-3.991228104E0,5.886343718E-1,7.800601959E0,8.782128622E0
2.027841998E0,4.402793646E-1,-1.196411327E-1,1.162911797E1,1.163806447E1
2.030217571E0,3.125026464E0,-9.619147182E-1,9.202795982E0,9.766397710E0
2.032593039E0,-3.780659676E0,5.120640397E-1,1.035135078E1,1.103204696E1
2.034968560E0,4.905286312E0,9.571290575E-3,1.054756260E1,1.163241171E1
2.037344133E0,-4.618147850E0,4.785645306E-1,8.011170387E0,9.259328515E0
2.039719602E0,1.536192179E0,-6.795616150E-1,1.176311588E1,1.188244864E1
2.042095123E0,2.904886723E0,-5.694918036E-1,9.336793900E0,9.794815369E0
2.044470644E0,-3.871587038E0,4.737788737E-1,1.014078236E1,1.086504116E1
2.046846164E0,4.694717884E0,4.785645381E-2,1.044706345E1,1.145354971E1
2.049221685E0,-4.694717884E0,-1.579262912E-1,8.063812256E0,9.332222930E0
2.051597206E0,2.761317253E0,-3.445664644E-1,1.263410378E1,1.293693075E1
2.053972727E0,1.641476393E0,-3.493520916E-1,8.360522270E0,8.527298767E0
2.056348248E0,-4.067798615E0,2.105683982E-1,1.030349445E1,1.107940985E1
2.058723769E0,4.776073933E0,-5.072783828E-1,1.045663452E1,1.150692918E1
2.061099289E0,-4.115654945E0,3.158525825E-1,8.652446747E0,9.586616358E0
2.063474810E0,2.876172781E0,-2.009970993E-1,1.210768223E1,1.244623391E1
2.065850331E0,4.211367965E-1,-4.211367965E-1,8.293522835E0,8.314880240E0
2.068225852E0,-3.584448338E0,-5.742774159E-2,1.059063339E1,1.118092498E1
2.070601373E0,5.230710506E0,-6.604190469E-1,1.039442158E1,1.165506266E1
2.072976894E0,-4.642076015E0,5.790630579E-1,8.762516975E0,9.933070397E0
2.075352414E0,3.019742250E0,-2.871387079E-2,1.205025482E1,1.242289455E1
2.077727935E0,-7.657032609E-1,-5.790630579E-1,8.039883614E0,8.096995988E0
2.080103456E0,-2.526820660E0,-2.153540403E-1,1.096869946E1,1.125804458E1
2.082478977E0,5.058426857E0,-4.450650215E-1,1.024606609E1,1.143536775E1
2.084854498E0,-5.163711071E0,5.407779217E-1,8.618947029E0,1.006193822E1
2.087230019E0,3.139383316E0,-4.642075896E-1,1.207896900E1,1.248890341E1
2.089605539E0,-1.253839016E0,-6.173482537E-1,8.159524918E0,8.278349958E0
2.091981060E0,-1.593619823E0,3.732803464E-1,1.149990559E1,1.161579919E1
2.094356581E0,4.283152580E0,-5.742774159E-2,9.288937569E0,1.022903002E1
2.096732102E0,-5.804987907E0,-6.699903309E-2,8.810373306E0,1.055106873E1
2.099107623E0,3.909872293E0,-5.168496966E-1,1.241874981E1,1.302994942E1
2.101483144E0,-1.536192179E0,-8.135596663E-2,8.030312538E0,8.176333204E0
2.103858664E0,-1.282552958E0,2.153540403E-1,1.124148083E1,1.131645751E1
2.106234185E0,3.426522017E0,-5.072783828E-1,9.375079155E0,9.994523183E0
2.108609706E0,-5.374279499E0,-9.571290761E-2,9.284152031E0,1.072788516E1
2.110985227E0,4.694717884E0,-3.924229145E-1,1.217946720E1,1.305885880E1
2.113360696E0,-2.684746981E0,6.843472719E-1,7.781459332E0,8.259982256E0
2.115736269E0,-1.038485050E0,-7.178468257E-2,1.118405342E1,1.123239312E1
2.118111737E0,3.034099102E0,-8.757730722E-1,9.288937569E0,9.811070125E0
2.120487310E0,-4.441078663E0,3.637090325E-1,1.025563812E1,1.118184141E1
2.122862831E0,4.919643402E0,-1.579262912E-1,1.098305607E1,1.203558692E1
2.125238352E0,-4.125226021E0,2.632105052E-1,7.877171993E0,8.895875904E0
2.127613821E0,1.387837082E-1,-4.689932466E-1,1.181575775E1,1.182587615E1
2.129989342E0,2.938386202E0,-7.848458290E-1,9.245866776E0,9.733249657E0
2.132364862E0,-3.900300980E0,9.954141974E-1,1.044706345E1,1.119572828E1
2.134740383E0,4.158725739E0,-8.135596663E-2,1.043749237E1,1.123578504E1
2.137115904E0,-4.603790760E0,-5.264210105E-1,7.771887779E0,9.048438987E0
2.139491425E0,1.933400750E0,6.699903309E-2,1.279681587E1,1.294221866E1
2.141866946E0,2.373680115E0,2.249253243E-1,8.408378601E0,8.739895845E0
2.144242467E0,-4.584648132E0,-5.072783828E-1,9.820143700E0,1.084949548E1
2.146617987E0,4.704289436E0,-3.637090325E-1,1.101177025E1,1.198005456E1
2.148993508E0,-4.192225456E0,7.417750359E-1,8.331808090E0,9.356495633E0
2.151369029E0,2.689532757E0,-1.770688742E-1,1.198804188E1,1.228731410E1
2.153744550E0,3.828516304E-1,-6.364908218E-1,8.513663292E0,8.546002492E0
2.156120071E0,-3.412165165E0,7.657032460E-2,1.051884842E1,1.105870274E1
2.158495592E0,4.862215519E0,-4.211367965E-1,1.029392338E1,1.139224975E1
2.160871112E0,-4.622933388E0,4.354937077E-1,8.671588898E0,9.836545221E0
2.163246633E0,3.215953588E0,1.435693540E-2,1.209332561E1,1.251363608E1
2.165622154E0,-6.364908218E-1,-2.775674164E-1,7.987242222E0,8.017368804E0
2.167997675E0,-2.900100946E0,-2.392822653E-1,1.077727318E1,1.116321901E1
2.170373196E0,5.130211830E0,-7.130611539E-1,1.026999474E1,1.150218768E1
2.172748717E0,-4.642076015E0,1.129412293E0,8.906085968E0,1.010657257E1
2.175124237E0,3.091526747E0,-3.828516230E-2,1.182054424E1,1.221819420E1
2.177499758E0,-1.813759565E0,-6.652047038E-1,7.872386456E0,8.105966294E0
2.179875279E0,-1.478764415E0,0.000000000E0,1.145204926E1,1.154712849E1
2.182250800E0,4.862215519E0,-3.302095234E-1,9.748359680E0,1.089865563E1
2.184626321E0,-5.398207664E0,7.704889178E-1,8.882157326E0,1.042242860E1
2.187001842E0,3.503092289E0,-8.614161611E-2,1.181575775E1,1.232441509E1
2.189377362E0,-2.464607239E0,-6.747759581E-1,7.757531166E0,8.167551728E0
2.191752883E0,-3.110669553E-1,1.387837082E-1,1.192582798E1,1.193069137E1
2.194128404E0,3.881158352E0,-2.871387079E-2,8.973084450E0,9.776525926E0
2.196503925E0,-5.833701611E0,7.609176040E-1,9.269794464E0,1.097907826E1
2.198879446E0,4.144368649E0,-6.508477330E-1,1.149990559E1,1.224121002E1
2.201254967E0,-2.550748825E0,-1.818545163E-1,8.283951759E0,8.669674007E0
2.203630487E0,-4.785645381E-2,2.344966233E-1,1.166261768E1,1.166507309E1
2.206006008E0,2.785245657E0,1.435693540E-2,8.819944382E0,9.249282047E0
2.208381529E0,-5.560919762E0,1.100698411E-1,9.662218094E0,1.114873995E1
2.210756998E0,4.996213913E0,-4.546363056E-1,1.155254745E1,1.259484817E1
2.213132519E0,-3.282952785E0,4.450650215E-1,7.905886173E0,8.571983321E0
2.215508039E0,3.110669553E-1,4.211367965E-1,1.181575775E1,1.182735178E1
2.217883560E0,2.000399828E0,-4.354937077E-1,8.676374435E0,8.914635583E0
2.220259081E0,-4.431507587E0,5.264209956E-2,9.973284721E0,1.091363545E1
2.222634602E0,5.077569485E0,-1.674975902E-1,1.125105190E1,1.234487490E1
2.225010123E0,-4.211368084E0,6.939185858E-1,7.771887779E0,8.866757231E0
2.227385644E0,8.518448472E-1,2.632105052E-1,1.200718403E1,1.204024035E1
2.229761164E0,1.732403636E0,-6.843472719E-1,8.705088615E0,8.902141391E0
2.232136685E0,-3.608376503E0,5.024927258E-1,1.025563812E1,1.088351934E1
2.234512206E0,4.723432064E0,-5.742774159E-2,1.056191921E1,1.157014459E1
2.236887727E0,-5.000999451E0,1.531406492E-1,7.762316704E0,9.235096544E0
2.239263248E0,2.134397745E0,-2.871387079E-2,1.258146191E1,1.276125628E1
2.241638769E0,1.507478237E0,-8.135596663E-2,8.518448830E0,8.651189507E0
2.244014289E0,-3.756731510E0,5.694918036E-1,1.024128056E1,1.092342345E1
2.246389810E0,4.484149456E0,-4.163511395E-1,1.030349445E1,1.124468508E1
2.248765331E0,-4.929214478E0,-4.785645287E-3,8.207381248E0,9.573833361E0
2.251140852E0,3.297309637E0,-8.135596663E-2,1.276810169E1,1.318723968E1
2.253516373E0,2.919243574E-1,5.312066078E-1,8.006384850E0,8.029296274E0
2.255891894E0,-3.900300980E0,-5.264209956E-2,1.026042366E1,1.097685805E1
2.258267414E0,4.704289436E0,-6.508477330E-1,1.017906761E1,1.123242446E1
2.260642935E0,-4.335794449E0,4.977070987E-1,9.006584167E0,1.000826580E1
2.263018456E0,3.574877024E0,0.000000000E0,1.192582798E1,1.245010517E1
2.265393977E0,-1.186840057E0,2.153540403E-1,8.078168869E0,8.167727895E0
2.267769498E0,-3.163311481E0,-1.770688742E-1,1.065284634E1,1.111400144E1
2.270145019E0,5.072783947E0,-8.901300430E-1,1.015992451E1,1.139076531E1
2.272520539E0,-4.522434711E0,1.167697430E0,9.145368576E0,1.026906517E1
2.274896060E0,3.115455151E0,2.871387079E-2,1.156690502E1,1.197915594E1
2.277271581E0,-2.038684845E0,-5.982056856E-1,7.910671711E0,8.191020257E0
2.279647102E0,-1.875972986E0,1.387837082E-1,1.131805134E1,1.147330910E1
2.282022623E0,5.044070244E0,-3.014956415E-1,9.710074425E0,1.094619064E1
2.284398144E0,-5.541777134E0,8.231309652E-1,8.743373871E0,1.038438371E1
2.286773664E0,3.326023579E0,-3.828516230E-2,1.203111267E1,1.248245051E1
2.289149185E0,-2.057827473E0,-6.221339107E-1,7.795815945E0,8.086807204E0
2.291524706E0,-1.215553880E0,2.153540403E-1,1.159083271E1,1.165638673E1
2.293900227E0,4.364508629E0,-4.307080805E-2,9.308079720E0,1.028061957E1
2.296275748E0,-6.082555294E0,1.071984529E0,8.858229637E0,1.079883614E1
2.298651269E0,3.670589924E0,-5.312066078E-1,1.168175983E1,1.225638298E1
2.301026737E0,-1.751546144E0,-4.450650215E-1,8.188239098E0,8.385300012E0
2.303402258E0,-1.071984529E0,4.689932466E-1,1.143769264E1,1.149738746E1
2.305777727E0,3.756731510E0,2.823530734E-1,8.982656479E0,9.740681307E0
2.308153352E0,-6.125626087E0,6.460621357E-1,9.068798065E0,1.096283675E1
2.310528821E0,4.594219685E0,-5.694918036E-1,1.183011532E1,1.270365317E1
2.312904342E0,-2.029113531E0,1.579262912E-1,8.020741463E0,8.274934202E0
2.315279862E0,-1.249053478E0,3.254238665E-1,1.115055370E1,1.122501150E1
2.317655383E0,3.397808075E0,-3.206382394E-1,9.293723106E0,9.900565528E0
2.320030904E0,-5.130211830E0,6.747759581E-1,9.556933403E0,1.086781358E1
2.322406425E0,4.666004181E0,-2.871387079E-2,1.152383423E1,1.243266564E1
2.324781946E0,-3.086741209E0,1.196411327E-1,7.570890903E0,8.176837675E0
2.327157467E0,-9.858429432E-1,1.722832322E-1,1.157647610E1,1.161965433E1
2.329532987E0,3.718446493E0,-6.125625968E-1,9.169296265E0,9.913529707E0
2.331908508E0,-4.733003139E0,8.662018180E-1,9.743574142E0,1.086686990E1
2.334284029E0,4.311866283E0,1.483550072E-1,1.117926693E1,1.198291322E1
2.336659550E0,-3.742374659E0,-8.135596663E-2,7.527820110E0,8.407143539E0
2.339035071E0,-1.196411327E-1,-7.178468257E-2,1.199761295E1,1.199842421E1
2.341410592E0,3.790230989E0,-3.637090325E-1,9.317651749E0,1.006562315E1
2.343786112E0,-4.919643402E0,6.987041831E-1,9.336793900E0,1.057671022E1
2.346161633E0,4.072584152E0,-2.536391914E-1,1.132283688E1,1.203565160E1
2.348537154E0,-3.751945972E0,-2.344966233E-1,7.800601959E0,8.659184614E0
2.350912675E0,9.954141974E-1,6.699903309E-2,1.226560879E1,1.230611625E1
2.353288196E0,2.837887764E0,1.770688742E-1,8.834300995E0,9.280616058E0
2.355663717E0,-5.302495003E0,3.541377485E-1,9.451649666E0,1.084322591E1
2.358039237E0,4.469792843E0,-5.599204898E-1,1.112183952E1,1.199949471E1
2.360414758E0,-3.512663603E0,6.699903309E-2,8.389236450E0,9.095195582E0
2.362790227E0,1.392622828E0,1.100698411E-1,1.190190029E1,1.198360314E1
2.365165800E0,1.612762451E0,-2.153540403E-1,8.585447311E0,8.738265596E0
2.367541321E0,-4.996213913E0,-7.657032460E-2,1.012642574E1,1.129214394E1
2.369916842E0,5.053641319E0,-5.647061467E-1,1.115533924E1,1.225968096E1
2.372292362E0,-3.847658873E0,9.571290612E-1,8.188239098E0,9.097682912E0
2.374667883E0,1.081555843E0,-7.657032460E-2,1.173918819E1,1.178915457E1
2.377043404E0,1.105484009E0,-7.848458290E-1,8.676374435E0,8.781659935E0
2.379418925E0,-4.019941807E0,2.919243574E-1,1.059063339E1,1.133166659E1
2.381794446E0,5.259424210E0,-2.297109663E-1,1.054277611E1,1.178407562E1
2.384169967E0,-5.082355499E0,5.838487148E-1,8.082955360E0,9.565844662E0
2.386545487E0,1.550549030E0,-4.546363056E-1,1.199282742E1,1.210119027E1
2.388921008E0,1.038485050E0,-6.843472719E-1,8.681160927E0,8.769796886E0
2.391296529E0,-3.302095175E0,7.513462901E-1,1.116969585E1,1.167178047E1
2.393671998E0,4.579862595E0,1.004985496E-1,9.662218094E0,1.069316136E1
2.396047571E0,-5.503491879E0,-2.727817893E-1,8.015955925E0,9.727198063E0
2.398423039E0,2.545963287E0,-1.196411327E-1,1.280638695E1,1.305755680E1
2.400798560E0,1.062413216E0,3.349951655E-2,8.317451477E0,8.385096489E0
2.403174081E0,-3.699303865E0,5.024927258E-1,1.029870892E1,1.095448554E1
2.405549602E0,4.369294167E0,-5.168496966E-1,1.027478027E1,1.117716309E1
2.407925123E0,-5.173282623E0,5.742774159E-2,8.389236450E0,9.856238596E0
2.410300644E0,3.474378586E0,-2.775674164E-1,1.264846039E1,1.311990474E1
2.412676164E0,1.435693651E-1,3.445664644E-1,8.030312538E0,8.038983622E0
2.415051685E0,-3.584448338E0,5.168496966E-1,1.044706345E1,1.105696785E1
2.417427206E0,4.713860512E0,-7.609176040E-1,1.005942631E1,1.113514859E1
2.419802727E0,-4.737788677E0,2.488535494E-1,8.819944382E0,1.001498819E1
2.422178248E0,3.919443607E0,-9.571290761E-2,1.225125217E1,1.286329581E1
2.424553769E0,-9.188438654E-1,1.100698411E-1,7.862815380E0,7.917086277E0
2.426929289E0,-3.110669374E0,-7.657032460E-2,1.089691448E1,1.133246982E1
2.429304810E0,5.067998409E0,-7.513462901E-1,1.011685371E1,1.134018775E1
2.431680331E0,-4.307080746E0,1.067198873E0,9.255437851E0,1.026416036E1
2.434055852E0,3.369094372E0,-8.135596663E-2,1.164347458E1,1.212138259E1
2.436431373E0,-1.540977836E0,-6.269195080E-1,7.800601959E0,7.976028566E0
2.438806894E0,-2.072184324E0,1.435693651E-1,1.141376400E1,1.160123134E1
2.441182414E0,5.302495003E0,-4.737788737E-1,9.786644936E0,1.114088591E1
2.443557935E0,-5.359922886E0,7.417750359E-1,8.815158844E0,1.034340510E1
2.445933404E0,3.373879910E0,-5.312066078E-1,1.206461143E1,1.253874376E1
2.448308977E0,-1.646261930E0,-5.407779217E-1,8.087740898E0,8.271285991E0
2.450684498E0,-1.402194023E0,1.435693651E-1,1.163390350E1,1.171897909E1
2.453060019E0,4.560719967E0,-2.871387079E-2,9.274580956E0,1.033532017E1
2.455435539E0,-5.910272121E0,3.637090325E-1,8.695517540E0,1.052024839E1
2.457811060E0,3.842873096E0,-6.125625968E-1,1.205504036E1,1.266755322E1
2.460186581E0,-1.670190215E0,-3.062812984E-1,8.121239662E0,8.296859480E0
2.462562102E0,-1.153340459E0,2.584248483E-1,1.138026428E1,1.144147686E1
2.464937623E0,3.608376503E0,-2.344966233E-1,9.327222824E0,1.000362211E1
2.467313092E0,-5.685346603E0,9.571290575E-3,9.040083885E0,1.067924970E1
2.469688664E0,4.465006828E0,-5.407779217E-1,1.232782269E1,1.312264984E1
2.472064185E0,-1.861616015E0,5.742774606E-1,7.963313580E0,8.198156619E0
2.474439706E0,-1.454836130E0,9.571290761E-2,1.078205872E1,1.088018838E1
2.476815227E0,3.560520172E0,-8.805587292E-1,9.518648148E0,1.020085046E1
2.479190748E0,-5.034498692E0,4.115654826E-1,9.375079155E0,1.064930385E1
2.481566217E0,5.005784988E0,-2.632105052E-1,1.175354481E1,1.277783153E1
2.483941737E0,-3.144168854E0,3.014956415E-1,7.714460373E0,8.336042001E0
2.486317310E0,-9.044869542E-1,-2.201396823E-1,1.126540947E1,1.130380505E1
2.488692831E0,3.919443607E0,-7.752745152E-1,9.327222824E0,1.014692931E1
2.491068300E0,-4.398007870E0,9.140582681E-1,9.968499184E0,1.093384432E1
2.493443821E0,4.603790760E0,1.387837082E-1,1.090170002E1,1.183474603E1
2.495819342E0,-3.574877024E0,-2.967100143E-1,7.489534855E0,8.304270884E0
2.498194862E0,-4.785645381E-2,-9.571290575E-3,1.192104244E1,1.192114234E1
2.500570383E0,4.335794449E0,-5.503492355E-1,9.351150513E0,1.032211285E1
2.502945852E0,-4.675575256E0,7.704889178E-1,9.265008926E0,1.040649065E1
2.505321425E0,4.345366001E0,-2.440679073E-1,1.151426220E1,1.230934640E1
2.507696946E0,-3.292523861E0,-3.637090325E-1,7.680960655E0,8.364816449E0
2.510072467E0,8.327022791E-1,8.614161611E-2,1.226082325E1,1.228936940E1
2.512447987E0,4.024727821E0,5.742774159E-2,8.949156761E0,9.812702926E0
2.514823508E0,-5.154139996E0,2.919243574E-1,9.116654396E0,1.047682043E1
2.517199029E0,4.742574692E0,-5.455635786E-1,1.157647610E1,1.252215849E1
2.519574550E0,-2.842673302E0,-4.785645287E-3,8.092526436E0,8.577283866E0
2.521950071E0,1.263410330E0,7.657032460E-2,1.194975662E1,1.201660318E1
2.524325592E0,2.880958557E0,-2.009970993E-1,8.853444099E0,9.312561112E0
2.526701112E0,-5.024927616E0,-1.004985496E-1,9.600004196E0,1.083605454E1
2.529076633E0,5.168497086E0,-6.364908218E-1,1.175354481E1,1.285551626E1
2.531452154E0,-2.737389088E0,6.508477330E-1,8.221738815E0,8.689872895E0
2.533827675E0,6.317051649E-1,4.785645287E-3,1.145683479E1,1.147423800E1
2.536203196E0,2.407179594E0,-9.284151793E-1,9.016156197E0,9.378035024E0
2.538578717E0,-4.594219685E0,3.014956415E-1,1.002114105E1,1.102819215E1
2.540954185E0,5.484349728E0,-4.498506486E-1,1.140897846E1,1.266669835E1
2.543329758E0,-4.005585194E0,3.493520916E-1,7.958528042E0,8.916553607E0
2.545705279E0,4.019941986E-1,-3.684946895E-1,1.184447193E1,1.185701915E1
2.548080800E0,2.622533560E0,-8.709874153E-1,9.016156197E0,9.430131171E0
2.550456269E0,-4.211368084E0,5.694918036E-1,1.061934662E1,1.143811456E1
2.552831842E0,4.800002098E0,9.571290575E-3,1.055234814E1,1.159276339E1
2.555207362E0,-4.685146809E0,-2.344966233E-1,7.771887779E0,9.077875794E0
2.557582883E0,8.374879360E-1,-1.722832322E-1,1.237567902E1,1.240518032E1
2.559958404E0,2.718246460E0,-6.029912829E-1,8.843872070E0,9.271814035E0
2.562333925E0,-4.713860512E0,6.556333899E-1,9.963713646E0,1.104200732E1
2.564709446E0,4.230510235E0,-3.110669553E-1,1.109312534E1,1.187650662E1
2.567084967E0,-4.589433670E0,-3.158525825E-1,7.709674358E0,8.977847347E0
2.569460435E0,1.244267821E0,-1.196411327E-1,1.247617722E1,1.253864085E1
2.571836008E0,2.627319336E0,1.004985496E-1,8.853444099E0,9.235603893E0
2.574211529E0,-5.230710506E0,4.977070987E-1,9.437292099E0,1.080141319E1
2.576587050E0,4.321437836E0,-6.699903607E-1,1.106919765E1,1.190171621E1
2.578962519E0,-4.264009953E0,6.221338734E-2,8.226524353E0,9.266140206E0
2.581338039E0,1.804188251E0,-9.571290575E-3,1.212682533E1,1.226030503E1
2.583713560E0,1.732403636E0,-5.742774159E-2,8.556734085E0,8.730533690E0
2.586089081E0,-5.101497650E0,7.657032460E-2,1.002114105E1,1.124519494E1
2.588464602E0,4.723432064E0,-4.354937077E-1,1.111226845E1,1.208234147E1
2.590840123E0,-3.613162279E0,5.982056856E-1,8.322237015E0,9.092437551E0
2.593215644E0,1.282552958E0,1.962114573E-1,1.164826107E1,1.172029978E1
2.595591164E0,1.679761529E0,-4.929214716E-1,8.494520187E0,8.673029666E0
2.597966685E0,-4.847858906E0,1.483550072E-1,1.003549862E1,1.114607454E1
2.600342206E0,5.536991596E0,-5.168496966E-1,1.147597694E1,1.275239022E1
2.602717727E0,-3.943371773E0,4.929214716E-1,7.953742504E0,8.891297562E0
2.605093248E0,1.014556766E0,3.589234054E-1,1.207896900E1,1.212681506E1
2.607468769E0,2.019542217E0,-7.130611539E-1,8.489734650E0,8.755718211E0
2.609844289E0,-4.216153622E0,1.004985496E-1,1.011685371E1,1.096069251E1
2.612219810E0,5.474778175E0,-3.493520916E-1,1.126540947E1,1.253015137E1
2.614595331E0,-4.220939159E0,4.402793646E-1,7.867600918E0,8.939201167E0
2.616970852E0,7.992027402E-1,-3.302095234E-1,1.196889877E1,1.200009588E1
2.619346373E0,2.703889608E0,-9.332008362E-1,8.982656479E0,9.427088640E0
2.621721894E0,-3.914657831E0,7.944171429E-1,1.054277611E1,1.127411959E1
2.624097414E0,4.713860512E0,7.178468257E-2,1.054756260E1,1.155321214E1
2.626472935E0,-4.713860512E0,-4.354937077E-1,7.657032490E0,9.002237624E0
2.628848456E0,1.450050473E0,-2.775674164E-1,1.262453270E1,1.271056710E1
2.631223977E0,3.029313564E0,-3.684946895E-1,8.910871506E0,9.418925629E0
2.633599498E0,-4.718646049E0,6.269195080E-1,9.657432556E0,1.076683111E1
2.635975019E0,4.283152580E0,9.571290575E-3,1.117926693E1,1.197169565E1
2.638350539E0,-4.493721008E0,-5.742774606E-1,7.503891945E0,8.765370353E0
2.640726060E0,1.880758643E0,-3.397808075E-1,1.270588779E1,1.284882441E1
2.643101581E0,2.498106956E0,-2.536391914E-1,8.599804878E0,8.958879123E0
2.645477102E0,-5.273781300E0,8.566305041E-1,9.844072342E0,1.120055112E1
2.647852623E0,4.311866283E0,-6.029912829E-1,1.088255692E1,1.172117035E1
2.650228144E0,-3.847658873E0,-2.249253243E-1,8.322237015E0,9.171406606E0
2.652603664E0,1.521835208E0,-7.657032460E-2,1.199761295E1,1.209398867E1
2.654979185E0,2.038684845E0,-1.435693540E-2,8.528019905E0,8.768327407E0
2.657354706E0,-5.589633465E0,2.727817893E-1,9.834501266E0,1.131529175E1
2.659730227E0,4.986642361E0,-6.604190469E-1,1.129890823E1,1.236802663E1
2.662105748E0,-3.603590965E0,4.067798555E-1,8.140382767E0,8.911631124E0
2.664481269E0,8.183453679E-1,2.823530734E-1,1.182054424E1,1.185220142E1
2.666856737E0,1.847259045E0,-5.120640397E-1,8.475378036E0,8.689453862E0
2.669232258E0,-4.991427898E0,3.445664644E-1,9.915857315E0,1.110663337E1
2.671607779E0,5.364708424E0,-2.679961324E-1,1.144726372E1,1.264483155E1
2.673983248E0,-4.063013077E0,4.067798555E-1,7.523034573E0,8.559766019E0
2.676358821E0,3.493520916E-1,4.785645287E-3,1.192104244E1,1.192616127E1
2.678734342E0,2.603390932E0,-5.264210105E-1,8.891729355E0,9.279957669E0
2.681109862E0,-4.383651257E0,7.800601721E-1,1.002114105E1,1.096577221E1
2.683485331E0,4.828716278E0,1.435693540E-2,1.093519974E1,1.195388223E1
2.685860904E0,-4.307080746E0,1.148554832E-1,7.508677483E0,8.657041866E0
2.688236425E0,6.699903607E-1,-2.392822690E-2,1.205504036E1,1.207366795E1
2.690611946E0,3.345165968E0,-3.397808075E-1,9.121439934E0,9.721432652E0
2.692987467E0,-4.575077057E0,7.657032609E-1,9.418149948E0,1.049853228E1
2.695362987E0,4.498506546E0,-2.536391914E-1,1.127498055E1,1.214191419E1
2.697738508E0,-3.838087559E0,8.135596663E-2,7.805387497E0,8.698368173E0
2.700114029E0,1.287338614E0,7.178468257E-2,1.205025482E1,1.211903606E1
2.702489550E0,3.311666489E0,-4.307080805E-2,8.863015175E0,9.461608109E0
2.704865071E0,-4.929214478E0,5.455635786E-1,9.394221306E0,1.062290868E1
2.707240592E0,4.776073933E0,-3.684946895E-1,1.134676456E1,1.231648232E1
2.709616112E0,-3.326023579E0,1.962114573E-1,8.078168869E0,8.738291827E0
2.711991633E0,1.229910851E0,2.297109663E-1,1.177268696E1,1.183898670E1
2.714367154E0,2.737389088E0,-3.828516304E-1,8.767302513E0,9.192685557E0
2.716742675E0,-4.857429981E0,5.216353536E-1,9.743574142E0,1.089972323E1
2.719118196E0,5.067998409E0,-3.972085714E-1,1.138983536E1,1.247279969E1
2.721493717E0,-3.201596737E0,3.780659735E-1,8.049455643E0,8.671037521E0
2.723869237E0,6.460621357E-1,-3.349951655E-2,1.160997581E1,1.162798594E1
2.726244758E0,2.809173822E0,-5.503492355E-1,8.901300430E0,9.350266905E0
2.728620279E0,-4.833501816E0,5.982056856E-1,9.939785004E0,1.106887148E1
2.730995800E0,5.254638672E0,-2.297109663E-1,1.127019501E1,1.243709332E1
2.733371321E0,-3.933800459E0,7.178468257E-2,7.685746193E0,8.634270880E0
2.735746842E0,6.125625968E-1,4.307080805E-2,1.209811115E1,1.211368571E1
2.738122362E0,2.569891453E0,-3.014956415E-1,8.700303078E0,9.076922129E0
2.740497883E0,-4.651647091E0,5.694918036E-1,9.934999466E0,1.098482389E1
2.742873404E0,4.661218643E0,-3.589234054E-1,1.122233772E1,1.215716452E1
2.745248925E0,-4.125226021E0,1.531406492E-1,7.599604607E0,8.648406325E0
2.747624446E0,4.881358147E-1,1.722832322E-1,1.209332561E1,1.210439930E1
2.749999967E0,2.469393015E0,-4.450650215E-1,8.882157326E0,9.229772668E0
2.752375435E0,-4.761716843E0,6.508477330E-1,9.781859398E0,1.089873035E1
2.754750956E0,4.316651821E0,-2.919243574E-1,1.110269737E1,1.191589660E1
2.757126529E0,-4.618147850E0,1.387837082E-1,7.709674358E0,8.988082621E0
2.759501998E0,9.379864931E-1,-1.914258115E-2,1.221775246E1,1.225372026E1
2.761877571E0,2.172683001E0,-3.349951655E-2,8.791230202E0,9.055793841E0
2.764253039E0,-4.962714195E0,3.780659735E-1,9.657432556E0,1.086450503E1
2.766628560E0,4.335794449E0,-3.349951804E-1,1.096869946E1,1.179930943E1
2.769004081E0,-4.551148891E0,3.541377485E-1,7.992027760E0,9.203851231E0
2.771379602E0,1.651047587E0,1.674975902E-1,1.215075302E1,1.226355628E1
2.773755123E0,1.272981644E0,-2.105683982E-1,8.451449394E0,8.549375309E0
2.776130592E0,-4.838287354E0,2.249253243E-1,1.015035343E1,1.124674578E1
2.778506164E0,4.742574692E0,-3.732803464E-1,1.093519974E1,1.192518118E1
2.780881685E0,-4.244867325E0,4.785645306E-1,8.322237015E0,9.354547105E0
2.783257206E0,1.622333765E0,8.614161611E-2,1.195932770E1,1.206917173E1
2.785632727E0,1.048056364E0,-6.173482537E-1,8.331808090E0,8.420128684E0
2.788008248E0,-4.374079704E0,3.254238665E-1,1.041835022E1,1.130400351E1
2.790383769E0,5.197210789E0,-4.307080805E-1,1.098784161E1,1.216261372E1
2.792759289E0,-4.503292084E0,4.833501875E-1,7.996813297E0,9.190336768E0
2.795134810E0,1.713261008E0,-3.732803464E-1,1.214596748E1,1.227188362E1
2.797510331E0,1.229910851E0,-4.402793646E-1,8.556734085E0,8.655878050E0
2.799885852E0,-3.680161238E0,2.919243574E-1,1.065763187E1,1.127891501E1
2.802261373E0,5.106283665E0,-1.914258152E-1,1.047099209E1,1.165128542E1
2.804636894E0,-4.819144726E0,2.632105052E-1,8.082955360E0,9.414223442E0
2.807012414E0,2.210968018E0,-4.546363056E-1,1.225125217E1,1.245745775E1
2.809387935E0,1.239482164E0,-5.264210105E-1,8.676374435E0,8.780256742E0
2.811763456E0,-3.426522017E0,4.977070987E-1,1.057149029E1,1.112408074E1
2.814138977E0,4.680361271E0,-3.206382394E-1,1.039920712E1,1.140842229E1
2.816514498E0,-4.934000492E0,-7.657032460E-2,8.149953842E0,9.527432577E0
2.818890019E0,2.746960402E0,-2.392822653E-1,1.274417305E1,1.303905649E1
2.821265539E0,1.177268744E0,-1.770688742E-1,8.379665375E0,8.463811604E0
2.823641060E0,-3.680161238E0,4.881358147E-1,1.037049294E1,1.101494381E1
2.826016581E0,4.622933388E0,-6.317051649E-1,1.033220863E1,1.133689110E1
2.828392102E0,-4.991427898E0,1.674975902E-1,8.427521706E0,9.796199774E0
2.830767623E0,3.469592810E0,-2.392822653E-1,1.241874981E1,1.289653741E1
2.833143144E0,2.153540403E-1,-3.828516230E-2,8.073383331E0,8.076345803E0
2.835518664E0,-3.771088600E0,1.004985496E-1,1.063370419E1,1.128303478E1
2.837894185E0,4.838287354E0,-4.929214716E-1,1.022692394E1,1.132439709E1
2.840269706E0,-4.642076015E0,5.024927258E-1,8.776873589E0,9.941573249E0
2.842645227E0,3.292523861E0,2.871387079E-2,1.201675510E1,1.245969266E1
2.845020748E0,-6.221339107E-1,-3.828516230E-2,7.934599876E0,7.959044638E0
2.847396269E0,-3.608376503E0,0.000000000E0,1.068634605E1,1.127911224E1
2.849771789E0,5.264209747E0,-6.556333899E-1,1.045184898E1,1.172104546E1
2.852147310E0,-4.819144726E0,7.082754970E-1,8.504091263E0,9.800274398E0
2.854522779E0,2.861815929E0,1.770688742E-1,1.211246777E1,1.244721733E1
2.856898352E0,-9.379864931E-1,-4.689932466E-1,7.762316704E0,7.832836902E0
2.859273821E0,-2.842673302E0,1.292124242E-1,1.098305607E1,1.134570438E1
2.861649342E0,5.249852657E0,-2.679961324E-1,1.030827999E1,1.157123205E1
2.864024862E0,-5.240281582E0,6.939185858E-1,8.154739380E0,9.718119593E0
2.866400383E0,2.665604353E0,-4.307080805E-1,1.220339584E1,1.249855296E1
2.868775904E0,-4.115654826E-1,-3.637090325E-1,8.188239098E0,8.206639381E0
2.871151425E0,-2.522035122E0,3.684946895E-1,1.111705399E1,1.140549599E1
2.873526946E0,4.622933388E0,-2.009970993E-1,9.820143700E0,1.085574204E1
2.875902467E0,-5.613562107E0,1.292124242E-1,8.250452042E0,9.979916546E0
2.878277987E0,3.211168051E0,-3.158525825E-1,1.268674564E1,1.309064086E1
2.880653508E0,-4.307080805E-2,-1.435693651E-1,8.049455643E0,8.050851098E0
2.883029029E0,-2.790031195E0,4.498506486E-1,1.068156052E1,1.104908932E1
2.885404550E0,4.321437836E0,-5.312066078E-1,9.920642853E0,1.083402788E1
2.887780071E0,-5.450850010E0,1.004985496E-1,8.523234367E0,1.011767710E1
2.890155592E0,4.029513359E0,-4.833501875E-1,1.264846039E1,1.328360476E1
2.892531112E0,-4.354937077E-1,-1.435693540E-2,7.910671711E0,7.922662924E0
2.894906633E0,-3.201596737E0,2.249253243E-1,1.084427261E1,1.130924673E1
2.897282154E0,4.594219685E0,-8.374879360E-1,1.008814049E1,1.111660106E1
2.899657675E0,-4.828716278E0,3.397808075E-1,8.896514893E0,1.012817501E1
2.902033196E0,3.905086517E0,-2.344966233E-1,1.211725426E1,1.273312766E1
2.904408717E0,-1.019342422E0,-1.674975902E-1,7.843672752E0,7.911404216E0
2.906784237E0,-3.187239647E0,-7.178468257E-2,1.099741268E1,1.145018495E1
2.909159758E0,5.254638672E0,-7.848458290E-1,1.021256733E1,1.151189567E1
2.911535279E0,-4.747360229E0,5.455635786E-1,8.781659126E0,9.997630008E0
2.913910800E0,3.259024382E0,-2.871387303E-1,1.214118195E1,1.257425893E1
2.916286321E0,-8.231309652E-1,-5.455635786E-1,7.858029366E0,7.919836470E0
2.918661842E0,-2.737389088E0,1.770688742E-1,1.125583744E1,1.158527207E1
2.921037362E0,5.426921844E0,-4.450650215E-1,1.012642574E1,1.149756765E1
2.923412883E0,-5.264209747E0,4.546363056E-1,8.231309891E0,9.781260704E0
2.925788404E0,3.120240688E0,-5.407779217E-1,1.238525009E1,1.278369127E1
2.928163925E0,-3.445664644E-1,-3.158525825E-1,8.106883049E0,8.120347386E0
2.930539446E0,-2.569891453E0,2.392822653E-1,1.098784161E1,1.128690663E1
2.932914967E0,4.953142643E0,-4.019941986E-1,1.006899738E1,1.122853195E1
2.935290487E0,-5.197210789E0,1.100698411E-1,8.226524353E0,9.731331784E0
2.937666008E0,3.278167009E0,-2.009970993E-1,1.261974621E1,1.304012167E1
2.940041529E0,1.052841991E-1,-2.057827413E-1,8.068597794E0,8.071908179E0
2.942417050E0,-2.861815929E0,3.972085714E-1,1.063370419E1,1.101923000E1
2.944792519E0,4.656432629E0,-5.551348329E-1,1.014556789E1,1.117689972E1
2.947168039E0,-5.158925533E0,4.450650215E-1,8.456234932E0,9.915669657E0
2.949543560E0,3.498306751E0,-3.732803464E-1,1.240439224E1,1.289365872E1
2.951919081E0,1.435693651E-1,-4.785645381E-2,8.135597229E0,8.137004650E0
2.954294602E0,-3.125026464E0,1.292124242E-1,1.061934662E1,1.107036625E1
2.956670123E0,4.823930264E0,-3.972085714E-1,1.023170948E1,1.131883195E1
2.959045644E0,-5.034498692E0,4.642075896E-1,8.499305725E0,9.889381354E0
2.961421164E0,3.637090445E0,-1.722832322E-1,1.231346512E1,1.284054250E1
2.963796685E0,-3.637090325E-1,-3.014956415E-1,7.867600918E0,7.881771887E0
2.966172206E0,-3.215953588E0,3.541377485E-1,1.092084217E1,1.139002040E1
2.968547727E0,4.800002098E0,-5.216353536E-1,1.011685371E1,1.120994436E1
2.970923248E0,-4.694717884E0,6.077769399E-1,8.805587769E0,9.997406902E0
2.973298769E0,3.302095175E0,-3.254238665E-1,1.206461143E1,1.251257697E1
2.975674289E0,-4.115654826E-1,-2.823530734E-1,7.872386456E0,7.888192309E0
2.978049810E0,-3.168097258E0,3.158525825E-1,1.110748291E1,1.155477303E1
2.980425331E0,5.230710506E0,-4.354937077E-1,1.014078236E1,1.141864501E1
2.982800852E0,-5.044070244E0,4.929214716E-1,8.432307243E0,9.838161497E0
2.985176373E0,3.177668571E0,-3.349951804E-1,1.229432297E1,1.270276256E1
2.987551842E0,-7.178468108E-1,-1.722832322E-1,7.944170952E0,7.978398189E0
2.989927414E0,-2.660818815E0,1.722832322E-1,1.111705399E1,1.143234567E1
2.992302935E0,4.934000492E0,-4.115654826E-1,1.013121128E1,1.127631097E1
2.994678456E0,-5.297709465E0,1.722832322E-1,8.394021988E0,9.927487709E0
2.997053977E0,3.211168051E0,-1.579262912E-1,1.246660614E1,1.287450231E1
2.999429498E0,-7.513462901E-1,-2.871387303E-1,7.987242222E0,8.027640264E0
3.001805019E0,-2.402393818E0,2.536391914E-1,1.106441212E1,1.132506267E1
3.004180539E0,4.460221291E0,-6.652047038E-1,9.891928673E0,1.087135337E1
3.006556060E0,-5.407779217E0,3.780659735E-1,8.719446182E0,1.026721733E1
3.008931581E0,3.589233875E0,-3.828516304E-1,1.224168110E1,1.276275563E1
3.011307102E0,-8.614161611E-1,-7.657032460E-2,8.154739380E0,8.200467985E0
3.013682623E0,-2.569891453E0,-8.614161611E-2,1.085862923E1,1.115892428E1
3.016058144E0,4.465006828E0,-6.029912829E-1,9.987641335E0,1.095686378E1
3.018433664E0,-5.513063431E0,4.259224236E-1,8.867800713E0,1.045051041E1
3.020809185E0,4.144368649E0,-3.254238665E-1,1.220339584E1,1.289203484E1
3.023184706E0,-1.674975872E0,-2.057827413E-1,7.834101200E0,8.013802613E0
3.025560227E0,-2.340180635E0,-5.742774159E-2,1.124626637E1,1.148730824E1
3.027935748E0,4.445864677E0,-5.264210105E-1,9.863214493E0,1.083170494E1
3.030311269E0,-5.134997368E0,5.168496966E-1,8.973084450E0,1.035140455E1
3.032686737E0,3.909872293E0,-3.876372576E-1,1.199282742E1,1.262003460E1
3.035062310E0,-1.986042738E0,-3.445664644E-1,7.728816986E0,7.987346481E0
3.037437831E0,-2.081755638E0,1.818545163E-1,1.144247818E1,1.163172749E1
3.039813300E0,4.637290478E0,-6.173482537E-1,9.676574707E0,1.074810122E1
3.042188821E0,-5.225924492E0,6.891329288E-1,8.987442017E0,1.041917967E1
3.044564342E0,3.775874138E0,-4.067798555E-1,1.191625690E1,1.250679311E1
3.046939862E0,-2.287538528E0,-1.435693651E-1,7.795815945E0,8.125773251E0
3.049315383E0,-1.339980721E0,1.148554832E-1,1.162433243E1,1.170187355E1
3.051690904E0,4.517649174E0,-2.871387303E-1,9.556933403E0,1.057480869E1
3.054066373E0,-5.412564754E0,4.067798555E-1,8.776873589E0,1.031963357E1
3.056441946E0,4.043870449E0,-2.201396823E-1,1.196411324E1,1.263096810E1
3.058817467E0,-2.392822742E0,-1.435693540E-2,7.824530125E0,8.182241653E0
3.061192987E0,-5.790630579E-1,3.397808075E-1,1.148554897E1,1.150515538E1
3.063568508E0,3.790230989E0,-4.498506486E-1,9.241081238E0,9.998289804E0
3.065944029E0,-5.321637630E0,5.024927258E-1,9.111868858E0,1.056401818E1
3.068319550E0,4.479363918E0,-1.962114573E-1,1.184925747E1,1.266917924E1
3.070695071E0,-2.421536446E0,2.584248483E-1,7.877171993E0,8.245026426E0
3.073070592E0,-5.120640397E-1,2.201396823E-1,1.129890823E1,1.131264772E1
3.075446112E0,3.589233875E0,-4.833501875E-1,9.140582085E0,9.831910702E0
3.077821633E0,-5.082355499E0,7.034898400E-1,9.312865257E0,1.063271812E1
3.080197154E0,5.010570526E0,-2.632105052E-1,1.163868904E1,1.267415399E1
3.082572675E0,-2.991028309E0,2.967100143E-1,7.637889862E0,8.208023436E0
3.084948196E0,-1.770688742E-1,-2.392822690E-2,1.161954689E1,1.162092061E1
3.087323717E0,3.594019651E0,-3.972085714E-1,9.207581520E0,9.892133711E0
3.089699237E0,-4.713860512E0,5.742774606E-1,9.523433685E0,1.064171343E1
3.092074758E0,4.905286312E0,-1.244267747E-1,1.142333508E1,1.243261437E1
3.094450279E0,-3.402593851E0,-1.052841991E-1,7.676175117E0,8.397165838E0
3.096825800E0,2.488535494E-1,9.571290761E-2,1.196889877E1,1.197186815E1
3.099201321E0,3.584448338E0,-5.551348329E-1,9.073583603E0,9.771712438E0
3.101576842E0,-4.642076015E0,6.843472719E-1,9.585647583E0,1.067248052E1
3.103952362E0,4.618147850E0,-4.211367965E-1,1.131326580E1,1.222679962E1
3.106327883E0,-3.608376503E0,3.349951655E-2,7.862815380E0,8.651321801E0
3.108703404E0,6.699903607E-1,1.914258115E-2,1.207418346E1,1.209277304E1
3.111078925E0,3.287738323E0,-3.684946895E-1,9.030512810E0,9.617441095E0
3.113454446E0,-4.819144726E0,2.201396823E-1,9.509077072E0,1.066279345E1
3.115829967E0,4.560719967E0,-3.110669553E-1,1.130369377E1,1.219304811E1
3.118205487E0,-3.900300980E0,6.699903309E-2,8.054241180E0,8.949169659E0
3.120581008E0,1.316052437E0,-1.004985496E-1,1.213639641E1,1.220795690E1
3.122956529E0,2.407179594E0,-3.972085714E-1,8.733802795E0,9.068164065E0
3.125332050E0,-4.814359188E0,3.014956415E-1,9.944570541E0,1.105275700E1
3.127707571E0,4.675575256E0,-3.254238665E-1,1.108355427E1,1.203378909E1
3.130083039E0,-3.881158352E0,1.531406492E-1,8.240880966E0,9.110376573E0
3.132458612E0,1.402194023E0,-1.196411327E-1,1.193061352E1,1.201332598E1
3.134834133E0,1.765903115E0,-4.737788737E-1,8.595019341E0,8.787333936E0
3.137209654E0,-4.747360229E0,4.737788737E-1,1.024128056E1,1.129804067E1
3.139585123E0,4.948357105E0,-4.498506486E-1,1.097348499E1,1.204599421E1
3.141960644E0,-4.268795490E0,3.254238665E-1,8.140382767E0,9.197518536E0
3.144336164E0,1.445264935E0,-2.536391914E-1,1.205025482E1,1.213926542E1
3.146711685E0,1.316052437E0,-2.727817893E-1,8.504091263E0,8.609644135E0
3.149087206E0,-4.331008911E0,3.637090325E-1,1.036570740E1,1.124000944E1
3.151462727E0,5.024927616E0,-3.062812984E-1,1.081555843E1,1.192979505E1
3.153838248E0,-4.823930264E0,1.627119333E-1,7.948956966E0,9.299607261E0
3.156213769E0,1.823330879E0,-7.657032460E-2,1.230389404E1,1.243849698E1
3.158589289E0,9.619147182E-1,-3.302095234E-1,8.346165657E0,8.407901012E0
3.160964810E0,-3.699303865E0,5.503492355E-1,1.053320503E1,1.117748369E1
3.163340331E0,4.704289436E0,-3.541377485E-1,1.041835022E1,1.143668544E1
3.165715852E0,-5.020142078E0,3.637090325E-1,8.068597794E0,9.509804472E0
3.168091373E0,2.459821701E0,0.000000000E0,1.238046455E1,1.262246511E1
3.170466894E0,7.082754970E-1,-1.339980662E-1,8.226524353E0,8.258045325E0
3.172842414E0,-3.522234917E0,3.397808075E-1,1.041356373E1,1.099835894E1
3.175217935E0,4.599005222E0,-3.732803464E-1,1.035135078E1,1.133316594E1
3.177593456E0,-5.034498692E0,5.168496966E-1,8.346165657E0,9.760727015E0
3.179968977E0,3.215953588E0,-1.866401732E-1,1.227996540E1,1.269546148E1
3.182344498E0,9.571290761E-2,-9.571290575E-3,8.130811691E0,8.131380653E0
3.184720019E0,-3.268595695E0,1.483550072E-1,1.069591713E1,1.118518530E1
3.187095539E0,4.766502857E0,-2.775674164E-1,1.009771156E1,1.116961826E1
3.189471060E0,-4.972285271E0,4.785645306E-1,8.705088615E0,1.003649404E1
3.191846581E0,3.651447296E0,-1.722832322E-1,1.213639641E1,1.267497008E1
3.194222102E0,-7.848458290E-1,-2.727817893E-1,7.886743546E0,7.930391960E0
3.196597623E0,-2.971885681E0,2.584248483E-1,1.113141060E1,1.152420018E1
3.198973144E0,4.967499733E0,-6.173482537E-1,9.982855797E0,1.116756833E1
3.201348664E0,-4.905286312E0,6.364908218E-1,8.757730484E0,1.005807127E1
3.203724185E0,3.421736479E0,-3.445664644E-1,1.211725426E1,1.259582698E1
3.206099706E0,-1.249053478E0,-2.584248483E-1,7.743174076E0,7.847525901E0
3.208475227E0,-2.455035925E0,1.387837082E-1,1.137069321E1,1.163353456E1
3.210850748E0,5.000999451E0,-5.359922647E-1,9.982855797E0,1.117831352E1
3.213226269E0,-5.355136871E0,4.498506486E-1,8.599804878E0,1.014083332E1
3.215601789E0,3.450450182E0,-4.115654826E-1,1.208375454E1,1.257346875E1
3.217977310E0,-1.674975872E0,-2.153540403E-1,8.006384850E0,8.182549718E0
3.220352831E0,-1.641476393E0,1.244267747E-1,1.140897846E1,1.152712958E1
3.222728352E0,4.374079704E0,-3.637090325E-1,9.528220177E0,1.049055943E1
3.225103873E0,-5.575276852E0,2.775674164E-1,8.796015739E0,1.041780440E1
3.227479394E0,3.900300980E0,-3.158525825E-1,1.217468166E1,1.278807977E1
3.229854862E0,-1.794616938E0,-1.722832322E-1,7.987242222E0,8.188184767E0
3.232230435E0,-1.349551916E0,2.201396823E-1,1.125105190E1,1.133383963E1
3.234605904E0,3.838087559E0,-5.838487148E-1,9.336793900E0,1.011175137E1
3.236981425E0,-5.522634506E0,4.498506486E-1,9.126225471E0,1.067660287E1
3.239356946E0,4.450650215E0,-3.972085714E-1,1.201675510E1,1.282062655E1
3.241732467E0,-2.100898266E0,1.770688742E-1,7.843672752E0,8.122088965E0
3.244107987E0,-1.392622828E0,-1.148554832E-1,1.128455162E1,1.137073856E1
3.246483508E0,3.948157310E0,-4.546363056E-1,9.422935486E0,1.022674697E1
3.248859029E0,-5.173282623E0,5.886343718E-1,9.226723671E0,1.059442180E1
3.251234550E0,4.800002098E0,-2.249253243E-1,1.184447193E1,1.278210182E1
3.253610071E0,-2.924029350E0,-1.435693540E-2,7.575676441E0,8.120408075E0
3.255985592E0,-9.954141974E-1,5.264209956E-2,1.157169056E1,1.161454446E1
3.258361112E0,4.034298897E0,-4.307080805E-1,9.346364975E0,1.018899481E1
3.260736633E0,-4.895715237E0,7.513462901E-1,9.379864693E0,1.060728102E1
3.263112154E0,4.364508629E0,-3.110669553E-1,1.145683479E1,1.226396191E1
3.265487675E0,-3.010170937E0,-4.785645287E-3,7.752745152E0,8.316622473E0
3.267863196E0,-6.317051649E-1,2.009970993E-1,1.187318611E1,1.189167775E1
3.270238717E0,4.235296249E0,-4.307080805E-1,9.116654396E0,1.006164157E1
3.272614237E0,-5.111069202E0,4.929214716E-1,9.250652313E0,1.058019698E1
3.274989758E0,4.350151539E0,-3.493520916E-1,1.172004509E1,1.250621134E1
3.277365279E0,-3.187239647E0,7.178468257E-2,7.819744587E0,8.444646530E0
3.279740800E0,4.785645287E-3,-4.785645287E-3,1.189232826E1,1.189233019E1
3.282116321E0,3.775874138E0,-3.445664644E-1,9.169296265E0,9.922295377E0
3.284491842E0,-5.149354458E0,4.259224236E-1,9.317651749E0,1.065438386E1
3.286867362E0,4.421936035E0,-1.866401732E-1,1.164826107E1,1.246075194E1
3.289242883E0,-3.172882795E0,-5.742774159E-2,7.953742504E0,8.563439905E0
3.291618404E0,4.450650215E-1,5.742774159E-2,1.171047401E1,1.171906918E1
3.293993925E0,3.010170937E0,-4.689932466E-1,9.001798630E0,9.503339534E0
3.296369446E0,-5.201996326E0,4.929214716E-1,9.600004196E0,1.092995050E1
3.298744967E0,4.747360229E0,-4.594219327E-1,1.148076344E1,1.243207250E1
3.301120487E0,-3.153740168E0,1.818545163E-1,8.106883049E0,8.700614971E0
3.303496008E0,3.302095234E-1,-1.818545163E-1,1.165304661E1,1.165914253E1
3.305871529E0,2.785245657E0,-3.972085714E-1,8.939585686E0,9.371849351E0
3.308247050E0,-5.053641319E0,4.211367965E-1,9.829715729E0,1.106073949E1
3.310622571E0,5.192425251E0,-4.498506486E-1,1.138504982E1,1.252130205E1
3.312998092E0,-3.938585997E0,4.785645381E-2,7.848458290E0,8.781403500E0
3.315373612E0,5.407779217E-1,-1.339980662E-1,1.201675510E1,1.202966332E1
3.317749133E0,2.431107759E0,-4.498506486E-1,8.652446747E0,8.998749094E0
3.320124654E0,-4.479363918E0,4.450650215E-1,1.014078236E1,1.109496511E1
3.322500175E0,4.780859470E0,-3.732803464E-1,1.098305607E1,1.198430124E1
3.324875696E0,-4.273581028E0,6.221338734E-2,7.819744587E0,8.911552654E0
3.327251217E0,1.086341500E0,-6.699903309E-2,1.223210907E1,1.228043643E1
3.329626685E0,2.330609322E0,-5.072783828E-1,8.638090134E0,8.961343221E0
3.332002258E0,-4.321437836E0,5.120640397E-1,1.002114105E1,1.092521407E1
3.334377727E0,4.565505505E0,-4.594219327E-1,1.076291656E1,1.170022572E1
3.336753248E0,-4.488935471E0,1.531406492E-1,8.106883049E0,9.267985028E0
3.339128821E0,1.981257200E0,-1.818545163E-1,1.222732353E1,1.238813513E1
3.341504289E0,1.875972986E0,-1.052841991E-1,8.537590981E0,8.741900203E0
3.343879810E0,-4.259224415E0,3.062812984E-1,9.968499184E0,1.084461972E1
3.346255331E0,4.661218643E0,-4.785645306E-1,1.064327526E1,1.162907097E1
3.348630852E0,-4.479363918E0,1.818545163E-1,8.183453560E0,9.330953024E0
3.351006373E0,2.943171740E0,-3.828516230E-2,1.235653591E1,1.270227166E1
3.353381894E0,7.657032609E-1,-4.785645287E-3,8.092526436E0,8.128672001E0
3.355757414E0,-4.086941242E0,1.339980662E-1,1.036570740E1,1.114311151E1
3.358132935E0,5.168497086E0,-5.312066078E-1,1.062891865E1,1.183086870E1
3.360508456E0,-4.240081787E0,4.019941986E-1,8.451449394E0,9.463978538E0
3.362883977E0,2.837887764E0,-1.387837082E-1,1.185404301E1,1.218979916E1
3.365259498E0,1.387837082E-1,-3.780659735E-1,8.078168869E0,8.088201721E0
3.367635019E0,-3.570091486E0,2.105683982E-1,1.086341476E1,1.143694332E1
3.370010539E0,5.527420521E0,-4.642075896E-1,1.037527943E1,1.176496024E1
3.372386060E0,-4.737788677E0,6.317051649E-1,8.283951759E0,9.563971441E0
3.374761581E0,2.732603550E0,-3.828516304E-1,1.197368431E1,1.228750640E1
3.377137102E0,-1.722832322E-1,-3.254238665E-1,8.154739380E0,8.163048239E0
3.379512623E0,-2.751745939E0,2.488535494E-1,1.105962658E1,1.139953393E1
3.381888144E0,5.245067120E0,-2.632105052E-1,9.987641335E0,1.128419196E1
3.384263664E0,-5.326423168E0,4.211367965E-1,8.212167740E0,9.797338361E0
3.386639185E0,2.991028309E0,-4.642075896E-1,1.218425274E1,1.255459095E1
3.389014706E0,-3.206382394E-1,-3.397808075E-1,8.216953278E0,8.230223633E0
3.391390227E0,-2.316252232E0,3.972085714E-1,1.114576817E1,1.139082732E1
3.393765748E0,4.627718925E0,-1.627119333E-1,9.748359680E0,1.079225528E1
3.396141269E0,-5.685346603E0,3.876372576E-1,8.422736168E0,1.016936149E1
3.398516789E0,3.570091486E0,-6.843472719E-1,1.227039433E1,1.279751778E1
3.400892310E0,-2.823530734E-1,-1.531406492E-1,8.379665375E0,8.385819406E0
3.403267831E0,-2.426322222E0,4.211367965E-1,1.087777138E1,1.115304021E1
3.405643352E0,4.101297855E0,-4.067798555E-1,9.585647583E0,1.043411489E1
3.408018873E0,-5.426921844E0,1.579262912E-1,8.882157326E0,1.041004996E1
3.410394394E0,4.522434711E0,-2.871387303E-1,1.252881908E1,1.332314422E1
3.412769862E0,-1.354337573E0,1.196411327E-1,7.690532207E0,7.809790644E0
3.415145435E0,-2.416750908E0,6.460621357E-1,1.109791183E1,1.137636710E1
3.417520904E0,4.063013077E0,-7.657032609E-1,9.494720459E0,1.035587241E1
3.419896425E0,-4.800002098E0,2.297109663E-1,9.198010445E0,1.037767717E1
3.422271998E0,4.474578381E0,-1.674975902E-1,1.207418346E1,1.287772548E1
3.424647467E0,-1.923829436E0,3.062812984E-1,7.590033531E0,7.836040897E0
3.427022935E0,-2.517249346E0,5.742774159E-2,1.124626637E1,1.152468435E1
3.429398508E0,4.943571568E0,-6.317051649E-1,1.000678444E1,1.117916303E1
3.431774029E0,-4.646861553E0,6.939185858E-1,8.824729919E0,9.997534869E0
3.434149550E0,3.976871252E0,-1.292124242E-1,1.182054424E1,1.247226792E1
3.436525071E0,-2.249253273E0,-1.292124242E-1,7.848458290E0,8.165423055E0
3.438900592E0,-1.473978758E0,5.742774159E-2,1.154776192E1,1.164159425E1
3.441276112E0,5.192425251E0,-3.014956415E-1,9.762716293E0,1.106177242E1
3.443651633E0,-5.292923450E0,6.173482537E-1,8.599804878E0,1.011695614E1
3.446027154E0,3.771088600E0,-4.450650215E-1,1.205504036E1,1.263895526E1
3.448402675E0,-1.904686809E0,-1.818545163E-1,8.049455643E0,8.273731869E0
3.450778196E0,-7.513462901E-1,2.967100143E-1,1.160519028E1,1.163327123E1
3.453153717E0,4.421936035E0,-1.531406492E-1,9.312865257E0,1.031050094E1
3.455529237E0,-5.589633465E0,8.231309652E-1,8.958727837E0,1.059152262E1
3.457904758E0,4.067798615E0,-8.709874153E-1,1.174397373E1,1.245899369E1
3.460280279E0,-1.564906001E0,-2.153540403E-1,8.494520187E0,8.640149383E0
3.462655800E0,-7.513462901E-1,2.344966233E-1,1.157647610E1,1.160320252E1
3.465031321E0,3.866801500E0,-7.178468257E-2,8.997013092E0,9.793035865E0
3.467406842E0,-5.814558983E0,5.120640397E-1,9.102297783E0,1.081309996E1
3.469782362E0,4.704289436E0,-8.279166222E-1,1.208854008E1,1.299802240E1
3.472157883E0,-1.966900229E0,-1.435693540E-2,8.039883614E0,8.276994089E0
3.474533404E0,-1.158126116E0,2.823530734E-1,1.142333508E1,1.148536302E1
3.476908925E0,3.503092289E0,-6.269195080E-1,9.126225471E0,9.795543630E0
3.479284446E0,-5.230710506E0,1.962114573E-1,9.590433121E0,1.092589762E1
3.481659967E0,4.804787636E0,-2.775674164E-1,1.198804188E1,1.291805620E1
3.484035487E0,-2.900100946E0,2.440679073E-1,7.647460938E0,8.182530992E0
3.486411008E0,-1.651047587E0,-1.962114573E-1,1.140897846E1,1.152949464E1
3.488786529E0,4.077369690E0,-7.322037220E-1,9.628718376E0,1.048204577E1
3.491162050E0,-4.938786030E0,6.412764788E-1,9.418149948E0,1.065384397E1
3.493537571E0,4.268795490E0,-1.483550072E-1,1.160997581E1,1.237077858E1
3.495913039E0,-3.641875982E0,-1.244267747E-1,7.757531166E0,8.570766155E0
3.498288612E0,-7.896314859E-1,-1.483550072E-1,1.169133186E1,1.171890643E1
3.500664133E0,4.220939159E0,-4.402793646E-1,9.533005714E0,1.043495909E1
3.503039654E0,-5.312066078E0,6.747759581E-1,9.078369141E0,1.053993145E1
3.505415175E0,3.708875179E0,-4.737788737E-1,1.142333508E1,1.201968410E1
3.507790696E0,-3.359523058E0,-2.967100143E-1,7.992027760E0,8.674499393E0
3.510166217E0,1.292124242E-1,1.435693540E-2,1.217946720E1,1.218016105E1
3.512541737E0,3.584448338E0,-2.201396823E-1,8.781659126E0,9.487584960E0
3.514917258E0,-5.747560024E0,8.566305041E-1,9.336793900E0,1.099745345E1
3.517292779E0,3.938585997E0,-8.327022791E-1,1.141376400E1,1.210288649E1
3.519668300E0,-2.837887764E0,-2.727817893E-1,8.298309326E0,8.774391975E0
3.522043769E0,3.445664644E-1,1.770688742E-1,1.204068375E1,1.204691432E1
3.524419289E0,3.091526747E0,4.785645381E-2,8.633303642E0,9.170264971E0
3.526794810E0,-5.886343479E0,5.886343718E-1,9.389435768E0,1.109761389E1
3.529170331E0,4.728217602E0,-7.465606928E-1,1.170090294E1,1.264217245E1
3.531545800E0,-2.746960402E0,1.387837082E-1,8.116454124E0,8.569823797E0
3.533921373E0,1.004985496E-1,2.727817893E-1,1.158126163E1,1.158490962E1
3.536296894E0,2.651247501E0,-3.924229145E-1,8.767302513E0,9.167807939E0
3.538672414E0,-5.149354458E0,1.244267747E-1,9.772287369E0,1.104667071E1
3.541047935E0,5.388636589E0,-2.727817893E-1,1.169133186E1,1.287629818E1
3.543423456E0,-3.479164124E0,3.493520916E-1,7.657032490E0,8.417646728E0
3.545798977E0,-1.914258115E-2,4.450650215E-1,1.164347458E1,1.165199337E1
3.548174498E0,2.780459881E0,-8.470591903E-1,8.815158844E0,9.281998269E0
3.550550019E0,-4.378865242E0,2.967100143E-1,1.013121128E1,1.104101171E1
3.552925539E0,4.972285271E0,-1.818545163E-1,1.133240795E1,1.237659735E1
3.555301060E0,-3.952943087E0,4.067798555E-1,7.570890903E0,8.550416245E0
3.557676581E0,1.914258115E-2,-3.972085714E-1,1.186361504E1,1.187027813E1
3.560052102E0,3.594019651E0,-5.024927258E-1,9.351150513E0,1.003062770E1
3.562427623E0,-4.479363918E0,5.982056856E-1,9.738788605E0,1.073622628E1
3.564803144E0,4.508078098E0,1.818545163E-1,1.097827053E1,1.186921493E1
3.567178664E0,-4.469792843E0,1.100698411E-1,7.728816986E0,8.928929131E0
3.569554185E0,1.048056364E0,-5.264210105E-1,1.212682533E1,1.218340814E1
3.571929706E0,3.282952785E0,-2.392822653E-1,9.040083885E0,9.620714716E0
3.574305227E0,-4.843072891E0,7.034898400E-1,9.657432556E0,1.082664567E1
3.576680696E0,4.153940201E0,-3.062812984E-1,1.088255692E1,1.165242775E1
3.579056269E0,-3.981656790E0,-1.483550072E-1,8.350951195E0,9.252782601E0
3.581431789E0,1.765903115E0,3.828516230E-2,1.220339584E1,1.233056161E1
3.583807310E0,2.249253273E0,-1.004985496E-1,8.322237015E0,8.621419209E0
3.586182831E0,-5.331208706E0,5.312066078E-1,9.968499184E0,1.131702005E1
3.588558352E0,4.570291042E0,-6.604190469E-1,1.107876873E1,1.200261764E1
3.590933873E0,-3.651447296E0,2.201396823E-1,8.245666504E0,9.020673197E0
3.593309394E0,1.378265858E0,1.196411327E-1,1.197368431E1,1.205334173E1
3.595684914E0,1.536192179E0,-2.344966233E-1,8.322237015E0,8.466079613E0
3.598060435E0,-5.053641319E0,-4.307080805E-2,1.022213840E1,1.140321267E1
3.600435904E0,5.422136307E0,-3.828516304E-1,1.134197903E1,1.257722647E1
3.602811477E0,-4.340580463E0,5.742774606E-1,7.819744587E0,8.962077815E0
3.605186998E0,1.004985452E0,3.254238665E-1,1.180140114E1,1.184858495E1
3.607562519E0,1.201196909E0,-7.657032609E-1,8.494520187E0,8.613132340E0
3.609938039E0,-4.067798615E0,2.009970993E-1,1.056670475E1,1.132442646E1
3.612313560E0,5.048855782E0,-2.009970993E-1,1.084427261E1,1.196367807E1
3.614689081E0,-4.867001057E0,6.125625968E-1,7.853243828E0,9.259393654E0
3.617064602E0,9.714859724E-1,-5.024927258E-1,1.190190029E1,1.195205064E1
3.619440071E0,1.780260086E0,-5.072783828E-1,8.910871506E0,9.101114675E0
3.621815592E0,-3.766302824E0,7.465606928E-1,1.053320503E1,1.121119075E1
3.624191112E0,4.354937077E0,4.307080805E-2,1.010728264E1,1.100565738E1
3.626566633E0,-5.450850010E0,-4.307080805E-2,8.054241180E0,9.725452273E0
3.628942154E0,2.306680918E0,-3.254238665E-1,1.241396427E1,1.263064474E1
3.631317675E0,1.737189293E0,-1.148554832E-1,8.494520187E0,8.671095181E0
3.633693144E0,-4.192225456E0,6.364908218E-1,1.023649502E1,1.107996864E1
3.636068717E0,4.130012035E0,-3.876372576E-1,1.024606609E1,1.105391933E1
3.638444237E0,-4.776073933E0,-7.657032460E-2,8.456234932E0,9.712088058E0
3.640819758E0,3.129812002E0,2.871387079E-2,1.260060406E1,1.298351918E1
3.643195279E0,1.004985452E0,3.589234054E-1,7.838887215E0,7.911192991E0
3.645570800E0,-4.599005222E0,-6.699903309E-2,1.039920712E1,1.137096507E1
3.647946321E0,4.881358147E0,-4.929214716E-1,1.067677498E1,1.175007034E1
3.650321842E0,-4.096512318E0,4.307080805E-1,8.413164139E0,9.367403773E0
3.652697362E0,3.067598581E0,-1.914258115E-2,1.208375454E1,1.246706266E1
3.655072883E0,-1.196411327E-1,-1.148554832E-1,8.126026154E0,8.127718427E0
3.657448404E0,-3.890729666E0,-1.292124242E-1,1.053320503E1,1.122955393E1
3.659823925E0,5.637490273E0,-5.024927258E-1,1.087298584E1,1.225787978E1
3.662199446E0,-4.417150497E0,1.153340459E0,8.197810173E0,9.383256597E0
3.664574967E0,2.344966173E0,-3.684946895E-1,1.161954689E1,1.185953307E1
3.666950487E0,-2.871387303E-1,-5.742774606E-1,8.240880966E0,8.265855210E0
3.669326008E0,-2.498106956E0,2.775674164E-1,1.152861977E1,1.179943455E1
3.671701529E0,5.484349728E0,-2.392822653E-1,9.710074425E0,1.115441138E1
3.674077050E0,-5.369493961E0,8.949156404E-1,8.389236450E0,1.000058136E1
3.676452571E0,2.627319336E0,-2.153540403E-1,1.197368431E1,1.226043638E1
3.678828092E0,-2.153540403E-1,-5.168496966E-1,8.240880966E0,8.259880754E0
3.681203612E0,-2.086541414E0,3.206382394E-1,1.134676456E1,1.154147001E1
3.683579133E0,4.886143684E0,-1.818545163E-1,9.470791817E0,1.065848811E1
3.685954654E0,-5.795416355E0,5.264210105E-1,8.461020470E0,1.026902319E1
3.688330175E0,3.364308596E0,-3.589234054E-1,1.236610699E1,1.282060842E1
3.690705696E0,-3.924229145E-1,-1.914258115E-2,8.102097511E0,8.111617981E0
3.693081217E0,-2.225325108E0,2.679961324E-1,1.093041420E1,1.115786038E1
3.695456737E0,4.144368649E0,-3.828516304E-1,9.475577354E0,1.034934457E1
3.697832258E0,-5.536991596E0,2.967100143E-1,8.934800148E0,1.051555830E1
3.700207779E0,4.354937077E0,-1.914258152E-1,1.240917778E1,1.315255922E1
3.702583300E0,-1.459621787E0,5.216353536E-1,7.704888821E0,7.859256386E0
3.704958821E0,-2.378465652E0,1.770688742E-1,1.086341476E1,1.112215054E1
3.707334342E0,3.948157310E0,-7.226324677E-1,9.466006279E0,1.028180036E1
3.709709862E0,-4.728217602E0,4.689932466E-1,9.466006279E0,1.059156604E1
3.712085331E0,4.421936035E0,-8.614161611E-2,1.170090294E1,1.250887958E1
3.714460904E0,-2.646461725E0,2.775674164E-1,7.690532207E0,8.137879882E0
3.716836373E0,-1.761117458E0,-3.254238665E-1,1.122233772E1,1.136434333E1
3.719211894E0,4.402793884E0,-5.694918036E-1,9.724431038E0,1.068987717E1
3.721587414E0,-4.493721008E0,1.249053478E0,9.418149948E0,1.050976743E1
3.723962935E0,3.771088600E0,-3.302095234E-1,1.096391296E1,1.159903164E1
3.726338456E0,-3.326023579E0,-4.354937077E-1,8.001599312E0,8.676271040E0
3.728713977E0,1.387837082E-1,1.196411327E-1,1.211246777E1,1.211385365E1
3.731089498E0,4.110869408E0,-1.914258115E-2,8.839086533E0,9.748285206E0
3.733465019E0,-5.302495003E0,1.914258152E-1,9.245866776E0,1.066016649E1
3.735840539E0,4.163511276E0,-3.972085714E-1,1.165783215E1,1.238538054E1
3.738216060E0,-3.192025423E0,-1.387837082E-1,7.944170952E0,8.562601201E0
3.740591581E0,1.320838094E0,0.000000000E0,1.208375454E1,1.215572857E1
3.742967102E0,2.598605394E0,-1.435693651E-1,8.642875671E0,9.026220805E0
3.745342623E0,-4.938786030E0,5.982056856E-1,9.891928673E0,1.107247535E1
3.747718144E0,4.584648132E0,-7.417750359E-1,1.077727318E1,1.173536731E1
3.750093664E0,-3.292523861E0,-5.264209956E-2,8.537590981E0,9.150625351E0
3.752469185E0,1.971685886E0,8.135596663E-2,1.204068375E1,1.220132079E1
3.754844706E0,1.473978758E0,-1.914258115E-2,8.245666504E0,8.376395162E0
3.757220227E0,-4.522434711E0,4.163511395E-1,1.032263660E1,1.127752590E1
3.759595748E0,5.278566837E0,-7.800601721E-1,1.064327526E1,1.190592584E1
3.761971269E0,-4.058227062E0,1.627119333E-1,8.346165657E0,9.281926699E0
3.764346789E0,2.373680115E0,8.614161611E-2,1.223689461E1,1.246528649E1
3.766722310E0,4.163511395E-1,-1.770688742E-1,8.044670105E0,8.057382873E0
3.769097831E0,-3.546163082E0,-1.004985496E-1,1.067677498E1,1.125072871E1
3.771473352E0,5.211567879E0,-3.541377485E-1,1.061456108E1,1.183024768E1
3.773848873E0,-4.675575256E0,5.312066078E-1,8.216953278E0,9.468975953E0
3.776224394E0,2.507678032E0,-2.919243574E-1,1.196889877E1,1.223226090E1
3.778599914E0,-4.354937077E-1,-5.694918036E-1,8.470592499E0,8.500877188E0
3.780975435E0,-2.239681959E0,3.254238665E-1,1.133719349E1,1.156088371E1
3.783350956E0,4.579862595E0,-1.483550072E-1,9.456435204E0,1.050815480E1
3.785726477E0,-5.675775528E0,7.609176040E-1,8.839086533E0,1.053199289E1
3.788101998E0,3.340380430E0,-7.992027402E-1,1.188754272E1,1.237378432E1
3.790477519E0,-1.162911773E0,-3.302095234E-1,8.489734650E0,8.575371510E0
3.792853039E0,-1.641476393E0,2.297109663E-1,1.140419292E1,1.152401094E1
3.795228560E0,3.938585997E0,-1.339980662E-1,9.073583603E0,9.892438250E0
3.797604081E0,-5.900700569E0,5.886343718E-1,9.164510727E0,1.091572327E1
3.799979602E0,4.264009953E0,-7.609176040E-1,1.184447193E1,1.261159355E1
3.802355123E0,-2.392822742E0,-2.871387303E-1,8.063812256E0,8.416241288E0
3.804730644E0,-8.518448472E-1,3.062812984E-1,1.177747345E1,1.181221100E1
3.807106112E0,3.235096216E0,-3.349951804E-1,8.839086533E0,9.418466968E0
3.809481633E0,-5.245067120E0,1.627119333E-1,9.714859962E0,1.104154465E1
3.811857154E0,4.512863636E0,-3.445664644E-1,1.164347458E1,1.249220415E1
3.814232675E0,-3.316452265E0,4.785645381E-2,7.829315662E0,8.502901246E0
3.816608248E0,-1.100698411E-1,-1.052841991E-1,1.177268696E1,1.177367225E1
3.818983769E0,2.775674343E0,-6.891329288E-1,9.073583603E0,9.513631885E0
3.821359237E0,-4.287938118E0,4.402793646E-1,1.023170948E1,1.110261852E1
3.823734758E0,4.503292084E0,-2.057827413E-1,1.072463131E1,1.163355934E1
3.826110279E0,-4.508078098E0,-1.387837082E-1,7.982456207E0,9.168513301E0
3.828485800E0,1.789831281E0,-2.967100143E-1,1.239960670E1,1.253163115E1
3.830861321E0,1.866401672E0,-2.967100143E-1,8.709874153E0,8.912541714E0
3.833236842E0,-3.814159393E0,2.344966233E-1,1.031785107E1,1.100276561E1
3.835612362E0,4.488935471E0,-5.982056856E-1,1.021256733E1,1.117161238E1
3.837987883E0,-4.670789719E0,-1.531406492E-1,8.566305161E0,9.758140845E0
3.840363404E0,3.598805189E0,-1.962114573E-1,1.262931824E1,1.313352873E1
3.842738925E0,1.196411327E-1,3.062812984E-1,8.011170387E0,8.017915765E0
3.845114446E0,-3.311666489E0,-3.254238665E-1,1.059541893E1,1.110567143E1
3.847489967E0,4.780859470E0,-7.896314859E-1,1.007378292E1,1.117860624E1
3.849865487E0,-4.163511276E0,3.780659735E-1,9.341579437E0,1.023439624E1
3.852241008E0,4.182653904E0,-1.387837082E-1,1.172004509E1,1.244481063E1
3.854616529E0,-1.995614052E0,1.244267747E-1,8.044670105E0,8.289431498E0
3.856992050E0,-1.785045743E0,-1.483550072E-1,1.104048347E1,1.118484121E1
3.859367571E0,4.699503899E0,-9.762716293E-1,9.772287369E0,1.088742594E1
3.861743092E0,-4.455435753E0,4.163511395E-1,9.571290970E0,1.056569292E1
3.864118612E0,4.254438877E0,-2.392822690E-2,1.148076344E1,1.224372295E1
3.866494133E0,-3.474378586E0,-1.244267747E-1,7.872386456E0,8.605885026E0
3.868869654E0,-2.871387079E-2,-3.541377485E-1,1.168175983E1,1.168716180E1
3.871245175E0,3.732803345E0,-5.120640397E-1,9.403793335E0,1.013051625E1
3.873620696E0,-4.560719967E0,3.924229145E-1,9.748359680E0,1.076961832E1
3.875996217E0,4.115654945E0,-1.914258152E-1,1.105484104E1,1.179765951E1
3.878371737E0,-4.082155228E0,-3.828516304E-1,8.121239662E0,9.097532650E0
3.880747258E0,1.919043779E0,-1.292124242E-1,1.239003563E1,1.253843721E1
3.883122779E0,1.761117458E0,-2.105683982E-1,8.374878883E0,8.560634910E0
3.885498300E0,-4.555934429E0,5.312066078E-1,1.040399265E1,1.137021469E1
3.887873769E0,4.508078098E0,-5.838487148E-1,1.029870892E1,1.125731108E1
3.890249342E0,-4.254438877E0,-1.962114573E-1,8.585447311E0,9.583770377E0
3.892624862E0,2.823530674E0,-1.531406492E-1,1.245703506E1,1.277393832E1
3.895000383E0,0.000000000E0,-2.871387079E-2,7.838887215E0,7.838939804E0
3.897375904E0,-3.713660717E0,3.924229145E-1,1.082034397E1,1.144662026E1
3.899751425E0,4.895715237E0,-5.647061467E-1,1.013599682E1,1.127055244E1
3.902126946E0,-4.785645485E0,-5.742774159E-2,8.394021988E0,9.662572421E0
3.904502467E0,3.488735437E0,-2.871387079E-2,1.249532032E1,1.297324668E1
3.906877987E0,-1.536192179E0,2.392822690E-2,7.704888821E0,7.856574999E0
3.909253508E0,-1.885544300E0,1.818545163E-1,1.117926693E1,1.133862238E1
3.911628977E0,4.388436794E0,-3.493520916E-1,9.724431038E0,1.067450155E1
3.914004498E0,-4.934000492E0,9.092725813E-2,8.748159409E0,1.004404907E1
3.916380019E0,3.962514400E0,-6.699903309E-2,1.217946720E1,1.280802212E1
3.918755539E0,-2.455035925E0,-9.092725813E-2,7.733603001E0,8.114436797E0
3.921131060E0,4.307080805E-2,3.014956415E-1,1.170568848E1,1.170964976E1
3.923506581E0,3.086741209E0,-1.674975902E-1,8.939585686E0,9.458975577E0
3.925882102E0,-4.991427898E0,-1.148554832E-1,9.379864693E0,1.062588377E1
3.928257623E0,4.843072891E0,-4.067798555E-1,1.171047401E1,1.267895999E1
3.930633144E0,-2.866601467E0,8.805587292E-1,8.149953842E0,8.684154264E0
3.933008664E0,7.848458290E-1,-2.632105052E-1,1.129890823E1,1.132919194E1
3.935384185E0,1.785045743E0,-6.939185858E-1,8.872586250E0,9.076932195E0
3.937759706E0,-3.713660717E0,4.163511395E-1,1.077727318E1,1.140676297E1
3.940135227E0,5.489135265E0,-1.722832322E-1,1.019342422E1,1.157869530E1
3.942510748E0,-4.608576298E0,5.838487148E-1,8.264809608E0,9.480871937E0
3.944886269E0,2.134397745E0,-4.163511395E-1,1.194018459E1,1.213659796E1
3.947261789E0,6.556333899E-1,-6.891329288E-1,8.513663292E0,8.566634227E0
3.949637310E0,-2.282752752E0,6.269195080E-1,1.147119141E1,1.171290828E1
3.952012831E0,4.756931305E0,-1.387837082E-1,9.384650230E0,1.052232466E1
3.954388352E0,-5.417350292E0,-3.110669553E-1,8.475378036E0,1.006362160E1
3.956763873E0,3.641875982E0,-1.052841991E-1,1.285424328E1,1.336061060E1
3.959139394E0,-5.551348329E-1,3.349951804E-1,8.082955360E0,8.108918782E0
3.961514862E0,-2.081755638E0,-6.125625968E-1,1.061456108E1,1.083410570E1
3.963890435E0,4.106083870E0,-6.795616150E-1,1.005464077E1,1.088198189E1
3.966265956E0,-4.608576298E0,1.115055323E0,9.686145782E0,1.078442136E1
3.968641477E0,3.828516245E0,-4.594219327E-1,1.103091240E1,1.168544537E1
3.971016998E0,-2.790031195E0,-6.221339107E-1,8.437092781E0,8.908190572E0
3.973392519E0,1.770688742E-1,2.201396823E-1,1.189711380E1,1.190046771E1
3.975768039E0,2.952743053E0,-4.785645287E-3,8.532805443E0,9.029257066E0
3.978143560E0,-5.264209747E0,-2.632105052E-1,9.887143135E0,1.120431985E1
3.980519081E0,5.010570526E0,-4.402793646E-1,1.141854954E1,1.247729684E1
3.982894602E0,-3.838087559E0,4.211367965E-1,7.920242786E0,8.811272218E0
3.985270123E0,1.129412293E0,9.092725813E-2,1.205025482E1,1.210340783E1
3.987645644E0,7.848458290E-1,-6.460621357E-1,8.508877754E0,8.569386203E0
3.990021164E0,-3.206382275E0,2.632105052E-1,1.073898792E1,1.121053204E1
3.992396685E0,4.661218643E0,-1.387837082E-1,1.015513897E1,1.117466186E1
3.994772206E0,-5.111069202E0,3.541377485E-1,8.193024635E0,9.663027197E0
3.997147727E0,2.828316450E0,-1.244267747E-1,1.220339584E1,1.252747884E1
3.999523248E0,-6.221339107E-1,-3.876372576E-1,8.398807526E0,8.430734316E0
4.001898717E0,-1.832902193E0,3.493520916E-1,1.102134132E1,1.117817257E1
4.004274237E0,4.086941242E0,-1.914258115E-2,9.322437286E0,1.017896321E1
4.006649810E0,-5.431707382E0,1.244267747E-1,8.872586250E0,1.040392781E1
4.009025279E0,4.460221291E0,-2.775674164E-1,1.216511059E1,1.295995884E1
4.011400800E0,-2.254039049E0,3.014956415E-1,7.858029366E0,8.180477808E0
4.013776321E0,-3.684946895E-1,4.546363056E-1,1.145204926E1,1.146699240E1
4.016151842E0,2.842673302E0,-2.536391914E-1,8.805587769E0,9.256538245E0
4.018527362E0,-4.421936035E0,-2.249253243E-1,9.710074425E0,1.067190962E1
4.020902883E0,5.178068161E0,-1.483550072E-1,1.151426220E1,1.262587158E1
4.023278404E0,-3.594019651E0,1.019342422E0,7.757531166E0,8.610187340E0
4.025653925E0,1.052842021E0,2.392822690E-2,1.149990559E1,1.154802483E1
4.028029446E0,1.134197950E0,-8.997012973E-1,8.829515457E0,8.947413628E0
4.030404967E0,-2.254039049E0,9.571290612E-1,1.108355427E1,1.135085738E1
4.032780487E0,4.445864677E0,7.657032460E-2,9.293723106E0,1.030266300E1
4.035156008E0,-5.388636589E0,-2.967100143E-1,8.269595146E0,9.874798479E0
4.037531529E0,3.732803345E0,3.828516304E-1,1.307438278E1,1.360220134E1
4.039907050E0,-5.694918036E-1,1.627119333E-1,7.412964344E0,7.436587689E0
4.042282571E0,-2.316252232E0,-4.546363056E-1,1.077727318E1,1.103273927E1
4.044658092E0,4.130012035E0,-3.876372576E-1,9.623932838E0,1.047985426E1
4.047033612E0,-4.728217602E0,1.325623751E0,9.906285286E0,1.105657308E1
4.049409133E0,4.000799656E0,-4.642075896E-1,1.083470058E1,1.155909267E1
4.051784654E0,-3.168097258E0,-6.125625968E-1,8.202595711E0,8.814456850E0
4.054160175E0,6.412764788E-1,6.460621357E-1,1.208375454E1,1.211799305E1
4.056535696E0,1.971685886E0,-2.871387079E-2,7.992027760E0,8.231699547E0
4.058911217E0,-4.776073933E0,-4.163511395E-1,1.033699417E1,1.139463378E1
4.061286737E0,4.919643402E0,-3.493520916E-1,1.091605663E1,1.197853207E1
4.063662258E0,-4.096512318E0,1.158126116E0,8.226524353E0,9.262741074E0
4.066037779E0,1.272981644E0,-1.627119333E-1,1.156211948E1,1.163312359E1
4.068413300E0,-5.264210105E-1,-1.019342422E0,8.638090134E0,8.713941658E0
4.070788821E0,-1.679761529E0,8.997012973E-1,1.127019501E1,1.143015121E1
4.073164342E0,3.627519131E0,-9.092725813E-2,8.882157326E0,9.594784081E0
4.075539862E0,-6.025127411E0,-4.354937077E-1,8.925228119E0,1.077736109E1
4.077915383E0,4.101297855E0,4.929214716E-1,1.256710434E1,1.322859506E1
4.080290904E0,-2.402393818E0,1.962114573E-1,7.566105366E0,7.940777380E0
4.082666425E0,-8.422735929E-1,-5.024927258E-1,1.100698376E1,1.105059343E1
4.085041946E0,2.220539331E0,-3.684946895E-1,9.355937004E0,9.622896678E0
4.087417467E0,-4.551148891E0,1.067198873E0,1.070070267E1,1.167719603E1
4.089792987E0,4.627718925E0,-2.392822653E-1,9.930213928E0,1.095820182E1
4.092168456E0,-4.924428940E0,-4.594219327E-1,8.082955360E0,9.476034838E0
4.094544029E0,2.096112728E0,3.158525825E-1,1.257188988E1,1.274934769E1
4.096919550E0,-3.302095234E-1,4.498506486E-1,8.130811691E0,8.149938815E0
4.099295071E0,-3.048455954E0,-2.679961324E-1,1.051406288E1,1.095036182E1
4.101670592E0,4.331008911E0,-5.647061467E-1,1.014078236E1,1.104137664E1
4.104046112E0,-4.685146809E0,6.173482537E-1,9.107083321E0,1.026015039E1
4.106421581E0,3.306880951E0,2.440679073E-1,1.143290615E1,1.190404863E1
4.108797050E0,-3.081955671E0,7.178468257E-2,8.183453560E0,8.744856544E0
4.111172623E0,2.584248483E-1,1.244267747E-1,1.134676456E1,1.135038905E1
4.113548144E0,2.416750908E0,-3.589234054E-1,8.906085968E0,9.235143650E0
4.115923664E0,-4.656432629E0,1.196411327E-1,1.008814049E1,1.111158213E1
4.118299185E0,4.541577339E0,-3.732803464E-1,1.060977554E1,1.154697363E1
4.120674706E0,-3.929014683E0,9.810572863E-1,8.609375954E0,9.514251630E0
4.123050227E0,1.832902193E0,-8.614161611E-2,1.172961617E1,1.187227216E1
4.125425748E0,-2.823530734E-1,-7.561319470E-1,8.360522270E0,8.399392324E0
4.127801269E0,-2.421536446E0,5.072783828E-1,1.122233772E1,1.149182466E1
4.130176789E0,4.670789719E0,1.435693540E-2,9.279366493E0,1.038860555E1
4.132552310E0,-5.273781300E0,-5.312066078E-1,8.848658562E0,1.031473257E1
4.134927831E0,3.804588079E0,4.354937077E-1,1.265803146E1,1.322460985E1
4.137303352E0,-2.344966173E0,3.349951804E-1,7.307680130E0,7.682009959E0
4.139678873E0,-4.929214716E-1,-3.589234054E-1,1.142333508E1,1.143959710E1
4.142054394E0,2.991028309E0,-9.044869542E-1,9.585647583E0,1.008211221E1
4.144429914E0,-3.919443607E0,1.339980721E0,1.059063339E1,1.137185571E1
4.146805435E0,3.919443607E0,-3.684946895E-1,9.762716293E0,1.052655955E1
4.149180956E0,-4.445864677E0,-8.135597110E-1,8.585447311E0,9.702448025E0
4.151556477E0,3.163311481E0,9.523434043E-1,1.272981644E1,1.315149132E1
4.153931998E0,-1.627119333E-1,-1.627119333E-1,7.666603565E0,7.670056100E0
4.156307519E0,-3.560520172E0,-7.992027402E-1,1.062413216E1,1.123335270E1
4.158683039E0,5.067998409E0,-1.100698411E-1,1.049013424E1,1.165073558E1
4.161058560E0,-4.584648132E0,9.619147182E-1,9.164510727E0,1.029235324E1
4.163434081E0,3.187239647E0,-2.201396823E-1,1.093519974E1,1.139234617E1
4.165809602E0,-3.038884640E0,-7.274180651E-1,8.398807526E0,8.961245714E0
4.168185123E0,8.518448472E-1,8.901300430E-1,1.224168110E1,1.230352499E1
4.170560644E0,2.215753794E0,-1.148554832E-1,8.126026154E0,8.423482516E0
4.172936164E0,-4.455435753E0,-9.427721500E-1,9.978070259E0,1.096820921E1
4.175311685E0,4.680361271E0,3.254238665E-1,1.115055370E1,1.209737700E1
4.177687206E0,-4.455435753E0,7.322037220E-1,8.059026718E0,9.237691361E0
4.180062727E0,3.038884640E0,-1.962114573E-1,1.182532978E1,1.221113194E1
4.182438248E0,-1.296909928E0,-8.518448472E-1,8.494520187E0,8.635073145E0
4.184813769E0,-1.205982566E0,1.004985452E0,1.125583744E1,1.136478184E1
4.187189289E0,3.397808075E0,-3.445664644E-1,8.618947029E0,9.270926256E0
4.189564810E0,-4.723432064E0,-3.876372576E-1,9.762716293E0,1.085226716E1
4.191940279E0,4.785645485E0,-9.571290575E-3,1.131805134E1,1.228823748E1
4.194315852E0,-3.349951744E0,8.805587292E-1,7.963313580E0,8.684003888E0
4.196691373E0,7.992027402E-1,-1.196411327E-1,1.143769264E1,1.146620478E1
4.199066789E0,1.081555843E0,-1.086341500E0,8.992227554E0,9.121954686E0
4.201442362E0,-1.933400750E0,1.277767301E0,1.093519974E1,1.117807323E1
4.203817883E0,4.096512318E0,-5.168496966E-1,8.949156761E0,9.855757379E0
4.206193404E0,-5.197210789E0,-7.178468108E-1,8.872586250E0,1.030771996E1
4.208568925E0,4.771288395E0,7.561319470E-1,1.259103298E1,1.348595714E1
4.210944446E0,-2.311466694E0,1.244267747E-1,7.470392227E0,7.820813278E0
4.213319967E0,-2.727817893E-1,-5.407779217E-1,1.098784161E1,1.100452243E1
4.215695487E0,2.646461725E0,-5.455635786E-1,9.585647583E0,9.959218788E0
4.218071008E0,-3.268595695E0,7.034898400E-1,1.059063339E1,1.110586023E1
4.220446529E0,4.584648132E0,-2.727817893E-1,9.820143700E0,1.084106225E1
4.222822050E0,-4.474578381E0,-8.662018180E-1,8.384450912E0,9.543121836E0
4.225197571E0,3.460021496E0,7.992027402E-1,1.266281700E1,1.315132724E1
4.227573092E0,-1.215553880E0,-1.196411327E-1,7.872386456E0,7.966577291E0
4.229948612E0,-1.134197950E0,-5.359922647E-1,1.083470058E1,1.090708162E1
4.232324133E0,3.541377544E0,-7.513462901E-1,9.805787086E0,1.045271910E1
4.234699654E0,-3.828516245E0,9.714859724E-1,1.029392338E1,1.102570543E1
4.237075175E0,4.058227062E0,-3.972085714E-1,1.016949654E1,1.095653418E1
4.239450696E0,-4.024727821E0,-9.810572863E-1,8.336593628E0,9.309119225E0
4.241826217E0,2.986242771E0,9.236295223E-1,1.254796219E1,1.293143814E1
4.244201737E0,-3.062812984E-1,-3.397808075E-1,7.992027760E0,8.005108803E0
4.246577258E0,-2.909672260E0,-8.470591903E-1,1.052841949E1,1.095588057E1
4.248952779E0,4.823930264E0,-4.307080805E-1,1.044706345E1,1.151507478E1
4.251328300E0,-4.048655987E0,6.317051649E-1,9.556933403E0,1.039834808E1
4.253703821E0,3.460021496E0,-1.387837082E-1,1.075334454E1,1.129714249E1
4.256079342E0,-3.737588882E0,-9.284151793E-1,8.260024071E0,9.113699745E0
4.258454862E0,2.268395901E0,6.364908218E-1,1.248574829E1,1.270608716E1
4.260830383E0,9.379864931E-1,-1.148554832E-1,8.341380119E0,8.394738396E0
4.263205904E0,-3.311666489E0,-8.374879360E-1,1.006899738E1,1.063264921E1
4.265581425E0,4.465006828E0,-1.004985496E-1,1.052841949E1,1.143652058E1
4.267956946E0,-4.144368649E0,5.982056856E-1,9.207581520E0,1.011499871E1
4.270332467E0,4.034298897E0,-2.105683982E-1,1.135155106E1,1.204896751E1
4.272707987E0,-3.038884640E0,-9.379864931E-1,8.116454124E0,8.717308419E0
4.275083508E0,1.143769264E0,1.062413216E0,1.209811115E1,1.219841069E1
4.277458977E0,1.493121386E0,-5.838487148E-1,8.264809608E0,8.418869797E0
4.279834550E0,-3.115455151E0,-4.402793646E-1,1.046620655E1,1.092892430E1
4.282210071E0,4.800002098E0,-4.211367965E-1,1.045184898E1,1.150906267E1
4.284585592E0,-4.015156269E0,1.038485050E0,9.107083321E0,1.000694247E1
4.286961112E0,3.072384357E0,-2.105683982E-1,1.129890823E1,1.171107220E1
4.289336581E0,-2.105684042E0,-1.124626637E0,8.475378036E0,8.805153219E0
4.291712154E0,1.172483087E0,1.162911773E0,1.177268696E1,1.188794510E1
4.294087675E0,1.947757602E0,-4.737788737E-1,8.322237015E0,8.560248538E0
4.296463144E0,-4.211368084E0,-8.614161611E-1,1.020299530E1,1.107152980E1
4.298838664E0,5.618347645E0,1.722832322E-1,1.100219822E1,1.235491309E1
4.301214185E0,-4.067798615E0,7.034898400E-1,8.547162056E0,9.491884046E0
4.303589706E0,2.737389088E0,-1.722832322E-1,1.130369377E1,1.163170123E1
4.305965227E0,-1.785045743E0,-8.518448472E-1,8.781659126E0,9.001642348E0
4.308340748E0,5.455635786E-1,7.226324677E-1,1.172961617E1,1.176451158E1
4.310716269E0,2.612962246E0,-1.148554832E-1,8.556734085E0,8.947539421E0
4.313091789E0,-4.067798615E0,-9.906286001E-1,9.863214493E0,1.071500493E1
4.315467310E0,4.689932346E0,2.297109663E-1,1.109312534E1,1.204598117E1
4.317842831E0,-4.053441525E0,5.647061467E-1,8.389236450E0,9.334268554E0
4.320218352E0,3.292523861E0,-1.770688742E-1,1.173918819E1,1.219346572E1
4.322593873E0,-1.808973908E0,-9.332008362E-1,8.465806961E0,8.707074015E0
4.324969394E0,-1.866401732E-1,8.709874153E-1,1.148554897E1,1.152003858E1
4.327344914E0,2.459821701E0,-5.694918036E-1,8.647661209E0,9.008722890E0
4.329720435E0,-3.852444410E0,-4.833501875E-1,1.024606609E1,1.095704457E1
4.332095956E0,4.680361271E0,-2.919243574E-1,1.082034397E1,1.179283024E1
4.334471477E0,-3.996013880E0,8.518448472E-1,8.618947029E0,9.538344430E0
4.336846998E0,2.096112728E0,-2.823530734E-1,1.151904774E1,1.171161272E1
4.339222519E0,-1.239482164E0,-1.282552958E0,8.714659691E0,8.895310655E0
4.341598039E0,-4.307080805E-2,1.105484009E0,1.158604717E1,1.163874732E1
4.343973560E0,2.435893536E0,-4.929214716E-1,8.331808090E0,8.694571579E0
4.346349081E0,-4.857429981E0,-1.033699393E0,1.006899738E1,1.122710420E1
4.348724602E0,5.259424210E0,4.785645381E-2,1.132762241E1,1.248914980E1
4.351100123E0,-3.914657831E0,6.699903607E-1,8.379665375E0,9.273199276E0
4.353475644E0,1.904686809E0,-4.259224236E-1,1.128933716E1,1.145680476E1
4.355851164E0,-1.440479279E0,-8.374879360E-1,8.872586250E0,9.027688152E0
4.358226685E0,-2.775674164E-1,5.694918036E-1,1.169133186E1,1.170848433E1
4.360602206E0,2.703889608E0,-1.866401732E-1,8.470592499E0,8.893637661E0
4.362977727E0,-4.407579422E0,-1.028913736E0,9.887143135E0,1.087386864E1
4.365353248E0,4.369294167E0,2.440679073E-1,1.124626637E1,1.206767616E1
4.367728769E0,-4.096512318E0,4.785645306E-1,8.164310455E0,9.146934043E0
4.370104289E0,2.818745136E0,-2.057827413E-1,1.186361504E1,1.219561529E1
4.372479810E0,-1.655833244E0,-9.619147182E-1,8.528019905E0,8.740376832E0
4.374855331E0,-5.168496966E-1,7.465606928E-1,1.143769264E1,1.147367855E1
4.377230852E0,2.325823545E0,-5.455635786E-1,8.642875671E0,8.966961283E0
4.379606373E0,-3.991228104E0,-4.307080805E-1,1.026999474E1,1.102670409E1
4.381981894E0,4.565505505E0,-2.775674164E-1,1.089212894E1,1.181352433E1
4.384357414E0,-4.067798615E0,8.422735929E-1,8.475378036E0,9.438667450E0
4.386732935E0,1.995614052E0,-2.153540403E-1,1.151426220E1,1.168790344E1
4.389108456E0,-1.325623751E0,-1.186840057E0,8.858229637E0,9.035159100E0
4.391483925E0,9.092725813E-2,1.115055323E0,1.148554897E1,1.153990690E1
4.393859498E0,2.225325108E0,-3.062812984E-1,8.365307808E0,8.661654276E0
4.396234967E0,-4.723432064E0,-8.901300430E-1,1.003549862E1,1.112719077E1
4.398610487E0,5.101497650E0,3.828516230E-2,1.125583744E1,1.235801847E1
4.400986008E0,-3.862015724E0,8.087740541E-1,8.475378036E0,9.348866979E0
4.403361529E0,2.210968018E0,-1.435693651E-1,1.124148083E1,1.145774336E1
4.405737050E0,-2.005185366E0,-7.752745152E-1,8.695517540E0,8.957334660E0
4.408112571E0,2.440679073E-1,7.704889178E-1,1.182532978E1,1.185291722E1
4.410488092E0,2.407179594E0,-1.196411327E-1,8.437092781E0,8.774586155E0
4.412863612E0,-4.015156269E0,-8.709874153E-1,9.958928108E0,1.077313084E1
4.415239133E0,4.350151539E0,2.344966233E-1,1.092084217E1,1.175770389E1
4.417614654E0,-4.125226021E0,5.694918036E-1,8.551948547E0,9.511973223E0
4.419990175E0,3.345165968E0,-2.871387079E-2,1.163390350E1,1.210531580E1
4.422365696E0,-2.239681959E0,-7.274180651E-1,8.322237015E0,8.648984984E0
4.424741217E0,3.684946895E-1,6.412764788E-1,1.168654537E1,1.170992599E1
4.427116737E0,1.588834286E0,-2.344966233E-1,8.484949112E0,8.635609098E0
4.429492258E0,-3.302095175E0,-1.627119333E-1,1.053799057E1,1.104443538E1
4.431867779E0,4.570291042E0,-5.120640397E-1,1.032742214E1,1.130510583E1
4.434243248E0,-3.976871252E0,9.044869542E-1,9.092725754E0,9.965503662E0
4.436618821E0,2.608176708E0,-1.914258115E-2,1.113619614E1,1.143756165E1
4.438994342E0,-2.268395901E0,-9.332008362E-1,8.480163574E0,8.827777637E0
4.441369862E0,1.335195065E0,7.561319470E-1,1.185882950E1,1.195768868E1
4.443745383E0,1.210768223E0,-2.105683982E-1,8.322237015E0,8.412486414E0
4.446120904E0,-3.919443607E0,-5.742774606E-1,1.035613632E1,1.108789395E1
4.448496425E0,5.163711071E0,-1.722832322E-1,1.061934662E1,1.180949263E1
4.450871946E0,-3.943371773E0,5.647061467E-1,8.934800148E0,9.782623761E0
4.453247467E0,2.981456995E0,1.339980662E-1,1.115055370E1,1.154304506E1
4.455622987E0,-2.962314367E0,-8.757730722E-1,8.269595146E0,8.827711412E0
4.457998508E0,1.354337573E0,7.609176040E-1,1.188754272E1,1.198861535E1
4.460374029E0,1.459621787E0,-2.632105052E-1,8.762516975E0,8.887152484E0
4.462749550E0,-3.263810158E0,-4.354937077E-1,1.006421185E1,1.058916765E1
4.465125071E0,4.177868366E0,-3.158525825E-1,1.008814049E1,1.092359490E1
4.467500592E0,-4.072584152E0,7.657032609E-1,9.509077072E0,1.037279085E1
4.469876112E0,3.718446493E0,-1.483550072E-1,1.117926693E1,1.178239630E1
4.472251633E0,-3.206382275E0,-5.647061467E-1,8.035098076E0,8.669635599E0
4.474627154E0,1.167697430E0,4.689932466E-1,1.176790142E1,1.183498947E1
4.477002675E0,6.364908218E-1,-9.571290575E-3,8.513663292E0,8.537427881E0
4.479378196E0,-2.579462767E0,-8.614161611E-2,1.083948612E1,1.114250905E1
4.481753717E0,4.091726780E0,-4.259224236E-1,9.777072906E0,1.060729902E1
4.484129237E0,-4.139583111E0,2.057827413E-1,9.255437851E0,1.014108597E1
4.486504706E0,3.254238844E0,1.244267747E-1,1.106441212E1,1.153372307E1
4.488880227E0,-3.187239647E0,2.727817893E-1,8.537590981E0,9.117201666E0
4.491255748E0,1.440479279E0,-1.914258115E-2,1.136112213E1,1.145209339E1
4.493631269E0,6.412764788E-1,-3.828516230E-2,8.834300995E0,8.857628088E0
4.496006789E0,-3.311666489E0,-1.435693540E-2,1.042313576E1,1.093659454E1
4.498382310E0,4.259224415E0,-6.987041831E-1,9.753145218E0,1.066550617E1
4.500757831E0,-3.919443607E0,9.858429432E-1,9.667003632E0,1.047782820E1
4.503133352E0,3.096312523E0,1.148554832E-1,1.093998528E1,1.137029555E1
4.505508873E0,-3.651447296E0,-8.997012973E-1,7.671389580E0,8.543579336E0
4.507884394E0,1.684547186E0,1.086341500E0,1.239482117E1,1.255585237E1
4.510259914E0,1.086341500E0,-4.833501875E-1,8.528019905E0,8.610510366E0
4.512635435E0,-3.345165968E0,-1.196411327E-1,1.024606609E1,1.077897582E1
4.515010956E0,4.153940201E0,-2.297109663E-1,9.781859398E0,1.062980525E1
4.517386477E0,-4.436293125E0,9.044869542E-1,9.533005714E0,1.055352980E1
4.519761998E0,3.747160196E0,-9.092725813E-2,1.119841003E1,1.180905858E1
4.522137519E0,-3.120240688E0,-5.120640397E-1,7.853243828E0,8.465905159E0
4.524513039E0,1.019342422E0,6.556333899E-1,1.197846985E1,1.203962848E1
4.526888560E0,9.044869542E-1,4.785645287E-3,8.260024071E0,8.309399329E0
4.529264081E0,-3.029313564E0,-6.221338734E-2,1.068634605E1,1.110759214E1
4.531639602E0,4.560719967E0,-5.120640397E-1,1.004985523E1,1.104816575E1
4.534015123E0,-4.058227062E0,1.033699393E0,9.040083885E0,9.962974354E0
4.536390644E0,2.694318295E0,1.627119333E-1,1.107398319E1,1.139819854E1
4.538766164E0,-2.622533560E0,-1.038485050E0,8.154739380E0,8.628783682E0
4.541141685E0,1.718046665E0,1.062413216E0,1.205025482E1,1.221838972E1
4.543517206E0,1.162911773E0,-3.780659735E-1,8.303094864E0,8.392656432E0
4.545892727E0,-4.000799656E0,-2.488535494E-1,1.033220863E1,1.108254760E1
4.548268248E0,5.053641319E0,-8.135596663E-2,1.044227791E1,1.160116707E1
4.550643769E0,-3.881158352E0,5.742774606E-1,8.939585686E0,9.762652149E0
4.553019289E0,3.105883837E0,3.397808075E-1,1.127019501E1,1.169526660E1
4.555394810E0,-3.000599623E0,-8.901300430E-1,7.910671711E0,8.507329576E0
4.557770331E0,1.081555843E0,9.284151793E-1,1.206939697E1,1.215327368E1
4.560145852E0,1.770688772E0,-3.684946895E-1,8.729017258E0,8.914419182E0
4.562521373E0,-3.450450182E0,-1.531406492E-1,1.011685371E1,1.069017248E1
4.564896894E0,4.316651821E0,-2.775674164E-1,1.005942631E1,1.095000385E1
4.567272414E0,-4.278367043E0,8.757730722E-1,9.312865257E0,1.028595461E1
4.569647935E0,3.407379389E0,-8.135596663E-2,1.126540947E1,1.176971978E1
4.572023456E0,-2.737389088E0,-5.312066078E-1,8.063812256E0,8.532323691E0
4.574398977E0,4.307080805E-1,3.924229145E-1,1.166261768E1,1.167716389E1
4.576774498E0,1.383051515E0,1.148554832E-1,8.633303642E0,8.744138325E0
4.579150019E0,-3.407379389E0,-5.264209956E-2,1.054277611E1,1.107985260E1
4.581525435E0,4.354937077E0,-4.307080805E-1,1.020778179E1,1.110629531E1
4.583901060E0,-4.350151539E0,3.445664644E-1,8.676374435E0,9.711952317E0
4.586276529E0,2.651247501E0,2.440679073E-1,1.164347458E1,1.194400196E1
4.588652050E0,-2.541177750E0,1.004985496E-1,8.236095428E0,8.619800010E0
4.591027623E0,2.488535494E-1,4.785645381E-2,1.126540947E1,1.126825935E1
4.593403092E0,1.823330879E0,-2.009970993E-1,8.906085968E0,9.093035940E0
4.595778612E0,-4.273581028E0,9.571290575E-3,1.023170948E1,1.108834818E1
4.598154133E0,4.503292084E0,-5.551348329E-1,1.027956581E1,1.123642681E1
4.600529654E0,-4.067798615E0,9.762716293E-1,9.078369141E0,9.995843042E0
4.602905175E0,2.421536446E0,2.009970993E-1,1.153340530E1,1.178658884E1
4.605280696E0,-2.349751949E0,-1.134197950E0,7.814958572E0,8.239011877E0
4.607656217E0,-4.785645287E-3,1.095912814E0,1.190668583E1,1.195701531E1
4.610031737E0,2.612962246E0,-7.130611539E-1,8.738588333E0,9.148713241E0
4.612407258E0,-4.244867325E0,-7.657032460E-2,1.013121128E1,1.098481696E1
4.614782779E0,4.445864677E0,-2.488535494E-1,1.051406288E1,1.141810663E1
4.617158300E0,-4.230510235E0,8.327022791E-1,8.690732002E0,9.701517029E0
4.619533821E0,2.684746981E0,-1.435693651E-1,1.179661560E1,1.209911642E1
4.621909342E0,-1.134197950E0,-5.838487148E-1,8.231309891E0,8.329570627E0
4.624284862E0,-1.100698471E0,2.105683982E-1,1.126062298E1,1.131624965E1
4.626660383E0,3.196810961E0,-2.775674164E-1,8.949156761E0,9.507052683E0
4.629035904E0,-3.991228104E0,1.770688742E-1,1.027478027E1,1.102417184E1
4.631411425E0,4.469792843E0,-7.178468257E-2,1.068156052E1,1.157928910E1
4.633786946E0,-3.981656790E0,1.483550072E-1,7.905886173E0,8.853170968E0
4.636162467E0,2.009970903E0,-6.221338734E-2,1.220339584E1,1.236797169E1
4.638537987E0,1.483550072E-1,-4.594219327E-1,8.566305161E0,8.579898707E0
4.640913508E0,-1.617548108E0,2.392822653E-1,1.099262714E1,1.111357591E1
4.643289029E0,3.775874138E0,-3.349951655E-2,9.169296265E0,9.916367365E0
4.645664550E0,-4.977071285E0,-3.924229145E-1,9.379864693E0,1.062577508E1
4.648040071E0,4.785645485E0,-1.770688742E-1,1.186840057E1,1.279815175E1
4.650415592E0,-2.967100143E0,3.349951804E-1,7.862815380E0,8.410693832E0
4.652791112E0,9.667003751E-1,5.264209956E-2,1.204546928E1,1.208431260E1
4.655166633E0,7.609176040E-1,-1.272981644E0,8.408378601E0,8.538167752E0
4.657542154E0,-2.378465652E0,1.052842021E0,1.128933716E1,1.158510719E1
4.659917675E0,4.398007870E0,-7.992027402E-1,9.466006279E0,1.046835580E1
4.662293196E0,-4.857429981E0,-3.158525825E-1,8.963513374E0,1.019994906E1
4.664668717E0,3.881158352E0,1.914258115E-2,1.198325539E1,1.259611711E1
4.667044185E0,-2.646461725E0,3.589234054E-1,8.336593628E0,8.753935058E0
4.669419758E0,3.349951804E-1,-1.292124242E-1,1.147119141E1,1.147680922E1
4.671795279E0,1.895115495E0,-9.858429432E-1,8.863015175E0,9.116818910E0
4.674170800E0,-3.196810961E0,3.445664644E-1,1.081077290E1,1.127879147E1
4.676546321E0,4.005585194E0,-1.292124242E-1,9.513862610E0,1.032351638E1
4.678921842E0,-4.685146809E0,5.264209956E-2,9.102297783E0,1.023744093E1
4.681297310E0,3.598805189E0,-3.924229145E-1,1.209811115E1,1.262813082E1
4.683672831E0,-1.880758643E0,4.785645287E-3,8.183453560E0,8.396796302E0
4.686048352E0,-1.311266780E0,1.100698411E-1,1.135633659E1,1.143231896E1
4.688423873E0,3.000599623E0,-6.508477330E-1,9.126225471E0,9.628872843E0
4.690799446E0,-3.809373617E0,8.614161611E-2,1.038963604E1,1.106631306E1
4.693174967E0,4.240081787E0,-8.135596663E-2,1.045184898E1,1.127945298E1
4.695550435E0,-4.752145767E0,-1.435693540E-2,8.102097511E0,9.392927105E0
4.697925956E0,2.488535643E0,-3.732803464E-1,1.239960670E1,1.265236714E1
4.700301477E0,-8.135596663E-2,1.962114573E-1,8.848658562E0,8.851207605E0
4.702676998E0,-2.249253273E0,8.135596663E-2,1.059063339E1,1.082715451E1
4.705052519E0,3.632304668E0,-7.992027402E-1,9.265008926E0,9.983624223E0
4.707428039E0,-4.608576298E0,3.493520916E-1,1.010728264E1,1.111387352E1
4.709803560E0,4.388436794E0,-6.221338734E-2,1.097827053E1,1.182305679E1
4.712179081E0,-3.627519131E0,-1.866401732E-1,7.843672752E0,8.643895641E0
4.714554602E0,8.853443861E-1,7.178468257E-2,1.226082325E1,1.229295630E1
4.716930123E0,1.464407444E0,-5.024927258E-1,8.652446747E0,8.789870466E0
4.719305644E0,-2.967100143E0,2.249253243E-1,1.074377346E1,1.114822599E1
4.721681164E0,4.383651257E0,-9.092725813E-2,9.791430473E0,1.072831659E1
4.724056685E0,-4.905286312E0,-3.684946895E-1,8.441878319E0,9.770513379E0
4.726432206E0,3.751945972E0,2.392822653E-1,1.265324593E1,1.319996163E1
4.728807727E0,-1.646261930E0,-1.531406492E-1,7.561319351E0,7.739972916E0
4.731183248E0,-7.896314859E-1,2.871387303E-1,1.170568848E1,1.173580458E1
4.733558769E0,3.139383316E0,-1.004985452E0,8.829515457E0,9.424758170E0
4.735934289E0,-3.847658873E0,5.551348329E-1,1.048056316E1,1.117832088E1
4.738309810E0,4.321437836E0,-2.344966233E-1,1.045663452E1,1.131684670E1
4.740685331E0,-4.058227062E0,-2.871387079E-2,8.312665939E0,9.250429525E0
4.743060852E0,2.622533560E0,-1.244267747E-1,1.239482117E1,1.266983647E1
4.745436373E0,-3.349951655E-2,-9.571290761E-2,8.317451477E0,8.318069623E0
4.747811894E0,-2.569891453E0,9.092725813E-2,1.074377346E1,1.104722943E1
4.750187414E0,4.627718925E0,-1.722832322E-1,9.748359680E0,1.079240383E1
4.752562883E0,-4.512863636E0,4.785645287E-3,9.126225471E0,1.018105851E1
4.754938456E0,4.000799656E0,-2.344966233E-1,1.164826107E1,1.231841599E1
4.757313977E0,-3.053241730E0,1.435693651E-1,7.953742504E0,8.520851897E0
4.759689498E0,8.039883971E-1,2.871387079E-2,1.175833035E1,1.178582005E1
4.762065019E0,2.067398787E0,-3.158525825E-1,8.729017258E0,8.976059429E0
4.764440539E0,-4.048655987E0,2.249253243E-1,1.029870892E1,1.106822533E1
4.766816060E0,4.871787071E0,-6.987041831E-1,1.018385315E1,1.131076309E1
4.769191581E0,-4.216153622E0,7.130611539E-1,8.939585686E0,9.909621577E0
4.771567102E0,2.770888567E0,4.785645287E-3,1.183968639E1,1.215960609E1
4.773942623E0,-1.229910851E0,-1.009771109E0,7.700103283E0,7.862818131E0
4.776318092E0,-1.521835208E0,7.992027402E-1,1.188275719E1,1.200644101E1
4.778693612E0,4.058227062E0,-5.503492355E-1,8.834300995E0,9.737400333E0
4.781069133E0,-4.823930264E0,1.531406492E-1,9.667003632E0,1.080484680E1
4.783444654E0,4.450650215E0,-3.780659735E-1,1.140419292E1,1.224772785E1
4.785820175E0,-3.598805189E0,6.795616150E-1,8.006384850E0,8.804283113E0
4.788195696E0,7.752745152E-1,-1.914258152E-1,1.181575775E1,1.184271192E1
4.790571217E0,1.507478237E0,-1.081555843E0,8.604590416E0,8.802342296E0
4.792946737E0,-2.804388046E0,6.652047038E-1,1.106919765E1,1.143827899E1
4.795322258E0,3.976871252E0,-3.828516230E-2,9.231510162E0,1.005175361E1
4.797697779E0,-5.335994720E0,-4.211367965E-1,8.642875671E0,1.016609540E1
4.800073300E0,4.407579422E0,2.440679073E-1,1.279202938E1,1.353227036E1
4.802448821E0,-2.057827473E0,-1.100698411E-1,7.106683254E0,7.399440259E0
4.804824342E0,-1.574477315E0,2.871387303E-1,1.181097221E1,1.191891321E1
4.807199862E0,3.397808075E0,-1.229910851E0,8.977870941E0,9.677806934E0
4.809575383E0,-3.498306751E0,1.158126116E0,1.062413216E1,1.124506960E1
4.811950904E0,3.857230186E0,-3.397808075E-1,1.018385315E1,1.089516134E1
4.814326425E0,-4.733003139E0,-4.546363056E-1,7.867600918E0,9.192777442E0
4.816701946E0,2.823530674E0,5.742774606E-1,1.287338543E1,1.319189799E1
4.819077467E0,-2.488535494E-1,-4.259224236E-1,7.810173035E0,7.825735801E0
4.821452987E0,-2.368894339E0,3.637090325E-1,1.109791183E1,1.135374792E1
4.823828508E0,4.034298897E0,-6.987041831E-1,9.260223389E0,1.012499345E1
4.826204029E0,-4.359723091E0,6.412764788E-1,9.829715729E0,1.077226681E1
4.828579654E0,3.785445452E0,-5.742774159E-2,1.102134132E1,1.165344841E1
4.830955071E0,-3.340380430E0,-9.092725813E-2,7.972885132E0,8.644842770E0
4.833330592E0,1.435693622E0,1.914258115E-2,1.211725426E1,1.220202579E1
4.835706112E0,1.081555843E0,-7.657032460E-2,8.623732567E0,8.691627548E0
4.838081633E0,-3.086741209E0,2.201396823E-1,1.043749237E1,1.088658256E1
4.840457154E0,4.565505505E0,-5.742774159E-2,9.887143135E0,1.089048841E1
4.842832675E0,-4.441078663E0,1.148554832E-1,8.805587769E0,9.862796126E0
4.845208196E0,3.632304668E0,-2.201396823E-1,1.193539906E1,1.247781428E1
4.847583717E0,-2.206182480E0,5.024927258E-1,8.121239662E0,8.430555956E0
4.849959237E0,1.627119333E-1,1.244267747E-1,1.149512005E1,1.149694490E1
4.852334758E0,2.359323025E0,-5.312066078E-1,8.724231720E0,9.053220681E0
4.854710279E0,-3.790230989E0,3.924229145E-1,1.056191921E1,1.122826719E1
4.857085800E0,4.742574692E0,-2.919243574E-1,1.010249710E1,1.116412478E1
4.859461321E0,-4.063013077E0,4.881358147E-1,8.877371788E0,9.775176812E0
4.861836842E0,2.861815929E0,2.105683982E-1,1.194018459E1,1.228016032E1
4.864212362E0,-1.067198873E0,-2.057827413E-1,7.867600918E0,7.942317305E0
4.866587883E0,-1.818545222E0,1.148554832E-1,1.128933716E1,1.143544630E1
4.868963404E0,4.407579422E0,-6.125625968E-1,9.580862045E0,1.056384905E1
4.871338925E0,-4.287938118E0,4.833501875E-1,9.695717812E0,1.061258614E1
4.873714394E0,3.823730469E0,3.589234054E-1,1.082512951E1,1.148621650E1
4.876089967E0,-4.144368649E0,-1.579262912E-1,7.719245911E0,8.762847119E0
4.878465435E0,2.038684845E0,-8.135596663E-2,1.247139168E1,1.263718581E1
4.880841008E0,1.071984529E0,1.579262912E-1,8.618947029E0,8.686791090E0
4.883216529E0,-3.445664644E0,2.249253243E-1,1.031785107E1,1.088031465E1
4.885591998E0,4.287938118E0,-9.332008362E-1,9.815358162E0,1.075167582E1
4.887967519E0,-4.517649174E0,1.210768223E0,9.537791252E0,1.062283275E1
4.890343039E0,3.345165968E0,-2.488535494E-1,1.132762241E1,1.181385174E1
4.892718560E0,-2.775674343E0,-5.024927258E-1,7.762316704E0,8.258960444E0
4.895094081E0,-2.727817893E-1,3.110669553E-1,1.186361504E1,1.187082703E1
4.897469602E0,2.330609322E0,-1.244267747E-1,9.068798065E0,9.364310983E0
4.899845123E0,-3.933800459E0,2.775674164E-1,1.013599682E1,1.087613264E1
4.902220644E0,4.134797573E0,-2.823530734E-1,1.034656525E1,1.114574747E1
4.904596164E0,-4.804787636E0,1.914258152E-1,8.293522835E0,9.586717325E0
4.906971685E0,2.565105915E0,-1.531406492E-1,1.211246777E1,1.238204732E1
4.909347206E0,-8.470591903E-1,2.679961324E-1,8.652446747E0,8.697940325E0
4.911722727E0,-2.014756680E0,1.387837082E-1,1.064327526E1,1.083318114E1
4.914098248E0,3.239881754E0,-1.024128079E0,9.183652878E0,9.792096419E0
4.916473717E0,-4.479363918E0,8.039883971E-1,1.024606609E1,1.121128756E1
4.918849289E0,3.914657831E0,-2.057827413E-1,1.057627583E1,1.127938397E1
4.921224810E0,-4.029513359E0,-1.914258152E-1,8.015955925E0,8.973804720E0
4.923600331E0,1.454836130E0,-9.571290575E-3,1.237567902E1,1.246090169E1
4.925975852E0,3.684946895E-1,1.196411327E-1,8.484949112E0,8.493789718E0
4.928351373E0,-3.182454109E0,-4.307080805E-2,1.050927734E1,1.098065479E1
4.930726894E0,4.192225456E0,-6.077769399E-1,9.868000984E0,1.073878906E1
4.933102414E0,-4.613361835E0,3.062812984E-1,9.399007797E0,1.047464860E1
4.935477935E0,3.349951744E0,2.392822690E-2,1.128455162E1,1.177131490E1
4.937853404E0,-3.048455954E0,-2.249253243E-1,8.011170387E0,8.574527747E0
4.940228977E0,5.551348329E-1,-1.435693540E-2,1.212682533E1,1.213953349E1
4.942604498E0,1.852044702E0,-1.962114573E-1,8.537590981E0,8.738365308E0
4.944980019E0,-4.091726780E0,2.440679073E-1,1.031785107E1,1.110224517E1
4.947355539E0,4.656432629E0,-8.279166222E-1,1.005942631E1,1.111574867E1
4.949731060E0,-4.144368649E0,7.657032609E-1,9.207581520E0,1.012628512E1
4.952106581E0,2.842673302E0,-2.871387079E-2,1.156690502E1,1.191112538E1
4.954482102E0,-1.722832322E0,-9.236295223E-1,7.594819069E0,7.842354200E0
4.956857623E0,-9.475577474E-1,6.556333899E-1,1.223210907E1,1.228626115E1
4.959233144E0,3.608376503E0,-4.594219327E-1,8.796015739E0,9.518473743E0
4.961608664E0,-4.292723656E0,1.962114573E-1,9.772287369E0,1.067537239E1
4.963984185E0,4.517649174E0,-4.354937077E-1,1.091605663E1,1.182197535E1
4.966359706E0,-3.900300980E0,6.747759581E-1,8.446663857E0,9.328118815E0
4.968735227E0,2.043470621E0,-9.092725813E-2,1.197368431E1,1.214714600E1
4.971110748E0,1.387837082E-1,-4.977070987E-1,8.140382767E0,8.156764362E0
4.973486217E0,-2.124826431E0,1.866401732E-1,1.127976608E1,1.147967094E1
4.975861737E0,4.268795490E0,-2.249253243E-1,9.317651749E0,1.025143114E1
4.978237206E0,-4.584648132E0,2.105683982E-1,9.470791817E0,1.052422136E1
4.980612779E0,4.273581028E0,4.785645381E-2,1.143769264E1,1.221010229E1
4.982988300E0,-3.192025423E0,1.292124242E-1,7.776673794E0,8.407281216E0
4.985363821E0,6.269195080E-1,2.392822690E-2,1.201675510E1,1.203312112E1
4.987739342E0,1.631905079E0,-6.508477330E-1,8.518448830E0,8.697740363E0
4.990114862E0,-2.880958557E0,5.312066078E-1,1.081077290E1,1.120066575E1
4.992490383E0,4.220939159E0,0.000000000E0,9.585647583E0,1.047382294E1
4.994865904E0,-5.000999451E0,2.392822690E-2,8.638090134E0,9.981341053E0
4.997241425E0,3.790230989E0,-8.614161611E-2,1.228953743E1,1.286102646E1
4.999616946E0,-1.794616938E0,2.009970993E-1,7.896314621E0,8.100174960E0
5.001992467E0,-7.178468108E-1,1.866401732E-1,1.167218876E1,1.169573123E1
5.004367987E0,2.522035122E0,-6.939185858E-1,8.618947029E0,9.007132288E0
5.006743508E0,-3.948157310E0,3.828516304E-1,1.042313576E1,1.115241142E1
5.009119029E0,4.637290478E0,-5.264209956E-2,1.039442158E1,1.138205755E1
5.011494550E0,-4.340580463E0,3.924229145E-1,8.384450912E0,9.449531819E0
5.013870071E0,2.445464849E0,-1.722832322E-1,1.203111267E1,1.227834077E1
5.016245592E0,-1.272981644E0,-2.727817893E-1,8.102097511E0,8.206026825E0
5.018621008E0,-1.014556766E0,-1.052841991E-1,1.132283688E1,1.136868704E1
5.020996581E0,3.273381472E0,-9.571290575E-3,9.303294182E0,9.862372965E0
5.023372154E0,-4.268795490E0,3.732803464E-1,9.705288887E0,1.060917459E1
5.025747675E0,4.125226021E0,-1.818545163E-1,1.049491978E1,1.127802739E1
5.028123196E0,-3.967299938E0,-7.657032460E-2,8.384450912E0,9.276009321E0
5.030498664E0,2.617748022E0,-1.004985496E-1,1.224646664E1,1.252352386E1
5.032874237E0,-3.014956415E-1,-3.349951655E-2,8.231309891E0,8.236897739E0
5.035249758E0,-2.569891453E0,2.919243574E-1,1.087298584E1,1.117637611E1
5.037625279E0,4.225724697E0,-7.944171429E-1,9.279366493E0,1.022714478E1
5.040000800E0,-4.077369690E0,4.163511395E-1,1.009292603E1,1.089336714E1
5.042376321E0,4.048655987E0,8.614161611E-2,1.093998528E1,1.166543242E1
5.044751842E0,-3.670589924E0,-3.349951655E-2,7.704888821E0,8.534615653E0
5.047127310E0,1.062413216E0,-3.158525825E-1,1.242832088E1,1.247764580E1
5.049502883E0,1.813759565E0,9.571290761E-2,8.953942299E0,9.136299438E0
5.051878404E0,-2.943171740E0,4.785645287E-3,1.004506969E1,1.046736395E1
5.054253925E0,3.967299938E0,-8.709874153E-1,9.853643417E0,1.065797244E1
5.056629446E0,-4.474578381E0,7.800601721E-1,9.533005714E0,1.055976058E1
5.059004967E0,3.857230186E0,-2.632105052E-1,1.110269737E1,1.175658936E1
5.061380487E0,-2.459821701E0,-3.110669553E-1,8.020741463E0,8.395223586E0
5.063756008E0,9.571290761E-2,-7.657032460E-2,1.205982590E1,1.206044877E1
5.066131529E0,2.057827473E0,9.092725813E-2,8.781659126E0,9.020003253E0
5.068507050E0,-3.503092289E0,-1.148554832E-1,1.018385315E1,1.077013056E1
5.070882571E0,4.340580463E0,-4.067798555E-1,1.028435135E1,1.117022790E1
5.073258039E0,-4.311866283E0,2.392822653E-1,8.805587769E0,9.807539080E0
5.075633560E0,2.861815929E0,-1.770688742E-1,1.167218876E1,1.201920689E1
5.078009081E0,-1.852044702E0,-3.158525825E-1,8.207381248E0,8.419675729E0
5.080384602E0,-2.632105052E-1,4.307080805E-2,1.174397373E1,1.174700191E1
5.082760123E0,2.536391973E0,-1.531406492E-1,8.681160927E0,9.045401668E0
5.085135644E0,-4.321437836E0,2.297109663E-1,1.021735287E1,1.109603045E1
5.087511164E0,4.493721008E0,-8.087740541E-1,1.025085258E1,1.122174776E1
5.089886685E0,-3.924229145E0,4.929214716E-1,9.078369141E0,9.902491212E0
5.092262206E0,2.550748825E0,7.657032460E-2,1.160040379E1,1.187777549E1
5.094637727E0,-1.411765337E0,-2.249253243E-1,7.834101200E0,7.963467485E0
5.097013248E0,-1.670190215E0,-3.541377485E-1,1.158126163E1,1.170643284E1
5.099388769E0,4.292723656E0,-3.254238665E-1,9.600004196E0,1.052109584E1
5.101764289E0,-4.101297855E0,3.254238665E-1,9.504291534E0,1.035654877E1
5.104139810E0,3.550948858E0,-4.785645381E-2,1.056670475E1,1.114750094E1
5.106515331E0,-4.125226021E0,-2.057827413E-1,8.178668022E0,9.162447647E0
5.108890852E0,2.813959360E0,-3.493520916E-1,1.259581852E1,1.291104405E1
5.111266373E0,3.684946895E-1,2.727817893E-1,8.417949677E0,8.430425553E0
5.113641894E0,-2.823530674E0,4.785645287E-3,1.060499001E1,1.097443217E1
5.116017414E0,3.909872293E0,-9.092726111E-1,9.499505997E0,1.031283144E1
5.118392935E0,-3.699303865E0,5.934200287E-1,1.011206818E1,1.078382674E1
5.120768456E0,3.804588079E0,-3.924229145E-1,1.062891865E1,1.129614084E1
5.123143977E0,-3.349951744E0,9.571290761E-2,8.159524918E0,8.820951453E0
5.125519498E0,1.105484009E0,-1.674975902E-1,1.235175037E1,1.240225333E1
5.127895019E0,1.330409408E0,-1.579262912E-1,8.528019905E0,8.632615676E0
5.130270539E0,-2.474178553E0,1.004985496E-1,1.059541893E1,1.088092651E1
5.132646060E0,3.862015724E0,-2.392822653E-1,9.647860527E0,1.039488500E1
5.135021581E0,-4.460221291E0,2.249253243E-1,9.312865257E0,1.032829244E1
5.137397102E0,4.015156269E0,-4.642075896E-1,1.125583744E1,1.195955037E1
5.139772623E0,-2.431107759E0,1.387837082E-1,8.604590416E0,8.942512068E0
5.142148144E0,7.992027402E-1,1.531406492E-1,1.162911797E1,1.165755385E1
5.144523664E0,1.110269666E0,-7.178468257E-2,8.374878883E0,8.448458326E0
5.146899185E0,-3.177668571E0,-4.307080805E-2,1.068156052E1,1.114428857E1
5.149274706E0,5.072783947E0,-6.891329288E-1,1.003549862E1,1.126584545E1
5.151650175E0,-4.173082829E0,2.297109663E-1,9.121439934E0,1.003334709E1
5.154025748E0,3.282952785E0,3.110669553E-1,1.144247818E1,1.190818410E1
5.156401269E0,-2.656033039E0,3.349951655E-2,7.929814339E0,8.362869673E0
5.158776789E0,6.508477330E-1,-2.105683982E-1,1.190668583E1,1.192632002E1
5.161152310E0,2.469393015E0,-2.584248483E-1,8.762516975E0,9.107490818E0
5.163527779E0,-3.646661758E0,2.344966233E-1,1.031785107E1,1.094582940E1
5.165903352E0,4.278367043E0,-4.642075896E-1,9.896714211E0,1.079188887E1
5.168278821E0,-4.249652863E0,1.100698411E-1,9.217152596E0,1.015024959E1
5.170654342E0,3.708875179E0,1.770688742E-1,1.175354481E1,1.232610742E1
5.173029862E0,-1.861616015E0,2.297109663E-1,7.838887215E0,8.060182013E0
5.175405383E0,-1.354337573E0,-1.579262912E-1,1.159083271E1,1.167075721E1
5.177780904E0,3.503092289E0,-6.939185858E-1,8.901300430E0,9.590950315E0
5.180156425E0,-3.598805189E0,3.110669553E-1,1.043270683E1,1.104035929E1
5.182531946E0,3.957728624E0,1.387837082E-1,1.011206818E1,1.085987107E1
5.184907467E0,-4.570291042E0,2.057827413E-1,8.331808090E0,9.505205563E0
5.187282987E0,2.670390129E0,-5.647061467E-1,1.219861031E1,1.250023879E1
5.189658508E0,-1.100698411E-1,4.163511395E-1,8.834300995E0,8.844791558E0
5.192034029E0,-1.928615093E0,-1.866401732E-1,1.055234814E1,1.072876703E1
5.194409550E0,2.904886723E0,-5.694918036E-1,9.121439934E0,9.589752565E0
5.196785071E0,-4.264009953E0,2.919243574E-1,1.029392338E1,1.114593465E1
5.199160539E0,4.622933388E0,-1.100698411E-1,1.060499001E1,1.156933194E1
5.201536112E0,-3.933800459E0,3.206382394E-1,8.374878883E0,9.258303907E0
5.203911633E0,1.339980721E0,-2.775674164E-1,1.191625690E1,1.199457255E1
5.206287154E0,-1.292124242E-1,-2.679961324E-1,8.480163574E0,8.485381077E0
5.208662675E0,-1.646261930E0,4.211367965E-1,1.109791183E1,1.122725174E1
5.211038196E0,3.182454109E0,-4.163511395E-1,9.174081802E0,9.719317844E0
5.213413717E0,-4.436293125E0,1.914258115E-2,9.786644936E0,1.074520741E1
5.215789237E0,4.106083870E0,-9.571290761E-2,1.078684425E1,1.154231756E1
5.218164758E0,-3.603590965E0,1.292124242E-1,8.513663292E0,9.245811286E0
5.220540279E0,1.708475351E0,1.004985496E-1,1.182532978E1,1.194853181E1
5.222915800E0,-8.135596663E-2,-9.571290761E-2,8.350951195E0,8.351895929E0
5.225291321E0,-2.560320139E0,-2.727817893E-1,1.094477081E1,1.124356070E1
5.227666842E0,4.345366001E0,-4.642075896E-1,9.590433121E0,1.053916988E1
5.230042362E0,-3.991228104E0,6.843472719E-1,9.753145218E0,1.056040125E1
5.232417883E0,3.297309637E0,-1.722832322E-1,1.058106136E1,1.108425875E1
5.234793404E0,-3.512663603E0,9.571290575E-3,8.121239662E0,8.848357523E0
5.237168925E0,1.679761529E0,-3.302095234E-1,1.229432297E1,1.241293738E1
5.239544446E0,1.186840057E0,8.614161611E-2,8.714659691E0,8.795527456E0
5.241919967E0,-2.694318295E0,1.531406492E-1,1.051406288E1,1.085487547E1
5.244295487E0,3.680161238E0,-4.737788737E-1,9.375079155E0,1.008266643E1
5.246671008E0,-4.216153622E0,-9.571290575E-3,9.652647018E0,1.053326338E1
5.249046529E0,4.517649174E0,-3.349951655E-2,1.140419292E1,1.226645395E1
5.251422050E0,-2.976671457E0,4.977070987E-1,8.121239662E0,8.663880134E0
5.253797571E0,6.077769399E-1,-4.785645381E-2,1.155733299E1,1.157340179E1
5.256173092E0,1.062413216E0,-5.982056856E-1,8.456234932E0,8.543680770E0
5.258548560E0,-2.167897224E0,-1.866401732E-1,1.111226845E1,1.132330000E1
5.260924081E0,4.287938118E0,8.135596663E-2,9.920642853E0,1.080796867E1
5.263299602E0,-4.350151539E0,5.072783828E-1,8.925228119E0,9.941873402E0
5.265675123E0,3.354737282E0,-6.891329288E-1,1.120319557E1,1.171498004E1
5.268050644E0,-2.239681959E0,2.344966233E-1,8.724231720E0,9.010182187E0
5.270426164E0,1.196411371E0,-4.307080805E-2,1.148554897E1,1.154777427E1
5.272801685E0,6.412764788E-1,-1.004985496E-1,8.427521706E0,8.452482332E0
5.275177206E0,-3.072384357E0,-3.110669553E-1,1.094477081E1,1.137208496E1
5.277552727E0,4.756931305E0,-2.727817893E-1,9.911071777E0,1.099691544E1
5.279928248E0,-4.082155228E0,6.556333899E-1,9.241081238E0,1.012380506E1
5.282303769E0,3.019742250E0,-2.536391914E-1,1.103091240E1,1.143958935E1
5.284679289E0,-3.196810961E0,-8.135596663E-2,8.193024635E0,8.794991290E0
5.287054810E0,1.153340459E0,-1.387837082E-1,1.196411324E1,1.202037689E1
5.289430331E0,1.292124271E0,5.742774159E-2,8.891729355E0,8.985306561E0
5.291805852E0,-3.062813044E0,1.435693651E-1,1.042792130E1,1.086935962E1
5.294181373E0,3.550948858E0,-3.972085714E-1,9.442078590E0,1.009553666E1
5.296556894E0,-4.465006828E0,-1.914258115E-2,9.432506561E0,1.043593946E1
5.298932414E0,4.101297855E0,1.770688742E-1,1.163868904E1,1.234143752E1
5.301307935E0,-3.254238844E0,5.647061467E-1,7.819744587E0,8.488661195E0
5.303683456E0,1.387837082E-1,-5.790630579E-1,1.153819084E1,1.155354590E1
5.306058977E0,1.076770186E0,-3.493520916E-1,8.867800713E0,8.939763442E0
5.308434498E0,-2.469393015E0,7.561319470E-1,1.095434189E1,1.125465431E1
5.310810019E0,3.354737282E0,-5.120640397E-1,9.178867340E0,9.786116567E0
5.313185539E0,-4.488935471E0,-1.579262912E-1,9.657432556E0,1.065089132E1
5.315561060E0,3.799802303E0,3.828516304E-1,1.143290615E1,1.205389630E1
5.317936581E0,-3.349951744E0,2.153540403E-1,7.929814339E0,8.611069010E0
5.320312102E0,8.757730722E-1,-4.163511395E-1,1.168175983E1,1.172193839E1
5.322687623E0,7.178468108E-1,-1.866401732E-1,8.824729919E0,8.855845344E0
5.325063144E0,-2.651247501E0,2.871387303E-1,1.082991505E1,1.115341301E1
5.327438664E0,3.661018610E0,-2.440679073E-1,9.178867340E0,9.885050938E0
5.329814185E0,-4.086941242E0,2.919243574E-1,9.915857315E0,1.072905098E1
5.332189706E0,3.790230989E0,-4.737788737E-1,1.077727318E1,1.143415649E1
5.334565227E0,-3.330809116E0,1.292124242E-1,8.379665375E0,9.018302335E0
5.336940748E0,1.225125194E0,-9.571290575E-3,1.178225899E1,1.184578618E1
5.339316269E0,6.987041831E-1,1.483550072E-1,8.819944382E0,8.848820014E0
5.341691789E0,-2.196611166E0,-1.818545163E-1,1.053799057E1,1.076603070E1
5.344067258E0,3.680161238E0,-4.785645306E-1,9.403793335E0,1.010959642E1
5.346442831E0,-4.115654945E0,1.435693540E-2,9.767501831E0,1.059919402E1
5.348818352E0,4.316651821E0,4.785645287E-3,1.120319557E1,1.200604418E1
5.351193821E0,-3.206382275E0,4.307080805E-1,8.169096947E0,8.786383879E0
5.353569342E0,1.349551916E0,1.914258115E-2,1.157169056E1,1.165013645E1
5.355944914E0,1.531406492E-1,-3.493520916E-1,8.508877754E0,8.517423295E0
5.358320383E0,-1.713261008E0,-5.838487148E-1,1.115055370E1,1.129650346E1
5.360695904E0,4.024727821E0,4.785645381E-2,9.609575272E0,1.041847691E1
5.363071425E0,-4.134797573E0,7.561319470E-1,9.528220177E0,1.041418582E1
5.365446946E0,3.397808075E0,-4.737788737E-1,1.027956581E1,1.083692943E1
5.367822467E0,-3.254238844E0,-2.727817893E-1,8.910871506E0,9.490422085E0
5.370197987E0,2.876172781E0,5.359922647E-1,1.211246777E1,1.246079985E1
5.372573508E0,-8.614161611E-1,-4.307080805E-2,7.738388538E0,7.786305290E0
5.374949029E0,-2.321038008E0,-8.231309652E-1,1.107398319E1,1.134450818E1
5.377324550E0,4.015156269E0,3.445664644E-1,9.915857315E0,1.070347758E1
5.379700071E0,-3.464807272E0,-1.148554832E-1,9.556933403E0,1.016627057E1
5.382075592E0,3.196810961E0,8.614161611E-2,1.054277611E1,1.101712979E1
5.384451112E0,-3.933800459E0,3.876372576E-1,8.566305161E0,9.434332663E0
5.386826633E0,2.392822742E0,-5.503492355E-1,1.144726372E1,1.170761853E1
5.389202154E0,-5.455635786E-1,-2.727817893E-1,9.016156197E0,9.036765023E0
5.391577675E0,-1.028913736E0,3.732803464E-1,1.120319557E1,1.125653556E1
5.393953196E0,1.990828395E0,-9.571290575E-3,8.513663292E0,8.743337575E0
5.396328717E0,-4.101297855E0,-3.924229145E-1,1.029392338E1,1.108780855E1
5.398704237E0,4.890929699E0,-3.876372576E-1,1.074855900E1,1.181537035E1
5.401079758E0,-3.952943087E0,8.183453679E-1,8.585447311E0,9.487115142E0
5.403455279E0,1.507478237E0,-4.354937077E-1,1.103569794E1,1.114669343E1
5.405830800E0,-1.607976794E0,-3.397808075E-1,8.834300995E0,8.985873048E0
5.408206321E0,2.871387303E-1,5.455635786E-1,1.170568848E1,1.172191243E1
5.410581842E0,1.919043779E0,-2.057827413E-1,8.542376518E0,8.757697879E0
5.412957362E0,-3.929014683E0,-5.024927258E-1,1.032263660E1,1.105651309E1
5.415332883E0,4.311866283E0,5.742774159E-2,1.034656525E1,1.120923285E1
5.417708404E0,-4.067798615E0,5.312066078E-1,8.944371223E0,9.840271470E0
5.420083925E0,2.646461725E0,-4.259224236E-1,1.112183952E1,1.144030087E1
5.422459446E0,-2.182254314E0,-1.483550072E-1,8.800801277E0,9.068536057E0
5.424834967E0,4.067798555E-1,3.924229145E-1,1.162911797E1,1.164284545E1
5.427210487E0,1.287338614E0,-1.962114573E-1,8.207381248E0,8.310044922E0
5.429586008E0,-2.991028309E0,-2.392822653E-1,1.096869946E1,1.137171377E1
5.431961529E0,4.187439442E0,-1.244267747E-1,9.925428391E0,1.077331239E1
5.434336998E0,-4.211368084E0,1.339980662E-1,9.030512810E0,9.965126102E0
5.436712571E0,3.115455151E0,1.531406492E-1,1.121755219E1,1.164315206E1
5.439088092E0,-2.656033039E0,2.057827413E-1,8.633303642E0,9.034975917E0
5.441463560E0,1.387837172E0,-1.100698411E-1,1.131326580E1,1.139860476E1
5.443839081E0,7.130611539E-1,3.349951655E-2,8.729017258E0,8.758157381E0
5.446214602E0,-3.014956474E0,-1.818545163E-1,1.056191921E1,1.098531616E1
5.448590123E0,4.498506546E0,-2.871387303E-1,9.824930191E0,1.080963751E1
5.450965644E0,-3.799802303E0,3.828516230E-2,9.403793335E0,1.014254861E1
5.453341164E0,3.373879910E0,3.397808075E-1,1.110269737E1,1.160897952E1
5.455716685E0,-3.455235958E0,2.392822653E-1,8.173882484E0,8.877402007E0
5.458092206E0,1.770688772E0,-3.972085714E-1,1.160519028E1,1.174621449E1
5.460467727E0,1.052842021E0,-1.579262912E-1,9.044869423E0,9.107309148E0
5.462843248E0,-2.459821701E0,7.178468257E-2,1.061934662E1,1.090075220E1
5.465218769E0,3.708875179E0,-9.092725813E-2,9.212367058E0,9.931350848E0
5.467594289E0,-4.168296814E0,-2.009970993E-1,9.810572624E0,1.066125853E1
5.469969810E0,4.484149456E0,-6.699903309E-2,1.143769264E1,1.228547509E1
5.472345331E0,-3.139383316E0,2.967100143E-1,8.030312538E0,8.627263987E0
5.474720852E0,7.513462901E-1,1.674975902E-1,1.168175983E1,1.170709569E1
5.477096373E0,7.369893789E-1,-4.354937077E-1,8.551948547E0,8.594686269E0
5.479471894E0,-1.933400750E0,-3.397808075E-1,1.103569794E1,1.120893030E1
5.481847414E0,4.034298897E0,-1.148554832E-1,9.614361763E0,1.042711425E1
5.484222935E0,-4.709074974E0,2.201396823E-1,9.241081238E0,1.037407495E1
5.486598456E0,3.565305710E0,-9.571290761E-2,1.119362450E1,1.174809751E1
5.488973977E0,-2.679961443E0,-2.105683982E-1,8.595019341E0,9.005603247E0
5.491349498E0,1.349551916E0,-1.100698411E-1,1.152383423E1,1.160310997E1
5.493725019E0,5.982056856E-1,-1.148554832E-1,8.590232849E0,8.611802496E0
5.496100539E0,-3.402593851E0,-2.153540403E-1,1.067677498E1,1.120792337E1
5.498476008E0,4.766502857E0,-4.354937077E-1,9.978070259E0,1.106666573E1
5.500851581E0,-4.072584152E0,7.657032460E-2,9.293723106E0,1.014717172E1
5.503227102E0,2.919243574E0,2.201396823E-1,1.123669529E1,1.161179424E1
5.505602623E0,-3.311666489E0,-9.571290575E-3,8.269595146E0,8.908054245E0
5.507978144E0,1.067198873E0,-7.082754970E-1,1.163390350E1,1.170419918E1
5.510353664E0,1.751546144E0,-3.302095234E-1,9.131011009E0,9.303349627E0
5.512729185E0,-3.201596737E0,4.115654826E-1,1.070548820E1,1.118155112E1
5.515104706E0,3.378665686E0,-1.292124242E-1,9.135796547E0,9.741399089E0
5.517480227E0,-4.436293125E0,-3.637090325E-1,9.633503914E0,1.061213356E1
5.519855748E0,4.359723091E0,-1.866401732E-1,1.181097221E1,1.259130988E1
5.522231269E0,-2.775674343E0,5.216353536E-1,7.953742504E0,8.440289765E0
5.524606789E0,-7.561319470E-1,-3.684946895E-1,1.117926693E1,1.121086673E1
5.526982310E0,2.019542217E0,-6.987041831E-1,9.121439934E0,9.368425949E0
5.529357831E0,-2.148754835E0,4.402793646E-1,1.113141060E1,1.134545262E1
5.531733352E0,3.259024382E0,-2.679961324E-1,9.111868858E0,9.680868553E0
5.534108873E0,-4.670789719E0,-1.148554832E-1,9.413364410E0,1.050908644E1
5.536484394E0,4.120440483E0,3.541377485E-1,1.201196957E1,1.270397010E1
5.538859914E0,-2.249253273E0,-7.178468257E-2,7.609176159E0,7.934976695E0
5.541235331E0,-2.392822690E-2,-5.312066078E-1,1.138026428E1,1.139268046E1
5.543610904E0,1.847259045E0,-2.584248483E-1,9.183652878E0,9.371159457E0
5.545986425E0,-2.900100946E0,7.130611539E-1,1.088255692E1,1.128490526E1
5.548361946E0,4.211368084E0,-6.125625968E-1,9.236295700E0,1.016956304E1
5.550737467E0,-4.072584152E0,-2.488535494E-1,9.394221306E0,1.024203416E1
5.553112987E0,3.823730469E0,3.493520916E-1,1.170568848E1,1.231933863E1
5.555488508E0,-2.761317253E0,3.445664644E-1,7.795815945E0,8.277580882E0
5.557864029E0,4.402793646E-1,-4.402793646E-1,1.127976608E1,1.129693829E1
5.560239550E0,1.895115495E0,-3.637090325E-1,9.470791817E0,9.665383833E0
5.562615071E0,-2.249253273E0,1.914258115E-2,1.058106136E1,1.081750278E1
5.564990592E0,3.574877024E0,1.339980662E-1,9.140582085E0,9.815698756E0
5.567366112E0,-4.455435753E0,7.178468257E-2,9.566504478E0,1.055339134E1
5.569741633E0,4.302295208E0,-1.962114573E-1,1.141854954E1,1.220375010E1
5.572117154E0,-2.598605394E0,5.742774159E-2,8.231309891E0,8.631947084E0
5.574492675E0,6.364908218E-1,-1.435693540E-2,1.146162033E1,1.147928862E1
5.576868196E0,1.004985452E0,-3.828516304E-1,8.776873589E0,8.842515542E0
5.579243717E0,-1.990828395E0,-8.135596663E-2,1.096391296E1,1.114349155E1
5.581619237E0,3.991228104E0,2.871387079E-2,9.552147865E0,1.035249994E1
5.583994758E0,-4.522434711E0,1.387837082E-1,9.188439369E0,1.024202591E1
5.586370279E0,3.455235958E0,-2.584248483E-1,1.129412270E1,1.181366355E1
5.588745800E0,-2.478964329E0,-3.158525825E-1,8.666803360E0,9.019895092E0
5.591121321E0,1.665404558E0,2.632105052E-1,1.184925747E1,1.196861540E1
5.593496842E0,1.004985496E-1,2.392822690E-2,8.068597794E0,8.069259128E0
5.595872362E0,-3.182454109E0,-7.274180651E-1,1.069591713E1,1.118301366E1
5.598247883E0,4.833501816E0,-2.632105052E-1,1.026042366E1,1.134496863E1
5.600623404E0,-3.876372576E0,4.067798555E-1,9.379864693E0,1.015744042E1
5.602998925E0,2.713460922E0,-2.201396823E-1,1.055234814E1,1.089786139E1
5.605374446E0,-3.555734396E0,-3.110669553E-1,8.843872070E0,9.536985003E0
5.607749967E0,2.321038008E0,2.727817893E-1,1.209811115E1,1.232176614E1
5.610125487E0,5.264209956E-2,-8.135596663E-2,8.250452042E0,8.251021081E0
5.612501008E0,-2.847458839E0,-7.752745152E-1,1.051884842E1,1.092498258E1
5.614876529E0,3.718446493E0,-9.571290575E-3,9.920642853E0,1.059462555E1
5.617252050E0,-3.938585997E0,4.498506486E-1,9.734002113E0,1.051026272E1
5.619627571E0,3.359523058E0,-2.488535494E-1,1.048534870E1,1.101321300E1
5.622003092E0,-3.751945972E0,-1.627119333E-1,8.843872070E0,9.608207270E0
5.624378612E0,2.153540373E0,3.684946895E-1,1.185404301E1,1.205370732E1
5.626754133E0,-9.427721500E-1,-8.614161611E-2,7.910671711E0,7.967117837E0
5.629129654E0,-1.708475351E0,-2.057827413E-1,1.114576817E1,1.127782703E1
5.631505123E0,3.086741209E0,-1.962114573E-1,9.418149948E0,9.913022681E0
5.633880644E0,-3.799802303E0,4.307080805E-2,1.019342422E1,1.087870627E1
5.636256164E0,3.641875982E0,1.483550072E-1,1.004985523E1,1.069040972E1
5.638631685E0,-4.010370731E0,4.019941986E-1,8.939585686E0,9.806164641E0
5.641007206E0,2.694318295E0,-7.178468257E-2,1.139462185E1,1.170905253E1
5.643382727E0,-1.478764415E0,1.627119333E-1,8.456234932E0,8.586100896E0
5.645758248E0,-1.215553880E0,-6.029912829E-1,1.087298584E1,1.095732590E1
5.648133769E0,3.148954630E0,-1.387837082E-1,9.686145782E0,1.018609819E1
5.650509237E0,-3.158525944E0,6.699903607E-1,1.019820976E1,1.069713305E1
5.652884810E0,3.302095175E0,-4.594219327E-1,9.470791817E0,1.004045809E1
5.655260331E0,-4.130012035E0,-1.387837082E-1,9.461220741E0,1.032428972E1
5.657635852E0,3.814159393E0,4.019941986E-1,1.190190029E1,1.250458483E1
5.660011373E0,-1.919043779E0,3.014956415E-1,7.925028801E0,8.159639094E0
5.662386894E0,-3.014956415E-1,-8.183453679E-1,1.096391296E1,1.099854428E1
5.664762414E0,1.938186288E0,0.000000000E0,9.600004196E0,9.793704440E0
5.667137935E0,-2.493321180E0,3.780659735E-1,1.051884842E1,1.081691992E1
5.669513456E0,3.656233072E0,-2.967100143E-1,9.418149948E0,1.010730555E1
5.671888977E0,-3.637090445E0,-5.551348329E-1,9.542576790E0,1.022728573E1
5.674264498E0,4.015156269E0,4.977070987E-1,1.163868904E1,1.232186166E1
5.676640019E0,-3.316452265E0,1.292124242E-1,7.647460938E0,8.336618635E0
5.679015539E0,1.426122308E0,-3.349951804E-1,1.152861977E1,1.162132180E1
5.681391060E0,5.455635786E-1,-3.924229145E-1,9.365508080E0,9.389588753E0
5.683766581E0,-1.028913736E0,3.732803464E-1,1.095912743E1,1.101364951E1
5.686142102E0,2.656033039E0,-1.531406492E-1,8.638090134E0,9.038504562E0
5.688517623E0,-3.713660717E0,-3.780659735E-1,1.027478027E1,1.093184886E1
5.690893144E0,4.493721008E0,-1.435693651E-1,1.094477081E1,1.183225037E1
5.693268664E0,-3.474378586E0,7.274180651E-1,8.451449394E0,9.166648268E0
5.695644185E0,1.684547186E0,-1.674975902E-1,1.102134132E1,1.115059278E1
5.698019706E0,-1.296909928E0,-4.259224236E-1,9.212367058E0,9.312952919E0
5.700395227E0,9.762716293E-1,1.579262912E-1,1.135155106E1,1.139454950E1
5.702770748E0,1.210768223E0,1.722832322E-1,8.269595146E0,8.359536176E0
5.705146269E0,-3.742374659E0,-6.699903607E-1,1.036570740E1,1.104093044E1
5.707521789E0,4.651647091E0,3.158525825E-1,1.047099209E1,1.146207917E1
5.709897310E0,-3.627519131E0,4.067798555E-1,9.049654961E0,9.758105339E0
5.712272831E0,2.388036966E0,-2.775674164E-1,1.055234814E1,1.082274528E1
5.714648352E0,-3.019742250E0,5.742774159E-2,9.159725189E0,9.644827979E0
5.717023873E0,1.962114573E0,2.967100143E-1,1.151426220E1,1.168401320E1
5.719399394E0,-2.488535494E-1,2.632105052E-1,8.465806961E0,8.473552700E0
5.721774914E0,-2.000399828E0,-9.188438654E-1,1.033699417E1,1.056879000E1
5.724150383E0,3.053241730E0,3.349951804E-1,1.000678444E1,1.046758051E1
5.726525904E0,-3.598805189E0,4.211367965E-1,9.729216576E0,1.038202341E1
5.728901425E0,3.359523058E0,-1.148554832E-1,1.008335495E1,1.062890559E1
5.731276946E0,-3.641875982E0,-2.536391914E-1,9.078369141E0,9.784905710E0
5.733652519E0,3.091526747E0,4.211367965E-1,1.163868904E1,1.204964632E1
5.736027935E0,-2.713460922E0,4.163511395E-1,7.819744587E0,8.287618708E0
5.738403508E0,2.679961324E-1,-4.115654826E-1,1.120319557E1,1.121395555E1
5.740779029E0,1.052842021E0,-1.674975902E-1,9.494720459E0,9.554383725E0
5.743154550E0,-1.617548108E0,4.354937077E-1,1.067198944E1,1.080266056E1
5.745530019E0,2.560320139E0,-6.221338734E-2,8.824729919E0,9.188850193E0
5.747905592E0,-3.909872293E0,-4.211367965E-1,1.000199890E1,1.074729918E1
5.750281112E0,4.273581028E0,9.571290575E-3,1.106919765E1,1.186552667E1
5.752656633E0,-3.397808075E0,6.269195080E-1,8.422736168E0,9.103878972E0
5.755032154E0,1.416550994E0,-2.057827413E-1,1.100698376E1,1.109966912E1
5.757407675E0,-1.330409408E0,-5.168496966E-1,9.145368576E0,9.256073098E0
5.759783196E0,9.762716293E-1,4.307080805E-1,1.131326580E1,1.136347653E1
5.762158717E0,1.119840980E0,-3.828516230E-2,8.556734085E0,8.629786079E0
5.764534185E0,-3.570091486E0,-9.427721500E-1,1.009292603E1,1.074716373E1
5.766909758E0,4.383651257E0,3.158525825E-1,1.059063339E1,1.146637156E1
5.769285279E0,-3.407379389E0,1.004985496E-1,9.360722542E0,9.962101222E0
5.771660800E0,2.565105915E0,-1.866401732E-1,1.055234814E1,1.086124551E1
5.774036321E0,-3.215953588E0,-1.579262912E-1,9.150154114E0,9.700134973E0
5.776411842E0,2.411965132E0,2.440679073E-1,1.156690502E1,1.181822477E1
5.778787362E0,-8.566305041E-1,9.571290575E-3,8.346165657E0,8.390017199E0
5.781162883E0,-1.253839016E0,-9.379864931E-1,1.047577763E1,1.059215973E1
5.783538404E0,2.273181438E0,1.579262912E-1,9.944570541E0,1.020229277E1
5.785913925E0,-2.928814888E0,1.722832322E-1,1.007856941E1,1.049691381E1
5.788289446E0,3.316452265E0,-2.153540403E-1,9.695717812E0,1.024949642E1
5.790664967E0,-3.694518089E0,-5.838487148E-1,9.442078590E0,1.015594365E1
5.793040487E0,3.421736479E0,2.775674164E-1,1.151426220E1,1.201513871E1
5.795416008E0,-3.450450182E0,4.115654826E-1,7.877171993E0,8.609577877E0
5.797791529E0,1.162911773E0,-4.546363056E-1,1.139940739E1,1.146758679E1
5.800167050E0,-2.249253243E-1,-2.871387303E-1,9.442078590E0,9.449121026E0
5.802542571E0,-2.823530734E-1,0.000000000E0,1.089212894E1,1.089578800E1
5.804918092E0,1.574477315E0,1.100698411E-1,8.518448830E0,8.663432613E0
5.807293612E0,-3.627519131E0,-5.407779217E-1,1.038006496E1,1.100895474E1
5.809669081E0,4.268795490E0,-1.100698411E-1,1.060020447E1,1.142799480E1
5.812044654E0,-3.412165165E0,5.072783828E-1,9.020941734E0,9.658032525E0
5.814420175E0,2.110469580E0,-1.339980662E-1,1.062891865E1,1.083724822E1
5.816795696E0,-2.890529871E0,-3.780659735E-1,9.049654961E0,9.507594424E0
5.819171164E0,2.483749866E0,2.967100143E-1,1.178704453E1,1.204954227E1
5.821546685E0,-3.972085714E-1,1.866401732E-1,8.274380684E0,8.286011399E0
5.823922206E0,-2.282752752E0,-9.427721500E-1,1.032742214E1,1.061863586E1
5.826297727E0,3.416950703E0,3.206382394E-1,1.018863869E1,1.075112642E1
5.828673248E0,-2.866601467E0,2.392822690E-2,9.987641335E0,1.039090737E1
5.831048769E0,3.129812002E0,-9.571290575E-3,9.920642853E0,1.040264242E1
5.833424289E0,-3.656233072E0,-3.254238665E-1,9.207581520E0,9.912290271E0
5.835799810E0,3.416950703E0,4.115654826E-1,1.154776192E1,1.204971965E1
5.838175331E0,-2.455035925E0,2.344966233E-1,8.245666504E0,8.606579236E0
5.840550852E0,7.417750359E-1,-7.848458290E-1,1.086820030E1,1.092172106E1
5.842926373E0,4.594219327E-1,7.657032460E-2,9.968499184E0,9.979374104E0
5.845301894E0,-1.100698471E0,1.531406492E-1,1.063848972E1,1.069637568E1
5.847677414E0,2.560320139E0,-1.435693651E-1,8.944371223E0,9.304709988E0
5.850052935E0,-3.115455151E0,-8.518448472E-1,1.029870892E1,1.079328985E1
5.852428456E0,3.924229145E0,2.536391914E-1,1.096869946E1,1.165230771E1
5.854803977E0,-3.670589924E0,3.924229145E-1,8.571090698E0,9.332246348E0
5.857179498E0,2.455035925E0,-3.062812984E-1,1.119362450E1,1.146377944E1
5.859555019E0,-2.096112728E0,-2.297109663E-1,9.336793900E0,9.571947347E0
5.861930539E0,1.746760488E0,2.392822690E-2,1.124148083E1,1.137640699E1
5.864306060E0,-2.727817893E-1,1.387837082E-1,8.719446182E0,8.724815903E0
5.866681581E0,-2.148754835E0,-7.178468108E-1,1.050927734E1,1.075069122E1
5.869057102E0,3.373879910E0,-1.770688742E-1,1.015513897E1,1.070239536E1
5.871432623E0,-2.713460922E0,1.914258152E-1,1.017428207E1,1.053164421E1
5.873808144E0,2.852244616E0,-5.742774159E-2,9.844072342E0,1.024911496E1
5.876183664E0,-4.168296814E0,-5.455635786E-1,9.145368576E0,1.006529206E1
5.878559185E0,3.775874138E0,3.014956415E-1,1.195932770E1,1.254486525E1
5.880934706E0,-2.431107759E0,2.249253243E-1,8.092526436E0,8.452801929E0
5.883310227E0,5.742774159E-2,-5.934200287E-1,1.091605663E1,1.093232536E1
5.885685748E0,5.168496966E-1,-1.483550072E-1,9.868000984E0,9.882640651E0
5.888061269E0,-1.000199914E0,-9.092725813E-2,1.056670475E1,1.061432602E1
5.890436789E0,2.282752752E0,1.387837082E-1,9.150154114E0,9.431624534E0
5.892812310E0,-3.541377544E0,-8.039883971E-1,9.781859398E0,1.043419980E1
5.895187831E0,3.852444410E0,2.488535494E-1,1.106919765E1,1.172307096E1
5.897563352E0,-3.689732552E0,4.546363056E-1,8.590232849E0,9.360177395E0
5.899938873E0,2.435893536E0,-4.546363056E-1,1.080120182E1,1.108179734E1
5.902314394E0,-2.311466694E0,-8.614161611E-2,9.303294182E0,9.586531244E0
5.904689914E0,1.387837172E0,3.541377485E-1,1.126540947E1,1.135609775E1
5.907065383E0,-1.435693540E-2,-2.392822690E-2,8.264809608E0,8.264856717E0
5.909440904E0,-1.517049551E0,-7.274180651E-1,1.069591713E1,1.082742904E1
5.911816425E0,2.823530674E0,1.627119333E-1,9.796216011E0,1.019630564E1
5.914191946E0,-2.938386202E0,3.302095234E-1,1.005942631E1,1.048499926E1
5.916567467E0,3.340380430E0,-1.722832322E-1,9.609575272E0,1.017505577E1
5.918942987E0,-3.503092289E0,-4.546363056E-1,9.432506561E0,1.007226537E1
5.921318508E0,3.622733593E0,3.637090325E-1,1.142812061E1,1.199409954E1
5.923694029E0,-2.723032236E0,5.694918036E-1,8.130811691E0,8.593562953E0
5.926069550E0,5.407779217E-1,-3.876372576E-1,1.081555843E1,1.083600515E1
5.928445071E0,6.891329288E-1,-1.866401732E-1,9.791430473E0,9.817425806E0
5.930820592E0,-1.339980662E-1,6.699903309E-2,1.066720295E1,1.066825492E1
5.933196112E0,1.914258122E0,3.302095234E-1,8.595019341E0,8.811797771E0
5.935571633E0,-3.589233875E0,-9.332008362E-1,9.911071777E0,1.058219294E1
5.937947154E0,4.790431023E0,1.483550072E-1,1.100698376E1,1.200516264E1
5.940322675E0,-3.144168854E0,4.211367965E-1,8.882157326E0,9.431642102E0
5.942698196E0,2.411965132E0,-2.392822653E-1,1.048056316E1,1.075718532E1
5.945073717E0,-2.617748022E0,-1.483550072E-1,9.202795982E0,9.569016031E0
5.947449237E0,2.502892494E0,-1.914258115E-2,1.142812061E1,1.169900757E1
5.949824758E0,-3.206382394E-1,3.014956415E-1,8.700303078E0,8.711428249E0
5.952200279E0,-1.119840980E0,-8.614161611E-1,1.033699417E1,1.043309782E1
5.954575800E0,2.301895380E0,2.392822690E-2,9.844072342E0,1.010965159E1
5.956951321E0,-2.335394859E0,8.135596663E-2,1.018385315E1,1.044851917E1
5.959326842E0,3.201596737E0,-1.914258152E-1,9.729216576E0,1.024424329E1
5.961702362E0,-3.488735437E0,-8.518448472E-1,9.379864693E0,1.004384270E1
5.964077883E0,3.397808075E0,5.838487148E-1,1.144726372E1,1.195515896E1
5.966453404E0,-3.354737282E0,1.339980662E-1,8.092526436E0,8.761347033E0
5.968828925E0,1.789831281E0,-5.359922647E-1,1.123669529E1,1.139096593E1
5.971204446E0,-9.667003751E-1,-2.871387303E-1,9.466006279E0,9.519571059E0
5.973579967E0,9.092725813E-2,2.919243574E-1,1.099741268E1,1.100166230E1
5.975955487E0,9.236295223E-1,-1.579262912E-1,8.618947029E0,8.669733566E0
5.978331008E0,-2.555534601E0,-8.949156404E-1,1.040399265E1,1.075056716E1
5.980706529E0,3.273381472E0,9.571290761E-2,1.033220863E1,1.083876019E1
5.983082050E0,-3.278167009E0,1.962114573E-1,9.451649666E0,1.000592621E1
5.985457571E0,2.627319336E0,-8.135596663E-2,1.022692394E1,1.055932758E1
5.987833092E0,-3.503092289E0,-5.072783828E-1,9.111868858E0,9.775230996E0
5.990208612E0,3.129812002E0,1.914258152E-1,1.152861977E1,1.194744495E1
5.992584133E0,-2.215753794E0,2.871387303E-1,8.561519623E0,8.848255861E0
5.994959654E0,-5.407779217E-1,-3.828516304E-1,1.072463131E1,1.074507947E1
5.997335123E0,1.138983607E0,-4.067798555E-1,9.657432556E0,9.732869931E0
5.999710644E0,-1.009771109E0,1.627119333E-1,1.088255692E1,1.093051499E1
6.002086164E0,2.143969059E0,1.962114573E-1,8.786444664E0,9.046364579E0
6.004461685E0,-3.991228104E0,-9.762716293E-1,9.686145782E0,1.052161719E1
6.006837206E0,4.249652863E0,4.115654826E-1,1.113141060E1,1.192213226E1
6.009212727E0,-3.230310678E0,2.871387303E-1,8.848658562E0,9.424230158E0
6.011588248E0,2.038684845E0,-1.387837082E-1,1.069113159E1,1.088465854E1
6.013963769E0,-2.297109842E0,-1.674975902E-1,9.188439369E0,9.472707486E0
6.016339289E0,1.445264935E0,3.062812984E-1,1.135155106E1,1.144728397E1
6.018714810E0,3.349951804E-1,5.264209956E-2,8.705088615E0,8.711691039E0
6.021090331E0,-1.646261930E0,-8.997012973E-1,1.031785107E1,1.048702491E1
6.023465852E0,2.813959360E0,4.019941986E-1,1.010728264E1,1.049938708E1
6.025841373E0,-2.924029350E0,1.914258152E-1,9.829715729E0,1.025718786E1
6.028216894E0,3.546163082E0,-1.818545163E-1,1.001156998E1,1.062261159E1
6.030592414E0,-3.297309637E0,-6.412764788E-1,9.174081802E0,9.769711525E0
6.032967935E0,3.440878868E0,5.838487148E-1,1.151426220E1,1.203157349E1
6.035343456E0,-3.072384357E0,4.546363056E-1,8.279166222E0,8.842558065E0
6.037718977E0,1.225125194E0,-6.556333899E-1,1.112183952E1,1.120830501E1
6.040094498E0,4.785645287E-3,-8.614161611E-2,9.781859398E0,9.782239854E0
6.042470019E0,2.871387079E-2,1.339980662E-1,1.084905815E1,1.084992363E1
6.044845539E0,1.229910851E0,1.100698411E-1,8.595019341E0,8.683268597E0
6.047221060E0,-3.024527788E0,-9.571290612E-1,1.017428207E1,1.065738618E1
6.049596581E0,4.096512318E0,2.105683982E-1,1.092084217E1,1.166578527E1
6.051972102E0,-3.297309637E0,2.057827413E-1,9.006584167E0,9.593391254E0
6.054347623E0,2.340180635E0,5.264209956E-2,1.049013424E1,1.074812230E1
6.056723144E0,-3.321237803E0,-5.455635786E-1,8.982656479E0,9.592516749E0
6.059098612E0,3.019742250E0,3.158525825E-1,1.184925747E1,1.223206886E1
6.061474185E0,-1.852044702E0,2.967100143E-1,8.350951195E0,8.559000658E0
6.063849706E0,-9.092726111E-1,-6.699903607E-1,1.058584690E1,1.064592966E1
6.066225227E0,1.497906923E0,-4.785645287E-3,1.003549862E1,1.014667338E1
6.068600748E0,-1.531406522E0,-2.201396823E-1,1.028435135E1,1.040007452E1
6.070976269E0,2.086541414E0,2.632105052E-1,9.394221306E0,9.626750687E0
6.073351789E0,-3.704089403E0,-8.087740541E-1,9.547362328E0,1.027261024E1
6.075727310E0,3.584448338E0,3.302095234E-1,1.113619614E1,1.170351112E1
6.078102831E0,-3.622733593E0,3.541377485E-1,8.872586250E0,9.590224137E0
6.080478352E0,2.158325911E0,-3.302095234E-1,1.063370419E1,1.085555497E1
6.082853873E0,-2.502892494E0,-1.674975902E-1,9.341579437E0,9.672519458E0
6.085229394E0,1.081555843E0,3.732803464E-1,1.128933716E1,1.134716858E1
6.087604862E0,-4.307080805E-1,-1.435693540E-2,8.494520187E0,8.505444655E0
6.089980383E0,-1.421336651E0,-7.226324677E-1,1.070070267E1,1.081884620E1
6.092355904E0,2.057827473E0,1.339980662E-1,9.619147301E0,9.837713361E0
6.094731425E0,-2.909672260E0,3.206382394E-1,1.018385315E1,1.059621944E1
6.097106946E0,3.019742250E0,-2.344966233E-1,9.480362892E0,9.952442539E0
6.099482467E0,-3.594019651E0,-5.551348329E-1,9.556933403E0,1.022546468E1
6.101857987E0,3.297309637E0,4.881358147E-1,1.118883896E1,1.167478671E1
6.104233508E0,-3.450450182E0,5.407779217E-1,8.331808090E0,9.034216805E0
6.106609029E0,1.301695466E0,-3.206382394E-1,1.081077290E1,1.089357749E1
6.108984550E0,-7.609176040E-1,-1.722832322E-1,9.499505997E0,9.531489458E0
6.111360071E0,6.747759581E-1,2.057827413E-1,1.097348499E1,1.099613760E1
6.113735592E0,5.886343718E-1,2.823530734E-1,8.451449394E0,8.476627310E0
6.116111112E0,-2.775674343E0,-6.652047038E-1,1.015513897E1,1.054863559E1
6.118486633E0,3.924229145E0,1.435693540E-2,1.047099209E1,1.118219369E1
6.120862154E0,-2.703889608E0,1.004985496E-1,9.322437286E0,9.707160034E0
6.123237675E0,2.775674343E0,3.349951804E-1,1.038006496E1,1.074999249E1
6.125613196E0,-3.732803345E0,-4.881358147E-1,8.647661209E0,9.431550338E0
6.127988717E0,3.541377544E0,4.163511395E-1,1.168175983E1,1.221385345E1
6.130364237E0,-1.885544300E0,5.599204898E-1,8.585447311E0,8.807876804E0
6.132739758E0,2.632105052E-1,-6.460621357E-1,1.035135078E1,1.037483200E1
6.135115279E0,6.699903607E-1,1.339980662E-1,9.934999466E0,9.958466596E0
6.137490800E0,-5.934200287E-1,-3.828516230E-2,1.030827999E1,1.032541764E1
6.139866321E0,2.210968018E0,2.919243574E-1,9.159725189E0,9.427309529E0
6.142241842E0,-2.775674343E0,-6.077769399E-1,9.695717812E0,1.010349963E1
6.144617362E0,3.680161238E0,2.871387303E-1,1.069591713E1,1.131497586E1
6.146992883E0,-3.378665686E0,5.072783828E-1,9.030512810E0,9.655199365E0
6.149368404E0,3.211168051E0,-1.148554832E-1,1.085384369E1,1.131948386E1
6.151743925E0,-2.732603550E0,-2.919243574E-1,8.738588333E0,9.160527717E0
6.154119446E0,2.038684845E0,7.274180651E-1,1.137069321E1,1.157488820E1
6.156494967E0,-1.004985452E0,1.100698411E-1,8.508877754E0,8.568728713E0
6.158870487E0,-3.158525825E-1,-5.934200287E-1,1.093519974E1,1.095584335E1
6.161246008E0,1.722832322E0,8.135596663E-2,9.547362328E0,9.701901742E0
6.163621529E0,-2.053041935E0,3.349951804E-1,1.029870892E1,1.050669350E1
6.165997050E0,2.871387243E0,-8.614161611E-2,9.312865257E0,9.745857806E0
6.168372571E0,-3.426522017E0,-4.402793646E-1,9.753145218E0,1.034691938E1
6.170748092E0,3.479164124E0,1.100698411E-1,1.093998528E1,1.148041707E1
6.173123560E0,-3.527020693E0,6.556333899E-1,8.662017822E0,9.375515072E0
6.175499133E0,1.808973908E0,-3.828516230E-2,1.103569794E1,1.118304437E1
6.177874654E0,-1.794616938E0,-3.254238665E-1,8.863015175E0,9.048734090E0
6.180250123E0,1.091127157E0,3.014956415E-1,1.133719349E1,1.139356899E1
6.182625644E0,-9.571290575E-3,7.657032460E-2,8.776873589E0,8.777212804E0
6.185001217E0,-2.517249346E0,-4.307080805E-1,1.023649502E1,1.055025516E1
6.187376685E0,3.220739365E0,-5.742774159E-2,1.015992451E1,1.065835475E1
6.189752206E0,-2.971885681E0,1.722832322E-1,9.719645500E0,1.016529855E1
6.192127727E0,2.804388046E0,2.297109663E-1,1.019342422E1,1.057465162E1
6.194503248E0,-4.072584152E0,-6.029912829E-1,8.757730484E0,9.677157816E0
6.196878769E0,3.249453068E0,4.833501875E-1,1.162911797E1,1.208424418E1
6.199254289E0,-2.593819857E0,3.493520916E-1,8.542376518E0,8.934323976E0
6.201629810E0,5.072783828E-1,-3.397808075E-1,1.087298584E1,1.089011494E1
6.204005331E0,-1.531406492E-1,-3.110669553E-1,9.413364410E0,9.419747567E0
6.206380852E0,-8.997012973E-1,2.919243574E-1,1.100219822E1,1.104278262E1
6.208756373E0,2.153540373E0,-3.828516230E-2,8.848658562E0,9.107028068E0
6.211131894E0,-3.321237803E0,-1.033699393E0,9.901499748E0,1.049470591E1
6.213507414E0,3.546163082E0,4.163511395E-1,1.082034397E1,1.139422944E1
6.215882935E0,-3.909872293E0,3.062812984E-1,8.944371223E0,9.766406001E0
6.218258456E0,3.187239647E0,-2.919243574E-1,1.093041420E1,1.138936657E1
6.220633977E0,-2.885744095E0,-3.014956415E-1,8.839086533E0,9.303110734E0
6.223009498E0,1.914258122E0,3.062812984E-1,1.160040379E1,1.176127376E1
6.225385019E0,-1.330409408E0,9.092725813E-2,8.504091263E0,8.608009361E0
6.227760539E0,-5.551348329E-1,-5.503492355E-1,1.106919765E1,1.109676510E1
6.230136060E0,2.062613010E0,-2.584248483E-1,9.566504478E0,9.789747891E0
6.232511581E0,-2.091326952E0,2.249253243E-1,1.027956581E1,1.049255513E1
6.234887102E0,2.976671457E0,-2.632105052E-1,9.628718376E0,1.008176920E1
6.237262623E0,-3.761517286E0,-6.221339107E-1,9.413364410E0,1.015615540E1
6.239638144E0,4.043870449E0,2.153540403E-1,1.159561825E1,1.228241133E1
6.242013664E0,-3.148954630E0,1.818545163E-1,8.255238533E0,8.837304429E0
6.244389185E0,1.627119422E0,-7.178468257E-2,1.128455162E1,1.140148130E1
6.246764706E0,-1.100698471E0,-6.891329288E-1,9.011369705E0,9.104461834E0
6.249140227E0,8.757730722E-1,2.775674164E-1,1.161954689E1,1.165580937E1
6.251515748E0,1.110269666E0,-6.699903309E-2,8.489734650E0,8.562288364E0
6.253891269E0,-2.852244616E0,-5.886343718E-1,1.026042366E1,1.066574346E1
6.256266737E0,3.881158352E0,-1.722832322E-1,1.032742214E1,1.103398023E1
6.258642310E0,-3.043670416E0,-1.914258115E-2,9.604789734E0,1.007552886E1
6.261017831E0,3.206382275E0,8.135596663E-2,1.063370419E1,1.110689744E1
6.263393352E0,-3.670589924E0,-3.589234054E-1,8.484949112E0,9.251833215E0
6.265768873E0,2.493321180E0,2.727817893E-1,1.175354481E1,1.201818938E1
6.268144342E0,-1.373480201E0,1.387837082E-1,8.585447311E0,8.695723910E0
6.270519862E0,1.004985496E-1,-3.972085714E-1,1.096869946E1,1.097634923E1
6.272895435E0,9.571290612E-1,-2.871387303E-1,9.169296265E0,9.223585999E0
6.275270904E0,-2.129612207E0,4.259224236E-1,1.062891865E1,1.084852846E1
6.277646425E0,3.431307554E0,-5.455635786E-1,9.422935486E0,1.004306847E1
6.280021946E0,-3.713660717E0,-3.684946895E-1,9.499505997E0,1.020625683E1
6.282397467E0,3.383451223E0,6.221338734E-2,1.094477081E1,1.145598624E1
6.284772987E0,-3.570091486E0,5.982056856E-1,8.786444664E0,9.502894985E0
6.287148508E0,2.115255117E0,-4.163511395E-1,1.097827053E1,1.118794335E1
6.289523925E0,-1.550549030E0,-7.178468257E-2,9.121439934E0,9.252568389E0
6.291899550E0,2.392822653E-1,-6.221338734E-2,1.111705399E1,1.111980287E1
6.294275071E0,7.226324677E-1,1.531406492E-1,8.719446182E0,8.750679486E0
6.296650592E0,-2.847458839E0,-4.881358147E-1,1.038485050E1,1.077921233E1
6.299026112E0,3.790230989E0,-3.780659735E-1,1.008335495E1,1.077881403E1
6.301401581E0,-3.436093330E0,3.972085714E-1,9.442078590E0,1.005571281E1
6.303777154E0,2.699103832E0,6.699903309E-2,1.053799057E1,1.087836824E1
6.306152675E0,-3.914657831E0,-6.699903607E-1,8.379665375E0,9.273199276E0
6.308528196E0,3.086741209E0,6.077769399E-1,1.219382381E1,1.259312127E1
6.310903717E0,-1.536192179E0,-9.571290761E-2,8.341380119E0,8.482197219E0
6.313279237E0,-1.239482164E0,-3.158525825E-1,1.078205872E1,1.085766407E1
6.315654758E0,2.076970100E0,-3.302095234E-1,9.461220741E0,9.692138105E0
6.318030279E0,-2.143969059E0,-7.657032460E-2,1.069591713E1,1.090894631E1
6.320405800E0,3.206382275E0,9.092725813E-2,9.542576790E0,1.006727008E1
6.322781321E0,-4.187439442E0,-6.891329288E-1,9.054440498E0,9.999622293E0
6.325156842E0,3.512663603E0,3.062812984E-1,1.160040379E1,1.212443738E1
6.327532362E0,-2.943171740E0,2.344966233E-1,8.288737297E0,8.798887119E0
6.329907883E0,1.813759565E0,-1.722832322E-1,1.149033451E1,1.163388123E1
6.332283404E0,-8.135597110E-1,-4.737788737E-1,8.915657043E0,8.965226508E0
6.334658925E0,-4.115654826E-1,3.589234054E-1,1.107398319E1,1.108743956E1
6.337034446E0,2.139183521E0,-4.929214716E-1,8.863015175E0,9.130833243E0
6.339409967E0,-2.909672260E0,-2.679961324E-1,1.041356373E1,1.081574427E1
6.341785487E0,3.823730469E0,-1.244267747E-1,1.023649502E1,1.092804772E1
6.344161008E0,-3.627519131E0,2.488535494E-1,9.207581520E0,9.899514159E0
6.346536529E0,2.957528830E0,-1.674975902E-1,1.082991505E1,1.122773762E1
6.348912050E0,-2.555534601E0,4.785645381E-2,8.872586250E0,9.233408586E0
6.351287571E0,1.775474429E0,-2.153540403E-1,1.134197903E1,1.148212415E1
6.353663039E0,-2.392822653E-1,3.924229145E-1,8.776873589E0,8.788899916E0
6.356038612E0,-1.775474429E0,-3.589234054E-1,1.066241741E1,1.081518749E1
6.358414081E0,3.522234917E0,-4.594219327E-1,9.556933403E0,1.019569436E1
6.360789602E0,-2.794816732E0,2.679961324E-1,1.004506969E1,1.043006460E1
6.363165175E0,3.206382275E0,6.699903309E-2,1.025563812E1,1.074539387E1
6.365540644E0,-4.220939159E0,-4.546363056E-1,8.461020470E0,9.466355632E0
6.367916164E0,3.785445452E0,3.445664644E-1,1.237089348E1,1.294168956E1
6.370291685E0,-2.100898266E0,1.914258152E-1,8.001599312E0,8.275023197E0
6.372667206E0,-1.244267747E-1,-1.962114573E-1,1.112183952E1,1.112426606E1
6.375042727E0,1.115055323E0,-5.312066078E-1,9.193224907E0,9.275824116E0
6.377418248E0,-1.842473388E0,3.014956415E-1,1.093519974E1,1.109343054E1
6.379793717E0,3.440878868E0,-1.052841991E-1,9.207581520E0,9.830070681E0
6.382169289E0,-4.153940201E0,-6.460621357E-1,9.293723106E0,1.020028944E1
6.384544810E0,3.570091486E0,2.775674164E-1,1.119362450E1,1.175243916E1
6.386920331E0,-3.455235958E0,3.349951804E-1,8.595019341E0,9.269586547E0
6.389295852E0,2.344966173E0,-7.657032460E-2,1.166740322E1,1.190096749E1
6.391671373E0,-1.344766378E0,-5.024927258E-1,8.580661774E0,8.699922530E0
6.394046894E0,-5.216353536E-1,2.249253243E-1,1.133719349E1,1.135141626E1
6.396422414E0,1.713261008E0,-2.632105052E-1,8.638090134E0,8.810286273E0
6.398797935E0,-2.957528830E0,-1.627119333E-1,1.080120182E1,1.119997378E1
6.401173456E0,3.718446493E0,-3.637090325E-1,9.944570541E0,1.062325806E1
6.403548977E0,-3.823730469E0,2.536391914E-1,9.202795982E0,9.968786357E0
6.405924498E0,2.689532757E0,-4.785645287E-3,1.100698376E1,1.133081201E1
6.408300019E0,-2.790031195E0,-1.962114573E-1,8.623732567E0,9.065954797E0
6.410675539E0,1.655833244E0,-1.100698411E-1,1.160040379E1,1.171850106E1
6.413051060E0,-1.722832322E-1,1.866401732E-1,8.666803360E0,8.670524583E0
6.415426581E0,-2.550748825E0,-3.062812984E-1,1.063848972E1,1.094429492E1
6.417802102E0,3.823730469E0,-8.518448472E-1,9.753145218E0,1.051048981E1
6.420177623E0,-3.182454109E0,5.120640397E-1,1.004985523E1,1.055413729E1
6.422553144E0,3.158525944E0,0.000000000E0,1.025085258E1,1.072642834E1
6.424928664E0,-4.393222332E0,-7.609176040E-1,8.293522835E0,9.416045830E0
6.427304185E0,3.369094372E0,6.795616150E-1,1.242832088E1,1.289479588E1
6.429679706E0,-1.574477315E0,-2.344966233E-1,8.307880402E0,8.459009649E0
6.432055227E0,-7.369893789E-1,-1.722832322E-1,1.100219822E1,1.102820024E1
6.434430748E0,1.871187329E0,-4.594219327E-1,9.360722542E0,9.556962752E0
6.436806269E0,-2.335394859E0,-4.785645287E-3,1.049491978E1,1.075162468E1
6.439181789E0,3.412165165E0,-7.178468257E-2,9.930213928E0,1.050034156E1
6.441557258E0,-4.053441525E0,-3.397808075E-1,8.891729355E0,9.777969631E0
6.443932831E0,3.527020693E0,1.196411327E-1,1.144247818E1,1.197432653E1
6.446308352E0,-3.067598581E0,3.924229145E-1,8.389236450E0,8.941109831E0
6.448683873E0,1.473978758E0,-9.092725813E-2,1.159561825E1,1.168927901E1
6.451059342E0,-9.571290575E-3,-5.647061467E-1,8.757730484E0,8.775923192E0
6.453434862E0,-1.454836130E0,1.674975902E-1,1.104526901E1,1.114192852E1
6.455810383E0,2.813959360E0,-1.914258115E-2,8.901300430E0,9.335517290E0
6.458185904E0,-3.718446493E0,-1.914258152E-1,1.021256733E1,1.087014350E1
6.460561425E0,4.158725739E0,-3.206382394E-1,1.080120182E1,1.157859099E1
6.462936946E0,-3.766302824E0,4.019941986E-1,8.432307243E0,9.243940812E0
6.465312467E0,1.899901152E0,2.297109663E-1,1.154297638E1,1.170054252E1
6.467687987E0,-1.473978758E0,-3.014956415E-1,8.609375954E0,8.739843666E0
6.470063508E0,3.349951804E-1,-7.178468257E-2,1.132762241E1,1.133280214E1
6.472438977E0,1.607976794E0,2.057827413E-1,8.973084450E0,9.118343076E0
6.474814550E0,-3.766302824E0,-1.387837082E-1,1.008335495E1,1.076468044E1
6.477190071E0,4.503292084E0,-6.317051649E-1,1.027956581E1,1.124046993E1
6.479565592E0,-3.574877024E0,7.034898400E-1,9.279366493E0,9.969016311E0
6.481941112E0,2.775674343E0,2.249253243E-1,1.105962658E1,1.140483667E1
6.484316633E0,-3.378665686E0,-6.987041831E-1,7.786244869E0,8.516406432E0
6.486692154E0,1.727617979E0,8.039883971E-1,1.230867958E1,1.245530627E1
6.489067675E0,5.790630579E-1,-4.115654826E-1,8.551948547E0,8.581405720E0
6.491443196E0,-2.435893536E0,-1.339980662E-1,1.048056316E1,1.076074984E1
6.493818717E0,3.397808075E0,-2.105683982E-1,9.494720459E0,1.008658294E1
6.496194237E0,-3.732803345E0,4.689932466E-1,9.901499748E0,1.059214203E1
6.498569758E0,3.814159393E0,-8.614161611E-2,1.071027374E1,1.136948530E1
6.500945279E0,-3.828516245E0,-5.264209956E-2,8.020741463E0,8.887778206E0
6.503320800E0,2.215753794E0,2.105683982E-1,1.191147137E1,1.211763401E1
6.505696321E0,-1.076770186E0,2.775674164E-1,8.484949112E0,8.557501922E0
6.508071842E0,-6.795616150E-1,-2.201396823E-1,1.104048347E1,1.106356818E1
6.510447362E0,2.474178553E0,-1.435693651E-1,9.116654396E0,9.447516025E0
6.512822883E0,-3.354737282E0,3.828516230E-2,1.013599682E1,1.067680474E1
6.515198404E0,3.818944931E0,-3.828516230E-2,9.949356079E0,1.065718033E1
6.517573925E0,-3.943371773E0,2.297109663E-1,9.006584167E0,9.834709270E0
6.519949446E0,3.172882795E0,1.004985496E-1,1.143769264E1,1.187005047E1
6.522324967E0,-2.383251429E0,-2.153540403E-1,8.054241180E0,8.402206004E0
6.524700487E0,-1.435693540E-2,1.483550072E-1,1.165304661E1,1.165399977E1
6.527076008E0,1.713261008E0,-7.178468257E-2,8.757730484E0,8.924027093E0
6.529451529E0,-2.689532757E0,-9.092725813E-2,1.047577763E1,1.081590362E1
6.531826998E0,3.747160196E0,-6.221338734E-2,9.700503349E0,1.039927138E1
6.534202519E0,-4.407579422E0,1.435693540E-2,9.025727272E0,1.004443703E1
6.536578039E0,3.641875982E0,-1.052841991E-1,1.142812061E1,1.199484415E1
6.538953560E0,-2.713460922E0,4.785645306E-1,8.456234932E0,8.893807026E0
6.541329081E0,9.379864931E-1,2.871387079E-2,1.151904774E1,1.155721004E1
6.543704602E0,4.737788737E-1,-7.417750359E-1,8.499305725E0,8.544758302E0
6.546080123E0,-2.143969059E0,3.110669553E-1,1.114576817E1,1.135436101E1
6.548455592E0,3.756731510E0,-1.674975902E-1,9.107083321E0,9.852921074E0
6.550831164E0,-4.201796532E0,-4.115654826E-1,9.537791252E0,1.043043346E1
6.553206685E0,3.905086517E0,1.627119333E-1,1.134197903E1,1.199652717E1
6.555582154E0,-3.713660717E0,4.115654826E-1,8.106883049E0,8.926489502E0
6.557957727E0,1.847259045E0,-8.135596663E-2,1.196889877E1,1.211088447E1
6.560333248E0,-1.339980662E-1,-7.274180651E-1,8.561519623E0,8.593410893E0
6.562708769E0,-1.378265858E0,2.632105052E-1,1.115533924E1,1.124324198E1
6.565084289E0,2.880958557E0,-6.221338734E-2,8.671588898E0,9.137846941E0
6.567459810E0,-4.082155228E0,-2.679961324E-1,1.029392338E1,1.107703353E1
6.569835331E0,4.536791801E0,-3.349951804E-1,1.100219822E1,1.190558975E1
6.572210852E0,-3.718446493E0,5.886343718E-1,8.212167740E0,9.033993233E0
6.574586373E0,1.550549030E0,1.627119333E-1,1.172961617E1,1.183277537E1
6.576961842E0,-1.177268744E0,-1.158126116E0,8.216953278E0,8.381261180E0
6.579337414E0,3.206382394E-1,8.901300430E-1,1.196889877E1,1.200623497E1
6.581712935E0,1.942971945E0,-5.455635786E-1,8.379665375E0,8.619255849E0
6.584088456E0,-4.369294167E0,-2.201396823E-1,1.020778179E1,1.110576436E1
6.586463977E0,4.699503899E0,8.614161611E-2,1.068634605E1,1.167436291E1
6.588839446E0,-3.737588882E0,8.614161611E-2,8.628518105E0,9.403633112E0
6.591215019E0,2.813959360E0,2.632105052E-1,1.175833035E1,1.209322040E1
6.593590539E0,-2.780459881E0,-4.833501875E-1,7.929814339E0,8.417038672E0
6.595966060E0,6.029912829E-1,4.019941986E-1,1.205982590E1,1.208158096E1
6.598341581E0,1.397408366E0,-3.062812984E-1,8.537590981E0,8.656617014E0
6.600717102E0,-2.857030153E0,-7.657032460E-2,1.060499001E1,1.098336457E1
6.603092623E0,3.694518089E0,-2.632105052E-1,9.662218094E0,1.034781147E1
6.605468144E0,-3.991228104E0,3.828516304E-1,9.576076508E0,1.038160481E1
6.607843664E0,3.402593851E0,-7.657032460E-2,1.105962658E1,1.157146698E1
6.610219185E0,-3.244667530E0,6.221338734E-2,8.173882484E0,8.794549037E0
6.612594706E0,1.569691658E0,1.339980662E-1,1.193061352E1,1.203417742E1
6.614970175E0,-2.488535494E-1,-1.483550072E-1,8.346165657E0,8.351192638E0
6.617345696E0,-1.737189293E0,7.657032460E-2,1.117926693E1,1.131369518E1
6.619721269E0,3.311666489E0,-3.828516230E-2,9.198010445E0,9.776093127E0
6.622096737E0,-3.885943890E0,-1.627119333E-1,9.695717812E0,1.044672097E1
6.624472258E0,3.761517286E0,-1.770688742E-1,1.085862923E1,1.149304983E1
6.626847779E0,-3.823730469E0,6.412764788E-1,8.499305725E0,9.341859988E0
6.629223300E0,2.459821701E0,-2.871387079E-2,1.176790142E1,1.202227313E1
6.631598821E0,-1.378265858E0,-5.647061467E-1,8.236095428E0,8.369694004E0
6.633974342E0,-6.987041831E-1,3.541377485E-1,1.159561825E1,1.162204645E1
6.636349862E0,2.368894339E0,-2.536391914E-1,8.494520187E0,8.822293718E0
6.638725383E0,-3.316452265E0,2.392822690E-2,1.071984577E1,1.122116400E1
6.641100904E0,4.149154663E0,-5.312066078E-1,1.024606609E1,1.106704727E1
6.643476425E0,-4.077369690E0,6.508477330E-1,8.614161491E0,9.552608260E0
6.645851946E0,2.392822742E0,1.004985496E-1,1.159561825E1,1.184035739E1
6.648227467E0,-2.009970903E0,-6.795616150E-1,8.264809608E0,8.532811078E0
6.650602987E0,1.138983607E0,2.871387303E-1,1.201196957E1,1.206926448E1
6.652978508E0,6.795616150E-1,-1.914258115E-2,8.178668022E0,8.206874012E0
6.655354029E0,-3.483949661E0,-1.196411327E-1,1.068156052E1,1.123601149E1
6.657729550E0,4.733003139E0,-6.556333899E-1,9.949356079E0,1.103724876E1
6.660105071E0,-3.641875982E0,3.684946895E-1,9.547362328E0,1.022502696E1
6.662480592E0,2.981456995E0,1.962114573E-1,1.095912743E1,1.135913987E1
6.664856112E0,-3.952943087E0,-6.556333899E-1,7.862815380E0,8.824935121E0
6.667231633E0,2.464607239E0,4.833501875E-1,1.241874981E1,1.267017218E1
6.669607154E0,-2.105683982E-1,-3.732803464E-1,8.427521706E0,8.438412135E0
6.671982675E0,-1.986042738E0,-1.292124242E-1,1.087777138E1,1.105834399E1
6.674358196E0,3.091526747E0,-5.599204898E-1,9.193224907E0,9.715268024E0
6.676733717E0,-3.326023579E0,2.967100143E-1,1.035613632E1,1.088117775E1
6.679109237E0,3.857230186E0,-2.727817893E-1,1.042792130E1,1.112178840E1
6.681484758E0,-4.120440483E0,-1.292124242E-1,8.264809608E0,9.235897546E0
6.683860279E0,2.689532757E0,-4.785645381E-2,1.202154064E1,1.231881959E1
6.686235800E0,-1.569691658E0,1.052841991E-1,8.513663292E0,8.657798757E0
6.688611321E0,1.004985496E-1,-2.775674164E-1,1.130369377E1,1.130754777E1
6.690986842E0,1.761117458E0,-2.344966233E-1,9.064012527E0,9.236495356E0
6.693362362E0,-3.077169895E0,-9.092725813E-2,1.044227791E1,1.088661611E1
6.695737883E0,4.010370731E0,-3.684946895E-1,9.700503349E0,1.050326744E1
6.698113352E0,-3.689732552E0,2.153540403E-1,9.614361763E0,1.030031338E1
6.700488925E0,3.306880951E0,-5.742774159E-2,1.116012478E1,1.163989453E1
6.702864394E0,-3.125026464E0,-3.014956415E-1,7.944170952E0,8.542045548E0
6.705239914E0,1.124626637E0,2.057827413E-1,1.216032505E1,1.221395255E1
6.707615435E0,8.327022791E-1,-2.823530734E-1,8.590232849E0,8.635115329E0
6.709990956E0,-2.067398787E0,-3.828516230E-2,1.078684425E1,1.098324235E1
6.712366477E0,3.622733593E0,-5.120640397E-1,9.432506561E0,1.011724213E1
6.714741998E0,-3.876372576E0,2.440679073E-1,9.930213928E0,1.066278492E1
6.717117519E0,3.732803345E0,-9.571290761E-2,1.054277611E1,1.118450311E1
6.719493039E0,-3.431307554E0,9.571290575E-3,8.465806961E0,9.134760568E0
6.721868560E0,2.368894339E0,-4.785645287E-3,1.201196957E1,1.224332864E1
6.724244081E0,-8.135597110E-1,3.349951655E-2,8.283951759E0,8.323872799E0
6.726619602E0,-1.397408366E0,-2.871387079E-2,1.101177025E1,1.110011976E1
6.728995123E0,3.321237803E0,-1.674975902E-1,9.284152031E0,9.861752122E0
6.731370644E0,-3.340380430E0,-1.483550072E-1,9.978070259E0,1.052340424E1
6.733746164E0,3.933800459E0,-1.770688742E-1,1.033220863E1,1.105715491E1
6.736121685E0,-4.015156269E0,3.110669553E-1,8.772088051E0,9.652345378E0
6.738497206E0,3.134597778E0,-5.742774159E-2,1.178225899E1,1.219223638E1
6.740872727E0,-1.674975872E0,-1.914258152E-1,8.245666504E0,8.416246438E0
6.743248248E0,-3.493520916E-1,1.244267747E-1,1.149990559E1,1.150588360E1
6.745623769E0,2.254039049E0,-4.977070987E-1,8.733802795E0,9.033698891E0
6.747999289E0,-2.785245657E0,1.818545163E-1,1.083470058E1,1.118844945E1
6.750374810E0,3.890729666E0,-1.866401732E-1,9.844072342E0,1.058670733E1
6.752750331E0,-4.331008911E0,-1.818545163E-1,8.757730484E0,9.771824419E0
6.755125852E0,3.378665686E0,1.914258115E-2,1.194018459E1,1.240901915E1
6.757501321E0,-2.249253273E0,2.392822653E-1,8.331808090E0,8.633389968E0
6.759876894E0,6.029912829E-1,-1.435693540E-2,1.152383423E1,1.153960831E1
6.762252414E0,1.229910851E0,-7.944171429E-1,8.762516975E0,8.884001522E0
6.764627935E0,-2.689532757E0,2.823530734E-1,1.092562866E1,1.125533968E1
6.767003456E0,3.924229145E0,-3.014956415E-1,9.140582085E0,9.951920159E0
6.769378977E0,-4.039084435E0,5.264209956E-2,9.853643417E0,1.064947242E1
6.771754498E0,3.847658873E0,-1.387837082E-1,1.133719349E1,1.197312390E1
6.774130019E0,-3.565305710E0,8.614161611E-2,7.886743546E0,8.655607947E0
6.776505539E0,1.158126116E0,4.307080805E-2,1.212203979E1,1.217731333E1
6.778881060E0,5.455635786E-1,-9.092725813E-2,8.819944382E0,8.837269164E0
6.781256581E0,-1.928615093E0,-1.962114573E-1,1.075813103E1,1.093139691E1
6.783632102E0,3.311666489E0,-6.460621357E-1,9.159725189E0,9.761408544E0
6.786007623E0,-4.072584152E0,3.349951804E-1,1.021735287E1,1.100420206E1
6.788383092E0,3.833301783E0,-1.339980662E-1,1.052841949E1,1.120534583E1
6.790758612E0,-3.857230186E0,-1.531406492E-1,8.159524918E0,9.026600891E0
6.793134133E0,2.014756680E0,1.052841991E-1,1.232303619E1,1.248709535E1
6.795509654E0,-9.379864931E-1,1.962114573E-1,8.394021988E0,8.448545599E0
6.797885175E0,-1.263410330E0,-3.302095234E-1,1.104526901E1,1.112219455E1
6.800260696E0,2.986242771E0,-3.972085714E-1,9.327222824E0,9.801658337E0
6.802636217E0,-3.771088600E0,9.571290575E-3,1.011685371E1,1.079684815E1
6.805011737E0,3.732803345E0,-4.785645381E-2,1.009292603E1,1.076119263E1
6.807387258E0,-3.962514400E0,1.052841991E-1,8.934800148E0,9.774623206E0
6.809762779E0,2.981456995E0,0.000000000E0,1.184925747E1,1.221859191E1
6.812138300E0,-1.722832322E0,-4.785645381E-2,8.049455643E0,8.231899999E0
6.814513821E0,-8.709874153E-1,1.435693540E-2,1.149033451E1,1.152330735E1
6.816889342E0,2.780459881E0,-7.417750359E-1,8.901300430E0,9.354909765E0
6.819264862E0,-2.818745136E0,3.206382394E-1,1.077727318E1,1.114440443E1
6.821640383E0,3.704089403E0,-1.627119333E-1,9.595218658E0,1.028664059E1
6.824015904E0,-4.584648132E0,-1.818545163E-1,8.628518105E0,9.772583806E0
6.826391425E0,3.895515203E0,2.727817893E-1,1.249532032E1,1.309131309E1
6.828766946E0,-2.072184324E0,-2.871387303E-1,7.384250641E0,7.674865084E0
6.831142467E0,3.493520916E-1,1.770688742E-1,1.218903828E1,1.219532920E1
6.833517987E0,1.627119422E0,-5.168496966E-1,8.542376518E0,8.711305746E0
6.835893508E0,-2.632104874E0,6.221338734E-2,1.084905815E1,1.116395581E1
6.838269029E0,4.345366001E0,-1.531406492E-1,9.566504478E0,1.050826654E1
6.840644550E0,-3.885943890E0,-6.699903309E-2,9.327222824E0,1.010456008E1
6.843020071E0,3.665804386E0,-1.100698411E-1,1.141376400E1,1.198850474E1
6.845395592E0,-2.981456995E0,3.732803464E-1,8.020741463E0,8.565087136E0
6.847771112E0,1.469193101E0,-2.105683982E-1,1.189711380E1,1.198933627E1
6.850146633E0,6.652047038E-1,-2.057827413E-1,8.595019341E0,8.623178144E0
6.852522154E0,-1.995614052E0,8.614161611E-2,1.086820030E1,1.105023410E1
6.854897675E0,3.646661758E0,-3.972085714E-1,8.997013092E0,9.716077460E0
6.857273196E0,-3.914657831E0,7.178468257E-2,1.017906761E1,1.090610455E1
6.859648717E0,3.991228104E0,6.221338734E-2,1.067198944E1,1.139408315E1
6.862024237E0,-3.661018610E0,1.148554832E-1,7.982456207E0,8.782702098E0
6.864399758E0,1.660618901E0,-1.914258115E-2,1.212682533E1,1.224001284E1
6.866775279E0,-2.584248483E-1,-3.541377485E-1,8.370093346E0,8.381566653E0
6.869150800E0,-1.143769264E0,2.823530734E-1,1.126540947E1,1.132684342E1
6.871526269E0,2.627319336E0,-1.435693651E-1,8.690732002E0,9.080321679E0
6.873901789E0,-4.402793884E0,-1.674975902E-1,1.009292603E1,1.101271107E1
6.876277310E0,4.412364960E0,-2.823530734E-1,1.058106136E1,1.146767402E1
6.878652831E0,-3.799802303E0,5.407779217E-1,8.752944946E0,9.557456960E0
6.881028352E0,1.919043779E0,1.579262912E-1,1.172004509E1,1.187716829E1
6.883403873E0,-1.919043779E0,-5.886343718E-1,7.853243828E0,8.105717616E0
6.885779394E0,-7.417750359E-1,3.158525825E-1,1.172004509E1,1.174774233E1
6.888154914E0,2.277967215E0,-2.153540403E-1,8.705088615E0,9.000782177E0
6.890530435E0,-3.627519131E0,-1.914258115E-2,1.045663452E1,1.106799291E1
6.892905956E0,3.728017569E0,-3.302095234E-1,9.877572060E0,1.056283973E1
6.895281477E0,-4.465006828E0,2.201396823E-1,9.178867340E0,1.020962062E1
6.897656998E0,2.880958557E0,-5.264209956E-2,1.149512005E1,1.185075855E1
6.900032519E0,-2.574677229E0,1.627119333E-1,8.169096947E0,8.566772025E0
6.902408039E0,2.057827413E-1,6.699903309E-2,1.172004509E1,1.172204301E1
6.904783560E0,1.067198873E0,-4.833501875E-1,8.504091263E0,8.584410815E0
6.907159081E0,-2.943171740E0,-4.785645381E-2,1.090648556E1,1.129672419E1
6.909534602E0,3.775874138E0,-6.699903309E-2,9.590433121E0,1.030718787E1
6.911910123E0,-4.230510235E0,1.914258115E-2,9.327222824E0,1.024180984E1
6.914285644E0,3.230310678E0,-2.153540403E-1,1.129890823E1,1.175357868E1
6.916661164E0,-3.101098061E0,5.120640397E-1,8.250452042E0,8.828871822E0
6.919036685E0,1.402194023E0,-2.249253243E-1,1.196411324E1,1.204810130E1
6.921412206E0,-7.178468257E-2,-6.125625968E-1,8.389236450E0,8.411876972E0
6.923787727E0,-1.986042738E0,1.627119333E-1,1.120798111E1,1.138374637E1
6.926163248E0,3.464807272E0,-1.818545163E-1,9.107083321E0,9.745610658E0
6.928538769E0,-3.641875982E0,-9.571290575E-3,1.019820976E1,1.082898124E1
6.930914289E0,3.924229145E0,-3.110669553E-1,1.069113159E1,1.139283247E1
6.933289810E0,-3.871587038E0,2.249253243E-1,8.322237015E0,9.181470826E0
6.935665331E0,2.096112728E0,1.004985496E-1,1.201196957E1,1.219390017E1
6.938040852E0,-7.130611539E-1,9.092725813E-2,8.504091263E0,8.534418093E0
6.940416373E0,-5.886343718E-1,-2.392822653E-1,1.112662506E1,1.114475355E1
6.942791894E0,2.459821701E0,-5.838487148E-1,9.040083885E0,9.386944059E0
6.945167414E0,-3.440878868E0,3.062812984E-1,1.055234814E1,1.110340069E1
6.947542935E0,4.149154663E0,-1.866401732E-1,9.791430473E0,1.063590286E1
6.949918456E0,-3.866801500E0,1.962114573E-1,9.078369141E0,9.869520709E0
6.952293977E0,3.077169895E0,-3.828516230E-2,1.175833035E1,1.215437258E1
6.954669498E0,-2.450250387E0,4.307080805E-2,8.044670105E0,8.409655115E0
6.957044967E0,5.551348329E-1,9.092725813E-2,1.189232826E1,1.190562531E1
6.959420487E0,1.344766378E0,-6.221338734E-2,8.752944946E0,8.855863162E0
6.961796008E0,-2.536391973E0,-2.871387079E-2,1.060020447E1,1.089946987E1
6.964171529E0,3.713660717E0,-5.168496966E-1,9.437292099E0,1.015484572E1
6.966547050E0,-3.885943890E0,5.216353536E-1,9.949356079E0,1.069403337E1
6.968922571E0,3.378665686E0,-2.871387079E-2,1.076291656E1,1.128080579E1
6.971298092E0,-3.373879910E0,0.000000000E0,8.049455643E0,8.727932274E0
6.973673612E0,1.545763373E0,-4.785645287E-3,1.217946720E1,1.227716696E1
6.976049133E0,-3.302095234E-1,2.488535494E-1,8.437092781E0,8.447218537E0
6.978424654E0,-1.550549030E0,-1.244267747E-1,1.094477081E1,1.105475882E1
6.980800175E0,2.885744095E0,-3.541377485E-1,9.279366493E0,9.724174774E0
6.983175696E0,-3.790230989E0,8.135596663E-2,1.002592659E1,1.071875337E1
6.985551217E0,3.570091486E0,-4.785645287E-3,1.020299530E1,1.080956471E1
6.987926737E0,-3.847658873E0,4.881358147E-1,9.040083885E0,9.836964574E0
6.990302258E0,2.478964329E0,-2.871387079E-2,1.144726372E1,1.171263998E1
6.992677779E0,-2.215753794E0,-1.052841991E-1,8.059026718E0,8.358741609E0
6.995053300E0,-5.120640397E-1,-6.699903309E-2,1.163868904E1,1.165014082E1
6.997428821E0,1.952543259E0,1.100698411E-1,9.092725754E0,9.300656008E0
6.999804342E0,-2.952743053E0,-7.178468257E-2,1.003071213E1,1.045653051E1
7.002179862E0,3.349951744E0,-1.674975902E-1,9.753145218E0,1.031378077E1
7.004555383E0,-4.398007870E0,1.100698411E-1,9.231510162E0,1.022620988E1
7.006930904E0,3.531806231E0,-9.571290761E-2,1.122712421E1,1.176992499E1
7.009306425E0,-2.967100143E0,6.077769399E-1,8.341380119E0,8.874215366E0
7.011681946E0,9.523434043E-1,9.571290761E-2,1.152383423E1,1.156351479E1
7.014057467E0,-8.614161611E-2,-6.125625968E-1,8.322237015E0,8.345195159E0
7.016432987E0,-1.531406522E0,1.914258152E-1,1.117926693E1,1.128529392E1
7.018808508E0,3.134597778E0,-8.135596663E-2,9.001798630E0,9.532297761E0
7.021184029E0,-3.570091486E0,2.871387079E-2,9.949356079E0,1.057052809E1
7.023559550E0,3.795016766E0,-2.105683982E-1,1.040877819E1,1.108102679E1
7.025935071E0,-3.670589924E0,3.445664644E-1,8.767302513E0,9.510917400E0
7.028310592E0,2.746960402E0,3.349951655E-2,1.157169056E1,1.189331476E1
7.030686112E0,-1.540977836E0,1.531406492E-1,8.250452042E0,8.394523431E0
7.033061633E0,-1.770688742E-1,1.914258115E-2,1.133719349E1,1.133859233E1
7.035437154E0,2.110469580E0,-3.732803464E-1,8.729017258E0,8.988279165E0
7.037812675E0,-2.478964329E0,2.871387079E-2,1.072463131E1,1.100744318E1
7.040188144E0,3.818944931E0,5.264209956E-2,9.499505997E0,1.023854119E1
7.042563664E0,-3.885943890E0,1.292124242E-1,9.150154114E0,9.941960374E0
7.044939185E0,3.622733593E0,-3.158525825E-1,1.126540947E1,1.183779591E1
7.047314706E0,-2.522035122E0,7.848458290E-1,8.470592499E0,8.872856440E0
7.049690227E0,1.598405480E0,-3.158525825E-1,1.145204926E1,1.156737200E1
7.052065748E0,3.349951655E-2,-1.722832322E-1,8.499305725E0,8.501117664E0
7.054441269E0,-1.517049551E0,-1.914258115E-2,1.100698376E1,1.111105293E1
7.056816789E0,3.550948858E0,-8.614161611E-2,9.403793335E0,1.005226279E1
7.059192310E0,-3.225524902E0,4.785645287E-3,9.973284721E0,1.048191022E1
7.061567831E0,3.742374659E0,-3.349951655E-2,1.045184898E1,1.110169525E1
7.063943352E0,-3.981656790E0,1.674975902E-1,8.489734650E0,9.378552162E0
7.066318873E0,2.861815929E0,-2.679961324E-1,1.166740322E1,1.201624360E1
7.068694394E0,-1.469193101E0,5.359922647E-1,8.757730484E0,8.896272214E0
7.071069914E0,-4.307080805E-2,-1.627119333E-1,1.094477081E1,1.094606497E1
7.073445435E0,1.244267821E0,-3.972085714E-1,8.628518105E0,8.726815097E0
7.075820956E0,-2.871387243E0,4.307080805E-2,1.074855900E1,1.112556697E1
7.078196477E0,3.948157310E0,-2.871387079E-2,9.667003632E0,1.044220905E1
7.080571998E0,-3.871587038E0,1.292124242E-1,9.422935486E0,1.018811048E1
7.082947519E0,3.048455954E0,-1.866401732E-1,1.107398319E1,1.148742887E1
7.085323039E0,-3.584448338E0,1.435693651E-1,8.317451477E0,9.058083744E0
7.087698560E0,1.976471543E0,1.722832322E-1,1.209811115E1,1.225970696E1
7.090074081E0,-7.848458290E-1,-2.392822690E-2,8.231309891E0,8.268676923E0
7.092449602E0,-1.694118381E0,-9.571290761E-2,1.110269737E1,1.123161106E1
7.094825123E0,2.794816732E0,-5.168496966E-1,9.107083321E0,9.540288297E0
7.097200644E0,-3.254238844E0,5.742774159E-2,1.056670475E1,1.105660968E1
7.099576164E0,3.254238844E0,-5.264209956E-2,1.003549862E1,1.055007461E1
7.101951685E0,-4.130012035E0,2.392822690E-2,8.724231720E0,9.652450004E0
7.104327206E0,2.679961443E0,-1.914258152E-1,1.165304661E1,1.195877638E1
7.106702727E0,-2.201396942E0,3.828516304E-1,8.384450912E0,8.677081363E0
7.109078248E0,5.024927258E-1,-2.727817893E-1,1.141376400E1,1.142807584E1
7.111453769E0,6.077769399E-1,-2.249253243E-1,8.738588333E0,8.762585821E0
7.113829289E0,-2.478964329E0,-2.679961324E-1,1.084905815E1,1.113189781E1
7.116204810E0,3.747160196E0,-3.445664644E-1,9.489934921E0,1.020876096E1
7.118580331E0,-3.589233875E0,4.785645306E-1,9.973284721E0,1.061027954E1
7.120955800E0,3.359523058E0,-8.614161611E-2,1.057627583E1,1.109736121E1
7.123331321E0,-3.785445452E0,-1.004985496E-1,8.216953278E0,9.047542119E0
7.125706842E0,2.411965132E0,-1.914258152E-1,1.203589821E1,1.227668788E1
7.128082362E0,-7.130611539E-1,4.115654826E-1,8.863015175E0,8.901172976E0
7.130457883E0,-5.072783828E-1,-2.009970993E-1,1.075334454E1,1.076717929E1
7.132833404E0,1.957328916E0,-4.785645306E-1,9.097511292E0,9.317986488E0
7.135208925E0,-2.809173822E0,4.785645381E-2,1.043749237E1,1.080902377E1
7.137584446E0,4.130012035E0,-1.387837082E-1,9.949356079E0,1.077339068E1
7.139959967E0,-3.613162279E0,2.153540403E-1,9.279366493E0,9.960319349E0
7.142335487E0,3.302095175E0,-1.387837082E-1,1.116491032E1,1.164381019E1
7.144711008E0,-2.967100143E0,8.135596663E-2,8.269595146E0,8.786154218E0
7.147086529E0,1.866401672E0,-1.004985496E-1,1.197368431E1,1.211869098E1
7.149462050E0,1.100698411E-1,1.531406492E-1,8.652446747E0,8.654501842E0
7.151837571E0,-1.263410330E0,-4.307080805E-2,1.078205872E1,1.085591318E1
7.154213092E0,3.000599623E0,-6.412764788E-1,9.102297783E0,9.605553526E0
7.156588612E0,-3.014956474E0,7.657032460E-2,1.060020447E1,1.102089653E1
7.158964133E0,3.852444410E0,-8.135596663E-2,9.992427826E0,1.070964801E1
7.161339654E0,-3.603590965E0,2.009970993E-1,8.910871506E0,9.614046946E0
7.163715175E0,2.842673302E0,-2.823530734E-1,1.144247818E1,1.179367719E1
7.166090696E0,-1.904686809E0,1.818545163E-1,8.614161491E0,8.824096617E0
7.168466217E0,8.566305041E-1,-2.536391914E-1,1.139940739E1,1.143436213E1
7.170841737E0,7.130611539E-1,4.307080805E-2,8.973084450E0,9.001475204E0
7.173217258E0,-2.177468538E0,-1.579262912E-1,1.067677498E1,1.089769856E1
7.175592779E0,3.632304668E0,-5.742774606E-1,9.384650230E0,1.007943906E1
7.177968300E0,-3.402593851E0,-1.435693540E-2,1.021256733E1,1.076449639E1
7.180343821E0,3.464807272E0,-6.699903309E-2,1.045663452E1,1.101592410E1
7.182719342E0,-3.804588079E0,3.110669553E-1,8.441878319E0,9.264823941E0
7.185094862E0,2.000399828E0,-4.067798555E-1,1.166261768E1,1.183992063E1
7.187470383E0,-7.848458290E-1,-1.435693651E-1,8.705088615E0,8.741576685E0
7.189845904E0,-4.115654826E-1,-2.488535494E-1,1.117448139E1,1.118482671E1
7.192221425E0,1.598405480E0,1.435693540E-2,8.886942863E0,9.029554787E0
7.194596946E0,-3.536591768E0,-1.962114573E-1,1.046620655E1,1.104931943E1
7.196972467E0,4.326223373E0,-6.699903607E-1,9.987641335E0,1.090495645E1
7.199347987E0,-3.665804386E0,3.780659735E-1,9.466006279E0,1.015806726E1
7.201723456E0,2.555534601E0,-7.178468257E-2,1.098784161E1,1.128133739E1
7.204098977E0,-3.225524902E0,-2.105683982E-1,8.035098076E0,8.660897819E0
7.206474550E0,1.373480201E0,-1.627119333E-1,1.219382381E1,1.227201134E1
7.208850019E0,6.460621357E-1,-3.828516230E-2,8.652446747E0,8.676617817E0
7.211225539E0,-2.143969059E0,-1.292124242E-1,1.064806080E1,1.086252724E1
7.213601060E0,3.072384357E0,-5.407779217E-1,9.212367058E0,9.726237361E0
7.215976581E0,-3.483949661E0,1.914258152E-1,1.030827999E1,1.088279309E1
7.218352102E0,3.675375462E0,-1.435693651E-1,1.012164021E1,1.076924312E1
7.220727623E0,-3.728017569E0,1.483550072E-1,8.666803360E0,9.435762008E0
7.223103144E0,2.545963287E0,-1.962114573E-1,1.167218876E1,1.194823913E1
7.225478664E0,-1.574477315E0,7.178468257E-2,8.288737297E0,8.437256535E0
7.227854185E0,1.866401732E-1,-3.349951655E-2,1.138504982E1,1.138662883E1
7.230229706E0,1.569691658E0,7.178468257E-2,8.762516975E0,8.902291204E0
7.232605227E0,-2.584248543E0,-1.722832322E-1,1.044227791E1,1.075867975E1
7.234980748E0,3.957728624E0,-5.407779217E-1,9.576076508E0,1.037580348E1
7.237356217E0,-3.263810158E0,4.307080805E-1,9.930213928E0,1.046169751E1
7.239731789E0,3.287738323E0,-1.004985496E-1,1.060977554E1,1.110795482E1
7.242107310E0,-3.144168854E0,2.249253243E-1,8.264809608E0,8.845533734E0
7.244482831E0,1.995614052E0,-2.584248483E-1,1.192104244E1,1.208968617E1
7.246858352E0,-1.339980662E-1,2.775674164E-1,8.700303078E0,8.705760897E0
7.249233873E0,-6.269195080E-1,-2.584248483E-1,1.084905815E1,1.087022880E1
7.251609394E0,2.268395901E0,-1.196411327E-1,9.044869423E0,9.325749130E0
7.253984914E0,-2.976671457E0,-2.440679073E-1,1.038963604E1,1.081039681E1
7.256360435E0,4.225724697E0,-3.828516304E-1,1.003549862E1,1.089562101E1
7.258735956E0,-3.364308596E0,6.269195080E-1,9.480362892E0,1.007913096E1
7.261111477E0,2.924029350E0,-1.435693651E-1,1.094955635E1,1.133416711E1
7.263486998E0,-2.871387243E0,-1.387837082E-1,8.164310455E0,8.655639250E0
7.265862519E0,1.426122308E0,-3.254238665E-1,1.201196957E1,1.210070818E1
7.268238039E0,7.322037220E-1,2.297109663E-1,9.169296265E0,9.201352260E0
7.270613560E0,-1.545763373E0,-3.206382394E-1,1.035613632E1,1.047576980E1
7.272989081E0,2.545963287E0,-3.397808075E-1,9.403793335E0,9.748266982E0
7.275364602E0,-3.436093330E0,-2.392822690E-2,1.020778179E1,1.077061368E1
7.277740123E0,4.010370731E0,-2.057827413E-1,1.034177971E1,1.109404469E1
7.280115644E0,-3.732803345E0,2.249253243E-1,8.934800148E0,9.685817771E0
7.282491112E0,2.407179594E0,-7.178468257E-2,1.136112213E1,1.161355943E1
7.284866633E0,-2.407179594E0,-6.221338734E-2,8.465806961E0,8.801606195E0
7.287242154E0,7.848458290E-1,-3.493520916E-1,1.172004509E1,1.175148870E1
7.289617675E0,8.183453679E-1,1.579262912E-1,9.068798065E0,9.107015329E0
7.291993196E0,-2.459821701E0,-2.201396823E-1,1.038006496E1,1.066981410E1
7.294368717E0,3.134597778E0,-5.838487148E-1,9.533005714E0,1.005210329E1
7.296744237E0,-3.503092289E0,1.100698411E-1,1.022692394E1,1.081081608E1
7.299119758E0,3.244667530E0,-1.722832322E-1,1.038485050E1,1.088129904E1
7.301495279E0,-3.775874138E0,2.584248483E-1,8.690732002E0,9.479073354E0
7.303870748E0,2.009970903E0,-4.067798555E-1,1.157647610E1,1.175671092E1
7.306246321E0,-1.440479279E0,1.435693651E-1,8.748159409E0,8.867123871E0
7.308621842E0,-1.818545163E-1,-2.679961324E-1,1.123190975E1,1.123657820E1
7.310997362E0,1.076770186E0,7.657032460E-2,8.944371223E0,9.009277087E0
7.313372883E0,-2.909672260E0,-1.818545163E-1,1.054756260E1,1.094304987E1
7.315748404E0,3.579662561E0,-4.689932466E-1,9.585647583E0,1.024297702E1
7.318123925E0,-3.617947817E0,1.770688742E-1,9.925428391E0,1.056574789E1
7.320499446E0,3.029313564E0,-4.785645381E-2,1.061456108E1,1.103847534E1
7.322874967E0,-3.670589924E0,3.206382394E-1,8.379665375E0,9.153951664E0
7.325250487E0,1.646261930E0,-4.115654826E-1,1.173440266E1,1.185646533E1
7.327625956E0,-2.727817893E-1,3.110669553E-1,8.853444099E0,8.863105831E0
7.330001529E0,-8.709874153E-1,-4.067798555E-1,1.072463131E1,1.076762767E1
7.332377050E0,1.732403636E0,-4.785645381E-2,9.001798630E0,9.167109205E0
7.334752571E0,-3.220739365E0,-3.110669553E-1,1.037527943E1,1.086813452E1
7.337128092E0,4.287938118E0,-2.105683982E-1,1.031785107E1,1.117536590E1
7.339503612E0,-3.613162279E0,5.599204898E-1,9.064012527E0,9.773677696E0
7.341879133E0,2.675175667E0,-1.866401732E-1,1.093998528E1,1.126386600E1
7.344254654E0,-2.794816732E0,-1.148554832E-1,8.575876236E0,9.020523575E0
7.346630175E0,1.842473388E0,-6.221338734E-2,1.175354481E1,1.189724314E1
7.349005696E0,2.919243574E-1,6.221338734E-2,8.556734085E0,8.561938363E0
7.351381217E0,-1.526620865E0,-1.339980662E-1,1.097827053E1,1.108471698E1
7.353756737E0,3.058027267E0,-3.780659735E-1,9.001798630E0,9.514559539E0
7.356132258E0,-3.077169895E0,-1.196411327E-1,1.038963604E1,1.083641203E1
7.358507779E0,4.101297855E0,-4.785645287E-3,1.026520920E1,1.105419318E1
7.360883300E0,-3.483949661E0,2.871387303E-1,8.872586250E0,9.536411309E0
7.363258769E0,2.746960402E0,-3.302095234E-1,1.122712421E1,1.156300774E1
7.365634237E0,-1.914258122E0,-6.699903309E-2,8.609375954E0,8.819876833E0
7.368009810E0,1.406979680E0,1.627119333E-1,1.180140114E1,1.188609001E1
7.370385331E0,5.120640397E-1,0.000000000E0,8.331808090E0,8.347528714E0
7.372760852E0,-2.053041935E0,-3.206382394E-1,1.089212894E1,1.108856452E1
7.375136373E0,3.737588882E0,-3.254238665E-1,9.399007797E0,1.012011951E1
7.377511894E0,-2.952743053E0,1.483550072E-1,1.018863869E1,1.060891413E1
7.379887414E0,3.129812002E0,-3.828516230E-2,1.031785107E1,1.078217230E1
7.382262935E0,-3.661018610E0,3.110669553E-1,8.590232849E0,9.343014520E0
7.384638456E0,2.545963287E0,-3.780659735E-1,1.149033451E1,1.177508599E1
7.387013977E0,-1.368694544E0,3.924229145E-1,8.752944946E0,8.867996715E0
7.389389498E0,4.307080805E-2,-3.302095234E-1,1.104526901E1,1.105028782E1
7.391765019E0,7.704889178E-1,1.052841991E-1,8.796015739E0,8.830324503E0
7.394140539E0,-2.593819857E0,-3.684946895E-1,1.060977554E1,1.092845034E1
7.396516060E0,3.689732552E0,-1.866401732E-1,9.810572624E0,1.048314343E1
7.398891581E0,-3.713660717E0,4.163511395E-1,9.667003632E0,1.036414895E1
7.401267102E0,2.885744095E0,-1.004985496E-1,1.044706345E1,1.083876163E1
7.403642623E0,-3.905086517E0,-4.785645287E-3,8.633303642E0,9.475423758E0
7.406018144E0,2.191825628E0,-2.488535494E-1,1.156211948E1,1.177066840E1
7.408393664E0,-1.253839016E0,5.216353536E-1,9.016156197E0,9.117855465E0
7.410769185E0,-8.470591903E-1,-2.344966233E-1,1.069113159E1,1.072719873E1
7.413144706E0,1.177268744E0,-2.009970993E-1,8.934800148E0,9.014267314E0
7.415520227E0,-2.943171740E0,-3.206382394E-1,1.039442158E1,1.080782442E1
7.417895748E0,3.565305710E0,1.339980662E-1,1.014556789E1,1.075462264E1
7.420271269E0,-3.795016766E0,1.435693651E-1,9.198010445E0,9.951188902E0
7.422646737E0,2.665604353E0,9.571290575E-3,1.082512951E1,1.114849618E1
7.425022310E0,-3.574877024E0,1.483550072E-1,8.542376518E0,9.261422759E0
7.427397831E0,2.105684042E0,-2.679961324E-1,1.175354481E1,1.194368213E1
7.429773352E0,-8.566305041E-1,4.402793646E-1,8.724231720E0,8.777236515E0
7.432148873E0,-1.392622828E0,-3.684946895E-1,1.064327526E1,1.074032099E1
7.434524394E0,2.167897224E0,-3.110669553E-1,9.178867340E0,9.436532556E0
7.436899862E0,-2.670390129E0,-6.699903309E-2,1.056670475E1,1.089911563E1
7.439275383E0,3.158525944E0,5.742774159E-2,9.700503349E0,1.020192871E1
7.441650956E0,-3.622733593E0,1.244267747E-1,9.288937569E0,9.971160507E0
7.444026425E0,3.101098061E0,-2.823530734E-1,1.098305607E1,1.141595607E1
7.446401946E0,-2.675175667E0,2.536391914E-1,8.729017258E0,9.133271045E0
7.448777467E0,1.517049551E0,-1.627119333E-1,1.144726372E1,1.154849606E1
7.451152987E0,-2.249253243E-1,1.531406492E-1,8.757730484E0,8.761956784E0
7.453528508E0,-1.359123230E0,-3.014956415E-1,1.089212894E1,1.098073716E1
7.455904029E0,3.029313564E0,-3.541377485E-1,9.212367058E0,9.704115674E0
7.458279550E0,-2.703889608E0,1.100698411E-1,1.051406288E1,1.085673306E1
7.460655071E0,3.282952785E0,-6.699903309E-2,9.801001549E0,1.033643552E1
7.463030592E0,-3.766302824E0,1.866401732E-1,9.040083885E0,9.795049166E0
7.465406112E0,3.297309637E0,-3.397808075E-1,1.132762241E1,1.180265781E1
7.467781633E0,-1.852044702E0,6.269195080E-1,8.700303078E0,8.917307401E0
7.470157154E0,8.470591903E-1,-4.354937077E-1,1.106441212E1,1.110533113E1
7.472532675E0,4.977070987E-1,0.000000000E0,8.843872070E0,8.857865745E0
7.474908196E0,-1.694118381E0,-4.211367965E-1,1.080598736E1,1.094608405E1
7.477283717E0,3.594019651E0,1.148554832E-1,9.710074425E0,1.035450213E1
7.479659237E0,-3.158525944E0,-1.052841991E-1,9.676574707E0,1.017956133E1
7.482034758E0,3.388236761E0,1.627119333E-1,1.049491978E1,1.102950428E1
7.484410279E0,-3.852444410E0,2.967100143E-1,8.599804878E0,9.427937670E0
7.486785800E0,2.933600664E0,-3.110669553E-1,1.155254745E1,1.192325997E1
7.489161321E0,-1.593619823E0,6.221339107E-1,8.618947029E0,8.787088405E0
7.491536842E0,-1.435693651E-1,-2.105683982E-1,1.097348499E1,1.097644406E1
7.493912362E0,1.000199914E0,-2.105683982E-1,8.714659691E0,8.774396415E0
7.496287883E0,-2.407179594E0,-2.440679073E-1,1.079641533E1,1.106420656E1
7.498663404E0,3.469592810E0,1.866401732E-1,9.757930756E0,1.035809449E1
7.501038925E0,-3.766302824E0,1.387837082E-1,9.288937569E0,1.002440318E1
7.503414446E0,2.866601467E0,-2.201396823E-1,1.076291656E1,1.114029795E1
7.505789967E0,-3.517449379E0,3.445664644E-1,8.805587769E0,9.488390387E0
7.508165487E0,2.139183521E0,-1.292124242E-1,1.139940739E1,1.159910733E1
7.510541008E0,-1.392622828E0,2.967100143E-1,8.752944946E0,8.868003180E0
7.512916477E0,-1.196411371E0,-5.264209956E-2,1.089691448E1,1.096252328E1
7.515292050E0,1.871187329E0,-2.153540403E-1,8.958727837E0,9.154590315E0
7.517667519E0,-2.895315409E0,-2.201396823E-1,1.055713367E1,1.094917276E1
7.520043039E0,3.225524902E0,1.531406492E-1,9.882357597E0,1.039655975E1
7.522418560E0,-4.264009953E0,2.871387303E-1,8.982656479E0,9.947479427E0
7.524794081E0,2.766103029E0,-3.589234054E-1,1.112662506E1,1.147091702E1
7.527169602E0,-2.612962246E0,2.009970993E-1,8.815158844E0,9.196466548E0
7.529545123E0,1.138983607E0,-1.435693651E-1,1.123190975E1,1.129042481E1
7.531920644E0,-3.014956415E-1,1.339980662E-1,8.824729919E0,8.830895382E0
7.534296164E0,-2.038684845E0,-4.163511395E-1,1.089212894E1,1.108909632E1
7.536671685E0,3.445664644E0,-3.972085714E-1,9.456435204E0,1.007246476E1
7.539047206E0,-3.249453068E0,4.115654826E-1,1.012164021E1,1.063841773E1
7.541422727E0,2.933600664E0,-3.445664644E-1,1.013599682E1,1.055761197E1
7.543798248E0,-4.029513359E0,-9.092725813E-2,8.939585686E0,9.806193854E0
7.546173769E0,3.393022537E0,1.866401732E-1,1.198804188E1,1.246036053E1
7.548549289E0,-1.923829436E0,-1.914258115E-2,7.920242786E0,8.150566357E0
7.550924810E0,-1.435693540E-2,-3.732803464E-1,1.155254745E1,1.155858543E1
7.553300331E0,1.593619823E0,-2.440679073E-1,9.064012527E0,9.206275924E0
7.555675852E0,-2.100898266E0,8.614161611E-2,1.061934662E1,1.082551230E1
7.558051373E0,3.426522017E0,-2.201396823E-1,9.619147301E0,1.021359434E1
7.560426894E0,-3.507878065E0,-2.632105052E-1,9.633503914E0,1.025567579E1
7.562802414E0,3.732803345E0,-3.828516230E-2,1.099741268E1,1.161371483E1
7.565177935E0,-3.393022537E0,1.627119333E-1,8.513663292E0,9.166326405E0
7.567553456E0,2.210968018E0,-2.105683982E-1,1.164826107E1,1.185810712E1
7.569928977E0,-6.891329288E-1,3.349951655E-2,8.843872070E0,8.870744028E0
7.572304498E0,-6.652047038E-1,-1.914258152E-1,1.092084217E1,1.094275719E1
7.574680019E0,2.378465652E0,-2.201396823E-1,8.886942863E0,9.202353710E0
7.577055539E0,-3.014956474E0,-4.450650215E-1,1.055713367E1,1.098822628E1
7.579431060E0,4.163511276E0,-2.871387079E-2,1.026999474E1,1.108189706E1
7.581806581E0,-3.718446493E0,4.737788737E-1,8.901300430E0,9.658388069E0
7.584182102E0,2.608176708E0,-1.387837082E-1,1.116012478E1,1.146168538E1
7.586557623E0,-2.335394859E0,-2.823530734E-1,8.470592499E0,8.791173396E0
7.588933144E0,1.651047587E0,8.614161611E-2,1.197846985E1,1.209202706E1
7.591308612E0,5.599204898E-1,4.307080805E-2,8.293522835E0,8.312513883E0
7.593684185E0,-2.828316450E0,-4.929214716E-1,1.077248764E1,1.114849028E1
7.596059654E0,4.302295208E0,-2.727817893E-1,9.796216011E0,1.070280347E1
7.598435175E0,-3.393022537E0,2.823530734E-1,9.824930191E0,1.039815265E1
7.600810696E0,3.153740168E0,-7.178468257E-2,1.045663452E1,1.092210765E1
7.603186217E0,-3.747160196E0,-1.866401732E-1,8.590232849E0,9.373800963E0
7.605561737E0,2.790031195E0,2.153540403E-1,1.211246777E1,1.243151346E1
7.607937258E0,-8.614161611E-1,-1.722832322E-1,8.039883614E0,8.087734407E0
7.610312779E0,-9.571290612E-1,-3.780659735E-1,1.122233772E1,1.126942296E1
7.612688300E0,2.450250387E0,-1.244267747E-1,9.111868858E0,9.436385064E0
7.615063821E0,-2.943171740E0,4.785645381E-2,1.040877819E1,1.081698727E1
7.617439289E0,3.799802303E0,-1.914258152E-1,9.887143135E0,1.059390111E1
7.619814862E0,-3.723232031E0,9.571290575E-3,9.178867340E0,9.905258907E0
7.622190383E0,3.340380430E0,-1.435693540E-2,1.142333508E1,1.190171970E1
7.624565904E0,-2.742174864E0,-2.392822690E-2,8.212167740E0,8.657932463E0
7.626941425E0,1.210768223E0,9.571290761E-2,1.199761295E1,1.205893184E1
7.629316946E0,6.364908218E-1,-9.092725813E-2,8.513663292E0,8.537906710E0
7.631692467E0,-1.957328916E0,-3.732803464E-1,1.073420238E1,1.091758103E1
7.634067987E0,3.412165165E0,-1.722832322E-1,9.379864693E0,9.982705759E0
7.636443508E0,-3.479164124E0,4.307080805E-2,1.008814049E1,1.067131747E1
7.638819029E0,3.661018610E0,-7.657032460E-2,1.041835022E1,1.104314002E1
7.641194550E0,-3.503092289E0,1.866401732E-1,8.595019341E0,9.283364024E0
7.643570071E0,2.287538528E0,-1.770688742E-1,1.160519028E1,1.182981941E1
7.645945592E0,-1.134197950E0,-1.674975902E-1,8.394021988E0,8.471957599E0
7.648321112E0,-1.148554832E-1,1.148554832E-1,1.149033451E1,1.149148253E1
7.650696633E0,1.895115495E0,-4.785645287E-3,8.513663292E0,8.722038081E0
7.653072154E0,-3.192025423E0,-4.163511395E-1,1.040399265E1,1.089061237E1
7.655447675E0,4.153940201E0,-3.732803464E-1,1.003549862E1,1.086764878E1
7.657823196E0,-3.483949661E0,5.503492355E-1,9.437292099E0,1.007488321E1
7.660198717E0,2.746960402E0,-2.201396823E-1,1.089691448E1,1.123997323E1
7.662574237E0,-2.895315409E0,-4.785645381E-2,8.446663857E0,8.929236914E0
7.664949758E0,1.435693622E0,-2.009970993E-1,1.177747345E1,1.186635988E1
7.667325279E0,6.652047038E-1,1.148554832E-1,8.953942299E0,8.979352525E0
7.669700800E0,-2.033899307E0,-5.072783828E-1,1.042792130E1,1.063652294E1
7.672076269E0,3.014956474E0,-9.092725813E-2,9.571290970E0,1.003532965E1
7.674451789E0,-3.718446493E0,-3.158525825E-1,9.820143700E0,1.050532386E1
7.676827258E0,3.957728624E0,-2.057827413E-1,1.078684425E1,1.149182193E1
7.679202831E0,-3.689732552E0,6.317051649E-1,8.652446747E0,9.427513587E0
7.681578352E0,2.072184324E0,-3.828516304E-1,1.119841003E1,1.139495110E1
7.683953873E0,-1.665404558E0,-3.254238665E-1,8.752944946E0,8.915913765E0
7.686329394E0,1.435693651E-1,6.221338734E-2,1.170568848E1,1.170673419E1
7.688704914E0,1.512263894E0,-1.531406492E-1,8.432307243E0,8.568208657E0
7.691080435E0,-3.034099102E0,-5.503492355E-1,1.060977554E1,1.104879988E1
7.693455956E0,3.838087559E0,-7.178468257E-2,9.978070259E0,1.069102218E1
7.695831477E0,-4.110869408E0,3.349951804E-1,9.341579437E0,1.021159025E1
7.698206998E0,3.144168854E0,-3.780659735E-1,1.105484104E1,1.149948878E1
7.700582519E0,-3.091526747E0,-2.823530734E-1,8.551948547E0,9.097971468E0
7.702958039E0,1.655833244E0,4.019941986E-1,1.192104244E1,1.204220229E1
7.705333560E0,-5.359922647E-1,-3.158525825E-1,8.035098076E0,8.059147080E0
7.707709081E0,-1.584048629E0,-5.551348329E-1,1.131805134E1,1.144183861E1
7.710084602E0,3.215953588E0,-1.244267747E-1,9.489934921E0,1.002081356E1
7.712460123E0,-3.455235958E0,4.881358147E-1,1.004506969E1,1.063392483E1
7.714835644E0,3.153740168E0,-4.881358147E-1,9.801001549E0,1.030747229E1
7.717211164E0,-3.699303865E0,-3.062812984E-1,9.332008362E0,1.004315874E1
7.719586685E0,3.689732552E0,4.211367965E-1,1.174875927E1,1.232172175E1
7.721962206E0,-2.411965132E0,2.344966233E-1,7.877171993E0,8.241504904E0
7.724337727E0,-3.541377485E-1,-7.465606928E-1,1.123190975E1,1.126226279E1
7.726713248E0,2.014756680E0,1.435693540E-2,9.619147301E0,9.827891198E0
7.729088769E0,-1.636690736E0,-6.699903309E-2,1.044227791E1,1.056997698E1
7.731464289E0,2.522035122E0,-2.871387079E-2,9.011369705E0,9.357685056E0
7.733839810E0,-3.704089403E0,-4.498506486E-1,1.007856941E1,1.074710218E1
7.736215331E0,4.326223373E0,2.536391914E-1,1.104526901E1,1.186501197E1
7.738590852E0,-3.211168051E0,3.349951804E-1,8.212167740E0,8.824030882E0
7.740966373E0,1.880758643E0,-4.833501875E-1,1.120798111E1,1.137496027E1
7.743341894E0,-1.272981644E0,1.004985496E-1,9.217152596E0,9.305185876E0
7.745717414E0,4.115654826E-1,1.483550072E-1,1.096869946E1,1.097742060E1
7.748092935E0,1.445264935E0,-5.742774159E-2,8.987442017E0,9.103087536E0
7.750468404E0,-2.258824587E0,-9.188438654E-1,1.030827999E1,1.059278995E1
7.752843925E0,3.598805189E0,4.689932466E-1,1.017428207E1,1.080219279E1
7.755219446E0,-3.723232031E0,2.536391914E-1,9.327222824E0,1.004608756E1
7.757594967E0,3.493520975E0,-2.201396823E-1,1.062413216E1,1.118594361E1
7.759970487E0,-3.034099102E0,-1.627119333E-1,8.973084450E0,9.473567284E0
7.762346008E0,2.694318295E0,3.493520916E-1,1.152383423E1,1.183976998E1
7.764721529E0,-1.966900229E0,2.249253243E-1,8.015955925E0,8.256805515E0
7.767097050E0,3.828516230E-2,-4.785645306E-1,1.140419292E1,1.141429393E1
7.769472571E0,1.885544300E0,-1.244267747E-1,9.360722542E0,9.549548986E0
7.771848092E0,-1.785045743E0,1.531406492E-1,1.054756260E1,1.069864090E1
7.774223612E0,2.632104874E0,-8.135596663E-2,9.126225471E0,9.498557060E0
7.776599133E0,-3.584448338E0,-3.349951804E-1,9.920642853E0,1.055365559E1
7.778974654E0,4.354937077E0,1.722832322E-1,1.129412270E1,1.210588146E1
7.781350175E0,-3.340380430E0,3.349951804E-1,7.992027760E0,8.668498768E0
7.783725696E0,1.421336651E0,-3.302095234E-1,1.124148083E1,1.133578967E1
7.786101217E0,-9.954141974E-1,-4.307080805E-2,9.312865257E0,9.366011094E0
7.788476737E0,7.082754970E-1,-4.785645381E-2,1.107876873E1,1.110148913E1
7.790852258E0,8.374879360E-1,1.339980662E-1,8.772088051E0,8.812994400E0
7.793227779E0,-2.689532757E0,-8.614161611E-1,1.045184898E1,1.082666945E1
7.795603300E0,3.723232031E0,3.110669553E-1,1.006899738E1,1.073982904E1
7.797978821E0,-2.957528830E0,1.339980662E-1,9.738788605E0,1.017884747E1
7.800354342E0,2.794816732E0,-5.455635786E-1,1.013599682E1,1.052839360E1
7.802729862E0,-3.426522017E0,9.571290761E-2,9.317651749E0,9.928184537E0
7.805105383E0,2.646461725E0,2.823530734E-1,1.142812061E1,1.173394323E1
7.807480904E0,-1.899901152E0,1.387837082E-1,8.240880966E0,8.458191556E0
7.809856425E0,4.067798555E-1,-9.619147182E-1,1.099741268E1,1.104689257E1
7.812231946E0,6.412764788E-1,2.344966233E-1,9.681360245E0,9.705408821E0
7.814607467E0,-1.952543259E0,2.057827413E-1,1.024128056E1,1.042778016E1
7.816982987E0,2.541177750E0,-2.584248483E-1,9.236295700E0,9.582981061E0
7.819358456E0,-2.986242771E0,-6.604190469E-1,9.939785004E0,1.039966947E1
7.821733977E0,3.359523058E0,2.823530734E-1,1.084905815E1,1.136081781E1
7.824109550E0,-3.972085476E0,4.067798555E-1,8.566305161E0,9.451164848E0
7.826485019E0,2.426322222E0,-3.684946895E-1,1.085384369E1,1.112783675E1
7.828860539E0,-2.445464849E0,-5.264209956E-2,9.102297783E0,9.425226493E0
7.831236060E0,1.698904037E0,8.135596663E-2,1.130369377E1,1.143093988E1
7.833611581E0,-1.009771109E0,9.092725813E-2,8.303094864E0,8.364764777E0
7.835987102E0,-1.651047587E0,-6.556333899E-1,1.074855900E1,1.089437166E1
7.838362623E0,2.837887764E0,1.100698411E-1,1.002592659E1,1.042040912E1
7.840738144E0,-2.455035925E0,-4.785645381E-2,9.877572060E0,1.017820816E1
7.843113664E0,2.431107759E0,6.699903309E-2,9.652647018E0,9.954314053E0
7.845489185E0,-3.828516245E0,-4.211367965E-1,9.614361763E0,1.035716394E1
7.847864706E0,4.120440483E0,2.009970993E-1,1.153819084E1,1.225350062E1
7.850240227E0,-3.072384357E0,4.019941986E-1,7.896314621E0,8.482507269E0
7.852615748E0,9.762716293E-1,-6.317051649E-1,1.106441212E1,1.112534823E1
7.854991269E0,-4.881358147E-1,2.249253243E-1,9.523433685E0,9.538587796E0
7.857366789E0,1.962114573E-1,-2.440679073E-1,1.084427261E1,1.084879332E1
7.859742310E0,1.210768223E0,1.722832322E-1,8.982656479E0,9.065525832E0
7.862117831E0,-2.507678032E0,-8.087740541E-1,1.013599682E1,1.047286953E1
7.864493352E0,3.555734396E0,3.254238665E-1,1.030349445E1,1.090463873E1
7.866868873E0,-3.215953588E0,1.483550072E-1,9.571290970E0,1.009821655E1
7.869244394E0,3.058027267E0,-3.349951804E-1,1.023649502E1,1.068875965E1
7.871619914E0,-3.043670416E0,-1.674975902E-1,9.432506561E0,9.912828308E0
7.873995435E0,2.756531715E0,3.780659735E-1,1.119362450E1,1.153423731E1
7.876370904E0,-2.292324066E0,1.531406492E-1,8.121239662E0,8.439948776E0
7.878746477E0,8.614161611E-1,-6.604190469E-1,1.127976608E1,1.133187160E1
7.881121998E0,5.599204898E-1,-8.135596663E-2,9.475577354E0,9.492454685E0
7.883497519E0,-1.119840980E0,3.780659735E-1,1.079641533E1,1.086091901E1
7.885873039E0,2.081755638E0,-3.254238665E-1,8.757730484E0,9.007632900E0
7.888248560E0,-2.761317253E0,-5.024927258E-1,1.041835022E1,1.078978189E1
7.890624081E0,3.637090445E0,6.221338734E-2,1.053320503E1,1.114363970E1
7.892999602E0,-3.512663603E0,4.211367965E-1,8.949156761E0,9.623074796E0
7.895375123E0,2.445464849E0,-2.440679073E-1,1.073420238E1,1.101194662E1
7.897750592E0,-2.603390932E0,-1.483550072E-1,9.288937569E0,9.648005737E0
7.900126112E0,2.402393818E0,8.135596663E-2,1.113619614E1,1.139267217E1
7.902501633E0,-1.435693622E0,2.584248483E-1,8.642875671E0,8.765118336E0
7.904877154E0,-1.052842021E0,-6.221339107E-1,1.070070267E1,1.077035582E1
7.907252675E0,2.268395901E0,-1.004985496E-1,9.882357597E0,1.013985757E1
7.909628196E0,-1.895115495E0,5.742774159E-2,1.031785107E1,1.049060586E1
7.912003717E0,2.139183521E0,5.742774159E-2,9.274580956E0,9.518259084E0
7.914379237E0,-3.814159393E0,-6.317051649E-1,9.844072342E0,1.057604007E1
7.916754758E0,4.053441525E0,1.722832322E-1,1.118883896E1,1.190168841E1
7.919130279E0,-3.211168051E0,4.115654826E-1,8.504091263E0,9.099481007E0
7.921505800E0,1.512263894E0,-4.450650215E-1,1.071506023E1,1.083039892E1
7.923881321E0,-1.990828395E0,1.483550072E-1,9.360722542E0,9.571234686E0
7.926256842E0,1.172483087E0,-8.614161611E-2,1.107398319E1,1.113621303E1
7.928632362E0,1.914258152E-1,2.632105052E-1,9.001798630E0,9.007680178E0
7.931007883E0,-1.713261008E0,-8.662018180E-1,1.024128056E1,1.041966392E1
7.933383404E0,2.469393015E0,2.440679073E-1,1.004985523E1,1.035166949E1
7.935758925E0,-2.981456995E0,1.818545163E-1,9.676574707E0,1.012710496E1
7.938134446E0,2.890529871E0,-1.292124242E-1,1.007378292E1,1.048107633E1
7.940509967E0,-3.134597778E0,-4.354937077E-1,9.494720459E0,1.000825033E1
7.942885487E0,3.259024382E0,3.637090325E-1,1.100219822E1,1.148050042E1
7.945261008E0,-3.397808075E0,3.158525825E-1,8.303094864E0,8.976984287E0
7.947636529E0,1.627119422E0,-4.354937077E-1,1.131326580E1,1.143796990E1
7.950012050E0,-6.795616150E-1,-1.339980662E-1,9.322437286E0,9.348133313E0
7.952387571E0,2.440679073E-1,2.344966233E-1,1.093041420E1,1.093565327E1
7.954763092E0,8.566305041E-1,-3.349951655E-2,8.638090134E0,8.680526435E0
7.957138612E0,-2.234896421E0,-7.082754970E-1,1.052363396E1,1.078161805E1
7.959514133E0,3.445664644E0,4.307080805E-2,1.028913784E1,1.085084409E1
7.961889602E0,-2.876172781E0,1.914258152E-1,9.461220741E0,9.890587021E0
7.964265123E0,2.665604353E0,-1.531406492E-1,1.021735287E1,1.056045445E1
7.966640696E0,-3.215953588E0,-3.732803464E-1,9.265008926E0,9.814381596E0
7.969016164E0,3.680161238E0,1.244267747E-1,1.141376400E1,1.199304288E1
7.971391685E0,-2.344966173E0,2.679961324E-1,8.427521706E0,8.751788982E0
7.973767206E0,2.823530734E-1,-5.216353536E-1,1.083948612E1,1.085570293E1
7.976142727E0,8.757730722E-1,-1.292124242E-1,9.801001549E0,9.840899638E0
7.978518248E0,-2.440679073E-1,-1.292124242E-1,1.074855900E1,1.075210610E1
7.980893769E0,1.512263894E0,1.244267747E-1,8.877371788E0,9.006117586E0
7.983269289E0,-3.144168854E0,-8.374879360E-1,9.939785004E0,1.045880059E1
7.985644810E0,3.981656790E0,3.014956415E-1,1.085384369E1,1.156505137E1
7.988020331E0,-2.962314367E0,4.307080805E-2,9.107083321E0,9.576853769E0
7.990395800E0,2.354537487E0,-3.397808075E-1,1.049970531E1,1.076583064E1
7.992771373E0,-2.890529871E0,4.785645287E-3,9.370293617E0,9.805997568E0
7.995146894E0,2.301895380E0,1.100698411E-1,1.122712421E1,1.146120220E1
7.997522414E0,-1.359123230E0,1.962114573E-1,8.532805443E0,8.642597041E0
7.999897935E0,-4.785645287E-3,-8.135597110E-1,1.082512951E1,1.085565895E1
8.002273456E0,8.279166222E-1,1.914258152E-1,9.580862045E0,9.618472192E0
8.004648977E0,-1.727617979E0,2.584248483E-1,1.046142101E1,1.060626121E1
8.007024498E0,2.325823545E0,-1.627119333E-1,9.221938133E0,9.512101412E0
8.009400019E0,-3.014956474E0,-5.264210105E-1,9.848857880E0,1.031344187E1
8.011775539E0,3.225524902E0,1.914258152E-1,1.078684425E1,1.126040247E1
8.014151060E0,-3.684946775E0,5.934200287E-1,8.733802795E0,9.497909840E0
8.016526581E0,2.330609322E0,-2.967100143E-1,1.066720295E1,1.092286571E1
8.018902102E0,-2.545963287E0,1.004985496E-1,9.164510727E0,9.512112588E0
8.021277623E0,1.890329838E0,2.679961324E-1,1.093041420E1,1.109590570E1
8.023653144E0,-1.406979680E0,3.493520916E-1,8.451449394E0,8.574883997E0
8.026028664E0,-9.810572863E-1,-4.977070987E-1,1.067677498E1,1.073329911E1
8.028404185E0,1.990828395E0,2.392822653E-1,9.729216576E0,9.933695630E0
8.030779706E0,-1.828116536E0,7.657032460E-2,1.013121128E1,1.029511122E1
8.033155227E0,2.129612207E0,2.967100143E-1,9.265008926E0,9.511239425E0
8.035530748E0,-3.799802303E0,-2.919243574E-1,9.590433121E0,1.031988977E1
8.037906269E0,4.101297855E0,2.632105052E-1,1.123190975E1,1.196017226E1
8.040281789E0,-3.306880951E0,4.259224236E-1,8.226524353E0,8.876518150E0
8.042657310E0,1.459621787E0,4.785645287E-3,1.076291656E1,1.086144059E1
8.045032779E0,-1.909472466E0,2.009970993E-1,9.198010445E0,9.396269529E0
8.047408300E0,1.564906001E0,-1.052841991E-1,1.100219822E1,1.111343247E1
8.049783821E0,3.828516230E-2,5.072783828E-1,8.671588898E0,8.686498208E0
8.052159342E0,-1.703689694E0,-6.029912829E-1,1.030349445E1,1.046079132E1
8.054534862E0,2.641676188E0,2.009970993E-1,9.863214493E0,1.021282787E1
8.056910383E0,-2.589034081E0,1.914258152E-1,9.844072342E0,1.018064348E1
8.059285904E0,2.924029350E0,4.307080805E-2,1.002592659E1,1.044370656E1
8.061661425E0,-3.302095175E0,-2.249253243E-1,9.241081238E0,9.815905785E0
8.064036946E0,3.373879910E0,2.919243574E-1,1.115055370E1,1.165346015E1
8.066412414E0,-3.110669374E0,4.163511395E-1,8.360522270E0,8.930170483E0
8.068787987E0,1.679761529E0,-4.019941986E-1,1.093998528E1,1.107548987E1
8.071163508E0,-9.379864931E-1,-3.828516230E-2,9.533005714E0,9.579116993E0
8.073539029E0,3.637090325E-1,2.201396823E-1,1.088255692E1,1.089085813E1
8.075914550E0,6.939185858E-1,-1.100698411E-1,8.551948547E0,8.580761174E0
8.078290071E0,-1.837687731E0,-6.556333899E-1,1.062891865E1,1.080651947E1
8.080665592E0,2.857030153E0,2.249253243E-1,1.005464077E1,1.045509511E1
8.083041112E0,-3.330809116E0,2.009970993E-1,9.298508644E0,9.879116975E0
8.085416633E0,2.952743053E0,-1.818545163E-1,1.039442158E1,1.080720882E1
8.087792154E0,-3.134597778E0,-2.871387079E-2,9.413364410E0,9.921590459E0
8.090167675E0,3.019742250E0,-2.871387079E-2,1.099741268E1,1.140450584E1
8.092543196E0,-2.986242771E0,4.833501875E-1,8.451449394E0,8.976539988E0
8.094918717E0,6.173482537E-1,-3.828516304E-1,1.110748291E1,1.113121156E1
8.097294237E0,2.009970993E-1,-1.579262912E-1,9.437292099E0,9.440753291E0
8.099669758E0,-3.158525825E-1,-1.148554832E-1,1.074377346E1,1.074902892E1
8.102045279E0,1.105484009E0,1.244267747E-1,8.882157326E0,8.951552696E0
8.104420800E0,-3.268595695E0,-6.460621357E-1,9.954142570E0,1.049695520E1
8.106796321E0,3.780659676E0,1.148554832E-1,1.077248764E1,1.141722687E1
8.109171842E0,-3.273381472E0,1.914258152E-1,9.126225471E0,9.697404883E0
8.111547310E0,2.311466694E0,-6.699903309E-2,1.053320503E1,1.078405190E1
8.113922831E0,-3.383451223E0,-8.135596663E-2,9.159725189E0,9.764984717E0
8.116298352E0,2.560320139E0,-2.392822690E-2,1.135633659E1,1.164139994E1
8.118673873E0,-1.612762451E0,3.110669553E-1,8.609375954E0,8.764651715E0
8.121049394E0,-1.387837082E-1,-5.407779217E-1,1.078684425E1,1.080128282E1
8.123424914E0,7.465606928E-1,-1.483550072E-1,9.442078590E0,9.472708704E0
8.125800435E0,-1.517049551E0,2.344966233E-1,1.078684425E1,1.089552371E1
8.128175956E0,2.378465652E0,-7.657032460E-2,9.159725189E0,9.463800897E0
8.130551477E0,-3.192025423E0,-7.178468108E-1,9.724431038E0,1.026006283E1
8.132926998E0,3.560520172E0,4.450650215E-1,1.105962658E1,1.162715472E1
8.135302519E0,-3.732803345E0,3.158525825E-1,8.513663292E0,9.301400234E0
8.137678039E0,2.684746981E0,-2.536391914E-1,1.111705399E1,1.143945316E1
8.140053560E0,-2.325823545E0,-3.828516230E-2,9.092725754E0,9.385551798E0
8.142429081E0,1.741974831E0,7.657032460E-2,1.113619614E1,1.127187667E1
8.144804602E0,-9.667003751E-1,1.483550072E-1,8.657232285E0,8.712301054E0
8.147180123E0,-3.828516304E-1,-5.407779217E-1,1.102612686E1,1.104601692E1
8.149555644E0,1.952543259E0,4.785645287E-3,9.533005714E0,9.730911881E0
8.151931164E0,-1.880758643E0,2.392822690E-2,1.037527943E1,1.054439419E1
8.154306685E0,2.746960402E0,-8.135596663E-2,9.394221306E0,9.787941775E0
8.156682206E0,-3.340380430E0,-4.929214716E-1,9.805787086E0,1.037085210E1
8.159057727E0,4.120440483E0,5.264209956E-2,1.132762241E1,1.205387201E1
8.161433248E0,-3.153740168E0,2.919243574E-1,8.413164139E0,8.989584401E0
8.163808769E0,1.713261008E0,-2.249253243E-1,1.096869946E1,1.110397327E1
8.166184289E0,-1.339980721E0,-2.392822653E-1,9.375079155E0,9.473379202E0
8.168559810E0,1.627119422E0,-9.092725813E-2,1.110748291E1,1.122639577E1
8.170935331E0,2.679961324E-1,1.100698411E-1,8.858229637E0,8.862966185E0
8.173310852E0,-1.957328916E0,-8.183453679E-1,1.031785107E1,1.053370193E1
8.175686373E0,3.321237803E0,-1.914258115E-2,1.025563812E1,1.078003248E1
8.178061894E0,-2.560320139E0,-1.148554832E-1,9.920642853E0,1.024634499E1
8.180437414E0,2.785245657E0,-1.196411327E-1,1.015035343E1,1.052623305E1
8.182812883E0,-3.479164124E0,-2.967100143E-1,9.260223389E0,9.896684144E0
8.185188404E0,3.445664644E0,-9.571290575E-3,1.134197903E1,1.185382574E1
8.187563925E0,-2.627319336E0,1.627119333E-1,8.623732567E0,9.016542877E0
8.189939446E0,1.258624673E0,-4.642075896E-1,1.100698376E1,1.108843164E1
8.192314967E0,-6.460621357E-1,-1.387837082E-1,9.499505997E0,9.522461414E0
8.194690487E0,-6.699903309E-2,-4.785645287E-3,1.104526901E1,1.104547325E1
8.197066008E0,1.502692580E0,-3.158525825E-1,8.839086533E0,8.971471372E0
8.199441529E0,-2.230110645E0,-7.034898400E-1,1.042792130E1,1.068690011E1
8.201817050E0,2.981456995E0,4.785645381E-2,1.013599682E1,1.056550082E1
8.204192571E0,-3.287738323E0,2.632105052E-1,9.499505997E0,1.005580018E1
8.206568092E0,3.177668571E0,-5.312066078E-1,1.060020447E1,1.107899331E1
8.208943612E0,-3.062813044E0,-1.387837082E-1,9.064012527E0,9.568511261E0
8.211319133E0,2.799602509E0,4.785645381E-2,1.134197903E1,1.168248915E1
8.213694654E0,-2.455035925E0,2.201396823E-1,8.350951195E0,8.707126319E0
8.216070175E0,6.652047038E-1,-6.173482537E-1,1.111705399E1,1.115403539E1
8.218445696E0,7.944171429E-1,9.571290575E-3,9.590433121E0,9.623284141E0
8.220821217E0,-7.513462901E-1,-1.627119333E-1,1.047099209E1,1.049917481E1
8.223196737E0,1.852044702E0,5.742774159E-2,8.982656479E0,9.171776542E0
8.225572258E0,-3.043670416E0,-5.982056856E-1,9.872786522E0,1.034860828E1
8.227947779E0,4.086941242E0,1.196411327E-1,1.094955635E1,1.168803606E1
8.230323300E0,-3.101098061E0,1.674975902E-1,8.676374435E0,9.215440194E0
8.232698821E0,2.469393015E0,-4.307080805E-2,1.084427261E1,1.112196050E1
8.235074342E0,-2.718246460E0,-1.100698411E-1,8.843872070E0,9.252840233E0
8.237449862E0,2.708675146E0,-9.571290575E-3,1.152861977E1,1.184255405E1
8.239825383E0,-7.417750359E-1,3.397808075E-1,8.585447311E0,8.624128173E0
8.242200904E0,-6.604190469E-1,-6.556333899E-1,1.057627583E1,1.061713798E1
8.244576425E0,2.062613010E0,3.828516230E-2,9.676574707E0,9.894035387E0
8.246951946E0,-1.698904037E0,-1.292124242E-1,1.020299530E1,1.034427783E1
8.249327467E0,2.919243574E0,5.264209956E-2,9.743574142E0,1.017162678E1
8.251702935E0,-3.091526747E0,-4.259224236E-1,9.260223389E0,9.771933521E0
8.254078456E0,3.522234917E0,1.387837082E-1,1.111705399E1,1.166251641E1
8.256454029E0,-3.072384357E0,3.541377485E-1,8.532805443E0,9.075997351E0
8.258829498E0,2.426322222E0,-3.924229145E-1,1.100219822E1,1.127339350E1
8.261205019E0,-1.818545222E0,-4.785645381E-2,9.221938133E0,9.399656371E0
8.263580539E0,1.038485050E0,2.632105052E-1,1.104048347E1,1.109233998E1
8.265956060E0,3.541377485E-1,-1.914258152E-1,8.542376518E0,8.551856756E0
8.268331581E0,-1.296909928E0,-6.125625968E-1,1.068156052E1,1.077742749E1
8.270707102E0,2.407179594E0,4.785645381E-2,9.700503349E0,9.994827115E0
8.273082623E0,-2.727817774E0,2.488535494E-1,1.004985523E1,1.041645372E1
8.275458092E0,3.058027267E0,-3.397808075E-1,9.877572060E0,1.034569532E1
8.277833664E0,-3.321237803E0,-2.679961324E-1,9.504291534E0,1.007144478E1
8.280209185E0,3.364308596E0,1.387837082E-1,1.134676456E1,1.183583116E1
8.282584706E0,-3.268595695E0,3.972085714E-1,8.250452042E0,8.883211771E0
8.284960227E0,1.105484009E0,-4.307080805E-1,1.109312534E1,1.115638984E1
8.287335748E0,-4.115654826E-1,-2.632105052E-1,9.533005714E0,9.545515380E0
8.289711269E0,3.541377485E-1,-1.435693651E-1,1.086341476E1,1.087013367E1
8.292086789E0,6.029912829E-1,1.866401732E-1,8.824729919E0,8.847275919E0
8.294462310E0,-2.866601467E0,-7.800601721E-1,1.017428207E1,1.059914683E1
8.296837831E0,3.622733593E0,-1.148554832E-1,1.045663452E1,1.106700483E1
8.299213352E0,-3.058027267E0,5.264209956E-2,9.533005714E0,1.001161825E1
8.301588873E0,2.450250387E0,-1.100698411E-1,1.053320503E1,1.081500118E1
8.303964394E0,-3.780659676E0,-3.302095234E-1,8.920442581E0,9.694159157E0
8.306339914E0,3.019742250E0,7.178468257E-2,1.158126163E1,1.196869322E1
8.308715435E0,-2.120040894E0,2.057827413E-1,8.652446747E0,8.910766220E0
8.311090956E0,2.105683982E-1,-5.599204898E-1,1.083948612E1,1.085598035E1
8.313466477E0,5.264209956E-2,-1.962114573E-1,9.504291534E0,9.506462418E0
8.315841998E0,-7.465606928E-1,-1.914258115E-2,1.094955635E1,1.097499447E1
8.318217467E0,1.933400750E0,-4.307080805E-2,9.145368576E0,9.347601829E0
8.320593039E0,-2.885744095E0,-8.231309652E-1,9.920642853E0,1.036456551E1
8.322968560E0,3.249453068E0,2.632105052E-1,1.072463131E1,1.120919006E1
8.325344081E0,-3.579662561E0,2.584248483E-1,8.886942863E0,9.584285102E0
8.327719550E0,2.981456995E0,-3.254238665E-1,1.093519974E1,1.133902905E1
8.330095071E0,-2.952743053E0,-1.531406492E-1,8.858229637E0,9.338649576E0
8.332470644E0,2.110469580E0,3.158525825E-1,1.125105190E1,1.145163803E1
8.334846112E0,-1.593619823E0,1.674975902E-1,8.662017822E0,8.808985886E0
8.337221633E0,9.092725813E-2,-6.652047038E-1,1.099262714E1,1.101311112E1
8.339597154E0,1.210768223E0,-3.349951655E-2,9.604789734E0,9.680860899E0
8.341972675E0,-1.282552958E0,2.153540403E-1,1.056670475E1,1.064643455E1
8.344348196E0,2.282752752E0,-1.100698411E-1,8.930013657E0,9.217820751E0
8.346723717E0,-3.062813044E0,-5.694918036E-1,1.013121128E1,1.059936728E1
8.349099237E0,3.933800459E0,8.614161611E-2,1.106441212E1,1.174322877E1
8.351474758E0,-3.263810158E0,4.019941986E-1,8.551948547E0,9.162416714E0
8.353850279E0,2.172683001E0,-1.914258115E-2,1.092562866E1,1.113958166E1
8.356225800E0,-2.349751949E0,-1.866401732E-1,8.863015175E0,9.171107172E0
8.358601321E0,2.502892494E0,8.614161611E-2,1.149990559E1,1.176944008E1
8.360976842E0,-7.226324677E-1,1.866401732E-1,8.776873589E0,8.808549383E0
8.363352362E0,-1.177268744E0,-5.790630579E-1,1.049491978E1,1.057660706E1
8.365727883E0,2.407179594E0,-1.196411327E-1,9.815358162E0,1.010693244E1
8.368103404E0,-1.526620865E0,-8.614161611E-2,1.032742214E1,1.044000190E1
8.370478925E0,2.368894339E0,1.196411327E-1,9.537791252E0,9.828297734E0
8.372854446E0,-3.498306751E0,-5.982056856E-1,9.389435768E0,1.003780375E1
8.375229967E0,3.890729666E0,2.632105052E-1,1.139940739E1,1.204796854E1
8.377605487E0,-3.081955671E0,1.770688742E-1,8.547162056E0,9.087562014E0
8.379981008E0,2.062613010E0,-2.201396823E-1,1.085384369E1,1.105028311E1
8.382356529E0,-1.923829436E0,-3.349951655E-2,9.169296265E0,9.369003998E0
8.384732050E0,1.062413216E0,1.674975902E-1,1.110748291E1,1.115943340E1
8.387107571E0,3.445664644E-1,-6.699903309E-2,8.997013092E0,9.003858034E0
8.389483092E0,-1.363908887E0,-7.274180651E-1,1.029870892E1,1.041406692E1
8.391858612E0,2.062613010E0,2.727817893E-1,9.695717812E0,9.916437174E0
8.394234081E0,-2.751745939E0,1.292124242E-1,1.011206818E1,1.048058798E1
8.396609602E0,3.096312523E0,-2.967100143E-1,9.853643417E0,1.033293166E1
8.398985123E0,-3.407379389E0,-2.153540403E-1,9.303294182E0,9.909989621E0
8.401360644E0,2.971885681E0,2.727817893E-1,1.121276665E1,1.160313106E1
8.403736164E0,-3.479164124E0,4.881358147E-1,8.188239098E0,8.910113304E0
8.406111685E0,1.598405480E0,-3.924229145E-1,1.125105190E1,1.137079877E1
8.408487206E0,-1.076770186E0,2.392822690E-2,9.260223389E0,9.322646824E0
8.410862675E0,2.967100143E-1,1.244267747E-1,1.083470058E1,1.083947672E1
8.413238248E0,4.019941986E-1,9.092725813E-2,8.762516975E0,8.772204446E0
8.415613769E0,-2.325823545E0,-4.833501875E-1,1.033699417E1,1.060643819E1
8.417989289E0,3.101098061E0,2.201396823E-1,1.004985523E1,1.051973673E1
8.420364810E0,-2.914458036E0,-3.349951655E-2,9.418149948E0,9.858840515E0
8.422740331E0,2.617748022E0,1.579262912E-1,1.039442158E1,1.072014670E1
8.425115852E0,-3.838087559E0,-1.148554832E-1,8.767302513E0,9.571295693E0
8.427491373E0,3.316452265E0,2.153540403E-1,1.170568848E1,1.216833496E1
8.429866894E0,-2.656033039E0,3.924229145E-1,8.159524918E0,8.589898377E0
8.432242414E0,4.450650215E-1,-2.536391914E-1,1.103091240E1,1.104280055E1
8.434617935E0,-4.785645381E-2,-2.871387079E-2,9.212367058E0,9.212536108E0
8.436993456E0,-3.972085714E-1,-7.178468257E-2,1.089212894E1,1.089960553E1
8.439368977E0,1.660618901E0,3.110669553E-1,8.939585686E0,9.097835458E0
8.441744498E0,-2.861815929E0,-5.742774606E-1,9.891928673E0,1.031358511E1
8.444120019E0,3.373879910E0,1.339980662E-1,1.047099209E1,1.100194058E1
8.446495539E0,-3.321237803E0,2.727817893E-1,9.207581520E0,9.792067601E0
8.448871060E0,3.043670416E0,-9.571290761E-2,1.092084217E1,1.133745493E1
8.451246581E0,-3.115455151E0,-8.614161611E-2,8.618947029E0,9.165136609E0
8.453622102E0,2.143969059E0,3.445664644E-1,1.152861977E1,1.173134277E1
8.455997623E0,-1.478764415E0,1.962114573E-1,8.461020470E0,8.591513867E0
8.458373144E0,6.221338734E-2,-4.929214716E-1,1.105962658E1,1.107078056E1
8.460748664E0,1.119840980E0,6.221338734E-2,9.480362892E0,9.546475522E0
8.463124185E0,-1.703689694E0,1.674975902E-1,1.040877819E1,1.054861495E1
8.465499654E0,2.656033039E0,-2.009970993E-1,9.154939651E0,9.534559841E0
8.467875175E0,-3.158525944E0,-4.546363056E-1,9.944570541E0,1.044401568E1
8.470250696E0,3.373879910E0,1.196411327E-1,1.085862923E1,1.137133274E1
8.472626217E0,-3.574877024E0,4.307080805E-1,8.695517540E0,9.411550376E0
8.475001737E0,2.316252232E0,-1.770688742E-1,1.097827053E1,1.122135471E1
8.477377258E0,-2.225325108E0,-1.722832322E-1,8.930013657E0,9.204721465E0
8.479752779E0,1.646261930E0,8.614161611E-2,1.127498055E1,1.139485783E1
8.482128300E0,-7.178468108E-1,1.483550072E-1,8.762516975E0,8.793123279E0
8.484503821E0,-1.674975872E0,-4.115654826E-1,1.055234814E1,1.069237960E1
8.486879342E0,2.584248543E0,-1.818545163E-1,9.734002113E0,1.007284512E1
8.489254862E0,-2.277967215E0,-7.178468257E-2,1.010728264E1,1.036105448E1
8.491630383E0,2.531606436E0,1.962114573E-1,9.848857880E0,1.017091597E1
8.494005904E0,-4.130012035E0,-4.115654826E-1,9.020941734E0,9.929943370E0
8.496381425E0,3.809373617E0,1.148554832E-1,1.147597694E1,1.209225231E1
8.498756946E0,-3.215953588E0,6.269195080E-1,8.417949677E0,9.033120297E0
8.501132467E0,1.249053478E0,-2.201396823E-1,1.094955635E1,1.102276646E1
8.503507987E0,-1.411765337E0,-9.092725813E-2,9.116654396E0,9.225764820E0
8.505883508E0,5.264210105E-1,1.004985496E-1,1.117448139E1,1.118732557E1
8.508259029E0,9.332008362E-1,9.571290761E-2,8.781659126E0,8.831622828E0
8.510634550E0,-2.249253273E0,-4.594219327E-1,1.021256733E1,1.046741326E1
8.513010071E0,2.828316450E0,1.148554832E-1,9.767501831E0,1.016939810E1
8.515385592E0,-3.139383316E0,3.972085714E-1,9.911071777E0,1.040398222E1
8.517761112E0,3.426522017E0,-2.871387079E-2,1.032742214E1,1.088106271E1
8.520136633E0,-3.493520975E0,-2.297109663E-1,8.604590416E0,9.289587298E0
8.522512154E0,2.732603550E0,5.838487148E-1,1.152383423E1,1.185777200E1
8.524887675E0,-2.545963287E0,4.307080805E-1,8.145168304E0,8.544659456E0
8.527263196E0,1.263410330E0,-3.014956415E-1,1.133719349E1,1.141135669E1
8.529638664E0,1.722832322E-1,6.221338734E-2,9.092725754E0,9.094570559E0
8.532014237E0,-6.317051649E-1,4.115654826E-1,1.068156052E1,1.070813581E1
8.534389706E0,2.033899307E0,-3.349951655E-2,8.848658562E0,9.079461821E0
8.536765227E0,-2.622533560E0,-3.206382394E-1,1.014078236E1,1.047931095E1
8.539140748E0,3.747160196E0,3.110669553E-1,1.040399265E1,1.106259623E1
8.541516269E0,-3.134597778E0,3.684946895E-1,8.939585686E0,9.480384159E0
8.543891789E0,3.014956474E0,1.052841991E-1,1.084427261E1,1.125607817E1
8.546267310E0,-2.813959360E0,-1.914258115E-2,8.494520187E0,8.948497468E0
8.548642831E0,2.823530674E0,3.158525825E-1,1.169611740E1,1.203624736E1
8.551018352E0,-1.172483087E0,2.105683982E-1,8.480163574E0,8.563423958E0
8.553393873E0,-4.594219327E-1,-2.344966233E-1,1.081077290E1,1.082307109E1
8.555769394E0,2.043470621E0,-1.914258152E-1,9.504291534E0,9.723372542E0
8.558144914E0,-1.387837172E0,2.392822690E-2,1.040877819E1,1.050092034E1
8.560520435E0,2.612962246E0,1.292124242E-1,9.427721024E0,9.783976249E0
8.562895956E0,-3.555734396E0,-6.125625968E-1,9.351150513E0,1.002309812E1
8.565271477E0,4.082155228E0,1.435693651E-1,1.127019501E1,1.198757269E1
8.567646998E0,-3.263810158E0,2.775674164E-1,8.571090698E0,9.175679603E0
8.570022519E0,2.344966173E0,-1.722832322E-1,1.113619614E1,1.138171394E1
8.572398039E0,-2.081755638E0,-1.148554832E-1,8.815158844E0,9.058362091E0
8.574773560E0,1.014556766E0,-4.785645381E-2,1.136590767E1,1.141119945E1
8.577149081E0,4.259224236E-1,-2.823530734E-1,8.953942299E0,8.968512466E0
8.579524602E0,-1.469193101E0,-4.211367965E-1,1.068156052E1,1.079034845E1
8.581900123E0,2.325823545E0,-1.387837082E-1,9.408578873E0,9.692784558E0
8.584275644E0,-3.306880951E0,1.722832322E-1,1.002114105E1,1.055407083E1
8.586651164E0,3.608376503E0,-5.934200287E-1,1.044227791E1,1.106407232E1
8.589026685E0,-3.483949661E0,-2.249253243E-1,9.035298347E0,9.686336401E0
8.591402206E0,2.593819857E0,-1.435693540E-2,1.108355427E1,1.138302608E1
8.593777727E0,-3.043670416E0,4.211367965E-1,8.757730484E0,9.281116799E0
8.596153196E0,1.344766378E0,-7.465606928E-1,1.126062298E1,1.136518277E1
8.598528717E0,-1.866401732E-1,-1.387837082E-1,9.231510162E0,9.234439634E0
8.600904289E0,-7.274180651E-1,-1.914258115E-2,1.096869946E1,1.099280998E1
8.603279758E0,1.473978758E0,-3.684946895E-1,8.839086533E0,8.968715206E0
8.605655279E0,-3.058027267E0,-5.647061467E-1,1.021256733E1,1.067553068E1
8.608030800E0,3.785445452E0,-1.435693540E-2,1.060977554E1,1.126486309E1
8.610406321E0,-3.546163082E0,1.004985496E-1,9.064012527E0,9.733534592E0
8.612781842E0,2.627319336E0,-1.244267747E-1,1.101655579E1,1.132619929E1
8.615157362E0,-3.244667530E0,-4.211367965E-1,8.499305725E0,9.107327895E0
8.617532883E0,2.450250387E0,2.823530734E-1,1.211725426E1,1.236573091E1
8.619908404E0,-1.081555843E0,-4.307080805E-2,8.360522270E0,8.430299566E0
8.622283925E0,-1.004985452E0,-4.402793646E-1,1.093998528E1,1.099486787E1
8.624659446E0,2.163111687E0,-2.488535494E-1,9.336793900E0,9.587319781E0
8.627034967E0,-2.057827473E0,-1.818545163E-1,1.066241741E1,1.086070302E1
8.629410487E0,3.091526747E0,-2.871387079E-2,9.690931320E0,1.017214392E1
8.631786008E0,-3.589233875E0,-5.551348329E-1,9.284152031E0,9.969265441E0
8.634161529E0,3.469592810E0,8.614161611E-2,1.140419292E1,1.192061705E1
8.636537050E0,-3.115455151E0,2.009970993E-1,8.451449394E0,9.009631374E0
8.638912571E0,2.354537487E0,-4.163511395E-1,1.159083271E1,1.183488901E1
8.641288612E0,-1.282552958E0,-2.440679073E-1,8.829515457E0,8.925517041E0
8.643663612E0,2.775674164E-1,7.178468257E-2,1.135155106E1,1.135517098E1
8.646039133E0,1.335195065E0,-4.833501875E-1,8.925228119E0,9.037481410E0
8.648414654E0,-2.000399828E0,-5.120640397E-1,1.058106136E1,1.078066179E1
8.650790175E0,3.014956474E0,-1.004985496E-1,9.868000984E0,1.031879382E1
8.653165696E0,-3.235096216E0,2.632105052E-1,9.815358162E0,1.033810346E1
8.655541217E0,3.354737282E0,-5.790630579E-1,1.048534870E1,1.102416045E1
8.657916737E0,-3.278167009E0,1.435693540E-2,9.059226990E0,9.634115357E0
8.660292258E0,2.770888567E0,-7.657032460E-2,1.154776192E1,1.187579436E1
8.662667779E0,-2.402393818E0,1.004985496E-1,8.283951759E0,8.625859538E0
8.665043248E0,3.014956415E-1,-4.450650215E-1,1.160040379E1,1.161285281E1
8.667418769E0,1.229910851E0,-3.828516304E-1,9.188439369E0,9.278290474E0
8.669794289E0,-1.560120344E0,4.785645287E-3,1.079641533E1,1.090855547E1
8.672169810E0,2.378465652E0,-1.914258152E-1,9.131011009E0,9.437642966E0
8.674545331E0,-3.833301783E0,-6.269195080E-1,9.738788605E0,1.048480968E1
8.676920852E0,4.220939159E0,-1.722832322E-1,1.127019501E1,1.203591726E1
8.679296373E0,-3.689732552E0,1.770688742E-1,8.413164139E0,9.188406310E0
8.681671894E0,2.163111687E0,1.914258115E-2,1.145204926E1,1.165456352E1
8.684047414E0,-2.459821701E0,-5.312066078E-1,8.504091263E0,8.868622862E0
8.686422935E0,1.220339537E0,1.531406492E-1,1.176311588E1,1.182723873E1
8.688798456E0,2.919243574E-1,-1.627119333E-1,8.824729919E0,8.831056174E0
8.691173977E0,-2.038684845E0,-4.259224236E-1,1.057149029E1,1.077469502E1
8.693549498E0,2.689532757E0,-2.440679073E-1,9.413364410E0,9.793088640E0
8.695925019E0,-2.991028309E0,1.674975902E-1,1.011206818E1,1.054647944E1
8.698300539E0,3.445664644E0,-3.014956415E-1,1.050927734E1,1.106383364E1
8.700676060E0,-3.751945972E0,-9.571290761E-2,8.465806961E0,9.260461492E0
8.703051581E0,2.732603550E0,3.349951655E-2,1.140897846E1,1.173171061E1
8.705427102E0,-2.536391973E0,3.397808075E-1,8.465806961E0,8.844129281E0
8.707802623E0,1.454836130E0,-3.302095234E-1,1.145204926E1,1.154881027E1
8.710178144E0,9.092725813E-2,-1.483550072E-1,8.877371788E0,8.879076914E0
8.712553664E0,-1.263410330E0,5.264209956E-2,1.080598736E1,1.087972149E1
8.714929133E0,2.469393015E0,-1.770688742E-1,8.748159409E0,9.091729664E0
8.717304706E0,-2.790031195E0,-1.435693651E-1,1.047577763E1,1.084190035E1
8.719680227E0,3.756731510E0,-1.531406492E-1,1.023649502E1,1.090515080E1
8.722055748E0,-3.565305710E0,4.163511395E-1,8.705088615E0,9.416120267E0
8.724431269E0,2.694318295E0,-9.092725813E-2,1.126540947E1,1.158348261E1
8.726806789E0,-2.134397745E0,-1.100698411E-1,8.432307243E0,8.698941002E0
8.729182310E0,1.885544300E0,1.962114573E-1,1.168175983E1,1.183458022E1
8.731557831E0,-8.135596663E-2,-1.004985496E-1,8.370093346E0,8.371092006E0
8.733933352E0,-1.871187329E0,-1.674975902E-1,1.082512951E1,1.098693890E1
8.736308873E0,3.641875982E0,-4.115654826E-1,9.518648148E0,1.019986811E1
8.738684342E0,-2.627319336E0,2.009970993E-1,1.015992451E1,1.049605987E1
8.741059862E0,3.359523058E0,1.531406492E-1,1.017906761E1,1.072022689E1
8.743435383E0,-4.039084435E0,-4.498506486E-1,8.499305725E0,9.420974816E0
8.745810904E0,3.713660717E0,2.823530734E-1,1.197846985E1,1.254411173E1
8.748186425E0,-2.201396942E0,-1.914258115E-2,8.236095428E0,8.525243858E0
8.750561946E0,7.992027402E-1,-8.614161611E-2,1.140419292E1,1.143248712E1
8.752937467E0,5.359922647E-1,-2.344966233E-1,8.839086533E0,8.858426898E0
8.755312987E0,-1.430907965E0,7.657032460E-2,1.081555843E1,1.091007172E1
8.757688508E0,3.048455954E0,-4.019941986E-1,9.518648148E0,1.000296684E1
8.760064029E0,-3.115455151E0,-2.392822653E-1,9.719645500E0,1.020954580E1
8.762439550E0,3.421736479E0,1.435693651E-1,1.059063339E1,1.113060683E1
8.764815071E0,-3.900300980E0,2.344966233E-1,8.757730484E0,9.589847738E0
8.767190592E0,3.182454109E0,-3.732803464E-1,1.167218876E1,1.210402176E1
8.769566112E0,-2.091326952E0,3.493520916E-1,8.437092781E0,8.699438482E0
8.771941633E0,2.009970993E-1,-2.249253243E-1,1.128933716E1,1.129336640E1
8.774317154E0,7.034898400E-1,-5.216353536E-1,8.724231720E0,8.768079636E0
8.776692675E0,-1.497906923E0,2.967100143E-1,1.116969585E1,1.127359160E1
8.779068196E0,2.938386202E0,-3.541377485E-1,9.308079720E0,9.767285963E0
8.781443717E0,-3.723232031E0,-2.344966233E-1,9.513862610E0,1.021915002E1
8.783819237E0,3.608376503E0,-7.178468257E-2,1.098784161E1,1.156538790E1
8.786194758E0,-3.584448338E0,3.876372576E-1,8.729017258E0,9.444272064E0
8.788570279E0,2.617748022E0,-2.105683982E-1,1.160519028E1,1.189862955E1
8.790945800E0,-2.014756680E0,-9.571290761E-2,8.461020470E0,8.698118925E0
8.793321321E0,3.828516230E-2,4.785645381E-2,1.136112213E1,1.136128743E1
8.795696842E0,1.177268744E0,-2.919243574E-1,8.719446182E0,8.803404072E0
8.798072310E0,-2.009970903E0,-1.052841991E-1,1.102134132E1,1.120361693E1
8.800447831E0,3.163311481E0,-1.435693540E-2,9.427721024E0,9.944278222E0
8.802823352E0,-3.948157310E0,-1.148554832E-1,9.274580956E0,1.008062448E1
8.805198873E0,3.680161238E0,-8.135596663E-2,1.118883896E1,1.177880821E1
8.807574394E0,-3.259024382E0,3.828516304E-1,8.470592499E0,9.083983299E0
8.809949914E0,2.388036966E0,6.221338734E-2,1.161476135E1,1.185787807E1
8.812325435E0,-1.473978758E0,-2.105683982E-1,8.346165657E0,8.477938051E0
8.814700956E0,-2.679961324E-1,1.196411327E-1,1.142333508E1,1.142710463E1
8.817076477E0,2.024327993E0,-1.818545163E-1,8.867800713E0,9.097739520E0
8.819451998E0,-2.368894339E0,-1.100698411E-1,1.052841949E1,1.079219129E1
8.821827519E0,3.503092289E0,-7.657032460E-2,9.724431038E0,1.033644415E1
8.824203039E0,-3.637090445E0,2.632105052E-1,9.399007797E0,1.008161962E1
8.826578560E0,3.651447296E0,-2.153540403E-1,1.105962658E1,1.164881045E1
8.828954081E0,-2.895315409E0,3.541377485E-1,8.389236450E0,8.881866531E0
8.831329602E0,2.076970100E0,6.221338734E-2,1.160040379E1,1.178503472E1
8.833705123E0,-6.795616150E-1,4.785645381E-2,8.461020470E0,8.488401594E0
8.836080644E0,-5.742774606E-1,-2.153540403E-1,1.124148083E1,1.125819982E1
8.838456164E0,2.689532757E0,-1.387837082E-1,8.987442017E0,9.382268455E0
8.840831685E0,-2.804388046E0,-1.004985496E-1,1.026999474E1,1.064647755E1
8.843207206E0,3.732803345E0,-1.866401732E-1,1.002592659E1,1.069989997E1
8.845582727E0,-3.689732552E0,2.871387303E-1,9.044869423E0,9.772729293E0
8.847958248E0,3.464807272E0,-2.009970993E-1,1.162433243E1,1.213138053E1
8.850333769E0,-2.632104874E0,-6.221338734E-2,8.078168869E0,8.496390931E0
8.852709289E0,9.619147182E-1,1.435693540E-2,1.177747345E1,1.181669865E1
8.855084810E0,4.546363056E-1,-4.307080805E-2,8.705088615E0,8.717058969E0
8.857460331E0,-1.473978758E0,-3.780659735E-1,1.089212894E1,1.099790981E1
8.859835852E0,3.110669374E0,-2.249253243E-1,9.442078590E0,9.943827405E0
8.862211373E0,-3.613162279E0,6.221338734E-2,9.781859398E0,1.042801925E1
8.864586842E0,3.383451223E0,-7.657032460E-2,1.040399265E1,1.094059726E1
8.866962362E0,-3.584448338E0,-8.614161611E-2,8.949156761E0,9.640700026E0
8.869337883E0,2.809173822E0,-5.742774159E-2,1.166740322E1,1.200096052E1
8.871713404E0,-2.120040894E0,1.866401732E-1,8.121239662E0,8.395471493E0
8.874088925E0,-8.709874153E-1,-1.722832322E-1,1.151904774E1,1.155321433E1
8.876464446E0,2.287538528E0,-8.470591903E-1,8.843872070E0,9.174116578E0
8.878839967E0,-2.483749866E0,5.024927258E-1,1.077727318E1,1.107118465E1
8.881215487E0,2.976671457E0,-2.919243574E-1,9.413364410E0,9.877105969E0
8.883591008E0,-4.756931305E0,-2.344966233E-1,9.078369141E0,1.025183741E1
8.885966529E0,4.019941807E0,1.627119333E-1,1.181575775E1,1.248192848E1
8.888342050E0,-3.182454109E0,5.264209956E-2,7.767102242E0,8.393965843E0
8.890717571E0,1.119840980E0,1.627119333E-1,1.204068375E1,1.209374152E1
8.893093092E0,-5.838487148E-1,-3.972085714E-1,8.307880402E0,8.337837294E0
8.895468612E0,-1.134197950E0,2.057827413E-1,1.126062298E1,1.131946913E1
8.897844133E0,2.512463808E0,-5.120640397E-1,9.116654396E0,9.470378627E0
8.900219654E0,-3.483949661E0,-9.092725813E-2,1.013599682E1,1.071842360E1
8.902595175E0,3.493520975E0,1.770688742E-1,1.029870892E1,1.087655495E1
8.904970696E0,-4.206582069E0,3.541377485E-1,8.638090134E0,9.614434326E0
8.907346217E0,3.110669374E0,-2.249253243E-1,1.170090294E1,1.210941720E1
8.909721737E0,-2.258824587E0,1.292124242E-1,8.250452042E0,8.555053668E0
8.912097258E0,1.339980662E-1,1.100698411E-1,1.136590767E1,1.136723045E1
8.914472779E0,8.422735929E-1,-2.679961324E-1,8.638090134E0,8.683193415E0
8.916848300E0,-1.808973908E0,-4.307080805E-2,1.107876873E1,1.122556717E1
8.919223821E0,3.144168854E0,-5.264209956E-2,9.126225471E0,9.652800647E0
8.921599342E0,-3.933800459E0,-1.100698411E-1,9.475577354E0,1.026028594E1
8.923974862E0,3.761517286E0,-1.435693540E-2,1.105005455E1,1.167274278E1
8.926350383E0,-3.402593851E0,4.019941986E-1,8.465806961E0,9.132859999E0
8.928725904E0,2.344966173E0,-1.435693540E-2,1.177268696E1,1.200396729E1
8.931101425E0,-1.043270707E0,-1.866401732E-1,8.350951195E0,8.417935268E0
8.933476894E0,-6.891329288E-1,2.392822690E-2,1.119841003E1,1.121961960E1
8.935852414E0,2.502892494E0,-2.201396823E-1,8.944371223E0,9.290570967E0
8.938227883E0,-2.646461725E0,-1.387837082E-1,1.067677498E1,1.100075200E1
8.940603456E0,3.790230989E0,-1.627119333E-1,9.915857315E0,1.061680519E1
8.942978977E0,-4.063013077E0,1.292124242E-1,8.925228119E0,9.807368051E0
8.945354498E0,3.345165968E0,-5.742774159E-2,1.151426220E1,1.199048236E1
8.947730019E0,-2.392822742E0,2.871387303E-1,8.398807526E0,8.737735243E0
8.950105539E0,1.272981644E0,-1.627119333E-1,1.160519028E1,1.167593246E1
8.952481060E0,3.158525825E-1,-3.972085714E-1,8.494520187E0,8.509665723E0
8.954856581E0,-1.904686809E0,8.614161611E-2,1.116969585E1,1.133125579E1
8.957232102E0,3.455235958E0,-3.062812984E-1,9.121439934E0,9.758746345E0
8.959607623E0,-3.574877024E0,-1.483550072E-1,9.958928108E0,1.058215498E1
8.961983144E0,3.670589924E0,-1.914258115E-2,1.075813103E1,1.136710077E1
8.964358664E0,-3.957728624E0,2.632105052E-1,8.470592499E0,9.353279260E0
8.966734185E0,2.498106956E0,-2.344966233E-1,1.194497108E1,1.220564874E1
8.969109706E0,-1.354337573E0,1.483550072E-1,8.398807526E0,8.508596084E0
8.971485227E0,-5.120640397E-1,-9.571290761E-2,1.142333508E1,1.143520681E1
8.973860748E0,1.722832322E0,-4.307080805E-1,8.662017822E0,8.842183747E0
8.976236269E0,-2.823530674E0,1.435693540E-2,1.089691448E1,1.125678803E1
8.978611789E0,3.483949661E0,-2.153540403E-1,9.710074425E0,1.031842178E1
8.980987310E0,-4.063013077E0,-4.307080805E-2,9.078369141E0,9.946191060E0
8.983362831E0,2.995813847E0,-3.828516230E-2,1.149990559E1,1.188377864E1
8.985738352E0,-3.268595695E0,3.924229145E-1,8.130811691E0,8.771990215E0
8.988113873E0,1.296909928E0,-2.727817893E-1,1.194975662E1,1.202302244E1
8.990489342E0,-1.483550072E-1,-3.349951804E-1,8.532805443E0,8.540667404E0
8.992864914E0,-1.942971945E0,9.571290575E-3,1.109312534E1,1.126200078E1
8.995240383E0,2.809173822E0,-2.584248483E-1,9.001798630E0,9.433483955E0
8.997615904E0,-3.603590965E0,-8.135596663E-2,1.045184898E1,1.105593206E1
8.999991425E0,3.651447296E0,-2.392822653E-1,1.055234814E1,1.116881259E1
9.002366946E0,-4.230510235E0,2.249253243E-1,8.370093346E0,9.381165752E0
9.004742467E0,2.153540373E0,4.785645287E-3,1.187318611E1,1.206690961E1
9.007117987E0,-1.627119422E0,9.571290761E-2,8.461020470E0,8.616585516E0
9.009493508E0,2.871387079E-2,-3.684946895E-1,1.134197903E1,1.134799987E1
9.011869029E0,1.330409408E0,-2.967100143E-1,8.695517540E0,8.801707295E0
9.014244550E0,-3.115455151E0,6.699903309E-2,1.075813103E1,1.120035414E1
9.016620071E0,3.881158352E0,-3.924229145E-1,9.341579437E0,1.012336368E1
9.018995592E0,-3.857230186E0,4.785645287E-3,9.556933403E0,1.030598000E1
9.021371112E0,3.426522017E0,6.221338734E-2,1.128933716E1,1.179805311E1
9.023746633E0,-3.440878868E0,2.057827413E-1,7.896314621E0,8.615902652E0
9.026122154E0,1.612762451E0,-7.657032460E-2,1.200718403E1,1.211525212E1
9.028497675E0,2.584248483E-1,1.914258115E-2,8.556734085E0,8.560656987E0
9.030873196E0,-1.397408366E0,-1.148554832E-1,1.087777138E1,1.096776422E1
9.033248717E0,2.995813847E0,-4.354937077E-1,8.973084450E0,9.469994716E0
9.035624237E0,-3.278167009E0,2.823530734E-1,1.025563812E1,1.077052531E1
9.037999758E0,3.972085476E0,-1.627119333E-1,1.024606609E1,1.099025971E1
9.040375279E0,-3.617947817E0,4.307080805E-2,8.355736732E0,9.105478452E0
9.042750800E0,2.861815929E0,1.387837082E-1,1.191625690E1,1.225587328E1
9.045126321E0,-1.737189293E0,3.732803464E-1,8.145168304E0,8.336721872E0
9.047501842E0,6.029912829E-1,-2.536391914E-1,1.157169056E1,1.159016625E1
9.049877362E0,1.818545222E0,-2.344966233E-1,8.819944382E0,9.008524534E0
9.052252883E0,-2.411965132E0,-9.571290575E-3,1.057627583E1,1.084782364E1
9.054628404E0,3.833301783E0,-1.004985496E-1,9.384650230E0,1.013784802E1
9.057003925E0,-3.498306751E0,4.115654826E-1,9.829715729E0,1.044178374E1
9.059379394E0,3.871587038E0,-1.148554832E-1,1.091605663E1,1.158286106E1
9.061754914E0,-3.345165968E0,6.221338734E-2,7.786244869E0,8.474645422E0
9.064130435E0,1.751546144E0,2.440679073E-1,1.220818138E1,1.233560601E1
9.066505956E0,-1.100698411E-1,5.264209956E-2,8.441878319E0,8.442759982E0
9.068881477E0,-8.709874153E-1,-2.009970993E-1,1.093041420E1,1.096690355E1
9.071256998E0,2.565105915E0,-2.775674164E-1,9.164510727E0,9.520770394E0
9.073632519E0,-3.393022537E0,1.866401732E-1,1.022692394E1,1.077670682E1
9.076008039E0,3.756731510E0,-2.440679073E-1,9.872786522E0,1.056619678E1
9.078383560E0,-3.775874138E0,2.105683982E-1,9.164510727E0,9.914122322E0
9.080759081E0,3.062813044E0,-1.914258115E-2,1.155733299E1,1.195630110E1
9.083134602E0,-2.909672260E0,2.201396823E-1,7.953742504E0,8.472111541E0
9.085510123E0,4.307080805E-1,-3.828516230E-2,1.190668583E1,1.191453493E1
9.087885644E0,9.092726111E-1,-1.818545163E-1,8.623732567E0,8.673442865E0
9.090261164E0,-2.234896421E0,-1.722832322E-1,1.082034397E1,1.105008087E1
9.092636685E0,3.010170937E0,-3.254238665E-1,9.269794464E0,9.751723907E0
9.095012154E0,-4.029513359E0,2.009970993E-1,1.001156998E1,1.079392937E1
9.097387727E0,3.574877024E0,-1.627119333E-1,1.054277611E1,1.113356856E1
9.099763248E0,-3.847658873E0,9.092725813E-2,8.331808090E0,9.177786913E0
9.102138769E0,2.053041935E0,1.914258115E-2,1.199761295E1,1.217201973E1
9.104514289E0,-1.550549030E0,1.674975902E-1,8.226524353E0,8.373049664E0
9.106889810E0,-4.929214716E-1,-3.397808075E-1,1.146162033E1,1.147724545E1
9.109265331E0,1.923829436E0,1.100698411E-1,9.049654961E0,9.252539650E0
9.111640852E0,-3.148954630E0,-1.722832322E-1,1.025085258E1,1.072499769E1
9.114016373E0,3.637090445E0,-3.397808075E-1,9.877572060E0,1.053139628E1
9.116391894E0,-3.766302824E0,6.125625968E-1,9.466006279E0,1.020615230E1
9.118767414E0,3.287738323E0,-2.201396823E-1,1.118883896E1,1.166395310E1
9.121142935E0,-3.110669374E0,-8.135596663E-2,7.843672752E0,8.438369807E0
9.123518404E0,1.402194023E0,1.339980662E-1,1.204068375E1,1.212279541E1
9.125893925E0,1.148554832E-1,4.785645381E-2,8.652446747E0,8.653341362E0
9.128269446E0,-1.115055323E0,-1.818545163E-1,1.093041420E1,1.098864751E1
9.130644914E0,2.938386202E0,-2.823530734E-1,9.293723106E0,9.751262785E0
9.133020487E0,-3.278167009E0,0.000000000E0,1.003071213E1,1.055279891E1
9.135396008E0,3.991228104E0,-1.818545163E-1,1.028913784E1,1.103763246E1
9.137771529E0,-3.230310678E0,5.455635786E-1,9.198010445E0,9.764012640E0
9.140146998E0,3.120240688E0,-2.488535494E-1,1.141376400E1,1.183519492E1
9.142522571E0,-2.258824587E0,-2.440679073E-1,7.939385414E0,8.258068685E0
9.144898092E0,9.379864931E-1,1.004985496E-1,1.232303619E1,1.235909138E1
9.147273612E0,1.359123230E0,-3.589234054E-1,8.327022552E0,8.444841417E0
9.149649133E0,-1.794616938E0,-1.435693651E-1,1.093998528E1,1.108713398E1
9.152024654E0,3.479164124E0,-3.637090325E-1,9.442078590E0,1.006924602E1
9.154400175E0,-3.464807272E0,1.339980662E-1,9.958928108E0,1.054528776E1
9.156775696E0,3.871587038E0,-3.349951804E-1,1.057627583E1,1.126760925E1
9.159151217E0,-3.306880951E0,1.627119333E-1,8.595019341E0,9.210661988E0
9.161526737E0,2.574677229E0,-1.435693540E-2,1.184925747E1,1.212576066E1
9.163902258E0,-1.603191137E0,-4.307080805E-2,8.183453560E0,8.339124000E0
9.166277779E0,9.571290761E-2,-2.297109663E-1,1.159561825E1,1.159828826E1
9.168653300E0,1.847259045E0,-7.657032460E-2,8.906085968E0,9.095965933E0
9.171028821E0,-2.608176708E0,-1.914258152E-1,1.041835022E1,1.074156650E1
9.173404342E0,3.450450182E0,-3.637090325E-1,9.710074425E0,1.031132562E1
9.175779862E0,-3.661018610E0,3.780659735E-1,9.695717812E0,1.037077312E1
9.178155383E0,3.326023579E0,-2.727817893E-1,1.099741268E1,1.149260321E1
9.180530904E0,-3.349951744E0,1.914258115E-2,8.106883049E0,8.771778377E0
9.182906425E0,1.665404558E0,2.392822690E-2,1.196411324E1,1.207949297E1
9.185281946E0,-8.662018180E-1,6.221338734E-2,8.484949112E0,8.529275323E0
9.187657467E0,-7.896314859E-1,-2.967100143E-1,1.120319557E1,1.123490746E1
9.190032935E0,2.139183521E0,-1.674975902E-1,9.102297783E0,9.351790551E0
9.192408456E0,-3.416950703E0,-9.092725813E-2,1.007856941E1,1.064243305E1
9.194783977E0,3.421736479E0,-1.483550072E-1,9.992427826E0,1.056309157E1
9.197159498E0,-3.838087559E0,3.876372576E-1,9.470791817E0,1.022629338E1
9.199535019E0,2.857030153E0,-2.488535494E-1,1.106919765E1,1.143467035E1
9.201910539E0,-3.263810158E0,2.871387079E-2,8.049455643E0,8.686024256E0
9.204286060E0,7.657032609E-1,-3.828516230E-2,1.194975662E1,1.197432464E1
9.206661581E0,2.536391914E-1,-4.785645381E-2,8.729017258E0,8.732832608E0
9.209037050E0,-1.579262972E0,-3.062812984E-1,1.074377346E1,1.086354215E1
9.211412623E0,2.407179594E0,-2.632105052E-1,9.336793900E0,9.645699233E0
9.213788144E0,-3.708875179E0,6.699903309E-2,1.002592659E1,1.069015659E1
9.216163664E0,3.627519131E0,-4.211367965E-1,1.014556789E1,1.078280108E1
9.218539185E0,-3.680161238E0,3.014956415E-1,9.174081802E0,9.889300444E0
9.220914706E0,2.713460922E0,-1.244267747E-1,1.130848026E1,1.163013663E1
9.223290227E0,-2.727817774E0,9.571290761E-2,8.164310455E0,8.608490923E0
9.225665748E0,5.503492355E-1,-2.823530734E-1,1.174397373E1,1.176025198E1
9.228041269E0,1.182054400E0,-1.579262912E-1,8.776873589E0,8.857522414E0
9.230416789E0,-2.081755638E0,-2.536391914E-1,1.067198944E1,1.087609296E1
9.232792310E0,3.172882795E0,-3.637090325E-1,9.399007797E0,9.926772742E0
9.235167831E0,-3.536591768E0,4.785645381E-2,9.868000984E0,1.048271029E1
9.237543352E0,3.852444410E0,-3.349951804E-1,1.071027374E1,1.138698877E1
9.239918873E0,-3.378665686E0,7.657032460E-2,8.484949112E0,9.133214454E0
9.242294394E0,2.330609322E0,-7.657032460E-2,1.172961617E1,1.195915959E1
9.244669914E0,-1.383051515E0,2.153540403E-1,8.456234932E0,8.571296173E0
9.247045435E0,4.019941986E-1,-6.508477330E-1,1.152861977E1,1.155397230E1
9.249420904E0,1.895115495E0,-1.674975902E-1,9.001798630E0,9.200646540E0
9.251796425E0,-2.488535643E0,-1.196411327E-1,1.046620655E1,1.075865248E1
9.254171946E0,3.617947817E0,-2.536391914E-1,9.580862045E0,1.024435439E1
9.256547467E0,-3.306880951E0,1.100698411E-1,9.872786522E0,1.041246804E1
9.258922987E0,3.694518089E0,-2.967100143E-1,1.089691448E1,1.151000634E1
9.261298508E0,-3.201596737E0,1.483550072E-1,8.264809608E0,8.864497094E0
9.263674029E0,1.837687731E0,-1.722832322E-1,1.194497108E1,1.208673289E1
9.266049550E0,-3.541377485E-1,9.092725813E-2,8.580661774E0,8.588447926E0
9.268425071E0,-3.924229145E-1,-4.737788737E-1,1.106919765E1,1.108627976E1
9.270800592E0,2.215753794E0,-1.244267747E-1,9.164510727E0,9.429385121E0
9.273176112E0,-3.172882795E0,-8.135596663E-2,1.019342422E1,1.067612764E1
9.275551633E0,3.981656790E0,-3.445664644E-1,1.001156998E1,1.077978897E1
9.277927154E0,-3.397808075E0,4.546363056E-1,9.475577354E0,1.007662444E1
9.280302675E0,2.895315409E0,-1.674975902E-1,1.104048347E1,1.141504192E1
9.282678144E0,-3.010170937E0,-1.435693651E-1,8.092526436E0,8.635434288E0
9.285053717E0,1.502692580E0,1.627119333E-1,1.235175037E1,1.244388595E1
9.287429237E0,2.057827413E-1,-2.153540403E-1,8.054241180E0,8.059747198E0
9.289804758E0,-1.493121386E0,-8.135596663E-2,1.126540947E1,1.136421932E1
9.292180279E0,2.823530674E0,-2.105683982E-1,9.140582085E0,9.569059795E0
9.294555800E0,-3.416950703E0,7.657032460E-2,1.010249710E1,1.066498302E1
9.296931321E0,3.694518089E0,-1.914258152E-1,1.029870892E1,1.094301207E1
9.299306842E0,-3.708875179E0,2.105683982E-1,8.953942299E0,9.693976317E0
9.301682362E0,2.833101988E0,2.392822690E-2,1.137069321E1,1.171834901E1
9.304057883E0,-2.569891453E0,1.627119333E-1,8.264809608E0,8.656667668E0
9.306433404E0,8.757730722E-1,-4.307080805E-2,1.182532978E1,1.185779313E1
9.308808873E0,5.503492355E-1,-9.571290575E-3,8.508877754E0,8.526662684E0
9.311184394E0,-2.081755638E0,-1.627119333E-1,1.076291656E1,1.096360136E1
9.313559914E0,3.081955671E0,-2.632105052E-1,9.284152031E0,9.785867844E0
9.315935435E0,-3.407379389E0,2.249253243E-1,9.901499748E0,1.047380174E1
9.318310956E0,3.340380430E0,-1.914258152E-1,1.054756260E1,1.106552584E1
9.320686477E0,-3.641875982E0,2.057827413E-1,8.489734650E0,9.240194891E0
9.323061998E0,2.421536446E0,-7.178468257E-2,1.156211948E1,1.181319596E1
9.325437519E0,-2.005185366E0,3.972085714E-1,8.350951195E0,8.597495499E0
9.327813039E0,5.455635786E-1,-3.732803464E-1,1.153819084E1,1.155711148E1
9.330188560E0,1.038485050E0,-1.004985496E-1,8.776873589E0,8.838668517E0
9.332564081E0,-2.464607239E0,-2.297109663E-1,1.054756260E1,1.083411892E1
9.334939602E0,3.349951744E0,-2.057827413E-1,9.466006279E0,1.004339575E1
9.337315123E0,-3.445664644E0,3.014956415E-1,1.008814049E1,1.066461828E1
9.339690644E0,3.474378586E0,-3.158525825E-1,1.049013424E1,1.105504345E1
9.342066164E0,-3.751945972E0,6.699903309E-2,8.422736168E0,9.220849853E0
9.344441685E0,2.206182480E0,-1.339980662E-1,1.172483063E1,1.193133898E1
9.346817206E0,-1.148554921E0,1.579262912E-1,8.671588898E0,8.748746946E0
9.349192727E0,9.571290575E-3,-4.594219327E-1,1.114576817E1,1.115523680E1
9.351568248E0,1.430907965E0,-2.775674164E-1,9.006584167E0,9.123765650E0
9.353943769E0,-2.665604353E0,-7.178468257E-2,1.049491978E1,1.082838588E1
9.356319289E0,3.565305710E0,-3.445664644E-1,9.690931320E0,1.033171238E1
9.358694810E0,-3.498306751E0,-9.571290575E-3,9.762716293E0,1.037057719E1
9.361070331E0,3.455235958E0,-1.483550072E-1,1.085384369E1,1.139151384E1
9.363445852E0,-3.723232031E0,2.057827413E-1,8.365307808E0,9.158776011E0
9.365821373E0,2.000399828E0,-2.297109663E-1,1.183968639E1,1.200968528E1
9.368196894E0,-8.279166222E-1,7.657032460E-2,8.580661774E0,8.620850621E0
9.370572414E0,-4.211367965E-1,-3.062812984E-1,1.119362450E1,1.120573040E1
9.372947935E0,1.737189293E0,-3.828516304E-1,8.757730484E0,8.936567867E0
9.375323404E0,-2.718246460E0,2.392822690E-2,1.065763187E1,1.099884328E1
9.377698925E0,3.555734396E0,-2.679961324E-1,9.738788605E0,1.037106901E1
9.380074446E0,-3.570091486E0,4.307080805E-2,9.370293617E0,1.002745286E1
9.382449967E0,3.187239647E0,-1.004985496E-1,1.106441212E1,1.151476496E1
9.384825487E0,-3.268595695E0,3.541377485E-1,8.341380119E0,8.965921796E0
9.387201008E0,1.923829436E0,-3.397808075E-1,1.190668583E1,1.206589152E1
9.389576529E0,-4.977070987E-1,5.264209956E-2,8.475378036E0,8.490142308E0
9.391952050E0,-1.057627559E0,-1.244267747E-1,1.121755219E1,1.126798718E1
9.394327571E0,2.373680115E0,-1.483550072E-1,8.872586250E0,9.185812608E0
9.396703092E0,-2.799602509E0,-6.699903309E-2,1.047099209E1,1.083900080E1
9.399078612E0,3.570091486E0,-1.196411327E-1,1.001635551E1,1.063424868E1
9.401454133E0,-3.809373617E0,1.866401732E-1,8.939585686E0,9.719174561E0
9.403829654E0,3.005385160E0,-1.914258152E-1,1.133240795E1,1.172571762E1
9.406205175E0,-2.469393015E0,5.742774606E-1,8.456234932E0,8.828114504E0
9.408580696E0,1.339980721E0,-4.163511395E-1,1.150469112E1,1.158994454E1
9.410956217E0,5.742774159E-2,-5.264209956E-2,8.614161491E0,8.614513761E0
9.413331737E0,-1.545763373E0,-5.742774159E-2,1.103091240E1,1.113883794E1
9.415707258E0,3.029313564E0,-1.579262912E-1,9.202795982E0,9.689847020E0
9.418082779E0,-2.995813847E0,-9.571290575E-3,1.020778179E1,1.063831760E1
9.420458300E0,3.517449379E0,1.914258115E-2,1.036570740E1,1.094626450E1
9.422833821E0,-4.029513359E0,2.440679073E-1,8.580661774E0,9.482842587E0
9.425209289E0,2.847458839E0,-2.344966233E-1,1.155254745E1,1.190060348E1
9.427584862E0,-1.947757602E0,5.120640397E-1,8.575876236E0,8.809178308E0
9.429960331E0,6.891329288E-1,-3.493520916E-1,1.125583744E1,1.128232368E1
9.432335904E0,4.259224236E-1,-1.722832322E-1,8.571090698E0,8.583396017E0
9.434711373E0,-2.163111687E0,2.871387079E-2,1.100219822E1,1.121286058E1
9.437086894E0,3.407379389E0,-2.488535494E-1,9.145368576E0,9.762680410E0
9.439462414E0,-3.416950703E0,-1.148554832E-1,9.968499184E0,1.053848755E1
9.441837935E0,3.393022537E0,-6.221338734E-2,1.074377346E1,1.126699341E1
9.444213456E0,-3.890729666E0,2.967100143E-1,8.494520187E0,9.347870740E0
9.446588977E0,2.589034081E0,-2.440679073E-1,1.176311588E1,1.204713916E1
9.448964498E0,-1.670190215E0,3.637090325E-1,8.432307243E0,8.603814565E0
9.451340019E0,-8.614161611E-2,-2.297109663E-1,1.131805134E1,1.132070994E1
9.453715539E0,1.095912814E0,-3.110669553E-1,8.647661209E0,8.722375361E0
9.456091060E0,-2.273181438E0,-1.531406492E-1,1.095912743E1,1.119344808E1
9.458466581E0,3.168097258E0,-5.264209956E-2,9.346364975E0,9.868847434E0
9.460842050E0,-3.737588882E0,3.349951655E-2,9.609575272E0,1.031089859E1
9.463217623E0,3.302095175E0,-3.349951804E-1,1.094477081E1,1.143696037E1
9.465593144E0,-3.445664644E0,5.168496966E-1,8.523234367E0,9.207891318E0
9.467968664E0,2.076970100E0,-3.493520916E-1,1.163868904E1,1.182771890E1
9.470344185E0,-1.488335729E0,-3.349951655E-2,8.480163574E0,8.609845510E0
9.472719706E0,-3.924229145E-1,-1.579262912E-1,1.135155106E1,1.135942991E1
9.475095227E0,1.598405480E0,-4.785645381E-2,8.973084450E0,9.114462950E0
9.477470748E0,-2.344966173E0,-2.344966233E-1,1.059541893E1,1.085434279E1
9.479846269E0,3.101098061E0,-4.785645287E-3,9.738788605E0,1.022060838E1
9.482221789E0,-3.900300980E0,-5.264209956E-2,9.312865257E0,1.009676078E1
9.484597310E0,3.297309637E0,-3.684946895E-1,1.098305607E1,1.147325411E1
9.486972831E0,-3.072384357E0,6.221339107E-1,8.738588333E0,9.283831230E0
9.489348352E0,1.923829436E0,-4.019941986E-1,1.133719349E1,1.150628851E1
9.491723821E0,-1.430907965E0,-1.435693540E-2,8.575876236E0,8.694444027E0
9.494099342E0,-5.407779217E-1,-1.866401732E-1,1.128933716E1,1.130382275E1
9.496474862E0,2.076970100E0,-4.785645287E-3,9.188439369E0,9.420257201E0
9.498850383E0,-2.431107759E0,-3.397808075E-1,1.030349445E1,1.059187112E1
9.501225904E0,3.168097258E0,-8.614161611E-2,9.934999466E0,1.042825369E1
9.503601425E0,-3.689732552E0,2.344966233E-1,9.365508080E0,1.006885577E1
9.505976946E0,3.393022537E0,-3.972085714E-1,1.074855900E1,1.127838185E1
9.508352467E0,-2.900100946E0,5.312066078E-1,8.800801277E0,9.281533768E0
9.510727987E0,1.942971945E0,-1.292124242E-1,1.115533924E1,1.132402002E1
9.513103508E0,-1.153340459E0,2.392822690E-2,8.499305725E0,8.577235253E0
9.515479029E0,-4.498506486E-1,-1.962114573E-1,1.121276665E1,1.122350215E1
9.517854550E0,2.364108801E0,5.742774159E-2,9.040083885E0,9.344272311E0
9.520230071E0,-2.483749866E0,-2.153540403E-1,1.034177971E1,1.063803545E1
9.522605592E0,3.464807272E0,-1.292124242E-1,9.791430473E0,1.038718903E1
9.524981112E0,-3.541377544E0,2.584248483E-1,9.389435768E0,1.003840836E1
9.527356633E0,3.589233875E0,-1.722832322E-1,1.104048347E1,1.161053645E1
9.529732154E0,-2.943171740E0,2.153540403E-1,8.355736732E0,8.861544651E0
9.532107675E0,1.928615093E0,-6.699903309E-2,1.154297638E1,1.170317687E1
9.534483196E0,-5.647061467E-1,1.387837082E-1,8.628518105E0,8.648091040E0
9.536858664E0,-3.206382394E-1,-2.344966233E-1,1.114098263E1,1.114806223E1
9.539234237E0,2.258824587E0,2.249253243E-1,9.049654961E0,9.330012584E0
9.541609758E0,-2.790031195E0,-2.344966233E-1,1.015035343E1,1.052943197E1
9.543985279E0,3.909872293E0,-3.493520916E-1,1.010728264E1,1.084279994E1
9.546360800E0,-3.311666489E0,6.364908218E-1,9.446864128E0,1.003072766E1
9.548736321E0,3.206382275E0,-3.445664644E-1,1.086820030E1,1.133655111E1
9.551111789E0,-2.837887764E0,1.627119333E-1,8.451449394E0,8.916674212E0
9.553487310E0,1.828116536E0,-6.699903309E-2,1.164826107E1,1.179103409E1
9.555862831E0,-1.579262912E-1,1.579262912E-1,8.709874153E0,8.712737181E0
9.558238352E0,-7.322037220E-1,-3.349951804E-1,1.097827053E1,1.100775944E1
9.560613873E0,2.349751949E0,-7.657032460E-2,9.231510162E0,9.526173267E0
9.562989394E0,-3.081955671E0,-1.674975902E-1,1.000678444E1,1.047197407E1
9.565364914E0,3.790230989E0,-2.009970993E-1,1.021735287E1,1.089956652E1
9.567740435E0,-3.412165165E0,5.264210105E-1,9.389435768E0,1.000407388E1
9.570115956E0,2.871387243E0,-3.014956415E-1,1.086341476E1,1.124053133E1
9.572491477E0,-3.038884640E0,3.349951655E-2,8.389236450E0,8.922736704E0
9.574866998E0,1.450050473E0,-1.004985496E-1,1.196889877E1,1.205683558E1
9.577242519E0,1.339980662E-1,-2.392822690E-2,8.384450912E0,8.385555745E0
9.579618039E0,-1.411765337E0,-2.727817893E-1,1.096869946E1,1.106254306E1
9.581993560E0,2.536391973E0,-1.914258152E-1,9.317651749E0,9.658600426E0
9.584369081E0,-3.273381472E0,2.871387079E-2,1.010728264E1,1.062417117E1
9.586744602E0,3.455235958E0,-1.962114573E-1,1.005464077E1,1.063357680E1
9.589120123E0,-3.775874138E0,1.148554832E-1,9.193224907E0,9.939104662E0
9.591495644E0,3.019742250E0,-1.627119333E-1,1.121755219E1,1.161803750E1
9.593871164E0,-2.947957516E0,2.249253243E-1,8.384450912E0,8.890447796E0
9.596246685E0,9.954141974E-1,-3.014956415E-1,1.173918819E1,1.178517240E1
9.598622206E0,1.244267747E-1,1.196411327E-1,8.700303078E0,8.702015265E0
9.600997727E0,-1.536192179E0,-4.163511395E-1,1.077727318E1,1.089416595E1
9.603373248E0,2.536391973E0,-3.493520916E-1,9.226723671E0,9.575372621E0
9.605748769E0,-3.172882795E0,1.148554832E-1,1.023649502E1,1.071756536E1
9.608124289E0,3.196810961E0,-2.632105052E-1,1.019820976E1,1.069076061E1
9.610499758E0,-3.728017569E0,3.828516230E-2,8.949156761E0,9.694688622E0
9.612875279E0,2.818745136E0,-2.105683982E-1,1.147119141E1,1.181430893E1
9.615250800E0,-2.617748022E0,3.158525825E-1,8.274380684E0,8.684338965E0
9.617626321E0,8.949156404E-1,-4.115654826E-1,1.168654537E1,1.172798375E1
9.620001842E0,2.153540403E-1,-8.135596663E-2,8.791230202E0,8.794243834E0
9.622377362E0,-1.785045743E0,-3.445664644E-1,1.082991505E1,1.098144682E1
9.624752883E0,2.880958557E0,-2.823530734E-1,9.250652313E0,9.692998178E0
9.627128404E0,-3.134597778E0,1.914258115E-2,1.035135078E1,1.081556900E1
9.629503925E0,3.220739365E0,-2.584248483E-1,1.021256733E1,1.071151142E1
9.631879446E0,-3.842873096E0,5.742774159E-2,8.671588898E0,9.485116003E0
9.634254967E0,2.799602509E0,-3.110669553E-1,1.161476135E1,1.195145255E1
9.636630487E0,-1.890329838E0,4.307080805E-1,8.542376518E0,8.759626301E0
9.639006008E0,5.694918036E-1,-6.652047038E-1,1.116491032E1,1.119919821E1
9.641381529E0,7.034898400E-1,-2.297109663E-1,9.102297783E0,9.132332123E0
9.643757050E0,-1.966900229E0,-1.962114573E-1,1.075813103E1,1.093821643E1
9.646132571E0,3.239881754E0,-2.249253243E-1,9.437292099E0,9.980476308E0
9.648508039E0,-3.215953588E0,-1.483550072E-1,1.011685371E1,1.061673659E1
9.650883612E0,3.641875982E0,-1.674975902E-1,1.071027374E1,1.131376506E1
9.653259133E0,-3.814159393E0,9.092725813E-2,8.504091263E0,9.320710694E0
9.655634654E0,2.732603550E0,-1.292124242E-1,1.177747345E1,1.209101728E1
9.658010175E0,-1.517049551E0,1.770688742E-1,8.528019905E0,8.663712612E0
9.660385696E0,4.498506486E-1,-3.493520916E-1,1.125105190E1,1.126545966E1
9.662761217E0,1.129412293E0,-3.062812984E-1,8.848658562E0,8.925701020E0
9.665136737E0,-2.143969059E0,-1.052841991E-1,1.092562866E1,1.113449818E1
9.667512258E0,3.512663603E0,-9.092725813E-2,9.274580956E0,9.917909319E0
9.669887727E0,-3.259024382E0,-1.770688742E-1,9.954142570E0,1.047556908E1
9.672263300E0,3.665804386E0,-1.722832322E-1,1.085384369E1,1.145747468E1
9.674638769E0,-3.464807272E0,4.977070987E-1,8.484949112E0,9.178614450E0
9.677014289E0,2.517249346E0,-3.062812984E-1,1.185404301E1,1.212223940E1
9.679389810E0,-1.215553880E0,-1.914258115E-2,8.566305161E0,8.652139722E0
9.681765331E0,1.196411327E-1,-2.153540403E-1,1.136112213E1,1.136379283E1
9.684140852E0,1.651047587E0,-1.770688742E-1,8.910871506E0,9.064267346E0
9.686516321E0,-2.177468538E0,-5.742774159E-2,1.080120182E1,1.101864910E1
9.688891894E0,3.359523058E0,-1.244267747E-1,9.657432556E0,1.022584377E1
9.691267414E0,-3.579662561E0,-8.135596663E-2,9.432506561E0,1.008924095E1
9.693642935E0,3.488735437E0,-1.004985496E-1,1.105962658E1,1.159727188E1
9.696018456E0,-3.067598581E0,4.402793646E-1,8.508877754E0,9.055661633E0
9.698393977E0,2.038684845E0,-4.019941986E-1,1.156690502E1,1.175206905E1
9.700769498E0,-9.332008362E-1,-4.785645287E-3,8.681160927E0,8.731176424E0
9.703145019E0,-5.503492355E-1,-2.775674164E-1,1.118883896E1,1.120580409E1
9.705520539E0,2.292324066E0,-7.657032460E-2,8.958727837E0,9.247670901E0
9.707896060E0,-2.569891453E0,-2.249253243E-1,1.050927734E1,1.082126812E1
9.710271581E0,3.440878868E0,3.828516230E-2,9.829715729E0,1.041462551E1
9.712647102E0,-3.919443607E0,5.264209956E-2,9.145368576E0,9.950003808E0
9.715022623E0,3.393022537E0,-2.488535494E-1,1.113619614E1,1.164428591E1
9.717398144E0,-2.742174864E0,5.790630579E-1,8.599804878E0,9.044969925E0
9.719773664E0,1.526620865E0,-2.871387303E-1,1.141854954E1,1.152372741E1
9.722149185E0,-4.833501875E-1,-7.178468257E-2,8.475378036E0,8.489453063E0
9.724524706E0,-1.277767301E0,-2.679961324E-1,1.108355427E1,1.116018308E1
9.726900175E0,3.134597778E0,1.004985496E-1,9.312865257E0,9.826762564E0
9.729275696E0,-3.144168854E0,-2.153540403E-1,9.853643417E0,1.034535953E1
9.731651217E0,3.364308596E0,3.349951655E-2,1.033699417E1,1.087074712E1
9.734026737E0,-3.948157310E0,1.674975902E-1,8.690732002E0,9.546979854E0
9.736402258E0,3.345165968E0,-1.052841991E-1,1.158126163E1,1.205515828E1
9.738777779E0,-2.392822742E0,5.503492355E-1,8.226524353E0,8.585114320E0
9.741153300E0,5.168496966E-1,-2.584248483E-1,1.122233772E1,1.123720521E1
9.743528821E0,7.369893789E-1,-3.349951804E-1,8.819944382E0,8.857019477E0
9.745904342E0,-1.497906923E0,8.135596663E-2,1.093519974E1,1.103761465E1
9.748279862E0,2.703889608E0,-4.307080805E-2,8.982656479E0,9.380884368E0
9.750655383E0,-3.421736479E0,-1.627119333E-1,9.877572060E0,1.045472073E1
9.753030904E0,3.684946775E0,1.914258115E-2,1.060499001E1,1.122697698E1
9.755406425E0,-3.775874138E0,5.503492355E-1,8.523234367E0,9.338395680E0
9.757781946E0,2.574677229E0,-2.153540403E-1,1.151904774E1,1.180524464E1
9.760157467E0,-1.770688772E0,-9.571290575E-3,8.370093346E0,8.555342948E0
9.762532987E0,1.100698411E-1,-8.614161611E-2,1.139462185E1,1.139547905E1
9.764908508E0,1.292124271E0,-2.871387079E-2,8.786444664E0,8.880992031E0
9.767284029E0,-2.364108801E0,-2.536391914E-1,1.067198944E1,1.093364998E1
9.769659550E0,3.306880951E0,-1.292124242E-1,9.705288887E0,1.025401335E1
9.772035071E0,-3.814159393E0,-1.148554832E-1,9.351150513E0,1.009975344E1
9.774410592E0,3.239881754E0,-6.699903309E-2,1.090170002E1,1.137314319E1
9.776786112E0,-3.206382275E0,3.397808075E-1,8.604590416E0,9.188869055E0
9.779161633E0,2.000399828E0,-4.163511395E-1,1.155254745E1,1.173184983E1
9.781537154E0,-1.024128079E0,-1.387837082E-1,8.542376518E0,8.604667095E0
9.783912675E0,-1.110269666E0,-3.732803464E-1,1.127976608E1,1.134042150E1
9.786288144E0,2.675175667E0,-7.657032460E-2,9.188439369E0,9.570258403E0
9.788663664E0,-3.034099102E0,-3.972085714E-1,1.019820976E1,1.064739472E1
9.791039185E0,3.335594654E0,-8.135596663E-2,1.018385315E1,1.071651415E1
9.793414706E0,-4.192225456E0,-6.699903309E-2,8.982656479E0,9.912989487E0
9.795790227E0,3.431307554E0,-1.339980662E-1,1.174397373E1,1.223571600E1
9.798165748E0,-2.632104874E0,2.392822653E-1,8.121239662E0,8.540478073E0
9.800541269E0,7.082754970E-1,-2.584248483E-1,1.170568848E1,1.172994375E1
9.802916789E0,4.498506486E-1,-4.737788737E-1,8.671588898E0,8.696165019E0
9.805292310E0,-1.756331801E0,-1.052841991E-1,1.128455162E1,1.142089714E1
9.807667831E0,3.024527788E0,-1.627119333E-1,8.944371223E0,9.443305570E0
9.810043352E0,-3.589233875E0,-3.589234054E-1,1.012164021E1,1.074518619E1
9.812418873E0,3.761517286E0,-9.571290761E-2,1.083948612E1,1.147399811E1
9.814794394E0,-3.799802303E0,2.967100143E-1,8.403593063E0,9.227508372E0
9.817169914E0,2.431107759E0,-2.105683982E-1,1.183968639E1,1.208853994E1
9.819545435E0,-1.545763373E0,-6.699903309E-2,8.422736168E0,8.563664977E0
9.821920956E0,-3.349951655E-2,-2.201396823E-1,1.153340530E1,1.153555467E1
9.824296477E0,1.737189293E0,-1.818545163E-1,8.810373306E0,8.981846998E0
9.826671998E0,-2.569891453E0,1.052841991E-1,1.076770210E1,1.107062940E1
9.829047519E0,3.369094372E0,-1.770688742E-1,9.638289452E0,1.021169789E1
9.831423039E0,-3.799802303E0,-1.339980662E-1,9.351150513E0,1.009457621E1
9.833798560E0,3.445664644E0,9.571290575E-3,1.127019501E1,1.178515982E1
9.836174081E0,-3.014956474E0,6.173482537E-1,8.298309326E0,8.850594278E0
9.838549602E0,1.545763373E0,-4.163511395E-1,1.156690502E1,1.167715824E1
9.840925071E0,-3.732803464E-1,-3.828516230E-2,8.839086533E0,8.847047796E0
9.843300592E0,-1.205982566E0,4.785645287E-3,1.104048347E1,1.110615560E1
9.845676164E0,2.727817774E0,-1.387837082E-1,8.997013092E0,9.402472829E0
9.848051633E0,-3.144168854E0,-7.657032460E-2,1.039442158E1,1.085981863E1
9.850427154E0,3.694518089E0,-9.571290761E-2,1.025563812E1,1.090122645E1
9.852802675E0,-4.043870449E0,1.196411327E-1,8.709874153E0,9.603598803E0
9.855178196E0,3.024527788E0,4.785645381E-2,1.162911797E1,1.201609101E1
9.857553717E0,-2.220539331E0,3.397808075E-1,8.355736732E0,8.652432159E0
9.859929237E0,8.087740541E-1,-2.297109663E-1,1.132762241E1,1.135878128E1
9.862304758E0,6.747759581E-1,-1.722832322E-1,8.762516975E0,8.790148341E0
9.864680279E0,-2.215753794E0,-9.092725813E-2,1.077248764E1,1.099837818E1
9.867055800E0,3.565305710E0,-5.264209956E-2,9.346364975E0,1.000343512E1
9.869431321E0,-3.493520975E0,-1.914258152E-1,9.834501266E0,1.043833070E1
9.871806842E0,3.479164124E0,-4.307080805E-2,1.082034397E1,1.136601433E1
9.874182362E0,-3.737588882E0,2.153540403E-1,8.408378601E0,9.204171810E0
9.876557883E0,2.560320139E0,-2.057827413E-1,1.180618668E1,1.208236854E1
9.878933404E0,-1.167697430E0,2.871387303E-1,8.484949112E0,8.569733215E0
9.881308925E0,-4.594219327E-1,-4.402793646E-1,1.099262714E1,1.101102929E1
9.883684394E0,1.909472466E0,-3.349951804E-1,8.982656479E0,9.189473559E0
9.886059967E0,-2.670390129E0,-1.100698411E-1,1.082991505E1,1.115482670E1
9.888435487E0,3.536591768E0,-1.435693651E-1,9.537791252E0,1.017337483E1
9.890811008E0,-3.785445452E0,-7.178468257E-2,9.327222824E0,1.006637154E1
9.893186529E0,3.235096216E0,-1.962114573E-1,1.133240795E1,1.178676446E1
9.895562050E0,-2.928814888E0,4.642075896E-1,8.102097511E0,8.627712873E0
9.897937571E0,1.454836130E0,-5.168496966E-1,1.170568848E1,1.180706672E1
9.900313039E0,-3.828516230E-2,-1.818545163E-1,8.772088051E0,8.774056393E0
9.902688560E0,-1.493121386E0,-1.579262912E-1,1.101177025E1,1.111365989E1
9.905064081E0,2.962314367E0,-2.057827413E-1,9.044869423E0,9.519838015E0
9.907439602E0,-3.364308596E0,-1.722832322E-1,1.030349445E1,1.084021456E1
9.909815123E0,3.675375462E0,-8.614161611E-2,1.036570740E1,1.099834965E1
9.912190644E0,-4.029513359E0,1.866401732E-1,8.489734650E0,9.399330130E0
9.914566164E0,2.478964329E0,-4.785645381E-2,1.168654537E1,1.194666887E1
9.916941685E0,-1.708475351E0,1.148554832E-1,8.350951195E0,8.524697394E0
9.919317206E0,2.919243574E-1,-3.972085714E-1,1.134197903E1,1.135268615E1
9.921692727E0,1.143769264E0,-4.307080805E-2,8.743373871E0,8.817973116E0
9.924068196E0,-3.139383316E0,-3.924229145E-1,1.053320503E1,1.099809673E1
9.926443769E0,4.206582069E0,-7.657032460E-2,9.915857315E0,1.077150974E1
9.928819289E0,-3.694518089E0,1.052841991E-1,9.351150513E0,1.005507656E1
9.931194810E0,2.818745136E0,1.148554832E-1,1.093041420E1,1.128859914E1
9.933570331E0,-3.450450182E0,-5.742774159E-2,8.312665939E0,9.000517731E0
9.935945852E0,2.258824587E0,-6.221338734E-2,1.212203979E1,1.233085592E1
9.938321373E0,-1.914258152E-1,1.483550072E-1,8.169096947E0,8.172686093E0
9.940696894E0,-1.813759565E0,-2.392822653E-1,1.094477081E1,1.109662056E1
9.943072414E0,3.139383316E0,-3.158525825E-1,9.241081238E0,9.764889805E0
9.945447935E0,-3.168097258E0,2.392822653E-1,1.021735287E1,1.069992504E1
9.947823456E0,3.450450182E0,-1.627119333E-1,1.009771156E1,1.067220036E1
9.950198925E0,-3.713660717E0,6.699903309E-2,8.762516975E0,9.517219580E0
9.952574498E0,3.177668571E0,3.589234054E-1,1.180618668E1,1.223161671E1
9.954949967E0,-2.143969059E0,9.571290761E-2,7.724031448E0,8.016634338E0
9.957325487E0,3.637090325E-1,-9.092725813E-2,1.176311588E1,1.176908864E1
9.959701008E0,1.689332843E0,-1.914258152E-1,8.886942863E0,9.048107137E0
9.962076529E0,-2.340180635E0,1.435693651E-1,1.059541893E1,1.085172612E1
9.964452050E0,3.493520975E0,5.742774159E-2,9.064012527E0,9.714129392E0
9.966827571E0,-3.651447296E0,9.571290575E-3,9.973284721E0,1.062071406E1
9.969203092E0,4.058227062E0,-6.221338734E-2,1.104526901E1,1.176737205E1
9.971578612E0,-3.215953588E0,7.226324677E-1,8.030312538E0,8.680465116E0
9.973954133E0,1.301695466E0,-8.614161611E-2,1.161476135E1,1.168779332E1
9.976329654E0,1.914258115E-2,-3.397808075E-1,8.705088615E0,8.711738359E0
9.978705175E0,2.871387079E-2,3.302095234E-1,1.135155106E1,1.135638914E1
9.981080696E0,1.976471543E0,-3.349951655E-2,8.331808090E0,8.563094536E0
9.983456217E0,-3.818944931E0,-3.876372576E-1,1.032263660E1,1.101323883E1
9.985831737E0,4.828716278E0,2.919243574E-1,1.065763187E1,1.170413764E1
9.988207258E0,-3.555734396E0,2.536391914E-1,8.470592499E0,9.190131512E0
9.990582779E0,2.392822742E0,-4.785645287E-3,1.129412270E1,1.154481836E1
9.992958300E0,-2.464607239E0,-1.148554832E-1,8.566305161E0,8.914542317E0
9.995333821E0,1.320838094E0,3.302095234E-1,1.173440266E1,1.181312225E1
9.997709342E0,7.800601721E-1,-1.148554832E-1,8.528019905E0,8.564391931E0
1.000008486E1,-2.392822742E0,-6.364908218E-1,1.056191921E1,1.084826524E1
1.000246038E1,3.345165968E0,1.339980662E-1,9.676574707E0,1.023934514E1
1.000483590E1,-3.742374659E0,2.823530734E-1,9.839286804E0,1.053074813E1
1.000721143E1,3.464807272E0,-1.531406492E-1,1.060977554E1,1.116224344E1
1.000958695E1,-3.732803345E0,-1.052841991E-1,8.676374435E0,9.445865705E0
1.001196172E1,2.373680115E0,2.488535494E-1,1.176311588E1,1.200279887E1
1.001433724E1,-1.971685886E0,1.004985496E-1,8.092526436E0,8.329863703E0
1.001671276E1,-2.775674164E-1,-3.732803464E-1,1.157647610E1,1.158581809E1
1.001908828E1,1.708475351E0,-2.297109663E-1,9.169296265E0,9.329932966E0
1.002146380E1,-2.723032236E0,5.264209956E-2,1.055713367E1,1.090278621E1
1.002383932E1,2.871387243E0,-7.178468257E-2,9.265008926E0,9.700021039E0
1.002621484E1,-4.096512318E0,-2.727817893E-1,9.772287369E0,1.059968978E1
1.002859036E1,3.771088600E0,1.004985496E-1,1.127976608E1,1.189387792E1
1.003096588E1,-3.584448338E0,3.637090325E-1,7.987242222E0,8.762225314E0
1.003334140E1,7.848458290E-1,-2.584248483E-1,1.160997581E1,1.163934297E1
1.003571692E1,-2.057827413E-1,-3.014956415E-1,8.958727837E0,8.966161420E0
1.003809244E1,-5.312066078E-1,4.785645381E-2,1.116969585E1,1.118242264E1
1.004046797E1,1.607976794E0,-6.221338734E-2,8.571090698E0,8.720840305E0
1.004284349E1,-3.756731510E0,-6.221339107E-1,1.030349445E1,1.098462927E1
1.004521901E1,4.096512318E0,2.871387303E-1,1.061934662E1,1.138570966E1
1.004759453E1,-3.479164124E0,1.244267747E-1,8.863015175E0,9.522242541E0
1.004997005E1,2.383251429E0,-2.727817893E-1,1.105005455E1,1.130743131E1
1.005234557E1,-2.857030153E0,-5.264209956E-2,8.791230202E0,9.243977550E0
1.005472109E1,1.574477315E0,1.962114573E-1,1.173918819E1,1.184592830E1
1.005709661E1,1.674975902E-1,-1.531406492E-1,8.437092781E0,8.440144673E0
1.005947213E1,-1.483550072E0,-8.614161611E-1,1.079162979E1,1.092713284E1
1.006184765E1,2.890529871E0,2.584248483E-1,9.638289452E0,1.006571259E1
1.006422312E1,-3.302095175E0,1.435693651E-1,9.863214493E0,1.040228075E1
1.006659864E1,3.756731510E0,-3.062812984E-1,1.025085258E1,1.092185051E1
1.006897411E1,-3.354737282E0,-3.158525825E-1,9.016156197E0,9.625232342E0
1.007134968E1,3.239881754E0,2.584248483E-1,1.160519028E1,1.205172430E1
1.007372520E1,-2.703889608E0,2.344966233E-1,7.996813297E0,8.444822709E0
1.007610073E1,1.110269666E0,-4.642075896E-1,1.167218876E1,1.173406059E1
1.007847625E1,9.236295223E-1,-2.009970993E-1,9.116654396E0,9.165526646E0
1.008085177E1,-9.954141974E-1,1.387837082E-1,1.085862923E1,1.090504191E1
1.008322729E1,2.392822742E0,-1.292124242E-1,8.829515457E0,9.148914675E0
1.008560281E1,-3.412165165E0,-5.838487148E-1,1.013599682E1,1.071084413E1
1.008797833E1,4.589433670E0,3.014956415E-1,1.105484104E1,1.197344192E1
1.009035385E1,-3.512663603E0,1.052841991E-1,8.169096947E0,8.892920514E0
1.009272937E1,2.124826431E0,-1.100698411E-1,1.128933716E1,1.148808671E1
1.009510489E1,-1.919043779E0,-7.657032460E-2,8.949156761E0,9.152922964E0
1.009748041E1,1.631905079E0,-4.785645381E-2,1.139940739E1,1.151572374E1
1.009985593E1,2.823530734E-1,1.292124242E-1,8.408378601E0,8.414110161E0
1.010223146E1,-2.187039852E0,-7.704889178E-1,1.066241741E1,1.091164248E1
1.010460698E1,3.503092289E0,2.871387303E-1,9.719645500E0,1.033564768E1
1.010698250E1,-2.981456995E0,-2.392822690E-2,9.939785004E0,1.037733031E1
1.010935802E1,3.148954630E0,-1.339980662E-1,1.020299530E1,1.067871639E1
1.011173354E1,-3.780659676E0,-1.531406492E-1,8.982656479E0,9.747048633E0
1.011410906E1,2.981456995E0,4.929214716E-1,1.167218876E1,1.205703313E1
1.011648458E1,-2.421536446E0,8.135596663E-2,7.958528042E0,8.319172203E0
1.011886005E1,5.551348329E-1,-6.795616150E-1,1.128933716E1,1.132338784E1
1.012123557E1,4.354937077E-1,1.292124242E-1,9.355937004E0,9.366958303E0
1.012361109E1,-1.617548108E0,2.201396823E-1,1.071506023E1,1.083870099E1
1.012598661E1,2.316252232E0,-2.057827413E-1,8.925228119E0,9.223181008E0
1.012836213E1,-3.201596737E0,-5.599204898E-1,1.022213840E1,1.072640882E1
1.013073765E1,3.393022537E0,1.339980662E-1,1.059063339E1,1.112169380E1
1.013311317E1,-3.919443607E0,5.120640397E-1,8.819944382E0,9.665178046E0
1.013548870E1,2.478964329E0,-4.067798555E-1,1.099262714E1,1.127601816E1
1.013786422E1,-2.550748825E0,1.435693540E-2,8.920442581E0,9.277975077E0
1.014023974E1,1.598405480E0,-9.571290575E-3,1.151904774E1,1.162942185E1
1.014261526E1,-7.322037220E-1,3.349951655E-2,8.288737297E0,8.321082291E0
1.014499078E1,-1.722832322E0,-6.795616150E-1,1.098305607E1,1.113810917E1
1.014736630E1,2.991028309E0,4.785645381E-2,9.676574707E0,1.012840751E1
1.014974182E1,-2.718246460E0,-7.657032460E-2,1.005942631E1,1.042049828E1
1.015211734E1,2.727817774E0,-3.828516230E-2,9.786644936E0,1.015976745E1
1.015449286E1,-3.996013880E0,-3.062812984E-1,9.336793900E0,1.016059326E1
1.015686838E1,3.914657831E0,3.349951655E-2,1.162433243E1,1.226583762E1
1.015924390E1,-2.761317253E0,4.163511395E-1,8.035098076E0,8.506528219E0
1.016161942E1,7.178468108E-1,-5.599204898E-1,1.120319557E1,1.124012482E1
1.016399494E1,-3.828516230E-2,-4.785645287E-3,9.322437286E0,9.322517129E0
1.016637046E1,-3.014956415E-1,-1.052841991E-1,1.080120182E1,1.080592176E1
1.016874599E1,1.904686809E0,9.092725813E-2,8.997013092E0,9.196865998E0
1.017112151E1,-2.828316450E0,-7.034898400E-1,1.016471100E1,1.057429059E1
1.017349698E1,3.799802303E0,1.962114573E-1,1.036570740E1,1.104196026E1
1.017587250E1,-3.397808075E0,1.818545163E-1,9.145368576E0,9.757865400E0
1.017824802E1,3.297309637E0,-3.349951804E-1,1.093519974E1,1.142641965E1
1.018062354E1,-2.790031195E0,-9.092725813E-2,8.805587769E0,9.237473561E0
1.018299906E1,2.330609322E0,3.637090325E-1,1.149033451E1,1.172995359E1
1.018537458E1,-1.215553880E0,-3.828516230E-2,8.250452042E0,8.339604060E0
1.018775010E1,7.657032460E-2,-6.556333899E-1,1.114576817E1,1.116529741E1
1.019012562E1,1.746760488E0,4.785645287E-3,9.446864128E0,9.606999373E0
1.019250114E1,-2.029113531E0,2.727817893E-1,1.046620655E1,1.066457647E1
1.019487666E1,2.957528830E0,-3.780659735E-1,9.107083321E0,9.582738506E0
1.019725218E1,-3.163311481E0,-3.445664644E-1,1.005942631E1,1.055070250E1
1.019962771E1,3.895515203E0,1.435693651E-1,1.105962658E1,1.172650805E1
1.020200323E1,-3.570091486E0,4.115654826E-1,8.102097511E0,8.863347192E0
1.020437875E1,2.062613010E0,-1.627119333E-1,1.144247818E1,1.162803313E1
1.020675427E1,-1.440479279E0,-1.244267747E-1,9.020941734E0,9.136074231E0
1.020912979E1,1.277767301E0,1.914258115E-2,1.120798111E1,1.128059822E1
1.021150531E1,1.531406492E-1,2.392822653E-1,8.685946465E0,8.690591122E0
1.021388083E1,-2.191825628E0,-7.848458290E-1,1.034656525E1,1.060525789E1
1.021625635E1,3.503092289E0,8.135596663E-2,1.003549862E1,1.062965225E1
1.021863187E1,-2.737389088E0,1.866401732E-1,9.853643417E0,1.022851026E1
1.022100739E1,2.670390129E0,-1.770688742E-1,1.001156998E1,1.036310138E1
1.022338291E1,-3.747160196E0,-1.866401732E-1,9.164510727E0,9.902742093E0
1.022575838E1,3.637090445E0,7.178468257E-2,1.156211948E1,1.212089877E1
1.022813396E1,-2.526820660E0,3.541377485E-1,8.212167740E0,8.599414816E0
1.023050942E1,8.853443861E-1,-3.110669553E-1,1.118405342E1,1.122335281E1
1.023288494E1,-4.737788737E-1,-5.264209956E-2,9.073583603E0,9.086096907E0
1.023526047E1,-4.067798555E-1,4.785645287E-3,1.098784161E1,1.099536975E1
1.023763599E1,1.818545222E0,-9.571290761E-2,9.145368576E0,9.324914695E0
1.024001151E1,-2.799602509E0,-7.465606928E-1,9.944570541E0,1.035806982E1
1.024238703E1,3.249453068E0,2.632105052E-1,1.046620655E1,1.096219433E1
1.024476255E1,-3.546163082E0,9.092725813E-2,9.174081802E0,9.836021416E0
1.024713807E1,3.187239647E0,-2.584248483E-1,1.095434189E1,1.141152427E1
1.024951359E1,-3.163311481E0,-2.009970993E-1,8.752944946E0,9.309188181E0
1.025188911E1,2.187039852E0,2.584248483E-1,1.150469112E1,1.171357523E1
1.025426463E1,-1.756331801E0,9.092725813E-2,8.394021988E0,8.576279747E0
1.025664015E1,9.571290575E-3,-7.465606928E-1,1.121755219E1,1.124237170E1
1.025901567E1,1.325623751E0,-1.244267747E-1,9.475577354E0,9.568663781E0
1.026139120E1,-1.880758643E0,1.962114573E-1,1.050449181E1,1.067333594E1
1.026376672E1,2.522035122E0,-2.440679073E-1,9.178867340E0,9.522176009E0
1.026614224E1,-3.364308596E0,-6.125625968E-1,9.887143135E0,1.046180695E1
1.026851776E1,4.053441525E0,1.531406492E-1,1.109312534E1,1.181148890E1
1.027089323E1,-3.589233875E0,2.440679073E-1,8.336593628E0,9.079700561E0
1.027326880E1,1.938186288E0,-1.818545163E-1,1.105962658E1,1.122964724E1
1.027564432E1,-1.842473388E0,-3.158525825E-1,8.982656479E0,9.175107000E0
1.027801984E1,1.799402595E0,4.785645381E-2,1.148076344E1,1.162101841E1
1.028039536E1,-9.571290761E-2,7.178468257E-2,8.633303642E0,8.634132602E0
1.028277083E1,-2.014756680E0,-8.709874153E-1,1.039920712E1,1.062832876E1
1.028514635E1,3.330809116E0,7.657032460E-2,9.982855797E0,1.052414188E1
1.028752187E1,-2.502892494E0,-8.135596663E-2,1.005464077E1,1.036179959E1
1.028989739E1,2.842673302E0,-4.307080805E-2,1.000678444E1,1.040280642E1
1.029227291E1,-3.584448338E0,-3.206382394E-1,9.193224907E0,9.872510469E0
1.029464843E1,3.632304668E0,1.244267747E-1,1.137069321E1,1.193741108E1
1.029702396E1,-2.689532757E0,1.866401732E-1,8.317451477E0,8.743478717E0
1.029939948E1,1.368694544E0,-4.737788737E-1,1.112183952E1,1.121575256E1
1.030177500E1,-5.359922647E-1,-9.571290761E-2,9.375079155E0,9.390876308E0
1.030415052E1,-9.571290761E-2,1.483550072E-1,1.106441212E1,1.106582061E1
1.030652604E1,1.813759565E0,-1.627119333E-1,8.705088615E0,8.893523865E0
1.030890156E1,-2.354537487E0,-9.236295223E-1,1.027478027E1,1.058149554E1
1.031127708E1,3.369094372E0,3.589234054E-1,1.038485050E1,1.092358654E1
1.031365260E1,-3.512663603E0,1.292124242E-1,9.178867340E0,9.828891447E0
1.031602812E1,3.330809116E0,-4.402793646E-1,1.075813103E1,1.127055981E1
1.031840364E1,-3.014956474E0,-1.674975902E-1,8.973084450E0,9.467537300E0
1.032077916E1,2.708675146E0,6.699903309E-2,1.158126163E1,1.189399138E1
1.032315468E1,-2.402393818E0,1.052841991E-1,8.169096947E0,8.515675296E0
1.032553021E1,3.589234054E-1,-6.843472719E-1,1.144726372E1,1.147331704E1
1.032790573E1,1.138983607E0,-1.531406492E-1,9.552147865E0,9.621032406E0
1.033028125E1,-1.205982566E0,-2.105683982E-1,1.060499001E1,1.067541784E1
1.033265677E1,1.875972986E0,-9.092725813E-2,9.011369705E0,9.205016370E0
1.033503229E1,-3.546163082E0,-7.609176040E-1,1.003549862E1,1.067077789E1
1.033740776E1,4.101297855E0,4.785645381E-2,1.113141060E1,1.186301969E1
1.033978328E1,-3.589233875E0,3.349951655E-2,8.494520187E0,9.221745781E0
1.034215880E1,2.014756680E0,-8.614161611E-2,1.119841003E1,1.137853471E1
1.034453427E1,-2.699103832E0,-2.919243574E-1,8.815158844E0,9.223741474E0
1.034690984E1,2.096112728E0,-1.818545163E-1,1.173918819E1,1.192624413E1
1.034928536E1,-6.221339107E-1,1.579262912E-1,8.537590981E0,8.561685060E0
1.035166088E1,-1.622333765E0,-6.604190469E-1,1.072941685E1,1.087145372E1
1.035403640E1,2.392822742E0,-8.614161611E-2,9.662218094E0,9.954470330E0
1.035641192E1,-2.392822742E0,-1.674975902E-1,1.022213840E1,1.049979855E1
1.035878744E1,2.837887764E0,-8.614161611E-2,1.006421185E1,1.045702574E1
1.036116296E1,-3.665804386E0,-3.014956415E-1,9.212367058E0,9.919512499E0
1.036353849E1,3.282952785E0,4.307080805E-2,1.126540947E1,1.173409922E1
1.036591401E1,-3.091526747E0,2.727817893E-1,8.422736168E0,8.976326202E0
1.036828953E1,1.847259045E0,-4.737788737E-1,1.134197903E1,1.150118779E1
1.037066505E1,-1.105484009E0,-1.292124242E-1,9.207581520E0,9.274607711E0
1.037304057E1,-4.307080805E-2,2.392822653E-1,1.113141060E1,1.113406543E1
1.037541609E1,1.440479279E0,-3.302095234E-1,8.681160927E0,8.806053254E0
1.037779161E1,-2.172683001E0,-6.556333899E-1,1.059541893E1,1.083574219E1
1.038016713E1,3.158525944E0,1.148554832E-1,9.973284721E0,1.046211671E1
1.038254265E1,-3.330809116E0,2.919243574E-1,9.552147865E0,1.012042677E1
1.038491817E1,3.345165968E0,-3.589234054E-1,1.053320503E1,1.105745765E1
1.038729364E1,-3.058027267E0,-8.614161611E-2,9.040083885E0,9.543692566E0
1.038966916E1,2.991028309E0,1.004985496E-1,1.152383423E1,1.190609531E1
1.039204468E1,-2.244467735E0,3.158525825E-1,8.126026154E0,8.436213565E0
1.039442021E1,4.163511395E-1,-4.881358147E-1,1.126540947E1,1.128366409E1
1.039679573E1,1.488335729E0,-8.135596663E-2,9.327222824E0,9.445572912E0
1.039917125E1,-1.095912814E0,-4.307080805E-2,1.067198944E1,1.072819829E1
1.040154677E1,2.325823545E0,1.579262912E-1,8.977870941E0,9.275589605E0
1.040392229E1,-3.527020693E0,-5.934200287E-1,9.820143700E0,1.045118388E1
1.040629781E1,4.402793884E0,1.004985496E-1,1.113141060E1,1.197092293E1
1.040867333E1,-3.158525944E0,2.823530734E-1,8.451449394E0,9.026793797E0
1.041104885E1,2.225325108E0,-2.392822690E-2,1.103091240E1,1.125316279E1
1.041342437E1,-2.498106956E0,9.571290575E-3,8.819944382E0,9.166899632E0
1.041579989E1,1.923829436E0,-1.004985496E-1,1.142333508E1,1.158463655E1
1.041817541E1,-1.914258115E-2,2.249253243E-1,8.762516975E0,8.765424210E0
1.042055093E1,-1.296909928E0,-5.312066078E-1,1.058106136E1,1.067347251E1
1.042292646E1,2.234896421E0,1.435693540E-2,9.274580956E0,9.540063943E0
1.042530198E1,-2.665604353E0,1.722832322E-1,1.039442158E1,1.073215393E1
1.042767750E1,3.249453068E0,-8.614161611E-2,9.896714211E0,1.041687658E1
1.043005302E1,-3.574877024E0,-3.732803464E-1,8.944371223E0,9.639546698E0
1.043242854E1,3.129812002E0,4.402793646E-1,1.151426220E1,1.194017601E1
1.043480406E1,-3.393022537E0,2.584248483E-1,7.843672752E0,8.550005122E0
1.043717958E1,1.746760488E0,-2.919243574E-1,1.154297638E1,1.167804332E1
1.043955510E1,-8.901300430E-1,-2.392822690E-2,9.059226990E0,9.102884032E0
1.044193057E1,-2.297109663E-1,1.004985496E-1,1.094955635E1,1.095242673E1
1.044430609E1,1.048056364E0,-1.100698411E-1,8.676374435E0,8.740137920E0
1.044668161E1,-2.464607239E0,-5.216353536E-1,1.050449181E1,1.080234884E1
1.044905713E1,3.072384357E0,2.536391914E-1,1.001635551E1,1.048004085E1
1.045143265E1,-3.488735437E0,2.105683982E-1,9.308079720E0,9.942633558E0
1.045380812E1,2.876172781E0,-2.871387079E-2,1.060020447E1,1.098351169E1
1.045618370E1,-3.388236761E0,-1.387837082E-1,8.810373306E0,9.440449516E0
1.045855922E1,2.775674343E0,6.699903309E-2,1.150469112E1,1.183498098E1
1.046093474E1,-2.129612207E0,3.158525825E-1,8.370093346E0,8.642538610E0
1.046331026E1,-2.153540403E-1,-4.307080805E-1,1.093998528E1,1.095057828E1
1.046568578E1,1.383051515E0,-1.483550072E-1,9.456435204E0,9.558190595E0
1.046806130E1,-1.435693622E0,1.914258115E-2,1.058584690E1,1.068277760E1
1.047043682E1,2.239681959E0,7.657032460E-2,9.054440498E0,9.327643380E0
1.047281234E1,-3.713660717E0,-5.551348329E-1,9.647860527E0,1.035280944E1
1.047518781E1,4.134797573E0,1.770688742E-1,1.111705399E1,1.186241096E1
1.047756338E1,-3.402593851E0,2.201396823E-1,8.537590981E0,9.193289191E0
1.047993890E1,2.273181438E0,-6.221338734E-2,1.122712421E1,1.145510989E1
1.048231442E1,-2.411965132E0,-7.178468257E-2,8.700303078E0,9.028732053E0
1.048468995E1,1.416550994E0,6.221338734E-2,1.145683479E1,1.154424318E1
1.048706541E1,3.062812984E-1,-2.871387079E-2,8.819944382E0,8.825307452E0
1.048944093E1,-1.450050473E0,-5.934200287E-1,1.047099209E1,1.058756200E1
1.049181651E1,2.459821701E0,1.579262912E-1,9.619147301E0,9.929937478E0
1.049419192E1,-2.933600664E0,2.057827413E-1,1.013599682E1,1.055399407E1
1.049656750E1,3.589233875E0,-2.249253243E-1,1.004506969E1,1.066942437E1
1.049894297E1,-3.436093330E0,-4.019941986E-1,9.068798065E0,9.706257521E0
1.050131854E1,3.153740168E0,4.450650215E-1,1.148554897E1,1.191897626E1
1.050369406E1,-3.120240688E0,3.302095234E-1,8.006384850E0,8.599252214E0
1.050606958E1,1.785045743E0,-4.402793646E-1,1.157169056E1,1.171683646E1
1.050844510E1,-4.019941986E-1,1.914258115E-2,9.049654961E0,9.058599267E0
1.051082062E1,-2.632105052E-1,1.244267747E-1,1.091605663E1,1.091993838E1
1.051319614E1,1.454836130E0,-1.004985496E-1,8.829515457E0,8.949133552E0
1.051557166E1,-2.770888567E0,-5.886343718E-1,1.026520920E1,1.064888885E1
1.051794718E1,3.728017569E0,2.584248483E-1,1.054756260E1,1.118999442E1
1.052032270E1,-3.369094372E0,5.264209956E-2,8.901300430E0,9.517705471E0
1.052269823E1,2.689532757E0,1.339980662E-1,1.079641533E1,1.112717960E1
1.052507375E1,-3.416950703E0,-2.297109663E-1,8.470592499E0,9.136698338E0
1.052744927E1,2.928814888E0,2.440679073E-1,1.194018459E1,1.229656594E1
1.052982479E1,-1.732403636E0,1.914258152E-1,8.207381248E0,8.390409594E0
1.053220031E1,-8.327022791E-1,-3.924229145E-1,1.088255692E1,1.092142087E1
1.053457583E1,1.636690736E0,-8.614161611E-2,9.504291534E0,9.644570209E0
1.053695135E1,-1.722832322E0,-8.135596663E-2,1.054756260E1,1.068764926E1
1.053932687E1,2.225325108E0,2.009970993E-1,9.293723106E0,9.558543866E0
1.054170239E1,-3.795016766E0,-5.503492355E-1,9.403793335E0,1.015560759E1
1.054407791E1,3.728017569E0,3.254238665E-1,1.132762241E1,1.192975462E1
1.054645338E1,-3.622733593E0,1.770688742E-1,8.279166222E0,9.038813274E0
1.054882890E1,2.057827473E0,-1.770688742E-1,1.120798111E1,1.139670338E1
1.055120442E1,-2.158325911E0,-6.699903309E-2,8.997013092E0,9.252518802E0
1.055357995E1,7.513462901E-1,1.531406492E-1,1.121276665E1,1.123895499E1
1.055595546E1,3.302095234E-1,-1.579262912E-1,8.776873589E0,8.784502777E0
1.055833099E1,-1.780260086E0,-6.221339107E-1,1.054277611E1,1.071011226E1
1.056070651E1,2.392822742E0,1.483550072E-1,9.647860527E0,9.941268663E0
1.056308203E1,-3.125026464E0,1.483550072E-1,1.002592659E1,1.050271411E1
1.056545755E1,3.340380430E0,-4.307080805E-1,1.009771156E1,1.064459627E1
1.056783307E1,-3.483949661E0,-2.009970993E-1,9.250652313E0,9.887005274E0
1.057020859E1,3.062813044E0,1.100698411E-1,1.139940739E1,1.180421229E1
1.057258411E1,-3.158525944E0,1.579262912E-1,8.140382767E0,8.733101307E0
1.057495963E1,1.311266780E0,-5.503492355E-1,1.151904774E1,1.160649670E1
1.057733515E1,9.571290575E-3,-1.387837082E-1,9.279366493E0,9.280409207E0
1.057971067E1,-3.206382394E-1,-1.674975902E-1,1.096391296E1,1.096987930E1
1.058208620E1,1.488335729E0,-7.657032460E-2,8.705088615E0,8.831736752E0
1.058446172E1,-2.938386202E0,-7.226324677E-1,1.028435135E1,1.072027023E1
1.058683724E1,4.077369690E0,-1.052841991E-1,1.060977554E1,1.136676583E1
1.058921276E1,-3.211168051E0,-8.614161611E-2,9.006584167E0,9.562299880E0
1.059158828E1,2.723032236E0,-1.435693540E-2,1.102612686E1,1.135740218E1
1.059396380E1,-3.249453068E0,-3.876372576E-1,8.609375954E0,9.210350818E0
1.059633927E1,2.995813847E0,4.785645287E-3,1.188275719E1,1.225458452E1
1.059871479E1,-1.292124271E0,1.914258152E-1,8.374878883E0,8.476132685E0
1.060109031E1,-4.546363056E-1,-6.939185858E-1,1.085862923E1,1.089027299E1
1.060346583E1,1.684547186E0,-1.818545163E-1,9.518648148E0,9.668269382E0
1.060584135E1,-1.440479279E0,-2.057827413E-1,1.053799057E1,1.063797783E1
1.060821682E1,2.656033039E0,2.871387079E-2,9.509077072E0,9.873088815E0
1.061059239E1,-3.153740168E0,-4.929214716E-1,9.623932838E0,1.013948381E1
1.061296791E1,3.584448338E0,7.178468257E-2,1.091605663E1,1.148972216E1
1.061534343E1,-3.393022537E0,2.344966233E-1,8.580661774E0,9.230132560E0
1.061771896E1,2.737389088E0,-2.536391914E-1,1.146162033E1,1.178670321E1
1.062009448E1,-2.163111687E0,-9.092725813E-2,8.652446747E0,8.919201458E0
1.062247000E1,1.292124271E0,6.699903309E-2,1.133240795E1,1.140603104E1
1.062484552E1,-5.742774159E-2,-1.483550072E-1,8.676374435E0,8.677832707E0
1.062722104E1,-1.000199914E0,-3.924229145E-1,1.093998528E1,1.099261904E1
1.062959656E1,2.239681959E0,-1.914258115E-2,9.346364975E0,9.610987460E0
1.063197208E1,-2.670390129E0,2.392822653E-1,1.018385315E1,1.053086437E1
1.063434760E1,3.282952785E0,-3.828516304E-1,9.872786522E0,1.041135285E1
1.063672312E1,-3.311666489E0,1.052841991E-1,9.580862045E0,1.013761004E1
1.063909864E1,3.311666489E0,-2.201396823E-1,1.100698376E1,1.149649024E1
1.064147416E1,-3.120240688E0,5.647061467E-1,8.561519623E0,9.129863813E0
1.064384968E1,1.416550994E0,-3.014956415E-1,1.129890823E1,1.139134951E1
1.064622520E1,-4.833501875E-1,4.785645287E-3,9.040083885E0,9.052997678E0
1.064860067E1,4.785645381E-2,-4.546363056E-1,1.099262714E1,1.100212870E1
1.065097620E1,1.253839016E0,2.392822653E-1,9.006584167E0,9.096588737E0
1.065335172E1,-2.861815929E0,-2.871387303E-1,1.034656525E1,1.073889433E1
1.065572724E1,3.838087559E0,-4.833501875E-1,1.005942631E1,1.077759719E1
1.065810276E1,-3.235096216E0,2.775674164E-1,9.614361763E0,1.014784920E1
1.066047828E1,2.914458036E0,-3.828516230E-2,1.082991505E1,1.121528383E1
1.066285380E1,-3.613162279E0,-3.924229145E-1,8.379665375E0,9.133878103E0
1.066522932E1,2.679961443E0,1.004985496E-1,1.201196957E1,1.230770922E1
1.066760484E1,-1.186840057E0,-1.387837082E-1,8.662017822E0,8.744049576E0
1.066998036E1,-3.254238665E-1,-5.216353536E-1,1.095912743E1,1.097635996E1
1.067235588E1,1.344766378E0,-2.632105052E-1,9.322437286E0,9.422606505E0
1.067473140E1,-2.062613010E0,-2.392822690E-2,1.066241741E1,1.086011464E1
1.067710692E1,3.196810961E0,-4.354937077E-1,9.556933403E0,1.008683455E1
1.067948245E1,-3.488735437E0,-6.125625968E-1,9.446864128E0,1.008909063E1
1.068185796E1,3.378665686E0,1.100698411E-1,1.121276665E1,1.171126095E1
1.068423349E1,-3.584448338E0,5.742774159E-2,8.322237015E0,9.061522872E0
1.068660901E1,2.742174864E0,-4.067798555E-1,1.182532978E1,1.214592184E1
1.068898453E1,-1.627119422E0,-2.440679073E-1,8.580661774E0,8.736981357E0
1.069136005E1,2.823530734E-1,-2.105683982E-1,1.136112213E1,1.136658077E1
1.069373552E1,8.901300430E-1,-2.249253243E-1,8.657232285E0,8.705779329E0
1.069611109E1,-1.842473388E0,-6.795616150E-1,1.082991505E1,1.100652407E1
1.069848656E1,3.148954630E0,-2.344966233E-1,9.786644936E0,1.028344898E1
1.070086213E1,-3.311666489E0,1.387837082E-1,9.604789734E0,1.016062900E1
1.070323760E1,3.192025423E0,-3.732803464E-1,1.060499001E1,1.108125343E1
1.070561312E1,-3.464807272E0,-3.302095234E-1,8.652446747E0,9.326240532E0
1.070798864E1,3.225524902E0,6.699903309E-2,1.203589821E1,1.246079233E1
1.071036416E1,-2.081755638E0,-9.571290761E-2,7.972885132E0,8.240738124E0
1.071273968E1,-8.135596663E-2,-3.972085714E-1,1.138983536E1,1.139704975E1
1.071511520E1,1.631905079E0,-4.019941986E-1,9.269794464E0,9.420923677E0
1.071749073E1,-1.459621787E0,-8.135596663E-2,1.069113159E1,1.079061672E1
1.071986625E1,2.651247501E0,9.571290575E-3,9.207581520E0,9.581688910E0
1.072224177E1,-3.761517286E0,-6.604190469E-1,9.466006279E0,1.020737187E1
1.072461729E1,4.264009953E0,1.196411327E-1,1.130848026E1,1.208626579E1
1.072699281E1,-3.397808075E0,1.435693651E-1,8.360522270E0,9.025743432E0
1.072936833E1,2.435893536E0,-6.221338734E-2,1.139940739E1,1.165692655E1
1.073174385E1,-1.952543259E0,-5.264209956E-2,8.618947029E0,8.837502150E0
1.073411937E1,9.858429432E-1,1.435693540E-2,1.138504982E1,1.142766170E1
1.073649489E1,8.901300430E-1,-1.770688742E-1,8.925228119E0,8.971253082E0
1.073887041E1,-1.722832322E0,-4.259224236E-1,1.051406288E1,1.066278948E1
1.074124593E1,2.732603550E0,-4.785645381E-2,9.576076508E0,9.958446349E0
1.074362146E1,-3.139383316E0,2.536391914E-1,9.973284721E0,1.045879862E1
1.074599698E1,3.684946775E0,-5.120640397E-1,1.031306553E1,1.096359261E1
1.074837250E1,-3.479164124E0,0.000000000E0,8.867800713E0,9.525884341E0
1.075074796E1,2.952743053E0,4.307080805E-2,1.150947666E1,1.188228091E1
1.075312349E1,-2.565105915E0,2.727817893E-1,8.245666504E0,8.639745040E0
1.075549901E1,9.858429432E-1,-5.982056856E-1,1.152861977E1,1.158614733E1
1.075787453E1,7.465606928E-1,4.785645381E-2,9.265008926E0,9.295161834E0
1.076025005E1,-1.335195065E0,-4.546363056E-1,1.059541893E1,1.068888873E1
1.076262557E1,2.373680115E0,-5.264209956E-2,9.164510727E0,9.467068466E0
1.076500109E1,-3.278167009E0,-1.196411327E-1,1.026520920E1,1.077660488E1
1.076737661E1,3.838087559E0,-3.541377485E-1,1.042313576E1,1.111296939E1
1.076975213E1,-3.646661758E0,-1.292124242E-1,8.652446747E0,9.390403215E0
1.077212765E1,2.598605394E0,1.052841991E-1,1.168654537E1,1.197243407E1
1.077450317E1,-2.555534601E0,0.000000000E0,8.054241180E0,8.449944266E0
1.077687870E1,1.225125194E0,-4.163511395E-1,1.192104244E1,1.199106054E1
1.077925422E1,6.604190469E-1,-3.062812984E-1,8.896514893E0,8.926249984E0
1.078162974E1,-1.904686809E0,-9.092725813E-2,1.076291656E1,1.093052938E1
1.078400526E1,2.847458839E0,-2.632105052E-1,9.006584167E0,9.449648670E0
1.078638078E1,-3.321237803E0,-3.445664644E-1,1.039920712E1,1.092212686E1
1.078875630E1,3.823730469E0,-1.914258152E-1,1.069591713E1,1.136046662E1
1.079113182E1,-3.799802303E0,3.828516304E-1,8.437092781E0,9.261188234E0
1.079350734E1,2.196611166E0,-1.483550072E-1,1.162911797E1,1.183568733E1
1.079588286E1,-1.531406522E0,-4.163511395E-1,8.398807526E0,8.547427804E0
1.079825833E1,9.523434043E-1,1.579262912E-1,1.172483063E1,1.176450390E1
1.080063385E1,8.566305041E-1,-2.536391914E-1,8.508877754E0,8.555650139E0
1.080300937E1,-2.866601467E0,-4.689932466E-1,1.041356373E1,1.081109005E1
1.080538489E1,4.220939159E0,-1.722832322E-1,1.004028416E1,1.089281024E1
1.080776041E1,-3.349951744E0,1.483550072E-1,9.504291534E0,1.007847922E1
1.081013593E1,3.105883837E0,1.339980662E-1,1.077727318E1,1.121668788E1
1.081251146E1,-3.641875982E0,-3.206382394E-1,8.154739380E0,8.936769210E0
1.081488698E1,2.924029350E0,3.445664644E-1,1.216989613E1,1.252098420E1
1.081726250E1,-1.148554921E0,-1.435693540E-2,8.169096947E0,8.249456313E0
1.081963802E1,-4.259224236E-1,-2.967100143E-1,1.106919765E1,1.108136199E1
1.082201354E1,1.794616938E0,-1.579262912E-1,9.150154114E0,9.325819587E0
1.082438906E1,-2.220539331E0,3.254238665E-1,1.055234814E1,1.078836164E1
1.082676458E1,3.637090445E0,-2.679961324E-1,9.547362328E0,1.022019453E1
1.082914010E1,-3.608376503E0,-2.823530734E-1,9.303294182E0,9.982554126E0
1.083151562E1,3.507878065E0,3.110669553E-1,1.119841003E1,1.173909530E1
1.083389114E1,-3.436093330E0,4.402793646E-1,8.212167740E0,8.912927818E0
1.083626666E1,2.526820660E0,-2.919243574E-1,1.178704453E1,1.205837722E1
1.083864218E1,-1.162911773E0,2.871387079E-2,8.575876236E0,8.654411678E0
1.084101770E1,-1.004985496E-1,0.000000000E0,1.124626637E1,1.124671539E1
1.084339317E1,1.363908887E0,-5.742774159E-2,8.685946465E0,8.792565688E0
1.084576875E1,-2.416750908E0,-2.632105052E-1,1.067198944E1,1.094537909E1
1.084814427E1,3.503092289E0,-9.092725813E-2,9.791430473E0,1.039961702E1
1.085051974E1,-3.512663603E0,0.000000000E0,9.293723106E0,9.935396055E0
1.085289526E1,2.957528830E0,-3.349951655E-2,1.088734341E1,1.128194777E1
1.085527078E1,-3.546163082E0,3.924229145E-1,8.331808090E0,9.063569628E0
1.085764630E1,2.354537487E0,-3.589234054E-1,1.191625690E1,1.215194846E1
1.086002182E1,-1.143769264E0,-1.962114573E-1,8.465806961E0,8.544974814E0
1.086239734E1,-7.848458290E-1,1.100698411E-1,1.134197903E1,1.136963441E1
1.086477286E1,1.751546144E0,-4.354937077E-1,8.403593063E0,8.595228039E0
1.086714838E1,-2.584248543E0,-2.344966233E-1,1.092084217E1,1.122488855E1
1.086952390E1,3.421736479E0,-1.100698411E-1,9.834501266E0,1.041334774E1
1.087189942E1,-4.130012035E0,2.632105052E-1,9.121439934E0,1.001633394E1
1.087427494E1,2.837887764E0,-1.435693651E-1,1.118405342E1,1.153937910E1
1.087665046E1,-2.837887764E0,4.785645287E-3,8.446663857E0,8.910654306E0
1.087902599E1,1.775474429E0,-3.349951655E-2,1.177747345E1,1.191059665E1
1.088140151E1,-6.795616150E-1,1.914258115E-2,8.312665939E0,8.340418781E0
1.088377703E1,-1.871187329E0,-3.014956415E-1,1.094477081E1,1.110766626E1
1.088615255E1,3.326023579E0,-5.790630579E-1,9.427721024E0,1.001397377E1
1.088852807E1,-3.053241730E0,2.679961324E-1,1.022692394E1,1.067633272E1
1.089090359E1,3.187239647E0,-5.742774159E-2,1.004985523E1,1.054330995E1
1.089327911E1,-4.412364960E0,-3.924229145E-1,8.575876236E0,9.652389005E0
1.089565463E1,3.728017569E0,3.541377485E-1,1.213161087E1,1.269643694E1
1.089803010E1,-2.459821701E0,1.531406492E-1,7.944170952E0,8.317693609E0
1.090040562E1,3.684946895E-1,-3.445664644E-1,1.140419292E1,1.141534628E1
1.090278114E1,7.130611539E-1,-3.110669553E-1,9.001798630E0,9.035352646E0
1.090515666E1,-1.478764415E0,2.057827413E-1,1.098305607E1,1.108407016E1
1.090753218E1,3.005385160E0,-1.196411327E-1,9.087940216E0,9.572737923E0
1.090990770E1,-3.637090445E0,-5.503492355E-1,9.700503349E0,1.037453982E1
1.091228323E1,3.617947817E0,3.541377485E-1,1.093519974E1,1.152360852E1
1.091465875E1,-3.771088600E0,2.344966233E-1,8.178668022E0,9.009256824E0
1.091703427E1,2.900100946E0,-4.785645381E-2,1.186361504E1,1.221303555E1
1.091940979E1,-2.129612207E0,2.871387079E-2,8.111668587E0,8.386610752E0
1.092178531E1,6.747759581E-1,1.818545163E-1,1.153340530E1,1.155455891E1
1.092416083E1,4.354937077E-1,-2.871387079E-2,8.379665375E0,8.391023242E0
1.092653635E1,-1.526620865E0,-2.105683982E-1,1.096391296E1,1.107168902E1
1.092891187E1,2.847458839E0,1.339980662E-1,9.284152031E0,9.711923407E0
1.093128739E1,-3.306880951E0,2.297109663E-1,9.781859398E0,1.032826229E1
1.093366291E1,3.177668571E0,5.742774159E-2,1.022213840E1,1.070481149E1
1.093603843E1,-3.531806231E0,3.684946895E-1,8.829515457E0,9.516816001E0
1.093841396E1,2.924029350E0,-9.092725813E-2,1.147597694E1,1.184298367E1
1.094078948E1,-2.321038008E0,3.062812984E-1,8.245666504E0,8.571583387E0
1.094316500E1,1.435693651E-1,1.914258152E-1,1.153819084E1,1.154067173E1
1.094554046E1,9.714859724E-1,-1.818545163E-1,8.451449394E0,8.509045359E0
1.094791599E1,-1.818545222E0,-1.196411327E-1,1.097827053E1,1.112851493E1
1.095029151E1,2.919243574E0,3.349951655E-2,9.293723106E0,9.741478042E0
1.095266703E1,-3.818944931E0,2.584248483E-1,9.743574142E0,1.046844596E1
1.095504255E1,3.440878868E0,-2.344966233E-1,1.051406288E1,1.106526793E1
1.095741807E1,-3.474378586E0,2.201396823E-1,8.681160927E0,9.353198548E0
1.095979359E1,2.541177750E0,1.196411327E-1,1.177747345E1,1.204909869E1
1.096216911E1,-2.187039852E0,3.302095234E-1,7.944170952E0,8.246334565E0
1.096454463E1,-3.684946895E-1,-3.206382394E-1,1.151426220E1,1.152461848E1
1.096692015E1,2.048256159E0,-3.302095234E-1,9.193224907E0,9.424424429E0
1.096929567E1,-2.201396942E0,2.488535494E-1,1.051406288E1,1.074493345E1
1.097167120E1,2.799602509E0,-9.092725813E-2,9.327222824E0,9.738743635E0
1.097404672E1,-4.264009953E0,-3.206382394E-1,9.466006279E0,1.038700460E1
1.097642224E1,4.364508629E0,2.201396823E-1,1.165304661E1,1.244551696E1
1.097879776E1,-3.560520172E0,1.244267747E-1,7.709674358E0,8.493048018E0
1.098117328E1,1.454836130E0,7.657032460E-2,1.194975662E1,1.203823469E1
1.098354880E1,-1.019342422E0,-3.780659735E-1,8.484949112E0,8.554317874E0
1.098592432E1,1.435693540E-2,8.135596663E-2,1.139462185E1,1.139492132E1
1.098829984E1,1.780260086E0,-9.092725813E-2,8.858229637E0,9.035807991E0
1.099067536E1,-3.177668571E0,-2.967100143E-1,1.017906761E1,1.066766290E1
1.099305083E1,3.560520172E0,-1.196411327E-1,9.925428391E0,1.054541354E1
1.099542635E1,-3.579662561E0,3.493520916E-1,9.633503914E0,1.028301651E1
1.099780187E1,3.335594654E0,-1.722832322E-1,1.108833981E1,1.158046428E1
1.100017739E1,-3.393022537E0,1.435693540E-2,8.020741463E0,8.708909327E0
1.100255291E1,1.670190215E0,2.057827413E-1,1.193061352E1,1.204871034E1
1.100492838E1,-8.422735929E-1,-1.292124242E-1,8.255238533E0,8.299101391E0
1.100730396E1,-3.828516304E-1,-1.818545163E-1,1.143290615E1,1.144076000E1
1.100967948E1,1.986042738E0,0.000000000E0,8.930013657E0,9.148197072E0
1.101205500E1,-3.163311481E0,-1.962114573E-1,1.017428207E1,1.065650291E1
1.101443041E1,3.646661758E0,-2.153540403E-1,9.858428955E0,1.051347425E1
1.101680604E1,-3.613162279E0,4.163511395E-1,9.547362328E0,1.021667350E1
1.101918156E1,3.139383316E0,-1.962114573E-1,1.107398319E1,1.151205152E1
1.102155708E1,-3.397808075E0,3.828516230E-2,7.910671711E0,8.609604659E0
1.102393260E1,1.450050473E0,2.153540403E-1,1.223210907E1,1.231963944E1
1.102630812E1,-2.488535494E-1,-2.440679073E-1,8.097311974E0,8.104810820E0
1.102868364E1,-9.906286001E-1,-1.866401732E-1,1.120798111E1,1.125322266E1
1.103105916E1,2.249253273E0,-1.004985496E-1,9.044869423E0,9.320885319E0
1.103343468E1,-3.326023579E0,6.699903309E-2,1.022213840E1,1.074983885E1
1.103581020E1,3.694518089E0,-3.062812984E-1,9.987641335E0,1.065346195E1
1.103818573E1,-3.742374659E0,1.818545163E-1,9.154939651E0,9.891984592E0
1.104056125E1,2.995813847E0,1.100698411E-1,1.149033451E1,1.187496540E1
1.104293672E1,-3.148954630E0,3.876372576E-1,8.025527000E0,8.629905071E0
1.104531224E1,1.019342422E0,-5.072783828E-1,1.186361504E1,1.191812704E1
1.104768776E1,6.891329288E-1,-1.052841991E-1,8.987442017E0,9.014438583E0
1.105006328E1,-1.445264935E0,-1.674975902E-1,1.079641533E1,1.089400891E1
1.105243880E1,2.421536446E0,-9.092725813E-2,8.949156761E0,9.271435340E0
1.105481432E1,-3.723232031E0,-3.732803464E-1,1.009292603E1,1.076424409E1
1.105718984E1,4.292723656E0,-5.264209956E-2,1.084905815E1,1.166757517E1
1.105956536E1,-3.818944931E0,1.770688742E-1,8.422736168E0,9.249766393E0
1.106194088E1,2.129612207E0,5.264209956E-2,1.173440266E1,1.192619910E1
1.106431640E1,-2.072184324E0,-4.881358147E-1,8.183453560E0,8.455834472E0
1.106669192E1,1.038485050E0,2.297109663E-1,1.203589821E1,1.208280034E1
1.106906744E1,8.566305041E-1,-2.440679073E-1,8.513663292E0,8.560131285E0
1.107144297E1,-2.746960402E0,-4.594219327E-1,1.045663452E1,1.082118596E1
1.107381849E1,3.661018610E0,-1.148554832E-1,9.753145218E0,1.041825756E1
1.107619401E1,-3.436093330E0,-2.871387079E-2,1.004028416E1,1.061201526E1
1.107856953E1,3.598805189E0,-1.196411327E-1,1.074377346E1,1.133112443E1
1.108094505E1,-3.818944931E0,-9.092725813E-2,8.149953842E0,9.000797508E0
1.108332052E1,2.163111687E0,1.722832322E-1,1.209811115E1,1.229117680E1
1.108569609E1,-1.292124271E0,-1.435693651E-1,8.073383331E0,8.177390520E0
1.108807156E1,1.770688742E-1,-3.349951804E-1,1.159083271E1,1.159702454E1
1.109044713E1,1.512263894E0,-1.627119333E-1,8.877371788E0,9.006727881E0
1.109282260E1,-2.459821701E0,3.828516230E-2,1.049970531E1,1.078406233E1
1.109519812E1,3.565305710E0,-4.737788737E-1,9.422935486E0,1.008600934E1
1.109757364E1,-3.321237803E0,1.292124242E-1,9.954142570E0,1.049439235E1
1.109994911E1,3.416950703E0,-8.614161611E-2,1.075334454E1,1.128350084E1
1.110232468E1,-3.579662561E0,4.307080805E-2,8.130811691E0,8.884027122E0
1.110470020E1,2.301895380E0,4.785645381E-2,1.227996540E1,1.249394104E1
1.110707573E1,-8.374879360E-1,-1.722832322E-1,8.001599312E0,8.047152236E0
1.110945125E1,-1.100698411E-1,-1.818545163E-1,1.149512005E1,1.149708534E1
1.111182677E1,1.856830359E0,-1.818545163E-1,8.714659691E0,8.912136869E0
1.111420229E1,-2.641676188E0,-5.742774159E-2,1.060020447E1,1.092456341E1
1.111657781E1,3.881158352E0,-3.445664644E-1,9.719645500E0,1.047156267E1
1.111895333E1,-3.483949661E0,-1.004985496E-1,9.399007797E0,1.002443778E1
1.112132885E1,3.340380430E0,-4.785645287E-3,1.127498055E1,1.175939414E1
1.112370437E1,-3.311666489E0,4.498506486E-1,8.145168304E0,8.804161928E0
1.112607989E1,2.120040894E0,-5.838487148E-1,1.192582798E1,1.212686380E1
1.112845541E1,-4.019941986E-1,-7.657032460E-2,8.609375954E0,8.619096047E0
1.113083093E1,-5.790630579E-1,-2.440679073E-1,1.110269737E1,1.112046636E1
1.113320646E1,2.014756680E0,-1.052841991E-1,8.891729355E0,9.117739860E0
1.113558192E1,-2.790031195E0,-2.440679073E-1,1.054277611E1,1.090843578E1
1.113795745E1,3.862015724E0,-3.158525825E-1,1.000678444E1,1.073082770E1
1.114033302E1,-3.651447296E0,-1.579262912E-1,9.049654961E0,9.759829044E0
1.114270849E1,2.991028309E0,-7.178468257E-2,1.143769264E1,1.182253003E1
1.114508401E1,-2.976671457E0,3.780659735E-1,8.178668022E0,8.711722990E0
1.114745953E1,1.856830359E0,-4.546363056E-1,1.195454216E1,1.210642769E1
1.114983505E1,-1.674975902E-1,-2.632105052E-1,8.628518105E0,8.634156583E0
1.115221057E1,-1.272981644E0,-8.614161611E-2,1.099741268E1,1.107117827E1
1.115458609E1,2.675175667E0,-3.254238665E-1,8.901300430E0,9.300301871E0
1.115696161E1,-2.857030153E0,-2.488535494E-1,1.067198944E1,1.105060668E1
1.115933713E1,3.708875179E0,-2.536391914E-1,1.029870892E1,1.094913208E1
1.116171265E1,-3.823730469E0,3.445664644E-1,8.810373306E0,9.610531647E0
1.116408817E1,2.684746981E0,-2.440679073E-1,1.144726372E1,1.176041165E1
1.116646370E1,-2.210968018E0,-1.914258152E-1,8.312665939E0,8.603803719E0
1.116883922E1,1.526620865E0,-8.614161611E-2,1.203589821E1,1.213263522E1
1.117121474E1,1.435693540E-2,-1.196411327E-1,8.121239662E0,8.122133573E0
1.117359026E1,-2.282752752E0,-3.828516304E-1,1.100219822E1,1.124303790E1
1.117596578E1,3.895515203E0,-5.647061467E-1,9.633503914E0,1.040664833E1
1.117834130E1,-3.196810961E0,2.632105052E-1,1.010249710E1,1.059949658E1
1.118071682E1,3.239881754E0,-2.153540403E-1,1.031785107E1,1.081671215E1
1.118309229E1,-4.197010994E0,-3.780659735E-1,8.508877754E0,9.495200672E0
1.118546781E1,3.421736479E0,2.057827413E-1,1.232303619E1,1.279092835E1
1.118784333E1,-2.000399828E0,-1.244267747E-1,7.963313580E0,8.211665158E0
1.119021885E1,1.770688742E-1,-3.062812984E-1,1.167218876E1,1.167754906E1
1.119259437E1,1.019342422E0,-2.871387303E-1,8.843872070E0,8.907052308E0
1.119496989E1,-1.818545222E0,-1.196411327E-1,1.065763187E1,1.081233268E1
1.119734541E1,3.239881754E0,-3.828516304E-1,9.801001549E0,1.032971638E1
1.119972093E1,-3.512663603E0,-3.110669553E-1,9.523433685E0,1.015536102E1
1.120209646E1,3.393022537E0,-4.785645381E-2,1.072941685E1,1.125323412E1
1.120447198E1,-3.656233072E0,2.967100143E-1,8.819944382E0,9.552355521E0
1.120684750E1,2.837887764E0,-4.211367965E-1,1.164347458E1,1.199172479E1
1.120922302E1,-1.713261008E0,-1.292124242E-1,8.379665375E0,8.553990351E0
1.121159854E1,1.722832322E-1,-1.244267747E-1,1.157647610E1,1.157842659E1
1.121397406E1,1.138983607E0,-1.818545163E-1,8.585447311E0,8.662578153E0
1.121634958E1,-1.966900229E0,-4.307080805E-1,1.083470058E1,1.102020611E1
1.121872510E1,3.412165165E0,-1.052841991E-1,9.710074425E0,1.029269164E1
1.122110062E1,-3.589233875E0,-1.196411327E-1,9.379864693E0,1.004384266E1
1.122347614E1,3.316452265E0,-4.307080805E-2,1.067677498E1,1.118008205E1
1.122585166E1,-3.373879910E0,2.919243574E-1,8.762516975E0,9.394146540E0
1.122822718E1,2.574677229E0,-3.828516304E-1,1.169611740E1,1.198226608E1
1.123060270E1,-1.392622828E0,-1.004985496E-1,8.413164139E0,8.528237164E0
1.123297812E1,-4.833501875E-1,2.871387079E-2,1.139462185E1,1.140490504E1
1.123535370E1,1.890329838E0,-3.541377485E-1,8.642875671E0,8.854267915E0
1.123772922E1,-2.455035925E0,-2.919243574E-1,1.075813103E1,1.103855989E1
1.124010474E1,3.503092289E0,-1.722832322E-1,9.734002113E0,1.034660013E1
1.124248026E1,-4.005585194E0,2.775674164E-1,9.303294182E0,1.013277055E1
1.124485578E1,3.192025423E0,-3.445664644E-1,1.092084217E1,1.138299372E1
1.124723130E1,-3.014956474E0,1.339980662E-1,8.513663292E0,9.032739378E0
1.124960682E1,2.057827473E0,5.264209956E-2,1.189232826E1,1.206917133E1
1.125198234E1,-1.086341500E0,4.785645381E-2,7.920242786E0,7.994540255E0
1.125435786E1,-1.239482164E0,-4.115654826E-1,1.140897846E1,1.148348779E1
1.125673338E1,3.215953588E0,-3.589234054E-1,9.245866776E0,9.795776433E0
1.125910890E1,-2.924029350E0,3.062812984E-1,1.016949654E1,1.058595370E1
1.126148442E1,3.235096216E0,-2.392822653E-1,9.853643417E0,1.037388028E1
1.126385994E1,-4.230510235E0,-2.488535494E-1,8.982656479E0,9.932132820E0
1.126623547E1,4.072584152E0,1.866401732E-1,1.205982590E1,1.273028581E1
1.126861099E1,-2.823530674E0,7.657032460E-2,7.566105366E0,8.076146289E0
1.127098651E1,6.317051649E-1,-1.196411327E-1,1.205025482E1,1.206739436E1
1.127336203E1,4.929214716E-1,-4.881358147E-1,8.547162056E0,8.575268355E0
1.127573755E1,-1.134197950E0,1.004985496E-1,1.111705399E1,1.117521339E1
1.127811302E1,2.780459881E0,-3.062812984E-1,9.245866776E0,9.659752472E0
1.128048854E1,-3.637090445E0,-3.924229145E-1,9.753145218E0,1.041663402E1
1.128286406E1,3.780659676E0,-9.571290761E-2,1.050449181E1,1.116453746E1
1.128523958E1,-3.670589924E0,3.110669553E-1,9.116654396E0,9.832770740E0
1.128761510E1,2.957528830E0,-3.206382394E-1,1.153340530E1,1.191088677E1
1.128999062E1,-2.478964329E0,-1.531406492E-1,8.145168304E0,8.515426173E0
1.129236614E1,5.551348329E-1,-1.292124242E-1,1.182054424E1,1.183427804E1
1.129474166E1,5.838487148E-1,-2.488535494E-1,8.657232285E0,8.680465324E0
1.129711718E1,-1.521835208E0,-4.354937077E-1,1.100219822E1,1.111548482E1
1.129949270E1,2.756531715E0,-6.699903309E-2,9.389435768E0,9.785931740E0
1.130186823E1,-3.713660717E0,-2.297109663E-1,9.705288887E0,1.039406924E1
1.130424375E1,3.617947817E0,-2.871387303E-1,1.053799057E1,1.114545828E1
1.130661927E1,-3.503092289E0,3.876372576E-1,9.174081802E0,9.827802152E0
1.130899479E1,2.608176708E0,-3.110669553E-1,1.137069321E1,1.167013335E1
1.131137031E1,-2.383251429E0,-1.435693651E-1,8.169096947E0,8.510854508E0
1.131374583E1,1.196411327E-1,-1.052841991E-1,1.187797165E1,1.187904076E1
1.131612135E1,1.330409408E0,-2.249253243E-1,8.729017258E0,8.832684919E0
1.131849687E1,-2.153540373E0,-4.211367965E-1,1.060020447E1,1.082494467E1
1.132087239E1,3.062813044E0,-2.105683982E-1,9.729216576E0,1.020209870E1
1.132324791E1,-3.766302824E0,2.105683982E-1,9.609575272E0,1.032343513E1
1.132562343E1,3.440878868E0,-4.163511395E-1,1.063370419E1,1.118430420E1
1.132799896E1,-3.388236761E0,2.249253243E-1,8.676374435E0,9.317199853E0
1.133037442E1,2.416750908E0,5.264209956E-2,1.163390350E1,1.188238894E1
1.133274995E1,-1.962114573E0,2.679961324E-1,8.154739380E0,8.391751300E0
1.133512546E1,-2.679961324E-1,-5.072783828E-1,1.158604717E1,1.160024320E1
1.133750099E1,2.072184324E0,-1.674975902E-1,9.001798630E0,9.238743523E0
1.133987651E1,-2.239681959E0,1.531406492E-1,1.046620655E1,1.070425648E1
1.134225203E1,2.866601467E0,-1.100698411E-1,9.360722542E0,9.790436448E0
1.134462755E1,-4.091726780E0,-2.440679073E-1,9.442078590E0,1.029342729E1
1.134700307E1,4.421936035E0,2.344966233E-1,1.148554897E1,1.230960366E1
1.134937859E1,-3.541377544E0,1.914258152E-1,7.690532207E0,8.468901014E0
1.135175411E1,1.368694544E0,8.135596663E-2,1.203589821E1,1.211374382E1
1.135412963E1,-6.939185858E-1,-3.206382394E-1,8.327022552E0,8.362035426E0
1.135650515E1,5.264209956E-2,1.914258152E-1,1.158126163E1,1.158296318E1
1.135888067E1,1.780260086E0,-3.828516230E-2,8.623732567E0,8.805654724E0
1.136125620E1,-3.182454109E0,-3.349951804E-1,1.021735287E1,1.070675187E1
1.136363172E1,4.010370731E0,-1.196411327E-1,1.002114105E1,1.079447337E1
1.136600724E1,-3.474378586E0,4.163511395E-1,9.494720459E0,1.011901040E1
1.136838276E1,3.416950703E0,-1.722832322E-1,1.095434189E1,1.147618577E1
1.137075828E1,-3.292523861E0,3.349951655E-2,8.106883049E0,8.750050763E0
1.137313375E1,1.651047587E0,1.100698411E-1,1.172483063E1,1.184101882E1
1.137550927E1,-2.871387303E-1,2.392822690E-2,8.480163574E0,8.485057186E0
1.137788479E1,-4.546363056E-1,-3.493520916E-1,1.122233772E1,1.123697491E1
1.138026031E1,2.038684845E0,-7.178468257E-2,8.839086533E0,9.071429858E0
1.138263583E1,-2.938386202E0,-4.307080805E-2,1.023649502E1,1.064996708E1
1.138501135E1,3.818944931E0,-2.967100143E-1,9.896714211E0,1.061213124E1
1.138738687E1,-3.445664644E0,2.392822653E-1,9.480362892E0,1.008995250E1
1.138976239E1,3.282952785E0,-7.178468257E-2,1.108355427E1,1.155976242E1
1.139213791E1,-3.282952785E0,2.009970993E-1,8.097311974E0,8.739830663E0
1.139451343E1,1.540977836E0,-2.249253243E-1,1.185404301E1,1.195589979E1
1.139688896E1,8.135596663E-2,8.614161611E-2,8.767302513E0,8.768103132E0
1.139926448E1,-8.853443861E-1,-4.211367965E-1,1.093519974E1,1.097906117E1
1.140164000E1,2.244467735E0,-1.866401732E-1,8.958727837E0,9.237492864E0
1.140401552E1,-3.024527788E0,1.435693540E-2,1.033220863E1,1.076580279E1
1.140639104E1,3.804588079E0,-3.397808075E-1,1.000199890E1,1.070655516E1
1.140876656E1,-3.675375462E0,-2.392822690E-2,9.064012527E0,9.780862970E0
1.141114208E1,3.096312523E0,-9.571290575E-3,1.142333508E1,1.183553240E1
1.141351760E1,-3.058027267E0,5.599204898E-1,8.121239662E0,8.695951666E0
1.141589312E1,1.373480201E0,-6.460621357E-1,1.189232826E1,1.198879959E1
1.141826859E1,2.488535494E-1,1.100698411E-1,8.638090134E0,8.642374941E0
1.142064411E1,-1.426122308E0,-3.206382394E-1,1.093998528E1,1.103720578E1
1.142301963E1,2.392822742E0,-1.914258152E-1,8.891729355E0,9.210054041E0
1.142539515E1,-3.048455954E0,1.914258115E-2,1.042792130E1,1.086439104E1
1.142777067E1,3.550948858E0,-2.967100143E-1,1.015992451E1,1.076667732E1
1.143014620E1,-3.809373617E0,2.871387079E-2,8.743373871E0,9.537229078E0
1.143252172E1,2.727817774E0,-9.571290575E-3,1.154776192E1,1.186557570E1
1.143489724E1,-2.708675146E0,4.067798555E-1,8.240880966E0,8.684152808E0
1.143727276E1,1.182054400E0,-3.972085714E-1,1.178704453E1,1.185282438E1
1.143964828E1,1.818545163E-1,-1.579262912E-1,8.657232285E0,8.660582117E0
1.144202380E1,-1.770688772E0,-1.579262912E-1,1.100698376E1,1.114961752E1
1.144439927E1,2.708675146E0,-1.483550072E-1,8.987442017E0,9.387920124E0
1.144677484E1,-3.125026464E0,-4.785645381E-2,1.043749237E1,1.089538102E1
1.144915036E1,3.498306751E0,-1.244267747E-1,1.029870892E1,1.087736354E1
1.145152588E1,-4.043870449E0,1.722832322E-1,8.547162056E0,9.457089876E0
1.145390140E1,2.617748022E0,-2.392822653E-1,1.163390350E1,1.192717785E1
1.145627692E1,-2.024327993E0,5.359922647E-1,8.499305725E0,8.753478699E0
1.145865244E1,7.752745152E-1,-5.694918036E-1,1.145683479E1,1.149714899E1
1.146102797E1,3.924229145E-1,-2.344966233E-1,8.752944946E0,8.764874765E0
1.146340349E1,-1.928615093E0,2.392822690E-2,1.099741268E1,1.116526822E1
1.146577896E1,2.967100143E0,-3.732803464E-1,9.016156197E0,9.499162807E0
1.146815448E1,-3.235096216E0,-2.009970993E-1,1.030349445E1,1.080130757E1
1.147053000E1,3.594019651E0,-1.052841991E-1,1.057149029E1,1.116621999E1
1.147290552E1,-4.029513359E0,3.302095234E-1,8.595019341E0,9.498440593E0
1.147528104E1,2.522035122E0,-3.684946895E-1,1.163868904E1,1.191450931E1
1.147765656E1,-1.780260086E0,2.823530734E-1,8.575876236E0,8.763258666E0
1.148003208E1,5.647061467E-1,-3.206382394E-1,1.148076344E1,1.149911436E1
1.148240760E1,6.077769399E-1,-1.435693651E-1,8.551948547E0,8.574720341E0
1.148478312E1,-2.163111687E0,-1.866401732E-1,1.104048347E1,1.125194037E1
1.148715864E1,3.393022537E0,-2.440679073E-1,9.236295700E0,9.842831368E0
1.148953416E1,-3.440878868E0,-2.392822653E-1,9.815358162E0,1.040375698E1
1.149190968E1,3.469592810E0,-1.674975902E-1,1.087777138E1,1.141893339E1
1.149428520E1,-3.751945972E0,4.689932466E-1,8.456234932E0,9.263096808E0
1.149666073E1,2.622533560E0,-3.732803464E-1,1.190190029E1,1.219312310E1
1.149903625E1,-1.540977836E0,-1.722832322E-1,8.255238533E0,8.399598648E0
1.150141177E1,7.178468257E-2,-2.871387079E-2,1.162433243E1,1.162458954E1
1.150378729E1,1.296909928E0,-4.785645287E-3,8.652446747E0,8.749104695E0
1.150616281E1,-2.249253273E0,-4.785645306E-1,1.063370419E1,1.087951419E1
1.150853833E1,3.498306751E0,-1.100698411E-1,9.786644936E0,1.039368484E1
1.151091380E1,-3.531806231E0,1.100698411E-1,9.375079155E0,1.001887617E1
1.151328932E1,3.148954630E0,-7.178468257E-2,1.077727318E1,1.122812030E1
1.151566484E1,-3.359523058E0,-1.004985496E-1,8.494520187E0,9.135281514E0
1.151804036E1,2.756531715E0,1.531406492E-1,1.204068375E1,1.235313662E1
1.152041588E1,-1.402194023E0,-2.871387079E-2,7.915457249E0,8.038745923E0
1.152279140E1,-1.057627559E0,-3.158525825E-1,1.149512005E1,1.154799220E1
1.152516692E1,2.785245657E0,-5.120640397E-1,8.901300430E0,9.340928878E0
1.152754244E1,-2.498106956E0,3.493520916E-1,1.063370419E1,1.092878081E1
1.152991797E1,3.215953588E0,-1.244267747E-1,9.485149384E0,1.001628166E1
1.153229349E1,-4.216153622E0,-4.402793646E-1,9.078369141E0,1.001931053E1
1.153466901E1,3.976871252E0,2.440679073E-1,1.178225899E1,1.243771285E1
1.153704453E1,-3.000599623E0,3.828516230E-2,7.767102242E0,8.326640444E0
1.153942005E1,1.464407444E0,-1.483550072E-1,1.191147137E1,1.200206851E1
1.154179557E1,-4.737788737E-1,-2.297109663E-1,8.465806961E0,8.482164880E0
1.154417109E1,-7.704889178E-1,-6.699903309E-2,1.127498055E1,1.130147461E1
1.154654661E1,2.321038008E0,-2.057827413E-1,8.882157326E0,9.182716522E0
1.154892213E1,-3.038884640E0,-3.589234054E-1,1.023170948E1,1.067949085E1
1.155129765E1,3.445664644E0,-9.571290761E-2,1.014556789E1,1.071514413E1
1.155367317E1,-3.799802303E0,2.632105052E-1,9.064012527E0,9.831790295E0
1.155604864E1,3.110669374E0,-4.211367965E-1,1.134676456E1,1.177296421E1
1.155842416E1,-2.943171740E0,1.339980662E-1,8.164310455E0,8.679641731E0
1.156079968E1,1.416550994E0,-1.100698411E-1,1.190190029E1,1.198640741E1
1.156317520E1,-5.647061467E-1,3.349951655E-2,8.355736732E0,8.374864273E0
1.156555073E1,-1.426122308E0,-6.125625968E-1,1.105005455E1,1.115852873E1
1.156792625E1,2.823530674E0,-2.392822653E-1,9.509077072E0,9.922304583E0
1.157030177E1,-3.005385160E0,-7.178468257E-2,1.006899738E1,1.050819686E1
1.157267729E1,2.876172781E0,-1.962114573E-1,9.853643417E0,1.026670139E1
1.157505281E1,-4.082155228E0,-2.679961324E-1,9.131011009E0,1.000555722E1
1.157742833E1,3.814159393E0,9.092725813E-2,1.205025482E1,1.263980700E1
1.157980385E1,-3.038884640E0,-3.828516230E-2,7.379465103E0,7.980776329E0
1.158217937E1,2.584248483E-1,-2.536391914E-1,1.206461143E1,1.207004413E1
1.158455489E1,7.752745152E-1,-5.503492355E-1,8.690732002E0,8.742583004E0
1.158693041E1,-1.215553880E0,9.571290761E-2,1.110748291E1,1.117420730E1
1.158930593E1,2.244467735E0,-1.244267747E-1,9.040083885E0,9.315376218E0
1.159168146E1,-3.818944931E0,-5.264210105E-1,9.939785004E0,1.066118124E1
1.159405698E1,4.072584152E0,-1.818545163E-1,1.060020447E1,1.135708358E1
1.159643250E1,-3.531806231E0,1.435693651E-1,8.963513374E0,9.635291351E0
1.159880796E1,2.780459881E0,-1.674975902E-1,1.157647610E1,1.190688084E1
1.160118349E1,-2.670390129E0,-1.531406492E-1,8.111668587E0,8.541288121E0
1.160355901E1,8.709874153E-1,-1.435693540E-2,1.185404301E1,1.188600693E1
1.160593453E1,7.369893789E-1,-2.775674164E-1,8.542376518E0,8.578600911E0
1.160831005E1,-1.584048629E0,-3.493520916E-1,1.106441212E1,1.118268628E1
1.161068557E1,2.919243574E0,-1.674975902E-1,9.288937569E0,9.738295520E0
1.161306109E1,-3.354737282E0,-6.699903309E-2,1.005464077E1,1.059974302E1
1.161543661E1,3.728017569E0,-3.541377485E-1,1.038006496E1,1.103491174E1
1.161781213E1,-3.388236761E0,2.823530734E-1,9.054440498E0,9.671750842E0
1.162018765E1,3.038884640E0,-1.579262912E-1,1.137547874E1,1.177545232E1
1.162256317E1,-2.397608280E0,3.349951655E-2,8.154739380E0,8.499966002E0
1.162493870E1,8.709874153E-1,-3.589234054E-1,1.176790142E1,1.180554738E1
1.162731422E1,1.196411371E0,1.148554832E-1,9.001798630E0,9.081683243E0
1.162968974E1,-1.574477315E0,-3.493520916E-1,1.069113159E1,1.081209140E1
1.163206526E1,3.062813044E0,-3.206382394E-1,9.375079155E0,9.867914764E0
1.163444078E1,-3.125026464E0,3.828516230E-2,1.019820976E1,1.066633670E1
1.163681630E1,3.885943890E0,-2.871387303E-1,1.041356373E1,1.111869228E1
1.163919182E1,-3.402593851E0,1.435693540E-2,8.762516975E0,9.399976318E0
1.164156734E1,2.857030153E0,-1.004985496E-1,1.176790142E1,1.211017032E1
1.164394286E1,-2.048256159E0,3.349951804E-1,8.216953278E0,8.475016002E0
1.164631838E1,9.571290612E-1,-6.125625968E-1,1.174397373E1,1.179882401E1
1.164869385E1,1.100698471E0,-1.579262912E-1,8.886942863E0,8.956239797E0
1.165106937E1,-1.818545222E0,-7.178468257E-2,1.081077290E1,1.096289516E1
1.165344489E1,3.125026464E0,-2.297109663E-1,9.073583603E0,9.599399821E0
1.165582036E1,-3.340380430E0,-3.110669553E-1,1.024128056E1,1.077676814E1
1.165819593E1,4.058227062E0,-2.009970993E-1,1.082034397E1,1.155809026E1
1.166057146E1,-3.594019651E0,3.972085714E-1,8.379665375E0,9.126529663E0
1.166294698E1,2.177468538E0,-2.297109663E-1,1.172004509E1,1.192281818E1
1.166532250E1,-1.373480201E0,-5.551348329E-1,8.293522835E0,8.424793384E0
1.166769802E1,1.086341500E0,1.579262912E-1,1.201675510E1,1.206679252E1
1.167007354E1,8.327022791E-1,-3.876372576E-1,8.274380684E0,8.325204588E0
1.167244906E1,-2.847458839E0,-4.977070987E-1,1.087298584E1,1.125066910E1
1.167482458E1,4.311866283E0,-2.536391914E-1,9.824930191E0,1.073246369E1
1.167720010E1,-3.426522017E0,-4.785645381E-2,9.566504478E0,1.016175926E1
1.167957562E1,3.125026464E0,-6.221338734E-2,1.086820030E1,1.130873285E1
1.168195114E1,-3.651447296E0,-2.249253243E-1,8.303094864E0,9.073314889E0
1.168432666E1,2.670390129E0,-5.742774159E-2,1.219382381E1,1.248293317E1
1.168670218E1,-1.124626637E0,-2.392822653E-1,8.030312538E0,8.112210582E0
1.168907770E1,-3.158525825E-1,-3.014956415E-1,1.155254745E1,1.156079648E1
1.169145317E1,1.674975872E0,-3.445664644E-1,8.819944382E0,8.984191066E0
1.169382870E1,-2.541177750E0,-1.483550072E-1,1.055713367E1,1.085968070E1
1.169620422E1,3.507878065E0,-3.493520916E-1,9.604789734E0,1.023128737E1
1.169857974E1,-3.594019651E0,-1.579262912E-1,9.580862045E0,1.023400388E1
1.170095526E1,3.397808075E0,-1.531406492E-1,1.103091240E1,1.154337819E1
1.170333078E1,-3.579662561E0,2.679961324E-1,8.193024635E0,8.944912445E0
1.170570630E1,2.024327993E0,-5.312066078E-1,1.192582798E1,1.210807405E1
1.170808182E1,-8.374879360E-1,1.722832322E-1,8.484949112E0,8.527920555E0
1.171045734E1,-5.359922647E-1,-3.828516304E-1,1.116969585E1,1.118910044E1
1.171283286E1,1.799402595E0,-2.967100143E-1,8.709874153E0,8.898752401E0
1.171520838E1,-2.833101988E0,-1.339980662E-1,1.065284634E1,1.102395380E1
1.171758390E1,3.541377544E0,-2.919243574E-1,9.714859962E0,1.034432592E1
1.171995937E1,-3.680161238E0,-6.221338734E-2,9.298508644E0,1.000048600E1
1.172233494E1,3.139383316E0,-1.866401732E-1,1.112183952E1,1.155793565E1
1.172471047E1,-3.273381472E0,5.024927258E-1,8.154739380E0,8.801550974E0
1.172708599E1,1.971685886E0,-4.163511395E-1,1.188275719E1,1.205241934E1
1.172946151E1,-6.029912829E-1,-1.531406492E-1,8.394021988E0,8.417045543E0
1.173183698E1,-9.092726111E-1,2.392822690E-2,1.120798111E1,1.124482947E1
1.173421250E1,2.258824587E0,-2.632105052E-1,8.700303078E0,8.992599287E0
1.173658802E1,-2.780459881E0,-2.488535494E-1,1.063848972E1,1.099865214E1
1.173896354E1,3.751945972E0,-1.962114573E-1,1.021256733E1,1.088173373E1
1.174133906E1,-3.785445452E0,4.642075896E-1,8.786444664E0,9.578449550E0
1.174371458E1,2.703889608E0,-2.536391914E-1,1.118883896E1,1.151370788E1
1.174609005E1,-2.478964329E0,-1.244267747E-1,8.547162056E0,8.900265467E0
1.174846562E1,2.167897224E0,4.785645381E-2,1.185404301E1,1.205074289E1
1.175084114E1,-6.843472719E-1,-4.785645381E-2,8.111668587E0,8.140625817E0
1.175321666E1,-1.698904037E0,-4.977070987E-1,1.121276665E1,1.135165729E1
1.175559218E1,3.483949661E0,-1.914258152E-1,9.399007797E0,1.002576165E1
1.175796770E1,-2.703889608E0,1.196411327E-1,1.017906761E1,1.053274658E1
1.176034317E1,2.909672260E0,-3.302095234E-1,1.000199890E1,1.042186226E1
1.176271875E1,-4.029513359E0,-1.148554832E-1,9.169296265E0,1.001629491E1
1.176509427E1,3.909872293E0,0.000000000E0,1.174397373E1,1.237772275E1
1.176746979E1,-2.799602509E0,-1.914258115E-2,7.944170952E0,8.423063146E0
1.176984531E1,8.087740541E-1,-2.679961324E-1,1.183968639E1,1.187030376E1
1.177222083E1,6.221338734E-2,-3.349951804E-1,8.690732002E0,8.697408523E0
1.177459630E1,-1.043270707E0,-1.722832322E-1,1.118405342E1,1.123392835E1
1.177697182E1,2.344966173E0,-4.067798555E-1,9.183652878E0,9.487034119E0
1.177934734E1,-3.211168051E0,-2.727817893E-1,1.022692394E1,1.072268546E1
1.178172286E1,3.340380430E0,-6.221338734E-2,1.037527943E1,1.089992822E1
1.178409838E1,-4.067798615E0,1.674975902E-1,8.843872070E0,9.735970122E0
1.178647390E1,2.962314367E0,-3.924229145E-1,1.167697430E1,1.205325810E1
1.178884942E1,-2.636890650E0,-4.785645381E-2,8.245666504E0,8.657164584E0
1.179122495E1,7.848458290E-1,-7.178468257E-2,1.166740322E1,1.169399136E1
1.179360046E1,-1.148554832E-1,-9.092725813E-2,8.547162056E0,8.548417325E0
1.179597599E1,-1.655833244E0,-5.742774606E-1,1.105484104E1,1.119290350E1
1.179835151E1,2.804388046E0,-2.392822690E-2,9.504291534E0,9.909425939E0
1.180072703E1,-3.536591768E0,-2.297109663E-1,9.748359680E0,1.037259683E1
1.180310250E1,3.000599623E0,-1.004985496E-1,1.032263660E1,1.075037323E1
1.180547807E1,-3.809373617E0,3.397808075E-1,9.006584167E0,9.784954610E0
1.180785359E1,2.770888567E0,-5.120640397E-1,1.159083271E1,1.192842974E1
1.181022911E1,-2.488535643E0,4.785645287E-3,8.221738815E0,8.590100214E0
1.181260463E1,2.871387303E-1,-1.435693540E-2,1.174875927E1,1.175227634E1
1.181498015E1,6.987041831E-1,-1.100698411E-1,8.547162056E0,8.576379313E0
1.181735567E1,-1.837687731E0,-2.871387303E-1,1.093998528E1,1.109697358E1
1.181973120E1,3.014956474E0,-1.244267747E-1,9.466006279E0,9.935326841E0
1.182210666E1,-3.771088600E0,1.722832322E-1,9.690931320E0,1.040023753E1
1.182448218E1,3.282952785E0,-2.153540403E-1,1.039920712E1,1.090722994E1
1.182685770E1,-3.369094372E0,1.866401732E-1,9.011369705E0,9.622391356E0
1.182923323E1,2.780459881E0,-1.196411327E-1,1.155733299E1,1.188769183E1
1.183160875E1,-2.120040894E0,4.307080805E-1,8.082955360E0,8.367451834E0
1.183398427E1,-2.871387303E-1,-4.833501875E-1,1.143769264E1,1.145150161E1
1.183635979E1,2.206182480E0,-3.684946895E-1,9.087940216E0,9.359149900E0
1.183873531E1,-2.014756680E0,3.445664644E-1,1.049491978E1,1.069211446E1
1.184111078E1,2.708675146E0,-2.392822653E-1,9.164510727E0,9.559415982E0
1.184348635E1,-4.015156269E0,-5.264209956E-2,9.772287369E0,1.056512430E1
1.184586187E1,4.546362877E0,-1.435693540E-2,1.113619614E1,1.202848644E1
1.184823739E1,-3.259024382E0,4.067798555E-1,8.054241180E0,8.698132602E0
1.185061291E1,1.584048629E0,-2.871387079E-2,1.175354481E1,1.185984191E1
1.185298843E1,-1.076770186E0,-2.871387303E-1,8.283951759E0,8.358572811E0
1.185536396E1,4.498506486E-1,1.244267747E-1,1.150947666E1,1.151893661E1
1.185773948E1,1.560120344E0,-2.057827413E-1,8.609375954E0,8.752009846E0
1.186011495E1,-2.842673302E0,-2.105683982E-1,1.048534870E1,1.086589471E1
1.186249046E1,3.584448338E0,3.828516230E-2,9.681360245E0,1.032368499E1
1.186486599E1,-3.651447296E0,2.057827413E-1,9.389435768E0,1.007655288E1
1.186724151E1,3.369094372E0,-2.009970993E-1,1.107398319E1,1.157688648E1
1.186961703E1,-3.340380430E0,1.148554832E-1,8.312665939E0,8.959450219E0
1.187199255E1,1.871187329E0,6.221338734E-2,1.162433243E1,1.177413763E1
1.187436807E1,-1.186840057E0,3.349951655E-2,8.293522835E0,8.378080481E0
1.187674359E1,-4.019941986E-1,-3.972085714E-1,1.144247818E1,1.145642531E1
1.187911911E1,1.933400750E0,1.435693540E-2,8.896514893E0,9.104187049E0
1.188149463E1,-3.091526747E0,-2.488535494E-1,1.013599682E1,1.059990081E1
1.188387010E1,3.278167009E0,-1.962114573E-1,9.834501266E0,1.036833126E1
1.188624567E1,-3.622733593E0,3.493520916E-1,9.681360245E0,1.034287106E1
1.188862120E1,3.053241730E0,-4.498506486E-1,1.084427261E1,1.127487912E1
1.189099672E1,-3.416950703E0,1.339980662E-1,8.193024635E0,8.878015559E0
1.189337224E1,1.507478237E0,-2.392822690E-2,1.187318611E1,1.196852588E1
1.189574776E1,-5.934200287E-1,-1.052841991E-1,8.341380119E0,8.363124678E0
1.189812328E1,-7.034898400E-1,-4.546363056E-1,1.116491032E1,1.119628575E1
1.190049880E1,1.971685886E0,-1.004985496E-1,9.073583603E0,9.285879850E0
1.190287432E1,-3.211168051E0,1.148554832E-1,1.024606609E1,1.073809398E1
1.190524979E1,3.369094372E0,-4.642075896E-1,9.686145782E0,1.026585144E1
1.190762531E1,-3.522234917E0,7.178468257E-2,9.662218094E0,1.028444215E1
1.191000083E1,3.273381472E0,-6.699903309E-2,1.114098263E1,1.161210614E1
1.191237635E1,-3.412165165E0,4.115654826E-1,7.972885132E0,8.682116941E0
1.191475187E1,1.287338614E0,-5.264210105E-1,1.181575775E1,1.189733126E1
1.191712739E1,1.914258152E-1,2.009970993E-1,8.815158844E0,8.819527715E0
1.191950291E1,-7.800601721E-1,-5.024927258E-1,1.086820030E1,1.090773902E1
1.192187843E1,2.091326952E0,-2.871387079E-2,9.020941734E0,9.260230163E0
1.192425396E1,-3.263810158E0,2.392822690E-2,1.033699417E1,1.084004049E1
1.192662948E1,3.991228104E0,-3.062812984E-1,9.954142570E0,1.072887060E1
1.192900500E1,-3.503092289E0,8.135596663E-2,9.174081802E0,9.820491398E0
1.193138052E1,2.928814888E0,4.785645287E-3,1.134197903E1,1.171402867E1
1.193375604E1,-2.809173822E0,4.642075896E-1,8.025527000E0,8.515634438E0
1.193613156E1,1.493121386E0,-6.508477330E-1,1.193061352E1,1.204128536E1
1.193850708E1,5.886343718E-1,-8.135596663E-2,8.633303642E0,8.653729889E0
1.194088260E1,-1.397408366E0,5.264209956E-2,1.107876873E1,1.116667533E1
1.194325812E1,2.713460922E0,-1.244267747E-1,8.652446747E0,9.068802948E0
1.194563364E1,-3.311666489E0,-3.732803464E-1,1.038485050E1,1.090649316E1
1.194800916E1,4.283152580E0,0.000000000E0,1.066720295E1,1.149498216E1
1.195038463E1,-3.723232031E0,5.024927258E-1,8.346165657E0,9.152783012E0
1.195276015E1,2.158325911E0,-1.531406492E-1,1.144247818E1,1.164526211E1
1.195513567E1,-1.727617979E0,-2.201396823E-1,8.489734650E0,8.666528704E0
1.195751120E1,1.306481123E0,-2.392822690E-2,1.171047401E1,1.178315183E1
1.195988672E1,4.929214716E-1,-1.196411327E-1,8.212167740E0,8.227817728E0
1.196226224E1,-2.665604353E0,-2.967100143E-1,1.096391296E1,1.128719943E1
1.196463776E1,3.976871252E0,-2.009970993E-1,9.647860527E0,1.043729455E1
1.196701328E1,-3.215953588E0,1.866401732E-1,9.767501831E0,1.028500287E1
1.196938880E1,3.014956474E0,-2.488535494E-1,1.061934662E1,1.104184827E1
1.197176432E1,-3.929014683E0,1.339980662E-1,8.451449394E0,9.321057275E0
1.197413984E1,2.813959360E0,1.339980662E-1,1.203589821E1,1.236119608E1
1.197651536E1,-1.502692580E0,-2.057827413E-1,7.972885132E0,8.115868952E0
1.197889088E1,-1.818545163E-1,-4.354937077E-1,1.176790142E1,1.177736090E1
1.198126640E1,1.502692580E0,-2.392822690E-2,8.748159409E0,8.876314020E0
1.198364192E1,-2.679961443E0,1.100698411E-1,1.060499001E1,1.093892690E1
1.198601739E1,3.665804386E0,-4.929214716E-1,9.729216576E0,1.040859013E1
1.198839291E1,-3.680161238E0,-2.297109663E-1,9.590433121E0,1.027486065E1
1.199076843E1,3.440878868E0,2.153540403E-1,1.108833981E1,1.161194662E1
1.199314401E1,-3.718446493E0,3.062812984E-1,8.149953842E0,8.963392225E0
1.199551948E1,2.124826431E0,-5.599204898E-1,1.191147137E1,1.211245427E1
1.199789500E1,-6.077769399E-1,1.627119333E-1,8.695517540E0,8.718250585E0
1.200027052E1,-4.737788737E-1,-4.642075896E-1,1.099262714E1,1.101262033E1
1.200264604E1,1.674975872E0,-1.531406492E-1,8.848658562E0,9.007094680E0
1.200502156E1,-2.426322222E0,-1.148554832E-1,1.085862923E1,1.112699690E1
1.200739708E1,3.512663603E0,-4.354937077E-1,9.504291534E0,1.014199280E1
1.200977260E1,-3.359523058E0,-1.674975902E-1,9.604789734E0,1.017675962E1
1.201214812E1,3.412165165E0,1.196411327E-1,1.119841003E1,1.170732986E1
1.201452364E1,-3.373879910E0,1.483550072E-1,8.030312538E0,8.711543739E0
1.201689916E1,2.225325108E0,-3.397808075E-1,1.209332561E1,1.230105879E1
1.201927468E1,-4.546363056E-1,-2.105683982E-1,8.547162056E0,8.561834642E0
1.202165020E1,-5.551348329E-1,4.307080805E-2,1.116491032E1,1.117878581E1
1.202402573E1,1.928615093E0,-3.158525825E-1,8.470592499E0,8.693115455E0
1.202640125E1,-2.459821701E0,-3.302095234E-1,1.079641533E1,1.107801178E1
1.202877677E1,3.732803345E0,-3.828516230E-2,9.968499184E0,1.064454144E1
1.203115229E1,-3.598805189E0,2.392822690E-2,8.973084450E0,9.667896146E0
1.203352776E1,3.091526747E0,-2.057827413E-1,1.124148083E1,1.166065073E1
1.203590328E1,-2.785245657E0,6.221339107E-1,8.355736732E0,8.829664791E0
1.203827880E1,2.009970903E0,-8.135597110E-1,1.152383423E1,1.172606574E1
1.204065432E1,-5.407779217E-1,-3.828516230E-2,8.757730484E0,8.774494273E0
1.204302984E1,-5.742774606E-1,1.196411327E-1,1.124626637E1,1.126155477E1
1.204540536E1,2.062613010E0,-4.881358147E-1,8.561519623E0,8.819992475E0
1.204778088E1,-2.522035122E0,-4.307080805E-1,1.061456108E1,1.091856573E1
1.205015640E1,3.541377544E0,1.148554832E-1,1.002592659E1,1.063361419E1
1.205253192E1,-4.000799656E0,2.536391914E-1,9.078369141E0,9.924087715E0
1.205490745E1,3.177668571E0,-5.072783828E-1,1.105484104E1,1.151366229E1
1.205728296E1,-2.684746981E0,2.201396823E-1,8.762516975E0,9.167225948E0
1.205965849E1,1.794616938E0,-3.589234054E-1,1.128455162E1,1.143199813E1
1.206203401E1,-9.188438654E-1,1.100698411E-1,8.614161491E0,8.663727121E0
1.206440953E1,-1.057627559E0,-3.062812984E-1,1.113141060E1,1.118573584E1
1.206678505E1,2.474178553E0,-2.201396823E-1,9.097511292E0,9.430521337E0
1.206916057E1,-2.703889608E0,-6.364908218E-1,1.026042366E1,1.062978990E1
1.207153609E1,3.249453068E0,4.307080805E-2,1.022213840E1,1.072627213E1
1.207391161E1,-4.115654945E0,3.493520916E-1,9.102297783E0,9.995623414E0
1.207628708E1,3.445664644E0,-5.694918036E-1,1.123190975E1,1.176234341E1
1.207866260E1,-2.952743053E0,-1.435693651E-1,8.489734650E0,8.989710681E0
1.208103812E1,1.526620865E0,6.699903309E-2,1.168175983E1,1.178128062E1
1.208341364E1,-9.954141974E-1,-1.387837082E-1,8.298309326E0,8.358950174E0
1.208578916E1,-8.566305041E-1,-7.082754970E-1,1.142812061E1,1.148204732E1
1.208816468E1,2.373680115E0,9.092725813E-2,9.399007797E0,9.694533131E0
1.209054020E1,-2.943171740E0,-5.312066078E-1,1.006421185E1,1.049918094E1
1.209291573E1,3.053241730E0,-2.249253243E-1,9.978070259E0,1.043718173E1
1.209529125E1,-3.617947817E0,2.775674164E-1,9.609575272E0,1.027183172E1
1.209766677E1,3.091526747E0,-7.322037220E-1,1.100219822E1,1.145172588E1
1.210004229E1,-3.010170937E0,-4.785645381E-2,8.590232849E0,9.102500739E0
1.210241781E1,1.607976794E0,1.866401732E-1,1.207896900E1,1.218695680E1
1.210479333E1,-9.188438654E-1,-4.833501875E-1,7.862815380E0,7.931063431E0
1.210716885E1,-6.699903607E-1,-6.604190469E-1,1.163868904E1,1.167664862E1
1.210954437E1,2.282752752E0,6.699903309E-2,9.269794464E0,9.546964879E0
1.211191989E1,-3.062813044E0,-6.699903309E-2,1.020299530E1,1.065300078E1
1.211429541E1,3.110669374E0,-5.216353536E-1,9.767501831E0,1.026413462E1
1.211667088E1,-3.306880951E0,9.571290575E-3,9.982855797E0,1.051631889E1
1.211904640E1,3.330809116E0,-3.158525825E-1,1.089212894E1,1.139440763E1
1.212142198E1,-3.330809116E0,2.871387303E-1,8.398807526E0,9.039729303E0
1.212379745E1,1.397408366E0,-1.531406492E-1,1.184447193E1,1.192760318E1
1.212617296E1,-3.876372576E-1,-5.742774159E-2,8.566305161E0,8.575263535E0
1.212854849E1,-4.402793646E-1,-8.662018180E-1,1.105005455E1,1.109269386E1
1.213092401E1,2.048256159E0,-1.914258115E-2,9.437292099E0,9.657028626E0
1.213329953E1,-3.148954630E0,3.589234054E-1,1.016949654E1,1.065192007E1
1.213567505E1,3.651447296E0,-5.264210105E-1,9.834501266E0,1.050369466E1
1.213805057E1,-3.345165968E0,-3.445664644E-1,9.561718941E0,1.013584385E1
1.214042609E1,3.440878868E0,3.110669553E-1,1.126062298E1,1.177871130E1
1.214280161E1,-3.517449379E0,2.919243574E-1,7.977670670E0,8.723582938E0
1.214517713E1,1.684547186E0,-5.503492355E-1,1.177268696E1,1.190532409E1
1.214755265E1,-9.571290761E-2,1.914258152E-1,9.001798630E0,9.004342473E0
1.214992817E1,-4.546363056E-1,-4.689932466E-1,1.080598736E1,1.082571068E1
1.215230370E1,1.737189293E0,1.579262912E-1,8.930013657E0,9.098786252E0
1.215467922E1,-2.842673302E0,-6.699903309E-2,1.045663452E1,1.083635021E1
1.215705468E1,3.718446493E0,-3.876372576E-1,9.662218094E0,1.036028790E1
1.215943026E1,-3.311666489E0,-1.483550072E-1,9.518648148E0,1.007937531E1
1.216180573E1,3.148954630E0,3.828516304E-1,1.125583744E1,1.169428780E1
1.216418125E1,-3.536591768E0,8.135596663E-2,7.652246952E0,8.430360819E0
1.216655677E1,2.134397745E0,-3.541377485E-1,1.216511059E1,1.235600999E1
1.216893229E1,-3.828516304E-1,6.699903309E-2,8.561519623E0,8.570337362E0
1.217130781E1,-9.762716293E-1,-2.871387303E-1,1.100698376E1,1.105392448E1
1.217368333E1,1.880758643E0,6.221338734E-2,8.958727837E0,9.154230062E0
1.217605885E1,-2.598605394E0,-3.637090325E-1,1.044227791E1,1.076690309E1
1.217843437E1,3.326023579E0,-1.148554832E-1,1.001635551E1,1.055476207E1
1.218080989E1,-3.680161238E0,1.004985496E-1,9.116654396E0,9.831941521E0
1.218318541E1,2.852244616E0,-8.614161611E-2,1.105005455E1,1.141255560E1
1.218556093E1,-3.101098061E0,4.833501875E-1,8.417949677E0,8.984003191E0
1.218793646E1,1.818545222E0,-6.939185858E-1,1.146640587E1,1.163043822E1
1.219031198E1,-7.130611539E-1,2.871387079E-2,8.848658562E0,8.877389202E0
1.219268750E1,-8.614161611E-1,7.657032460E-2,1.099262714E1,1.102659296E1
1.219506302E1,1.732403636E0,-3.589234054E-1,8.700303078E0,8.878362575E0
1.219743854E1,-2.522035122E0,-5.024927258E-1,1.060977554E1,1.091698205E1
1.219981406E1,3.239881754E0,1.579262912E-1,1.006899738E1,1.057858605E1
1.220218953E1,-3.866801500E0,6.221338734E-2,9.087940216E0,9.876572367E0
1.220456510E1,2.967100143E0,-4.019941986E-1,1.092562866E1,1.132848817E1
1.220694057E1,-2.799602509E0,4.642075896E-1,8.886942863E0,9.329041556E0
1.220931609E1,1.875972986E0,-4.929214716E-1,1.109791183E1,1.126613924E1
1.221169161E1,-1.177268744E0,1.244267747E-1,8.695517540E0,8.775731822E0
1.221406713E1,-6.269195080E-1,-1.052841991E-1,1.119362450E1,1.121166099E1
1.221644265E1,2.053041935E0,-2.105683982E-1,8.681160927E0,8.923109059E0
1.221881817E1,-2.483749866E0,-6.317051649E-1,1.042313576E1,1.073358392E1
1.222119370E1,3.340380430E0,2.727817893E-1,1.011685371E1,1.065754570E1
1.222356922E1,-3.914657831E0,1.674975902E-1,9.049654961E0,9.861483473E0
1.222594474E1,3.641875982E0,-2.967100143E-1,1.103569794E1,1.162488393E1
1.222832026E1,-2.933600664E0,-5.264209956E-2,8.494520187E0,8.986971529E0
1.223069578E1,2.239681959E0,2.775674164E-1,1.176311588E1,1.197765061E1
1.223307130E1,-1.325623751E0,3.349951655E-2,7.953742504E0,8.063524066E0
1.223544682E1,-1.770688742E-1,-6.699903607E-1,1.138983536E1,1.141089786E1
1.223782234E1,2.378465652E0,3.206382394E-1,9.370293617E0,9.672761251E0
1.224019786E1,-2.206182480E0,-4.019941986E-1,1.014078236E1,1.038577427E1
1.224257338E1,3.129812002E0,5.264209956E-2,9.628718376E0,1.012475738E1
1.224494890E1,-3.364308596E0,1.339980662E-1,9.714859962E0,1.028178155E1
1.224732437E1,3.780659676E0,-4.354937077E-1,1.069113159E1,1.134827463E1
1.224969989E1,-2.981456995E0,7.657032460E-2,8.623732567E0,9.124895189E0
1.225207541E1,2.043470621E0,3.349951804E-1,1.186840057E1,1.204769381E1
1.225445093E1,-1.158126116E0,-2.009970993E-1,7.604390144E0,7.694699825E0
1.225682646E1,2.057827413E-1,-5.024927258E-1,1.173918819E1,1.175173966E1
1.225920198E1,2.053041935E0,4.785645287E-3,9.116654396E0,9.344966103E0
1.226157750E1,-2.679961443E0,1.866401732E-1,1.033699417E1,1.068037810E1
1.226395302E1,3.321237803E0,-3.206382394E-1,9.513862610E0,1.008201424E1
1.226632854E1,-3.388236761E0,-2.297109663E-1,9.839286804E0,1.040886547E1
1.226870406E1,3.641875982E0,-1.196411327E-1,1.105484104E1,1.163989197E1
1.227107958E1,-3.440878868E0,5.264210105E-1,8.327022552E0,9.025301715E0
1.227345510E1,1.531406522E0,-3.972085714E-1,1.151904774E1,1.162718544E1
1.227583062E1,-7.274180651E-1,2.871387079E-2,8.748159409E0,8.778397038E0
1.227820614E1,-4.785645381E-2,-7.369893789E-1,1.106441212E1,1.108903328E1
1.228058161E1,1.368694544E0,1.004985496E-1,9.011369705E0,9.115273374E0
1.228295708E1,-2.967100143E0,2.871387079E-2,1.056191921E1,1.097080878E1
1.228533265E1,3.493520975E0,-5.168496966E-1,9.494720459E0,1.013022897E1
1.228770817E1,-3.536591768E0,-2.584248483E-1,9.738788605E0,1.036427847E1
1.229008370E1,3.254238844E0,2.105683982E-1,1.124626637E1,1.170952248E1
1.229245922E1,-3.885943890E0,2.536391914E-1,7.934599876E0,8.838708500E0
1.229483474E1,1.617548108E0,-5.024927258E-1,1.189232826E1,1.201234500E1
1.229721026E1,-3.493520916E-1,-1.196411327E-1,9.083154678E0,9.090657831E0
1.229958578E1,-4.498506486E-1,-2.153540403E-1,1.096869946E1,1.098003236E1
1.230196130E1,1.129412293E0,3.828516230E-2,8.580661774E0,8.654755592E0
1.230433682E1,-3.220739365E0,-6.795616150E-1,1.044706345E1,1.095336025E1
1.230671234E1,3.938585997E0,9.571290575E-3,1.049013424E1,1.120515362E1
1.230908786E1,-3.546163082E0,9.092725813E-2,8.963513374E0,9.639922841E0
1.231146338E1,2.330609322E0,-2.392822690E-2,1.098305607E1,1.122763702E1
1.231383890E1,-3.431307554E0,2.871387079E-2,8.484949112E0,9.152543769E0
1.231621442E1,2.498106956E0,-1.914258152E-1,1.190668583E1,1.216742987E1
1.231858995E1,-8.327022791E-1,-4.785645287E-3,8.202595711E0,8.244755447E0
1.232096546E1,-1.296909928E0,-6.221339107E-1,1.104048347E1,1.113379097E1
1.232334099E1,2.368894339E0,2.009970993E-1,9.217152596E0,9.518821471E0
1.232571646E1,-2.541177750E0,-4.354937077E-1,1.025563812E1,1.057475070E1
1.232809198E1,3.239881754E0,-1.196411327E-1,9.992427826E0,1.050522544E1
1.233046750E1,-3.603590965E0,1.914258115E-2,9.336793900E0,1.000809445E1
1.233284302E1,3.259024382E0,3.828516230E-2,1.105005455E1,1.152069491E1
1.233521854E1,-2.933600664E0,1.483550072E-1,8.398807526E0,8.897639570E0
1.233759406E1,2.024327993E0,-3.397808075E-1,1.172961617E1,1.190786506E1
1.233996958E1,-5.120640397E-1,-1.722832322E-1,8.719446182E0,8.736168085E0
1.234234510E1,-5.790630579E-1,7.178468257E-2,1.122712421E1,1.124227669E1
1.234472062E1,2.273181438E0,-5.599204898E-1,8.666803360E0,8.977435340E0
1.234709614E1,-2.373680115E0,-8.135596663E-2,1.076770210E1,1.102653094E1
1.234947166E1,3.483949661E0,-8.135596663E-2,9.863214493E0,1.046076117E1
1.235184718E1,-3.718446493E0,-2.344966233E-1,9.083154678E0,9.817613350E0
1.235422271E1,3.646661758E0,6.699903309E-2,1.160997581E1,1.216939478E1
1.235659823E1,-2.727817774E0,1.483550072E-1,8.102097511E0,8.550262165E0
1.235897375E1,1.660618901E0,-4.546363056E-1,1.161954689E1,1.174641304E1
1.236134927E1,-3.445664644E-1,-1.387837082E-1,8.824729919E0,8.832544657E0
1.236372479E1,-7.704889178E-1,1.100698411E-1,1.129890823E1,1.132568302E1
1.236610031E1,2.388036966E0,-3.254238665E-1,8.752944946E0,9.078692994E0
1.236847578E1,-2.770888567E0,-8.422735929E-1,1.026520920E1,1.066591619E1
1.237085130E1,3.565305710E0,3.924229145E-1,1.065284634E1,1.124048645E1
1.237322682E1,-4.048655987E0,6.699903309E-2,8.633303642E0,9.535724196E0
1.237560234E1,3.182454109E0,-4.977070987E-1,1.130848026E1,1.175829292E1
1.237797786E1,-2.718246460E0,1.627119333E-1,8.796015739E0,9.207889654E0
1.238035338E1,1.488335729E0,-3.541377485E-1,1.122233772E1,1.132613883E1
1.238272890E1,-1.009771109E0,2.727817893E-1,8.748159409E0,8.810467674E0
1.238510442E1,-8.997012973E-1,-8.135597110E-1,1.102134132E1,1.108789008E1
1.238747994E1,2.100898266E0,1.435693651E-1,9.442078590E0,9.674049503E0
1.238985546E1,-2.660818815E0,-4.929214716E-1,1.005464077E1,1.041243148E1
1.239223099E1,2.761317253E0,-2.392822690E-2,9.887143135E0,1.026552702E1
1.239460651E1,-3.924229145E0,3.828516230E-2,9.375079155E0,1.016332373E1
1.239698203E1,3.349951744E0,-3.972085714E-1,1.107876873E1,1.158097871E1
1.239935755E1,-3.263810158E0,9.571290575E-3,8.518448830E0,9.122308854E0
1.240173307E1,1.282552958E0,1.674975902E-1,1.168175983E1,1.175314895E1
1.240410859E1,-9.810572863E-1,-2.536391914E-1,8.149953842E0,8.212706854E0
1.240648411E1,-6.029912829E-1,-5.647061467E-1,1.148076344E1,1.151044832E1
1.240885958E1,2.191825628E0,-1.148554832E-1,9.183652878E0,9.442286352E0
1.241123510E1,-3.215953588E0,1.914258152E-1,1.022213840E1,1.071779431E1
1.241361062E1,3.239881754E0,-3.780659735E-1,9.643074989E0,1.017981645E1
1.241598614E1,-3.646661758E0,-2.775674164E-1,9.547362328E0,1.022385999E1
1.241836166E1,3.670589924E0,-3.349951655E-2,1.132762241E1,1.190753468E1
1.242073718E1,-3.235096216E0,4.115654826E-1,8.106883049E0,8.738237033E0
1.242311271E1,1.048056364E0,-3.302095234E-1,1.157647610E1,1.162851062E1
1.242548823E1,1.292124242E-1,-1.339980662E-1,8.829515457E0,8.831477483E0
1.242786375E1,-2.871387303E-1,-4.833501875E-1,1.094955635E1,1.096398013E1
1.243023927E1,1.981257200E0,2.009970993E-1,8.930013657E0,9.149367401E0
1.243261479E1,-3.292523861E0,-3.158525825E-1,1.024128056E1,1.076217003E1
1.243499031E1,4.283152580E0,-3.158525825E-1,1.029392338E1,1.115392386E1
1.243736583E1,-3.211168051E0,3.397808075E-1,9.044869423E0,9.603994696E0
1.243974135E1,2.919243574E0,-1.004985496E-1,1.114098263E1,1.151753346E1
1.244211687E1,-2.947957516E0,-7.657032460E-2,8.212167740E0,8.725595425E0
1.244449239E1,2.201396942E0,2.488535494E-1,1.195932770E1,1.216279555E1
1.244686791E1,1.004985496E-1,-1.962114573E-1,8.456234932E0,8.459107998E0
1.244924338E1,-9.571290612E-1,-5.886343718E-1,1.073898792E1,1.079761307E1
1.245161890E1,2.550748825E0,1.339980662E-1,9.284152031E0,9.629109719E0
1.245399442E1,-2.785245657E0,9.092725813E-2,1.038485050E1,1.075225470E1
1.245636994E1,3.929014683E0,-2.536391914E-1,9.896714211E0,1.065112395E1
1.245874547E1,-3.450450182E0,-3.589234054E-1,8.997013092E0,9.642648861E0
1.246112099E1,3.527020693E0,5.264210105E-1,1.171047401E1,1.224141314E1
1.246349651E1,-3.153740168E0,1.579262912E-1,7.724031448E0,8.344559879E0
1.246587203E1,1.775474429E0,-5.359922647E-1,1.176790142E1,1.191314824E1
1.246824755E1,1.387837082E-1,-7.657032460E-2,9.092725754E0,9.094107189E0
1.247062307E1,-6.077769399E-1,4.307080805E-2,1.084905815E1,1.086615436E1
1.247299859E1,1.823330879E0,-1.483550072E-1,8.666803360E0,8.857766377E0
1.247537411E1,-2.785245657E0,-6.412764788E-1,1.039920712E1,1.078481977E1
1.247774963E1,3.761517286E0,1.100698411E-1,1.051406288E1,1.116721299E1
1.248012515E1,-3.373879910E0,1.770688742E-1,8.901300430E0,9.520901658E0
1.248250067E1,2.522035122E0,-1.196411327E-1,1.101177025E1,1.129752447E1
1.248487620E1,-3.110669374E0,5.742774159E-2,8.542376518E0,9.091301254E0
1.248725156E1,2.311466694E0,-4.067798555E-1,1.160519028E1,1.184013469E1
1.248962718E1,-9.332008362E-1,3.349951804E-1,8.781659126E0,8.837455662E0
1.249200270E1,-1.277767301E0,-4.115654826E-1,1.075813103E1,1.084156163E1
1.249437823E1,2.139183521E0,-4.019941986E-1,9.078369141E0,9.335657006E0
1.249675375E1,-2.292324066E0,5.264209956E-2,1.073898792E1,1.098104651E1
1.249912927E1,2.818745136E0,-1.196411327E-1,9.619147301E0,1.002435200E1
1.250150479E1,-4.197010994E0,-4.689932466E-1,9.212367058E0,1.013422729E1
1.250388031E1,3.737588882E0,3.158525825E-1,1.171047401E1,1.229652533E1
1.250625583E1,-3.297309637E0,-6.221338734E-2,7.958528042E0,8.614771613E0
1.250863135E1,1.507478237E0,-3.397808075E-1,1.160040379E1,1.170287613E1
1.251100687E1,-1.057627559E0,-7.178468257E-2,9.087940216E0,9.149556627E0
1.251338239E1,-4.354937077E-1,9.092725813E-2,1.101177025E1,1.102075345E1
1.251575791E1,1.765903115E0,-2.727817893E-1,8.896514893E0,9.074183211E0
1.251813343E1,-2.589034081E0,-7.417750359E-1,1.037049294E1,1.071449725E1
1.252050896E1,3.110669374E0,3.637090325E-1,1.008335495E1,1.055853187E1
1.252288448E1,-3.775874138E0,1.962114573E-1,9.198010445E0,9.944803697E0
1.252525994E1,3.292523861E0,-3.924229145E-1,1.100219822E1,1.149099973E1
1.252763552E1,-3.139383316E0,-1.914258115E-2,8.652446747E0,9.204397251E0
1.253001099E1,2.373680115E0,1.531406492E-1,1.180618668E1,1.204341535E1
1.253238651E1,-1.990828395E0,1.100698411E-1,8.059026718E0,8.302013293E0
1.253476203E1,1.914258115E-2,-6.460621357E-1,1.139462185E1,1.141293870E1
1.253713755E1,1.617548108E0,1.196411327E-1,9.399007797E0,9.537930774E0
1.253951307E1,-1.679761529E0,-2.488535494E-1,1.039920712E1,1.053693672E1
1.254188859E1,2.416750908E0,-1.914258115E-2,9.279366493E0,9.588936015E0
1.254426411E1,-3.536591768E0,-3.780659735E-1,9.748359680E0,1.037694231E1
1.254663963E1,4.134797573E0,-1.339980662E-1,1.109312534E1,1.183942297E1
1.254901515E1,-3.220739365E0,3.637090325E-1,8.465806961E0,9.065061159E0
1.255139067E1,1.966900229E0,-7.657032460E-2,1.134676456E1,1.151623313E1
1.255376620E1,-2.053041935E0,-1.148554832E-1,8.508877754E0,8.753809091E0
1.255614172E1,1.555334687E0,-2.871387303E-1,1.165783215E1,1.176463195E1
1.255851724E1,5.982056856E-1,9.571290575E-3,8.657232285E0,8.677880645E0
1.256089276E1,-2.033899307E0,-4.977070987E-1,1.051884842E1,1.072523337E1
1.256326828E1,3.244667530E0,-3.828516230E-2,9.623932838E0,1.015625012E1
1.256564380E1,-2.957528830E0,-1.531406492E-1,9.968499184E0,1.039910596E1
1.256801927E1,3.574877024E0,-1.292124242E-1,1.064806080E1,1.123288210E1
1.257039479E1,-3.512663603E0,-2.727817893E-1,8.575876236E0,9.271400580E0
1.257277031E1,2.890529871E0,2.488535494E-1,1.183968639E1,1.218996575E1
1.257514583E1,-2.397608280E0,1.052841991E-1,7.987242222E0,8.340002910E0
1.257752135E1,1.225125194E0,-6.891329288E-1,1.155254745E1,1.163774843E1
1.257989687E1,2.632105052E-1,-7.178468257E-2,9.198010445E0,9.202055692E0
1.258227239E1,-1.253839016E0,4.307080805E-2,1.083470058E1,1.090709421E1
1.258464791E1,2.464607239E0,-4.402793646E-1,8.815158844E0,9.163796168E0
1.258702343E1,-2.785245657E0,-6.269195080E-1,1.040877819E1,1.079320550E1
1.258939896E1,3.335594654E0,1.387837082E-1,1.041835022E1,1.094017705E1
1.259177448E1,-3.747160196E0,1.674975902E-1,8.805587769E0,9.571188063E0
1.259415000E1,2.809173822E0,-5.168496966E-1,1.123190975E1,1.158940843E1
1.259652552E1,-2.660818815E0,2.967100143E-1,8.618947029E0,9.025200357E0
1.259890104E1,1.584048629E0,-6.029912829E-1,1.139940739E1,1.152472548E1
1.260127656E1,-9.619147182E-1,1.435693651E-1,8.781659126E0,8.835351102E0
1.260365208E1,-9.571290612E-1,-2.919243574E-1,1.104526901E1,1.109050420E1
1.260602755E1,1.981257200E0,-2.632105052E-1,8.987442017E0,9.206995920E0
1.260840312E1,-2.541177750E0,-6.508477330E-1,1.033699417E1,1.066464419E1
1.261077859E1,2.914458036E0,1.387837082E-1,1.012642574E1,1.053839764E1
1.261315411E1,-4.091726780E0,1.674975902E-1,9.116654396E0,9.994181851E0
1.261552963E1,3.349951744E0,-4.163511395E-1,1.112183952E1,1.162285848E1
1.261790515E1,-3.201596737E0,-7.657032460E-2,8.470592499E0,9.055772853E0
1.262028067E1,1.885544300E0,1.579262912E-1,1.170090294E1,1.185290461E1
1.262265620E1,-1.808973908E0,3.828516230E-2,8.130811691E0,8.329702943E0
1.262503172E1,-3.206382394E-1,-6.604190469E-1,1.129890823E1,1.132273330E1
1.262740724E1,1.756331801E0,1.292124242E-1,9.365508080E0,9.529645263E0
1.262978276E1,-2.153540373E0,-3.254238665E-1,1.030349445E1,1.053117443E1
1.263215828E1,2.445464849E0,-9.571290575E-3,9.399007797E0,9.711937887E0
1.263453380E1,-3.675375462E0,-1.914258152E-1,9.719645500E0,1.039310046E1
1.263690932E1,3.852444410E0,-2.297109663E-1,1.096869946E1,1.162783139E1
1.263928484E1,-3.354737282E0,2.727817893E-1,8.437092781E0,9.083678040E0
1.264166036E1,1.655833244E0,-8.135596663E-2,1.143769264E1,1.155721487E1
1.264403588E1,-1.588834286E0,-7.178468257E-2,8.542376518E0,8.689173954E0
1.264641140E1,7.226324677E-1,-3.637090325E-1,1.149990559E1,1.152832644E1
1.264878692E1,1.091127157E0,9.571290575E-3,8.796015739E0,8.863438552E0
1.265116239E1,-2.555534601E0,-5.168496966E-1,1.038485050E1,1.070714764E1
1.265353781E1,3.464807272E0,-2.009970993E-1,9.824930191E0,1.041991087E1
1.265591343E1,-3.172882795E0,-1.196411327E-1,9.896714211E0,1.039357741E1
1.265828896E1,3.440878868E0,-9.571290761E-2,1.076770210E1,1.130452197E1
1.266066448E1,-3.651447296E0,-2.249253243E-1,8.422736168E0,9.182926729E0
1.266304000E1,2.598605394E0,1.579262912E-1,1.194497108E1,1.222538445E1
1.266541552E1,-1.718046665E0,-4.307080805E-2,8.159524918E0,8.338548214E0
1.266779104E1,5.503492355E-1,-7.369893789E-1,1.137069321E1,1.140783510E1
1.267016656E1,9.571290612E-1,-1.100698411E-1,9.221938133E0,9.272127822E0
1.267254208E1,-1.880758643E0,5.742774159E-2,1.071027374E1,1.087430525E1
1.267491760E1,3.144168854E0,-4.737788737E-1,9.169296265E0,9.704960494E0
1.267729312E1,-3.177668571E0,-6.173482537E-1,1.001156998E1,1.052189288E1
1.267966864E1,3.646661758E0,1.674975902E-1,1.103569794E1,1.162380430E1
1.268204416E1,-3.771088600E0,1.579262912E-1,8.269595146E0,9.090228480E0
1.268441968E1,2.665604353E0,-3.924229145E-1,1.156211948E1,1.187190167E1
1.268679521E1,-1.828116536E0,-3.349951655E-2,8.824729919E0,9.012157924E0
1.268917067E1,1.325623751E0,-2.249253243E-1,1.141376400E1,1.149268804E1
1.269154620E1,-1.627119333E-1,4.785645287E-3,8.599804878E0,8.601345361E0
1.269392172E1,-1.694118381E0,-6.508477330E-1,1.071027374E1,1.086294635E1
1.269629724E1,3.211168051E0,0.000000000E0,9.753145218E0,1.026817617E1
1.269867271E1,-2.612962246E0,-1.914258152E-1,9.887143135E0,1.022838281E1
1.270104828E1,2.852244616E0,-9.571290575E-3,1.010728264E1,1.050202615E1
1.270342380E1,-3.871587038E0,-1.770688742E-1,8.886942863E0,9.695271685E0
1.270579932E1,3.804588079E0,-2.392822690E-2,1.186361504E1,1.245876498E1
1.270817484E1,-2.751745939E0,1.914258152E-1,7.843672752E0,8.314562635E0
1.271055036E1,8.901300430E-1,-2.201396823E-1,1.150469112E1,1.154117459E1
1.271292588E1,-7.657032460E-2,-1.914258152E-1,8.930013657E0,8.932393339E0
1.271530140E1,-5.312066078E-1,-1.148554832E-1,1.114098263E1,1.115423086E1
1.271767692E1,2.100898266E0,5.264209956E-2,8.987442017E0,9.229878586E0
1.272005244E1,-2.967100143E0,-5.407779217E-1,9.987641335E0,1.043307737E1
1.272242797E1,3.455235958E0,3.349951655E-2,1.025563812E1,1.082210197E1
1.272480349E1,-3.450450182E0,2.344966233E-1,9.308079720E0,9.929800763E0
1.272717901E1,3.259024382E0,-2.584248483E-1,1.120319557E1,1.167045905E1
1.272955448E1,-3.005385160E0,-9.571290761E-2,8.336593628E0,8.862296217E0
1.273193000E1,1.875972986E0,3.254238665E-1,1.174875927E1,1.190203847E1
1.273430552E1,-1.124626637E0,-6.221338734E-2,8.188239098E0,8.265344221E0
1.273668104E1,-1.387837082E-1,-5.024927258E-1,1.122712421E1,1.123922052E1
1.273905656E1,1.651047587E0,4.785645287E-3,9.217152596E0,9.363860476E0
1.274143208E1,-2.392822742E0,8.135596663E-2,1.025563812E1,1.053139747E1
1.274380760E1,3.043670416E0,-3.445664644E-1,9.489934921E0,9.972036926E0
1.274618312E1,-3.321237803E0,-2.249253243E-1,9.700503349E0,1.025577775E1
1.274855864E1,3.464807272E0,-2.871387079E-2,1.105005455E1,1.158056214E1
1.275093416E1,-3.464807272E0,5.120640397E-1,8.331808090E0,9.038037678E0
1.275330968E1,1.962114573E0,-3.445664644E-1,1.134197903E1,1.151560280E1
1.275568520E1,-1.402194023E0,1.962114573E-1,8.633303642E0,8.748632967E0
1.275806073E1,6.508477330E-1,-6.987041831E-1,1.123190975E1,1.127242596E1
1.276043625E1,6.460621357E-1,6.221338734E-2,8.930013657E0,8.953569718E0
1.276281177E1,-2.009970903E0,-5.264209956E-2,1.079162979E1,1.097734156E1
1.276518729E1,2.981456995E0,-5.024927258E-1,9.116654396E0,9.604945191E0
1.276756276E1,-3.067598581E0,-3.637090325E-1,1.004506969E1,1.050932303E1
1.276993828E1,3.383451223E0,5.742774159E-2,1.075334454E1,1.127321865E1
1.277231380E1,-3.929014683E0,2.584248483E-1,8.398807526E0,9.275985534E0
1.277468932E1,2.679961443E0,-4.594219327E-1,1.146640587E1,1.178438481E1
1.277706484E1,-1.718046665E0,1.148554832E-1,8.695517540E0,8.864361309E0
1.277944036E1,7.896314859E-1,-5.359922647E-1,1.130369377E1,1.134391019E1
1.278181588E1,1.818545163E-1,-4.307080805E-2,8.733802795E0,8.735802048E0
1.278419140E1,-1.612762451E0,-2.775674164E-1,1.088255692E1,1.100491215E1
1.278656692E1,3.014956474E0,-3.637090325E-1,9.355937004E0,9.836452817E0
1.278894244E1,-3.034099102E0,-6.173482537E-1,9.820143700E0,1.029670328E1
1.279131797E1,3.278167009E0,1.435693540E-2,1.071506023E1,1.120531574E1
1.279369349E1,-3.900300980E0,2.679961324E-1,8.714659691E0,9.551411581E0
1.279606901E1,3.235096216E0,-4.067798555E-1,1.163868904E1,1.208678617E1
1.279844453E1,-2.254039049E0,-2.440679073E-1,8.298309326E0,8.602453072E0
1.280082005E1,8.949156404E-1,0.000000000E0,1.169611740E1,1.173030418E1
1.280319557E1,1.004985496E-1,-2.536391914E-1,8.417949677E0,8.422369593E0
1.280557109E1,-1.325623751E0,-6.699903607E-1,1.108355427E1,1.118263567E1
1.280794656E1,2.924029350E0,-4.785645287E-3,9.485149384E0,9.925624886E0
1.281032208E1,-3.053241730E0,-5.264209956E-2,9.848857880E0,1.031140426E1
1.281269760E1,3.192025423E0,-1.579262912E-1,1.021735287E1,1.070552505E1
1.281507312E1,-3.627519131E0,-1.962114573E-1,8.882157326E0,9.596359348E0
1.281744864E1,3.550948858E0,6.699903309E-2,1.194018459E1,1.245719610E1
1.281982416E1,-2.507678032E0,1.483550072E-1,7.776673794E0,8.172338320E0
1.282219968E1,4.833501875E-1,-3.445664644E-1,1.172483063E1,1.173984696E1
1.282457520E1,1.100698471E0,-4.019941986E-1,8.987442017E0,9.063512038E0
1.282695073E1,-1.000199914E0,6.699903309E-2,1.089691448E1,1.094292621E1
1.282932625E1,2.478964329E0,4.785645381E-2,9.078369141E0,9.410862906E0
1.283170177E1,-3.541377544E0,-5.647061467E-1,9.647860527E0,1.029278683E1
1.283407729E1,4.264009953E0,1.148554832E-1,1.104048347E1,1.183584589E1
1.283645281E1,-3.330809116E0,1.722832322E-1,8.638090134E0,9.259620513E0
1.283882833E1,2.809173822E0,-4.307080805E-2,1.134197903E1,1.168476790E1
1.284120385E1,-2.498106956E0,0.000000000E0,8.370093346E0,8.734929936E0
1.284357937E1,1.617548108E0,7.178468257E-2,1.186840057E1,1.197833657E1
1.284595484E1,2.823530734E-1,-4.785645381E-2,8.599804878E0,8.604571892E0
1.284833036E1,-1.172483087E0,-6.077769399E-1,1.064806080E1,1.072964623E1
1.285070588E1,2.517249346E0,2.009970993E-1,9.585647583E0,9.912698103E0
1.285308140E1,-2.900100946E0,2.009970993E-1,1.004028416E1,1.045266910E1
1.285545692E1,3.699303865E0,-2.584248483E-1,1.006899738E1,1.073016033E1
1.285783245E1,-3.359523058E0,-2.057827413E-1,9.188439369E0,9.785507639E0
1.286020796E1,3.201596737E0,2.967100143E-1,1.135155106E1,1.179813417E1
1.286258349E1,-3.292523861E0,3.302095234E-1,7.948956966E0,8.610207231E0
1.286495901E1,1.794616938E0,-4.642075896E-1,1.183011532E1,1.197446312E1
1.286733453E1,-3.206382394E-1,3.828516230E-2,8.886942863E0,8.892807661E0
1.286971005E1,-1.866401732E-1,-1.435693651E-1,1.105484104E1,1.105734856E1
1.287208557E1,1.182054400E0,-3.828516230E-2,8.786444664E0,8.865682613E0
1.287446109E1,-2.794816732E0,-5.407779217E-1,1.025085258E1,1.063876967E1
1.287683661E1,3.718446493E0,1.674975902E-1,1.038963604E1,1.103627821E1
1.287921213E1,-3.292523861E0,-2.871387079E-2,8.997013092E0,9.580594055E0
1.288158765E1,2.660818815E0,3.349951655E-2,1.091127110E1,1.123106922E1
1.288396317E1,-3.464807272E0,-5.264209956E-2,8.537590981E0,9.214017602E0
1.288633864E1,2.904886723E0,9.571290575E-3,1.190190029E1,1.225127296E1
1.288871416E1,-1.852044702E0,2.105683982E-1,8.039883614E0,8.253128931E0
1.289108968E1,-3.110669553E-1,-4.833501875E-1,1.122712421E1,1.124182851E1
1.289346520E1,1.095912814E0,-2.201396823E-1,9.073583603E0,9.142177299E0
1.289584073E1,-1.426122308E0,-1.244267747E-1,1.086341476E1,1.095733030E1
1.289821625E1,2.282752752E0,2.871387079E-2,9.150154114E0,9.430647110E0
1.290059177E1,-3.584448338E0,-4.785645306E-1,9.590433121E0,1.024957079E1
1.290296729E1,3.483949661E0,3.349951655E-2,1.092562866E1,1.146771072E1
1.290534281E1,-3.541377544E0,2.105683982E-1,8.571090698E0,9.276275638E0
1.290771833E1,2.632104874E0,-3.110669553E-1,1.140419292E1,1.170813200E1
1.291009385E1,-2.603390932E0,-1.914258115E-2,8.456234932E0,8.847933092E0
1.291246932E1,1.253839016E0,4.307080805E-2,1.156690502E1,1.163474362E1
1.291484489E1,-5.359922647E-1,-1.531406492E-1,8.465806961E0,8.484139748E0
1.291722041E1,-7.800601721E-1,-5.647061467E-1,1.103091240E1,1.107286843E1
1.291959593E1,1.722832322E0,5.264209956E-2,9.274580956E0,9.433386152E0
1.292197146E1,-2.632104874E0,1.052841991E-1,1.019820976E1,1.053292662E1
1.292434698E1,2.981456995E0,-5.982056856E-1,9.719645500E0,1.018422528E1
1.292672245E1,-3.306880951E0,-4.307080805E-2,9.657432556E0,1.020800276E1
1.292909796E1,3.359523058E0,-8.135596663E-2,1.100219822E1,1.150397234E1
1.293147349E1,-3.579662561E0,3.589234054E-1,8.183453560E0,8.939335671E0
1.293384901E1,1.914258122E0,-3.876372576E-1,1.159083271E1,1.175423539E1
1.293622453E1,-1.100698471E0,6.221338734E-2,8.709874153E0,8.779368735E0
1.293860005E1,6.987041831E-1,-4.594219327E-1,1.123669529E1,1.126776717E1
1.294097557E1,3.876372576E-1,2.584248483E-1,8.748159409E0,8.760555866E0
1.294335109E1,-2.153540373E0,-3.972085714E-1,1.048056316E1,1.070690035E1
1.294572661E1,3.369094372E0,-2.057827413E-1,9.872786522E0,1.043384192E1
1.294810213E1,-2.670390129E0,-6.221338734E-2,9.686145782E0,1.004769994E1
1.295047765E1,2.708675146E0,-2.392822690E-2,1.047577763E1,1.082032395E1
1.295285317E1,-3.766302824E0,-2.392822690E-2,8.738588333E0,9.515699427E0
1.295522870E1,3.503092289E0,-1.196411327E-1,1.187318611E1,1.237976244E1
1.295760422E1,-2.445464849E0,2.201396823E-1,7.953742504E0,8.324108339E0
1.295997968E1,8.327022791E-1,-2.871387303E-1,1.163868904E1,1.167197174E1
1.296235521E1,5.742774159E-2,-2.967100143E-1,8.671588898E0,8.676853623E0
1.296473073E1,-8.757730722E-1,-9.571290761E-2,1.099262714E1,1.102787337E1
1.296710625E1,2.311466694E0,-1.914258152E-1,9.379864693E0,9.662369470E0
1.296948177E1,-2.967100143E0,-4.833501875E-1,9.815358162E0,1.026540630E1
1.297185729E1,3.211168051E0,-8.135596663E-2,1.042792130E1,1.091145094E1
1.297423281E1,-3.589233875E0,2.967100143E-1,9.241081238E0,9.918075372E0
1.297660833E1,3.182454109E0,-4.307080805E-1,1.119841003E1,1.164980304E1
1.297898385E1,-3.038884640E0,-4.307080805E-2,8.350951195E0,8.886791367E0
1.298135937E1,1.588834286E0,2.871387079E-2,1.181097221E1,1.191739416E1
1.298373489E1,-1.205982566E0,-1.531406492E-1,8.145168304E0,8.235387830E0
1.298611041E1,-9.571290761E-2,-5.024927258E-1,1.167697430E1,1.168817302E1
1.298848593E1,1.497906923E0,1.100698411E-1,9.044869423E0,9.168724197E0
1.299086146E1,-2.656033039E0,-5.838487148E-1,1.018863869E1,1.054531883E1
1.299323698E1,3.072384357E0,-3.254238665E-1,1.001156998E1,1.047745101E1
1.299561250E1,-3.445664644E0,2.536391914E-1,9.772287369E0,1.036506334E1
1.299798796E1,3.254238844E0,-3.206382394E-1,1.086820030E1,1.134947828E1
1.300036349E1,-3.517449379E0,-1.435693651E-1,8.355736732E0,9.067050162E0
1.300273901E1,2.057827473E0,1.004985496E-1,1.172961617E1,1.190918340E1
1.300511453E1,-1.804188251E0,-3.828516230E-2,8.236095428E0,8.431478453E0
1.300749005E1,6.699903607E-1,-5.647061467E-1,1.165783215E1,1.169071557E1
1.300986557E1,6.604190469E-1,-1.292124242E-1,8.853444099E0,8.878982013E0
1.301224109E1,-1.808973908E0,3.349951655E-2,1.069113159E1,1.084314546E1
1.301461661E1,2.756531715E0,-4.737788737E-1,9.312865257E0,9.723805470E0
1.301699213E1,-3.077169895E0,-6.221338734E-2,1.013121128E1,1.058840342E1
1.301936765E1,3.412165165E0,-7.178468257E-2,1.049970531E1,1.104046357E1
1.302174317E1,-3.747160196E0,7.657032460E-2,8.628518105E0,9.407358675E0
1.302411870E1,2.847458839E0,-1.052841991E-1,1.156211948E1,1.190805247E1
1.302649422E1,-2.163111687E0,1.722832322E-1,8.331808090E0,8.609747948E0
1.302886974E1,1.296909928E0,-2.919243574E-1,1.166740322E1,1.174289117E1
1.303124526E1,0.000000000E0,-8.135596663E-2,8.595019341E0,8.595404368E0
1.303362078E1,-1.110269666E0,-4.307080805E-2,1.099741268E1,1.105339946E1
1.303599630E1,2.732603550E0,-2.009970993E-1,9.116654396E0,9.519501530E0
1.303837182E1,-2.761317253E0,-4.211367965E-1,1.002592659E1,1.040775832E1
1.304074729E1,3.364308596E0,6.221338734E-2,1.049970531E1,1.102570880E1
1.304312276E1,-3.656233072E0,5.072783828E-1,8.872586250E0,9.609794920E0
1.304549833E1,3.460021496E0,-4.929214716E-1,1.131805134E1,1.184537912E1
1.304787385E1,-2.550748825E0,3.445664644E-1,8.336593628E0,8.724897646E0
1.305024937E1,1.536192179E0,-1.244267747E-1,1.154776192E1,1.165015767E1
1.305262489E1,-5.838487148E-1,-4.307080805E-2,8.427521706E0,8.447831468E0
1.305500041E1,-3.589234054E-1,-2.201396823E-1,1.133719349E1,1.134500964E1
1.305737593E1,2.091326952E0,-1.387837082E-1,8.968298912E0,9.209956282E0
1.305975146E1,-2.627319336E0,-3.445664644E-1,1.000199890E1,1.034705344E1
1.306212698E1,3.287738323E0,-1.004985496E-1,1.011685371E1,1.063814139E1
1.306450250E1,-3.680161238E0,3.684946895E-1,9.250652313E0,9.962627329E0
1.306687802E1,3.550948858E0,-2.775674164E-1,1.118405342E1,1.173751815E1
1.306925354E1,-3.139383316E0,-4.785645287E-3,8.197810173E0,8.778373548E0
1.307162906E1,1.665404558E0,1.100698411E-1,1.170090294E1,1.181934081E1
1.307400458E1,-1.119840980E0,-1.244267747E-1,8.188239098E0,8.265396867E0
1.307638010E1,-1.148554832E-1,-3.541377485E-1,1.158126163E1,1.158724412E1
1.307875557E1,1.684547186E0,1.052841991E-1,8.915657043E0,9.074013693E0
1.308113109E1,-2.962314367E0,-4.402793646E-1,1.007856941E1,1.051411973E1
1.308350656E1,3.369094372E0,-2.775674164E-1,1.001156998E1,1.056689992E1
1.308588213E1,-3.589233875E0,2.009970993E-1,9.533005714E0,1.018828727E1
1.308825765E1,3.215953588E0,-2.297109663E-1,1.099741268E1,1.146028840E1
1.309063317E1,-3.617947817E0,-7.178468257E-2,8.202595711E0,8.965337464E0
1.309300870E1,1.674975872E0,-5.264209956E-2,1.172004509E1,1.183924712E1
1.309538416E1,-1.153340459E0,-4.785645381E-2,8.547162056E0,8.624758760E0
1.309775974E1,-1.148554832E-1,-5.264210105E-1,1.129412270E1,1.130696769E1
1.310013526E1,1.239482164E0,-2.153540403E-1,8.944371223E0,9.032412191E0
1.310251078E1,-2.646461725E0,-2.392822690E-2,1.048534870E1,1.081419759E1
1.310488630E1,3.129812002E0,-4.881358147E-1,9.643074989E0,1.015001946E1
1.310726177E1,-3.426522017E0,1.196411327E-1,9.772287369E0,1.035630086E1
1.310963734E1,3.125026464E0,-1.100698411E-1,1.082512951E1,1.126771204E1
1.311201286E1,-3.818944931E0,-1.435693540E-2,8.269595146E0,9.108828157E0
1.311438838E1,2.234896421E0,-8.135596663E-2,1.200718403E1,1.221367468E1
1.311676385E1,-1.373480201E0,-1.339980662E-1,8.216953278E0,8.332030035E0
1.311913937E1,-9.571290575E-3,-3.014956415E-1,1.151904774E1,1.152299666E1
1.312151489E1,1.158126116E0,-2.919243574E-1,8.652446747E0,8.734489718E0
1.312389041E1,-2.263610125E0,-4.307080805E-2,1.075334454E1,1.098909480E1
1.312626593E1,3.364308596E0,-3.541377485E-1,9.671789169E0,1.024634040E1
1.312864146E1,-3.536591768E0,-3.637090325E-1,9.399007797E0,1.004893592E1
1.313101698E1,3.426522017E0,3.828516230E-2,1.124148083E1,1.175216619E1
1.313339250E1,-3.637090445E0,3.206382394E-1,8.307880402E0,9.074806475E0
1.313576802E1,2.684746981E0,-5.072783828E-1,1.188275719E1,1.219283052E1
1.313814354E1,-1.335195065E0,1.818545163E-1,8.475378036E0,8.581832542E0
1.314051906E1,5.264209956E-2,-3.876372576E-1,1.129412270E1,1.130089560E1
1.314289458E1,1.225125194E0,-3.445664644E-1,8.738588333E0,8.830774816E0
1.314527010E1,-1.636690736E0,-2.871387079E-2,1.094477081E1,1.106650754E1
1.314764562E1,3.110669374E0,-3.158525825E-1,9.609575272E0,1.010544228E1
1.315002114E1,-3.340380430E0,-2.057827413E-1,9.341579437E0,9.922983137E0
1.315239666E1,3.517449379E0,-3.828516230E-2,1.109312534E1,1.163749740E1
1.315477213E1,-3.388236761E0,3.302095234E-1,8.484949112E0,9.142403847E0
1.315714765E1,2.885744095E0,-3.206382394E-1,1.172483063E1,1.207898924E1
1.315952317E1,-1.732403636E0,-8.135596663E-2,8.360522270E0,8.538511216E0
1.316189870E1,4.211367965E-1,0.000000000E0,1.165783215E1,1.166543641E1
1.316427416E1,9.571290612E-1,-3.972085714E-1,8.279166222E0,8.343767975E0
1.316664974E1,-1.521835208E0,-1.052841991E-1,1.126540947E1,1.136822403E1
1.316902526E1,2.986242771E0,-7.178468257E-2,9.178867340E0,9.652688982E0
1.317140078E1,-3.661018610E0,-3.876372576E-1,9.576076508E0,1.025936456E1
1.317377630E1,3.785445452E0,-7.657032460E-2,1.112662506E1,1.175318023E1
1.317615182E1,-3.407379389E0,1.052841991E-1,8.403593063E0,9.068720717E0
1.317852734E1,2.737389088E0,-1.627119333E-1,1.172483063E1,1.204123862E1
1.318090286E1,-2.206182480E0,-1.052841991E-1,8.236095428E0,8.527109346E0
1.318327833E1,4.977070987E-1,-1.627119333E-1,1.156211948E1,1.157397056E1
1.318565390E1,7.513462901E-1,-2.488535494E-1,8.614161491E0,8.650446667E0
1.318802937E1,-1.531406522E0,-4.594219327E-1,1.098305607E1,1.109881953E1
1.319040495E1,2.459821701E0,-9.571290761E-2,9.279366493E0,9.600339904E0
1.319278041E1,-3.464807272E0,1.387837082E-1,9.858428955E0,1.045049146E1
1.319515593E1,3.536591768E0,-6.364908218E-1,1.054277611E1,1.113834503E1
1.319753146E1,-3.479164124E0,1.722832322E-1,8.858229637E0,9.518534384E0
1.319990698E1,2.617748022E0,-1.770688742E-1,1.145683479E1,1.175342595E1
1.320228250E1,-2.780459881E0,-1.770688742E-1,8.106883049E0,8.572272937E0
1.320465802E1,1.134197950E0,-2.823530734E-1,1.202632618E1,1.208299009E1
1.320703354E1,1.435693651E-1,-2.249253243E-1,8.561519623E0,8.565676962E0
1.320940906E1,-1.344766378E0,-4.211367965E-1,1.105962658E1,1.114904000E1
1.321178458E1,2.177468538E0,-2.488535494E-1,8.949156761E0,9.213615146E0
1.321416010E1,-3.177668571E0,-1.244267747E-1,1.032742214E1,1.080595705E1
1.321653562E1,3.617947817E0,-4.833501875E-1,1.043270683E1,1.105280714E1
1.321891114E1,-3.771088600E0,-1.962114573E-1,8.786444664E0,9.563535852E0
1.322128666E1,2.785245657E0,-1.435693540E-2,1.162433243E1,1.195336371E1
1.322366218E1,-3.086741209E0,7.657032460E-2,8.102097511E0,8.670514309E0
1.322603771E1,1.708475351E0,-5.120640397E-1,1.195454216E1,1.208685964E1
1.322841323E1,-2.536391914E-1,1.387837082E-1,8.839086533E0,8.843813911E0
1.323078870E1,-1.234696507E0,-6.843472719E-1,1.057627583E1,1.067007109E1
1.323316422E1,2.263610125E0,-4.307080805E-1,9.245866776E0,9.528666889E0
1.323553974E1,-2.612962246E0,1.004985496E-1,1.062891865E1,1.094584776E1
1.323791526E1,3.431307554E0,-3.637090325E-1,9.882357597E0,1.046743271E1
1.324029078E1,-3.862015724E0,-3.589234054E-1,8.863015175E0,9.674555776E0
1.324266630E1,3.249453068E0,1.148554832E-1,1.160519028E1,1.205207776E1
1.324504182E1,-2.890529871E0,3.349951655E-2,8.130811691E0,8.629390703E0
1.324741734E1,2.182254314E0,-4.163511395E-1,1.195454216E1,1.215922121E1
1.324979286E1,-6.939185858E-1,-1.579262912E-1,8.642875671E0,8.672125667E0
1.325216838E1,-4.115654826E-1,-1.531406492E-1,1.114576817E1,1.115441555E1
1.325454390E1,1.861616015E0,-4.833501875E-1,8.724231720E0,8.933726025E0
1.325691942E1,-1.942971945E0,-6.699903309E-2,1.100698376E1,1.117735748E1
1.325929494E1,3.172882795E0,-2.105683982E-1,9.422935486E0,9.945010681E0
1.326167047E1,-3.584448338E0,-2.632105052E-1,9.494720459E0,1.015220499E1
1.326404599E1,3.785445452E0,-2.057827413E-1,1.132283688E1,1.194062723E1
1.326642146E1,-3.034099102E0,1.244267747E-1,8.384450912E0,8.917413105E0
1.326879703E1,2.526820660E0,-2.823530734E-1,1.177747345E1,1.204879358E1
1.327117250E1,-1.478764415E0,-1.387837082E-1,8.365307808E0,8.496139113E0
1.327354802E1,4.307080805E-1,-1.914258152E-1,1.154776192E1,1.155737680E1
1.327592354E1,1.445264935E0,-3.302095234E-1,8.815158844E0,8.938951533E0
1.327829906E1,-1.646261930E0,-5.359922647E-1,1.071984577E1,1.085875497E1
1.328067458E1,2.914458036E0,-1.196411327E-1,9.561718941E0,9.996741907E0
1.328305010E1,-3.349951744E0,7.178468257E-2,9.796216011E0,1.035341383E1
1.328542562E1,3.751945972E0,-6.699903607E-1,1.079162979E1,1.144487917E1
1.328780114E1,-3.206382275E0,4.067798555E-1,8.662017822E0,9.245372350E0
1.329017666E1,2.344966173E0,-3.732803464E-1,1.156211948E1,1.180342372E1
1.329255218E1,-2.234896421E0,-2.679961324E-1,8.240880966E0,8.542757344E0
1.329492771E1,1.330409408E0,-1.100698411E-1,1.190668583E1,1.198128841E1
1.329730323E1,3.206382394E-1,-1.818545163E-1,8.700303078E0,8.708108497E0
1.329967875E1,-1.555334687E0,-4.785645306E-1,1.071027374E1,1.083319222E1
1.330205427E1,2.455035925E0,-2.440679073E-1,9.375079155E0,9.694270457E0
1.330442974E1,-2.919243574E0,2.392822690E-2,1.015992451E1,1.057102746E1
1.330680526E1,3.340380430E0,-4.498506486E-1,1.038006496E1,1.091358125E1
1.330918078E1,-3.656233072E0,-4.785645381E-2,8.757730484E0,9.490425372E0
1.331155630E1,2.938386202E0,-2.871387079E-2,1.144247818E1,1.181377352E1
1.331393182E1,-3.058027267E0,1.722832322E-1,8.178668022E0,8.733374084E0
1.331630734E1,1.875972986E0,-4.594219327E-1,1.180140114E1,1.195840340E1
1.331868286E1,-5.168496966E-1,2.679961324E-1,8.781659126E0,8.800937027E0
1.332105838E1,-9.858429432E-1,-4.929214716E-1,1.062891865E1,1.068591454E1
1.332343390E1,2.000399828E0,-3.780659735E-1,9.116654396E0,9.341194823E0
1.332580942E1,-2.187039852E0,2.105683982E-1,1.067677498E1,1.090050486E1
1.332818494E1,2.976671457E0,-2.775674164E-1,9.657432556E0,1.010958062E1
1.333056047E1,-3.646661758E0,-1.100698411E-1,9.083154678E0,9.788460362E0
1.333293599E1,3.479164124E0,0.000000000E0,1.121755219E1,1.174470349E1
1.333531151E1,-3.125026464E0,2.249253243E-1,8.394021988E0,8.959686766E0
1.333768703E1,2.445464849E0,-2.919243574E-1,1.168654537E1,1.194323494E1
1.334006250E1,-1.478764415E0,8.614161611E-2,8.518448830E0,8.646278681E0
1.334243802E1,1.914258152E-1,-1.004985496E-1,1.126540947E1,1.126748394E1
1.334481354E1,1.258624673E0,-3.062812984E-1,8.590232849E0,8.687349694E0
1.334718906E1,-1.464407444E0,-5.264209956E-2,1.105962658E1,1.115628076E1
1.334956458E1,2.799602509E0,-2.871387079E-2,9.083154678E0,9.504856527E0
1.335194010E1,-3.460021496E0,-2.201396823E-1,9.676574707E0,1.027892544E1
1.335431562E1,3.924229145E0,-2.871387303E-1,1.084905815E1,1.154054097E1
1.335669114E1,-3.206382275E0,4.067798555E-1,8.729017258E0,9.308173797E0
1.335906666E1,2.794816732E0,-1.627119333E-1,1.144726372E1,1.178462228E1
1.336144218E1,-2.464607239E0,-6.699903309E-2,8.082955360E0,8.450618029E0
1.336381770E1,1.354337573E0,-5.264209956E-2,1.192104244E1,1.199784374E1
1.336619323E1,3.158525825E-1,-1.387837082E-1,8.499305725E0,8.506304814E0
1.336856875E1,-9.284151793E-1,-3.780659735E-1,1.093041420E1,1.097628549E1
1.337094427E1,2.120040894E0,2.392822690E-2,9.078369141E0,9.322656928E0
1.337331979E1,-2.818745136E0,7.657032460E-2,1.019342422E1,1.057625097E1
1.337569531E1,3.584448338E0,-4.977070987E-1,1.012642574E1,1.075362639E1
1.337807083E1,-3.311666489E0,2.584248483E-1,9.145368576E0,9.729937550E0
1.338044635E1,2.885744095E0,-2.392822690E-2,1.109791183E1,1.146698472E1
1.338282177E1,-3.316452265E0,2.392822690E-2,8.049455643E0,8.705926965E0
1.338519734E1,2.225325108E0,-1.387837082E-1,1.211725426E1,1.232068113E1
1.338757286E1,-1.095912814E0,1.722832322E-1,8.250452042E0,8.324702115E0
1.338994838E1,-4.067798555E-1,-2.919243574E-1,1.118883896E1,1.120003602E1
1.339232390E1,1.263410330E0,-2.105683982E-1,8.863015175E0,8.955086973E0
1.339469942E1,-2.067398787E0,4.307080805E-2,1.056191921E1,1.076244072E1
1.339707494E1,2.809173822E0,-3.302095234E-1,9.738788605E0,1.014122771E1
1.339945047E1,-3.416950703E0,-1.004985496E-1,9.432506561E0,1.003283769E1
1.340182599E1,3.034099102E0,-7.657032460E-2,1.078684425E1,1.120569629E1
1.340420151E1,-3.713660717E0,4.259224236E-1,8.676374435E0,9.447336089E0
1.340657703E1,2.703889608E0,-4.354937077E-1,1.162433243E1,1.194260349E1
1.340895255E1,-2.254039049E0,2.919243574E-1,8.317451477E0,8.622407491E0
1.341132807E1,3.110669553E-1,-2.584248483E-1,1.130848026E1,1.131570908E1
1.341370359E1,1.531406492E-1,7.178468257E-2,8.767302513E0,8.768933713E0
1.341607911E1,-1.124626637E0,-2.967100143E-1,1.101655579E1,1.107778513E1
1.341845458E1,2.005185366E0,-1.100698411E-1,8.987442017E0,9.209071491E0
1.342083010E1,-3.340380430E0,-1.866401732E-1,9.978070259E0,1.052401359E1
1.342320562E1,3.407379389E0,-2.249253243E-1,1.039442158E1,1.094097005E1
1.342558114E1,-3.742374659E0,2.823530734E-1,9.236295700E0,9.969666474E0
1.342795666E1,2.981456995E0,-1.962114573E-1,1.131805134E1,1.170580501E1
1.343033218E1,-3.187239647E0,7.178468257E-2,8.197810173E0,8.795893430E0
1.343270770E1,1.229910851E0,-1.435693540E-2,1.172004509E1,1.178441105E1
1.343508323E1,-8.039883971E-1,-7.178468257E-2,8.427521706E0,8.466089563E0
1.343745875E1,-3.493520916E-1,-4.354937077E-1,1.142333508E1,1.143697014E1
1.343983427E1,1.320838094E0,5.742774159E-2,8.906085968E0,9.003681385E0
1.344220979E1,-2.742174864E0,-6.699903309E-2,1.036570740E1,1.072249512E1
1.344458531E1,3.120240688E0,-5.312066078E-1,9.657432556E0,1.016287784E1
1.344696083E1,-3.192025423E0,3.732803464E-1,1.003071213E1,1.053297443E1
1.344933635E1,2.818745136E0,-3.302095234E-1,1.049970531E1,1.087649641E1
1.345171187E1,-3.718446493E0,4.307080805E-2,8.470592499E0,9.250926262E0
1.345408734E1,2.464607239E0,6.699903309E-2,1.197368431E1,1.222488829E1
1.345646286E1,-1.823330879E0,-7.178468257E-2,8.044670105E0,8.249024526E0
1.345883838E1,6.173482537E-1,-3.637090325E-1,1.164826107E1,1.167027802E1
1.346121390E1,4.498506486E-1,2.871387079E-2,8.719446182E0,8.731089956E0
1.346358942E1,-1.560120344E0,-1.052841991E-1,1.083470058E1,1.094695378E1
1.346596495E1,2.703889608E0,-3.493520916E-1,9.422935486E0,9.809422973E0
1.346834046E1,-2.794816732E0,-2.392822653E-1,1.001635551E1,1.040171305E1
1.347071599E1,3.134597778E0,7.178468257E-2,1.040877819E1,1.087076445E1
1.347309151E1,-3.617947817E0,4.498506486E-1,8.949156761E0,9.663297509E0
1.347546703E1,3.254238844E0,-5.838487148E-1,1.127498055E1,1.174972919E1
1.347784255E1,-2.541177750E0,7.992027402E-1,8.379665375E0,8.792900612E0
1.348021807E1,1.421336651E0,-5.024927258E-1,1.146640587E1,1.156508367E1
1.348259354E1,-6.891329288E-1,-9.092725813E-2,8.561519623E0,8.589690926E0
1.348496911E1,1.435693651E-1,6.699903309E-2,1.135155106E1,1.135265662E1
1.348734463E1,1.459621787E0,-1.387837082E-1,8.920442581E0,9.040135647E0
1.348972015E1,-2.158325911E0,-3.349951804E-1,1.030827999E1,1.053713571E1
1.349209562E1,3.086741209E0,1.435693540E-2,9.777072906E0,1.025277192E1
1.349447114E1,-3.192025423E0,2.488535494E-1,9.719645500E0,1.023339939E1
1.349684666E1,3.527020693E0,-4.163511395E-1,1.082034397E1,1.138828639E1
1.349922218E1,-3.292523861E0,1.435693651E-1,8.542376518E0,9.156064772E0
1.350159765E1,2.507678032E0,7.657032460E-2,1.151426220E1,1.178441963E1
1.350397323E1,-2.335394859E0,1.100698411E-1,8.087740898E0,8.418891694E0
1.350634875E1,1.378265858E0,-3.302095234E-1,1.187318611E1,1.195747480E1
1.350872427E1,1.818545163E-1,3.014956415E-1,8.824729919E0,8.831751176E0
1.351109979E1,-1.426122308E0,-5.790630579E-1,1.057627583E1,1.068769148E1
1.351347531E1,2.206182480E0,-2.871387303E-1,9.236295700E0,9.500465675E0
1.351585083E1,-2.445464849E0,2.057827413E-1,1.048534870E1,1.076871312E1
1.351822635E1,2.971885681E0,-3.972085714E-1,9.934999466E0,1.037757648E1
1.352060187E1,-3.689732552E0,-2.201396823E-1,9.102297783E0,9.824174912E0
1.352297739E1,3.120240688E0,-1.292124242E-1,1.123190975E1,1.165797557E1
1.352535291E1,-3.211168051E0,2.392822653E-1,8.489734650E0,9.079892658E0
1.352772838E1,2.163111687E0,-4.929214716E-1,1.164826107E1,1.185765616E1
1.353010396E1,-1.593619823E0,2.871387079E-2,8.566305161E0,8.713325010E0
1.353247942E1,-6.221338734E-2,-3.397808075E-1,1.125105190E1,1.125635334E1
1.353485495E1,7.752745152E-1,-3.780659735E-1,8.781659126E0,8.823917580E0
1.353723046E1,-1.469193101E0,-2.919243574E-1,1.109312534E1,1.119380088E1
1.353960599E1,2.182254314E0,-1.004985496E-1,9.102297783E0,9.360777680E0
1.354198151E1,-3.464807272E0,-3.637090325E-1,9.915857315E0,1.051006184E1
1.354435703E1,3.598805189E0,-5.312066078E-1,1.062891865E1,1.123421074E1
1.354673255E1,-3.522234917E0,3.062812984E-1,8.992227554E0,9.662303216E0
1.354910807E1,2.656033039E0,-3.732803464E-1,1.126540947E1,1.158029793E1
1.355148359E1,-3.062813044E0,-7.178468257E-2,8.188239098E0,8.742610382E0
1.355385911E1,1.555334687E0,-1.531406492E-1,1.193061352E1,1.203254158E1
1.355623463E1,-5.742774606E-1,-1.531406492E-1,8.422736168E0,8.443679957E0
1.355861015E1,-3.876372576E-1,-5.599204898E-1,1.129412270E1,1.131463570E1
1.356098567E1,1.335195065E0,4.785645381E-2,8.891729355E0,8.991545308E0
1.356336120E1,-2.407179594E0,-9.571290761E-2,1.035135078E1,1.062798841E1
1.356573666E1,3.282952785E0,-5.120640397E-1,9.911071777E0,1.045319723E1
1.356811218E1,-3.129812002E0,-9.571290761E-2,9.470791817E0,9.975007858E0
1.357048771E1,3.048455954E0,-3.828516230E-2,1.084905815E1,1.126927736E1
1.357286323E1,-3.474378586E0,4.019941986E-1,8.499305725E0,9.190816270E0
1.357523875E1,2.732603550E0,-7.465606928E-1,1.147119141E1,1.181578213E1
1.357761427E1,-1.660618901E0,6.699903607E-1,8.609375954E0,8.793628178E0
1.357998979E1,6.604190469E-1,-7.130611539E-1,1.121755219E1,1.125957755E1
1.358236531E1,3.732803464E-1,-2.823530734E-1,8.700303078E0,8.712883284E0
1.358474083E1,-9.332008362E-1,5.264209956E-2,1.095912743E1,1.099891399E1
1.358711635E1,2.344966173E0,-3.876372576E-1,9.389435768E0,9.685588936E0
1.358949187E1,-2.703889608E0,-4.354937077E-1,9.824930191E0,1.019950622E1
1.359186739E1,3.397808075E0,-1.244267747E-1,1.040877819E1,1.095003403E1
1.359424291E1,-3.397808075E0,2.632105052E-1,9.188439369E0,9.800091710E0
1.359661843E1,3.421736479E0,-5.455635786E-1,1.125583744E1,1.177708778E1
1.359899396E1,-2.861815929E0,9.092725813E-2,8.427521706E0,8.900639319E0
1.360136942E1,1.847259045E0,-1.627119333E-1,1.162433243E1,1.177131877E1
1.360374494E1,-1.138983607E0,-1.483550072E-1,8.398807526E0,8.476984176E0
1.360612046E1,4.450650215E-1,-6.221339107E-1,1.161476135E1,1.163992331E1
1.360849599E1,1.454836130E0,1.292124242E-1,9.131011009E0,9.247086356E0
1.361087151E1,-2.105684042E0,-6.029912829E-1,1.016471100E1,1.039802161E1
1.361324703E1,3.005385160E0,-4.689932466E-1,9.757930756E0,1.022103259E1
1.361562255E1,-2.809173822E0,3.206382394E-1,1.008335495E1,1.047226401E1
1.361799807E1,3.383451223E0,-6.269195080E-1,1.046620655E1,1.101736129E1
1.362037359E1,-3.393022537E0,-1.435693540E-2,8.695517540E0,9.334068424E0
1.362274911E1,2.727817774E0,-7.178468257E-2,1.153340530E1,1.185181761E1
1.362512463E1,-2.277967215E0,7.657032460E-2,8.269595146E0,8.577948562E0
1.362750015E1,1.641476393E0,-5.886343718E-1,1.172483063E1,1.185380059E1
1.362987567E1,-8.614161611E-2,1.435693540E-2,8.843872070E0,8.844303234E0
1.363225120E1,-9.379864931E-1,-2.105683982E-1,1.091605663E1,1.095830508E1
1.363462672E1,2.024327993E0,-4.115654826E-1,8.953942299E0,9.189144284E0
1.363700224E1,-2.076970100E0,-4.785645381E-2,1.073420238E1,1.093339819E1
1.363937771E1,3.019742250E0,-2.344966233E-1,9.566504478E0,1.003453237E1
1.364175317E1,-3.570091486E0,-1.196411327E-1,9.408578873E0,1.006385729E1
1.364412875E1,3.531806231E0,-2.584248483E-1,1.105962658E1,1.161274208E1
1.364650427E1,-3.024527788E0,3.254238665E-1,8.470592499E0,9.000255903E0
1.364887979E1,2.311466694E0,-3.110669553E-1,1.158126163E1,1.181377425E1
1.365125531E1,-1.603191137E0,2.392822690E-2,8.307880402E0,8.461186155E0
1.365363083E1,5.264210105E-1,-1.148554832E-1,1.157647610E1,1.158900814E1
1.365600635E1,9.667003751E-1,-1.052841991E-1,8.657232285E0,8.711674076E0
1.365838187E1,-1.435693622E0,-4.402793646E-1,1.068634605E1,1.079134163E1
1.366075739E1,2.474178553E0,1.052841991E-1,9.341579437E0,9.664251169E0
1.366313291E1,-3.077169895E0,1.148554832E-1,9.796216011E0,1.026878836E1
1.366550843E1,3.646661758E0,-5.647061467E-1,1.041356373E1,1.104804709E1
1.366788396E1,-3.244667530E0,3.110669553E-1,8.992227554E0,9.564767975E0
1.367025948E1,2.703889608E0,-2.009970993E-1,1.108833981E1,1.141502074E1
1.367263500E1,-2.885744095E0,1.100698411E-1,8.149953842E0,8.646466445E0
1.367501052E1,1.990828395E0,-2.297109663E-1,1.201675510E1,1.218271596E1
1.367738599E1,-4.211367965E-1,4.307080805E-2,8.312665939E0,8.323438371E0
1.367976151E1,-6.412764788E-1,-4.450650215E-1,1.116491032E1,1.119216426E1
1.368213703E1,1.780260086E0,-1.339980662E-1,8.877371788E0,9.055109680E0
1.368451255E1,-2.153540373E0,-3.828516230E-2,1.047099209E1,1.069022344E1
1.368688807E1,3.187239647E0,-4.067798555E-1,1.007856941E1,1.057835185E1
1.368926359E1,-3.144168854E0,-1.770688742E-1,9.293723106E0,9.812769250E0
1.369163911E1,3.297309637E0,-4.307080805E-2,1.090648556E1,1.139410080E1
1.369401463E1,-3.445664644E0,1.148554832E-1,8.408378601E0,9.087718488E0
1.369639015E1,2.794816732E0,-4.929214716E-1,1.174397373E1,1.208200692E1
1.369876567E1,-1.603191137E0,3.876372576E-1,8.542376518E0,8.700154082E0
1.370114120E1,2.919243574E-1,-7.082754970E-1,1.112662506E1,1.115296639E1
1.370351672E1,7.704889178E-1,-2.967100143E-1,8.839086533E0,8.877563896E0
1.370589224E1,-8.470591903E-1,-5.264209956E-2,1.105962658E1,1.109214229E1
1.370826776E1,2.225325108E0,-2.871387303E-1,9.212367058E0,9.481678506E0
1.371064328E1,-3.062813044E0,-3.972085714E-1,9.810572624E0,1.028522890E1
1.371301875E1,3.751945972E0,-2.584248483E-1,1.058106136E1,1.122954770E1
1.371539427E1,-3.412165165E0,1.579262912E-1,9.073583603E0,9.695242711E0
1.371776979E1,3.029313564E0,-4.642075896E-1,1.132762241E1,1.173487362E1
1.372014531E1,-2.708675146E0,2.871387079E-2,8.528019905E0,8.947897464E0
1.372252083E1,1.464407444E0,-1.244267747E-1,1.157169056E1,1.166464717E1
1.372489635E1,-7.657032609E-1,-3.158525825E-1,8.374878883E0,8.415738865E0
1.372727187E1,-1.531406492E-1,-6.125625968E-1,1.144247818E1,1.145988621E1
1.372964739E1,1.540977836E0,1.674975902E-1,9.040083885E0,9.172010945E0
1.373202291E1,-2.699103832E0,-4.019941986E-1,1.020299530E1,1.056162269E1
1.373439843E1,3.182454109E0,-4.594219327E-1,9.772287369E0,1.028769571E1
1.373677396E1,-3.043670416E0,2.727817893E-1,9.982855797E0,1.044010294E1
1.373914948E1,2.813959360E0,-5.790630579E-1,1.038006496E1,1.077030315E1
1.374152500E1,-3.627519131E0,6.699903309E-2,8.666803360E0,9.395576853E0
1.374390052E1,2.483749866E0,-5.742774159E-2,1.195454216E1,1.220997091E1
1.374627604E1,-1.875972986E0,-1.435693651E-1,7.829315662E0,8.052209048E0
1.374865151E1,5.742774606E-1,-4.833501875E-1,1.184447193E1,1.186823228E1
1.375102703E1,4.546363056E-1,9.571290575E-3,8.791230202E0,8.802983258E0
1.375340255E1,-1.674975872E0,-1.435693651E-1,1.065763187E1,1.078940561E1
1.375577807E1,2.627319336E0,-4.163511395E-1,9.451649666E0,9.818851082E0
1.375815359E1,-2.837887764E0,-2.679961324E-1,1.008335495E1,1.047852451E1
1.376052911E1,3.105883837E0,1.435693540E-2,1.019820976E1,1.066068492E1
1.376290463E1,-3.795016766E0,1.674975902E-1,8.963513374E0,9.735233932E0
1.376528015E1,3.225524902E0,-5.742774606E-1,1.135633659E1,1.181948334E1
1.376765567E1,-2.598605394E0,6.891329288E-1,8.508877754E0,8.923488938E0
1.377003120E1,1.311266780E0,-5.742774606E-1,1.133240795E1,1.142246406E1
1.377240672E1,-6.173482537E-1,-2.297109663E-1,8.542376518E0,8.567734973E0
1.377478224E1,-8.135596663E-2,9.571290575E-3,1.131326580E1,1.131356237E1
1.377715776E1,1.502692580E0,-2.536391914E-1,8.930013657E0,9.059114843E0
1.377953323E1,-2.210968018E0,-5.072783828E-1,1.036570740E1,1.061101318E1
1.378190875E1,3.263810158E0,1.435693651E-1,9.963713646E0,1.048564059E1
1.378428427E1,-3.407379389E0,2.392822690E-2,9.446864128E0,1.004261165E1
1.378665979E1,3.641875982E0,-3.828516304E-1,1.106919765E1,1.165920121E1
1.378903531E1,-3.158525944E0,1.052841991E-1,8.580661774E0,9.144130761E0
1.379141083E1,2.321038008E0,-3.828516230E-2,1.143290615E1,1.166619159E1
1.379378635E1,-1.928615093E0,1.100698411E-1,8.327022552E0,8.548156300E0
1.379616187E1,1.000199914E0,-5.359922647E-1,1.181575775E1,1.187012295E1
1.379853739E1,7.704889178E-1,3.254238665E-1,8.748159409E0,8.788051371E0
1.380091291E1,-1.746760488E0,-6.317051649E-1,1.055234814E1,1.071458234E1
1.380328843E1,2.679961443E0,-2.679961324E-1,9.403793335E0,9.781888588E0
1.380566396E1,-2.703889608E0,2.775674164E-1,1.017906761E1,1.053572400E1
1.380803948E1,3.192025423E0,-4.929214716E-1,1.041356373E1,1.090294948E1
1.381041500E1,-3.589233875E0,1.914258115E-2,8.906085968E0,9.602152546E0
1.381279052E1,2.952743053E0,-6.221338734E-2,1.135633659E1,1.173409318E1
1.381516604E1,-2.780459881E0,1.770688742E-1,8.456234932E0,8.903382490E0
1.381754156E1,1.655833244E0,-5.168496966E-1,1.159083271E1,1.171991127E1
1.381991708E1,-6.939185858E-1,8.614161611E-2,8.886942863E0,8.914409506E0
1.382229255E1,-6.987041831E-1,-1.866401732E-1,1.105962658E1,1.108324691E1
1.382466807E1,1.469193101E0,-3.637090325E-1,8.685946465E0,8.816829283E0
1.382704359E1,-2.167897224E0,-9.571290761E-2,1.099262714E1,1.120476643E1
1.382941911E1,2.780459881E0,-9.092725813E-2,9.437292099E0,9.838785854E0
1.383179458E1,-3.790230989E0,-1.674975902E-1,9.466006279E0,1.019799889E1
1.383417015E1,3.460021496E0,-2.871387303E-1,1.110269737E1,1.163288813E1
1.383654567E1,-3.349951744E0,4.019941986E-1,8.528019905E0,9.171199459E0
1.383892120E1,2.230110645E0,-2.967100143E-1,1.139462185E1,1.161459588E1
1.384129666E1,-2.167897224E0,2.871387079E-2,8.470592499E0,8.743657138E0
1.384367224E1,6.269195080E-1,-1.579262912E-1,1.164826107E1,1.166618853E1
1.384604776E1,3.589234054E-1,-6.221338734E-2,8.528019905E0,8.535796390E0
1.384842328E1,-1.426122308E0,-5.359922647E-1,1.093041420E1,1.103608024E1
1.385079880E1,2.234896421E0,1.244267747E-1,9.303294182E0,9.568778745E0
1.385317432E1,-3.144168854E0,1.052841991E-1,9.930213928E0,1.041662283E1
1.385554984E1,3.412165165E0,-4.881358147E-1,1.051884842E1,1.106920592E1
1.385792531E1,-3.349951744E0,2.153540403E-1,9.073583603E0,9.674630404E0
1.386030083E1,2.746960402E0,-1.292124242E-1,1.100698376E1,1.134531528E1
1.386267635E1,-3.105883837E0,1.627119333E-1,8.370093346E0,8.929247012E0
1.386505187E1,1.976471543E0,-1.962114573E-1,1.195932770E1,1.212313729E1
1.386742739E1,-7.848458290E-1,1.531406492E-1,8.226524353E0,8.265297210E0
1.386980291E1,-5.264210105E-1,-5.072783828E-1,1.125105190E1,1.127477802E1
1.387217843E1,1.579262972E0,-8.614161611E-2,8.953942299E0,9.092556000E0
1.387455396E1,-2.292324066E0,9.571290575E-3,1.033220863E1,1.058344823E1
1.387692948E1,3.014956474E0,-3.014956415E-1,9.944570541E0,1.039592927E1
1.387930500E1,-3.206382275E0,-2.919243574E-1,9.418149948E0,9.953273611E0
1.388168052E1,3.302095175E0,1.148554832E-1,1.089212894E1,1.138224483E1
1.388405604E1,-3.622733593E0,1.914258152E-1,8.432307243E0,9.179577767E0
1.388643156E1,2.751745939E0,-4.115654826E-1,1.178225899E1,1.210632557E1
1.388880708E1,-1.765903115E0,4.211367965E-1,8.484949112E0,8.676988616E0
1.389118255E1,2.392822653E-1,-5.551348329E-1,1.112662506E1,1.114303441E1
1.389355812E1,5.790630579E-1,-1.100698411E-1,8.829515457E0,8.849167905E0
1.389593359E1,-1.043270707E0,-9.571290575E-3,1.103091240E1,1.108014141E1
1.389830911E1,2.096112728E0,-1.770688742E-1,9.059226990E0,9.300249223E0
1.390068463E1,-3.215953588E0,-3.206382394E-1,9.891928673E0,1.040650850E1
1.390306015E1,3.670589924E0,1.435693651E-1,1.070070267E1,1.131365901E1
1.390543567E1,-3.646661758E0,5.742774159E-2,8.623732567E0,9.363236797E0
1.390781120E1,2.890529871E0,-2.584248483E-1,1.139462185E1,1.175837376E1
1.391018672E1,-2.694318295E0,1.579262912E-1,8.537590981E0,8.954035489E0
1.391256224E1,1.426122308E0,-9.571290575E-3,1.153819084E1,1.162599520E1
1.391493776E1,-6.412764788E-1,-1.100698411E-1,8.322237015E0,8.347633187E0
1.391731328E1,-4.833501875E-1,-4.594219327E-1,1.132762241E1,1.134723426E1
1.391968880E1,1.765903115E0,1.435693651E-1,9.006584167E0,9.179193011E0
1.392206432E1,-2.746960402E0,4.785645287E-3,1.025085258E1,1.061253000E1
1.392443984E1,3.072384357E0,-4.067798555E-1,9.667003632E0,1.015164887E1
1.392681536E1,-3.220739365E0,2.871387303E-1,9.810572624E0,1.032971180E1
1.392919083E1,3.211168051E0,-2.919243574E-1,1.059541893E1,1.107518498E1
1.393156640E1,-3.589233875E0,3.541377485E-1,8.456234932E0,9.193254189E0
1.393394187E1,2.033899307E0,-2.392822690E-2,1.171047401E1,1.188581173E1
1.393631739E1,-1.263410330E0,7.178468257E-2,8.298309326E0,8.394241858E0
1.393869291E1,2.775674164E-1,-4.881358147E-1,1.145204926E1,1.146580797E1
1.394106843E1,9.332008362E-1,7.178468257E-2,8.901300430E0,8.950372405E0
1.394344396E1,-2.263610125E0,1.866401732E-1,1.056670475E1,1.080805323E1
1.394581948E1,3.058027267E0,-3.876372576E-1,9.394221306E0,9.887021157E0
1.394819500E1,-3.144168854E0,-4.307080805E-1,9.801001549E0,1.030198712E1
1.395057052E1,3.373879910E0,1.866401732E-1,1.087298584E1,1.138594402E1
1.395294604E1,-3.838087559E0,4.402793646E-1,8.379665375E0,9.227326472E0
1.395532156E1,2.785245657E0,-6.269195080E-1,1.156211948E1,1.190937565E1
1.395769708E1,-1.842473388E0,4.402793646E-1,8.633303642E0,8.838692544E0
1.396007260E1,7.561319470E-1,-5.838487148E-1,1.110748291E1,1.114848830E1
1.396244812E1,1.100698411E-1,-5.264209956E-2,8.805587769E0,8.806433019E0
1.396482364E1,-9.523434043E-1,-1.579262912E-1,1.117926693E1,1.122086930E1
1.396719916E1,2.378465652E0,-2.775674164E-1,8.963513374E0,9.277861529E0
1.396957463E1,-2.718246460E0,-3.972085714E-1,1.015513897E1,1.052014667E1
1.397195015E1,3.345165968E0,1.100698411E-1,1.034177971E1,1.086989688E1
1.397432567E1,-3.637090445E0,1.196411327E-1,8.896514893E0,9.612009058E0
1.397670120E1,3.421736479E0,-4.546363056E-1,1.145204926E1,1.196095343E1
1.397907672E1,-2.646461725E0,1.770688742E-1,8.518448830E0,8.921831847E0
1.398145224E1,1.483550072E0,-2.249253243E-1,1.131326580E1,1.141233961E1
1.398382776E1,-5.551348329E-1,-3.828516230E-2,8.595019341E0,8.613013288E0
1.398620328E1,-1.914258152E-1,-4.929214716E-1,1.132283688E1,1.133517756E1
1.398857880E1,1.981257200E0,1.435693651E-1,9.087940216E0,9.302507706E0
1.399095432E1,-2.641676188E0,-6.077769399E-1,1.004506969E1,1.040438711E1
1.399332984E1,3.402593851E0,-8.614161611E-2,1.012164021E1,1.067860786E1
1.399570536E1,-3.215953588E0,2.057827413E-1,9.389435768E0,9.927044276E0
1.399808088E1,3.282952785E0,-3.445664644E-1,1.095434189E1,1.144089644E1
1.400045640E1,-3.273381472E0,-2.392822690E-2,8.475378036E0,9.085572722E0
1.400283187E1,2.335394859E0,1.722832322E-1,1.175354481E1,1.198455532E1
1.400520739E1,-1.517049551E0,-3.349951655E-2,8.126026154E0,8.266490344E0
1.400758291E1,4.067798555E-1,-7.178468108E-1,1.136112213E1,1.139104341E1
1.400995843E1,1.196411371E0,2.440679073E-1,9.202795982E0,9.283448885E0
1.401233396E1,-2.206182480E0,0.000000000E0,1.032742214E1,1.056043982E1
1.401470948E1,2.794816732E0,-4.833501875E-1,9.365508080E0,9.785569455E0
1.401708500E1,-3.010170937E0,-8.614161611E-2,1.021256733E1,1.064730393E1
1.401946052E1,3.215953588E0,-1.244267747E-1,1.045184898E1,1.093613216E1
1.402183604E1,-3.871587038E0,9.571290761E-2,8.618947029E0,9.449052600E0
1.402421151E1,2.641676188E0,-9.571290761E-2,1.175833035E1,1.205180263E1
1.402658708E1,-2.311466694E0,1.100698411E-1,8.145168304E0,8.467512052E0
1.402896260E1,9.284151793E-1,-5.551348329E-1,1.159561825E1,1.164596462E1
1.403133812E1,-1.483550072E-1,-6.221338734E-2,8.886942863E0,8.888398797E0
1.403371364E1,-1.617548108E0,1.914258115E-2,1.077248764E1,1.089326940E1
1.403608911E1,2.416750908E0,-4.019941986E-1,9.303294182E0,9.620476439E0
1.403846463E1,-2.890529871E0,-7.417750359E-1,1.020778179E1,1.063504594E1
1.404084015E1,2.976671457E0,2.536391914E-1,1.047577763E1,1.089343025E1
1.404321567E1,-3.952943087E0,2.153540403E-1,8.915657043E0,9.755053917E0
1.404559120E1,3.158525944E0,-6.077769399E-1,1.137547874E1,1.182147180E1
1.404796672E1,-2.809173822E0,2.153540403E-1,8.494520187E0,8.949564690E0
1.405034224E1,1.344766378E0,-4.019941986E-1,1.144726372E1,1.153298932E1
1.405271776E1,-1.019342422E0,-1.244267747E-1,8.662017822E0,8.722676983E0
1.405509328E1,-1.483550072E-1,-2.919243574E-1,1.140897846E1,1.141367682E1
1.405746880E1,1.555334687E0,-1.387837082E-1,8.867800713E0,9.004233248E0
1.405984432E1,-2.483749866E0,-5.982056856E-1,1.036092186E1,1.067124947E1
1.406221984E1,3.177668571E0,3.828516230E-2,9.915857315E0,1.041264950E1
1.406459536E1,-3.565305710E0,2.871387079E-2,9.509077072E0,1.015552933E1
1.406697088E1,3.469592810E0,-3.924229145E-1,1.092562866E1,1.147002318E1
1.406934640E1,-3.105883837E0,-1.914258115E-2,8.657232285E0,9.197529651E0
1.407172187E1,2.239681959E0,9.571290761E-2,1.165304661E1,1.186671106E1
1.407409745E1,-1.727617979E0,-1.339980662E-1,7.987242222E0,8.173044578E0
1.407647291E1,7.561319470E-1,-5.599204898E-1,1.176311588E1,1.180068395E1
1.407884843E1,1.239482164E0,2.871387303E-1,9.073583603E0,9.162351450E0
1.408122396E1,-2.038684845E0,-6.125625968E-1,1.022692394E1,1.044612091E1
1.408359948E1,3.010170937E0,-2.009970993E-1,9.566504478E0,1.003092901E1
1.408597500E1,-2.857030153E0,2.679961324E-1,1.021256733E1,1.060806178E1
1.408835052E1,3.316452265E0,-4.594219327E-1,1.023170948E1,1.076558419E1
1.409072604E1,-3.431307554E0,-5.742774159E-2,8.853444099E0,9.495295777E0
1.409310156E1,2.914458036E0,2.392822653E-1,1.172004509E1,1.207935340E1
1.409547708E1,-2.263610125E0,-5.742774159E-2,7.781459332E0,8.104217301E0
1.409785260E1,1.138983607E0,-6.747759581E-1,1.164826107E1,1.172325007E1
1.410022812E1,4.259224236E-1,3.445664644E-1,9.064012527E0,9.080553896E0
1.410260359E1,-1.512263894E0,-3.062812984E-1,1.052841949E1,1.064088189E1
1.410497916E1,2.493321180E0,-3.972085714E-1,9.217152596E0,9.556690176E0
1.410735468E1,-2.689532757E0,-2.344966233E-1,1.036570740E1,1.071151086E1
1.410973015E1,3.163311481E0,-1.100698411E-1,1.023649502E1,1.071468549E1
1.411210567E1,-3.876372576E0,9.571290575E-3,8.934800148E0,9.739456332E0
1.411448120E1,2.971885681E0,-3.158525825E-1,1.146162033E1,1.184485576E1
1.411685672E1,-2.622533560E0,3.254238665E-1,8.451449394E0,8.854974863E0
1.411923218E1,1.550549030E0,-7.034898400E-1,1.142812061E1,1.155426506E1
1.412160776E1,-7.465606928E-1,-1.722832322E-1,8.724231720E0,8.757810998E0
1.412398328E1,-7.465606928E-1,3.828516230E-2,1.112662506E1,1.115170856E1
1.412635880E1,2.048256159E0,-4.307080805E-1,9.102297783E0,9.339844092E0
1.412873432E1,-2.574677229E0,-8.662018180E-1,1.021735287E1,1.057230193E1
1.413110984E1,3.110669374E0,2.727817893E-1,1.039442158E1,1.085332547E1
1.413348536E1,-3.728017569E0,1.435693540E-2,9.078369141E0,9.814026053E0
1.413586088E1,3.393022537E0,-6.269195080E-1,1.114576817E1,1.166763806E1
1.413823640E1,-2.904886723E0,1.196411327E-1,8.604590416E0,9.082491789E0
1.414061192E1,1.880758643E0,-3.972085714E-1,1.132283688E1,1.148484491E1
1.414298745E1,-1.387837172E0,1.100698411E-1,8.633303642E0,8.744834999E0
1.414536296E1,3.206382394E-1,-7.465606928E-1,1.138026428E1,1.140923209E1
1.414773843E1,1.359123230E0,9.571290761E-2,9.025727272E0,9.127986071E0
1.415011385E1,-2.043470621E0,-7.226324677E-1,1.027956581E1,1.050559104E1
1.415248948E1,3.096312523E0,-1.914258152E-1,9.906285286E0,1.038066873E1
1.415486500E1,-3.249453068E0,1.244267747E-1,9.729216576E0,1.025826898E1
1.415724052E1,3.517449379E0,-4.594219327E-1,1.061456108E1,1.119162301E1
1.415961604E1,-3.086741209E0,-1.292124242E-1,8.992227554E0,9.508145115E0
1.416199156E1,2.603390932E0,8.614161611E-2,1.128933716E1,1.158594831E1
1.416436708E1,-2.158325911E0,-4.307080805E-2,8.111668587E0,8.394009357E0
1.416674260E1,1.459621787E0,-5.503492355E-1,1.182532978E1,1.192777450E1
1.416911812E1,4.737788737E-1,2.153540403E-1,8.910871506E0,8.926055947E0
1.417149364E1,-1.316052437E0,-5.216353536E-1,1.050927734E1,1.060419765E1
1.417386916E1,2.598605394E0,-3.349951655E-2,9.274580956E0,9.631807936E0
1.417624468E1,-2.364108801E0,0.000000000E0,1.038963604E1,1.065521222E1
1.417862015E1,3.263810158E0,-3.589234054E-1,9.954142570E0,1.048170964E1
1.418099567E1,-3.369094372E0,2.392822690E-2,9.020941734E0,9.629577313E0
1.418337120E1,3.345165968E0,1.962114573E-1,1.153819084E1,1.201492747E1
1.418574672E1,-2.727817774E0,8.135596663E-2,7.814958572E0,8.277752478E0
1.418812224E1,1.842473388E0,-5.168496966E-1,1.151904774E1,1.167691323E1
1.419049776E1,-3.732803464E-1,3.110669553E-1,9.164510727E0,9.177382946E0
1.419287328E1,-3.684946895E-1,-2.105683982E-1,1.069113159E1,1.069955243E1
1.419524880E1,1.761117458E0,-1.579262912E-1,9.059226990E0,9.230171671E0
1.419762432E1,-1.895115495E0,-4.402793646E-1,1.044227791E1,1.062198082E1
1.419999984E1,2.904886723E0,2.105683982E-1,9.901499748E0,1.032096910E1
1.420237536E1,-3.388236761E0,1.387837082E-1,9.370293617E0,9.965029440E0
1.420475088E1,3.345165968E0,-4.785645306E-1,1.068634605E1,1.120790575E1
1.420712635E1,-2.962314367E0,4.737788737E-1,8.949156761E0,9.438600509E0
1.420950192E1,2.321038008E0,-3.876372576E-1,1.097348499E1,1.122296097E1
1.421187744E1,-2.024327993E0,1.531406492E-1,8.537590981E0,8.775637620E0
1.421425296E1,7.848458290E-1,-1.435693651E-1,1.151904774E1,1.154664696E1
1.421662843E1,7.657032609E-1,-1.244267747E-1,8.748159409E0,8.782486922E0
1.421900396E1,-1.493121386E0,-7.704889178E-1,1.055234814E1,1.068527566E1
1.422137948E1,2.455035925E0,2.823530734E-1,9.600004196E0,9.912971563E0
1.422375500E1,-3.306880951E0,-6.221338734E-2,9.877572060E0,1.041660991E1
1.422613052E1,3.613162279E0,-4.019941986E-1,1.043749237E1,1.105250144E1
1.422850604E1,-3.383451223E0,-2.440679073E-1,9.035298347E0,9.651110172E0
1.423088156E1,2.732603550E0,1.531406492E-1,1.137069321E1,1.169543664E1
1.423325708E1,-3.053241730E0,9.571290761E-2,8.039883614E0,8.600649658E0
1.423563260E1,1.751546144E0,-6.412764788E-1,1.186840057E1,1.201407847E1
1.423800812E1,-2.536391914E-1,3.206382394E-1,8.839086533E0,8.848536176E0
1.424038364E1,-7.800601721E-1,-8.470591903E-1,1.072463131E1,1.078627461E1
1.424275916E1,1.651047587E0,-1.004985496E-1,9.131011009E0,9.279623923E0
1.424513468E1,-2.316252232E0,-5.742774159E-2,1.048534870E1,1.073828942E1
1.424751021E1,3.120240688E0,-3.876372576E-1,9.934999466E0,1.042067076E1
1.424988573E1,-3.369094372E0,-5.072783828E-1,9.236295700E0,9.844657765E0
1.425226125E1,3.206382275E0,2.201396823E-1,1.129412270E1,1.174251064E1
1.425463672E1,-3.440878868E0,2.871387079E-2,8.207381248E0,8.899526888E0
1.425701224E1,2.325823545E0,-6.077769399E-1,1.159083271E1,1.183749344E1
1.425938776E1,-1.287338614E0,1.292124242E-1,9.174081802E0,9.264864461E0
1.426176328E1,2.153540403E-1,-3.062812984E-1,1.095434189E1,1.096073865E1
1.426413880E1,5.694918036E-1,-2.536391914E-1,8.676374435E0,8.698742846E0
1.426651432E1,-1.201196909E0,-4.402793646E-1,1.100219822E1,1.107632997E1
1.426888984E1,2.359323025E0,1.770688742E-1,9.609575272E0,9.896549673E0
1.427126536E1,-3.268595695E0,-5.072783828E-1,9.566504478E0,1.012220614E1
1.427364088E1,3.378665686E0,-1.052841991E-1,1.082512951E1,1.134063029E1
1.427601640E1,-3.330809116E0,1.722832322E-1,8.934800148E0,9.537013399E0
1.427839192E1,2.804388046E0,-3.493520916E-1,1.119841003E1,1.154950330E1
1.428076744E1,-2.847458839E0,1.004985496E-1,8.685946465E0,9.141323087E0
1.428314297E1,1.392622828E0,2.871387079E-2,1.153340530E1,1.161721398E1
1.428551843E1,-4.642075896E-1,-9.571290761E-2,8.599804878E0,8.612856297E0
1.428789396E1,-4.977070987E-1,-9.571290612E-1,1.094955635E1,1.100257209E1
1.429026948E1,1.574477315E0,3.493520916E-1,9.475577354E0,9.611846435E0
1.429264500E1,-2.732603550E0,-4.785645381E-2,1.006899738E1,1.043331782E1
1.429502052E1,3.125026464E0,-4.833501875E-1,9.834501266E0,1.033038397E1
1.429739604E1,-3.196810961E0,-7.657032460E-2,9.772287369E0,1.028217213E1
1.429977156E1,2.952743053E0,-8.135596663E-2,1.068156052E1,1.108246567E1
1.430214708E1,-3.661018610E0,2.488535494E-1,8.676374435E0,9.420427734E0
1.430452260E1,2.373680115E0,-3.732803464E-1,1.148554897E1,1.173420345E1
1.430689812E1,-1.741974831E0,2.440679073E-1,8.657232285E0,8.834122270E0
1.430927364E1,5.742774606E-1,-5.647061467E-1,1.132762241E1,1.135621932E1
1.431164916E1,1.962114573E-1,-8.614161611E-2,8.925228119E0,8.927800193E0
1.431402468E1,-1.540977836E0,-6.699903309E-2,1.078205872E1,1.089182683E1
1.431640020E1,2.464607239E0,-2.775674164E-1,9.332008362E0,9.655967718E0
1.431877573E1,-2.928814888E0,-7.704889178E-1,9.944570541E0,1.039548426E1
1.432115125E1,3.062813044E0,4.019941986E-1,1.077727318E1,1.121124615E1
1.432352666E1,-3.790230989E0,9.571290575E-3,8.618947029E0,9.415529218E0
1.432590224E1,3.192025423E0,-4.546363056E-1,1.144247818E1,1.188806239E1
1.432827776E1,-2.852244616E0,2.536391914E-1,8.542376518E0,9.009540985E0
1.433065328E1,1.282552958E0,-3.445664644E-1,1.117448139E1,1.125311968E1
1.433302880E1,-1.004985452E0,1.866401732E-1,8.906085968E0,8.964552280E0
1.433540432E1,-5.742774159E-2,-6.747759581E-1,1.108355427E1,1.110422423E1
1.433777984E1,1.272981644E0,2.249253243E-1,9.073583603E0,9.165205566E0
1.434015536E1,-2.177468538E0,-5.599204898E-1,1.024128056E1,1.048516607E1
1.434253083E1,2.809173822E0,-9.092725813E-2,9.882357597E0,1.027427452E1
1.434490640E1,-3.349951744E0,1.100698411E-1,9.528220177E0,1.010055799E1
1.434728192E1,3.326023579E0,-2.488535494E-1,1.081555843E1,1.131815644E1
1.434965744E1,-3.345165968E0,-1.196411327E-1,8.585447311E0,9.214898528E0
1.435203297E1,2.478964329E0,2.488535494E-1,1.147597694E1,1.174330614E1
1.435440849E1,-2.388036966E0,5.742774159E-2,8.063812256E0,8.410177560E0
1.435678401E1,1.325623751E0,-5.934200287E-1,1.164347458E1,1.173370896E1
1.435915953E1,1.004985496E-1,3.589234054E-1,9.016156197E0,9.023857187E0
1.436153500E1,-1.182054400E0,-3.493520916E-1,1.044706345E1,1.051952633E1
1.436391052E1,2.163111687E0,-1.722832322E-1,9.111868858E0,9.366690332E0
1.436628604E1,-2.206182480E0,-1.531406492E-1,1.033699417E1,1.057091016E1
1.436866156E1,3.043670416E0,1.435693540E-2,1.015992451E1,1.060604553E1
1.437103708E1,-3.407379389E0,-7.178468257E-2,8.901300430E0,9.531449873E0
1.437341260E1,3.192025423E0,8.614161611E-2,1.121755219E1,1.166318669E1
1.437578812E1,-2.938386202E0,2.344966233E-1,8.236095428E0,8.747706559E0
1.437816364E1,2.268395901E0,-4.594219327E-1,1.137547874E1,1.160854018E1
1.438053916E1,-1.359123230E0,2.536391914E-1,8.896514893E0,9.003306394E0
1.438291468E1,1.962114573E-1,-2.392822690E-2,1.101655579E1,1.101832895E1
1.438529020E1,1.148554921E0,-1.339980662E-1,8.815158844E0,8.890678227E0
1.438766573E1,-1.430907965E0,-7.752745152E-1,1.046142101E1,1.058725072E1
1.439004125E1,2.478964329E0,4.163511395E-1,9.805787086E0,1.012284905E1
1.439241677E1,-3.235096216E0,1.100698411E-1,9.614361763E0,1.014464958E1
1.439479224E1,3.445664644E0,-4.642075896E-1,1.035135078E1,1.091964086E1
1.439716776E1,-3.091526747E0,2.057827413E-1,9.250652313E0,9.755739459E0
1.439954328E1,2.622533560E0,-2.632105052E-1,1.091127110E1,1.122509684E1
1.440191880E1,-2.962314367E0,2.392822653E-1,8.456234932E0,8.963284646E0
1.440429432E1,1.684547186E0,-2.297109663E-1,1.160519028E1,1.172906253E1
1.440666984E1,-6.173482537E-1,0.000000000E0,8.499305725E0,8.521696819E0
1.440904536E1,-3.589234054E-1,-6.604190469E-1,1.098784161E1,1.101352089E1
1.441142088E1,1.244267821E0,1.579262912E-1,9.121439934E0,9.207269388E0
1.441379635E1,-2.517249346E0,-1.435693651E-1,1.034656525E1,1.064934593E1
1.441617192E1,3.153740168E0,-3.110669553E-1,9.772287369E0,1.027328770E1
1.441854745E1,-3.172882795E0,-5.359922647E-1,9.470791817E0,1.000251821E1
1.442092296E1,2.928814888E0,3.158525825E-1,1.118405342E1,1.156549914E1
1.442329849E1,-3.699303865E0,1.818545163E-1,8.269595146E0,9.061132602E0
1.442567401E1,2.660818815E0,-5.120640397E-1,1.168175983E1,1.199190057E1
1.442804953E1,-2.100898266E0,5.407779217E-1,8.561519623E0,8.832091062E0
1.443042505E1,5.694918036E-1,-7.274180651E-1,1.113619614E1,1.117444953E1
1.443280052E1,-5.264209956E-2,2.392822690E-2,9.174081802E0,9.174264040E0
1.443517604E1,-7.417750359E-1,-3.924229145E-1,1.092084217E1,1.095303701E1
1.443755156E1,1.674975872E0,-4.307080805E-2,9.188439369E0,9.339958100E0
1.443992708E1,-2.636890650E0,-4.881358147E-1,1.004506969E1,1.039686943E1
1.444230260E1,3.101098061E0,7.178468257E-2,1.033220863E1,1.078779391E1
1.444467812E1,-3.531806231E0,-9.571290761E-2,9.178867340E0,9.835365873E0
1.444705364E1,3.225524902E0,-3.397808075E-1,1.124148083E1,1.170001509E1
1.444942916E1,-3.053241730E0,1.292124242E-1,8.647661209E0,9.171751485E0
1.445180468E1,1.847259045E0,-1.387837082E-1,1.133719349E1,1.148754034E1
1.445418020E1,-1.646261930E0,-4.307080805E-2,8.528019905E0,8.685571768E0
1.445655573E1,8.231309652E-1,-5.790630579E-1,1.160040379E1,1.164397813E1
1.445893125E1,6.221339107E-1,2.201396823E-1,9.087940216E0,9.111869701E0
1.446130677E1,-1.785045743E0,-6.317051649E-1,1.038485050E1,1.055606743E1
1.446368229E1,2.684746981E0,-7.178468257E-2,9.576076508E0,9.945564874E0
1.446605776E1,-2.474178553E0,-1.722832322E-1,1.015992451E1,1.045826501E1
1.446843328E1,3.019742250E0,-3.062812984E-1,1.032263660E1,1.075962258E1
1.447080880E1,-3.359523058E0,-2.392822690E-2,8.973084450E0,9.581399286E0
1.447318432E1,3.034099102E0,6.221338734E-2,1.152861977E1,1.192135486E1
1.447555984E1,-2.560320139E0,5.264209956E-2,8.154739380E0,8.547384674E0
1.447793536E1,1.770688772E0,-5.838487148E-1,1.144247818E1,1.159338281E1
1.448031088E1,-5.312066078E-1,1.292124242E-1,9.145368576E0,9.161694314E0
1.448268640E1,-2.967100143E-1,-1.292124242E-1,1.092562866E1,1.093042059E1
1.448506192E1,1.679761529E0,-2.967100143E-1,8.906085968E0,9.067965753E0
1.448743745E1,-1.718046665E0,-6.125625968E-1,1.048534870E1,1.064281235E1
1.448981296E1,2.871387243E0,1.674975902E-1,9.901499748E0,1.031080101E1
1.449218849E1,-3.302095175E0,4.307080805E-2,9.504291534E0,1.006167209E1
1.449456401E1,3.388236761E0,-6.364908218E-1,1.060499001E1,1.115128163E1
1.449693953E1,-2.933600664E0,3.589234054E-1,9.097511292E0,9.565539743E0
1.449931505E1,2.498106956E0,-3.828516304E-1,1.103569794E1,1.132138431E1
1.450169052E1,-2.359323025E0,2.201396823E-1,8.551948547E0,8.874158584E0
1.450406604E1,1.086341500E0,-3.158525825E-1,1.157169056E1,1.162686214E1
1.450644156E1,2.871387303E-1,-1.339980662E-1,8.776873589E0,8.782591538E0
1.450881708E1,-9.140582681E-1,-6.556333899E-1,1.084427261E1,1.090245872E1
1.451119260E1,1.799402595E0,3.349951655E-2,9.198010445E0,9.372425943E0
1.451356812E1,-3.005385160E0,3.828516230E-2,1.016471100E1,1.059977148E1
1.451594364E1,3.579662561E0,-4.881358147E-1,1.026042366E1,1.087789292E1
1.451831916E1,-3.431307554E0,-4.737788737E-1,8.987442017E0,9.631845719E0
1.452069468E1,2.885744095E0,4.067798555E-1,1.155254745E1,1.191445935E1
1.452307021E1,-3.565305710E0,2.871387079E-2,7.958528042E0,8.720687925E0
1.452544573E1,2.129612207E0,-6.412764788E-1,1.172004509E1,1.192920536E1
1.452782125E1,-1.043270707E0,1.627119333E-1,8.882157326E0,8.944697183E0
1.453019677E1,-2.967100143E-1,-6.412764788E-1,1.093998528E1,1.096278022E1
1.453257229E1,8.374879360E-1,8.135596663E-2,8.939585686E0,8.979097787E0
1.453494781E1,-1.938186288E0,-6.364908218E-1,1.065763187E1,1.085111993E1
1.453732328E1,2.727817774E0,-2.201396823E-1,9.686145782E0,1.006533017E1
1.453969880E1,-3.144168854E0,-3.349951804E-1,9.576076508E0,1.008460514E1
1.454207432E1,2.947957516E0,-1.148554832E-1,1.071506023E1,1.111378248E1
1.454444984E1,-3.713660717E0,6.699903309E-2,8.652446747E0,9.415975759E0
1.454682536E1,2.981456995E0,-4.259224236E-1,1.162911797E1,1.201277988E1
1.454920088E1,-2.335394859E0,-9.571290761E-2,8.489734650E0,8.805613240E0
1.455157640E1,6.891329288E-1,-8.135596663E-2,1.144726372E1,1.146827666E1
1.455395192E1,4.307080805E-2,-4.067798555E-1,8.494520187E0,8.504363478E0
1.455632739E1,-7.992027402E-1,-5.168496966E-1,1.115055370E1,1.119109943E1
1.455870296E1,2.187039852E0,6.699903309E-2,9.341579437E0,9.594411841E0
1.456107849E1,-3.105883837E0,-5.838487148E-1,9.729216576E0,1.022961626E1
1.456345401E1,3.550948858E0,-1.339980662E-1,1.060977554E1,1.118903617E1
1.456582953E1,-3.297309637E0,-1.435693540E-2,8.963513374E0,9.550760649E0
1.456820505E1,3.182454109E0,-2.201396823E-1,1.128455162E1,1.172678903E1
1.457058057E1,-2.904886723E0,-8.135596663E-2,8.298309326E0,8.792435575E0
1.457295604E1,1.780260086E0,6.699903309E-2,1.172004509E1,1.185467299E1
1.457533156E1,-4.977070987E-1,-1.914258152E-1,8.532805443E0,8.549451732E0
1.457770708E1,-1.531406492E-1,-8.470591903E-1,1.090170002E1,1.093563097E1
1.458008260E1,1.694118381E0,2.297109663E-1,9.552147865E0,9.703933896E0
1.458245812E1,-2.431107759E0,-3.828516230E-2,1.010249710E1,1.039096715E1
1.458483364E1,3.378665686E0,-4.498506486E-1,9.738788605E0,1.031803038E1
1.458720916E1,-2.857030153E0,-1.674975902E-1,9.719645500E0,1.013223497E1
1.458958468E1,3.287738323E0,-8.135596663E-2,1.083470058E1,1.132283440E1
1.459196021E1,-3.436093330E0,4.354937077E-1,8.590232849E0,9.262207758E0
1.459433573E1,2.493321180E0,-6.317051649E-1,1.135633659E1,1.164397195E1
1.459671125E1,-1.363908887E0,4.402793646E-1,8.901300430E0,9.015943806E0
1.459908677E1,8.853443861E-1,-6.029912829E-1,1.119841003E1,1.124952534E1
1.460146229E1,3.445664644E-1,5.264209956E-2,8.714659691E0,8.721627759E0
1.460383781E1,-1.416550994E0,-1.866401732E-1,1.092562866E1,1.101865749E1
1.460621333E1,2.900100946E0,-3.110669553E-1,9.284152031E0,9.731537755E0
1.460858880E1,-2.737389088E0,-4.594219327E-1,9.872786522E0,1.025554880E1
1.461096432E1,3.177668571E0,1.627119333E-1,1.064327526E1,1.110870654E1
1.461333984E1,-3.862015724E0,1.722832322E-1,8.666803360E0,9.489906609E0
1.461571536E1,3.455235958E0,-3.876372576E-1,1.164347458E1,1.215151918E1
1.461809088E1,-2.512463808E0,2.297109663E-1,8.341380119E0,8.714577661E0
1.462046640E1,1.019342422E0,-3.014956415E-1,1.134197903E1,1.139168323E1
1.462284192E1,-5.264210105E-1,-1.004985496E-1,8.786444664E0,8.802773931E0
1.462521744E1,-3.206382394E-1,-2.536391914E-1,1.122233772E1,1.122978209E1
1.462759297E1,1.727617979E0,-1.292124242E-1,9.040083885E0,9.204589963E0
1.462996849E1,-2.751745939E0,-5.216353536E-1,1.001635551E1,1.040055705E1
1.463234401E1,3.211168051E0,6.221338734E-2,1.021735287E1,1.071026472E1
1.463471953E1,-3.670589924E0,-4.785645381E-2,9.241081238E0,9.943495516E0
1.463709505E1,3.402593851E0,-2.967100143E-1,1.129890823E1,1.180385568E1
1.463947057E1,-3.254238844E0,-1.292124242E-1,8.322237015E0,8.936800056E0
1.464184609E1,1.885544300E0,1.914258152E-1,1.171525955E1,1.186757041E1
1.464422156E1,-1.679761529E0,-1.866401732E-1,8.149953842E0,8.323351547E0
1.464659708E1,4.737788737E-1,-6.029912829E-1,1.145683479E1,1.148247048E1
1.464897260E1,9.619147182E-1,6.221338734E-2,9.107083321E0,9.157953758E0
1.465134812E1,-2.053041935E0,-1.148554832E-1,1.052363396E1,1.072264168E1
1.465372364E1,2.727817774E0,-4.307080805E-1,9.308079720E0,9.709111562E0
1.465609916E1,-2.967100143E0,-2.584248483E-1,1.004028416E1,1.047271563E1
1.465847468E1,3.354737282E0,-2.153540403E-1,1.071027374E1,1.122544446E1
1.466085021E1,-3.656233072E0,2.057827413E-1,8.551948547E0,9.303021594E0
1.466322573E1,2.584248543E0,-1.244267747E-1,1.142812061E1,1.171732748E1
1.466560120E1,-2.177468538E0,-9.571290575E-3,8.293522835E0,8.574612636E0
1.466797677E1,1.416550994E0,-4.594219327E-1,1.152861977E1,1.162440360E1
1.467035229E1,-3.828516230E-2,-6.221338734E-2,8.772088051E0,8.772392207E0
1.467272781E1,-1.268195987E0,1.435693540E-2,1.082034397E1,1.089441925E1
1.467510333E1,2.751745939E0,-4.833501875E-1,9.178867340E0,9.594651571E0
1.467747885E1,-2.421536446E0,-4.163511395E-1,1.007856941E1,1.037375286E1
1.467985432E1,3.182454109E0,1.196411327E-1,1.028913784E1,1.077073283E1
1.468222984E1,-3.665804386E0,1.579262912E-1,8.877371788E0,9.605768703E0
1.468460536E1,3.450450182E0,-5.551348329E-1,1.114576817E1,1.168083598E1
1.468698088E1,-2.450250387E0,5.455635786E-1,8.618947029E0,8.977060458E0
1.468935640E1,1.641476393E0,-5.024927258E-1,1.139462185E1,1.152320922E1
1.469173192E1,-8.901300430E-1,-1.292124242E-1,8.398807526E0,8.446833442E0
1.469410744E1,-2.105683982E-1,4.307080805E-2,1.140897846E1,1.141100275E1
1.469648297E1,2.100898266E0,-3.780659735E-1,8.906085968E0,9.158333619E0
1.469885843E1,-2.330609322E0,-6.173482537E-1,1.021735287E1,1.049795972E1
1.470123401E1,3.163311481E0,2.297109663E-1,1.004506969E1,1.053388494E1
1.470360953E1,-3.675375462E0,6.221338734E-2,9.255437851E0,9.958683904E0
1.470598505E1,3.871587038E0,-3.684946895E-1,1.117926693E1,1.183642613E1
1.470836057E1,-3.196810961E0,-1.004985496E-1,8.269595146E0,8.866561011E0
1.471073609E1,2.201396942E0,2.919243574E-1,1.180140114E1,1.200851519E1
1.471311156E1,-1.890329838E0,-1.435693540E-2,7.958528042E0,8.179958534E0
1.471548708E1,6.508477330E-1,-6.221339107E-1,1.167218876E1,1.170686311E1
1.471786260E1,1.100698471E0,2.679961324E-1,9.001798630E0,9.072802082E0
1.472023812E1,-1.847259045E0,-3.828516304E-1,1.047577763E1,1.064428759E1
1.472261364E1,2.502892494E0,-2.871387079E-2,9.298508644E0,9.629514958E0
1.472498916E1,-3.134597778E0,-1.387837082E-1,1.003071213E1,1.051000238E1
1.472736468E1,3.512663603E0,-3.014956415E-1,1.066720295E1,1.123471958E1
1.472974020E1,-3.407379389E0,2.536391914E-1,8.494520187E0,9.155951089E0
1.473211573E1,2.268395901E0,4.785645287E-3,1.146640587E1,1.168863150E1
1.473449125E1,-2.349751949E0,1.339980662E-1,8.264809608E0,8.593390924E0
1.473686677E1,1.464407444E0,-4.498506486E-1,1.175833035E1,1.185770582E1
1.473924224E1,5.264209956E-2,2.153540403E-1,8.767302513E0,8.770105011E0
1.474161781E1,-1.751546144E0,-3.684946895E-1,1.076291656E1,1.091073211E1
1.474399333E1,2.651247501E0,-1.483550072E-1,9.241081238E0,9.615024959E0
1.474636885E1,-2.517249346E0,-5.742774159E-2,1.040399265E1,1.070434049E1
1.474874437E1,2.947957516E0,-1.531406492E-1,1.020299530E1,1.062144146E1
1.475111984E1,-3.818944931E0,-1.483550072E-1,8.647661209E0,9.454543563E0
1.475349536E1,3.282952785E0,2.823530734E-1,1.188754272E1,1.233576809E1
1.475587088E1,-2.823530674E0,-5.264209956E-2,7.786244869E0,8.282554305E0
1.475824640E1,1.564906001E0,-2.344966233E-1,1.172961617E1,1.183586984E1
1.476062192E1,-4.881358147E-1,1.914258115E-2,8.796015739E0,8.809570699E0
1.476299745E1,-8.470591903E-1,-4.307080805E-2,1.102134132E1,1.105392821E1
1.476537297E1,2.234896421E0,-3.589234054E-1,9.054440498E0,9.333085276E0
1.476774849E1,-2.507678032E0,-4.737788737E-1,1.030349445E1,1.061484402E1
1.477012401E1,3.163311481E0,1.914258152E-1,1.016949654E1,1.065184694E1
1.477249953E1,-3.828516245E0,1.531406492E-1,9.020941734E0,9.800937632E0
1.477487505E1,3.512663603E0,-4.307080805E-1,1.129412270E1,1.183560402E1
1.477725057E1,-2.909672260E0,2.584248483E-1,8.403593063E0,8.896816984E0
1.477962609E1,1.751546144E0,-2.009970993E-1,1.148076344E1,1.161534514E1
1.478200161E1,-1.473978758E0,-1.339980662E-1,8.551948547E0,8.679077878E0
1.478437713E1,2.584248483E-1,-5.264209956E-2,1.143769264E1,1.144073282E1
1.478675260E1,1.244267821E0,-2.153540403E-1,8.882157326E0,8.971471369E0
1.478912812E1,-2.143969059E0,-4.546363056E-1,1.053799057E1,1.076348191E1
1.479150364E1,2.833101988E0,1.004985496E-1,9.600004196E0,1.000982754E1
1.479387916E1,-3.651447296E0,0.000000000E0,9.600004196E0,1.027098573E1
1.479625468E1,3.574877024E0,-2.679961324E-1,1.102134132E1,1.158971666E1
1.479863020E1,-3.397808075E0,-1.148554832E-1,8.298309326E0,8.967732666E0
1.480100573E1,2.330609322E0,2.584248483E-1,1.168175983E1,1.191478225E1
1.480338125E1,-2.565105915E0,-3.349951655E-2,7.953742504E0,8.357207093E0
1.480575677E1,1.091127157E0,-5.551348329E-1,1.176311588E1,1.182664908E1
1.480813229E1,4.019941986E-1,2.201396823E-1,8.934800148E0,8.946547630E0
1.481050781E1,-1.761117458E0,-5.072783828E-1,1.060499001E1,1.076218747E1
1.481288333E1,2.364108801E0,-2.009970993E-1,9.150154114E0,9.452763118E0
1.481525885E1,-3.081955671E0,0.000000000E0,1.028913784E1,1.074080110E1
1.481763437E1,3.263810158E0,-3.732803464E-1,1.047099209E1,1.097421844E1
1.482000989E1,-3.684946775E0,-1.387837082E-1,8.542376518E0,9.304315678E0
1.482238536E1,2.675175667E0,1.196411327E-1,1.175833035E1,1.205940344E1
1.482476093E1,-2.947957516E0,-6.221338734E-2,7.858029366E0,8.393029818E0
1.482713640E1,1.598405480E0,-4.211367965E-1,1.200239849E1,1.211568512E1
1.482951192E1,-3.828516304E-1,-2.249253243E-1,8.805587769E0,8.816776209E0
1.483188745E1,-1.177268744E0,-1.052841991E-1,1.093998528E1,1.100365050E1
1.483426296E1,1.976471543E0,-5.838487148E-1,8.977870941E0,9.211378058E0
1.483663849E1,-2.464607239E0,-1.531406492E-1,1.069113159E1,1.097260387E1
1.483901401E1,2.928814888E0,-1.531406492E-1,9.786644936E0,1.021664465E1
1.484138953E1,-3.885943890E0,-2.775674164E-1,9.102297783E0,9.900981189E0
1.484376505E1,3.383451223E0,-2.392822690E-2,1.167218876E1,1.215270773E1
1.484614057E1,-3.182454109E0,-3.349951655E-2,7.853243828E0,8.473640009E0
1.484851609E1,1.928615093E0,-3.206382394E-1,1.194018459E1,1.209918895E1
1.485089161E1,-1.158126116E0,-1.004985496E-1,8.513663292E0,8.592660747E0
1.485326713E1,-2.775674164E-1,-1.435693651E-1,1.120798111E1,1.121233679E1
1.485564265E1,1.689332843E0,-4.019941986E-1,9.078369141E0,9.242955753E0
1.485801817E1,-2.167897224E0,-5.647061467E-1,1.044706345E1,1.068455924E1
1.486039364E1,2.813959360E0,1.196411327E-1,9.858428955E0,1.025286803E1
1.486276916E1,-3.651447296E0,3.349951655E-2,9.494720459E0,1.017270398E1
1.486514468E1,3.699303865E0,-5.216353536E-1,1.102612686E1,1.164183946E1
1.486752021E1,-3.182454109E0,3.493520916E-1,8.475378036E0,9.059916882E0
1.486989573E1,2.081755638E0,-3.206382394E-1,1.163390350E1,1.182303794E1
1.487227125E1,-2.038684845E0,-1.674975902E-1,8.240880966E0,8.490960513E0
1.487464677E1,9.906286001E-1,-5.742774159E-2,1.183011532E1,1.187165833E1
1.487702229E1,6.604190469E-1,-1.962114573E-1,8.681160927E0,8.708456080E0
1.487939781E1,-1.751546144E0,-5.264210105E-1,1.059063339E1,1.074739730E1
1.488177333E1,2.632104874E0,-6.699903309E-2,9.451649666E0,9.811531294E0
1.488414885E1,-3.086741209E0,5.742774159E-2,1.006899738E1,1.053166547E1
1.488652437E1,3.416950703E0,-3.349951804E-1,1.045663452E1,1.100586114E1
1.488889989E1,-3.460021496E0,-1.579262912E-1,8.695517540E0,9.359952711E0
1.489127541E1,2.737389088E0,2.249253243E-1,1.154776192E1,1.186990715E1
1.489365088E1,-3.105883837E0,6.221338734E-2,7.795815945E0,8.391968253E0
1.489602640E1,1.923829436E0,-4.259224236E-1,1.215075302E1,1.230948125E1
1.489840192E1,-4.307080805E-1,2.297109663E-1,8.614161491E0,8.627980921E0
1.490077745E1,-9.619147182E-1,-5.072783828E-1,1.083948612E1,1.089390062E1
1.490315296E1,1.785045743E0,-1.818545163E-1,9.083154678E0,9.258680159E0
1.490552849E1,-2.335394859E0,0.000000000E0,1.064327526E1,1.089648464E1
1.490790401E1,3.086741209E0,-2.967100143E-1,9.877572060E0,1.035289515E1
1.491027953E1,-3.574877024E0,-1.818545163E-1,9.111868858E0,9.789738040E0
1.491265505E1,3.168097258E0,1.100698411E-1,1.131805134E1,1.175360548E1
1.491503057E1,-3.416950703E0,7.178468257E-2,8.035098076E0,8.731752758E0
1.491740609E1,2.455035925E0,-3.780659735E-1,1.202632618E1,1.228017332E1
1.491978161E1,-1.540977836E0,2.871387079E-2,8.451449394E0,8.590834304E0
1.492215713E1,6.699903309E-2,-4.307080805E-2,1.130848026E1,1.130876076E1
1.492453265E1,9.954141974E-1,-4.498506486E-1,8.858229637E0,8.925326175E0
1.492690817E1,-1.488335729E0,-3.254238665E-1,1.078205872E1,1.088916131E1
1.492928370E1,2.459821701E0,8.135596663E-2,9.336793900E0,9.655726897E0
1.493165916E1,-3.460021496E0,-2.967100143E-1,9.767501831E0,1.036647855E1
1.493403468E1,3.613162279E0,-2.632105052E-1,1.077727318E1,1.136986537E1
1.493641021E1,-3.340380430E0,1.770688742E-1,8.647661209E0,9.272083865E0
1.493878567E1,2.665604353E0,-2.297109663E-1,1.164347458E1,1.194691232E1
1.494116125E1,-2.656033039E0,-8.135596663E-2,8.106883049E0,8.531276755E0
1.494353677E1,1.225125194E0,-1.100698411E-1,1.177268696E1,1.183677343E1
1.494591229E1,3.349951655E-2,-2.584248483E-1,8.666803360E0,8.670720045E0
1.494828781E1,-9.188438654E-1,-6.556333899E-1,1.085862923E1,1.091714055E1
1.495066333E1,1.832902193E0,4.307080805E-2,9.212367058E0,9.393034246E0
1.495303885E1,-2.962314367E0,4.307080805E-2,1.022692394E1,1.064740038E1
1.495541437E1,3.555734396E0,-5.551348329E-1,1.012164021E1,1.074239369E1
1.495778989E1,-3.393022537E0,-1.244267747E-1,9.193224907E0,9.800176945E0
1.496016541E1,2.804388046E0,-9.571290575E-3,1.108833981E1,1.143748065E1
1.496254093E1,-3.378665686E0,3.445664644E-1,8.274380684E0,8.944243040E0
1.496491646E1,2.139183521E0,-7.274180651E-1,1.173440266E1,1.194995602E1
1.496729187E1,-1.148554921E0,4.833501875E-1,8.681160927E0,8.770140298E0
1.496966744E1,0.000000000E0,-6.556333899E-1,1.103091240E1,1.105037934E1
1.497204297E1,8.566305041E-1,-3.110669553E-1,8.800801277E0,8.847863109E0
1.497441849E1,-1.813759565E0,1.100698411E-1,1.072941685E1,1.088219762E1
1.497679401E1,2.933600664E0,-3.302095234E-1,9.470791817E0,9.920229273E0
1.497916953E1,-3.182454109E0,-4.115654826E-1,9.590433121E0,1.011305136E1
1.498154505E1,3.220739365E0,1.674975902E-1,1.079162979E1,1.126323626E1
1.498392057E1,-3.713660717E0,5.742774159E-2,8.465806961E0,9.244699096E0
1.498629609E1,3.182454109E0,-3.206382394E-1,1.183490086E1,1.225951473E1
1.498867161E1,-2.292324066E0,5.264209956E-2,8.216953278E0,8.530875804E0
1.499104713E1,9.332008362E-1,-3.349951655E-2,1.152383423E1,1.156160635E1
1.499342265E1,-3.302095234E-1,-9.092725813E-2,8.403593063E0,8.410569688E0
1.499579817E1,-3.780659735E-1,-3.780659735E-1,1.130369377E1,1.131633159E1
1.499817370E1,1.971685886E0,5.742774159E-2,8.891729355E0,9.107891858E0
1.500054922E1,-2.790031195E0,-3.924229145E-1,1.009771156E1,1.048341779E1
1.500292468E1,3.460021496E0,-1.100698411E-1,1.034656525E1,1.091032889E1
1.500530021E1,-3.455235958E0,2.871387079E-2,9.083154678E0,9.718188047E0
1.500767573E1,3.407379389E0,-1.962114573E-1,1.127976608E1,1.178481464E1
1.501005125E1,-3.077169895E0,9.571290575E-3,8.236095428E0,8.792174593E0
1.501242677E1,2.048256159E0,5.264209956E-2,1.173918819E1,1.191665490E1
1.501480229E1,-1.531406522E0,-6.221338734E-2,8.154739380E0,8.297520762E0
1.501717781E1,7.130611539E-1,-5.742774606E-1,1.156690502E1,1.160308332E1
1.501955333E1,9.140582681E-1,2.153540403E-1,9.011369705E0,9.060169085E0
1.502192885E1,-1.799402595E0,-2.536391914E-1,1.040399265E1,1.056149827E1
1.502430432E1,2.775674343E0,-5.551348329E-1,9.365508080E0,9.783929902E0
1.502667989E1,-2.459821701E0,2.775674164E-1,1.042313576E1,1.071305398E1
1.502905541E1,2.885744095E0,-4.977070987E-1,1.008814049E1,1.050456138E1
1.503143093E1,-3.503092289E0,-5.742774159E-2,8.819944382E0,9.490330470E0
1.503380646E1,3.125026464E0,1.100698411E-1,1.180140114E1,1.220864344E1
1.503618192E1,-2.593819857E0,-3.828516230E-2,7.972885132E0,8.384286763E0
1.503855750E1,1.564906001E0,-5.024927258E-1,1.165304661E1,1.176838668E1
1.504093297E1,-5.551348329E-1,0.000000000E0,8.819944382E0,8.837397444E0
1.504330849E1,-4.546363056E-1,-2.009970993E-1,1.099741268E1,1.100864114E1
1.504568401E1,1.871187329E0,-3.972085714E-1,9.116654396E0,9.315176007E0
1.504805953E1,-2.129612207E0,-5.503492355E-1,1.023170948E1,1.046546756E1
1.505043505E1,2.828316450E0,5.264209956E-2,9.997213364E0,1.038972666E1
1.505281057E1,-3.541377544E0,7.657032460E-2,9.408578873E0,1.005328674E1
1.505518609E1,3.507878065E0,-6.173482537E-1,1.094955635E1,1.151430031E1
1.505756161E1,-3.081955671E0,3.828516304E-1,8.614161491E0,9.156899275E0
1.505993713E1,1.976471543E0,-4.115654826E-1,1.144247818E1,1.161921395E1
1.506231265E1,-2.277967215E0,-1.100698411E-1,8.341380119E0,8.647535620E0
1.506468817E1,1.292124271E0,-2.632105052E-1,1.189711380E1,1.196996999E1
1.506706370E1,5.264209956E-2,-1.770688742E-1,8.685946465E0,8.687910598E0
1.506943922E1,-1.220339537E0,-6.556333899E-1,1.072941685E1,1.081847816E1
1.507181468E1,2.014756680E0,-1.004985496E-1,9.355937004E0,9.570940479E0
1.507419020E1,-2.660818815E0,-1.962114573E-1,1.031306553E1,1.065259482E1
1.507656573E1,3.163311481E0,-5.168496966E-1,1.022692394E1,1.071744589E1
1.507894125E1,-3.306880951E0,-2.632105052E-1,9.178867340E0,9.759935811E0
1.508131677E1,2.876172781E0,4.785645381E-2,1.117448139E1,1.153879086E1
1.508369229E1,-3.546163082E0,-4.785645287E-3,8.140382767E0,8.879252620E0
1.508606781E1,2.574677229E0,-5.264210105E-1,1.208375454E1,1.236621226E1
1.508844333E1,-1.445264935E0,3.397808075E-1,8.528019905E0,8.656290501E0
1.509081885E1,-1.914258115E-2,-7.034898400E-1,1.106919765E1,1.109154638E1
1.509319437E1,6.556333899E-1,-2.967100143E-1,8.968298912E0,8.997126061E0
1.509556989E1,-9.475577474E-1,-9.571290761E-2,1.093519974E1,1.097659419E1
1.509794541E1,2.153540373E0,-1.483550072E-1,9.183652878E0,9.433940085E0
1.510032093E1,-2.991028309E0,-4.450650215E-1,9.796216011E0,1.025232566E1
1.510269646E1,3.474378586E0,-3.349951655E-2,1.057149029E1,1.112784057E1
1.510507198E1,-3.388236761E0,6.699903309E-2,8.930013657E0,9.551428224E0
1.510744750E1,3.158525944E0,-4.594219327E-1,1.133240795E1,1.177330984E1
1.510982302E1,-2.823530674E0,1.387837082E-1,8.394021988E0,8.857267723E0
1.511219849E1,1.842473388E0,-8.614161611E-2,1.150947666E1,1.165633654E1
1.511457401E1,-1.282552958E0,-6.221338734E-2,8.389236450E0,8.486937069E0
1.511694953E1,7.322037220E-1,-6.508477330E-1,1.155254745E1,1.159401043E1
1.511932505E1,8.709874153E-1,2.440679073E-1,9.011369705E0,9.056653476E0
1.512170057E1,-1.627119422E0,-3.397808075E-1,1.044227791E1,1.057374752E1
1.512407609E1,2.675175667E0,-5.024927258E-1,9.255437851E0,9.647393099E0
1.512645161E1,-2.282752752E0,1.531406492E-1,1.053320503E1,1.077881350E1
1.512882713E1,3.019742250E0,-4.163511395E-1,9.978070259E0,1.043331575E1
1.513120265E1,-3.517449379E0,-2.392822690E-2,8.925228119E0,9.593368526E0
1.513357817E1,3.311666489E0,2.392822690E-2,1.159561825E1,1.205927320E1
1.513595370E1,-2.679961443E0,4.307080805E-2,8.006384850E0,8.443118310E0
1.513832922E1,2.024327993E0,-4.163511395E-1,1.180140114E1,1.198099833E1
1.514070474E1,-9.092726111E-1,1.531406492E-1,8.657232285E0,8.706198916E0
1.514308026E1,6.221338734E-2,-2.009970993E-1,1.109791183E1,1.109990619E1
1.514545573E1,1.478764415E0,-3.014956415E-1,9.068798065E0,9.193516311E0
1.514783125E1,-1.450050473E0,-5.599204898E-1,1.050449181E1,1.061887496E1
1.515020677E1,2.517249346E0,1.627119333E-1,9.662218094E0,9.986064186E0
1.515258229E1,-3.153740168E0,1.244267747E-1,9.667003632E0,1.016919457E1
1.515495781E1,3.694518089E0,-7.082754970E-1,1.056191921E1,1.121183551E1
1.515733333E1,-3.000599623E0,3.445664644E-1,8.997013092E0,9.490446181E0
1.515970885E1,2.488535643E0,-3.684946895E-1,1.116491032E1,1.144481631E1
1.516208437E1,-2.809173822E0,5.742774159E-2,8.293522835E0,8.756556202E0
1.516445989E1,2.096112728E0,-2.297109663E-1,1.190668583E1,1.209196523E1
1.516683541E1,-6.795616150E-1,-6.221338734E-2,8.599804878E0,8.626837105E0
1.516921093E1,-3.349951804E-1,-6.125625968E-1,1.100698376E1,1.102910450E1
1.517158646E1,1.268195987E0,-1.914258115E-2,9.131011009E0,9.218679382E0
1.517396198E1,-1.957328916E0,-1.770688742E-1,1.055713367E1,1.073850834E1
1.517633750E1,2.885744095E0,-4.067798555E-1,9.729216576E0,1.015631055E1
1.517871302E1,-2.967100143E0,-3.493520916E-1,9.633503914E0,1.008613542E1
1.518108849E1,3.072384357E0,7.178468257E-2,1.076770210E1,1.119768312E1
1.518346401E1,-3.694518089E0,1.148554832E-1,8.642875671E0,9.400104019E0
1.518583953E1,3.168097258E0,-4.977070987E-1,1.167697430E1,1.210934686E1
1.518821505E1,-2.450250387E0,5.024927258E-1,8.394021988E0,8.758757391E0
1.519059057E1,8.853443861E-1,-5.790630579E-1,1.131805134E1,1.136738469E1
1.519296609E1,-5.599204898E-1,-1.770688742E-1,8.695517540E0,8.715324987E0
1.519534161E1,-3.828516230E-2,-2.105683982E-1,1.137547874E1,1.137749188E1
1.519771713E1,1.272981644E0,-1.004985496E-1,8.882157326E0,8.973477642E0
1.520009265E1,-2.378465652E0,-5.742774606E-1,1.014078236E1,1.043179564E1
1.520246817E1,3.029313564E0,-3.828516230E-2,9.973284721E0,1.042327274E1
1.520484370E1,-3.182454109E0,4.785645287E-3,9.710074425E0,1.021829645E1
1.520721922E1,3.192025423E0,-2.967100143E-1,1.074855900E1,1.121644256E1
1.520959474E1,-3.349951744E0,4.785645287E-3,8.671588898E0,9.296163381E0
1.521197020E1,2.455035925E0,7.178468257E-2,1.149990559E1,1.175925945E1
1.521434578E1,-2.603390932E0,1.196411327E-1,7.972885132E0,8.388018578E0
1.521672125E1,1.569691658E0,-5.024927258E-1,1.182054424E1,1.193489409E1
1.521909682E1,-2.871387303E-1,2.009970993E-1,8.848658562E0,8.855597486E0
1.522147229E1,-6.891329288E-1,-1.196411327E-1,1.073898792E1,1.076174149E1
1.522384781E1,1.579262972E0,-3.014956415E-1,8.930013657E0,9.073594385E0
1.522622333E1,-1.856830359E0,-1.196411327E-1,1.068634605E1,1.084712519E1
1.522859885E1,2.694318295E0,-9.092725813E-2,9.523433685E0,9.897646589E0
1.523097437E1,-3.335594654E0,-5.742774159E-2,9.432506561E0,1.000508219E1
1.523334989E1,3.349951744E0,-8.135596663E-2,1.093519974E1,1.143710579E1
1.523572541E1,-3.220739365E0,1.674975902E-1,8.422736168E0,9.019074346E0
1.523810093E1,2.766103029E0,-2.632105052E-1,1.152383423E1,1.185408626E1
1.524047646E1,-2.321038008E0,2.584248483E-1,8.274380684E0,8.597637846E0
1.524285198E1,9.523434043E-1,-2.871387079E-2,1.143290615E1,1.147253788E1
1.524522750E1,-8.614161611E-2,-8.135596663E-2,8.796015739E0,8.796813745E0
1.524760302E1,-4.259224236E-1,-7.274180651E-1,1.093998528E1,1.097241199E1
1.524997854E1,1.493121386E0,2.679961324E-1,9.064012527E0,9.190079243E0
1.525235406E1,-2.632104874E0,3.828516230E-2,1.015992451E1,1.049540413E1
1.525472958E1,3.215953588E0,-5.886343718E-1,9.958928108E0,1.048184607E1
1.525710505E1,-2.928814888E0,2.392822653E-1,9.710074425E0,1.014498684E1
1.525948057E1,2.646461725E0,-2.249253243E-1,1.060020447E1,1.092788570E1
1.526185609E1,-3.665804386E0,7.657032460E-2,8.528019905E0,9.282839453E0
1.526423161E1,2.761317253E0,-4.785645381E-2,1.183968639E1,1.215752183E1
1.526660713E1,-2.244467735E0,1.674975902E-1,8.135597229E0,8.441186713E0
1.526898265E1,7.130611539E-1,-4.977070987E-1,1.154776192E1,1.158045655E1
1.527135817E1,-2.344966233E-1,5.264209956E-2,8.829515457E0,8.832785691E0
1.527373370E1,-9.858429432E-1,-2.105683982E-1,1.081077290E1,1.085767176E1
1.527610922E1,1.856830359E0,-3.062812984E-1,9.341579437E0,9.529256718E0
1.527848474E1,-2.282752752E0,-5.216353536E-1,1.023649502E1,1.050089967E1
1.528086026E1,2.636890650E0,8.614161611E-2,1.000199890E1,1.034410918E1
1.528323578E1,-3.656233072E0,1.435693651E-1,9.408578873E0,1.009504873E1
1.528561130E1,3.517449379E0,-6.221339107E-1,1.113141060E1,1.169050053E1
1.528798682E1,-3.153740168E0,4.067798555E-1,8.475378036E0,9.052269315E0
1.529036234E1,1.861616015E0,-3.445664644E-1,1.132762241E1,1.148474509E1
1.529273781E1,-2.191825628E0,2.392822690E-2,8.489734650E0,8.768139288E0
1.529511333E1,1.454836130E0,-2.919243574E-1,1.181097221E1,1.190381589E1
1.529748885E1,-1.244267747E-1,7.657032460E-2,8.652446747E0,8.653680127E0
1.529986437E1,-1.100698471E0,-5.551348329E-1,1.086341476E1,1.093313734E1
1.530223989E1,2.043470621E0,-3.349951655E-2,9.150154114E0,9.375618097E0
1.530461541E1,-2.431107759E0,-4.307080805E-2,1.037049294E1,1.065172586E1
1.530699093E1,3.067598581E0,-2.871387303E-1,1.008814049E1,1.054813672E1
1.530936646E1,-3.115455151E0,-1.962114573E-1,9.212367058E0,9.726883701E0
1.531174198E1,3.024527788E0,7.178468257E-2,1.102134132E1,1.142903697E1
1.531411750E1,-3.378665686E0,1.914258152E-1,8.360522270E0,9.019443347E0
1.531649302E1,2.780459881E0,-4.259224236E-1,1.184925747E1,1.217855778E1
1.531886854E1,-1.856830359E0,3.397808075E-1,8.470592499E0,8.678375842E0
1.532124406E1,5.312066078E-1,-2.871387303E-1,1.130848026E1,1.132459072E1
1.532361958E1,1.483550072E-1,-1.196411327E-1,8.595019341E0,8.597132119E0
1.532599505E1,-5.503492355E-1,-2.249253243E-1,1.140419292E1,1.141968003E1
1.532837057E1,1.732403636E0,-1.722832322E-1,8.666803360E0,8.839931241E0
1.533074609E1,-2.727817774E0,-2.919243574E-1,1.031785107E1,1.067634115E1
1.533312161E1,3.335594654E0,-7.178468257E-2,1.019342422E1,1.072554158E1
1.533549713E1,-3.397808075E0,-2.392822690E-2,9.174081802E0,9.783120626E0
1.533787265E1,3.206382275E0,-2.392822653E-1,1.119841003E1,1.165085965E1
1.534024817E1,-3.259024382E0,1.722832322E-1,8.408378601E0,9.019520615E0
1.534262370E1,1.976471543E0,-1.914258115E-2,1.151904774E1,1.168739778E1
1.534499922E1,-1.856830359E0,2.392822690E-2,8.346165657E0,8.550255711E0
1.534737474E1,9.284151793E-1,-7.034898400E-1,1.155733299E1,1.161588561E1
1.534975026E1,2.105683982E-1,3.684946895E-1,8.858229637E0,8.868391043E0
1.535212578E1,-1.536192179E0,-3.014956415E-1,1.060977554E1,1.072465026E1
1.535450130E1,2.158325911E0,-4.259224236E-1,9.198010445E0,9.457440287E0
1.535687682E1,-2.139183521E0,1.052841991E-1,1.050449181E1,1.072061281E1
1.535925234E1,2.502892494E0,-2.871387303E-1,9.762716293E0,1.008253683E1
1.536162786E1,-3.680161238E0,-7.178468257E-2,9.183652878E0,9.893847581E0
1.536400338E1,3.349951744E0,4.785645381E-2,1.146640587E1,1.194583318E1
1.536637885E1,-3.144168854E0,1.866401732E-1,8.164310455E0,8.750805537E0
1.536875437E1,2.038684845E0,-3.780659735E-1,1.150947666E1,1.169475193E1
1.537112989E1,-1.761117458E0,2.584248483E-1,8.523234367E0,8.707114458E0
1.537350541E1,4.833501875E-1,-1.914258152E-1,1.134197903E1,1.135388742E1
1.537588093E1,5.503492355E-1,-1.148554832E-1,8.906085968E0,8.923813273E0
1.537825646E1,-1.076770186E0,-6.125625968E-1,1.068634605E1,1.075791146E1
1.538063198E1,1.847259045E0,2.153540403E-1,9.212367058E0,9.398215264E0
1.538300750E1,-3.000599623E0,9.571290761E-2,9.939785004E0,1.038325984E1
1.538538302E1,3.503092289E0,-4.689932466E-1,1.033699417E1,1.092451641E1
1.538775849E1,-3.067598581E0,1.579262912E-1,9.087940216E0,9.593005741E0
1.539013406E1,2.589034081E0,-1.387837082E-1,1.094955635E1,1.125233943E1
1.539250958E1,-3.364308596E0,2.057827413E-1,8.303094864E0,8.961155237E0
1.539488510E1,2.694318295E0,-1.579262912E-1,1.186840057E1,1.217141011E1
1.539726062E1,-1.631905079E0,2.009970993E-1,8.260024071E0,8.422084758E0
1.539963609E1,3.062812984E-1,-4.977070987E-1,1.126540947E1,1.128055722E1
1.540201161E1,5.312066078E-1,5.264209956E-2,8.877371788E0,8.893406632E0
1.540438713E1,-1.205982566E0,-1.818545163E-1,1.075813103E1,1.082704245E1
1.540676265E1,2.292324066E0,-1.914258152E-1,9.341579437E0,9.620628870E0
1.540913817E1,-2.507678032E0,-4.594219327E-1,9.939785004E0,1.026152248E1
1.541151370E1,3.053241730E0,5.742774159E-2,1.019820976E1,1.064561249E1
1.541388922E1,-3.546163082E0,1.004985496E-1,9.087940216E0,9.755820311E0
1.541626474E1,3.565305710E0,-5.312066078E-1,1.133719349E1,1.189645079E1
1.541864026E1,-2.928814888E0,1.722832322E-1,8.394021988E0,8.891976344E0
1.542101578E1,1.741974831E0,-2.392822653E-1,1.133240795E1,1.146800777E1
1.542339130E1,-1.651047587E0,1.339980662E-1,8.599804878E0,8.757885450E0
1.542576682E1,9.714859724E-1,-6.364908218E-1,1.167218876E1,1.172982932E1
1.542814234E1,5.503492355E-1,8.614161611E-2,8.748159409E0,8.765876893E0
1.543051786E1,-1.641476393E0,-5.886343718E-1,1.066720295E1,1.080879984E1
1.543289338E1,2.608176708E0,-2.679961324E-1,9.585647583E0,9.937758663E0
1.543526890E1,-2.689532757E0,-2.536391914E-1,9.987641335E0,1.034654042E1
1.543764442E1,3.101098061E0,-2.201396823E-1,1.049491978E1,1.094571203E1
1.544001989E1,-3.330809116E0,-2.584248483E-1,8.977870941E0,9.579313097E0
1.544239541E1,2.947957516E0,-9.571290761E-2,1.127019501E1,1.164976008E1
1.544477093E1,-3.148954630E0,6.699903309E-2,8.303094864E0,8.880416007E0
1.544714646E1,2.354537487E0,-7.322037220E-1,1.182532978E1,1.207966860E1
1.544952198E1,-1.316052437E0,1.722832322E-1,8.676374435E0,8.777308749E0
1.545189750E1,7.657032460E-2,-3.589234054E-1,1.128455162E1,1.129051789E1
1.545427297E1,7.322037220E-1,-5.024927258E-1,8.714659691E0,8.759789653E0
1.545664854E1,-1.038485050E0,-2.201396823E-1,1.119841003E1,1.124861325E1
1.545902406E1,1.966900229E0,-2.344966233E-1,8.958727837E0,9.175101614E0
1.546139958E1,-3.072384357E0,-4.163511395E-1,1.011685371E1,1.058128645E1
1.546377510E1,3.680161238E0,-2.727817893E-1,1.062891865E1,1.125130696E1
1.546615062E1,-3.388236761E0,-9.571290575E-3,8.877371788E0,9.501998202E0
1.546852614E1,2.890529871E0,-3.349951804E-1,1.134197903E1,1.170930711E1
1.547090166E1,-3.005385160E0,1.244267747E-1,8.341380119E0,8.867155366E0
1.547327713E1,1.909472466E0,-2.105683982E-1,1.165783215E1,1.181505288E1
1.547565265E1,-1.129412293E0,-2.871387079E-2,8.604590416E0,8.678442996E0
1.547802817E1,4.163511395E-1,-6.843472719E-1,1.131805134E1,1.134636354E1
1.548040370E1,7.465606928E-1,2.440679073E-1,8.982656479E0,9.016930710E0
1.548277916E1,-1.694118381E0,-2.392822653E-1,1.044227791E1,1.058151506E1
1.548515474E1,2.665604353E0,-4.546363056E-1,9.528220177E0,9.904500011E0
1.548753026E1,-2.364108801E0,-9.571290575E-3,1.015992451E1,1.043135504E1
1.548990578E1,2.885744095E0,-1.866401732E-1,1.009292603E1,1.049902421E1
1.549228130E1,-3.646661758E0,-9.571290575E-3,8.949156761E0,9.663624596E0
1.549465682E1,3.522234917E0,-2.488535494E-1,1.155254745E1,1.208012498E1
1.549703234E1,-2.780459881E0,3.924229145E-1,8.164310455E0,8.633708248E0
1.549940786E1,1.770688772E0,-4.354937077E-1,1.150469112E1,1.164830079E1
1.550178338E1,-1.043270707E0,-1.914258115E-2,8.628518105E0,8.691381069E0
1.550415890E1,3.780659735E-1,-1.627119333E-1,1.127976608E1,1.128727301E1
1.550653442E1,1.119840980E0,-1.531406492E-1,8.992227554E0,9.062982526E0
1.550890995E1,-1.459621787E0,-6.125625968E-1,1.055234814E1,1.067041611E1
1.551128541E1,2.531606436E0,-1.914258115E-2,9.432506561E0,9.766349247E0
1.551366093E1,-2.919243574E0,9.571290761E-2,9.978070259E0,1.039677979E1
1.551603646E1,3.708875179E0,-5.120640397E-1,1.054756260E1,1.119236532E1
1.551841198E1,-3.172882795E0,-3.349951655E-2,8.805587769E0,9.359844197E0
1.552078750E1,2.847458839E0,-7.657032460E-2,1.117926693E1,1.153645933E1
1.552316302E1,-2.991028309E0,3.254238665E-1,8.260024071E0,8.790912847E0
1.552553854E1,2.397608280E0,-6.652047038E-1,1.177268696E1,1.203275451E1
1.552791406E1,-8.279166222E-1,3.637090325E-1,8.638090134E0,8.685293970E0
1.553028958E1,-1.627119333E-1,-7.465606928E-1,1.090170002E1,1.092844414E1
1.553266510E1,1.306481123E0,-2.057827413E-1,9.044869423E0,9.141055866E0
1.553504062E1,-1.421336651E0,-1.627119333E-1,1.061456108E1,1.071053593E1
1.553741614E1,2.474178553E0,-1.579262912E-1,9.480362892E0,9.799172454E0
1.553979166E1,-2.713460922E0,-4.642075896E-1,9.781859398E0,1.016184689E1
1.554216718E1,3.263810158E0,-7.657032460E-2,1.053320503E1,1.102754406E1
1.554454271E1,-3.488735437E0,9.092725813E-2,8.867800713E0,9.529818057E0
1.554691817E1,3.220739365E0,-5.790630579E-1,1.145683479E1,1.191501320E1
1.554929370E1,-2.718246460E0,2.823530734E-1,8.456234932E0,8.886872132E0
1.555166922E1,1.526620865E0,-2.823530734E-1,1.130369377E1,1.140981102E1
1.555404474E1,-1.177268744E0,-9.092725813E-2,8.451449394E0,8.533535394E0
1.555642020E1,6.077769399E-1,-3.589234054E-1,1.156690502E1,1.158842140E1
1.555879578E1,7.226324677E-1,5.264209956E-2,8.700303078E0,8.730420524E0
1.556117130E1,-2.081755638E0,-5.072783828E-1,1.051884842E1,1.073485957E1
1.556354682E1,2.971885681E0,-1.962114573E-1,9.671789169E0,1.011998563E1
1.556592234E1,-2.823530674E0,-1.004985496E-1,9.911071777E0,1.030590943E1
1.556829786E1,2.904886723E0,-1.914258152E-1,1.041835022E1,1.081744110E1
1.557067338E1,-3.369094372E0,-8.135596663E-2,8.939585686E0,9.553722202E0
1.557304890E1,2.928814888E0,-1.914258115E-2,1.124626637E1,1.162139537E1
1.557542442E1,-3.048455954E0,1.292124242E-1,8.236095428E0,8.783111491E0
1.557779994E1,2.057827473E0,-6.029912829E-1,1.168654537E1,1.188164951E1
1.558017547E1,-1.205982566E0,3.972085714E-1,8.729017258E0,8.820879258E0
1.558255099E1,-1.722832322E-1,-3.780659735E-1,1.113619614E1,1.114394364E1
1.558492646E1,9.667003751E-1,-2.632105052E-1,8.930013657E0,8.986041024E0
1.558730198E1,-1.296909928E0,-2.536391914E-1,1.089212894E1,1.097199987E1
1.558967750E1,2.053041935E0,-8.135596663E-2,9.188439369E0,9.415360748E0
1.559205302E1,-3.196810961E0,-2.488535494E-1,9.930213928E0,1.043506958E1
1.559442854E1,3.680161238E0,-3.972085714E-1,1.063848972E1,1.126405011E1
1.559680406E1,-3.263810158E0,2.440679073E-1,8.901300430E0,9.483943022E0
1.559917958E1,2.660818815E0,-3.254238665E-1,1.119841003E1,1.151478375E1
1.560155510E1,-3.010170937E0,5.742774159E-2,8.250452042E0,8.782618397E0
1.560393057E1,2.057827473E0,-9.092725813E-2,1.184925747E1,1.202696239E1
1.560630614E1,-1.105484009E0,2.392822690E-2,8.551948547E0,8.623136982E0
1.560868166E1,2.919243574E-1,-6.508477330E-1,1.129412270E1,1.131662627E1
1.561105718E1,7.465606928E-1,2.727817893E-1,8.953942299E0,8.989151543E0
1.561343271E1,-1.718046665E0,-3.206382394E-1,1.050927734E1,1.065360988E1
1.561580823E1,2.794816732E0,-4.498506486E-1,9.667003632E0,1.007295018E1
1.561818375E1,-2.478964329E0,-2.057827413E-1,9.944570541E0,1.025095576E1
1.562055927E1,2.919243574E0,-1.196411327E-1,1.029392338E1,1.070052128E1
1.562293474E1,-3.412165165E0,3.158525825E-1,9.064012527E0,9.690147422E0
1.562531026E1,3.278167009E0,-7.752745152E-1,1.129890823E1,1.179036712E1
1.562768578E1,-2.560320139E0,7.178468108E-1,8.489734650E0,8.896411506E0
1.563006130E1,1.698904037E0,-6.652047038E-1,1.156211948E1,1.170518600E1
1.563243682E1,-1.148554921E0,-1.627119333E-1,8.432307243E0,8.511724797E0
1.563481234E1,4.785645306E-1,-1.196411327E-1,1.155733299E1,1.156785563E1
1.563718786E1,1.062413216E0,-2.009970993E-1,8.992227554E0,9.057001604E0
1.563956338E1,-1.708475351E0,-6.412764788E-1,1.046142101E1,1.061939043E1
1.564193890E1,2.656033039E0,9.571290761E-2,9.657432556E0,1.001647024E1
1.564431442E1,-3.000599623E0,-7.657032460E-2,9.882357597E0,1.032813888E1
1.564668994E1,3.445664644E0,-5.120640397E-1,1.071984577E1,1.127164175E1
1.564906547E1,-3.058027267E0,7.178468257E-2,8.992227554E0,9.498254587E0
1.565144099E1,2.469393015E0,-2.488535494E-1,1.087777138E1,1.115731778E1
1.565381651E1,-2.943171740E0,4.354937077E-1,8.604590416E0,9.104443469E0
1.565619203E1,2.196611166E0,-6.843472719E-1,1.170568848E1,1.192965106E1
1.565856755E1,-1.124626637E0,5.455635786E-1,8.681160927E0,8.770688669E0
1.566094302E1,-2.967100143E-1,-6.987041831E-1,1.104048347E1,1.106654868E1
1.566331854E1,1.182054400E0,-1.818545163E-1,9.001798630E0,9.080897656E0
1.566569406E1,-1.445264935E0,-6.221338734E-2,1.070070267E1,1.079804143E1
1.566806958E1,2.187039852E0,-1.627119333E-1,9.485149384E0,9.735382751E0
1.567044510E1,-3.115455151E0,-2.919243574E-1,9.714859962E0,1.020636001E1
1.567282062E1,3.388236761E0,-9.571290575E-3,1.058106136E1,1.111031501E1
1.567519614E1,-3.503092289E0,6.221338734E-2,8.805587769E0,9.477019681E0
1.567757166E1,2.895315409E0,-4.402793646E-1,1.142812061E1,1.179739963E1
1.567994718E1,-2.689532757E0,3.828516304E-1,8.499305725E0,8.922912060E0
1.568232270E1,1.296909928E0,-2.392822653E-1,1.127019501E1,1.134709332E1
1.568469823E1,-1.081555843E0,3.828516230E-2,8.518448830E0,8.586920243E0
1.568707375E1,4.163511395E-1,-4.642075896E-1,1.139462185E1,1.141167140E1
1.568944927E1,7.034898400E-1,2.871387303E-1,8.843872070E0,8.876453109E0
1.569182479E1,-2.143969059E0,-4.594219327E-1,1.032263660E1,1.055293790E1
1.569420031E1,2.971885681E0,-2.727817893E-1,9.700503349E0,1.014920094E1
1.569657578E1,-2.742174864E0,2.632105052E-1,9.863214493E0,1.024069348E1
1.569895130E1,2.837887764E0,-2.727817893E-1,1.029392338E1,1.068142665E1
1.570132682E1,-3.560520172E0,6.221338734E-2,8.848658562E0,9.538340146E0
1.570370234E1,3.096312523E0,-7.657032460E-2,1.120798111E1,1.162806324E1
1.570607786E1,-2.732603550E0,2.057827413E-1,8.260024071E0,8.702727523E0
1.570845338E1,1.852044702E0,-6.029912829E-1,1.160040379E1,1.176278182E1
1.571082890E1,-1.143769264E0,4.642075896E-1,8.547162056E0,8.635836730E0
1.571320442E1,-1.962114573E-1,-4.354937077E-1,1.126062298E1,1.127074902E1
1.571557995E1,1.225125194E0,-2.009970993E-1,8.886942863E0,8.973242727E0
1.571795547E1,-1.445264935E0,-4.019941986E-1,1.072463131E1,1.082903998E1
1.572033099E1,2.134397745E0,6.221338734E-2,9.399007797E0,9.638509834E0
1.572270651E1,-3.268595695E0,-1.052841991E-1,9.657432556E0,1.019611721E1
1.572508203E1,3.632304668E0,-6.508477330E-1,1.069591713E1,1.131458719E1
1.572745755E1,-3.148954630E0,5.407779217E-1,8.963513374E0,9.515930224E0
1.572983307E1,2.368894339E0,-5.694918036E-1,1.103569794E1,1.130144284E1
1.573220859E1,-2.943171740E0,1.818545163E-1,8.422736168E0,8.924002214E0
1.573458411E1,2.086541414E0,-3.062812984E-1,1.182532978E1,1.201190608E1
1.573695958E1,-1.091127157E0,-4.785645381E-2,8.437092781E0,8.507489836E0
1.573933505E1,4.785645287E-3,-6.364908218E-1,1.132283688E1,1.134071331E1
1.574171062E1,9.523434043E-1,1.579262912E-1,8.901300430E0,8.953493621E0
1.574408614E1,-1.842473388E0,-3.397808075E-1,1.047099209E1,1.063728511E1
1.574646166E1,2.612962246E0,-3.254238665E-1,9.777072906E0,1.012544453E1
1.574883718E1,-2.670390129E0,-2.105683982E-1,9.844072342E0,1.020201366E1
1.575121270E1,2.852244616E0,-2.297109663E-1,1.030827999E1,1.069807005E1
1.575358823E1,-3.488735437E0,1.962114573E-1,9.150154114E0,9.794646201E0
1.575596375E1,3.177668571E0,-6.843472719E-1,1.118405342E1,1.164684333E1
1.575833927E1,-2.636890650E0,5.934200287E-1,8.580661774E0,8.996282349E0
1.576071479E1,1.335195065E0,-6.173482537E-1,1.124148083E1,1.133731696E1
1.576309031E1,-1.019342422E0,-9.571290761E-2,8.690732002E0,8.750830970E0
1.576546583E1,5.790630579E-1,-1.483550072E-1,1.159561825E1,1.161101571E1
1.576784135E1,7.752745152E-1,-1.004985496E-1,8.705088615E0,8.740121185E0
1.577021687E1,-1.928615093E0,-5.264210105E-1,1.057627583E1,1.076356287E1
1.577259239E1,2.804388046E0,7.657032460E-2,9.614361763E0,1.001530865E1
1.577496791E1,-2.909672260E0,-1.052841991E-1,9.815358162E0,1.023809227E1
1.577734338E1,3.182454109E0,-3.158525825E-1,1.063370419E1,1.110420829E1
1.577971890E1,-3.254238844E0,1.339980662E-1,8.915657043E0,9.491942185E0
1.578209442E1,2.718246460E0,-1.483550072E-1,1.102612686E1,1.135721562E1
1.578446995E1,-2.871387243E0,3.014956415E-1,8.413164139E0,8.894779095E0
1.578684546E1,2.081755638E0,-5.455635786E-1,1.165304661E1,1.185009879E1
1.578922099E1,-9.858429432E-1,5.072783828E-1,8.767302513E0,8.837126853E0
1.579159651E1,-4.259224236E-1,-6.269195080E-1,1.081555843E1,1.084208201E1
1.579397203E1,1.263410330E0,-5.742774159E-2,9.064012527E0,9.151820950E0
1.579634750E1,-1.253839016E0,-1.866401732E-1,1.091605663E1,1.098941487E1
1.579872307E1,1.962114573E0,-1.292124242E-1,9.202795982E0,9.410528324E0
1.580109859E1,-3.230310678E0,-1.100698411E-1,9.863214493E0,1.037930742E1
1.580347411E1,3.589233875E0,-1.435693540E-2,1.076291656E1,1.134562378E1
1.580584963E1,-3.436093330E0,1.914258115E-2,8.642875671E0,9.300881877E0
1.580822515E1,2.828316450E0,-3.158525825E-1,1.146640587E1,1.181429644E1
1.581060062E1,-2.780459881E0,3.732803464E-1,8.590232849E0,9.036724836E0
1.581297614E1,1.368694544E0,-2.488535494E-1,1.132762241E1,1.141272458E1
1.581535166E1,-7.274180651E-1,4.785645381E-2,8.700303078E0,8.730790395E0
1.581772718E1,6.699903309E-2,-7.130611539E-1,1.122233772E1,1.124516825E1
1.582010271E1,9.762716293E-1,3.828516304E-1,9.001798630E0,9.062674011E0
1.582247823E1,-2.292324066E0,-3.541377485E-1,1.039442158E1,1.065007808E1
1.582485375E1,2.847458839E0,-5.216353536E-1,9.566504478E0,9.994905363E0
1.582722927E1,-2.718246460E0,1.627119333E-1,1.012164021E1,1.048155234E1
1.582960479E1,2.732603550E0,-4.115654826E-1,1.016949654E1,1.053827159E1
1.583198031E1,-3.699303865E0,1.531406492E-1,8.863015175E0,9.605276630E0
1.583435583E1,3.091526747E0,-1.579262912E-1,1.152383423E1,1.193236078E1
1.583673135E1,-2.565105915E0,1.579262912E-1,8.202595711E0,8.595771371E0
1.583910682E1,1.282552958E0,-5.264210105E-1,1.150469112E1,1.158792384E1
1.584148239E1,-7.082754970E-1,1.292124242E-1,8.877371788E0,8.906518955E0
1.584385791E1,-4.067798555E-1,-2.153540403E-1,1.107398319E1,1.108354415E1
1.584623343E1,1.426122308E0,-2.105683982E-1,8.953942299E0,9.069247299E0
1.584860890E1,-1.923829436E0,-5.503492355E-1,1.046142101E1,1.065107195E1
1.585098442E1,2.574677229E0,5.264209956E-2,9.815358162E0,1.014756078E1
1.585335995E1,-3.211168051E0,7.657032460E-2,9.542576790E0,1.006867593E1
1.585573546E1,3.335594654E0,-6.939185858E-1,1.076770210E1,1.129385334E1
1.585811099E1,-3.034099102E0,4.067798555E-1,8.796015739E0,9.313491295E0
1.586048651E1,2.306680918E0,-4.115654826E-1,1.103091240E1,1.127702050E1
1.586286203E1,-2.651247501E0,1.722832322E-1,8.456234932E0,8.863786101E0
1.586523755E1,1.957328916E0,-3.397808075E-1,1.175833035E1,1.192497044E1
1.586761307E1,-6.077769399E-1,1.292124242E-1,8.427521706E0,8.450397077E0
1.586998859E1,-5.024927258E-1,-6.460621357E-1,1.102612686E1,1.105646276E1
1.587236411E1,1.598405480E0,7.178468257E-2,9.040083885E0,9.180586570E0
1.587473963E1,-2.019542217E0,-1.339980662E-1,1.036092186E1,1.055676125E1
1.587711515E1,2.871387243E0,-3.349951804E-1,9.796216011E0,1.021385993E1
1.587949067E1,-2.727817774E0,-4.785645381E-2,9.600004196E0,9.980148326E0
1.588186620E1,3.005385160E0,-2.297109663E-1,1.028913784E1,1.072154208E1
1.588424172E1,-3.101098061E0,4.977070987E-1,9.054440498E0,9.583705665E0
1.588661718E1,3.010170937E0,-6.843472719E-1,1.120319557E1,1.162071647E1
1.588899271E1,-2.158325911E0,5.264210105E-1,8.666803360E0,8.947009014E0
1.589136823E1,1.196411371E0,-4.259224236E-1,1.107876873E1,1.115131950E1
1.589374375E1,-4.929214716E-1,2.153540403E-1,8.657232285E0,8.673927586E0
1.589611927E1,3.780659735E-1,-3.924229145E-1,1.126540947E1,1.127858059E1
1.589849479E1,1.167697430E0,8.614161611E-2,8.719446182E0,8.797708758E0
1.590087031E1,-2.029113531E0,-4.642075896E-1,1.044227791E1,1.064772080E1
1.590324583E1,3.096312523E0,-2.871387079E-2,9.805787086E0,1.028306550E1
1.590562135E1,-2.684746981E0,1.052841991E-1,9.695717812E0,1.006110804E1
1.590799687E1,3.105883837E0,-5.551348329E-1,1.058584690E1,1.104603294E1
1.591037239E1,-3.148954630E0,2.919243574E-1,8.934800148E0,9.477963324E0
1.591274791E1,2.799602509E0,-2.584248483E-1,1.104526901E1,1.139747890E1
1.591512343E1,-2.464607239E0,2.009970993E-1,8.642875671E0,8.989660091E0
1.591749896E1,1.852044702E0,-6.699903607E-1,1.141854954E1,1.158715799E1
1.591987448E1,-9.044869542E-1,4.402793646E-1,8.906085968E0,8.962717771E0
1.592224994E1,-4.498506486E-1,-8.231309652E-1,1.077727318E1,1.081801864E1
1.592462547E1,1.339980721E0,4.785645287E-3,9.312865257E0,9.408774125E0
1.592700099E1,-1.426122308E0,-4.307080805E-1,1.064806080E1,1.075176883E1
1.592937651E1,1.986042738E0,-1.818545163E-1,9.375079155E0,9.584860249E0
1.593175203E1,-3.287738323E0,-1.914258152E-1,9.805787086E0,1.034404793E1
1.593412755E1,3.541377544E0,-5.503492355E-1,1.072463131E1,1.130760611E1
1.593650307E1,-3.273381472E0,2.967100143E-1,9.011369705E0,9.592072094E0
1.593887859E1,2.368894339E0,-5.359922647E-1,1.104048347E1,1.130447803E1
1.594125411E1,-2.909672260E0,1.244267747E-1,8.652446747E0,9.129430946E0
1.594362963E1,1.584048629E0,-3.062812984E-1,1.150947666E1,1.162200806E1
1.594600515E1,-9.332008362E-1,-1.339980662E-1,8.571090698E0,8.622784645E0
1.594838067E1,2.392822690E-2,-7.561319470E-1,1.125583744E1,1.128123152E1
1.595075620E1,7.130611539E-1,4.115654826E-1,9.078369141E0,9.115625519E0
1.595313172E1,-2.048256159E0,-6.269195080E-1,1.023649502E1,1.045821264E1
1.595550724E1,2.751745939E0,-3.876372576E-1,9.997213364E0,1.037625382E1
1.595788276E1,-2.665604353E0,-2.679961324E-1,9.705288887E0,1.006826206E1
1.596025828E1,2.770888567E0,-2.009970993E-1,1.070548820E1,1.106009498E1
1.596263375E1,-3.455235958E0,3.254238665E-1,8.810373306E0,9.469278432E0
1.596500927E1,2.924029350E0,-8.470591903E-1,1.125583744E1,1.166024586E1
1.596738479E1,-2.450250387E0,7.513462901E-1,8.752944946E0,9.120432744E0
1.596976031E1,1.497906923E0,-1.014556766E0,1.104048347E1,1.118773105E1
1.597213583E1,-1.004985452E0,3.924229145E-1,9.040083885E0,9.104235726E0
1.597451135E1,2.201396823E-1,-6.939185858E-1,1.111226845E1,1.113608973E1
1.597688687E1,9.571290612E-1,1.100698411E-1,9.059226990E0,9.110313115E0
1.597926239E1,-1.244267821E0,-4.546363056E-1,1.061456108E1,1.069690626E1
1.598163791E1,2.100898266E0,-2.871387079E-2,9.475577354E0,9.705728422E0
1.598401343E1,-2.809173822E0,-2.201396823E-1,9.954142570E0,1.034528266E1
1.598638896E1,3.393022537E0,-4.546363056E-1,1.051406288E1,1.105734210E1
1.598876448E1,-3.010170937E0,1.579262912E-1,9.131011009E0,9.615686758E0
1.599114000E1,2.627319336E0,-3.445664644E-1,1.078684425E1,1.110754437E1
1.599351552E1,-2.900100946E0,3.732803464E-1,8.604590416E0,9.087843525E0
1.599589104E1,2.402393818E0,-8.279166222E-1,1.158604717E1,1.186142618E1
1.599826651E1,-1.201196909E0,5.886343718E-1,8.705088615E0,8.807265878E0
1.600064203E1,1.435693651E-1,-9.523434043E-1,1.091605663E1,1.095846077E1
1.600301755E1,9.188438654E-1,1.866401732E-1,9.131011009E0,9.179023404E0
1.600539307E1,-1.024128079E0,-6.364908218E-1,1.077727318E1,1.084451825E1
1.600776859E1,2.024327993E0,-3.349951655E-2,9.437292099E0,9.652020939E0
1.601014411E1,-2.675175667E0,-1.387837082E-1,1.000678444E1,1.035912933E1
1.601251963E1,3.081955671E0,-3.397808075E-1,1.013121128E1,1.059506224E1
1.601489515E1,-3.086741209E0,1.196411327E-1,9.355937004E0,9.852707370E0
1.601727067E1,3.034099102E0,-6.173482537E-1,1.113619614E1,1.155862192E1
1.601964620E1,-2.837887764E0,3.876372576E-1,8.729017258E0,9.186926139E0
1.602202172E1,1.641476393E0,-4.594219327E-1,1.111226845E1,1.124224281E1
1.602439724E1,-1.129412293E0,2.201396823E-1,8.834300995E0,8.908922925E0
1.602677276E1,6.317051649E-1,-7.704889178E-1,1.122233772E1,1.126647987E1
1.602914828E1,6.029912829E-1,2.823530734E-1,9.078369141E0,9.102752770E0
1.603152380E1,-1.794616938E0,-7.226324677E-1,1.036092186E1,1.053999760E1
1.603389932E1,2.550748825E0,-1.244267747E-1,9.561718941E0,9.896881867E0
1.603627484E1,-2.354537487E0,5.742774159E-2,1.027956581E1,1.054592898E1
1.603865031E1,2.799602509E0,-4.402793646E-1,1.021256733E1,1.059849761E1
1.604102583E1,-3.584448338E0,6.221338734E-2,8.982656479E0,9.671621261E0
1.604340135E1,3.048455954E0,-1.052841991E-1,1.131805134E1,1.172187931E1
1.604577687E1,-2.617748022E0,4.785645381E-2,8.331808090E0,8.733494203E0
1.604815239E1,1.785045743E0,-6.556333899E-1,1.148554897E1,1.164191044E1
1.605052791E1,-1.043270707E0,3.397808075E-1,8.997013092E0,9.063669750E0
1.605290343E1,-1.962114573E-1,-4.833501875E-1,1.088255692E1,1.089505261E1
1.605527896E1,1.143769264E0,-5.742774159E-2,9.006584167E0,9.079100420E0
1.605765448E1,-1.354337573E0,-4.929214716E-1,1.071984577E1,1.081629767E1
1.606003000E1,2.105684042E0,1.866401732E-1,9.485149384E0,9.717859778E0
1.606240552E1,-3.196810961E0,-1.244267747E-1,9.633503914E0,1.015083642E1
1.606478104E1,3.522234917E0,-5.168496966E-1,1.058584690E1,1.116841202E1
1.606715656E1,-3.048455954E0,4.785645306E-1,9.073583603E0,9.583946322E0
1.606953208E1,2.402393818E0,-4.785645306E-1,1.083948612E1,1.111282950E1
1.607190760E1,-2.909672260E0,3.206382394E-1,8.695517540E0,9.175021898E0
1.607428312E1,2.057827473E0,-3.110669553E-1,1.146640587E1,1.165374962E1
1.607665864E1,-8.518448472E-1,7.178468257E-2,8.475378036E0,8.518381627E0
1.607903411E1,6.699903309E-2,-6.652047038E-1,1.111705399E1,1.113713947E1
1.608140963E1,1.009771109E0,3.302095234E-1,9.006584167E0,9.069026099E0
1.608378515E1,-1.852044702E0,-2.584248483E-1,1.042313576E1,1.058955202E1
1.608616067E1,2.833101988E0,-2.105683982E-1,9.657432556E0,1.006661857E1
1.608853620E1,-2.632104874E0,-2.632105052E-1,9.753145218E0,1.010549838E1
1.609091172E1,2.995813847E0,-4.785645287E-3,1.053799057E1,1.095555424E1
1.609328724E1,-3.349951744E0,3.924229145E-1,8.810373306E0,9.433920194E0
1.609566276E1,3.196810961E0,-6.508477330E-1,1.128933716E1,1.175126957E1
1.609803828E1,-2.287538528E0,5.599204898E-1,8.484949112E0,8.805720011E0
1.610041380E1,1.426122308E0,-4.785645306E-1,1.114576817E1,1.124682163E1
1.610278932E1,-7.178468108E-1,1.435693651E-1,8.762516975E0,8.793043839E0
1.610516484E1,4.689932466E-1,-3.541377485E-1,1.115533924E1,1.117080847E1
1.610754036E1,1.205982566E0,8.135596663E-2,8.973084450E0,9.054129295E0
1.610991588E1,-1.713261008E0,-5.886343718E-1,1.030349445E1,1.046153677E1
1.611229140E1,2.732603550E0,1.292124242E-1,9.729216576E0,1.010650648E1
1.611466692E1,-2.919243574E0,-5.264209956E-2,9.863214493E0,1.028628963E1
1.611704239E1,3.393022537E0,-3.493520916E-1,1.058584690E1,1.112181655E1
1.611941791E1,-3.096312523E0,7.178468257E-2,8.882157326E0,9.406647811E0
1.612179343E1,2.536391973E0,-2.536391914E-1,1.104048347E1,1.133092637E1
1.612416896E1,-2.718246460E0,3.445664644E-1,8.571090698E0,8.998399059E0
1.612654442E1,1.871187329E0,-7.465606928E-1,1.150947666E1,1.168446609E1
1.612892000E1,-7.944171429E-1,3.637090325E-1,8.939585686E0,8.982180976E0
1.613129552E1,-5.742774606E-1,-7.322037220E-1,1.076291656E1,1.080306854E1
1.613367104E1,1.263410330E0,-4.785645381E-2,9.116654396E0,9.203905871E0
1.613604656E1,-1.540977836E0,-4.259224236E-1,1.082034397E1,1.093781817E1
1.613842208E1,2.072184324E0,-2.153540403E-1,9.379864693E0,9.608443521E0
1.614079760E1,-3.168097258E0,-3.062812984E-1,9.815358162E0,1.031852239E1
1.614317312E1,3.105883837E0,-1.052841991E-1,1.076291656E1,1.120258774E1
1.614554864E1,-3.306880951E0,9.092725813E-2,8.772088051E0,9.375140434E0
1.614792416E1,2.656033039E0,-5.455635786E-1,1.133719349E1,1.165693387E1
1.615029968E1,-2.780459881E0,3.493520916E-1,8.647661209E0,9.090382193E0
1.615267520E1,1.067198873E0,-4.881358147E-1,1.107876873E1,1.114074982E1
1.615505073E1,-7.322037220E-1,1.674975902E-1,9.121439934E0,9.152313598E0
1.615742620E1,4.785645381E-2,-8.087740541E-1,1.086820030E1,1.089835692E1
1.615980172E1,7.274180651E-1,3.158525825E-1,9.245866776E0,9.279814240E0
1.616217724E1,-2.239681959E0,-4.450650215E-1,1.015035343E1,1.040403445E1
1.616455276E1,2.617748022E0,-3.445664644E-1,9.700503349E0,1.005341216E1
1.616692828E1,-2.574677229E0,1.818545163E-1,1.023170948E1,1.055224681E1
1.616930380E1,2.512463808E0,-4.450650215E-1,1.004028416E1,1.035943354E1
1.617167932E1,-3.541377544E0,2.057827413E-1,9.183652878E0,9.844957167E0
1.617405484E1,2.890529871E0,-3.158525825E-1,1.120798111E1,1.157902269E1
1.617643036E1,-2.584248543E0,3.110669553E-1,8.556734085E0,8.943869486E0
1.617880588E1,1.698904037E0,-4.594219327E-1,1.147119141E1,1.160541148E1
1.618118140E1,-1.320838094E0,4.019941986E-1,8.671588898E0,8.780812412E0
1.618355692E1,-6.699903309E-2,-5.790630579E-1,1.089691448E1,1.091249505E1
1.618593245E1,1.229910851E0,6.221338734E-2,9.336793900E0,9.417657433E0
1.618830796E1,-1.272981644E0,-5.455635786E-1,1.048534870E1,1.057641996E1
1.619068349E1,2.005185366E0,1.962114573E-1,9.619147301E0,9.827881871E0
1.619305901E1,-2.852244616E0,0.000000000E0,9.738788605E0,1.014787184E1
1.619543453E1,3.397808075E0,-4.642075896E-1,1.036092186E1,1.091372027E1
1.619781000E1,-2.833101988E0,2.679961324E-1,9.269794464E0,9.696771535E0
1.620018552E1,2.531606436E0,-2.105683982E-1,1.065763187E1,1.095620771E1
1.620256104E1,-2.904886723E0,3.493520916E-1,8.705088615E0,9.183625730E0
1.620493656E1,2.388036966E0,-4.833501875E-1,1.143290615E1,1.168964033E1
1.620731208E1,-1.134197950E0,2.536391914E-1,8.676374435E0,8.753868355E0
1.620968760E1,3.541377485E-1,-4.833501875E-1,1.110748291E1,1.112363329E1
1.621206312E1,6.029912829E-1,1.531406492E-1,9.006584167E0,9.028045686E0
1.621443864E1,-1.129412293E0,-3.780659735E-1,1.047577763E1,1.054326434E1
1.621681416E1,2.306680918E0,-1.004985496E-1,9.667003632E0,9.938905173E0
1.621918968E1,-2.407179594E0,-2.488535494E-1,9.796216011E0,1.009070314E1
1.622156520E1,2.833101988E0,-6.699903309E-2,1.025563812E1,1.063997505E1
1.622394073E1,-3.153740168E0,2.201396823E-1,9.279366493E0,9.803120985E0
1.622631625E1,3.196810961E0,-5.312066078E-1,1.101177025E1,1.147871355E1
1.622869177E1,-2.866601467E0,4.067798555E-1,8.647661209E0,9.119480150E0
1.623106729E1,1.780260086E0,-3.637090325E-1,1.108355427E1,1.123150860E1
1.623344276E1,-1.493121386E0,3.206382394E-1,8.556734085E0,8.691945614E0
1.623581833E1,9.762716293E-1,-7.226324677E-1,1.136590767E1,1.143062383E1
1.623819380E1,3.302095234E-1,3.637090325E-1,8.963513374E0,8.976964665E0
1.624056932E1,-1.363908887E0,-7.992027402E-1,1.026520920E1,1.038621646E1
1.624294484E1,2.191825628E0,1.435693651E-1,9.667003632E0,9.913408645E0
1.624532036E1,-2.344966173E0,-1.674975902E-1,1.004985523E1,1.032116815E1
1.624769588E1,2.895315409E0,-3.972085714E-1,1.016471100E1,1.057648220E1
1.625007140E1,-3.249453068E0,9.092725813E-2,9.298508644E0,9.850354106E0
1.625244692E1,2.947957516E0,-2.536391914E-1,1.082991505E1,1.122683599E1
1.625482245E1,-3.072384357E0,2.632105052E-1,8.657232285E0,9.190021558E0
1.625719796E1,2.445464849E0,-6.029912829E-1,1.144726372E1,1.172108115E1
1.625957349E1,-1.751546144E0,3.924229145E-1,8.805587769E0,8.986672665E0
1.626194901E1,2.967100143E-1,-6.699903607E-1,1.093519974E1,1.095972250E1
1.626432453E1,4.067798555E-1,1.818545163E-1,9.174081802E0,9.184896180E0
1.626670005E1,-5.934200287E-1,-7.513462901E-1,1.078684425E1,1.082925101E1
1.626907557E1,1.555334687E0,1.914258152E-1,9.327222824E0,9.457948797E0
1.627145109E1,-2.756531715E0,-4.642075896E-1,9.858428955E0,1.024707652E1
1.627382661E1,3.168097258E0,-3.876372576E-1,1.035135078E1,1.083224658E1
1.627620208E1,-2.947957516E0,2.775674164E-1,9.580862045E0,1.002798159E1
1.627857760E1,2.904886723E0,-4.929214716E-1,1.083948612E1,1.123280009E1
1.628095312E1,-3.326023579E0,6.699903309E-2,8.561519623E0,9.185126018E0
1.628332864E1,2.364108801E0,-5.264209956E-2,1.173918819E1,1.197498731E1
1.628570416E1,-1.694118381E0,-9.092725813E-2,8.355736732E0,8.526232532E0
1.628807968E1,9.954141974E-1,-7.944171429E-1,1.138983536E1,1.146081574E1
1.629045520E1,1.770688742E-1,2.249253243E-1,9.188439369E0,9.192897412E0
1.629283073E1,-1.210768223E0,-2.967100143E-1,1.056670475E1,1.063998336E1
1.629520625E1,2.263610125E0,-3.780659735E-1,9.403793335E0,9.679782733E0
1.629758177E1,-2.187039852E0,-4.833501875E-1,1.007856941E1,1.032445311E1
1.629995729E1,2.809173822E0,6.221338734E-2,1.034177971E1,1.071670358E1
1.630233281E1,-3.302095175E0,1.339980662E-1,9.231510162E0,9.805231660E0
1.630470833E1,3.211168051E0,-7.513462901E-1,1.084905815E1,1.133923208E1
1.630708385E1,-2.665604353E0,5.120640397E-1,8.934800148E0,9.338003525E0
1.630945932E1,2.014756680E0,-5.886343718E-1,1.117926693E1,1.137460962E1
1.631183489E1,-1.775474429E0,2.009970993E-1,8.719446182E0,8.900643292E0
1.631421036E1,9.810572863E-1,-4.450650215E-1,1.136112213E1,1.141208361E1
1.631658593E1,5.790630579E-1,-1.148554832E-1,8.867800713E0,8.887429059E0
1.631896140E1,-9.284151793E-1,-6.843472719E-1,1.068634605E1,1.074840816E1
1.632133692E1,1.942971945E0,2.344966233E-1,9.552147865E0,9.750572162E0
1.632371244E1,-2.603390932E0,-1.866401732E-1,9.896714211E0,1.023510777E1
1.632608796E1,3.354737282E0,-4.689932466E-1,1.031785107E1,1.085966240E1
1.632846349E1,-2.928814888E0,-7.178468257E-2,9.212367058E0,9.666996250E0
1.633083901E1,2.809173822E0,-1.292124242E-1,1.088734341E1,1.124466095E1
1.633321453E1,-3.158525944E0,4.498506486E-1,8.547162056E0,9.123191928E0
1.633559005E1,2.541177750E0,-7.848458290E-1,1.150947666E1,1.181277361E1
1.633796557E1,-1.598405480E0,6.029912829E-1,8.571090698E0,8.739685024E0
1.634034109E1,4.450650215E-1,-7.992027402E-1,1.116491032E1,1.120232254E1
1.634271661E1,4.307080805E-1,1.914258115E-2,9.078369141E0,9.088600670E0
1.634509213E1,-8.662018180E-1,-4.546363056E-1,1.065763187E1,1.070243509E1
1.634746765E1,1.919043779E0,-1.914258152E-1,9.418149948E0,9.613580047E0
1.634984317E1,-2.531606436E0,-3.972085714E-1,9.820143700E0,1.014899148E1
1.635221870E1,2.866601467E0,-9.571290575E-3,1.029392338E1,1.068561435E1
1.635459422E1,-3.349951744E0,3.828516230E-2,9.255437851E0,9.843107855E0
1.635696974E1,3.220739365E0,-5.599204898E-1,1.111705399E1,1.158773327E1
1.635934520E1,-3.120240688E0,1.818545163E-1,8.585447311E0,9.136677654E0
1.636172073E1,1.751546144E0,-3.254238665E-1,1.116491032E1,1.130615040E1
1.636409625E1,-1.780260086E0,1.531406492E-1,8.571090698E0,8.755362573E0
1.636647177E1,1.076770186E0,-6.891329288E-1,1.150469112E1,1.157550241E1
1.636884729E1,1.579262912E-1,3.062812984E-1,8.953942299E0,8.960570944E0
1.637122281E1,-1.569691658E0,-7.848458290E-1,1.027956581E1,1.042829747E1
1.637359833E1,2.277967215E0,-9.092725813E-2,9.585647583E0,9.853021972E0
1.637597380E1,-2.359323025E0,-1.770688742E-1,1.016949654E1,1.044109277E1
1.637834937E1,2.742174864E0,-2.775674164E-1,1.014556789E1,1.051328277E1
1.638072484E1,-3.474378586E0,-1.339980662E-1,9.145368576E0,9.784019033E0
1.638310041E1,3.062813044E0,-1.531406492E-1,1.105484104E1,1.147230518E1
1.638547593E1,-3.019742250E0,2.392822690E-2,8.542376518E0,9.060442175E0
1.638785146E1,2.402393818E0,-5.168496966E-1,1.144247818E1,1.170337287E1
1.639022698E1,-1.871187329E0,4.354937077E-1,8.685946465E0,8.895878977E0
1.639260250E1,2.249253243E-1,-6.891329288E-1,1.109312534E1,1.111678575E1
1.639497802E1,8.614161611E-1,1.148554832E-1,9.198010445E0,9.238973196E0
1.639735349E1,-8.470591903E-1,-7.944171429E-1,1.063370419E1,1.069692818E1
1.639972901E1,1.751546144E0,1.770688742E-1,9.403793335E0,9.567162399E0
1.640210453E1,-2.804388046E0,-2.871387079E-2,9.829715729E0,1.022197281E1
1.640448005E1,3.349951744E0,-6.652047038E-1,1.032263660E1,1.087297110E1
1.640685557E1,-2.876172781E0,3.828516304E-1,9.413364410E0,9.850399726E0
1.640923109E1,2.656033039E0,-4.354937077E-1,1.084905815E1,1.117793492E1
1.641160661E1,-3.058027267E0,1.531406492E-1,8.504091263E0,9.038503805E0
1.641398213E1,2.364108801E0,-2.105683982E-1,1.167697430E1,1.191574917E1
1.641635765E1,-1.177268744E0,-1.435693540E-2,8.441878319E0,8.523583599E0
1.641873317E1,6.317051649E-1,-5.982056856E-1,1.143769264E1,1.147073295E1
1.642110870E1,5.455635786E-1,3.493520916E-1,8.886942863E0,8.910524113E0
1.642348422E1,-1.263410330E0,-4.737788737E-1,1.060977554E1,1.069523301E1
1.642585974E1,2.584248543E0,-2.249253243E-1,9.466006279E0,9.814999073E0
1.642823526E1,-2.321038008E0,-3.110669553E-1,9.982855797E0,1.025384757E1
1.643061078E1,2.933600664E0,-1.914258115E-2,1.042792130E1,1.083272458E1
1.643298630E1,-3.273381472E0,2.297109663E-1,8.939585686E0,9.522813955E0
1.643536177E1,3.316452265E0,-6.077769399E-1,1.109791183E1,1.159878854E1
1.643773734E1,-2.598605394E0,5.647061467E-1,8.542376518E0,8.946722283E0
1.644011281E1,1.713261008E0,-5.359922647E-1,1.119362450E1,1.133665649E1
1.644248833E1,-1.392622828E0,2.249253243E-1,8.690732002E0,8.804476843E0
1.644486385E1,8.757730722E-1,-4.067798555E-1,1.125105190E1,1.129241415E1
1.644723937E1,6.269195080E-1,0.000000000E0,8.925228119E0,8.947218844E0
1.644961489E1,-1.253839016E0,-4.546363056E-1,1.044706345E1,1.053185364E1
1.645199041E1,2.067398787E0,1.674975902E-1,9.499505997E0,9.723312572E0
1.645436593E1,-2.675175667E0,-2.009970993E-1,9.853643417E0,1.021230891E1
1.645674146E1,3.168097258E0,-3.637090325E-1,1.060020447E1,1.106948324E1
1.645911698E1,-3.072384357E0,1.531406492E-1,9.087940216E0,9.594459603E0
1.646149250E1,2.512463808E0,-2.440679073E-1,1.077727318E1,1.106895030E1
1.646386802E1,-3.125026464E0,2.440679073E-1,8.709874153E0,9.256741722E0
1.646624354E1,2.431107759E0,-6.221339107E-1,1.139462185E1,1.166767940E1
1.646861906E1,-1.636690736E0,4.546363056E-1,8.796015739E0,8.958534681E0
1.647099458E1,2.392822690E-2,-5.694918036E-1,1.104526901E1,1.105996659E1
1.647337010E1,5.407779217E-1,6.221338734E-2,8.934800148E0,8.951366653E0
1.647574562E1,-9.475577474E-1,-5.742774606E-1,1.084905815E1,1.090549050E1
1.647812114E1,1.847259045E0,-3.349951655E-2,9.308079720E0,9.489669976E0
1.648049661E1,-2.842673302E0,-3.924229145E-1,9.920642853E0,1.032733953E1
1.648287208E1,3.172882795E0,-1.292124242E-1,1.050449181E1,1.097397964E1
1.648524765E1,-3.393022537E0,-1.722832322E-1,9.040083885E0,9.657401312E0
1.648762317E1,3.177668571E0,-3.302095234E-1,1.132762241E1,1.176952189E1
1.648999870E1,-3.096312523E0,9.571290761E-2,8.465806961E0,9.014776742E0
1.649237422E1,1.737189293E0,-2.392822653E-1,1.139462185E1,1.152876792E1
1.649474974E1,-1.416550994E0,-2.871387079E-2,8.513663292E0,8.630753377E0
1.649712526E1,7.513462901E-1,-6.460621357E-1,1.141854954E1,1.146146549E1
1.649950078E1,4.067798555E-1,3.062812984E-1,9.040083885E0,9.054412998E0
1.650187630E1,-1.732403636E0,-6.077769399E-1,1.033699417E1,1.049876486E1
1.650425182E1,2.517249346E0,-2.105683982E-1,9.552147865E0,9.880506675E0
1.650662734E1,-2.263610125E0,-1.244267747E-1,1.020299530E1,1.045181926E1
1.650900286E1,2.627319336E0,-2.344966233E-1,1.004028416E1,1.038099713E1
1.651137838E1,-3.455235958E0,-4.307080805E-2,9.020941734E0,9.660119067E0
1.651375390E1,3.196810961E0,-5.742774159E-2,1.134676456E1,1.178863709E1
1.651612942E1,-2.842673302E0,3.349951655E-2,8.216953278E0,8.694839555E0
1.651850494E1,2.067398787E0,-3.445664644E-1,1.161954689E1,1.180706287E1
1.652088041E1,-1.488335729E0,3.972085714E-1,8.547162056E0,8.684865981E0
1.652325593E1,1.100698411E-1,-4.546363056E-1,1.106919765E1,1.107907696E1
1.652563146E1,1.143769264E0,-2.392822690E-2,9.121439934E0,9.192901999E0
1.652800698E1,-1.129412293E0,-5.072783828E-1,1.057627583E1,1.064849820E1
1.653038250E1,2.057827473E0,1.627119333E-1,9.413364410E0,9.637040967E0
1.653275802E1,-2.986242771E0,9.092725813E-2,9.647860527E0,1.009985774E1
1.653513354E1,3.550948858E0,-4.689932466E-1,1.048056316E1,1.107571202E1
1.653750901E1,-2.947957516E0,2.632105052E-1,8.997013092E0,9.471323976E0
1.653988458E1,2.531606436E0,-2.344966233E-1,1.094477081E1,1.123619277E1
1.654226010E1,-2.909672260E0,3.014956415E-1,8.508877754E0,8.997671528E0
1.654463562E1,2.268395901E0,-2.823530734E-1,1.144247818E1,1.166857533E1
1.654701114E1,-9.332008362E-1,1.674975902E-1,8.532805443E0,8.585318163E0
1.654938666E1,2.153540403E-1,-3.637090325E-1,1.117926693E1,1.118725483E1
1.655176218E1,8.566305041E-1,2.201396823E-1,8.839086533E0,8.883227343E0
1.655413771E1,-1.531406522E0,-3.445664644E-1,1.044227791E1,1.055959753E1
1.655651323E1,2.636890650E0,-6.699903309E-2,9.681360245E0,1.003426217E1
1.655888875E1,-2.488535643E0,-1.722832322E-1,9.690931320E0,1.000682972E1
1.656126427E1,3.005385160E0,-2.392822690E-2,1.045663452E1,1.087998704E1
1.656363974E1,-3.412165165E0,2.057827413E-1,8.949156761E0,9.579802941E0
1.656601526E1,3.345165968E0,-5.359922647E-1,1.136112213E1,1.185548477E1
1.656839078E1,-2.603390932E0,4.498506486E-1,8.417949677E0,8.822804923E0
1.657076630E1,1.282552958E0,-4.067798555E-1,1.132762241E1,1.140725390E1
1.657314182E1,-8.853443861E-1,1.914258152E-1,8.705088615E0,8.752088112E0
1.657551734E1,3.349951804E-1,-6.173482537E-1,1.128455162E1,1.130638961E1
1.657789286E1,9.523434043E-1,9.571290761E-2,8.958727837E0,9.009712724E0
1.658026838E1,-2.038684845E0,-4.785645306E-1,1.036570740E1,1.057511937E1
1.658264390E1,2.579462767E0,-8.135596663E-2,9.757930756E0,1.009343646E1
1.658501942E1,-3.077169895E0,-2.392822653E-1,9.801001549E0,1.027549814E1
1.658739494E1,3.263810158E0,-2.632105052E-1,1.079641533E1,1.128203530E1
1.658977046E1,-3.426522017E0,6.221338734E-2,8.781659126E0,9.426688742E0
1.659214599E1,2.316252232E0,-2.967100143E-1,1.105962658E1,1.130346855E1
1.659452151E1,-2.780459881E0,3.972085714E-1,8.662017822E0,9.106002666E0
1.659689703E1,1.808973908E0,-7.848458290E-1,1.150947666E1,1.167717528E1
1.659927255E1,-9.475577474E-1,1.674975902E-1,8.886942863E0,8.938885534E0
1.660164807E1,-7.034898400E-1,-3.684946895E-1,1.098305607E1,1.101173042E1
1.660402354E1,1.349551916E0,-3.780659735E-1,8.829515457E0,8.940054108E0
1.660639906E1,-1.718046665E0,-1.339980662E-1,1.089691448E1,1.103233362E1
1.660877458E1,2.287538528E0,-2.105683982E-1,9.365508080E0,9.643127768E0
1.661115010E1,-3.412165165E0,-3.732803464E-1,9.600004196E0,1.019520916E1
1.661352562E1,3.278167009E0,9.571290761E-2,1.110748291E1,1.158152479E1
1.661590114E1,-3.287738323E0,-4.785645381E-2,8.441878319E0,9.059625990E0
1.661827666E1,2.723032236E0,-3.302095234E-1,1.151904774E1,1.184113186E1
1.662065218E1,-2.646461725E0,3.493520916E-1,8.461020470E0,8.872129053E0
1.662302771E1,1.024128079E0,-4.450650215E-1,1.131326580E1,1.136824104E1
1.662540323E1,-2.009970993E-1,6.699903309E-2,9.145368576E0,9.147822424E0
1.662777875E1,-1.483550072E-1,-6.843472719E-1,1.088255692E1,1.090506238E1
1.663015427E1,1.210768223E0,1.962114573E-1,9.188439369E0,9.269944804E0
1.663252979E1,-2.316252232E0,-1.722832322E-1,1.019342422E1,1.045469289E1
1.663490526E1,3.129812002E0,-4.354937077E-1,9.777072906E0,1.027504416E1
1.663728083E1,-2.632104874E0,9.092725813E-2,9.834501266E0,1.018104410E1
1.663965635E1,2.775674343E0,-2.440679073E-1,1.045184898E1,1.081688885E1
1.664203187E1,-3.483949661E0,8.135596663E-2,8.671588898E0,9.345639520E0
1.664440739E1,3.029313564E0,-1.674975902E-1,1.170568848E1,1.209247447E1
1.664678291E1,-2.086541414E0,1.100698411E-1,8.226524353E0,8.487724864E0
1.664915838E1,1.363908887E0,-4.546363056E-1,1.149512005E1,1.158467637E1
1.665153390E1,-4.546363056E-1,3.493520916E-1,8.767302513E0,8.786030640E0
1.665390942E1,-4.354937077E-1,-5.838487148E-1,1.084905815E1,1.087348136E1
1.665628494E1,1.952543259E0,-2.009970993E-1,9.288937569E0,9.494060573E0
1.665866046E1,-1.813759565E0,-4.115654826E-1,1.039920712E1,1.056421405E1
1.666103599E1,2.617748022E0,1.435693540E-2,9.853643417E0,1.019544503E1
1.666341151E1,-3.230310678E0,1.004985496E-1,9.485149384E0,1.002063201E1
1.666578703E1,3.661018610E0,-5.359922647E-1,1.093998528E1,1.154874984E1
1.666816255E1,-2.981456995E0,2.775674164E-1,8.537590981E0,9.047463138E0
1.667053807E1,2.158325911E0,-2.823530734E-1,1.132762241E1,1.153486556E1
1.667291359E1,-2.191825628E0,3.349951655E-2,8.475378036E0,8.754270653E0
1.667528911E1,1.617548108E0,-3.684946895E-1,1.161954689E1,1.173738132E1
1.667766463E1,-7.657032460E-2,2.392822690E-2,8.748159409E0,8.748527225E0
1.668004015E1,-9.044869542E-1,-5.551348329E-1,1.069591713E1,1.074843777E1
1.668241567E1,1.804188251E0,3.349951655E-2,9.245866776E0,9.420311560E0
1.668479120E1,-2.297109842E0,-2.584248483E-1,1.021735287E1,1.047558097E1
1.668716672E1,3.019742250E0,-4.307080805E-1,1.014556789E1,1.059419183E1
1.668954224E1,-2.914458036E0,8.135596663E-2,9.375079155E0,9.817983174E0
1.669191776E1,2.627319336E0,-2.967100143E-1,1.053320503E1,1.085998398E1
1.669429323E1,-3.211168051E0,1.962114573E-1,8.853444099E0,9.419849872E0
1.669666875E1,2.799602509E0,-6.269195080E-1,1.145204926E1,1.180594064E1
1.669904427E1,-2.072184324E0,2.679961324E-1,8.609375954E0,8.859295915E0
1.670141979E1,5.503492355E-1,-2.488535494E-1,1.134676456E1,1.136282881E1
1.670379531E1,3.828516230E-2,-3.637090325E-1,8.518448830E0,8.526295824E0
1.670617083E1,-4.642075896E-1,-2.344966233E-1,1.129412270E1,1.130609061E1
1.670854635E1,1.674975872E0,-1.914258152E-1,8.882157326E0,9.040735964E0
1.671092187E1,-2.876172781E0,-4.402793646E-1,1.020778179E1,1.061437822E1
1.671329739E1,3.287738323E0,-1.339980662E-1,1.031785107E1,1.082983053E1
1.671567291E1,-3.168097258E0,-1.866401732E-1,9.351150513E0,9.875003327E0
1.671804843E1,3.239881754E0,-4.307080805E-1,1.116969585E1,1.163806035E1
1.672042396E1,-3.125026464E0,2.584248483E-1,8.528019905E0,9.086236697E0
1.672279948E1,1.933400750E0,-4.737788737E-1,1.132762241E1,1.150119709E1
1.672517500E1,-1.430907965E0,2.201396823E-1,8.738588333E0,8.857702024E0
1.672755052E1,1.182054400E0,-8.757730722E-1,1.123669529E1,1.133258806E1
1.672992604E1,1.674975902E-1,1.531406492E-1,8.977870941E0,8.980739064E0
1.673230156E1,-1.325623751E0,-3.684946895E-1,1.060977554E1,1.069861691E1
1.673467703E1,2.450250387E0,-5.168496966E-1,9.212367058E0,9.546652155E0
1.673705255E1,-2.062613010E0,-2.871387079E-2,1.053799057E1,1.073799060E1
1.673942807E1,2.675175667E0,-3.589234054E-1,9.729216576E0,1.009668490E1
1.674180359E1,-3.445664644E0,-1.004985496E-1,9.260223389E0,9.881014220E0
1.674417911E1,3.440878868E0,-2.536391914E-1,1.137069321E1,1.188261942E1
1.674655463E1,-2.761317253E0,1.052841991E-1,8.384450912E0,8.828078774E0
1.674893015E1,2.230110645E0,-4.594219327E-1,1.163390350E1,1.185462664E1
1.675130567E1,-1.655833244E0,2.201396823E-1,8.475378036E0,8.638418725E0
1.675368120E1,6.699903607E-1,-5.599204898E-1,1.140897846E1,1.144234188E1
1.675605672E1,7.800601721E-1,-1.435693651E-1,8.968298912E0,9.003304472E0
1.675843224E1,-7.848458290E-1,-5.216353536E-1,1.090648556E1,1.094712353E1
1.676080776E1,1.837687731E0,5.264209956E-2,9.241081238E0,9.422178614E0
1.676318328E1,-2.775674343E0,-3.302095234E-1,9.915857315E0,1.030231201E1
1.676555880E1,3.651447296E0,-4.546363056E-1,1.064327526E1,1.126139733E1
1.676793427E1,-2.943171740E0,3.349951655E-2,9.049654961E0,9.516282731E0
1.677030984E1,2.665604353E0,-2.823530734E-1,1.093519974E1,1.125894147E1
1.677268531E1,-3.072384357E0,3.780659735E-1,8.575876236E0,9.117463065E0
1.677506088E1,2.498106956E0,-8.231309652E-1,1.151426220E1,1.181085589E1
1.677743635E1,-1.383051515E0,5.407779217E-1,8.752944946E0,8.878024413E0
1.677981187E1,5.216353536E-1,-7.369893789E-1,1.109791183E1,1.113458144E1
1.678218739E1,5.216353536E-1,-1.052841991E-1,8.949156761E0,8.964964860E0
1.678456291E1,-1.086341500E0,-1.866401732E-1,1.076291656E1,1.081921187E1
1.678693843E1,2.407179594E0,-2.344966233E-1,9.523433685E0,9.825746354E0
1.678931396E1,-2.440679073E0,-3.972085714E-1,9.944570541E0,1.024739832E1
1.679168948E1,2.952743053E0,-1.052841991E-1,1.020299530E1,1.062218854E1
1.679406500E1,-3.321237803E0,2.057827413E-1,9.327222824E0,9.903032500E0
1.679644052E1,3.421736479E0,-6.221339107E-1,1.127976608E1,1.180374746E1
1.679881604E1,-2.847458839E0,3.062812984E-1,8.437092781E0,8.909902619E0
1.680119156E1,1.708475351E0,-3.780659735E-1,1.134197903E1,1.147616269E1
1.680356703E1,-1.521835208E0,2.009970993E-1,8.504091263E0,8.641524775E0
1.680594260E1,1.028913736E0,-6.652047038E-1,1.152383423E1,1.158878406E1
1.680831812E1,2.919243574E-1,1.627119333E-1,8.834300995E0,8.840620401E0
1.681069359E1,-1.531406522E0,-6.412764788E-1,1.053799057E1,1.066797482E1
1.681306916E1,2.349751949E0,-7.178468257E-2,9.494720459E0,9.781421362E0
1.681544468E1,-2.646461725E0,-2.249253243E-1,1.013599682E1,1.047820512E1
1.681782020E1,3.014956474E0,-2.775674164E-1,1.034177971E1,1.077587183E1
1.682019567E1,-3.297309637E0,1.339980662E-1,9.087940216E0,9.668550238E0
1.682257120E1,2.536391973E0,-3.924229145E-1,1.071984577E1,1.102281150E1
1.682494672E1,-2.995813847E0,4.259224236E-1,8.786444664E0,9.292896230E0
1.682732224E1,2.411965132E0,-7.992027402E-1,1.141376400E1,1.169317363E1
1.682969776E1,-1.828116536E0,3.349951804E-1,8.633303642E0,8.831090738E0
1.683207328E1,8.135596663E-2,-4.833501875E-1,1.111705399E1,1.112785404E1
1.683444880E1,6.221339107E-1,-1.148554832E-1,9.025727272E0,9.047872411E0
1.683682432E1,-7.800601721E-1,-4.115654826E-1,1.078684425E1,1.082284108E1
1.683919984E1,1.545763373E0,1.914258115E-2,9.107083321E0,9.237354462E0
1.684157536E1,-2.971885681E0,-4.067798555E-1,9.882357597E0,1.032756341E1
1.684395088E1,3.426522017E0,-2.249253243E-1,1.053799057E1,1.108336094E1
1.684632640E1,-3.129812002E0,4.785645287E-3,9.126225471E0,9.647991368E0
1.684870192E1,2.928814888E0,-3.254238665E-1,1.114098263E1,1.152412041E1
1.685107744E1,-3.249453068E0,2.919243574E-1,8.451449394E0,9.059313546E0
1.685345297E1,2.096112728E0,-4.019941986E-1,1.136112213E1,1.155986090E1
1.685582849E1,-1.411765337E0,3.349951655E-2,8.671588898E0,8.785821396E0
1.685820401E1,9.810572863E-1,-5.407779217E-1,1.139462185E1,1.144955550E1
1.686057953E1,-7.657032460E-2,2.919243574E-1,8.901300430E0,8.906415227E0
1.686295505E1,-1.368694544E0,-6.029912829E-1,1.059541893E1,1.070045913E1
1.686533052E1,2.531606436E0,-1.962114573E-1,9.729216576E0,1.005510742E1
1.686770604E1,-2.172683001E0,-5.072783828E-1,9.906285286E0,1.015442618E1
1.687008156E1,2.517249346E0,-2.871387079E-2,1.040877819E1,1.070887633E1
1.687245708E1,-3.431307554E0,1.962114573E-1,9.068798065E0,9.698219879E0
1.687483260E1,3.354737282E0,-8.566305041E-1,1.114098263E1,1.166660070E1
1.687720812E1,-2.904886723E0,5.934200287E-1,8.647661209E0,9.141802808E0
1.687958364E1,2.000399828E0,-6.077769399E-1,1.144247818E1,1.163190866E1
1.688195916E1,-1.919043779E0,-8.614161611E-2,8.456234932E0,8.671681419E0
1.688433468E1,1.004985452E0,-2.679961324E-1,1.161476135E1,1.166123917E1
1.688671020E1,3.493520916E-1,-1.722832322E-1,8.877371788E0,8.885913474E0
1.688908573E1,-9.236295223E-1,-4.737788737E-1,1.083948612E1,1.088907789E1
1.689146125E1,1.694118381E0,4.785645287E-3,9.169296265E0,9.324486794E0
1.689383677E1,-2.545963287E0,-2.057827413E-1,1.026042366E1,1.057357883E1
1.689621229E1,3.287738323E0,-5.647061467E-1,1.018385315E1,1.071629513E1
1.689858781E1,-2.995813847E0,1.435693540E-2,9.322437286E0,9.791983644E0
1.690096333E1,2.790031195E0,-1.818545163E-1,1.090170002E1,1.125452835E1
1.690333885E1,-3.431307554E0,3.445664644E-1,8.595019341E0,9.261045030E0
1.690571437E1,2.909672260E0,-6.029912829E-1,1.165304661E1,1.202594222E1
1.690808984E1,-1.909472466E0,4.163511395E-1,8.427521706E0,8.651159198E0
1.691046536E1,6.364908218E-1,-5.264210105E-1,1.115533924E1,1.118587651E1
1.691284088E1,1.674975902E-1,-2.392822690E-2,8.958727837E0,8.960325466E0
1.691521640E1,-5.742774606E-1,-2.823530734E-1,1.080598736E1,1.082491943E1
1.691759192E1,1.732403636E0,1.914258115E-2,9.260223389E0,9.420898365E0
1.691996744E1,-2.301895380E0,-1.962114573E-1,1.005942631E1,1.032130219E1
1.692234297E1,2.799602509E0,-1.674975902E-1,9.834501266E0,1.022659498E1
1.692471849E1,-3.110669374E0,2.201396823E-1,9.585647583E0,1.008014707E1
1.692709401E1,3.297309637E0,-5.216353536E-1,1.101655579E1,1.151124909E1
1.692946953E1,-3.048455954E0,5.359922647E-1,8.508877754E0,9.054356523E0
1.693184505E1,1.942971945E0,-2.775674164E-1,1.102612686E1,1.119944897E1
1.693422057E1,-1.981257200E0,2.871387303E-1,8.561519623E0,8.792465354E0
1.693659609E1,1.555334687E0,-5.742774606E-1,1.134197903E1,1.146251931E1
1.693897161E1,-4.737788737E-1,5.551348329E-1,8.891729355E0,8.921630570E0
1.694134713E1,-8.709874153E-1,-4.546363056E-1,1.063848972E1,1.068376230E1
1.694372265E1,1.722832322E0,-7.657032460E-2,9.145368576E0,9.306545042E0
1.694609817E1,-1.612762451E0,-1.196411327E-1,1.045663452E1,1.058095091E1
1.694847370E1,2.354537487E0,-1.387837082E-1,9.585647583E0,9.871562555E0
1.695084916E1,-3.306880951E0,-1.435693540E-2,9.446864128E0,1.000894148E1
1.695322468E1,3.460021496E0,1.435693540E-2,1.090170002E1,1.143761418E1
1.695560020E1,-3.311666489E0,9.571290575E-3,8.365307808E0,8.996977340E0
1.695797573E1,2.833101988E0,-2.871387303E-1,1.164347458E1,1.198663488E1
1.696035125E1,-2.397608280E0,4.689932466E-1,8.317451477E0,8.668822250E0
1.696272677E1,9.762716293E-1,-6.077769399E-1,1.127498055E1,1.133347632E1
1.696510229E1,-2.153540403E-1,1.483550072E-1,8.939585686E0,8.943409797E0
1.696747781E1,2.392822690E-2,-6.795616150E-1,1.096391296E1,1.098497902E1
1.696985333E1,9.667003751E-1,3.110669553E-1,9.078369141E0,9.134990888E0
1.697222885E1,-2.292324066E0,-4.163511395E-1,1.007378292E1,1.033969053E1
1.697460437E1,3.058027267E0,-3.732803464E-1,9.954142570E0,1.041997233E1
1.697697989E1,-2.627319336E0,1.100698411E-1,9.863214493E0,1.020773836E1
1.697935541E1,2.684746981E0,-3.589234054E-1,1.044706345E1,1.079248938E1
1.698173093E1,-3.627519131E0,2.392822690E-2,8.575876236E0,9.311558453E0
1.698410646E1,3.091526747E0,-4.785645381E-2,1.168175983E1,1.208401178E1
1.698648198E1,-2.502892494E0,-2.392822690E-2,8.164310455E0,8.539379873E0
1.698885750E1,1.478764415E0,-5.168496966E-1,1.151426220E1,1.162033183E1
1.699123302E1,-9.140582681E-1,3.972085714E-1,8.834300995E0,8.890340333E0
1.699360854E1,-1.339980662E-1,-6.173482537E-1,1.104526901E1,1.106331966E1
1.699598406E1,1.220339537E0,-2.105683982E-1,8.939585686E0,9.024952070E0
1.699835953E1,-1.507478237E0,-2.727817893E-1,1.072463131E1,1.083349515E1
1.700073505E1,2.081755638E0,-3.349951655E-2,9.332008362E0,9.561443867E0
1.700311057E1,-3.244667530E0,-4.307080805E-2,9.777072906E0,1.030149878E1
1.700548609E1,3.613162279E0,-5.407779217E-1,1.074855900E1,1.135248444E1
1.700786161E1,-3.096312523E0,2.775674164E-1,8.819944382E0,9.351770624E0
1.701023713E1,2.349751949E0,-2.775674164E-1,1.105484104E1,1.130521510E1
1.701261265E1,-2.933600664E0,3.924229145E-1,8.456234932E0,8.959236453E0
1.701498817E1,1.986042738E0,-6.891329288E-1,1.156690502E1,1.175638387E1
1.701736370E1,-8.853443861E-1,3.445664644E-1,8.810373306E0,8.861446751E0
1.701973922E1,5.742774159E-2,-5.264210105E-1,1.104526901E1,1.105795571E1
1.702211474E1,7.369893789E-1,-2.871387079E-2,8.819944382E0,8.850728599E0
1.702449026E1,-1.564906001E0,-8.135596663E-2,1.063848972E1,1.075327918E1
1.702686578E1,2.598605394E0,-2.297109663E-1,9.676574707E0,1.002205643E1
1.702924130E1,-2.574677229E0,-1.004985496E-1,9.801001549E0,1.013403642E1
1.703161682E1,2.751745939E0,-1.674975902E-1,1.017906761E1,1.054578487E1
1.703399234E1,-3.259024382E0,3.397808075E-1,9.293723106E0,9.854439613E0
1.703636786E1,3.263810158E0,-5.694918036E-1,1.118883896E1,1.166905716E1
1.703874338E1,-2.732603550E0,5.264210105E-1,8.451449394E0,8.897822099E0
1.704111890E1,1.569691658E0,-3.110669553E-1,1.121755219E1,1.133111520E1
1.704349432E1,-1.301695466E0,3.349951804E-1,8.590232849E0,8.694753203E0
1.704586989E1,1.091127157E0,-4.785645306E-1,1.155733299E1,1.161858547E1
1.704824541E1,4.354937077E-1,1.196411327E-1,8.528019905E0,8.539970273E0
1.705062093E1,-1.387837172E0,-3.493520916E-1,1.074377346E1,1.083867183E1
1.705299646E1,2.440679073E0,3.828516230E-2,9.375079155E0,9.687646218E0
1.705537198E1,-2.498106956E0,-1.627119333E-1,1.010249710E1,1.040804791E1
1.705774750E1,3.144168854E0,-1.962114573E-1,1.039920712E1,1.086590104E1
1.706012302E1,-3.115455151E0,8.614161611E-2,9.121439934E0,9.639198496E0
1.706249854E1,2.718246460E0,-2.919243574E-1,1.073898792E1,1.108151367E1
1.706487406E1,-2.991028309E0,4.833501875E-1,8.834300995E0,9.339419244E0
1.706724958E1,2.569891453E0,-7.896314859E-1,1.138983536E1,1.170282912E1
1.706962510E1,-1.861616015E0,5.503492355E-1,8.623732567E0,8.839528373E0
1.707200062E1,4.115654826E-1,-6.652047038E-1,1.118405342E1,1.121137522E1
1.707437614E1,3.541377485E-1,1.914258115E-2,9.049654961E0,9.056601730E0
1.707675166E1,-3.397808075E-1,-4.689932466E-1,1.106441212E1,1.107955871E1
1.707912718E1,1.196411371E0,1.914258115E-2,8.891729355E0,8.971879264E0
1.708150265E1,-2.584248543E0,-3.732803464E-1,1.030827999E1,1.063382881E1
1.708387823E1,3.201596737E0,-3.684946895E-1,1.013121128E1,1.063143697E1
1.708625375E1,-3.072384357E0,6.221338734E-2,9.537791252E0,1.002062264E1
1.708862927E1,2.885744095E0,-4.067798555E-1,1.099741268E1,1.137699761E1
1.709100474E1,-3.498306751E0,2.488535494E-1,8.518448830E0,9.212168511E0
1.709338026E1,2.158325911E0,-4.259224236E-1,1.125105190E1,1.146411573E1
1.709575578E1,-2.019542217E0,1.387837082E-1,8.709874153E0,8.942019875E0
1.709813130E1,1.363908887E0,-6.795616150E-1,1.136590767E1,1.146760256E1
1.710050682E1,-9.236295223E-1,4.307080805E-1,8.743373871E0,8.802567102E0
1.710288234E1,-8.949156404E-1,-6.891329288E-1,1.075813103E1,1.081726220E1
1.710525786E1,1.722832322E0,-3.349951655E-2,9.518648148E0,9.673362186E0
1.710763338E1,-1.612762451E0,-5.359922647E-1,1.009292603E1,1.023501081E1
1.711000890E1,1.741974831E0,1.914258115E-2,9.734002113E0,9.888662189E0
1.711238442E1,-3.182454109E0,7.657032460E-2,9.667003632E0,1.017766360E1
1.711475994E1,3.278167009E0,-8.231309652E-1,1.047099209E1,1.100298136E1
1.711713546E1,-3.125026464E0,6.077769399E-1,9.241081238E0,9.774086436E0
1.711951099E1,2.297109842E0,-5.838487148E-1,1.101655579E1,1.126863321E1
1.712188651E1,-3.014956474E0,2.632105052E-1,8.422736168E0,8.949956808E0
1.712426203E1,1.904686809E0,-4.259224236E-1,1.174397373E1,1.190504770E1
1.712663755E1,-1.048056364E0,-1.435693540E-2,8.523234367E0,8.587441548E0
1.712901307E1,2.009970993E-1,-5.359922647E-1,1.130848026E1,1.132295957E1
1.713138859E1,4.115654826E-1,2.967100143E-1,8.901300430E0,8.915748557E0
1.713376411E1,-1.521835208E0,-5.407779217E-1,1.052841949E1,1.065157454E1
1.713613963E1,2.383251429E0,-3.445664644E-1,9.523433685E0,9.823156447E0
1.713851510E1,-2.316252232E0,-1.818545163E-1,1.004028416E1,1.030560049E1
1.714089062E1,2.598605394E0,-1.962114573E-1,1.013121128E1,1.046100812E1
1.714326614E1,-3.302095175E0,2.009970993E-1,9.260223389E0,9.833410883E0
1.714564166E1,3.359523058E0,-7.369893789E-1,1.104526901E1,1.156838433E1
1.714801718E1,-2.938386202E0,7.369893789E-1,8.585447311E0,9.104239252E0
1.715039270E1,1.885544300E0,-6.077769399E-1,1.121276665E1,1.138643078E1
1.715276823E1,-1.741974831E0,1.962114573E-1,8.566305161E0,8.743829787E0
1.715514375E1,1.335195065E0,-5.647061467E-1,1.150947666E1,1.160041775E1
1.715751922E1,-2.201396823E-1,9.571290761E-2,8.819944382E0,8.823210376E0
1.715989479E1,-5.790630579E-1,-3.445664644E-1,1.089212894E1,1.091295162E1
1.716227031E1,1.426122308E0,1.914258115E-2,9.092725754E0,9.203904221E0
1.716464583E1,-1.808973908E0,-3.397808075E-1,1.039920712E1,1.056084022E1
1.716702135E1,2.593819857E0,-3.206382394E-1,9.906285286E0,1.024525249E1
1.716939687E1,-2.612962246E0,1.244267747E-1,9.652647018E0,1.000083237E1
1.717177239E1,2.723032236E0,-3.684946895E-1,1.024606609E1,1.060813665E1
1.717414791E1,-3.144168854E0,3.110669553E-1,9.107083321E0,9.639581269E0
1.717652343E1,3.053241730E0,-6.173482537E-1,1.121755219E1,1.164203079E1
1.717889896E1,-2.474178553E0,6.221339107E-1,8.604590416E0,8.974830714E0
1.718127448E1,1.359123230E0,-6.460621357E-1,1.122233772E1,1.132278571E1
1.718364995E1,-8.662018180E-1,2.153540403E-1,8.796015739E0,8.841186337E0
1.718602546E1,8.135597110E-1,-5.982056856E-1,1.134676456E1,1.139161075E1
1.718840099E1,4.450650215E-1,1.292124242E-1,8.772088051E0,8.784321687E0
1.719077651E1,-1.445264935E0,-4.785645306E-1,1.066720295E1,1.077529737E1
1.719315203E1,2.397608280E0,-1.531406492E-1,9.403793335E0,9.705838790E0
1.719552755E1,-2.297109842E0,-1.196411327E-1,1.019342422E1,1.044973325E1
1.719790307E1,2.866601467E0,-5.407779217E-1,1.032263660E1,1.072691340E1
1.720027859E1,-2.967100143E0,1.435693651E-1,9.250652313E0,9.715907762E0
1.720265411E1,2.708675146E0,-5.072783828E-1,1.060977554E1,1.096182419E1
1.720502963E1,-2.828316450E0,4.833501875E-1,8.963513374E0,9.411565935E0
1.720740515E1,2.670390129E0,-9.236295223E-1,1.126540947E1,1.161436720E1
1.720978067E1,-2.029113531E0,6.029912829E-1,8.642875671E0,8.898325690E0
1.721215620E1,8.279166222E-1,-7.465606928E-1,1.109312534E1,1.114900124E1
1.721453172E1,-1.244267747E-1,1.914258152E-1,9.059226990E0,9.062103482E0
1.721690724E1,2.775674164E-1,-6.269195080E-1,1.101177025E1,1.103309366E1
1.721928276E1,8.422735929E-1,8.135596663E-2,8.839086533E0,8.879498540E0
1.722165828E1,-2.019542217E0,-4.498506486E-1,1.038485050E1,1.058895823E1
1.722403380E1,2.952743053E0,-4.067798555E-1,9.719645500E0,1.016639907E1
1.722640932E1,-2.359323025E0,8.614161611E-2,1.000199890E1,1.027685786E1
1.722878484E1,2.727817774E0,-4.642075896E-1,1.024606609E1,1.061312154E1
1.723116031E1,-3.201596737E0,2.536391914E-1,9.006584167E0,9.562066349E0
1.723353583E1,2.938386202E0,-4.929214716E-1,1.084427261E1,1.124612527E1
1.723591135E1,-2.421536446E0,3.637090325E-1,8.810373306E0,9.144331622E0
1.723828687E1,2.321038008E0,-6.077769399E-1,1.116969585E1,1.142447879E1
1.724066239E1,-1.684547186E0,6.173482537E-1,8.700303078E0,8.883360385E0
1.724303791E1,4.929214716E-1,-8.518448472E-1,1.093519974E1,1.097939910E1
1.724541343E1,9.188438654E-1,2.584248483E-1,9.336793900E0,9.385455651E0
1.724778896E1,-4.019941986E-1,-7.561319470E-1,1.037527943E1,1.041055993E1
1.725016448E1,1.478764415E0,3.110669553E-1,9.446864128E0,9.566961310E0
1.725254000E1,-2.273181438E0,-1.483550072E-1,9.801001549E0,1.006225593E1
1.725491552E1,3.383451223E0,-6.604190469E-1,1.009292603E1,1.066541379E1
1.725729104E1,-2.354537487E0,4.163511395E-1,9.777072906E0,1.006520490E1
1.725966656E1,2.675175667E0,-4.977070987E-1,1.048056316E1,1.082804144E1
1.726204208E1,-3.158525944E0,3.110669553E-1,8.805587769E0,9.360097475E0
1.726441760E1,2.967100143E0,-4.259224236E-1,1.134676456E1,1.173601974E1
1.726679312E1,-2.009970903E0,2.344966233E-1,8.508877754E0,8.746197593E0
1.726916859E1,1.698904037E0,-6.029912829E-1,1.142812061E1,1.156943448E1
1.727154416E1,-8.374879360E-1,4.115654826E-1,8.705088615E0,8.754960879E0
1.727391968E1,5.264209956E-2,-6.843472719E-1,1.101177025E1,1.103314037E1
1.727629520E1,1.426122308E0,-8.135596663E-2,9.241081238E0,9.350830234E0
1.727867073E1,-1.220339537E0,-3.637090325E-1,1.058584690E1,1.066216054E1
1.728104620E1,2.024327993E0,-1.483550072E-1,9.418149948E0,9.634389523E0
1.728342172E1,-2.866601467E0,-6.699903309E-2,1.001156998E1,1.041409748E1
1.728579724E1,3.522234917E0,-7.417750359E-1,1.048056316E1,1.108145177E1
1.728817276E1,-2.924029350E0,2.153540403E-1,9.303294182E0,9.754363518E0
1.729054828E1,2.383251429E0,-4.689932466E-1,1.075334454E1,1.102425783E1
1.729292380E1,-3.024527788E0,3.589234054E-1,8.891729355E0,9.398906600E0
1.729529932E1,2.349751949E0,-9.427721500E-1,1.144726372E1,1.172390721E1
1.729767484E1,-1.526620865E0,5.024927258E-1,8.910871506E0,9.054650805E0
1.730005036E1,5.503492355E-1,-9.332008362E-1,1.116969585E1,1.122211449E1
1.730242588E1,1.627119333E-1,-5.264209956E-2,9.001798630E0,9.003422957E0
1.730480140E1,-7.178468108E-1,-4.498506486E-1,1.074377346E1,1.077712104E1
1.730717692E1,1.584048629E0,-3.637090325E-1,9.600004196E0,9.736610030E0
1.730955244E1,-1.971685886E0,-4.163511395E-1,1.017428207E1,1.037192891E1
1.731192797E1,2.517249346E0,-2.919243574E-1,9.930213928E0,1.024845904E1
1.731430349E1,-2.986242771E0,2.392822690E-2,9.781859398E0,1.022756040E1
1.731667901E1,3.091526747E0,-8.039883971E-1,1.074377346E1,1.120859506E1
1.731905453E1,-2.890529871E0,2.488535494E-1,9.030512810E0,9.485106886E0
1.732143005E1,2.139183521E0,-5.647061467E-1,1.082512951E1,1.104891072E1
1.732380557E1,-2.555534601E0,3.876372576E-1,8.604590416E0,8.984430754E0
1.732618109E1,1.914258122E0,-8.470591903E-1,1.156690502E1,1.175479414E1
1.732855656E1,-1.048056364E0,4.737788737E-1,8.867800713E0,8.942079067E0
1.733093208E1,-2.871387079E-2,-9.906286001E-1,1.087777138E1,1.092282379E1
1.733330760E1,8.087740541E-1,1.004985496E-1,9.159725189E0,9.195911101E0
1.733568312E1,-1.004985452E0,-6.077769399E-1,1.055713367E1,1.062226247E1
1.733805864E1,1.751546144E0,-8.614161611E-2,9.561718941E0,9.721203803E0
1.734043416E1,-2.598605394E0,-1.627119333E-1,9.868000984E0,1.020571745E1
1.734280968E1,2.933600664E0,-4.594219327E-1,1.022692394E1,1.064927484E1
1.734518520E1,-3.101098061E0,2.488535494E-1,9.475577354E0,9.973229340E0
1.734756073E1,3.038884640E0,-7.082754970E-1,1.093519974E1,1.137167830E1
1.734993625E1,-2.971885681E0,5.886343718E-1,8.695517540E0,9.208182243E0
1.735231177E1,1.756331801E0,-8.087740541E-1,1.090648556E1,1.107656283E1
1.735468729E1,-1.708475351E0,3.972085714E-1,8.815158844E0,8.987974639E0
1.735706281E1,1.445264935E0,-1.028913736E0,1.138983536E1,1.152717674E1
1.735943833E1,-6.173482537E-1,4.546363056E-1,8.910871506E0,8.943793604E0
1.736181385E1,-6.891329288E-1,-4.498506486E-1,1.091127110E1,1.094226241E1
1.736418937E1,1.349551916E0,-4.211367965E-1,8.953942299E0,9.064862341E0
1.736656489E1,-1.339980721E0,-8.135596663E-2,1.102134132E1,1.110279837E1
1.736894041E1,1.914258122E0,-4.067798555E-1,9.154939651E0,9.361771949E0
1.737131593E1,-3.091526747E0,-1.244267747E-1,9.978070259E0,1.044676532E1
1.737369146E1,3.201596737E0,-5.312066078E-1,1.040877819E1,1.090298425E1
1.737606698E1,-2.885744095E0,3.397808075E-1,9.422935486E0,9.860764836E0
1.737844244E1,2.560320139E0,-6.939185858E-1,1.083470058E1,1.115470748E1
1.738081797E1,-2.952743053E0,5.742774606E-1,8.666803360E0,9.173983138E0
1.738319349E1,1.679761529E0,-9.332008362E-1,1.125105190E1,1.141396651E1
1.738556901E1,-1.095912814E0,3.780659735E-1,9.097511292E0,9.171077934E0
1.738794453E1,8.949156404E-1,-1.057627559E0,1.103569794E1,1.112232345E1
1.739032005E1,-1.962114573E-1,4.785645306E-1,8.968298912E0,8.983201452E0
1.739269557E1,-1.158126116E0,-6.843472719E-1,1.051884842E1,1.060451599E1
1.739507109E1,2.206182480E0,-3.397808075E-1,9.652647018E0,9.907385457E0
1.739744661E1,-1.871187329E0,-2.919243574E-1,1.019820976E1,1.037256209E1
1.739982213E1,2.306680918E0,-1.962114573E-1,1.001635551E1,1.028040143E1
1.740219765E1,-3.297309637E0,-2.871387079E-2,9.375079155E0,9.938067442E0
1.740457317E1,3.388236761E0,-6.412764788E-1,1.081077290E1,1.134743118E1
1.740694870E1,-2.842673302E0,5.312066078E-1,9.054440498E0,9.505044171E0
1.740932422E1,2.210968018E0,-6.029912829E-1,1.095912743E1,1.119618024E1
1.741169974E1,-2.464607239E0,2.919243574E-1,8.580661774E0,8.932371754E0
1.741407526E1,1.574477315E0,-4.259224236E-1,1.139462185E1,1.151076869E1
1.741645078E1,-5.694918036E-1,7.657032460E-2,8.705088615E0,8.724032997E0
1.741882630E1,1.627119333E-1,-5.838487148E-1,1.105962658E1,1.107622203E1
1.742120182E1,7.178468108E-1,3.541377485E-1,9.001798630E0,9.037316867E0
1.742357734E1,-1.746760488E0,-5.694918036E-1,1.016949654E1,1.033412565E1
1.742595281E1,2.790031195E0,-1.244267747E-1,1.008814049E1,1.046758495E1
1.742832833E1,-2.359323025E0,-2.679961324E-1,9.466006279E0,9.759277736E0
1.743070390E1,2.498106956E0,1.435693540E-2,1.046620655E1,1.076021487E1
1.743307932E1,-3.249453068E0,3.876372576E-1,9.073583603E0,9.645679203E0
1.743545489E1,3.292523861E0,-7.130611539E-1,1.105005455E1,1.155218054E1
1.743783041E1,-2.713460922E0,7.226324677E-1,8.590232849E0,9.037542158E0
1.744020593E1,1.746760488E0,-6.795616150E-1,1.105484104E1,1.121260392E1
1.744258146E1,-1.694118381E0,3.972085714E-1,8.805587769E0,8.975866960E0
1.744495698E1,1.220339537E0,-6.460621357E-1,1.121276665E1,1.129746701E1
1.744733250E1,-4.785645381E-2,3.110669553E-1,8.872586250E0,8.878166458E0
1.744970802E1,-5.599204898E-1,-2.919243574E-1,1.072463131E1,1.074320471E1
1.745208354E1,1.229910851E0,1.052841991E-1,9.092725754E0,9.176133559E0
1.745445906E1,-1.909472466E0,-3.110669553E-1,1.028913784E1,1.046944150E1
1.745683458E1,2.718246460E0,-2.297109663E-1,9.887143135E0,1.025657010E1
1.745921010E1,-2.646461725E0,1.052841991E-1,9.576076508E0,9.935596897E0
1.746158562E1,2.703889608E0,-2.584248483E-1,1.037049294E1,1.072030439E1
1.746396114E1,-3.105883837E0,3.589234054E-1,8.992227554E0,9.520267686E0
1.746633666E1,3.005385160E0,-6.077769399E-1,1.113141060E1,1.154599648E1
1.746871218E1,-2.450250387E0,6.412764788E-1,8.504091263E0,8.873248035E0
1.747108771E1,1.440479279E0,-5.551348329E-1,1.101177025E1,1.111945319E1
1.747346323E1,-1.052842021E0,3.637090325E-1,8.853444099E0,8.923241171E0
1.747583875E1,9.044869542E-1,-6.317051649E-1,1.116012478E1,1.121452331E1
1.747821422E1,2.775674164E-1,4.115654826E-1,8.877371788E0,8.891240615E0
1.748058974E1,-1.182054400E0,-5.312066078E-1,1.047577763E1,1.055563120E1
1.748296526E1,1.981257200E0,9.092725813E-2,9.422935486E0,9.629400866E0
1.748534078E1,-1.976471543E0,-1.627119333E-1,1.005464077E1,1.024835186E1
1.748771630E1,2.689532757E0,-3.541377485E-1,1.011685371E1,1.047424122E1
1.749009182E1,-2.766103029E0,2.871387303E-1,9.456435204E0,9.856872799E0
1.749246734E1,2.679961443E0,-4.642075896E-1,1.023649502E1,1.059167184E1
1.749484286E1,-2.751745939E0,3.684946895E-1,9.164510727E0,9.575810718E0
1.749721838E1,2.670390129E0,-6.891329288E-1,1.094955635E1,1.129153098E1
1.749959390E1,-2.359323025E0,6.173482537E-1,8.796015739E0,9.127837471E0
1.750196942E1,1.076770186E0,-5.503492355E-1,1.086820030E1,1.093526845E1
1.750434494E1,-7.848458290E-1,3.158525825E-1,8.853444099E0,8.893774129E0
1.750672046E1,5.982056856E-1,-6.269195080E-1,1.099262714E1,1.102672797E1
1.750909599E1,2.440679073E-1,3.206382394E-1,9.073583603E0,9.082527039E0
1.751147151E1,-1.708475351E0,-6.604190469E-1,1.010249710E1,1.026720454E1
1.751384703E1,2.210968018E0,-3.828516230E-2,9.757930756E0,1.000535147E1
1.751622255E1,-2.081755638E0,-1.244267747E-1,1.002592659E1,1.024052697E1
1.751859807E1,2.249253273E0,-3.254238665E-1,1.005942631E1,1.031295780E1
1.752097359E1,-3.302095175E0,1.579262912E-1,9.293723106E0,9.864180779E0
1.752334911E1,2.861815929E0,-5.216353536E-1,1.067198944E1,1.106134949E1
1.752572458E1,-2.952743053E0,3.637090325E-1,9.006584167E0,9.485227154E0
1.752810015E1,2.311466694E0,-5.934200287E-1,1.106441212E1,1.131884451E1
1.753047567E1,-2.584248543E0,7.369893789E-1,8.580661774E0,8.991621119E0
1.753285114E1,9.906286001E-1,-1.000199914E0,1.097348499E1,1.106341348E1
1.753522666E1,-4.354937077E-1,4.881358147E-1,9.236295700E0,9.259432467E0
1.753760218E1,2.392822653E-1,-1.091127157E0,1.058584690E1,1.064462160E1
1.753997765E1,2.823530734E-1,5.216353536E-1,9.169296265E0,9.188461280E0
1.754235323E1,-1.713261008E0,-3.637090325E-1,1.027478027E1,1.042298696E1
1.754472875E1,2.407179594E0,-4.833501875E-1,9.547362328E0,9.858005296E0
1.754710427E1,-2.134397745E0,1.004985496E-1,1.040877819E1,1.062583724E1
1.754947979E1,2.321038008E0,-4.307080805E-1,9.829715729E0,1.010920562E1
1.755185531E1,-3.335594654E0,1.196411327E-1,9.427721024E0,1.000112141E1
1.755423083E1,3.139383316E0,-5.503492355E-1,1.082991505E1,1.128918384E1
1.755660635E1,-2.603390932E0,4.785645306E-1,9.011369705E0,9.392095204E0
1.755898187E1,2.158325911E0,-5.982056856E-1,1.094477081E1,1.117158131E1
1.756135739E1,-2.230110645E0,6.508477330E-1,8.642875671E0,8.949653409E0
1.756373291E1,1.253839016E0,-8.662018180E-1,1.123190975E1,1.133482309E1
1.756610843E1,-7.178468257E-2,3.302095234E-1,9.288937569E0,9.295082169E0
1.756848396E1,1.722832322E-1,-7.752745152E-1,1.071984577E1,1.074922441E1
1.757085948E1,6.604190469E-1,3.302095234E-1,9.226723671E0,9.256220684E0
1.757323500E1,-1.727617979E0,-3.445664644E-1,1.013599682E1,1.028794544E1
1.757561052E1,2.694318295E0,-3.589234054E-1,9.824930191E0,1.019398991E1
1.757798599E1,-2.187039852E0,-1.914258115E-2,1.012164021E1,1.035524554E1
1.758036151E1,2.469393015E0,-2.823530734E-1,1.006899738E1,1.037122623E1
1.758273703E1,-3.278167009E0,2.153540403E-1,9.413364410E0,9.970164784E0
1.758511260E1,3.278167009E0,-7.417750359E-1,1.109791183E1,1.159569990E1
1.758748807E1,-2.656033039E0,7.322037220E-1,8.877371788E0,9.295072009E0
1.758986359E1,1.794616938E0,-6.891329288E-1,1.107398319E1,1.123960221E1
1.759223911E1,-1.947757602E0,4.259224236E-1,8.748159409E0,8.972483637E0
1.759461463E1,1.100698471E0,-8.231309652E-1,1.119362450E1,1.127769086E1
1.759699015E1,-2.249253243E-1,2.823530734E-1,9.217152596E0,9.224219025E0
1.759936562E1,-3.541377485E-1,-5.886343718E-1,1.075813103E1,1.078004115E1
1.760174120E1,7.465606928E-1,1.387837082E-1,9.241081238E0,9.272227145E0
1.760411672E1,-1.904686809E0,-4.929214716E-1,1.034177971E1,1.052726037E1
1.760649224E1,2.431107759E0,-3.876372576E-1,9.762716293E0,1.006832543E1
1.760886776E1,-2.699103832E0,-1.196411327E-1,9.891928673E0,1.025425416E1
1.761124328E1,2.373680115E0,-3.110669553E-1,1.030349445E1,1.057795433E1
1.761361875E1,-3.340380430E0,1.579262912E-1,9.260223389E0,9.845548199E0
1.761599432E1,2.919243574E0,-7.896314859E-1,1.106919765E1,1.147486983E1
1.761836984E1,-2.785245657E0,5.694918036E-1,8.748159409E0,9.198489404E0
1.762074536E1,1.363908887E0,-7.274180651E-1,1.107398319E1,1.118134555E1
1.762312088E1,-1.665404558E0,3.014956415E-1,8.920442581E0,9.079579715E0
1.762549640E1,9.762716293E-1,-8.997012973E-1,1.133719349E1,1.141466272E1
1.762787192E1,-1.483550072E-1,2.823530734E-1,8.901300430E0,8.907013069E0
1.763024745E1,-9.475577474E-1,-6.699903607E-1,1.071027374E1,1.077296229E1
1.763262291E1,1.464407444E0,1.914258115E-2,9.375079155E0,9.488780995E0
1.763499843E1,-1.919043779E0,-4.211367965E-1,1.023649502E1,1.042333514E1
1.763737396E1,2.459821701E0,-3.780659735E-1,1.004985523E1,1.035341716E1
1.763974948E1,-2.651247501E0,6.221338734E-2,9.705288887E0,1.006109419E1
1.764212500E1,2.608176708E0,-5.120640397E-1,1.026042366E1,1.059910793E1
1.764450052E1,-2.995813847E0,1.770688742E-1,9.308079720E0,9.779908080E0
1.764687604E1,2.986242771E0,-7.322037220E-1,1.098305607E1,1.140531844E1
1.764925156E1,-2.435893536E0,5.359922647E-1,8.882157326E0,9.225702346E0
1.765162708E1,1.339980721E0,-6.364908218E-1,1.087298584E1,1.097371815E1
1.765400260E1,-1.062413216E0,2.871387303E-1,8.877371788E0,8.945328410E0
1.765637812E1,1.239482164E0,-7.513462901E-1,1.130369377E1,1.139624193E1
1.765875364E1,1.770688742E-1,2.536391914E-1,8.992227554E0,8.997546477E0
1.766112916E1,-1.148554921E0,-7.130611539E-1,1.038963604E1,1.047722156E1
1.766350468E1,2.091326952E0,1.196411327E-1,9.657432556E0,9.882002125E0
1.766588020E1,-1.631905079E0,-4.019941986E-1,1.008335495E1,1.022246353E1
1.766825573E1,2.459821701E0,-2.344966233E-1,1.002592659E1,1.032593412E1
1.767063125E1,-2.727817774E0,1.627119333E-1,9.451649666E0,9.838757360E0
1.767300677E1,3.019742250E0,-5.455635786E-1,1.042313576E1,1.086546096E1
1.767538229E1,-2.670390129E0,4.737788737E-1,9.178867340E0,9.571157480E0
1.767775781E1,2.919243574E0,-7.657032609E-1,1.108355427E1,1.148709971E1
1.768013328E1,-2.450250387E0,6.891329288E-1,8.561519623E0,8.931867073E0
1.768250885E1,1.378265858E0,-8.518448472E-1,1.112662506E1,1.124397802E1
1.768488437E1,-5.168496966E-1,4.115654826E-1,8.953942299E0,8.978285050E0
1.768725984E1,8.231309652E-1,-1.062413216E0,1.088734341E1,1.096998236E1
1.768963536E1,3.206382394E-1,5.599204898E-1,9.116654396E0,9.139458803E0
1.769201088E1,-1.258624673E0,-3.828516304E-1,1.039442158E1,1.047734276E1
1.769438640E1,2.225325108E0,-4.163511395E-1,9.288937569E0,9.560846263E0
1.769676192E1,-1.780260086E0,1.052841991E-1,1.059063339E1,1.073973586E1
1.769913744E1,2.397608280E0,-4.450650215E-1,9.743574142E0,1.004409505E1
1.770151297E1,-3.134597778E0,3.349951655E-2,9.489934921E0,9.994282879E0
1.770388843E1,3.067598581E0,-5.455635786E-1,1.072941685E1,1.117265351E1
1.770626401E1,-2.541177750E0,5.216353536E-1,9.198010445E0,9.556834410E0
1.770863953E1,2.292324066E0,-7.417750359E-1,1.067677498E1,1.094525028E1
1.771101505E1,-2.617748022E0,6.508477330E-1,8.767302513E0,9.172883998E0
1.771339052E1,1.478764415E0,-9.284151793E-1,1.109312534E1,1.122969852E1
1.771576609E1,-6.843472719E-1,4.594219327E-1,9.250652313E0,9.287301434E0
1.771814161E1,6.269195080E-1,-9.667003751E-1,1.072941685E1,1.079110391E1
1.772051713E1,-4.785645381E-2,5.838487148E-1,9.087940216E0,9.106801136E0
1.772289265E1,-1.368694544E0,-7.800601721E-1,1.013599682E1,1.025769224E1
1.772526817E1,2.167897224E0,-2.392822690E-2,1.006421185E1,1.029508188E1
1.772764370E1,-1.808973908E0,-4.163511395E-1,9.748359680E0,9.923520108E0
1.773001922E1,2.110469580E0,-1.100698411E-1,1.023170948E1,1.044768281E1
1.773239474E1,-3.086741209E0,1.531406492E-1,9.389435768E0,9.884984947E0
1.773477026E1,3.201596737E0,-9.284151793E-1,1.063848972E1,1.114852636E1
1.773714578E1,-2.603390932E0,6.460621357E-1,9.188439369E0,9.571962112E0
1.773952125E1,2.081755638E0,-7.417750359E-1,1.081555843E1,1.103903261E1
1.774189677E1,-2.493321180E0,3.876372576E-1,8.815158844E0,9.169184184E0
1.774427229E1,1.832902193E0,-7.944171429E-1,1.108833981E1,1.126684999E1
1.774664781E1,-8.374879360E-1,2.297109663E-1,9.020941734E0,9.062645472E0
1.774902333E1,7.178468108E-1,-5.359922647E-1,1.098305607E1,1.101953322E1
1.775139885E1,-4.785645381E-2,1.483550072E-1,8.901300430E0,8.902665264E0
1.775377437E1,-9.044869542E-1,-6.221339107E-1,1.046620655E1,1.052362232E1
1.775614989E1,2.158325911E0,-1.339980662E-1,9.781859398E0,1.001803871E1
1.775852541E1,-1.641476393E0,-4.259224236E-1,9.958928108E0,1.010228210E1
1.776090093E1,2.187039852E0,-1.914258115E-2,1.015992451E1,1.039266933E1
1.776327646E1,-2.780459881E0,4.307080805E-2,9.442078590E0,9.843051374E0
1.776565198E1,3.469592810E0,-8.327022791E-1,1.069113159E1,1.127083680E1
1.776802750E1,-2.488535643E0,4.737788737E-1,9.188439369E0,9.531248297E0
1.777040302E1,2.134397745E0,-5.216353536E-1,1.061934662E1,1.084427406E1
1.777277854E1,-2.526820660E0,3.541377485E-1,8.934800148E0,9.291979868E0
1.777515406E1,2.359323025E0,-9.092726111E-1,1.115055370E1,1.143363589E1
1.777752958E1,-1.201196909E0,5.216353536E-1,8.968298912E0,9.063407904E0
1.777990510E1,7.226324677E-1,-7.992027402E-1,1.099741268E1,1.105006825E1
1.778228062E1,-2.392822690E-2,1.770688742E-1,9.064012527E0,9.065773494E0
1.778465614E1,-3.349951804E-1,-7.082754970E-1,1.062891865E1,1.065775715E1
1.778703166E1,1.464407444E0,-1.148554832E-1,9.566504478E0,9.678620195E0
1.778940713E1,-1.440479279E0,-1.483550072E-1,1.025563812E1,1.035736950E1
1.779178271E1,1.919043779E0,-3.206382394E-1,9.461220741E0,9.659204720E0
1.779415823E1,-2.660818815E0,-9.092725813E-2,1.003071213E1,1.037802536E1
1.779653370E1,3.196810961E0,-6.460621357E-1,1.047099209E1,1.096716335E1
1.779890922E1,-2.866601467E0,3.732803464E-1,9.341579437E0,9.778642471E0
1.780128474E1,2.072184324E0,-5.742774606E-1,1.042792130E1,1.064731351E1
1.780366020E1,-2.751745939E0,3.684946895E-1,9.102297783E0,9.516287037E0
1.780603578E1,2.435893536E0,-1.028913736E0,1.124626637E1,1.155295408E1
1.780841130E1,-1.971685886E0,6.604190469E-1,8.973084450E0,9.210860063E0
1.781078682E1,6.077769399E-1,-9.475577474E-1,1.097348499E1,1.103107571E1
1.781316234E1,-4.833501875E-1,1.579262912E-1,9.207581520E0,9.221611875E0
1.781553786E1,3.828516230E-2,-8.662018180E-1,1.093519974E1,1.096951980E1
1.781791338E1,5.551348329E-1,1.100698411E-1,9.217152596E0,9.234510925E0
1.782028890E1,-1.808973908E0,-5.647061467E-1,1.026999474E1,1.044337453E1
1.782266442E1,1.895115495E0,-1.962114573E-1,9.786644936E0,9.970375157E0
1.782503994E1,-2.512463808E0,-3.062812984E-1,1.000678444E1,1.032191927E1
1.782741546E1,2.517249346E0,-5.934200287E-1,1.059541893E1,1.090649320E1
1.782979099E1,-2.928814888E0,2.584248483E-1,9.188439369E0,9.647391258E0
1.783216651E1,2.115255117E0,-6.843472719E-1,1.061934662E1,1.084956948E1
1.783454203E1,-2.842673302E0,2.392822653E-1,9.111868858E0,9.547994637E0
1.783691750E1,2.373680115E0,-8.757730722E-1,1.114098263E1,1.142465884E1
1.783929307E1,-2.239681959E0,4.785645306E-1,9.083154678E0,9.367438188E0
1.784166859E1,7.800601721E-1,-6.795616150E-1,1.082991505E1,1.087921678E1
1.784404411E1,-8.709874153E-1,1.531406492E-1,9.073583603E0,9.116577786E0
1.784641963E1,6.317051649E-1,-7.226324677E-1,1.121755219E1,1.125854014E1
1.784879510E1,1.818545163E-1,1.674975902E-1,9.092725754E0,9.096086419E0
1.785117062E1,-1.584048629E0,-6.604190469E-1,1.023649502E1,1.037936384E1
1.785354614E1,2.110469580E0,-2.392822690E-2,9.848857880E0,1.007247020E1
1.785592166E1,-2.009970903E0,-2.632105052E-1,1.000199890E1,1.020535373E1
1.785829718E1,2.431107759E0,-3.014956415E-1,1.024128056E1,1.053019525E1
1.786067271E1,-2.895315409E0,1.818545163E-1,9.365508080E0,9.804522628E0
1.786304823E1,2.809173822E0,-5.407779217E-1,1.040399265E1,1.079013260E1
1.786542375E1,-2.713460922E0,5.120640397E-1,9.202795982E0,9.608149335E0
1.786779927E1,2.780459881E0,-7.082754970E-1,1.095912743E1,1.132850764E1
1.787017479E1,-2.426322222E0,8.327022791E-1,8.685946465E0,9.056826077E0
1.787255031E1,1.406979680E0,-7.609176040E-1,1.105005455E1,1.116522696E1
1.787492583E1,-5.455635786E-1,4.689932466E-1,8.906085968E0,8.935097176E0
1.787730135E1,9.667003751E-1,-9.092726111E-1,1.097348499E1,1.105344558E1
1.787967687E1,2.727817893E-1,6.460621357E-1,9.020941734E0,9.048159811E0
1.788205239E1,-1.110269666E0,-2.919243574E-1,1.033220863E1,1.039579020E1
1.788442791E1,2.282752752E0,-3.349951804E-1,9.360722542E0,9.640866580E0
1.788680343E1,-1.473978758E0,1.100698411E-1,1.051406288E1,1.061745012E1
1.788917896E1,2.388036966E0,-1.674975902E-1,9.604789734E0,9.898624239E0
1.789155448E1,-2.823530674E0,4.785645287E-3,9.456435204E0,9.868967278E0
1.789393000E1,3.340380430E0,-2.967100143E-1,1.071027374E1,1.122301839E1
1.789630546E1,-2.402393818E0,5.838487148E-1,9.068798065E0,9.399759238E0
1.789868104E1,2.708675146E0,-5.551348329E-1,1.068634605E1,1.103825565E1
1.790105656E1,-2.435893536E0,7.082754970E-1,8.695517540E0,9.057994082E0
1.790343208E1,1.852044702E0,-6.029912829E-1,1.093998528E1,1.111201808E1
1.790580760E1,-8.422735929E-1,3.062812984E-1,9.035298347E0,9.079639270E0
1.790818307E1,1.162911773E0,-4.929214716E-1,1.097348499E1,1.104593628E1
1.791055859E1,-1.674975902E-1,3.254238665E-1,8.772088051E0,8.779720093E0
1.791293411E1,-9.284151793E-1,-5.264210105E-1,1.041356373E1,1.046811269E1
1.791530963E1,2.100898266E0,4.307080805E-2,9.681360245E0,9.906783777E0
1.791768515E1,-1.545763373E0,-5.168496966E-1,9.805787086E0,9.940320840E0
1.792006067E1,2.009970903E0,1.004985496E-1,1.002592659E1,1.022591253E1
1.792243620E1,-2.828316450E0,1.100698411E-1,9.332008362E0,9.751813646E0
1.792481172E1,3.105883837E0,-7.561319470E-1,1.050927734E1,1.098467843E1
1.792718724E1,-2.656033039E0,6.364908218E-1,9.312865257E0,9.705106459E0
1.792956276E1,2.206182480E0,-6.029912829E-1,1.067198944E1,1.091431163E1
1.793193828E1,-3.029313564E0,4.211367965E-1,8.700303078E0,9.222221561E0
1.793431380E1,2.115255117E0,-6.652047038E-1,1.116012478E1,1.137827696E1
1.793668932E1,-1.574477315E0,2.057827413E-1,8.776873589E0,8.919351733E0
1.793906484E1,9.714859724E-1,-3.445664644E-1,1.118883896E1,1.123621948E1
1.794144036E1,-8.374879360E-1,1.148554832E-1,8.628518105E0,8.669827132E0
1.794381588E1,-5.503492355E-1,-4.689932466E-1,1.083470058E1,1.085880176E1
1.794619140E1,1.387837172E0,-1.818545163E-1,9.360722542E0,9.464792105E0
1.794856692E1,-1.488335729E0,-3.445664644E-1,1.036570740E1,1.047767909E1
1.795094245E1,1.622333765E0,-3.349951655E-2,9.623932838E0,9.759773171E0
1.795331796E1,-2.890529871E0,-8.614161611E-2,9.762716293E0,1.018200436E1
1.795569349E1,3.105883837E0,-6.508477330E-1,1.053320503E1,1.100084203E1
1.795806901E1,-2.746960402E0,3.014956415E-1,9.217152596E0,9.622504510E0
1.796044448E1,2.210968018E0,-4.115654826E-1,1.060499001E1,1.084082925E1
1.796282000E1,-3.105883837E0,5.312066078E-1,8.848658562E0,9.392946993E0
1.796519552E1,2.531606436E0,-9.188438654E-1,1.122233772E1,1.154097783E1
1.796757104E1,-1.995614052E0,7.417750359E-1,8.925228119E0,9.175641810E0
1.796994656E1,1.162911773E0,-8.709874153E-1,1.098305607E1,1.107874106E1
1.797232208E1,-9.188438654E-1,3.110669553E-1,9.011369705E0,9.063433161E0
1.797469760E1,2.823530734E-1,-5.790630579E-1,1.090648556E1,1.092549608E1
1.797707312E1,6.747759581E-1,-6.699903309E-2,9.322437286E0,9.347066300E0
1.797944864E1,-8.374879360E-1,-1.339980662E-1,1.059063339E1,1.062454033E1
1.798182416E1,1.330409408E0,-1.483550072E-1,8.987442017E0,9.086589701E0
1.798419968E1,-2.239681959E0,-1.339980662E-1,1.049491978E1,1.073207677E1
1.798657520E1,2.971885681E0,-4.833501875E-1,9.915857315E0,1.036291263E1
1.798895073E1,-2.541177750E0,1.483550072E-1,9.628718376E0,9.959508579E0
1.799132625E1,2.378465652E0,-3.302095234E-1,1.038006496E1,1.065419569E1
1.799370177E1,-2.861815929E0,3.445664644E-1,9.150154114E0,9.593437172E0
1.799607729E1,3.058027267E0,-8.757730722E-1,1.116491032E1,1.160920891E1
1.799845281E1,-2.402393818E0,7.657032609E-1,8.666803360E0,9.026144139E0
1.800082833E1,1.416550994E0,-7.034898400E-1,1.115055370E1,1.126216509E1
1.800320385E1,-1.225125194E0,2.871387303E-1,8.843872070E0,8.932942045E0
1.800557937E1,1.229910851E0,-8.470591903E-1,1.129412270E1,1.139242720E1
1.800795489E1,-1.148554832E-1,3.158525825E-1,9.068798065E0,9.075023580E0
1.801033041E1,-7.274180651E-1,-5.934200287E-1,1.057627583E1,1.061785735E1
1.801270593E1,1.373480201E0,5.264209956E-2,9.355937004E0,9.456361683E0
1.801508146E1,-1.655833244E0,-4.354937077E-1,1.029392338E1,1.043533885E1
1.801745698E1,2.301895380E0,-4.259224236E-1,1.009292603E1,1.036085363E1
1.801983245E1,-2.455035925E0,1.722832322E-1,9.561718941E0,9.873365789E0
1.802220796E1,2.344966173E0,-5.168496966E-1,1.032742214E1,1.060290753E1
1.802458349E1,-2.809173822E0,1.196411327E-1,9.336793900E0,9.750973894E0
1.802695901E1,2.904886723E0,-6.987041831E-1,1.117926693E1,1.157162752E1
1.802933453E1,-2.794816732E0,5.503492355E-1,8.810373306E0,9.259404011E0
1.803171005E1,1.478764415E0,-6.699903607E-1,1.084427261E1,1.096512106E1
1.803408557E1,-1.890329838E0,3.972085714E-1,8.858229637E0,9.066385931E0
1.803646109E1,1.564906001E0,-9.571290612E-1,1.143290615E1,1.157913511E1
1.803883661E1,-9.762716293E-1,4.546363056E-1,8.977870941E0,9.042232418E0
1.804121213E1,-5.790630579E-1,-7.609176040E-1,1.069113159E1,1.073380661E1
1.804358765E1,9.284151793E-1,-4.307080805E-2,9.418149948E0,9.463897626E0
1.804596317E1,-1.148554921E0,-5.312066078E-1,1.052841949E1,1.060419615E1
1.804833870E1,1.335195065E0,-1.339980662E-1,9.633503914E0,9.726515255E0
1.805071422E1,-2.622533560E0,-2.153540403E-1,9.891928673E0,1.023593242E1
1.805308974E1,2.550748825E0,-4.450650215E-1,1.020778179E1,1.053105937E1
1.805546526E1,-3.000599623E0,7.657032460E-2,9.614361763E0,1.007201138E1
1.805784078E1,2.775674343E0,-6.269195080E-1,1.093041420E1,1.129474881E1
1.806021630E1,-3.239881754E0,4.546363056E-1,8.819944382E0,9.407175285E0
1.806259177E1,1.962114573E0,-7.130611539E-1,1.092084217E1,1.111859449E1
1.806496734E1,-2.378465652E0,4.115654826E-1,8.834300995E0,9.158130763E0
1.806734286E1,1.966900229E0,-1.033699393E0,1.128455162E1,1.150123194E1
1.806971838E1,-1.502692580E0,7.082754970E-1,8.920442581E0,9.073810391E0
1.807209390E1,5.742774159E-2,-9.858429432E-1,1.076291656E1,1.080812459E1
1.807446942E1,5.599204898E-1,8.135596663E-2,9.370293617E0,9.387360237E0
1.807684489E1,-5.264210105E-1,-6.269195080E-1,1.061456108E1,1.064608163E1
1.807922041E1,1.038485050E0,-1.914258115E-2,9.346364975E0,9.403901099E0
1.808159593E1,-2.268395901E0,-1.579262912E-1,1.009292603E1,1.034590336E1
1.808397151E1,2.804388046E0,-7.034898400E-1,9.915857315E0,1.032878098E1
1.808634698E1,-2.344966173E0,2.201396823E-1,1.004985523E1,1.032215666E1
1.808872250E1,2.522035122E0,-5.455635786E-1,1.038006496E1,1.069598286E1
1.809109802E1,-3.038884640E0,2.536391914E-1,8.968298912E0,9.472567660E0
1.809347354E1,2.617748022E0,-5.024927258E-1,1.092084217E1,1.124143662E1
1.809584906E1,-2.258824587E0,1.148554832E-1,8.800801277E0,9.086780696E0
1.809822458E1,2.383251429E0,-4.546363056E-1,1.144726372E1,1.170155666E1
1.810060010E1,-1.765903115E0,2.440679073E-1,8.504091263E0,8.688932683E0
1.810297562E1,6.556333899E-1,-6.077769399E-1,1.111226845E1,1.114817286E1
1.810535114E1,6.795616150E-1,-9.571290575E-3,9.432506561E0,9.456959111E0
1.810772666E1,-5.742774159E-2,-6.412764788E-1,1.049013424E1,1.050987392E1
1.811010218E1,1.019342422E0,1.962114573E-1,9.336793900E0,9.394321595E0
1.811247770E1,-1.986042738E0,-3.972085714E-1,9.930213928E0,1.013465782E1
1.811485323E1,3.029313564E0,-4.259224236E-1,1.020778179E1,1.065631079E1
1.811722875E1,-2.009970903E0,5.742774159E-2,9.767501831E0,9.972330369E0
1.811960427E1,2.359323025E0,-3.876372576E-1,1.024128056E1,1.051667700E1
1.812197979E1,-2.928814888E0,3.014956415E-1,9.135796547E0,9.598522533E0
1.812435531E1,3.101098061E0,-6.173482537E-1,1.080598736E1,1.125909814E1
1.812673083E1,-2.378465652E0,4.546363056E-1,8.968298912E0,9.289465991E0
1.812910635E1,2.258824587E0,-5.790630579E-1,1.102134132E1,1.126532588E1
1.813148187E1,-2.072184324E0,5.838487148E-1,8.662017822E0,8.925546479E0
1.813385739E1,1.225125194E0,-7.274180651E-1,1.110269737E1,1.119374637E1
1.813623286E1,3.828516230E-2,1.531406492E-1,9.131011009E0,9.132375368E0
1.813860838E1,1.866401732E-1,-5.407779217E-1,1.070070267E1,1.071598399E1
1.814098396E1,5.886343718E-1,2.679961324E-1,9.145368576E0,9.168210226E0
1.814335942E1,-1.746760488E0,-3.732803464E-1,1.004028416E1,1.019793197E1
1.814573494E1,2.756531715E0,-2.727817893E-1,1.002592659E1,1.040154224E1
1.814811047E1,-2.072184324E0,-1.914258115E-2,9.657432556E0,9.877262672E0
1.815048599E1,2.287538528E0,-2.009970993E-1,1.017428207E1,1.043020844E1
1.815286151E1,-3.014956474E0,3.637090325E-1,9.389435768E0,9.868320569E0
1.815523703E1,3.220739365E0,-9.284151793E-1,1.069113159E1,1.120425863E1
1.815761255E1,-2.574677229E0,7.944171429E-1,8.896514893E0,9.295592432E0
1.815998807E1,2.005185366E0,-6.077769399E-1,1.090648556E1,1.110592582E1
1.816236359E1,-2.024327993E0,4.067798555E-1,8.638090134E0,8.881439908E0
1.816473911E1,1.761117458E0,-6.843472719E-1,1.124626637E1,1.140387535E1
1.816711463E1,-7.178468108E-1,1.962114573E-1,8.824729919E0,8.856052232E0
1.816949015E1,5.982056856E-1,-2.871387303E-1,1.106441212E1,1.108429133E1
1.817186567E1,1.818545163E-1,-1.435693540E-2,8.504091263E0,8.506047578E0
1.817424120E1,-9.236295223E-1,-3.493520916E-1,1.078684425E1,1.083195030E1
1.817661672E1,2.158325911E0,-2.679961324E-1,9.413364410E0,9.661346810E0
1.817899224E1,-1.741974831E0,-3.349951655E-2,1.018385315E1,1.033181802E1
1.818136776E1,2.321038008E0,-3.445664644E-1,9.628718376E0,9.910507608E0
1.818374328E1,-2.813959360E0,1.770688742E-1,9.805787086E0,1.020309664E1
1.818611880E1,3.488735437E0,-8.231309652E-1,1.064806080E1,1.123521332E1
1.818849432E1,-2.565105915E0,4.594219327E-1,9.159725189E0,9.523203369E0
1.819086984E1,2.096112728E0,-5.934200287E-1,1.064327526E1,1.086393778E1
1.819324536E1,-2.450250387E0,5.072783828E-1,8.767302513E0,9.117381843E0
1.819562088E1,2.435893536E0,-1.014556766E0,1.158126163E1,1.187806903E1
1.819799640E1,-1.344766378E0,5.551348329E-1,8.824729919E0,8.943848693E0
1.820037192E1,6.317051649E-1,-8.374879360E-1,1.098784161E1,1.103780325E1
1.820274739E1,2.153540403E-1,2.392822690E-2,9.198010445E0,9.200562269E0
1.820512291E1,-3.062812984E-1,-5.886343718E-1,1.065284634E1,1.067349211E1
1.820749843E1,1.253839016E0,-2.488535494E-1,9.609575272E0,9.694223913E0
1.820987396E1,-1.440479279E0,-1.818545163E-1,1.026999474E1,1.037211856E1
1.821224948E1,1.919043779E0,-4.498506486E-1,9.638289452E0,9.837769980E0
1.821462500E1,-2.502892494E0,-3.349951655E-2,1.007856941E1,1.038475587E1
1.821700052E1,2.904886723E0,-7.561319470E-1,1.069591713E1,1.110912893E1
1.821937604E1,-2.651247501E0,2.488535494E-1,9.178867340E0,9.557334725E0
1.822175151E1,2.014756680E0,-6.699903607E-1,1.064806080E1,1.085768531E1
1.822412708E1,-2.646461725E0,2.775674164E-1,8.977870941E0,9.363918516E0
1.822650260E1,2.512463808E0,-1.004985452E0,1.134676456E1,1.166497048E1
1.822887812E1,-2.072184324E0,6.173482537E-1,8.896514893E0,9.155492558E0
1.823125364E1,8.614161611E-1,-9.044869542E-1,1.102612686E1,1.109664850E1
1.823362916E1,-8.662018180E-1,2.201396823E-1,9.044869423E0,9.088917974E0
1.823600468E1,7.513462901E-1,-8.709874153E-1,1.122712421E1,1.128589644E1
1.823838021E1,5.742774159E-2,3.828516230E-2,9.020941734E0,9.021205766E0
1.824075573E1,-1.335195065E0,-5.694918036E-1,1.049491978E1,1.059482930E1
1.824313120E1,1.765903115E0,-1.148554832E-1,9.647860527E0,9.808813299E0
1.824550677E1,-2.048256159E0,-2.871387303E-1,1.021256733E1,1.041990083E1
1.824788229E1,2.364108801E0,-5.503492355E-1,1.018863869E1,1.047378886E1
1.825025781E1,-2.651247501E0,3.014956415E-1,9.547362328E0,9.913230571E0
1.825263333E1,2.368894339E0,-7.274180651E-1,1.028913784E1,1.058334328E1
1.825500885E1,-2.890529871E0,4.546363056E-1,9.341579437E0,9.789124756E0
1.825738437E1,2.880958557E0,-9.714859724E-1,1.116012478E1,1.156685317E1
1.825975989E1,-2.708675146E0,7.274180651E-1,8.719446182E0,9.159410451E0
1.826213541E1,1.497906923E0,-8.901300430E-1,1.098784161E1,1.112513909E1
1.826451088E1,-1.497906923E0,3.876372576E-1,8.843872070E0,8.978199206E0
1.826688640E1,1.579262972E0,-1.009771109E0,1.127498055E1,1.142973733E1
1.826926192E1,-8.997012973E-1,6.460621357E-1,9.097511292E0,9.164691506E0
1.827163744E1,-2.823530734E-1,-6.795616150E-1,1.058106136E1,1.060661995E1
1.827401296E1,9.236295223E-1,-1.722832322E-1,9.355937004E0,9.402995812E0
1.827638849E1,-6.508477330E-1,-2.392822653E-1,1.070548820E1,1.072792321E1
1.827876401E1,1.263410330E0,-1.722832322E-1,9.317651749E0,9.404494738E0
1.828113953E1,-2.378465652E0,-2.153540403E-1,9.944570541E0,1.022731438E1
1.828351505E1,2.742174864E0,-2.967100143E-1,1.020299530E1,1.056923237E1
1.828589057E1,-2.531606436E0,7.657032460E-2,9.690931320E0,1.001643869E1
1.828826609E1,2.756531715E0,-6.029912829E-1,1.067677498E1,1.104335047E1
1.829064161E1,-3.115455151E0,5.886343718E-1,8.867800713E0,9.417560231E0
1.829301713E1,2.297109842E0,-6.891329288E-1,1.071027374E1,1.097549914E1
1.829539265E1,-2.378465652E0,5.072783828E-1,9.126225471E0,9.444703361E0
1.829776817E1,2.325823545E0,-9.379864931E-1,1.092562866E1,1.120975626E1
1.830014370E1,-2.067398787E0,8.231309652E-1,8.910871506E0,9.184514866E0
1.830251922E1,7.513462901E-1,-9.284151793E-1,1.081077290E1,1.087654755E1
1.830489474E1,-2.201396823E-1,3.302095234E-1,9.226723671E0,9.235254707E0
1.830727026E1,4.546363056E-1,-8.183453679E-1,1.069591713E1,1.073680709E1
1.830964578E1,9.571290575E-3,3.445664644E-1,9.140582085E0,9.147079234E0
1.831202130E1,-1.560120344E0,-1.483550072E-1,1.030827999E1,1.042672629E1
1.831439682E1,2.086541414E0,-6.269195080E-1,9.485149384E0,9.732149915E0
1.831677234E1,-1.828116536E0,2.919243574E-1,1.036570740E1,1.052972553E1
1.831914786E1,1.871187329E0,-3.541377485E-1,9.801001549E0,9.984307033E0
1.832152333E1,-2.861815929E0,2.344966233E-1,9.470791817E0,9.896508309E0
1.832389890E1,2.828316450E0,-6.221339107E-1,1.023649502E1,1.063824491E1
1.832627437E1,-2.703889608E0,6.652047038E-1,9.466006279E0,9.867055852E0
1.832864995E1,2.402393818E0,-6.843472719E-1,1.050449181E1,1.079741522E1
1.833102546E1,-2.790031195E0,6.364908218E-1,8.752944946E0,9.208878317E0
1.833340093E1,1.808973908E0,-5.455635786E-1,1.101655579E1,1.117741149E1
1.833577646E1,-1.469193101E0,3.206382394E-1,8.709874153E0,8.838735487E0
1.833815198E1,1.502692580E0,-5.599204898E-1,1.111226845E1,1.122738197E1
1.834052745E1,-9.044869542E-1,5.312066078E-1,8.800801277E0,8.863090896E0
1.834290302E1,-2.344966233E-1,-3.493520916E-1,1.063370419E1,1.064202520E1
1.834527854E1,1.234696507E0,-1.292124242E-1,9.355937004E0,9.437940906E0
1.834765406E1,-7.082754970E-1,-2.536391914E-1,1.045184898E1,1.047888993E1
1.835002958E1,1.339980721E0,8.135596663E-2,9.217152596E0,9.314401167E0
1.835240510E1,-2.287538528E0,-2.392822690E-2,9.934999466E0,1.019498011E1
1.835478062E1,3.182454109E0,-6.508477330E-1,1.018863869E1,1.069392235E1
1.835715614E1,-2.220539331E0,5.647061467E-1,9.786644936E0,1.005127390E1
1.835953166E1,2.392822742E0,-5.168496966E-1,1.027478027E1,1.056237871E1
1.836190718E1,-2.828316450E0,5.216353536E-1,9.064012527E0,9.509353316E0
1.836428270E1,2.909672260E0,-7.130611539E-1,1.071027374E1,1.112135839E1
1.836665823E1,-2.115255117E0,5.790630579E-1,9.078369141E0,9.339507722E0
1.836903375E1,2.081755638E0,-6.939185858E-1,1.086820030E1,1.108751583E1
1.837140927E1,-1.780260086E0,7.034898400E-1,8.757730484E0,8.964489230E0
1.837378479E1,1.253839016E0,-7.513462901E-1,1.121755219E1,1.131238748E1
1.837616031E1,-1.435693651E-1,1.292124242E-1,8.982656479E0,8.984732908E0
1.837853583E1,5.216353536E-1,-4.929214716E-1,1.093519974E1,1.095872567E1
1.838091135E1,1.770688742E-1,1.914258152E-1,8.805587769E0,8.809447950E0
1.838328687E1,-1.320838094E0,-2.344966233E-1,1.056670475E1,1.065151873E1
1.838566239E1,2.335394859E0,-5.312066078E-1,9.518648148E0,9.815340655E0
1.838803791E1,-1.799402595E0,-2.392822690E-2,1.032742214E1,1.048303727E1
1.839041343E1,1.837687731E0,-2.488535494E-1,9.738788605E0,9.913779692E0
1.839278896E1,-2.928814888E0,1.674975902E-1,9.738788605E0,1.017103808E1
1.839516448E1,3.129812002E0,-9.379864931E-1,1.062413216E1,1.111520247E1
1.839754000E1,-2.746960402E0,7.130611539E-1,9.470791817E0,9.886867314E0
1.839991546E1,2.029113531E0,-7.657032609E-1,1.060499001E1,1.082448226E1
1.840229099E1,-2.947957516E0,5.216353536E-1,8.901300430E0,9.391256908E0
1.840466651E1,1.986042738E0,-9.332008362E-1,1.116491032E1,1.137850834E1
1.840704203E1,-1.756331801E0,5.312066078E-1,8.939585686E0,9.125956064E0
1.840941755E1,9.092726111E-1,-8.997012973E-1,1.094955635E1,1.102402029E1
1.841179307E1,-1.158126116E0,4.642075896E-1,9.025727272E0,9.111558460E0
1.841416859E1,-6.699903309E-2,-8.135597110E-1,1.085862923E1,1.088926981E1
1.841654411E1,3.780659735E-1,-3.828516230E-2,9.308079720E0,9.315833173E0
1.841891963E1,-8.662018180E-1,-3.828516304E-1,1.061456108E1,1.065672501E1
1.842129515E1,6.843472719E-1,-9.571290761E-2,9.020941734E0,9.047368785E0
1.842367067E1,-2.301895380E0,-9.571290761E-2,1.050927734E1,1.075884722E1
1.842604620E1,2.498106956E0,-6.269195080E-1,9.748359680E0,1.008286085E1
1.842842172E1,-2.522035122E0,1.770688742E-1,1.003549862E1,1.034906987E1
1.843079724E1,1.861616015E0,-4.546363056E-1,1.000199890E1,1.018392313E1
1.843317276E1,-3.153740168E0,3.493520916E-1,9.480362892E0,9.997269852E0
1.843554828E1,2.837887764E0,-1.052842021E0,1.079162979E1,1.120809336E1
1.843792380E1,-2.770888567E0,9.092726111E-1,9.020941734E0,9.480611262E0
1.844029932E1,1.631905079E0,-8.997012973E-1,1.083470058E1,1.099378522E1
1.844267484E1,-2.220539331E0,4.929214716E-1,8.863015175E0,9.150235215E0
1.844505036E1,1.708475351E0,-1.028913736E0,1.122233772E1,1.139817597E1
1.844742588E1,-1.129412293E0,5.647061467E-1,8.915657043E0,9.004632457E0
1.844980140E1,4.067798555E-1,-8.327022791E-1,1.086820030E1,1.090764139E1
1.845217692E1,-1.196411327E-1,3.158525825E-1,9.121439934E0,9.127691018E0
1.845455244E1,-3.828516304E-1,-8.039883971E-1,1.045184898E1,1.048971496E1
1.845692797E1,1.138983607E0,-1.052841991E-1,9.571290970E0,9.639397245E0
1.845930349E1,-1.119840980E0,-2.344966233E-1,1.038485050E1,1.044768646E1
1.846167901E1,1.469193101E0,-3.254238665E-1,9.298508644E0,9.419484703E0
1.846405448E1,-2.172683001E0,-1.148554832E-1,1.032742214E1,1.055411727E1
1.846643005E1,2.909672260E0,-6.987041831E-1,1.011685371E1,1.055012366E1
1.846880552E1,-2.316252232E0,3.158525825E-1,9.676574707E0,9.954942758E0
1.847118104E1,2.177468538E0,-6.269195080E-1,1.016471100E1,1.041420890E1
1.847355656E1,-2.737389088E0,4.450650215E-1,9.365508080E0,9.767503441E0
1.847593208E1,3.072384357E0,-1.062413216E0,1.092562866E1,1.139901878E1
1.847830760E1,-2.321038008E0,8.662018180E-1,9.006584167E0,9.341096370E0
1.848068312E1,1.713261008E0,-9.523434043E-1,1.088255692E1,1.105767906E1
1.848305864E1,-1.531406522E0,4.833501875E-1,8.920442581E0,9.063836339E0
1.848543416E1,1.598405480E0,-1.057627559E0,1.127498055E1,1.143672429E1
1.848780968E1,-5.599204898E-1,4.737788737E-1,8.925228119E0,8.955315424E0
1.849018520E1,7.657032460E-2,-7.657032609E-1,1.079641533E1,1.082380471E1
1.849256073E1,6.317051649E-1,1.196411327E-1,9.217152596E0,9.239549090E0
1.849493625E1,-7.178468108E-1,-7.034898400E-1,1.044706345E1,1.049530069E1
1.849731177E1,1.469193101E0,-9.092725813E-2,9.714859962E0,9.825746802E0
1.849968729E1,-1.368694544E0,-1.100698411E-1,1.023170948E1,1.032343543E1
1.850206281E1,1.794616938E0,-4.115654826E-1,9.480362892E0,9.657500539E0
1.850443833E1,-2.187039852E0,4.307080805E-2,1.025563812E1,1.048632975E1
1.850681385E1,2.718246460E0,-7.130611539E-1,1.029392338E1,1.067062222E1
1.850918937E1,-2.359323025E0,4.929214716E-1,9.547362328E0,9.846903276E0
1.851156489E1,2.053041935E0,-6.795616150E-1,1.017906761E1,1.040625786E1
1.851394041E1,-2.665604353E0,5.503492355E-1,9.221938133E0,9.615220943E0
1.851631593E1,2.684746981E0,-9.954141974E-1,1.102612686E1,1.139184749E1
1.851869146E1,-2.268395901E0,8.518448472E-1,8.886942863E0,9.211352401E0
1.852106698E1,1.450050473E0,-8.614161611E-1,1.088255692E1,1.101248061E1
1.852344250E1,-1.392622828E0,6.269195080E-1,8.834300995E0,8.965338838E0
1.852581802E1,1.421336651E0,-8.757730722E-1,1.122712421E1,1.135057243E1
1.852819354E1,-4.546363056E-1,4.498506486E-1,8.982656479E0,9.005397115E0
1.853056906E1,-2.392822653E-1,-6.364908218E-1,1.054277611E1,1.056468195E1
1.853294458E1,8.231309652E-1,2.775674164E-1,9.351150513E0,9.391411191E0
1.853532005E1,-7.274180651E-1,-6.125625968E-1,1.028913784E1,1.033299218E1
1.853769557E1,1.502692580E0,-1.435693540E-2,9.571290970E0,9.688544883E0
1.854007114E1,-1.531406522E0,1.004985496E-1,1.008814049E1,1.020420915E1
1.854244666E1,2.110469580E0,-4.642075896E-1,9.475577354E0,9.718854703E0
1.854482213E1,-2.081755638E0,2.057827413E-1,1.024128056E1,1.045274512E1
1.854719765E1,2.861815929E0,-6.939185858E-1,1.027478027E1,1.068843408E1
1.854957317E1,-2.330609322E0,6.077769399E-1,9.418149948E0,9.721248946E0
1.855194870E1,2.220539331E0,-7.369893789E-1,1.013599682E1,1.040251795E1
1.855432422E1,-2.292324066E0,5.503492355E-1,9.255437851E0,9.550956168E0
1.855669974E1,2.837887764E0,-9.810572863E-1,1.092562866E1,1.133072999E1
1.855907526E1,-2.081755638E0,9.284151793E-1,8.958727837E0,9.244158465E0
1.856145078E1,1.622333765E0,-9.667003751E-1,1.071984577E1,1.088492397E1
1.856382630E1,-1.191625714E0,5.024927258E-1,8.944371223E0,9.037380559E0
1.856620182E1,1.708475351E0,-9.140582681E-1,1.124148083E1,1.140724690E1
1.856857734E1,-5.216353536E-1,4.833501875E-1,8.992227554E0,9.020304165E0
1.857095286E1,-6.699903309E-2,-7.034898400E-1,1.058584690E1,1.060940816E1
1.857332838E1,8.662018180E-1,1.674975902E-1,9.332008362E0,9.373619424E0
1.857570390E1,-3.397808075E-1,-6.317051649E-1,1.039442158E1,1.041914115E1
1.857807942E1,1.105484009E0,-8.614161611E-2,9.480362892E0,9.544987996E0
1.858045494E1,-1.545763373E0,-2.153540403E-1,1.010728264E1,1.022706821E1
1.858283046E1,2.163111687E0,-4.498506486E-1,9.810572624E0,1.005627928E1
1.858520599E1,-2.148754835E0,7.657032460E-2,9.992427826E0,1.022113615E1
1.858758151E1,2.493321180E0,-7.369893789E-1,1.047099209E1,1.078895172E1
1.858995703E1,-2.498106956E0,4.450650215E-1,9.231510162E0,9.573891639E0
1.859233255E1,2.081755638E0,-9.092726111E-1,1.038963604E1,1.063508440E1
1.859470807E1,-2.445464849E0,5.312066078E-1,9.226723671E0,9.560068435E0
1.859708354E1,2.531606436E0,-1.253839016E0,1.098305607E1,1.134057600E1
1.859945911E1,-2.411965132E0,7.944171429E-1,9.121439934E0,9.468333584E0
1.860183463E1,1.359123230E0,-1.110269666E0,1.060977554E1,1.075394122E1
1.860421010E1,-1.531406522E0,4.307080805E-1,9.135796547E0,9.273267705E0
1.860658567E1,1.627119422E0,-1.153340459E0,1.117926693E1,1.135577919E1
1.860896114E1,-1.268195987E0,6.891329288E-1,9.150154114E0,9.263290212E0
1.861133672E1,1.387837082E-1,-1.043270707E0,1.060020447E1,1.065232413E1
1.861371218E1,1.914258152E-1,1.052841991E-1,9.298508644E0,9.301074756E0
1.861608770E1,-1.148554832E-1,-6.843472719E-1,1.079641533E1,1.081869248E1
1.861846323E1,4.594219327E-1,-6.699903309E-2,9.126225471E0,9.138027618E0
1.862083875E1,-1.497906923E0,-3.732803464E-1,1.041356373E1,1.052736306E1
1.862321427E1,1.823330879E0,-3.014956415E-1,9.753145218E0,9.926695158E0
1.862558979E1,-1.765903115E0,-1.339980662E-1,1.007378292E1,1.022826826E1
1.862796531E1,2.100898266E0,-5.838487148E-1,1.027956581E1,1.050828845E1
1.863034083E1,-2.335394859E0,3.158525825E-1,9.485149384E0,9.773530111E0
1.863271635E1,2.215753794E0,-7.800601721E-1,1.019342422E1,1.046059062E1
1.863509187E1,-2.316252232E0,4.737788737E-1,9.681360245E0,9.965853050E0
1.863746739E1,2.703889608E0,-1.038485050E0,1.071984577E1,1.110425880E1
1.863984291E1,-2.440679073E0,8.231309652E-1,9.140582085E0,9.496562524E0
1.864221843E1,1.761117458E0,-1.043270707E0,1.053799057E1,1.073495197E1
1.864459396E1,-1.789831281E0,7.226324677E-1,9.025727272E0,9.229812917E0
1.864696948E1,2.196611166E0,-1.220339537E0,1.111226845E1,1.139284158E1
1.864934500E1,-1.426122308E0,8.757730722E-1,9.083154678E0,9.236043645E0
1.865172046E1,8.614161611E-1,-9.332008362E-1,1.064327526E1,1.071877838E1
1.865409604E1,-2.584248483E-1,3.828516304E-1,9.303294182E0,9.314753964E0
1.865647156E1,8.183453679E-1,-6.604190469E-1,1.088255692E1,1.093324689E1
1.865884708E1,1.052841991E-1,2.584248483E-1,9.207581520E0,9.211809030E0
1.866122260E1,-8.087740541E-1,-5.647061467E-1,1.024128056E1,1.028867513E1
1.866359812E1,1.450050473E0,1.435693540E-2,9.777072906E0,9.884027879E0
1.866597364E1,-9.092726111E-1,-2.392822653E-1,1.027956581E1,1.032247577E1
1.866834916E1,1.502692580E0,-3.158525825E-1,9.647860527E0,9.769291714E0
1.867072468E1,-1.938186288E0,7.178468257E-2,9.911071777E0,1.009906248E1
1.867310020E1,2.354537487E0,-5.359922647E-1,1.012642574E1,1.041036180E1
1.867547573E1,-2.129612207E0,3.110669553E-1,9.863214493E0,1.009529648E1
1.867785125E1,2.541177750E0,-8.805587292E-1,1.063848972E1,1.097316871E1
1.868022677E1,-2.675175667E0,7.609176040E-1,9.145368576E0,9.558939629E0
1.868260229E1,2.062613010E0,-1.014556766E0,1.059063339E1,1.083721429E1
1.868497776E1,-2.301895380E0,5.551348329E-1,9.169296265E0,9.470105121E0
1.868735328E1,2.388036966E0,-1.249053478E0,1.100698376E1,1.133210248E1
1.868972880E1,-2.282752752E0,9.140582681E-1,9.226723671E0,9.548763917E0
1.869210432E1,1.220339537E0,-1.105484009E0,1.066241741E1,1.078881219E1
1.869447984E1,-1.316052437E0,5.455635786E-1,9.188439369E0,9.298228416E0
1.869685536E1,1.320838094E0,-1.110269666E0,1.105962658E1,1.119342003E1
1.869923088E1,-1.153340459E0,7.178468108E-1,9.284152031E0,9.383015357E0
1.870160640E1,-8.614161611E-2,-9.284151793E-1,1.037049294E1,1.041232437E1
1.870398192E1,1.627119333E-1,9.092725813E-2,9.504291534E0,9.506119109E0
1.870635745E1,-2.297109663E-1,-4.833501875E-1,1.062891865E1,1.064238254E1
1.870873297E1,3.637090325E-1,-1.052841991E-1,9.236295700E0,9.244053617E0
1.871110849E1,-1.588834286E0,-3.110669553E-1,1.020299530E1,1.033064713E1
1.871348401E1,1.665404558E0,-2.344966233E-1,9.920642853E0,1.006219239E1
1.871585953E1,-1.660618901E0,4.785645287E-3,1.007378292E1,1.020973949E1
1.871823505E1,1.627119422E0,-5.407779217E-1,1.005464077E1,1.019979212E1
1.872061057E1,-2.402393818E0,4.689932466E-1,9.657432556E0,9.962803536E0
1.872298604E1,2.062613010E0,-8.039883971E-1,9.939785004E0,1.018332439E1
1.872536161E1,-2.364108801E0,5.503492355E-1,9.786644936E0,1.008316983E1
1.872773713E1,2.455035925E0,-9.379864931E-1,1.060499001E1,1.092578753E1
1.873011265E1,-2.627319336E0,8.997012973E-1,9.040083885E0,9.457028390E0
1.873248817E1,1.808973908E0,-1.043270707E0,1.042792130E1,1.063495853E1
1.873486364E1,-1.990828395E0,7.944171429E-1,9.145368576E0,9.393203005E0
1.873723922E1,2.292324066E0,-1.205982566E0,1.083948612E1,1.114466702E1
1.873961474E1,-1.842473388E0,1.019342422E0,9.068798065E0,9.310041112E0
1.874199026E1,1.091127157E0,-9.427721500E-1,1.059541893E1,1.069309497E1
1.874436578E1,-7.513462901E-1,6.029912829E-1,9.121439934E0,9.172174562E0
1.874674130E1,1.282552958E0,-8.279166222E-1,1.090648556E1,1.101280233E1
1.874911682E1,-6.077769399E-1,7.226324677E-1,9.174081802E0,9.222546688E0
1.875149234E1,-8.614161611E-2,-7.226324677E-1,1.012642574E1,1.015254236E1
1.875386786E1,6.939185858E-1,2.775674164E-1,9.566504478E0,9.595653944E0
1.875624338E1,-1.339980662E-1,-3.014956415E-1,1.034177971E1,1.034704125E1
1.875861890E1,8.327022791E-1,6.699903309E-2,9.231510162E0,9.269231998E0
1.876099437E1,-1.292124271E0,-8.614161611E-2,1.004985523E1,1.013294605E1
1.876336994E1,1.986042738E0,-1.579262912E-1,9.882357597E0,1.008118535E1
1.876574541E1,-1.416550994E0,1.866401732E-1,9.925428391E0,1.002774052E1
1.876812093E1,2.043470621E0,-4.689932466E-1,9.997213364E0,1.021469539E1
1.877049646E1,-2.167897224E0,5.742774606E-1,9.623932838E0,9.881784062E0
1.877287198E1,2.244467735E0,-6.843472719E-1,9.887143135E0,1.016176983E1
1.877524750E1,-2.148754835E0,6.173482537E-1,9.686145782E0,9.940809138E0
1.877762302E1,2.569891453E0,-9.188438654E-1,1.061456108E1,1.095981401E1
1.877999854E1,-2.536391973E0,1.014556766E0,9.001798630E0,9.407177486E0
1.878237406E1,1.718046665E0,-1.024128079E0,1.048534870E1,1.067441146E1
1.878474958E1,-1.942971945E0,7.752745152E-1,9.178867340E0,9.414233702E0
1.878712510E1,2.148754835E0,-1.215553880E0,1.084427261E1,1.112173400E1
1.878950062E1,-1.914258122E0,9.379864931E-1,9.154939651E0,9.399846958E0
1.879187614E1,9.140582681E-1,-9.667003751E-1,1.048534870E1,1.056941576E1
1.879425166E1,-9.858429432E-1,4.785645306E-1,9.241081238E0,9.305831116E0
1.879662718E1,1.091127157E0,-8.470591903E-1,1.098305607E1,1.106957941E1
1.879900270E1,-1.014556766E0,5.120640397E-1,9.154939651E0,9.225207588E0
1.880137823E1,-2.488535494E-1,-7.609176040E-1,1.029870892E1,1.032977875E1
1.880375375E1,3.014956415E-1,1.962114573E-1,9.537791252E0,9.544572307E0
1.880612927E1,-3.828516304E-1,-4.594219327E-1,1.047577763E1,1.049283378E1
1.880850474E1,4.307080805E-1,-6.221338734E-2,9.265008926E0,9.275223467E0
1.881088031E1,-1.507478237E0,-2.823530734E-1,1.009292603E1,1.020878884E1
1.881325583E1,1.483550072E0,-2.057827413E-1,9.973284721E0,1.008512149E1
1.881563135E1,-1.674975872E0,3.349951655E-2,1.004028416E1,1.017909487E1
1.881800687E1,1.660618901E0,-5.599204898E-1,1.001156998E1,1.016379356E1
1.882038239E1,-2.287538528E0,4.498506486E-1,9.710074425E0,9.986027411E0
1.882275791E1,1.880758643E0,-7.274180651E-1,9.844072342E0,1.004848996E1
1.882513343E1,-2.230110645E0,4.067798555E-1,9.901499748E0,1.015768481E1
1.882750896E1,2.459821701E0,-8.997012973E-1,1.052363396E1,1.084467874E1
1.882988448E1,-2.536391973E0,8.614161611E-1,9.159725189E0,9.543368776E0
1.883226000E1,1.698904037E0,-9.140582681E-1,1.034177971E1,1.052017989E1
1.883463552E1,-2.067398787E0,7.130611539E-1,9.226723671E0,9.482353276E0
1.883701104E1,2.378465652E0,-1.177268744E0,1.082991505E1,1.115034172E1
1.883938651E1,-2.029113531E0,1.000199914E0,9.193224907E0,9.467475153E0
1.884176208E1,1.225125194E0,-9.858429432E-1,1.038485050E1,1.050323464E1
1.884413755E1,-1.115055323E0,5.503492355E-1,9.336793900E0,9.419233142E0
1.884651307E1,1.689332843E0,-1.028913736E0,1.085384369E1,1.103260766E1
1.884888859E1,-1.201196909E0,8.757730722E-1,9.221938133E0,9.340984714E0
1.885126411E1,6.269195080E-1,-9.475577474E-1,1.037527943E1,1.043730410E1
1.885363963E1,-4.307080805E-2,3.397808075E-1,9.446864128E0,9.453070821E0
1.885601515E1,5.647061467E-1,-7.465606928E-1,1.055234814E1,1.059378578E1
1.885839067E1,1.387837082E-1,2.919243574E-1,9.446864128E0,9.452392427E0
1.886076620E1,-4.977070987E-1,-5.407779217E-1,1.005464077E1,1.008146587E1
1.886314172E1,1.134197950E0,7.657032460E-2,9.805787086E0,9.871460297E0
1.886551724E1,-8.518448472E-1,-2.775674164E-1,1.012642574E1,1.016598159E1
1.886789276E1,1.483550072E0,-3.445664644E-1,9.815358162E0,9.932819474E0
1.887026828E1,-1.445264935E0,1.866401732E-1,9.906285286E0,1.001289736E1
1.887264380E1,1.718046665E0,-5.886343718E-1,9.820143700E0,9.986660956E0
1.887501932E1,-1.813759565E0,1.722832322E-1,1.015992451E1,1.032198970E1
1.887739484E1,2.373680115E0,-8.422735929E-1,1.030349445E1,1.060687419E1
1.887977036E1,-2.167897224E0,5.647061467E-1,9.686145782E0,9.941835420E0
1.888214588E1,1.660618901E0,-8.709874153E-1,1.001156998E1,1.018566677E1
1.888452140E1,-2.201396942E0,3.445664644E-1,9.734002113E0,9.985773465E0
1.888689692E1,2.502892494E0,-1.172483087E0,1.060499001E1,1.095924269E1
1.888927244E1,-2.469393015E0,7.609176040E-1,9.523433685E0,9.867759960E0
1.889164796E1,1.411765337E0,-1.048056364E0,1.015513897E1,1.030622875E1
1.889402349E1,-2.086541414E0,5.359922647E-1,9.499505997E0,9.740716450E0
1.889639901E1,2.148754835E0,-1.253839016E0,1.080120182E1,1.108400742E1
1.889877453E1,-2.258824587E0,8.853443861E-1,9.265008926E0,9.577395972E0
1.890115005E1,1.100698471E0,-1.210768223E0,1.066241741E1,1.078724441E1
1.890352557E1,-1.526620865E0,4.594219327E-1,9.188439369E0,9.325720231E0
1.890590109E1,1.311266780E0,-1.186840057E0,1.098784161E1,1.112927100E1
1.890827661E1,-1.277767301E0,6.029912829E-1,9.365508080E0,9.471485066E0
1.891065213E1,3.349951804E-1,-1.033699393E0,1.033699417E1,1.039395039E1
1.891302765E1,-5.407779217E-1,4.019941986E-1,9.561718941E0,9.585432134E0
1.891540317E1,1.339980662E-1,-1.009771109E0,1.042313576E1,1.047279104E1
1.891777870E1,-1.196411327E-1,1.866401732E-1,9.671789169E0,9.674329656E0
1.892015422E1,-4.402793646E-1,-5.742774606E-1,1.016949654E1,1.019520968E1
1.892252974E1,5.024927258E-1,3.349951655E-2,9.738788605E0,9.751801097E0
1.892490526E1,-9.954141974E-1,-4.450650215E-1,1.013121128E1,1.018971905E1
1.892728078E1,1.210768223E0,-3.158525825E-1,9.848857880E0,9.928027200E0
1.892965625E1,-1.129412293E0,2.057827413E-1,1.016949654E1,1.023408904E1
1.893203177E1,1.182054400E0,-5.838487148E-1,9.408578873E0,9.500499373E0
1.893440729E1,-1.775474429E0,1.818545163E-1,1.044227791E1,1.059370324E1
1.893678281E1,2.368894339E0,-7.513462901E-1,9.868000984E0,1.017613016E1
1.893915833E1,-1.852044702E0,5.024927258E-1,9.997213364E0,1.017972709E1
1.894153385E1,1.852044702E0,-7.513462901E-1,9.695717812E0,9.899572451E0
1.894390937E1,-2.029113531E0,5.072783828E-1,1.008335495E1,1.029799399E1
1.894628489E1,2.842673302E0,-1.076770186E0,1.021735287E1,1.065994958E1
1.894866041E1,-2.000399828E0,8.087740541E-1,9.657432556E0,9.895540335E0
1.895103593E1,1.981257200E0,-8.087740541E-1,9.954142570E0,1.018157404E1
1.895341146E1,-1.904686809E0,6.508477330E-1,9.619147301E0,9.827483371E0
1.895578698E1,2.713460922E0,-1.134197950E0,1.049013424E1,1.089459460E1
1.895816250E1,-1.866401672E0,1.000199914E0,9.188439369E0,9.429277444E0
1.896053802E1,1.971685886E0,-9.858429432E-1,1.041356373E1,1.064432906E1
1.896291354E1,-1.454836130E0,6.699903607E-1,9.284152031E0,9.421301088E0
1.896528906E1,2.196611166E0,-1.158126116E0,1.082512951E1,1.110629486E1
1.896766458E1,-1.210768223E0,9.475577474E-1,9.121439934E0,9.250107666E0
1.897004010E1,1.550549030E0,-9.714859724E-1,1.054756260E1,1.070509524E1
1.897241562E1,-7.752745152E-1,5.503492355E-1,9.178867340E0,9.227975970E0
1.897479114E1,1.138983607E0,-9.619147182E-1,1.059063339E1,1.069504929E1
1.897716666E1,-2.536391914E-1,3.589234054E-1,9.528220177E0,9.538350936E0
1.897954218E1,8.853443861E-1,-6.029912829E-1,1.050927734E1,1.056372773E1
1.898191770E1,-2.584248483E-1,1.627119333E-1,9.332008362E0,9.337003729E0
1.898429323E1,-7.657032460E-2,-4.929214716E-1,1.019342422E1,1.020562257E1
1.898666875E1,9.140582681E-1,-3.493520916E-1,9.700503349E0,9.749734080E0
1.898904427E1,-3.014956415E-1,-8.614161611E-2,1.035613632E1,1.036088218E1
1.899141979E1,4.977070987E-1,-3.302095234E-1,9.217152596E0,9.236484865E0
1.899379531E1,-1.411765337E0,-8.614161611E-2,1.038963604E1,1.048546798E1
1.899617083E1,2.076970100E0,-7.130611539E-1,9.872786522E0,1.011405827E1
1.899854635E1,-1.502692580E0,1.387837082E-1,9.997213364E0,1.011047086E1
1.900092187E1,1.263410330E0,-5.120640397E-1,9.982855797E0,1.007550620E1
1.900329739E1,-2.230110645E0,2.536391914E-1,9.848857880E0,1.010137257E1
1.900567291E1,2.388036966E0,-1.167697430E0,1.028435135E1,1.062234063E1
1.900804843E1,-1.962114573E0,5.455635786E-1,9.925428391E0,1.013220913E1
1.901042396E1,1.488335729E0,-8.614161611E-1,9.853643417E0,1.000257315E1
1.901279948E1,-2.459821701E0,4.498506486E-1,9.915857315E0,1.022630504E1
1.901517500E1,2.359323025E0,-1.325623751E0,1.008814049E1,1.044481986E1
1.901755052E1,-2.182254314E0,8.039883971E-1,9.748359680E0,1.002193333E1
1.901992599E1,1.698904037E0,-1.158126116E0,1.027956581E1,1.048317720E1
1.902230151E1,-2.354537487E0,5.551348329E-1,9.533005714E0,9.835152231E0
1.902467703E1,1.923829436E0,-1.296909928E0,1.029870892E1,1.055682246E1
1.902705255E1,-1.746760488E0,8.901300430E-1,9.561718941E0,9.760633832E0
1.902942807E1,1.665404558E0,-1.143769264E0,1.041356373E1,1.060773727E1
1.903180359E1,-2.038684845E0,6.364908218E-1,9.178867340E0,9.424062930E0
1.903417911E1,1.363908887E0,-1.162911773E0,1.073420238E1,1.088281729E1
1.903655463E1,-1.110269666E0,5.024927258E-1,9.547362328E0,9.624828574E0
1.903893015E1,1.440479279E0,-8.183453679E-1,1.058584690E1,1.071470132E1
1.904130567E1,-1.469193101E0,4.594219327E-1,9.212367058E0,9.340091203E0
1.904368120E1,5.886343718E-1,-6.795616150E-1,1.037527943E1,1.041415948E1
1.904605672E1,1.435693651E-1,-5.264209956E-2,9.796216011E0,9.797409427E0
1.904843224E1,5.694918036E-1,-4.450650215E-1,1.028913784E1,1.031449278E1
1.905080776E1,-3.445664644E-1,1.579262912E-1,9.432506561E0,9.440119003E0
1.905318328E1,-5.312066078E-1,-4.019941986E-1,9.987641335E0,1.000983313E1
1.905555880E1,1.363908887E0,-2.344966233E-1,1.011206818E1,1.020632936E1
1.905793432E1,-4.211367965E-1,-2.919243574E-1,9.777072906E0,9.790491849E0
1.906030984E1,8.135597110E-1,2.392822690E-2,1.014078236E1,1.017339269E1
1.906268536E1,-1.354337573E0,-4.307080805E-2,9.504291534E0,9.600398061E0
1.906506088E1,2.172683001E0,-7.322037220E-1,1.028913784E1,1.054149094E1
1.906743640E1,-1.110269666E0,4.354937077E-1,1.007378292E1,1.014413406E1
1.906981192E1,1.569691658E0,-5.982056856E-1,9.757930756E0,9.901464264E0
1.907218744E1,-1.966900229E0,3.206382394E-1,9.786644936E0,9.987488397E0
1.907456297E1,2.689532757E0,-1.052842021E0,1.014078236E1,1.054407557E1
1.907693849E1,-1.741974831E0,8.422735929E-1,1.002114105E1,1.020623188E1
1.907931401E1,2.105684042E0,-1.014556766E0,1.013599682E1,1.040200280E1
1.908168953E1,-2.268395901E0,5.982056856E-1,9.528220177E0,9.812769728E0
1.908406505E1,2.368894339E0,-1.229910851E0,1.004028416E1,1.038901569E1
1.908644057E1,-1.665404558E0,9.188438654E-1,9.906285286E0,1.008723622E1
1.908881609E1,2.254039049E0,-1.167697430E0,1.026520920E1,1.057443754E1
1.909119161E1,-2.230110645E0,7.609176040E-1,9.375079155E0,9.666669450E0
1.909356713E1,1.875972986E0,-1.028913736E0,1.057627583E1,1.079053050E1
1.909594265E1,-1.435693622E0,4.881358147E-1,9.466006279E0,9.586697430E0
1.909831817E1,2.105684042E0,-9.236295223E-1,1.063848972E1,1.088413802E1
1.910069370E1,-1.880758643E0,5.359922647E-1,9.164510727E0,9.370848288E0
1.910306922E1,1.100698471E0,-7.226324677E-1,1.068156052E1,1.076241004E1
1.910544474E1,-4.881358147E-1,-6.221338734E-2,9.561718941E0,9.574372887E0
1.910782026E1,1.182054400E0,-6.795616150E-1,1.062413216E1,1.071126700E1
1.911019578E1,-1.009771109E0,2.871387303E-1,9.260223389E0,9.319539879E0
1.911257125E1,-1.339980662E-1,-5.647061467E-1,1.036092186E1,1.037716485E1
1.911494677E1,5.934200287E-1,-2.679961324E-1,9.786644936E0,9.808281621E0
1.911732229E1,-1.100698411E-1,-4.211367965E-1,1.031785107E1,1.032702872E1
1.911969781E1,1.531406492E-1,-8.614161611E-2,9.571290970E0,9.572903596E0
1.912207333E1,-1.378265858E0,-2.919243574E-1,9.863214493E0,9.963324582E0
1.912444885E1,1.641476393E0,-5.647061467E-1,1.010249710E1,1.025055050E1
1.912682437E1,-1.311266780E0,1.579262912E-1,1.018863869E1,1.027388532E1
1.912919989E1,1.196411371E0,-6.077769399E-1,9.824930191E0,9.916150777E0
1.913157541E1,-2.297109842E0,1.914258152E-1,9.623932838E0,9.896132616E0
1.913395093E1,2.129612207E0,-8.662018180E-1,1.025085258E1,1.050550011E1
1.913632646E1,-2.053041935E0,5.647061467E-1,9.944570541E0,1.016997333E1
1.913870198E1,1.981257200E0,-9.571290612E-1,1.024128056E1,1.047498466E1
1.914107750E1,-2.732603550E0,6.317051649E-1,9.418149948E0,9.826887708E0
1.914345302E1,2.024327993E0,-1.009771109E0,1.017906761E1,1.042741382E1
1.914582854E1,-2.210968018E0,6.939185858E-1,9.657432556E0,9.931561114E0
1.914820406E1,2.287538528E0,-1.143769264E0,1.050449181E1,1.081135462E1
1.915057958E1,-2.679961443E0,8.518448472E-1,9.221938133E0,9.641160507E0
1.915295510E1,1.574477315E0,-9.810572863E-1,1.053799057E1,1.070003259E1
1.915533062E1,-1.765903115E0,4.642075896E-1,9.379864693E0,9.555928220E0
1.915770614E1,2.005185366E0,-1.014556766E0,1.068156052E1,1.091539412E1
1.916008166E1,-1.919043779E0,6.125625968E-1,9.140582085E0,9.359925363E0
1.916245718E1,6.652047038E-1,-7.417750359E-1,1.057627583E1,1.062310396E1
1.916483271E1,-5.120640397E-1,1.483550072E-1,9.504291534E0,9.519231921E0
1.916720823E1,9.044869542E-1,-6.699903607E-1,1.063370419E1,1.069311220E1
1.916958375E1,-7.513462901E-1,1.818545163E-1,9.097511292E0,9.130295943E0
1.917195927E1,-4.307080805E-1,-4.211367965E-1,1.029870892E1,1.031631092E1
1.917433479E1,7.896314859E-1,-2.727817893E-1,9.576076508E0,9.612448651E0
1.917671031E1,-3.158525825E-1,-1.387837082E-1,1.055713367E1,1.056276930E1
1.917908583E1,5.264210105E-1,-2.057827413E-1,9.308079720E0,9.325224592E0
1.918146135E1,-1.459621787E0,-2.105683982E-1,9.915857315E0,1.002492200E1
1.918383687E1,1.947757602E0,-4.881358147E-1,1.007856941E1,1.027665304E1
1.918621239E1,-1.517049551E0,2.584248483E-1,1.006421185E1,1.018118769E1
1.918858791E1,1.852044702E0,-6.939185858E-1,1.007856941E1,1.027079130E1
1.919096343E1,-2.277967215E0,2.440679073E-1,9.456435204E0,9.729998486E0
1.919333896E1,2.388036966E0,-7.944171429E-1,1.031306553E1,1.061570251E1
1.919571448E1,-2.210968018E0,4.929214716E-1,9.681360245E0,9.942841010E0
1.919809000E1,2.703889608E0,-1.043270707E0,1.062413216E1,1.101233930E1
1.920046552E1,-2.584248543E0,6.939185858E-1,9.121439934E0,9.505815588E0
1.920284104E1,2.105684042E0,-9.332008362E-1,1.055234814E1,1.080077869E1
1.920521656E1,-2.081755638E0,4.977070987E-1,9.164510727E0,9.411146357E0
1.920759203E1,2.603390932E0,-1.076770186E0,1.087298584E1,1.123204787E1
1.920996760E1,-2.043470621E0,7.944171429E-1,9.308079720E0,9.562803922E0
1.921234307E1,1.287338614E0,-8.614161611E-1,1.053799057E1,1.065122170E1
1.921471859E1,-8.518448472E-1,2.775674164E-1,9.466006279E0,9.508309954E0
1.921709411E1,1.512263894E0,-7.896314859E-1,1.085384369E1,1.098710075E1
1.921946963E1,-8.901300430E-1,3.493520916E-1,9.059226990E0,9.109553887E0
1.922184515E1,1.914258115E-2,-3.684946895E-1,1.058584690E1,1.059227593E1
1.922422067E1,6.747759581E-1,-3.158525825E-1,9.370293617E0,9.399866378E0
1.922659620E1,-3.349951655E-2,-1.627119333E-1,1.085384369E1,1.085511493E1
1.922897172E1,4.977070987E-1,-8.614161611E-2,9.102297783E0,9.116301754E0
1.923134724E1,-1.263410330E0,-2.584248483E-1,1.025563812E1,1.033639697E1
1.923372276E1,1.837687731E0,-2.009970993E-1,9.810572624E0,9.983227496E0
1.923609828E1,-1.488335729E0,1.196411327E-1,1.017906761E1,1.028799663E1
1.923847380E1,1.871187329E0,-4.354937077E-1,1.012642574E1,1.030706045E1
1.924084932E1,-2.239681959E0,2.153540403E-1,9.312865257E0,9.580814785E0
1.924322484E1,2.263610125E0,-4.594219327E-1,1.046142101E1,1.071337150E1
1.924560036E1,-2.392822742E0,4.498506486E-1,9.446864128E0,9.755573183E0
1.924797588E1,2.804388046E0,-7.944171429E-1,1.083470058E1,1.121991211E1
1.925035140E1,-2.766103029E0,7.704889178E-1,8.934800148E0,9.384861897E0
1.925272692E1,2.033899307E0,-6.508477330E-1,1.054756260E1,1.076157172E1
1.925510245E1,-2.373680115E0,5.120640397E-1,8.949156761E0,9.272754370E0
1.925747796E1,2.560320139E0,-7.848458290E-1,1.100219822E1,1.132340884E1
1.925985349E1,-2.177468538E0,6.508477330E-1,8.953942299E0,9.237859855E0
1.926222901E1,1.100698471E0,-5.312066078E-1,1.063370419E1,1.070370881E1
1.926460453E1,-8.327022791E-1,1.627119333E-1,9.198010445E0,9.237059294E0
1.926698005E1,1.119840980E0,-4.546363056E-1,1.093519974E1,1.100178764E1
1.926935557E1,-7.417750359E-1,3.206382394E-1,8.791230202E0,8.828293581E0
1.927173109E1,-3.637090325E-1,-1.914258152E-1,1.049970531E1,1.050774666E1
1.927410661E1,8.614161611E-1,-3.062812984E-1,9.092725754E0,9.138572518E0
1.927648213E1,-5.599204898E-1,2.871387079E-2,1.085862923E1,1.087309359E1
1.927885765E1,9.619147182E-1,-1.483550072E-1,9.073583603E0,9.125634692E0
1.928123317E1,-1.770688772E0,-1.962114573E-1,9.882357597E0,1.004165471E1
1.928360870E1,2.163111687E0,-2.009970993E-1,1.004506969E1,1.027729912E1
1.928598422E1,-1.923829436E0,2.727817893E-1,9.772287369E0,9.963590218E0
1.928835974E1,2.206182480E0,-5.264210105E-1,1.029870892E1,1.054550926E1
1.929073526E1,-2.316252232E0,3.828516304E-1,9.221938133E0,9.516078116E0
1.929311078E1,2.182254314E0,-5.742774606E-1,1.024606609E1,1.049161088E1
1.929548630E1,-2.431107759E0,4.115654826E-1,9.255437851E0,9.578246233E0
1.929786182E1,2.962314367E0,-7.704889178E-1,1.103091240E1,1.144770667E1
1.930023734E1,-2.718246460E0,5.742774606E-1,8.628518105E0,9.064766026E0
1.930261286E1,1.832902193E0,-5.694918036E-1,1.091127110E1,1.107879453E1
1.930498838E1,-1.737189293E0,1.292124242E-1,8.858229637E0,9.027887615E0
1.930736390E1,2.230110645E0,-6.891329288E-1,1.116491032E1,1.140629300E1
1.930973942E1,-1.631905079E0,3.302095234E-1,8.743373871E0,8.900490951E0
1.931211494E1,6.843472719E-1,-4.354937077E-1,1.095912743E1,1.098910642E1
1.931449047E1,-2.392822690E-2,-3.349951804E-1,8.910871506E0,8.917198289E0
1.931686593E1,5.407779217E-1,-3.589234054E-1,1.125583744E1,1.127453517E1
1.931924146E1,8.135596663E-2,-4.785645381E-2,8.863015175E0,8.863517757E0
1.932161698E1,-1.095912814E0,-3.062812984E-1,1.040399265E1,1.046603536E1
1.932399250E1,1.761117458E0,-5.455635786E-1,9.360722542E0,9.540560823E0
1.932636802E1,-1.378265858E0,1.387837082E-1,1.062891865E1,1.071880541E1
1.932874354E1,1.603191137E0,-5.312066078E-1,9.643074989E0,9.789856870E0
1.933111906E1,-2.359323025E0,0.000000000E0,9.705288887E0,9.987944609E0
1.933349458E1,2.292324066E0,-6.556333899E-1,1.018863869E1,1.046388852E1
1.933587010E1,-2.478964329E0,2.679961324E-1,9.743574142E0,1.005755055E1
1.933824562E1,2.522035122E0,-9.044869542E-1,1.071027374E1,1.104032252E1
1.934062114E1,-2.986242771E0,5.599204898E-1,9.049654961E0,9.546067868E0
1.934299666E1,1.971685886E0,-7.369893789E-1,1.079162979E1,1.099499760E1
1.934537218E1,-2.522035122E0,1.244267747E-1,8.815158844E0,9.169687488E0
1.934774770E1,2.383251429E0,-7.944171429E-1,1.136590767E1,1.164022522E1
1.935012323E1,-2.450250387E0,2.584248483E-1,8.743373871E0,9.083892173E0
1.935249875E1,1.000199914E0,-4.642075896E-1,1.133719349E1,1.139069115E1
1.935487427E1,-9.954141974E-1,-3.254238665E-1,8.767302513E0,8.829628728E0
1.935724979E1,8.949156404E-1,-4.402793646E-1,1.142812061E1,1.147155877E1
1.935962531E1,-8.949156404E-1,2.392822690E-2,8.867800713E0,8.912874735E0
1.936200083E1,-5.168496966E-1,-3.254238665E-1,1.080598736E1,1.082323413E1
1.936437635E1,6.987041831E-1,-5.024927258E-1,9.083154678E0,9.123836111E0
1.936675187E1,-9.188438654E-1,9.571290575E-3,1.090170002E1,1.094035781E1
1.936912739E1,9.092726111E-1,-3.302095234E-1,9.399007797E0,9.448659301E0
1.937150291E1,-2.048256159E0,-1.148554832E-1,1.008814049E1,1.029461624E1
1.937387843E1,2.153540373E0,-5.934200287E-1,1.001156998E1,1.025774911E1
1.937625396E1,-2.287538528E0,3.637090325E-1,1.016471100E1,1.042528016E1
1.937862948E1,2.143969059E0,-7.944171429E-1,1.029392338E1,1.054478831E1
1.938100500E1,-2.589034081E0,3.972085714E-1,9.413364410E0,9.770992869E0
1.938338052E1,2.048256159E0,-7.513462901E-1,1.048534870E1,1.070992119E1
1.938575599E1,-2.545963287E0,4.498506486E-1,9.245866776E0,9.600538896E0
1.938813156E1,2.742174864E0,-8.470591903E-1,1.114098263E1,1.150471756E1
1.939050708E1,-2.713460922E0,5.503492355E-1,8.700303078E0,9.130226071E0
1.939288260E1,1.741974831E0,-4.689932466E-1,1.115055370E1,1.129554243E1
1.939525812E1,-1.670190215E0,-4.785645287E-3,8.714659691E0,8.873266128E0
1.939763364E1,2.043470621E0,-5.838487148E-1,1.144247818E1,1.163816817E1
1.940000916E1,-1.521835208E0,2.392822653E-1,8.547162056E0,8.684884433E0
1.940238468E1,5.790630579E-1,-3.589234054E-1,1.121755219E1,1.123822126E1
1.940476021E1,7.178468257E-2,-3.397808075E-1,8.752944946E0,8.759831578E0
1.940713573E1,4.211367965E-1,-2.297109663E-1,1.113619614E1,1.114652357E1
1.940951125E1,2.344966233E-1,-9.092725813E-2,9.064012527E0,9.067501284E0
1.941188677E1,-1.000199914E0,-2.297109663E-1,1.038006496E1,1.043067187E1
1.941426229E1,1.703689694E0,-5.120640397E-1,9.432506561E0,9.598799310E0
1.941663781E1,-1.316052437E0,2.105683982E-1,1.049970531E1,1.058395695E1
1.941901333E1,1.694118381E0,-5.264210105E-1,9.667003632E0,9.828434025E0
1.942138885E1,-2.134397745E0,1.292124242E-1,9.839286804E0,1.006895796E1
1.942376432E1,2.450250387E0,-7.034898400E-1,9.963713646E0,1.028465918E1
1.942613989E1,-2.340180635E0,5.503492355E-1,9.848857880E0,1.013801417E1
1.942851541E1,2.641676188E0,-9.427721500E-1,1.054756260E1,1.091413529E1
1.943089088E1,-2.603390932E0,6.364908218E-1,9.092725754E0,9.479473959E0
1.943326640E1,2.081755638E0,-7.082754970E-1,1.061456108E1,1.083993854E1
1.943564192E1,-2.292324066E0,3.732803464E-1,8.829515457E0,9.129864788E0
1.943801744E1,2.699103832E0,-8.183453679E-1,1.125105190E1,1.159918185E1
1.944039296E1,-2.335394859E0,4.881358147E-1,8.633303642E0,8.956912275E0
1.944276849E1,1.373480201E0,-4.307080805E-1,1.106919765E1,1.116239643E1
1.944514396E1,-1.215553880E0,-6.221338734E-2,8.652446747E0,8.737635633E0
1.944751953E1,1.598405480E0,-5.120640397E-1,1.133719349E1,1.146076201E1
1.944989505E1,-1.220339537E0,2.392822653E-1,8.465806961E0,8.556656595E0
1.945227057E1,1.531406492E-1,-2.488535494E-1,1.101177025E1,1.101564633E1
1.945464609E1,4.402793646E-1,-4.450650215E-1,8.815158844E0,8.837361271E0
1.945702161E1,-1.579262912E-1,1.914258115E-2,1.089212894E1,1.089329060E1
1.945939713E1,5.072783828E-1,-1.148554832E-1,9.193224907E0,9.207926332E0
1.946177265E1,-1.402194023E0,-1.722832322E-1,1.012642574E1,1.022449646E1
1.946414817E1,1.899901152E0,-4.737788737E-1,9.513862610E0,9.713273010E0
1.946652370E1,-1.579262972E0,3.876372576E-1,1.032742214E1,1.045466318E1
1.946889922E1,1.890329838E0,-6.412764788E-1,9.891928673E0,1.009132475E1
1.947127474E1,-2.273181438E0,2.775674164E-1,9.556933403E0,9.827480531E0
1.947365026E1,2.455035925E0,-6.843472719E-1,1.005464077E1,1.037262424E1
1.947602578E1,-2.340180635E0,6.173482537E-1,9.724431038E0,1.002108394E1
1.947840130E1,2.703889608E0,-9.427721500E-1,1.054277611E1,1.092474102E1
1.948077682E1,-2.598605394E0,7.465606928E-1,9.040083885E0,9.435741599E0
1.948315234E1,2.067398787E0,-7.609176040E-1,1.053320503E1,1.076111247E1
1.948552786E1,-2.100898266E0,3.684946895E-1,8.949156761E0,9.199835248E0
1.948790338E1,2.694318295E0,-9.092726111E-1,1.097827053E1,1.134057104E1
1.949027890E1,-2.124826431E0,6.604190469E-1,8.925228119E0,9.198409518E0
1.949265442E1,1.296909928E0,-5.168496966E-1,1.082512951E1,1.091478529E1
1.949502989E1,-8.757730722E-1,-9.571290575E-3,8.882157326E0,8.925233265E0
1.949740546E1,1.526620865E0,-5.790630579E-1,1.121276665E1,1.133102031E1
1.949978099E1,-9.379864931E-1,2.344966233E-1,8.666803360E0,8.720566943E0
1.950215651E1,8.135596663E-2,-3.110669553E-1,1.095434189E1,1.095905962E1
1.950453203E1,7.178468108E-1,-4.689932466E-1,8.858229637E0,8.899634319E0
1.950690755E1,-4.307080805E-2,-5.264209956E-2,1.114098263E1,1.114119025E1
1.950928307E1,6.317051649E-1,-1.914258152E-1,9.049654961E0,9.073695508E0
1.951165859E1,-1.287338614E0,-1.244267747E-1,1.024128056E1,1.032262322E1
1.951403411E1,1.957328916E0,-5.838487148E-1,9.489934921E0,9.707259171E0
1.951640963E1,-1.483550072E0,3.589234054E-1,1.049491978E1,1.060533300E1
1.951878515E1,1.871187329E0,-6.604190469E-1,9.786644936E0,9.985785619E0
1.952116067E1,-2.225325108E0,2.009970993E-1,9.700503349E0,9.954508370E0
1.952353620E1,2.364108801E0,-6.987041831E-1,1.006421185E1,1.036173528E1
1.952591172E1,-2.311466694E0,4.881358147E-1,9.801001549E0,1.008170552E1
1.952828724E1,2.751745939E0,-9.523434043E-1,1.060499001E1,1.099749411E1
1.953066276E1,-2.723032236E0,6.843472719E-1,9.135796547E0,9.557510884E0
1.953303828E1,2.167897224E0,-8.183453679E-1,1.054277611E1,1.079442428E1
1.953541380E1,-2.273181438E0,3.589234054E-1,9.092725754E0,9.379437163E0
1.953778932E1,2.703889608E0,-8.374879360E-1,1.112183952E1,1.147639837E1
1.954016484E1,-2.344966173E0,4.833501875E-1,8.891729355E0,9.208438775E0
1.954254036E1,1.459621787E0,-5.551348329E-1,1.093041420E1,1.104140503E1
1.954491588E1,-1.071984529E0,-3.828516230E-2,8.953942299E0,9.017965362E0
1.954729140E1,1.631905079E0,-5.168496966E-1,1.129890823E1,1.142784210E1
1.954966692E1,-1.220339537E0,2.009970993E-1,8.666803360E0,8.754605011E0
1.955204244E1,3.684946895E-1,-3.732803464E-1,1.110269737E1,1.111508054E1
1.955441791E1,2.632105052E-1,-3.828516304E-1,8.772088051E0,8.784382956E0
1.955679349E1,2.009970993E-1,-8.135596663E-2,1.127976608E1,1.128185009E1
1.955916896E1,2.488535494E-1,-1.818545163E-1,9.068798065E0,9.074034246E0
1.956154448E1,-1.014556766E0,-2.823530734E-1,1.033699417E1,1.039050033E1
1.956392000E1,1.627119422E0,-5.216353536E-1,9.451649666E0,9.604858274E0
1.956629552E1,-1.201196909E0,2.536391914E-1,1.060977554E1,1.068056852E1
1.956867104E1,1.502692580E0,-5.886343718E-1,9.671789169E0,9.805512794E0
1.957104656E1,-1.899901152E0,1.196411327E-1,9.958928108E0,1.013923998E1
1.957342208E1,2.239681959E0,-5.982056856E-1,9.834501266E0,1.010403090E1
1.957579760E1,-2.187039852E0,4.594219327E-1,9.987641335E0,1.023460753E1
1.957817312E1,2.703889608E0,-9.140582681E-1,1.054277611E1,1.092230056E1
1.958054864E1,-2.660818815E0,7.130611539E-1,9.140582085E0,9.546656683E0
1.958292416E1,2.134397745E0,-8.327022791E-1,1.042792130E1,1.067663755E1
1.958529968E1,-2.388036966E0,5.407779217E-1,9.183652878E0,9.504453771E0
1.958767520E1,3.000599623E0,-9.619147182E-1,1.100219822E1,1.144452898E1
1.959005073E1,-2.517249346E0,6.173482537E-1,9.025727272E0,9.390496043E0
1.959242625E1,1.679761529E0,-5.934200287E-1,1.067198944E1,1.081966288E1
1.959480177E1,-1.708475351E0,1.196411327E-1,8.906085968E0,9.069265091E0
1.959717729E1,2.215753794E0,-6.556333899E-1,1.131805134E1,1.155152397E1
1.959955281E1,-1.785045743E0,2.105683982E-1,8.556734085E0,8.743479031E0
1.960192833E1,7.800601721E-1,-5.216353536E-1,1.103091240E1,1.107075542E1
1.960430385E1,-3.302095234E-1,-2.297109663E-1,9.025727272E0,9.034686394E0
1.960667937E1,9.044869542E-1,-4.259224236E-1,1.141376400E1,1.145746548E1
1.960905489E1,-6.173482537E-1,-5.742774159E-2,8.748159409E0,8.770103184E0
1.961143041E1,-4.881358147E-1,-4.929214716E-1,1.068634605E1,1.070883935E1
1.961380593E1,9.044869542E-1,-5.120640397E-1,9.169296265E0,9.228017134E0
1.961618146E1,-5.503492355E-1,-1.292124242E-1,1.098784161E1,1.100237444E1
1.961855698E1,6.747759581E-1,-5.982056856E-1,9.202795982E0,9.246871175E0
1.962093250E1,-1.325623751E0,-2.392822653E-1,1.039442158E1,1.048134220E1
1.962330802E1,1.651047587E0,-6.173482537E-1,9.480362892E0,9.642839705E0
1.962568354E1,-1.780260086E0,1.196411327E-1,1.055713367E1,1.070685348E1
1.962805906E1,1.966900229E0,-9.044869542E-1,1.005464077E1,1.028506656E1
1.963043458E1,-2.053041935E0,1.387837082E-1,9.719645500E0,9.935076786E0
1.963281010E1,1.852044702E0,-8.901300430E-1,1.008335495E1,1.029059999E1
1.963518562E1,-2.464607239E0,4.211367965E-1,9.815358162E0,1.012881537E1
1.963756114E1,2.890529871E0,-1.215553880E0,1.082991505E1,1.127474142E1
1.963993666E1,-2.593819857E0,5.790630579E-1,9.188439369E0,9.565073628E0
1.964231218E1,1.962114573E0,-1.024128079E0,1.034177971E1,1.057596991E1
1.964468771E1,-2.536391973E0,4.642075896E-1,9.327222824E0,9.677079029E0
1.964706323E1,2.981456995E0,-1.182054400E0,1.104526901E1,1.150149147E1
1.964943875E1,-2.502892494E0,4.642075896E-1,9.097511292E0,9.446939781E0
1.965181427E1,1.713261008E0,-8.374879360E-1,1.070548820E1,1.087401154E1
1.965418979E1,-1.718046665E0,2.632105052E-1,9.231510162E0,9.393707681E0
1.965656531E1,2.009970903E0,-8.135597110E-1,1.118405342E1,1.139231817E1
1.965894083E1,-1.540977836E0,2.344966233E-1,8.772088051E0,8.909496626E0
1.966131635E1,7.896314859E-1,-6.173482537E-1,1.089691448E1,1.094291469E1
1.966369187E1,-4.498506486E-1,9.571290761E-2,9.255437851E0,9.266857956E0
1.966606739E1,8.662018180E-1,-5.216353536E-1,1.110748291E1,1.115341139E1
1.966844291E1,-3.445664644E-1,1.914258115E-2,8.863015175E0,8.869731139E0
1.967081843E1,-2.727817893E-1,-4.642075896E-1,1.049970531E1,1.051350133E1
1.967319396E1,7.417750359E-1,3.349951655E-2,9.408578873E0,9.437833905E0
1.967556948E1,-4.689932466E-1,-2.153540403E-1,1.060020447E1,1.061275962E1
1.967794500E1,1.009771109E0,-3.302095234E-1,9.466006279E0,9.525437045E0
1.968032052E1,-1.024128079E0,5.742774159E-2,1.021256733E1,1.026394991E1
1.968269604E1,1.426122308E0,-3.780659735E-1,9.303294182E0,9.419556325E0
1.968507156E1,-1.593619823E0,3.445664644E-1,1.046142101E1,1.058771362E1
1.968744708E1,2.182254314E0,-6.364908218E-1,9.992427826E0,1.024772991E1
1.968982255E1,-1.698904037E0,5.551348329E-1,9.614361763E0,9.779079799E0
1.969219812E1,1.722832322E0,-6.652047038E-1,9.920642853E0,1.009107542E1
1.969457364E1,-2.182254314E0,6.412764788E-1,9.590433121E0,9.856463710E0
1.969694916E1,2.852244616E0,-1.019342422E0,1.074377346E1,1.116257257E1
1.969932463E1,-2.230110645E0,9.475577474E-1,9.226723671E0,9.539585362E0
1.970170015E1,2.024327993E0,-9.044869542E-1,1.012164021E1,1.036164084E1
1.970407573E1,-2.440679073E0,7.992027402E-1,9.188439369E0,9.540600474E0
1.970645125E1,2.957528830E0,-1.182054400E0,1.093519974E1,1.138959274E1
1.970882672E1,-2.330609322E0,9.092726111E-1,9.097511292E0,9.435212143E0
1.971120224E1,2.033899307E0,-9.571290612E-1,1.044706345E1,1.068615820E1
1.971357776E1,-2.038684845E0,7.369893789E-1,9.135796547E0,9.389471113E0
1.971595328E1,2.330609322E0,-1.076770186E0,1.102134132E1,1.131641014E1
1.971832880E1,-1.698904037E0,5.503492355E-1,8.853444099E0,9.031756841E0
1.972070432E1,1.272981644E0,-8.997012973E-1,1.074855900E1,1.086100664E1
1.972307984E1,-1.014556766E0,5.838487148E-1,9.312865257E0,9.386142128E0
1.972545536E1,1.177268744E0,-9.475577474E-1,1.075813103E1,1.086375674E1
1.972783088E1,-7.465606928E-1,2.536391914E-1,9.078369141E0,9.112544758E0
1.973020640E1,4.929214716E-1,-7.609176040E-1,1.056191921E1,1.060075962E1
1.973258192E1,-1.244267747E-1,2.297109663E-1,9.427721024E0,9.431339929E0
1.973495745E1,-9.092725813E-2,-5.024927258E-1,1.044706345E1,1.045953638E1
1.973733296E1,5.934200287E-1,-2.297109663E-1,9.556933403E0,9.578094306E0
1.973970849E1,-5.072783828E-1,-2.153540403E-1,1.027478027E1,1.028954899E1
1.974208401E1,6.987041831E-1,-2.584248483E-1,9.183652878E0,9.213818487E0
1.974445953E1,-1.335195065E0,-2.871387079E-2,1.054277611E1,1.062702679E1
1.974683505E1,1.732403636E0,-6.221339107E-1,9.724431038E0,9.897112305E0
1.974921057E1,-1.344766378E0,1.052841991E-1,1.003549862E1,1.012574510E1
1.975158609E1,1.263410330E0,-5.407779217E-1,9.767501831E0,9.863708149E0
1.975396156E1,-2.081755638E0,2.536391914E-1,9.930213928E0,1.014924569E1
1.975633713E1,2.392822742E0,-9.858429432E-1,1.037527943E1,1.069317119E1
1.975871265E1,-2.024327993E0,6.987041831E-1,9.585647583E0,9.821951484E0
1.976108817E1,1.497906923E0,-8.614161611E-1,1.002114105E1,1.016902311E1
1.976346370E1,-2.397608280E0,6.891329288E-1,9.489934921E0,9.812354176E0
1.976583922E1,2.603390932E0,-1.301695466E0,1.077248764E1,1.115878781E1
1.976821474E1,-2.464607239E0,1.119840980E0,9.183652878E0,9.574330934E0
1.977059026E1,1.895115495E0,-1.024128079E0,1.038485050E1,1.060591444E1
1.977296578E1,-2.455035925E0,7.800601721E-1,9.145368576E0,9.501234744E0
1.977534130E1,2.230110645E0,-1.196411371E0,1.082991505E1,1.112168394E1
1.977771682E1,-2.177468538E0,9.284151793E-1,9.044869423E0,9.349491262E0
1.978009234E1,1.804188251E0,-1.115055323E0,1.074855900E1,1.095581874E1
1.978246786E1,-1.938186288E0,8.901300430E-1,9.054440498E0,9.302246520E0
1.978484338E1,1.378265858E0,-1.052842021E0,1.083470058E1,1.097264006E1
1.978721890E1,-1.244267821E0,5.694918036E-1,9.245866776E0,9.346580966E0
1.978959442E1,1.215553880E0,-8.614161611E-1,1.065284634E1,1.075652100E1
1.979196994E1,-1.229910851E0,5.838487148E-1,9.212367058E0,9.312425400E0
1.979434547E1,3.972085714E-1,-6.269195080E-1,1.073898792E1,1.076460238E1
1.979672099E1,-1.148554832E-1,-5.264209956E-2,9.193224907E0,9.194093058E0
1.979909651E1,1.770688742E-1,-2.632105052E-1,1.075813103E1,1.076280709E1
1.980147203E1,-2.632105052E-1,5.264209956E-2,8.853444099E0,8.857512257E0
1.980384755E1,-9.332008362E-1,-1.818545163E-1,1.090170002E1,1.094307992E1
1.980622307E1,1.387837172E0,-4.785645306E-1,9.164510727E0,9.281345424E0
1.980859859E1,-9.140582681E-1,-7.178468257E-2,1.075334454E1,1.079236185E1
1.981097411E1,7.178468108E-1,-2.057827413E-1,9.193224907E0,9.223504473E0
1.981334963E1,-1.856830359E0,1.196411327E-1,1.048534870E1,1.064916290E1
1.981572515E1,2.277967215E0,-9.140582681E-1,9.729216576E0,1.003405662E1
1.981810067E1,-1.660618901E0,4.211367965E-1,1.031785107E1,1.045911382E1
1.982047620E1,1.263410330E0,-6.029912829E-1,9.729216576E0,9.829418056E0
1.982285172E1,-2.225325108E0,4.402793646E-1,1.000678444E1,1.026068480E1
1.982522724E1,2.469393015E0,-1.282552958E0,1.010249710E1,1.047870658E1
1.982760276E1,-2.139183521E0,1.004985452E0,9.877572060E0,1.015640348E1
1.982997823E1,1.674975872E0,-1.095912814E0,1.004985523E1,1.024725130E1
1.983235380E1,-2.268395901E0,6.747759581E-1,9.614361763E0,9.901358223E0
1.983472932E1,2.239681959E0,-1.512263894E0,1.028913784E1,1.063811425E1
1.983710484E1,-2.215753794E0,1.325623751E0,9.676574707E0,1.001513561E1
1.983948036E1,2.043470621E0,-1.292124271E0,1.031785107E1,1.059733023E1
1.984185588E1,-2.239681959E0,8.231309652E-1,9.260223389E0,9.562711805E0
1.984423140E1,1.808973908E0,-1.277767301E0,1.049013424E1,1.072138015E1
1.984660692E1,-1.789831281E0,8.662018180E-1,9.609575272E0,9.813141113E0
1.984898244E1,2.076970100E0,-1.076770186E0,1.055234814E1,1.080857484E1
1.985135791E1,-2.038684845E0,8.135597110E-1,9.140582085E0,9.400444465E0
1.985373349E1,1.220339537E0,-9.092726111E-1,1.061934662E1,1.072783892E1
1.985610901E1,-8.949156404E-1,2.679961324E-1,9.451649666E0,9.497703793E0
1.985848453E1,1.473978758E0,-7.513462901E-1,1.052841949E1,1.065761473E1
1.986086005E1,-1.483550072E0,6.221339107E-1,9.221938133E0,9.361202612E0
1.986323557E1,4.929214716E-1,-6.843472719E-1,1.035135078E1,1.038565192E1
1.986561109E1,9.571290575E-3,9.571290575E-3,9.604789734E0,9.604799272E0
1.986798661E1,7.130611539E-1,-4.737788737E-1,1.043270683E1,1.046777409E1
1.987036208E1,-6.077769399E-1,2.679961324E-1,9.154939651E0,9.179005107E0
1.987273760E1,-3.493520916E-1,-2.536391914E-1,1.034177971E1,1.035078679E1
1.987511312E1,9.332008362E-1,-3.780659735E-1,9.370293617E0,9.424234725E0
1.987748864E1,-1.818545163E-1,-4.307080805E-2,1.068156052E1,1.068319527E1
1.987986416E1,3.302095234E-1,-1.339980662E-1,9.040083885E0,9.047105087E0
1.988223968E1,-1.138983607E0,3.828516230E-2,1.042792130E1,1.049000915E1
1.988461521E1,1.713261008E0,-6.699903607E-1,9.346364975E0,9.525685729E0
1.988699073E1,-8.853443861E-1,3.637090325E-1,1.075334454E1,1.079585743E1
1.988936625E1,1.024128079E0,-4.737788737E-1,9.236295700E0,9.304969801E0
1.989174177E1,-1.674975872E0,2.440679073E-1,1.015035343E1,1.029051933E1
1.989411729E1,2.057827473E0,-8.853443861E-1,9.528220177E0,9.788026784E0
1.989649281E1,-1.387837172E0,6.843472719E-1,1.045663452E1,1.057050750E1
1.989886833E1,1.488335729E0,-7.896314859E-1,9.772287369E0,9.916464165E0
1.990124385E1,-1.952543259E0,5.024927258E-1,9.834501266E0,1.003904075E1
1.990361937E1,2.000399828E0,-9.906286001E-1,9.662218094E0,9.916723400E0
1.990599489E1,-1.923829436E0,8.183453679E-1,1.016471100E1,1.037748325E1
1.990837041E1,2.153540373E0,-1.110269666E0,1.020778179E1,1.049138904E1
1.991074593E1,-2.321038008E0,7.322037220E-1,9.446864128E0,9.755336057E0
1.991312146E1,1.770688772E0,-1.205982566E0,1.010728264E1,1.033183890E1
1.991549698E1,-2.139183521E0,8.949156404E-1,9.700503349E0,9.973802954E0
1.991787250E1,2.593819857E0,-1.478764415E0,1.056191921E1,1.097582722E1
1.992024802E1,-2.517249346E0,1.009771109E0,9.317651749E0,9.704370978E0
1.992262354E1,1.617548108E0,-1.349551916E0,1.021735287E1,1.043226015E1
1.992499906E1,-2.019542217E0,8.997012973E-1,9.619147301E0,9.869954812E0
1.992737458E1,2.498106956E0,-1.617548108E0,1.048534870E1,1.089952006E1
1.992975005E1,-2.373680115E0,1.172483087E0,9.561718941E0,9.921468791E0
1.993212562E1,1.531406522E0,-1.430907965E0,1.013599682E1,1.035041714E1
1.993450114E1,-1.804188251E0,7.369893789E-1,9.556933403E0,9.753626231E0
1.993687666E1,2.120040894E0,-1.416550994E0,1.071506023E1,1.101425013E1
1.993925218E1,-1.962114573E0,8.997012973E-1,9.504291534E0,9.746328211E0
1.994162771E1,1.196411371E0,-1.177268744E0,1.018385315E1,1.032125122E1
1.994400323E1,-1.210768223E0,5.216353536E-1,9.705288887E0,9.794421653E0
1.994637875E1,1.579262972E0,-1.028913736E0,1.061456108E1,1.078061417E1
1.994875427E1,-1.450050473E0,4.737788737E-1,9.293723106E0,9.418089083E0
1.995112979E1,8.901300430E-1,-8.422735929E-1,1.040399265E1,1.047591616E1
1.995350531E1,-6.699903607E-1,2.967100143E-1,9.619147301E0,9.647016052E0
1.995588083E1,9.379864931E-1,-6.795616150E-1,1.071506023E1,1.077748294E1
1.995825635E1,-7.274180651E-1,7.657032460E-2,9.001798630E0,9.031466029E0
1.996063187E1,5.024927258E-1,-5.886343718E-1,1.053320503E1,1.056160014E1
1.996300739E1,-2.057827413E-1,1.004985496E-1,9.528220177E0,9.530971946E0
1.996538291E1,3.254238665E-1,-4.977070987E-1,1.071027374E1,1.072676916E1
1.996775843E1,6.699903309E-2,-2.297109663E-1,9.078369141E0,9.081522023E0
1.997013396E1,5.742774159E-2,-2.297109663E-1,1.050449181E1,1.050716009E1
1.997250948E1,3.014956415E-1,-2.105683982E-1,9.284152031E0,9.291432484E0
1.997488500E1,-2.392822653E-1,-2.249253243E-1,1.077248764E1,1.077749216E1
1.997726052E1,9.044869542E-1,-4.211367965E-1,9.336793900E0,9.389950648E0
1.997963604E1,-3.349951804E-1,0.000000000E0,1.052363396E1,1.052896450E1
1.998201156E1,6.508477330E-1,-3.302095234E-1,9.083154678E0,9.112427778E0
1.998438708E1,-9.284151793E-1,-4.307080805E-2,1.077727318E1,1.081727447E1
1.998676260E1,1.655833244E0,-5.838487148E-1,9.475577354E0,9.636868229E0
1.998913812E1,-8.279166222E-1,2.009970993E-1,1.037527943E1,1.041020024E1
1.999151364E1,1.014556766E0,-5.742774606E-1,9.317651749E0,9.390301068E0
1.999388916E1,-1.440479279E0,2.057827413E-1,1.053320503E1,1.063323729E1
1.999626468E1,2.210968018E0,-9.810572863E-1,9.719645500E0,1.001610511E1
1.999864020E1,-1.244267821E0,4.163511395E-1,1.030827999E1,1.039144778E1
2.000101573E1,1.258624673E0,-7.322037220E-1,9.571290970E0,9.681418759E0
2.000339125E1,-1.708475351E0,4.067798555E-1,1.020778179E1,1.035775878E1
2.000576677E1,2.373680115E0,-1.210768223E0,1.000199890E1,1.035085982E1
2.000814224E1,-1.641476393E0,6.460621357E-1,9.963713646E0,1.011866743E1
2.001051781E1,1.406979680E0,-9.284151793E-1,9.915857315E0,1.005811975E1
2.001289333E1,-1.741974831E0,4.929214716E-1,9.868000984E0,1.003269113E1
2.001526885E1,2.182254314E0,-1.435693622E0,1.012642574E1,1.045791320E1
2.001764437E1,-1.885544300E0,1.057627559E0,9.796216011E0,1.003193409E1
2.002001989E1,1.627119422E0,-1.272981644E0,1.015035343E1,1.035845909E1
2.002239541E1,-1.899901152E0,6.939185858E-1,9.676574707E0,9.885709153E0
2.002477093E1,2.024327993E0,-1.617548108E0,1.008335495E1,1.041097559E1
2.002714646E1,-1.981257200E0,1.201196909E0,9.858428955E0,1.012703686E1
2.002952198E1,1.909472466E0,-1.440479279E0,1.030349445E1,1.057747908E1
2.003189750E1,-2.129612207E0,7.417750359E-1,9.576076508E0,9.838024173E0
2.003427302E1,1.842473388E0,-1.545763373E0,1.012164021E1,1.040344621E1
2.003664854E1,-2.005185366E0,1.119840980E0,9.954142570E0,1.021566280E1
2.003902406E1,2.201396942E0,-1.426122308E0,1.026042366E1,1.059038559E1
2.004139958E1,-2.354537487E0,8.374879360E-1,9.389435768E0,9.716312925E0
2.004377510E1,1.756331801E0,-1.406979680E0,1.024606609E1,1.049028901E1
2.004615062E1,-1.880758643E0,8.709874153E-1,9.877572060E0,1.009268557E1
2.004852614E1,2.459821701E0,-1.406979680E0,1.027478027E1,1.065839689E1
2.005090166E1,-2.459821701E0,9.858429432E-1,9.509077072E0,9.871431298E0
2.005327718E1,1.837687731E0,-1.330409408E0,1.007378292E1,1.032609257E1
2.005565270E1,-1.703689694E0,7.274180651E-1,9.891928673E0,1.006389331E1
2.005802823E1,2.469393015E0,-1.454836130E0,1.019342422E1,1.058868960E1
2.006040375E1,-2.239681959E0,1.134197950E0,9.676574707E0,9.996933446E0
2.006277927E1,1.765903115E0,-1.421336651E0,1.005942631E1,1.031167636E1
2.006515479E1,-1.421336651E0,7.752745152E-1,9.820143700E0,9.952711727E0
2.006753031E1,2.388036966E0,-1.397408366E0,1.034177971E1,1.070550691E1
2.006990583E1,-1.928615093E0,1.019342422E0,9.681360245E0,9.924079370E0
2.007228135E1,1.607976794E0,-1.292124271E0,9.958928108E0,1.017032072E1
2.007465687E1,-1.172483087E0,6.412764788E-1,9.805787086E0,9.896434332E0
2.007703239E1,2.234896421E0,-1.215553880E0,1.038485050E1,1.069193403E1
2.007940791E1,-1.679761529E0,8.614161611E-1,9.662218094E0,9.844901985E0
2.008178343E1,1.588834286E0,-1.119840980E0,9.901499748E0,1.009049729E1
2.008415896E1,-1.028913736E0,4.785645306E-1,9.839286804E0,9.904506666E0
2.008653448E1,1.909472466E0,-9.906286001E-1,1.046142101E1,1.068029774E1
2.008891000E1,-1.402194023E0,5.455635786E-1,9.552147865E0,9.669918125E0
2.009128552E1,1.459621787E0,-9.619147182E-1,1.009771156E1,1.024790488E1
2.009366104E1,-1.052842021E0,4.785645306E-1,9.743574142E0,9.811969089E0
2.009603651E1,1.670190215E0,-8.614161611E-1,1.048534870E1,1.065242275E1
2.009841203E1,-1.244267821E0,3.254238665E-1,9.504291534E0,9.590915529E0
2.010078755E1,1.349551916E0,-8.997012973E-1,1.020299530E1,1.033111155E1
2.010316312E1,-1.182054400E0,4.833501875E-1,9.767501831E0,9.850633078E0
2.010553859E1,1.378265858E0,-8.662018180E-1,1.046620655E1,1.059204428E1
2.010791411E1,-1.162911773E0,2.584248483E-1,9.533005714E0,9.607150730E0
2.011028963E1,1.201196909E0,-9.092726111E-1,1.013121128E1,1.024261162E1
2.011266515E1,-1.359123230E0,5.551348329E-1,9.848857880E0,9.957680060E0
2.011504067E1,1.076770186E0,-9.332008362E-1,1.021256733E1,1.031149016E1
2.011741620E1,-1.057627559E0,1.627119333E-1,9.595218658E0,9.654702084E0
2.011979172E1,1.220339537E0,-7.034898400E-1,1.030349445E1,1.039933289E1
2.012216724E1,-1.555334687E0,3.637090325E-1,9.681360245E0,9.812241662E0
2.012454276E1,8.183453679E-1,-7.178468108E-1,1.033220863E1,1.038939500E1
2.012691828E1,-9.044869542E-1,-1.196411327E-1,9.422935486E0,9.467001839E0
2.012929380E1,1.182054400E0,-4.163511395E-1,1.054756260E1,1.062175492E1
2.013166927E1,-1.689332843E0,9.571290575E-3,9.236295700E0,9.389520505E0
2.013404484E1,6.843472719E-1,-3.828516304E-1,1.070070267E1,1.072939626E1
2.013642036E1,-6.987041831E-1,-3.254238665E-1,9.293723106E0,9.325630135E0
2.013879588E1,1.024128079E0,-3.206382394E-1,1.068156052E1,1.073533336E1
2.014117140E1,-1.545763373E0,2.871387079E-2,9.174081802E0,9.303439461E0
2.014354692E1,5.647061467E-1,-3.541377485E-1,1.057149029E1,1.059248382E1
2.014592244E1,-3.972085714E-1,-4.833501875E-1,9.442078590E0,9.462782369E0
2.014829796E1,9.714859724E-1,-2.392822653E-1,1.078684425E1,1.083314589E1
2.015067349E1,-1.402194023E0,6.221338734E-2,9.068798065E0,9.176770507E0
2.015304901E1,5.359922647E-1,-3.014956415E-1,1.058106136E1,1.059891725E1
2.015542453E1,-2.153540403E-1,-4.498506486E-1,9.394221306E0,9.407451138E0
2.015780005E1,8.757730722E-1,-1.722832322E-1,1.078684425E1,1.082370865E1
2.016017557E1,-1.076770186E0,-9.571290575E-3,9.121439934E0,9.184780461E0
2.016255109E1,4.019941986E-1,-2.392822653E-1,1.044227791E1,1.045275195E1
2.016492661E1,-9.092725813E-2,-4.833501875E-1,9.346364975E0,9.359296630E0
2.016730213E1,7.992027402E-1,-3.349951655E-2,1.096869946E1,1.099782774E1
2.016967765E1,-8.327022791E-1,-1.435693651E-1,8.906085968E0,8.946081406E0
2.017205317E1,3.397808075E-1,-2.727817893E-1,1.052363396E1,1.053265079E1
2.017442870E1,2.392822690E-2,-3.924229145E-1,9.341579437E0,9.349848912E0
2.017680422E1,7.704889178E-1,9.571290761E-2,1.096391296E1,1.099136941E1
2.017917974E1,-6.317051649E-1,-2.871387303E-1,8.882157326E0,8.909221000E0
2.018155526E1,3.302095234E-1,-1.579262912E-1,1.049491978E1,1.050130088E1
2.018393078E1,0.000000000E0,-3.589234054E-1,9.245866776E0,9.252830834E0
2.018630630E1,6.508477330E-1,1.100698411E-1,1.101655579E1,1.103631367E1
2.018868182E1,-4.977070987E-1,-2.440679073E-1,8.848658562E0,8.866004728E0
2.019105734E1,3.589234054E-1,-1.004985496E-1,1.046620655E1,1.047284133E1
2.019343286E1,-2.153540403E-1,-1.483550072E-1,9.303294182E0,9.306968852E0
2.019580838E1,6.460621357E-1,-3.349951655E-2,1.090648556E1,1.092565539E1
2.019818390E1,-4.307080805E-1,-2.536391914E-1,8.896514893E0,8.910545411E0
2.020055942E1,4.833501875E-1,-1.866401732E-1,1.047577763E1,1.048858326E1
2.020293495E1,-4.689932466E-1,1.004985496E-1,9.513862610E0,9.525945433E0
2.020531046E1,5.407779217E-1,-2.440679073E-1,1.049491978E1,1.051167689E1
2.020768599E1,-3.637090325E-1,-2.249253243E-1,9.212367058E0,9.222287269E0
2.021006151E1,6.604190469E-1,-1.770688742E-1,1.029870892E1,1.032138130E1
2.021243703E1,-8.662018180E-1,1.818545163E-1,9.533005714E0,9.574005150E0
2.021481255E1,5.359922647E-1,-2.440679073E-1,1.052363396E1,1.054010097E1
2.021718807E1,-4.498506486E-1,-1.962114573E-1,9.131011009E0,9.144190866E0
2.021956359E1,7.657032609E-1,-1.914258115E-2,1.056191921E1,1.058965558E1
2.022193911E1,-1.134197950E0,-3.349951655E-2,9.164510727E0,9.234488837E0
2.022431463E1,4.402793646E-1,-1.435693651E-1,1.075334454E1,1.076331161E1
2.022669015E1,-4.067798555E-1,-3.302095234E-1,9.131011009E0,9.146030299E0
2.022906567E1,8.231309652E-1,-8.135596663E-2,1.064806080E1,1.068013868E1
2.023144120E1,-1.339980721E0,7.657032460E-2,9.116654396E0,9.214922611E0
2.023381672E1,4.450650215E-1,-1.866401732E-1,1.061934662E1,1.063030762E1
2.023619218E1,-4.402793646E-1,-3.445664644E-1,9.255437851E0,9.272308331E0
2.023856776E1,8.422735929E-1,-1.722832322E-1,1.055713367E1,1.059208090E1
2.024094328E1,-1.459621787E0,1.770688742E-1,9.432506561E0,9.546414467E0
2.024331880E1,5.216353536E-1,-3.780659735E-1,1.027956581E1,1.029973352E1
2.024569432E1,-5.407779217E-1,-2.488535494E-1,9.801001549E0,9.819063102E0
2.024806984E1,1.076770186E0,-3.014956415E-1,1.034177971E1,1.040205466E1
2.025044536E1,-1.689332843E0,2.632105052E-1,9.475577354E0,9.628587198E0
2.025282088E1,7.130611539E-1,-5.407779217E-1,1.015035343E1,1.018972874E1
2.025519640E1,-6.987041831E-1,-6.699903309E-2,9.877572060E0,9.902479800E0
2.025757192E1,1.191625714E0,-5.742774606E-1,1.021735287E1,1.030262423E1
2.025994744E1,-1.665404558E0,5.024927258E-1,9.863214493E0,1.001544165E1
2.026232297E1,9.523434043E-1,-8.805587292E-1,9.805787086E0,9.891198210E0
2.026469849E1,-1.062413216E0,2.536391914E-1,1.004028416E1,1.009952279E1
2.026707401E1,1.584048629E0,-7.800601721E-1,1.025563812E1,1.040652763E1
2.026944953E1,-1.823330879E0,5.934200287E-1,9.801001549E0,9.986807006E0
2.027182505E1,1.220339537E0,-9.906286001E-1,9.762716293E0,9.888437846E0
2.027420057E1,-1.277767301E0,4.259224236E-1,1.002114105E1,1.011124954E1
2.027657609E1,1.799402595E0,-9.140582681E-1,1.030349445E1,1.049930237E1
2.027895161E1,-1.895115495E0,6.460621357E-1,9.690931320E0,9.895605533E0
2.028132713E1,1.550549030E0,-1.119840980E0,9.853643417E0,1.003755621E1
2.028370265E1,-1.665404558E0,7.274180651E-1,9.968499184E0,1.013280244E1
2.028607817E1,1.904686809E0,-1.225125194E0,1.022692394E1,1.047467121E1
2.028845370E1,-1.942971945E0,8.039883971E-1,9.820143700E0,1.004274662E1
2.029082922E1,1.804188251E0,-1.320838094E0,9.729216576E0,9.982853484E0
2.029320474E1,-1.981257200E0,1.043270707E0,1.002114105E1,1.026825505E1
2.029558026E1,2.009970903E0,-1.502692580E0,1.017428207E1,1.047922152E1
2.029795578E1,-1.919043779E0,1.191625714E0,9.767501831E0,1.002530762E1
2.030033130E1,2.062613010E0,-1.497906923E0,9.844072342E0,1.016876875E1
2.030270677E1,-2.110469580E0,1.158126116E0,9.877572060E0,1.016669896E1
2.030508234E1,1.828116536E0,-1.617548108E0,1.006421185E1,1.035600464E1
2.030745786E1,-1.799402595E0,1.316052437E0,9.930213928E0,1.017737650E1
2.030983338E1,2.043470621E0,-1.502692580E0,9.930213928E0,1.024904902E1
2.031220890E1,-1.923829436E0,1.043270707E0,9.920642853E0,1.015916769E1
2.031458442E1,1.526620865E0,-1.521835208E0,9.853643417E0,1.008666656E1
2.031695994E1,-1.526620865E0,1.244267821E0,1.021256733E1,1.040073580E1
2.031933546E1,1.741974831E0,-1.406979680E0,9.939785004E0,1.018888581E1
2.032171099E1,-1.598405480E0,8.997012973E-1,9.987641335E0,1.015467094E1
2.032408651E1,1.105484009E0,-1.349551916E0,9.489934921E0,9.648950724E0
2.032646203E1,-1.100698471E0,1.158126116E0,1.053320503E1,1.065369426E1
2.032883755E1,1.406979680E0,-1.292124271E0,9.657432556E0,9.844550804E0
2.033121307E1,-1.402194023E0,7.944171429E-1,1.004028416E1,1.016880291E1
2.033358859E1,9.619147182E-1,-1.134197950E0,9.375079155E0,9.492301832E0
2.033596411E1,-9.619147182E-1,8.805587292E-1,1.058106136E1,1.066112204E1
2.033833963E1,1.153340459E0,-1.143769264E0,9.561718941E0,9.698704627E0
2.034071515E1,-1.038485050E0,6.317051649E-1,1.007856941E1,1.015160401E1
2.034309067E1,7.896314859E-1,-9.284151793E-1,9.317651749E0,9.397026484E0
2.034546620E1,-9.188438654E-1,6.556333899E-1,1.058106136E1,1.064109904E1
2.034784172E1,1.215553880E0,-1.014556766E0,9.552147865E0,9.682480339E0
2.035021724E1,-7.082754970E-1,4.067798555E-1,1.014556789E1,1.017839240E1
2.035259276E1,5.407779217E-1,-7.704889178E-1,9.284152031E0,9.331750793E0
2.035496828E1,-5.886343718E-1,3.397808075E-1,1.047577763E1,1.049780255E1
2.035734380E1,9.714859724E-1,-8.279166222E-1,9.791430473E0,9.874276766E0
2.035971932E1,-3.493520916E-1,3.684946895E-1,1.013121128E1,1.014392810E1
2.036209484E1,2.679961324E-1,-6.412764788E-1,9.370293617E0,9.396034266E0
2.036447036E1,-3.110669553E-1,1.579262912E-1,1.038963604E1,1.039549135E1
2.036684588E1,7.465606928E-1,-6.460621357E-1,9.824930191E0,9.874411497E0
2.036922140E1,0.000000000E0,1.962114573E-1,1.022692394E1,1.022880600E1
2.037159692E1,-2.871387079E-2,-5.168496966E-1,9.279366493E0,9.293793661E0
2.037397244E1,-1.052841991E-1,9.571290761E-2,1.045663452E1,1.045760256E1
2.037634796E1,5.934200287E-1,-6.364908218E-1,9.556933403E0,9.596470391E0
2.037872349E1,3.254238665E-1,1.674975902E-1,1.037049294E1,1.037694945E1
2.038109901E1,-4.594219327E-1,-3.014956415E-1,9.312865257E0,9.329063588E0
2.038347453E1,5.742774159E-2,-4.785645287E-3,1.035613632E1,1.035629665E1
2.038585005E1,4.402793646E-1,-7.178468108E-1,9.370293617E0,9.408057846E0
2.038822557E1,4.929214716E-1,1.579262912E-1,1.060499001E1,1.061761392E1
2.039060109E1,-6.891329288E-1,-2.632105052E-1,9.183652878E0,9.213233099E0
2.039297661E1,1.579262912E-1,-4.785645381E-2,1.042792130E1,1.042922689E1
2.039535213E1,1.483550072E-1,-7.609176040E-1,9.336793900E0,9.368923371E0
2.039772765E1,7.034898400E-1,1.052841991E-1,1.089691448E1,1.092010659E1
2.040010317E1,-9.571290612E-1,-2.679961324E-1,9.150154114E0,9.203979480E0
2.040247870E1,4.067798555E-1,-1.818545163E-1,1.038963604E1,1.039918641E1
2.040485422E1,-2.249253243E-1,-7.226324677E-1,9.346364975E0,9.376957253E0
2.040722974E1,8.518448472E-1,8.135596663E-2,1.100219822E1,1.103542587E1
2.040960526E1,-1.134197950E0,-3.254238665E-1,9.078369141E0,9.154730577E0
2.041198078E1,6.364908218E-1,-2.249253243E-1,1.041835022E1,1.044019795E1
2.041435630E1,-5.934200287E-1,-5.838487148E-1,9.327222824E0,9.364299881E0
2.041673182E1,1.014556766E0,1.100698411E-1,1.118405342E1,1.123051609E1
2.041910734E1,-1.244267821E0,-3.062812984E-1,8.930013657E0,9.021482946E0
2.042148286E1,8.327022791E-1,-5.024927258E-1,1.031306553E1,1.035882294E1
2.042385838E1,-8.997012973E-1,-9.092725813E-2,9.714859962E0,9.756855758E0
2.042623390E1,1.244267821E0,-3.014956415E-1,1.080598736E1,1.088156537E1
2.042860942E1,-1.392622828E0,-2.249253243E-1,9.217152596E0,9.324478093E0
2.043098495E1,1.158126116E0,-6.221339107E-1,1.019820976E1,1.028259642E1
2.043336046E1,-1.272981644E0,2.679961324E-1,9.834501266E0,9.920167305E0
2.043573599E1,1.339980721E0,-6.699903607E-1,1.053799057E1,1.064395043E1
2.043811151E1,-1.330409408E0,-1.435693540E-2,9.403793335E0,9.497448310E0
2.044048703E1,1.478764415E0,-7.896314859E-1,1.013121128E1,1.026896802E1
2.044286255E1,-1.670190215E0,5.742774606E-1,9.868000984E0,1.002480790E1
2.044523807E1,1.502692580E0,-1.067198873E0,1.026042366E1,1.042464830E1
2.044761359E1,-1.344766378E0,4.067798555E-1,9.786644936E0,9.886975552E0
2.044998911E1,1.823330879E0,-1.019342422E0,1.004028416E1,1.025528646E1
2.045236463E1,-2.005185366E0,7.130611539E-1,9.729216576E0,9.959261003E0
2.045474015E1,1.617548108E0,-1.162911773E0,1.013599682E1,1.032992048E1
2.045711567E1,-1.296909928E0,4.642075896E-1,9.934999466E0,1.003003881E1
2.045949120E1,1.971685886E0,-1.033699393E0,1.000678444E1,1.025142987E1
2.046186672E1,-2.110469580E0,7.944171429E-1,9.734002113E0,9.991795514E0
2.046424224E1,1.732403636E0,-1.153340459E0,1.000678444E1,1.022091735E1
2.046661776E1,-1.325623751E0,3.972085714E-1,1.004028416E1,1.013520394E1
2.046899328E1,2.139183521E0,-1.009771109E0,1.002592659E1,1.030121099E1
2.047136880E1,-2.182254314E0,7.322037220E-1,9.877572060E0,1.014222786E1
2.047374432E1,1.775474429E0,-9.188438654E-1,9.968499184E0,1.016698379E1
2.047611984E1,-1.478764415E0,1.722832322E-1,9.997213364E0,1.010745768E1
2.047849536E1,2.158325911E0,-9.284151793E-1,1.010249710E1,1.037211517E1
2.048087088E1,-2.148754835E0,6.269195080E-1,1.001635551E1,1.026340846E1
2.048324640E1,1.751546144E0,-1.004985452E0,9.714859962E0,9.922520534E0
2.048562192E1,-1.545763373E0,2.823530734E-1,1.024128056E1,1.036112615E1
2.048799744E1,2.201396942E0,-1.043270707E0,9.939785004E0,1.023395760E1
2.049037297E1,-2.139183521E0,6.364908218E-1,9.901499748E0,1.014992236E1
2.049274849E1,1.708475351E0,-1.052842021E0,9.710074425E0,9.915286667E0
2.049512401E1,-1.560120344E0,4.594219327E-1,1.023170948E1,1.036016037E1
2.049749953E1,2.167897224E0,-1.220339537E0,9.834501266E0,1.014428027E1
2.049987505E1,-2.091326952E0,8.183453679E-1,1.003549862E1,1.028370410E1
2.050225057E1,1.694118381E0,-1.210768223E0,9.523433685E0,9.748424792E0
2.050462609E1,-1.732403636E0,6.460621357E-1,1.012642574E1,1.029383879E1
2.050700161E1,2.196611166E0,-1.397408366E0,9.968499184E0,1.030285527E1
2.050937713E1,-1.962114573E0,9.140582681E-1,9.982855797E0,1.021483265E1
2.051175265E1,1.665404558E0,-1.268195987E0,9.652647018E0,9.877018167E0
2.051412817E1,-1.780260086E0,7.896314859E-1,1.006421185E1,1.025091235E1
2.051650370E1,2.244467735E0,-1.378265858E0,1.017906761E1,1.051430785E1
2.051887922E1,-1.852044702E0,8.853443861E-1,9.824930191E0,1.003708910E1
2.052125474E1,1.598405480E0,-1.124626637E0,9.786644936E0,9.979884982E0
2.052363026E1,-1.785045743E0,7.944171429E-1,9.906285286E0,1.009712707E1
2.052600578E1,2.158325911E0,-1.411765337E0,1.016471100E1,1.048679178E1
2.052838130E1,-1.718046665E0,9.427721500E-1,9.872786522E0,1.006540697E1
2.053075682E1,1.665404558E0,-1.100698471E0,9.834501266E0,1.003506475E1
2.053313234E1,-1.689332843E0,7.465606928E-1,9.786644936E0,9.959398447E0
2.053550786E1,2.033899307E0,-1.296909928E0,1.019342422E1,1.047495199E1
2.053788338E1,-1.665404558E0,9.667003751E-1,9.805787086E0,9.993074719E0
2.054025890E1,1.670190215E0,-1.081555843E0,1.001156998E1,1.020739104E1
2.054263442E1,-1.531406522E0,6.843472719E-1,9.767501831E0,9.910480773E0
2.054500994E1,1.828116536E0,-1.296909928E0,9.906285286E0,1.015669600E1
2.054738546E1,-1.550549030E0,1.177268744E0,1.004028416E1,1.022729045E1
2.054976099E1,1.660618901E0,-1.239482164E0,9.963713646E0,1.017691313E1
2.055213651E1,-1.430907965E0,7.130611539E-1,9.930213928E0,1.005808642E1
2.055451203E1,1.684547186E0,-1.354337573E0,9.561718941E0,9.802979067E0
2.055688755E1,-1.373480201E0,1.071984529E0,1.030827999E1,1.045448397E1
2.055926307E1,1.627119422E0,-1.191625714E0,1.003071213E1,1.023145519E1
2.056163859E1,-1.450050473E0,6.987041831E-1,9.944570541E0,1.007399212E1
2.056401411E1,1.593619823E0,-1.263410330E0,9.576076508E0,9.789641009E0
2.056638963E1,-1.320838094E0,1.019342422E0,1.020778179E1,1.034323360E1
2.056876515E1,1.651047587E0,-1.162911773E0,1.005464077E1,1.025544358E1
2.057114067E1,-1.459621787E0,6.508477330E-1,9.930213928E0,1.005799419E1
2.057351620E1,1.430907965E0,-1.143769264E0,9.580862045E0,9.754415578E0
2.057589172E1,-1.344766378E0,8.422735929E-1,1.027478027E1,1.039658266E1
2.057826724E1,1.737189293E0,-1.201196909E0,1.003549862E1,1.025533681E1
2.058064276E1,-1.574477315E0,6.460621357E-1,9.772287369E0,9.919373746E0
2.058301828E1,1.339980721E0,-1.038485050E0,9.877572060E0,1.002199727E1
2.058539380E1,-1.488335729E0,5.934200287E-1,1.007856941E1,1.020513851E1
2.058776932E1,1.842473388E0,-1.143769264E0,1.021256733E1,1.044028006E1
2.059014484E1,-1.722832322E0,6.699903607E-1,9.801001549E0,9.973799158E0
2.059252036E1,1.282552958E0,-9.523434043E-1,9.681360245E0,9.812269678E0
2.059489588E1,-1.545763373E0,4.833501875E-1,1.004985523E1,1.017951875E1
2.059727140E1,1.938186288E0,-1.105484009E0,1.030349445E1,1.054232702E1
2.059964692E1,-1.718046665E0,6.269195080E-1,9.801001549E0,9.970172705E0
2.060202245E1,1.268195987E0,-9.427721500E-1,9.743574142E0,9.870885343E0
2.060439796E1,-1.540977836E0,3.924229145E-1,9.968499184E0,1.009453240E1
2.060677349E1,1.871187329E0,-1.105484009E0,1.031306553E1,1.053958052E1
2.060914901E1,-1.727617979E0,6.604190469E-1,9.810572624E0,9.983393832E0
2.061152453E1,1.253839016E0,-9.140582681E-1,9.801001549E0,9.923066369E0
2.061390005E1,-1.598405480E0,4.594219327E-1,9.858428955E0,9.997729245E0
2.061627557E1,1.828116536E0,-1.038485050E0,1.029870892E1,1.051113061E1
2.061865109E1,-1.521835208E0,5.503492355E-1,9.757930756E0,9.891212227E0
2.062102661E1,1.158126116E0,-8.327022791E-1,9.896714211E0,9.998980015E0
2.062340208E1,-1.703689694E0,6.269195080E-1,9.614361763E0,9.784249524E0
2.062577765E1,1.799402595E0,-1.134197950E0,1.034177971E1,1.055825091E1
2.062815317E1,-1.598405480E0,7.226324677E-1,9.609575272E0,9.768369089E0
2.063052870E1,1.272981644E0,-8.662018180E-1,1.004985523E1,1.016712241E1
2.063290422E1,-1.655833244E0,5.694918036E-1,9.542576790E0,9.701900661E0
2.063527974E1,1.651047587E0,-1.052842021E0,1.024606609E1,1.043150540E1
2.063765526E1,-1.526620865E0,7.896314859E-1,9.762716293E0,9.912856227E0
2.064003078E1,1.464407444E0,-9.092726111E-1,1.003549862E1,1.018246033E1
2.064240630E1,-1.713261008E0,6.269195080E-1,9.523433685E0,9.696601493E0
2.064478182E1,1.665404558E0,-1.071984529E0,1.011206818E1,1.030420526E1
2.064715734E1,-1.497906923E0,7.848458290E-1,9.987641335E0,1.012979208E1
2.064953286E1,1.684547186E0,-9.284151793E-1,1.007378292E1,1.025576698E1
2.065190838E1,-1.651047587E0,4.594219327E-1,9.791430473E0,9.940278535E0
2.065428390E1,1.517049551E0,-9.667003751E-1,9.748359680E0,9.912944336E0
2.065665942E1,-1.517049551E0,8.662018180E-1,1.016949654E1,1.031844973E1
2.065903495E1,1.741974831E0,-1.043270707E0,1.004985523E1,1.025292545E1
2.066141047E1,-1.751546144E0,4.977070987E-1,9.690931320E0,9.860516016E0
2.066378599E1,1.512263894E0,-9.858429432E-1,9.887143135E0,1.005059340E1
2.066616151E1,-1.521835208E0,6.891329288E-1,1.004028416E1,1.017831973E1
2.066853703E1,1.852044702E0,-1.062413216E0,1.018863869E1,1.040995436E1
2.067091255E1,-1.837687731E0,5.982056856E-1,9.643074989E0,9.834827985E0
2.067328807E1,1.478764415E0,-9.332008362E-1,9.968499184E0,1.012070076E1
2.067566359E1,-1.741974831E0,4.689932466E-1,9.863214493E0,1.002683555E1
2.067803911E1,2.172683001E0,-1.024128079E0,1.046142101E1,1.073362564E1
2.068041463E1,-2.134397745E0,5.359922647E-1,9.499505997E0,9.751079716E0
2.068279015E1,1.512263894E0,-8.949156404E-1,1.002592659E1,1.017875337E1
2.068516567E1,-1.871187329E0,4.498506486E-1,9.767501831E0,9.955290033E0
2.068754120E1,2.244467735E0,-1.014556766E0,1.051406288E1,1.079872581E1
2.068991672E1,-2.254039049E0,4.929214716E-1,9.494720459E0,9.771048061E0
2.069229224E1,1.526620865E0,-8.422735929E-1,1.013599682E1,1.028486400E1
2.069466776E1,-1.966900229E0,4.785645306E-1,9.772287369E0,9.979745535E0
2.069704328E1,2.239681959E0,-1.086341500E0,1.047099209E1,1.076280579E1
2.069941880E1,-2.344966173E0,6.652047038E-1,9.566504478E0,9.872151315E0
2.070179432E1,1.660618901E0,-8.662018180E-1,1.005464077E1,1.022759804E1
2.070416984E1,-2.105684042E0,5.168496966E-1,9.600004196E0,9.841804685E0
2.070654536E1,2.234896421E0,-1.095912814E0,1.057627583E1,1.086523802E1
2.070892088E1,-2.306680918E0,7.944171429E-1,9.528220177E0,9.835591248E0
2.071129640E1,1.785045743E0,-9.523434043E-1,1.002114105E1,1.022333675E1
2.071367192E1,-2.316252232E0,6.412764788E-1,9.528220177E0,9.826659639E0
2.071604744E1,2.306680918E0,-1.067198873E0,1.061934662E1,1.091925881E1
2.071842297E1,-2.153540373E0,7.417750359E-1,9.442078590E0,9.712919975E0
2.072079849E1,1.856830359E0,-8.183453679E-1,1.015513897E1,1.035588507E1
2.072317396E1,-2.254039049E0,7.752745152E-1,9.509077072E0,9.803279521E0
2.072554953E1,2.287538528E0,-1.043270707E0,1.041835022E1,1.071742822E1
2.072792505E1,-2.096112728E0,7.369893789E-1,9.446864128E0,9.704642382E0
2.073030057E1,2.053041935E0,-9.332008362E-1,1.026042366E1,1.050533858E1
2.073267609E1,-2.249253273E0,8.614161611E-1,9.346364975E0,9.651720900E0
2.073505161E1,2.148754835E0,-1.076770186E0,1.039920712E1,1.067333547E1
2.073742713E1,-1.866401672E0,7.226324677E-1,9.451649666E0,9.661228405E0
2.073980265E1,2.187039852E0,-1.033699393E0,1.036092186E1,1.063956670E1
2.074217817E1,-2.244467735E0,9.954141974E-1,9.389435768E0,9.705152698E0
2.074455370E1,2.067398787E0,-1.019342422E0,1.043270683E1,1.068431414E1
2.074692922E1,-1.660618901E0,5.264210105E-1,9.336793900E0,9.497920538E0
2.074930474E1,2.330609322E0,-9.379864931E-1,1.053320503E1,1.082866412E1
2.075168026E1,-2.263610125E0,8.183453679E-1,9.466006279E0,9.767235781E0
2.075405578E1,1.861616015E0,-8.039883971E-1,1.033699417E1,1.053401443E1
2.075643130E1,-1.416550994E0,1.818545163E-1,9.446864128E0,9.554210048E0
2.075880682E1,2.349751949E0,-6.317051649E-1,1.048056316E1,1.075930248E1
2.076118234E1,-2.397608280E0,5.312066078E-1,9.183652878E0,9.506323480E0
2.076355786E1,1.804188251E0,-6.652047038E-1,1.056191921E1,1.073553585E1
2.076593338E1,-1.430907965E0,3.828516230E-2,9.231510162E0,9.341827617E0
2.076830890E1,2.234896421E0,-6.029912829E-1,1.066241741E1,1.091079766E1
2.077068442E1,-2.330609322E0,4.929214716E-1,9.212367058E0,9.515377985E0
2.077305994E1,1.569691658E0,-6.795616150E-1,1.039920712E1,1.053893944E1
2.077543546E1,-1.339980721E0,-1.914258115E-2,9.403793335E0,9.498802233E0
2.077781099E1,2.019542217E0,-5.503492355E-1,1.070548820E1,1.090820392E1
2.078018651E1,-2.191825628E0,4.067798555E-1,9.159725189E0,9.427095787E0
2.078256203E1,1.383051515E0,-5.982056856E-1,1.038006496E1,1.048887173E1
2.078493755E1,-1.316052437E0,-5.742774159E-2,9.399007797E0,9.490871379E0
2.078731307E1,1.746760488E0,-5.359922647E-1,1.067198944E1,1.082727198E1
2.078968859E1,-2.000399828E0,2.536391914E-1,9.288937569E0,9.505277138E0
2.079206411E1,1.249053478E0,-4.307080805E-1,1.049970531E1,1.058250706E1
2.079443963E1,-1.325623751E0,-2.153540403E-1,9.159725189E0,9.257657438E0
2.079681515E1,1.493121386E0,-4.354937077E-1,1.080120182E1,1.091260863E1
2.079919067E1,-1.727617979E0,1.674975902E-1,9.193224907E0,9.355645542E0
2.080156620E1,1.143769264E0,-3.780659735E-1,1.048534870E1,1.055432041E1
2.080394172E1,-1.234696507E0,-2.297109663E-1,9.226723671E0,9.311802849E0
2.080631724E1,1.234696507E0,-3.397808075E-1,1.082034397E1,1.089586023E1
2.080869276E1,-1.411765337E0,9.571290575E-3,9.317651749E0,9.424001649E0
2.081106828E1,1.009771109E0,-3.780659735E-1,1.028913784E1,1.034547868E1
2.081344380E1,-1.143769264E0,-1.339980662E-1,9.298508644E0,9.369547834E0
2.081581932E1,1.062413216E0,-3.541377485E-1,1.080120182E1,1.085910200E1
2.081819484E1,-8.853443861E-1,-1.339980662E-1,9.418149948E0,9.460620414E0
2.082057036E1,9.188438654E-1,-3.254238665E-1,1.027956581E1,1.032567906E1
2.082294588E1,-9.762716293E-1,-1.483550072E-1,9.379864693E0,9.431700650E0
2.082532140E1,8.183453679E-1,-3.254238665E-1,1.060020447E1,1.063672528E1
2.082769692E1,-4.354937077E-1,-1.866401732E-1,9.657432556E0,9.669048190E0
2.083007245E1,9.714859724E-1,-2.727817893E-1,1.029870892E1,1.034802398E1
2.083244796E1,-9.044869542E-1,-1.100698411E-1,9.288937569E0,9.333518799E0
2.083482349E1,6.843472719E-1,-3.637090325E-1,1.041835022E1,1.044713534E1
2.083719901E1,4.785645381E-2,-3.110669553E-1,9.920642853E0,9.925633859E0
2.083957453E1,7.944171429E-1,-1.435693651E-1,1.000678444E1,1.003929507E1
2.084195005E1,-6.077769399E-1,-2.488535494E-1,9.638289452E0,9.660638926E0
2.084432557E1,4.833501875E-1,-1.339980662E-1,1.017906761E1,1.019141797E1
2.084670109E1,4.067798555E-1,-5.312066078E-1,9.934999466E0,9.957502935E0
2.084907661E1,5.982056856E-1,-1.914258115E-2,1.016949654E1,1.018709361E1
2.085145213E1,-3.062812984E-1,-3.158525825E-1,9.609575272E0,9.619641781E0
2.085382760E1,2.632105052E-1,-1.531406492E-1,1.027478027E1,1.027929188E1
2.085620317E1,6.508477330E-1,-7.082754970E-1,9.863214493E0,9.910007925E0
2.085857870E1,3.541377485E-1,4.785645381E-2,1.017428207E1,1.018055595E1
2.086095422E1,-1.531406492E-1,-3.684946895E-1,9.824930191E0,9.833030746E0
2.086332974E1,-1.052841991E-1,1.435693540E-2,9.954142570E0,9.954709699E0
2.086570526E1,8.422735929E-1,-7.704889178E-1,1.002592659E1,1.009070275E1
2.086808078E1,1.387837082E-1,3.349951655E-2,1.007856941E1,1.007958057E1
2.087045630E1,0.000000000E0,-3.397808075E-1,9.911071777E0,9.916894412E0
2.087283182E1,-3.541377485E-1,3.828516230E-2,9.820143700E0,9.826601731E0
2.087520734E1,7.752745152E-1,-8.039883971E-1,9.963713646E0,1.002611777E1
2.087758286E1,-2.584248483E-1,1.962114573E-1,1.015513897E1,1.016032134E1
2.087995838E1,1.866401732E-1,-6.077769399E-1,9.887143135E0,9.907564117E0
2.088233385E1,-6.699903607E-1,1.866401732E-1,9.801001549E0,9.825647714E0
2.088470942E1,8.039883971E-1,-9.188438654E-1,9.887143135E0,9.962242256E0
2.088708494E1,-6.221339107E-1,3.302095234E-1,1.028435135E1,1.030844176E1
2.088946047E1,4.402793646E-1,-7.704889178E-1,9.877572060E0,9.917354934E0
2.089183599E1,-9.954141974E-1,2.297109663E-1,9.877572060E0,9.930259128E0
2.089421151E1,7.704889178E-1,-9.954141974E-1,9.805787086E0,9.886251210E0
2.089658703E1,-9.714859724E-1,2.871387303E-1,1.035613632E1,1.040556549E1
2.089896255E1,7.800601721E-1,-8.518448472E-1,9.987641335E0,1.005420872E1
2.090133807E1,-1.205982566E0,3.493520916E-1,9.801001549E0,9.881096710E0
2.090371359E1,7.561319470E-1,-9.332008362E-1,9.743574142E0,9.817323280E0
2.090608911E1,-1.134197950E0,2.967100143E-1,1.034656525E1,1.041277361E1
2.090846463E1,1.148554921E0,-9.140582681E-1,1.004506969E1,1.015175384E1
2.091084015E1,-1.416550994E0,4.115654826E-1,9.757930756E0,9.868800104E0
2.091321567E1,8.949156404E-1,-9.667003751E-1,9.805787086E0,9.893879118E0
2.091559120E1,-1.392622828E0,2.488535494E-1,1.014556789E1,1.024372366E1
2.091796672E1,1.593619823E0,-9.284151793E-1,1.036092186E1,1.052379592E1
2.092034218E1,-1.464407444E0,3.732803464E-1,9.667003632E0,9.784415496E0
2.092271776E1,1.043270707E0,-8.949156404E-1,9.772287369E0,9.868479528E0
2.092509328E1,-1.411765337E0,2.632105052E-1,1.016471100E1,1.026565686E1
2.092746880E1,1.890329838E0,-8.949156404E-1,1.034177971E1,1.055114347E1
2.092984432E1,-1.502692580E0,2.775674164E-1,9.743574142E0,9.862675384E0
2.093221984E1,1.229910851E0,-8.614161611E-1,9.757930756E0,9.872787404E0
2.093459536E1,-1.493121386E0,3.349951804E-1,1.010249710E1,1.021773365E1
2.093697088E1,2.163111687E0,-1.014556766E0,1.028913784E1,1.056289426E1
2.093934640E1,-1.560120344E0,4.977070987E-1,9.743574142E0,9.880228991E0
2.094172192E1,1.469193101E0,-8.709874153E-1,9.791430473E0,9.939278553E0
2.094409739E1,-1.526620865E0,5.120640397E-1,9.973284721E0,1.010243480E1
2.094647296E1,2.234896421E0,-1.167697430E0,1.021256733E1,1.051925904E1
2.094884849E1,-1.540977836E0,6.747759581E-1,9.738788605E0,9.883012636E0
2.095122396E1,1.713261008E0,-8.997012973E-1,9.848857880E0,1.003716729E1
2.095359953E1,-1.641476393E0,5.790630579E-1,9.839286804E0,9.992063030E0
2.095597505E1,2.364108801E0,-1.134197950E0,1.031785107E1,1.064581918E1
2.095835057E1,-1.540977836E0,5.790630579E-1,9.681360245E0,9.820318880E0
2.096072609E1,1.928615093E0,-8.853443861E-1,1.006899738E1,1.029019432E1
2.096310161E1,-1.775474429E0,6.269195080E-1,9.695717812E0,9.876855846E0
2.096547713E1,2.239681959E0,-1.158126116E0,1.021256733E1,1.051921874E1
2.096785265E1,-1.526620865E0,6.556333899E-1,9.786644936E0,9.926673436E0
2.097022817E1,1.962114573E0,-1.009771109E0,1.015513897E1,1.039213062E1
2.097260370E1,-1.986042738E0,7.752745152E-1,9.600004196E0,9.833895306E0
2.097497922E1,2.167897224E0,-1.158126116E0,1.022692394E1,1.051812758E1
2.097735474E1,-1.607976794E0,6.939185858E-1,9.590433121E0,9.749026609E0
2.097973026E1,2.014756680E0,-1.076770186E0,1.033220863E1,1.058173964E1
2.098210578E1,-1.947757602E0,8.949156404E-1,9.600004196E0,9.836397422E0
2.098448130E1,1.856830359E0,-1.129412293E0,1.002114105E1,1.025410450E1
2.098685682E1,-1.531406522E0,5.982056856E-1,9.729216576E0,9.867153143E0
2.098923234E1,2.163111687E0,-1.028913736E0,1.026042366E1,1.053631859E1
2.099160786E1,-2.191825628E0,8.853443861E-1,9.633503914E0,9.919290898E0
2.099398338E1,1.828116536E0,-1.000199914E0,9.978070259E0,1.019334567E1
2.099635890E1,-1.631905079E0,5.120640397E-1,9.786644936E0,9.934975735E0
2.099873442E1,2.292324066E0,-9.619147182E-1,1.028913784E1,1.058519660E1
2.100110994E1,-2.306680918E0,7.896314859E-1,9.561718941E0,9.867662532E0
2.100348546E1,1.770688772E0,-9.044869542E-1,1.008814049E1,1.028221833E1
2.100586099E1,-1.703689694E0,3.445664644E-1,9.556933403E0,9.713715082E0
2.100823651E1,2.388036966E0,-8.709874153E-1,1.058106136E1,1.088210454E1
2.101061203E1,-2.440679073E0,6.029912829E-1,9.284152031E0,9.618523367E0
2.101298755E1,1.732403636E0,-8.231309652E-1,1.015035343E1,1.032997782E1
2.101536307E1,-1.727617979E0,3.637090325E-1,9.518648148E0,9.680992237E0
2.101773859E1,2.440679073E0,-8.518448472E-1,1.070548820E1,1.101317537E1
2.102011411E1,-2.383251429E0,5.551348329E-1,9.255437851E0,9.573462898E0
2.102248963E1,1.631905079E0,-7.896314859E-1,1.024128056E1,1.040050285E1
2.102486515E1,-1.708475351E0,2.679961324E-1,9.480362892E0,9.636803958E0
2.102724067E1,2.273181438E0,-9.379864931E-1,1.066241741E1,1.094231774E1
2.102961620E1,-2.282752752E0,6.556333899E-1,9.533005714E0,9.824409052E0
2.103199172E1,1.708475351E0,-8.757730722E-1,1.007856941E1,1.025979668E1
2.103436724E1,-1.952543259E0,4.067798555E-1,9.633503914E0,9.837799179E0
2.103674276E1,2.249253273E0,-9.714859724E-1,1.051884842E1,1.080042117E1
2.103911828E1,-2.249253273E0,5.599204898E-1,9.509077072E0,9.787502133E0
2.104149380E1,1.775474429E0,-7.944171429E-1,1.024128056E1,1.042435780E1
2.104386932E1,-2.177468538E0,3.684946895E-1,9.389435768E0,9.645655064E0
2.104624484E1,2.196611166E0,-8.901300430E-1,1.075334454E1,1.101144181E1
2.104862036E1,-2.163111687E0,4.402793646E-1,9.188439369E0,9.449884451E0
2.105099588E1,1.856830359E0,-7.848458290E-1,1.038006496E1,1.057400353E1
2.105337140E1,-2.163111687E0,4.259224236E-1,9.303294182E0,9.560948944E0
2.105574692E1,2.139183521E0,-9.284151793E-1,1.078205872E1,1.103135762E1
2.105812245E1,-2.043470621E0,4.833501875E-1,9.250652313E0,9.485987972E0
2.106049796E1,1.861616015E0,-8.901300430E-1,1.038485050E1,1.058787352E1
2.106287349E1,-2.225325108E0,6.077769399E-1,9.470791817E0,9.747684970E0
2.106524901E1,2.014756680E0,-9.379864931E-1,1.053320503E1,1.076510434E1
2.106762453E1,-1.823330879E0,5.024927258E-1,9.379864693E0,9.568641287E0
2.107000000E1,1.995614052E0,-9.092726111E-1,1.036570740E1,1.059514710E1
2.107237557E1,-2.258824587E0,6.604190469E-1,9.332008362E0,9.624179025E0
2.107475109E1,1.861616015E0,-9.140582681E-1,1.053320503E1,1.073543315E1
2.107712661E1,-1.574477315E0,4.259224236E-1,9.451649666E0,9.591353926E0
2.107950213E1,1.971685886E0,-8.374879360E-1,1.035135078E1,1.057068561E1
2.108187765E1,-2.282752752E0,7.082754970E-1,9.403793335E0,9.702780189E0
2.108425317E1,1.732403636E0,-8.853443861E-1,1.045663452E1,1.063608305E1
2.108662870E1,-1.411765337E0,2.871387303E-1,9.523433685E0,9.631786915E0
2.108900422E1,2.048256159E0,-7.896314859E-1,1.034177971E1,1.057219366E1
2.109137974E1,-2.378465652E0,6.652047038E-1,9.336793900E0,9.657914707E0
2.109375531E1,1.713261008E0,-7.322037220E-1,1.061934662E1,1.078155407E1
2.109613083E1,-1.488335729E0,1.387837082E-1,9.250652313E0,9.370644182E0
2.109850635E1,2.201396942E0,-6.604190469E-1,1.053799057E1,1.078571032E1
2.110088182E1,-2.445464849E0,6.699903607E-1,9.288937569E0,9.628787388E0
2.110325739E1,1.665404558E0,-7.178468108E-1,1.049013424E1,1.064574059E1
2.110563291E1,-1.502692580E0,1.531406492E-1,9.221938133E0,9.344821025E0
2.110800843E1,2.158325911E0,-6.508477330E-1,1.069591713E1,1.093090192E1
2.111038390E1,-2.426322222E0,5.790630579E-1,9.198010445E0,9.530254440E0
2.111275948E1,1.612762451E0,-7.082754970E-1,1.036570740E1,1.051430201E1
2.111513489E1,-1.488335729E0,1.770688742E-1,9.346364975E0,9.465782317E0
2.111751052E1,1.957328916E0,-6.939185858E-1,1.064806080E1,1.084868002E1
2.111988604E1,-2.258824587E0,5.551348329E-1,9.202795982E0,9.492202963E0
2.112226156E1,1.517049551E0,-6.269195080E-1,1.041356373E1,1.054214290E1
2.112463708E1,-1.502692580E0,1.100698411E-1,9.308079720E0,9.429239016E0
2.112701260E1,1.952543259E0,-5.934200287E-1,1.074377346E1,1.093586945E1
2.112938812E1,-2.076970100E0,4.163511395E-1,9.198010445E0,9.438779011E0
2.113176359E1,1.526620865E0,-5.694918036E-1,1.042792130E1,1.055445094E1
2.113413916E1,-1.674975872E0,1.435693651E-1,9.255437851E0,9.406874409E0
2.113651468E1,1.995614052E0,-6.412764788E-1,1.088255692E1,1.108258796E1
2.113889021E1,-1.942971945E0,4.307080805E-1,9.169296265E0,9.382784417E0
2.114126573E1,1.674975872E0,-5.647061467E-1,1.056670475E1,1.071352820E1
2.114364125E1,-1.832902193E0,1.722832322E-1,9.059226990E0,9.244393199E0
2.114601677E1,1.904686809E0,-6.652047038E-1,1.095434189E1,1.113857870E1
2.114839229E1,-1.737189293E0,3.349951804E-1,9.346364975E0,9.512338653E0
2.115076781E1,1.746760488E0,-6.412764788E-1,1.038963604E1,1.055494883E1
2.115314333E1,-1.885544300E0,2.727817893E-1,9.217152596E0,9.411991775E0
2.115551885E1,1.804188251E0,-7.465606928E-1,1.086341476E1,1.103749195E1
2.115789437E1,-1.560120344E0,3.445664644E-1,9.427721024E0,9.562145431E0
2.116026989E1,1.785045743E0,-6.939185858E-1,1.038963604E1,1.056467928E1
2.116264541E1,-2.000399828E0,3.828516304E-1,9.288937569E0,9.509602305E0
2.116502093E1,1.684547186E0,-7.704889178E-1,1.081555843E1,1.097304227E1
2.116739646E1,-1.344766378E0,2.727817893E-1,9.355937004E0,9.456022617E0
2.116977198E1,1.756331801E0,-6.891329288E-1,1.046142101E1,1.063018980E1
2.117214750E1,-2.000399828E0,4.307080805E-1,9.298508644E0,9.520996373E0
2.117452302E1,1.536192179E0,-7.752745152E-1,1.064806080E1,1.078620117E1
2.117689854E1,-1.162911773E0,1.292124242E-1,9.513862610E0,9.585543355E0
2.117927406E1,1.780260086E0,-7.130611539E-1,1.039442158E1,1.056985251E1
2.118164958E1,-2.143969059E0,4.737788737E-1,9.312865257E0,9.568204066E0
2.118402510E1,1.469193101E0,-6.556333899E-1,1.065284634E1,1.077364927E1
2.118640062E1,-1.124626637E0,-5.742774159E-2,9.427721024E0,9.494735737E0
2.118877614E1,1.794616938E0,-4.594219327E-1,1.048056316E1,1.064302225E1
2.119115166E1,-2.067398787E0,3.637090325E-1,9.427721024E0,9.658589219E0
2.119352718E1,1.363908887E0,-5.886343718E-1,1.035135078E1,1.045739934E1
2.119590270E1,-1.100698471E0,-1.435693540E-2,9.561718941E0,9.624874667E0
2.119827823E1,1.899901152E0,-5.790630579E-1,1.044706345E1,1.063419358E1
2.120065375E1,-2.196611166E0,4.642075896E-1,9.332008362E0,9.598279500E0
2.120302927E1,1.459621787E0,-5.838487148E-1,1.039442158E1,1.051262931E1
2.120540479E1,-1.148554921E0,-4.785645287E-3,9.332008362E0,9.402424229E0
2.120778031E1,1.832902193E0,-5.503492355E-1,1.066720295E1,1.083751048E1
2.121015583E1,-2.053041935E0,4.402793646E-1,9.097511292E0,9.336677075E0
2.121253135E1,1.454836130E0,-5.120640397E-1,1.047099209E1,1.058397057E1
2.121490687E1,-1.244267821E0,-1.435693540E-2,9.245866776E0,9.329226172E0
2.121728239E1,1.813759565E0,-4.402793646E-1,1.085384369E1,1.101315089E1
2.121965791E1,-1.890329838E0,3.254238665E-1,9.126225471E0,9.325622711E0
2.122203343E1,1.387837172E0,-4.450650215E-1,1.040399265E1,1.050558128E1
2.122440896E1,-1.277767301E0,-4.785645381E-2,9.198010445E0,9.286461956E0
2.122678448E1,1.818545222E0,-4.019941986E-1,1.088734341E1,1.104549467E1
2.122916000E1,-1.799402595E0,2.727817893E-1,9.164510727E0,9.343474539E0
2.123153552E1,1.550549030E0,-4.546363056E-1,1.042792130E1,1.055236651E1
2.123391104E1,-1.540977836E0,6.221338734E-2,9.116654396E0,9.246181405E0
2.123628656E1,1.823330879E0,-4.546363056E-1,1.086341476E1,1.102474535E1
2.123866208E1,-1.617548108E0,1.914258152E-1,9.293723106E0,9.435379955E0
2.124103760E1,1.631905079E0,-4.833501875E-1,1.039920712E1,1.053756377E1
2.124341312E1,-1.713261008E0,1.148554832E-1,9.150154114E0,9.309875153E0
2.124578864E1,1.718046665E0,-6.412764788E-1,1.073898792E1,1.089443810E1
2.124816416E1,-1.497906923E0,2.249253243E-1,9.437292099E0,9.558075053E0
2.125053968E1,1.703689694E0,-6.173482537E-1,1.028913784E1,1.044748941E1
2.125291520E1,-1.828116536E0,2.153540403E-1,9.178867340E0,9.361623421E0
2.125529073E1,1.641476393E0,-6.843472719E-1,1.084427261E1,1.098913211E1
2.125766625E1,-1.330409408E0,1.483550072E-1,9.413364410E0,9.508071725E0
2.126004172E1,1.727617979E0,-6.795616150E-1,1.032742214E1,1.049295554E1
2.126241729E1,-2.005185366E0,2.536391914E-1,9.250652313E0,9.468878994E0
2.126479281E1,1.598405480E0,-7.848458290E-1,1.072463131E1,1.087145803E1
2.126716833E1,-1.225125194E0,1.004985496E-1,9.470791817E0,9.550231899E0
2.126954385E1,1.708475351E0,-7.944171429E-1,1.035613632E1,1.052613634E1
2.127191937E1,-2.177468538E0,3.828516304E-1,9.284152031E0,9.543763594E0
2.127429489E1,1.430907965E0,-7.752745152E-1,1.063848972E1,1.076224938E1
2.127667041E1,-1.138983607E0,-4.307080805E-2,9.494720459E0,9.562889487E0
2.127904593E1,1.837687731E0,-7.082754970E-1,1.039442158E1,1.057935491E1
2.128142146E1,-2.325823545E0,3.972085714E-1,9.432506561E0,9.723137860E0
2.128379698E1,1.593619823E0,-7.561319470E-1,1.056670475E1,1.071291785E1
2.128617250E1,-1.301695466E0,-1.387837082E-1,9.461220741E0,9.551354350E0
2.128854797E1,2.019542217E0,-6.987041831E-1,1.038963604E1,1.060713323E1
2.129092354E1,-2.392822742E0,4.594219327E-1,9.580862045E0,9.885827569E0
2.129329906E1,1.718046665E0,-7.609176040E-1,1.042792130E1,1.059585874E1
2.129567458E1,-1.373480201E0,-3.349951655E-2,9.451649666E0,9.550981703E0
2.129805010E1,2.177468538E0,-7.369893789E-1,1.066241741E1,1.090741343E1
2.130042562E1,-2.301895380E0,4.785645306E-1,9.312865257E0,9.605061460E0
2.130280114E1,1.689332843E0,-7.513462901E-1,1.050927734E1,1.067067369E1
2.130517661E1,-1.416550994E0,3.828516230E-2,9.255437851E0,9.363290676E0
2.130755218E1,2.177468538E0,-7.274180651E-1,1.082512951E1,1.106589062E1
2.130992770E1,-2.014756680E0,3.732803464E-1,9.236295700E0,9.460853077E0
2.131230328E1,1.674975872E0,-6.317051649E-1,1.049970531E1,1.065121623E1
2.131467875E1,-1.493121386E0,-1.435693540E-2,9.221938133E0,9.342042631E0
2.131705432E1,2.220539331E0,-6.269195080E-1,1.104048347E1,1.127901141E1
2.131942979E1,-1.938186288E0,2.584248483E-1,9.116654396E0,9.323987176E0
2.132180531E1,1.942971945E0,-5.982056856E-1,1.059541893E1,1.078869280E1
2.132418088E1,-1.765903115E0,1.052841991E-1,9.131011009E0,9.300798924E0
2.132655640E1,2.254039049E0,-7.034898400E-1,1.107876873E1,1.132760816E1
2.132893192E1,-1.770688772E0,2.871387303E-1,9.087940216E0,9.263284771E0
2.133130744E1,1.895115495E0,-6.317051649E-1,1.050927734E1,1.069744944E1
2.133368296E1,-1.861616015E0,2.249253243E-1,9.188439369E0,9.377826168E0
2.133605849E1,2.301895380E0,-7.513462901E-1,1.109312534E1,1.135432400E1
2.133843401E1,-1.828116536E0,2.871387303E-1,9.078369141E0,9.265055044E0
2.134080953E1,1.990828395E0,-6.987041831E-1,1.060977554E1,1.081752848E1
2.134318505E1,-2.014756680E0,2.919243574E-1,9.111868858E0,9.336520680E0
2.134556057E1,2.129612207E0,-8.231309652E-1,1.100219822E1,1.123659906E1
2.134793609E1,-1.722832322E0,2.536391914E-1,9.183652878E0,9.347297162E0
2.135031161E1,2.048256159E0,-8.231309652E-1,1.045184898E1,1.068241757E1
2.135268708E1,-2.201396942E0,4.402793646E-1,9.178867340E0,9.449423266E0
2.135506265E1,2.009970903E0,-8.566305041E-1,1.082512951E1,1.104342464E1
2.135743817E1,-1.665404558E0,2.871387303E-1,9.265008926E0,9.417877224E0
2.135981370E1,2.038684845E0,-8.709874153E-1,1.045663452E1,1.068906266E1
2.136218922E1,-2.311466694E0,4.977070987E-1,9.198010445E0,9.497051478E0
2.136456474E1,1.837687731E0,-8.470591903E-1,1.078684425E1,1.097499952E1
2.136694026E1,-1.579262972E0,1.962114573E-1,9.207581520E0,9.344095886E0
2.136931578E1,2.072184324E0,-8.470591903E-1,1.054756260E1,1.078251056E1
2.137169130E1,-2.411965132E0,4.977070987E-1,9.250652313E0,9.572870853E0
2.137406682E1,1.718046665E0,-7.322037220E-1,1.071506023E1,1.087659517E1
2.137644234E1,-1.502692580E0,-4.785645287E-3,9.178867340E0,9.301059807E0
2.137881786E1,2.206182480E0,-7.561319470E-1,1.067677498E1,1.092851777E1
2.138119338E1,-2.569891453E0,5.455635786E-1,9.188439369E0,9.556641656E0
2.138356885E1,1.775474429E0,-7.657032609E-1,1.065284634E1,1.082689919E1
2.138594442E1,-1.617548108E0,4.307080805E-2,9.111868858E0,9.254429808E0
2.138831995E1,2.277967215E0,-6.604190469E-1,1.079162979E1,1.104918827E1
2.139069546E1,-2.545963287E0,4.689932466E-1,9.044869423E0,9.408057536E0
2.139307099E1,1.847259045E0,-6.604190469E-1,1.060020447E1,1.078020659E1
2.139544651E1,-1.665404558E0,0.000000000E0,9.121439934E0,9.272229441E0
2.139782203E1,2.230110645E0,-6.747759581E-1,1.088255692E1,1.112918510E1
2.140019755E1,-2.411965132E0,4.881358147E-1,8.997013092E0,9.327491461E0
2.140257302E1,1.842473388E0,-6.269195080E-1,1.060499001E1,1.078209392E1
2.140494859E1,-1.607976794E0,1.914258115E-2,9.078369141E0,9.219693165E0
2.140732411E1,2.230110645E0,-6.029912829E-1,1.091127110E1,1.115315332E1
2.140969963E1,-2.124826431E0,4.163511395E-1,9.102297783E0,9.356284549E0
2.141207515E1,1.890329838E0,-5.790630579E-1,1.049970531E1,1.068421605E1
2.141445067E1,-1.674975872E0,6.221338734E-2,9.207581520E0,9.358898019E0
2.141682620E1,2.297109842E0,-5.934200287E-1,1.098305607E1,1.123638650E1
2.141920172E1,-1.981257200E0,3.158525825E-1,8.973084450E0,9.194639063E0
2.142157724E1,2.009970903E0,-4.929214716E-1,1.076291656E1,1.096007881E1
2.142395276E1,-1.765903115E0,1.435693651E-1,8.939585686E0,9.113463568E0
2.142632828E1,2.440679073E0,-6.987041831E-1,1.109312534E1,1.137991792E1
2.142870380E1,-1.856830359E0,3.493520916E-1,9.068798065E0,9.263528713E0
2.143107932E1,2.096112728E0,-5.934200287E-1,1.058106136E1,1.080299475E1
2.143345484E1,-1.823330879E0,2.823530734E-1,9.030512810E0,9.217072223E0
2.143583036E1,2.311466694E0,-7.130611539E-1,1.106441212E1,1.132574722E1
2.143820588E1,-1.727617979E0,3.397808075E-1,9.092725754E0,9.261629258E0
2.144058140E1,2.177468538E0,-7.178468108E-1,1.049013424E1,1.073776465E1
2.144295692E1,-2.053041935E0,4.259224236E-1,9.140582085E0,9.377986561E0
2.144533245E1,2.129612207E0,-7.130611539E-1,1.098784161E1,1.121500635E1
2.144770797E1,-1.574477315E0,3.302095234E-1,9.269794464E0,9.408353020E0
2.145008349E1,2.177468538E0,-7.609176040E-1,1.039442158E1,1.064727030E1
2.145245901E1,-2.206182480E0,5.647061467E-1,9.159725189E0,9.438575089E0
2.145483453E1,1.938186288E0,-7.561319470E-1,1.088255692E1,1.107963657E1
2.145721005E1,-1.435693622E0,2.823530734E-1,9.221938133E0,9.337295238E0
2.145958557E1,2.076970100E0,-7.704889178E-1,1.047577763E1,1.070744483E1
2.146196109E1,-2.349751949E0,6.173482537E-1,9.288937569E0,9.601396474E0
2.146433661E1,1.775474429E0,-7.465606928E-1,1.060020447E1,1.077376429E1
2.146671213E1,-1.545763373E0,1.387837082E-1,9.360722542E0,9.488507355E0
2.146908765E1,2.182254314E0,-6.891329288E-1,1.062413216E1,1.086781129E1
2.147146317E1,-2.589034081E0,5.599204898E-1,9.154939651E0,9.530452688E0
2.147383870E1,1.684547186E0,-6.412764788E-1,1.070548820E1,1.085616933E1
2.147621422E1,-1.631905079E0,1.435693540E-2,9.221938133E0,9.365226278E0
2.147858974E1,2.143969059E0,-6.317051649E-1,1.071506023E1,1.094569187E1
2.148096531E1,-2.684746981E0,5.072783828E-1,9.226723671E0,9.622766100E0
2.148334078E1,1.651047587E0,-6.891329288E-1,1.058106136E1,1.073124978E1
2.148571635E1,-1.756331801E0,3.349951655E-2,9.212367058E0,9.378354356E0
2.148809187E1,2.225325108E0,-6.412764788E-1,1.093519974E1,1.117774130E1
2.149046739E1,-2.622533560E0,4.498506486E-1,8.997013092E0,9.382232808E0
2.149284291E1,1.694118381E0,-6.364908218E-1,1.068634605E1,1.083850311E1
2.149521843E1,-1.761117458E0,2.392822690E-2,9.131011009E0,9.299326283E0
2.149759396E1,2.096112728E0,-6.460621357E-1,1.091127110E1,1.112955173E1
2.149996948E1,-2.421536446E0,4.881358147E-1,9.097511292E0,9.426920336E0
2.150234500E1,1.737189293E0,-5.551348329E-1,1.065284634E1,1.080782755E1
2.150472052E1,-1.842473388E0,0.000000000E0,8.968298912E0,9.155604489E0
2.150709604E1,2.148754835E0,-5.551348329E-1,1.108355427E1,1.130356126E1
2.150947156E1,-2.201396942E0,3.637090325E-1,8.934800148E0,9.209184896E0
2.151184708E1,1.823330879E0,-4.833501875E-1,1.061934662E1,1.078557766E1
2.151422260E1,-1.947757602E0,9.092725813E-2,9.025727272E0,9.233947164E0
2.151659812E1,2.297109842E0,-5.455635786E-1,1.111226845E1,1.136031968E1
2.151897364E1,-2.053041935E0,3.158525825E-1,8.934800148E0,9.173080057E0
2.152134916E1,1.904686809E0,-5.216353536E-1,1.059063339E1,1.077318202E1
2.152372468E1,-1.971685886E0,2.823530734E-1,9.020941734E0,9.238217267E0
2.152610021E1,2.234896421E0,-6.747759581E-1,1.101655579E1,1.126119825E1
2.152847573E1,-1.899901152E0,4.689932466E-1,8.973084450E0,9.183998236E0
2.153085125E1,2.048256159E0,-6.125625968E-1,1.050927734E1,1.072452780E1
2.153322677E1,-1.966900229E0,4.019941986E-1,9.020941734E0,9.241627866E0
2.153560229E1,2.148754835E0,-6.412764788E-1,1.096869946E1,1.119556835E1
2.153797781E1,-1.646261930E0,3.684946895E-1,9.121439934E0,9.276132445E0
2.154035333E1,2.167897224E0,-7.274180651E-1,1.034177971E1,1.059156848E1
2.154272885E1,-2.110469580E0,5.599204898E-1,9.121439934E0,9.379139580E0
2.154510437E1,2.086541414E0,-6.843472719E-1,1.083948612E1,1.105967656E1
2.154747989E1,-1.526620865E0,3.206382394E-1,9.073583603E0,9.206698624E0
2.154985541E1,2.143969059E0,-6.317051649E-1,1.058584690E1,1.081923331E1
2.155223093E1,-2.263610125E0,5.168496966E-1,9.092725754E0,9.384493915E0
2.155460646E1,1.947757602E0,-7.034898400E-1,1.077248764E1,1.096973781E1
2.155698198E1,-1.397408366E0,1.674975902E-1,9.274580956E0,9.380759963E0
2.155935750E1,2.153540373E0,-6.269195080E-1,1.052363396E1,1.076000167E1
2.156173302E1,-2.407179594E0,5.072783828E-1,9.073583603E0,9.401157607E0
2.156410854E1,1.852044702E0,-6.508477330E-1,1.077727318E1,1.095460129E1
2.156648406E1,-1.521835208E0,6.221338734E-2,9.202795982E0,9.327985141E0
2.156885958E1,2.210968018E0,-6.747759581E-1,1.062891865E1,1.087739003E1
2.157123505E1,-2.512463808E0,5.838487148E-1,9.274580956E0,9.626588472E0
2.157361062E1,1.756331801E0,-7.274180651E-1,1.059541893E1,1.076460593E1
2.157598614E1,-1.631905079E0,5.742774159E-2,9.221938133E0,9.365391346E0
2.157836166E1,2.153540373E0,-6.699903607E-1,1.074855900E1,1.098262918E1
2.158073718E1,-2.526820660E0,5.120640397E-1,9.169296265E0,9.524863580E0
2.158311270E1,1.593619823E0,-6.939185858E-1,1.051406288E1,1.065676618E1
2.158548823E1,-1.689332843E0,2.871387079E-2,9.198010445E0,9.351901736E0
2.158786375E1,2.009970903E0,-6.699903607E-1,1.080120182E1,1.100703552E1
2.159023927E1,-2.469393015E0,4.498506486E-1,9.198010445E0,9.534341278E0
2.159261479E1,1.579262972E0,-6.652047038E-1,1.053320503E1,1.067169045E1
2.159499031E1,-1.808973908E0,5.742774159E-2,9.178867340E0,9.355602075E0
2.159736583E1,1.890329838E0,-6.891329288E-1,1.090648556E1,1.109052200E1
2.159974135E1,-2.273181438E0,4.737788737E-1,9.131011009E0,9.421633740E0
2.160211687E1,1.531406522E0,-6.077769399E-1,1.055713367E1,1.068492724E1
2.160449239E1,-1.880758643E0,1.435693540E-2,9.202795982E0,9.393024704E0
2.160686791E1,1.890329838E0,-5.934200287E-1,1.097827053E1,1.115562271E1
2.160924343E1,-2.206182480E0,2.967100143E-1,9.083154678E0,9.351950432E0
2.161161896E1,1.665404558E0,-5.407779217E-1,1.061456108E1,1.075801655E1
2.161399448E1,-2.067398787E0,1.914258152E-1,9.064012527E0,9.298768988E0
2.161637005E1,2.033899307E0,-7.513462901E-1,1.111226845E1,1.132182749E1
2.161874557E1,-2.062613010E0,4.450650215E-1,9.083154678E0,9.325028376E0
2.162112104E1,1.651047587E0,-7.609176040E-1,1.039920712E1,1.055691538E1
2.162349656E1,-1.962114573E0,3.684946895E-1,9.303294182E0,9.515091411E0
2.162587213E1,2.009970903E0,-7.896314859E-1,1.104526901E1,1.125439774E1
2.162824765E1,-1.856830359E0,3.397808075E-1,9.073583603E0,9.267857863E0
2.163062317E1,1.794616938E0,-7.513462901E-1,1.056191921E1,1.073961399E1
2.163299870E1,-1.971685886E0,4.546363056E-1,9.250652313E0,9.469361522E0
2.163537422E1,1.885544300E0,-8.327022791E-1,1.098784161E1,1.117950507E1
2.163774974E1,-1.622333765E0,3.302095234E-1,9.255437851E0,9.402347313E0
2.164012526E1,1.919043779E0,-8.757730722E-1,1.040877819E1,1.062037527E1
2.164250078E1,-2.024327993E0,5.599204898E-1,9.389435768E0,9.621482153E0
2.164487630E1,1.828116536E0,-8.039883971E-1,1.078205872E1,1.096545474E1
2.164725182E1,-1.426122308E0,2.344966233E-1,9.207581520E0,9.320320325E0
2.164962734E1,2.110469580E0,-7.178468108E-1,1.062413216E1,1.085548571E1
2.165200286E1,-2.244467735E0,4.833501875E-1,9.102297783E0,9.387389826E0
2.165437838E1,1.775474429E0,-7.322037220E-1,1.081077290E1,1.098003836E1
2.165675390E1,-1.272981644E0,1.052841991E-1,9.231510162E0,9.319460655E0
2.165912942E1,2.148754835E0,-6.795616150E-1,1.072941685E1,1.096354583E1
2.166150494E1,-2.249253273E0,5.886343718E-1,9.102297783E0,9.394543929E0
2.166388047E1,1.737189293E0,-6.795616150E-1,1.066241741E1,1.082436029E1
2.166625599E1,-1.277767301E0,7.657032460E-2,9.193224907E0,9.281914483E0
2.166863151E1,2.268395901E0,-6.460621357E-1,1.078205872E1,1.103701982E1
2.167100703E1,-2.364108801E0,5.742774606E-1,9.092725754E0,9.412569610E0
2.167338255E1,1.780260086E0,-6.364908218E-1,1.060977554E1,1.077690974E1
2.167575807E1,-1.335195065E0,-1.435693540E-2,9.164510727E0,9.261274688E0
2.167813359E1,2.167897224E0,-5.982056856E-1,1.079641533E1,1.102815544E1
2.168050911E1,-2.249253273E0,5.359922647E-1,9.092725754E0,9.382115413E0
2.168288463E1,1.756331801E0,-6.508477330E-1,1.060977554E1,1.077384060E1
2.168526015E1,-1.392622828E0,0.000000000E0,9.054440498E0,9.160911040E0
2.168763567E1,2.009970903E0,-5.599204898E-1,1.092562866E1,1.112307762E1
2.169001120E1,-2.062613010E0,3.541377485E-1,9.035298347E0,9.274502801E0
2.169238672E1,1.646261930E0,-5.359922647E-1,1.060020447E1,1.074066110E1
2.169476224E1,-1.502692580E0,-6.221338734E-2,9.107083321E0,9.230434557E0
2.169713776E1,1.962114573E0,-5.120640397E-1,1.097827053E1,1.116398347E1
2.169951328E1,-1.966900229E0,2.967100143E-1,8.968298912E0,9.186246171E0
2.170188880E1,1.703689694E0,-4.929214716E-1,1.071984577E1,1.086557056E1
2.170426432E1,-1.679761529E0,-1.435693540E-2,8.944371223E0,9.100746206E0
2.170663984E1,1.890329838E0,-5.072783828E-1,1.113141060E1,1.130216706E1
2.170901536E1,-1.813759565E0,2.967100143E-1,8.968298912E0,9.154678911E0
2.171139088E1,1.607976794E0,-5.503492355E-1,1.061934662E1,1.075448726E1
2.171376640E1,-1.703689694E0,3.828516230E-2,8.953942299E0,9.114664394E0
2.171614192E1,1.837687731E0,-5.168496966E-1,1.122233772E1,1.138354487E1
2.171851744E1,-1.588834286E0,1.531406492E-1,9.025727272E0,9.165784158E0
2.172089296E1,1.531406522E0,-6.556333899E-1,1.040399265E1,1.053651385E1
2.172326849E1,-1.588834286E0,2.009970993E-1,9.221938133E0,9.359964592E0
2.172564401E1,1.689332843E0,-5.742774606E-1,1.093519974E1,1.107981197E1
2.172801953E1,-1.306481123E0,1.004985496E-1,9.255437851E0,9.347733559E0
2.173039505E1,1.617548108E0,-7.226324677E-1,1.029392338E1,1.044526295E1
2.173277057E1,-1.660618901E0,3.254238665E-1,9.446864128E0,9.597228646E0
2.173514609E1,1.641476393E0,-6.317051649E-1,1.080120182E1,1.094346640E1
2.173752161E1,-1.138983607E0,3.349951655E-2,9.312865257E0,9.382316621E0
2.173989713E1,1.746760488E0,-6.029912829E-1,1.046142101E1,1.062337518E1
2.174227270E1,-1.875972986E0,2.584248483E-1,9.025727272E0,9.222245434E0
2.174464823E1,1.497906923E0,-5.934200287E-1,1.094955635E1,1.106745936E1
2.174702375E1,-8.614161611E-1,-1.674975902E-1,9.308079720E0,9.349355128E0
2.174939927E1,1.751546144E0,-5.072783828E-1,1.056670475E1,1.072289581E1
2.175177479E1,-1.928615093E0,2.584248483E-1,9.250652313E0,9.453089855E0
2.175415031E1,1.459621787E0,-6.125625968E-1,1.067198944E1,1.078874818E1
2.175652583E1,-9.044869542E-1,-2.105683982E-1,9.370293617E0,9.416200835E0
2.175890130E1,1.852044702E0,-4.929214716E-1,1.059063339E1,1.076264637E1
2.176127687E1,-1.962114573E0,3.110669553E-1,9.288937569E0,9.499000863E0
2.176365239E1,1.330409408E0,-5.838487148E-1,1.066241741E1,1.076094854E1
2.176602791E1,-8.614161611E-1,-2.823530734E-1,9.236295700E0,9.280674508E0
2.176840343E1,1.694118381E0,-5.120640397E-1,1.078684425E1,1.093106837E1
2.177077896E1,-1.885544300E0,2.105683982E-1,9.183652878E0,9.377584792E0
2.177315448E1,1.282552958E0,-5.359922647E-1,1.057149029E1,1.066248736E1
2.177553000E1,-8.422735929E-1,-3.445664644E-1,9.332008362E0,9.376274896E0
2.177790552E1,1.540977836E0,-4.259224236E-1,1.087298584E1,1.098989735E1
2.178028104E1,-1.727617979E0,1.914258152E-1,9.126225471E0,9.290279817E0
2.178265656E1,1.196411371E0,-4.737788737E-1,1.053320503E1,1.061151614E1
2.178503208E1,-8.901300430E-1,-3.541377485E-1,9.245866776E0,9.295364300E0
2.178740760E1,1.421336651E0,-3.637090325E-1,1.093041420E1,1.102843764E1
2.178978312E1,-1.550549030E0,1.196411327E-1,9.068798065E0,9.201174634E0
2.179215864E1,1.153340459E0,-4.115654826E-1,1.064806080E1,1.071824515E1
2.179453416E1,-9.667003751E-1,-3.972085714E-1,9.044869423E0,9.105050639E0
2.179690968E1,1.325623751E0,-1.914258152E-1,1.110748291E1,1.118794435E1
2.179928520E1,-1.359123230E0,-3.828516230E-2,9.183652878E0,9.283757962E0
2.180166073E1,9.379864931E-1,-3.876372576E-1,1.042792130E1,1.047719542E1
2.180403625E1,-9.284151793E-1,-2.440679073E-1,9.068798065E0,9.119463923E0
2.180641177E1,1.191625714E0,-1.579262912E-1,1.122712421E1,1.129129004E1
2.180878724E1,-1.071984529E0,-1.531406492E-1,9.030512810E0,9.095205578E0
2.181116281E1,9.523434043E-1,-3.732803464E-1,1.040877819E1,1.045891771E1
2.181353833E1,-8.853443861E-1,-1.483550072E-1,9.193224907E0,9.236949068E0
2.181591385E1,1.138983607E0,-2.201396823E-1,1.098305607E1,1.104415075E1
2.181828937E1,-8.805587292E-1,-1.100698411E-1,9.288937569E0,9.331230369E0
2.182066489E1,1.028913736E0,-3.493520916E-1,1.024128056E1,1.029876390E1
2.182304041E1,-1.052842021E0,-4.307080805E-2,9.236295700E0,9.296208349E0
2.182541593E1,1.057627559E0,-2.153540403E-1,1.082991505E1,1.088356620E1
2.182779146E1,-6.987041831E-1,-9.571290761E-2,9.322437286E0,9.349074043E0
2.183016692E1,1.220339537E0,-3.397808075E-1,1.035613632E1,1.043332349E1
2.183254250E1,-1.277767301E0,9.571290575E-3,9.059226990E0,9.148900182E0
2.183491802E1,1.033699393E0,-2.727817893E-1,1.082034397E1,1.087303030E1
2.183729354E1,-5.359922647E-1,-1.339980662E-1,9.360722542E0,9.377012834E0
2.183966906E1,1.306481123E0,-2.967100143E-1,1.052841949E1,1.061331931E1
2.184204458E1,-1.392622828E0,1.148554832E-1,9.054440498E0,9.161631015E0
2.184442010E1,1.076770186E0,-3.110669553E-1,1.076291656E1,1.082111684E1
2.184679562E1,-4.881358147E-1,-2.344966233E-1,9.322437286E0,9.338153040E0
2.184917114E1,1.378265858E0,-3.062812984E-1,1.060499001E1,1.069856243E1
2.185154672E1,-1.526620865E0,2.057827413E-1,9.169296265E0,9.297790694E0
2.185392224E1,1.004985452E0,-3.493520916E-1,1.060977554E1,1.066299112E1
2.185629776E1,-4.881358147E-1,-4.211367965E-1,9.298508644E0,9.320831282E0
2.185867328E1,1.378265858E0,-2.440679073E-1,1.071506023E1,1.080609558E1
2.186104880E1,-1.636690736E0,1.435693651E-1,9.255437851E0,9.400132900E0
2.186342432E1,1.067198873E0,-4.259224236E-1,1.060020447E1,1.066230079E1
2.186579984E1,-6.556333899E-1,-4.163511395E-1,9.260223389E0,9.292735906E0
2.186817536E1,1.368694544E0,-3.541377485E-1,1.074855900E1,1.084113734E1
2.187055088E1,-1.641476393E0,8.135596663E-2,9.174081802E0,9.320130925E0
2.187292640E1,1.009771109E0,-4.163511395E-1,1.056670475E1,1.062300500E1
2.187530192E1,-8.039883971E-1,-5.120640397E-1,9.198010445E0,9.247270033E0
2.187767744E1,1.301695466E0,-2.584248483E-1,1.105962658E1,1.113896470E1
2.188005296E1,-1.545763373E0,9.571290575E-3,9.102297783E0,9.232621564E0
2.188242849E1,9.188438654E-1,-5.024927258E-1,1.048534870E1,1.053751918E1
2.188480401E1,-9.906286001E-1,-3.972085714E-1,9.174081802E0,9.235956723E0
2.188717953E1,1.272981644E0,-2.775674164E-1,1.120798111E1,1.128345543E1
2.188955505E1,-1.545763373E0,-6.221338734E-2,8.992227554E0,9.124330732E0
2.189193057E1,9.379864931E-1,-4.115654826E-1,1.052841949E1,1.057812941E1
2.189430609E1,-1.091127157E0,-2.967100143E-1,9.207581520E0,9.276753352E0
2.189668161E1,1.306481123E0,-2.727817893E-1,1.119362450E1,1.127291143E1
2.189905713E1,-1.497906923E0,0.000000000E0,8.982656479E0,9.106692186E0
2.190143265E1,1.043270707E0,-5.551348329E-1,1.033220863E1,1.039957325E1
2.190380817E1,-1.277767301E0,1.914258115E-2,9.489934921E0,9.575589826E0
2.190618370E1,1.344766378E0,-3.014956415E-1,1.097348499E1,1.105968666E1
2.190855922E1,-1.387837172E0,-3.828516230E-2,9.001798630E0,9.108234535E0
2.191093474E1,1.148554921E0,-6.508477330E-1,1.023649502E1,1.032126986E1
2.191331026E1,-1.406979680E0,2.919243574E-1,9.719645500E0,9.825289833E0
2.191568578E1,1.383051515E0,-5.024927258E-1,1.062413216E1,1.072555428E1
2.191806130E1,-1.354337573E0,7.657032460E-2,9.212367058E0,9.311702319E0
2.192043682E1,1.564906001E0,-6.221339107E-1,1.023170948E1,1.036937126E1
2.192281234E1,-1.737189293E0,4.881358147E-1,9.643074989E0,9.810453530E0
2.192518786E1,1.517049551E0,-5.455635786E-1,1.066241741E1,1.078360904E1
2.192756338E1,-1.258624673E0,1.722832322E-1,9.217152596E0,9.304285010E0
2.192993890E1,1.751546144E0,-6.412764788E-1,1.021256733E1,1.038150668E1
2.193231442E1,-1.871187329E0,5.599204898E-1,9.700503349E0,9.895181565E0
2.193468995E1,1.636690736E0,-5.407779217E-1,1.051406288E1,1.065442235E1
2.193706546E1,-1.306481123E0,1.483550072E-1,9.274580956E0,9.367323739E0
2.193944099E1,1.986042738E0,-5.838487148E-1,1.031785107E1,1.052346405E1
2.194181651E1,-1.971685886E0,5.407779217E-1,9.494720459E0,9.712347944E0
2.194419203E1,1.684547186E0,-4.498506486E-1,1.055234814E1,1.069542500E1
2.194656755E1,-1.153340459E0,-1.435693540E-2,9.260223389E0,9.331781049E0
2.194894307E1,2.105684042E0,-5.024927258E-1,1.044706345E1,1.066899896E1
2.195131864E1,-2.086541414E0,5.647061467E-1,9.365508080E0,9.611726676E0
2.195369416E1,1.808973908E0,-5.694918036E-1,1.037527943E1,1.054718591E1
2.195606968E1,-1.201196909E0,9.571290575E-3,9.489934921E0,9.565658913E0
2.195844520E1,2.273181438E0,-4.977070987E-1,1.052841949E1,1.078251748E1
2.196082073E1,-2.163111687E0,5.264210105E-1,9.245866776E0,9.510111654E0
2.196319625E1,1.823330879E0,-7.704889178E-1,1.019342422E1,1.038383773E1
2.196557177E1,-1.344766378E0,2.967100143E-1,9.757930756E0,9.854625618E0
2.196794729E1,2.321038008E0,-6.508477330E-1,1.038485050E1,1.066095400E1
2.197032281E1,-2.201396942E0,5.694918036E-1,9.303294182E0,9.577147386E0
2.197269833E1,1.875972986E0,-7.752745152E-1,1.004028416E1,1.024341892E1
2.197507385E1,-1.574477315E0,3.876372576E-1,9.805787086E0,9.938948729E0
2.197744937E1,2.287538528E0,-7.752745152E-1,1.032263660E1,1.060144847E1
2.197982489E1,-2.263610125E0,5.503492355E-1,9.394221306E0,9.678750385E0
2.198220041E1,1.861616015E0,-8.135597110E-1,9.982855797E0,1.018748759E1
2.198457593E1,-1.852044702E0,4.450650215E-1,9.848857880E0,1.003135853E1
2.198695146E1,2.239681959E0,-8.231309652E-1,1.027956581E1,1.055287606E1
2.198932698E1,-2.301895380E0,5.647061467E-1,9.485149384E0,9.776792634E0
2.199170250E1,1.770688772E0,-8.805587292E-1,9.939785004E0,1.013459660E1
2.199407802E1,-2.163111687E0,6.604190469E-1,9.810572624E0,1.006789654E1
2.199645354E1,2.206182480E0,-1.028913736E0,1.028913784E1,1.057318600E1
2.199882906E1,-2.249253273E0,5.886343718E-1,9.494720459E0,9.775241547E0
2.200120458E1,1.818545222E0,-1.019342422E0,1.005464077E1,1.026849389E1
2.200358010E1,-2.344966173E0,8.757730722E-1,9.872786522E0,1.018517347E1
2.200595562E1,2.129612207E0,-1.177268744E0,1.021735287E1,1.050311903E1
2.200833114E1,-2.187039852E0,6.364908218E-1,9.470791817E0,9.740850143E0
2.201070666E1,1.804188251E0,-1.138983607E0,1.008335495E1,1.030662049E1
2.201308218E1,-2.321038008E0,1.071984529E0,9.891928673E0,1.021697710E1
2.201545771E1,1.923829436E0,-1.473978758E0,1.007856941E1,1.036587162E1
2.201783323E1,-2.100898266E0,9.284151793E-1,9.681360245E0,9.950098716E0
2.202020875E1,1.861616015E0,-1.316052437E0,1.018385315E1,1.043592225E1
2.202258427E1,-2.172683001E0,1.024128079E0,9.801001549E0,1.009103667E1
2.202495979E1,1.679761529E0,-1.526620865E0,9.934999466E0,1.019099526E1
2.202733531E1,-1.804188251E0,9.858429432E-1,9.978070259E0,1.018768215E1
2.202971078E1,1.938186288E0,-1.416550994E0,1.011685371E1,1.039778399E1
2.203208635E1,-2.129612207E0,1.048056364E0,9.762716293E0,1.004710405E1
2.203446187E1,1.531406522E0,-1.473978758E0,9.872786522E0,1.009899663E1
2.203683739E1,-1.526620865E0,8.949156404E-1,1.011685371E1,1.027045152E1
2.203921291E1,1.904686809E0,-1.397408366E0,1.006421185E1,1.033774357E1
2.204158843E1,-1.904686809E0,9.284151793E-1,9.839286804E0,1.006485725E1
2.204396401E1,1.402194023E0,-1.239482164E0,9.734002113E0,9.912278308E0
2.204633953E1,-1.483550072E0,6.556333899E-1,1.012164021E1,1.025077443E1
2.204871505E1,2.009970903E0,-1.177268744E0,1.016949654E1,1.043286176E1
2.205109057E1,-1.794616938E0,8.997012973E-1,9.896714211E0,1.009827037E1
2.205346609E1,1.387837172E0,-1.143769264E0,9.528220177E0,9.696457079E0
2.205584161E1,-1.454836130E0,5.886343718E-1,1.030827999E1,1.042706454E1
2.205821713E1,2.076970100E0,-1.134197950E0,9.963713646E0,1.024088860E1
2.206059265E1,-1.832902193E0,7.369893789E-1,9.882357597E0,1.007788051E1
2.206296817E1,1.378265858E0,-1.024128079E0,9.628718376E0,9.780627417E0
2.206534370E1,-1.301695466E0,5.886343718E-1,1.015513897E1,1.025513281E1
2.206771922E1,1.875972986E0,-1.067198873E0,9.963713646E0,1.019479169E1
2.207009474E1,-1.579262972E0,7.896314859E-1,9.973284721E0,1.012837586E1
2.207247026E1,1.296909928E0,-9.810572863E-1,9.509077072E0,9.647123692E0
2.207484578E1,-1.263410330E0,6.364908218E-1,1.011685371E1,1.021528538E1
2.207722130E1,1.698904037E0,-1.091127157E0,1.009292603E1,1.029290965E1
2.207959682E1,-1.383051515E0,8.039883971E-1,9.858428955E0,9.987384557E0
2.208197234E1,1.148554921E0,-9.810572863E-1,9.700503349E0,9.817403783E0
2.208434786E1,-1.263410330E0,5.742774606E-1,1.002592659E1,1.012152183E1
2.208672338E1,1.584048629E0,-1.057627559E0,1.015992451E1,1.033691695E1
2.208909890E1,-1.110269666E0,6.221339107E-1,9.786644936E0,9.869051040E0
2.209147437E1,8.087740541E-1,-8.135597110E-1,9.753145218E0,9.820378634E0
2.209384995E1,-1.148554921E0,5.407779217E-1,9.925428391E0,1.000628542E1
2.209622546E1,1.459621787E0,-1.028913736E0,1.005942631E1,1.021671263E1
2.209860099E1,-9.236295223E-1,5.503492355E-1,9.834501266E0,9.893098146E0
2.210097651E1,6.987041831E-1,-7.561319470E-1,9.920642853E0,9.973919875E0
2.210335203E1,-1.028913736E0,5.742774606E-1,9.834501266E0,9.904840899E0
2.210572755E1,1.220339537E0,-1.076770186E0,9.930213928E0,1.006269404E1
2.210810307E1,-6.269195080E-1,4.115654826E-1,1.005942631E1,1.008734216E1
2.211047859E1,5.551348329E-1,-7.130611539E-1,9.887143135E0,9.928354862E0
2.211285411E1,-8.327022791E-1,3.493520916E-1,9.868000984E0,9.909232230E0
2.211522963E1,1.004985452E0,-9.571290612E-1,9.930213928E0,1.002672631E1
2.211760515E1,-4.881358147E-1,4.737788737E-1,1.019820976E1,1.022087204E1
2.211998067E1,5.120640397E-1,-7.800601721E-1,9.944570541E0,9.988252435E0
2.212235625E1,-5.647061467E-1,2.440679073E-1,9.982855797E0,1.000179344E1
2.212473172E1,6.604190469E-1,-9.140582681E-1,9.681360245E0,9.746814455E0
2.212710724E1,-3.637090325E-1,5.216353536E-1,1.059541893E1,1.061448491E1
2.212948276E1,4.833501875E-1,-8.614161611E-1,9.643074989E0,9.693531888E0
2.213185833E1,-4.737788737E-1,1.627119333E-1,1.023170948E1,1.024396508E1
2.213423385E1,4.977070987E-1,-8.997012973E-1,9.288937569E0,9.345669368E0
2.213660937E1,-2.440679073E-1,4.402793646E-1,1.092562866E1,1.093721979E1
2.213898489E1,3.445664644E-1,-8.566305041E-1,9.537791252E0,9.582379863E0
2.214136041E1,-4.211367965E-1,1.435693651E-1,1.039442158E1,1.040394004E1
2.214373593E1,3.541377485E-1,-8.518448472E-1,9.212367058E0,9.258442633E0
2.214611146E1,-3.445664644E-1,3.397808075E-1,1.091605663E1,1.092677763E1
2.214848698E1,4.259224236E-1,-8.327022791E-1,9.686145782E0,9.731198442E0
2.215086250E1,-2.775674164E-1,9.571290575E-3,1.034177971E1,1.034550834E1
2.215323797E1,5.264209956E-2,-6.412764788E-1,9.370293617E0,9.392359085E0
2.215561354E1,-3.589234054E-1,9.571290761E-2,1.060499001E1,1.061149377E1
2.215798906E1,3.876372576E-1,-7.369893789E-1,9.920642853E0,9.955529649E0
2.216036458E1,-6.221338734E-2,7.178468257E-2,1.002114105E1,1.002159127E1
2.216274010E1,-2.727817893E-1,-6.125625968E-1,9.619147301E0,9.642491257E0
2.216511562E1,-1.100698411E-1,-5.264209956E-2,1.029392338E1,1.029464643E1
2.216749114E1,3.493520916E-1,-6.221339107E-1,1.008335495E1,1.010856788E1
2.216986666E1,6.699903309E-2,1.244267747E-1,9.887143135E0,9.888153026E0
2.217224218E1,-3.924229145E-1,-5.790630579E-1,9.638289452E0,9.663639755E0
2.217461771E1,1.914258115E-2,-3.828516230E-2,1.029392338E1,1.029401237E1
2.217699323E1,3.589234054E-1,-6.556333899E-1,9.978070259E0,1.000602655E1
2.217936875E1,2.105683982E-1,1.292124242E-1,1.006421185E1,1.006724366E1
2.218174427E1,-4.450650215E-1,-4.785645306E-1,9.705288887E0,9.727267821E0
2.218411979E1,8.614161611E-2,-6.699903309E-2,1.022213840E1,1.022272091E1
2.218649531E1,2.919243574E-1,-6.508477330E-1,9.729216576E0,9.755330736E0
2.218887083E1,4.642075896E-1,7.178468257E-2,1.026042366E1,1.027117011E1
2.219124635E1,-6.077769399E-1,-2.823530734E-1,9.475577354E0,9.499246405E0
2.219362187E1,2.392822653E-1,-3.828516230E-2,1.019820976E1,1.020108838E1
2.219599739E1,2.153540403E-1,-6.029912829E-1,9.671789169E0,9.692960414E0
2.219837291E1,5.359922647E-1,9.571290575E-3,1.030827999E1,1.032220983E1
2.220074843E1,-6.412764788E-1,-2.440679073E-1,9.528220177E0,9.552894033E0
2.220312396E1,3.732803464E-1,-3.349951655E-2,1.012642574E1,1.013335871E1
2.220549953E1,6.221338734E-2,-6.173482537E-1,9.705288887E0,9.725102660E0
2.220787505E1,6.364908218E-1,-2.871387079E-2,1.043270683E1,1.045214413E1
2.221025057E1,-6.604190469E-1,-2.201396823E-1,9.595218658E0,9.620438446E0
2.221262609E1,3.828516304E-1,-2.871387079E-2,1.010249710E1,1.010978969E1
2.221500161E1,-6.221338734E-2,-6.412764788E-1,9.518648148E0,9.540428113E0
2.221737713E1,6.843472719E-1,2.871387079E-2,1.061456108E1,1.063663775E1
2.221975265E1,-7.082754970E-1,-3.158525825E-1,9.470791817E0,9.502489919E0
2.222212817E1,3.780659735E-1,-6.221338734E-2,1.023170948E1,1.023888096E1
2.222450370E1,-3.780659735E-1,-5.934200287E-1,9.317651749E0,9.344180827E0
2.222687922E1,6.412764788E-1,5.742774159E-2,1.076291656E1,1.078215686E1
2.222925468E1,-7.178468108E-1,-3.876372576E-1,9.389435768E0,9.424811443E0
2.223163026E1,5.120640397E-1,-4.785645381E-2,1.033699417E1,1.034978011E1
2.223400578E1,-6.029912829E-1,-5.551348329E-1,9.111868858E0,9.148657129E0
2.223638130E1,6.029912829E-1,8.614161611E-2,1.092562866E1,1.094259478E1
2.223875682E1,-6.029912829E-1,-4.115654826E-1,9.341579437E0,9.370063555E0
2.224113234E1,5.168496966E-1,-5.742774159E-2,1.026999474E1,1.028315241E1
2.224350786E1,-6.556333899E-1,-4.594219327E-1,9.255437851E0,9.289997496E0
2.224588338E1,5.503492355E-1,0.000000000E0,1.082512951E1,1.083911035E1
2.224825890E1,-4.833501875E-1,-4.259224236E-1,9.418149948E0,9.440158143E0
2.225063442E1,7.178468108E-1,-1.674975902E-1,1.034656525E1,1.037278998E1
2.225300995E1,-8.374879360E-1,-2.967100143E-1,9.174081802E0,9.217006010E0
2.225538546E1,5.742774606E-1,-2.201396823E-1,1.070548820E1,1.072314011E1
2.225776099E1,-3.014956415E-1,-3.541377485E-1,9.700503349E0,9.711646534E0
2.226013651E1,9.140582681E-1,-1.962114573E-1,1.018385315E1,1.022667426E1
2.226251203E1,-1.067198873E0,-2.057827413E-1,9.446864128E0,9.509179871E0
2.226488755E1,7.609176040E-1,-2.440679073E-1,1.037527943E1,1.040600730E1
2.226726307E1,-3.397808075E-1,-3.349951804E-1,9.738788605E0,9.750470566E0
2.226963859E1,1.076770186E0,-1.100698411E-1,1.017906761E1,1.023645284E1
2.227201411E1,-1.143769264E0,-2.105683982E-1,9.480362892E0,9.551430665E0
2.227438963E1,8.039883971E-1,-2.009970993E-1,1.041835022E1,1.045125918E1
2.227676515E1,-2.009970993E-1,-3.972085714E-1,9.609575272E0,9.619881048E0
2.227914067E1,1.115055323E0,-6.221338734E-2,1.027956581E1,1.034005281E1
2.228151625E1,-1.177268744E0,-6.699903309E-2,9.480362892E0,9.553414632E0
2.228389177E1,8.518448472E-1,-1.866401732E-1,1.027478027E1,1.031172070E1
2.228626729E1,-3.924229145E-1,-3.732803464E-1,9.576076508E0,9.591380257E0
2.228864276E1,1.282552958E0,-1.387837082E-1,1.035613632E1,1.043617567E1
2.229101833E1,-1.359123230E0,7.657032460E-2,9.451649666E0,9.549175900E0
2.229339385E1,9.188438654E-1,-1.962114573E-1,1.027956581E1,1.032241475E1
2.229576937E1,-4.402793646E-1,-3.302095234E-1,9.461220741E0,9.477213840E0
2.229814489E1,1.234696507E0,-1.004985496E-1,1.061934662E1,1.069135623E1
2.230052041E1,-1.387837172E0,6.699903309E-2,9.274580956E0,9.378082575E0
2.230289593E1,8.566305041E-1,-2.009970993E-1,1.024606609E1,1.028377781E1
2.230527146E1,-6.269195080E-1,-2.871387303E-1,9.427721024E0,9.452904338E0
2.230764698E1,1.191625714E0,-1.674975902E-1,1.066720295E1,1.073486125E1
2.231002250E1,-1.502692580E0,8.135596663E-2,9.284152031E0,9.405327358E0
2.231239802E1,9.571290612E-1,-1.818545163E-1,1.035613632E1,1.040186169E1
2.231477354E1,-9.619147182E-1,-3.349951804E-1,9.288937569E0,9.344616785E0
2.231714906E1,1.239482164E0,-1.531406492E-1,1.082034397E1,1.089218122E1
2.231952458E1,-1.531406522E0,3.828516230E-2,9.221938133E0,9.348305441E0
2.232190010E1,1.043270707E0,-2.392822653E-1,1.031306553E1,1.036846133E1
2.232427562E1,-1.225125194E0,-2.153540403E-1,9.260223389E0,9.343395866E0
2.232665114E1,1.330409408E0,-2.536391914E-1,1.084905815E1,1.093326963E1
2.232902666E1,-1.464407444E0,4.785645287E-3,9.265008926E0,9.380026784E0
2.233140218E1,1.253839016E0,-3.302095234E-1,1.035613632E1,1.043698760E1
2.233377771E1,-1.464407444E0,-1.052841991E-1,9.269794464E0,9.385343006E0
2.233615323E1,1.392622828E0,-3.637090325E-1,1.075334454E1,1.084924427E1
2.233852875E1,-1.344766378E0,-3.349951655E-2,9.432506561E0,9.527943055E0
2.234090427E1,1.402194023E0,-4.402793646E-1,1.026042366E1,1.036514774E1
2.234327979E1,-1.584048629E0,2.871387079E-2,9.288937569E0,9.423077825E0
2.234565531E1,1.507478237E0,-4.977070987E-1,1.070070267E1,1.081782051E1
2.234803083E1,-1.186840057E0,5.264209956E-2,9.485149384E0,9.559258305E0
2.235040635E1,1.651047587E0,-5.072783828E-1,1.023649502E1,1.038119067E1
2.235278192E1,-1.832902193E0,2.057827413E-1,9.207581520E0,9.390497028E0
2.235515744E1,1.612762451E0,-6.077769399E-1,1.074855900E1,1.088585854E1
2.235753296E1,-1.153340459E0,7.657032460E-2,9.379864693E0,9.450815779E0
2.235990849E1,1.837687731E0,-5.742774606E-1,1.034177971E1,1.051947234E1
2.236228401E1,-1.885544300E0,3.062812984E-1,9.303294182E0,9.497387439E0
2.236465953E1,1.536192179E0,-5.838487148E-1,1.059063339E1,1.071738221E1
2.236703505E1,-1.095912814E0,1.435693540E-2,9.456435204E0,9.519737275E0
2.236941057E1,1.952543259E0,-5.216353536E-1,1.037049294E1,1.056558812E1
2.237178609E1,-2.110469580E0,3.589234054E-1,9.312865257E0,9.555750476E0
2.237416161E1,1.603191137E0,-5.407779217E-1,1.053320503E1,1.066822716E1
2.237653713E1,-1.215553880E0,-9.092725813E-2,9.298508644E0,9.378064939E0
2.237891260E1,2.076970100E0,-4.977070987E-1,1.059063339E1,1.080384343E1
2.238128812E1,-2.287538528E0,4.546363056E-1,9.174081802E0,9.465902155E0
2.238366370E1,1.646261930E0,-5.312066078E-1,1.044706345E1,1.058931034E1
2.238603922E1,-1.316052437E0,-4.785645381E-2,9.370293617E0,9.462382719E0
2.238841474E1,2.153540373E0,-4.785645306E-1,1.049013424E1,1.071959311E1
2.239079026E1,-2.373680115E0,5.216353536E-1,9.212367058E0,9.527547824E0
2.239316578E1,1.607976794E0,-6.077769399E-1,1.026042366E1,1.040342616E1
2.239554130E1,-1.517049551E0,4.785645381E-2,9.346364975E0,9.468804984E0
2.239791682E1,2.100898266E0,-5.742774606E-1,1.062891865E1,1.084976865E1
2.240029234E1,-2.297109842E0,4.450650215E-1,9.169296265E0,9.463127944E0
2.240266786E1,1.574477315E0,-5.072783828E-1,1.036092186E1,1.049214048E1
2.240504338E1,-1.727617979E0,9.571290761E-2,9.317651749E0,9.476943545E0
2.240741890E1,2.062613010E0,-5.694918036E-1,1.060499001E1,1.081871094E1
2.240979442E1,-2.177468538E0,4.163511395E-1,9.322437286E0,9.582408594E0
2.241216995E1,1.636690736E0,-5.694918036E-1,1.022213840E1,1.036798877E1
2.241454552E1,-1.962114573E0,2.584248483E-1,9.360722542E0,9.567643571E0
2.241692099E1,2.172683001E0,-6.699903607E-1,1.070070267E1,1.093958299E1
2.241929656E1,-2.120040894E0,4.115654826E-1,9.245866776E0,9.494736014E0
2.242167208E1,1.722832322E0,-5.647061467E-1,1.032263660E1,1.048064267E1
2.242404760E1,-2.048256159E0,3.493520916E-1,9.370293617E0,9.597906160E0
2.242642312E1,2.182254314E0,-7.561319470E-1,1.071984577E1,1.096581337E1
2.242879864E1,-2.024327993E0,4.881358147E-1,9.260223389E0,9.491465514E0
2.243117416E1,1.885544300E0,-7.369893789E-1,1.032742214E1,1.052397638E1
2.243354968E1,-2.129612207E0,5.359922647E-1,9.485149384E0,9.736046153E0
2.243592520E1,2.148754835E0,-9.284151793E-1,1.061456108E1,1.086959102E1
2.243830073E1,-1.890329838E0,5.551348329E-1,9.413364410E0,9.617325569E0
2.244067625E1,1.957328916E0,-9.810572863E-1,1.022692394E1,1.045866068E1
2.244305177E1,-2.067398787E0,7.178468108E-1,9.786644936E0,1.002835285E1
2.244542729E1,2.014756680E0,-1.086341500E0,1.032263660E1,1.057337263E1
2.244780281E1,-1.785045743E0,5.264210105E-1,9.576076508E0,9.755242112E0
2.245017833E1,2.038684845E0,-1.067198873E0,1.027956581E1,1.053397468E1
2.245255385E1,-2.062613010E0,8.039883971E-1,9.834501266E0,1.008058455E1
2.245492937E1,1.919043779E0,-1.138983607E0,1.003071213E1,1.027595244E1
2.245730489E1,-1.674975872E0,5.503492355E-1,9.844072342E0,1.000070941E1
2.245968036E1,2.048256159E0,-1.134197950E0,1.018863869E1,1.045419134E1
2.246205593E1,-2.115255117E0,8.470591903E-1,9.891928673E0,1.015096381E1
2.246443146E1,1.751546144E0,-1.182054400E0,9.978070259E0,1.019936530E1
2.246680698E1,-1.517049551E0,4.833501875E-1,9.954142570E0,1.008067563E1
2.246918250E1,1.990828395E0,-1.033699393E0,1.017906761E1,1.042330800E1
2.247155802E1,-2.091326952E0,7.944171429E-1,9.896714211E0,1.014641312E1
2.247393354E1,1.579262972E0,-1.110269666E0,9.829715729E0,1.001748879E1
2.247630906E1,-1.526620865E0,4.785645306E-1,1.004985523E1,1.017640337E1
2.247868458E1,2.014756680E0,-9.954141974E-1,1.015992451E1,1.040548701E1
2.248106015E1,-2.053041935E0,6.364908218E-1,9.801001549E0,1.003392910E1
2.248343567E1,1.526620865E0,-9.762716293E-1,9.824930191E0,9.990642162E0
2.248581120E1,-1.550549030E0,3.924229145E-1,9.968499184E0,1.009599792E1
2.248818672E1,2.029113531E0,-8.183453679E-1,1.036092186E1,1.058941418E1
2.249056224E1,-1.875972986E0,5.599204898E-1,9.628718376E0,9.825731686E0
2.249293776E1,1.330409408E0,-9.236295223E-1,9.781859398E0,9.915031718E0
2.249531328E1,-1.531406522E0,5.742774606E-1,9.982855797E0,1.011594832E1
2.249768880E1,2.019542217E0,-9.523434043E-1,1.032742214E1,1.056603790E1
2.250006432E1,-1.732403636E0,6.795616150E-1,9.623932838E0,9.802199224E0
2.250243984E1,1.201196909E0,-8.614161611E-1,9.690931320E0,9.803012887E0
2.250481536E1,-1.406979680E0,6.221339107E-1,1.002114105E1,1.013853591E1
2.250719088E1,1.794616938E0,-1.028913736E0,1.007378292E1,1.028398832E1
2.250956640E1,-1.550549030E0,7.561319470E-1,9.891928673E0,1.004122456E1
2.251194192E1,1.138983607E0,-9.092726111E-1,9.499505997E0,9.610654219E0
2.251431744E1,-1.488335729E0,6.556333899E-1,1.002114105E1,1.015225425E1
2.251669296E1,1.756331801E0,-1.062413216E0,1.007378292E1,1.028078429E1
2.251906849E1,-1.325623751E0,7.226324677E-1,9.786644936E0,9.902418649E0
2.252144401E1,1.052842021E0,-8.614161611E-1,9.729216576E0,9.823857150E0
2.252381953E1,-1.339980721E0,6.412764788E-1,9.915857315E0,1.002651535E1
2.252619505E1,1.526620865E0,-1.052842021E0,1.001156998E1,1.018187512E1
2.252857057E1,-1.024128079E0,6.029912829E-1,9.824930191E0,9.896549402E0
2.253094609E1,8.374879360E-1,-7.848458290E-1,9.891928673E0,9.958294125E0
2.253332161E1,-1.119840980E0,5.264210105E-1,9.734002113E0,9.812337135E0
2.253569713E1,1.272981644E0,-1.038485050E0,1.009292603E1,1.022575617E1
2.253807265E1,-6.699903607E-1,5.407779217E-1,9.925428391E0,9.962703277E0
2.254044823E1,5.982056856E-1,-8.135597110E-1,9.848857880E0,9.900491451E0
2.254282370E1,-6.987041831E-1,4.115654826E-1,9.839286804E0,9.872645972E0
2.254519927E1,8.614161611E-1,-1.019342422E0,9.757930756E0,9.848771975E0
2.254757479E1,-3.110669553E-1,5.407779217E-1,1.039442158E1,1.041312649E1
2.254995031E1,4.259224236E-1,-8.614161611E-1,9.686145782E0,9.733697542E0
2.255232583E1,-3.684946895E-1,3.062812984E-1,9.954142570E0,9.965668612E0
2.255470135E1,5.168496966E-1,-9.332008362E-1,9.623932838E0,9.682875641E0
2.255707687E1,9.571290575E-3,4.307080805E-1,1.061456108E1,1.062330024E1
2.255945239E1,1.818545163E-1,-7.944171429E-1,9.537791252E0,9.572545724E0
2.256182791E1,-4.785645381E-2,1.818545163E-1,1.018385315E1,1.018558915E1
2.256420343E1,6.221338734E-2,-7.800601721E-1,9.394221306E0,9.426757572E0
2.256657896E1,3.110669553E-1,2.823530734E-1,1.060977554E1,1.061808942E1
2.256895448E1,-2.871387079E-2,-7.369893789E-1,9.600004196E0,9.628294678E0
2.257133000E1,4.115654826E-1,9.571290761E-2,1.022692394E1,1.023564949E1
2.257370552E1,-4.115654826E-1,-5.599204898E-1,9.341579437E0,9.367390431E0
2.257608104E1,5.551348329E-1,1.292124242E-1,1.057627583E1,1.059162315E1
2.257845656E1,-2.201396823E-1,-5.647061467E-1,9.710074425E0,9.728972189E0
2.258083208E1,7.657032609E-1,1.435693540E-2,1.020299530E1,1.023169686E1
2.258320760E1,-8.135597110E-1,-3.349951804E-1,9.384650230E0,9.425802943E0
2.258558312E1,8.518448472E-1,-1.818545163E-1,1.049013424E1,1.052623518E1
2.258795864E1,-5.216353536E-1,-2.153540403E-1,9.829715729E0,9.845902301E0
2.259033416E1,1.110269666E0,-1.770688742E-1,1.008335495E1,1.014584147E1
2.259270968E1,-1.234696507E0,-1.244267747E-1,9.389435768E0,9.471085552E0
2.259508520E1,1.071984529E0,-3.637090325E-1,1.041835022E1,1.047966872E1
2.259746073E1,-6.795616150E-1,-1.196411327E-1,9.777072906E0,9.801391361E0
2.259983625E1,1.330409408E0,-3.158525825E-1,1.015992451E1,1.025152760E1
2.260221182E1,-1.655833244E0,1.387837082E-1,9.351150513E0,9.497634472E0
2.260458729E1,1.301695466E0,-3.924229145E-1,1.048056316E1,1.056837788E1
2.260696286E1,-9.236295223E-1,-2.057827413E-1,9.542576790E0,9.589380054E0
2.260933838E1,1.651047587E0,-3.924229145E-1,1.030827999E1,1.044703739E1
2.261171390E1,-2.005185366E0,2.392822653E-1,9.571290970E0,9.782005683E0
2.261408942E1,1.435693622E0,-5.790630579E-1,1.028913784E1,1.040494535E1
2.261646494E1,-1.186840057E0,-1.004985496E-1,9.647860527E0,9.721106009E0
2.261884046E1,1.947757602E0,-5.934200287E-1,1.031785107E1,1.051684162E1
2.262121599E1,-2.301895380E0,4.115654826E-1,9.494720459E0,9.778436740E0
2.262359151E1,1.622333765E0,-7.274180651E-1,1.030827999E1,1.046048470E1
2.262596703E1,-1.450050473E0,-2.871387079E-2,9.547362328E0,9.656893821E0
2.262834255E1,2.201396942E0,-7.848458290E-1,1.053799057E1,1.079404358E1
2.263071807E1,-2.388036966E0,4.307080805E-1,9.442078590E0,9.748901380E0
2.263309359E1,1.718046665E0,-8.997012973E-1,1.021735287E1,1.039978107E1
2.263546911E1,-1.655833244E0,3.349951655E-2,9.647860527E0,9.788979451E0
2.263784463E1,2.258824587E0,-8.374879360E-1,1.070070267E1,1.096853282E1
2.264022015E1,-2.411965132E0,3.349951804E-1,9.346364975E0,9.658381635E0
2.264259567E1,1.775474429E0,-8.470591903E-1,1.035613632E1,1.054131767E1
2.264497120E1,-1.780260086E0,4.785645381E-2,9.623932838E0,9.787323408E0
2.264734672E1,2.263610125E0,-9.379864931E-1,1.070070267E1,1.097764943E1
2.264972224E1,-2.249253273E0,3.637090325E-1,9.595218658E0,9.862030503E0
2.265209776E1,1.741974831E0,-9.619147182E-1,1.006899738E1,1.026374515E1
2.265447328E1,-1.756331801E0,3.254238665E-1,1.001156998E1,1.016966742E1
2.265684880E1,2.110469580E0,-1.244267821E0,1.035613632E1,1.064198495E1
2.265922432E1,-1.923829436E0,5.455635786E-1,9.973284721E0,1.017178290E1
2.266159989E1,1.627119422E0,-1.081555843E0,9.796216011E0,9.989150554E0
2.266397541E1,-1.799402595E0,5.359922647E-1,1.008335495E1,1.025666537E1
2.266635093E1,1.909472466E0,-1.344766378E0,1.016471100E1,1.042956525E1
2.266872646E1,-1.493121386E0,5.551348329E-1,9.978070259E0,1.010442835E1
2.267110198E1,1.397408366E0,-1.076770186E0,9.719645500E0,9.878445871E0
2.267347750E1,-1.555334687E0,6.173482537E-1,1.007856941E1,1.021654277E1
2.267585302E1,1.593619823E0,-1.330409408E0,9.901499748E0,1.011678361E1
2.267822854E1,-1.062413216E0,6.412764788E-1,1.023649502E1,1.031143965E1
2.268060406E1,1.177268744E0,-1.062413216E0,9.647860527E0,9.777315392E0
2.268297958E1,-1.296909928E0,6.939185858E-1,1.004028416E1,1.014745309E1
2.268535510E1,1.296909928E0,-1.182054400E0,9.700503349E0,9.857940616E0
2.268773062E1,-6.604190469E-1,6.939185858E-1,1.032263660E1,1.036699102E1
2.269010614E1,8.231309652E-1,-9.140582681E-1,9.576076508E0,9.654754703E0
2.269248166E1,-7.082754970E-1,5.886343718E-1,1.004506969E1,1.008719831E1
2.269485718E1,7.082754970E-1,-1.019342422E0,9.389435768E0,9.471125445E0
2.269723270E1,-1.579262912E-1,6.939185858E-1,1.055713367E1,1.058109329E1
2.269960823E1,4.929214716E-1,-8.614161611E-1,9.561718941E0,9.613088915E0
2.270198375E1,-2.488535494E-1,4.737788737E-1,1.008814049E1,1.010232513E1
2.270435927E1,2.584248483E-1,-8.518448472E-1,9.403793335E0,9.445832527E0
2.270673479E1,2.344966233E-1,5.264210105E-1,1.059063339E1,1.060630112E1
2.270911031E1,4.307080805E-2,-6.556333899E-1,9.614361763E0,9.636786931E0
2.271148578E1,3.684946895E-1,3.349951804E-1,1.011206818E1,1.012432382E1
2.271386135E1,-4.115654826E-1,-5.503492355E-1,9.437292099E0,9.462280517E0
2.271623687E1,7.226324677E-1,2.297109663E-1,1.043749237E1,1.046499937E1
2.271861244E1,-3.541377485E-1,-4.546363056E-1,9.805787086E0,9.822706760E0
2.272098797E1,9.475577474E-1,7.657032460E-2,1.005464077E1,1.009948166E1
2.272336349E1,-1.177268744E0,-1.579262912E-1,9.293723106E0,9.369321832E0
2.272573901E1,1.287338614E0,-1.435693651E-1,1.043270683E1,1.051281241E1
2.272811453E1,-9.236295223E-1,-9.092725813E-2,9.734002113E0,9.778146880E0
2.273049005E1,1.521835208E0,-2.201396823E-1,9.958928108E0,1.007693867E1
2.273286557E1,-1.722832322E0,8.614161611E-2,9.317651749E0,9.475980461E0
2.273524109E1,1.617548108E0,-4.546363056E-1,1.053799057E1,1.067110122E1
2.273761661E1,-1.239482164E0,6.221338734E-2,9.647860527E0,9.727353149E0
2.273999213E1,1.875972986E0,-4.977070987E-1,1.007856941E1,1.026374924E1
2.274236765E1,-2.263610125E0,3.445664644E-1,9.284152031E0,9.562328993E0
2.274474317E1,1.775474429E0,-6.652047038E-1,1.050927734E1,1.067893801E1
2.274711870E1,-1.411765337E0,1.339980662E-1,9.556933403E0,9.661574039E0
2.274949422E1,2.009970903E0,-7.322037220E-1,1.015992451E1,1.038268613E1
2.275186974E1,-2.344966173E0,4.977070987E-1,9.513862610E0,9.811226247E0
2.275424526E1,1.746760488E0,-7.465606928E-1,1.031785107E1,1.049126187E1
2.275662078E1,-1.502692580E0,8.135596663E-2,9.667003632E0,9.783438199E0
2.275899630E1,2.139183521E0,-8.901300430E-1,1.032263660E1,1.057947372E1
2.276137182E1,-2.359323025E0,5.647061467E-1,9.604789734E0,9.906426399E0
2.276374734E1,1.550549030E0,-8.757730722E-1,1.011685371E1,1.027238579E1
2.276612286E1,-1.368694544E0,2.009970993E-1,9.853643417E0,9.950277041E0
2.276849838E1,1.875972986E0,-9.619147182E-1,1.030827999E1,1.052165343E1
2.277087396E1,-1.866401672E0,5.694918036E-1,9.839286804E0,1.003091925E1
2.277324948E1,1.172483087E0,-1.024128079E0,9.724431038E0,9.848254359E0
2.277562500E1,-1.268195987E0,3.589234054E-1,1.026999474E1,1.035422324E1
2.277800052E1,1.564906001E0,-1.019342422E0,1.007378292E1,1.024544250E1
2.278037604E1,-1.497906923E0,5.264210105E-1,9.944570541E0,1.007051774E1
2.278275156E1,8.374879360E-1,-1.004985452E0,9.442078590E0,9.532273071E0
2.278512708E1,-1.124626637E0,4.977070987E-1,1.045184898E1,1.052395575E1
2.278750260E1,1.282552958E0,-1.014556766E0,9.882357597E0,1.001674893E1
2.278987812E1,-1.076770186E0,5.790630579E-1,1.017906761E1,1.025222734E1
2.279225364E1,3.493520916E-1,-8.853443861E-1,9.188439369E0,9.237602482E0
2.279462916E1,-7.992027402E-1,5.168496966E-1,1.049970531E1,1.054275440E1
2.279700468E1,7.322037220E-1,-1.048056364E0,9.628718376E0,9.713226138E0
2.279938021E1,-4.019941986E-1,6.317051649E-1,1.028913784E1,1.031634665E1
2.280175573E1,-2.392822653E-1,-6.987041831E-1,9.427721024E0,9.456604424E0
2.280413125E1,-1.435693651E-1,3.493520916E-1,1.041835022E1,1.042519450E1
2.280650677E1,3.828516230E-2,-7.800601721E-1,9.777072906E0,9.808216670E0
2.280888229E1,4.833501875E-1,3.254238665E-1,1.022692394E1,1.024351021E1
2.281125781E1,-1.110269666E0,-2.440679073E-1,9.738788605E0,9.804910574E0
2.281363333E1,7.130611539E-1,9.571290575E-3,1.018385315E1,1.020879096E1
2.281600885E1,-8.135597110E-1,-3.876372576E-1,9.662218094E0,9.704153778E0
2.281838437E1,1.402194023E0,-5.742774159E-2,1.044706345E1,1.054090037E1
2.282075989E1,-1.923829436E0,1.914258152E-1,9.427721024E0,9.623912263E0
2.282313546E1,1.272981644E0,-2.967100143E-1,1.021735287E1,1.030062225E1
2.282551093E1,-1.301695466E0,-4.785645381E-2,9.422935486E0,9.512539855E0
2.282788651E1,1.761117458E0,-3.445664644E-1,1.045184898E1,1.060478231E1
2.283026198E1,-2.134397745E0,4.977070987E-1,9.422935486E0,9.674454985E0
2.283263755E1,1.684547186E0,-6.556333899E-1,9.911071777E0,1.007456690E1
2.283501307E1,-1.679761529E0,3.062812984E-1,9.724431038E0,9.873194318E0
2.283738859E1,2.076970100E0,-7.226324677E-1,1.036092186E1,1.059172811E1
2.283976411E1,-1.986042738E0,5.647061467E-1,9.858428955E0,1.007233241E1
2.284213963E1,1.641476393E0,-8.183453679E-1,9.667003632E0,9.839466098E0
2.284451515E1,-1.617548108E0,5.694918036E-1,1.023170948E1,1.037442344E1
2.284689067E1,1.808973908E0,-1.110269666E0,9.882357597E0,1.010772363E1
2.284926620E1,-1.488335729E0,7.369893789E-1,1.020299530E1,1.033728251E1
2.285164172E1,1.095912814E0,-9.619147182E-1,9.269794464E0,9.383783577E0
2.285401724E1,-1.287338614E0,8.374879360E-1,1.031785107E1,1.043152325E1
2.285639276E1,1.272981644E0,-1.268195987E0,9.609575272E0,9.776131148E0
2.285876828E1,-7.752745152E-1,8.279166222E-1,1.011206818E1,1.017548128E1
2.286114380E1,4.594219327E-1,-9.140582681E-1,9.379864693E0,9.435487941E0
2.286351932E1,-4.977070987E-1,6.269195080E-1,1.018863869E1,1.022003418E1
2.286589484E1,4.881358147E-1,-1.081555843E0,9.542576790E0,9.616070476E0
2.286827036E1,2.297109663E-1,4.594219327E-1,1.026520920E1,1.027805213E1
2.287064588E1,-5.168496966E-1,-5.647061467E-1,9.757930756E0,9.787912917E0
2.287302140E1,4.929214716E-1,1.722832322E-1,1.007856941E1,1.009208673E1
2.287539698E1,-6.173482537E-1,-5.838487148E-1,9.695717812E0,9.732879434E0
2.287777250E1,1.234696507E0,4.307080805E-2,1.046142101E1,1.053411886E1
2.288014802E1,-1.507478237E0,-1.914258115E-2,9.676574707E0,9.793311755E0
2.288252354E1,1.287338614E0,-2.679961324E-1,9.934999466E0,1.002164044E1
2.288489906E1,-1.464407444E0,-7.178468257E-2,9.384650230E0,9.498489467E0
2.288727458E1,1.909472466E0,-3.684946895E-1,1.058106136E1,1.075828671E1
2.288965010E1,-1.928615093E0,2.105683982E-1,9.288937569E0,9.489375974E0
2.289202562E1,1.718046665E0,-5.599204898E-1,1.003549862E1,1.019688324E1
2.289440114E1,-1.804188251E0,2.488535494E-1,9.743574142E0,9.912328707E0
2.289677666E1,2.005185366E0,-9.140582681E-1,1.036092186E1,1.059268487E1
2.289915218E1,-1.689332843E0,5.120640397E-1,1.000199890E1,1.015657605E1
2.290152771E1,1.454836130E0,-9.523434043E-1,9.667003632E0,9.822141586E0
2.290390323E1,-1.430907965E0,7.944171429E-1,1.040399265E1,1.053193521E1
2.290627875E1,1.478764415E0,-1.373480201E0,9.681360245E0,9.889485742E0
2.290865427E1,-1.177268744E0,9.188438654E-1,1.018385315E1,1.029276934E1
2.291102979E1,8.374879360E-1,-1.052842021E0,9.322437286E0,9.419007343E0
2.291340531E1,-8.374879360E-1,7.513462901E-1,1.019342422E1,1.025533055E1
2.291578083E1,6.987041831E-1,-1.143769264E0,9.475577354E0,9.569898738E0
2.291815635E1,-9.092725813E-2,7.369893789E-1,1.032263660E1,1.034931145E1
2.292053187E1,-1.052841991E-1,-8.374879360E-1,9.580862045E0,9.617972153E0
2.292290739E1,1.914258152E-1,4.115654826E-1,1.008814049E1,1.009834682E1
2.292528291E1,-2.249253243E-1,-7.082754970E-1,9.710074425E0,9.738469639E0
2.292765849E1,1.076770186E0,2.249253243E-1,1.049491978E1,1.055241046E1
2.293003396E1,-1.220339537E0,-1.818545163E-1,9.686145782E0,9.764410877E0
2.293240953E1,1.215553880E0,-9.571290575E-3,1.008814049E1,1.016111418E1
2.293478505E1,-1.296909928E0,-1.339980662E-1,9.322437286E0,9.413169913E0
2.293716057E1,1.794616938E0,-1.818545163E-1,1.055234814E1,1.070540855E1
2.293953609E1,-1.732403636E0,2.679961324E-1,9.288937569E0,9.452904603E0
2.294191161E1,1.765903115E0,-4.354937077E-1,1.003549862E1,1.019898530E1
2.294428713E1,-1.751546144E0,2.967100143E-1,9.623932838E0,9.786523081E0
2.294666265E1,2.177468538E0,-7.800601721E-1,1.042792130E1,1.068135786E1
2.294903812E1,-1.646261930E0,4.546363056E-1,9.868000984E0,1.001470499E1
2.295141370E1,1.574477315E0,-8.757730722E-1,9.863214493E0,1.002641299E1
2.295378922E1,-1.517049551E0,7.322037220E-1,1.040877819E1,1.054420339E1
2.295616474E1,1.531406522E0,-1.397408366E0,9.690931320E0,9.910202113E0
2.295854026E1,-1.115055323E0,9.188438654E-1,1.032742214E1,1.042800415E1
2.296091578E1,8.566305041E-1,-1.115055323E0,9.327222824E0,9.432616276E0
2.296329125E1,-1.057627559E0,7.944171429E-1,1.020778179E1,1.029312799E1
2.296566682E1,7.130611539E-1,-1.335195065E0,9.466006279E0,9.586265015E0
2.296804234E1,-3.493520916E-1,7.226324677E-1,1.039442158E1,1.042536544E1
2.297041786E1,-1.196411327E-1,-1.000199914E0,9.595218658E0,9.647949781E0
2.297279338E1,-5.264209956E-2,3.637090325E-1,1.016949654E1,1.017613459E1
2.297516896E1,-3.972085714E-1,-8.709874153E-1,9.695717812E0,9.742860853E0
2.297754448E1,7.369893789E-1,2.584248483E-1,1.049970531E1,1.052871067E1
2.297992000E1,-1.239482164E0,-4.354937077E-1,9.762716293E0,9.850715722E0
2.298229552E1,9.188438654E-1,-3.828516230E-2,1.004028416E1,1.008231351E1
2.298467104E1,-1.454836130E0,-3.254238665E-1,9.461220741E0,9.577951074E0
2.298704656E1,1.612762451E0,-2.392822653E-1,1.064806080E1,1.077216123E1
2.298942208E1,-1.952543259E0,3.349951655E-2,9.370293617E0,9.571622113E0
2.299179760E1,1.617548108E0,-4.594219327E-1,1.009771156E1,1.023676263E1
2.299417307E1,-2.029113531E0,1.148554832E-1,9.580862045E0,9.794049777E0
2.299654864E1,1.895115495E0,-7.944171429E-1,1.045663452E1,1.065663018E1
2.299892416E1,-1.808973908E0,3.014956415E-1,9.762716293E0,9.933474500E0
2.300129968E1,1.564906001E0,-8.470591903E-1,9.987641335E0,1.014492087E1
2.300367520E1,-1.694118381E0,5.455635786E-1,1.011685371E1,1.027221523E1
2.300605073E1,1.517049551E0,-1.268195987E0,9.901499748E0,1.009700241E1
2.300842625E1,-1.124626637E0,6.508477330E-1,1.029870892E1,1.038035612E1
2.301080177E1,9.044869542E-1,-1.110269666E0,9.422935486E0,9.531133645E0
2.301317729E1,-1.014556766E0,7.896314859E-1,1.023649502E1,1.031691202E1
2.301555281E1,8.853443861E-1,-1.363908887E0,9.379864693E0,9.519765952E0
2.301792833E1,-3.589234054E-1,7.800601721E-1,1.049013424E1,1.052521906E1
2.302030385E1,2.440679073E-1,-1.043270707E0,9.346364975E0,9.407577858E0
2.302267942E1,-4.785645381E-2,4.689932466E-1,1.019820976E1,1.020910022E1
2.302505494E1,-7.178468257E-2,-1.076770186E0,9.580862045E0,9.641447226E0
2.302743047E1,9.236295223E-1,4.259224236E-1,1.050449181E1,1.055361784E1
2.302980599E1,-8.279166222E-1,-6.987041831E-1,9.805787086E0,9.865449501E0
2.303218151E1,1.172483087E0,7.178468257E-2,1.018863869E1,1.025613124E1
2.303455703E1,-1.191625714E0,-4.354937077E-1,9.485149384E0,9.569623056E0
2.303693255E1,1.933400750E0,-2.153540403E-1,1.060499001E1,1.078193994E1
2.303930807E1,-1.655833244E0,-2.392822690E-2,9.552147865E0,9.694631769E0
2.304168359E1,1.828116536E0,-4.019941986E-1,1.004506969E1,1.021797605E1
2.304405911E1,-1.904686809E0,1.196411327E-1,9.489934921E0,9.679928236E0
2.304643463E1,2.124826431E0,-8.422735929E-1,1.051406288E1,1.075963896E1
2.304881015E1,-1.674975872E0,3.924229145E-1,9.724431038E0,9.875429050E0
2.305118567E1,1.837687731E0,-9.906286001E-1,9.992427826E0,1.020818569E1
2.305356120E1,-1.698904037E0,4.785645306E-1,1.003549862E1,1.018953048E1
2.305593666E1,1.732403636E0,-1.205982566E0,1.012642574E1,1.034408597E1
2.305831224E1,-1.167697430E0,4.881358147E-1,1.006899738E1,1.014822655E1
2.306068776E1,1.062413216E0,-1.091127157E0,9.781859398E0,9.899699672E0
2.306306328E1,-1.134197950E0,7.226324677E-1,1.015513897E1,1.024380057E1
2.306543880E1,8.853443861E-1,-1.311266780E0,9.485149384E0,9.616200605E0
2.306781432E1,-5.216353536E-1,7.034898400E-1,1.050927734E1,1.054570584E1
2.307018989E1,3.158525825E-1,-1.057627559E0,9.288937569E0,9.354287790E0
2.307256541E1,-4.737788737E-1,5.886343718E-1,1.023649502E1,1.026434543E1
2.307494093E1,-4.785645287E-3,-1.148554921E0,9.446864128E0,9.516430169E0
2.307731646E1,4.067798555E-1,5.694918036E-1,1.055713367E1,1.058030539E1
2.307969198E1,-5.838487148E-1,-8.039883971E-1,9.724431038E0,9.775061927E0
2.308206750E1,6.795616150E-1,2.632105052E-1,1.021735287E1,1.024330920E1
2.308444302E1,-1.081555843E0,-6.221339107E-1,9.509077072E0,9.590587073E0
2.308681854E1,1.406979680E0,7.657032460E-2,1.047099209E1,1.056537411E1
2.308919406E1,-1.588834286E0,-2.536391914E-1,9.705288887E0,9.837751756E0
2.309156958E1,1.603191137E0,-1.579262912E-1,1.000199890E1,1.013090048E1
2.309394510E1,-1.962114573E0,4.307080805E-2,9.355937004E0,9.559566199E0
2.309632062E1,2.057827473E0,-5.599204898E-1,1.047577763E1,1.069065394E1
2.309869614E1,-1.813759565E0,2.967100143E-1,9.643074989E0,9.816651967E0
2.310107166E1,2.076970100E0,-6.891329288E-1,9.987641335E0,1.022456299E1
2.310344718E1,-2.081755638E0,4.402793646E-1,9.604789734E0,9.837659187E0
2.310582270E1,2.139183521E0,-9.906286001E-1,1.041835022E1,1.068173546E1
2.310819823E1,-1.430907965E0,5.503492355E-1,9.757930756E0,9.877631017E0
2.311057375E1,1.703689694E0,-1.067198873E0,9.958928108E0,1.015980911E1
2.311294927E1,-1.426122308E0,7.704889178E-1,1.006899738E1,1.019863649E1
2.311532484E1,1.588834286E0,-1.143769264E0,9.757930756E0,9.952377362E0
2.311770031E1,-7.226324677E-1,6.604190469E-1,1.021256733E1,1.025938022E1
2.312007588E1,1.153340459E0,-1.110269666E0,9.619147301E0,9.751455673E0
2.312245140E1,-8.135597110E-1,9.236295223E-1,1.011206818E1,1.018670181E1
2.312482692E1,9.284151793E-1,-1.239482164E0,9.355937004E0,9.483239320E0
2.312720244E1,-1.435693540E-2,7.130611539E-1,1.059541893E1,1.061939568E1
2.312957797E1,5.264210105E-1,-9.906286001E-1,9.375079155E0,9.441958127E0
2.313195349E1,4.785645287E-3,5.982056856E-1,1.032742214E1,1.034473398E1
2.313432901E1,8.614161611E-2,-1.019342422E0,9.365508080E0,9.421211225E0
2.313670453E1,6.891329288E-1,4.833501875E-1,1.070548820E1,1.073852920E1
2.313908005E1,-2.871387303E-1,-8.231309652E-1,9.710074425E0,9.749130144E0
2.314145557E1,9.906286001E-1,1.914258152E-1,1.031306553E1,1.036230232E1
2.314383109E1,-1.100698471E0,-5.120640397E-1,9.509077072E0,9.586255446E0
2.314620661E1,1.560120344E0,-1.579262912E-1,1.051406288E1,1.063035439E1
2.314858213E1,-1.316052437E0,-2.105683982E-1,9.896714211E0,9.986054538E0
2.315095765E1,1.684547186E0,-3.541377485E-1,1.012164021E1,1.026697196E1
2.315333317E1,-2.009970903E0,4.785645287E-3,9.375079155E0,9.588123648E0
2.315570870E1,1.923829436E0,-7.034898400E-1,1.054756260E1,1.074463096E1
2.315808422E1,-1.722832322E0,2.057827413E-1,9.872786522E0,1.002409155E1
2.316045974E1,1.962114573E0,-8.757730722E-1,1.002114105E1,1.024890921E1
2.316283531E1,-2.368894339E0,4.689932466E-1,9.657432556E0,9.954778683E0
2.316521083E1,1.780260086E0,-1.091127157E0,1.037527943E1,1.058330325E1
2.316758635E1,-1.536192179E0,5.072783828E-1,9.930213928E0,1.006113147E1
2.316996187E1,1.473978758E0,-1.268195987E0,1.002114105E1,1.020804597E1
2.317233739E1,-1.751546144E0,7.992027402E-1,1.014078236E1,1.032192355E1
2.317471291E1,1.091127157E0,-1.205982566E0,9.719645500E0,9.854768443E0
2.317708843E1,-9.667003751E-1,5.120640397E-1,1.035135078E1,1.040899526E1
2.317946396E1,8.709874153E-1,-1.081555843E0,9.686145782E0,9.785182790E0
2.318183942E1,-1.182054400E0,8.614161611E-1,1.020778179E1,1.031203663E1
2.318421500E1,4.354937077E-1,-1.225125194E0,9.131011009E0,9.223120327E0
2.318659052E1,-5.168496966E-1,7.322037220E-1,1.071027374E1,1.074770764E1
2.318896604E1,4.163511395E-1,-1.062413216E0,9.375079155E0,9.444267006E0
2.319134156E1,-3.206382394E-1,5.934200287E-1,1.020299530E1,1.022526622E1
2.319371708E1,-3.158525825E-1,-9.188438654E-1,9.394221306E0,9.444333266E0
2.319609260E1,3.828516304E-1,4.115654826E-1,1.045184898E1,1.046695317E1
2.319846812E1,-4.259224236E-1,-6.747759581E-1,9.786644936E0,9.819121733E0
2.320084364E1,9.619147182E-1,1.627119333E-1,1.018385315E1,1.023047507E1
2.320321922E1,-1.282552958E0,-2.919243574E-1,9.456435204E0,9.547477608E0
2.320559474E1,1.402194023E0,-2.153540403E-1,1.026520920E1,1.036277209E1
2.320797026E1,-1.143769264E0,1.435693540E-2,9.978070259E0,1.004342075E1
2.321034578E1,1.875972986E0,-3.349951804E-1,9.896714211E0,1.007851421E1
2.321272130E1,-2.081755638E0,3.972085714E-1,9.341579437E0,9.578965892E0
2.321509677E1,2.024327993E0,-6.987041831E-1,1.033220863E1,1.055180679E1
2.321747234E1,-1.378265858E0,4.307080805E-1,9.714859962E0,9.821590010E0
2.321984786E1,2.191825628E0,-8.231309652E-1,9.896714211E0,1.016988674E1
2.322222338E1,-2.076970100E0,7.130611539E-1,9.719645500E0,9.964625917E0
2.322459890E1,1.871187329E0,-9.475577474E-1,1.013121128E1,1.034604512E1
2.322697442E1,-1.000199914E0,4.307080805E-1,1.002592659E1,1.008489530E1
2.322934995E1,1.670190215E0,-1.115055323E0,9.939785004E0,1.014062176E1
2.323172546E1,-1.383051515E0,9.092726111E-1,1.020299530E1,1.033637854E1
2.323410099E1,1.019342422E0,-1.196411371E0,9.322437286E0,9.454009525E0
2.323647651E1,-5.312066078E-1,6.269195080E-1,1.060020447E1,1.063200561E1
2.323885203E1,1.033699393E0,-1.115055323E0,9.442078590E0,9.563719513E0
2.324122755E1,-7.609176040E-1,8.662018180E-1,1.013599682E1,1.020135936E1
2.324360307E1,3.014956415E-1,-1.119840980E0,9.040083885E0,9.114168097E0
2.324597854E1,-1.339980662E-1,5.790630579E-1,1.056670475E1,1.058340771E1
2.324835416E1,2.871387303E-1,-9.571290612E-1,9.647860527E0,9.699472019E0
2.325072968E1,2.440679073E-1,4.642075896E-1,1.026999474E1,1.028337735E1
2.325310520E1,-8.374879360E-1,-7.034898400E-1,9.427721024E0,9.490953993E0
2.325548073E1,8.374879360E-1,5.264209956E-2,1.040877819E1,1.044254857E1
2.325785625E1,-8.374879360E-1,-4.163511395E-1,1.006899738E1,1.011234110E1
2.326023177E1,1.287338614E0,-1.866401732E-1,1.005942631E1,1.014318160E1
2.326260729E1,-2.057827473E0,5.742774159E-2,9.480362892E0,9.701300553E0
2.326498281E1,1.521835208E0,-5.886343718E-1,1.028435135E1,1.041298975E1
2.326735833E1,-1.588834286E0,1.722832322E-1,9.868000984E0,9.996575380E0
2.326973385E1,1.775474429E0,-7.322037220E-1,9.954142570E0,1.013772095E1
2.327210937E1,-2.545963287E0,5.742774606E-1,9.566504478E0,9.916134912E0
2.327448489E1,1.593619823E0,-8.949156404E-1,1.026042366E1,1.042193801E1
2.327686041E1,-1.526620865E0,3.254238665E-1,9.911071777E0,1.003323556E1
2.327923593E1,1.584048629E0,-9.906286001E-1,1.012164021E1,1.029262627E1
2.328161146E1,-1.986042738E0,7.561319470E-1,9.982855797E0,1.020654257E1
2.328398698E1,9.236295223E-1,-1.081555843E0,9.738788605E0,9.842096221E0
2.328636250E1,-9.954141974E-1,5.359922647E-1,1.040877819E1,1.046999525E1
2.328873807E1,7.992027402E-1,-1.014556766E0,9.619147301E0,9.705464710E0
2.329111359E1,-1.100698471E0,8.327022791E-1,1.023649502E1,1.032912196E1
2.329348911E1,1.962114573E-1,-1.048056364E0,8.973084450E0,9.036214120E0
2.329586463E1,-5.072783828E-1,6.747759581E-1,1.063370419E1,1.066716076E1
2.329824015E1,3.397808075E-1,-9.714859724E-1,9.480362892E0,9.536063997E0
2.330061567E1,-1.244267747E-1,7.034898400E-1,1.034656525E1,1.037120014E1
2.330299120E1,-5.694918036E-1,-7.561319470E-1,9.226723671E0,9.275154238E0
2.330536672E1,5.934200287E-1,2.775674164E-1,1.043270683E1,1.045325609E1
2.330774224E1,-5.455635786E-1,-4.115654826E-1,9.992427826E0,1.001576955E1
2.331011776E1,1.272981644E0,7.178468257E-2,1.003071213E1,1.011142033E1
2.331249328E1,-1.780260086E0,6.699903309E-2,9.556933403E0,9.721563193E0
2.331486880E1,1.627119422E0,-3.876372576E-1,1.018385315E1,1.032030257E1
2.331724432E1,-1.272981644E0,2.153540403E-1,9.858428955E0,9.942609370E0
2.331961984E1,2.033899307E0,-5.312066078E-1,9.973284721E0,1.019241556E1
2.332199536E1,-2.273181438E0,6.029912829E-1,9.470791817E0,9.758424564E0
2.332437088E1,1.971685886E0,-7.800601721E-1,1.024128056E1,1.045848299E1
2.332674640E1,-1.239482164E0,3.589234054E-1,9.791430473E0,9.876095016E0
2.332912192E1,1.995614052E0,-9.284151793E-1,1.015992451E1,1.039559985E1
2.333149750E1,-1.641476393E0,7.609176040E-1,9.982855797E0,1.014548423E1
2.333387302E1,1.258624673E0,-1.024128079E0,9.647860527E0,9.783362773E0
2.333624854E1,-6.604190469E-1,5.742774606E-1,1.047577763E1,1.051227210E1
2.333862406E1,1.244267821E0,-1.057627559E0,9.580862045E0,9.719037812E0
2.334099953E1,-9.379864931E-1,8.709874153E-1,1.019820976E1,1.027822553E1
2.334337510E1,5.742774606E-1,-1.095912814E0,9.073583603E0,9.157550922E0
2.334575062E1,-3.684946895E-1,6.699903607E-1,1.060020447E1,1.062774718E1
2.334812614E1,5.934200287E-1,-1.000199914E0,9.528220177E0,9.598933635E0
2.335050166E1,-9.571290575E-3,6.077769399E-1,1.032263660E1,1.034051792E1
2.335287718E1,-5.216353536E-1,-8.518448472E-1,9.303294182E0,9.356763635E0
2.335525270E1,6.077769399E-1,2.105683982E-1,1.049970531E1,1.051938893E1
2.335762823E1,-5.503492355E-1,-5.934200287E-1,9.968499184E0,1.000130029E1
2.336000375E1,1.119840980E0,4.785645287E-3,1.013121128E1,1.019291463E1
2.336237927E1,-1.875972986E0,-2.871387079E-2,9.604789734E0,9.786321319E0
2.336475479E1,1.387837172E0,-4.833501875E-1,1.021735287E1,1.032250062E1
2.336713036E1,-1.416550994E0,1.914258115E-2,9.786644936E0,9.888650173E0
2.336950588E1,1.861616015E0,-6.412764788E-1,9.997213364E0,1.018926517E1
2.337188140E1,-2.584248543E0,5.599204898E-1,9.480362892E0,9.842211746E0
2.337425692E1,1.674975872E0,-8.853443861E-1,1.015035343E1,1.032565028E1
2.337663245E1,-1.536192179E0,2.440679073E-1,9.906285286E0,1.002765894E1
2.337900797E1,1.651047587E0,-1.009771109E0,1.015513897E1,1.033791291E1
2.338138349E1,-1.966900229E0,6.939185858E-1,9.963713646E0,1.017967628E1
2.338375901E1,9.523434043E-1,-1.062413216E0,9.652647018E0,9.757523982E0
2.338613453E1,-9.858429432E-1,4.689932466E-1,1.031785107E1,1.037544657E1
2.338851005E1,9.858429432E-1,-1.048056364E0,9.652647018E0,9.759298280E0
2.339088557E1,-1.110269666E0,8.614161611E-1,1.018863869E1,1.028509090E1
2.339326109E1,2.871387303E-1,-1.067198873E0,8.939585686E0,9.007638665E0
2.339563661E1,-4.354937077E-1,6.508477330E-1,1.056670475E1,1.059568340E1
2.339801213E1,4.642075896E-1,-9.810572863E-1,9.513862610E0,9.575570158E0
2.340038765E1,3.828516230E-2,5.742774606E-1,1.026520920E1,1.028133164E1
2.340276317E1,-6.029912829E-1,-6.795616150E-1,9.226723671E0,9.271344680E0
2.340513870E1,7.274180651E-1,2.297109663E-1,1.040877819E1,1.043669333E1
2.340751422E1,-5.407779217E-1,-4.450650215E-1,9.915857315E0,9.940560846E0
2.340988974E1,1.392622828E0,6.699903309E-2,9.978070259E0,1.007500736E1
2.341226531E1,-1.751546144E0,1.339980662E-1,9.619147301E0,9.778234205E0
2.341464083E1,1.703689694E0,-3.637090325E-1,1.014556789E1,1.029404637E1
2.341701635E1,-1.191625714E0,1.531406492E-1,9.757930756E0,9.831614137E0
2.341939187E1,2.210968018E0,-5.264210105E-1,9.973284721E0,1.022897389E1
2.342176739E1,-2.187039852E0,5.886343718E-1,9.442078590E0,9.709916676E0
2.342414291E1,2.014756680E0,-7.896314859E-1,1.019342422E1,1.042058827E1
2.342651843E1,-1.153340459E0,3.062812984E-1,9.868000984E0,9.939891643E0
2.342889396E1,1.904686809E0,-9.523434043E-1,1.014556789E1,1.036664544E1
2.343126916E1,-1.392622828E0,7.704889178E-1,1.000678444E1,1.013256070E1
2.343364500E1,1.220339537E0,-1.033699393E0,9.513862610E0,9.647349106E0
2.343602052E1,-5.599204898E-1,5.168496966E-1,1.043270683E1,1.046049791E1
2.343839604E1,1.205982566E0,-1.038485050E0,9.667003632E0,9.797132456E0
2.344077156E1,-6.125625968E-1,8.470591903E-1,1.028435135E1,1.033734129E1
2.344314708E1,4.402793646E-1,-1.138983607E0,8.992227554E0,9.074760932E0
2.344552260E1,-9.092725813E-2,6.173482537E-1,1.066720295E1,1.068543894E1
2.344789817E1,4.977070987E-1,-9.954141974E-1,9.614361763E0,9.678559495E0
2.345027370E1,4.211367965E-1,4.067798555E-1,1.038006496E1,1.039656552E1
2.345264922E1,-7.034898400E-1,-6.029912829E-1,9.494720459E0,9.539822485E0
2.345502474E1,1.014556766E0,2.871387079E-2,1.027478027E1,1.032478860E1
2.345740026E1,-5.790630579E-1,-3.637090325E-1,1.020778179E1,1.023066016E1
2.345977578E1,1.607976794E0,-1.770688742E-1,9.930213928E0,1.006111780E1
2.346215130E1,-2.057827473E0,1.962114573E-1,9.585647583E0,9.806007976E0
2.346452682E1,1.794616938E0,-5.312066078E-1,1.036570740E1,1.053331478E1
2.346690234E1,-1.368694544E0,2.871387079E-2,9.619147301E0,9.716076576E0
2.346927786E1,2.019542217E0,-6.652047038E-1,1.015035343E1,1.037066646E1
2.347165338E1,-2.277967215E0,5.072783828E-1,9.638289452E0,9.916808435E0
2.347402890E1,1.560120344E0,-9.140582681E-1,1.011206818E1,1.027245836E1
2.347640442E1,-1.201196909E0,2.679961324E-1,1.008335495E1,1.015818601E1
2.347877995E1,1.488335729E0,-9.762716293E-1,1.010728264E1,1.026281696E1
2.348115546E1,-1.517049551E0,6.604190469E-1,1.014556789E1,1.027959827E1
2.348353104E1,6.987041831E-1,-1.110269666E0,9.461220741E0,9.551731999E0
2.348590656E1,-7.752745152E-1,5.216353536E-1,1.054756260E1,1.058887297E1
2.348828208E1,7.944171429E-1,-1.153340459E0,9.619147301E0,9.720560046E0
2.349065760E1,-7.896314859E-1,7.226324677E-1,1.021256733E1,1.026850754E1
2.349303312E1,-1.196411327E-1,-1.086341500E0,9.111868858E0,9.177178540E0
2.349540864E1,-5.742774159E-2,3.924229145E-1,1.039920712E1,1.040676714E1
2.349778416E1,-5.742774159E-2,-9.619147182E-1,9.920642853E0,9.967333268E0
2.350015968E1,6.029912829E-1,2.775674164E-1,1.022692394E1,1.024844454E1
2.350253520E1,-1.277767301E0,-5.120640397E-1,9.614361763E0,9.712407063E0
2.350491073E1,1.110269666E0,-1.770688742E-1,1.038006496E1,1.044077587E1
2.350728625E1,-1.038485050E0,-3.110669553E-1,1.002592659E1,1.008436502E1
2.350966177E1,1.636690736E0,-2.919243574E-1,1.003071213E1,1.016755439E1
2.351203729E1,-2.249253273E0,2.297109663E-1,9.537791252E0,9.802110456E0
2.351441281E1,1.761117458E0,-5.790630579E-1,1.033220863E1,1.049720839E1
2.351678833E1,-1.454836130E0,1.914258115E-2,9.633503914E0,9.742756913E0
2.351916385E1,1.938186288E0,-7.752745152E-1,1.022213840E1,1.043310741E1
2.352153937E1,-2.072184324E0,4.929214716E-1,9.786644936E0,1.001575452E1
2.352391494E1,1.598405480E0,-1.028913736E0,9.982855797E0,1.016223270E1
2.352629047E1,-1.043270707E0,3.637090325E-1,1.029870892E1,1.035780398E1
2.352866599E1,1.564906001E0,-1.076770186E0,9.906285286E0,1.008676623E1
2.353104151E1,-1.220339537E0,7.034898400E-1,1.016471100E1,1.026184565E1
2.353341703E1,8.470591903E-1,-1.172483087E0,9.293723106E0,9.405610827E0
2.353579255E1,-5.599204898E-1,5.982056856E-1,1.052363396E1,1.055548353E1
2.353816807E1,1.000199914E0,-1.119840980E0,9.614361763E0,9.730899023E0
2.354054359E1,-3.493520916E-1,6.891329288E-1,1.018385315E1,1.021311980E1
2.354291911E1,8.614161611E-2,-1.014556766E0,9.087940216E0,9.144801976E0
2.354529463E1,3.254238665E-1,4.211367965E-1,1.049970531E1,1.051318546E1
2.354767015E1,1.339980662E-1,-8.757730722E-1,9.834501266E0,9.874327780E0
2.355004567E1,9.427721500E-1,3.110669553E-1,1.014078236E1,1.018926144E1
2.355242120E1,-1.110269666E0,-4.354937077E-1,9.676574707E0,9.749792386E0
2.355479672E1,1.397408366E0,-7.178468257E-2,1.023170948E1,1.032694447E1
2.355717224E1,-8.374879360E-1,-3.014956415E-1,1.001635551E1,1.005582734E1
2.355954781E1,1.909472466E0,-2.440679073E-1,9.958928108E0,1.014326887E1
2.356192333E1,-2.158325911E0,3.445664644E-1,9.561718941E0,9.808341648E0
2.356429885E1,1.890329838E0,-6.221339107E-1,1.008814049E1,1.028255688E1
2.356667437E1,-1.349551916E0,1.196411327E-1,9.791430473E0,9.884721295E0
2.356904989E1,2.110469580E0,-7.369893789E-1,1.018385315E1,1.042631767E1
2.357142541E1,-2.067398787E0,5.599204898E-1,9.667003632E0,9.901444739E0
2.357380093E1,1.670190215E0,-9.188438654E-1,1.006899738E1,1.024785430E1
2.357617646E1,-1.119840980E0,3.062812984E-1,1.003549862E1,1.010242964E1
2.357855198E1,1.564906001E0,-9.332008362E-1,1.008335495E1,1.024665026E1
2.358092750E1,-1.268195987E0,6.412764788E-1,9.906285286E0,1.000769927E1
2.358330302E1,6.987041831E-1,-1.081555843E0,9.489934921E0,9.576889651E0
2.358567854E1,-6.508477330E-1,5.886343718E-1,1.039920712E1,1.043616797E1
2.358805406E1,7.848458290E-1,-1.014556766E0,9.676574707E0,9.761219517E0
2.359042958E1,-5.647061467E-1,6.939185858E-1,1.007856941E1,1.011820031E1
2.359280510E1,-1.722832322E-1,-9.092726111E-1,9.073583603E0,9.120656643E0
2.359518067E1,-4.785645381E-2,4.498506486E-1,1.049013424E1,1.049988439E1
2.359755620E1,-9.571290575E-3,-9.236295223E-1,9.786644936E0,9.830137446E0
2.359993172E1,5.120640397E-1,4.929214716E-1,1.016949654E1,1.019430434E1
2.360230724E1,-1.186840057E0,-5.647061467E-1,9.537791252E0,9.627925235E0
2.360468276E1,1.000199914E0,5.264209956E-2,1.032263660E1,1.037111361E1
2.360705828E1,-9.667003751E-1,-4.642075896E-1,9.896714211E0,9.954644668E0
2.360943380E1,1.588834286E0,-1.148554832E-1,1.000199890E1,1.012805846E1
2.361180932E1,-2.359323025E0,1.818545163E-1,9.695717812E0,9.980301603E0
2.361418484E1,1.670190215E0,-5.312066078E-1,1.004506969E1,1.019682014E1
2.361656036E1,-1.598405480E0,1.914258115E-2,9.705288887E0,9.836050981E0
2.361893588E1,2.072184324E0,-6.891329288E-1,1.024128056E1,1.047151754E1
2.362131140E1,-2.364108801E0,5.407779217E-1,9.590433121E0,9.892313108E0
2.362368692E1,1.698904037E0,-9.236295223E-1,1.002114105E1,1.020600972E1
2.362606245E1,-1.344766378E0,2.727817893E-1,1.001635551E1,1.010990526E1
2.362843802E1,1.775474429E0,-9.571290612E-1,1.022692394E1,1.042393298E1
2.363081354E1,-1.560120344E0,5.790630579E-1,9.925428391E0,1.006396633E1
2.363318906E1,9.140582681E-1,-1.019342422E0,9.628718376E0,9.725573457E0
2.363556458E1,-7.561319470E-1,4.881358147E-1,1.032742214E1,1.036656453E1
2.363794010E1,1.110269666E0,-1.024128079E0,9.853643417E0,9.968742431E0
2.364031562E1,-7.561319470E-1,6.460621357E-1,1.012164021E1,1.017038506E1
2.364269114E1,2.967100143E-1,-1.000199914E0,9.135796547E0,9.195173476E0
2.364506666E1,-2.488535494E-1,5.120640397E-1,1.058584690E1,1.060114580E1
2.364744218E1,5.120640397E-1,-1.052842021E0,9.681360245E0,9.751893257E0
2.364981770E1,2.775674164E-1,5.694918036E-1,1.034177971E1,1.036116654E1
2.365219323E1,-5.694918036E-1,-7.704889178E-1,9.461220741E0,9.509609456E0
2.365456875E1,7.561319470E-1,2.536391914E-1,1.056670475E1,1.059675977E1
2.365694427E1,-4.163511395E-1,-7.274180651E-1,9.839286804E0,9.874920259E0
2.365931979E1,1.311266780E0,1.004985496E-1,1.026999474E1,1.035385495E1
2.366169531E1,-1.741974831E0,-9.571290575E-3,9.738788605E0,9.893359966E0
2.366407078E1,1.473978758E0,-3.732803464E-1,1.007856941E1,1.019262052E1
2.366644635E1,-1.292124271E0,-8.135596663E-2,9.834501266E0,9.919355780E0
2.366882192E1,2.062613010E0,-4.929214716E-1,1.015035343E1,1.036952356E1
2.367119744E1,-2.411965132E0,5.024927258E-1,9.633503914E0,9.943564371E0
2.367357296E1,1.828116536E0,-8.566305041E-1,9.973284721E0,1.017557045E1
2.367594849E1,-1.631905079E0,2.967100143E-1,9.839286804E0,9.978111837E0
2.367832401E1,2.024327993E0,-8.470591903E-1,1.043749237E1,1.066567673E1
2.368069953E1,-1.976471543E0,5.694918036E-1,9.791430473E0,1.000514225E1
2.368307505E1,1.244267821E0,-1.009771109E0,9.839286804E0,9.968921954E0
2.368545057E1,-1.182054400E0,5.072783828E-1,1.020299530E1,1.028375890E1
2.368782609E1,1.210768223E0,-9.906286001E-1,1.006899738E1,1.018979946E1
2.369020161E1,-1.239482164E0,7.513462901E-1,1.004985523E1,1.015383807E1
2.369257713E1,3.828516304E-1,-9.667003751E-1,9.154939651E0,9.213794279E0
2.369495265E1,-7.609176040E-1,7.226324677E-1,1.043270683E1,1.048535002E1
2.369732817E1,6.125625968E-1,-1.081555843E0,9.537791252E0,9.618443634E0
2.369970370E1,-4.594219327E-1,8.279166222E-1,1.016949654E1,1.021348003E1
2.370207927E1,-3.541377485E-1,-7.848458290E-1,9.284152031E0,9.323994608E0
2.370445479E1,-4.785645287E-3,4.785645306E-1,1.043749237E1,1.044845892E1
2.370683031E1,-1.627119333E-1,-8.087740541E-1,9.810572624E0,9.845198112E0
2.370920583E1,7.226324677E-1,3.828516304E-1,1.013121128E1,1.016416327E1
2.371158135E1,-1.502692580E0,-1.531406492E-1,9.700503349E0,9.817397938E0
2.371395687E1,1.091127157E0,-1.914258115E-2,1.013599682E1,1.019457485E1
2.371633239E1,-1.234696507E0,-2.105683982E-1,9.662218094E0,9.743062815E0
2.371870791E1,1.722832322E0,-1.962114573E-1,1.014078236E1,1.028795980E1
2.372108343E1,-2.258824587E0,4.977070987E-1,9.470791817E0,9.749148604E0
2.372345896E1,1.722832322E0,-5.264210105E-1,1.001156998E1,1.017235487E1
2.372583448E1,-1.641476393E0,2.057827413E-1,9.542576790E0,9.684914201E0
2.372821000E1,2.129612207E0,-6.364908218E-1,1.042313576E1,1.065749163E1
2.373058552E1,-2.053041935E0,5.168496966E-1,9.547362328E0,9.779276160E0
2.373296104E1,1.564906001E0,-9.667003751E-1,9.872786522E0,1.004267664E1
2.373533661E1,-1.191625714E0,5.359922647E-1,1.016949654E1,1.025309316E1
2.373771213E1,1.603191137E0,-1.043270707E0,1.010249710E1,1.028197857E1
2.374008765E1,-1.196411371E0,7.992027402E-1,1.012642574E1,1.022812903E1
2.374246317E1,6.699903607E-1,-1.043270707E0,9.169296265E0,9.252745260E0
2.374483870E1,-7.034898400E-1,7.513462901E-1,1.041835022E1,1.046907066E1
2.374721422E1,9.667003751E-1,-1.167697430E0,9.533005714E0,9.652783270E0
2.374958974E1,-4.307080805E-1,7.896314859E-1,1.024128056E1,1.028070303E1
2.375196526E1,-3.828516230E-2,-9.714859724E-1,9.183652878E0,9.234973250E0
2.375434078E1,5.264209956E-2,4.929214716E-1,1.045184898E1,1.046359833E1
2.375671630E1,2.871387079E-2,-9.762716293E-1,9.757930756E0,9.806688708E0
2.375909182E1,6.604190469E-1,4.211367965E-1,1.023649502E1,1.026641806E1
2.376146734E1,-1.215553880E0,-4.211367965E-1,9.743574142E0,9.828131282E0
2.376384286E1,9.619147182E-1,-4.307080805E-2,1.025085258E1,1.029597561E1
2.376621838E1,-1.019342422E0,-3.876372576E-1,9.681360245E0,9.742589892E0
2.376859390E1,1.536192179E0,-2.632105052E-1,1.028913784E1,1.040651352E1
2.377096948E1,-2.210968018E0,3.206382394E-1,9.513862610E0,9.772654205E0
2.377334500E1,1.564906001E0,-6.317051649E-1,9.982855797E0,1.012449466E1
2.377572052E1,-1.708475351E0,7.178468257E-2,9.623932838E0,9.774667480E0
2.377809604E1,2.043470621E0,-7.034898400E-1,1.052841949E1,1.074794339E1
2.378047156E1,-2.191825628E0,4.642075896E-1,9.609575272E0,9.867295738E0
2.378284708E1,1.339980721E0,-9.427721500E-1,1.003549862E1,1.016836271E1
2.378522260E1,-1.301695466E0,4.546363056E-1,1.012164021E1,1.021512142E1
2.378759812E1,1.220339537E0,-1.043270707E0,1.010728264E1,1.023400238E1
2.378997364E1,-1.205982566E0,7.417750359E-1,1.016471100E1,1.026284433E1
2.379234916E1,4.067798555E-1,-1.052842021E0,9.121439934E0,9.191007161E0
2.379472468E1,-7.896314859E-1,7.896314859E-1,1.041356373E1,1.047326813E1
2.379710021E1,6.412764788E-1,-1.162911773E0,9.513862610E0,9.606101242E0
2.379947573E1,-3.780659735E-1,7.992027402E-1,1.022692394E1,1.026506854E1
2.380185130E1,-3.349951804E-1,-8.805587292E-1,9.260223389E0,9.308025712E0
2.380422682E1,1.483550072E-1,4.833501875E-1,1.048056316E1,1.049275182E1
2.380660234E1,-2.153540403E-1,-9.140582681E-1,9.753145218E0,9.798250942E0
2.380897786E1,1.024128079E0,2.105683982E-1,1.028913784E1,1.034212429E1
2.381135338E1,-1.612762451E0,-9.092725813E-2,9.820143700E0,9.952109966E0
2.381372890E1,1.373480201E0,-1.722832322E-1,1.013121128E1,1.022533967E1
2.381610442E1,-1.292124271E0,-1.483550072E-1,9.604789734E0,9.692449648E0
2.381847994E1,2.014756680E0,-3.876372576E-1,1.036092186E1,1.056211195E1
2.382085546E1,-2.148754835E0,4.594219327E-1,9.485149384E0,9.736337848E0
2.382323099E1,1.794616938E0,-7.609176040E-1,1.000199890E1,1.019017309E1
2.382560651E1,-1.435693622E0,3.445664644E-1,9.777072906E0,9.887926822E0
2.382798198E1,2.009970903E0,-8.709874153E-1,1.051884842E1,1.074452299E1
2.383035755E1,-1.531406522E0,5.934200287E-1,9.934999466E0,1.006983454E1
2.383273312E1,1.100698471E0,-1.033699393E0,9.619147301E0,9.736943378E0
2.383510859E1,-7.465606928E-1,6.269195080E-1,1.040877819E1,1.045433137E1
2.383748416E1,1.100698471E0,-1.134197950E0,9.729216576E0,9.856753892E0
2.383985968E1,-6.173482537E-1,7.944171429E-1,1.026042366E1,1.030963196E1
2.384223520E1,2.775674164E-1,-1.024128079E0,8.987442017E0,9.049861656E0
2.384461073E1,-2.249253243E-1,6.317051649E-1,1.055713367E1,1.057840793E1
2.384698625E1,4.307080805E-1,-1.153340459E0,9.571290970E0,9.650145828E0
2.384936177E1,4.019941986E-1,6.173482537E-1,1.032263660E1,1.034889099E1
2.385173729E1,-8.662018180E-1,-6.269195080E-1,9.552147865E0,9.611808493E0
2.385411281E1,9.523434043E-1,1.100698411E-1,1.045184898E1,1.049572392E1
2.385648833E1,-8.183453679E-1,-5.264210105E-1,9.719645500E0,9.768229976E0
2.385886385E1,1.684547186E0,-9.571290761E-2,1.028913784E1,1.042656308E1
2.386123937E1,-2.057827473E0,2.440679073E-1,9.523433685E0,9.746281968E0
2.386361489E1,1.665404558E0,-5.359922647E-1,1.007378292E1,1.022457639E1
2.386599041E1,-1.584048629E0,9.092725813E-2,9.518648148E0,9.649981367E0
2.386836593E1,2.081755638E0,-6.987041831E-1,1.043270683E1,1.066129757E1
2.387074151E1,-2.024327993E0,5.407779217E-1,9.566504478E0,9.793280989E0
2.387311703E1,1.426122308E0,-9.714859724E-1,9.992427826E0,1.014032661E1
2.387549255E1,-1.100698471E0,3.972085714E-1,1.002114105E1,1.008923088E1
2.387786807E1,1.296909928E0,-1.004985452E0,1.023170948E1,1.036242491E1
2.388024359E1,-1.028913736E0,6.077769399E-1,9.987641335E0,1.005887845E1
2.388261911E1,3.254238665E-1,-9.954141974E-1,9.174081802E0,9.233662710E0
2.388499463E1,-5.503492355E-1,7.369893789E-1,1.051406288E1,1.055421981E1
2.388737015E1,5.694918036E-1,-1.182054400E0,9.384650230E0,9.475929161E0
2.388974567E1,-1.962114573E-1,7.561319470E-1,1.027956581E1,1.030920500E1
2.389212120E1,-5.072783828E-1,-8.709874153E-1,9.126225471E0,9.181717802E0
2.389449672E1,4.498506486E-1,4.354937077E-1,1.059063339E1,1.060912513E1
2.389687224E1,-3.493520916E-1,-8.709874153E-1,9.695717812E0,9.741027145E0
2.389924776E1,1.172483087E0,2.249253243E-1,1.020778179E1,1.027735944E1
2.390162333E1,-1.732403636E0,-1.339980662E-1,9.700503349E0,9.854894371E0
2.390399885E1,1.450050473E0,-3.254238665E-1,1.009771156E1,1.020648450E1
2.390637437E1,-1.359123230E0,-1.914258152E-1,9.643074989E0,9.740264629E0
2.390874989E1,2.110469580E0,-5.838487148E-1,1.024606609E1,1.047744394E1
2.391112541E1,-2.297109842E0,4.929214716E-1,9.504291534E0,9.790364793E0
2.391350093E1,1.684547186E0,-9.427721500E-1,9.992427826E0,1.017718686E1
2.391587646E1,-1.263410330E0,2.871387303E-1,9.844072342E0,9.928968455E0
2.391825198E1,1.670190215E0,-1.048056364E0,1.039442158E1,1.057979005E1
2.392062750E1,-1.115055323E0,5.455635786E-1,9.887143135E0,9.964767301E0
2.392300302E1,6.317051649E-1,-1.115055323E0,9.566504478E0,9.651963931E0
2.392537854E1,-3.589234054E-1,4.450650215E-1,1.045184898E1,1.046747611E1
2.392775406E1,7.465606928E-1,-1.143769264E0,9.647860527E0,9.744063513E0
2.393012958E1,-2.584248483E-1,6.939185858E-1,1.036570740E1,1.039212184E1
2.393250515E1,-8.135596663E-2,-1.095912814E0,8.992227554E0,9.059127998E0
2.393488067E1,3.493520916E-1,4.833501875E-1,1.067677498E1,1.069341845E1
2.393725620E1,-4.785645287E-3,-1.105484009E0,9.705288887E0,9.768047409E0
2.393963172E1,1.091127157E0,3.302095234E-1,1.037527943E1,1.043772101E1
2.394200724E1,-1.320838094E0,-4.354937077E-1,9.695717812E0,9.794958495E0
2.394438276E1,1.612762451E0,-2.392822653E-1,1.025563812E1,1.038442931E1
2.394675828E1,-1.067198873E0,-2.967100143E-1,9.968499184E0,1.002985176E1
2.394913380E1,2.287538528E0,-5.216353536E-1,1.015513897E1,1.042265722E1
2.395150932E1,-2.301895380E0,4.354937077E-1,9.667003632E0,9.946825439E0
2.395388484E1,1.933400750E0,-8.997012973E-1,1.013121128E1,1.035320930E1
2.395626036E1,-1.220339537E0,2.057827413E-1,9.810572624E0,9.888321917E0
2.395863588E1,1.904686809E0,-1.028913736E0,1.031785107E1,1.054251137E1
2.396101146E1,-1.325623751E0,5.647061467E-1,9.815358162E0,9.920555791E0
2.396338698E1,7.896314859E-1,-1.038485050E0,9.805787086E0,9.892190327E0
2.396576250E1,-4.354937077E-1,4.354937077E-1,1.029870892E1,1.031710787E1
2.396813802E1,7.561319470E-1,-1.033699393E0,9.848857880E0,9.931780882E0
2.397051354E1,-3.014956415E-1,6.508477330E-1,1.024128056E1,1.026636887E1
2.397288906E1,-1.435693651E-1,-1.014556766E0,9.054440498E0,9.112235200E0
2.397526458E1,1.339980662E-1,5.407779217E-1,1.062891865E1,1.064351013E1
2.397764010E1,-6.221338734E-2,-9.762716293E-1,9.667003632E0,9.716374633E0
2.398001562E1,8.279166222E-1,3.684946895E-1,1.026999474E1,1.030989942E1
2.398239114E1,-1.430907965E0,-4.354937077E-1,9.623932838E0,9.739467935E0
2.398476666E1,1.296909928E0,-1.244267747E-1,1.029870892E1,1.038079297E1
2.398714218E1,-1.191625714E0,-2.009970993E-1,9.963713646E0,1.003673061E1
2.398951770E1,1.909472466E0,-3.828516304E-1,9.978070259E0,1.016634381E1
2.399189323E1,-2.450250387E0,5.264210105E-1,9.638289452E0,9.958788561E0
2.399426880E1,1.794616938E0,-8.374879360E-1,1.000199890E1,1.019617664E1
2.399664432E1,-1.411765337E0,2.823530734E-1,9.891928673E0,9.996152134E0
2.399901984E1,1.761117458E0,-9.571290612E-1,1.017428207E1,1.036984313E1
2.400139536E1,-1.569691658E0,6.939185858E-1,9.796216011E0,9.945416182E0
2.400377088E1,8.087740541E-1,-1.071984529E0,9.705288887E0,9.797749674E0
2.400614640E1,-4.642075896E-1,5.647061467E-1,1.037527943E1,1.040100019E1
2.400852192E1,7.369893789E-1,-1.019342422E0,9.609575272E0,9.691550403E0
2.401089744E1,-4.163511395E-1,7.417750359E-1,1.020778179E1,1.024316297E1
2.401327297E1,-8.614161611E-2,-1.067198873E0,8.886942863E0,8.951205912E0
2.401564849E1,2.297109663E-1,5.934200287E-1,1.057627583E1,1.059540112E1
2.401802401E1,1.435693540E-2,-9.092726111E-1,9.753145218E0,9.795449170E0
2.402039953E1,9.379864931E-1,3.062812984E-1,1.020299530E1,1.025059706E1
2.402277505E1,-1.253839016E0,-3.924229145E-1,9.528220177E0,9.618372407E0
2.402515062E1,1.450050473E0,-2.440679073E-1,1.030827999E1,1.041262944E1
2.402752614E1,-1.067198873E0,3.828516230E-2,9.934999466E0,9.992226658E0
2.402990166E1,1.942971945E0,-5.599204898E-1,9.891928673E0,1.009647977E1
2.403227718E1,-2.086541414E0,4.498506486E-1,9.456435204E0,9.694337906E0
2.403465271E1,1.856830359E0,-8.901300430E-1,1.019342422E1,1.039932920E1
2.403702823E1,-1.043270707E0,3.062812984E-1,9.949356079E0,1.000859173E1
2.403940375E1,1.641476393E0,-1.196411371E0,1.002114105E1,1.022492606E1
2.404177927E1,-1.258624673E0,8.901300430E-1,1.025085258E1,1.036612012E1
2.404415479E1,7.944171429E-1,-1.330409408E0,9.475577354E0,9.601440204E0
2.404653031E1,-4.259224236E-1,6.556333899E-1,1.056191921E1,1.059081689E1
2.404890583E1,6.747759581E-1,-1.205982566E0,9.379864693E0,9.481116928E0
2.405128135E1,-3.493520916E-1,7.896314859E-1,1.032742214E1,1.036345564E1
2.405365692E1,-2.201396823E-1,-1.177268744E0,9.049654961E0,9.128563856E0
2.405603245E1,3.684946895E-1,5.024927258E-1,1.061456108E1,1.063283566E1
2.405840796E1,-2.967100143E-1,-8.853443861E-1,9.877572060E0,9.921607799E0
2.406078349E1,9.714859724E-1,8.135596663E-2,1.030827999E1,1.035427642E1
2.406315901E1,-1.627119422E0,-2.584248483E-1,9.523433685E0,9.664889558E0
2.406553453E1,1.383051515E0,-4.163511395E-1,1.040399265E1,1.050377279E1
2.406791005E1,-1.411765337E0,1.292124242E-1,9.848857880E0,9.950365760E0
2.407028557E1,1.746760488E0,-7.609176040E-1,9.939785004E0,1.012074571E1
2.407266109E1,-2.244467735E0,5.742774606E-1,9.695717812E0,9.968669615E0
2.407503661E1,1.464407444E0,-1.062413216E0,1.016471100E1,1.032446418E1
2.407741213E1,-1.134197950E0,4.833501875E-1,1.018385315E1,1.025821122E1
2.407978765E1,9.092726111E-1,-1.229910851E0,9.877572060E0,9.995293251E0
2.408216323E1,-1.148554921E0,1.119840980E0,1.021256733E1,1.033778282E1
2.408453875E1,2.201396823E-1,-1.421336651E0,9.274580956E0,9.385441452E0
2.408691427E1,-3.972085714E-1,8.853443861E-1,1.065763187E1,1.070171605E1
2.408928979E1,1.148554832E-1,-1.158126116E0,9.250652313E0,9.323573140E0
2.409166531E1,-1.196411327E-1,6.412764788E-1,1.039920712E1,1.041964770E1
2.409404083E1,-7.848458290E-1,-9.236295223E-1,9.198010445E0,9.277525026E0
2.409641635E1,7.322037220E-1,5.072783828E-1,1.060020447E1,1.063756497E1
2.409879187E1,-1.057627559E0,-5.694918036E-1,9.829715729E0,9.902838395E0
2.410116739E1,1.201196909E0,-3.828516230E-2,1.006899738E1,1.014046587E1
2.410354291E1,-2.029113531E0,1.339980662E-1,9.389435768E0,9.607120341E0
2.410591843E1,1.718046665E0,-6.364908218E-1,1.038006496E1,1.054051961E1
2.410829396E1,-1.641476393E0,4.450650215E-1,9.695717812E0,9.843752918E0
2.411066953E1,1.694118381E0,-9.379864931E-1,1.001156998E1,1.019712651E1
2.411304505E1,-1.703689694E0,8.087740541E-1,9.939785004E0,1.011711421E1
2.411542057E1,1.095912814E0,-1.205982566E0,9.963713646E0,1.009608877E1
2.411779609E1,-5.934200287E-1,7.657032609E-1,1.025085258E1,1.029652502E1
2.412017161E1,3.637090325E-1,-1.095912814E0,9.614361763E0,9.683452962E0
2.412254713E1,-4.642075896E-1,1.009771109E0,1.014078236E1,1.020149956E1
2.412492265E1,4.785645287E-3,-1.373480201E0,9.111868858E0,9.214804656E0
2.412729817E1,3.110669553E-1,9.571290612E-1,1.071506023E1,1.076221978E1
2.412967370E1,-4.737788737E-1,-9.236295223E-1,9.408578873E0,9.465670305E0
2.413204922E1,8.470591903E-1,3.637090325E-1,1.032742214E1,1.036848309E1
2.413442474E1,-1.244267821E0,-4.689932466E-1,9.446864128E0,9.539989462E0
2.413680026E1,1.679761529E0,4.785645287E-3,1.052363396E1,1.065685194E1
2.413917583E1,-1.641476393E0,-2.871387079E-2,9.681360245E0,9.819572568E0
2.414155135E1,1.708475351E0,-3.732803464E-1,9.949356079E0,1.010187669E1
2.414392687E1,-1.933400750E0,4.115654826E-1,9.619147301E0,9.820153736E0
2.414630239E1,1.794616938E0,-1.014556766E0,1.027956581E1,1.048424764E1
2.414867791E1,-1.272981644E0,6.508477330E-1,9.777072906E0,9.881054582E0
2.415105343E1,9.714859724E-1,-1.167697430E0,9.968499184E0,1.008356476E1
2.415342896E1,-8.470591903E-1,8.470591903E-1,1.007378292E1,1.014475830E1
2.415580448E1,5.216353536E-1,-1.368694544E0,9.600004196E0,9.711102345E0
2.415818000E1,-2.009970993E-1,8.997012973E-1,1.043270683E1,1.047335830E1
2.416055552E1,-1.435693651E-1,-1.038485050E0,9.159725189E0,9.219524332E0
2.416293104E1,1.387837082E-1,7.034898400E-1,1.024128056E1,1.026635214E1
2.416530656E1,-4.546363056E-1,-1.057627559E0,9.442078590E0,9.511998651E0
2.416768208E1,1.182054400E0,4.450650215E-1,1.055234814E1,1.062767080E1
2.417005760E1,-1.445264935E0,-3.732803464E-1,9.839286804E0,9.951868858E0
2.417243317E1,1.497906923E0,-1.866401732E-1,9.949356079E0,1.006321251E1
2.417480870E1,-1.737189293E0,1.004985496E-1,9.590433121E0,9.747016674E0
2.417718422E1,2.005185366E0,-5.838487148E-1,1.044706345E1,1.065376846E1
2.417955974E1,-1.808973908E0,5.120640397E-1,9.509077072E0,9.693149279E0
2.418193526E1,1.383051515E0,-9.523434043E-1,9.968499184E0,1.010894482E1
2.418431078E1,-1.115055323E0,7.130611539E-1,1.011685371E1,1.020306491E1
2.418668630E1,9.954141974E-1,-1.292124271E0,1.002114105E1,1.015301446E1
2.418906182E1,-5.982056856E-1,9.475577474E-1,1.024606609E1,1.030716188E1
2.419143734E1,7.178468257E-2,-1.014556766E0,9.159725189E0,9.216021051E0
2.419381286E1,-2.105683982E-1,8.853443861E-1,1.019820976E1,1.023873313E1
2.419618838E1,-6.699903309E-2,-1.182054400E0,9.442078590E0,9.516017527E0
2.419856396E1,8.757730722E-1,5.024927258E-1,1.040399265E1,1.045287236E1
2.420093948E1,-1.292124271E0,-3.732803464E-1,9.805787086E0,9.897594846E0
2.420331500E1,1.205982566E0,-9.571290575E-3,1.013599682E1,1.020749318E1
2.420569046E1,-1.359123230E0,-3.828516230E-2,9.566504478E0,9.662644030E0
2.420806604E1,1.842473388E0,-3.732803464E-1,1.029392338E1,1.046417244E1
2.421044156E1,-1.976471543E0,4.977070987E-1,9.427721024E0,9.645521024E0
2.421281708E1,1.421336651E0,-9.092726111E-1,9.992427826E0,1.013388319E1
2.421519260E1,-1.162911773E0,6.125625968E-1,1.005464077E1,1.014018726E1
2.421756812E1,1.038485050E0,-1.210768223E0,1.024128056E1,1.036475944E1
2.421994364E1,-7.369893789E-1,9.571290612E-1,1.019820976E1,1.026950494E1
2.422231916E1,-2.392822690E-2,-1.124626637E0,9.140582085E0,9.209538451E0
2.422469474E1,-1.866401732E-1,8.757730722E-1,1.036092186E1,1.039954397E1
2.422707020E1,9.571290575E-3,-1.282552958E0,9.403793335E0,9.490856799E0
2.422944578E1,6.364908218E-1,6.604190469E-1,1.042313576E1,1.046341402E1
2.423182130E1,-1.095912814E0,-5.599204898E-1,9.738788605E0,9.816238553E0
2.423419682E1,1.182054400E0,-3.828516230E-2,1.021256733E1,1.028081951E1
2.423657234E1,-1.071984529E0,-1.818545163E-1,9.992427826E0,1.005140964E1
2.423894786E1,1.904686809E0,-5.264210105E-1,1.003071213E1,1.022350902E1
2.424132338E1,-2.072184324E0,6.125625968E-1,9.585647583E0,9.826180356E0
2.424369890E1,1.660618901E0,-1.028913736E0,1.008814049E1,1.027554851E1
2.424607442E1,-9.332008362E-1,4.211367965E-1,9.848857880E0,9.901930192E0
2.424844994E1,1.048056364E0,-1.100698471E0,1.038485050E1,1.049547899E1
2.425082547E1,-4.211367965E-1,6.556333899E-1,9.753145218E0,9.784224700E0
2.425320099E1,-1.052841991E-1,-1.162911773E0,9.475577354E0,9.547251686E0
2.425557656E1,3.397808075E-1,6.699903607E-1,1.045184898E1,1.047881125E1
2.425795208E1,-5.264209956E-2,-1.095912814E0,9.528220177E0,9.591182191E0
2.426032760E1,7.896314859E-1,6.077769399E-1,1.036570740E1,1.041349128E1
2.426270312E1,-1.052842021E0,-6.412764788E-1,9.308079720E0,9.389358866E0
2.426507864E1,1.349551916E0,4.785645381E-2,1.033220863E1,1.042008233E1
2.426745416E1,-1.004985452E0,-1.435693651E-1,9.973284721E0,1.002482000E1
2.426982968E1,2.029113531E0,-5.312066078E-1,9.954142570E0,1.017273004E1
2.427220521E1,-2.081755638E0,6.412764788E-1,9.734002113E0,9.974755095E0
2.427458073E1,1.703689694E0,-1.009771109E0,1.011206818E1,1.030417969E1
2.427695625E1,-6.412764788E-1,4.977070987E-1,9.777072906E0,9.810713659E0
2.427933172E1,7.992027402E-1,-1.095912814E0,1.005942631E1,1.015045849E1
2.428170729E1,-2.919243574E-1,8.949156404E-1,9.786644936E0,9.831811274E0
2.428408286E1,-1.339980662E-1,-1.220339537E0,9.317651749E0,9.398181642E0
2.428645838E1,4.977070987E-1,8.805587292E-1,1.063848972E1,1.068646619E1
2.428883385E1,-2.775674164E-1,-1.019342422E0,9.284152031E0,9.344066651E0
2.429120942E1,9.667003751E-1,5.024927258E-1,1.038485050E1,1.044184507E1
2.429358495E1,-1.282552958E0,-3.206382394E-1,9.475577354E0,9.567356854E0
2.429596046E1,1.603191137E0,-3.637090325E-1,1.020778179E1,1.033930922E1
2.429833599E1,-1.445264935E0,4.115654826E-1,9.968499184E0,1.008112855E1
2.430071151E1,1.895115495E0,-9.284151793E-1,9.887143135E0,1.010984752E1
2.430308703E1,-1.765903115E0,6.891329288E-1,9.638289452E0,9.822929378E0
2.430546255E1,1.201196909E0,-1.325623751E0,1.036092186E1,1.051422152E1
2.430783807E1,-2.871387303E-1,7.417750359E-1,9.896714211E0,9.928626845E0
2.431021364E1,3.349951655E-2,-1.268195987E0,9.844072342E0,9.925482535E0
2.431258916E1,-1.387837082E-1,9.954141974E-1,9.997213364E0,1.004760595E1
2.431496468E1,-3.062812984E-1,-1.497906923E0,9.178867340E0,9.305328529E0
2.431734020E1,8.039883971E-1,8.183453679E-1,1.080598736E1,1.086671290E1
2.431971573E1,-9.714859724E-1,-8.853443861E-1,9.480362892E0,9.571044888E0
2.432209125E1,1.234696507E0,-9.571290575E-3,1.017428207E1,1.024893081E1
2.432446677E1,-1.679761529E0,-6.221338734E-2,9.619147301E0,9.764909835E0
2.432684224E1,1.890329838E0,-7.513462901E-1,1.049970531E1,1.069493711E1
2.432921781E1,-1.761117458E0,3.349951804E-1,9.518648148E0,9.685990865E0
2.433159333E1,1.215553880E0,-1.143769264E0,1.031306553E1,1.044725323E1
2.433396885E1,-9.667003751E-1,5.886343718E-1,9.815358162E0,9.880397557E0
2.433634442E1,4.115654826E-1,-1.478764415E0,1.020778179E1,1.032254520E1
2.433871989E1,-1.004985496E-1,7.704889178E-1,1.009292603E1,1.012279156E1
2.434109547E1,-5.982056856E-1,-1.196411371E0,9.442078590E0,9.536356659E0
2.434347099E1,2.967100143E-1,6.891329288E-1,1.033220863E1,1.035941486E1
2.434584651E1,-7.082754970E-1,-1.268195987E0,9.571290970E0,9.680887670E0
2.434822203E1,1.277767301E0,1.339980662E-1,1.056670475E1,1.064452413E1
2.435059755E1,-1.861616015E0,-1.914258115E-2,9.882357597E0,1.005619075E1
2.435297307E1,1.440479279E0,-7.513462901E-1,9.891928673E0,1.002445782E1
2.435534859E1,-1.708475351E0,2.440679073E-1,9.743574142E0,9.895235937E0
2.435772411E1,1.483550072E0,-1.196411371E0,1.065284634E1,1.082198947E1
2.436009963E1,-9.858429432E-1,5.742774606E-1,9.748359680E0,9.814896707E0
2.436247515E1,-2.871387079E-2,-1.320838094E0,9.868000984E0,9.956047468E0
2.436485073E1,-7.657032460E-2,8.231309652E-1,1.030349445E1,1.033660513E1
2.436722625E1,-6.699903309E-2,-1.473978758E0,9.604789734E0,9.717463048E0
2.436960177E1,4.546363056E-1,7.369893789E-1,1.035613632E1,1.039227632E1
2.437197729E1,-1.110269666E0,-8.039883971E-1,9.600004196E0,9.697379885E0
2.437435281E1,1.263410330E0,1.052841991E-1,1.024606609E1,1.032420267E1
2.437672833E1,-1.191625714E0,-3.397808075E-1,9.891928673E0,9.969236466E0
2.437910385E1,1.952543259E0,-4.977070987E-1,1.027478027E1,1.047049412E1
2.438147937E1,-1.928615093E0,5.359922647E-1,9.705288887E0,9.909564888E0
2.438385489E1,1.301695466E0,-1.076770186E0,1.020778179E1,1.034662526E1
2.438623041E1,-4.689932466E-1,3.828516304E-1,9.494720459E0,9.514002661E0
2.438860593E1,5.359922647E-1,-9.236295223E-1,1.049970531E1,1.055387090E1
2.439098151E1,1.435693651E-1,5.503492355E-1,9.427721024E0,9.444862103E0
2.439335703E1,-4.689932466E-1,-1.019342422E0,9.719645500E0,9.784197580E0
2.439573255E1,1.009771109E0,4.067798555E-1,1.032742214E1,1.038464037E1
2.439810807E1,-6.077769399E-1,-6.412764788E-1,9.949356079E0,9.988509134E0
2.440048359E1,1.660618901E0,1.674975902E-1,1.000199890E1,1.014030042E1
2.440285911E1,-1.564906001E0,-2.871387079E-2,9.566504478E0,9.693697087E0
2.440523463E1,1.856830359E0,-5.790630579E-1,1.017906761E1,1.036323070E1
2.440761015E1,-9.236295223E-1,2.919243574E-1,9.997213364E0,1.004403238E1
2.440998567E1,1.330409408E0,-9.571290612E-1,1.036092186E1,1.048974676E1
2.441236120E1,-6.364908218E-1,6.891329288E-1,9.284152031E0,9.331425598E0
2.441473672E1,3.062812984E-1,-1.119840980E0,1.011685371E1,1.018325003E1
2.441711229E1,5.886343718E-1,6.173482537E-1,9.911071777E0,9.947710946E0
2.441948781E1,-3.828516304E-1,-1.043270707E0,9.767501831E0,9.830517848E0
2.442186333E1,9.858429432E-1,7.609176040E-1,1.023649502E1,1.031196936E1
2.442423885E1,-1.119840980E0,-8.327022791E-1,9.422935486E0,9.525709951E0
2.442661432E1,1.722832322E0,1.292124242E-1,1.053799057E1,1.067867465E1
2.442898989E1,-1.378265858E0,-7.178468257E-2,9.561718941E0,9.660809434E0
2.443136541E1,1.622333765E0,-6.221339107E-1,1.021735287E1,1.036403961E1
2.443374093E1,-1.483550072E0,4.977070987E-1,9.561718941E0,9.688916465E0
2.443611646E1,1.086341500E0,-1.249053478E0,1.059541893E1,1.072395332E1
2.443849192E1,-3.445664644E-1,6.699903607E-1,9.442078590E0,9.472088536E0
2.444086750E1,-2.057827413E-1,-1.024128079E0,1.008335495E1,1.013731877E1
2.444324302E1,1.244267747E-1,6.795616150E-1,9.786644936E0,9.810999190E0
2.444561859E1,-5.742774606E-1,-1.225125194E0,9.604789734E0,9.699624332E0
2.444799411E1,1.182054400E0,6.029912829E-1,1.053799057E1,1.062120974E1
2.445036963E1,-1.598405480E0,-4.307080805E-1,9.480362892E0,9.623808503E0
2.445274515E1,1.440479279E0,-9.092725813E-2,9.911071777E0,1.001561741E1
2.445512067E1,-1.808973908E0,-1.435693540E-2,9.676574707E0,9.844221187E0
2.445749620E1,1.674975872E0,-7.226324677E-1,1.059063339E1,1.074659283E1
2.445987172E1,-1.363908887E0,5.264210105E-1,9.504291534E0,9.616076336E0
2.446224724E1,3.684946895E-1,-1.038485050E0,1.010728264E1,1.016717276E1
2.446462276E1,-3.349951804E-1,6.747759581E-1,9.475577354E0,9.505477924E0
2.446699828E1,-8.135596663E-2,-1.186840057E0,1.002114105E1,1.009150515E1
2.446937380E1,5.742774606E-1,8.039883971E-1,1.012164021E1,1.016974889E1
2.447174937E1,-1.239482164E0,-7.513462901E-1,9.351150513E0,9.462814232E0
2.447412489E1,1.225125194E0,5.120640397E-1,1.021256733E1,1.029852770E1
2.447650041E1,-1.143769264E0,-5.216353536E-1,9.566504478E0,9.648747043E0
2.447887593E1,1.890329838E0,-3.445664644E-1,1.017906761E1,1.035883634E1
2.448125146E1,-1.890329838E0,6.843472719E-1,9.643074989E0,9.850409805E0
2.448362698E1,1.249053478E0,-1.000199914E0,1.007856941E1,1.020480749E1
2.448600250E1,-4.450650215E-1,5.599204898E-1,9.341579437E0,9.368922041E0
2.448837802E1,4.163511395E-1,-8.997012973E-1,1.054277611E1,1.058928415E1
2.449075354E1,3.780659735E-1,7.226324677E-1,9.384650230E0,9.420020781E0
2.449312906E1,-6.556333899E-1,-9.523434043E-1,9.571290970E0,9.640872571E0
2.449550463E1,1.225125194E0,5.934200287E-1,1.040877819E1,1.049741599E1
2.449788015E1,-6.364908218E-1,-5.838487148E-1,9.824930191E0,9.862821764E0
2.450025567E1,1.808973908E0,1.483550072E-1,9.882357597E0,1.004765582E1
2.450263120E1,-1.603191137E0,1.818545163E-1,9.590433121E0,9.725209526E0
2.450500672E1,1.732403636E0,-7.082754970E-1,1.016949654E1,1.034028705E1
2.450738224E1,-5.647061467E-1,4.307080805E-1,9.939785004E0,9.965125609E0
2.450975776E1,9.379864931E-1,-9.762716293E-1,1.027956581E1,1.036833633E1
2.451213328E1,-1.339980662E-1,8.327022791E-1,9.293723106E0,9.331915010E0
2.451450880E1,1.914258115E-2,-1.091127157E0,9.930213928E0,9.989998677E0
2.451688432E1,9.523434043E-1,5.647061467E-1,1.015513897E1,1.021531686E1
2.451925989E1,-6.269195080E-1,-8.805587292E-1,9.844072342E0,9.903240481E0
2.452163541E1,1.574477315E0,5.886343718E-1,1.013599682E1,1.027442946E1
2.452401093E1,-1.473978758E0,-4.259224236E-1,9.466006279E0,9.589541082E0
2.452638646E1,1.990828395E0,-2.679961324E-1,1.043749237E1,1.062903884E1
2.452876198E1,-1.296909928E0,1.674975902E-1,9.738788605E0,9.826191240E0
2.453113750E1,1.244267821E0,-8.757730722E-1,1.040399265E1,1.051466804E1
2.453351302E1,-7.752745152E-1,6.173482537E-1,9.351150513E0,9.403519838E0
2.453588854E1,3.349951804E-1,-1.249053478E0,1.040399265E1,1.048405549E1
2.453826406E1,1.962114573E-1,6.939185858E-1,9.652647018E0,9.679546291E0
2.454063958E1,-7.274180651E-1,-1.019342422E0,1.000199890E1,1.008008820E1
2.454301510E1,7.657032609E-1,7.130611539E-1,1.010728264E1,1.016129519E1
2.454539067E1,-1.258624673E0,-9.236295223E-1,9.533005714E0,9.659990969E0
2.454776620E1,1.646261930E0,2.057827413E-1,1.055713367E1,1.068670184E1
2.455014172E1,-1.933400750E0,-3.349951655E-2,9.561718941E0,9.755287273E0
2.455251724E1,1.229910851E0,-6.891329288E-1,1.014078236E1,1.023831293E1
2.455489276E1,-1.478764415E0,3.732803464E-1,9.638289452E0,9.758212232E0
2.455726828E1,6.939185858E-1,-1.004985452E0,1.078205872E1,1.085100497E1
2.455964380E1,-5.838487148E-1,6.269195080E-1,9.164510727E0,9.204464365E0
2.456201932E1,-7.322037220E-1,-1.052842021E0,1.003071213E1,1.011235800E1
2.456439484E1,3.445664644E-1,7.944171429E-1,1.015035343E1,1.018722236E1
2.456677036E1,-9.140582681E-1,-1.229910851E0,9.705288887E0,9.825518592E0
2.456914593E1,1.172483087E0,5.551348329E-1,1.025085258E1,1.033261196E1
2.457152146E1,-2.048256159E0,-1.962114573E-1,9.609575272E0,9.827399917E0
2.457389698E1,1.406979680E0,-5.359922647E-1,1.022692394E1,1.033715884E1
2.457627250E1,-1.517049551E0,2.057827413E-1,9.906285286E0,1.002388518E1
2.457864802E1,1.095912814E0,-1.009771109E0,1.048534870E1,1.059071291E1
2.458102349E1,-8.805587292E-1,7.322037220E-1,9.346364975E0,9.416264876E0
2.458339906E1,-2.967100143E-1,-1.263410330E0,1.005942631E1,1.014279548E1
2.458577458E1,3.637090325E-1,6.364908218E-1,9.930213928E0,9.957236237E0
2.458815010E1,-6.508477330E-1,-1.048056364E0,1.017428207E1,1.024880679E1
2.459052562E1,1.220339537E0,6.077769399E-1,9.978070259E0,1.007077492E1
2.459290114E1,-1.727617979E0,-5.551348329E-1,9.466006279E0,9.638366741E0
2.459527672E1,1.631905079E0,-2.392822653E-1,1.029392338E1,1.042522080E1
2.459765224E1,-1.229910851E0,1.722832322E-1,9.997213364E0,1.007405764E1
2.460002776E1,1.368694544E0,-9.236295223E-1,1.026520920E1,1.039716000E1
2.460240328E1,-1.071984529E0,7.800601721E-1,9.432506561E0,9.525220456E0
2.460477880E1,3.206382394E-1,-1.253839016E0,1.037527943E1,1.045568479E1
2.460715432E1,4.594219327E-1,6.460621357E-1,9.628718376E0,9.661298172E0
2.460952984E1,-6.412764788E-1,-1.129412293E0,1.001156998E1,1.009546141E1
2.461190536E1,1.148554921E0,8.901300430E-1,9.939785004E0,1.004543856E1
2.461428088E1,-1.368694544E0,-9.044869542E-1,9.485149384E0,9.625979443E0
2.461665640E1,1.847259045E0,9.092725813E-2,1.060020447E1,1.076034240E1
2.461903192E1,-1.450050473E0,1.387837082E-1,9.576076508E0,9.686235005E0
2.462140750E1,1.359123230E0,-8.662018180E-1,1.022692394E1,1.035313937E1
2.462378302E1,-9.619147182E-1,6.987041831E-1,9.418149948E0,9.492892916E0
2.462615854E1,4.450650215E-1,-1.354337573E0,1.072941685E1,1.082371004E1
2.462853406E1,3.876372576E-1,6.987041831E-1,9.360722542E0,9.394763259E0
2.463090958E1,-9.140582681E-1,-1.071984529E0,1.014078236E1,1.023816977E1
2.463328510E1,9.571290612E-1,9.140582681E-1,9.858428955E0,9.946869860E0
2.463566062E1,-1.110269666E0,-1.119840980E0,9.590433121E0,9.719215503E0
2.463803614E1,1.713261008E0,1.531406492E-1,1.047577763E1,1.061605540E1
2.464041166E1,-1.909472466E0,2.727817893E-1,9.734002113E0,9.923270234E0
2.464278718E1,1.320838094E0,-9.140582681E-1,1.006421185E1,1.019158849E1
2.464516276E1,-9.954141974E-1,5.455635786E-1,9.470791817E0,9.538573619E0
2.464753828E1,4.067798555E-1,-1.225125194E0,1.082991505E1,1.090657882E1
2.464991380E1,1.483550072E-1,7.417750359E-1,9.317651749E0,9.348308591E0
2.465228932E1,-1.048056364E0,-1.105484009E0,9.887143135E0,1.000380510E1
2.465466484E1,8.662018180E-1,8.757730722E-1,1.014078236E1,1.021531942E1
2.465704036E1,-1.043270707E0,-1.038485050E0,9.700503349E0,9.811555952E0
2.465941588E1,1.603191137E0,-1.914258115E-2,1.027956581E1,1.040384840E1
2.466179140E1,-2.062613010E0,4.259224236E-1,9.710074425E0,9.935860691E0
2.466416692E1,1.210768223E0,-9.858429432E-1,1.025085258E1,1.036908023E1
2.466654244E1,-7.130611539E-1,4.498506486E-1,9.566504478E0,9.603584214E0
2.466891802E1,1.196411327E-1,-1.148554921E0,1.064806080E1,1.071049444E1
2.467129354E1,1.818545163E-1,7.417750359E-1,9.284152031E0,9.315512879E0
2.467366906E1,-1.019342422E0,-1.201196909E0,9.911071777E0,1.003550082E1
2.467604458E1,1.138983607E0,5.551348329E-1,1.021256733E1,1.029086924E1
2.467842010E1,-1.167697430E0,-5.599204898E-1,1.004985523E1,1.013294717E1
2.468079562E1,1.794616938E0,-2.105683982E-1,9.973284721E0,1.013564981E1
2.468317114E1,-1.981257200E0,3.397808075E-1,9.556933403E0,9.766053817E0
2.468554666E1,1.320838094E0,-1.162911773E0,1.053799057E1,1.068392355E1
2.468792218E1,-3.206382394E-1,6.412764788E-1,9.614361763E0,9.641057852E0
2.469029771E1,-8.135596663E-2,-1.277767301E0,1.042792130E1,1.050622913E1
2.469267323E1,3.541377485E-1,9.044869542E-1,9.437292099E0,9.487148800E0
2.469504880E1,-7.752745152E-1,-1.325623751E0,9.820143700E0,9.939494514E0
2.469742432E1,1.569691658E0,6.269195080E-1,1.044706345E1,1.058291522E1
2.469979984E1,-1.469193101E0,-3.541377485E-1,9.690931320E0,9.808062590E0
2.470217536E1,1.794616938E0,-3.206382394E-1,1.005942631E1,1.022328306E1
2.470455088E1,-1.560120344E0,2.632105052E-1,9.528220177E0,9.658687022E0
2.470692640E1,1.249053478E0,-9.762716293E-1,1.093041420E1,1.104478137E1
2.470930192E1,-1.674975902E-1,6.077769399E-1,8.977870941E0,8.999978605E0
2.471167745E1,-2.823530734E-1,-1.134197950E0,1.037049294E1,1.043615120E1
2.471405296E1,6.460621357E-1,8.518448472E-1,9.523433685E0,9.583257540E0
2.471642849E1,-6.221339107E-1,-1.191625714E0,1.005942631E1,1.014884624E1
2.471880406E1,1.756331801E0,5.407779217E-1,1.001156998E1,1.017883469E1
2.472117958E1,-1.775474429E0,-1.435693540E-2,9.700503349E0,9.861657102E0
2.472355510E1,1.751546144E0,-6.173482537E-1,1.012164021E1,1.029060898E1
2.472593062E1,-9.906286001E-1,4.785645306E-1,9.638289452E0,9.700875867E0
2.472830614E1,9.523434043E-1,-1.048056364E0,1.072463131E1,1.081772142E1
2.473068166E1,2.871387079E-2,8.039883971E-1,8.949156761E0,8.985245048E0
2.473305718E1,-6.939185858E-1,-1.177268744E0,1.011685371E1,1.020873223E1
2.473543270E1,1.119840980E0,8.279166222E-1,9.834501266E0,9.932618231E0
2.473780823E1,-8.279166222E-1,-7.704889178E-1,1.020299530E1,1.026548646E1
2.474018380E1,1.875972986E0,1.866401732E-1,9.772287369E0,9.952472538E0
2.474255932E1,-1.885544300E0,2.727817893E-1,9.667003632E0,9.852951153E0
2.474493484E1,1.521835208E0,-8.039883971E-1,1.030827999E1,1.045098159E1
2.474731036E1,-4.307080805E-1,5.024927258E-1,9.662218094E0,9.684857608E0
2.474968588E1,2.344966233E-1,-9.523434043E-1,1.060499001E1,1.065024693E1
2.475206140E1,2.871387303E-1,7.513462901E-1,8.896514893E0,8.932801752E0
2.475443692E1,-7.609176040E-1,-1.071984529E0,1.004028416E1,1.012597908E1
2.475681244E1,1.517049551E0,4.929214716E-1,9.882357597E0,1.001026486E1
2.475918797E1,-1.359123230E0,-3.302095234E-1,1.008814049E1,1.018463710E1
2.476156343E1,1.914258122E0,-8.614161611E-2,9.872786522E0,1.005702333E1
2.476393906E1,-1.789831281E0,2.488535494E-1,9.485149384E0,9.655748699E0
2.476631458E1,1.268195987E0,-1.024128079E0,1.079641533E1,1.091877939E1
2.476869010E1,-1.148554832E-1,5.694918036E-1,9.154939651E0,9.173354497E0
2.477106562E1,-4.546363056E-1,-1.000199914E0,1.039442158E1,1.045232481E1
2.477344114E1,6.364908218E-1,6.795616150E-1,9.322437286E0,9.368818576E0
2.477581666E1,-8.518448472E-1,-1.201196909E0,1.011206818E1,1.021872969E1
2.477819218E1,1.741974831E0,4.977070987E-1,1.012164021E1,1.028249917E1
2.478056771E1,-1.813759565E0,-6.221338734E-2,9.877572060E0,1.004290914E1
2.478294323E1,1.588834286E0,-7.704889178E-1,1.003549862E1,1.018966536E1
2.478531875E1,-1.311266780E0,3.828516304E-1,9.456435204E0,9.554588568E0
2.478769432E1,6.843472719E-1,-1.086341500E0,1.116491032E1,1.123849151E1
2.479006984E1,1.100698411E-1,5.120640397E-1,8.671588898E0,8.687391954E0
2.479244536E1,-1.115055323E0,-1.225125194E0,1.037049294E1,1.050197143E1
2.479482083E1,1.105484009E0,7.609176040E-1,9.820143700E0,9.911423348E0
2.479719640E1,-1.177268744E0,-9.379864931E-1,1.020778179E1,1.031816793E1
2.479957192E1,1.765903115E0,-2.009970993E-1,9.939785004E0,1.009743233E1
2.480194745E1,-2.163111687E0,4.163511395E-1,9.748359680E0,9.994144130E0
2.480432296E1,1.009771109E0,-1.095912814E0,1.049491978E1,1.060018885E1
2.480669849E1,-3.445664644E-1,3.732803464E-1,9.274580956E0,9.288482985E0
2.480907406E1,-2.967100143E-1,-1.244267821E0,1.087777138E1,1.095272338E1
2.481144958E1,5.790630579E-1,6.987041831E-1,9.217152596E0,9.261717094E0
2.481382510E1,-1.464407444E0,-1.148554921E0,1.010728264E1,1.027719952E1
2.481620062E1,1.574477315E0,2.871387303E-1,1.014078236E1,1.026629896E1
2.481857614E1,-1.593619823E0,-2.009970993E-1,1.005464077E1,1.018213263E1
2.482095166E1,1.612762451E0,-8.327022791E-1,1.028913784E1,1.044800236E1
2.482332718E1,-1.450050473E0,5.934200287E-1,9.293723106E0,9.424865139E0
2.482570265E1,2.967100143E-1,-1.445264935E0,1.107398319E1,1.117183652E1
2.482807823E1,4.833501875E-1,6.317051649E-1,8.901300430E0,8.936768329E0
2.483045375E1,-1.067198873E0,-1.287338614E0,1.074377346E1,1.087312385E1
2.483282932E1,1.105484009E0,7.609176040E-1,9.403793335E0,9.499074670E0
2.483520484E1,-1.550549030E0,-8.518448472E-1,1.018863869E1,1.034109280E1
2.483758036E1,2.105684042E0,-1.770688742E-1,1.043749237E1,1.064924907E1
2.483995583E1,-1.746760488E0,2.584248483E-1,9.504291534E0,9.666928839E0
2.484233140E1,7.178468108E-1,-1.024128079E0,1.066720295E1,1.074026821E1
2.484470692E1,-8.614161611E-2,4.259224236E-1,8.977870941E0,8.988381218E0
2.484708244E1,-2.919243574E-1,-1.249053478E0,1.105005455E1,1.112425548E1
2.484945797E1,1.009771109E0,5.264210105E-1,9.111868858E0,9.182750724E0
2.485183349E1,-1.627119422E0,-6.508477330E-1,1.052841949E1,1.067327211E1
2.485420896E1,1.842473388E0,1.770688742E-1,9.791430473E0,9.964846827E0
2.485658458E1,-1.550549030E0,-1.387837082E-1,9.824930191E0,9.947498001E0
2.485896010E1,1.507478237E0,-9.044869542E-1,1.072463131E1,1.086776444E1
2.486133562E1,-6.460621357E-1,8.039883971E-1,8.992227554E0,9.051185006E0
2.486371114E1,-3.589234054E-1,-1.272981644E0,1.067677498E1,1.075838428E1
2.486608666E1,8.470591903E-1,5.551348329E-1,9.001798630E0,9.058590537E0
2.486846218E1,-9.523434043E-1,-9.523434043E-1,1.090648556E1,1.098932860E1
2.487083771E1,1.732403636E0,4.211367965E-1,9.451649666E0,9.618329375E0
2.487321323E1,-2.033899307E0,9.571290575E-3,9.949356079E0,1.015512306E1
2.487558875E1,1.832902193E0,-8.039883971E-1,1.023170948E1,1.042563220E1
2.487796427E1,-8.135597110E-1,5.168496966E-1,9.528220177E0,9.576846702E0
2.488033984E1,3.349951655E-2,-1.105484009E0,1.091127110E1,1.096718077E1
2.488271536E1,3.780659735E-1,6.939185858E-1,8.638090134E0,8.674160365E0
2.488509088E1,-1.048056364E0,-1.186840057E0,1.045663452E1,1.057583174E1
2.488746640E1,1.689332843E0,5.264210105E-1,9.762716293E0,9.921773730E0
2.488984192E1,-1.770688772E0,-2.153540403E-1,1.027956581E1,1.043317734E1
2.489221744E1,1.933400750E0,-4.163511395E-1,9.829715729E0,1.002669926E1
2.489459296E1,-1.679761529E0,4.163511395E-1,9.456435204E0,9.613486039E0
2.489696849E1,8.997012973E-1,-1.100698471E0,1.123190975E1,1.132151917E1
2.489934401E1,1.674975902E-1,5.312066078E-1,8.537590981E0,8.555740509E0
2.490171958E1,-1.033699393E0,-9.619147182E-1,1.054756260E1,1.064165829E1
2.490409510E1,1.129412293E0,6.412764788E-1,9.284152031E0,9.374555274E0
2.490647062E1,-1.062413216E0,-8.518448472E-1,1.052363396E1,1.061137282E1
2.490884614E1,2.072184324E0,5.742774159E-2,9.801001549E0,1.001782797E1
2.491122166E1,-1.966900229E0,4.498506486E-1,9.619147301E0,9.828481923E0
2.491359718E1,1.110269666E0,-1.024128079E0,1.054277611E1,1.065043028E1
2.491597270E1,-6.221338734E-2,5.168496966E-1,8.930013657E0,8.945174566E0
2.491834823E1,-2.488535494E-1,-1.062413216E0,1.091127110E1,1.096569591E1
2.492072375E1,1.038485050E0,6.843472719E-1,8.863015175E0,8.949850299E0
2.492309932E1,-1.569691658E0,-7.130611539E-1,1.031306553E1,1.045618041E1
2.492547484E1,2.038684845E0,3.014956415E-1,9.714859962E0,9.931044236E0
2.492785036E1,-1.426122308E0,1.387837082E-1,9.930213928E0,1.003305708E1
2.493022588E1,1.646261930E0,-8.614161611E-1,1.034177971E1,1.050736045E1
2.493260140E1,-7.704889178E-1,8.662018180E-1,9.073583603E0,9.147342683E0
2.493497692E1,-1.244267747E-1,-1.191625714E0,1.070548820E1,1.077232248E1
2.493735245E1,1.091127157E0,6.604190469E-1,8.872586250E0,8.963788181E0
2.493972791E1,-1.143769264E0,-9.092726111E-1,1.060499001E1,1.070517622E1
2.494210349E1,1.684547186E0,6.987041831E-1,9.332008362E0,9.508536524E0
2.494447901E1,-1.904686809E0,-8.614161611E-2,9.853643417E0,1.003641075E1
2.494685458E1,2.096112728E0,-5.647061467E-1,1.047099209E1,1.069365498E1
2.494923005E1,-8.997012973E-1,5.120640397E-1,9.231510162E0,9.289373062E0
2.495160562E1,-9.571290575E-3,-9.092726111E-1,1.068156052E1,1.072019605E1
2.495398114E1,4.689932466E-1,6.891329288E-1,8.700303078E0,8.740144879E0
2.495635666E1,-7.082754970E-1,-1.172483087E0,1.063848972E1,1.072631504E1
2.495873218E1,1.607976794E0,5.694918036E-1,9.528220177E0,9.679715389E0
2.496110770E1,-1.904686809E0,4.785645287E-3,1.031785107E1,1.049218306E1
2.496348323E1,1.981257200E0,-4.067798555E-1,9.872786522E0,1.007783527E1
2.496585875E1,-1.335195065E0,2.536391914E-1,9.485149384E0,9.582021578E0
2.496823432E1,6.173482537E-1,-1.000199914E0,1.119841003E1,1.125992478E1
2.497060984E1,2.632105052E-1,6.604190469E-1,8.513663292E0,8.543295367E0
2.497298536E1,-1.162911773E0,-1.268195987E0,1.045663452E1,1.059725863E1
2.497536088E1,1.220339537E0,5.599204898E-1,9.576076508E0,9.669745644E0
2.497773640E1,-1.263410330E0,-5.264210105E-1,1.068634605E1,1.077363990E1
2.498011192E1,1.923829436E0,-2.440679073E-1,9.690931320E0,9.883058165E0
2.498248744E1,-2.115255117E0,3.732803464E-1,9.547362328E0,9.785998664E0
2.498486296E1,8.422735929E-1,-1.182054400E0,1.084905815E1,1.094571789E1
2.498723849E1,1.387837082E-1,3.732803464E-1,9.068798065E0,9.077538074E0
2.498961401E1,-7.800601721E-1,-1.110269666E0,1.091605663E1,1.100006750E1
2.499198958E1,8.039883971E-1,6.317051649E-1,8.949156761E0,9.007377837E0
2.499436510E1,-1.622333765E0,-9.140582681E-1,1.042792130E1,1.059287553E1
2.499674062E1,2.057827473E0,-1.435693540E-2,1.015035343E1,1.035685931E1
2.499911614E1,-1.914258122E0,1.531406492E-1,9.705288887E0,9.893455847E0
2.500149166E1,1.215553880E0,-9.427721500E-1,1.056191921E1,1.067335599E1
2.500386718E1,-7.130611539E-1,5.551348329E-1,9.040083885E0,9.085138829E0
2.500624271E1,-3.062812984E-1,-1.282552958E0,1.103091240E1,1.110944547E1
2.500861823E1,7.513462901E-1,5.312066078E-1,8.757730484E0,8.805938050E0
2.501099375E1,-1.469193101E0,-7.848458290E-1,1.081555843E1,1.094307158E1
2.501336932E1,1.517049551E0,3.158525825E-1,9.389435768E0,9.516443991E0
2.501574484E1,-1.651047587E0,-2.201396823E-1,1.013121128E1,1.026722268E1
2.501812036E1,1.914258122E0,-6.747759581E-1,1.038485050E1,1.058134333E1
2.502049588E1,-1.229910851E0,5.790630579E-1,9.446864128E0,9.544172912E0
2.502287140E1,-1.435693540E-2,-1.086341500E0,1.059541893E1,1.065097396E1
2.502524692E1,4.354937077E-1,5.312066078E-1,8.776873589E0,8.803712014E0
2.502762245E1,-6.412764788E-1,-1.119840980E0,1.089691448E1,1.097305903E1
2.502999797E1,1.430907965E0,6.508477330E-1,9.561718941E0,9.690075824E0
2.503237354E1,-1.923829436E0,-2.105683982E-1,1.003549862E1,1.022040563E1
2.503474906E1,1.986042738E0,-3.684946895E-1,1.004506969E1,1.024614948E1
2.503712458E1,-1.153340459E0,1.866401732E-1,9.781859398E0,9.851385793E0
2.503950010E1,8.327022791E-1,-9.619147182E-1,1.081555843E1,1.089013210E1
2.504187562E1,-1.387837082E-1,8.183453679E-1,8.719446182E0,8.758863613E0
2.504425114E1,-6.221339107E-1,-1.129412293E0,1.058106136E1,1.065933780E1
2.504662666E1,1.234696507E0,4.546363056E-1,9.355937004E0,9.448001210E0
2.504900218E1,-1.201196909E0,-5.982056856E-1,1.067677498E1,1.076077358E1
2.505137770E1,2.081755638E0,1.148554832E-1,9.523433685E0,9.748983920E0
2.505375328E1,-1.990828395E0,2.249253243E-1,9.748359680E0,9.952110608E0
2.505612880E1,1.569691658E0,-1.024128079E0,1.064806080E1,1.081175143E1
2.505850432E1,-2.057827413E-1,6.221339107E-1,9.221938133E0,9.245190105E0
2.506087984E1,-3.110669553E-1,-1.091127157E0,1.068634605E1,1.074640931E1
2.506325536E1,6.556333899E-1,7.322037220E-1,8.963513374E0,9.017236242E0
2.506563088E1,-8.949156404E-1,-1.138983607E0,1.051406288E1,1.061337251E1
2.506800640E1,1.995614052E0,4.450650215E-1,9.887143135E0,1.009634378E1
2.507038192E1,-1.895115495E0,-2.871387079E-2,9.963713646E0,1.014238024E1
2.507275744E1,1.746760488E0,-6.747759581E-1,1.005942631E1,1.023223106E1
2.507513296E1,-1.143769264E0,3.780659735E-1,9.394221306E0,9.471142273E0
2.507750854E1,4.354937077E-1,-1.052842021E0,1.116969585E1,1.122765499E1
2.507988406E1,5.024927258E-1,4.929214716E-1,8.508877754E0,8.537943028E0
2.508225958E1,-1.244267821E0,-1.115055323E0,1.058106136E1,1.071216180E1
2.508463510E1,1.330409408E0,7.034898400E-1,9.566504478E0,9.684156911E0
2.508701062E1,-1.320838094E0,-7.322037220E-1,1.031785107E1,1.042778913E1
2.508938614E1,1.962114573E0,-3.637090325E-1,9.992427826E0,1.018973953E1
2.509176166E1,-2.009970903E0,5.838487148E-1,9.623932838E0,9.848905809E0
2.509413718E1,6.795616150E-1,-1.124626637E0,1.063848972E1,1.071933079E1
2.509651276E1,0.000000000E0,4.259224236E-1,8.910871506E0,8.921044832E0
2.509888828E1,-6.364908218E-1,-1.067198873E0,1.095434189E1,1.102459252E1
2.510126380E1,8.327022791E-1,5.312066078E-1,8.949156761E0,9.003498225E0
2.510363932E1,-1.775474429E0,-7.274180651E-1,1.038485050E1,1.056061392E1
2.510601484E1,1.770688772E0,-9.092725813E-2,9.868000984E0,1.002601865E1
2.510839036E1,-1.674975872E0,1.770688742E-1,9.963713646E0,1.010507235E1
2.511076588E1,1.229910851E0,-1.028913736E0,1.041835022E1,1.054103247E1
2.511314140E1,-9.619147182E-1,7.034898400E-1,8.891729355E0,8.971233405E0
2.511551692E1,-3.828516304E-1,-1.339980721E0,1.094955635E1,1.103788512E1
2.511789250E1,8.422735929E-1,6.269195080E-1,8.968298912E0,9.029553602E0
2.512026802E1,-1.440479279E0,-8.949156404E-1,1.071506023E1,1.084842709E1
2.512264354E1,1.392622828E0,3.924229145E-1,9.370293617E0,9.481339386E0
2.512501906E1,-1.813759565E0,-2.297109663E-1,1.000678444E1,1.017242477E1
2.512739458E1,1.895115495E0,-6.795616150E-1,1.055713367E1,1.074738750E1
2.512977010E1,-1.220339537E0,4.785645306E-1,9.221938133E0,9.314633408E0
2.513214562E1,-4.307080805E-2,-9.619147182E-1,1.076770210E1,1.081066805E1
2.513452114E1,3.062812984E-1,5.120640397E-1,8.762516975E0,8.782808296E0
2.513689666E1,-6.460621357E-1,-1.196411371E0,1.086820030E1,1.095292537E1
2.513927218E1,1.339980721E0,5.168496966E-1,9.379864693E0,9.489180344E0
2.514164776E1,-1.856830359E0,-1.770688742E-1,1.029392338E1,1.046155012E1
2.514402328E1,1.995614052E0,-3.302095234E-1,9.839286804E0,1.004505244E1
2.514639880E1,-1.387837172E0,1.387837082E-1,9.638289452E0,9.738684536E0
2.514877432E1,1.004985452E0,-9.714859724E-1,1.095434189E1,1.104316019E1
2.515114984E1,-5.264209956E-2,6.939185858E-1,8.642875671E0,8.670847367E0
2.515352536E1,-6.699903607E-1,-1.062413216E0,1.065763187E1,1.073138976E1
2.515590088E1,1.124626637E0,4.067798555E-1,9.030512810E0,9.109358733E0
2.515827640E1,-9.188438654E-1,-5.455635786E-1,1.096869946E1,1.102062981E1
2.516065198E1,1.990828395E0,-8.135596663E-2,9.403793335E0,9.612561863E0
2.516302750E1,-1.981257200E0,4.115654826E-1,9.824930191E0,1.003115245E1
2.516540302E1,1.555334687E0,-1.153340459E0,1.045663452E1,1.063440011E1
2.516777854E1,-2.440679073E-1,6.125625968E-1,9.288937569E0,9.312312454E0
2.517015406E1,-2.919243574E-1,-1.091127157E0,1.089212894E1,1.095053657E1
2.517252958E1,7.274180651E-1,6.508477330E-1,8.695517540E0,8.750129433E0
2.517490510E1,-1.086341500E0,-1.076770186E0,1.058584690E1,1.069578078E1
2.517728062E1,1.986042738E0,2.775674164E-1,9.891928673E0,1.009314928E1
2.517965614E1,-1.694118381E0,-4.307080805E-2,1.008335495E1,1.022477086E1
2.518203172E1,1.856830359E0,-6.364908218E-1,1.004028416E1,1.023035901E1
2.518440724E1,-1.378265858E0,4.259224236E-1,9.375079155E0,9.485417010E0
2.518678276E1,4.785645306E-1,-1.182054400E0,1.125583744E1,1.132784856E1
2.518915828E1,4.833501875E-1,4.977070987E-1,8.451449394E0,8.479878338E0
2.519153380E1,-1.105484009E0,-9.475577474E-1,1.079162979E1,1.088940926E1
2.519390932E1,1.220339537E0,4.881358147E-1,9.269794464E0,9.362510057E0
2.519628484E1,-1.196411371E0,-6.699903607E-1,1.053799057E1,1.062683078E1
2.519866036E1,2.148754835E0,-2.297109663E-1,9.901499748E0,1.013457506E1
2.520103593E1,-2.053041935E0,4.163511395E-1,9.537791252E0,9.765131409E0
2.520341146E1,9.092726111E-1,-1.014556766E0,1.072463131E1,1.081081953E1
2.520578698E1,-8.135596663E-2,3.924229145E-1,8.819944382E0,8.829044877E0
2.520816250E1,-3.206382394E-1,-9.571290612E-1,1.120319557E1,1.124857751E1
2.521053802E1,8.327022791E-1,4.642075896E-1,8.719446182E0,8.771409436E0
2.521291354E1,-1.569691658E0,-5.886343718E-1,1.056670475E1,1.069886310E1
2.521528906E1,1.799402595E0,-4.785645287E-3,9.595218658E0,9.762483992E0
2.521766458E1,-1.450050473E0,1.196411327E-1,1.013599682E1,1.023989218E1
2.522004010E1,1.593619823E0,-9.427721500E-1,1.026042366E1,1.042615639E1
2.522241567E1,-1.067198873E0,7.704889178E-1,9.154939651E0,9.249080313E0
2.522479120E1,-1.722832322E-1,-1.148554921E0,1.082512951E1,1.088725350E1
2.522716672E1,8.039883971E-1,5.455635786E-1,8.829515457E0,8.882813753E0
2.522954224E1,-9.619147182E-1,-9.667003751E-1,1.074377346E1,1.082997958E1
2.523191776E1,1.440479279E0,5.551348329E-1,9.375079155E0,9.501329612E0
2.523429328E1,-1.770688772E0,-2.153540403E-1,9.949356079E0,1.010798706E1
2.523666880E1,2.072184324E0,-5.168496966E-1,1.036092186E1,1.057874205E1
2.523904432E1,-1.225125194E0,3.732803464E-1,9.336793900E0,9.424223590E0
2.524142067E1,3.828516304E-1,-9.619147182E-1,1.079162979E1,1.084117747E1
2.524379541E1,1.387837082E-1,6.029912829E-1,8.599804878E0,8.622035917E0
2.524617093E1,-5.359922647E-1,-1.253839016E0,1.079641533E1,1.088218654E1
2.524854646E1,1.339980721E0,5.407779217E-1,9.322437286E0,9.433759911E0
2.525092198E1,-1.536192179E0,-4.833501875E-1,1.052841949E1,1.065087465E1
2.525329750E1,1.885544300E0,-5.264209956E-2,9.480362892E0,9.666195170E0
2.525567302E1,-1.526620865E0,3.349951655E-2,9.805787086E0,9.923968655E0
2.525804854E1,1.564906001E0,-9.523434043E-1,1.086820030E1,1.102150927E1
2.526042406E1,-4.307080805E-1,6.412764788E-1,8.819944382E0,8.853709046E0
2.526279958E1,-5.359922647E-1,-1.081555843E0,1.077248764E1,1.083990501E1
2.526517515E1,8.949156404E-1,3.972085714E-1,8.963513374E0,9.016829857E0
2.526755067E1,-7.178468108E-1,-8.614161611E-1,1.099262714E1,1.104966938E1
2.526992620E1,1.765903115E0,1.100698411E-1,9.375079155E0,9.540578512E0
2.527230172E1,-1.933400750E0,1.627119333E-1,1.001156998E1,1.019784522E1
2.527467724E1,1.785045743E0,-8.279166222E-1,1.023649502E1,1.042389872E1
2.527705276E1,-7.226324677E-1,2.679961324E-1,9.451649666E0,9.483021724E0
2.527942828E1,1.292124242E-1,-1.091127157E0,1.106919765E1,1.112359614E1
2.528180380E1,4.115654826E-1,6.125625968E-1,8.614161491E0,8.645715545E0
2.528417937E1,-1.067198873E0,-1.162911773E0,1.068156052E1,1.079754659E1
2.528655489E1,1.526620865E0,3.110669553E-1,9.614361763E0,9.739778541E0
2.528893041E1,-1.440479279E0,-4.019941986E-1,1.048056316E1,1.058672679E1
2.529130593E1,1.990828395E0,-4.163511395E-1,9.824930191E0,1.003324470E1
2.529368146E1,-1.861616015E0,3.732803464E-1,9.571290970E0,9.757794999E0
2.529605698E1,8.279166222E-1,-1.277767301E0,1.093998528E1,1.104542498E1
2.529843250E1,1.962114573E-1,5.982056856E-1,8.886942863E0,8.909214468E0
2.530080802E1,-7.800601721E-1,-1.110269666E0,1.105484104E1,1.113780513E1
2.530318359E1,8.374879360E-1,4.642075896E-1,9.035298347E0,9.085895165E0
2.530555911E1,-1.292124271E0,-9.619147182E-1,1.062891865E1,1.075029193E1
2.530793463E1,2.134397745E0,6.699903309E-2,9.997213364E0,1.022274022E1
2.531031015E1,-2.038684845E0,1.148554832E-1,9.820143700E0,1.003018694E1
2.531268567E1,1.220339537E0,-8.566305041E-1,1.034177971E1,1.044870575E1
2.531506120E1,-6.843472719E-1,3.637090325E-1,9.121439934E0,9.154304010E0
2.531743672E1,-6.699903309E-2,-1.076770186E0,1.136590767E1,1.141699523E1
2.531981224E1,5.934200287E-1,4.211367965E-1,8.729017258E0,8.759294824E0
2.532218781E1,-1.450050473E0,-8.662018180E-1,1.070548820E1,1.083791630E1
2.532456333E1,1.536192179E0,3.349951804E-1,9.537791252E0,9.666517995E0
2.532693885E1,-1.416550994E0,-3.924229145E-1,1.029870892E1,1.040307732E1
2.532931437E1,1.785045743E0,-5.168496966E-1,1.015035343E1,1.031906957E1
2.533168989E1,-1.435693622E0,6.029912829E-1,9.442078590E0,9.569621872E0
2.533406541E1,5.742774159E-2,-1.158126116E0,1.071984577E1,1.078237671E1
2.533644093E1,4.929214716E-1,4.546363056E-1,8.810373306E0,8.835855564E0
2.533881646E1,-6.221339107E-1,-9.523434043E-1,1.108355427E1,1.114177651E1
2.534119198E1,1.282552958E0,4.259224236E-1,9.016156197E0,9.116875811E0
2.534356755E1,-1.808973908E0,-3.302095234E-1,1.029392338E1,1.045687733E1
2.534594307E1,2.076970100E0,-3.158525825E-1,9.930213928E0,1.015001066E1
2.534831859E1,-1.316052437E0,3.828516304E-1,9.858428955E0,9.953250266E0
2.535069411E1,8.135597110E-1,-9.810572863E-1,1.051406288E1,1.059102786E1
2.535306963E1,-2.344966233E-1,7.130611539E-1,8.733802795E0,8.766000008E0
2.535544515E1,-3.349951804E-1,-1.153340459E0,1.089691448E1,1.096289931E1
2.535782067E1,1.210768223E0,6.077769399E-1,9.006584167E0,9.107903758E0
2.536019620E1,-1.392622828E0,-6.364908218E-1,1.067677498E1,1.078601144E1
2.536257177E1,1.962114573E0,2.632105052E-1,9.370293617E0,9.577138186E0
2.536494729E1,-1.737189293E0,1.244267747E-1,9.877572060E0,1.002994210E1
2.536732281E1,1.703689694E0,-8.853443861E-1,1.071984577E1,1.089043097E1
2.536969833E1,-5.120640397E-1,6.317051649E-1,8.891729355E0,8.928835978E0
2.537207385E1,-2.727817893E-1,-8.901300430E-1,1.104526901E1,1.108443544E1
2.537444937E1,6.699903607E-1,5.551348329E-1,8.609375954E0,8.653231540E0
2.537682489E1,-7.513462901E-1,-9.044869542E-1,1.087777138E1,1.094113925E1
2.537920041E1,1.885544300E0,3.732803464E-1,9.293723106E0,9.490411198E0
2.538157599E1,-1.899901152E0,6.699903309E-2,1.004506969E1,1.022338195E1
2.538395151E1,1.679761529E0,-5.455635786E-1,1.004985523E1,1.020386342E1
2.538632703E1,-8.853443861E-1,2.775674164E-1,9.346364975E0,9.392306245E0
2.538870255E1,4.163511395E-1,-9.044869542E-1,1.118883896E1,1.123305667E1
2.539107807E1,3.302095234E-1,5.024927258E-1,8.499305725E0,8.520547816E0
2.539345359E1,-1.258624673E0,-9.571290612E-1,1.062413216E1,1.074115525E1
2.539582906E1,1.617548108E0,3.397808075E-1,9.317651749E0,9.463115078E0
2.539820463E1,-1.354337573E0,-3.589234054E-1,1.072941685E1,1.082051025E1
2.540058020E1,1.828116536E0,-4.211367965E-1,9.705288887E0,9.884937969E0
2.540295573E1,-1.828116536E0,5.455635786E-1,9.566504478E0,9.754878658E0
2.540533125E1,6.508477330E-1,-1.306481123E0,1.085862923E1,1.095629154E1
2.540770677E1,3.684946895E-1,5.503492355E-1,8.853444099E0,8.878183657E0
2.541008229E1,-9.858429432E-1,-1.100698471E0,1.092084217E1,1.102035467E1
2.541245781E1,1.100698471E0,5.599204898E-1,8.930013657E0,9.014998169E0
2.541483328E1,-1.579262972E0,-7.034898400E-1,1.058106136E1,1.072137254E1
2.541720885E1,2.000399828E0,-2.249253243E-1,9.968499184E0,1.016971813E1
2.541958437E1,-1.914258122E0,3.302095234E-1,9.667003632E0,9.860242477E0
2.542195994E1,9.332008362E-1,-1.000199914E0,1.060499001E1,1.069285166E1
2.542433547E1,-4.498506486E-1,5.359922647E-1,8.714659691E0,8.742708210E0
2.542671099E1,-5.599204898E-1,-1.196411371E0,1.135155106E1,1.142815044E1
2.542908651E1,1.100698471E0,3.541377485E-1,8.652446747E0,8.729363400E0
2.543146203E1,-1.832902193E0,-6.173482537E-1,1.086341476E1,1.103423897E1
2.543383755E1,1.555334687E0,4.785645381E-2,9.370293617E0,9.498618779E0
2.543621307E1,-1.732403636E0,2.392822690E-2,1.008335495E1,1.023112125E1
2.543858864E1,1.421336651E0,-8.518448472E-1,1.062413216E1,1.075258209E1
2.544096416E1,-8.374879360E-1,6.556333899E-1,8.944371223E0,9.007386845E0
2.544333968E1,-8.662018180E-1,-1.004985452E0,1.085384369E1,1.093463416E1
2.544571521E1,8.901300430E-1,4.115654826E-1,8.690732002E0,8.745887055E0
2.544809073E1,-1.124626637E0,-6.843472719E-1,1.117448139E1,1.125176211E1
2.545046625E1,1.531406522E0,1.100698411E-1,9.154939651E0,9.282792755E0
2.545284177E1,-2.225325108E0,3.493520916E-1,1.007378292E1,1.032255884E1
2.545521729E1,1.450050473E0,-9.332008362E-1,1.031306553E1,1.045623406E1
2.545759281E1,-5.838487148E-1,5.312066078E-1,9.279366493E0,9.312878304E0
2.545996838E1,-5.647061467E-1,-1.067198873E0,1.109791183E1,1.116339794E1
2.546234390E1,5.647061467E-1,6.747759581E-1,8.336593628E0,8.382899793E0
2.546471942E1,-1.363908887E0,-9.379864931E-1,1.083470058E1,1.096041983E1
2.546709495E1,1.741974831E0,2.440679073E-1,9.552147865E0,9.712753178E0
2.546947046E1,-1.880758643E0,1.052841991E-1,1.014078236E1,1.031425250E1
2.547184599E1,1.593619823E0,-6.412764788E-1,1.011685371E1,1.026165624E1
2.547422151E1,-1.196411371E0,5.359922647E-1,9.097511292E0,9.191485167E0
2.547659703E1,-1.244267747E-1,-1.191625714E0,1.135155106E1,1.141460316E1
2.547897260E1,8.757730722E-1,5.790630579E-1,8.413164139E0,8.478421040E0
2.548134812E1,-1.483550072E0,-8.087740541E-1,1.095434189E1,1.108389113E1
2.548372364E1,1.406979680E0,3.254238665E-1,9.097511292E0,9.211417058E0
2.548609916E1,-1.617548108E0,-1.770688742E-1,1.043270683E1,1.055884402E1
2.548847468E1,2.000399828E0,-5.934200287E-1,1.026999474E1,1.047981577E1
2.549085020E1,-1.268195987E0,5.024927258E-1,9.217152596E0,9.317549140E0
2.549322573E1,-3.110669553E-1,-1.043270707E0,1.086341476E1,1.091782747E1
2.549560125E1,7.992027402E-1,4.163511395E-1,8.518448830E0,8.565981774E0
2.549797682E1,-8.470591903E-1,-7.944171429E-1,1.132283688E1,1.138223365E1
2.550035234E1,1.517049551E0,1.962114573E-1,8.886942863E0,9.017632269E0
2.550272786E1,-2.024327993E0,1.292124242E-1,1.038485050E1,1.058110200E1
2.550510338E1,1.842473388E0,-7.130611539E-1,1.005942631E1,1.025159607E1
2.550747890E1,-8.518448472E-1,4.163511395E-1,9.427721024E0,9.475278973E0
2.550985442E1,-1.914258152E-1,-1.119840980E0,1.104526901E1,1.110354246E1
2.551222994E1,5.216353536E-1,7.657032609E-1,8.283951759E0,8.335602058E0
2.551460547E1,-1.354337573E0,-1.057627559E0,1.089212894E1,1.102684358E1
2.551698104E1,1.741974831E0,2.440679073E-1,9.408578873E0,9.571593486E0
2.551935656E1,-1.914258122E0,-9.571290575E-3,1.038485050E1,1.055981040E1
2.552173208E1,1.732403636E0,-5.503492355E-1,9.901499748E0,1.006696597E1
2.552410760E1,-1.339980721E0,4.833501875E-1,9.159725189E0,9.269829625E0
2.552648312E1,-9.571290761E-2,-1.272981644E0,1.130369377E1,1.137554993E1
2.552885864E1,8.039883971E-1,6.604190469E-1,8.288737297E0,8.353784570E0
2.553123416E1,-1.493121386E0,-7.178468108E-1,1.110748291E1,1.123035583E1
2.553360968E1,1.430907965E0,3.493520916E-1,8.949156761E0,9.069561799E0
2.553598526E1,-1.698904037E0,-1.339980662E-1,1.036570740E1,1.050486174E1
2.553836078E1,1.981257200E0,-5.886343718E-1,1.021735287E1,1.042430670E1
2.554073630E1,-1.172483087E0,6.269195080E-1,9.078369141E0,9.175212854E0
2.554311182E1,-3.732803464E-1,-9.427721500E-1,1.092562866E1,1.097258033E1
2.554548734E1,6.747759581E-1,4.785645306E-1,8.355736732E0,8.396587577E0
2.554786286E1,-8.135597110E-1,-6.987041831E-1,1.132762241E1,1.137827300E1
2.555023838E1,1.689332843E0,2.249253243E-1,8.886942863E0,9.048877848E0
2.555261390E1,-2.129612207E0,3.254238665E-1,1.024606609E1,1.047010120E1
2.555498948E1,1.722832322E0,-7.513462901E-1,9.968499184E0,1.014414355E1
2.555736495E1,-4.546363056E-1,4.977070987E-1,9.293723106E0,9.318137996E0
2.555974052E1,-3.349951804E-1,-1.009771109E0,1.107398319E1,1.112497026E1
2.556211604E1,7.417750359E-1,7.752745152E-1,8.226524353E0,8.296202969E0
2.556449156E1,-1.359123230E0,-8.901300430E-1,1.088255692E1,1.100316284E1
2.556686708E1,2.254039049E0,2.392822653E-1,9.485149384E0,9.752230866E0
2.556924255E1,-1.808973908E0,1.722832322E-1,1.013121128E1,1.029288638E1
2.557161817E1,1.636690736E0,-6.987041831E-1,1.010728264E1,1.026275336E1
2.557399370E1,-6.221339107E-1,6.460621357E-1,8.987442017E0,9.032085080E0
2.557636922E1,-1.674975902E-1,-1.225125194E0,1.134197903E1,1.140918382E1
2.557874474E1,1.172483087E0,5.551348329E-1,8.260024071E0,8.361273164E0
2.558112026E1,-1.507478237E0,-6.556333899E-1,1.122233772E1,1.134209900E1
2.558349578E1,2.043470621E0,1.818545163E-1,9.097511292E0,9.325961342E0
2.558587130E1,-1.713261008E0,-1.435693540E-2,1.018863869E1,1.033169046E1
2.558824682E1,1.627119422E0,-9.762716293E-1,1.059541893E1,1.076399211E1
2.559062239E1,-2.201396823E-1,6.460621357E-1,8.901300430E0,8.927430040E0
2.559299791E1,-7.561319470E-1,-1.038485050E0,1.094955635E1,1.102465287E1
2.559537343E1,1.124626637E0,2.201396823E-1,8.518448830E0,8.595185688E0
2.559774896E1,-1.062413216E0,-6.843472719E-1,1.153340530E1,1.160243470E1
2.560012448E1,2.187039852E0,-1.148554832E-1,9.221938133E0,9.478421706E0
2.560250000E1,-2.072184324E0,3.541377485E-1,1.001635551E1,1.023458544E1
2.560487552E1,9.619147182E-1,-1.320838094E0,1.062413216E1,1.074905006E1
2.560725104E1,4.067798555E-1,4.594219327E-1,8.915657043E0,8.936748787E0
2.560962661E1,-7.944171429E-1,-1.067198873E0,1.130369377E1,1.138171801E1
2.561200213E1,1.215553880E0,4.163511395E-1,8.470592499E0,8.567488359E0
2.561437765E1,-1.885544300E0,-6.652047038E-1,1.104048347E1,1.122007353E1
2.561675317E1,2.416750908E0,-2.727817893E-1,9.834501266E0,1.013077046E1
2.561912870E1,-1.497906923E0,2.823530734E-1,9.676574707E0,9.795894368E0
2.562150422E1,4.163511395E-1,-1.124626637E0,1.095434189E1,1.101978854E1
2.562387974E1,3.158525825E-1,5.790630579E-1,8.288737297E0,8.314940941E0
2.562625526E1,-8.949156404E-1,-1.220339537E0,1.131805134E1,1.141877352E1
2.562863083E1,1.823330879E0,2.871387303E-1,8.853444099E0,9.043807637E0
2.563100635E1,-2.076970100E0,-1.339980662E-1,1.106441212E1,1.125846241E1
2.563338187E1,1.947757602E0,-4.785645306E-1,9.470791817E0,9.680840941E0
2.563575739E1,-1.086341500E0,2.057827413E-1,9.585647583E0,9.649203282E0
2.563813291E1,1.674975902E-1,-1.138983607E0,1.142812061E1,1.148596012E1
2.564050843E1,6.508477330E-1,5.982056856E-1,8.097311974E0,8.145422887E0
2.564288390E1,-1.459621787E0,-8.805587292E-1,1.118405342E1,1.131321927E1
2.564525948E1,1.899901152E0,1.914258152E-1,9.001798630E0,9.202100130E0
2.564763505E1,-1.560120344E0,-3.828516230E-2,1.083470058E1,1.094651442E1
2.565001057E1,1.679761529E0,-8.231309652E-1,9.868000984E0,1.004373371E1
2.565238604E1,-7.513462901E-1,7.800601721E-1,9.221938133E0,9.285319491E0
2.565476161E1,-4.211367965E-1,-1.239482164E0,1.111226845E1,1.118910999E1
2.565713713E1,1.229910851E0,3.924229145E-1,8.365307808E0,8.464339972E0
2.565951260E1,-1.387837172E0,-7.561319470E-1,1.150947666E1,1.161748168E1
2.566188817E1,2.177468538E0,1.914258152E-1,8.958727837E0,9.221540952E0
2.566426375E1,-2.000399828E0,1.866401732E-1,1.006899738E1,1.026747984E1
2.566663927E1,1.402194023E0,-1.148554921E0,1.082512951E1,1.097582595E1
2.566901479E1,2.919243574E-1,5.742774606E-1,8.676374435E0,8.700257914E0
2.567139031E1,-1.028913736E0,-9.858429432E-1,1.122233772E1,1.131244508E1
2.567376583E1,1.416550994E0,4.067798555E-1,8.422736168E0,8.550705885E0
2.567614135E1,-1.373480201E0,-7.513462901E-1,1.121755219E1,1.132627238E1
2.567851687E1,2.344966173E0,-1.483550072E-1,9.667003632E0,9.948458915E0
2.568089239E1,-1.550549030E0,3.589234054E-1,9.686145782E0,9.816030176E0
2.568326797E1,2.249253243E-1,-1.129412293E0,1.081077290E1,1.087193516E1
2.568564349E1,7.226324677E-1,3.732803464E-1,8.178668022E0,8.219011286E0
2.568801901E1,-9.236295223E-1,-9.332008362E-1,1.169611740E1,1.176958443E1
2.569039453E1,1.919043779E0,1.866401732E-1,8.556734085E0,8.771274810E0
2.569277005E1,-2.120040894E0,1.435693651E-1,1.069113159E1,1.090025139E1
2.569514557E1,1.842473388E0,-9.236295223E-1,1.000678444E1,1.021682605E1
2.569752109E1,-3.972085714E-1,4.737788737E-1,9.394221306E0,9.414543803E0
2.569989666E1,-5.264210105E-1,-1.182054400E0,1.115055370E1,1.122538283E1
2.570227218E1,9.571290612E-1,6.029912829E-1,8.135597229E0,8.213868565E0
2.570464771E1,-1.679761529E0,-9.140582681E-1,1.127498055E1,1.143600838E1
2.570702323E1,2.301895380E0,-8.135596663E-2,9.250652313E0,9.533095476E0
2.570939875E1,-1.818545222E0,2.871387303E-1,1.015035343E1,1.031596967E1
2.571177427E1,9.858429432E-1,-1.019342422E0,1.053799057E1,1.063297656E1
2.571414979E1,-1.483550072E-1,5.312066078E-1,8.432307243E0,8.450325148E0
2.571652536E1,-9.427721500E-1,-1.205982566E0,1.153819084E1,1.163928955E1
2.571890088E1,1.679761529E0,2.727817893E-1,8.408378601E0,8.578860029E0
2.572127640E1,-2.076970100E0,-2.727817893E-1,1.125583744E1,1.144910875E1
2.572365192E1,1.914258122E0,-4.881358147E-1,9.413364410E0,9.618424520E0
2.572602745E1,-1.239482164E0,2.009970993E-1,9.604789734E0,9.686521651E0
2.572840296E1,2.297109663E-1,-1.095912814E0,1.144726372E1,1.150189718E1
2.573077849E1,6.747759581E-1,3.637090325E-1,7.977670670E0,8.014414275E0
2.573315401E1,-1.761117458E0,-9.427721500E-1,1.127976608E1,1.145528162E1
2.573552958E1,2.053041935E0,7.178468257E-2,8.982656479E0,9.214567361E0
2.573790510E1,-1.593619823E0,-9.571290575E-3,1.087298584E1,1.098915542E1
2.574028062E1,1.536192179E0,-1.048056364E0,1.006421185E1,1.023458200E1
2.574265614E1,-6.269195080E-1,6.699903607E-1,8.939585686E0,8.986551473E0
2.574503166E1,-7.274180651E-1,-1.306481123E0,1.130369377E1,1.140217185E1
2.574740718E1,1.631905079E0,3.254238665E-1,8.575876236E0,8.735826698E0
2.574978270E1,-1.674975872E0,-6.221339107E-1,1.146162033E1,1.160005756E1
2.575215828E1,2.115255117E0,-1.579262912E-1,9.231510162E0,9.472065498E0
2.575453375E1,-1.713261008E0,2.967100143E-1,9.877572060E0,1.002944315E1
2.575690932E1,9.188438654E-1,-1.316052437E0,1.120798111E1,1.132232788E1
2.575928484E1,6.891329288E-1,4.546363056E-1,8.193024635E0,8.234515835E0
2.576166036E1,-1.517049551E0,-1.000199914E0,1.145204926E1,1.159531247E1
2.576403588E1,1.732403636E0,3.062812984E-1,8.671588898E0,8.848247544E0
2.576641140E1,-1.497906923E0,-3.924229145E-1,1.106441212E1,1.117223954E1
2.576878692E1,2.143969059E0,-6.317051649E-1,1.003549862E1,1.028138547E1
2.577116250E1,-1.110269666E0,5.551348329E-1,9.116654396E0,9.200775010E0
2.577353802E1,-6.604190469E-1,-1.210768223E0,1.102612686E1,1.111204691E1
2.577591354E1,1.258624673E0,3.158525825E-1,8.207381248E0,8.309332457E0
2.577828906E1,-1.296909928E0,-7.034898400E-1,1.184447193E1,1.193601226E1
2.578066458E1,2.019542217E0,-8.614161611E-2,8.915657043E0,9.141931506E0
2.578304010E1,-2.134397745E0,4.163511395E-1,1.011206818E1,1.034325504E1
2.578541562E1,1.119840980E0,-1.201196909E0,1.057149029E1,1.069828607E1
2.578779114E1,3.637090325E-1,6.125625968E-1,8.724231720E0,8.753270035E0
2.579016672E1,-1.301695466E0,-1.081555843E0,1.138026428E1,1.150541565E1
2.579254224E1,1.416550994E0,4.929214716E-1,8.398807526E0,8.531679562E0
2.579491776E1,-1.837687731E0,-3.972085714E-1,1.108833981E1,1.124660618E1
2.579729328E1,2.330609322E0,-4.977070987E-1,9.987641335E0,1.026802959E1
2.579966880E1,-1.392622828E0,4.929214716E-1,9.241081238E0,9.358416125E0
2.580204432E1,-3.637090325E-1,-1.028913736E0,1.105484104E1,1.110857588E1
2.580441984E1,8.614161611E-1,5.838487148E-1,8.149953842E0,8.216122246E0
2.580679541E1,-1.258624673E0,-9.906286001E-1,1.151426220E1,1.162513291E1
2.580917093E1,2.096112728E0,1.866401732E-1,8.992227554E0,9.235187032E0
2.581154646E1,-2.167897224E0,4.259224236E-1,1.043749237E1,1.066875978E1
2.581392198E1,1.272981644E0,-9.762716293E-1,1.017906761E1,1.030470795E1
2.581629750E1,-8.135596663E-2,3.828516304E-1,8.623732567E0,8.632610124E0
2.581867302E1,-9.188438654E-1,-9.044869542E-1,1.166261768E1,1.173367044E1
2.582104854E1,1.440479279E0,3.876372576E-1,8.097311974E0,8.233571788E0
2.582342406E1,-2.019542217E0,-2.632105052E-1,1.116012478E1,1.134443545E1
2.582579963E1,2.297109842E0,-4.642075896E-1,9.590433121E0,9.872619194E0
2.582817515E1,-1.263410330E0,4.977070987E-1,9.700503349E0,9.795084647E0
2.583055067E1,-1.052841991E-1,-1.191625714E0,1.093041420E1,1.099568148E1
2.583292620E1,7.082754970E-1,7.704889178E-1,8.015955925E0,8.083987676E0
2.583530172E1,-1.464407444E0,-1.028913736E0,1.132283688E1,1.146341082E1
2.583767718E1,2.210968018E0,2.440679073E-1,9.006584167E0,9.277203624E0
2.584005276E1,-2.053041935E0,2.584248483E-1,1.054277611E1,1.074392352E1
2.584242833E1,1.335195065E0,-8.374879360E-1,9.872786522E0,9.997802039E0
2.584480385E1,-3.828516304E-1,5.694918036E-1,8.824729919E0,8.851370201E0
2.584717937E1,-7.465606928E-1,-1.186840057E0,1.162433243E1,1.170858858E1
2.584955489E1,1.421336651E0,3.924229145E-1,7.972885132E0,8.108087996E0
2.585193041E1,-2.072184324E0,-1.531406492E-1,1.140419292E1,1.159193755E1
2.585430593E1,2.163111687E0,-3.254238665E-1,9.308079720E0,9.561657855E0
2.585668146E1,-1.339980721E0,2.297109663E-1,9.786644936E0,9.880624199E0
2.585905703E1,1.579262912E-1,-1.028913736E0,1.114098263E1,1.118950839E1
2.586143255E1,6.173482537E-1,6.939185858E-1,8.059026718E0,8.112370400E0
2.586380807E1,-1.684547186E0,-9.475577474E-1,1.131805134E1,1.148189231E1
2.586618359E1,2.134397745E0,1.052841991E-1,8.872586250E0,9.126309510E0
2.586855911E1,-1.828116536E0,1.818545163E-1,1.090170002E1,1.105541245E1
2.587093463E1,1.450050473E0,-8.853443861E-1,9.939785004E0,1.008393807E1
2.587331015E1,-6.173482537E-1,7.465606928E-1,8.824729919E0,8.877743513E0
2.587568573E1,-8.757730722E-1,-1.330409408E0,1.137069321E1,1.148170857E1
2.587806125E1,1.598405480E0,5.024927258E-1,8.427521706E0,8.592468860E0
2.588043672E1,-1.871187329E0,-3.589234054E-1,1.152861977E1,1.168500072E1
2.588281229E1,2.139183521E0,-2.249253243E-1,9.073583603E0,9.325053187E0
2.588518781E1,-1.684547186E0,3.397808075E-1,9.686145782E0,9.837406688E0
2.588756333E1,3.206382394E-1,-1.234696507E0,1.132283688E1,1.139446880E1
2.588993885E1,7.417750359E-1,5.982056856E-1,8.025527000E0,8.081903481E0
2.589231442E1,-1.713261008E0,-7.800601721E-1,1.144247818E1,1.159629527E1
2.589468995E1,1.957328916E0,1.387837082E-1,8.772088051E0,8.988877915E0
2.589706546E1,-1.765903115E0,5.264209956E-2,1.077248764E1,1.091639478E1
2.589944099E1,1.464407444E0,-8.566305041E-1,1.015035343E1,1.029116027E1
2.590181651E1,-4.450650215E-1,8.183453679E-1,8.738588333E0,8.788099799E0
2.590419203E1,-1.239482164E0,-1.182054400E0,1.122233772E1,1.135228755E1
2.590656755E1,1.631905079E0,3.302095234E-1,8.346165657E0,8.510618878E0
2.590894312E1,-1.526620865E0,-2.153540403E-1,1.163390350E1,1.173561500E1
2.591131864E1,2.038684845E0,-4.211367965E-1,9.183652878E0,9.416638056E0
2.591369416E1,-1.622333765E0,6.604190469E-1,9.485149384E0,9.645526372E0
2.591606968E1,-4.785645381E-2,-1.244267821E0,1.120319557E1,1.127218185E1
2.591844520E1,1.177268744E0,6.173482537E-1,8.049455643E0,8.158481274E0
2.592082073E1,-1.708475351E0,-7.178468108E-1,1.170090294E1,1.184674308E1
2.592319625E1,2.110469580E0,1.435693651E-1,8.528019905E0,8.786456482E0
2.592557177E1,-1.947757602E0,2.823530734E-1,1.031306553E1,1.049918109E1
2.592794734E1,1.234696507E0,-9.284151793E-1,1.078684425E1,1.089690044E1
2.593032286E1,3.014956415E-1,7.082754970E-1,8.288737297E0,8.324405071E0
2.593269838E1,-1.497906923E0,-9.332008362E-1,1.121755219E1,1.135553019E1
2.593507390E1,1.770688772E0,4.163511395E-1,8.403593063E0,8.598201171E0
2.593744937E1,-1.473978758E0,-9.571290575E-3,1.129412270E1,1.138990397E1
2.593982494E1,1.947757602E0,-6.173482537E-1,9.628718376E0,9.843124306E0
2.594220047E1,-9.619147182E-1,9.092726111E-1,9.102297783E0,9.198036830E0
2.594457604E1,-7.944171429E-1,-1.263410330E0,1.115533924E1,1.125472780E1
2.594695156E1,1.651047587E0,5.072783828E-1,8.178668022E0,8.359060959E0
2.594932708E1,-1.478764415E0,-4.115654826E-1,1.165304661E1,1.175370689E1
2.595170260E1,2.287538528E0,-9.571290761E-2,8.973084450E0,9.260574389E0
2.595407812E1,-1.842473388E0,6.029912829E-1,9.757930756E0,9.948644094E0
2.595645364E1,4.307080805E-1,-1.225125194E0,1.100219822E1,1.107857422E1
2.595882916E1,1.162911773E0,6.699903607E-1,8.025527000E0,8.136973301E0
2.596120474E1,-1.555334687E0,-7.274180651E-1,1.166740322E1,1.179307004E1
2.596358026E1,2.105684042E0,2.249253243E-1,8.355736732E0,8.619909108E0
2.596595578E1,-1.842473388E0,2.057827413E-1,1.065284634E1,1.081296397E1
2.596833130E1,1.598405480E0,-8.135597110E-1,1.054756260E1,1.069896520E1
2.597070682E1,8.614161611E-2,6.269195080E-1,8.413164139E0,8.436929493E0
2.597308234E1,-1.320838094E0,-1.071984529E0,1.124626637E1,1.137419321E1
2.597545786E1,1.708475351E0,2.775674164E-1,8.255238533E0,8.434743324E0
2.597783343E1,-1.459621787E0,-1.435693540E-2,1.166261768E1,1.175361022E1
2.598020890E1,2.009970903E0,-6.412764788E-1,9.351150513E0,9.586200210E0
2.598258448E1,-1.134197950E0,8.518448472E-1,9.231510162E0,9.339851418E0
2.598496000E1,-7.274180651E-1,-1.383051515E0,1.126062298E1,1.136853545E1
2.598733552E1,1.564906001E0,4.450650215E-1,8.164310455E0,8.324841072E0
2.598971104E1,-1.722832322E0,-5.024927258E-1,1.165783215E1,1.179515581E1
2.599208656E1,2.220539331E0,-1.292124242E-1,9.035298347E0,9.305058141E0
2.599446208E1,-2.043470621E0,4.354937077E-1,9.863214493E0,1.008208446E1
2.599683765E1,2.488535494E-1,-1.344766378E0,1.111705399E1,1.120085774E1
2.599921317E1,9.092726111E-1,5.407779217E-1,8.102097511E0,8.170875199E0
2.600158870E1,-1.832902193E0,-8.135597110E-1,1.156690502E1,1.173945065E1
2.600396422E1,1.952543259E0,9.571290761E-2,8.575876236E0,8.795864901E0
2.600633974E1,-2.134397745E0,5.742774159E-2,1.071027374E1,1.092103087E1
2.600871526E1,1.148554921E0,-9.092726111E-1,1.038006496E1,1.048292439E1
2.601109083E1,-8.614161611E-2,6.508477330E-1,8.628518105E0,8.653458721E0
2.601346635E1,-1.507478237E0,-1.153340459E0,1.133240795E1,1.149026348E1
2.601584187E1,1.536192179E0,1.100698411E-1,8.226524353E0,8.369450682E0
2.601821739E1,-1.842473388E0,-2.871387079E-2,1.180140114E1,1.194439624E1
2.602059291E1,1.761117458E0,-6.556333899E-1,9.341579437E0,9.528719548E0
2.602296843E1,-1.134197950E0,6.699903607E-1,9.255437851E0,9.348712312E0
2.602534396E1,-7.704889178E-1,-1.459621787E0,1.135633659E1,1.147564943E1
2.602771953E1,1.435693622E0,4.642075896E-1,8.178668022E0,8.316688973E0
2.603009505E1,-1.823330879E0,-5.838487148E-1,1.176311588E1,1.191789873E1
2.603247057E1,2.167897224E0,-1.435693651E-1,9.001798630E0,9.260279105E0
2.603484609E1,-1.847259045E0,3.349951804E-1,9.915857315E0,1.009201734E1
2.603722161E1,3.972085714E-1,-1.363908887E0,1.125105190E1,1.134037879E1
2.603959713E1,8.757730722E-1,5.024927258E-1,8.011170387E0,8.074548185E0
2.604197265E1,-1.727617979E0,-8.422735929E-1,1.158126163E1,1.173966395E1
2.604434817E1,2.287538528E0,7.657032460E-2,8.810373306E0,9.102822273E0
2.604672375E1,-1.770688772E0,-4.785645381E-2,1.072941685E1,1.087465010E1
2.604909927E1,1.301695466E0,-9.810572863E-1,1.044227791E1,1.056872993E1
2.605147479E1,1.148554832E-1,6.699903607E-1,8.676374435E0,8.702962266E0
2.605385031E1,-1.272981644E0,-1.296909928E0,1.119362450E1,1.134018020E1
2.605622583E1,2.048256159E0,1.052841991E-1,8.422736168E0,8.668847825E0
2.605860135E1,-1.684547186E0,-9.571290761E-2,1.168175983E1,1.180298153E1
2.606097687E1,1.942971945E0,-7.609176040E-1,9.461220741E0,9.688592957E0
2.606335245E1,-8.614161611E-1,6.269195080E-1,9.327222824E0,9.387872575E0
2.606572796E1,-4.737788737E-1,-1.517049551E0,1.137547874E1,1.148596633E1
2.606810349E1,1.665404558E0,4.402793646E-1,8.183453560E0,8.362794415E0
2.607047901E1,-1.785045743E0,-5.503492355E-1,1.171525955E1,1.186324487E1
2.607285453E1,2.287538528E0,-2.297109663E-1,9.011369705E0,9.300020624E0
2.607523005E1,-1.607976794E0,3.445664644E-1,9.901499748E0,1.003713170E1
2.607760557E1,4.929214716E-1,-1.282552958E0,1.137547874E1,1.145815999E1
2.607998114E1,9.667003751E-1,5.312066078E-1,7.968099594E0,8.044084859E0
2.608235666E1,-1.780260086E0,-8.662018180E-1,1.147119141E1,1.164078450E1
2.608473218E1,2.201396942E0,6.221338734E-2,8.776873589E0,9.048951817E0
2.608710770E1,-1.823330879E0,4.785645381E-2,1.074855900E1,1.090221749E1
2.608948323E1,1.191625714E0,-9.858429432E-1,1.038485050E1,1.049937989E1
2.609185875E1,-4.785645381E-2,7.130611539E-1,8.642875671E0,8.672372589E0
2.609423432E1,-1.459621787E0,-1.301695466E0,1.118883896E1,1.135847807E1
2.609660984E1,1.842473388E0,2.009970993E-1,8.360522270E0,8.563494652E0
2.609898531E1,-1.914258122E0,4.785645287E-3,1.157169056E1,1.172895688E1
2.610136088E1,1.741974831E0,-6.652047038E-1,9.446864128E0,9.629133682E0
2.610373640E1,-1.105484009E0,6.173482537E-1,9.245866776E0,9.332162996E0
2.610611192E1,-7.130611539E-1,-1.430907965E0,1.129412270E1,1.140671562E1
2.610848744E1,1.373480201E0,5.120640397E-1,8.068597794E0,8.200666302E0
2.611086302E1,-2.048256159E0,-4.785645306E-1,1.162911797E1,1.181781545E1
2.611323854E1,2.062613010E0,-1.339980662E-1,8.934800148E0,9.170767776E0
2.611561406E1,-1.665404558E0,2.775674164E-1,9.958928108E0,1.010103287E1
2.611798958E1,3.876372576E-1,-1.182054400E0,1.127498055E1,1.134339903E1
2.612036510E1,6.508477330E-1,5.838487148E-1,7.881958008E0,7.930305425E0
2.612274062E1,-1.770688772E0,-8.662018180E-1,1.138983536E1,1.155915195E1
2.612511620E1,2.072184324E0,1.244267747E-1,8.724231720E0,8.967811829E0
2.612749166E1,-1.861616015E0,2.249253243E-1,1.070070267E1,1.086375824E1
2.612986724E1,1.349551916E0,-1.043270707E0,1.026999474E1,1.041069143E1
2.613224276E1,-7.657032460E-2,8.183453679E-1,8.537590981E0,8.577063128E0
2.613461828E1,-1.292124271E0,-1.249053478E0,1.110269737E1,1.124720448E1
2.613699380E1,2.110469580E0,1.962114573E-1,8.461020470E0,8.722468009E0
2.613936932E1,-1.808973908E0,-4.307080805E-2,1.154297638E1,1.168394391E1
2.614174489E1,2.100898266E0,-5.742774606E-1,9.442078590E0,9.690016317E0
2.614412041E1,-8.949156404E-1,5.790630579E-1,9.322437286E0,9.383177766E0
2.614649593E1,-3.062812984E-1,-1.459621787E0,1.132762241E1,1.142538111E1
2.614887146E1,1.727617979E0,4.546363056E-1,7.996813297E0,8.193923417E0
2.615124698E1,-1.689332843E0,-4.689932466E-1,1.171047401E1,1.184098821E1
2.615362250E1,2.435893536E0,-2.823530734E-1,9.001798630E0,9.329827391E0
2.615599802E1,-1.406979680E0,2.057827413E-1,9.968499184E0,1.006940486E1
2.615837359E1,6.795616150E-1,-1.162911773E0,1.129890823E1,1.137890571E1
2.616074911E1,1.000199914E0,5.359922647E-1,8.063812256E0,8.143264436E0
2.616312463E1,-1.555334687E0,-9.140582681E-1,1.128455162E1,1.142784642E1
2.616550015E1,2.383251429E0,2.392822690E-2,8.829515457E0,9.145534601E0
2.616787567E1,-1.536192179E0,1.674975902E-1,1.087777138E1,1.098698557E1
2.617025120E1,1.493121386E0,-1.057627559E0,1.007378292E1,1.023860781E1
2.617262672E1,-7.657032460E-2,8.231309652E-1,8.781659126E0,8.820484375E0
2.617500229E1,-1.038485050E0,-1.363908887E0,1.118405342E1,1.131466966E1
2.617737781E1,2.072184324E0,2.871387303E-1,8.499305725E0,8.752976313E0
2.617975333E1,-1.885544300E0,-2.153540403E-1,1.145204926E1,1.160823358E1
2.618212885E1,2.033899307E0,-5.072783828E-1,9.317651749E0,9.550534637E0
2.618450437E1,-1.119840980E0,5.264210105E-1,9.509077072E0,9.589249692E0
2.618687989E1,-1.627119333E-1,-1.383051515E0,1.141376400E1,1.149840490E1
2.618925547E1,1.229910851E0,4.211367965E-1,7.843672752E0,7.950675389E0
2.619163099E1,-1.957328916E0,-5.407779217E-1,1.167218876E1,1.184751314E1
2.619400651E1,2.287538528E0,-5.742774159E-2,8.858229637E0,9.149008841E0
2.619638203E1,-1.761117458E0,1.387837082E-1,1.022213840E1,1.037366421E1
2.619875755E1,6.460621357E-1,-1.067198873E0,1.097827053E1,1.104892454E1
2.620113307E1,2.919243574E-1,6.029912829E-1,8.173882484E0,8.201290946E0
2.620350859E1,-1.698904037E0,-1.014556766E0,1.128455162E1,1.145673189E1
2.620588416E1,1.952543259E0,1.148554832E-1,8.585447311E0,8.805425742E0
2.620825968E1,-1.856830359E0,1.579262912E-1,1.125583744E1,1.140905939E1
2.621063521E1,1.464407444E0,-1.024128079E0,9.743574142E0,9.906087247E0
2.621301073E1,-7.944171429E-1,8.183453679E-1,8.968298912E0,9.040529471E0
2.621538625E1,-9.619147182E-1,-1.387837172E0,1.132283688E1,1.144805690E1
2.621776187E1,1.689332843E0,3.541377485E-1,8.303094864E0,8.480603948E0
2.622013734E1,-2.062613010E0,-3.493520916E-1,1.162433243E1,1.181107631E1
2.622251286E1,2.105684042E0,-3.637090325E-1,9.140582085E0,9.387035229E0
2.622488838E1,-1.540977836E0,4.737788737E-1,9.781859398E0,9.913821281E0
2.622726390E1,1.531406492E-1,-1.339980721E0,1.135155106E1,1.143139151E1
2.622963942E1,1.038485050E0,4.833501875E-1,7.877171993E0,7.960019926E0
2.623201495E1,-1.885544300E0,-7.369893789E-1,1.158604717E1,1.176158662E1
2.623439046E1,2.196611166E0,9.571290575E-3,8.757730484E0,9.029010768E0
2.623676599E1,-1.737189293E0,5.742774159E-2,1.059541893E1,1.073703995E1
2.623914156E1,1.325623751E0,-9.906286001E-1,1.059063339E1,1.071914824E1
2.624151708E1,9.092725813E-2,7.082754970E-1,8.475378036E0,8.505407386E0
2.624389260E1,-1.263410330E0,-1.244267821E0,1.119841003E1,1.133793612E1
2.624626812E1,2.000399828E0,2.009970993E-1,8.384450912E0,8.622123660E0
2.624864364E1,-1.612762451E0,5.264209956E-2,1.157169056E1,1.168365509E1
2.625101916E1,2.139183521E0,-7.369893789E-1,9.427721024E0,9.695420733E0
2.625339474E1,-1.004985452E0,7.417750359E-1,9.284152031E0,9.367801497E0
2.625577026E1,-2.823530734E-1,-1.421336651E0,1.125583744E1,1.134873551E1
2.625814578E1,1.627119422E0,5.264210105E-1,8.279166222E0,8.453947600E0
2.626052130E1,-1.651047587E0,-5.551348329E-1,1.160040379E1,1.173045186E1
2.626289682E1,2.426322222E0,-1.914258115E-2,8.925228119E0,9.249167689E0
2.626527229E1,-1.665404558E0,3.349951804E-1,1.008335495E1,1.022545066E1
2.626764786E1,9.667003751E-1,-1.191625714E0,1.105962658E1,1.116556409E1
2.627002343E1,7.513462901E-1,7.034898400E-1,8.193024635E0,8.257425257E0
2.627239896E1,-1.440479279E0,-8.901300430E-1,1.122233772E1,1.134936897E1
2.627477442E1,1.962114573E0,2.967100143E-1,8.599804878E0,8.825790297E0
2.627715000E1,-1.569691658E0,1.435693540E-2,1.109312534E1,1.120364083E1
2.627952552E1,1.928615093E0,-7.226324677E-1,9.901499748E0,1.011342925E1
2.628190104E1,-6.173482537E-1,8.566305041E-1,9.068798065E0,9.130062050E0
2.628427656E1,-8.039883971E-1,-1.282552958E0,1.111226845E1,1.121489409E1
2.628665213E1,1.560120344E0,3.302095234E-1,8.216953278E0,8.370264929E0
2.628902765E1,-1.521835208E0,-4.019941986E-1,1.174397373E1,1.184898733E1
2.629140317E1,2.378465652E0,-2.153540403E-1,9.111868858E0,9.419640668E0
2.629377870E1,-1.976471543E0,5.982056856E-1,9.839286804E0,1.005364882E1
2.629615422E1,4.067798555E-1,-1.397408366E0,1.106441212E1,1.115972381E1
2.629852974E1,9.523434043E-1,6.795616150E-1,8.327022552E0,8.408808866E0
2.630090531E1,-1.679761529E0,-1.052842021E0,1.142333508E1,1.159407863E1
2.630328083E1,1.909472466E0,3.014956415E-1,8.767302513E0,8.977893855E0
2.630565635E1,-2.148754835E0,-6.221338734E-2,1.073898792E1,1.095202627E1
2.630803187E1,1.655833244E0,-9.571290612E-1,1.037049294E1,1.054537830E1
2.631040739E1,-4.785645306E-1,6.652047038E-1,9.011369705E0,9.048552662E0
2.631278291E1,-1.268195987E0,-1.167697430E0,1.110748291E1,1.124046329E1
2.631515849E1,1.143769264E0,2.679961324E-1,8.322237015E0,8.404740269E0
2.631753401E1,-1.617548108E0,-5.982056856E-1,1.178704453E1,1.191254509E1
2.631990953E1,2.057827473E0,-4.354937077E-1,9.083154678E0,9.323519056E0
2.632228505E1,-1.986042738E0,7.130611539E-1,1.000199890E1,1.022217218E1
2.632466057E1,-1.387837082E-1,-1.497906923E0,1.093041420E1,1.103344645E1
2.632703609E1,7.944171429E-1,4.259224236E-1,8.250452042E0,8.299546216E0
2.632941161E1,-1.564906001E0,-1.033699393E0,1.165304661E1,1.180300642E1
2.633178718E1,1.981257200E0,2.009970993E-1,8.709874153E0,8.934634167E0
2.633416270E1,-2.555534601E0,1.914258152E-1,1.063370419E1,1.093814727E1
2.633653823E1,1.473978758E0,-1.172483087E0,1.036092186E1,1.053071848E1
2.633891375E1,-2.105683982E-1,6.173482537E-1,8.896514893E0,8.920394338E0
2.634128927E1,-1.282552958E0,-1.100698471E0,1.121276665E1,1.133942746E1
2.634366479E1,1.225125194E0,4.546363056E-1,8.135597229E0,8.239876709E0
2.634604036E1,-1.823330879E0,-6.460621357E-1,1.129412270E1,1.145858365E1
2.634841588E1,2.301895380E0,-2.009970993E-1,9.657432556E0,9.930011367E0
2.635079140E1,-1.679761529E0,5.599204898E-1,9.623932838E0,9.785458243E0
2.635316692E1,-1.866401732E-1,-1.100698471E0,1.090170002E1,1.095871503E1
2.635554244E1,7.369893789E-1,4.307080805E-1,8.044670105E0,8.089831883E0
2.635791797E1,-1.205982566E0,-8.183453679E-1,1.184447193E1,1.193380067E1
2.636029349E1,2.115255117E0,1.914258152E-1,8.585447311E0,8.844255401E0
2.636266906E1,-2.277967215E0,6.077769399E-1,1.064806080E1,1.090594912E1
2.636504458E1,1.426122308E0,-1.124626637E0,1.013599682E1,1.029742887E1
2.636742010E1,8.614161611E-2,5.838487148E-1,8.858229637E0,8.877867537E0
2.636979562E1,-8.805587292E-1,-9.906286001E-1,1.132762241E1,1.140490062E1
2.637217114E1,1.607976794E0,5.934200287E-1,8.236095428E0,8.412550422E0
2.637454666E1,-1.976471543E0,-3.589234054E-1,1.122233772E1,1.140070742E1
2.637692224E1,2.431107759E0,-4.211367965E-1,9.604789734E0,9.916633853E0
2.637929776E1,-1.124626637E0,6.412764788E-1,9.719645500E0,9.805484651E0
2.638167328E1,4.785645381E-2,-1.004985452E0,1.095434189E1,1.100044964E1
2.638404880E1,7.944171429E-1,6.077769399E-1,8.030312538E0,8.092367445E0
2.638642432E1,-1.186840057E0,-1.071984529E0,1.140419292E1,1.151578727E1
2.638879984E1,2.431107759E0,3.445664644E-1,9.083154678E0,9.409182212E0
2.639117536E1,-2.053041935E0,4.785645306E-1,1.040877819E1,1.062010681E1
2.639355093E1,1.344766378E0,-9.427721500E-1,1.005464077E1,1.018788579E1
2.639592646E1,-8.614161611E-2,5.407779217E-1,8.786444664E0,8.803491976E0
2.639830198E1,-7.322037220E-1,-9.667003751E-1,1.160519028E1,1.166837921E1
2.640067750E1,1.526620865E0,4.689932466E-1,8.063812256E0,8.220437581E0
2.640305302E1,-2.206182480E0,-1.292124242E-1,1.121755219E1,1.143317165E1
2.640542854E1,2.177468538E0,-4.785645306E-1,9.413364410E0,9.673769832E0
2.640780411E1,-1.263410330E0,5.838487148E-1,9.887143135E0,9.984622394E0
2.641017963E1,-3.349951655E-2,-1.119840980E0,1.091605663E1,1.097339776E1
2.641255515E1,5.072783828E-1,7.944171429E-1,8.082955360E0,8.137726790E0
2.641493067E1,-1.828116536E0,-9.906286001E-1,1.127498055E1,1.146510102E1
2.641730620E1,2.263610125E0,1.962114573E-1,9.097511292E0,9.376947341E0
2.641968172E1,-2.167897224E0,3.062812984E-1,1.044227791E1,1.066933712E1
2.642205724E1,1.158126116E0,-8.422735929E-1,1.004028416E1,1.014189267E1
2.642443281E1,-7.513462901E-1,7.322037220E-1,8.781659126E0,8.844104282E0
2.642680833E1,-9.427721500E-1,-1.234696507E0,1.139462185E1,1.150003052E1
2.642918385E1,1.430907965E0,4.594219327E-1,8.121239662E0,8.259122215E0
2.643155937E1,-2.311466694E0,-1.483550072E-1,1.149512005E1,1.172615335E1
2.643393489E1,2.000399828E0,-3.924229145E-1,9.073583603E0,9.299758847E0
2.643631041E1,-1.603191137E0,4.402793646E-1,9.829715729E0,9.969321895E0
2.643868599E1,2.201396823E-1,-1.115055323E0,1.125583744E1,1.131307590E1
2.644106151E1,5.503492355E-1,6.269195080E-1,7.891529083E0,7.935498952E0
2.644343703E1,-1.966900229E0,-8.566305041E-1,1.121755219E1,1.142085765E1
2.644581255E1,2.115255117E0,1.579262912E-1,8.853444099E0,9.103994582E0
2.644818807E1,-1.832902193E0,3.302095234E-1,1.090648556E1,1.106435701E1
2.645056354E1,1.478764415E0,-1.000199914E0,9.820143700E0,9.981100458E0
2.645293916E1,-6.795616150E-1,8.614161611E-1,8.863015175E0,8.930670735E0
2.645531468E1,-8.853443861E-1,-1.268195987E0,1.107876873E1,1.118620902E1
2.645769021E1,1.761117458E0,4.785645306E-1,8.446663857E0,8.641567509E0
2.646006573E1,-1.741974831E0,-3.732803464E-1,1.140419292E1,1.154250539E1
2.646244125E1,2.225325108E0,-2.488535494E-1,9.064012527E0,9.336504861E0
2.646481677E1,-1.617548108E0,6.269195080E-1,9.738788605E0,9.892092470E0
2.646719229E1,6.939185858E-1,-1.268195987E0,1.127498055E1,1.136727893E1
2.646956786E1,9.858429432E-1,6.269195080E-1,7.948956966E0,8.034353193E0
2.647194338E1,-1.636690736E0,-7.752745152E-1,1.138504982E1,1.152819008E1
2.647431890E1,2.249253273E0,2.153540403E-1,8.729017258E0,9.016721130E0
2.647669437E1,-1.488335729E0,-4.307080805E-2,1.078684425E1,1.088912335E1
2.647906995E1,2.000399828E0,-8.566305041E-1,1.014078236E1,1.037163835E1
2.648144546E1,-4.019941986E-1,6.843472719E-1,8.958727837E0,8.993816485E0
2.648382104E1,-8.327022791E-1,-1.225125194E0,1.106919765E1,1.116787632E1
2.648619656E1,1.746760488E0,2.967100143E-1,8.360522270E0,8.546200423E0
2.648857208E1,-1.196411371E0,-4.307080805E-1,1.182532978E1,1.189349965E1
2.649094760E1,2.426322222E0,-3.780659735E-1,9.049654961E0,9.376898651E0
2.649332312E1,-1.828116536E0,6.556333899E-1,9.786644936E0,9.977488878E0
2.649569864E1,6.460621357E-1,-1.483550072E0,1.096391296E1,1.108267588E1
2.649807416E1,1.158126116E0,6.269195080E-1,8.370093346E0,8.473060060E0
2.650044974E1,-1.469193101E0,-9.906286001E-1,1.146640587E1,1.160251425E1
2.650282526E1,2.096112728E0,2.392822653E-1,8.595019341E0,8.850158306E0
2.650520078E1,-1.942971945E0,3.828516230E-2,1.082991505E1,1.100289351E1
2.650757630E1,2.009970903E0,-9.954141974E-1,1.025563812E1,1.049804485E1
2.650995182E1,-5.072783828E-1,5.455635786E-1,8.930013657E0,8.961033137E0
2.651232739E1,-1.014556766E0,-1.081555843E0,1.128933716E1,1.138631731E1
2.651470291E1,1.311266780E0,3.110669553E-1,8.173882484E0,8.284234309E0
2.651707843E1,-1.430907965E0,-7.657032609E-1,1.166261768E1,1.177499258E1
2.651945396E1,2.206182480E0,-3.014956415E-1,9.269794464E0,9.533479436E0
2.652182948E1,-2.124826431E0,6.364908218E-1,9.930213928E0,1.017492784E1
2.652420500E1,1.292124242E-1,-1.320838094E0,1.084427261E1,1.092517998E1
2.652658052E1,6.843472719E-1,3.254238665E-1,8.126026154E0,8.161282554E0
2.652895609E1,-1.473978758E0,-9.523434043E-1,1.167697430E1,1.180810315E1
2.653133156E1,1.928615093E0,1.244267747E-1,8.671588898E0,8.884339717E0
2.653370713E1,-2.488535643E0,2.632105052E-1,1.063370419E1,1.092418208E1
2.653608265E1,1.550549030E0,-1.191625714E0,1.010249710E1,1.029002536E1
2.653845817E1,-3.158525825E-1,6.412764788E-1,9.154939651E0,9.182805584E0
2.654083375E1,-1.306481123E0,-1.225125194E0,1.119841003E1,1.134073243E1
2.654320927E1,1.225125194E0,3.924229145E-1,8.173882484E0,8.274495897E0
2.654558479E1,-1.808973908E0,-6.029912829E-1,1.144247818E1,1.160027120E1
2.654796031E1,2.359323025E0,-4.402793646E-1,9.671789169E0,9.965127033E0
2.655033583E1,-1.727617979E0,4.785645306E-1,9.705288887E0,9.869464032E0
2.655271135E1,-2.967100143E-1,-1.186840057E0,1.089691448E1,1.096537147E1
2.655508687E1,7.513462901E-1,4.498506486E-1,8.135597229E0,8.182593056E0
2.655746245E1,-1.162911773E0,-1.071984529E0,1.172004509E1,1.182628308E1
2.655983797E1,2.163111687E0,-2.871387079E-2,8.757730484E0,9.020960031E0
2.656221349E1,-2.388036966E0,5.647061467E-1,1.060499001E1,1.088519300E1
2.656458901E1,1.253839016E0,-1.196411371E0,1.025563812E1,1.040103965E1
2.656696453E1,2.057827413E-1,4.019941986E-1,8.743373871E0,8.755028984E0
2.656934005E1,-1.009771109E0,-1.067198873E0,1.151426220E1,1.160761755E1
2.657171562E1,1.789831281E0,3.349951804E-1,8.135597229E0,8.336885513E0
2.657409114E1,-2.091326952E0,-1.148554832E-1,1.126540947E1,1.145845935E1
2.657646666E1,2.397608280E0,-7.704889178E-1,9.686145782E0,1.000817660E1
2.657884218E1,-8.566305041E-1,5.886343718E-1,9.480362892E0,9.537168700E0
2.658121770E1,-4.450650215E-1,-1.167697430E0,1.119841003E1,1.126791851E1
2.658359323E1,1.191625714E0,5.551348329E-1,7.905886173E0,8.014435895E0
2.658596875E1,-1.306481123E0,-9.954141974E-1,1.166740322E1,1.178244628E1
2.658834432E1,2.794816732E0,-9.571290575E-3,9.188439369E0,9.604088203E0
2.659071984E1,-1.981257200E0,5.359922647E-1,1.022213840E1,1.042615851E1
2.659309536E1,8.327022791E-1,-1.153340459E0,1.041835022E1,1.051501824E1
2.659547088E1,6.556333899E-1,4.785645306E-1,8.374878883E0,8.414123571E0
2.659784640E1,-8.709874153E-1,-1.043270707E0,1.175833035E1,1.183661123E1
2.660022198E1,2.148754835E0,1.292124242E-1,8.216953278E0,8.494243013E0
2.660259750E1,-2.096112728E0,3.972085714E-1,1.117448139E1,1.137631301E1
2.660497302E1,1.966900229E0,-9.762716293E-1,9.791430473E0,1.003463569E1
2.660734854E1,-3.062812984E-1,4.642075896E-1,9.245866776E0,9.262577900E0
2.660972406E1,-6.604190469E-1,-1.191625714E0,1.135633659E1,1.143776665E1
2.661209958E1,1.483550072E0,5.168496966E-1,7.958528042E0,8.112103489E0
2.661447515E1,-1.875972986E0,-4.642075896E-1,1.156690502E1,1.172723561E1
2.661685067E1,2.708675146E0,-4.642075896E-1,9.485149384E0,9.875245241E0
2.661922620E1,-1.526620865E0,5.359922647E-1,9.762716293E0,9.895882396E0
2.662160172E1,-3.349951655E-2,-1.162911773E0,1.104048347E1,1.110161076E1
2.662397724E1,8.614161611E-1,6.077769399E-1,7.958528042E0,8.028050772E0
2.662635276E1,-1.421336651E0,-1.172483087E0,1.165783215E1,1.180254061E1
2.662872833E1,2.526820660E0,1.004985496E-1,8.944371223E0,9.294982474E0
2.663110385E1,-2.306680918E0,4.833501875E-1,1.063848972E1,1.089641537E1
2.663347937E1,9.475577474E-1,-1.095912814E0,1.002592659E1,1.013005896E1
2.663585489E1,2.249253243E-1,4.498506486E-1,8.662017822E0,8.676607042E0
2.663823041E1,-1.110269666E0,-1.086341500E0,1.174397373E1,1.184625492E1
2.664060593E1,1.813759565E0,1.531406492E-1,8.092526436E0,8.294706742E0
2.664298151E1,-2.244467735E0,2.679961324E-1,1.132283688E1,1.154625880E1
2.664535703E1,1.914258122E0,-9.762716293E-1,9.710074425E0,9.945000542E0
2.664773255E1,-5.599204898E-1,5.455635786E-1,9.293723106E0,9.326544899E0
2.665010807E1,-1.004985452E0,-1.249053478E0,1.131326580E1,1.142629045E1
2.665248359E1,1.354337573E0,5.359922647E-1,7.910671711E0,8.043646243E0
2.665485911E1,-1.971685886E0,-5.312066078E-1,1.159083271E1,1.176933000E1
2.665723463E1,2.536391973E0,-4.977070987E-1,9.375079155E0,9.724870475E0
2.665961020E1,-1.708475351E0,5.168496966E-1,9.724431038E0,9.886889331E0
2.666198573E1,-2.823530734E-1,-1.100698471E0,1.103569794E1,1.109404747E1
2.666436125E1,9.379864931E-1,4.881358147E-1,7.982456207E0,8.052186184E0
2.666673677E1,-1.416550994E0,-1.052842021E0,1.180140114E1,1.193265108E1
2.666911229E1,2.512463808E0,-2.871387079E-2,8.882157326E0,9.230710570E0
2.667148781E1,-2.273181438E0,5.407779217E-1,1.048534870E1,1.074254774E1
2.667386338E1,6.460621357E-1,-1.158126116E0,1.036570740E1,1.045019341E1
2.667623890E1,6.747759581E-1,3.972085714E-1,8.427521706E0,8.463818248E0
2.667861442E1,-1.263410330E0,-9.858429432E-1,1.194975662E1,1.205673153E1
2.668098994E1,2.167897224E0,3.349951655E-2,8.336593628E0,8.613924420E0
2.668336546E1,-2.364108801E0,4.163511395E-1,1.102134132E1,1.127973064E1
2.668574104E1,1.550549030E0,-1.158126116E0,1.006899738E1,1.025330028E1
2.668811656E1,1.627119333E-1,6.317051649E-1,8.934800148E0,8.958581376E0
2.669049208E1,-1.373480201E0,-1.268195987E0,1.146162033E1,1.161307494E1
2.669286760E1,1.727617979E0,3.302095234E-1,7.987242222E0,8.178614829E0
2.669524312E1,-2.081755638E0,-1.196411327E-1,1.155733299E1,1.174393318E1
2.669761864E1,2.206182480E0,-7.513462901E-1,9.863214493E0,1.013482918E1
2.669999416E1,-7.992027402E-1,5.168496966E-1,9.107083321E0,9.156681999E0
2.670236974E1,-1.129412293E0,-1.119840980E0,1.124626637E1,1.135817429E1
2.670474526E1,1.464407444E0,3.397808075E-1,7.948956966E0,8.089861372E0
2.670712078E1,-1.368694544E0,-5.742774606E-1,1.194975662E1,1.204158639E1
2.670949630E1,2.373680115E0,-4.833501875E-1,9.159725189E0,9.474626654E0
2.671187182E1,-1.622333765E0,7.369893789E-1,9.714859962E0,9.876923827E0
2.671424734E1,-4.259224236E-1,-1.316052437E0,1.087777138E1,1.096536885E1
2.671662291E1,1.584048629E0,3.014956415E-1,8.006384850E0,8.167148097E0
2.671899843E1,-1.488335729E0,-5.934200287E-1,1.207896900E1,1.218477668E1
2.672137396E1,2.498106956E0,-2.488535494E-1,8.647661209E0,9.004693823E0
2.672374948E1,-1.981257200E0,6.221339107E-1,1.006899738E1,1.028091139E1
2.672612500E1,3.589234054E-1,-1.354337573E0,1.082034397E1,1.091067825E1
2.672850052E1,1.469193101E0,5.694918036E-1,8.130811691E0,8.282085972E0
2.673087609E1,-1.670190215E0,-8.566305041E-1,1.175354481E1,1.190248574E1
2.673325161E1,2.373680115E0,4.307080805E-2,8.336593628E0,8.668045091E0
2.673562713E1,-1.875972986E0,3.637090325E-1,1.063370419E1,1.080403738E1
2.673800265E1,1.115055323E0,-1.081555843E0,1.082991505E1,1.094075735E1
2.674037817E1,7.561319470E-1,5.455635786E-1,8.025527000E0,8.079508573E0
2.674275370E1,-1.761117458E0,-9.475577474E-1,1.155254745E1,1.172436579E1
2.674512927E1,2.340180635E0,9.571290761E-2,8.360522270E0,8.682392470E0
2.674750479E1,-1.651047587E0,2.201396823E-1,1.131805134E1,1.143996091E1
2.674988031E1,1.287338614E0,-1.009771109E0,1.006421185E1,1.019633456E1
2.675225583E1,5.742774159E-2,8.087740541E-1,8.528019905E0,8.566477509E0
2.675463130E1,-1.430907965E0,-1.306481123E0,1.140897846E1,1.157234549E1
2.675700692E1,2.273181438E0,1.100698411E-1,8.288737297E0,8.595500870E0
2.675938244E1,-1.942971945E0,2.775674164E-1,1.149512005E1,1.166147369E1
2.676175796E1,1.564906001E0,-8.709874153E-1,9.762716293E0,9.925632438E0
2.676413349E1,-4.977070987E-1,6.460621357E-1,8.810373306E0,8.848038564E0
2.676650896E1,-1.024128079E0,-1.373480201E0,1.156211948E1,1.168836572E1
2.676888453E1,1.914258122E0,3.158525825E-1,7.982456207E0,8.214849610E0
2.677126010E1,-2.239681959E0,1.004985496E-1,1.177747345E1,1.198895976E1
2.677363562E1,1.698904037E0,-6.460621357E-1,9.346364975E0,9.521460469E0
2.677601114E1,-7.465606928E-1,3.780659735E-1,9.150154114E0,9.188340822E0
2.677838666E1,-7.561319470E-1,-1.067198873E0,1.181097221E1,1.188316934E1
2.678076218E1,1.445264935E0,3.062812984E-1,7.613961697E0,7.755966199E0
2.678313770E1,-2.311466694E0,-2.871387079E-2,1.170090294E1,1.192706302E1
2.678551328E1,2.124826431E0,-6.077769399E-1,9.379864693E0,9.636708039E0
2.678788880E1,-1.004985452E0,6.173482537E-1,9.690931320E0,9.762441522E0
2.679026432E1,-7.800601721E-1,-1.134197950E0,1.119362450E1,1.127794876E1
2.679263984E1,1.138983607E0,6.221339107E-1,7.771887779E0,7.879503405E0
2.679501536E1,-2.067398787E0,-4.833501875E-1,1.172961617E1,1.192022066E1
2.679739088E1,2.507678032E0,-3.062812984E-1,9.355937004E0,9.691017210E0
2.679976646E1,-1.617548108E0,6.364908218E-1,9.695717812E0,9.850305900E0
2.680214198E1,-5.694918036E-1,-9.140582681E-1,1.096391296E1,1.101667876E1
2.680451750E1,1.043270707E0,5.599204898E-1,7.786244869E0,7.875756084E0
2.680689297E1,-1.569691658E0,-7.752745152E-1,1.197368431E1,1.210099576E1
2.680926854E1,2.416750908E0,-1.339980662E-1,8.776873589E0,9.104512641E0
2.681164406E1,-2.153540373E0,8.709874153E-1,1.016471100E1,1.042677826E1
2.681401963E1,-1.148554832E-1,-1.076770186E0,1.062413216E1,1.067917646E1
2.681639515E1,1.172483087E0,4.307080805E-1,7.896314621E0,7.994498773E0
2.681877067E1,-1.622333765E0,-5.455635786E-1,1.215075302E1,1.227071332E1
2.682114620E1,2.368894339E0,-6.699903309E-2,8.355736732E0,8.685302850E0
2.682352172E1,-2.407179594E0,7.992027402E-1,1.040399265E1,1.070870215E1
2.682589724E1,5.072783828E-1,-1.215553880E0,1.062891865E1,1.071022008E1
2.682827281E1,1.148554921E0,7.465606928E-1,8.159524918E0,8.273716103E0
2.683064833E1,-1.852044702E0,-8.327022791E-1,1.175833035E1,1.193238430E1
2.683302385E1,2.258824587E0,1.866401732E-1,8.197810173E0,8.505363878E0
2.683539937E1,-2.244467735E0,5.503492355E-1,1.071027374E1,1.095675515E1
2.683777489E1,9.906286001E-1,-1.004985452E0,1.074855900E1,1.084079616E1
2.684015046E1,7.178468108E-1,6.125625968E-1,7.968099594E0,8.023786395E0
2.684252599E1,-1.962114573E0,-8.039883971E-1,1.163868904E1,1.183027360E1
2.684490151E1,2.172683001E0,1.531406492E-1,8.212167740E0,8.496099250E0
2.684727703E1,-1.895115495E0,3.397808075E-1,1.127019501E1,1.143346882E1
2.684965255E1,9.475577474E-1,-9.332008362E-1,1.021256733E1,1.029879900E1
2.685202807E1,2.153540403E-1,7.417750359E-1,8.389236450E0,8.424719330E0
2.685440359E1,-1.966900229E0,-1.201196909E0,1.134197903E1,1.157376597E1
2.685677916E1,2.325823545E0,9.571290761E-2,8.408378601E0,8.724645943E0
2.685915468E1,-2.062613010E0,4.737788737E-1,1.138504982E1,1.158007764E1
2.686153020E1,8.709874153E-1,-1.071984529E0,9.662218094E0,9.760442019E0
2.686390573E1,-9.571290575E-3,7.848458290E-1,8.733802795E0,8.769001417E0
2.686628125E1,-1.383051515E0,-1.402194023E0,1.149033451E1,1.165790576E1
2.686865677E1,2.019542217E0,2.297109663E-1,8.384450912E0,8.627301722E0
2.687103234E1,-2.407179594E0,2.919243574E-1,1.138983536E1,1.164508836E1
2.687340786E1,1.004985452E0,-8.183453679E-1,9.585647583E0,9.672865371E0
2.687578338E1,-1.004985496E-1,4.163511395E-1,8.968298912E0,8.978520680E0
2.687815890E1,-1.239482164E0,-1.196411371E0,1.160040379E1,1.172762057E1
2.688053442E1,1.751546144E0,2.057827413E-1,7.886743546E0,8.081521155E0
2.688291000E1,-2.464607239E0,5.072783828E-1,1.138983536E1,1.166447468E1
2.688528552E1,1.392622828E0,-9.379864931E-1,9.848857880E0,9.990956838E0
2.688766104E1,4.785645287E-3,5.120640397E-1,8.776873589E0,8.791799729E0
2.689003656E1,-1.493121386E0,-1.143769264E0,1.161476135E1,1.176606565E1
2.689241208E1,1.698904037E0,4.019941986E-1,7.853243828E0,8.044955742E0
2.689478760E1,-2.397608280E0,2.105683982E-1,1.151904774E1,1.176780886E1
2.689716317E1,1.698904037E0,-8.039883971E-1,1.000199890E1,1.017706511E1
2.689953870E1,-1.435693651E-1,5.934200287E-1,8.695517540E0,8.716925191E0
2.690191422E1,-1.560120344E0,-1.019342422E0,1.149990559E1,1.164992974E1
2.690428974E1,1.660618901E0,3.349951804E-1,7.771887779E0,7.954377195E0
2.690666526E1,-1.933400750E0,2.392822690E-2,1.177747345E1,1.193513686E1
2.690904083E1,1.765903115E0,-6.221339107E-1,9.714859962E0,9.893632725E0
2.691141635E1,-4.594219327E-1,7.513462901E-1,8.810373306E0,8.854279618E0
2.691379187E1,-1.368694544E0,-1.110269666E0,1.126540947E1,1.140243281E1
2.691616739E1,1.962114573E0,1.914258152E-1,7.814958572E0,8.059783801E0
2.691854291E1,-1.837687731E0,2.967100143E-1,1.204068375E1,1.218372677E1
2.692091843E1,1.703689694E0,-7.609176040E-1,9.298508644E0,9.483871424E0
2.692329396E1,-4.881358147E-1,8.518448472E-1,8.906085968E0,8.960038141E0
2.692566953E1,-1.086341500E0,-1.359123230E0,1.146162033E1,1.159293295E1
2.692804505E1,2.163111687E0,3.349951804E-1,7.915457249E0,8.212535382E0
2.693042057E1,-2.120040894E0,2.632105052E-1,1.181575775E1,1.200733044E1
2.693279609E1,1.718046665E0,-6.364908218E-1,9.332008362E0,9.510162195E0
2.693517161E1,-3.493520916E-1,5.694918036E-1,9.016156197E0,9.040876084E0
2.693754713E1,-7.082754970E-1,-1.239482164E0,1.177268696E1,1.185892611E1
2.693992270E1,1.986042738E0,1.674975902E-1,7.604390144E0,7.861244855E0
2.694229823E1,-2.254039049E0,3.062812984E-1,1.174397373E1,1.196224976E1
2.694467375E1,1.823330879E0,-7.704889178E-1,9.528220177E0,9.731658050E0
2.694704927E1,-1.579262912E-1,3.397808075E-1,9.102297783E0,9.110006402E0
2.694942484E1,-9.044869542E-1,-1.148554921E0,1.163868904E1,1.173014738E1
2.695180036E1,1.885544300E0,2.057827413E-1,7.623532772E0,7.855945250E0
2.695417588E1,-2.234896421E0,9.571290575E-3,1.165783215E1,1.187012654E1
2.695655140E1,2.057827473E0,-8.662018180E-1,9.719645500E0,9.972786378E0
2.695892692E1,-1.962114573E-1,5.120640397E-1,9.140582085E0,9.157016401E0
2.696130244E1,-1.019342422E0,-1.244267821E0,1.156690502E1,1.167820847E1
2.696367797E1,1.818545222E0,1.627119333E-1,7.695317745E0,7.908950442E0
2.696605349E1,-1.928615093E0,-2.919243574E-1,1.187797165E1,1.203706719E1
2.696842906E1,2.177468538E0,-7.034898400E-1,9.829715729E0,1.009255064E1
2.697080458E1,-3.924229145E-1,4.833501875E-1,9.150154114E0,9.171310891E0
2.697318010E1,-1.177268744E0,-1.277767301E0,1.134197903E1,1.147428164E1
2.697555562E1,1.842473388E0,6.699903309E-2,7.867600918E0,8.080738905E0
2.697793114E1,-1.593619823E0,-1.866401732E-1,1.228475189E1,1.238909148E1
2.698030672E1,2.005185366E0,-8.662018180E-1,9.336793900E0,9.588889105E0
2.698268224E1,-6.843472719E-1,6.795616150E-1,9.265008926E0,9.315069811E0
2.698505776E1,-9.762716293E-1,-1.483550072E0,1.140419292E1,1.154164821E1
2.698743328E1,2.081755638E0,1.196411327E-1,7.891529083E0,8.162368027E0
2.698980885E1,-1.919043779E0,-5.742774159E-2,1.201196957E1,1.216443340E1
2.699218437E1,1.947757602E0,-7.082754970E-1,9.293723106E0,9.522011501E0
2.699455989E1,-7.944171429E-1,4.737788737E-1,9.212367058E0,9.258686290E0
2.699693541E1,-6.412764788E-1,-1.426122308E0,1.162433243E1,1.172903085E1
2.699931093E1,2.038684845E0,1.435693651E-1,7.767102242E0,8.031483380E0
2.700168646E1,-2.258824587E0,6.221338734E-2,1.196411324E1,1.217563816E1
2.700406198E1,1.885544300E0,-7.178468108E-1,9.284152031E0,9.500845241E0
2.700643755E1,-4.067798555E-1,3.206382394E-1,9.332008362E0,9.346371424E0
2.700881307E1,-6.556333899E-1,-1.095912814E0,1.170090294E1,1.177038698E1
2.701118859E1,1.732403636E0,2.105683982E-1,7.613961697E0,7.811400267E0
2.701356411E1,-2.234896421E0,4.785645287E-3,1.175833035E1,1.196883944E1
2.701593963E1,2.120040894E0,-7.800601721E-1,9.394221306E0,9.662011240E0
2.701831520E1,-3.972085714E-1,6.125625968E-1,9.528220177E0,9.556149189E0
2.702069073E1,-9.667003751E-1,-1.191625714E0,1.125583744E1,1.135994533E1
2.702306625E1,1.607976794E0,3.732803464E-1,7.633104324E0,7.809558836E0
2.702544177E1,-1.909472466E0,-2.584248483E-1,1.182054424E1,1.197656606E1
2.702781729E1,2.344966173E0,-5.599204898E-1,9.633503914E0,9.930597916E0
2.703019281E1,-6.556333899E-1,5.934200287E-1,9.092725754E0,9.135626093E0
2.703256838E1,-9.954141974E-1,-1.091127157E0,1.130848026E1,1.140452251E1
2.703494390E1,1.713261008E0,2.967100143E-1,7.714460373E0,7.907983242E0
2.703731942E1,-1.540977836E0,-3.206382394E-1,1.212682533E1,1.222854506E1
2.703969489E1,2.258824587E0,-5.647061467E-1,9.083154678E0,9.376826780E0
2.704207047E1,-9.044869542E-1,8.039883971E-1,9.528220177E0,9.604763075E0
2.704444604E1,-6.843472719E-1,-1.263410330E0,1.111705399E1,1.120952390E1
2.704682156E1,1.856830359E0,1.579262912E-1,7.805387497E0,8.024763777E0
2.704919708E1,-1.670190215E0,-4.785645381E-2,1.226082325E1,1.237415098E1
2.705157260E1,2.182254314E0,-6.221339107E-1,8.973084450E0,9.255567462E0
2.705394807E1,-8.662018180E-1,6.269195080E-1,9.442078590E0,9.502430308E0
2.705632364E1,-4.881358147E-1,-1.426122308E0,1.138504982E1,1.148440076E1
2.705869922E1,1.942971945E0,2.392822653E-1,7.757531166E0,8.000730328E0
2.706107474E1,-1.962114573E0,-1.292124242E-1,1.209332561E1,1.225214732E1
2.706345026E1,2.091326952E0,-5.742774606E-1,8.958727837E0,9.217496812E0
2.706582578E1,-7.178468108E-1,3.062812984E-1,9.585647583E0,9.617367200E0
2.706820130E1,-4.498506486E-1,-1.182054400E0,1.160997581E1,1.167866245E1
2.707057687E1,1.665404558E0,1.435693651E-1,7.508677483E0,7.692491277E0
2.707295239E1,-2.081755638E0,-9.571290761E-2,1.194975662E1,1.213010927E1
2.707532791E1,2.172683001E0,-6.987041831E-1,9.140582085E0,9.421198427E0
2.707770343E1,-6.699903607E-1,3.732803464E-1,9.695717812E0,9.726004790E0
2.708007896E1,-7.226324677E-1,-1.234696507E0,1.126062298E1,1.135113664E1
2.708245448E1,1.397408366E0,3.541377485E-1,7.724031448E0,7.857405774E0
2.708483000E1,-2.086541414E0,-4.785645306E-1,1.182054424E1,1.201282420E1
2.708720557E1,2.383251429E0,-6.269195080E-1,9.422935486E0,9.739847463E0
2.708958109E1,-9.379864931E-1,4.546363056E-1,9.537791252E0,9.594580491E0
2.709195661E1,-8.901300430E-1,-1.196411371E0,1.118405342E1,1.128303074E1
2.709433213E1,1.268195987E0,3.158525825E-1,7.733603001E0,7.843258206E0
2.709670765E1,-1.665404558E0,-6.173482537E-1,1.213161087E1,1.226094097E1
2.709908323E1,2.287538528E0,-3.972085714E-1,9.083154678E0,9.375196322E0
2.710145875E1,-1.339980721E0,6.460621357E-1,9.753145218E0,9.865940718E0
2.710383427E1,-7.944171429E-1,-1.316052437E0,1.088734341E1,1.099533260E1
2.710620979E1,1.430907965E0,1.722832322E-1,7.872386456E0,8.003227325E0
2.710858531E1,-1.617548108E0,-3.972085714E-1,1.233739376E1,1.244931811E1
2.711096088E1,2.187039852E0,-5.120640397E-1,8.685946465E0,8.971678710E0
2.711333640E1,-1.646261930E0,6.604190469E-1,9.891928673E0,1.004970569E1
2.711571187E1,-3.780659735E-1,-1.459621787E0,1.102134132E1,1.112400082E1
2.711808744E1,1.512263894E0,3.684946895E-1,7.958528042E0,8.109309404E0
2.712046296E1,-1.986042738E0,-4.785645306E-1,1.198804188E1,1.216086090E1
2.712283849E1,2.225325108E0,-3.397808075E-1,8.700303078E0,8.986812365E0
2.712521406E1,-1.603191137E0,4.498506486E-1,1.004506969E1,1.018214185E1
2.712758958E1,-1.914258115E-2,-1.263410330E0,1.132283688E1,1.139312104E1
2.712996510E1,1.306481123E0,3.302095234E-1,7.633104324E0,7.751142682E0
2.713234062E1,-2.096112728E0,-4.259224236E-1,1.194497108E1,1.213496735E1
2.713471614E1,2.493321180E0,-3.110669553E-1,8.786444664E0,9.138655426E0
2.713709172E1,-1.268195987E0,2.488535494E-1,1.029870892E1,1.037948238E1
2.713946724E1,1.004985496E-1,-1.086341500E0,1.103569794E1,1.108949353E1
2.714184276E1,1.095912814E0,4.929214716E-1,7.829315662E0,7.920996163E0
2.714421828E1,-1.837687731E0,-8.374879360E-1,1.176790142E1,1.193993242E1
2.714659380E1,2.828316450E0,-2.440679073E-1,8.843872070E0,9.288326883E0
2.714896937E1,-1.483550072E0,4.833501875E-1,1.062413216E1,1.073809724E1
2.715134489E1,3.254238665E-1,-1.172483087E0,1.069591713E1,1.076490876E1
2.715372041E1,8.327022791E-1,5.216353536E-1,8.015955925E0,8.075954799E0
2.715609593E1,-1.406979680E0,-1.167697430E0,1.186840057E1,1.200841544E1
2.715847146E1,2.813959360E0,0.000000000E0,8.776873589E0,9.216934266E0
2.716084698E1,-1.904686809E0,4.259224236E-1,1.074377346E1,1.091961125E1
2.716322250E1,5.359922647E-1,-1.143769264E0,1.032263660E1,1.039963087E1
2.716559807E1,7.609176040E-1,4.354937077E-1,8.307880402E0,8.354012637E0
2.716797359E1,-1.067198873E0,-1.081555843E0,1.211725426E1,1.221214671E1
2.717034911E1,2.431107759E0,-4.785645287E-3,8.169096947E0,8.523171520E0
2.717272463E1,-2.282752752E0,6.412764788E-1,1.106441212E1,1.131562686E1
2.717510015E1,1.105484009E0,-1.239482164E0,1.025563812E1,1.038925042E1
2.717747573E1,6.795616150E-1,4.450650215E-1,8.537590981E0,8.576149871E0
2.717985125E1,-1.440479279E0,-1.062413216E0,1.174397373E1,1.187958844E1
2.718222677E1,2.187039852E0,2.823530734E-1,8.102097511E0,8.396835753E0
2.718460229E1,-2.287538528E0,2.775674164E-1,1.113141060E1,1.136741739E1
2.718697781E1,1.560120344E0,-1.052842021E0,1.024128056E1,1.041279402E1
2.718935338E1,2.871387079E-2,6.173482537E-1,8.494520187E0,8.516972265E0
2.719172890E1,-1.512263894E0,-1.024128079E0,1.161476135E1,1.175748535E1
2.719410442E1,1.871187329E0,3.637090325E-1,7.810173035E0,8.039429651E0
2.719647994E1,-1.981257200E0,1.914258115E-2,1.154297638E1,1.171179108E1
2.719885546E1,1.861616015E0,-7.704889178E-1,9.920642853E0,1.012316265E1
2.720123104E1,-7.704889178E-1,7.322037220E-1,8.752944946E0,8.817245641E0
2.720360656E1,-1.368694544E0,-1.115055323E0,1.134197903E1,1.147855223E1
2.720598208E1,1.828116536E0,3.158525825E-1,7.881958008E0,8.097347403E0
2.720835760E1,-1.727617979E0,5.742774159E-2,1.201675510E1,1.214044336E1
2.721073312E1,1.899901152E0,-7.752745152E-1,9.087940216E0,9.316723261E0
2.721310870E1,-1.373480201E0,9.858429432E-1,9.188439369E0,9.342684422E0
2.721548422E1,-8.183453679E-1,-1.368694544E0,1.138026428E1,1.149145026E1
2.721785974E1,1.875972986E0,3.445664644E-1,7.762316704E0,7.993219708E0
2.722023526E1,-2.297109842E0,-3.349951655E-2,1.186840057E1,1.208870415E1
2.722261078E1,2.110469580E0,-4.019941986E-1,9.011369705E0,9.263933568E0
2.722498630E1,-1.277767301E0,5.982056856E-1,9.533005714E0,9.636842702E0
2.722736187E1,-4.067798555E-1,-1.277767301E0,1.133719349E1,1.141622159E1
2.722973739E1,1.488335729E0,4.115654826E-1,7.690532207E0,7.844030534E0
2.723211291E1,-2.153540373E0,-2.105683982E-1,1.194975662E1,1.214408327E1
2.723448843E1,2.091326952E0,-5.551348329E-1,8.551948547E0,8.821431123E0
2.723686396E1,-1.339980721E0,3.828516304E-1,1.028913784E1,1.038308630E1
2.723923948E1,0.000000000E0,-1.057627559E0,1.122712421E1,1.127682997E1
2.724161505E1,1.038485050E0,4.259224236E-1,7.795815945E0,7.876205137E0
2.724399057E1,-2.086541414E0,-7.992027402E-1,1.169611740E1,1.190762539E1
2.724636609E1,2.440679073E0,-4.019941986E-1,8.834300995E0,9.174060592E0
2.724874161E1,-1.674975872E0,6.173482537E-1,1.070548820E1,1.085330091E1
2.725111713E1,1.387837082E-1,-1.244267821E0,1.068634605E1,1.075943564E1
2.725349271E1,7.896314859E-1,5.455635786E-1,7.891529083E0,7.949678533E0
2.725586823E1,-1.665404558E0,-1.033699393E0,1.175354481E1,1.191586851E1
2.725824375E1,2.584248543E0,-7.178468257E-2,9.040083885E0,9.402478940E0
2.726061927E1,-2.206182480E0,4.402793646E-1,1.041835022E1,1.065847589E1
2.726299479E1,7.657032460E-2,-1.115055323E0,1.038963604E1,1.044958126E1
2.726537031E1,7.609176040E-1,4.067798555E-1,8.236095428E0,8.281167391E0
2.726774588E1,-1.383051515E0,-1.071984529E0,1.205025482E1,1.217664254E1
2.727012140E1,2.239681959E0,-9.571290761E-2,8.331808090E0,8.628114643E0
2.727249692E1,-2.344966173E0,6.891329288E-1,1.080598736E1,1.107895001E1
2.727487245E1,5.838487148E-1,-1.268195987E0,1.045184898E1,1.054468338E1
2.727724796E1,8.327022791E-1,3.972085714E-1,8.221738815E0,8.273340129E0
2.727962354E1,-1.732403636E0,-9.475577474E-1,1.200239849E1,1.216374357E1
2.728199906E1,2.244467735E0,7.178468257E-2,8.121239662E0,8.425990868E0
2.728437458E1,-2.431107759E0,4.929214716E-1,1.094955635E1,1.122702279E1
2.728675010E1,1.000199914E0,-1.205982566E0,1.044227791E1,1.055916482E1
2.728912562E1,6.221339107E-1,5.216353536E-1,8.288737297E0,8.328404410E0
2.729150120E1,-1.761117458E0,-9.284151793E-1,1.174875927E1,1.191624244E1
2.729387672E1,2.129612207E0,1.483550072E-1,8.078168869E0,8.355481413E0
2.729625224E1,-1.947757602E0,1.818545163E-1,1.113141060E1,1.130199684E1
2.729862776E1,1.344766378E0,-9.188438654E-1,1.049013424E1,1.061581777E1
2.730100328E1,2.392822653E-1,6.317051649E-1,8.317451477E0,8.344837116E0
2.730337880E1,-1.670190215E0,-1.038485050E0,1.146640587E1,1.163384932E1
2.730575437E1,2.268395901E0,1.004985496E-1,8.197810173E0,8.506457051E0
2.730812989E1,-1.741974831E0,3.445664644E-1,1.166740322E1,1.180175836E1
2.731050541E1,1.320838094E0,-9.714859724E-1,9.796216011E0,9.932484402E0
2.731288093E1,2.871387079E-2,8.709874153E-1,8.733802795E0,8.777172371E0
2.731525646E1,-1.272981644E0,-1.292124271E0,1.143290615E1,1.157589782E1
2.731763203E1,2.402393818E0,1.531406492E-1,8.221738815E0,8.566909435E0
2.732000755E1,-2.000399828E0,3.541377485E-1,1.151904774E1,1.169681469E1
2.732238307E1,1.584048629E0,-7.657032609E-1,9.743574142E0,9.901148853E0
2.732475859E1,-1.579262912E-1,6.460621357E-1,8.709874153E0,8.735230092E0
2.732713411E1,-8.949156404E-1,-1.234696507E0,1.173440266E1,1.183307040E1
2.732950968E1,2.311466694E0,2.536391914E-1,7.901100159E0,8.236175984E0
2.733188521E1,-2.172683001E0,4.354937077E-1,1.165783215E1,1.186656043E1
2.733426073E1,1.703689694E0,-7.848458290E-1,9.528220177E0,9.711102990E0
2.733663625E1,-9.571290575E-3,4.737788737E-1,8.901300430E0,8.913905282E0
2.733901177E1,-8.039883971E-1,-9.906286001E-1,1.172004509E1,1.178928324E1
2.734138734E1,1.938186288E0,3.110669553E-1,7.714460373E0,7.960290672E0
2.734376286E1,-2.177468538E0,2.105683982E-1,1.156211948E1,1.176725606E1
2.734613838E1,2.086541414E0,-8.087740541E-1,9.647860527E0,9.903988252E0
2.734851390E1,-2.967100143E-1,7.082754970E-1,9.174081802E0,9.206164670E0
2.735088942E1,-1.043270707E0,-1.124626637E0,1.140897846E1,1.151164577E1
2.735326495E1,1.674975872E0,4.594219327E-1,7.700103283E0,7.893554538E0
2.735564052E1,-2.009970903E0,-1.339980662E-1,1.163390350E1,1.180701695E1
2.735801604E1,2.292324066E0,-5.838487148E-1,9.777072906E0,1.005916416E1
2.736039156E1,-7.130611539E-1,5.934200287E-1,9.020941734E0,9.068516599E0
2.736276708E1,-1.067198873E0,-1.076770186E0,1.119362450E1,1.129582121E1
2.736514260E1,1.598405480E0,3.445664644E-1,7.853243828E0,8.021662218E0
2.736751817E1,-1.655833244E0,-2.536391914E-1,1.198804188E1,1.210451423E1
2.736989370E1,2.143969059E0,-5.838487148E-1,9.016156197E0,9.285933190E0
2.737226922E1,-1.205982566E0,8.183453679E-1,9.442078590E0,9.553896127E0
2.737464474E1,-7.465606928E-1,-1.292124271E0,1.109791183E1,1.119779376E1
2.737702020E1,1.713261008E0,2.536391914E-1,7.800601959E0,7.990556116E0
2.737939583E1,-1.828116536E0,-1.387837082E-1,1.210768223E1,1.224570292E1
2.738177135E1,2.191825628E0,-5.647061467E-1,8.891729355E0,9.175284385E0
2.738414687E1,-1.387837172E0,6.412764788E-1,9.533005714E0,9.654818770E0
2.738652239E1,-3.780659735E-1,-1.339980721E0,1.121755219E1,1.130362593E1
2.738889791E1,1.713261008E0,3.924229145E-1,7.814958572E0,8.010170817E0
2.739127349E1,-2.134397745E0,-2.775674164E-1,1.197846985E1,1.217030966E1
2.739364901E1,2.268395901E0,-4.785645306E-1,8.815158844E0,9.114914669E0
2.739602453E1,-1.263410330E0,3.684946895E-1,9.824930191E0,9.912681134E0
2.739840005E1,-1.004985496E-1,-1.100698471E0,1.144726372E1,1.150049928E1
2.740077557E1,1.392622828E0,3.780659735E-1,7.618747234E0,7.754201548E0
2.740315114E1,-2.182254314E0,-4.067798555E-1,1.178225899E1,1.198955089E1
2.740552666E1,2.517249346E0,-5.024927258E-1,8.982656479E0,9.342224608E0
2.740790218E1,-1.306481123E0,4.689932466E-1,1.014078236E1,1.023534632E1
2.741027771E1,-2.105683982E-1,-1.220339537E0,1.098784161E1,1.105740615E1
2.741265323E1,1.182054400E0,5.312066078E-1,7.848458290E0,7.954730077E0
2.741502875E1,-1.990828395E0,-8.135597110E-1,1.170568848E1,1.190161417E1
2.741740432E1,2.723032236E0,-3.684946895E-1,9.150154114E0,9.553848083E0
2.741977984E1,-1.627119422E0,4.307080805E-1,1.008335495E1,1.022287015E1
2.742215536E1,-2.488535494E-1,-1.057627559E0,1.081077290E1,1.086523422E1
2.742453088E1,1.119840980E0,3.924229145E-1,8.039883614E0,8.126977795E0
2.742690640E1,-1.493121386E0,-9.810572863E-1,1.199761295E1,1.212990525E1
2.742928198E1,2.531606436E0,-2.249253243E-1,8.848658562E0,9.206431496E0
2.743165750E1,-2.057827473E0,6.556333899E-1,1.032263660E1,1.054615264E1
2.743403302E1,-4.307080805E-2,-1.282552958E0,1.069591713E1,1.077262458E1
2.743640854E1,1.263410330E0,2.919243574E-1,8.011170387E0,8.115434459E0
2.743878406E1,-1.612762451E0,-7.178468108E-1,1.226560879E1,1.239199200E1
2.744115963E1,2.359323025E0,-2.775674164E-1,8.417949677E0,8.746732279E0
2.744353515E1,-2.234896421E0,6.795616150E-1,1.046142101E1,1.071904360E1
2.744591067E1,2.967100143E-1,-1.421336651E0,1.076770210E1,1.086515731E1
2.744828620E1,1.258624673E0,5.216353536E-1,8.226524353E0,8.338581560E0
2.745066172E1,-1.952543259E0,-8.805587292E-1,1.190190029E1,1.209309883E1
2.745303729E1,2.349751949E0,-4.307080805E-2,8.475378036E0,8.795181759E0
2.745541281E1,-2.163111687E0,4.019941986E-1,1.065763187E1,1.088236044E1
2.745778833E1,5.886343718E-1,-1.263410330E0,1.095912743E1,1.104740558E1
2.746016385E1,9.236295223E-1,4.498506486E-1,8.078168869E0,8.143234577E0
2.746253937E1,-2.014756680E0,-8.853443861E-1,1.175833035E1,1.196250023E1
2.746491489E1,2.340180635E0,-9.571290761E-2,8.465806961E0,8.783820004E0
2.746729046E1,-1.847259045E0,1.866401732E-1,1.097827053E1,1.113416474E1
2.746966599E1,6.173482537E-1,-1.048056364E0,1.053799057E1,1.060795863E1
2.747204151E1,5.407779217E-1,6.317051649E-1,8.293522835E0,8.335107269E0
2.747441703E1,-1.828116536E0,-1.210768223E0,1.145204926E1,1.166007727E1
2.747679255E1,2.522035122E0,-1.244267747E-1,8.604590416E0,8.967447764E0
2.747916812E1,-2.043470621E0,4.211367965E-1,1.113141060E1,1.132525630E1
2.748154364E1,7.322037220E-1,-1.071984529E0,1.026999474E1,1.035171797E1
2.748391916E1,3.924229145E-1,6.077769399E-1,8.327022552E0,8.358390583E0
2.748629468E1,-1.416550994E0,-1.397408366E0,1.172483063E1,1.189247746E1
2.748867021E1,2.541177750E0,1.339980662E-1,8.566305161E0,8.936281326E0
2.749104578E1,-2.335394859E0,4.450650215E-1,1.109312534E1,1.134502454E1
2.749342130E1,7.992027402E-1,-1.105484009E0,1.001156998E1,1.010407607E1
2.749579682E1,5.503492355E-1,4.737788737E-1,8.523234367E0,8.554114494E0
2.749817234E1,-1.215553880E0,-1.086341500E0,1.194497108E1,1.205570584E1
2.750054786E1,2.234896421E0,-2.871387079E-2,8.020741463E0,8.326336536E0
2.750292343E1,-2.397608280E0,6.029912829E-1,1.118405342E1,1.145404622E1
2.750529896E1,1.196411371E0,-1.148554921E0,1.006421185E1,1.019994797E1
2.750767448E1,6.747759581E-1,5.024927258E-1,8.705088615E0,8.745649738E0
2.751004995E1,-1.464407444E0,-1.143769264E0,1.160040379E1,1.174827925E1
2.751242552E1,2.086541414E0,3.110669553E-1,7.968099594E0,8.242634825E0
2.751480109E1,-2.364108801E0,3.110669553E-1,1.132283688E1,1.157118870E1
2.751717661E1,1.588834286E0,-1.038485050E0,1.013121128E1,1.030748697E1
2.751955213E1,2.823530734E-1,5.742774606E-1,8.575876236E0,8.599719244E0
2.752192765E1,-1.531406522E0,-1.048056364E0,1.151904774E1,1.166756568E1
2.752430317E1,1.990828395E0,2.297109663E-1,7.848458290E0,8.100275449E0
2.752667875E1,-2.014756680E0,2.871387079E-2,1.154297638E1,1.171752417E1
2.752905427E1,1.780260086E0,-7.752745152E-1,9.796216011E0,9.986802525E0
2.753142979E1,-2.392822653E-1,7.130611539E-1,8.815158844E0,8.847188121E0
2.753380531E1,-1.440479279E0,-1.167697430E0,1.116969585E1,1.132257053E1
2.753618083E1,2.033899307E0,8.135596663E-2,7.996813297E0,8.251811201E0
2.753855640E1,-1.895115495E0,2.297109663E-1,1.209332561E1,1.224306964E1
2.754093192E1,1.655833244E0,-9.284151793E-1,9.212367058E0,9.405926073E0
2.754330744E1,-5.168496966E-1,7.752745152E-1,8.977870941E0,9.026092777E0
2.754568296E1,-1.119840980E0,-1.454836130E0,1.127976608E1,1.142819823E1
2.754805849E1,2.134397745E0,1.962114573E-1,8.087740898E0,8.366941228E0
2.755043401E1,-2.182254314E0,1.244267747E-1,1.176311588E1,1.196447288E1
2.755280958E1,1.703689694E0,-7.274180651E-1,9.255437851E0,9.439005532E0
2.755518510E1,-4.642075896E-1,4.737788737E-1,9.135796547E0,9.159843539E0
2.755756062E1,-7.322037220E-1,-1.335195065E0,1.164826107E1,1.174737648E1
2.755993614E1,1.904686809E0,1.579262912E-1,7.604390144E0,7.840887834E0
2.756231172E1,-2.268395901E0,1.627119333E-1,1.186361504E1,1.207962983E1
2.756468724E1,1.928615093E0,-8.231309652E-1,9.317651749E0,9.550692900E0
2.756706276E1,-2.679961324E-1,3.397808075E-1,9.327222824E0,9.337256478E0
2.756943828E1,-7.322037220E-1,-1.162911773E0,1.154776192E1,1.162924294E1
2.757181380E1,1.737189293E0,1.962114573E-1,7.618747234E0,7.816753482E0
2.757418932E1,-2.158325911E0,-1.292124242E-1,1.176311588E1,1.196018235E1
2.757656489E1,2.321038008E0,-8.087740541E-1,9.446864128E0,9.761381806E0
2.757894041E1,-3.732803464E-1,5.838487148E-1,9.485149384E0,9.510429873E0
2.758131593E1,-8.327022791E-1,-1.234696507E0,1.121755219E1,1.131597745E1
2.758369146E1,1.593619823E0,3.062812984E-1,7.676175117E0,7.845833086E0
2.758606703E1,-1.794616938E0,-4.546363056E-1,1.190190029E1,1.204502282E1
2.758844255E1,2.517249346E0,-4.498506486E-1,9.437292099E0,9.777596435E0
2.759081807E1,-7.704889178E-1,5.407779217E-1,9.389435768E0,9.436503483E0
2.759319359E1,-8.039883971E-1,-1.153340459E0,1.111226845E1,1.120085272E1
2.759556911E1,1.641476393E0,2.488535494E-1,7.762316704E0,7.937879657E0
2.759794463E1,-1.517049551E0,-2.871387303E-1,1.232303619E1,1.241938441E1
2.760032021E1,2.297109842E0,-5.216353536E-1,8.829515457E0,9.138334656E0
2.760269573E1,-1.119840980E0,8.518448472E-1,9.719645500E0,9.820956782E0
2.760507125E1,-5.982056856E-1,-1.344766378E0,1.101177025E1,1.110969534E1
2.760744677E1,1.808973908E0,2.632105052E-1,7.858029366E0,8.067855470E0
2.760982229E1,-1.832902193E0,-2.057827413E-1,1.214596748E1,1.228521075E1
2.761219786E1,2.306680918E0,-3.254238665E-1,8.767302513E0,9.071508745E0
2.761457338E1,-1.258624673E0,6.604190469E-1,9.690931320E0,9.794612766E0
2.761694890E1,-2.392822653E-1,-1.306481123E0,1.127976608E1,1.135769659E1
2.761932442E1,1.646261930E0,4.163511395E-1,7.599604607E0,7.787009490E0
2.762169995E1,-2.220539331E0,-1.627119333E-1,1.211725426E1,1.232011042E1
2.762407552E1,2.297109842E0,-2.679961324E-1,8.724231720E0,9.025561182E0
2.762645104E1,-1.028913736E0,3.972085714E-1,9.934999466E0,9.996031838E0
2.762882656E1,-2.105683982E-1,-9.714859724E-1,1.133719349E1,1.138068892E1
2.763120208E1,1.263410330E0,4.307080805E-1,7.532605648E0,7.649958363E0
2.763357760E1,-2.163111687E0,-3.158525825E-1,1.181575775E1,1.201627839E1
2.763595317E1,2.450250387E0,-3.302095234E-1,8.896514893E0,9.233674378E0
2.763832870E1,-1.115055323E0,6.412764788E-1,1.015035343E1,1.023153257E1
2.764070422E1,-3.780659735E-1,-1.115055323E0,1.093519974E1,1.099840332E1
2.764307974E1,1.043270707E0,5.790630579E-1,7.733603001E0,7.825109786E0
2.764545526E1,-1.981257200E0,-6.987041831E-1,1.184925747E1,1.203405460E1
2.764783083E1,2.665604353E0,-2.153540403E-1,9.011369705E0,9.399819567E0
2.765020635E1,-1.540977836E0,5.312066078E-1,9.968499184E0,1.010087962E1
2.765258187E1,-3.445664644E-1,-1.014556766E0,1.088255692E1,1.093517702E1
2.765495739E1,1.100698471E0,4.546363056E-1,7.867600918E0,7.957221594E0
2.765733291E1,-1.469193101E0,-8.709874153E-1,1.217468166E1,1.229390178E1
2.765970849E1,2.507678032E0,-1.674975902E-1,8.657232285E0,9.014664463E0
2.766208401E1,-1.832902193E0,7.130611539E-1,1.026042366E1,1.044721400E1
2.766445953E1,-1.004985496E-1,-1.249053478E0,1.073898792E1,1.081184980E1
2.766683505E1,1.354337573E0,2.727817893E-1,7.872386456E0,7.992690953E0
2.766921057E1,-1.631905079E0,-6.364908218E-1,1.236610699E1,1.248954910E1
2.767158614E1,2.526820660E0,-2.392822653E-1,8.293522835E0,8.673211612E0
2.767396166E1,-1.890329838E0,6.317051649E-1,1.034177971E1,1.053208459E1
2.767633718E1,3.780659735E-1,-1.320838094E0,1.097348499E1,1.105915549E1
2.767871271E1,1.344766378E0,4.211367965E-1,7.944170952E0,8.068184735E0
2.768108823E1,-1.995614052E0,-6.987041831E-1,1.207418346E1,1.225791864E1
2.768346380E1,2.483749866E0,-1.627119333E-1,8.365307808E0,8.727763934E0
2.768583932E1,-1.612762451E0,3.397808075E-1,1.048056316E1,1.060936652E1
2.768821484E1,4.642075896E-1,-1.091127157E0,1.118883896E1,1.125149610E1
2.769059036E1,1.062413216E0,3.732803464E-1,7.690532207E0,7.772537918E0
2.769296588E1,-2.105684042E0,-7.178468108E-1,1.187797165E1,1.208451157E1
2.769534146E1,2.483749866E0,-2.679961324E-1,8.532805443E0,8.890984425E0
2.769771698E1,-1.363908887E0,3.732803464E-1,1.078205872E1,1.087439083E1
2.770009250E1,2.440679073E-1,-1.134197950E0,1.086820030E1,1.092994748E1
2.770246802E1,7.944171429E-1,5.551348329E-1,7.848458290E0,7.908069980E0
2.770484354E1,-1.962114573E0,-1.000199914E0,1.188275719E1,1.208512358E1
2.770721911E1,2.684746981E0,-2.153540403E-1,8.762516975E0,9.167112275E0
2.770959463E1,-1.722832322E0,4.354937077E-1,1.050927734E1,1.065845750E1
2.771197015E1,2.871387079E-2,-1.057627559E0,1.069591713E1,1.074811815E1
2.771434562E1,8.374879360E-1,4.067798555E-1,7.939385414E0,7.993791131E0
2.771672120E1,-1.708475351E0,-1.091127157E0,1.197846985E1,1.214879362E1
2.771909677E1,2.455035925E0,-8.135596663E-2,8.714659691E0,9.054231812E0
2.772147229E1,-1.971685886E0,5.742774606E-1,1.043749237E1,1.063760249E1
2.772384781E1,-8.135596663E-2,-1.138983607E0,1.064806080E1,1.070911300E1
2.772622333E1,9.714859724E-1,2.105683982E-1,7.886743546E0,7.949141325E0
2.772859890E1,-1.674975872E0,-7.944171429E-1,1.241396427E1,1.255161949E1
2.773097442E1,2.230110645E0,-2.488535494E-1,8.360522270E0,8.656422714E0
2.773334994E1,-2.158325911E0,7.082754970E-1,1.050927734E1,1.075197355E1
2.773572546E1,1.244267747E-1,-1.359123230E0,1.090170002E1,1.098679941E1
2.773810099E1,1.215553880E0,3.493520916E-1,8.001599312E0,8.100938814E0
2.774047656E1,-2.100898266E0,-7.944171429E-1,1.208375454E1,1.229072805E1
2.774285208E1,2.105684042E0,-1.627119333E-1,8.403593063E0,8.664915281E0
2.774522760E1,-1.938186288E0,5.120640397E-1,1.046620655E1,1.065646542E1
2.774760312E1,2.967100143E-1,-1.229910851E0,1.113619614E1,1.120783574E1
2.774997864E1,1.124626637E0,2.967100143E-1,7.623532772E0,7.711749077E0
2.775235422E1,-2.287538528E0,-6.077769399E-1,1.207896900E1,1.230868464E1
2.775472974E1,2.244467735E0,-2.488535494E-1,8.494520187E0,8.789564080E0
2.775710526E1,-1.521835208E0,2.679961324E-1,1.059063339E1,1.070277160E1
2.775948078E1,1.579262912E-1,-1.014556766E0,1.110269737E1,1.115007422E1
2.776185630E1,9.714859724E-1,4.354937077E-1,7.642675400E0,7.716471151E0
2.776423187E1,-2.172683001E0,-7.417750359E-1,1.193539906E1,1.215419813E1
2.776660739E1,2.526820660E0,-3.924229145E-1,8.724231720E0,9.091261601E0
2.776898291E1,-1.459621787E0,5.647061467E-1,1.053320503E1,1.064884017E1
2.777135843E1,-1.148554832E-1,-1.158126116E0,1.082034397E1,1.088275202E1
2.777373396E1,1.091127157E0,4.259224236E-1,7.738388538E0,7.826533432E0
2.777610953E1,-1.674975872E0,-8.709874153E-1,1.206939697E1,1.221615760E1
2.777848505E1,2.574677229E0,-2.009970993E-1,9.054440498E0,9.415532667E0
2.778086057E1,-1.564906001E0,5.264210105E-1,1.002592659E1,1.016096717E1
2.778323609E1,-3.014956415E-1,-1.091127157E0,1.079641533E1,1.085559957E1
2.778561166E1,1.411765337E0,2.871387303E-1,7.829315662E0,7.960760878E0
2.778798718E1,-1.383051515E0,-5.790630579E-1,1.241396427E1,1.250418548E1
2.779036271E1,2.407179594E0,-4.067798555E-1,8.470592499E0,8.815379784E0
2.779273823E1,-1.493121386E0,8.231309652E-1,1.025563812E1,1.039639694E1
2.779511375E1,-1.914258152E-1,-1.282552958E0,1.085384369E1,1.093103420E1
2.779748927E1,1.718046665E0,2.632105052E-1,7.810173035E0,8.001235339E0
2.779986484E1,-1.741974831E0,-3.206382394E-1,1.218903828E1,1.231705887E1
2.780224036E1,2.335394859E0,-3.158525825E-1,8.556734085E0,8.875332681E0
2.780461588E1,-1.344766378E0,6.747759581E-1,9.968499184E0,1.008140343E1
2.780699140E1,-8.135596663E-2,-1.177268744E0,1.117448139E1,1.123661937E1
2.780936692E1,1.689332843E0,4.259224236E-1,7.475177765E0,7.675515486E0
2.781174250E1,-2.110469580E0,-4.785645381E-2,1.224168110E1,1.242236403E1
2.781411802E1,2.292324066E0,-4.211367965E-1,8.590232849E0,8.900798067E0
2.781649354E1,-9.523434043E-1,4.546363056E-1,9.844072342E0,9.900475362E0
2.781886906E1,-3.541377485E-1,-8.327022791E-1,1.133719349E1,1.137324768E1
2.782124463E1,1.579262972E0,3.780659735E-1,7.465606689E0,7.640175957E0
2.782362015E1,-2.182254314E0,-4.785645381E-2,1.186361504E1,1.206274786E1
2.782599567E1,2.421536446E0,-5.694918036E-1,8.997013092E0,9.334581097E0
2.782837120E1,-7.896314859E-1,7.034898400E-1,9.729216576E0,9.786524971E0
2.783074672E1,-7.752745152E-1,-1.052842021E0,1.100698376E1,1.108436820E1
2.783312229E1,1.540977836E0,5.455635786E-1,7.671389580E0,7.843626100E0
2.783549781E1,-1.957328916E0,-2.488535494E-1,1.177747345E1,1.194160565E1
2.783787333E1,2.407179594E0,-5.551348329E-1,9.365508080E0,9.685836560E0
2.784024885E1,-8.183453679E-1,6.317051649E-1,9.308079720E0,9.365313055E0
2.784262437E1,-1.062413216E0,-9.236295223E-1,1.112662506E1,1.121532873E1
2.784499994E1,1.569691658E0,3.158525825E-1,7.791030407E0,7.953857527E0
2.784737547E1,-1.607976794E0,-2.679961324E-1,1.203111267E1,1.214104952E1
2.784975099E1,2.129612207E0,-6.795616150E-1,9.226723671E0,9.493654820E0
2.785212651E1,-8.470591903E-1,7.417750359E-1,9.288937569E0,9.356927948E0
2.785450203E1,-1.110269666E0,-1.191625714E0,1.125105190E1,1.136832615E1
2.785687760E1,1.971685886E0,1.100698411E-1,7.877171993E0,8.120929701E0
2.785925312E1,-1.808973908E0,-4.785645287E-3,1.211725426E1,1.225154114E1
2.786162864E1,1.919043779E0,-8.805587292E-1,9.183652878E0,9.423247470E0
2.786400416E1,-7.848458290E-1,6.939185858E-1,9.078369141E0,9.138615444E0
2.786637968E1,-8.949156404E-1,-1.426122308E0,1.158604717E1,1.170774051E1
2.786875526E1,2.187039852E0,1.818545163E-1,7.910671711E0,8.209442204E0
2.787113078E1,-2.210968018E0,9.092725813E-2,1.190190029E1,1.210586130E1
2.787350630E1,1.674975872E0,-9.188438654E-1,9.336793900E0,9.530243362E0
2.787588182E1,-3.302095234E-1,3.589234054E-1,8.987442017E0,9.000665439E0
2.787825734E1,-9.140582681E-1,-1.158126116E0,1.201675510E1,1.210698814E1
2.788063291E1,1.990828395E0,1.914258115E-2,7.623532772E0,7.879214178E0
2.788300843E1,-2.277967215E0,2.919243574E-1,1.172004509E1,1.194293981E1
2.788538396E1,1.584048629E0,-1.076770186E0,9.734002113E0,9.920657299E0
2.788775948E1,1.148554832E-1,4.163511395E-1,8.944371223E0,8.954792942E0
2.789013495E1,-1.378265858E0,-1.205982566E0,1.178704453E1,1.192847138E1
2.789251057E1,1.966900229E0,2.153540403E-1,7.858029366E0,8.103314099E0
2.789488609E1,-2.158325911E0,1.483550072E-1,1.148554897E1,1.168752391E1
2.789726161E1,1.550549030E0,-1.115055323E0,1.019342422E1,1.037079785E1
2.789963713E1,2.009970993E-1,4.737788737E-1,8.504091263E0,8.519649903E0
2.790201270E1,-1.708475351E0,-9.714859724E-1,1.186361504E1,1.202530809E1
2.790438823E1,2.191825628E0,1.244267747E-1,7.896314621E0,8.195813944E0
2.790676375E1,-1.919043779E0,3.349951655E-2,1.141376400E1,1.157401658E1
2.790913927E1,1.215553880E0,-8.566305041E-1,1.034177971E1,1.044814790E1
2.791151479E1,1.387837082E-1,6.029912829E-1,8.370093346E0,8.392932862E0
2.791389036E1,-1.770688772E0,-1.105484009E0,1.166740322E1,1.185266770E1
2.791626588E1,2.392822742E0,-4.307080805E-2,8.049455643E0,8.397689677E0
2.791864140E1,-1.808973908E0,4.067798555E-1,1.155733299E1,1.170511864E1
2.792101692E1,8.662018180E-1,-1.081555843E0,1.003549862E1,1.013071079E1
2.792339244E1,2.727817893E-1,7.178468108E-1,8.355736732E0,8.390950500E0
2.792576802E1,-1.651047587E0,-1.220339537E0,1.171525955E1,1.189380062E1
2.792814354E1,2.684746981E0,3.828516230E-2,8.422736168E0,8.840351614E0
2.793051906E1,-2.072184324E0,4.881358147E-1,1.096869946E1,1.117338768E1
2.793289458E1,5.982056856E-1,-9.427721500E-1,1.015513897E1,1.021633578E1
2.793527015E1,5.934200287E-1,4.977070987E-1,8.216953278E0,8.253373907E0
2.793764567E1,-1.258624673E0,-1.038485050E0,1.208375454E1,1.219342901E1
2.794002120E1,2.464607239E0,-7.657032460E-2,8.068597794E0,8.436967596E0
2.794239672E1,-2.124826431E0,6.843472719E-1,1.087777138E1,1.110446436E1
2.794477224E1,5.886343718E-1,-1.105484009E0,1.045184898E1,1.052662018E1
2.794714771E1,1.062413216E0,3.158525825E-1,8.087740898E0,8.163334951E0
2.794952333E1,-1.598405480E0,-8.231309652E-1,1.216511059E1,1.229725011E1
2.795189885E1,2.507678032E0,-1.196411327E-1,8.102097511E0,8.482142842E0
2.795427437E1,-2.048256159E0,5.216353536E-1,1.060499001E1,1.081356878E1
2.795664989E1,6.269195080E-1,-1.249053478E0,1.079162979E1,1.088174785E1
2.795902547E1,1.148554921E0,4.450650215E-1,8.049455643E0,8.143156478E0
2.796140099E1,-1.890329838E0,-8.231309652E-1,1.203111267E1,1.220649678E1
2.796377651E1,2.421536446E0,-1.579262912E-1,8.221738815E0,8.572384069E0
2.796615203E1,-1.684547186E0,2.440679073E-1,1.059063339E1,1.072654576E1
2.796852755E1,3.684946895E-1,-1.024128079E0,1.106441212E1,1.111781643E1
2.797090312E1,9.954141974E-1,4.067798555E-1,7.862815380E0,7.936005606E0
2.797327864E1,-1.966900229E0,-7.800601721E-1,1.183011532E1,1.201785417E1
2.797565416E1,2.435893536E0,-3.110669553E-1,8.475378036E0,8.823965822E0
2.797802968E1,-1.502692580E0,4.163511395E-1,1.065763187E1,1.077109792E1
2.798040526E1,4.785645287E-3,-1.162911773E0,1.077727318E1,1.083983412E1
2.798278078E1,8.997012973E-1,6.125625968E-1,7.929814339E0,8.004164591E0
2.798515630E1,-1.938186288E0,-9.619147182E-1,1.180140114E1,1.199812130E1
2.798753182E1,2.545963287E0,-3.637090325E-1,8.843872070E0,9.210227278E0
2.798990734E1,-1.708475351E0,4.881358147E-1,1.020778179E1,1.036127278E1
2.799228286E1,-3.589234054E-1,-1.004985452E0,1.089212894E1,1.094428137E1
2.799465843E1,1.076770186E0,4.498506486E-1,7.843672752E0,7.930006424E0
2.799703396E1,-1.612762451E0,-9.236295223E-1,1.205504036E1,1.219746253E1
2.799940948E1,2.344966173E0,-2.919243574E-1,8.757730484E0,9.070938728E0
2.800178500E1,-1.942971945E0,6.891329288E-1,1.012164021E1,1.032945519E1
2.800416057E1,-5.216353536E-1,-1.148554921E0,1.092084217E1,1.099345603E1
2.800653609E1,1.445264935E0,2.727817893E-1,7.829315662E0,7.966265397E0
2.800891156E1,-1.646261930E0,-4.737788737E-1,1.241874981E1,1.253634682E1
2.801128713E1,2.234896421E0,-4.929214716E-1,8.461020470E0,8.765078493E0
2.801366265E1,-1.832902193E0,7.848458290E-1,1.000678444E1,1.020349196E1
2.801603823E1,-3.924229145E-1,-1.272981644E0,1.107398319E1,1.115381467E1
2.801841375E1,1.727617979E0,4.067798555E-1,7.982456207E0,8.177392056E0
2.802078927E1,-1.875972986E0,-4.115654826E-1,1.193539906E1,1.208893756E1
2.802316479E1,2.172683001E0,-3.972085714E-1,8.647661209E0,8.925265848E0
2.802554031E1,-1.387837172E0,4.785645306E-1,9.963713646E0,1.007128123E1
2.802791588E1,-2.536391914E-1,-1.201196909E0,1.148076344E1,1.154621739E1
2.803029140E1,1.627119422E0,3.397808075E-1,7.556533813E0,7.737194058E0
2.803266692E1,-1.962114573E0,-2.201396823E-1,1.194975662E1,1.211177272E1
2.803504245E1,2.321038008E0,-5.838487148E-1,8.891729355E0,9.208200024E0
2.803741802E1,-8.757730722E-1,3.876372576E-1,9.887143135E0,9.933420382E0
2.803979354E1,-5.312066078E-1,-1.095912814E0,1.138983536E1,1.145476123E1
2.804216906E1,1.703689694E0,4.259224236E-1,7.633104324E0,7.832512375E0
2.804454458E1,-1.909472466E0,-3.445664644E-1,1.182532978E1,1.198345675E1
2.804692010E1,2.517249346E0,-7.226324677E-1,9.327222824E0,9.687921736E0
2.804929567E1,-6.987041831E-1,5.790630579E-1,9.643074989E0,9.685679987E0
2.805167120E1,-9.044869542E-1,-1.086341500E0,1.130369377E1,1.139173944E1
2.805404672E1,1.718046665E0,2.967100143E-1,7.676175117E0,7.871682515E0
2.805642224E1,-1.622333765E0,-3.876372576E-1,1.194018459E1,1.205612863E1
2.805879781E1,2.344966173E0,-5.694918036E-1,9.470791817E0,9.773386563E0
2.806117333E1,-6.939185858E-1,5.838487148E-1,9.379864693E0,9.423601434E0
2.806354885E1,-1.091127157E0,-1.177268744E0,1.116491032E1,1.127970490E1
2.806592437E1,1.804188251E0,9.571290761E-2,7.848458290E0,8.053729182E0
2.806829989E1,-1.540977836E0,-3.349951655E-2,1.216511059E1,1.226236725E1
2.807067546E1,1.880758643E0,-8.039883971E-1,9.126225471E0,9.352627533E0
2.807305099E1,-6.987041831E-1,8.709874153E-1,9.284152031E0,9.351057991E0
2.807542651E1,-1.110269666E0,-1.373480201E0,1.130848026E1,1.144556126E1
2.807780203E1,2.167897224E0,2.105683982E-1,8.044670105E0,8.334316680E0
2.808017760E1,-2.043470621E0,5.264209956E-2,1.171525955E1,1.189226008E1
2.808255312E1,1.517049551E0,-6.891329288E-1,9.384650230E0,9.531421902E0
2.808492864E1,-4.737788737E-1,6.747759581E-1,9.054440498E0,9.091901988E0
2.808730416E1,-9.140582681E-1,-1.244267821E0,1.166740322E1,1.176911224E1
2.808967968E1,2.110469580E0,1.483550072E-1,7.752745152E0,8.036239695E0
2.809205520E1,-2.440679073E0,3.732803464E-1,1.165304661E1,1.191174831E1
2.809443078E1,1.339980721E0,-8.374879360E-1,9.552147865E0,9.681965876E0
2.809680630E1,-5.264209956E-2,4.785645306E-1,8.848658562E0,8.861746642E0
2.809918182E1,-1.143769264E0,-1.019342422E0,1.186840057E1,1.196687926E1
2.810155734E1,2.038684845E0,1.531406492E-1,7.685746193E0,7.953010908E0
2.810393291E1,-2.541177750E0,3.445664644E-1,1.140897846E1,1.169363502E1
2.810630843E1,1.373480201E0,-1.067198873E0,9.963713646E0,1.011439325E1
2.810868396E1,2.105683982E-1,6.604190469E-1,8.901300430E0,8.928249645E0
2.811105942E1,-1.488335729E0,-1.129412293E0,1.169611740E1,1.184440280E1
2.811343500E1,2.115255117E0,1.722832322E-1,7.819744587E0,8.102616314E0
2.811581057E1,-2.335394859E0,9.092725813E-2,1.136112213E1,1.159902724E1
2.811818609E1,1.191625714E0,-9.571290612E-1,1.038485050E1,1.049672272E1
2.812056161E1,1.674975902E-1,5.982056856E-1,8.384450912E0,8.407432580E0
2.812293713E1,-1.631905079E0,-1.024128079E0,1.171525955E1,1.187262645E1
2.812531265E1,2.201396942E0,-2.871387079E-2,7.972885132E0,8.271267757E0
2.812768823E1,-1.938186288E0,1.483550072E-1,1.144726372E1,1.161113353E1
2.813006375E1,8.327022791E-1,-1.009771109E0,1.014078236E1,1.022489597E1
2.813243927E1,3.110669553E-1,7.130611539E-1,8.417949677E0,8.453821362E0
2.813481479E1,-1.607976794E0,-1.258624673E0,1.159083271E1,1.176932999E1
2.813719036E1,2.584248543E0,-7.178468257E-2,8.255238533E0,8.650575519E0
2.813956588E1,-1.971685886E0,3.828516304E-1,1.117448139E1,1.135355253E1
2.814194140E1,5.503492355E-1,-9.906286001E-1,1.025563812E1,1.031805905E1
2.814431692E1,4.881358147E-1,5.647061467E-1,8.116454124E0,8.150705317E0
2.814669245E1,-1.311266780E0,-1.263410330E0,1.189232826E1,1.203092256E1
2.814906802E1,2.636890650E0,2.392822690E-2,8.317451477E0,8.725466402E0
2.815144354E1,-1.995614052E0,5.312066078E-1,1.089691448E1,1.109087017E1
2.815381906E1,2.679961324E-1,-1.067198873E0,1.024606609E1,1.030497966E1
2.815619458E1,9.762716293E-1,3.349951804E-1,8.111668587E0,8.177071317E0
2.815857015E1,-1.234696507E0,-8.709874153E-1,1.231825066E1,1.241057588E1
2.816094567E1,2.455035925E0,-1.770688742E-1,7.968099594E0,8.339614255E0
2.816332120E1,-2.053041935E0,7.082754970E-1,1.069591713E1,1.091417787E1
2.816569672E1,3.541377485E-1,-1.296909928E0,1.071506023E1,1.079906962E1
2.816807224E1,1.397408366E0,4.498506486E-1,8.106883049E0,8.238729788E0
2.817044781E1,-1.708475351E0,-8.757730722E-1,1.202632618E1,1.217860369E1
2.817282333E1,2.450250387E0,-1.722832322E-1,8.197810173E0,8.557891102E0
2.817519885E1,-1.765903115E0,5.407779217E-1,1.060499001E1,1.076460253E1
2.817757437E1,3.110669553E-1,-1.191625714E0,1.108355427E1,1.115176711E1
2.817994989E1,1.464407444E0,2.727817893E-1,7.613961697E0,7.758305987E0
2.818232546E1,-2.014756680E0,-4.977070987E-1,1.205504036E1,1.223237323E1
2.818470099E1,2.411965132E0,-3.732803464E-1,8.542376518E0,8.884205682E0
2.818707651E1,-1.234696507E0,3.110669553E-1,1.031785107E1,1.039611893E1
2.818945203E1,-5.742774159E-2,-9.714859724E-1,1.124626637E1,1.128829438E1
2.819182760E1,1.564906001E0,3.158525825E-1,7.599604607E0,7.765480270E0
2.819420312E1,-2.096112728E0,-5.982056856E-1,1.183490086E1,1.203396929E1
2.819657859E1,2.388036966E0,-5.694918036E-1,9.040083885E0,9.367505437E0
2.819895416E1,-1.009771109E0,6.364908218E-1,1.007378292E1,1.014425259E1
2.820132968E1,-5.742774606E-1,-1.162911773E0,1.119841003E1,1.127326686E1
2.820370526E1,1.569691658E0,3.158525825E-1,7.609176159E0,7.775812277E0
2.820608078E1,-1.837687731E0,-5.551348329E-1,1.191625690E1,1.206989849E1
2.820845630E1,2.191825628E0,-5.120640397E-1,9.480362892E0,9.743900129E0
2.821083182E1,-9.044869542E-1,6.269195080E-1,9.370293617E0,9.434698045E0
2.821320739E1,-1.076770186E0,-1.186840057E0,1.119841003E1,1.131248914E1
2.821558291E1,1.765903115E0,1.579262912E-1,7.685746193E0,7.887588292E0
2.821795843E1,-1.627119422E0,-1.339980662E-1,1.217468166E1,1.228366178E1
2.822033396E1,1.698904037E0,-8.087740541E-1,9.231510162E0,9.421314679E0
2.822270948E1,-6.317051649E-1,8.566305041E-1,9.241081238E0,9.302174460E0
2.822508505E1,-1.215553880E0,-1.359123230E0,1.128933716E1,1.143564256E1
2.822746057E1,2.206182480E0,3.349951655E-2,7.896314621E0,8.198789420E0
2.822983609E1,-2.009970903E0,2.105683982E-1,1.183968639E1,1.201093235E1
2.823221161E1,1.325623751E0,-7.800601721E-1,9.604789734E0,9.727165982E0
2.823458718E1,-2.201396823E-1,6.317051649E-1,8.776873589E0,8.802330537E0
2.823696271E1,-1.110269666E0,-1.359123230E0,1.172961617E1,1.186017749E1
2.823933823E1,2.297109842E0,1.196411327E-1,7.915457249E0,8.242905500E0
2.824171375E1,-2.277967215E0,4.737788737E-1,1.157169056E1,1.180328867E1
2.824408927E1,9.188438654E-1,-9.858429432E-1,9.834501266E0,9.926407987E0
2.824646484E1,5.168496966E-1,3.732803464E-1,8.470592499E0,8.494551731E0
2.824884036E1,-1.292124271E0,-1.062413216E0,1.206939697E1,1.218477124E1
2.825121588E1,2.210968018E0,-5.742774159E-2,7.805387497E0,8.112690768E0
2.825359140E1,-2.244467735E0,6.173482537E-1,1.111226845E1,1.135346926E1
2.825596692E1,8.709874153E-1,-1.258624673E0,1.039442158E1,1.050651013E1
2.825834250E1,1.043270707E0,4.737788737E-1,8.269595146E0,8.348597731E0
2.826071802E1,-1.684547186E0,-1.043270707E0,1.191625690E1,1.207987134E1
2.826309354E1,2.306680918E0,2.392822690E-2,8.092526436E0,8.414887613E0
2.826546906E1,-1.957328916E0,3.972085714E-1,1.093041420E1,1.111138451E1
2.826784463E1,6.939185858E-1,-1.225125194E0,1.082034397E1,1.091156718E1
2.827022015E1,1.210768223E0,3.637090325E-1,7.762316704E0,7.864591824E0
2.827259567E1,-1.938186288E0,-7.034898400E-1,1.199761295E1,1.217350322E1
2.827497120E1,2.455035925E0,-1.866401732E-1,8.317451477E0,8.674216680E0
2.827734677E1,-1.478764415E0,2.727817893E-1,1.078684425E1,1.089115068E1
2.827972229E1,2.919243574E-1,-1.091127157E0,1.080120182E1,1.086009848E1
2.828209781E1,1.153340459E0,4.737788737E-1,7.680960655E0,7.781504817E0
2.828447333E1,-1.842473388E0,-7.226324677E-1,1.192582798E1,1.208893208E1
2.828684885E1,2.656033039E0,-4.115654826E-1,8.748159409E0,9.151731568E0
2.828922442E1,-1.335195065E0,5.694918036E-1,1.038006496E1,1.048106938E1
2.829159994E1,-2.392822653E-1,-1.134197950E0,1.082991505E1,1.089177308E1
2.829397547E1,1.325623751E0,3.780659735E-1,7.642675400E0,7.765996361E0
2.829635099E1,-1.684547186E0,-6.556333899E-1,1.200718403E1,1.214248832E1
2.829872651E1,2.498106956E0,-2.249253243E-1,9.164510727E0,9.501546539E0
2.830110208E1,-1.201196909E0,5.120640397E-1,9.734002113E0,9.821195484E0
2.830347760E1,-7.274180651E-1,-1.182054400E0,1.085384369E1,1.094222612E1
2.830585312E1,1.478764415E0,2.775674164E-1,7.728816986E0,7.873906265E0
2.830822870E1,-1.430907965E0,-2.584248483E-1,1.247139168E1,1.255587079E1
2.831060422E1,2.048256159E0,-5.886343718E-1,8.709874153E0,8.966813898E0
2.831297974E1,-1.110269666E0,7.944171429E-1,9.604789734E0,9.701328938E0
2.831535526E1,-7.800601721E-1,-1.325623751E0,1.118405342E1,1.128932341E1
2.831773078E1,1.871187329E0,2.153540403E-1,7.747959614E0,7.973618850E0
2.832010635E1,-1.928615093E0,-3.349951655E-2,1.220339584E1,1.235489978E1
2.832248187E1,1.818545222E0,-6.221339107E-1,9.011369705E0,9.214062149E0
2.832485739E1,-8.039883971E-1,5.838487148E-1,9.317651749E0,9.370480819E0
2.832723291E1,-6.604190469E-1,-1.234696507E0,1.163868904E1,1.172261538E1
2.832960843E1,1.990828395E0,1.866401732E-1,7.594819069E0,7.853630303E0
2.833198401E1,-2.301895380E0,1.483550072E-1,1.204068375E1,1.225964097E1
2.833435953E1,1.536192179E0,-8.087740541E-1,9.303294182E0,9.463893729E0
2.833673505E1,-1.818545163E-1,3.828516304E-1,9.107083321E0,9.116940992E0
2.833911057E1,-9.667003751E-1,-1.110269666E0,1.180618668E1,1.189761540E1
2.834148614E1,1.861616015E0,1.100698411E-1,7.570890903E0,7.797186584E0
2.834386166E1,-2.349751949E0,3.541377485E-1,1.185882950E1,1.209456840E1
2.834623718E1,1.708475351E0,-1.124626637E0,9.700503349E0,9.913800398E0
2.834861270E1,1.627119333E-1,5.216353536E-1,8.963513374E0,8.980153152E0
2.835098823E1,-1.416550994E0,-1.186840057E0,1.168175983E1,1.182703339E1
2.835336380E1,2.019542217E0,1.962114573E-1,7.867600918E0,8.125035009E0
2.835573932E1,-2.163111687E0,4.785645381E-2,1.169611740E1,1.189455778E1
2.835811484E1,1.584048629E0,-1.000199914E0,1.018385315E1,1.035473200E1
2.836049036E1,2.967100143E-1,4.259224236E-1,8.609375954E0,8.625010206E0
2.836286588E1,-1.718046665E0,-1.076770186E0,1.168654537E1,1.186113237E1
2.836524146E1,2.148754835E0,2.871387079E-2,8.135597229E0,8.414625012E0
2.836761698E1,-1.804188251E0,2.392822690E-2,1.165304661E1,1.179191092E1
2.836999250E1,1.229910851E0,-1.091127157E0,1.012164021E1,1.025430834E1
2.837236802E1,2.536391914E-1,6.077769399E-1,8.561519623E0,8.586812208E0
2.837474359E1,-1.708475351E0,-1.301695466E0,1.163390350E1,1.183051182E1
2.837711911E1,2.526820660E0,-1.244267747E-1,8.336593628E0,8.712008838E0
2.837949463E1,-1.986042738E0,2.584248483E-1,1.145683479E1,1.163057233E1
2.838187015E1,9.092726111E-1,-1.110269666E0,1.010728264E1,1.020865504E1
2.838424573E1,3.684946895E-1,4.737788737E-1,8.312665939E0,8.334306796E0
2.838662125E1,-1.440479279E0,-1.282552958E0,1.187797165E1,1.203354200E1
2.838899677E1,2.536391973E0,3.349951655E-2,8.499305725E0,8.869757847E0
2.839137229E1,-2.220539331E0,3.972085714E-1,1.113141060E1,1.135767897E1
2.839374781E1,5.599204898E-1,-1.143769264E0,1.005464077E1,1.013496522E1
2.839612338E1,7.322037220E-1,3.589234054E-1,8.317451477E0,8.357328962E0
2.839849890E1,-1.344766378E0,-8.853443861E-1,1.224646664E1,1.235184911E1
2.840087442E1,2.373680115E0,-9.571290761E-2,8.116454124E0,8.456970250E0
2.840324995E1,-2.167897224E0,6.125625968E-1,1.086820030E1,1.109922471E1
2.840562552E1,6.412764788E-1,-1.268195987E0,1.036092186E1,1.045792801E1
2.840800104E1,1.048056364E0,5.216353536E-1,8.279166222E0,8.361526111E0
2.841037651E1,-1.722832322E0,-8.183453679E-1,1.197846985E1,1.212936850E1
2.841275208E1,2.335394859E0,5.742774159E-2,8.130811691E0,8.459755662E0
2.841512765E1,-2.000399828E0,4.833501875E-1,1.079641533E1,1.099080574E1
2.841750317E1,7.369893789E-1,-1.167697430E0,1.077248764E1,1.086062432E1
2.841987870E1,9.140582681E-1,4.785645306E-1,7.733603001E0,7.802124191E0
2.842225422E1,-1.966900229E0,-5.886343718E-1,1.208375454E1,1.225692909E1
2.842462974E1,2.488535643E0,-1.914258115E-2,8.240880966E0,8.608443250E0
2.842700531E1,-1.607976794E0,2.775674164E-1,1.063370419E1,1.075817353E1
2.842938083E1,4.163511395E-1,-8.805587292E-1,1.083470058E1,1.087839458E1
2.843175635E1,8.087740541E-1,5.503492355E-1,7.762316704E0,7.823717809E0
2.843413187E1,-1.909472466E0,-6.843472719E-1,1.184447193E1,1.201690191E1
2.843650744E1,2.617748022E0,-2.153540403E-1,8.441878319E0,8.841057155E0
2.843888296E1,-1.507478237E0,5.982056856E-1,1.071984577E1,1.084183721E1
2.844125849E1,-4.785645287E-3,-1.043270707E0,1.053320503E1,1.058474586E1
2.844363401E1,8.805587292E-1,5.934200287E-1,7.858029366E0,7.929448689E0
2.844600953E1,-1.727617979E0,-8.662018180E-1,1.190190029E1,1.205778587E1
2.844838510E1,2.665604353E0,-8.135596663E-2,8.781659126E0,9.177668678E0
2.845076062E1,-1.703689694E0,5.216353536E-1,1.023649502E1,1.039040386E1
2.845313614E1,-2.632105052E-1,-1.000199914E0,1.063370419E1,1.068388246E1
2.845551166E1,1.091127157E0,3.541377485E-1,7.838887215E0,7.922381257E0
2.845788724E1,-1.478764415E0,-7.561319470E-1,1.238046455E1,1.249137231E1
2.846026276E1,2.421536446E0,-3.014956415E-1,8.350951195E0,8.700179552E0
2.846263828E1,-1.842473388E0,7.465606928E-1,1.026042366E1,1.045123700E1
2.846501380E1,-2.775674164E-1,-1.253839016E0,1.078205872E1,1.085826626E1
2.846738937E1,1.387837172E0,2.105683982E-1,7.872386456E0,7.996555482E0
2.846976489E1,-1.828116536E0,-4.881358147E-1,1.231346512E1,1.245799783E1
2.847214041E1,2.378465652E0,-3.445664644E-1,8.422736168E0,8.758898873E0
2.847451593E1,-1.761117458E0,5.503492355E-1,1.015035343E1,1.031669006E1
2.847689151E1,-1.914258152E-1,-1.282552958E0,1.100219822E1,1.107835509E1
2.847926703E1,1.469193101E0,3.828516304E-1,7.867600918E0,8.012755328E0
2.848164255E1,-2.215753794E0,-3.972085714E-1,1.212203979E1,1.232928174E1
2.848401807E1,2.225325108E0,-4.067798555E-1,8.384450912E0,8.684270769E0
2.848639359E1,-1.282552958E0,2.967100143E-1,1.021735287E1,1.030180948E1
2.848876911E1,-3.110669553E-1,-1.048056364E0,1.129890823E1,1.135167442E1
2.849114468E1,1.210768223E0,3.302095234E-1,7.604390144E0,7.707252914E0
2.849352021E1,-2.230110645E0,-3.732803464E-1,1.195454216E1,1.216650360E1
2.849589573E1,2.359323025E0,-5.407779217E-1,8.805587769E0,9.132207939E0
2.849827130E1,-1.062413216E0,5.551348329E-1,1.010249710E1,1.017336445E1
2.850064682E1,-5.503492355E-1,-1.076770186E0,1.112662506E1,1.119214473E1
2.850302234E1,1.287338614E0,5.216353536E-1,7.633104324E0,7.758455115E0
2.850539786E1,-2.062613010E0,-4.929214716E-1,1.197368431E1,1.216003536E1
2.850777338E1,2.522035122E0,-5.024927258E-1,9.126225471E0,9.481621773E0
2.851014896E1,-1.105484009E0,6.173482537E-1,9.542576790E0,9.626213459E0
2.851252448E1,-8.183453679E-1,-9.188438654E-1,1.126062298E1,1.132764729E1
2.851490000E1,1.531406522E0,4.163511395E-1,7.700103283E0,7.861942812E0
2.851727552E1,-1.617548108E0,-4.881358147E-1,1.209332561E1,1.221078470E1
2.851965109E1,2.254039049E0,-5.359922647E-1,9.025727272E0,9.318354604E0
2.852202661E1,-1.076770186E0,8.279166222E-1,9.542576790E0,9.638757791E0
2.852440213E1,-9.140582681E-1,-1.115055323E0,1.116491032E1,1.125762290E1
2.852677765E1,1.919043779E0,1.052841991E-1,7.743174076E0,7.978130017E0
2.852915317E1,-1.684547186E0,-4.307080805E-2,1.222732353E1,1.234289249E1
2.853152875E1,1.880758643E0,-7.800601721E-1,8.939585686E0,9.168529826E0
2.853390427E1,-8.470591903E-1,7.896314859E-1,9.351150513E0,9.422581550E0
2.853627979E1,-8.422735929E-1,-1.335195065E0,1.142333508E1,1.153190162E1
2.853865536E1,2.172683001E0,2.392822653E-1,7.800601959E0,8.101061557E0
2.854103088E1,-2.167897224E0,6.699903309E-2,1.189232826E1,1.208849613E1
2.854340640E1,1.612762451E0,-7.752745152E-1,9.178867340E0,9.351666105E0
2.854578192E1,-3.972085714E-1,4.929214716E-1,9.111868858E0,9.133832729E0
2.854815744E1,-8.709874153E-1,-1.148554921E0,1.183968639E1,1.192711077E1
2.855053302E1,2.038684845E0,1.627119333E-1,7.513463020E0,7.786837460E0
2.855290854E1,-2.239681959E0,3.732803464E-1,1.176790142E1,1.198494962E1
2.855528406E1,1.497906923E0,-9.523434043E-1,9.600004196E0,9.762723169E0
2.855765958E1,2.392822690E-2,4.259224236E-1,8.815158844E0,8.825474940E0
2.856003515E1,-1.282552958E0,-1.100698471E0,1.181097221E1,1.193128425E1
2.856241067E1,2.038684845E0,2.679961324E-1,7.647460938E0,7.919072964E0
2.856478620E1,-2.321038008E0,2.440679073E-1,1.138026428E1,1.161710815E1
2.856716172E1,1.426122308E0,-1.033699393E0,1.008335495E1,1.023603470E1
2.856953724E1,2.249253243E-1,5.982056856E-1,8.451449394E0,8.475578936E0
2.857191281E1,-1.713261008E0,-9.619147182E-1,1.184447193E1,1.200633410E1
2.857428833E1,2.234896421E0,1.627119333E-1,7.728816986E0,8.047101913E0
2.857666385E1,-2.043470621E0,1.196411327E-1,1.121276665E1,1.139807975E1
2.857903937E1,1.004985452E0,-8.183453679E-1,1.043270683E1,1.051289954E1
2.858141495E1,3.493520916E-1,6.077769399E-1,8.164310455E0,8.194352012E0
2.858379047E1,-1.871187329E0,-1.024128079E0,1.163868904E1,1.183255099E1
2.858616599E1,2.426322222E0,-8.135596663E-2,8.078168869E0,8.435073835E0
2.858854151E1,-1.785045743E0,4.737788737E-1,1.127976608E1,1.142995965E1
2.859091708E1,4.689932466E-1,-1.028913736E0,1.020778179E1,1.027022041E1
2.859329260E1,5.312066078E-1,7.082754970E-1,8.207381248E0,8.254994948E0
2.859566807E1,-1.703689694E0,-1.172483087E0,1.177268696E1,1.195296756E1
2.859804364E1,2.603390932E0,-7.178468257E-2,8.336593628E0,8.733933289E0
2.860041916E1,-2.000399828E0,5.599204898E-1,1.076770210E1,1.096624453E1
2.860279468E1,9.571290761E-2,-9.236295223E-1,1.050449181E1,1.054545402E1
2.860517026E1,9.188438654E-1,4.689932466E-1,7.934599876E0,8.001381375E0
2.860754578E1,-1.373480201E0,-1.043270707E0,1.217468166E1,1.229624883E1
2.860992130E1,2.359323025E0,-2.009970993E-1,8.264809608E0,8.597318351E0
2.861229682E1,-1.962114573E0,7.704889178E-1,1.054756260E1,1.075614353E1
2.861467239E1,-1.244267747E-1,-1.129412293E0,1.067677498E1,1.073706562E1
2.861704791E1,1.450050473E0,2.727817893E-1,7.834101200E0,7.971837799E0
2.861942343E1,-1.555334687E0,-5.455635786E-1,1.233260822E1,1.244226391E1
2.862179901E1,2.273181438E0,-3.349951804E-1,8.355736732E0,8.665905144E0
2.862417453E1,-1.689332843E0,6.939185858E-1,1.014078236E1,1.030392329E1
2.862655005E1,-2.105683982E-1,-1.316052437E0,1.103569794E1,1.111588782E1
2.862892557E1,1.828116536E0,4.402793646E-1,7.838887215E0,8.061265952E0
2.863130109E1,-1.952543259E0,-3.445664644E-1,1.216032505E1,1.232090324E1
2.863367661E1,2.139183521E0,-4.402793646E-1,8.618947029E0,8.891355349E0
2.863605218E1,-1.100698471E0,4.450650215E-1,9.839286804E0,9.910660160E0
2.863842770E1,-3.493520916E-1,-1.057627559E0,1.160519028E1,1.165851896E1
2.864080323E1,1.732403636E0,2.440679073E-1,7.422535896E0,7.625931460E0
2.864317880E1,-2.062613010E0,4.785645287E-3,1.204068375E1,1.221607385E1
2.864555432E1,2.057827473E0,-7.082754970E-1,9.145368576E0,9.400748613E0
2.864792984E1,-5.934200287E-1,4.689932466E-1,9.547362328E0,9.577276722E0
2.865030536E1,-8.709874153E-1,-1.143769264E0,1.148554897E1,1.157517440E1
2.865268093E1,1.780260086E0,3.445664644E-1,7.561319351E0,7.775705907E0
2.865505646E1,-2.167897224E0,-6.221338734E-2,1.188754272E1,1.208376270E1
2.865743198E1,2.033899307E0,-8.183453679E-1,9.767501831E0,1.001052084E1
2.865980750E1,-2.392822653E-1,5.359922647E-1,8.915657043E0,8.934958546E0
2.866218307E1,-1.311266780E0,-1.057627559E0,1.169133186E1,1.181208015E1
2.866455859E1,1.933400750E0,2.249253243E-1,7.618747234E0,7.863455938E0
2.866693411E1,-1.942971945E0,9.571290575E-3,1.181575775E1,1.197444624E1
2.866930963E1,1.603191137E0,-7.752745152E-1,9.954142570E0,1.011218209E1
2.867168521E1,4.785645381E-2,6.891329288E-1,8.604590416E0,8.632274941E0
2.867406073E1,-1.603191137E0,-1.148554921E0,1.154297638E1,1.171023928E1
2.867643625E1,2.364108801E0,-4.785645381E-2,7.968099594E0,8.311552912E0
2.867881177E1,-1.856830359E0,3.876372576E-1,1.181097221E1,1.196232194E1
2.868118729E1,8.327022791E-1,-1.043270707E0,9.896714211E0,9.986328606E0
2.868356281E1,4.450650215E-1,6.460621357E-1,8.355736732E0,8.392485657E0
2.868593838E1,-1.497906923E0,-1.320838094E0,1.176311588E1,1.193143888E1
2.868831390E1,2.603390932E0,2.871387079E-2,8.413164139E0,8.806804168E0
2.869068942E1,-1.957328916E0,3.828516304E-1,1.098305607E1,1.116267139E1
2.869306500E1,3.158525825E-1,-1.004985452E0,1.036092186E1,1.041433917E1
2.869544052E1,9.092726111E-1,3.876372576E-1,8.078168869E0,8.138418249E0
2.869781604E1,-1.282552958E0,-1.043270707E0,1.226082325E1,1.237178817E1
2.870019156E1,2.459821701E0,-2.153540403E-1,8.250452042E0,8.612029903E0
2.870256713E1,-1.813759565E0,6.269195080E-1,1.060499001E1,1.077722436E1
2.870494265E1,-5.742774159E-2,-1.205982566E0,1.076770210E1,1.083517884E1
2.870731817E1,1.540977836E0,1.292124242E-1,7.676175117E0,7.830387792E0
2.870969370E1,-1.603191137E0,-5.503492355E-1,1.244746304E1,1.256234222E1
2.871206922E1,2.344966173E0,-3.876372576E-1,8.470592499E0,8.797730746E0
2.871444479E1,-1.416550994E0,5.120640397E-1,1.000678444E1,1.011951388E1
2.871682031E1,-3.206382394E-1,-1.359123230E0,1.123669529E1,1.132313322E1
2.871919583E1,1.899901152E0,2.440679073E-1,7.719245911E0,7.953360985E0
2.872157135E1,-2.067398787E0,-2.249253243E-1,1.222732353E1,1.240290974E1
2.872394692E1,1.914258122E0,-6.269195080E-1,8.863015175E0,9.089029113E0
2.872632239E1,-6.029912829E-1,2.775674164E-1,9.528220177E0,9.551315192E0
2.872869797E1,-6.460621357E-1,-1.076770186E0,1.175354481E1,1.182043340E1
2.873107349E1,1.866401672E0,1.004985496E-1,7.489534855E0,7.719241381E0
2.873344906E1,-2.311466694E0,1.387837082E-1,1.188754272E1,1.211097895E1
2.873582458E1,1.612762451E0,-9.475577474E-1,9.537791252E0,9.719482002E0
2.873820010E1,6.221338734E-2,5.216353536E-1,9.064012527E0,9.079223372E0
2.874057562E1,-1.383051515E0,-1.167697430E0,1.165783215E1,1.179751665E1
2.874295120E1,2.062613010E0,3.014956415E-1,7.752745152E0,8.028096252E0
2.874532672E1,-2.273181438E0,1.148554832E-1,1.146162033E1,1.168543051E1
2.874770224E1,1.172483087E0,-9.954141974E-1,1.018863869E1,1.030407319E1
2.875007776E1,4.642075896E-1,5.120640397E-1,8.255238533E0,8.284121046E0
2.875245333E1,-1.823330879E0,-9.379864931E-1,1.184925747E1,1.202535890E1
2.875482885E1,2.316252232E0,7.178468257E-2,7.925028801E0,8.256891603E0
2.875720437E1,-1.813759565E0,1.339980662E-1,1.114098263E1,1.128845309E1
2.875957989E1,5.694918036E-1,-8.374879360E-1,1.059541893E1,1.064371219E1
2.876195541E1,6.891329288E-1,4.977070987E-1,7.853243828E0,7.899117366E0
2.876433099E1,-1.971685886E0,-9.332008362E-1,1.186840057E1,1.206720105E1
2.876670651E1,2.617748022E0,-1.866401732E-1,8.403593063E0,8.803852318E0
2.876908203E1,-1.440479279E0,4.833501875E-1,1.080120182E1,1.090754641E1
2.877145755E1,-1.674975902E-1,-1.048056364E0,1.071984577E1,1.077225932E1
2.877383312E1,1.086341500E0,3.924229145E-1,7.647460938E0,7.734196299E0
2.877620864E1,-1.746760488E0,-8.614161611E-1,1.208854008E1,1.224442776E1
2.877858416E1,2.498106956E0,-2.775674164E-1,8.953942299E0,9.300035738E0
2.878095968E1,-1.086341500E0,4.977070987E-1,9.848857880E0,9.921081178E0
2.878333526E1,-7.082754970E-1,-1.095912814E0,1.105484104E1,1.113158522E1
2.878571078E1,1.684547186E0,1.196411327E-1,7.637889862E0,7.822363758E0
2.878808630E1,-1.550549030E0,-4.019941986E-1,1.241396427E1,1.251688102E1
2.879046182E1,1.966900229E0,-7.130611539E-1,8.977870941E0,9.218422824E0
2.879283734E1,-6.891329288E-1,7.561319470E-1,9.523433685E0,9.578226813E0
2.879521291E1,-9.762716293E-1,-1.435693622E0,1.136112213E1,1.149301608E1
2.879758843E1,2.234896421E0,-5.264209956E-2,7.800601959E0,8.114611767E0
2.879996396E1,-1.947757602E0,2.871387079E-2,1.205025482E1,1.220668773E1
2.880233948E1,1.430907965E0,-8.853443861E-1,9.600004196E0,9.746353823E0
2.880471505E1,-2.009970993E-1,4.977070987E-1,8.748159409E0,8.764610957E0
2.880709057E1,-1.158126116E0,-1.450050473E0,1.188275719E1,1.202679595E1
2.880946609E1,2.464607239E0,-3.349951655E-2,7.996813297E0,8.368060347E0
2.881184161E1,-2.196611166E0,3.732803464E-1,1.148076344E1,1.169497191E1
2.881421718E1,7.226324677E-1,-1.095912814E0,1.005942631E1,1.014471686E1
2.881659270E1,6.699903607E-1,2.488535494E-1,8.260024071E0,8.290887336E0
2.881896823E1,-1.502692580E0,-1.019342422E0,1.236132145E1,1.249397503E1
2.882134375E1,2.297109842E0,-2.488535494E-1,7.934599876E0,8.264170673E0
2.882371932E1,-2.019542217E0,5.312066078E-1,1.086820030E1,1.106700091E1
2.882609484E1,3.206382394E-1,-1.316052437E0,1.073420238E1,1.081933010E1
2.882847036E1,1.316052437E0,3.254238665E-1,7.925028801E0,8.040147773E0
2.883084588E1,-1.880758643E0,-7.896314859E-1,1.221775246E1,1.238685780E1
2.883322146E1,2.268395901E0,-2.009970993E-1,8.307880402E0,8.614342492E0
2.883559698E1,-1.531406522E0,4.737788737E-1,1.034656525E1,1.047000882E1
2.883797250E1,-9.571290575E-3,-1.153340459E0,1.132762241E1,1.138618968E1
2.884034802E1,1.607976794E0,2.297109663E-1,7.288537979E0,7.467338373E0
2.884272359E1,-2.148754835E0,-2.632105052E-1,1.216032505E1,1.235151539E1
2.884509911E1,2.172683001E0,-5.168496966E-1,8.891729355E0,9.167907937E0
2.884747463E1,-7.274180651E-1,4.115654826E-1,9.839286804E0,9.874719642E0
2.884985015E1,-4.977070987E-1,-1.100698471E0,1.139940739E1,1.146323420E1
2.885222573E1,1.871187329E0,2.823530734E-1,7.542177200E0,7.775956674E0
2.885460125E1,-2.120040894E0,-6.699903309E-2,1.186840057E1,1.205645033E1
2.885697677E1,2.263610125E0,-8.135597110E-1,9.504291534E0,9.803946541E0
2.885935224E1,-2.201396823E-1,6.077769399E-1,9.332008362E0,9.354369800E0
2.886172786E1,-1.134197950E0,-1.177268744E0,1.139462185E1,1.151128897E1
2.886410338E1,2.038684845E0,2.105683982E-1,7.633104324E0,7.903471172E0
2.886647890E1,-1.708475351E0,-5.264209956E-2,1.182532978E1,1.194822512E1
2.886885442E1,1.866401672E0,-7.561319470E-1,1.002592659E1,1.022616227E1
2.887122995E1,2.871387079E-2,5.838487148E-1,8.599804878E0,8.619648934E0
2.887360552E1,-1.440479279E0,-1.225125194E0,1.156690502E1,1.172046092E1
2.887598104E1,2.368894339E0,1.435693540E-2,7.910671711E0,8.257759589E0
2.887835656E1,-1.579262972E0,3.014956415E-1,1.178225899E1,1.189145063E1
2.888073213E1,1.143769264E0,-1.052842021E0,9.963713646E0,1.008425873E1
2.888310765E1,3.397808075E-1,7.274180651E-1,8.370093346E0,8.408510609E0
2.888548317E1,-1.579262972E0,-1.359123230E0,1.163390350E1,1.181901004E1
2.888785870E1,2.632104874E0,2.871387079E-2,8.365307808E0,8.769673613E0
2.889023422E1,-1.928615093E0,4.115654826E-1,1.106441212E1,1.123877920E1
2.889260979E1,5.455635786E-1,-9.714859724E-1,1.026520920E1,1.032549972E1
2.889498531E1,6.747759581E-1,4.833501875E-1,8.059026718E0,8.101657956E0
2.889736083E1,-1.469193101E0,-1.091127157E0,1.201675510E1,1.215530707E1
2.889973635E1,2.402393818E0,-3.349951655E-2,8.336593628E0,8.675909842E0
2.890211192E1,-2.019542217E0,6.795616150E-1,1.075334454E1,1.096242553E1
2.890448744E1,-9.571290575E-3,-1.162911773E0,1.037049294E1,1.043549611E1
2.890686291E1,1.158126116E0,2.632105052E-1,7.896314621E0,7.985131211E0
2.890923849E1,-1.641476393E0,-5.647061467E-1,1.241396427E1,1.253474558E1
2.891161406E1,2.230110645E0,-2.727817893E-1,8.236095428E0,8.537041133E0
2.891398958E1,-1.914258122E0,7.034898400E-1,1.036092186E1,1.055973408E1
2.891636510E1,-1.818545163E-1,-1.325623751E0,1.083948612E1,1.092175850E1
2.891874062E1,1.378265858E0,3.924229145E-1,7.824530125E0,7.954676875E0
2.892111620E1,-2.067398787E0,-3.589234054E-1,1.217468166E1,1.235418299E1
2.892349172E1,2.115255117E0,-3.206382394E-1,8.480163574E0,8.745872589E0
2.892586724E1,-1.402194023E0,4.259224236E-1,1.004028416E1,1.014666763E1
2.892824276E1,-3.972085714E-1,-1.153340459E0,1.136590767E1,1.143117780E1
2.893061828E1,1.416550994E0,3.158525825E-1,7.379465103E0,7.520830059E0
2.893299385E1,-2.292324066E0,-5.742774159E-2,1.207896900E1,1.229469559E1
2.893536937E1,2.115255117E0,-5.455635786E-1,8.901300430E0,9.165429241E0
2.893774489E1,-8.949156404E-1,4.498506486E-1,9.777072906E0,9.828244718E0
2.894012047E1,-7.944171429E-1,-1.129412293E0,1.121755219E1,1.130221871E1
2.894249599E1,1.493121386E0,4.163511395E-1,7.580461979E0,7.737322764E0
2.894487151E1,-2.273181438E0,-1.579262912E-1,1.186361504E1,1.208046590E1
2.894724703E1,2.287538528E0,-6.795616150E-1,9.394221306E0,9.692576048E0
2.894962260E1,-6.125625968E-1,6.029912829E-1,9.365508080E0,9.404869643E0
2.895199812E1,-1.119840980E0,-1.091127157E0,1.133240795E1,1.143975840E1
2.895437364E1,1.674975872E0,3.014956415E-1,7.618747234E0,7.806519917E0
2.895674916E1,-1.856830359E0,-2.488535494E-1,1.189232826E1,1.203898744E1
2.895912468E1,2.100898266E0,-5.982056856E-1,9.638289452E0,9.882724681E0
2.896150020E1,-5.120640397E-1,6.460621357E-1,8.997013092E0,9.034702565E0
2.896387578E1,-1.359123230E0,-1.167697430E0,1.121755219E1,1.135976277E1
2.896625130E1,1.952543259E0,1.004985496E-1,7.896314621E0,8.134759353E0
2.896862682E1,-1.689332843E0,1.052841991E-1,1.211246777E1,1.223015967E1
2.897100239E1,1.603191137E0,-9.619147182E-1,9.303294182E0,9.489298414E0
2.897337791E1,-3.876372576E-1,8.135597110E-1,8.949156761E0,8.994417646E0
2.897575343E1,-1.229910851E0,-1.411765337E0,1.155733299E1,1.170801896E1
2.897812896E1,2.282752752E0,1.435693651E-1,7.987242222E0,8.308285660E0
2.898050453E1,-2.148754835E0,2.105683982E-1,1.180618668E1,1.200198026E1
2.898288005E1,1.450050473E0,-8.949156404E-1,9.518648148E0,9.669962923E0
2.898525557E1,-1.339980662E-1,5.934200287E-1,8.834300995E0,8.855223141E0
2.898763109E1,-1.186840057E0,-1.320838094E0,1.168654537E1,1.182068295E1
2.899000666E1,2.292324066E0,1.387837082E-1,7.944170952E0,8.269453589E0
2.899238218E1,-2.306680918E0,4.977070987E-1,1.169133186E1,1.192710065E1
2.899475770E1,1.162911773E0,-1.119840980E0,9.657432556E0,9.791445817E0
2.899713323E1,2.775674164E-1,3.206382394E-1,8.609375954E0,8.619814781E0
2.899950880E1,-1.430907965E0,-8.422735929E-1,1.194975662E1,1.206455991E1
2.900188432E1,2.234896421E0,1.866401732E-1,8.039883614E0,8.346815266E0
2.900425984E1,-2.354537487E0,1.818545163E-1,1.110748291E1,1.135575160E1
2.900663536E1,1.057627559E0,-1.143769264E0,9.777072906E0,9.900400941E0
2.900901093E1,3.972085714E-1,8.183453679E-1,9.020941734E0,9.066689228E0
2.901138646E1,-1.617548108E0,-1.062413216E0,1.169133186E1,1.185041875E1
2.901376198E1,2.153540373E0,1.962114573E-1,7.685746193E0,7.984167434E0
2.901613750E1,-2.096112728E0,1.866401732E-1,1.129412270E1,1.148850428E1
2.901851307E1,1.234696507E0,-9.044869542E-1,1.034656525E1,1.045915793E1
2.902088859E1,1.531406492E-1,6.269195080E-1,8.307880402E0,8.332908070E0
2.902326411E1,-1.794616938E0,-9.140582681E-1,1.165783215E1,1.183051997E1
2.902563958E1,2.273181438E0,1.196411327E-1,7.963313580E0,8.282272093E0
2.902801521E1,-1.775474429E0,2.679961324E-1,1.151426220E1,1.165342719E1
2.903039073E1,9.092726111E-1,-9.667003751E-1,1.000199890E1,1.008966146E1
2.903276625E1,2.392822653E-1,8.662018180E-1,8.355736732E0,8.403921581E0
2.903514177E1,-1.660618901E0,-1.086341500E0,1.169611740E1,1.186326073E1
2.903751734E1,2.608176708E0,9.571290575E-3,8.149953842E0,8.557127145E0
2.903989286E1,-2.024327993E0,4.689932466E-1,1.127976608E1,1.146956762E1
2.904226838E1,7.752745152E-1,-9.140582681E-1,1.006899738E1,1.014008192E1
2.904464390E1,3.397808075E-1,6.412764788E-1,8.341380119E0,8.372891306E0
2.904701942E1,-1.406979680E0,-1.158126116E0,1.188275719E1,1.202167901E1
2.904939500E1,2.598605394E0,1.100698411E-1,8.260024071E0,8.659841974E0
2.905177052E1,-2.210968018E0,5.551348329E-1,1.102134132E1,1.125462211E1
2.905414604E1,5.168496966E-1,-1.052842021E0,1.018385315E1,1.025116944E1
2.905652156E1,7.657032609E-1,4.067798555E-1,8.236095428E0,8.281608494E0
2.905889713E1,-1.454836130E0,-8.614161611E-1,1.219861031E1,1.231522145E1
2.906127265E1,2.493321180E0,-6.221338734E-2,7.996813297E0,8.376726325E0
2.906364817E1,-2.167897224E0,6.317051649E-1,1.083470058E1,1.106750047E1
2.906602370E1,5.982056856E-1,-1.253839016E0,1.051406288E1,1.060544580E1
2.906839927E1,9.906286001E-1,5.312066078E-1,8.193024635E0,8.269774976E0
2.907077479E1,-1.785045743E0,-9.044869542E-1,1.199761295E1,1.216335486E1
2.907315031E1,2.450250387E0,4.785645381E-2,8.015955925E0,8.382217284E0
2.907552588E1,-1.952543259E0,4.642075896E-1,1.078205872E1,1.096725599E1
2.907790140E1,6.077769399E-1,-1.172483087E0,1.083470058E1,1.091489103E1
2.908027692E1,9.858429432E-1,4.259224236E-1,7.700103283E0,7.774630974E0
2.908265244E1,-2.053041935E0,-6.795616150E-1,1.199282742E1,1.218625023E1
2.908502802E1,2.565105915E0,-1.483550072E-1,8.322237015E0,8.709845377E0
2.908740354E1,-1.526620865E0,2.919243574E-1,1.060977554E1,1.072301861E1
2.908977906E1,2.249253243E-1,-8.997012973E-1,1.094477081E1,1.098399117E1
2.909215458E1,1.028913736E0,4.833501875E-1,7.786244869E0,7.868792795E0
2.909453015E1,-2.000399828E0,-8.327022791E-1,1.178225899E1,1.197984221E1
2.909690567E1,2.684746981E0,-3.302095234E-1,8.580661774E0,8.996925094E0
2.909928120E1,-1.459621787E0,5.886343718E-1,1.053320503E1,1.065013589E1
2.910165672E1,-3.828516230E-2,-1.091127157E0,1.091605663E1,1.097052035E1
2.910403229E1,1.138983607E0,4.402793646E-1,7.709674358E0,7.805780441E0
2.910640781E1,-1.770688772E0,-9.092726111E-1,1.195932770E1,1.212384569E1
2.910878333E1,2.608176708E0,-2.249253243E-1,8.896514893E0,9.273680735E0
2.911115885E1,-1.569691658E0,5.647061467E-1,1.009292603E1,1.022985732E1
2.911353442E1,-4.163511395E-1,-1.052842021E0,1.090170002E1,1.096033247E1
2.911590995E1,1.363908887E0,2.057827413E-1,7.743174076E0,7.865070805E0
2.911828547E1,-1.397408366E0,-6.747759581E-1,1.242353535E1,1.252007601E1
2.912066099E1,2.225325108E0,-5.024927258E-1,8.451449394E0,8.753945832E0
2.912303656E1,-1.588834286E0,8.614161611E-1,1.013121128E1,1.029115514E1
2.912541208E1,-4.977070987E-1,-1.354337573E0,1.101655579E1,1.111064553E1
2.912778760E1,1.708475351E0,1.722832322E-1,7.786244869E0,7.973341752E0
2.913016312E1,-1.861616015E0,-3.589234054E-1,1.224646664E1,1.239235189E1
2.913253870E1,2.148754835E0,-5.312066078E-1,8.676374435E0,8.954261619E0
2.913491422E1,-1.330409408E0,5.694918036E-1,9.944570541E0,1.004931805E1
2.913728974E1,-4.929214716E-1,-1.349551916E0,1.132762241E1,1.141837517E1
2.913966526E1,1.818545222E0,2.201396823E-1,7.690532207E0,7.905684906E0
2.914204078E1,-2.187039852E0,-2.536391914E-1,1.209332561E1,1.229211132E1
2.914441635E1,1.976471543E0,-6.843472719E-1,8.915657043E0,9.157713223E0
2.914679187E1,-9.044869542E-1,3.637090325E-1,9.695717812E0,9.744604907E0
2.914916739E1,-6.125625968E-1,-1.119840980E0,1.170090294E1,1.177031887E1
2.915154291E1,1.751546144E0,8.135596663E-2,7.518248558E0,7.720012569E0
2.915391849E1,-2.297109842E0,-1.531406492E-1,1.194975662E1,1.216950488E1
2.915629401E1,2.100898266E0,-9.332008362E-1,9.279366493E0,9.559878652E0
2.915866953E1,-5.024927258E-1,5.455635786E-1,9.724431038E0,9.752676431E0
2.916104505E1,-1.019342422E0,-1.268195987E0,1.136112213E1,1.147704126E1
2.916342062E1,1.823330879E0,1.866401732E-1,7.680960655E0,7.896614885E0
2.916579614E1,-2.096112728E0,-2.727817893E-1,1.193539906E1,1.212113234E1
2.916817166E1,2.110469580E0,-8.566305041E-1,9.762716293E0,1.002489537E1
2.917054724E1,-3.684946895E-1,4.450650215E-1,9.131011009E0,9.149275013E0
2.917292276E1,-1.277767301E0,-1.162911773E0,1.151426220E1,1.164316482E1
2.917529828E1,1.852044702E0,1.914258115E-2,7.843672752E0,8.059382002E0
2.917767380E1,-1.713261008E0,-2.105683982E-1,1.199282742E1,1.211641497E1
2.918004937E1,1.765903115E0,-9.044869542E-1,9.657432556E0,9.859133534E0
2.918242489E1,-3.110669553E-1,6.556333899E-1,8.949156761E0,8.978531312E0
2.918480041E1,-1.292124271E0,-1.368694544E0,1.151904774E1,1.167181951E1
2.918717593E1,2.268395901E0,-1.196411327E-1,7.824530125E0,8.147588946E0
2.918955146E1,-1.942971945E0,2.440679073E-1,1.196889877E1,1.212803558E1
2.919192703E1,1.440479279E0,-9.954141974E-1,9.700503349E0,9.857261040E0
2.919430255E1,-9.092725813E-2,6.029912829E-1,8.666803360E0,8.688230357E0
2.919667807E1,-1.201196909E0,-1.411765337E0,1.172961617E1,1.187517793E1
2.919905359E1,2.493321180E0,1.004985496E-1,8.082955360E0,8.459368642E0
2.920142916E1,-2.239681959E0,3.637090325E-1,1.156690502E1,1.178735557E1
2.920380468E1,1.024128079E0,-9.954141974E-1,9.824930191E0,9.928189211E0
2.920618021E1,3.972085714E-1,4.067798555E-1,8.398807526E0,8.418029006E0
2.920855573E1,-1.134197950E0,-1.076770186E0,1.214596748E1,1.224623882E1
2.921093130E1,2.287538528E0,-3.349951655E-2,7.752745152E0,8.083255045E0
2.921330682E1,-2.268395901E0,6.987041831E-1,1.124148083E1,1.148932978E1
2.921568234E1,8.518448472E-1,-1.249053478E0,1.023649502E1,1.034754099E1
2.921805791E1,9.188438654E-1,4.833501875E-1,8.279166222E0,8.344009514E0
2.922043343E1,-1.593619823E0,-1.000199914E0,1.202154064E1,1.216788656E1
2.922280896E1,2.455035925E0,9.092725813E-2,7.925028801E0,8.297080851E0
2.922518448E1,-2.100898266E0,4.594219327E-1,1.085862923E1,1.106953796E1
2.922756000E1,7.561319470E-1,-1.196411371E0,1.069591713E1,1.078915098E1
2.922993557E1,1.091127157E0,4.450650215E-1,7.800601959E0,7.889108459E0
2.923231109E1,-1.837687731E0,-6.795616150E-1,1.204546928E1,1.220377935E1
2.923468661E1,2.593819857E0,-2.871387079E-2,8.049455643E0,8.457095369E0
2.923706218E1,-1.531406522E0,2.727817893E-1,1.081077290E1,1.092210723E1
2.923943770E1,3.684946895E-1,-8.949156404E-1,1.082034397E1,1.086354021E1
2.924181317E1,1.110269666E0,4.259224236E-1,7.690532207E0,7.781927414E0
2.924418875E1,-1.904686809E0,-6.987041831E-1,1.191147137E1,1.208301161E1
2.924656432E1,2.780459881E0,-2.871387303E-1,8.422736168E0,8.874451552E0
2.924893979E1,-1.110269666E0,5.838487148E-1,1.064327526E1,1.071694389E1
2.925131536E1,-2.392822690E-2,-1.062413216E0,1.076291656E1,1.081525161E1
2.925369088E1,1.301695466E0,4.977070987E-1,7.570890903E0,7.698084990E0
2.925606646E1,-1.665404558E0,-7.657032609E-1,1.201675510E1,1.215575078E1
2.925844198E1,2.785245657E0,-2.488535494E-1,8.973084450E0,9.398710869E0
2.926081750E1,-1.119840980E0,5.694918036E-1,9.853643417E0,9.933410962E0
2.926319302E1,-3.876372576E-1,-1.014556766E0,1.095912743E1,1.101281354E1
2.926556859E1,1.636690736E0,2.871387303E-1,7.700103283E0,7.877359696E0
2.926794411E1,-1.387837172E0,-5.503492355E-1,1.231346512E1,1.240364461E1
2.927031963E1,2.349751949E0,-5.312066078E-1,8.695517540E0,9.023056022E0
2.927269515E1,-9.571290612E-1,7.992027402E-1,9.891928673E0,9.970209322E0
2.927507073E1,-6.029912829E-1,-1.258624673E0,1.105005455E1,1.113783822E1
2.927744625E1,2.057827473E0,1.339980662E-1,7.743174076E0,8.013073952E0
2.927982177E1,-1.804188251E0,-1.770688742E-1,1.233260822E1,1.246513836E1
2.928219729E1,2.019542217E0,-7.130611539E-1,8.906085968E0,9.159987677E0
2.928457286E1,-8.805587292E-1,6.173482537E-1,9.427721024E0,9.488858005E0
2.928694838E1,-5.886343718E-1,-1.359123230E0,1.155733299E1,1.165185188E1
2.928932390E1,2.153540373E0,1.339980662E-1,7.647460938E0,7.946027335E0
2.929169942E1,-2.210968018E0,8.135596663E-2,1.213639641E1,1.233641423E1
2.929407500E1,1.531406522E0,-8.949156404E-1,9.193224907E0,9.362770110E0
2.929645047E1,-4.115654826E-1,3.780659735E-1,9.178867340E0,9.195864596E0
2.929882604E1,-9.284151793E-1,-1.115055323E0,1.196889877E1,1.205652690E1
2.930120156E1,2.019542217E0,-3.349951655E-2,7.546962738E0,7.812574451E0
2.930357713E1,-2.431107759E0,2.967100143E-1,1.179183006E1,1.204348695E1
2.930595265E1,1.354337573E0,-1.124626637E0,9.896714211E0,1.005206285E1
2.930832812E1,9.092725813E-2,4.642075896E-1,8.882157326E0,8.894744247E0
2.931070370E1,-1.641476393E0,-1.177268744E0,1.185882950E1,1.202964021E1
2.931307927E1,2.100898266E0,1.579262912E-1,7.834101200E0,8.112450669E0
2.931545479E1,-2.254039049E0,2.344966233E-1,1.140897846E1,1.163187303E1
2.931783031E1,1.033699393E0,-1.119840980E0,1.046620655E1,1.057658063E1
2.932020588E1,3.589234054E-1,4.115654826E-1,8.212167740E0,8.230304438E0
2.932258140E1,-1.986042738E0,-9.810572863E-1,1.197846985E1,1.218156718E1
2.932495692E1,2.273181438E0,-1.435693540E-2,7.992027760E0,8.309035304E0
2.932733245E1,-1.694118381E0,2.105683982E-1,1.122233772E1,1.135144220E1
2.932970796E1,5.551348329E-1,-1.038485050E0,1.074377346E1,1.080811242E1
2.933208354E1,6.173482537E-1,4.737788737E-1,7.891529083E0,7.929805581E0
2.933445906E1,-2.019542217E0,-1.000199914E0,1.197846985E1,1.218862956E1
2.933683453E1,2.536391973E0,-3.158525825E-1,8.327022552E0,8.710473678E0
2.933921010E1,-1.488335729E0,5.982056856E-1,1.094477081E1,1.106169071E1
2.934158567E1,4.785645287E-3,-1.129412293E0,1.070070267E1,1.076014092E1
2.934396120E1,1.091127157E0,4.546363056E-1,7.671389580E0,7.761924422E0
2.934633672E1,-1.799402595E0,-9.044869542E-1,1.216032505E1,1.232596656E1
2.934871229E1,2.569891453E0,-2.392822653E-1,8.858229637E0,9.226582812E0
2.935108781E1,-1.316052437E0,5.599204898E-1,1.008814049E1,1.018901779E1
2.935346333E1,-5.455635786E-1,-1.100698471E0,1.091127110E1,1.098021009E1
2.935583885E1,1.598405480E0,2.392822653E-1,7.690532207E0,7.858526689E0
2.935821442E1,-1.454836130E0,-3.780659735E-1,1.250010586E1,1.259015999E1
2.936058994E1,2.091326952E0,-6.412764788E-1,8.724231720E0,8.994281686E0
2.936296547E1,-9.571290612E-1,8.422735929E-1,9.700503349E0,9.783929991E0
2.936534099E1,-8.805587292E-1,-1.272981644E0,1.116969585E1,1.127643434E1
2.936771656E1,2.143969059E0,6.699903309E-2,7.714460373E0,8.007121271E0
2.937009208E1,-1.847259045E0,7.657032460E-2,1.217946720E1,1.231899551E1
2.937246760E1,1.689332843E0,-7.417750359E-1,9.284152031E0,9.465704125E0
2.937484312E1,-4.546363056E-1,5.790630579E-1,8.934800148E0,8.965080138E0
2.937721870E1,-1.048056364E0,-1.359123230E0,1.179183006E1,1.191607714E1
2.937959422E1,2.325823545E0,1.100698411E-1,7.786244869E0,8.126941596E0
2.938196974E1,-2.120040894E0,4.115654826E-1,1.171047401E1,1.190794530E1
2.938434526E1,1.110269666E0,-9.906286001E-1,9.791430473E0,9.903845438E0
2.938672083E1,3.732803464E-1,3.637090325E-1,8.274380684E0,8.290777900E0
2.938909635E1,-1.445264935E0,-9.619147182E-1,1.230389404E1,1.242577480E1
2.939147187E1,2.268395901E0,-3.828516230E-2,7.862815380E0,8.183578155E0
2.939384739E1,-2.134397745E0,5.886343718E-1,1.095434189E1,1.117585569E1
2.939622297E1,5.742774606E-1,-1.220339537E0,1.046620655E1,1.055274859E1
2.939859849E1,1.091127157E0,4.450650215E-1,8.078168869E0,8.163666678E0
2.940097401E1,-1.909472466E0,-8.039883971E-1,1.213161087E1,1.230725253E1
2.940334953E1,2.172683001E0,-8.614161611E-2,8.197810173E0,8.481277229E0
2.940572510E1,-1.703689694E0,4.498506486E-1,1.049013424E1,1.063709737E1
2.940810062E1,4.785645381E-2,-1.124626637E0,1.118405342E1,1.124055720E1
2.941047614E1,1.335195065E0,2.679961324E-1,7.322037220E0,7.447603429E0
2.941285166E1,-2.153540373E0,-2.775674164E-1,1.230389404E1,1.249402211E1
2.941522724E1,2.153540373E0,-4.785645306E-1,8.685946465E0,8.961720043E0
2.941760276E1,-9.523434043E-1,3.541377485E-1,9.978070259E0,1.002966887E1
2.941997828E1,-8.279166222E-1,-1.000199914E0,1.129412270E1,1.136851148E1
2.942235385E1,1.598405480E0,3.158525825E-1,7.479963779E0,7.655358978E0
2.942472937E1,-2.249253273E0,-1.483550072E-1,1.194975662E1,1.216050298E1
2.942710489E1,1.919043779E0,-7.657032609E-1,9.375079155E0,9.600059358E0
2.942948041E1,-3.206382394E-1,6.460621357E-1,9.255437851E0,9.283497992E0
2.943185593E1,-1.488335729E0,-1.095912814E0,1.145683479E1,1.160496582E1
2.943423151E1,1.866401672E0,2.632105052E-1,7.661818027E0,7.890259214E0
2.943660703E1,-1.957328916E0,1.435693540E-2,1.163390350E1,1.179741723E1
2.943898255E1,1.421336651E0,-7.465606928E-1,1.008814049E1,1.021509321E1
2.944135812E1,1.914258152E-1,6.077769399E-1,8.389236450E0,8.413401504E0
2.944373364E1,-1.852044702E0,-1.038485050E0,1.166261768E1,1.185433136E1
2.944610916E1,2.378465652E0,0.000000000E0,8.059026718E0,8.402678770E0
2.944848468E1,-1.536192179E0,3.589234054E-1,1.149033451E1,1.159812483E1
2.945086026E1,5.742774606E-1,-1.014556766E0,1.021256733E1,1.027889350E1
2.945323578E1,5.790630579E-1,6.699903607E-1,7.862815380E0,7.912525944E0
2.945561130E1,-1.732403636E0,-1.052842021E0,1.207896900E1,1.224790557E1
2.945798682E1,2.723032236E0,-1.052841991E-1,8.480163574E0,8.907253424E0
2.946036239E1,-1.497906923E0,5.216353536E-1,1.053320503E1,1.065195930E1
2.946273791E1,-2.488535494E-1,-9.571290612E-1,1.064327526E1,1.068912215E1
2.946511343E1,1.249053478E0,3.732803464E-1,7.733603001E0,7.842709237E0
2.946748896E1,-1.531406522E0,-7.609176040E-1,1.236132145E1,1.247904121E1
2.946986453E1,2.459821701E0,-3.158525825E-1,8.609375954E0,8.959455339E0
2.947224005E1,-1.191625714E0,6.939185858E-1,9.872786522E0,9.968621196E0
2.947461557E1,-8.518448472E-1,-1.100698471E0,1.111705399E1,1.120384158E1
2.947699109E1,1.785045743E0,2.871387079E-2,7.575676441E0,7.783192554E0
2.947936666E1,-1.698904037E0,-8.135596663E-2,1.249532032E1,1.261054811E1
2.948174218E1,1.880758643E0,-7.226324677E-1,8.930013657E0,9.154484948E0
2.948411771E1,-7.609176040E-1,7.322037220E-1,9.183652878E0,9.244165623E0
2.948649328E1,-1.071984529E0,-1.349551916E0,1.158604717E1,1.171353620E1
2.948886880E1,2.301895380E0,1.674975902E-1,7.810173035E0,8.144051855E0
2.949124432E1,-2.129612207E0,2.153540403E-1,1.177747345E1,1.197040126E1
2.949361984E1,1.062413216E0,-8.087740541E-1,9.523433685E0,9.616580810E0
2.949599536E1,-2.392822690E-2,5.024927258E-1,8.599804878E0,8.614506106E0
2.949837093E1,-1.316052437E0,-1.158126116E0,1.213639641E1,1.226235572E1
2.950074646E1,2.230110645E0,-4.785645287E-3,7.714460373E0,8.030337181E0
2.950312198E1,-2.105684042E0,6.604190469E-1,1.119841003E1,1.141378315E1
2.950549755E1,4.163511395E-1,-1.095912814E0,1.036570740E1,1.043179098E1
2.950787307E1,9.523434043E-1,3.589234054E-1,7.996813297E0,8.061315456E0
2.951024859E1,-1.828116536E0,-7.465606928E-1,1.227039433E1,1.242827180E1
2.951262411E1,2.297109842E0,-9.571290761E-2,8.030312538E0,8.352951218E0
2.951499968E1,-1.842473388E0,5.742774606E-1,1.042313576E1,1.060029536E1
2.951737520E1,-6.699903309E-2,-1.134197950E0,1.107398319E1,1.113211559E1
2.951975073E1,1.531406522E0,3.589234054E-1,7.542177200E0,7.704444747E0
2.952212625E1,-2.076970100E0,-3.780659735E-1,1.222253799E1,1.240351457E1
2.952450182E1,2.024327993E0,-4.115654826E-1,8.475378036E0,8.723492582E0
2.952687734E1,-9.523434043E-1,4.498506486E-1,9.772287369E0,9.828882133E0
2.952925286E1,-5.455635786E-1,-8.997012973E-1,1.172004509E1,1.176718144E1
2.953162838E1,1.856830359E0,1.579262912E-1,7.183253765E0,7.421044020E0
2.953400396E1,-2.167897224E0,1.722832322E-1,1.197368431E1,1.216957583E1
2.953637948E1,1.866401672E0,-8.614161611E-1,9.422935486E0,9.644542818E0
2.953875500E1,-1.770688742E-1,6.364908218E-1,9.006584167E0,9.030782486E0
2.954113057E1,-1.344766378E0,-9.810572863E-1,1.173918819E1,1.185661880E1
2.954350604E1,2.225325108E0,2.392822653E-1,7.599604607E0,7.922330340E0
2.954588161E1,-1.914258122E0,1.770688742E-1,1.137547874E1,1.153677833E1
2.954825713E1,1.306481123E0,-8.757730722E-1,1.038006496E1,1.049855324E1
2.955063270E1,5.934200287E-1,5.072783828E-1,8.092526436E0,8.130096113E0
2.955300823E1,-1.694118381E0,-8.901300430E-1,1.192104244E1,1.207367473E1
2.955538375E1,2.560320139E0,-2.392822690E-2,7.992027760E0,8.392158214E0
2.955775927E1,-1.368694544E0,2.967100143E-1,1.092562866E1,1.101502262E1
2.956013484E1,3.493520916E-1,-8.997012973E-1,1.076291656E1,1.080610394E1
2.956251036E1,1.234696507E0,5.742774606E-1,7.728816986E0,7.847858439E0
2.956488588E1,-1.789831281E0,-8.039883971E-1,1.192582798E1,1.208616012E1
2.956726140E1,2.660818815E0,-3.924229145E-1,8.609375954E0,9.019717669E0
2.956963698E1,-9.762716293E-1,6.699903607E-1,1.027956581E1,1.034753433E1
2.957201250E1,-4.785645306E-1,-9.571290612E-1,1.105962658E1,1.111127626E1
2.957438802E1,1.741974831E0,2.632105052E-1,7.398607731E0,7.605468588E0
2.957676354E1,-1.560120344E0,-4.211367965E-1,1.208375454E1,1.219132706E1
2.957913911E1,2.244467735E0,-4.498506486E-1,9.298508644E0,9.576129909E0
2.958151463E1,-6.364908218E-1,7.178468108E-1,9.221938133E0,9.271707909E0
2.958389015E1,-1.282552958E0,-1.095912814E0,1.127976608E1,1.140522204E1
2.958626567E1,2.191825628E0,1.196411327E-1,7.671389580E0,7.979262602E0
2.958864125E1,-1.588834286E0,1.339980662E-1,1.193061352E1,1.203668928E1
2.959101677E1,1.320838094E0,-8.279166222E-1,9.738788605E0,9.862761413E0
2.959339224E1,4.307080805E-2,8.422735929E-1,8.547162056E0,8.588670392E0
2.959576786E1,-1.517049551E0,-1.287338614E0,1.172961617E1,1.189716670E1
2.959814338E1,2.565105915E0,3.349951655E-2,8.126026154E0,8.521337432E0
2.960051885E1,-1.856830359E0,4.881358147E-1,1.112183952E1,1.128633731E1
2.960289442E1,3.637090325E-1,-7.657032609E-1,1.043749237E1,1.047185909E1
2.960527000E1,7.896314859E-1,4.594219327E-1,7.853243828E0,7.906201681E0
2.960764552E1,-1.373480201E0,-1.028913736E0,1.233260822E1,1.245143915E1
2.961002104E1,2.273181438E0,-1.435693651E-1,8.240880966E0,8.549858777E0
2.961239656E1,-1.698904037E0,7.322037220E-1,1.053799057E1,1.069914214E1
2.961477213E1,-4.785645306E-1,-1.086341500E0,1.074855900E1,1.081391152E1
2.961714765E1,1.569691658E0,1.148554832E-1,7.647460938E0,7.807738627E0
2.961952317E1,-1.698904037E0,-3.780659735E-1,1.245224857E1,1.257329326E1
2.962189870E1,1.976471543E0,-5.359922647E-1,8.705088615E0,8.942723034E0
2.962427427E1,-1.158126116E0,7.274180651E-1,9.652647018E0,9.749050600E0
2.962664979E1,-9.475577474E-1,-1.445264935E0,1.136590767E1,1.149654355E1
2.962902531E1,2.120040894E0,1.962114573E-1,7.814958572E0,8.099793196E0
2.963140083E1,-2.024327993E0,3.828516230E-2,1.213161087E1,1.229940453E1
2.963377640E1,1.335195065E0,-8.518448472E-1,9.336793900E0,9.470169261E0
2.963615192E1,-2.105683982E-1,3.206382394E-1,8.815158844E0,8.823501197E0
2.963852744E1,-1.100698471E0,-1.134197950E0,1.222253799E1,1.232430027E1
2.964090302E1,2.134397745E0,-1.148554832E-1,7.776673794E0,8.065079095E0
2.964327854E1,-2.148754835E0,3.158525825E-1,1.135155106E1,1.155744875E1
2.964565406E1,7.513462901E-1,-1.091127157E0,1.031785107E1,1.040255403E1
2.964802958E1,8.662018180E-1,2.679961324E-1,8.417949677E0,8.466640672E0
2.965040515E1,-1.593619823E0,-1.177268744E0,1.215553856E1,1.231595321E1
2.965278067E1,2.220539331E0,-1.052841991E-1,7.963313580E0,8.267783430E0
2.965515620E1,-1.813759565E0,4.115654826E-1,1.098305607E1,1.113941787E1
2.965753172E1,2.727817893E-1,-1.421336651E0,1.097827053E1,1.107325750E1
2.965990729E1,1.402194023E0,1.674975902E-1,7.523034573E0,7.654427000E0
2.966228281E1,-1.938186288E0,-5.694918036E-1,1.248574829E1,1.264811438E1
2.966465833E1,2.335394859E0,-4.881358147E-1,8.566305161E0,8.892352322E0
2.966703385E1,-1.057627559E0,1.866401732E-1,1.013121128E1,1.018797588E1
2.966940942E1,-3.637090325E-1,-9.762716293E-1,1.164347458E1,1.168999105E1
2.967178495E1,1.866401672E0,4.785645287E-3,7.393822193E0,7.625751421E0
2.967416047E1,-2.187039852E0,-2.919243574E-1,1.208854008E1,1.228825310E1
2.967653604E1,2.029113531E0,-8.374879360E-1,9.332008362E0,9.586713088E0
2.967891156E1,-2.201396823E-1,4.498506486E-1,9.485149384E0,9.498362275E0
2.968128708E1,-1.205982566E0,-1.215553880E0,1.156690502E1,1.169295758E1
2.968366260E1,2.029113531E0,1.435693651E-1,7.709674358E0,7.973518207E0
2.968603817E1,-1.904686809E0,-1.531406492E-1,1.160997581E1,1.176617280E1
2.968841370E1,1.478764415E0,-8.470591903E-1,1.019820976E1,1.033961971E1
2.969078922E1,3.014956415E-1,4.977070987E-1,8.499305725E0,8.519202415E0
2.969316474E1,-1.670190215E0,-1.186840057E0,1.179661560E1,1.197323116E1
2.969554031E1,2.191825628E0,-2.392822690E-2,7.786244869E0,8.088898646E0
2.969791583E1,-1.588834286E0,3.302095234E-1,1.157169056E1,1.168492427E1
2.970029135E1,5.264210105E-1,-9.523434043E-1,1.044706345E1,1.050358090E1
2.970266692E1,7.944171429E-1,5.455635786E-1,7.881958008E0,7.940654901E0
2.970504244E1,-1.746760488E0,-1.024128079E0,1.194018459E1,1.211065723E1
2.970741791E1,2.531606436E0,-2.201396823E-1,8.551948547E0,8.921508649E0
2.970979349E1,-1.344766378E0,5.216353536E-1,1.059541893E1,1.069314745E1
2.971216906E1,-3.924229145E-1,-1.100698471E0,1.070548820E1,1.076907659E1
2.971454458E1,1.287338614E0,3.684946895E-1,7.566105366E0,7.683682675E0
2.971692010E1,-1.631905079E0,-6.221339107E-1,1.221296692E1,1.233720899E1
2.971929562E1,2.210968018E0,-3.158525825E-1,9.001798630E0,9.274724848E0
2.972167120E1,-7.896314859E-1,6.364908218E-1,9.494720459E0,9.548735783E0
2.972404672E1,-1.071984529E0,-1.110269666E0,1.116012478E1,1.126633191E1
2.972642224E1,1.866401672E0,1.292124242E-1,7.628318787E0,7.854387218E0
2.972879776E1,-1.536192179E0,1.148554832E-1,1.221775246E1,1.231448551E1
2.973117333E1,1.440479279E0,-8.470591903E-1,9.327222824E0,9.475736142E0
2.973354885E1,-2.057827413E-1,8.039883971E-1,8.724231720E0,8.763615862E0
2.973592437E1,-1.363908887E0,-1.220339537E0,1.177268696E1,1.191409393E1
2.973829994E1,2.545963287E0,9.571290575E-3,7.972885132E0,8.369523164E0
2.974067547E1,-1.847259045E0,2.679961324E-1,1.127976608E1,1.143316714E1
2.974305099E1,3.732803464E-1,-8.518448472E-1,1.010728264E1,1.014998228E1
2.974542651E1,7.704889178E-1,5.359922647E-1,8.097311974E0,8.151527592E0
2.974780208E1,-1.153340459E0,-1.105484009E0,1.227039433E1,1.237395919E1
2.975017760E1,2.210968018E0,-2.775674164E-1,7.881958008E0,8.190890384E0
2.975255312E1,-1.459621787E0,7.752745152E-1,1.082034397E1,1.094583894E1
2.975492864E1,-1.722832322E-1,-1.095912814E0,1.088255692E1,1.093895568E1
2.975730422E1,1.483550072E0,1.914258115E-2,7.278966427E0,7.428636449E0
2.975967974E1,-1.339980721E0,-3.158525825E-1,1.270588779E1,1.278025414E1
2.976205526E1,2.043470621E0,-4.929214716E-1,8.752944946E0,9.001821426E0
2.976443078E1,-9.762716293E-1,5.503492355E-1,9.360722542E0,9.427572173E0
2.976680635E1,-8.087740541E-1,-1.363908887E0,1.153819084E1,1.164663946E1
2.976918187E1,2.254039049E0,1.866401732E-1,7.805387497E0,8.126475286E0
2.977155739E1,-2.038684845E0,3.828516230E-2,1.186361504E1,1.203756883E1
2.977393291E1,1.244267821E0,-8.231309652E-1,9.528220177E0,9.644310589E0
2.977630849E1,2.440679073E-1,4.019941986E-1,8.566305161E0,8.579204659E0
2.977868396E1,-1.119840980E0,-1.091127157E0,1.229432297E1,1.239334416E1
2.978105953E1,2.273181438E0,-8.614161611E-2,7.747959614E0,8.075001697E0
2.978343510E1,-2.057827473E0,5.120640397E-1,1.102134132E1,1.122349447E1
2.978581062E1,4.929214716E-1,-1.124626637E0,1.050449181E1,1.057601554E1
2.978818609E1,1.263410330E0,3.637090325E-1,8.102097511E0,8.208073709E0
2.979056166E1,-1.579262972E0,-7.657032609E-1,1.216511059E1,1.229106540E1
2.979293724E1,2.230110645E0,-1.435693651E-1,8.255238533E0,8.552366274E0
2.979531276E1,-1.550549030E0,5.264210105E-1,1.031785107E1,1.044697909E1
2.979768828E1,-2.105683982E-1,-1.138983607E0,1.128455162E1,1.134384097E1
2.980006380E1,1.703689694E0,1.962114573E-1,7.365108013E0,7.562134193E0
2.980243937E1,-1.957328916E0,-1.435693651E-1,1.235653591E1,1.251142391E1
2.980481489E1,1.856830359E0,-5.838487148E-1,8.882157326E0,9.092932259E0
2.980719041E1,-5.120640397E-1,3.445664644E-1,9.542576790E0,9.562515747E0
2.980956599E1,-9.284151793E-1,-1.004985452E0,1.177747345E1,1.185667877E1
2.981194151E1,1.981257200E0,1.387837082E-1,7.422535896E0,7.683663198E0
2.981431703E1,-2.258824587E0,1.339980662E-1,1.167218876E1,1.188950102E1
2.981669255E1,1.406979680E0,-9.379864931E-1,9.786644936E0,9.931657947E0
2.981906812E1,3.541377485E-1,6.508477330E-1,8.867800713E0,8.898702478E0
2.982144364E1,-1.593619823E0,-1.081555843E0,1.187797165E1,1.203310424E1
2.982381916E1,2.182254314E0,1.052841991E-1,7.795815945E0,8.096175943E0
2.982619463E1,-1.928615093E0,2.105683982E-1,1.116012478E1,1.132750106E1
2.982857026E1,5.503492355E-1,-9.427721500E-1,1.086820030E1,1.092288796E1
2.983094578E1,8.901300430E-1,4.259224236E-1,7.819744587E0,7.881760388E0
2.983332130E1,-1.957328916E0,-7.752745152E-1,1.208854008E1,1.227049258E1
2.983569682E1,2.330609322E0,-2.967100143E-1,8.331808090E0,8.656720089E0
2.983807239E1,-1.316052437E0,4.211367965E-1,1.064327526E1,1.073259794E1
2.984044791E1,-4.115654826E-1,-1.028913736E0,1.108833981E1,1.114357794E1
2.984282343E1,1.330409408E0,3.732803464E-1,7.523034573E0,7.648880741E0
2.984519901E1,-2.143969059E0,-5.790630579E-1,1.207418346E1,1.227671877E1
2.984757453E1,2.191825628E0,-6.125625968E-1,9.212367058E0,9.489311847E0
2.984995005E1,-7.657032609E-1,5.838487148E-1,9.643074989E0,9.691030701E0
2.985232557E1,-1.239482164E0,-1.129412293E0,1.131805134E1,1.144159841E1
2.985470114E1,1.751546144E0,2.105683982E-1,7.666603565E0,7.866960224E0
2.985707666E1,-1.847259045E0,-2.297109663E-1,1.194497108E1,1.208914667E1
2.985945218E1,1.536192179E0,-7.178468108E-1,9.714859962E0,9.861728781E0
2.986182771E1,-1.962114573E-1,6.029912829E-1,8.791230202E0,8.814069768E0
2.986420328E1,-1.540977836E0,-1.148554921E0,1.161476135E1,1.177270030E1
2.986657880E1,2.182254314E0,-7.178468257E-2,7.810173035E0,8.109635612E0
2.986895432E1,-1.775474429E0,2.823530734E-1,1.179183006E1,1.192808823E1
2.987132989E1,6.221339107E-1,-9.140582681E-1,9.987641335E0,1.004865825E1
2.987370541E1,4.929214716E-1,7.130611539E-1,8.212167740E0,8.257791882E0
2.987608093E1,-1.526620865E0,-1.330409408E0,1.185882950E1,1.203047786E1
2.987845646E1,2.507678032E0,0.000000000E0,8.341380119E0,8.710170573E0
2.988083203E1,-1.804188251E0,6.317051649E-1,1.082034397E1,1.098790200E1
2.988320755E1,-1.196411327E-1,-1.009771109E0,1.045663452E1,1.050595818E1
2.988558307E1,1.158126116E0,4.163511395E-1,7.714460373E0,7.812010191E0
2.988795859E1,-1.354337573E0,-7.369893789E-1,1.233739376E1,1.243336915E1
2.989033416E1,2.234896421E0,-3.206382394E-1,8.355736732E0,8.655397578E0
2.989270968E1,-1.411765337E0,8.662018180E-1,1.009292603E1,1.022792954E1
2.989508520E1,-6.364908218E-1,-1.129412293E0,1.095434189E1,1.103078868E1
2.989746078E1,1.775474429E0,1.866401732E-1,7.446464062E0,7.657478111E0
2.989983630E1,-1.651047587E0,-7.178468257E-2,1.242353535E1,1.253297019E1
2.990221182E1,1.861616015E0,-5.742774606E-1,8.776873589E0,8.990490464E0
2.990458734E1,-7.848458290E-1,7.609176040E-1,9.303294182E0,9.367297434E0
2.990696291E1,-8.518448472E-1,-1.272981644E0,1.149512005E1,1.159671966E1
2.990933843E1,2.263610125E0,2.249253243E-1,7.685746193E0,8.015311394E0
2.991171396E1,-2.158325911E0,2.679961324E-1,1.188275719E1,1.208015360E1
2.991408948E1,1.244267821E0,-7.944171429E-1,9.494720459E0,9.608798968E0
2.991646505E1,2.201396823E-1,4.785645306E-1,8.652446747E0,8.668467004E0
2.991884057E1,-1.129412293E0,-1.057627559E0,1.209811115E1,1.219665699E1
2.992121609E1,2.215753794E0,-2.871387079E-2,7.747959614E0,8.058614492E0
2.992359166E1,-2.124826431E0,5.838487148E-1,1.125105190E1,1.146481293E1
2.992596718E1,5.264210105E-1,-1.172483087E0,1.030827999E1,1.038809280E1
2.992834271E1,1.110269666E0,4.067798555E-1,8.068597794E0,8.154780128E0
2.993071823E1,-1.555334687E0,-8.422735929E-1,1.222732353E1,1.235459152E1
2.993309380E1,2.225325108E0,-9.092725813E-2,8.073383331E0,8.374954210E0
2.993546932E1,-1.622333765E0,5.024927258E-1,1.051884842E1,1.065507568E1
2.993784484E1,-3.828516230E-2,-1.201196909E0,1.113619614E1,1.120085730E1
2.994022041E1,1.598405480E0,2.488535494E-1,7.427321434E0,7.601442748E0
2.994259593E1,-2.115255117E0,-2.727817893E-1,1.233260822E1,1.251566777E1
2.994497146E1,2.024327993E0,-4.881358147E-1,8.738588333E0,8.983268139E0
2.994734698E1,-6.795616150E-1,3.828516304E-1,9.815358162E0,9.846300585E0
2.994972250E1,-7.034898400E-1,-1.014556766E0,1.149033451E1,1.155647051E1
2.995209807E1,1.847259045E0,1.722832322E-1,7.417750359E0,7.646245345E0
2.995447359E1,-2.277967215E0,4.785645381E-2,1.191147137E1,1.212743068E1
2.995684911E1,1.655833244E0,-8.805587292E-1,9.566504478E0,9.748598635E0
2.995922468E1,1.244267747E-1,6.556333899E-1,9.049654961E0,9.074226803E0
2.996160021E1,-1.421336651E0,-1.177268744E0,1.169133186E1,1.183610579E1
2.996397573E1,2.129612207E0,2.105683982E-1,7.609176159E0,7.904375309E0
2.996635125E1,-2.005185366E0,1.674975902E-1,1.142812061E1,1.160391161E1
2.996872682E1,8.901300430E-1,-8.901300430E-1,1.042792130E1,1.050362821E1
2.997110234E1,6.029912829E-1,5.120640397E-1,7.996813297E0,8.035846625E0
2.997347786E1,-1.847259045E0,-8.997012973E-1,1.191147137E1,1.208738924E1
2.997585343E1,2.421536446E0,-1.100698411E-1,8.097311974E0,8.452361524E0
2.997822896E1,-1.359123230E0,3.876372576E-1,1.101177025E1,1.110209722E1
2.998060448E1,-9.092725813E-2,-9.236295223E-1,1.074377346E1,1.078378539E1
2.998298000E1,1.148554921E0,5.407779217E-1,7.566105366E0,7.671868715E0
2.998535557E1,-1.923829436E0,-6.843472719E-1,1.206939697E1,1.224090659E1
2.998773109E1,2.359323025E0,-3.493520916E-1,8.767302513E0,9.085925675E0
2.999010661E1,-9.044869542E-1,6.412764788E-1,9.987641335E0,1.004899555E1
2.999248213E1,-7.896314859E-1,-9.954141974E-1,1.111705399E1,1.118942611E1
2.999485770E1,1.684547186E0,3.206382394E-1,7.432106972E0,7.627366658E0
2.999723323E1,-1.823330879E0,-2.967100143E-1,1.213161087E1,1.227145283E1
2.999960875E1,1.885544300E0,-5.168496966E-1,9.485149384E0,9.684547989E0
3.000198432E1,-3.445664644E-1,7.226324677E-1,8.982656479E0,9.018261537E0
3.000435984E1,-1.373480201E0,-1.196411371E0,1.142333508E1,1.156764593E1
3.000673536E1,2.215753794E0,-4.785645381E-2,7.671389580E0,7.985115729E0
