"Time (s)","Acceleration x (m/s^2)","Acceleration y (m/s^2)","Acceleration z (m/s^2)","Absolute acceleration (m/s^2)"
1.001218800E-2,-2.057827473E0,-3.589234054E-1,8.188239098E0,8.450487527E0
1.238765700E-2,2.177468538E0,-2.349751949E0,1.250489140E1,1.290871846E1
1.476380300E-2,-5.599204898E-1,-4.211367965E-1,6.575476646E0,6.612696899E0
1.713937600E-2,2.679961324E-1,-1.914258122E0,1.391665649E1,1.405025032E1
1.951500100E-2,5.359922647E-1,-7.657032609E-1,6.259624004E0,6.329019029E0
2.189062600E-2,-1.249053478E0,-1.426122308E0,1.306959724E1,1.320637466E1
2.426625100E-2,2.033899307E0,-1.301695466E0,8.126026154E0,8.477231773E0
2.664187600E-2,-1.909472466E0,-9.379864931E-1,1.092562866E1,1.113082501E1
2.901750100E-2,2.258824587E0,-1.651047587E0,9.753145218E0,1.014653085E1
3.139312600E-2,-2.277967215E0,-3.014956415E-1,8.561519623E0,8.864516485E0
3.376875100E-2,2.177468538E0,-2.277967215E0,1.223210907E1,1.263150807E1
3.614432300E-2,-1.239482164E0,-1.483550072E-1,6.800402164E0,6.914028843E0
3.851994800E-2,2.297109663E-1,-1.794616938E0,1.383530045E1,1.395309842E1
4.089552100E-2,8.614161611E-2,-7.082754970E-1,6.202196121E0,6.243101095E0
4.327119800E-2,-1.009771109E0,-1.497906923E0,1.321795273E1,1.334082596E1
4.564682300E-2,1.718046665E0,-1.143769264E0,7.752745152E0,8.022776942E0
4.802244800E-2,-2.014756680E0,-9.714859724E-1,1.111226845E1,1.133514621E1
5.039807300E-2,2.230110645E0,-1.550549030E0,9.245866776E0,9.636578657E0
5.277369800E-2,-2.172683001E0,-3.924229145E-1,9.040083885E0,9.305786577E0
5.514921900E-2,2.378465652E0,-2.187039852E0,1.196411324E1,1.239274980E1
5.752489600E-2,-1.579262972E0,-1.244267747E-1,6.972685337E0,7.150377218E0
5.990052100E-2,5.216353536E-1,-1.856830359E0,1.373001671E1,1.386482172E1
6.227614600E-2,9.571290761E-2,-7.178468108E-1,6.139982700E0,6.182544182E0
6.465177100E-2,-3.972085714E-1,-1.430907965E0,1.347159195E1,1.355319379E1
6.702739600E-2,1.579262972E0,-1.201196909E0,7.010970116E0,7.286332926E0
6.940302100E-2,-1.775474429E0,-8.279166222E-1,1.150469112E1,1.167029020E1
7.177864600E-2,2.565105915E0,-1.598405480E0,8.953942299E0,9.450277833E0
7.415421900E-2,-1.861616015E0,-3.972085714E-1,9.643074989E0,9.829154800E0
7.652984400E-2,2.545963287E0,-2.129612207E0,1.148076344E1,1.195094583E1
7.890546900E-2,-1.708475351E0,-3.828516230E-2,7.355536938E0,7.551442076E0
8.128109400E-2,1.004985452E0,-1.952543259E0,1.343330669E1,1.361161819E1
8.365671900E-2,1.196411327E-1,-6.747759581E-1,6.379265308E0,6.415969332E0
8.603234400E-2,-1.052841991E-1,-1.411765337E0,1.336152172E1,1.343631009E1
8.840796900E-2,1.426122308E0,-1.153340459E0,6.666403770E0,6.914112979E0
9.078354200E-2,-1.564906001E0,-8.709874153E-1,1.183011532E1,1.196491447E1
9.315916700E-2,2.708675146E0,-1.622333765E0,8.676374435E0,9.233003912E0
9.553479200E-2,-1.880758643E0,-2.967100143E-1,1.013599682E1,1.031327889E1
9.791041700E-2,2.483749866E0,-2.091326952E0,1.102612686E1,1.149426533E1
1.002860420E-1,-1.928615093E0,9.571290575E-3,7.609176159E0,7.849790418E0
1.026616670E-1,1.349551916E0,-2.134397745E0,1.339502144E1,1.363097735E1
1.050372920E-1,-1.196411327E-1,-5.982056856E-1,6.240481377E0,6.270229011E0
1.074129170E-1,-2.727817893E-1,-1.445264935E0,1.338544941E1,1.346601116E1
1.097885420E-1,1.191625714E0,-1.062413216E0,6.331408501E0,6.529580943E0
1.121641150E-1,-1.440479279E0,-1.004985452E0,1.229432297E1,1.241915269E1
1.145397400E-1,2.641676188E0,-1.512263894E0,8.484949112E0,9.014419371E0
1.169153650E-1,-2.273181438E0,-3.876372576E-1,1.028435135E1,1.053971058E1
1.192909900E-1,2.354537487E0,-1.847259045E0,1.089212894E1,1.129578177E1
1.216666150E-1,-2.163111687E0,-2.392822653E-1,7.695317745E0,7.997138449E0
1.240422400E-1,1.617548108E0,-2.014756680E0,1.342373466E1,1.367012651E1
1.264178650E-1,-5.359922647E-1,-6.221339107E-1,5.967699528E0,6.023933596E0
1.287934380E-1,-2.057827413E-1,-1.368694544E0,1.337587833E1,1.344729685E1
1.311690630E-1,9.714859724E-1,-9.762716293E-1,6.101697922E0,6.255206537E0
1.335446880E-1,-1.306481123E0,-1.153340459E0,1.266760349E1,1.278691774E1
1.359203130E-1,2.522035122E0,-1.272981644E0,8.178668022E0,8.652846586E0
1.382959380E-1,-2.493321180E0,-4.163511395E-1,1.056670475E1,1.086486300E1
1.406715630E-1,2.392822742E0,-1.775474429E0,1.055234814E1,1.096494238E1
1.430471880E-1,-1.990828395E0,-3.206382394E-1,8.126026154E0,8.372485152E0
1.454228130E-1,1.890329838E0,-1.990828395E0,1.306481171E1,1.335013294E1
1.477983860E-1,-8.470591903E-1,-5.264210105E-1,5.938985825E0,6.022140896E0
1.501740110E-1,8.614161611E-2,-1.483550072E0,1.353859043E1,1.361990353E1
1.525496360E-1,1.105484009E0,-1.033699393E0,5.977271080E0,6.165906170E0
1.549252610E-1,-1.000199914E0,-1.182054400E0,1.323709488E1,1.332735282E1
1.573008860E-1,2.431107759E0,-1.301695466E0,7.781459332E0,8.255652933E0
1.596765110E-1,-2.378465652E0,-4.594219327E-1,1.095434189E1,1.121899165E1
1.620521360E-1,2.608176708E0,-1.880758643E0,1.047577763E1,1.095818213E1
1.644277610E-1,-1.789831281E0,-4.689932466E-1,8.327022552E0,8.530108749E0
1.668033340E-1,2.057827473E0,-2.033899307E0,1.263410378E1,1.296117196E1
1.691789590E-1,-1.062413216E0,-4.067798555E-1,6.092126369E0,6.197434582E0
1.715545840E-1,3.732803464E-1,-1.627119422E0,1.361516094E1,1.371712300E1
1.739302090E-1,1.071984529E0,-9.858429432E-1,5.886343479E0,6.063833498E0
1.763058340E-1,-1.115055323E0,-1.172483087E0,1.342852020E1,1.352565044E1
1.786814590E-1,2.129612207E0,-1.105484009E0,7.575676441E0,7.946585216E0
1.810570840E-1,-2.282752752E0,-7.226324677E-1,1.112183952E1,1.137666349E1
1.834327090E-1,2.617748022E0,-1.698904037E0,1.042792130E1,1.088487125E1
1.858082820E-1,-2.038684845E0,-3.924229145E-1,8.437092781E0,8.688772424E0
1.881839070E-1,1.947757602E0,-2.019542217E0,1.226560879E1,1.258242701E1
1.905595320E-1,-1.368694544E0,-3.110669553E-1,6.206982136E0,6.363702903E0
1.929351570E-1,5.312066078E-1,-1.823330879E0,1.373480225E1,1.386547903E1
1.953107820E-1,6.747759581E-1,-6.460621357E-1,6.015556335E0,6.087662680E0
1.976864070E-1,-1.454836130E0,-1.296909928E0,1.333759308E1,1.347924006E1
2.000620320E-1,1.655833244E0,-9.379864931E-1,7.532605648E0,7.769282479E0
2.024376050E-1,-2.158325911E0,-8.997012973E-1,1.139462185E1,1.163207807E1
2.048132300E-1,2.373680115E0,-1.507478237E0,1.008335495E1,1.046808937E1
2.071888550E-1,-2.455035925E0,-3.876372576E-1,8.580661774E0,8.933376770E0
2.095644800E-1,1.837687731E0,-1.919043779E0,1.179661560E1,1.209214476E1
2.119401050E-1,-1.555334687E0,-2.536391914E-1,6.685546398E0,6.868764770E0
2.143157300E-1,6.795616150E-1,-1.871187329E0,1.373480225E1,1.387832622E1
2.166913550E-1,1.292124242E-1,-5.694918036E-1,5.843272686E0,5.872380475E0
2.190669800E-1,-1.426122308E0,-1.249053478E0,1.355294704E1,1.368489434E1
2.214425530E-1,1.421336651E0,-9.858429432E-1,7.274180889E0,7.477017573E0
2.238181780E-1,-1.832902193E0,-1.091127157E0,1.171525955E1,1.190787115E1
2.261938030E-1,2.311466694E0,-1.445264935E0,9.518648148E0,9.901329788E0
2.285694280E-1,-2.493321180E0,-3.445664644E-1,8.920442581E0,9.268747078E0
2.309450530E-1,2.100898266E0,-2.033899307E0,1.153819084E1,1.190295626E1
2.333206780E-1,-1.416550994E0,-2.297109663E-1,6.967899323E0,7.114141186E0
2.356963030E-1,1.076770186E0,-1.899901152E0,1.374437332E1,1.391678326E1
2.380718760E-1,-8.135596663E-2,-5.024927258E-1,5.958128452E0,5.979833809E0
2.404475010E-1,-9.379864931E-1,-1.397408366E0,1.356251907E1,1.366654647E1
2.428231260E-1,1.588834286E0,-1.033699393E0,7.255038261E0,7.498567130E0
2.451987510E-1,-1.282552958E0,-1.086341500E0,1.195454216E1,1.207212319E1
2.475743760E-1,2.402393818E0,-1.478764415E0,8.901300430E0,9.337632976E0
2.499500010E-1,-2.163111687E0,-3.397808075E-1,9.365508080E0,9.618068660E0
2.523256260E-1,2.574677229E0,-2.110469580E0,1.114098263E1,1.162774865E1
2.547012510E-1,-1.287338614E0,-1.818545163E-1,7.518248558E0,7.629834412E0
2.570768230E-1,1.383051515E0,-2.038684845E0,1.338544941E1,1.361026536E1
2.594524480E-1,-2.105683982E-1,-3.684946895E-1,6.135197163E0,6.149859479E0
2.618280730E-1,-4.402793646E-1,-1.517049551E0,1.352423382E1,1.361617368E1
2.642036980E-1,1.555334687E0,-1.000199914E0,7.097112179E0,7.334062117E0
2.665793230E-1,-1.301695466E0,-1.134197950E0,1.191625690E1,1.204068082E1
2.689548960E-1,2.258824587E0,-1.316052437E0,8.542376518E0,8.933447213E0
2.713305730E-1,-2.072184324E0,-4.402793646E-1,9.777072906E0,1.000394664E1
2.737061460E-1,2.675175667E0,-2.081755638E0,1.085384369E1,1.137084844E1
2.760817710E-1,-1.694118381E0,1.914258115E-2,7.781459332E0,7.963762481E0
2.784573960E-1,1.301695466E0,-2.038684845E0,1.318923855E1,1.340920059E1
2.808330210E-1,-6.699903607E-1,-3.684946895E-1,6.173482418E0,6.220655961E0
2.832086460E-1,-1.722832322E-1,-1.636690736E0,1.360080433E1,1.370001155E1
2.855842710E-1,1.071984529E0,-9.188438654E-1,6.752545357E0,6.898571858E0
2.879598960E-1,-1.473978758E0,-1.038485050E0,1.213161087E1,1.226487044E1
2.903355210E-1,2.009970903E0,-1.330409408E0,8.006384850E0,8.361349806E0
2.927110940E-1,-2.086541414E0,-4.833501875E-1,1.033220863E1,1.055186323E1
2.950867190E-1,2.593819857E0,-1.947757602E0,1.056191921E1,1.104879172E1
2.974623440E-1,-2.416750908E0,9.571290575E-3,8.011170387E0,8.367773153E0
2.998379690E-1,1.311266780E0,-1.947757602E0,1.298345566E1,1.319406310E1
3.022135940E-1,-8.566305041E-1,-4.977070987E-1,6.384050846E0,6.460466963E0
3.045892190E-1,1.244267747E-1,-1.545763373E0,1.372044468E1,1.380780463E1
3.069648440E-1,6.460621357E-1,-9.236295223E-1,6.259624004E0,6.360297199E0
3.093404690E-1,-1.497906923E0,-1.019342422E0,1.229432297E1,1.242711396E1
3.117160420E-1,2.072184324E0,-1.253839016E0,7.791030407E0,8.158812104E0
3.140916670E-1,-1.875972986E0,-6.221339107E-1,1.086341476E1,1.104174377E1
3.164672920E-1,2.574677229E0,-1.847259045E0,1.009771156E1,1.058324655E1
3.188429170E-1,-2.421536446E0,1.435693540E-2,8.413164139E0,8.754734474E0
3.212185420E-1,1.698904037E0,-2.086541414E0,1.266281700E1,1.294553454E1
3.235941670E-1,-6.891329288E-1,-5.264210105E-1,6.618547440E0,6.675117488E0
3.259697920E-1,5.694918036E-1,-1.636690736E0,1.371087360E1,1.381995414E1
3.283453650E-1,5.982056856E-1,-1.043270707E0,5.924628735E0,6.045451964E0
3.307209900E-1,-9.858429432E-1,-1.162911773E0,1.278245831E1,1.287305288E1
3.330966150E-1,2.464607239E0,-1.464407444E0,7.566105366E0,8.091027649E0
3.354722400E-1,-1.646261930E0,-6.795616150E-1,1.153819084E1,1.167483748E1
3.378478650E-1,2.737389088E0,-1.923829436E0,9.667003632E0,1.022963235E1
3.402234900E-1,-2.311466694E0,-1.292124242E-1,8.858229637E0,9.155752641E0
3.425991150E-1,2.210968018E0,-2.287538528E0,1.256710434E1,1.296353824E1
3.449746880E-1,-7.657032609E-1,-5.599204898E-1,6.738188744E0,6.804630775E0
3.473503130E-1,6.747759581E-1,-1.765903115E0,1.358644676E1,1.371733473E1
3.497259380E-1,4.977070987E-1,-9.858429432E-1,5.761917114E0,5.866795334E0
3.521015630E-1,-8.087740541E-1,-1.421336651E0,1.314138222E1,1.324274292E1
3.544771880E-1,2.455035925E0,-1.320838094E0,7.451249599E0,7.955685719E0
3.568528130E-1,-1.952543259E0,-7.992027402E-1,1.162911797E1,1.181894813E1
3.592284380E-1,2.603390932E0,-1.665404558E0,9.700503349E0,1.018091263E1
3.616040110E-1,-2.292324066E0,-3.302095234E-1,8.930013657E0,9.225450225E0
3.639796360E-1,2.388036966E0,-2.201396942E0,1.251446247E1,1.292906184E1
3.663552610E-1,-1.153340459E0,-4.881358147E-1,6.585047722E0,6.703083193E0
3.687308860E-1,7.034898400E-1,-1.718046665E0,1.357209015E1,1.369847485E1
3.711065110E-1,2.919243574E-1,-8.566305041E-1,5.637490273E0,5.709670063E0
3.734820840E-1,-6.364908218E-1,-1.406979680E0,1.355294704E1,1.364064097E1
3.758577610E-1,2.120040894E0,-1.177268744E0,7.164111137E0,7.563400259E0
3.782333860E-1,-2.201396942E0,-7.944171429E-1,1.187797165E1,1.210633956E1
3.806089590E-1,2.483749866E0,-1.531406522E0,9.513862610E0,9.951271331E0
3.829845840E-1,-2.206182480E0,-4.546363056E-1,9.260223389E0,9.530250391E0
3.853602090E-1,2.397608280E0,-1.957328916E0,1.212682533E1,1.251557248E1
3.877358340E-1,-1.651047587E0,-3.876372576E-1,6.680760860E0,6.892661783E0
3.901114590E-1,8.135597110E-1,-1.718046665E0,1.343330669E1,1.356714017E1
3.924870840E-1,2.488535494E-1,-7.274180651E-1,5.804987907E0,5.855676710E0
3.948627090E-1,-5.982056856E-1,-1.387837172E0,1.373958778E1,1.382245327E1
3.972382820E-1,1.670190215E0,-1.048056364E0,6.814758778E0,7.094286060E0
3.996139070E-1,-2.153540373E0,-7.657032609E-1,1.211725426E1,1.233093218E1
4.019895320E-1,2.368894339E0,-1.483550072E0,9.370293617E0,9.778291450E0
4.043651570E-1,-2.053041935E0,-5.407779217E-1,9.446864128E0,9.682492644E0
4.067407820E-1,2.301895380E0,-1.909472466E0,1.161476135E1,1.199364368E1
4.091164070E-1,-1.923829436E0,-2.297109663E-1,6.809973240E0,7.080227564E0
4.114920320E-1,1.028913736E0,-1.861616015E0,1.339980698E1,1.356757549E1
4.138676570E-1,1.483550072E-1,-6.317051649E-1,5.804987907E0,5.841142459E0
4.162432300E-1,-6.029912829E-1,-1.435693622E0,1.376830196E1,1.385608002E1
4.186188550E-1,1.493121386E0,-9.188438654E-1,6.790830612E0,7.013491707E0
4.209944800E-1,-2.014756680E0,-1.081555843E0,1.203589821E1,1.225119803E1
4.233701050E-1,2.450250387E0,-1.411765337E0,9.346364975E0,9.764801410E0
4.257457300E-1,-1.899901152E0,-5.982056856E-1,9.595218658E0,9.799780382E0
4.281213550E-1,2.411965132E0,-1.981257200E0,1.116012478E1,1.158841408E1
4.304969800E-1,-1.799402595E0,-2.392822653E-1,7.144968510E0,7.371952299E0
4.328725530E-1,1.517049551E0,-2.167897224E0,1.329452229E1,1.355527722E1
4.352481780E-1,2.201396823E-1,-5.024927258E-1,6.111268997E0,6.135842988E0
4.376238030E-1,-4.402793646E-1,-1.622333765E0,1.379701519E1,1.389904460E1
4.399994280E-1,1.416550994E0,-9.236295223E-1,6.714260101E0,6.923943740E0
4.423750530E-1,-1.344766378E0,-1.325623751E0,1.234696484E1,1.249052503E1
4.447506780E-1,2.689532757E0,-1.450050473E0,9.126225471E0,9.624147972E0
4.471262510E-1,-1.909472466E0,-7.657032609E-1,9.762716293E0,9.977124636E0
4.495018760E-1,2.589034081E0,-1.990828395E0,1.085384369E1,1.133456739E1
4.518775010E-1,-1.531406522E0,-3.732803464E-1,7.585247993E0,7.747291867E0
4.542531260E-1,1.990828395E0,-2.316252232E0,1.325623703E1,1.360353786E1
4.566287510E-1,-1.148554832E-1,-4.833501875E-1,6.072983742E0,6.093270937E0
4.590043760E-1,-3.637090325E-1,-1.646261930E0,1.382572937E1,1.392814615E1
4.613800010E-1,1.272981644E0,-1.038485050E0,6.695117950E0,6.893731779E0
4.637556260E-1,-1.004985452E0,-1.378265858E0,1.257188988E1,1.268708113E1
4.661311980E-1,2.364108801E0,-1.378265858E0,8.532805443E0,8.960881425E0
4.685068230E-1,-2.091326952E0,-6.508477330E-1,1.003071213E1,1.026705591E1
4.708824480E-1,2.536391973E0,-1.957328916E0,1.043270683E1,1.091356003E1
4.732580730E-1,-1.785045743E0,-3.445664644E-1,8.020741463E0,8.224196494E0
4.756336980E-1,1.818545222E0,-2.139183521E0,1.305045509E1,1.334906705E1
4.780093230E-1,-7.848458290E-1,-3.254238665E-1,6.302694798E0,6.359704819E0
4.803849480E-1,-3.349951804E-1,-1.607976794E0,1.373958778E1,1.383741607E1
4.827605210E-1,8.901300430E-1,-9.092726111E-1,6.719046116E0,6.838471239E0
4.851361460E-1,-1.067198873E0,-1.244267821E0,1.265803146E1,1.276373285E1
4.875117710E-1,1.947757602E0,-1.268195987E0,8.102097511E0,8.428882774E0
4.898873960E-1,-2.277967215E0,-4.929214716E-1,1.033220863E1,1.059181955E1
4.922630210E-1,2.445464849E0,-1.842473388E0,1.017906761E1,1.062960131E1
4.946386460E-1,-1.909472466E0,-1.052841991E-1,8.499305725E0,8.711794744E0
4.970142710E-1,1.665404558E0,-2.134397745E0,1.260538960E1,1.289283029E1
4.993898440E-1,-1.172483087E0,-9.571290761E-2,6.489335060E0,6.595100232E0
5.017654690E-1,-7.657032460E-2,-1.660618901E0,1.372523022E1,1.382553661E1
5.041410940E-1,7.800601721E-1,-8.183453679E-1,6.551548481E0,6.648381044E0
5.065167190E-1,-1.119840980E0,-1.182054400E0,1.255753326E1,1.266265920E1
5.088923440E-1,1.856830359E0,-1.110269666E0,7.719245911E0,8.016687292E0
5.112679690E-1,-2.005185366E0,-6.029912829E-1,1.072463131E1,1.092712604E1
5.136435420E-1,2.679961443E0,-1.847259045E0,9.949356079E0,1.046824941E1
5.160191670E-1,-2.143969059E0,2.392822690E-2,8.695517540E0,8.955958976E0
5.183947920E-1,1.808973908E0,-2.100898266E0,1.244746304E1,1.275247020E1
5.207704170E-1,-1.205982566E0,-1.866401732E-1,6.628118515E0,6.739523986E0
5.231460420E-1,3.828516304E-1,-1.775474429E0,1.371565914E1,1.383539629E1
5.255216670E-1,6.412764788E-1,-8.231309652E-1,6.355337143E0,6.440426252E0
5.278972920E-1,-1.038485050E0,-1.244267821E0,1.262931824E1,1.273288391E1
5.302729170E-1,1.914258122E0,-1.229910851E0,7.374679565E0,7.717704552E0
5.326484900E-1,-1.756331801E0,-7.369893789E-1,1.122712421E1,1.138754464E1
5.350241150E-1,2.790031195E0,-1.770688772E0,9.729216576E0,1.027507995E1
5.373997400E-1,-2.383251429E0,-8.614161611E-2,8.848658562E0,9.164391201E0
5.397753650E-1,1.966900229E0,-2.048256159E0,1.226082325E1,1.258538186E1
5.421509900E-1,-1.196411371E0,-4.019941986E-1,6.742974281E0,6.860080296E0
5.445266150E-1,8.374879360E-1,-1.761117458E0,1.377787304E1,1.391519695E1
5.469022400E-1,3.349951804E-1,-8.662018180E-1,5.929414749E0,6.001706976E0
5.492777610E-1,-9.284151793E-1,-1.182054400E0,1.283510113E1,1.292281039E1
5.516534380E-1,2.009970903E0,-1.258624673E0,7.159325123E0,7.541886721E0
5.540290630E-1,-1.612762451E0,-8.662018180E-1,1.170568848E1,1.184797244E1
5.564046880E-1,2.727817774E0,-1.751546144E0,9.384650230E0,9.928774529E0
5.587803130E-1,-2.507678032E0,-3.828516230E-2,9.135796547E0,9.473789813E0
5.611559380E-1,2.076970100E0,-2.163111687E0,1.204546928E1,1.241314574E1
5.635315110E-1,-1.196411371E0,-4.642075896E-1,6.934400082E0,7.052148137E0
5.659071360E-1,9.475577474E-1,-1.794616938E0,1.368694592E1,1.383658210E1
5.682827610E-1,5.742774159E-2,-8.422735929E-1,5.675775528E0,5.738218416E0
5.706583860E-1,-8.901300430E-1,-1.306481123E0,1.309352589E1,1.318861799E1
5.730340110E-1,2.000399828E0,-1.287338614E0,7.006184578E0,7.399017673E0
5.754096360E-1,-1.823330879E0,-8.087740541E-1,1.200718403E1,1.217173444E1
5.777852610E-1,2.512463808E0,-1.612762451E0,9.231510162E0,9.702281020E0
5.801608860E-1,-2.622533560E0,-2.249253243E-1,9.265008926E0,9.631649084E0
5.825364590E-1,2.177468538E0,-2.148754835E0,1.202154064E1,1.240467476E1
5.849120840E-1,-1.435693622E0,-4.019941986E-1,7.063612461E0,7.219240716E0
5.872877090E-1,8.470591903E-1,-1.823330879E0,1.341894913E1,1.356872287E1
5.896633340E-1,-1.722832322E-1,-7.704889178E-1,5.699703693E0,5.754125205E0
5.920389590E-1,-7.992027402E-1,-1.402194023E0,1.340937805E1,1.350615759E1
5.944145840E-1,1.871187329E0,-1.210768223E0,6.977470875E0,7.324779964E0
5.967902090E-1,-2.167897224E0,-9.427721500E-1,1.212682533E1,1.235509977E1
5.991657820E-1,2.282752752E0,-1.469193101E0,9.193224907E0,9.585659742E0
6.015414070E-1,-2.622533560E0,-4.594219327E-1,9.427721024E0,9.796462345E0
6.039170320E-1,2.249253273E0,-2.067398787E0,1.197846985E1,1.236191805E1
6.062926570E-1,-1.756331801E0,-4.259224236E-1,6.943971157E0,7.175294192E0
6.086682820E-1,8.327022791E-1,-1.828116536E0,1.333280754E1,1.348329189E1
6.110439070E-1,-2.775674164E-1,-6.843472719E-1,5.680561066E0,5.728363543E0
6.134195320E-1,-5.838487148E-1,-1.536192179E0,1.368694592E1,1.378525496E1
6.157951050E-1,1.698904037E0,-1.014556766E0,6.757331371E0,7.041102728E0
6.181707300E-1,-2.177468538E0,-9.667003751E-1,1.228475189E1,1.251363288E1
6.205463550E-1,2.325823545E0,-1.406979680E0,9.035298347E0,9.435341182E0
6.229219800E-1,-2.220539331E0,-5.694918036E-1,9.729216576E0,9.995637599E0
6.252976050E-1,2.474178553E0,-1.904686809E0,1.161476135E1,1.202713900E1
6.276732300E-1,-1.909472466E0,-3.302095234E-1,6.982256413E0,7.246173337E0
6.300488030E-1,1.191625714E0,-1.861616015E0,1.322273827E1,1.340620727E1
6.324244280E-1,-5.264209956E-2,-6.699903607E-1,5.737988472E0,5.777211263E0
6.348000530E-1,-2.584248483E-1,-1.469193101E0,1.391665649E1,1.399637952E1
6.371756780E-1,1.507478237E0,-1.014556766E0,6.436692715E0,6.688260549E0
6.395513030E-1,-1.962114573E0,-8.805587292E-1,1.245703506E1,1.264132113E1
6.419269280E-1,2.474178553E0,-1.397408366E0,8.953942299E0,9.394008321E0
6.443025530E-1,-1.871187329E0,-6.412764788E-1,9.958928108E0,1.015346377E1
6.466781780E-1,2.545963287E0,-1.904686809E0,1.106441212E1,1.151220988E1
6.490537510E-1,-1.899901152E0,-2.201396823E-1,7.278966427E0,7.526050632E0
6.514293760E-1,1.612762451E0,-2.072184324E0,1.312702465E1,1.338707312E1
6.538050010E-1,7.178468257E-2,-6.364908218E-1,5.991627693E0,6.025767671E0
6.561806260E-1,-2.057827413E-1,-1.588834286E0,1.396451283E1,1.405611466E1
6.585562510E-1,1.454836130E0,-9.332008362E-1,6.556334019E0,6.780333895E0
6.609318760E-1,-1.584048629E0,-1.258624673E0,1.250967693E1,1.267222802E1
6.633074480E-1,2.560320139E0,-1.483550072E0,9.059226990E0,9.530254649E0
6.656830730E-1,-1.785045743E0,-7.800601721E-1,1.010249710E1,1.028860194E1
6.680586980E-1,2.512463808E0,-2.076970100E0,1.079162979E1,1.127322282E1
6.704343230E-1,-1.890329838E0,-3.349951804E-1,7.613961697E0,7.852259636E0
6.728099480E-1,1.775474429E0,-2.364108801E0,1.305045509E1,1.338116953E1
6.751855730E-1,-1.962114573E-1,-4.594219327E-1,6.312266350E0,6.332003942E0
6.775611980E-1,-4.115654826E-1,-1.756331801E0,1.378744411E1,1.390495245E1
6.799367710E-1,9.379864931E-1,-9.571290612E-1,6.599404812E0,6.734096715E0
6.823123960E-1,-1.536192179E0,-1.450050473E0,1.253360462E1,1.271038070E1
6.846880210E-1,2.220539331E0,-1.335195065E0,8.863015175E0,9.233990404E0
6.870636460E-1,-2.234896421E0,-7.992027402E-1,1.009292603E1,1.036825167E1
6.894392710E-1,2.163111687E0,-1.933400750E0,1.042792130E1,1.082398416E1
6.918148960E-1,-2.143969059E0,-3.254238665E-1,8.044670105E0,8.331819796E0
6.941905210E-1,1.765903115E0,-2.330609322E0,1.299781227E1,1.332266030E1
6.965660940E-1,-8.518448472E-1,-3.972085714E-1,6.355337143E0,6.424462973E0
6.989417190E-1,-5.072783828E-1,-1.679761529E0,1.385922909E1,1.396986618E1
7.013173440E-1,5.790630579E-1,-9.571290612E-1,6.594619274E0,6.688827508E0
7.036929690E-1,-1.244267821E0,-1.411765337E0,1.280638695E1,1.294391094E1
7.060685940E-1,1.952543259E0,-1.339980721E0,8.298309326E0,8.629595076E0
7.084441670E-1,-2.277967215E0,-7.226324677E-1,1.033699417E1,1.060965507E1
7.108198440E-1,2.268395901E0,-1.866401672E0,1.011206818E1,1.053009962E1
7.131954170E-1,-2.033899307E0,-3.589234054E-1,8.331808090E0,8.583973349E0
7.155710420E-1,1.909472466E0,-2.215753794E0,1.277767277E1,1.310818719E1
7.179466670E-1,-1.081555843E0,-2.344966233E-1,6.465406895E0,6.559438850E0
7.203222920E-1,-1.531406492E-1,-1.780260086E0,1.374437332E1,1.386003521E1
7.226979170E-1,7.274180651E-1,-9.092726111E-1,6.479763508E0,6.583558980E0
7.250735420E-1,-8.566305041E-1,-1.359123230E0,1.283510113E1,1.293525619E1
7.274491670E-1,1.947757602E0,-1.287338614E0,7.771887779E0,8.115000926E0
7.298247400E-1,-1.938186288E0,-6.556333899E-1,1.068156052E1,1.087576003E1
7.322003650E-1,2.641676188E0,-1.847259045E0,9.777072906E0,1.029475467E1
7.345759900E-1,-1.674975872E0,-1.962114573E-1,8.872586250E0,9.031435649E0
7.369516150E-1,2.167897224E0,-2.268395901E0,1.225603771E1,1.265131846E1
7.393272400E-1,-1.134197950E0,-1.052841991E-1,6.690331936E0,6.786606749E0
7.417028650E-1,5.168496966E-1,-1.837687731E0,1.379222965E1,1.392371461E1
7.440784380E-1,9.475577474E-1,-8.614161611E-1,6.364908218E0,6.492454090E0
7.464540630E-1,-5.694918036E-1,-1.349551916E0,1.284945774E1,1.293267859E1
7.488296880E-1,2.067398787E0,-1.177268744E0,7.331608772E0,7.707956060E0
7.512053130E-1,-1.540977836E0,-7.657032609E-1,1.103091240E1,1.116431559E1
7.535809380E-1,3.086741209E0,-1.837687731E0,9.609575272E0,1.025909374E1
7.559565630E-1,-1.808973908E0,-1.435693651E-1,9.001798630E0,9.182885022E0
7.583321360E-1,2.373680115E0,-2.172683001E0,1.211725426E1,1.253725486E1
7.607077610E-1,-1.033699393E0,-2.153540403E-1,6.786045074E0,6.867701184E0
7.630833860E-1,9.714859724E-1,-1.947757602E0,1.379701519E1,1.396764736E1
7.654590110E-1,7.704889178E-1,-8.374879360E-1,6.159125328E0,6.263374811E0
7.678346360E-1,-5.407779217E-1,-1.316052437E0,1.292602825E1,1.300410094E1
7.702102610E-1,2.086541414E0,-1.234696507E0,7.097112179E0,7.499808785E0
7.725858340E-1,-1.440479279E0,-9.379864931E-1,1.142333508E1,1.155194284E1
7.749614590E-1,3.110669374E0,-1.746760488E0,9.576076508E0,1.021903505E1
7.773370840E-1,-2.153540373E0,-2.536391914E-1,9.145368576E0,9.398927352E0
7.797127090E-1,2.263610125E0,-2.120040894E0,1.208375454E1,1.247540091E1
7.820883340E-1,-1.148554921E0,-4.450650215E-1,6.953542709E0,7.061799876E0
7.844639590E-1,1.129412293E0,-1.942971945E0,1.377787304E1,1.395996052E1
7.868395840E-1,2.536391914E-1,-8.805587292E-1,5.943771362E0,6.013994889E0
7.892151050E-1,-7.322037220E-1,-1.263410330E0,1.304566860E1,1.312713972E1
7.915907820E-1,1.866401672E0,-1.268195987E0,6.915257454E0,7.274102138E0
7.939664070E-1,-1.550549030E0,-9.571290612E-1,1.203111267E1,1.216831831E1
7.963420320E-1,2.679961443E0,-1.689332843E0,9.154939651E0,9.687567229E0
7.987176570E-1,-2.603390932E0,-1.387837082E-1,9.446864128E0,9.800007506E0
8.010932820E-1,2.096112728E0,-2.110469580E0,1.187318611E1,1.224011106E1
8.034689070E-1,-1.392622828E0,-4.498506486E-1,7.178467751E0,7.326128800E0
8.058445320E-1,1.014556766E0,-1.775474429E0,1.361037540E1,1.376313749E1
8.082201050E-1,-1.914258152E-1,-7.752745152E-1,5.670989513E0,5.726937792E0
8.105957300E-1,-8.039883971E-1,-1.234696507E0,1.320838070E1,1.329030449E1
8.129713550E-1,1.780260086E0,-1.225125194E0,6.766902447E0,7.103606580E0
8.153469280E-1,-1.823330879E0,-8.183453679E-1,1.221775246E1,1.238013327E1
8.177226050E-1,2.421536446E0,-1.473978758E0,8.973084450E0,9.410244241E0
8.200981780E-1,-2.684746981E0,-1.292124242E-1,9.456435204E0,9.831008542E0
8.224738030E-1,2.143969059E0,-2.024327993E0,1.172004509E1,1.208527882E1
8.248494280E-1,-1.488335729E0,-2.249253243E-1,7.178467751E0,7.334584780E0
8.272250530E-1,9.714859724E-1,-1.794616938E0,1.325623703E1,1.341239185E1
8.296006780E-1,-2.392822653E-1,-5.982056856E-1,5.623133183E0,5.659923395E0
8.319763030E-1,-6.556333899E-1,-1.292124271E0,1.338544941E1,1.346364350E1
8.343519280E-1,1.942971945E0,-9.954141974E-1,6.776473522E0,7.119451018E0
8.367275010E-1,-1.942971945E0,-8.709874153E-1,1.215553856E1,1.234061898E1
8.391030730E-1,2.435893536E0,-1.292124271E0,8.992227554E0,9.405494077E0
8.414787510E-1,-2.431107759E0,-4.163511395E-1,9.518648148E0,9.833020684E0
8.438543760E-1,2.545963287E0,-1.938186288E0,1.176311588E1,1.219054512E1
8.462300010E-1,-1.531406522E0,-3.589234054E-1,6.991827965E0,7.166567535E0
8.486056260E-1,1.138983607E0,-1.804188251E0,1.325145149E1,1.342212150E1
8.509812510E-1,0.000000000E0,-5.982056856E-1,5.675775528E0,5.707212795E0
8.533568230E-1,-2.679961324E-1,-1.540977836E0,1.362951756E1,1.371897166E1
8.557324480E-1,1.919043779E0,-9.858429432E-1,6.675975323E0,7.015929151E0
8.581080730E-1,-1.895115495E0,-9.619147182E-1,1.228953743E1,1.247194744E1
8.604836980E-1,2.545963287E0,-1.430907965E0,8.906085968E0,9.372715398E0
8.628593230E-1,-1.933400750E0,-5.934200287E-1,9.805787086E0,1.001217490E1
8.652348960E-1,2.689532757E0,-1.976471543E0,1.155733299E1,1.202962893E1
8.676105210E-1,-1.665404558E0,-3.254238665E-1,7.054041386E0,7.255272077E0
8.699861460E-1,1.387837172E0,-2.024327993E0,1.315573883E1,1.338272992E1
8.723617710E-1,1.148554832E-1,-6.987041831E-1,5.800201893E0,5.843262900E0
8.747373960E-1,-1.196411327E-1,-1.564906001E0,1.380658627E1,1.389550536E1
8.771130210E-1,1.631905079E0,-1.071984529E0,6.541976929E0,6.827131693E0
8.794886460E-1,-1.899901152E0,-9.858429432E-1,1.242832088E1,1.261129140E1
8.818642710E-1,2.531606436E0,-1.488335729E0,9.054440498E0,9.518774455E0
8.842398440E-1,-1.861616015E0,-6.987041831E-1,9.901499748E0,1.009918309E1
8.866154690E-1,2.483749866E0,-1.971685886E0,1.115055370E1,1.159273076E1
8.889910940E-1,-1.933400750E0,-2.536391914E-1,7.226324558E0,7.484793779E0
8.913667190E-1,1.397408366E0,-2.110469580E0,1.317488194E1,1.341582446E1
8.937423440E-1,-4.785645287E-3,-6.077769399E-1,6.029912949E0,6.060467464E0
8.961179690E-1,-4.354937077E-1,-1.612762451E0,1.387358570E1,1.397379826E1
8.984935420E-1,1.234696507E0,-9.140582681E-1,6.675975323E0,6.850447029E0
9.008691670E-1,-1.895115495E0,-1.182054400E0,1.234696484E1,1.254736052E1
9.032447920E-1,2.287538528E0,-1.402194023E0,9.116654396E0,9.503281958E0
9.056204170E-1,-2.134397745E0,-6.508477330E-1,9.911071777E0,1.015916337E1
9.079960420E-1,2.201396942E0,-1.928615093E0,1.089212894E1,1.127848295E1
9.103716670E-1,-2.143969059E0,-2.057827413E-1,7.503891945E0,7.806878005E0
9.127472920E-1,1.349551916E0,-2.215753794E0,1.316530991E1,1.341850365E1
9.151228650E-1,-3.445664644E-1,-3.637090325E-1,6.278766632E0,6.298723738E0
9.174984900E-1,-7.561319470E-1,-1.588834286E0,1.377308750E1,1.388503040E1
9.198741150E-1,8.901300430E-1,-8.470591903E-1,6.747759819E0,6.858724615E0
9.222497400E-1,-1.804188251E0,-1.253839016E0,1.244267750E1,1.263516644E1
9.246253650E-1,2.172683001E0,-1.282552958E0,9.044869423E0,9.390162746E0
9.270009900E-1,-2.407179594E0,-6.125625968E-1,9.858428955E0,1.016653176E1
9.293766150E-1,2.053041935E0,-1.861616015E0,1.064327526E1,1.099817729E1
9.317521880E-1,-2.096112728E0,-1.579262912E-1,7.728816986E0,8.009571854E0
9.341278130E-1,1.473978758E0,-2.210968018E0,1.316052437E1,1.342610869E1
9.365034380E-1,-6.987041831E-1,-3.062812984E-1,6.192625046E0,6.239439136E0
9.388790630E-1,-8.614161611E-1,-1.521835208E0,1.375394440E1,1.386466756E1
9.412546880E-1,7.704889178E-1,-8.997012973E-1,6.699903488E0,6.803809400E0
9.436302610E-1,-1.430907965E0,-1.320838094E0,1.252881908E1,1.267925150E1
9.460058860E-1,2.024327993E0,-1.263410330E0,8.599804878E0,8.924727079E0
9.483815110E-1,-2.440679073E0,-5.264210105E-1,9.968499184E0,1.027642980E1
9.507571360E-1,2.249253273E0,-1.919043779E0,1.044706345E1,1.085739398E1
9.531327610E-1,-1.895115495E0,-2.871387303E-1,8.035098076E0,8.260551584E0
9.555083860E-1,1.617548108E0,-2.124826431E0,1.302174091E1,1.329274560E1
9.578840110E-1,-7.896314859E-1,-3.493520916E-1,6.326622963E0,6.385273908E0
9.602595840E-1,-4.594219327E-1,-1.631905079E0,1.361516094E1,1.372030576E1
9.626352090E-1,1.086341500E0,-9.906286001E-1,6.824330330E0,6.980900181E0
9.650108340E-1,-1.134197950E0,-1.296909928E0,1.254796219E1,1.266569127E1
9.673864590E-1,2.129612207E0,-1.373480201E0,8.212167740E0,8.594265239E0
9.697620840E-1,-2.062613010E0,-5.551348329E-1,1.024606609E1,1.046634690E1
9.721377090E-1,2.627319336E0,-2.053041935E0,1.032263660E1,1.084779307E1
9.745133340E-1,-1.584048629E0,-2.009970993E-1,8.432307243E0,8.582156800E0
9.768889070E-1,1.751546144E0,-2.321038008E0,1.279681587E1,1.312301900E1
9.792645320E-1,-7.609176040E-1,-2.632105052E-1,6.508477688E0,6.558090971E0
9.816401570E-1,-4.307080805E-2,-1.746760488E0,1.367258835E1,1.378378393E1
9.840157820E-1,1.268195987E0,-1.071984529E0,6.848258495E0,7.046709609E0
9.863914070E-1,-1.110269666E0,-1.239482164E0,1.235653591E1,1.246807902E1
9.887670320E-1,2.120040894E0,-1.339980721E0,8.087740898E0,8.467684132E0
9.911426050E-1,-1.952543259E0,-6.029912829E-1,1.041356373E1,1.061217853E1
9.935182300E-1,2.770888567E0,-2.057827473E0,1.032742214E1,1.088889918E1
9.958938550E-1,-1.957328916E0,-1.004985496E-1,8.355736732E0,8.582515528E0
9.982694800E-1,1.612762451E0,-2.139183521E0,1.285902882E1,1.313513346E1
1.000645105E0,-8.901300430E-1,-3.254238665E-1,6.441478729E0,6.510827936E0
1.003020730E0,6.699903309E-2,-1.655833244E0,1.373001671E1,1.382966491E1
1.005396303E0,9.427721500E-1,-9.284151793E-1,6.570691109E0,6.702593208E0
1.007771928E0,-1.311266780E0,-1.115055323E0,1.239003563E1,1.250902681E1
1.010147553E0,2.038684845E0,-1.249053478E0,7.872386456E0,8.227444257E0
1.012523178E0,-1.923829436E0,-5.647061467E-1,1.068156052E1,1.086810691E1
1.014898803E0,2.675175667E0,-1.808973908E0,1.029870892E1,1.079316250E1
1.017274428E0,-2.273181438E0,1.914258115E-2,8.331808090E0,8.636361870E0
1.019650001E0,1.574477315E0,-1.933400750E0,1.268196011E1,1.292474872E1
1.022025626E0,-8.709874153E-1,-3.589234054E-1,6.599404812E0,6.666302495E0
1.024401251E0,3.397808075E-1,-1.502692580E0,1.368215942E1,1.376862457E1
1.026776876E0,6.699903607E-1,-8.805587292E-1,6.120840549E0,6.220044999E0
1.029152501E0,-1.349551916E0,-9.523434043E-1,1.256710434E1,1.267518678E1
1.031528126E0,2.234896421E0,-1.225125194E0,7.623532772E0,8.038280020E0
1.033903698E0,-1.818545222E0,-4.833501875E-1,1.104048347E1,1.119968792E1
1.036279323E0,2.713460922E0,-1.832902193E0,1.000199890E1,1.052437089E1
1.038654948E0,-2.225325108E0,8.135596663E-2,8.408378601E0,8.698248176E0
1.041030573E0,1.775474429E0,-2.086541414E0,1.268674564E1,1.297919410E1
1.043406198E0,-5.072783828E-1,-4.689932466E-1,6.594619274E0,6.630708061E0
1.045781823E0,5.647061467E-1,-1.598405480E0,1.358166122E1,1.368704916E1
1.048157448E0,8.709874153E-1,-9.714859724E-1,5.943771362E0,6.085295562E0
1.050533021E0,-1.019342422E0,-1.115055323E0,1.266281700E1,1.275262098E1
1.052908646E0,2.694318295E0,-1.459621787E0,7.700103283E0,8.287426464E0
1.055284271E0,-1.651047587E0,-4.977070987E-1,1.112183952E1,1.125473167E1
1.057659896E0,2.823530674E0,-1.957328916E0,1.001156998E1,1.058465849E1
1.060035521E0,-2.086541414E0,-1.052841991E-1,8.413164139E0,8.668683329E0
1.062411146E0,2.143969059E0,-2.215753794E0,1.283031464E1,1.319557281E1
1.064786719E0,-3.589234054E-1,-6.029912829E-1,6.503692150E0,6.541439909E0
1.067162344E0,4.881358147E-1,-1.660618901E0,1.340937805E1,1.352062689E1
1.069537917E0,1.000199914E0,-1.038485050E0,5.938985825E0,6.111497664E0
1.071913594E0,-9.762716293E-1,-1.311266780E0,1.276810169E1,1.287233264E1
1.074289219E0,2.785245657E0,-1.402194023E0,7.858029366E0,8.454133129E0
1.076664844E0,-2.014756680E0,-6.364908218E-1,1.105005455E1,1.125024758E1
1.079040417E0,2.646461725E0,-1.837687731E0,1.016949654E1,1.066768558E1
1.081416042E0,-2.134397745E0,-3.158525825E-1,8.417949677E0,8.690068662E0
1.083791667E0,2.019542217E0,-2.220539331E0,1.292124271E1,1.326528775E1
1.086167292E0,-7.944171429E-1,-5.742774606E-1,6.250052929E0,6.326456734E0
1.088542917E0,1.100698411E-1,-1.603191137E0,1.350030518E1,1.359560874E1
1.090918542E0,7.657032609E-1,-1.033699393E0,5.919843197E0,6.058001271E0
1.093294115E0,-1.239482164E0,-1.316052437E0,1.302652645E1,1.315137641E1
1.095669740E0,2.402393818E0,-1.268195987E0,7.905886173E0,8.359596480E0
1.098045365E0,-2.569891453E0,-5.647061467E-1,1.093998528E1,1.125195596E1
1.100420990E0,2.321038008E0,-1.799402595E0,1.041356373E1,1.081976787E1
1.102796615E0,-2.187039852E0,-4.354937077E-1,8.389236450E0,8.680557949E0
1.105172240E0,1.780260086E0,-2.048256159E0,1.293559933E1,1.321720126E1
1.107547813E0,-1.091127157E0,-5.647061467E-1,6.034698486E0,6.158493105E0
1.109923438E0,-1.196411327E-1,-1.560120344E0,1.356251907E1,1.365248011E1
1.112299063E0,9.523434043E-1,-1.033699393E0,6.020341873E0,6.182233307E0
1.114674688E0,-1.277767301E0,-1.201196909E0,1.326102352E1,1.337648340E1
1.117050313E0,2.263610125E0,-1.282552958E0,7.795815945E0,8.218492509E0
1.119425938E0,-2.569891453E0,-4.594219327E-1,1.089212894E1,1.120061978E1
1.121801563E0,2.488535643E0,-1.875972986E0,1.060499001E1,1.105341112E1
1.124177136E0,-1.914258122E0,-3.589234054E-1,8.260024071E0,8.486530965E0
1.126552761E0,1.780260086E0,-1.976471543E0,1.275853062E1,1.303287648E1
1.128928386E0,-8.949156404E-1,-4.211367965E-1,5.991627693E0,6.072712130E0
1.131304011E0,8.135596663E-2,-1.560120344E0,1.353859043E1,1.362842710E1
1.133679636E0,1.454836130E0,-9.188438654E-1,6.278766632E0,6.510278998E0
1.136055261E0,-1.397408366E0,-1.172483087E0,1.293081379E1,1.305884421E1
1.138430834E0,2.416750908E0,-1.153340459E0,8.193024635E0,8.619543598E0
1.140806459E0,-2.297109842E0,-6.173482537E-1,1.055713367E1,1.082177915E1
1.143182084E0,2.737389088E0,-1.866401672E0,1.083948612E1,1.133451426E1
1.145557709E0,-1.651047587E0,-3.589234054E-1,7.996813297E0,8.173359594E0
1.147933334E0,1.799402595E0,-2.014756680E0,1.263888931E1,1.292434204E1
1.150308959E0,-5.216353536E-1,-4.402793646E-1,5.943771362E0,5.982839407E0
1.152684532E0,2.249253243E-1,-1.732403636E0,1.371087360E1,1.382171729E1
1.155060157E0,1.588834286E0,-8.518448472E-1,6.374479294E0,6.624501513E0
1.157435782E0,-1.564906001E0,-1.196411371E0,1.284467220E1,1.299484263E1
1.159811407E0,2.392822742E0,-1.234696507E0,8.403593063E0,8.824423637E0
1.162187032E0,-1.966900229E0,-7.369893789E-1,1.047577763E1,1.068427661E1
1.164562657E0,2.785245657E0,-1.880758643E0,1.092562866E1,1.143084459E1
1.166938230E0,-1.995614052E0,-4.307080805E-1,7.690532207E0,7.956900812E0
1.169313855E0,1.617548108E0,-1.986042738E0,1.279202938E1,1.304595122E1
1.171689480E0,-3.876372576E-1,-6.795616150E-1,6.001199245E0,6.051979760E0
1.174065105E0,4.785645287E-3,-1.679761529E0,1.395494175E1,1.405567576E1
1.176440730E0,1.311266780E0,-1.043270707E0,6.360122681E0,6.577157049E0
1.178816355E0,-2.024327993E0,-1.158126116E0,1.267238903E1,1.288520872E1
1.181191876E0,2.258824587E0,-1.430907965E0,8.714659691E0,9.115650259E0
1.183567553E0,-2.105684042E0,-8.470591903E-1,1.024606609E1,1.049444067E1
1.185943178E0,2.340180635E0,-1.952543259E0,1.089212894E1,1.131049705E1
1.188318803E0,-2.258824587E0,-3.828516304E-1,7.546962738E0,7.887047005E0
1.190694428E0,1.210768223E0,-2.105684042E0,1.285902882E1,1.308642377E1
1.193070053E0,-3.637090325E-1,-6.364908218E-1,6.154339790E0,6.197846649E0
1.195445573E0,-5.264210105E-1,-1.603191137E0,1.383530045E1,1.393782190E1
1.197821251E0,1.048056364E0,-1.009771109E0,6.585047722E0,6.743953835E0
1.200196876E0,-2.163111687E0,-1.172483087E0,1.240439224E1,1.264605534E1
1.202572501E0,2.196611166E0,-1.440479279E0,8.982656479E0,9.358856692E0
1.204948126E0,-2.206182480E0,-6.317051649E-1,1.008335495E1,1.034119624E1
1.207323751E0,2.067398787E0,-2.053041935E0,1.075334454E1,1.114107435E1
1.209699323E0,-2.172683001E0,-2.009970993E-1,7.451249599E0,7.764153003E0
1.212074948E0,1.191625714E0,-2.182254314E0,1.306481171E1,1.329930489E1
1.214450573E0,-7.178468257E-2,-5.072783828E-1,6.173482418E0,6.194704962E0
1.216826198E0,-8.470591903E-1,-1.550549030E0,1.360558987E1,1.371983189E1
1.219201823E0,1.287338614E0,-8.422735929E-1,6.862615108E0,7.032933360E0
1.221577448E0,-1.861616015E0,-1.186840057E0,1.209811115E1,1.229790620E1
1.223953021E0,2.536391973E0,-1.392622828E0,9.327222824E0,9.765744631E0
1.226328646E0,-2.163111687E0,-5.599204898E-1,9.432506561E0,9.693541311E0
1.228704271E0,2.311466694E0,-1.899901152E0,1.102134132E1,1.142026564E1
1.231079896E0,-1.536192179E0,-2.057827413E-1,7.255038261E0,7.418747409E0
1.233455521E0,1.478764415E0,-2.053041935E0,1.330887985E1,1.354725095E1
1.235831094E0,3.397808075E-1,-4.546363056E-1,6.068198204E0,6.094684127E0
1.238206719E0,-7.513462901E-1,-1.406979680E0,1.354816151E1,1.364172985E1
1.240582344E0,1.765903115E0,-9.140582681E-1,7.106683254E0,7.379624869E0
1.242957969E0,-1.253839016E0,-1.143769264E0,1.193061352E1,1.205072028E1
1.245333594E0,2.799602509E0,-1.363908887E0,9.269794464E0,9.778911548E0
1.247709219E0,-2.048256159E0,-3.924229145E-1,9.116654396E0,9.352151432E0
1.250084844E0,2.550748825E0,-1.986042738E0,1.119362450E1,1.165109071E1
1.252460469E0,-1.019342422E0,-2.488535494E-1,7.154539585E0,7.231073485E0
1.254836042E0,1.306481123E0,-1.919043779E0,1.350509071E1,1.370317836E1
1.257211667E0,3.110669553E-1,-4.977070987E-1,6.101697922E0,6.129860727E0
1.259587292E0,-9.571290612E-1,-1.363908887E0,1.327538013E1,1.337953890E1
1.261962917E0,1.871187329E0,-1.024128079E0,7.556533813E0,7.851839505E0
1.264338542E0,-1.473978758E0,-1.014556766E0,1.165304661E1,1.178963248E1
1.266714115E0,2.455035925E0,-1.493121386E0,9.250652313E0,9.686649632E0
1.269089740E0,-2.325823545E0,-2.392822653E-1,8.977870941E0,9.277331394E0
1.271465365E0,2.210968018E0,-2.134397745E0,1.155733299E1,1.195892885E1
1.273840990E0,-1.119840980E0,-2.057827413E-1,7.125825882E0,7.216216797E0
1.276216615E0,5.407779217E-1,-1.904686809E0,1.353380489E1,1.367787072E1
1.278592240E0,5.742774159E-2,-4.594219327E-1,6.159125328E0,6.176503158E0
1.280967813E0,-1.363908887E0,-1.426122308E0,1.310309696E1,1.325085742E1
1.283343438E0,1.789831281E0,-1.062413216E0,7.834101200E0,8.105884250E0
1.285719063E0,-1.904686809E0,-8.853443861E-1,1.119841003E1,1.139368482E1
1.288094688E0,2.096112728E0,-1.540977836E0,9.370293617E0,9.724746975E0
1.290470313E0,-2.464607239E0,-1.770688742E-1,8.738588333E0,9.081220638E0
1.292845938E0,2.038684845E0,-2.244467735E0,1.183968639E1,1.222178568E1
1.295221563E0,-1.177268744E0,-5.742774159E-2,6.987041950E0,7.085761417E0
1.297597136E0,3.828516230E-2,-1.765903115E0,1.346201992E1,1.357740255E1
1.299972761E0,2.201396823E-1,-5.934200287E-1,6.364908218E0,6.396300918E0
1.302348386E0,-1.225125194E0,-1.397408366E0,1.289731407E1,1.303051772E1
1.304724011E0,1.957328916E0,-1.071984529E0,8.030312538E0,8.334638971E0
1.307099636E0,-2.091326952E0,-7.226324677E-1,1.076770210E1,1.099269097E1
1.309475209E0,2.321038008E0,-1.617548108E0,9.523433685E0,9.934760615E0
1.311850834E0,-2.005185366E0,-1.914258152E-1,8.642875671E0,8.874497849E0
1.314226459E0,2.215753794E0,-2.187039852E0,1.230389404E1,1.269167116E1
1.316602084E0,-9.762716293E-1,-1.196411327E-1,6.623332977E0,6.695965951E0
1.318977709E0,-7.178468257E-2,-1.574477315E0,1.359123230E1,1.368231440E1
1.321353334E0,8.183453679E-1,-7.561319470E-1,6.522834301E0,6.617310026E0
1.323728959E0,-7.896314859E-1,-1.349551916E0,1.273460197E1,1.283023366E1
1.326104532E0,2.215753794E0,-1.134197950E0,7.972885132E0,8.352416847E0
1.328480157E0,-1.909472466E0,-5.216353536E-1,1.054756260E1,1.073169443E1
1.330855782E0,2.751745939E0,-1.765903115E0,9.839286804E0,1.036832119E1
1.333231407E0,-1.593619823E0,-1.531406492E-1,8.513663292E0,8.662882826E0
1.335607032E0,2.201396942E0,-2.124826431E0,1.258624744E1,1.295278582E1
1.337982657E0,-5.599204898E-1,-2.057827413E-1,6.561119556E0,6.588182399E0
1.340358230E0,4.307080805E-2,-1.631905079E0,1.347159195E1,1.357014219E1
1.342733855E0,1.378265858E0,-9.188438654E-1,6.829115868E0,7.027141265E0
1.345109480E0,-7.178468108E-1,-1.225125194E0,1.250489140E1,1.258525107E1
1.347485105E0,2.383251429E0,-1.292124271E0,8.039883614E0,8.484645015E0
1.349860730E0,-1.837687731E0,-5.072783828E-1,1.031306553E1,1.048779043E1
1.352236303E0,2.924029350E0,-1.919043779E0,1.025085258E1,1.083109668E1
1.354611928E0,-1.493121386E0,-9.092725813E-2,8.417949677E0,8.549827834E0
1.356987553E0,1.737189293E0,-2.096112728E0,1.273938751E1,1.302702995E1
1.359363178E0,-4.929214716E-1,-1.866401732E-1,6.537191391E0,6.558405097E0
1.361738803E0,-9.571290761E-2,-1.641476393E0,1.348594856E1,1.358581666E1
1.364114376E0,1.478764415E0,-9.092726111E-1,6.996613503E0,7.208753108E0
1.366489948E0,-1.344766378E0,-1.162911773E0,1.220339584E1,1.233221920E1
1.368865626E0,2.258824587E0,-1.325623751E0,8.312665939E0,8.715502387E0
1.371241251E0,-2.067398787E0,-4.785645306E-1,1.011206818E1,1.033233200E1
1.373616876E0,2.656033039E0,-2.139183521E0,1.079162979E1,1.131768047E1
1.375992501E0,-1.919043779E0,-5.742774159E-2,7.925028801E0,8.154269340E0
1.378368126E0,1.004985452E0,-1.995614052E0,1.309831142E1,1.328752172E1
1.380743698E0,-5.886343718E-1,-5.407779217E-1,6.441478729E0,6.490884331E0
1.383119323E0,-4.977070987E-1,-1.603191137E0,1.347637749E1,1.358052592E1
1.385494948E0,1.167697430E0,-1.062413216E0,7.068397999E0,7.242547162E0
1.387870573E0,-1.928615093E0,-1.028913736E0,1.185404301E1,1.205390208E1
1.390246198E0,2.057827473E0,-1.454836130E0,8.556734085E0,8.920140149E0
1.392621771E0,-2.330609322E0,-4.594219327E-1,9.992427826E0,1.027090172E1
1.394997396E0,2.287538528E0,-2.115255117E0,1.109791183E1,1.152695900E1
1.397373021E0,-2.177468538E0,-8.614161611E-2,7.666603565E0,7.970294840E0
1.399748646E0,5.455635786E-1,-2.014756680E0,1.324666595E1,1.341010973E1
1.402124271E0,-3.684946895E-1,-7.130611539E-1,6.565905571E0,6.614783482E0
1.404499896E0,-6.747759581E-1,-1.493121386E0,1.329930782E1,1.339986278E1
1.406875521E0,1.148554921E0,-1.162911773E0,6.958328247E0,7.147718111E0
1.409251094E0,-2.038684845E0,-9.140582681E-1,1.165304661E1,1.186529535E1
1.411626719E0,2.273181438E0,-1.607976794E0,8.800801277E0,9.230766292E0
1.414002344E0,-2.191825628E0,-3.110669553E-1,9.829715729E0,1.007592048E1
1.416377969E0,2.148754835E0,-2.239681959E0,1.128933716E1,1.170822173E1
1.418753594E0,-1.919043779E0,-4.785645381E-2,7.417750359E0,7.662117178E0
1.421129167E0,5.551348329E-1,-1.981257200E0,1.340459251E1,1.356158749E1
1.423504792E0,1.962114573E-1,-8.662018180E-1,6.474977970E0,6.535605882E0
1.425880417E0,-6.987041831E-1,-1.383051515E0,1.296909904E1,1.306133795E1
1.428256042E0,1.655833244E0,-1.220339537E0,7.144968510E0,7.435158863E0
1.430631667E0,-1.813759565E0,-8.614161611E-1,1.145683479E1,1.163145842E1
1.433007292E0,2.790031195E0,-1.785045743E0,9.245866776E0,9.821237947E0
1.435382865E0,-2.043470621E0,-2.297109663E-1,9.523433685E0,9.742911704E0
1.437758490E0,2.239681959E0,-2.263610125E0,1.177268696E1,1.219574780E1
1.440134115E0,-1.339980721E0,-2.775674164E-1,7.202396393E0,7.331241764E0
1.442509740E0,7.322037220E-1,-1.990828395E0,1.354816151E1,1.371321261E1
1.444885365E0,6.747759581E-1,-9.379864931E-1,6.465406895E0,6.567848017E0
1.447260938E0,-8.470591903E-1,-1.383051515E0,1.273460197E1,1.283746191E1
1.449636563E0,2.053041935E0,-1.378265858E0,7.365108013E0,7.769132127E0
1.452012188E0,-1.684547186E0,-8.901300430E-1,1.132283688E1,1.148201488E1
1.454387813E0,2.928814888E0,-1.890329838E0,9.772287369E0,1.037539898E1
1.456763438E0,-2.234896421E0,-2.009970993E-1,8.968298912E0,9.244757824E0
1.459139063E0,1.995614052E0,-2.191825628E0,1.231825066E1,1.266988059E1
1.461514688E0,-1.009771109E0,-4.977070987E-1,6.934400082E0,7.025187153E0
1.463890261E0,6.317051649E-1,-1.804188251E0,1.365344620E1,1.378661451E1
1.466265886E0,6.795616150E-1,-1.038485050E0,6.302694798E0,6.423722978E0
1.468641511E0,-1.196411371E0,-1.186840057E0,1.261496067E1,1.272702723E1
1.471017136E0,2.215753794E0,-1.363908887E0,7.661818027E0,8.091555340E0
1.473392761E0,-1.746760488E0,-7.800601721E-1,1.127976608E1,1.144083865E1
1.475768334E0,2.732603550E0,-1.875972986E0,9.954142570E0,1.049148946E1
1.478143959E0,-2.445464849E0,-4.785645381E-2,8.705088615E0,9.042187588E0
1.480519584E0,1.617548108E0,-2.081755638E0,1.254796219E1,1.282191575E1
1.482895209E0,-7.704889178E-1,-5.312066078E-1,6.786045074E0,6.850273088E0
1.485270782E0,2.584248483E-1,-1.564906001E0,1.352901936E1,1.362167680E1
1.487646459E0,6.364908218E-1,-9.475577474E-1,6.116054535E0,6.221664514E0
1.490022032E0,-1.531406522E0,-1.043270707E0,1.254317665E1,1.267930993E1
1.492397657E0,2.321038008E0,-1.316052437E0,7.862815380E0,8.303196803E0
1.494773282E0,-2.029113531E0,-4.019941986E-1,1.110269737E1,1.129375004E1
1.497148907E0,2.373680115E0,-1.880758643E0,1.009771156E1,1.054207708E1
1.499524532E0,-2.478964329E0,6.699903309E-2,8.379665375E0,8.738909818E0
1.501900157E0,1.521835208E0,-2.105684042E0,1.283510113E1,1.309540792E1
1.504275730E0,-4.881358147E-1,-4.785645306E-1,6.604190350E0,6.639475187E0
1.506651355E0,-1.100698411E-1,-1.435693622E0,1.320359516E1,1.328187700E1
1.509026980E0,9.379864931E-1,-8.709874153E-1,6.259624004E0,6.389157254E0
1.511402605E0,-1.445264935E0,-1.019342422E0,1.241396427E1,1.253931253E1
1.513778230E0,2.708675146E0,-1.330409408E0,8.260024071E0,8.794026830E0
1.516153855E0,-2.258824587E0,-3.397808075E-1,1.045184898E1,1.069854601E1
1.518529376E0,2.435893536E0,-1.823330879E0,1.069113159E1,1.111568295E1
1.520905053E0,-1.962114573E0,-2.297109663E-1,7.968099594E0,8.209340526E0
1.523280678E0,1.622333765E0,-2.076970100E0,1.328973675E1,1.354853772E1
1.525656303E0,-2.105683982E-1,-6.412764788E-1,6.144768715E0,6.181727682E0
1.528031928E0,-2.775674164E-1,-1.450050473E0,1.322273827E1,1.330490501E1
1.530407501E0,1.574477315E0,-1.105484009E0,6.403193474E0,6.685952466E0
1.532783126E0,-1.282552958E0,-1.148554921E0,1.238525009E1,1.250434086E1
1.535158751E0,2.952743053E0,-1.464407444E0,8.671588898E0,9.276833227E0
1.537534376E0,-2.311466694E0,-3.780659735E-1,1.007378292E1,1.034248106E1
1.539910001E0,2.512463808E0,-2.053041935E0,1.120319557E1,1.166357778E1
1.542285626E0,-1.435693622E0,-4.785645306E-1,7.647460938E0,7.795761603E0
1.544661198E0,1.517049551E0,-1.971685886E0,1.338544941E1,1.361467005E1
1.547036823E0,-7.178468257E-2,-8.662018180E-1,5.895915031E0,5.959636959E0
1.549412396E0,-4.307080805E-1,-1.392622828E0,1.315573883E1,1.323625219E1
1.551788073E0,1.962114573E0,-1.263410330E0,6.733402729E0,7.126346299E0
1.554163698E0,-1.450050473E0,-1.033699393E0,1.232303619E1,1.245104019E1
1.556539271E0,2.718246460E0,-1.670190215E0,8.839086533E0,9.397225649E0
1.558914896E0,-2.541177750E0,-2.153540403E-1,9.777072906E0,1.010421280E1
1.561290521E0,2.258824587E0,-2.210968018E0,1.172004509E1,1.213878598E1
1.563666146E0,-1.249053478E0,-5.647061467E-1,7.379465103E0,7.505700023E0
1.566041771E0,9.379864931E-1,-1.947757602E0,1.339023590E1,1.356362768E1
1.568417396E0,-3.349951655E-2,-7.944171429E-1,5.800201893E0,5.854448122E0
1.570792969E0,-8.853443861E-1,-1.387837172E0,1.318445301E1,1.328682535E1
1.573168594E0,2.086541414E0,-1.306481123E0,7.149754047E0,7.561714815E0
1.575544219E0,-1.995614052E0,-8.183453679E-1,1.201675510E1,1.220879060E1
1.577919844E0,2.450250387E0,-1.670190215E0,9.384650230E0,9.841997880E0
1.580295469E0,-2.727817774E0,-2.440679073E-1,9.269794464E0,9.665901322E0
1.582671094E0,2.048256159E0,-2.201396942E0,1.221775246E1,1.258232796E1
1.585046667E0,-1.263410330E0,-4.594219327E-1,6.929614544E0,7.058812358E0
1.587422292E0,3.541377485E-1,-1.708475351E0,1.331845093E1,1.343225360E1
1.589797917E0,1.722832322E-1,-8.327022791E-1,5.828916073E0,5.890614330E0
1.592173542E0,-1.143769264E0,-1.359123230E0,1.309831142E1,1.321821419E1
1.594549167E0,2.239681959E0,-1.172483087E0,7.590033531E0,7.999968804E0
1.596924740E0,-2.478964329E0,-6.604190469E-1,1.144247818E1,1.172653932E1
1.599300365E0,2.354537487E0,-1.598405480E0,9.796216011E0,1.020120557E1
1.601675990E0,-2.316252232E0,-2.823530734E-1,8.839086533E0,9.141892495E0
1.604051615E0,2.053041935E0,-2.100898266E0,1.251924801E1,1.285925058E1
1.606427240E0,-1.105484009E0,-3.493520916E-1,6.412764549E0,6.516723942E0
1.608802865E0,2.297109663E-1,-1.521835208E0,1.332802200E1,1.341659122E1
1.611178438E0,8.805587292E-1,-8.805587292E-1,5.943771362E0,6.072823508E0
1.613554063E0,-9.379864931E-1,-1.177268744E0,1.308395386E1,1.317025546E1
1.615929688E0,2.474178553E0,-1.182054400E0,7.690532207E0,8.164747256E0
1.618305313E0,-2.306680918E0,-3.732803464E-1,1.102612686E1,1.127100655E1
1.620680938E0,2.656033039E0,-1.727617979E0,1.029392338E1,1.077051688E1
1.623056511E0,-1.818545222E0,-3.445664644E-1,8.417949677E0,8.619031821E0
1.625432136E0,2.129612207E0,-1.919043779E0,1.274417305E1,1.306261551E1
1.627807761E0,-5.934200287E-1,-5.216353536E-1,6.053841114E0,6.105181652E0
1.630183386E0,2.679961324E-1,-1.473978758E0,1.336630726E1,1.345000390E1
1.632559011E0,1.564906001E0,-1.048056364E0,6.168696880E0,6.449819698E0
1.634934636E0,-1.062413216E0,-1.091127157E0,1.304566860E1,1.313425862E1
1.637310209E0,2.670390129E0,-1.287338614E0,8.073383331E0,8.600450137E0
1.639685834E0,-2.287538528E0,-4.402793646E-1,1.058584690E1,1.083913433E1
1.642061459E0,2.770888567E0,-1.947757602E0,1.081077290E1,1.132891847E1
1.644437084E0,-1.555334687E0,-3.493520916E-1,8.015955925E0,8.172922504E0
1.646812709E0,1.741974831E0,-2.062613010E0,1.275853062E1,1.304104874E1
1.649188334E0,-4.259224236E-1,-5.312066078E-1,5.938985825E0,5.977887837E0
1.651563907E0,-1.100698411E-1,-1.627119422E0,1.345723438E1,1.355569217E1
1.653939532E0,1.741974831E0,-1.043270707E0,6.513263226E0,6.822425370E0
1.656315157E0,-1.770688772E0,-1.129412293E0,1.263410378E1,1.280747786E1
1.658690782E0,2.349751949E0,-1.268195987E0,8.614161491E0,9.018505058E0
1.661066407E0,-2.522035122E0,-5.742774606E-1,1.008335495E1,1.040982722E1
1.663442032E0,2.493321180E0,-1.986042738E0,1.142333508E1,1.185974707E1
1.665817605E0,-1.938186288E0,-4.307080805E-1,7.317251682E0,7.581836698E0
1.668193230E0,9.523434043E-1,-1.856830359E0,1.309831142E1,1.326350403E1
1.670568855E0,-4.642075896E-1,-6.460621357E-1,5.781059742E0,5.835540824E0
1.672944428E0,-6.173482537E-1,-1.598405480E0,1.363430309E1,1.374155158E1
1.675320105E0,1.493121386E0,-9.858429432E-1,6.752545357E0,6.985568450E0
1.677695678E0,-2.421536446E0,-9.619147182E-1,1.229910851E1,1.257207973E1
1.680071303E0,2.115255117E0,-1.330409408E0,9.025727272E0,9.365257401E0
1.682446928E0,-2.498106956E0,-5.694918036E-1,9.690931320E0,1.002392184E1
1.684822553E0,2.158325911E0,-1.919043779E0,1.162433243E1,1.197773786E1
1.687198178E0,-2.019542217E0,-3.302095234E-1,6.991827965E0,7.285138803E0
1.689573751E0,5.982056856E-1,-1.818545222E0,1.316530991E1,1.330377171E1
1.691949376E0,-4.307080805E-2,-7.274180651E-1,5.857629776E0,5.902780593E0
1.694325001E0,-8.183453679E-1,-1.373480201E0,1.371565914E1,1.380852790E1
1.696700626E0,1.550549030E0,-1.043270707E0,6.843472958E0,7.094063588E0
1.699076251E0,-2.502892494E0,-7.322037220E-1,1.199761295E1,1.227775670E1
1.701451876E0,2.421536446E0,-1.521835208E0,9.466006279E0,9.888634690E0
1.703827448E0,-2.158325911E0,-4.689932466E-1,9.298508644E0,9.557227025E0
1.706203073E0,2.139183521E0,-1.966900229E0,1.170090294E1,1.205636480E1
1.708578698E0,-1.497906923E0,-2.201396823E-1,6.723831654E0,6.892176633E0
1.710954323E0,7.609176040E-1,-1.842473388E0,1.333280754E1,1.348100370E1
1.713329948E0,7.704889178E-1,-7.322037220E-1,5.982056618E0,6.075753191E0
1.715705521E0,-9.379864931E-1,-1.292124271E0,1.351944828E1,1.361340830E1
1.718081146E0,2.177468538E0,-1.009771109E0,7.374679565E0,7.755443612E0
1.720456771E0,-2.009970903E0,-8.279166222E-1,1.142333508E1,1.162832805E1
1.722832396E0,2.890529871E0,-1.603191137E0,1.008335495E1,1.061128794E1
1.725208021E0,-1.785045743E0,-4.019941986E-1,8.724231720E0,8.914045476E0
1.727583646E0,2.311466694E0,-2.057827473E0,1.196889877E1,1.236252685E1
1.729959219E0,-7.944171429E-1,-3.349951804E-1,6.518048763E0,6.574821674E0
1.732334844E0,8.374879360E-1,-1.861616015E0,1.355294704E1,1.370581533E1
1.734710469E0,1.296909928E0,-7.322037220E-1,6.226124287E0,6.401774854E0
1.737086094E0,-1.196411371E0,-1.306481123E0,1.319402409E1,1.331242144E1
1.739461719E0,2.359323025E0,-1.086341500E0,7.891529083E0,8.307994599E0
1.741837292E0,-1.770688772E0,-8.901300430E-1,1.104526901E1,1.122165931E1
1.744212917E0,2.833101988E0,-1.708475351E0,1.040399265E1,1.091734482E1
1.746588542E0,-2.024327993E0,-4.307080805E-1,8.197810173E0,8.455028380E0
1.748964167E0,1.904686809E0,-2.086541414E0,1.237567902E1,1.269405050E1
1.751339792E0,-6.747759581E-1,-5.455635786E-1,6.317051888E0,6.376370971E0
1.753715417E0,2.871387303E-1,-1.775474429E0,1.387837124E1,1.399442555E1
1.756090990E0,1.062413216E0,-9.284151793E-1,6.197410583E0,6.355987298E0
1.758466615E0,-1.828116536E0,-1.215553880E0,1.295952702E1,1.314415923E1
1.760842240E0,2.072184324E0,-1.249053478E0,8.346165657E0,8.689796525E0
1.763217865E0,-2.081755638E0,-8.374879360E-1,1.069113159E1,1.092407375E1
1.765593490E0,2.383251429E0,-1.856830359E0,1.057149029E1,1.099473116E1
1.767969063E0,-2.373680115E0,-3.110669553E-1,7.901100159E0,8.255816353E0
1.770344688E0,1.392622828E0,-2.115255117E0,1.265803146E1,1.290889085E1
1.772720313E0,-5.455635786E-1,-5.599204898E-1,6.230910301E0,6.279760645E0
1.775095938E0,-3.732803464E-1,-1.612762451E0,1.386401463E1,1.396249414E1
1.777471563E0,9.619147182E-1,-9.188438654E-1,6.441478729E0,6.577400869E0
1.779847136E0,-2.072184324E0,-1.158126116E0,1.258624744E1,1.280815477E1
1.782222761E0,2.172683001E0,-1.330409408E0,8.810373306E0,9.171325881E0
1.784598386E0,-2.172683001E0,-6.412764788E-1,1.017428207E1,1.042342567E1
1.786974011E0,2.187039852E0,-1.919043779E0,1.065284634E1,1.104305245E1
1.789349636E0,-2.143969059E0,-2.201396823E-1,7.556533813E0,7.857879363E0
1.791725209E0,1.277767301E0,-2.124826431E0,1.294517040E1,1.318047850E1
1.794100834E0,-1.435693540E-2,-4.354937077E-1,6.240481377E0,6.255674920E0
1.796476459E0,-7.944171429E-1,-1.612762451E0,1.352423382E1,1.364320350E1
1.798852084E0,1.354337573E0,-8.039883971E-1,6.920042992E0,7.097015049E0
1.801227709E0,-1.818545222E0,-1.119840980E0,1.210289669E1,1.228988441E1
1.803603334E0,2.612962246E0,-1.373480201E0,9.245866776E0,9.705672156E0
1.805978907E0,-2.076970100E0,-4.881358147E-1,9.480362892E0,9.717477139E0
1.808354532E0,2.311466694E0,-1.923829436E0,1.099262714E1,1.139657183E1
1.810730157E0,-1.512263894E0,-1.196411327E-1,7.221538544E0,7.379151376E0
1.813105782E0,1.426122308E0,-2.134397745E0,1.329930782E1,1.354478007E1
1.815481407E0,4.211367965E-1,-4.642075896E-1,6.082555294E0,6.114762775E0
1.817857032E0,-8.949156404E-1,-1.392622828E0,1.342373466E1,1.352541773E1
1.820232605E0,1.804188251E0,-9.714859724E-1,7.221538544E0,7.506630348E0
1.822608178E0,-1.406979680E0,-1.095912814E0,1.183490086E1,1.196852100E1
1.824983855E0,2.790031195E0,-1.493121386E0,9.403793335E0,9.921946111E0
1.827359480E0,-2.120040894E0,-3.924229145E-1,9.025727272E0,9.279672512E0
1.829735105E0,2.421536446E0,-2.096112728E0,1.135633659E1,1.179931812E1
1.832110678E0,-9.379864931E-1,-3.206382394E-1,7.044469833E0,7.113872558E0
1.834486303E0,1.148554921E0,-1.971685886E0,1.358644676E1,1.377672890E1
1.836861928E0,4.354937077E-1,-6.747759581E-1,6.072983742E0,6.125855768E0
1.839237553E0,-1.048056364E0,-1.359123230E0,1.325145149E1,1.336213324E1
1.841613178E0,2.033899307E0,-1.167697430E0,7.709674358E0,8.058495045E0
1.843988751E0,-1.497906923E0,-1.004985452E0,1.149033451E1,1.163105791E1
1.846364376E0,2.589034081E0,-1.641476393E0,9.480362892E0,9.963675165E0
1.848740001E0,-2.177468538E0,-2.967100143E-1,8.738588333E0,9.010678783E0
1.851115626E0,2.187039852E0,-2.244467735E0,1.179661560E1,1.220577398E1
1.853491251E0,-7.896314859E-1,-3.254238665E-1,6.934400082E0,6.986796338E0
1.855866876E0,4.929214716E-1,-1.933400750E0,1.366301727E1,1.380793435E1
1.858242396E0,3.972085714E-1,-6.029912829E-1,6.278766632E0,6.320149014E0
1.860618073E0,-1.387837172E0,-1.406979680E0,1.301695538E1,1.316612362E1
1.862993698E0,2.053041935E0,-1.177268744E0,8.078168869E0,8.417704863E0
1.865369323E0,-1.890329838E0,-9.092726111E-1,1.087298584E1,1.107347934E1
1.867744948E0,2.282752752E0,-1.641476393E0,9.767501831E0,1.016412795E1
1.870120521E0,-2.330609322E0,-2.488535494E-1,8.465806961E0,8.784278878E0
1.872496146E0,1.976471543E0,-2.321038008E0,1.221296692E1,1.258770107E1
1.874871771E0,-8.566305041E-1,-1.962114573E-1,6.819544315E0,6.875936258E0
1.877247396E0,-1.962114573E-1,-1.789831281E0,1.351466274E1,1.363407877E1
1.879623021E0,5.359922647E-1,-7.274180651E-1,6.532405853E0,6.594600138E0
1.881998594E0,-1.272981644E0,-1.406979680E0,1.271545982E1,1.285624333E1
1.884374167E0,2.076970100E0,-1.158126116E0,8.384450912E0,8.715163682E0
1.886749844E0,-2.124826431E0,-6.891329288E-1,1.048056316E1,1.071596919E1
1.889125469E0,2.340180635E0,-1.751546144E0,9.901499748E0,1.032395547E1
1.891501094E0,-2.005185366E0,-1.914258152E-1,8.312665939E0,8.553234898E0
1.893876719E0,1.942971945E0,-2.191825628E0,1.265803146E1,1.299249784E1
1.896252292E0,-7.513462901E-1,-1.866401732E-1,6.484549522E0,6.530600149E0
1.898627917E0,-2.967100143E-1,-1.588834286E0,1.363908863E1,1.373452474E1
1.901003542E0,9.571290612E-1,-8.422735929E-1,6.637690067E0,6.759027317E0
1.903379167E0,-1.033699393E0,-1.292124271E0,1.265803146E1,1.276573069E1
1.905754792E0,2.287538528E0,-1.220339537E0,8.240880966E0,8.639107605E0
1.908130365E0,-2.100898266E0,-4.833501875E-1,1.020778179E1,1.043293871E1
1.910505990E0,2.584248543E0,-1.895115495E0,1.023649502E1,1.072639891E1
1.912881615E0,-1.593619823E0,-2.967100143E-1,8.216953278E0,8.375319823E0
1.915257240E0,1.871187329E0,-2.124826431E0,1.282074356E1,1.312964946E1
1.917632865E0,-5.024927258E-1,-2.823530734E-1,6.427121639E0,6.452915214E0
1.920008490E0,-3.110669553E-1,-1.631905079E0,1.347159195E1,1.357363866E1
1.922384063E0,1.339980721E0,-9.284151793E-1,6.900900364E0,7.090834148E0
1.924759688E0,-1.014556766E0,-1.186840057E0,1.238046455E1,1.247853426E1
1.927135313E0,2.282752752E0,-1.301695466E0,8.255238533E0,8.663390471E0
1.929510938E0,-2.048256159E0,-4.354937077E-1,1.007378292E1,1.028912583E1
1.931886563E0,2.699103832E0,-2.110469580E0,1.049491978E1,1.104004459E1
1.934262136E0,-1.507478237E0,-1.483550072E-1,8.145168304E0,8.284821456E0
1.936637761E0,1.445264935E0,-2.201396942E0,1.293559933E1,1.320093441E1
1.939013386E0,-4.642075896E-1,-3.110669553E-1,6.451049805E0,6.475206168E0
1.941389011E0,-3.062812984E-1,-1.670190215E0,1.346680546E1,1.357343703E1
1.943764636E0,1.454836130E0,-1.009771109E0,7.101897717E0,7.319367256E0
1.946140209E0,-1.411765337E0,-1.153340459E0,1.202632618E1,1.216370819E1
1.948515834E0,2.239681959E0,-1.406979680E0,8.441878319E0,8.846529073E0
1.950891459E0,-2.105684042E0,-4.402793646E-1,9.987641335E0,1.021668883E1
1.953267084E0,2.627319336E0,-2.210968018E0,1.087777138E1,1.140688812E1
1.955642709E0,-1.794616938E0,-8.614161611E-2,7.838887215E0,8.042152889E0
1.958018230E0,9.858429432E-1,-2.029113531E0,1.320838070E1,1.339964584E1
1.960393907E0,-5.120640397E-1,-5.742774606E-1,6.441478729E0,6.487268485E0
1.962769532E0,-4.354937077E-1,-1.612762451E0,1.342852020E1,1.353202913E1
1.965145157E0,1.368694544E0,-1.081555843E0,7.097112179E0,7.308357481E0
1.967520782E0,-1.794616938E0,-1.024128079E0,1.186361504E1,1.204221118E1
1.969896355E0,2.215753794E0,-1.488335729E0,8.599804878E0,9.004518425E0
1.972271980E0,-2.110469580E0,-4.450650215E-1,9.954142570E0,1.018514207E1
1.974647605E0,2.464607239E0,-2.139183521E0,1.117448139E1,1.164128126E1
1.977023230E0,-1.990828395E0,-8.135596663E-2,7.671389580E0,7.925921686E0
1.979398855E0,7.896314859E-1,-2.009970903E0,1.332323647E1,1.349711565E1
1.981774480E0,-1.770688742E-1,-7.417750359E-1,6.446264267E0,6.491217651E0
1.984150053E0,-3.589234054E-1,-1.488335729E0,1.343809223E1,1.352502466E1
1.986525678E0,1.344766378E0,-1.158126116E0,6.857829571E0,7.083747535E0
1.988901303E0,-1.794616938E0,-9.188438654E-1,1.174875927E1,1.192049782E1
1.991276928E0,2.555534601E0,-1.564906001E0,8.685946465E0,9.188327044E0
1.993652553E0,-1.938186288E0,-4.115654826E-1,9.978070259E0,1.017289724E1
1.996028126E0,2.421536446E0,-2.215753794E0,1.119362450E1,1.166493176E1
1.998403751E0,-1.775474429E0,-3.349951655E-2,7.503891945E0,7.711149459E0
2.000779376E0,9.284151793E-1,-2.062613010E0,1.348594856E1,1.367432396E1
2.003155001E0,2.823530734E-1,-7.513462901E-1,6.441478729E0,6.491293610E0
2.005530626E0,-3.924229145E-1,-1.454836130E0,1.316530991E1,1.325126141E1
2.007906198E0,1.598405480E0,-1.143769264E0,6.814758778E0,7.092534484E0
2.010281823E0,-1.593619823E0,-9.667003751E-1,1.172483063E1,1.187205909E1
2.012657448E0,2.866601467E0,-1.684547186E0,8.973084450E0,9.569291914E0
2.015033073E0,-1.933400750E0,-2.775674164E-1,9.777072906E0,9.970267637E0
2.017408698E0,2.402393818E0,-2.177468538E0,1.144247818E1,1.189298836E1
2.019784323E0,-1.545763373E0,-2.679961324E-1,7.384250641E0,7.549063774E0
2.022159896E0,1.086341500E0,-2.105684042E0,1.362951756E1,1.383393624E1
2.024535521E0,3.206382394E-1,-7.944171429E-1,6.331408501E0,6.389103308E0
2.026911146E0,-5.694918036E-1,-1.416550994E0,1.306481171E1,1.315371592E1
2.029286771E0,1.727617979E0,-1.258624673E0,6.843472958E0,7.169513378E0
2.031662396E0,-1.588834286E0,-9.954141974E-1,1.179661560E1,1.194468013E1
2.034037969E0,2.904886723E0,-1.727617979E0,9.284152031E0,9.880207978E0
2.036413594E0,-2.330609322E0,-2.919243574E-1,9.528220177E0,9.813457055E0
2.038789219E0,2.120040894E0,-2.139183521E0,1.174397373E1,1.212400918E1
2.041164844E0,-1.464407444E0,-4.307080805E-1,7.207181931E0,7.367053006E0
2.043540469E0,1.033699393E0,-1.990828395E0,1.373001671E1,1.391205560E1
2.045916042E0,1.483550072E-1,-9.379864931E-1,6.044270039E0,6.118417129E0
2.048291667E0,-8.949156404E-1,-1.316052437E0,1.308873940E1,1.318514190E1
2.050667292E0,1.804188251E0,-1.316052437E0,7.020541668E0,7.367163265E0
2.053042917E0,-1.679761529E0,-1.043270707E0,1.193061352E1,1.209336808E1
2.055418542E0,2.622533560E0,-1.674975872E0,9.332008362E0,9.837154391E0
2.057794115E0,-2.646461725E0,-1.866401732E-1,9.365508080E0,9.734029782E0
2.060169740E0,1.880758643E0,-2.201396942E0,1.193539906E1,1.228157776E1
2.062545365E0,-1.421336651E0,-4.785645306E-1,7.154539585E0,7.310038205E0
2.064920990E0,7.369893789E-1,-1.856830359E0,1.368694592E1,1.383197241E1
2.067296615E0,-7.657032460E-2,-8.997012973E-1,5.809773445E0,5.879523188E0
2.069672240E0,-1.162911773E0,-1.339980721E0,1.309831142E1,1.321793003E1
2.072047813E0,1.861616015E0,-1.311266780E0,7.164111137E0,7.517281633E0
2.074423438E0,-1.962114573E0,-8.374879360E-1,1.197846985E1,1.216696427E1
2.076799063E0,2.364108801E0,-1.679761529E0,9.327222824E0,9.767686258E0
2.079174688E0,-2.813959360E0,-1.292124242E-1,9.212367058E0,9.633419431E0
2.081550313E0,1.914258122E0,-2.206182480E0,1.220339584E1,1.254808732E1
2.083925886E0,-1.301695466E0,-4.163511395E-1,6.977470875E0,7.110053387E0
2.086301511E0,4.881358147E-1,-1.761117458E0,1.347637749E1,1.359972652E1
2.088677136E0,9.571290575E-3,-7.944171429E-1,5.718846321E0,5.773767700E0
2.091052761E0,-1.095912814E0,-1.316052437E0,1.315095329E1,1.326199802E1
2.093428334E0,2.158325911E0,-1.201196909E0,7.259823799E0,7.668525696E0
2.095803959E0,-2.115255117E0,-7.752745152E-1,1.173918819E1,1.195340513E1
2.098179584E0,2.383251429E0,-1.531406522E0,9.513862610E0,9.926664851E0
2.100555209E0,-2.517249346E0,-2.488535494E-1,9.087940216E0,9.433404991E0
2.102930834E0,2.234896421E0,-2.158325911E0,1.234217930E1,1.272723547E1
2.105306459E0,-1.153340459E0,-3.828516304E-1,6.671189308E0,6.780968690E0
2.107682032E0,5.790630579E-1,-1.703689694E0,1.337587833E1,1.349636965E1
2.110057657E0,4.115654826E-1,-8.087740541E-1,5.742774487E0,5.814031340E0
2.112433282E0,-7.417750359E-1,-1.378265858E0,1.326102352E1,1.335307425E1
2.114808907E0,2.416750908E0,-1.167697430E0,7.446464062E0,7.915429822E0
2.117184532E0,-2.100898266E0,-7.417750359E-1,1.160519028E1,1.181712508E1
2.119560105E0,2.593819857E0,-1.617548108E0,9.757930756E0,1.022553549E1
2.121935730E0,-1.938186288E0,-4.450650215E-1,9.068798065E0,9.284274194E0
2.124311355E0,2.478964329E0,-2.115255117E0,1.245224857E1,1.287159908E1
2.126686980E0,-1.110269666E0,-4.642075896E-1,6.513263226E0,6.623502492E0
2.129062605E0,7.082754970E-1,-1.770688772E0,1.353380489E1,1.366751140E1
2.131438178E0,8.422735929E-1,-9.954141974E-1,5.862415314E0,6.005679607E0
2.133813803E0,-6.077769399E-1,-1.445264935E0,1.358166122E1,1.367185815E1
2.136189428E0,2.234896421E0,-1.263410330E0,7.322037220E0,7.759071899E0
2.138565053E0,-2.167897224E0,-6.843472719E-1,1.149512005E1,1.171775979E1
2.140940678E0,2.679961443E0,-1.741974831E0,9.963713646E0,1.046385490E1
2.143316251E0,-1.837687731E0,-5.120640397E-1,8.829515457E0,9.033252403E0
2.145691876E0,2.244467735E0,-2.072184324E0,1.219861031E1,1.257528038E1
2.148067501E0,-1.229910851E0,-3.397808075E-1,6.393621922E0,6.519703442E0
2.150443126E0,5.886343718E-1,-1.808973908E0,1.345244884E1,1.358628930E1
2.152818751E0,8.997012973E-1,-8.662018180E-1,5.962913990E0,6.092299341E0
2.155194323E0,-9.523434043E-1,-1.292124271E0,1.346680546E1,1.356213082E1
2.157569948E0,2.043470621E0,-1.100698471E0,7.432106972E0,7.786110925E0
2.159945573E0,-2.201396942E0,-7.752745152E-1,1.134676456E1,1.158431116E1
2.162321198E0,2.608176708E0,-1.636690736E0,1.015035343E1,1.060712106E1
2.164696823E0,-1.995614052E0,-3.302095234E-1,8.671588898E0,8.904379135E0
2.167072396E0,2.029113531E0,-2.024327993E0,1.208854008E1,1.242368732E1
2.169448021E0,-1.316052437E0,-2.632105052E-1,6.326622963E0,6.467413076E0
2.171823646E0,5.647061467E-1,-1.852044702E0,1.359601784E1,1.373319568E1
2.174199271E0,8.327022791E-1,-6.460621357E-1,6.049055576E0,6.140184259E0
2.176574896E0,-1.378265858E0,-1.282552958E0,1.324666595E1,1.337978766E1
2.178950521E0,1.832902193E0,-9.332008362E-1,7.561319351E0,7.836066908E0
2.181326094E0,-2.005185366E0,-8.327022791E-1,1.123669529E1,1.144453942E1
2.183701719E0,2.603390932E0,-1.521835208E0,1.012164021E1,1.056130802E1
2.186077344E0,-2.277967215E0,-3.110669553E-1,8.331808090E0,8.643200989E0
2.188452969E0,1.976471543E0,-1.942971945E0,1.202632618E1,1.234155991E1
2.190828594E0,-1.076770186E0,-2.009970993E-1,6.384050846E0,6.477340432E0
2.193204167E0,7.657032609E-1,-1.842473388E0,1.374437332E1,1.388844151E1
2.195579792E0,7.369893789E-1,-5.982056856E-1,5.924628735E0,6.000185750E0
2.197955417E0,-1.311266780E0,-1.210768223E0,1.324188042E1,1.336161582E1
2.200331042E0,1.928615093E0,-1.071984529E0,7.695317745E0,8.005412057E0
2.202706615E0,-1.607976794E0,-9.810572863E-1,1.126540947E1,1.142179991E1
2.205082240E0,2.636890650E0,-1.521835208E0,9.906285286E0,1.036357385E1
2.207457865E0,-2.177468538E0,-2.727817893E-1,8.470592499E0,8.750240935E0
2.209833490E0,2.210968018E0,-2.086541414E0,1.192582798E1,1.230720958E1
2.212209115E0,-8.374879360E-1,-3.349951804E-1,6.613761902E0,6.674987214E0
2.214584740E0,8.135597110E-1,-1.832902193E0,1.385922909E1,1.400355815E1
2.216960313E0,5.024927258E-1,-7.226324677E-1,5.943771362E0,6.008586742E0
2.219335938E0,-1.234696507E0,-1.282552958E0,1.315573883E1,1.327564996E1
2.221711563E0,2.024327993E0,-1.134197950E0,7.800601959E0,8.138408920E0
2.224087188E0,-1.497906923E0,-9.619147182E-1,1.116012478E1,1.130121189E1
2.226462761E0,2.450250387E0,-1.593619823E0,9.638289452E0,1.007174139E1
2.228838386E0,-2.230110645E0,-2.057827413E-1,8.461020470E0,8.752405807E0
2.231214011E0,2.234896421E0,-2.210968018E0,1.193061352E1,1.233785559E1
2.233589636E0,-8.901300430E-1,-1.674975902E-1,6.786045074E0,6.846224849E0
2.235965261E0,5.359922647E-1,-1.942971945E0,1.365823174E1,1.380614797E1
2.238340886E0,3.014956415E-1,-5.120640397E-1,6.192625046E0,6.221070178E0
2.240716459E0,-1.182054400E0,-1.430907965E0,1.302174091E1,1.315334507E1
2.243092084E0,1.885544300E0,-1.124626637E0,7.972885132E0,8.269640845E0
2.245467709E0,-1.722832322E0,-9.906286001E-1,1.098305607E1,1.116140748E1
2.247843334E0,2.258824587E0,-1.531406522E0,9.470791817E0,9.856134744E0
2.250218959E0,-2.230110645E0,-2.775674164E-1,8.762516975E0,9.046111922E0
2.252594532E0,2.297109842E0,-2.263610125E0,1.189232826E1,1.232185521E1
2.254970157E0,-1.177268744E0,-1.052841991E-1,6.996613503E0,7.095748513E0
2.257345782E0,3.732803464E-1,-1.871187329E0,1.365823174E1,1.379086561E1
2.259721407E0,1.052841991E-1,-6.173482537E-1,6.183053493E0,6.214688579E0
2.262097032E0,-8.374879360E-1,-1.473978758E0,1.320359516E1,1.331198425E1
2.264472605E0,1.823330879E0,-1.086341500E0,7.661818027E0,7.950354007E0
2.266848230E0,-1.847259045E0,-8.422735929E-1,1.117926693E1,1.136212127E1
2.269223855E0,2.335394859E0,-1.574477315E0,9.269794464E0,9.688247384E0
2.271599480E0,-2.033899307E0,-2.775674164E-1,9.059226990E0,9.288884955E0
2.273975105E0,2.388036966E0,-2.182254314E0,1.195932770E1,1.238912723E1
2.276350678E0,-1.497906923E0,-4.307080805E-2,7.006184578E0,7.164649509E0
2.278726303E0,4.354937077E-1,-1.808973908E0,1.371565914E1,1.384129138E1
2.281101928E0,1.196411327E-1,-6.604190469E-1,6.273981094E0,6.309778609E0
2.283477553E0,-5.455635786E-1,-1.359123230E0,1.327538013E1,1.335591904E1
2.285853178E0,1.560120344E0,-1.105484009E0,7.264609337E0,7.512031629E0
2.288228751E0,-1.904686809E0,-7.082754970E-1,1.137069321E1,1.155085062E1
2.290604376E0,2.426322222E0,-1.588834286E0,9.154939651E0,9.603351182E0
2.292980001E0,-1.942971945E0,-2.488535494E-1,9.389435768E0,9.591588612E0
2.295355626E0,2.321038008E0,-2.086541414E0,1.177747345E1,1.218399579E1
2.297731251E0,-1.718046665E0,3.828516230E-2,7.116254330E0,7.320807727E0
2.300106823E0,6.077769399E-1,-1.875972986E0,1.364387512E1,1.378564456E1
2.302482448E0,1.770688742E-1,-6.604190469E-1,6.273981094E0,6.311128701E0
2.304858073E0,-5.312066078E-1,-1.349551916E0,1.326102352E1,1.334009804E1
2.307233698E0,1.493121386E0,-1.105484009E0,7.001399040E0,7.243693456E0
2.309609323E0,-1.818545222E0,-8.422735929E-1,1.155254745E1,1.172509634E1
2.311984844E0,2.555534601E0,-1.612762451E0,9.040083885E0,9.531782439E0
2.314360521E0,-2.024327993E0,-1.770688742E-1,9.791430473E0,1.000006840E1
2.316736146E0,2.239681959E0,-2.134397745E0,1.140419292E1,1.181640577E1
2.319111771E0,-1.895115495E0,6.221338734E-2,7.355536938E0,7.596002691E0
2.321487396E0,9.188438654E-1,-2.029113531E0,1.360558987E1,1.378672011E1
2.323862969E0,1.339980662E-1,-6.029912829E-1,6.321837425E0,6.351943199E0
2.326238594E0,-6.364908218E-1,-1.363908887E0,1.316052437E1,1.324631155E1
2.328614219E0,1.359123230E0,-1.071984529E0,6.814758778E0,7.031166616E0
2.330989844E0,-1.584048629E0,-8.709874153E-1,1.183490086E1,1.197216386E1
2.333365469E0,2.732603550E0,-1.603191137E0,9.126225471E0,9.660503886E0
2.335741042E0,-2.359323025E0,-1.962114573E-1,9.676574707E0,9.961977822E0
2.338116615E0,2.139183521E0,-1.952543259E0,1.153819084E1,1.189614976E1
2.340492292E0,-1.866401672E0,-1.818545163E-1,7.245467186E0,7.484204768E0
2.342867917E0,1.143769264E0,-1.890329838E0,1.373958778E1,1.391609958E1
2.345243542E0,-1.196411327E-1,-6.412764788E-1,5.929414749E0,5.965191429E0
2.347619115E0,-6.364908218E-1,-1.201196909E0,1.319402409E1,1.326387071E1
2.349994740E0,1.373480201E0,-1.019342422E0,6.613761902E0,6.831350769E0
2.352370365E0,-1.574477315E0,-9.427721500E-1,1.210768223E1,1.224596942E1
2.354745990E0,2.598605394E0,-1.354337573E0,8.877371788E0,9.348513792E0
2.357121615E0,-2.627319336E0,-1.435693651E-1,9.767501831E0,1.011570616E1
2.359497188E0,2.124826431E0,-1.861616015E0,1.138983536E1,1.173494146E1
2.361872813E0,-1.789831281E0,-2.249253243E-1,7.403393269E0,7.619994705E0
2.364248438E0,1.244267821E0,-1.727617979E0,1.356251907E1,1.372861209E1
2.366624063E0,-5.551348329E-1,-5.551348329E-1,5.637490273E0,5.691893001E0
2.368999688E0,-6.987041831E-1,-1.196411371E0,1.340937805E1,1.348076435E1
2.371375261E0,1.359123230E0,-9.858429432E-1,6.388836384E0,6.605780242E0
2.373750886E0,-1.655833244E0,-9.332008362E-1,1.259103298E1,1.273368600E1
2.376126511E0,2.277967215E0,-1.320838094E0,8.504091263E0,8.902433157E0
2.378502136E0,-2.857030153E0,-1.148554832E-1,9.911071777E0,1.031528753E1
2.380877761E0,2.139183521E0,-1.904686809E0,1.129890823E1,1.165629724E1
2.383253334E0,-1.799402595E0,-2.584248483E-1,7.470392227E0,7.688393404E0
2.385628959E0,1.186840057E0,-1.823330879E0,1.319880962E1,1.337690922E1
2.388004584E0,-7.178468108E-1,-4.307080805E-1,5.733202934E0,5.793999429E0
2.390380209E0,-5.216353536E-1,-1.292124271E0,1.336630726E1,1.343874467E1
2.392755834E0,1.512263894E0,-1.019342422E0,6.431907177E0,6.685464157E0
2.395131407E0,-1.765903115E0,-8.757730722E-1,1.254796219E1,1.270184031E1
2.397507032E0,2.277967215E0,-1.210768223E0,8.513663292E0,8.895929236E0
2.399882657E0,-2.608176708E0,-3.397808075E-1,9.882357597E0,1.022638883E1
2.402258282E0,2.378465652E0,-1.875972986E0,1.133719349E1,1.173491925E1
2.404633855E0,-1.741974831E0,-2.249253243E-1,7.451249599E0,7.655467870E0
2.407009480E0,1.339980721E0,-1.871187329E0,1.300738430E1,1.320942605E1
2.409385105E0,-4.833501875E-1,-5.024927258E-1,5.647061348E0,5.689940967E0
2.411760730E0,-1.722832322E-1,-1.531406522E0,1.365344620E1,1.374014121E1
2.414136355E0,1.651047587E0,-8.757730722E-1,6.422336102E0,6.688747088E0
2.416511928E0,-1.737189293E0,-1.115055323E0,1.257188988E1,1.274023509E1
2.418887553E0,2.388036966E0,-1.239482164E0,8.614161491E0,9.024567291E0
2.421263178E0,-2.201396942E0,-6.508477330E-1,1.002114105E1,1.028071103E1
2.423638803E0,2.694318295E0,-1.856830359E0,1.136590767E1,1.182755373E1
2.426014428E0,-1.880758643E0,-3.541377485E-1,7.264609337E0,7.512470661E0
2.428390001E0,1.517049551E0,-1.947757602E0,1.308395386E1,1.331484313E1
2.430765626E0,-3.110669553E-1,-5.455635786E-1,5.785845280E0,5.819828852E0
2.433141251E0,4.307080805E-2,-1.674975872E0,1.392144203E1,1.402190955E1
2.435516876E0,1.368694544E0,-9.571290612E-1,6.307480335E0,6.524854709E0
2.437892501E0,-1.823330879E0,-1.086341500E0,1.269153118E1,1.286777514E1
2.440268073E0,2.210968018E0,-1.296909928E0,8.647661209E0,9.019556493E0
2.442643698E0,-1.971685886E0,-8.183453679E-1,1.027956581E1,1.049889078E1
2.445019323E0,2.459821701E0,-1.852044702E0,1.089691448E1,1.132358325E1
2.447394948E0,-2.196611166E0,-2.871387303E-1,7.570890903E0,7.888341926E0
2.449770573E0,1.593619823E0,-2.110469580E0,1.282552910E1,1.309533897E1
2.452146146E0,-4.833501875E-1,-5.647061467E-1,6.029912949E0,6.075555168E0
2.454521771E0,-1.387837082E-1,-1.603191137E0,1.406022549E1,1.415201129E1
2.456897396E0,8.470591903E-1,-8.901300430E-1,6.226124287E0,6.346216542E0
2.459273021E0,-1.828116536E0,-1.143769264E0,1.279681587E1,1.297723833E1
2.461648646E0,2.048256159E0,-1.272981644E0,8.580661774E0,8.913113487E0
2.464024219E0,-1.938186288E0,-7.082754970E-1,1.052363396E1,1.072404270E1
2.466399844E0,2.182254314E0,-1.832902193E0,1.039442158E1,1.077802228E1
2.468775469E0,-2.354537487E0,-1.387837082E-1,7.853243828E0,8.199789407E0
2.471151094E0,1.722832322E0,-2.210968018E0,1.281595802E1,1.311889137E1
2.473526719E0,-5.982056856E-1,-3.541377485E-1,6.312266350E0,6.350430699E0
2.475902292E0,-1.962114573E-1,-1.708475351E0,1.392622757E1,1.403200632E1
2.478277917E0,6.556333899E-1,-6.939185858E-1,6.336194515E0,6.407709347E0
2.480653542E0,-1.517049551E0,-1.287338614E0,1.281117249E1,1.296475301E1
2.483029167E0,2.167897224E0,-1.191625714E0,8.508877754E0,8.861193534E0
2.485404740E0,-1.938186288E0,-7.800601721E-1,1.038485050E1,1.059293066E1
2.487780365E0,2.364108801E0,-1.684547186E0,1.025085258E1,1.065395177E1
2.490155990E0,-2.053041935E0,-3.014956415E-1,8.097311974E0,8.358967760E0
2.492531615E0,2.153540373E0,-2.268395901E0,1.266281700E1,1.304340027E1
2.494907240E0,-5.264210105E-1,-2.727817893E-1,6.556334019E0,6.583087782E0
2.497282865E0,1.435693651E-1,-1.828116536E0,1.385922909E1,1.398001621E1
2.499658438E0,7.752745152E-1,-8.327022791E-1,6.436692715E0,6.536471278E0
2.502033959E0,-7.561319470E-1,-1.507478237E0,1.297867012E1,1.308778454E1
2.504409688E0,2.340180635E0,-1.320838094E0,8.293522835E0,8.718003194E0
2.506785313E0,-1.708475351E0,-9.571290612E-1,1.066241741E1,1.084076239E1
2.509160886E0,2.656033039E0,-1.856830359E0,9.891928673E0,1.040925470E1
2.511536511E0,-1.627119422E0,-4.642075896E-1,8.618947029E0,8.783464817E0
2.513912084E0,2.474178553E0,-2.397608280E0,1.251924801E1,1.298467003E1
2.516287761E0,-8.853443861E-1,-3.780659735E-1,6.671189308E0,6.740291933E0
2.518663386E0,4.211367965E-1,-1.971685886E0,1.388315678E1,1.402878981E1
2.521038959E0,8.087740541E-1,-1.024128079E0,6.431907177E0,6.562955411E0
2.523414584E0,-4.689932466E-1,-1.555334687E0,1.319880962E1,1.329840577E1
2.525790209E0,2.029113531E0,-1.426122308E0,7.642675400E0,8.035024196E0
2.528165834E0,-1.775474429E0,-8.422735929E-1,1.093041420E1,1.110566022E1
2.530541459E0,2.694318295E0,-1.923829436E0,9.652647018E0,1.020461000E1
2.532917032E0,-1.804188251E0,-4.211367965E-1,8.949156761E0,9.138919968E0
2.535292657E0,2.268395901E0,-2.383251429E0,1.226082325E1,1.269461674E1
2.537668282E0,-1.339980721E0,-2.440679073E-1,6.910471916E0,7.043418175E0
2.540043907E0,3.541377485E-1,-2.005185366E0,1.370608807E1,1.385651587E1
2.542419532E0,4.546363056E-1,-9.236295223E-1,6.455835342E0,6.537399761E0
2.544795105E0,-6.412764788E-1,-1.445264935E0,1.306002617E1,1.315539090E1
2.547170730E0,1.574477315E0,-1.363908887E0,7.317251682E0,7.607982548E0
2.549546355E0,-1.919043779E0,-8.374879360E-1,1.129412270E1,1.148657140E1
2.551921980E0,2.569891453E0,-1.933400750E0,9.336793900E0,9.875125359E0
2.554297605E0,-2.086541414E0,-2.297109663E-1,9.408578873E0,9.639905529E0
2.556673178E0,2.029113531E0,-2.301895380E0,1.186840057E1,1.225866862E1
2.559048803E0,-1.670190215E0,-1.674975902E-1,7.082755089E0,7.278942948E0
2.561424428E0,6.412764788E-1,-2.062613010E0,1.374915886E1,1.391779355E1
2.563800053E0,2.105683982E-1,-8.135597110E-1,6.340980053E0,6.396424508E0
2.566175626E0,-7.992027402E-1,-1.373480201E0,1.297867012E1,1.307558989E1
2.568551251E0,1.493121386E0,-1.258624673E0,7.025327206E0,7.291691840E0
2.570926876E0,-1.713261008E0,-9.140582681E-1,1.158604717E1,1.174764891E1
2.573302501E0,2.737389088E0,-1.780260086E0,9.346364975E0,9.900361773E0
2.575678126E0,-2.321038008E0,-2.584248483E-1,9.322437286E0,9.610506636E0
2.578053698E0,2.115255117E0,-2.110469580E0,1.182532978E1,1.219700006E1
2.580429323E0,-1.540977836E0,-3.493520916E-1,7.101897717E0,7.275548828E0
2.582804948E0,1.167697430E0,-2.033899307E0,1.384487152E1,1.404210565E1
2.585180573E0,1.579262912E-1,-8.087740541E-1,5.948556900E0,6.005363051E0
2.587556198E0,-5.024927258E-1,-1.344766378E0,1.315573883E1,1.323383390E1
2.589931771E0,1.765903115E0,-1.234696507E0,6.781259537E0,7.115361564E0
2.592307396E0,-1.296909928E0,-1.095912814E0,1.201196957E1,1.213138134E1
2.594683021E0,2.976671457E0,-1.627119422E0,9.150154114E0,9.758760725E0
2.597058646E0,-2.196611166E0,-3.349951804E-1,9.585647583E0,9.839815139E0
2.599434219E0,2.512463808E0,-2.120040894E0,1.166740322E1,1.212168906E1
2.601809844E0,-1.186840057E0,-5.024927258E-1,7.379465103E0,7.491167697E0
2.604185469E0,1.579262972E0,-2.009970903E0,1.363430309E1,1.387185191E1
2.606561094E0,6.699903309E-2,-8.662018180E-1,5.766702652E0,5.831779654E0
2.608936719E0,-2.775674164E-1,-1.440479279E0,1.326102352E1,1.334191774E1
2.611312240E0,1.933400750E0,-1.320838094E0,6.656832695E0,7.056633281E0
2.613687917E0,-1.215553880E0,-1.071984529E0,1.247617722E1,1.258100632E1
2.616063542E0,2.723032236E0,-1.603191137E0,8.733802795E0,9.287865075E0
2.618439167E0,-2.364108801E0,-2.871387303E-1,9.887143135E0,1.016990946E1
2.620814792E0,2.478964329E0,-2.139183521E0,1.149512005E1,1.195237028E1
2.623190365E0,-1.320838094E0,-4.402793646E-1,7.460821152E0,7.589618663E0
2.625565938E0,1.450050473E0,-2.062613010E0,1.339502144E1,1.363024644E1
2.627941615E0,-3.254238665E-1,-6.747759581E-1,5.752345562E0,5.800922578E0
2.630317240E0,-3.302095234E-1,-1.469193101E0,1.353380489E1,1.361732138E1
2.632692865E0,1.708475351E0,-1.205982566E0,6.604190350E0,6.927381334E0
2.635068438E0,-1.607976794E0,-1.052842021E0,1.256231880E1,1.270849792E1
2.637444063E0,2.378465652E0,-1.397408366E0,8.738588333E0,9.163666027E0
2.639819688E0,-2.555534601E0,-4.546363056E-1,9.954142570E0,1.028700178E1
2.642195313E0,2.344966173E0,-2.024327993E0,1.146162033E1,1.187288974E1
2.644570938E0,-1.756331801E0,-3.206382394E-1,7.470392227E0,7.680772767E0
2.646946511E0,1.205982566E0,-1.966900229E0,1.316052437E1,1.336123094E1
2.649322136E0,-6.604190469E-1,-5.551348329E-1,5.699703693E0,5.764629233E0
2.651697761E0,-3.828516304E-1,-1.526620865E0,1.366780281E1,1.375812416E1
2.654073386E0,1.383051515E0,-9.619147182E-1,6.494120598E0,6.709076968E0
2.656449011E0,-2.043470621E0,-1.076770186E0,1.266760349E1,1.287646630E1
2.658824584E0,2.048256159E0,-1.215553880E0,8.614161491E0,8.937376725E0
2.661200209E0,-2.435893536E0,-5.455635786E-1,1.007378292E1,1.037845457E1
2.663575834E0,2.340180635E0,-1.789831281E0,1.135155106E1,1.172764481E1
2.665951459E0,-2.167897224E0,-2.727817893E-1,7.317251682E0,7.636514942E0
2.668327032E0,1.263410330E0,-1.890329838E0,1.301695538E1,1.321403344E1
2.670702657E0,-6.556333899E-1,-5.312066078E-1,5.795416355E0,5.856525107E0
2.673078282E0,-1.244267747E-1,-1.507478237E0,1.392622757E1,1.400813289E1
2.675453907E0,1.115055323E0,-8.757730722E-1,6.259624004E0,6.418194413E0
2.677829532E0,-1.976471543E0,-9.475577474E-1,1.265803146E1,1.284640284E1
2.680205105E0,2.086541414E0,-1.205982566E0,8.599804878E0,8.931108160E0
2.682580730E0,-2.024327993E0,-6.843472719E-1,1.022213840E1,1.044310053E1
2.684956355E0,2.411965132E0,-1.722832322E0,1.084905815E1,1.124667906E1
2.687331928E0,-2.206182480E0,-2.009970993E-1,7.475177765E0,7.796532793E0
2.689707605E0,1.631905079E0,-2.014756680E0,1.286859989E1,1.312719398E1
2.692083178E0,-2.967100143E-1,-4.259224236E-1,6.025127411E0,6.047446326E0
2.694458803E0,9.571290761E-2,-1.545763373E0,1.395015621E1,1.403586135E1
2.696834428E0,1.033699393E0,-8.231309652E-1,6.187839508E0,6.327356225E0
2.699210053E0,-1.550549030E0,-1.134197950E0,1.279202938E1,1.293547923E1
2.701585678E0,2.297109842E0,-1.301695466E0,8.499305725E0,8.899961939E0
2.703961251E0,-1.741974831E0,-6.891329288E-1,1.045184898E1,1.061840514E1
2.706336876E0,2.493321180E0,-1.818545222E0,1.037527943E1,1.082451756E1
2.708712501E0,-2.024327993E0,-1.244267747E-1,7.709674358E0,7.971979965E0
2.711088126E0,1.938186288E0,-2.158325911E0,1.271067429E1,1.303749123E1
2.713463698E0,-2.919243574E-1,-2.967100143E-1,6.254838467E0,6.268672978E0
2.715839323E0,6.221338734E-2,-1.684547186E0,1.381137276E1,1.391386313E1
2.718214948E0,8.087740541E-1,-6.747759581E-1,6.321837425E0,6.408983265E0
2.720590573E0,-1.296909928E0,-1.263410330E0,1.267717457E1,1.280581649E1
2.722966198E0,2.301895380E0,-1.201196909E0,8.542376518E0,8.928258113E0
2.725341771E0,-1.823330879E0,-7.848458290E-1,1.036570740E1,1.055407070E1
2.727717396E0,2.364108801E0,-1.631905079E0,1.017906761E1,1.057665080E1
2.730093021E0,-2.076970100E0,-1.722832322E-1,8.054241180E0,8.319512444E0
2.732468646E0,2.033899307E0,-2.230110645E0,1.257188988E1,1.292913589E1
2.734844219E0,-7.704889178E-1,-1.531406492E-1,6.474977970E0,6.522456971E0
2.737219844E0,-1.435693651E-1,-1.670190215E0,1.379701519E1,1.389848106E1
2.739595469E0,4.354937077E-1,-7.369893789E-1,6.269195557E0,6.327370784E0
2.741971094E0,-1.205982566E0,-1.344766378E0,1.294995594E1,1.307532598E1
2.744346667E0,1.928615093E0,-1.100698471E0,8.178668022E0,8.474768665E0
2.746722292E0,-2.277967215E0,-7.800601721E-1,1.048534870E1,1.075826036E1
2.749097917E0,2.139183521E0,-1.679761529E0,9.887143135E0,1.025442852E1
2.751473542E0,-2.234896421E0,-2.488535494E-1,8.451449394E0,8.745495239E0
2.753849167E0,1.928615093E0,-2.129612207E0,1.251446247E1,1.284003798E1
2.756224792E0,-1.464407444E0,-1.244267747E-1,6.628118515E0,6.789103493E0
2.758600365E0,-2.775674164E-1,-1.631905079E0,1.374915886E1,1.384844855E1
2.760975990E0,2.297109663E-1,-7.609176040E-1,6.412764549E0,6.461835025E0
2.763351615E0,-1.143769264E0,-1.253839016E0,1.301695538E1,1.312712641E1
2.765727240E0,1.421336651E0,-1.134197950E0,7.633104324E0,7.846711699E0
2.768102813E0,-2.277967215E0,-5.359922647E-1,1.086820030E1,1.111729284E1
2.770478438E0,2.134397745E0,-1.660618901E0,9.571290970E0,9.946000186E0
2.772854063E0,-2.254039049E0,-1.531406492E-1,8.925228119E0,9.206728033E0
2.775229688E0,1.842473388E0,-2.062613010E0,1.216989613E1,1.248020242E1
2.777605313E0,-1.636690736E0,-2.871387079E-2,6.805187702E0,6.999297158E0
2.779980886E0,5.264209956E-2,-1.703689694E0,1.363908863E1,1.374518346E1
2.782356511E0,3.302095234E-1,-7.322037220E-1,6.417550564E0,6.467620572E0
2.784732136E0,-8.470591903E-1,-1.205982566E0,1.292602825E1,1.300976977E1
2.787107761E0,1.545763373E0,-1.004985452E0,7.312466145E0,7.541322250E0
2.789483386E0,-1.966900229E0,-6.125625968E-1,1.103569794E1,1.122633326E1
2.791858959E0,2.612962246E0,-1.651047587E0,9.461220741E0,9.953302354E0
2.794234584E0,-1.990828395E0,-9.571290575E-3,9.159725189E0,9.373582818E0
2.796610209E0,2.120040894E0,-2.076970100E0,1.195932770E1,1.232208981E1
2.798985834E0,-1.416550994E0,9.571290575E-3,6.905686378E0,7.049483150E0
2.801361407E0,8.039883971E-1,-1.808973908E0,1.370130253E1,1.384357161E1
2.803737032E0,5.886343718E-1,-7.034898400E-1,6.245266914E0,6.312269577E0
2.806112657E0,-5.934200287E-1,-1.196411371E0,1.289252853E1,1.296151378E1
2.808488282E0,1.842473388E0,-1.067198873E0,7.006184578E0,7.322584514E0
2.810863855E0,-1.426122308E0,-7.226324677E-1,1.149512005E1,1.160576613E1
2.813239480E0,3.058027267E0,-1.655833244E0,9.355937004E0,9.981326151E0
2.815615105E0,-2.072184324E0,-1.052841991E-1,9.274580956E0,9.503835254E0
2.817990730E0,2.335394859E0,-2.000399828E0,1.188275719E1,1.227418376E1
2.820366355E0,-1.239482164E0,-3.397808075E-1,7.039684296E0,7.156040946E0
2.822741928E0,1.239482164E0,-1.866401672E0,1.380658627E1,1.398719398E1
2.825117553E0,2.871387303E-1,-8.039883971E-1,5.876772404E0,5.938459386E0
2.827493178E0,-6.077769399E-1,-1.258624673E0,1.309831142E1,1.317267213E1
2.829868803E0,1.804188251E0,-1.196411371E0,6.843472958E0,7.177716736E0
2.832244428E0,-1.459621787E0,-9.523434043E-1,1.194018459E1,1.206670882E1
2.834620001E0,2.785245657E0,-1.627119422E0,9.164510727E0,9.715624933E0
2.836995626E0,-2.483749866E0,-1.579262912E-1,9.437292099E0,9.759940383E0
2.839371251E0,2.076970100E0,-2.062613010E0,1.172004509E1,1.208005108E1
2.841746876E0,-1.517049551E0,-3.541377485E-1,7.202396393E0,7.368946104E0
2.844122501E0,1.014556766E0,-1.842473388E0,1.365344620E1,1.381450783E1
2.846498073E0,-2.536391914E-1,-8.135597110E-1,5.723631859E0,5.786723935E0
2.848873698E0,-8.135597110E-1,-1.249053478E0,1.317966747E1,1.326369664E1
2.851249323E0,1.569691658E0,-1.220339537E0,6.719046116E0,7.007049393E0
2.853624948E0,-1.770688772E0,-8.901300430E-1,1.228475189E1,1.244358466E1
2.856000417E0,2.325823545E0,-1.540977836E0,8.915657043E0,9.342002375E0
2.858376146E0,-2.880958557E0,-1.579262912E-1,9.566504478E0,9.992140454E0
2.860751771E0,1.976471543E0,-2.062613010E0,1.177747345E1,1.211898069E1
2.863127396E0,-1.670190215E0,-4.067798555E-1,7.235895634E0,7.437283834E0
2.865503021E0,8.518448472E-1,-1.890329838E0,1.344287777E1,1.360183625E1
2.867878594E0,-5.551348329E-1,-6.364908218E-1,5.656632900E0,5.719334840E0
2.870254219E0,-8.518448472E-1,-1.373480201E0,1.341894913E1,1.351592702E1
2.872629844E0,1.584048629E0,-1.196411371E0,6.690331936E0,6.978621041E0
2.875005469E0,-2.009970903E0,-9.619147182E-1,1.236132145E1,1.256055456E1
2.877381094E0,2.210968018E0,-1.426122308E0,8.920442581E0,9.300349470E0
2.879756667E0,-2.703889608E0,-3.637090325E-1,9.671789169E0,1.004921932E1
2.882132292E0,2.215753794E0,-2.105684042E0,1.172961617E1,1.212135989E1
2.884507917E0,-1.670190215E0,-3.828516304E-1,7.226324558E0,7.426700300E0
2.886883542E0,1.134197950E0,-1.947757602E0,1.333759308E1,1.352669782E1
2.889259115E0,-2.727817893E-1,-7.130611539E-1,5.575276852E0,5.627306468E0
2.891634740E0,-3.684946895E-1,-1.550549030E0,1.371087360E1,1.380318969E1
2.894010365E0,1.895115495E0,-1.100698471E0,6.714260101E0,7.062881039E0
2.896385990E0,-1.823330879E0,-1.091127157E0,1.236132145E1,1.254262181E1
2.898761615E0,2.493321180E0,-1.426122308E0,8.987442017E0,9.435284275E0
2.901137188E0,-2.048256159E0,-6.269195080E-1,9.738788605E0,9.971578854E0
2.903512813E0,2.694318295E0,-2.072184324E0,1.170568848E1,1.218919364E1
2.905888438E0,-1.607976794E0,-4.546363056E-1,7.063612461E0,7.258574553E0
2.908264063E0,1.406979680E0,-1.942971945E0,1.328495121E1,1.349980224E1
2.910639636E0,1.292124242E-1,-7.561319470E-1,5.704489231E0,5.755834324E0
2.913015261E0,3.349951655E-2,-1.588834286E0,1.393101311E1,1.402136380E1
2.915390886E0,1.804188251E0,-1.119840980E0,6.474977970E0,6.814284906E0
2.917766511E0,-1.679761529E0,-1.028913736E0,1.255753326E1,1.271109374E1
2.920142136E0,2.584248543E0,-1.473978758E0,9.025727272E0,9.503405006E0
2.922517709E0,-1.756331801E0,-7.561319470E-1,9.891928673E0,1.007505284E1
2.924893334E0,2.718246460E0,-2.005185366E0,1.138026428E1,1.187097499E1
2.927268959E0,-1.775474429E0,-3.349951804E-1,7.168896675E0,7.393078571E0
2.929644584E0,1.569691658E0,-2.053041935E0,1.323230934E1,1.348231892E1
2.932020157E0,1.052841991E-1,-6.891329288E-1,5.938985825E0,5.979760997E0
2.934395782E0,-1.914258152E-1,-1.593619823E0,1.388315678E1,1.397563272E1
2.936771407E0,1.411765337E0,-1.052842021E0,6.675975323E0,6.904361245E0
2.939147032E0,-1.737189293E0,-1.143769264E0,1.242832088E1,1.260115847E1
2.941522657E0,2.421536446E0,-1.454836130E0,9.035298347E0,9.466625753E0
2.943898230E0,-1.866401672E0,-6.604190469E-1,1.001156998E1,1.020544668E1
2.946273855E0,2.373680115E0,-1.966900229E0,1.087777138E1,1.130614717E1
2.948649480E0,-1.986042738E0,-2.440679073E-1,7.417750359E0,7.682900187E0
2.951025105E0,1.507478237E0,-2.220539331E0,1.315573883E1,1.342671776E1
2.953400730E0,-1.292124242E-1,-4.881358147E-1,6.183053493E0,6.203637879E0
2.955776303E0,-5.694918036E-1,-1.636690736E0,1.377787304E1,1.388642729E1
2.958151928E0,1.043270707E0,-8.662018180E-1,6.790830612E0,6.924889874E0
2.960527553E0,-1.746760488E0,-1.306481123E0,1.230389404E1,1.249575423E1
2.962903178E0,2.244467735E0,-1.311266780E0,9.164510727E0,9.526033427E0
2.965278751E0,-2.210968018E0,-7.322037220E-1,9.796216011E0,1.006927753E1
2.967654376E0,2.120040894E0,-1.923829436E0,1.072941685E1,1.110477730E1
2.970030001E0,-2.096112728E0,-2.392822653E-1,7.623532772E0,7.910069311E0
2.972405626E0,1.536192179E0,-2.249253273E0,1.318923855E1,1.346755509E1
2.974781198E0,-4.881358147E-1,-3.445664644E-1,6.139982700E0,6.168986155E0
2.977156823E0,-7.130611539E-1,-1.598405480E0,1.381137276E1,1.392183083E1
2.979532448E0,8.279166222E-1,-9.523434043E-1,6.599404812E0,6.718969249E0
2.981908073E0,-1.397408366E0,-1.296909928E0,1.253839111E1,1.268250674E1
2.984283698E0,2.215753794E0,-1.311266780E0,8.767302513E0,9.137536802E0
2.986659271E0,-2.210968018E0,-6.269195080E-1,9.877572060E0,1.014139228E1
2.989034896E0,2.368894339E0,-1.947757602E0,1.053320503E1,1.097058924E1
2.991410521E0,-1.737189293E0,-2.775674164E-1,7.877171993E0,8.071227225E0
2.993786146E0,1.842473388E0,-2.196611166E0,1.312702465E1,1.343646475E1
2.996161771E0,-5.838487148E-1,-3.110669553E-1,6.168696880E0,6.204068276E0
2.998537344E0,-3.062812984E-1,-1.617548108E0,1.371087360E1,1.380935643E1
3.000912969E0,1.158126116E0,-9.667003751E-1,6.719046116E0,6.886315882E0
3.003288594E0,-8.422735929E-1,-1.292124271E0,1.254317665E1,1.263765368E1
3.005664219E0,2.373680115E0,-1.397408366E0,8.341380119E0,8.784402639E0
3.008039792E0,-1.818545222E0,-5.120640397E-1,1.011206818E1,1.028704229E1
3.010415417E0,2.785245657E0,-2.048256159E0,1.043749237E1,1.099518957E1
3.012791042E0,-1.339980721E0,-2.823530734E-1,8.159524918E0,8.273639977E0
3.015166667E0,2.124826431E0,-2.306680918E0,1.295474148E1,1.332895311E1
3.017542292E0,-4.163511395E-1,-3.684946895E-1,6.360122681E0,6.384379149E0
3.019917865E0,1.627119333E-1,-1.775474429E0,1.370130253E1,1.381681858E1
3.022293490E0,1.464407444E0,-1.095912814E0,6.800402164E0,7.042086598E0
3.024669115E0,-6.939185858E-1,-1.406979680E0,1.247139168E1,1.256967483E1
3.027044740E0,2.368894339E0,-1.402194023E0,8.087740898E0,8.543381140E0
3.029420313E0,-1.694118381E0,-7.082754970E-1,1.042792130E1,1.058835369E1
3.031795938E0,2.909672260E0,-2.182254314E0,1.030827999E1,1.093110529E1
3.034171563E0,-1.627119422E0,-1.483550072E-1,8.446663857E0,8.603235271E0
3.036547188E0,1.837687731E0,-2.349751949E0,1.275853062E1,1.310261554E1
3.038922761E0,-7.944171429E-1,-4.307080805E-1,6.479763508E0,6.542472252E0
3.041298386E0,1.387837082E-1,-1.914258122E0,1.379701519E1,1.392986982E1
3.043673959E0,9.188438654E-1,-1.028913736E0,6.556334019E0,6.699884573E0
3.046049636E0,-1.234696507E0,-1.335195065E0,1.253839111E1,1.266958851E1
3.048425261E0,1.933400750E0,-1.383051515E0,7.862815380E0,8.214300680E0
3.050800834E0,-2.000399828E0,-7.561319470E-1,1.079641533E1,1.100617640E1
3.053176459E0,2.579462767E0,-2.029113531E0,1.030827999E1,1.081811288E1
3.055552084E0,-2.421536446E0,-1.627119333E-1,8.384450912E0,8.728650012E0
3.057927709E0,1.402194023E0,-2.124826431E0,1.277288723E1,1.302411930E1
3.060303334E0,-1.205982566E0,-4.881358147E-1,6.589833736E0,6.717036489E0
3.062678907E0,1.052841991E-1,-1.765903115E0,1.383051491E1,1.394319336E1
3.065054532E0,3.302095234E-1,-9.332008362E-1,6.273981094E0,6.351593572E0
3.067430157E0,-1.579262972E0,-1.143769264E0,1.263410378E1,1.278369500E1
3.069805782E0,1.718046665E0,-1.330409408E0,7.623532772E0,7.927163772E0
3.072181303E0,-2.096112728E0,-7.034898400E-1,1.111226845E1,1.133009694E1
3.074556980E0,2.301895380E0,-1.799402595E0,1.002114105E1,1.043838302E1
3.076932605E0,-2.742174864E0,-1.435693540E-2,8.590232849E0,9.017307220E0
3.079308230E0,1.469193101E0,-2.057827473E0,1.264367485E1,1.289401784E1
3.081683855E0,-1.186840057E0,-4.642075896E-1,6.666403770E0,6.787121425E0
3.084059428E0,2.727817893E-1,-1.579262972E0,1.376351547E1,1.385650893E1
3.086435053E0,2.632105052E-1,-9.140582681E-1,5.900700569E0,5.976876232E0
3.088810678E0,-1.316052437E0,-1.086341500E0,1.267717457E1,1.279151621E1
3.091186303E0,2.115255117E0,-1.320838094E0,7.590033531E0,7.989213133E0
3.093561876E0,-1.828116536E0,-6.221339107E-1,1.136590767E1,1.152878648E1
3.095937501E0,2.603390932E0,-1.770688772E0,9.834501266E0,1.032619960E1
3.098313126E0,-2.455035925E0,-8.135596663E-2,8.642875671E0,8.985161104E0
3.100688751E0,2.033899307E0,-2.148754835E0,1.275853062E1,1.309709881E1
3.103064323E0,-6.652047038E-1,-5.072783828E-1,6.604190350E0,6.656963184E0
3.105439948E0,6.221339107E-1,-1.708475351E0,1.364866066E1,1.376923660E1
3.107815573E0,5.886343718E-1,-8.901300430E-1,5.828916073E0,5.925798216E0
3.110191198E0,-8.087740541E-1,-1.287338614E0,1.294995594E1,1.303889240E1
3.112566823E0,2.522035122E0,-1.363908887E0,7.508677483E0,8.037483819E0
3.114942396E0,-1.775474429E0,-6.987041831E-1,1.144726372E1,1.160518607E1
3.117318021E0,2.708675146E0,-1.741974831E0,9.805787086E0,1.032108801E1
3.119693646E0,-2.292324066E0,-2.823530734E-1,8.748159409E0,9.047915004E0
3.122069271E0,2.316252232E0,-2.201396942E0,1.264846039E1,1.304586996E1
3.124444844E0,-8.470591903E-1,-5.120640397E-1,6.508477688E0,6.583312287E0
3.126820469E0,5.647061467E-1,-1.708475351E0,1.354337597E1,1.366238682E1
3.129196094E0,4.642075896E-1,-9.044869542E-1,5.699703693E0,5.789663853E0
3.131571719E0,-8.470591903E-1,-1.378265858E0,1.320359516E1,1.330233255E1
3.133947344E0,2.297109842E0,-1.229910851E0,7.618747234E0,8.051999984E0
3.136322917E0,-2.273181438E0,-7.274180651E-1,1.145683479E1,1.170280113E1
3.138698542E0,2.388036966E0,-1.588834286E0,9.906285286E0,1.031317619E1
3.141074167E0,-2.306680918E0,-3.684946895E-1,8.786444664E0,9.091654141E0
3.143449792E0,2.096112728E0,-2.005185366E0,1.253360462E1,1.286490193E1
3.145825313E0,-1.564906001E0,-3.828516304E-1,6.369693756E0,6.570274325E0
3.148200990E0,2.823530734E-1,-1.598405480E0,1.354816151E1,1.364504685E1
3.150576615E0,1.914258152E-1,-7.992027402E-1,5.709274769E0,5.768118172E0
3.152952240E0,-1.052842021E0,-1.263410330E0,1.344766331E1,1.354785335E1
3.155327865E0,1.732403636E0,-1.076770186E0,7.216753006E0,7.499478671E0
3.157703438E0,-2.574677229E0,-5.359922647E-1,1.158604717E1,1.188077184E1
3.160079063E0,2.158325911E0,-1.483550072E0,9.810572624E0,1.015414333E1
3.162454688E0,-2.340180635E0,-3.445664644E-1,8.867800713E0,9.177857099E0
3.164830313E0,1.909472466E0,-1.885544300E0,1.219861031E1,1.249029446E1
3.167205886E0,-1.737189293E0,-2.297109663E-1,6.321837425E0,6.560199860E0
3.169581511E0,4.546363056E-1,-1.622333765E0,1.357209015E1,1.367626747E1
3.171957136E0,3.732803464E-1,-6.795616150E-1,5.761917114E0,5.813848212E0
3.174332761E0,-1.014556766E0,-1.167697430E0,1.355773354E1,1.364569461E1
3.176708334E0,1.679761529E0,-9.523434043E-1,7.144968510E0,7.401292573E0
3.179083959E0,-2.301895380E0,-6.891329288E-1,1.151904774E1,1.176699143E1
3.181459584E0,2.450250387E0,-1.421336651E0,9.824930191E0,1.022512484E1
3.183835209E0,-1.995614052E0,-3.349951804E-1,8.901300430E0,9.128408764E0
3.186210834E0,2.163111687E0,-1.899901152E0,1.174875927E1,1.209636396E1
3.188586407E0,-1.478764415E0,-1.244267747E-1,6.412764549E0,6.582231793E0
3.190962032E0,9.762716293E-1,-1.813759565E0,1.353859043E1,1.369438794E1
3.193337657E0,7.082754970E-1,-5.503492355E-1,5.852844238E0,5.921175908E0
3.195713282E0,-9.236295223E-1,-1.268195987E0,1.341416359E1,1.350559874E1
3.198088855E0,1.785045743E0,-8.614161611E-1,7.207181931E0,7.474750664E0
3.200464480E0,-1.741974831E0,-9.140582681E-1,1.156211948E1,1.172828145E1
3.202840105E0,2.766103029E0,-1.392622828E0,9.777072906E0,1.025582171E1
3.205215730E0,-1.966900229E0,-3.924229145E-1,8.733802795E0,8.961138517E0
3.207591355E0,2.321038008E0,-1.861616015E0,1.155733299E1,1.193418525E1
3.209966928E0,-1.263410330E0,-1.387837082E-1,6.699903488E0,6.819396845E0
3.212342553E0,1.263410330E0,-1.923829436E0,1.358644676E1,1.378001673E1
3.214718178E0,4.737788737E-1,-4.450650215E-1,5.852844238E0,5.888831376E0
3.217093803E0,-9.571290612E-1,-1.292124271E0,1.342373466E1,1.351970168E1
3.219469376E0,1.674975872E0,-8.853443861E-1,7.159325123E0,7.405762288E0
3.221845001E0,-1.416550994E0,-1.004985452E0,1.173918819E1,1.186697737E1
3.224220626E0,2.550748825E0,-1.320838094E0,9.442078590E0,9.869335385E0
3.226596251E0,-2.254039049E0,-2.727817893E-1,8.800801277E0,9.088960615E0
3.228971876E0,2.292324066E0,-1.909472466E0,1.138504982E1,1.176946023E1
3.231347448E0,-1.306481123E0,-1.339980662E-1,6.896114826E0,7.020060406E0
3.233723073E0,1.153340459E0,-1.847259045E0,1.362473202E1,1.379767672E1
3.236098698E0,-2.392822690E-2,-4.019941986E-1,5.862415314E0,5.876230527E0
3.238474323E0,-9.906286001E-1,-1.311266780E0,1.335195065E1,1.345270797E1
3.240849896E0,1.464407444E0,-9.236295223E-1,7.207181931E0,7.412223151E0
3.243225521E0,-1.450050473E0,-9.092726111E-1,1.178704453E1,1.191066084E1
3.245601146E0,2.220539331E0,-1.335195065E0,8.949156761E0,9.316702610E0
3.247976771E0,-2.321038008E0,-1.866401732E-1,9.154939651E0,9.446426415E0
3.250352344E0,2.273181438E0,-1.990828395E0,1.120798111E1,1.160816920E1
3.252727969E0,-1.435693622E0,-2.871387079E-2,7.259823799E0,7.400478515E0
3.255103594E0,1.014556766E0,-1.952543259E0,1.345723438E1,1.363594177E1
3.257479219E0,-3.110669553E-1,-2.297109663E-1,6.034698486E0,6.047074962E0
3.259854844E0,-8.470591903E-1,-1.402194023E0,1.339023590E1,1.349007320E1
3.262230417E0,1.459621787E0,-9.475577474E-1,7.221538544E0,7.428255541E0
3.264606042E0,-1.512263894E0,-9.906286001E-1,1.170568848E1,1.184446832E1
3.266981667E0,2.110469580E0,-1.311266780E0,8.815158844E0,9.158631331E0
3.269357292E0,-2.254039049E0,-2.536391914E-1,9.341579437E0,9.613018842E0
3.271732865E0,2.426322222E0,-2.081755638E0,1.115055370E1,1.159981008E1
3.274108490E0,-1.584048629E0,6.699903309E-2,7.546962738E0,7.711701855E0
3.276484115E0,9.954141974E-1,-1.981257200E0,1.333759308E1,1.352063677E1
3.278859740E0,-4.115654826E-1,-3.302095234E-1,6.106483459E0,6.129238510E0
3.281235365E0,-4.354937077E-1,-1.512263894E0,1.353380489E1,1.362499438E1
3.283610938E0,1.349551916E0,-9.667003751E-1,7.015756130E0,7.209482233E0
3.285986563E0,-1.636690736E0,-9.667003751E-1,1.186361504E1,1.201493354E1
3.288362188E0,2.220539331E0,-1.344766378E0,8.470592499E0,8.859465493E0
3.290737813E0,-1.986042738E0,-4.546363056E-1,9.796216011E0,1.000584370E1
3.293113386E0,2.660818815E0,-2.048256159E0,1.112662506E1,1.162226722E1
3.295489011E0,-1.856830359E0,-4.307080805E-2,7.551748276E0,7.776797290E0
3.297864636E0,1.129412293E0,-1.981257200E0,1.339980698E1,1.359248981E1
3.300240261E0,-3.397808075E-1,-5.503492355E-1,6.221338749E0,6.254869392E0
3.302615834E0,-1.914258115E-2,-1.560120344E0,1.367258835E1,1.376132312E1
3.304991459E0,1.201196909E0,-1.119840980E0,6.680760860E0,6.879642688E0
3.307367084E0,-1.531406522E0,-1.019342422E0,1.198804188E1,1.212837223E1
3.309742709E0,2.383251429E0,-1.473978758E0,8.465806961E0,8.917532633E0
3.312118334E0,-1.794616938E0,-5.647061467E-1,1.023649502E1,1.040794760E1
3.314493907E0,2.641676188E0,-2.129612207E0,1.089212894E1,1.140842558E1
3.316869532E0,-2.043470621E0,-1.339980662E-1,7.905886173E0,8.166808670E0
3.319245157E0,1.349551916E0,-2.206182480E0,1.329452229E1,1.354373856E1
3.321620782E0,-2.632105052E-1,-7.082754970E-1,6.460621357E0,6.504656968E0
3.323996355E0,1.100698411E-1,-1.670190215E0,1.371565914E1,1.381741497E1
3.326371980E0,9.762716293E-1,-1.244267821E0,6.441478729E0,6.632794051E0
3.328747605E0,-1.430907965E0,-1.119840980E0,1.227996540E1,1.241366552E1
3.331123230E0,2.435893536E0,-1.641476393E0,8.365307808E0,8.866024858E0
3.333498803E0,-1.952543259E0,-5.838487148E-1,1.071027374E1,1.090244322E1
3.335874428E0,2.344966173E0,-2.172683001E0,1.060499001E1,1.107633652E1
3.338250053E0,-2.340180635E0,-1.770688742E-1,8.121239662E0,8.453539640E0
3.340625678E0,1.445264935E0,-2.277967215E0,1.337109280E1,1.364052961E1
3.343001251E0,-5.024927258E-1,-6.987041831E-1,6.455835342E0,6.512948368E0
3.345376876E0,-1.770688742E-1,-1.679761529E0,1.361037540E1,1.371478293E1
3.347752501E0,7.609176040E-1,-1.119840980E0,6.293123722E0,6.437114695E0
3.350128126E0,-1.502692580E0,-1.249053478E0,1.258146191E1,1.273229764E1
3.352503751E0,2.421536446E0,-1.531406522E0,8.365307808E0,8.842365035E0
3.354879323E0,-2.263610125E0,-5.886343718E-1,1.073898792E1,1.099073623E1
3.357254948E0,2.249253273E0,-1.990828395E0,1.065284634E1,1.106822809E1
3.359630573E0,-2.407179594E0,-3.349951804E-1,8.193024635E0,8.545898902E0
3.362006198E0,1.579262972E0,-2.234896421E0,1.329452229E1,1.357325150E1
3.364381771E0,-7.752745152E-1,-6.891329288E-1,6.336194515E0,6.420538584E0
3.366757396E0,-1.818545163E-1,-1.607976794E0,1.364387512E1,1.373950468E1
3.369133021E0,6.556333899E-1,-1.148554921E0,6.096911907E0,6.238699252E0
3.371508646E0,-1.359123230E0,-1.306481123E0,1.287817192E1,1.301543011E1
3.373884271E0,2.383251429E0,-1.426122308E0,8.245666504E0,8.700846413E0
3.376259844E0,-2.579462767E0,-5.982056856E-1,1.088255692E1,1.120006800E1
3.378635469E0,2.177468538E0,-1.919043779E0,1.051406288E1,1.090731940E1
3.381011094E0,-2.143969059E0,-4.546363056E-1,8.384450912E0,8.666159161E0
3.383386719E0,1.852044702E0,-2.182254314E0,1.308395386E1,1.339336224E1
3.385762292E0,-1.062413216E0,-5.982056856E-1,6.092126369E0,6.212936148E0
3.388137917E0,-2.871387079E-2,-1.607976794E0,1.363908863E1,1.373357756E1
3.390513542E0,9.188438654E-1,-1.124626637E0,5.977271080E0,6.151164823E0
3.392889167E0,-1.081555843E0,-1.292124271E0,1.326102352E1,1.336765099E1
3.395264740E0,2.287538528E0,-1.426122308E0,7.934599876E0,8.380007909E0
3.397640365E0,-2.416750908E0,-5.407779217E-1,1.096869946E1,1.124479851E1
3.400015990E0,2.469393015E0,-1.981257200E0,1.058584690E1,1.104913737E1
3.402391615E0,-1.856830359E0,-5.503492355E-1,8.279166222E0,8.502664088E0
3.404767240E0,2.005185366E0,-2.158325911E0,1.287338543E1,1.320618005E1
3.407142813E0,-1.033699393E0,-5.599204898E-1,6.001199245E0,6.115262691E0
3.409518438E0,2.440679073E-1,-1.737189293E0,1.364387512E1,1.375618858E1
3.411894063E0,1.138983607E0,-1.076770186E0,6.029912949E0,6.230294364E0
3.414269636E0,-1.067198873E0,-1.354337573E0,1.326580906E1,1.337740011E1
3.416645261E0,2.230110645E0,-1.277767301E0,7.848458290E0,8.258594329E0
3.419020886E0,-2.287538528E0,-7.848458290E-1,1.093519974E1,1.119943788E1
3.421396511E0,2.627319336E0,-1.808973908E0,1.054756260E1,1.101935889E1
3.423772136E0,-1.794616938E0,-4.929214716E-1,8.336593628E0,8.541803957E0
3.426147709E0,2.062613010E0,-2.177468538E0,1.247139168E1,1.282697751E1
3.428523334E0,-1.000199914E0,-4.019941986E-1,6.063412666E0,6.158487831E0
3.430898959E0,5.359922647E-1,-1.890329838E0,1.375872993E1,1.389831947E1
3.433274584E0,1.182054400E0,-8.901300430E-1,6.025127411E0,6.204171533E0
3.435650157E0,-1.253839016E0,-1.335195065E0,1.320838070E1,1.333477330E1
3.438025782E0,2.124826431E0,-1.153340459E0,7.862815380E0,8.226113741E0
3.440401355E0,-1.928615093E0,-9.188438654E-1,1.088255692E1,1.109026038E1
3.442777032E0,2.780459881E0,-1.746760488E0,1.046620655E1,1.096921186E1
3.445152657E0,-1.981257200E0,-4.498506486E-1,8.111668587E0,8.362231339E0
3.447528230E0,2.053041935E0,-2.096112728E0,1.231346512E1,1.265820260E1
3.449903855E0,-8.566305041E-1,-3.828516304E-1,6.259624004E0,6.329556372E0
3.452279480E0,7.800601721E-1,-1.938186288E0,1.380658627E1,1.396377042E1
3.454655053E0,9.810572863E-1,-7.322037220E-1,5.962913990E0,6.087276808E0
3.457030678E0,-1.225125194E0,-1.373480201E0,1.316530991E1,1.329333534E1
3.459406303E0,2.024327993E0,-1.076770186E0,7.810173035E0,8.139787509E0
3.461781928E0,-1.598405480E0,-9.667003751E-1,1.107876873E1,1.123514692E1
3.464157553E0,2.646461725E0,-1.655833244E0,1.007378292E1,1.054640440E1
3.466533126E0,-2.105684042E0,-2.871387303E-1,8.279166222E0,8.547569670E0
3.468908751E0,2.153540373E0,-2.143969059E0,1.205982590E1,1.243678978E1
3.471284376E0,-8.327022791E-1,-3.206382394E-1,6.446264267E0,6.507728096E0
3.473660001E0,8.518448472E-1,-1.804188251E0,1.390229988E1,1.404473841E1
3.476035573E0,4.977070987E-1,-6.652047038E-1,5.871986866E0,5.930467048E0
3.478411198E0,-1.210768223E0,-1.272981644E0,1.325623703E1,1.337214501E1
3.480786823E0,1.957328916E0,-1.115055323E0,7.666603565E0,7.990700538E0
3.483162448E0,-1.473978758E0,-9.619147182E-1,1.131326580E1,1.144936140E1
3.485538073E0,2.445464849E0,-1.555334687E0,9.533005714E0,9.963812637E0
3.487913646E0,-2.167897224E0,-2.297109663E-1,8.595019341E0,8.867181230E0
3.490289271E0,2.311466694E0,-2.177468538E0,1.186840057E1,1.228589352E1
3.492664896E0,-8.901300430E-1,-2.440679073E-1,6.829115868E0,6.891206293E0
3.495040521E0,7.561319470E-1,-1.914258122E0,1.374437332E1,1.389762273E1
3.497416094E0,2.823530734E-1,-4.977070987E-1,6.068198204E0,6.095118133E0
3.499791719E0,-9.858429432E-1,-1.426122308E0,1.319880962E1,1.331218564E1
3.502167344E0,1.928615093E0,-1.100698471E0,7.733603001E0,8.046098972E0
3.504542969E0,-1.526620865E0,-9.571290612E-1,1.127019501E1,1.141332392E1
3.506918542E0,2.383251429E0,-1.536192179E0,9.365508080E0,9.785321424E0
3.509294167E0,-2.100898266E0,-2.536391914E-1,8.834300995E0,9.084216005E0
3.511669792E0,2.459821701E0,-2.254039049E0,1.177268696E1,1.223632188E1
3.514045417E0,-1.076770186E0,-1.100698411E-1,7.101897717E0,7.183905663E0
3.516420990E0,7.274180651E-1,-1.942971945E0,1.363430309E1,1.379124715E1
3.518796615E0,1.339980662E-1,-6.125625968E-1,6.178267956E0,6.210006711E0
3.521172240E0,-5.503492355E-1,-1.497906923E0,1.328495121E1,1.338045358E1
3.523547865E0,1.761117458E0,-1.091127157E0,7.551748276E0,7.830772324E0
3.525923490E0,-1.689332843E0,-9.044869542E-1,1.137069321E1,1.153102797E1
3.528299063E0,2.373680115E0,-1.574477315E0,9.092725754E0,9.528431022E0
3.530674688E0,-1.942971945E0,-3.589234054E-1,9.231510162E0,9.440590335E0
3.533050313E0,2.517249346E0,-2.206182480E0,1.173440266E1,1.220245840E1
3.535425938E0,-1.574477315E0,-8.614161611E-2,7.130611420E0,7.302877406E0
3.537801511E0,6.891329288E-1,-1.919043779E0,1.371565914E1,1.386639603E1
3.540177136E0,-1.435693540E-2,-6.747759581E-1,6.154339790E0,6.191237919E0
3.542552761E0,-4.115654826E-1,-1.507478237E0,1.354816151E1,1.363798215E1
3.544928386E0,1.392622828E0,-1.172483087E0,7.087540627E0,7.317605282E0
3.547303959E0,-1.785045743E0,-8.757730722E-1,1.152861977E1,1.169882218E1
3.549679584E0,2.325823545E0,-1.540977836E0,8.968298912E0,9.392254960E0
3.552055209E0,-2.110469580E0,-3.828516304E-1,9.638289452E0,9.874071135E0
3.554430834E0,2.311466694E0,-2.163111687E0,1.146640587E1,1.189539381E1
3.556806459E0,-1.976471543E0,-4.785645381E-2,7.322037220E0,7.584257317E0
3.559182032E0,7.561319470E-1,-2.043470621E0,1.352901936E1,1.370335260E1
3.561557657E0,-2.009970993E-1,-7.226324677E-1,6.331408501E0,6.375682796E0
3.563933282E0,-4.689932466E-1,-1.435693622E0,1.339023590E1,1.347514706E1
3.566308907E0,1.024128079E0,-1.110269666E0,6.685546398E0,6.854054836E0
3.568684480E0,-1.808973908E0,-9.044869542E-1,1.183490086E1,1.200647165E1
3.571060105E0,2.344966173E0,-1.603191137E0,8.676374435E0,9.129543336E0
3.573435730E0,-2.153540373E0,-2.967100143E-1,1.002114105E1,1.025422064E1
3.575811355E0,2.124826431E0,-2.115255117E0,1.111226845E1,1.150963517E1
3.578186928E0,-2.244467735E0,9.571290575E-3,7.551748276E0,7.878237686E0
3.580562553E0,9.810572863E-1,-2.076970100E0,1.350509071E1,1.369904206E1
3.582938178E0,-3.493520916E-1,-5.982056856E-1,6.211767673E0,6.250276358E0
3.585313803E0,-5.551348329E-1,-1.421336651E0,1.330409431E1,1.339131428E1
3.587689376E0,9.379864931E-1,-1.024128079E0,6.431907177E0,6.580128184E0
3.590065001E0,-1.722832322E0,-9.475577474E-1,1.212203979E1,1.228046683E1
3.592440626E0,2.445464849E0,-1.507478237E0,8.642875671E0,9.107803733E0
3.594816251E0,-2.416750908E0,-2.823530734E-1,1.015035343E1,1.043791564E1
3.597191823E0,2.129612207E0,-1.919043779E0,1.101177025E1,1.137879876E1
3.599567448E0,-2.182254314E0,-1.674975902E-1,7.690532207E0,7.995909890E0
3.601943073E0,1.359123230E0,-2.038684845E0,1.353859043E1,1.375852037E1
3.604318698E0,-4.833501875E-1,-6.412764788E-1,5.996413708E0,6.049945477E0
3.606694271E0,-4.115654826E-1,-1.373480201E0,1.340937805E1,1.348581676E1
3.609069896E0,1.019342422E0,-1.134197950E0,6.254838467E0,6.438048478E0
3.611445521E0,-1.392622828E0,-1.172483087E0,1.259581852E1,1.272669474E1
3.613821146E0,2.569891453E0,-1.450050473E0,8.518448830E0,9.015040705E0
3.616196771E0,-2.560320139E0,-4.594219327E-1,1.026520920E1,1.058965663E1
3.618572344E0,2.325823545E0,-2.019542217E0,1.102612686E1,1.144829592E1
3.620947969E0,-1.852044702E0,-4.307080805E-1,7.805387497E0,8.033657511E0
3.623323594E0,1.651047587E0,-2.124826431E0,1.345723438E1,1.372362936E1
3.625699219E0,-6.173482537E-1,-7.130611539E-1,5.886343479E0,5.961427231E0
3.628074792E0,-1.962114573E-1,-1.607976794E0,1.337587833E1,1.347361160E1
3.630450417E0,1.239482164E0,-1.220339537E0,6.307480335E0,6.542923872E0
3.632826042E0,-1.229910851E0,-1.296909928E0,1.291167068E1,1.303479558E1
3.635201667E0,2.335394859E0,-1.507478237E0,8.317451477E0,8.769638468E0
3.637577240E0,-2.536391973E0,-4.546363056E-1,1.060020447E1,1.090890981E1
3.639952865E0,2.354537487E0,-2.057827473E0,1.091605663E1,1.135512189E1
3.642328490E0,-1.832902193E0,-5.072783828E-1,7.982456207E0,8.205880142E0
3.644704115E0,1.660618901E0,-2.124826431E0,1.309352589E1,1.336835677E1
3.647079688E0,-8.949156404E-1,-5.647061467E-1,5.871986866E0,5.966573287E0
3.649455313E0,-1.531406492E-1,-1.665404558E0,1.360080433E1,1.370324424E1
3.651830938E0,1.167697430E0,-1.158126116E0,6.211767673E0,6.425794193E0
3.654206563E0,-1.459621787E0,-1.138983607E0,1.301216984E1,1.314322424E1
3.656582188E0,2.120040894E0,-1.363908887E0,8.221738815E0,8.599523823E0
3.658957761E0,-2.531606436E0,-5.694918036E-1,1.054756260E1,1.086206375E1
3.661333386E0,2.359323025E0,-1.899901152E0,1.091127110E1,1.132395101E1
3.663709011E0,-2.057827473E0,-3.684946895E-1,7.929814339E0,8.200755922E0
3.666084584E0,1.593619823E0,-2.029113531E0,1.282552910E1,1.308247387E1
3.668460209E0,-9.619147182E-1,-4.402793646E-1,5.924628735E0,6.018334611E0
3.670835834E0,4.785645287E-3,-1.641476393E0,1.380658627E1,1.390382293E1
3.673211459E0,1.177268744E0,-9.044869542E-1,6.211767673E0,6.386714020E0
3.675587032E0,-1.622333765E0,-1.177268744E0,1.300738430E1,1.316092606E1
3.677962657E0,2.043470621E0,-1.162911773E0,8.183453560E0,8.514519842E0
3.680338230E0,-2.129612207E0,-7.561319470E-1,1.064806080E1,1.088522772E1
3.682713907E0,2.622533560E0,-1.770688772E0,1.083948612E1,1.129192102E1
3.685089532E0,-2.081755638E0,-3.445664644E-1,7.843672752E0,8.122538694E0
3.687465105E0,1.808973908E0,-1.947757602E0,1.265803146E1,1.293413727E1
3.689840730E0,-6.987041831E-1,-3.828516304E-1,6.049055576E0,6.101297917E0
3.692216355E0,4.881358147E-1,-1.785045743E0,1.395972729E1,1.408185538E1
3.694591980E0,1.086341500E0,-7.465606928E-1,6.077769279E0,6.219065053E0
3.696967553E0,-1.421336651E0,-1.196411371E0,1.298345566E1,1.311570505E1
3.699343178E0,2.139183521E0,-1.091127157E0,8.092526436E0,8.441306103E0
3.701718803E0,-1.631905079E0,-9.236295223E-1,1.082991505E1,1.099105389E1
3.704094428E0,2.708675146E0,-1.646261930E0,1.039920712E1,1.087155040E1
3.706470001E0,-2.076970100E0,-3.014956415E-1,8.006384850E0,8.276889680E0
3.708845626E0,2.096112728E0,-2.033899307E0,1.240917778E1,1.274825981E1
3.711221251E0,-5.694918036E-1,-4.115654826E-1,6.226124287E0,6.265646870E0
3.713596876E0,6.556333899E-1,-1.718046665E0,1.403629780E1,1.415624228E1
3.715972448E0,7.609176040E-1,-7.274180651E-1,5.891129494E0,5.984441440E0
3.718348073E0,-1.296909928E0,-1.244267821E0,1.307438278E1,1.319733545E1
3.720723698E0,2.139183521E0,-1.205982566E0,8.001599312E0,8.369951710E0
3.723099323E0,-1.555334687E0,-8.470591903E-1,1.099262714E1,1.113438040E1
3.725474948E0,2.459821701E0,-1.607976794E0,9.844072342E0,1.027336714E1
3.727850521E0,-2.191825628E0,-2.249253243E-1,8.245666504E0,8.534969659E0
3.730226146E0,2.172683001E0,-2.191825628E0,1.222732353E1,1.261079267E1
3.732601771E0,-7.082754970E-1,-2.392822653E-1,6.623332977E0,6.665391955E0
3.734977396E0,3.972085714E-1,-1.861616015E0,1.375394440E1,1.388504142E1
3.737352969E0,3.637090325E-1,-5.742774606E-1,6.116054535E0,6.153714483E0
3.739728594E0,-1.205982566E0,-1.397408366E0,1.299781227E1,1.312822410E1
3.742104219E0,1.952543259E0,-1.162911773E0,8.082955360E0,8.396365662E0
3.744479844E0,-1.746760488E0,-9.092726111E-1,1.086341476E1,1.104045874E1
3.746855417E0,2.230110645E0,-1.536192179E0,9.652647018E0,1.002531168E1
3.749231042E0,-2.277967215E0,-2.536391914E-1,8.508877754E0,8.812177263E0
3.751606667E0,2.148754835E0,-2.277967215E0,1.198804188E1,1.239029580E1
3.753982292E0,-1.153340459E0,-6.699903309E-2,6.848258495E0,6.945021778E0
3.756357865E0,2.440679073E-1,-1.866401672E0,1.372044468E1,1.384895760E1
3.758733490E0,9.571290761E-2,-6.173482537E-1,6.096911907E0,6.128834688E0
3.761109115E0,-9.714859724E-1,-1.450050473E0,1.314616776E1,1.326152925E1
3.763484740E0,1.694118381E0,-1.081555843E0,7.704888821E0,7.962732688E0
3.765860313E0,-1.957328916E0,-8.853443861E-1,1.103091240E1,1.123814929E1
3.768235938E0,2.239681959E0,-1.555334687E0,9.332008362E0,9.722223065E0
3.770611563E0,-2.110469580E0,-2.871387303E-1,8.958727837E0,9.208438247E0
3.772987188E0,2.344966173E0,-2.177468538E0,1.190668583E1,1.232920934E1
3.775362761E0,-1.497906923E0,-9.092725813E-2,6.886543751E0,7.048154209E0
3.777738386E0,4.737788737E-1,-1.828116536E0,1.370608807E1,1.383558190E1
3.780114011E0,1.818545163E-1,-7.082754970E-1,6.149554253E0,6.192878390E0
3.782489636E0,-5.024927258E-1,-1.430907965E0,1.328495121E1,1.337123499E1
3.784865209E0,1.636690736E0,-1.182054400E0,7.188039303E0,7.466184982E0
3.787240834E0,-1.741974831E0,-8.183453679E-1,1.134676456E1,1.150883276E1
3.789616459E0,2.555534601E0,-1.660618901E0,9.083154678E0,9.580819962E0
3.791992084E0,-1.789831281E0,-3.684946895E-1,9.394221306E0,9.570301891E0
3.794367709E0,2.536391973E0,-2.206182480E0,1.172004509E1,1.219261999E1
3.796743282E0,-1.493121386E0,-1.052841991E-1,7.144968510E0,7.300073372E0
3.799118907E0,9.236295223E-1,-1.995614052E0,1.375394440E1,1.392862353E1
3.801494532E0,4.354937077E-1,-8.614161611E-1,6.302694798E0,6.376178658E0
3.803870105E0,-1.244267747E-1,-1.483550072E0,1.339502144E1,1.347749985E1
3.806245730E0,1.785045743E0,-1.320838094E0,6.934400082E0,7.281270910E0
3.808621355E0,-1.450050473E0,-8.901300430E-1,1.160997581E1,1.173398979E1
3.810996980E0,2.880958557E0,-1.770688772E0,9.030512810E0,9.642894925E0
3.813372605E0,-1.622333765E0,-3.206382394E-1,9.801001549E0,9.939537569E0
3.815748178E0,2.507678032E0,-2.306680918E0,1.154297638E1,1.203534502E1
3.818123803E0,-1.593619823E0,-1.100698411E-1,7.369893551E0,7.541025823E0
3.820499428E0,1.210768223E0,-2.206182480E0,1.371565914E1,1.394462285E1
3.822875053E0,2.775674164E-1,-7.944171429E-1,6.297909260E0,6.353880965E0
3.825250626E0,-3.732803464E-1,-1.454836130E0,1.328973675E1,1.337434070E1
3.827626251E0,1.440479279E0,-1.258624673E0,6.809973240E0,7.073531802E0
3.830001876E0,-1.646261930E0,-1.000199914E0,1.197846985E1,1.213236655E1
3.832377501E0,2.723032236E0,-1.698904037E0,9.083154678E0,9.633528865E0
3.834753073E0,-2.354537487E0,-3.541377485E-1,9.805787086E0,1.009072449E1
3.837128698E0,2.038684845E0,-2.096112728E0,1.153819084E1,1.190293125E1
3.839504323E0,-2.029113531E0,-2.536391914E-1,7.393822193E0,7.671391085E0
3.841879948E0,1.028913736E0,-2.081755638E0,1.384008598E1,1.403354374E1
3.844255521E0,-4.019941986E-1,-7.465606928E-1,6.001199245E0,6.060803956E0
3.846631146E0,-9.858429432E-1,-1.339980721E0,1.330409431E1,1.340769780E1
3.849006771E0,1.033699393E0,-1.148554921E0,6.623332977E0,6.801194937E0
3.851382396E0,-1.919043779E0,-1.048056364E0,1.221296692E1,1.240716374E1
3.853757969E0,2.230110645E0,-1.469193101E0,8.934800148E0,9.325372676E0
3.856133594E0,-2.967100143E0,-2.201396823E-1,9.896714211E0,1.033426809E1
3.858509219E0,1.708475351E0,-1.928615093E0,1.141854954E1,1.170562761E1
3.860884844E0,-2.206182480E0,-2.679961324E-1,7.456035137E0,7.780200706E0
3.863260417E0,8.709874153E-1,-1.914258122E0,1.362951756E1,1.379082130E1
3.865636042E0,-8.135597110E-1,-6.364908218E-1,5.790630817E0,5.882040907E0
3.868011667E0,-1.014556766E0,-1.229910851E0,1.337587833E1,1.347056522E1
3.870387240E0,1.129412293E0,-1.153340459E0,6.522834301E0,6.719608148E0
3.872762865E0,-1.765903115E0,-9.475577474E-1,1.252881908E1,1.268808840E1
3.875138490E0,2.215753794E0,-1.435693622E0,8.618947029E0,9.014268076E0
3.877514115E0,-2.842673302E0,-1.435693651E-1,9.954142570E0,1.035308447E1
3.879889740E0,2.081755638E0,-2.009970903E0,1.138983536E1,1.175168239E1
3.882265313E0,-1.651047587E0,-3.110669553E-1,7.441678524E0,7.628977654E0
3.884640938E0,1.272981644E0,-1.923829436E0,1.338544941E1,1.358277799E1
3.887016563E0,-4.833501875E-1,-5.503492355E-1,5.632704735E0,5.680129780E0
3.889392188E0,-3.924229145E-1,-1.330409408E0,1.339980698E1,1.347140720E1
3.891767761E0,1.761117458E0,-1.134197950E0,6.417550564E0,6.750769951E0
3.894143386E0,-1.450050473E0,-9.284151793E-1,1.253360462E1,1.265131795E1
3.896519011E0,2.608176708E0,-1.335195065E0,8.590232849E0,9.076201408E0
3.898894636E0,-2.354537487E0,-3.397808075E-1,9.834501266E0,1.011813782E1
3.901270261E0,2.603390932E0,-1.986042738E0,1.140419292E1,1.186497477E1
3.903645834E0,-1.397408366E0,-3.206382394E-1,7.355536938E0,7.493963081E0
3.906021459E0,1.560120344E0,-1.909472466E0,1.310309696E1,1.333308706E1
3.908397084E0,-1.531406492E-1,-6.125625968E-1,5.627918720E0,5.663228241E0
3.910772657E0,-1.052841991E-1,-1.512263894E0,1.353380489E1,1.361843977E1
3.913148282E0,1.856830359E0,-1.009771109E0,6.594619274E0,6.925060292E0
3.915523907E0,-1.708475351E0,-1.048056364E0,1.244746304E1,1.260780101E1
3.917899532E0,2.431107759E0,-1.282552958E0,8.800801277E0,9.220050442E0
3.920275105E0,-2.215753794E0,-5.216353536E-1,9.863214493E0,1.012248331E1
3.922650730E0,2.550748825E0,-1.923829436E0,1.144247818E1,1.188014083E1
3.925026355E0,-1.875972986E0,-3.302095234E-1,7.173682213E0,7.422265791E0
3.927401980E0,1.249053478E0,-1.837687731E0,1.306959724E1,1.325713404E1
3.929777605E0,-4.211367965E-1,-5.359922647E-1,5.742774487E0,5.783087645E0
3.932153178E0,-2.632105052E-1,-1.483550072E0,1.376830196E1,1.385049961E1
3.934528803E0,1.306481123E0,-9.092726111E-1,6.441478729E0,6.635233065E0
3.936904428E0,-2.134397745E0,-8.518448472E-1,1.245703506E1,1.266724185E1
3.939280053E0,2.048256159E0,-1.272981644E0,8.848658562E0,9.171400869E0
3.941655626E0,-2.268395901E0,-5.503492355E-1,9.920642853E0,1.019154840E1
3.944031251E0,2.182254314E0,-1.785045743E0,1.120319557E1,1.155249814E1
3.946406876E0,-2.340180635E0,-1.579262912E-1,7.211967468E0,7.583789349E0
3.948782448E0,1.052842021E0,-1.852044702E0,1.301695538E1,1.319013545E1
3.951158073E0,-4.163511395E-1,-5.120640397E-1,5.862415314E0,5.899446683E0
3.953533698E0,-5.599204898E-1,-1.378265858E0,1.394537067E1,1.402449610E1
3.955909323E0,9.762716293E-1,-8.183453679E-1,6.446264267E0,6.570929800E0
3.958284948E0,-2.153540373E0,-8.997012973E-1,1.245224857E1,1.266908415E1
3.960660521E0,2.163111687E0,-1.263410330E0,8.992227554E0,9.334635195E0
3.963036146E0,-2.072184324E0,-5.264210105E-1,9.939785004E0,1.016712314E1
3.965411771E0,2.182254314E0,-1.780260086E0,1.089212894E1,1.125033479E1
3.967787396E0,-2.115255117E0,-8.614161611E-2,7.341179848E0,7.640330238E0
3.970162969E0,1.397408366E0,-2.038684845E0,1.306002617E1,1.329184974E1
3.972538594E0,-3.828516230E-2,-3.206382394E-1,6.092126369E0,6.100678514E0
3.974914219E0,-4.402793646E-1,-1.550549030E0,1.373001671E1,1.382430494E1
3.977289844E0,1.196411371E0,-7.417750359E-1,6.618547440E0,6.766594460E0
3.979665417E0,-1.617548108E0,-1.124626637E0,1.227517986E1,1.243226800E1
3.982041042E0,2.569891453E0,-1.272981644E0,9.083154678E0,9.525152138E0
3.984416667E0,-1.828116536E0,-5.934200287E-1,9.700503349E0,9.889080980E0
3.986792292E0,2.498106956E0,-1.837687731E0,1.083948612E1,1.127439994E1
3.989167865E0,-1.651047587E0,-1.531406492E-1,7.508677483E0,7.689580465E0
3.991543490E0,1.823330879E0,-2.196611166E0,1.313181114E1,1.343853042E1
3.993919115E0,1.387837082E-1,-3.397808075E-1,6.192625046E0,6.203492313E0
3.996294740E0,-3.924229145E-1,-1.603191137E0,1.368694592E1,1.378610554E1
3.998670261E0,1.349551916E0,-9.044869542E-1,6.728617191E0,6.921970553E0
4.001045938E0,-1.119840980E0,-1.287338614E0,1.242353535E1,1.254015610E1
4.003421563E0,2.593819857E0,-1.363908887E0,8.949156761E0,9.416769915E0
4.005797188E0,-2.038684845E0,-5.551348329E-1,9.734002113E0,9.960683095E0
4.008172761E0,2.502892494E0,-2.009970903E0,1.075334454E1,1.122224900E1
4.010548334E0,-1.555334687E0,-3.014956415E-1,7.575676441E0,7.739563240E0
4.012924011E0,1.655833244E0,-2.201396942E0,1.328495121E1,1.356752965E1
4.015299636E0,-3.589234054E-1,-4.450650215E-1,6.053841114E0,6.080781292E0
4.017675209E0,-6.699903607E-1,-1.531406522E0,1.364387512E1,1.374588743E1
4.020050834E0,1.177268744E0,-9.714859724E-1,6.876972198E0,7.044323481E0
4.022426459E0,-1.301695466E0,-1.258624673E0,1.229432297E1,1.242694349E1
4.024802084E0,2.091326952E0,-1.363908887E0,8.690732002E0,9.042273973E0
4.027177657E0,-2.349751949E0,-4.019941986E-1,9.743574142E0,1.003096060E1
4.029553282E0,2.277967215E0,-2.033899307E0,1.069591713E1,1.112333243E1
4.031928907E0,-1.746760488E0,-1.866401732E-1,7.795815945E0,7.991292323E0
4.034304532E0,1.244267821E0,-2.081755638E0,1.317488194E1,1.339624660E1
4.036680105E0,-7.034898400E-1,-3.062812984E-1,6.226124287E0,6.273223240E0
4.039055730E0,-8.374879360E-1,-1.550549030E0,1.345723438E1,1.357213121E1
4.041431355E0,1.100698471E0,-9.427721500E-1,7.087540627E0,7.234195780E0
4.043806980E0,-1.521835208E0,-1.119840980E0,1.216511059E1,1.231096836E1
4.046182553E0,1.971685886E0,-1.311266780E0,8.484949112E0,8.809161551E0
4.048558178E0,-2.416750908E0,-3.589234054E-1,9.757930756E0,1.005916118E1
4.050933803E0,2.321038008E0,-2.096112728E0,1.076291656E1,1.120808989E1
4.053309428E0,-1.718046665E0,5.264209956E-2,7.948956966E0,8.132673139E0
4.055685001E0,1.091127157E0,-2.143969059E0,1.308873940E1,1.330797734E1
4.058060626E0,-6.173482537E-1,-2.679961324E-1,6.340980053E0,6.376595395E0
4.060436251E0,-5.168496966E-1,-1.631905079E0,1.345723438E1,1.356567009E1
4.062811876E0,1.339980721E0,-9.619147182E-1,7.116254330E0,7.304923267E0
4.065187448E0,-1.517049551E0,-1.134197950E0,1.194497108E1,1.209422087E1
4.067563073E0,2.230110645E0,-1.406979680E0,8.518448830E0,8.917228032E0
4.069938698E0,-2.024327993E0,-4.881358147E-1,9.896714211E0,1.011341350E1
4.072314323E0,2.742174864E0,-2.206182480E0,1.105484104E1,1.160156345E1
4.074689896E0,-1.679761529E0,-1.627119333E-1,7.738388538E0,7.920273426E0
4.077065521E0,1.186840057E0,-2.072184324E0,1.333280754E1,1.354497302E1
4.079441146E0,-2.009970993E-1,-6.556333899E-1,6.398407936E0,6.435050823E0
4.081816771E0,0.000000000E0,-1.713261008E0,1.354337597E1,1.365131114E1
4.084192344E0,1.521835208E0,-1.205982566E0,6.881757736E0,7.150452146E0
4.086567969E0,-1.411765337E0,-1.119840980E0,1.196411324E1,1.209905495E1
4.088943594E0,2.541177750E0,-1.598405480E0,8.566305161E0,9.077117854E0
4.091319219E0,-1.689332843E0,-6.508477330E-1,1.005942631E1,1.022103252E1
4.093694792E0,2.794816732E0,-2.273181438E0,1.113619614E1,1.170441023E1
4.096070417E0,-1.765903115E0,-2.057827413E-1,7.747959614E0,7.949316859E0
4.098446042E0,1.234696507E0,-2.148754835E0,1.335195065E1,1.357999296E1
4.100821667E0,-3.349951655E-2,-7.848458290E-1,6.326622963E0,6.375206923E0
4.103197240E0,-4.785645381E-2,-1.579262972E0,1.362951756E1,1.372079118E1
4.105572865E0,1.263410330E0,-1.253839016E0,6.628118515E0,6.862963863E0
4.107948490E0,-1.684547186E0,-1.057627559E0,1.200718403E1,1.217081524E1
4.110324115E0,2.493321180E0,-1.655833244E0,8.618947029E0,9.123852373E0
4.112699688E0,-1.971685886E0,-5.024927258E-1,1.021735287E1,1.041798175E1
4.115075313E0,2.321038008E0,-2.201396942E0,1.094477081E1,1.140269153E1
4.117450938E0,-2.191825628E0,-8.614161611E-2,7.747959614E0,8.052477764E0
4.119826511E0,8.997012973E-1,-2.139183521E0,1.335673618E1,1.355684218E1
4.122202136E0,-2.536391914E-1,-6.795616150E-1,6.417550564E0,6.458412504E0
4.124577761E0,-5.742774606E-1,-1.469193101E0,1.328016567E1,1.337352322E1
4.126953386E0,9.379864931E-1,-1.100698471E0,6.608976364E0,6.765347321E0
4.129328959E0,-1.909472466E0,-9.427721500E-1,1.207896900E1,1.226525159E1
4.131704584E0,2.388036966E0,-1.612762451E0,8.657232285E0,9.124220192E0
4.134080209E0,-2.383251429E0,-1.866401732E-1,1.009292603E1,1.037216842E1
4.136455834E0,2.062613010E0,-2.072184324E0,1.111226845E1,1.149046693E1
4.138831459E0,-2.177468538E0,-6.699903309E-2,7.575676441E0,7.882685561E0
4.141207032E0,9.858429432E-1,-2.024327993E0,1.348116302E1,1.366790206E1
4.143582657E0,-1.627119333E-1,-6.843472719E-1,6.230910301E0,6.270490375E0
4.145958282E0,-6.077769399E-1,-1.344766378E0,1.313181114E1,1.321447136E1
4.148333907E0,1.344766378E0,-1.138983607E0,6.604190350E0,6.835276911E0
4.150709480E0,-1.545763373E0,-1.019342422E0,1.211246777E1,1.225317586E1
4.153085105E0,2.761317253E0,-1.517049551E0,8.872586250E0,9.415365053E0
4.155460730E0,-2.383251429E0,-2.679961324E-1,9.801001549E0,1.009016059E1
4.157836355E0,2.301895380E0,-2.000399828E0,1.135155106E1,1.175406454E1
4.160211928E0,-1.550549030E0,-3.110669553E-1,7.427321434E0,7.593817790E0
4.162587553E0,1.397408366E0,-1.962114573E0,1.362473202E1,1.383603868E1
4.164963178E0,-6.221338734E-2,-7.513462901E-1,5.737988472E0,5.787305371E0
4.167338803E0,-4.450650215E-1,-1.296909928E0,1.322752380E1,1.329840006E1
4.169714323E0,1.785045743E0,-1.215553880E0,6.575476646E0,6.921044189E0
4.172090001E0,-1.316052437E0,-1.014556766E0,1.227996540E1,1.239188725E1
4.174465626E0,2.818745136E0,-1.631905079E0,8.834300995E0,9.415588797E0
4.176841251E0,-2.402393818E0,-1.674975902E-1,9.743574142E0,1.003677182E1
4.179216823E0,2.330609322E0,-2.143969059E0,1.152383423E1,1.195102918E1
4.181592448E0,-1.282552958E0,-4.785645306E-1,7.312466145E0,7.439497780E0
4.183968073E0,1.277767301E0,-1.933400750E0,1.347159195E1,1.366947393E1
4.186343698E0,-8.614161611E-2,-7.800601721E-1,5.723631859E0,5.777185812E0
4.188719271E0,-5.742774606E-1,-1.406979680E0,1.312223911E1,1.320994117E1
4.191094896E0,1.914258122E0,-1.268195987E0,6.757331371E0,7.136822296E0
4.193470521E0,-1.603191137E0,-9.284151793E-1,1.231825066E1,1.245678433E1
4.195846146E0,2.493321180E0,-1.588834286E0,8.901300430E0,9.379455968E0
4.198221719E0,-2.612962246E0,-2.249253243E-1,9.528220177E0,9.882567624E0
4.200597344E0,2.239681959E0,-2.177468538E0,1.177268696E1,1.218005348E1
4.202972969E0,-1.459621787E0,-3.445664644E-1,7.149754047E0,7.305354526E0
4.205348594E0,8.709874153E-1,-1.890329838E0,1.337109280E1,1.353211323E1
4.207724167E0,-2.153540403E-1,-7.226324677E-1,5.694917679E0,5.744620302E0
4.210099792E0,-8.853443861E-1,-1.421336651E0,1.330887985E1,1.341381062E1
4.212475417E0,1.861616015E0,-1.153340459E0,7.006184578E0,7.340465295E0
4.214850990E0,-2.187039852E0,-9.188438654E-1,1.209811115E1,1.232849183E1
4.217226615E0,2.287538528E0,-1.435693622E0,9.269794464E0,9.655213001E0
4.219602240E0,-2.627319336E0,-3.637090325E-1,9.336793900E0,9.706225398E0
4.221977865E0,2.134397745E0,-2.105684042E0,1.207896900E1,1.244552334E1
4.224353438E0,-1.617548108E0,-3.541377485E-1,6.896114826E0,7.092127687E0
4.226729063E0,5.647061467E-1,-1.737189293E0,1.336152172E1,1.348580670E1
4.229104688E0,-1.052841991E-1,-7.322037220E-1,5.733202934E0,5.780728582E0
4.231480313E0,-8.087740541E-1,-1.406979680E0,1.349551964E1,1.359274651E1
4.233855938E0,1.875972986E0,-1.115055323E0,7.063612461E0,7.393053768E0
4.236231511E0,-2.316252232E0,-7.944171429E-1,1.198325539E1,1.223088438E1
4.238607136E0,2.268395901E0,-1.478764415E0,9.389435768E0,9.772096408E0
4.240982761E0,-2.282752752E0,-4.354937077E-1,9.279366493E0,9.565942578E0
4.243358386E0,2.273181438E0,-2.014756680E0,1.204068375E1,1.241791703E1
4.245733959E0,-1.636690736E0,-3.541377485E-1,6.652047157E0,6.859584644E0
4.248109584E0,7.226324677E-1,-1.751546144E0,1.343809223E1,1.357101449E1
4.250485209E0,4.115654826E-1,-7.944171429E-1,5.742774487E0,5.812051578E0
4.252860782E0,-7.178468108E-1,-1.363908887E0,1.365823174E1,1.374492072E1
4.255236407E0,1.904686809E0,-1.028913736E0,7.025327206E0,7.351307208E0
4.257612032E0,-2.153540373E0,-6.939185858E-1,1.181097221E1,1.202573589E1
4.259987657E0,2.632104874E0,-1.655833244E0,9.772287369E0,1.025511386E1
4.262363230E0,-1.909472466E0,-3.828516304E-1,9.064012527E0,9.270867466E0
4.264738855E0,2.287538528E0,-2.053041935E0,1.199282742E1,1.238045731E1
4.267114480E0,-1.287338614E0,-2.297109663E-1,6.518048763E0,6.647929566E0
4.269490105E0,8.853443861E-1,-1.847259045E0,1.358644676E1,1.374000496E1
4.271865678E0,8.374879360E-1,-8.279166222E-1,5.881557941E0,5.998296074E0
4.274241303E0,-8.135597110E-1,-1.335195065E0,1.356251907E1,1.365234591E1
4.276616928E0,2.043470621E0,-1.024128079E0,7.293323517E0,7.643113137E0
4.278992553E0,-2.005185366E0,-8.709874153E-1,1.156211948E1,1.176698748E1
4.281368126E0,2.727817774E0,-1.598405480E0,9.997213364E0,1.048523557E1
4.283743751E0,-1.904686809E0,-4.163511395E-1,8.815158844E0,9.028189495E0
4.286119376E0,2.158325911E0,-2.076970100E0,1.190668583E1,1.227767661E1
4.288495001E0,-1.268195987E0,-2.440679073E-1,6.532405853E0,6.658844978E0
4.290870573E0,7.417750359E-1,-1.957328916E0,1.362951756E1,1.378931164E1
4.293246198E0,7.704889178E-1,-6.508477330E-1,6.077769279E0,6.160887546E0
4.295621823E0,-1.373480201E0,-1.378265858E0,1.332802200E1,1.346930715E1
4.297997448E0,1.794616938E0,-9.571290612E-1,7.633104324E0,7.899432107E0
4.300373021E0,-2.019542217E0,-8.757730722E-1,1.131805134E1,1.153012642E1
4.302748646E0,2.464607239E0,-1.584048629E0,1.015513897E1,1.056931154E1
4.305124271E0,-2.392822742E0,-2.823530734E-1,8.475378036E0,8.811206319E0
4.307499896E0,1.756331801E0,-1.976471543E0,1.198325539E1,1.227149342E1
4.309875469E0,-1.268195987E0,-2.775674164E-1,6.494120598E0,6.622610291E0
4.312251094E0,4.402793646E-1,-1.837687731E0,1.384487152E1,1.397323905E1
4.314626719E0,3.972085714E-1,-6.652047038E-1,5.943771362E0,5.994054551E0
4.317002344E0,-1.679761529E0,-1.225125194E0,1.320359516E1,1.336628055E1
4.319377917E0,1.670190215E0,-1.076770186E0,7.829315662E0,8.077570992E0
4.321753490E0,-1.952543259E0,-9.667003751E-1,1.120798111E1,1.141778329E1
4.324129167E0,2.282752752E0,-1.550549030E0,9.939785004E0,1.031573983E1
4.326504792E0,-2.522035122E0,-2.249253243E-1,8.360522270E0,8.735535770E0
4.328880365E0,1.842473388E0,-2.124826431E0,1.199282742E1,1.231817783E1
4.331255990E0,-1.000199914E0,-3.110669553E-1,6.556334019E0,6.639478766E0
4.333631615E0,2.536391914E-1,-1.761117458E0,1.379701519E1,1.391127225E1
4.336007240E0,4.211367965E-1,-7.178468108E-1,6.096911907E0,6.153453912E0
4.338382813E0,-1.612762451E0,-1.287338614E0,1.300738430E1,1.317005276E1
4.340758438E0,1.899901152E0,-1.191625714E0,8.140382767E0,8.443661991E0
4.343134063E0,-1.847259045E0,-8.327022791E-1,1.092084217E1,1.110722975E1
4.345509636E0,2.316252232E0,-1.698904037E0,9.834501266E0,1.024542408E1
4.347885261E0,-2.254039049E0,-2.679961324E-1,8.279166222E0,8.584701934E0
4.350260886E0,2.043470621E0,-2.244467735E0,1.221296692E1,1.258451304E1
4.352636511E0,-6.317051649E-1,-2.823530734E-1,6.642475605E0,6.678417240E0
4.355012136E0,9.092725813E-2,-1.880758643E0,1.365823174E1,1.378741509E1
4.357387709E0,6.317051649E-1,-6.699903607E-1,6.355337143E0,6.421701387E0
4.359763334E0,-1.249053478E0,-1.387837172E0,1.280638695E1,1.294178401E1
4.362138959E0,2.263610125E0,-1.272981644E0,8.398807526E0,8.791153560E0
4.364514532E0,-1.875972986E0,-8.662018180E-1,1.051406288E1,1.071518075E1
4.366890157E0,2.402393818E0,-1.770688772E0,1.002114105E1,1.045610361E1
4.369265782E0,-1.981257200E0,-3.206382394E-1,8.226524353E0,8.467815061E0
4.371641407E0,2.148754835E0,-2.364108801E0,1.251924801E1,1.292043840E1
4.374016980E0,-6.412764788E-1,-2.871387303E-1,6.594619274E0,6.631944477E0
4.376392605E0,-7.657032460E-2,-1.799402595E0,1.370130253E1,1.381916798E1
4.378768230E0,7.513462901E-1,-8.997012973E-1,6.479763508E0,6.584931191E0
4.381143855E0,-1.062413216E0,-1.464407444E0,1.275853062E1,1.288616756E1
4.383519428E0,2.187039852E0,-1.277767301E0,8.389236450E0,8.763282536E0
4.385895053E0,-2.072184324E0,-7.417750359E-1,1.037049294E1,1.060147640E1
4.388270678E0,2.378465652E0,-1.828116536E0,1.003071213E1,1.046968456E1
4.390646303E0,-1.947757602E0,-3.110669553E-1,8.312665939E0,8.543473377E0
4.393021876E0,1.899901152E0,-2.215753794E0,1.272503090E1,1.305548163E1
4.395397448E0,-9.619147182E-1,-2.727817893E-1,6.532405853E0,6.608480617E0
4.397773126E0,-3.828516304E-1,-1.674975872E0,1.362951756E1,1.373738943E1
4.400148751E0,7.322037220E-1,-8.853443861E-1,6.675975323E0,6.774112745E0
4.402524271E0,-1.129412293E0,-1.316052437E0,1.271067429E1,1.282843743E1
4.404899948E0,1.847259045E0,-1.249053478E0,8.049455643E0,8.352618554E0
4.407275573E0,-2.254039049E0,-4.689932466E-1,1.037049294E1,1.062298312E1
4.409651198E0,2.383251429E0,-1.866401672E0,1.010728264E1,1.055085328E1
4.412026771E0,-1.895115495E0,-1.244267747E-1,8.394021988E0,8.606192532E0
4.414402344E0,1.617548108E0,-2.120040894E0,1.261496067E1,1.289372979E1
4.416778021E0,-9.571290612E-1,-1.387837082E-1,6.518048763E0,6.589409430E0
4.419153646E0,-3.062812984E-1,-1.627119422E0,1.355773354E1,1.365845762E1
4.421529219E0,1.009771109E0,-8.757730722E-1,6.747759819E0,6.878871909E0
4.423904844E0,-1.162911773E0,-1.196411371E0,1.240439224E1,1.251609807E1
4.426280469E0,2.024327993E0,-1.225125194E0,8.059026718E0,8.399211106E0
4.428656094E0,-2.081755638E0,-4.450650215E-1,1.029392338E1,1.051173858E1
4.431031667E0,2.651247501E0,-2.009970903E0,1.029870892E1,1.082277699E1
4.433407292E0,-1.770688772E0,-9.571290575E-3,8.360522270E0,8.545979345E0
4.435782917E0,1.564906001E0,-2.167897224E0,1.281117249E1,1.308720175E1
4.438158490E0,-7.417750359E-1,-3.206382394E-1,6.431907177E0,6.482473989E0
4.440534115E0,-5.742774159E-2,-1.727617979E0,1.364387512E1,1.375293751E1
4.442909740E0,1.143769264E0,-9.906286001E-1,6.685546398E0,6.854639582E0
4.445285365E0,-1.292124271E0,-1.220339537E0,1.228475189E1,1.241265253E1
4.447660938E0,2.230110645E0,-1.339980721E0,8.049455643E0,8.459472677E0
4.450036563E0,-1.919043779E0,-6.221339107E-1,1.030827999E1,1.050382864E1
4.452412188E0,2.790031195E0,-2.062613010E0,1.067198944E1,1.122185391E1
4.454787813E0,-1.957328916E0,-1.483550072E-1,7.996813297E0,8.234207224E0
4.457163386E0,1.359123230E0,-2.115255117E0,1.300738430E1,1.324815332E1
4.459539011E0,-5.407779217E-1,-5.790630579E-1,6.431907177E0,6.480523491E0
4.461914636E0,1.579262912E-1,-1.708475351E0,1.367258835E1,1.377982224E1
4.464290261E0,1.124626637E0,-1.129412293E0,6.518048763E0,6.710090676E0
4.466665834E0,-1.440479279E0,-1.095912814E0,1.228953743E1,1.242210673E1
4.469041459E0,2.392822742E0,-1.517049551E0,8.197810173E0,8.673588165E0
4.471417084E0,-1.794616938E0,-5.934200287E-1,1.052363396E1,1.069203764E1
4.473792657E0,2.670390129E0,-2.096112728E0,1.066241741E1,1.118980863E1
4.476168282E0,-2.100898266E0,-9.571290761E-2,8.015955925E0,8.287248269E0
4.478543907E0,1.282552958E0,-2.167897224E0,1.306481171E1,1.330541339E1
4.480919532E0,-3.972085714E-1,-6.364908218E-1,6.518048763E0,6.561086411E0
4.483295157E0,-2.392822690E-2,-1.584048629E0,1.364866066E1,1.374029550E1
4.485670730E0,9.379864931E-1,-1.177268744E0,6.340980053E0,6.517193291E0
4.488046355E0,-1.651047587E0,-1.076770186E0,1.224646664E1,1.240408551E1
4.490421980E0,2.368894339E0,-1.569691658E0,8.346165657E0,8.816692887E0
4.492797605E0,-2.076970100E0,-4.594219327E-1,1.062413216E1,1.083499227E1
4.495173178E0,2.258824587E0,-2.134397745E0,1.066720295E1,1.111067779E1
4.497548803E0,-2.368894339E0,-3.828516230E-2,7.958528042E0,8.303691633E0
4.499924428E0,1.182054400E0,-2.206182480E0,1.329452229E1,1.352807512E1
4.502300053E0,-4.498506486E-1,-6.508477330E-1,6.484549522E0,6.532637361E0
4.504675626E0,-4.450650215E-1,-1.536192179E0,1.338544941E1,1.348066116E1
4.507051251E0,8.614161611E-1,-1.110269666E0,6.498906136E0,6.649098999E0
4.509426876E0,-1.689332843E0,-1.076770186E0,1.227039433E1,1.243285391E1
4.511802448E0,2.431107759E0,-1.550549030E0,8.585447311E0,9.056731903E0
4.514178073E0,-2.440679073E0,-3.924229145E-1,1.028435135E1,1.057727719E1
4.516553698E0,2.120040894E0,-1.995614052E0,1.099262714E1,1.137167096E1
4.518929323E0,-2.196611166E0,-1.722832322E-1,7.676175117E0,7.986140905E0
4.521304896E0,1.186840057E0,-2.072184324E0,1.350030518E1,1.370987881E1
4.523680521E0,-4.259224236E-1,-6.604190469E-1,6.087340832E0,6.137856436E0
4.526056146E0,-5.216353536E-1,-1.421336651E0,1.325623703E1,1.334241813E1
4.528431719E0,1.105484009E0,-1.100698471E0,6.340980053E0,6.530058197E0
4.530807344E0,-1.478764415E0,-1.086341500E0,1.237089348E1,1.250623395E1
4.533182969E0,2.651247501E0,-1.435693622E0,8.604590416E0,9.117527390E0
4.535558594E0,-2.507678032E0,-2.584248483E-1,1.004506969E1,1.035657558E1
4.537934219E0,2.297109842E0,-1.923829436E0,1.117448139E1,1.156922070E1
4.540309792E0,-1.665404558E0,-3.062812984E-1,7.618747234E0,7.804658224E0
4.542685417E0,1.521835208E0,-1.981257200E0,1.348116302E1,1.371069360E1
4.545061042E0,-2.488535494E-1,-6.987041831E-1,5.857629776E0,5.904400242E0
4.547436615E0,-3.302095234E-1,-1.368694544E0,1.332802200E1,1.340218391E1
4.549812188E0,1.703689694E0,-1.196411371E0,6.431907177E0,6.760428143E0
4.552187865E0,-1.225125194E0,-1.043270707E0,1.252403355E1,1.262698546E1
4.554563490E0,2.790031195E0,-1.564906001E0,8.604590416E0,9.179988077E0
4.556939063E0,-2.311466694E0,-2.249253243E-1,9.982855797E0,1.024943313E1
4.559314688E0,2.464607239E0,-2.120040894E0,1.135155106E1,1.180790301E1
4.561690313E0,-1.330409408E0,-3.972085714E-1,7.556533813E0,7.683031115E0
4.564065938E0,1.517049551E0,-1.995614052E0,1.337109280E1,1.360404489E1
4.566441511E0,-1.962114573E-1,-6.652047038E-1,5.742774487E0,5.784501278E0
4.568817084E0,-4.163511395E-1,-1.363908887E0,1.329452229E1,1.337078601E1
4.571192761E0,1.890329838E0,-1.249053478E0,6.575476646E0,6.954881352E0
4.573568386E0,-1.526620865E0,-9.619147182E-1,1.243789196E1,1.256809483E1
4.575943959E0,2.555534601E0,-1.497906923E0,8.781659126E0,9.267794735E0
4.578319584E0,-2.502892494E0,-3.589234054E-1,9.734002113E0,1.005704201E1
4.580695209E0,2.388036966E0,-2.124826431E0,1.166261768E1,1.209273580E1
4.583070834E0,-1.512263894E0,-3.349951804E-1,7.298109055E0,7.460667506E0
4.585446407E0,9.954141974E-1,-1.947757602E0,1.331366539E1,1.349215680E1
4.587821980E0,-2.392822653E-1,-6.317051649E-1,5.675775528E0,5.715831983E0
4.590197657E0,-6.364908218E-1,-1.473978758E0,1.339980698E1,1.349564970E1
4.592573282E0,1.852044702E0,-1.100698471E0,6.905686378E0,7.233955423E0
4.594948855E0,-2.091326952E0,-9.571290612E-1,1.210289669E1,1.231949077E1
4.597324480E0,2.273181438E0,-1.368694544E0,9.164510727E0,9.540908524E0
4.599700105E0,-2.488535643E0,-4.115654826E-1,9.533005714E0,9.861054393E0
4.602075678E0,2.277967215E0,-2.024327993E0,1.183490086E1,1.222096219E1
4.604451303E0,-1.746760488E0,-3.110669553E-1,6.896114826E0,7.120697617E0
4.606826928E0,7.322037220E-1,-1.761117458E0,1.326102352E1,1.339747744E1
4.609202553E0,-1.292124242E-1,-6.029912829E-1,5.666203976E0,5.699663309E0
4.611578126E0,-6.747759581E-1,-1.435693622E0,1.355294704E1,1.364547223E1
4.613953751E0,1.703689694E0,-1.019342422E0,6.929614544E0,7.208410038E0
4.616329376E0,-2.344966173E0,-8.518448472E-1,1.203111267E1,1.228707362E1
4.618705001E0,2.220539331E0,-1.397408366E0,9.274580956E0,9.638537076E0
4.621080573E0,-2.220539331E0,-4.785645306E-1,9.461220741E0,9.730083085E0
4.623456198E0,2.263610125E0,-1.986042738E0,1.183011532E1,1.220737175E1
4.625831823E0,-1.775474429E0,-2.823530734E-1,6.690331936E0,6.927667293E0
4.628207448E0,7.896314859E-1,-1.780260086E0,1.336630726E1,1.350744290E1
4.630583021E0,3.637090325E-1,-7.561319470E-1,5.704489231E0,5.765866558E0
4.632958646E0,-6.221339107E-1,-1.339980721E0,1.372044468E1,1.379975366E1
4.635334271E0,1.751546144E0,-1.048056364E0,6.920042992E0,7.214799446E0
4.637709896E0,-2.096112728E0,-7.657032609E-1,1.191625690E1,1.212341407E1
4.640085469E0,2.651247501E0,-1.579262972E0,9.638289452E0,1.012026721E1
4.642461042E0,-1.842473388E0,-4.402793646E-1,9.178867340E0,9.372308134E0
4.644836719E0,2.373680115E0,-2.014756680E0,1.170568848E1,1.211266876E1
4.647212292E0,-1.368694544E0,-2.009970993E-1,6.671189308E0,6.813111725E0
4.649587917E0,1.052842021E0,-1.947757602E0,1.348594856E1,1.366649350E1
4.651963542E0,8.231309652E-1,-7.178468108E-1,5.972485542E0,6.071526347E0
4.654339167E0,-7.896314859E-1,-1.421336651E0,1.351466274E1,1.361212051E1
4.656714740E0,1.966900229E0,-1.024128079E0,7.269395351E0,7.600108132E0
4.659090365E0,-1.890329838E0,-9.475577474E-1,1.162911797E1,1.181979684E1
4.661465990E0,2.794816732E0,-1.564906001E0,9.911071777E0,1.041581851E1
4.663841615E0,-1.909472466E0,-4.498506486E-1,8.863015175E0,9.077526573E0
4.666217188E0,2.210968018E0,-2.005185366E0,1.174397373E1,1.211734571E1
4.668592813E0,-1.296909928E0,-3.062812984E-1,6.685546398E0,6.817060528E0
4.670968438E0,8.662018180E-1,-1.981257200E0,1.360080433E1,1.377162169E1
4.673344063E0,5.886343718E-1,-6.317051649E-1,6.068198204E0,6.129320622E0
4.675719636E0,-1.363908887E0,-1.339980721E0,1.332802200E1,1.346447052E1
4.678095261E0,1.651047587E0,-9.954141974E-1,7.523034573E0,7.766135251E0
4.680470886E0,-1.981257200E0,-9.667003751E-1,1.145683479E1,1.166700275E1
4.682846511E0,2.344966173E0,-1.526620865E0,9.968499184E0,1.035376326E1
4.685222084E0,-2.574677229E0,-3.110669553E-1,8.556734085E0,8.941108639E0
4.687597709E0,1.713261008E0,-2.009970903E0,1.179183006E1,1.208397710E1
4.689973334E0,-1.493121386E0,-2.775674164E-1,6.704689026E0,6.874540717E0
4.692348907E0,3.828516304E-1,-1.842473388E0,1.380658627E1,1.393424228E1
4.694724532E0,9.571290575E-3,-6.699903607E-1,5.943771362E0,5.981420960E0
4.697100157E0,-1.866401672E0,-1.229910851E0,1.329930782E1,1.348583422E1
4.699475782E0,1.402194023E0,-1.086341500E0,7.752745152E0,7.953071314E0
4.701851355E0,-2.105684042E0,-9.619147182E-1,1.132283688E1,1.155706797E1
4.704226980E0,2.005185366E0,-1.584048629E0,9.868000984E0,1.019349900E1
4.706602605E0,-2.766103029E0,-2.153540403E-1,8.494520187E0,8.936138794E0
4.708978230E0,1.627119422E0,-2.191825628E0,1.199761295E1,1.230424048E1
4.711353803E0,-1.234696507E0,-2.919243574E-1,6.723831654E0,6.842485470E0
4.713729428E0,1.627119333E-1,-1.856830359E0,1.386880016E1,1.399349535E1
4.716105053E0,1.962114573E-1,-6.412764788E-1,6.068198204E0,6.105142415E0
4.718480678E0,-1.651047587E0,-1.325623751E0,1.306002617E1,1.323055252E1
4.720856251E0,1.895115495E0,-1.225125194E0,8.116454124E0,8.424323239E0
4.723231876E0,-1.780260086E0,-8.614161611E-1,1.104526901E1,1.122093273E1
4.725607501E0,2.282752752E0,-1.794616938E0,9.729216576E0,1.015328840E1
4.727983073E0,-2.287538528E0,-2.536391914E-1,8.403593063E0,8.713067298E0
4.730358698E0,2.129612207E0,-2.373680115E0,1.227996540E1,1.268728323E1
4.732734323E0,-6.269195080E-1,-2.967100143E-1,6.747759819E0,6.783312427E0
4.735109948E0,2.009970993E-1,-1.904686809E0,1.372523022E1,1.385821692E1
4.737485521E0,6.317051649E-1,-7.369893789E-1,6.360122681E0,6.433767580E0
4.739861146E0,-1.028913736E0,-1.473978758E0,1.283988667E1,1.296510572E1
4.742236771E0,2.321038008E0,-1.244267821E0,8.331808090E0,8.738103106E0
4.744612396E0,-1.741974831E0,-8.949156404E-1,1.063848972E1,1.081724613E1
4.746987969E0,2.512463808E0,-1.741974831E0,9.853643417E0,1.031703636E1
4.749363594E0,-1.871187329E0,-2.632105052E-1,8.480163574E0,8.688141115E0
4.751739219E0,2.330609322E0,-2.335394859E0,1.244746304E1,1.287731125E1
4.754114844E0,-6.891329288E-1,-2.536391914E-1,6.599404812E0,6.640134103E0
4.756490417E0,5.264209956E-2,-1.727617979E0,1.375872993E1,1.386687003E1
4.758866042E0,7.226324677E-1,-8.374879360E-1,6.393621922E0,6.488604241E0
4.761241667E0,-8.470591903E-1,-1.383051515E0,1.292602825E1,1.302737683E1
4.763617240E0,2.148754835E0,-1.249053478E0,8.126026154E0,8.497622196E0
4.765992865E0,-2.048256159E0,-6.652047038E-1,1.056670475E1,1.078392785E1
4.768368490E0,2.416750908E0,-1.837687731E0,9.872786522E0,1.032907038E1
4.770744115E0,-1.899901152E0,-2.679961324E-1,8.465806961E0,8.680514605E0
4.773119688E0,1.885544300E0,-2.167897224E0,1.256710434E1,1.289136018E1
4.775495313E0,-1.119840980E0,-1.435693651E-1,6.565905571E0,6.662264776E0
4.777870938E0,-2.919243574E-1,-1.698904037E0,1.360558987E1,1.371435636E1
4.780246563E0,6.221339107E-1,-8.422735929E-1,6.628118515E0,6.710322679E0
4.782622136E0,-1.196411371E0,-1.258624673E0,1.280638695E1,1.292358630E1
4.784997761E0,1.718046665E0,-1.253839016E0,7.891529083E0,8.173128403E0
4.787373334E0,-2.321038008E0,-4.546363056E-1,1.057627583E1,1.083750534E1
4.789749011E0,2.263610125E0,-1.885544300E0,9.939785004E0,1.036718544E1
4.792124584E0,-2.029113531E0,-9.571290761E-2,8.585447311E0,8.822492177E0
4.794500209E0,1.579262972E0,-2.215753794E0,1.249053383E1,1.278346869E1
4.796875834E0,-1.225125194E0,-7.657032460E-2,6.642475605E0,6.754944627E0
4.799251355E0,-3.445664644E-1,-1.694118381E0,1.359123230E1,1.370074299E1
4.801627032E0,8.039883971E-1,-8.757730722E-1,6.709474564E0,6.813987433E0
4.804002657E0,-1.311266780E0,-1.182054400E0,1.245224857E1,1.257677096E1
4.806378282E0,1.852044702E0,-1.143769264E0,7.886743546E0,8.181625845E0
4.808753855E0,-2.086541414E0,-4.737788737E-1,1.051406288E1,1.072956848E1
4.811129480E0,2.603390932E0,-1.947757602E0,1.009771156E1,1.060826012E1
4.813505105E0,-1.919043779E0,4.785645287E-3,8.465806961E0,8.680589809E0
4.815880730E0,1.651047587E0,-2.105684042E0,1.263888931E1,1.291903195E1
4.818256303E0,-7.896314859E-1,-2.967100143E-1,6.513263226E0,6.567659595E0
4.820631928E0,1.818545163E-1,-1.708475351E0,1.361037540E1,1.371839195E1
4.823007553E0,1.148554921E0,-8.949156404E-1,6.632904530E0,6.790837570E0
4.825383178E0,-1.100698471E0,-1.129412293E0,1.237567902E1,1.247575811E1
4.827758751E0,2.354537487E0,-1.330409408E0,7.810173035E0,8.265146024E0
4.830134376E0,-1.607976794E0,-6.125625968E-1,1.060020447E1,1.073895512E1
4.832510001E0,3.072384357E0,-1.990828395E0,1.044227791E1,1.106544673E1
4.834885626E0,-1.842473388E0,-9.092725813E-2,8.130811691E0,8.337450132E0
4.837261198E0,1.794616938E0,-2.072184324E0,1.296431351E1,1.325096308E1
4.839636771E0,-2.919243574E-1,-5.838487148E-1,6.422336102E0,6.455424088E0
4.842012448E0,5.312066078E-1,-1.641476393E0,1.374915886E1,1.385698360E1
4.844388021E0,1.201196909E0,-1.124626637E0,6.312266350E0,6.523217424E0
4.846763646E0,-1.081555843E0,-1.105484009E0,1.237089348E1,1.246719148E1
4.849139271E0,2.589034081E0,-1.454836130E0,7.977670670E0,8.512512846E0
4.851514896E0,-1.564906001E0,-6.317051649E-1,1.070070267E1,1.083295988E1
4.853890469E0,2.837887764E0,-2.057827473E0,1.037527943E1,1.095146949E1
4.856266094E0,-2.029113531E0,-5.264209956E-2,8.126026154E0,8.375701401E0
4.858641719E0,1.545763373E0,-2.187039852E0,1.297867012E1,1.325210949E1
4.861017344E0,-3.302095234E-1,-6.317051649E-1,6.422336102E0,6.461771487E0
4.863392917E0,1.962114573E-1,-1.622333765E0,1.366780281E1,1.376514800E1
4.865768542E0,8.566305041E-1,-1.095912814E0,6.111268997E0,6.267571258E0
4.868144167E0,-1.445264935E0,-1.071984529E0,1.244746304E1,1.257685484E1
4.870519688E0,2.435893536E0,-1.493121386E0,8.106883049E0,8.595611762E0
4.872895365E0,-2.053041935E0,-4.259224236E-1,1.066241741E1,1.086662487E1
4.875270990E0,2.325823545E0,-1.990828395E0,1.044227791E1,1.088182066E1
4.877646615E0,-2.354537487E0,-2.392822690E-2,8.102097511E0,8.437322053E0
4.880022188E0,1.354337573E0,-2.153540373E0,1.307438278E1,1.331958902E1
4.882397813E0,-5.982056856E-1,-5.312066078E-1,6.393621922E0,6.443479788E0
4.884773438E0,-3.828516304E-1,-1.555334687E0,1.336152172E1,1.345718782E1
4.887149011E0,7.082754970E-1,-9.906286001E-1,6.192625046E0,6.311228419E0
4.889524636E0,-1.603191137E0,-1.071984529E0,1.245224857E1,1.260070900E1
4.891900261E0,2.392822742E0,-1.469193101E0,8.379665375E0,8.837585691E0
4.894275886E0,-2.478964329E0,-3.732803464E-1,1.044227791E1,1.073898367E1
4.896651511E0,2.167897224E0,-1.842473388E0,1.078684425E1,1.115573823E1
4.899027084E0,-2.210968018E0,-2.392822653E-1,7.843672752E0,8.152842316E0
4.901402709E0,1.430907965E0,-2.057827473E0,1.347637749E1,1.370747612E1
4.903778334E0,-5.359922647E-1,-6.317051649E-1,6.005984783E0,6.062853482E0
4.906153907E0,-3.589234054E-1,-1.454836130E0,1.346201992E1,1.354515982E1
4.908529532E0,1.129412293E0,-1.095912814E0,6.240481377E0,6.435853078E0
4.910905157E0,-1.335195065E0,-1.201196909E0,1.261496067E1,1.274216828E1
4.913280782E0,2.694318295E0,-1.392622828E0,8.504091263E0,9.028749505E0
4.915656355E0,-2.354537487E0,-4.498506486E-1,1.033699417E1,1.061129874E1
4.918031980E0,2.435893536E0,-1.957328916E0,1.091127110E1,1.134991413E1
4.920407605E0,-1.679761529E0,-4.067798555E-1,7.953742504E0,8.139354303E0
4.922783230E0,1.785045743E0,-2.076970100E0,1.335673618E1,1.363461017E1
4.925158751E0,-3.445664644E-1,-7.417750359E-1,5.905486107E0,5.961855618E0
4.927534428E0,-1.100698411E-1,-1.512263894E0,1.344766331E1,1.353287500E1
4.929910053E0,1.646261930E0,-1.263410330E0,6.360122681E0,6.690107960E0
4.932285573E0,-1.153340459E0,-1.182054400E0,1.278245831E1,1.288870386E1
4.934661251E0,2.660818815E0,-1.531406522E0,8.403593063E0,8.946817260E0
4.937036876E0,-2.402393818E0,-3.541377485E-1,1.028913784E1,1.057181475E1
4.939412501E0,2.512463808E0,-2.124826431E0,1.119362450E1,1.166724437E1
4.941788073E0,-1.502692580E0,-4.450650215E-1,7.767102242E0,7.923638375E0
4.944163698E0,1.545763373E0,-2.067398787E0,1.322752380E1,1.347705117E1
4.946539323E0,-4.977070987E-1,-6.364908218E-1,5.867201328E0,5.922574132E0
4.948914948E0,-2.919243574E-1,-1.564906001E0,1.354816151E1,1.364136470E1
4.951290521E0,1.622333765E0,-1.239482164E0,6.537191391E0,6.848587750E0
4.953666146E0,-1.646261930E0,-1.129412293E0,1.269153118E1,1.284759566E1
4.956041771E0,2.349751949E0,-1.411765337E0,8.671588898E0,9.094551644E0
4.958417396E0,-2.584248543E0,-4.881358147E-1,1.004985523E1,1.038827258E1
4.960792969E0,2.321038008E0,-2.062613010E0,1.145683479E1,1.187015810E1
4.963168594E0,-1.837687731E0,-3.876372576E-1,7.594819069E0,7.823594796E0
4.965544219E0,1.119840980E0,-1.976471543E0,1.320359516E1,1.339758966E1
4.967919792E0,-6.412764788E-1,-6.269195080E-1,5.757131100E0,5.826561773E0
4.970295417E0,-5.886343718E-1,-1.593619823E0,1.367258835E1,1.377772792E1
4.972671042E0,1.440479279E0,-1.057627559E0,6.623332977E0,6.860181946E0
4.975046667E0,-2.201396942E0,-1.105484009E0,1.257188988E1,1.281095853E1
4.977422240E0,2.005185366E0,-1.287338614E0,8.839086533E0,9.154641434E0
4.979797865E0,-2.603390932E0,-5.982056856E-1,9.987641335E0,1.033868821E1
4.982173490E0,2.201396942E0,-1.947757602E0,1.152861977E1,1.189743594E1
4.984549063E0,-2.187039852E0,-3.445664644E-1,7.278966427E0,7.608233803E0
4.986924688E0,8.470591903E-1,-1.875972986E0,1.314616776E1,1.330633348E1
4.989300313E0,-5.312066078E-1,-5.934200287E-1,5.900700569E0,5.954208176E0
4.991675938E0,-5.934200287E-1,-1.550549030E0,1.373480225E1,1.383478017E1
4.994051511E0,1.210768223E0,-9.714859724E-1,6.556334019E0,6.737600496E0
4.996427136E0,-2.311466694E0,-9.140582681E-1,1.245224857E1,1.269790831E1
4.998802761E0,2.053041935E0,-1.335195065E0,8.910871506E0,9.241285519E0
5.001178386E0,-2.239681959E0,-6.029912829E-1,9.882357597E0,1.015089974E1
5.003553959E0,2.254039049E0,-1.923829436E0,1.130369377E1,1.168568802E1
5.005929584E0,-2.105684042E0,-2.297109663E-1,7.073183537E0,7.383535586E0
5.008305209E0,1.071984529E0,-1.957328916E0,1.318923855E1,1.337670740E1
5.010680782E0,-4.785645287E-3,-6.173482537E-1,5.737988472E0,5.771105048E0
5.013056407E0,-5.168496966E-1,-1.411765337E0,1.383530045E1,1.391674363E1
5.015432032E0,1.469193101E0,-9.332008362E-1,6.522834301E0,6.751056176E0
5.017807657E0,-1.990828395E0,-1.033699393E0,1.226082325E1,1.246433788E1
5.020183230E0,2.541177750E0,-1.383051515E0,9.279366493E0,9.719930986E0
5.022558855E0,-1.909472466E0,-5.694918036E-1,9.743574142E0,9.945232178E0
5.024934480E0,2.335394859E0,-2.043470621E0,1.115055370E1,1.157431161E1
5.027310105E0,-1.751546144E0,-2.153540403E-1,7.116254330E0,7.331805163E0
5.029685678E0,1.383051515E0,-2.100898266E0,1.320838070E1,1.344574006E1
5.032061303E0,3.254238665E-1,-5.886343718E-1,6.005984783E0,6.043529129E0
5.034436928E0,-6.173482537E-1,-1.564906001E0,1.355773354E1,1.366170517E1
5.036812553E0,1.517049551E0,-8.997012973E-1,6.886543751E0,7.108824558E0
5.039188126E0,-1.703689694E0,-1.138983607E0,1.203589821E1,1.220912314E1
5.041563751E0,2.612962246E0,-1.435693622E0,9.327222824E0,9.792133245E0
5.043939376E0,-2.000399828E0,-5.694918036E-1,9.279366493E0,9.509603719E0
5.046314948E0,2.311466694E0,-1.976471543E0,1.119362450E1,1.159942013E1
5.048690573E0,-1.579262972E0,-2.009970993E-1,6.991827965E0,7.170783057E0
5.051066198E0,1.383051515E0,-2.148754835E0,1.340459251E1,1.364599133E1
5.053441823E0,2.488535494E-1,-4.737788737E-1,5.962913990E0,5.986880470E0
5.055817396E0,-9.427721500E-1,-1.512263894E0,1.353859043E1,1.365537229E1
5.058193021E0,1.459621787E0,-9.858429432E-1,7.106683254E0,7.321702599E0
5.060568646E0,-1.497906923E0,-1.182054400E0,1.194497108E1,1.209641732E1
5.062944271E0,2.440679073E0,-1.421336651E0,9.336793900E0,9.754631338E0
5.065319844E0,-2.258824587E0,-4.450650215E-1,9.217152596E0,9.500330171E0
5.067695469E0,2.206182480E0,-2.057827473E0,1.117926693E1,1.157920136E1
5.070071094E0,-1.464407444E0,-2.584248483E-1,7.197610378E0,7.349616842E0
5.072446719E0,1.162911773E0,-2.038684845E0,1.352423382E1,1.372637971E1
5.074822292E0,-9.092725813E-2,-4.929214716E-1,5.900700569E0,5.921951245E0
5.077197917E0,-1.081555843E0,-1.392622828E0,1.351944828E1,1.363395186E1
5.079573542E0,1.473978758E0,-1.033699393E0,7.264609337E0,7.484363475E0
5.081949115E0,-1.502692580E0,-1.048056364E0,1.188275719E1,1.202316204E1
5.084324740E0,2.263610125E0,-1.435693622E0,9.116654396E0,9.502554096E0
5.086700365E0,-2.378465652E0,-2.584248483E-1,9.135796547E0,9.443868953E0
5.089075990E0,2.196611166E0,-2.091326952E0,1.129890823E1,1.169889210E1
5.091451563E0,-1.373480201E0,-1.818545163E-1,7.317251682E0,7.447260645E0
5.093827188E0,8.374879360E-1,-1.990828395E0,1.347159195E1,1.364362757E1
5.096202813E0,-2.344966233E-1,-3.014956415E-1,6.178267956E0,6.190063265E0
5.098578386E0,-1.110269666E0,-1.450050473E0,1.332323647E1,1.344782417E1
5.100954011E0,1.493121386E0,-9.954141974E-1,7.475177765E0,7.687557708E0
5.103329636E0,-1.655833244E0,-9.236295223E-1,1.168654537E1,1.183935040E1
5.105705261E0,2.143969059E0,-1.373480201E0,9.035298347E0,9.387207647E0
5.108080834E0,-2.311466694E0,-2.249253243E-1,9.145368576E0,9.435636495E0
5.110456459E0,2.340180635E0,-2.134397745E0,1.141376400E1,1.184508792E1
5.112832084E0,-1.359123230E0,5.742774159E-2,7.389036179E0,7.513212998E0
5.115207657E0,7.465606928E-1,-1.957328916E0,1.345244884E1,1.361458296E1
5.117583282E0,-7.657032460E-2,-4.019941986E-1,6.187839508E0,6.201356314E0
5.119958907E0,-7.513462901E-1,-1.473978758E0,1.333280754E1,1.343506202E1
5.122334532E0,1.737189293E0,-9.188438654E-1,7.513463020E0,7.766223487E0
5.124710105E0,-1.660618901E0,-8.614161611E-1,1.141376400E1,1.156605817E1
5.127085730E0,2.411965132E0,-1.421336651E0,9.059226990E0,9.481949553E0
5.129461355E0,-1.957328916E0,-2.249253243E-1,9.178867340E0,9.387935531E0
5.131836928E0,2.636890650E0,-2.143969059E0,1.163390350E1,1.212012815E1
5.134212553E0,-1.277767301E0,9.571290575E-3,7.149754047E0,7.263040949E0
5.136588178E0,7.800601721E-1,-1.799402595E0,1.358644676E1,1.372726772E1
5.138963803E0,2.871387303E-1,-6.077769399E-1,6.230910301E0,6.267063478E0
5.141339376E0,-3.062812984E-1,-1.430907965E0,1.333759308E1,1.341762628E1
5.143715001E0,1.804188251E0,-1.067198873E0,7.278966427E0,7.574784546E0
5.146090626E0,-1.651047587E0,-7.944171429E-1,1.131326580E1,1.146067362E1
5.148466251E0,2.603390932E0,-1.564906001E0,9.087940216E0,9.582130896E0
5.150841823E0,-1.751546144E0,-2.919243574E-1,9.384650230E0,9.551167137E0
5.153217448E0,2.455035925E0,-2.105684042E0,1.160519028E1,1.204747061E1
5.155593073E0,-1.588834286E0,3.349951655E-2,7.183253765E0,7.356945783E0
5.157968698E0,7.178468108E-1,-1.952543259E0,1.347159195E1,1.363126989E1
5.160344271E0,2.105683982E-1,-6.795616150E-1,6.364908218E0,6.404545235E0
5.162719896E0,-5.647061467E-1,-1.296909928E0,1.322273827E1,1.329818317E1
5.165095521E0,1.473978758E0,-1.186840057E0,7.063612461E0,7.312716575E0
5.167471146E0,-1.952543259E0,-7.130611539E-1,1.138504982E1,1.157325541E1
5.169846667E0,2.402393818E0,-1.617548108E0,9.111868858E0,9.561072745E0
5.172222344E0,-2.081755638E0,-1.674975902E-1,9.499505997E0,9.726375284E0
5.174597969E0,1.957328916E0,-2.139183521E0,1.154297638E1,1.190157747E1
5.176973542E0,-1.990828395E0,7.178468257E-2,7.178467751E0,7.449761740E0
5.179349167E0,3.924229145E-1,-1.919043779E0,1.357209015E1,1.371270782E1
5.181724792E0,4.785645381E-2,-7.178468108E-1,6.259624004E0,6.300832243E0
5.184100417E0,-1.067198873E0,-1.296909928E0,1.302174091E1,1.312960872E1
5.186475990E0,1.253839016E0,-1.086341500E0,7.063612461E0,7.255816366E0
5.188851615E0,-2.143969059E0,-6.891329288E-1,1.146640587E1,1.168545981E1
5.191227240E0,2.354537487E0,-1.646261930E0,9.308079720E0,9.741374297E0
5.193602865E0,-2.483749866E0,-1.004985496E-1,9.308079720E0,9.634285725E0
5.195978438E0,1.732403636E0,-2.076970100E0,1.188275719E1,1.218667081E1
5.198354063E0,-1.837687731E0,-1.483550072E-1,6.967899323E0,7.207685230E0
5.200729688E0,4.785645306E-1,-1.842473388E0,1.375394440E1,1.388505379E1
5.203105261E0,9.092725813E-2,-7.704889178E-1,6.135197163E0,6.184057338E0
5.205480886E0,-1.124626637E0,-1.234696507E0,1.293081379E1,1.303822096E1
5.207856511E0,1.555334687E0,-1.162911773E0,6.977470875E0,7.242688009E0
5.210232136E0,-1.842473388E0,-8.279166222E-1,1.157169056E1,1.174666661E1
5.212607709E0,2.656033039E0,-1.660618901E0,9.437292099E0,9.943573241E0
5.214983282E0,-2.555534601E0,-1.818545163E-1,9.131011009E0,9.483627482E0
5.217358959E0,1.966900229E0,-2.057827473E0,1.208375454E1,1.241452674E1
5.219734532E0,-1.191625714E0,-4.115654826E-1,6.977470875E0,7.090448350E0
5.222110157E0,9.188438654E-1,-1.885544300E0,1.379701519E1,1.395554297E1
5.224485782E0,2.536391914E-1,-8.901300430E-1,5.948556900E0,6.020132351E0
5.226861407E0,-8.231309652E-1,-1.287338614E0,1.293559933E1,1.302553320E1
5.229236980E0,2.115255117E0,-1.383051515E0,7.188039303E0,7.619386112E0
5.231612605E0,-1.473978758E0,-8.614161611E-1,1.183490086E1,1.195740480E1
5.233988230E0,2.833101988E0,-1.823330879E0,9.365508080E0,9.953077110E0
5.236363855E0,-2.373680115E0,-1.579262912E-1,9.164510727E0,9.468239270E0
5.238739428E0,2.134397745E0,-2.234896421E0,1.216511059E1,1.255150714E1
5.241115053E0,-9.188438654E-1,-5.359922647E-1,7.068397999E0,7.147993566E0
5.243490678E0,8.853443861E-1,-1.813759565E0,1.361037540E1,1.375921063E1
5.245866251E0,3.158525825E-1,-9.667003751E-1,5.838487148E0,5.926398961E0
5.248241876E0,-9.619147182E-1,-1.258624673E0,1.297867012E1,1.307498735E1
5.250617501E0,2.244467735E0,-1.402194023E0,7.360322475E0,7.821644996E0
5.252993126E0,-1.799402595E0,-6.891329288E-1,1.173440266E1,1.189154992E1
5.255368698E0,2.502892494E0,-1.751546144E0,9.609575272E0,1.008346774E1
5.257744323E0,-2.603390932E0,-1.387837082E-1,8.896514893E0,9.270646283E0
5.260119948E0,1.904686809E0,-2.177468538E0,1.247139168E1,1.280253145E1
5.262495521E0,-1.119840980E0,-4.019941986E-1,6.795616150E0,6.898988477E0
5.264871146E0,2.871387303E-1,-1.684547186E0,1.352901936E1,1.363651395E1
5.267246771E0,1.579262912E-1,-7.944171429E-1,5.771488190E0,5.828045576E0
5.269622396E0,-1.220339537E0,-1.277767301E0,1.307438278E1,1.319323323E1
5.271997969E0,2.120040894E0,-1.205982566E0,7.542177200E0,7.926752441E0
5.274373594E0,-2.445464849E0,-6.173482537E-1,1.145204926E1,1.172650201E1
5.276749219E0,2.158325911E0,-1.584048629E0,9.887143135E0,1.024320166E1
5.279124792E0,-2.641676188E0,-2.584248483E-1,8.719446182E0,9.114492756E0
5.281500417E0,1.852044702E0,-2.067398787E0,1.272503090E1,1.302423198E1
5.283876042E0,-1.363908887E0,-3.924229145E-1,6.441478729E0,6.595975395E0
5.286251667E0,0.000000000E0,-1.584048629E0,1.342852020E1,1.352162582E1
5.288627240E0,3.445664644E-1,-8.183453679E-1,5.828916073E0,5.896157882E0
5.291002865E0,-1.215553880E0,-1.339980721E0,1.321795273E1,1.334119162E1
5.293378490E0,2.057827473E0,-1.177268744E0,7.628318787E0,7.988232790E0
5.295754115E0,-2.545963287E0,-6.364908218E-1,1.126540947E1,1.156704371E1
5.298129688E0,2.234896421E0,-1.684547186E0,1.008335495E1,1.046453574E1
5.300505313E0,-2.210968018E0,-4.259224236E-1,8.662017822E0,8.949879454E0
5.302880938E0,2.009970903E0,-2.100898266E0,1.268674564E1,1.301565487E1
5.305256511E0,-1.172483087E0,-4.594219327E-1,6.254838467E0,6.380343983E0
5.307632136E0,2.297109663E-1,-1.751546144E0,1.352423382E1,1.363911952E1
5.310007761E0,8.901300430E-1,-1.038485050E0,5.905486107E0,6.061810691E0
5.312383386E0,-9.619147182E-1,-1.335195065E0,1.339980698E1,1.350047602E1
5.314758959E0,2.244467735E0,-1.349551916E0,7.633104324E0,8.069895130E0
5.317134584E0,-2.335394859E0,-6.077769399E-1,1.117448139E1,1.143208189E1
5.319510209E0,2.589034081E0,-1.933400750E0,1.030349445E1,1.079829310E1
5.321885834E0,-1.804188251E0,-4.785645306E-1,8.537590981E0,8.739255060E0
5.324261407E0,1.995614052E0,-2.187039852E0,1.248574829E1,1.283197292E1
5.326637032E0,-1.009771109E0,-4.498506486E-1,6.163911343E0,6.262252497E0
5.329012657E0,4.067798555E-1,-1.832902193E0,1.362951756E1,1.375822478E1
5.331388230E0,1.196411371E0,-1.024128079E0,6.058627129E0,6.259968145E0
5.333763855E0,-1.272981644E0,-1.349551916E0,1.316052437E1,1.329064236E1
5.336139480E0,2.215753794E0,-1.220339537E0,7.948956966E0,8.341745040E0
5.338515105E0,-2.263610125E0,-8.279166222E-1,1.082034397E1,1.108554105E1
5.340890678E0,2.598605394E0,-1.861616015E0,1.066241741E1,1.113128516E1
5.343266303E0,-2.009970903E0,-4.402793646E-1,8.130811691E0,8.387128693E0
5.345641928E0,1.761117458E0,-2.124826431E0,1.249532032E1,1.279646248E1
5.348017501E0,-9.475577474E-1,-4.163511395E-1,6.125626087E0,6.212447900E0
5.350393073E0,2.297109663E-1,-1.899901152E0,1.380658627E1,1.393858730E1
5.352768751E0,1.057627559E0,-8.518448472E-1,6.183053493E0,6.330431755E0
5.355144376E0,-1.741974831E0,-1.325623751E0,1.305524063E1,1.323748702E1
5.357519948E0,1.947757602E0,-1.186840057E0,8.126026154E0,8.440062206E0
5.359895573E0,-2.105684042E0,-8.470591903E-1,1.081555843E1,1.105114106E1
5.362271198E0,2.488535643E0,-1.746760488E0,1.062891865E1,1.105522019E1
5.364646771E0,-2.287538528E0,-3.349951804E-1,7.948956966E0,8.278343502E0
5.367022396E0,1.674975872E0,-2.033899307E0,1.253360462E1,1.280755774E1
5.369398021E0,-7.609176040E-1,-4.259224236E-1,6.120840549E0,6.182644624E0
5.371773646E0,2.297109663E-1,-1.746760488E0,1.398844147E1,1.409895152E1
5.374149219E0,9.284151793E-1,-8.518448472E-1,6.058627129E0,6.188259616E0
5.376524844E0,-1.694118381E0,-1.167697430E0,1.298824120E1,1.315020774E1
5.378900469E0,2.139183521E0,-1.220339537E0,8.350951195E0,8.706533212E0
5.381276094E0,-1.804188251E0,-8.518448472E-1,1.073898792E1,1.092275590E1
5.383651667E0,2.522035122E0,-1.785045743E0,1.046620655E1,1.091276908E1
5.386027292E0,-2.120040894E0,-2.344966233E-1,7.929814339E0,8.211669593E0
5.388402917E0,1.813759565E0,-2.182254314E0,1.262453270E1,1.293950476E1
5.390778490E0,-3.684946895E-1,-4.307080805E-1,6.259624004E0,6.285235911E0
5.393154115E0,7.178468257E-2,-1.722832322E0,1.398844147E1,1.409431797E1
5.395529740E0,9.475577474E-1,-8.422735929E-1,6.259624004E0,6.386719280E0
5.397905365E0,-1.641476393E0,-1.258624673E0,1.275853062E1,1.292511835E1
5.400280938E0,2.239681959E0,-1.316052437E0,8.542376518E0,8.928626203E0
5.402656563E0,-1.823330879E0,-7.322037220E-1,1.051406288E1,1.069608228E1
5.405032188E0,2.388036966E0,-1.847259045E0,1.030827999E1,1.074130918E1
5.407407761E0,-2.139183521E0,-1.866401732E-1,7.776673794E0,8.067688392E0
5.409783386E0,1.770688772E0,-2.258824587E0,1.272024536E1,1.304002566E1
5.412159011E0,-3.158525825E-1,-3.397808075E-1,6.331408501E0,6.348381483E0
5.414534584E0,-3.349951804E-1,-1.761117458E0,1.367258835E1,1.378961307E1
5.416910209E0,8.470591903E-1,-7.657032609E-1,6.589833736E0,6.688028067E0
5.419285834E0,-1.560120344E0,-1.344766378E0,1.256231880E1,1.273005207E1
5.421661459E0,2.234896421E0,-1.244267821E0,8.791230202E0,9.155801051E0
5.424037032E0,-2.139183521E0,-6.795616150E-1,1.008814049E1,1.033481924E1
5.426412657E0,2.191825628E0,-1.880758643E0,1.036092186E1,1.075593113E1
5.428788282E0,-2.048256159E0,-1.244267747E-1,7.814958572E0,8.079877029E0
5.431163907E0,1.689332843E0,-2.330609322E0,1.291645622E1,1.323330747E1
5.433539480E0,-5.072783828E-1,-3.349951804E-1,6.278766632E0,6.308126786E0
5.435915105E0,-6.269195080E-1,-1.607976794E0,1.370608807E1,1.381432110E1
5.438290730E0,9.619147182E-1,-9.619147182E-1,6.695117950E0,6.831922440E0
5.440666303E0,-1.263410330E0,-1.320838094E0,1.253839111E1,1.267091436E1
5.443041928E0,2.282752752E0,-1.344766378E0,8.719446182E0,9.113072943E0
5.445417553E0,-2.187039852E0,-6.173482537E-1,9.853643417E0,1.011229701E1
5.447793178E0,2.378465652E0,-2.024327993E0,1.059541893E1,1.104617151E1
5.450168751E0,-1.689332843E0,-3.206382394E-1,7.752745152E0,7.941140455E0
5.452544376E0,1.708475351E0,-2.210968018E0,1.321795273E1,1.351005337E1
5.454920001E0,-4.689932466E-1,-3.589234054E-1,6.240481377E0,6.268364100E0
5.457295626E0,-4.977070987E-1,-1.713261008E0,1.358166122E1,1.369833922E1
5.459671198E0,1.182054400E0,-1.028913736E0,6.929614544E0,7.104609335E0
5.462046823E0,-1.091127157E0,-1.349551916E0,1.243310642E1,1.255364426E1
5.464422448E0,2.215753794E0,-1.406979680E0,8.432307243E0,8.831362417E0
5.466798021E0,-2.105684042E0,-4.498506486E-1,9.978070259E0,1.020774985E1
5.469173646E0,2.555534601E0,-2.124826431E0,1.051884842E1,1.103140139E1
5.471549271E0,-1.574477315E0,-1.674975902E-1,8.015955925E0,8.170837390E0
5.473924896E0,1.540977836E0,-2.201396942E0,1.301695538E1,1.329142161E1
5.476300469E0,-5.599204898E-1,-2.440679073E-1,6.312266350E0,6.341749488E0
5.478676094E0,-4.785645306E-1,-1.679761529E0,1.351944828E1,1.363180489E1
5.481051719E0,1.296909928E0,-9.714859724E-1,6.939185619E0,7.125872397E0
5.483427292E0,-1.263410330E0,-1.153340459E0,1.209332561E1,1.221371869E1
5.485802917E0,2.153540373E0,-1.277767301E0,8.417949677E0,8.782499768E0
5.488178542E0,-2.091326952E0,-3.972085714E-1,9.858428955E0,1.008563555E1
5.490554167E0,2.569891453E0,-2.086541414E0,1.071027374E1,1.121017220E1
5.492929740E0,-1.727617979E0,1.435693540E-2,7.920242786E0,8.106486033E0
5.495305365E0,1.215553880E0,-2.057827473E0,1.309352589E1,1.330987022E1
5.497680990E0,-5.551348329E-1,-2.871387303E-1,6.288337708E0,6.319320727E0
5.500056563E0,-3.014956415E-1,-1.617548108E0,1.350509071E1,1.360495633E1
5.502432188E0,1.215553880E0,-8.662018180E-1,6.886543751E0,7.046443192E0
5.504807813E0,-1.579262972E0,-9.714859724E-1,1.199761295E1,1.214004008E1
5.507183438E0,2.076970100E0,-1.335195065E0,8.226524353E0,8.589077575E0
5.509559011E0,-2.091326952E0,-3.732803464E-1,1.000199890E1,1.022511460E1
5.511934636E0,2.526820660E0,-1.971685886E0,1.085384369E1,1.131716796E1
5.514310261E0,-2.091326952E0,6.699903309E-2,7.743174076E0,8.020902821E0
5.516685886E0,9.954141974E-1,-1.866401672E0,1.321795273E1,1.338613383E1
5.519061459E0,-5.982056856E-1,-4.163511395E-1,6.221338749E0,6.263884908E0
5.521437084E0,-2.297109663E-1,-1.469193101E0,1.363430309E1,1.371515645E1
5.523812709E0,1.057627559E0,-9.714859724E-1,6.561119556E0,6.716446299E0
5.526188282E0,-1.765903115E0,-9.236295223E-1,1.193061352E1,1.209591023E1
5.528563907E0,2.287538528E0,-1.363908887E0,8.427521706E0,8.838337065E0
5.530939532E0,-2.005185366E0,-4.211367965E-1,1.009292603E1,1.029879994E1
5.533315157E0,2.493321180E0,-2.033899307E0,1.091605663E1,1.138040813E1
5.535690730E0,-2.076970100E0,3.828516230E-2,7.719245911E0,7.993874404E0
5.538066355E0,1.110269666E0,-2.057827473E0,1.331845093E1,1.352214805E1
5.540441980E0,-1.339980662E-1,-6.412764788E-1,6.379265308E0,6.412816610E0
5.542817553E0,-9.571290761E-2,-1.526620865E0,1.350987625E1,1.359619390E1
5.545193178E0,1.134197950E0,-1.115055323E0,6.436692715E0,6.630291582E0
5.547568803E0,-1.579262972E0,-1.019342422E0,1.208854008E1,1.223380283E1
5.549944428E0,2.608176708E0,-1.588834286E0,8.413164139E0,8.950324628E0
5.552320001E0,-1.899901152E0,-4.067798555E-1,1.033699417E1,1.051801040E1
5.554695626E0,2.426322222E0,-2.191825628E0,1.086341476E1,1.134481906E1
5.557071251E0,-2.086541414E0,-3.349951655E-2,7.747959614E0,8.024067265E0
5.559446823E0,1.249053478E0,-2.210968018E0,1.340937805E1,1.364770801E1
5.561822448E0,-8.135596663E-2,-6.795616150E-1,6.374479294E0,6.411116053E0
5.564198073E0,-3.684946895E-1,-1.502692580E0,1.328495121E1,1.337474493E1
5.566573646E0,1.119840980E0,-1.162911773E0,6.503692150E0,6.701075973E0
5.568949271E0,-1.588834286E0,-1.033699393E0,1.221775246E1,1.236391540E1
5.571324896E0,2.656033039E0,-1.651047587E0,8.729017258E0,9.272335840E0
5.573700521E0,-2.335394859E0,-3.589234054E-1,1.014078236E1,1.041241384E1
5.576076094E0,2.196611166E0,-2.086541414E0,1.124148083E1,1.164257905E1
5.578451719E0,-2.110469580E0,-3.158525825E-1,7.580461979E0,7.875103080E0
5.580827344E0,1.124626637E0,-2.033899307E0,1.364866066E1,1.384512439E1
5.583202969E0,-4.450650215E-1,-7.369893789E-1,6.087340832E0,6.147922789E0
5.585578542E0,-7.657032609E-1,-1.435693622E0,1.326102352E1,1.336047389E1
5.587954167E0,1.033699393E0,-1.091127157E0,6.541976929E0,6.712417973E0
5.590329792E0,-1.780260086E0,-1.071984529E0,1.240917778E1,1.258197798E1
5.592705365E0,2.378465652E0,-1.464407444E0,8.772088051E0,9.206036975E0
5.595080990E0,-2.842673302E0,-2.488535494E-1,9.949356079E0,1.035047854E1
5.597456615E0,1.847259045E0,-2.029113531E0,1.130848026E1,1.163664013E1
5.599832240E0,-2.005185366E0,-2.967100143E-1,7.609176159E0,7.874539161E0
5.602207813E0,1.014556766E0,-1.904686809E0,1.355773354E1,1.372841199E1
5.604583438E0,-6.364908218E-1,-6.843472719E-1,5.848058701E0,5.922266654E0
5.606959063E0,-9.092726111E-1,-1.296909928E0,1.323709488E1,1.333152028E1
5.609334636E0,1.292124271E0,-1.138983607E0,6.608976364E0,6.829746509E0
5.611710261E0,-1.737189293E0,-9.236295223E-1,1.250489140E1,1.265872138E1
5.614085886E0,2.316252232E0,-1.497906923E0,8.642875671E0,9.072378377E0
5.616461511E0,-2.813959360E0,-1.196411327E-1,9.824930191E0,1.022066214E1
5.618837084E0,2.086541414E0,-2.048256159E0,1.149990559E1,1.186578429E1
5.621212709E0,-1.521835208E0,-3.158525825E-1,7.369893551E0,7.532003466E0
5.623588334E0,1.134197950E0,-1.866401672E0,1.336152172E1,1.353883758E1
5.625963907E0,-2.727817893E-1,-6.125625968E-1,5.680561066E0,5.720001474E0
5.628339532E0,-5.312066078E-1,-1.306481123E0,1.330409431E1,1.337863965E1
5.630715157E0,1.976471543E0,-1.182054400E0,6.680760860E0,7.066559137E0
5.633090782E0,-1.550549030E0,-8.709874153E-1,1.238525009E1,1.251228361E1
5.635466355E0,2.656033039E0,-1.435693622E0,8.872586250E0,9.372220359E0
5.637841980E0,-2.268395901E0,-2.967100143E-1,9.580862045E0,9.850206816E0
5.640217605E0,2.660818815E0,-2.072184324E0,1.181575775E1,1.228763752E1
5.642593230E0,-1.177268744E0,-3.302095234E-1,7.221538544E0,7.324316962E0
5.644968803E0,1.244267821E0,-1.914258122E0,1.329930782E1,1.349385694E1
5.647344428E0,1.674975902E-1,-7.322037220E-1,5.747560024E0,5.796432003E0
5.649720053E0,-2.775674164E-1,-1.531406522E0,1.344766331E1,1.353742583E1
5.652095626E0,2.172683001E0,-1.167697430E0,6.939185619E0,7.364534321E0
5.654471251E0,-1.856830359E0,-9.619147182E-1,1.213161087E1,1.231052725E1
5.656846876E0,2.598605394E0,-1.488335729E0,9.250652313E0,9.723294784E0
5.659222448E0,-2.225325108E0,-4.929214716E-1,9.384650230E0,9.657468786E0
5.661598073E0,2.483749866E0,-2.148754835E0,1.205982590E1,1.249902242E1
5.663973698E0,-1.598405480E0,-4.163511395E-1,6.786045074E0,6.984171827E0
5.666349323E0,7.944171429E-1,-1.828116536E0,1.338066387E1,1.352831380E1
5.668724896E0,7.657032460E-2,-8.087740541E-1,5.714060307E0,5.771521781E0
5.671100469E0,-7.130611539E-1,-1.469193101E0,1.354816151E1,1.364623262E1
5.673476146E0,1.708475351E0,-1.148554921E0,6.982256413E0,7.279421065E0
5.675851719E0,-2.407179594E0,-8.135597110E-1,1.198804188E1,1.225436824E1
5.678227344E0,2.153540373E0,-1.459621787E0,9.466006279E0,9.817000905E0
5.680602969E0,-2.349751949E0,-5.264210105E-1,9.303294182E0,9.609876999E0
5.682978594E0,2.038684845E0,-2.005185366E0,1.193061352E1,1.226851838E1
5.685354167E0,-1.947757602E0,-2.488535494E-1,6.652047157E0,6.935807029E0
5.687729792E0,4.546363056E-1,-1.808973908E0,1.339502144E1,1.352426265E1
5.690105417E0,1.387837082E-1,-7.848458290E-1,5.685346603E0,5.740941551E0
5.692480990E0,-1.076770186E0,-1.306481123E0,1.367258835E1,1.377700980E1
5.694856615E0,1.478764415E0,-1.043270707E0,6.958328247E0,7.189818493E0
5.697232240E0,-2.445464849E0,-7.322037220E-1,1.183011532E1,1.210239848E1
5.699607865E0,2.340180635E0,-1.502692580E0,9.628718376E0,1.002231251E1
5.701983438E0,-2.244467735E0,-3.541377485E-1,9.126225471E0,9.404841323E0
5.704359063E0,1.995614052E0,-1.962114573E0,1.172483063E1,1.205421181E1
5.706734688E0,-1.560120344E0,-1.531406492E-1,6.580262184E0,6.764412610E0
5.709110313E0,7.752745152E-1,-1.856830359E0,1.347637749E1,1.362577043E1
5.711485886E0,6.604190469E-1,-6.077769399E-1,5.929414749E0,5.996958012E0
5.713861511E0,-1.004985452E0,-1.320838094E0,1.341894913E1,1.352119835E1
5.716237136E0,1.942971945E0,-9.092726111E-1,7.398607731E0,7.703331293E0
5.718612709E0,-1.808973908E0,-9.427721500E-1,1.152861977E1,1.170770172E1
5.720988334E0,2.828316450E0,-1.574477315E0,1.000678444E1,1.051732321E1
5.723363959E0,-1.837687731E0,-4.019941986E-1,8.719446182E0,8.920058142E0
5.725739532E0,2.340180635E0,-2.091326952E0,1.183968639E1,1.224860268E1
5.728115157E0,-9.379864931E-1,-2.967100143E-1,6.589833736E0,6.662864562E0
5.730490782E0,1.158126116E0,-2.048256159E0,1.368694592E1,1.388773192E1
5.732866407E0,1.019342422E0,-7.034898400E-1,6.068198204E0,6.193301734E0
5.735241980E0,-9.810572863E-1,-1.392622828E0,1.329930782E1,1.340796257E1
5.737617605E0,2.220539331E0,-1.162911773E0,7.728816986E0,8.125132043E0
5.739993230E0,-1.392622828E0,-1.095912814E0,1.134197903E1,1.147958673E1
5.742368855E0,2.900100946E0,-1.622333765E0,1.013121128E1,1.066226966E1
5.744744428E0,-1.981257200E0,-4.642075896E-1,8.470592499E0,8.711590329E0
5.747120053E0,2.311466694E0,-2.177468538E0,1.201675510E1,1.242926590E1
5.749495678E0,-7.417750359E-1,-4.354937077E-1,6.522834301E0,6.579304849E0
5.751871251E0,8.039883971E-1,-1.957328916E0,1.390708542E1,1.406714465E1
5.754246876E0,6.412764788E-1,-7.609176040E-1,5.991627693E0,6.073700152E0
5.756622501E0,-1.387837172E0,-1.311266780E0,1.319880962E1,1.333619466E1
5.758998073E0,1.909472466E0,-1.201196909E0,7.901100159E0,8.216832895E0
5.761373646E0,-1.756331801E0,-1.024128079E0,1.121755219E1,1.140030775E1
5.763749323E0,2.301895380E0,-1.698904037E0,9.848857880E0,1.025597381E1
5.766124948E0,-2.502892494E0,-2.871387303E-1,8.379665375E0,8.750183500E0
5.768500521E0,1.823330879E0,-2.201396942E0,1.214118195E1,1.247313044E1
5.770876146E0,-1.024128079E0,-3.493520916E-1,6.647261143E0,6.734758044E0
5.773251771E0,8.614161611E-2,-1.842473388E0,1.388315678E1,1.400514800E1
5.775627344E0,1.914258152E-1,-6.604190469E-1,6.072983742E0,6.111786047E0
5.778002969E0,-1.775474429E0,-1.359123230E0,1.306002617E1,1.325004939E1
5.780378594E0,1.722832322E0,-1.191625714E0,8.159524918E0,8.424130218E0
5.782754219E0,-2.120040894E0,-8.327022791E-1,1.095912743E1,1.119332124E1
5.785129792E0,2.043470621E0,-1.746760488E0,9.834501266E0,1.019531066E1
5.787505417E0,-2.584248543E0,-2.057827413E-1,8.298309326E0,8.693826818E0
5.789881042E0,1.737189293E0,-2.349751949E0,1.228953743E1,1.263217682E1
5.792256615E0,-9.044869542E-1,-2.009970993E-1,6.709474564E0,6.773148854E0
5.794632240E0,-2.105683982E-1,-1.871187329E0,1.361516094E1,1.374475495E1
5.797007865E0,3.972085714E-1,-6.891329288E-1,6.355337143E0,6.404919129E0
5.799383490E0,-1.330409408E0,-1.536192179E0,1.280638695E1,1.296662725E1
5.801759063E0,2.100898266E0,-1.191625714E0,8.413164139E0,8.753003838E0
5.804134688E0,-2.048256159E0,-8.374879360E-1,1.051406288E1,1.074440588E1
5.806510313E0,2.392822742E0,-1.823330879E0,9.997213364E0,1.044003885E1
5.808885886E0,-1.909472466E0,-2.679961324E-1,8.312665939E0,8.533365224E0
5.811261511E0,2.158325911E0,-2.397608280E0,1.264846039E1,1.305336916E1
5.813637136E0,-6.556333899E-1,-3.062812984E-1,6.427121639E0,6.467731901E0
5.816012761E0,-2.392822690E-2,-1.727617979E0,1.374437332E1,1.385254614E1
5.818388334E0,9.284151793E-1,-9.954141974E-1,6.470192432E0,6.611822312E0
5.820763959E0,-8.279166222E-1,-1.469193101E0,1.282552910E1,1.293592559E1
5.823139584E0,2.373680115E0,-1.316052437E0,8.240880966E0,8.676316638E0
5.825515157E0,-1.856830359E0,-6.939185858E-1,1.036570740E1,1.055354120E1
5.827890782E0,2.665604353E0,-1.971685886E0,1.012164021E1,1.065084937E1
5.830266407E0,-1.579262972E0,-3.397808075E-1,8.260024071E0,8.416502847E0
5.832641980E0,2.072184324E0,-2.287538528E0,1.281595802E1,1.318239585E1
5.835017605E0,-5.647061467E-1,-3.684946895E-1,6.427121639E0,6.462396919E0
5.837393178E0,-2.009970993E-1,-1.813759565E0,1.363908863E1,1.376062725E1
5.839768855E0,1.105484009E0,-1.067198873E0,6.766902447E0,6.939162561E0
5.842144428E0,-9.858429432E-1,-1.402194023E0,1.264846039E1,1.276407398E1
5.844520053E0,2.110469580E0,-1.454836130E0,8.216953278E0,8.607493897E0
5.846895678E0,-2.124826431E0,-5.982056856E-1,1.029392338E1,1.052794357E1
5.849271251E0,2.493321180E0,-2.086541414E0,1.035135078E1,1.084992021E1
5.851646876E0,-1.775474429E0,-2.440679073E-1,8.365307808E0,8.555130234E0
5.854022501E0,1.435693622E0,-2.349751949E0,1.282074356E1,1.311312380E1
5.856398126E0,-9.714859724E-1,-3.158525825E-1,6.585047722E0,6.663812824E0
5.858773698E0,-4.977070987E-1,-1.804188251E0,1.370130253E1,1.382853928E1
5.861149323E0,9.427721500E-1,-1.033699393E0,7.006184578E0,7.144506708E0
5.863524948E0,-1.598405480E0,-1.263410330E0,1.236132145E1,1.252810336E1
5.865900521E0,1.842473388E0,-1.335195065E0,8.312665939E0,8.618460945E0
5.868276146E0,-2.359323025E0,-5.455635786E-1,1.014078236E1,1.042590579E1
5.870651771E0,2.273181438E0,-2.158325911E0,1.070070267E1,1.115037049E1
5.873027396E0,-2.172683001E0,-6.221338734E-2,8.054241180E0,8.342375137E0
5.875402969E0,9.619147182E-1,-2.129612207E0,1.313659668E1,1.334281456E1
5.877778594E0,-8.901300430E-1,-4.307080805E-1,6.398407936E0,6.474369858E0
5.880154219E0,-5.742774606E-1,-1.670190215E0,1.358644676E1,1.370076150E1
5.882529792E0,8.949156404E-1,-9.810572863E-1,6.900900364E0,7.027501208E0
5.884905417E0,-1.808973908E0,-1.024128079E0,1.210289669E1,1.228011943E1
5.887281042E0,1.933400750E0,-1.392622828E0,8.245666504E0,8.583032850E0
5.889656667E0,-2.201396942E0,-4.402793646E-1,1.020778179E1,1.045173687E1
5.892032240E0,2.440679073E0,-1.995614052E0,1.087298584E1,1.132083084E1
5.894407865E0,-2.239681959E0,9.571290575E-3,7.771887779E0,8.088170778E0
5.896783490E0,9.714859724E-1,-1.947757602E0,1.323709488E1,1.341485093E1
5.899159063E0,-4.642075896E-1,-5.551348329E-1,6.283552170E0,6.325084287E0
5.901534688E0,-2.344966233E-1,-1.473978758E0,1.360080433E1,1.368245155E1
5.903910313E0,1.119840980E0,-1.033699393E0,6.599404812E0,6.773088079E0
5.906285938E0,-1.746760488E0,-8.374879360E-1,1.184925747E1,1.200655907E1
5.908661511E0,2.421536446E0,-1.450050473E0,8.518448830E0,8.973876286E0
5.911037136E0,-1.890329838E0,-3.397808075E-1,1.003071213E1,1.021293218E1
5.913412761E0,2.526820660E0,-2.053041935E0,1.098784161E1,1.146003783E1
5.915788334E0,-1.895115495E0,3.828516230E-2,7.613961697E0,7.846358468E0
5.918163959E0,1.091127157E0,-2.009970903E0,1.328495121E1,1.348037352E1
5.920539584E0,5.264209956E-2,-6.221339107E-1,6.340980053E0,6.371644201E0
5.922915157E0,-1.914258152E-1,-1.416550994E0,1.328016567E1,1.335687317E1
5.925290782E0,1.426122308E0,-1.076770186E0,6.652047157E0,6.887887213E0
5.927666407E0,-1.507478237E0,-8.853443861E-1,1.177747345E1,1.190651948E1
5.930042032E0,2.780459881E0,-1.622333765E0,8.743373871E0,9.317162156E0
5.932417605E0,-1.885544300E0,-2.057827413E-1,9.968499184E0,1.014734447E1
5.934793230E0,2.373680115E0,-2.100898266E0,1.114576817E1,1.158776419E1
5.937168855E0,-1.679761529E0,-1.914258115E-2,7.518248558E0,7.703637233E0
5.939544376E0,1.138983607E0,-2.009970903E0,1.341416359E1,1.361165131E1
5.941920053E0,1.387837082E-1,-6.317051649E-1,6.293123722E0,6.326272087E0
5.944295678E0,-5.551348329E-1,-1.330409408E0,1.300738430E1,1.308702450E1
5.946671303E0,1.483550072E0,-1.062413216E0,6.742974281E0,6.985509632E0
5.949046876E0,-1.603191137E0,-8.422735929E-1,1.179183006E1,1.193008394E1
5.951422501E0,2.727817774E0,-1.564906001E0,9.083154678E0,9.612159982E0
5.953798126E0,-2.459821701E0,-1.244267747E-1,9.451649666E0,9.767286534E0
5.956173698E0,2.005185366E0,-1.928615093E0,1.161954689E1,1.194797868E1
5.958549323E0,-1.746760488E0,-2.344966233E-1,7.188039303E0,7.400950607E0
5.960924948E0,8.566305041E-1,-1.852044702E0,1.366780281E1,1.381928794E1
5.963300521E0,-1.004985496E-1,-6.652047038E-1,5.919843197E0,5.957947695E0
5.965676146E0,-1.048056364E0,-1.186840057E0,1.299302673E1,1.308914646E1
5.968051771E0,1.488335729E0,-1.062413216E0,6.786045074E0,7.028105921E0
5.970427396E0,-1.890329838E0,-7.848458290E-1,1.193539906E1,1.210962759E1
5.972802969E0,2.435893536E0,-1.493121386E0,9.102297783E0,9.540168432E0
5.975178594E0,-2.790031195E0,-4.785645287E-3,9.298508644E0,9.708066748E0
5.977554219E0,1.799402595E0,-1.947757602E0,1.180140114E1,1.209564708E1
5.979929792E0,-1.526620865E0,-2.249253243E-1,7.049255371E0,7.216173775E0
5.982305417E0,6.364908218E-1,-1.631905079E0,1.358644676E1,1.369889668E1
5.984681042E0,-1.052841991E-1,-6.987041831E-1,5.723631859E0,5.767081927E0
5.987056667E0,-1.158126116E0,-1.071984529E0,1.286859989E1,1.296500174E1
5.989432240E0,1.847259045E0,-1.129412293E0,7.025327206E0,7.351405339E0
5.991807865E0,-1.823330879E0,-5.647061467E-1,1.179183006E1,1.194532062E1
5.994183490E0,2.435893536E0,-1.512263894E0,9.236295700E0,9.671074276E0
5.996559063E0,-2.603390932E0,1.627119333E-1,8.987442017E0,9.358324290E0
5.998934688E0,1.942971945E0,-1.986042738E0,1.216511059E1,1.247835812E1
6.001310313E0,-1.024128079E0,-2.440679073E-1,6.795616150E0,6.876685708E0
6.003685938E0,5.599204898E-1,-1.593619823E0,1.341416359E1,1.352009319E1
6.006061511E0,2.967100143E-1,-6.556333899E-1,5.714060307E0,5.759199351E0
6.008437136E0,-9.619147182E-1,-1.071984529E0,1.291167068E1,1.299175395E1
6.010812761E0,2.431107759E0,-1.153340459E0,7.360322475E0,7.836761199E0
6.013188334E0,-1.875972986E0,-5.072783828E-1,1.150469112E1,1.166767003E1
6.015563959E0,2.665604353E0,-1.603191137E0,9.676574707E0,1.016423959E1
6.017939584E0,-2.258824587E0,-7.178468257E-2,8.642875671E0,8.933461895E0
6.020315157E0,2.225325108E0,-2.067398787E0,1.270588779E1,1.306391190E1
6.022690782E0,-7.034898400E-1,-4.163511395E-1,6.441478729E0,6.493142109E0
6.025066407E0,4.354937077E-1,-1.540977836E0,1.346201992E1,1.355692619E1
6.027442032E0,8.087740541E-1,-8.518448472E-1,5.790630817E0,5.908566694E0
6.029817605E0,-8.997012973E-1,-1.253839016E0,1.298824120E1,1.307960183E1
6.032193230E0,2.612962246E0,-1.205982566E0,7.824530125E0,8.336980108E0
6.034568855E0,-2.158325911E0,-5.790630579E-1,1.105962658E1,1.128313010E1
6.036944428E0,2.512463808E0,-1.694118381E0,1.020299530E1,1.064347803E1
6.039320053E0,-2.067398787E0,-3.302095234E-1,8.475378036E0,8.730132240E0
6.041695678E0,2.043470621E0,-2.105684042E0,1.289252853E1,1.322221500E1
6.044071303E0,-8.709874153E-1,-5.120640397E-1,6.192625046E0,6.274506643E0
6.046446876E0,7.178468257E-2,-1.560120344E0,1.344766331E1,1.353804923E1
6.048822501E0,9.475577474E-1,-1.014556766E0,5.996413708E0,6.155011655E0
6.051198126E0,-1.167697430E0,-1.277767301E0,1.311745358E1,1.323116755E1
6.053573698E0,2.301895380E0,-1.282552958E0,7.872386456E0,8.301694582E0
6.055949323E0,-2.603390932E0,-4.019941986E-1,1.089212894E1,1.120614638E1
6.058324948E0,2.273181438E0,-1.885544300E0,1.055713367E1,1.096246791E1
6.060700521E0,-2.100898266E0,-3.972085714E-1,8.212167740E0,8.485944094E0
6.063076146E0,1.574477315E0,-2.048256159E0,1.294038486E1,1.319575282E1
6.065451771E0,-1.086341500E0,-4.929214716E-1,5.986842155E0,6.104538347E0
6.067827396E0,-3.780659735E-1,-1.564906001E0,1.353380489E1,1.362922373E1
6.070202969E0,9.954141974E-1,-1.009771109E0,6.163911343E0,6.324894478E0
6.072578594E0,-1.665404558E0,-1.129412293E0,1.309352589E1,1.324724744E1
6.074954219E0,2.072184324E0,-1.296909928E0,8.226524353E0,8.582052561E0
6.077329740E0,-2.770888567E0,-4.163511395E-1,1.051406288E1,1.088102431E1
6.079705417E0,2.182254314E0,-1.909472466E0,1.097827053E1,1.135476741E1
6.082081042E0,-2.048256159E0,-3.062812984E-1,7.905886173E0,8.172649369E0
6.084456667E0,1.225125194E0,-2.024327993E0,1.289731407E1,1.311257205E1
6.086832240E0,-8.805587292E-1,-4.785645306E-1,5.953342915E0,6.037110198E0
6.089207865E0,-3.493520916E-1,-1.627119422E0,1.357209015E1,1.367374109E1
6.091583490E0,1.301695466E0,-9.571290612E-1,6.460621357E0,6.659589735E0
6.093959063E0,-1.981257200E0,-1.153340459E0,1.272981644E1,1.293459705E1
6.096334688E0,2.134397745E0,-1.239482164E0,8.671588898E0,9.016009305E0
6.098710313E0,-2.498106956E0,-6.317051649E-1,1.012642574E1,1.044911901E1
6.101085886E0,2.450250387E0,-1.986042738E0,1.142333508E1,1.185076694E1
6.103461511E0,-2.005185366E0,-4.115654826E-1,7.446464062E0,7.722692634E0
6.105837136E0,1.210768223E0,-2.000399828E0,1.308395386E1,1.329125305E1
6.108212761E0,-3.876372576E-1,-5.838487148E-1,5.891129494E0,5.932667922E0
6.110588334E0,-2.584248483E-1,-1.698904037E0,1.378744411E1,1.389412371E1
6.112963959E0,1.497906923E0,-1.048056364E0,6.613761902E0,6.861777743E0
6.115339584E0,-2.067398787E0,-1.091127157E0,1.248096275E1,1.269799699E1
6.117715157E0,2.316252232E0,-1.459621787E0,8.977870941E0,9.386036799E0
6.120090782E0,-2.019542217E0,-7.226324677E-1,1.002114105E1,1.024812258E1
6.122466407E0,2.488535643E0,-2.076970100E0,1.135155106E1,1.180526687E1
6.124842032E0,-1.885544300E0,-4.354937077E-1,7.274180889E0,7.527193347E0
6.127217605E0,1.282552958E0,-2.072184324E0,1.316530991E1,1.338896093E1
6.129593230E0,3.349951655E-2,-8.183453679E-1,5.881557941E0,5.938310802E0
6.131968855E0,-3.302095234E-1,-1.612762451E0,1.393579865E1,1.403269486E1
6.134344428E0,1.517049551E0,-1.100698471E0,6.637690067E0,6.897239005E0
6.136720053E0,-1.995614052E0,-1.076770186E0,1.236610699E1,1.257229142E1
6.139095678E0,2.517249346E0,-1.545763373E0,9.231510162E0,9.692611029E0
6.141471251E0,-1.947757602E0,-6.364908218E-1,9.690931320E0,9.905202173E0
6.143846876E0,2.330609322E0,-2.115255117E0,1.132283688E1,1.175213508E1
6.146222501E0,-1.785045743E0,-2.919243574E-1,7.101897717E0,7.328612373E0
6.148598021E0,1.138983607E0,-2.120040894E0,1.332802200E1,1.354356037E1
6.150973698E0,2.775674164E-1,-6.652047038E-1,6.015556335E0,6.058585560E0
6.153349323E0,-7.465606928E-1,-1.588834286E0,1.364387512E1,1.375634674E1
6.155724948E0,1.488335729E0,-1.000199914E0,7.049255371E0,7.273757241E0
6.158100521E0,-2.005185366E0,-1.110269666E0,1.197368431E1,1.219108621E1
6.160476146E0,2.459821701E0,-1.560120344E0,9.662218094E0,1.009173705E1
6.162851771E0,-2.124826431E0,-5.455635786E-1,9.207581520E0,9.465309526E0
6.165227396E0,2.120040894E0,-2.053041935E0,1.138026428E1,1.175669893E1
6.167602969E0,-1.651047587E0,-2.823530734E-1,6.996613503E0,7.194322894E0
6.169978594E0,9.858429432E-1,-2.177468538E0,1.340937805E1,1.362074430E1
6.172354219E0,3.302095234E-1,-5.838487148E-1,6.044270039E0,6.081374676E0
6.174729792E0,-1.167697430E0,-1.560120344E0,1.352423382E1,1.366390841E1
6.177105417E0,1.450050473E0,-1.019342422E0,7.231110096E0,7.445176866E0
6.179481042E0,-1.775474429E0,-1.134197950E0,1.185404301E1,1.203981105E1
6.181856667E0,2.502892494E0,-1.521835208E0,9.695717812E0,1.012854368E1
6.184232240E0,-2.397608280E0,-4.498506486E-1,8.930013657E0,9.257215293E0
6.186607865E0,2.096112728E0,-2.062613010E0,1.157647610E1,1.194415589E1
6.188983490E0,-1.335195065E0,-3.110669553E-1,6.924828529E0,7.059232159E0
6.191359063E0,8.997012973E-1,-2.048256159E0,1.367737389E1,1.385912595E1
6.193734688E0,1.866401732E-1,-6.317051649E-1,6.005984783E0,6.041997946E0
6.196110313E0,-1.330409408E0,-1.368694544E0,1.333280754E1,1.346874422E1
6.198485886E0,1.660618901E0,-1.110269666E0,7.618747234E0,7.876272169E0
6.200861511E0,-1.607976794E0,-1.110269666E0,1.146640587E1,1.163171319E1
6.203237136E0,2.378465652E0,-1.512263894E0,9.628718376E0,1.003275927E1
6.205612709E0,-2.349751949E0,-3.110669553E-1,8.719446182E0,9.035864021E0
6.207988334E0,2.182254314E0,-2.201396942E0,1.169611740E1,1.209989854E1
6.210363959E0,-9.906286001E-1,-3.014956415E-1,6.891329288E0,6.968691700E0
6.212739584E0,7.130611539E-1,-1.947757602E0,1.366780281E1,1.382429201E1
6.215115157E0,3.684946895E-1,-6.125625968E-1,6.092126369E0,6.133924109E0
6.217490782E0,-1.158126116E0,-1.426122308E0,1.312223911E1,1.325021661E1
6.219866407E0,2.014756680E0,-1.186840057E0,7.939385414E0,8.276573841E0
6.222241980E0,-1.483550072E0,-9.954141974E-1,1.123669529E1,1.137783333E1
6.224617605E0,2.426322222E0,-1.660618901E0,9.552147865E0,9.994409612E0
6.226993230E0,-2.081755638E0,-2.584248483E-1,8.685946465E0,8.935667626E0
6.229368855E0,2.407179594E0,-2.349751949E0,1.201196957E1,1.247410360E1
6.231744428E0,-7.417750359E-1,-1.722832322E-1,6.900900364E0,6.942790329E0
6.234120053E0,4.594219327E-1,-2.000399828E0,1.366780281E1,1.382105284E1
6.236495626E0,5.455635786E-1,-6.412764788E-1,6.259624004E0,6.315993019E0
6.238871251E0,-1.009771109E0,-1.488335729E0,1.298824120E1,1.311217718E1
6.241246876E0,2.163111687E0,-1.201196909E0,8.130811691E0,8.498942578E0
6.243622501E0,-1.761117458E0,-8.901300430E-1,1.083470058E1,1.101292890E1
6.245998073E0,2.383251429E0,-1.679761529E0,9.647860527E0,1.007882428E1
6.248373698E0,-2.005185366E0,-2.775674164E-1,8.647661209E0,8.881433241E0
6.250749323E0,2.306680918E0,-2.316252232E0,1.222732353E1,1.265674690E1
6.253124948E0,-9.379864931E-1,-1.674975902E-1,6.757331371E0,6.824177706E0
6.255500521E0,9.571290761E-2,-1.804188251E0,1.372044468E1,1.383888935E1
6.257876146E0,4.450650215E-1,-7.800601721E-1,6.340980053E0,6.404264577E0
6.260251771E0,-9.284151793E-1,-1.430907965E0,1.301695538E1,1.312823597E1
6.262627344E0,2.019542217E0,-1.205982566E0,7.953742504E0,8.294272996E0
6.265002969E0,-2.091326952E0,-7.226324677E-1,1.065763187E1,1.088489611E1
6.267378594E0,2.388036966E0,-1.741974831E0,9.810572624E0,1.024619598E1
6.269754167E0,-2.024327993E0,-2.679961324E-1,8.484949112E0,8.727203858E0
6.272129792E0,1.923829436E0,-2.163111687E0,1.246182060E1,1.279363688E1
6.274505417E0,-1.172483087E0,-1.818545163E-1,6.666403770E0,6.771168797E0
6.276881042E0,-2.344966233E-1,-1.737189293E0,1.361037540E1,1.372279614E1
6.279256615E0,5.359922647E-1,-8.183453679E-1,6.556334019E0,6.628913381E0
6.281632240E0,-1.095912814E0,-1.349551916E0,1.274895859E1,1.286694448E1
6.284007865E0,1.737189293E0,-1.229910851E0,7.891529083E0,8.173538928E0
6.286383438E0,-2.206182480E0,-5.455635786E-1,1.057149029E1,1.081301473E1
6.288759063E0,2.344966173E0,-1.890329838E0,9.915857315E0,1.036322534E1
6.291134688E0,-2.014756680E0,-1.052841991E-1,8.614161491E0,8.847265535E0
6.293510313E0,1.631905079E0,-2.244467735E0,1.243310642E1,1.273902998E1
6.295885886E0,-1.239482164E0,-4.307080805E-2,6.680760860E0,6.794905209E0
6.298261511E0,-3.158525825E-1,-1.761117458E0,1.352423382E1,1.364207455E1
6.300637136E0,7.513462901E-1,-8.805587292E-1,6.699903488E0,6.799162572E0
6.303012709E0,-1.296909928E0,-1.244267821E0,1.246182060E1,1.259075655E1
6.305388334E0,1.823330879E0,-1.220339537E0,7.877171993E0,8.177016735E0
6.307763959E0,-2.177468538E0,-5.312066078E-1,1.047577763E1,1.071286454E1
6.310139532E0,2.545963287E0,-1.990828395E0,1.014556789E1,1.064790471E1
6.312515157E0,-2.005185366E0,-4.785645381E-2,8.470592499E0,8.704826010E0
6.314890782E0,1.507478237E0,-2.215753794E0,1.259581852E1,1.287775989E1
6.317266355E0,-8.949156404E-1,-2.201396823E-1,6.518048763E0,6.582878942E0
6.319641980E0,6.221338734E-2,-1.751546144E0,1.361037540E1,1.372275858E1
6.322017605E0,9.906286001E-1,-8.997012973E-1,6.685546398E0,6.818162369E0
6.324393230E0,-1.296909928E0,-1.162911773E0,1.223210907E1,1.235551826E1
6.326768803E0,2.191825628E0,-1.354337573E0,8.054241180E0,8.456307163E0
6.329144428E0,-1.775474429E0,-6.460621357E-1,1.054277611E1,1.071073451E1
6.331520053E0,2.785245657E0,-2.024327993E0,1.056191921E1,1.110898891E1
6.333895626E0,-2.091326952E0,-1.196411327E-1,8.149953842E0,8.414850566E0
6.336271251E0,1.493121386E0,-2.120040894E0,1.300259781E1,1.325864000E1
6.338646876E0,-5.503492355E-1,-6.077769399E-1,6.422336102E0,6.474463537E0
6.341022448E0,1.866401732E-1,-1.689332843E0,1.377308750E1,1.387755812E1
6.343398073E0,8.901300430E-1,-1.100698471E0,6.379265308E0,6.534439111E0
6.345773698E0,-1.464407444E0,-1.124626637E0,1.236610699E1,1.250319464E1
6.348149323E0,2.306680918E0,-1.507478237E0,8.082955360E0,8.539756135E0
6.350524896E0,-1.976471543E0,-5.694918036E-1,1.062413216E1,1.082141140E1
6.352900521E0,2.474178553E0,-2.072184324E0,1.053799057E1,1.102110487E1
6.355276146E0,-2.301895380E0,-4.307080805E-2,8.116454124E0,8.436670255E0
6.357651719E0,1.210768223E0,-2.153540373E0,1.306481171E1,1.329635291E1
6.360027344E0,-5.503492355E-1,-5.790630579E-1,6.589833736E0,6.638080067E0
6.362402969E0,-1.244267747E-1,-1.579262972E0,1.358166122E1,1.367373669E1
6.364778542E0,6.987041831E-1,-1.129412293E0,6.340980053E0,6.478563706E0
6.367154167E0,-1.703689694E0,-9.714859724E-1,1.235175037E1,1.250648155E1
6.369529792E0,2.244467735E0,-1.540977836E0,8.245666504E0,8.683505294E0
6.371905417E0,-2.244467735E0,-2.967100143E-1,1.058106136E1,1.082056061E1
6.374280990E0,2.182254314E0,-1.986042738E0,1.064806080E1,1.104933475E1
6.376656615E0,-2.488535643E0,3.828516230E-2,7.915457249E0,8.297514017E0
6.379032240E0,1.095912814E0,-2.105684042E0,1.325623703E1,1.346709881E1
6.381407813E0,-5.120640397E-1,-5.168496966E-1,6.388836384E0,6.430130133E0
6.383783438E0,-5.503492355E-1,-1.426122308E0,1.328495121E1,1.337260774E1
6.386159063E0,8.709874153E-1,-9.523434043E-1,6.422336102E0,6.550723474E0
6.388534636E0,-1.765903115E0,-9.427721500E-1,1.214596748E1,1.230982369E1
6.390910261E0,2.426322222E0,-1.359123230E0,8.585447311E0,9.024641877E0
6.393285886E0,-2.392822742E0,-2.775674164E-1,1.015035343E1,1.043227296E1
6.395661511E0,2.134397745E0,-1.751546144E0,1.096869946E1,1.131087686E1
6.398037084E0,-2.134397745E0,-1.100698411E-1,7.700103283E0,7.991205145E0
6.400412709E0,1.339980721E0,-1.981257200E0,1.347159195E1,1.368227752E1
6.402788334E0,-3.541377485E-1,-5.168496966E-1,6.025127411E0,6.057615659E0
6.405163907E0,-4.833501875E-1,-1.335195065E0,1.335195065E1,1.342724690E1
6.407539532E0,1.296909928E0,-1.062413216E0,6.307480335E0,6.526484918E0
6.409915157E0,-1.459621787E0,-1.019342422E0,1.239482117E1,1.252202645E1
6.412290730E0,2.742174864E0,-1.402194023E0,8.681160927E0,9.211309684E0
6.414666355E0,-2.455035925E0,-2.344966233E-1,9.939785004E0,1.024116771E1
6.417041980E0,2.239681959E0,-1.952543259E0,1.109312534E1,1.148416433E1
6.419417605E0,-1.612762451E0,-3.062812984E-1,7.623532772E0,7.798273071E0
6.421793126E0,1.435693622E0,-1.952543259E0,1.342373466E1,1.364075855E1
6.424168803E0,-2.871387303E-1,-6.843472719E-1,5.857629776E0,5.904456489E0
6.426544428E0,-5.024927258E-1,-1.349551916E0,1.323709488E1,1.331519696E1
6.428920001E0,1.641476393E0,-1.153340459E0,6.451049805E0,6.755788817E0
6.431295626E0,-1.320838094E0,-9.762716293E-1,1.251924801E1,1.262653120E1
6.433671251E0,2.641676188E0,-1.497906923E0,8.609375954E0,9.129267908E0
6.436046823E0,-2.565105915E0,-1.148554832E-1,9.839286804E0,1.016880155E1
6.438422448E0,2.316252232E0,-2.091326952E0,1.147119141E1,1.188809931E1
6.440798073E0,-1.411765337E0,-4.163511395E-1,7.451249599E0,7.595232072E0
6.443173646E0,1.148554921E0,-1.904686809E0,1.335673618E1,1.354065773E1
6.445549271E0,-2.871387303E-1,-6.747759581E-1,5.699703693E0,5.746685430E0
6.447924896E0,-6.269195080E-1,-1.445264935E0,1.328973675E1,1.338278452E1
6.450300521E0,1.818545222E0,-1.191625714E0,6.699903488E0,7.043847338E0
6.452676094E0,-1.789831281E0,-9.236295223E-1,1.231346512E1,1.247709945E1
6.455051719E0,2.392822742E0,-1.502692580E0,9.016156197E0,9.448532067E0
6.457427344E0,-2.675175667E0,-2.967100143E-1,9.556933403E0,9.928724880E0
6.459802917E0,2.182254314E0,-2.086541414E0,1.182532978E1,1.220468408E1
6.462178542E0,-1.545763373E0,-3.589234054E-1,7.269395351E0,7.440585944E0
6.464554167E0,7.896314859E-1,-1.880758643E0,1.326580906E1,1.342171602E1
6.466929740E0,-2.536391914E-1,-6.891329288E-1,5.714060307E0,5.761052180E0
6.469305365E0,-8.183453679E-1,-1.483550072E0,1.344766331E1,1.355397574E1
6.471680990E0,1.789831281E0,-1.095912814E0,7.015756130E0,7.322933496E0
6.474056615E0,-2.316252232E0,-9.140582681E-1,1.207896900E1,1.233296473E1
6.476432188E0,2.182254314E0,-1.421336651E0,9.332008362E0,9.688591840E0
6.478807813E0,-2.517249346E0,-4.546363056E-1,9.375079155E0,9.717785118E0
6.481183438E0,2.139183521E0,-2.081755638E0,1.204546928E1,1.240980028E1
6.483559011E0,-1.780260086E0,-3.302095234E-1,6.833901405E0,7.069693962E0
6.485934636E0,5.359922647E-1,-1.756331801E0,1.338544941E1,1.351081955E1
6.488310209E0,-1.435693540E-2,-7.130611539E-1,5.690132141E0,5.734654838E0
6.490685886E0,-8.853443861E-1,-1.416550994E0,1.360558987E1,1.370775427E1
6.493061459E0,1.756331801E0,-1.119840980E0,7.044469833E0,7.345971716E0
6.495437084E0,-2.397608280E0,-7.034898400E-1,1.189711380E1,1.215667472E1
6.497812709E0,2.311466694E0,-1.540977836E0,9.547362328E0,9.943320290E0
6.500188282E0,-2.182254314E0,-4.594219327E-1,9.145368576E0,9.413345250E0
6.502563907E0,2.143969059E0,-2.043470621E0,1.204546928E1,1.240426160E1
6.504939532E0,-1.622333765E0,-2.823530734E-1,6.604190350E0,6.806395542E0
6.507315105E0,6.460621357E-1,-1.813759565E0,1.343330669E1,1.357058764E1
6.509690730E0,5.599204898E-1,-7.992027402E-1,5.809773445E0,5.891154680E0
6.512066355E0,-8.279166222E-1,-1.325623751E0,1.354337597E1,1.363325922E1
6.514441928E0,1.976471543E0,-1.081555843E0,7.269395351E0,7.610539506E0
6.516817553E0,-2.158325911E0,-7.513462901E-1,1.155254745E1,1.177642750E1
6.519193178E0,2.632104874E0,-1.631905079E0,9.920642853E0,1.039279774E1
6.521568803E0,-1.799402595E0,-4.307080805E-1,8.920442581E0,9.110304879E0
6.523944376E0,2.263610125E0,-2.053041935E0,1.198325539E1,1.236678299E1
6.526320001E0,-1.186840057E0,-2.727817893E-1,6.455835342E0,6.569688668E0
6.528695626E0,8.566305041E-1,-1.875972986E0,1.354337597E1,1.369949353E1
6.531071198E0,1.057627559E0,-7.896314859E-1,6.001199245E0,6.144630690E0
6.533446823E0,-9.954141974E-1,-1.373480201E0,1.328016567E1,1.338805802E1
6.535822448E0,2.153540373E0,-1.048056364E0,7.609176159E0,7.977200016E0
6.538198073E0,-1.880758643E0,-9.140582681E-1,1.122712421E1,1.142020463E1
6.540573646E0,2.785245657E0,-1.655833244E0,1.023170948E1,1.073253260E1
6.542949271E0,-1.904686809E0,-4.737788737E-1,8.427521706E0,8.653058440E0
6.545324896E0,2.081755638E0,-2.033899307E0,1.213161087E1,1.247583405E1
6.547700469E0,-1.004985452E0,-3.349951804E-1,6.379265308E0,6.466625349E0
6.550076094E0,6.795616150E-1,-1.957328916E0,1.376830196E1,1.392332860E1
6.552451719E0,9.188438654E-1,-6.699903607E-1,5.953342915E0,6.060977891E0
6.554827292E0,-1.459621787E0,-1.320838094E0,1.329452229E1,1.343947290E1
6.557202917E0,1.938186288E0,-1.067198873E0,7.786244869E0,8.094509787E0
6.559578542E0,-1.899901152E0,-9.188438654E-1,1.111705399E1,1.131559931E1
6.561954115E0,2.502892494E0,-1.636690736E0,1.021256733E1,1.064141715E1
6.564329740E0,-2.378465652E0,-2.823530734E-1,8.193024635E0,8.535951897E0
6.566705365E0,1.775474429E0,-2.067398787E0,1.222253799E1,1.252265476E1
6.569080938E0,-9.810572863E-1,-2.823530734E-1,6.302694798E0,6.384838163E0
6.571456511E0,2.392822653E-1,-1.746760488E0,1.394537067E1,1.405637903E1
6.573832188E0,5.503492355E-1,-7.417750359E-1,5.972485542E0,6.043483932E0
6.576207813E0,-1.804188251E0,-1.110269666E0,1.301695538E1,1.318821145E1
6.578583386E0,1.842473388E0,-1.172483087E0,8.145168304E0,8.432863777E0
6.580959011E0,-1.986042738E0,-7.465606928E-1,1.081077290E1,1.101701090E1
6.583334636E0,2.187039852E0,-1.651047587E0,1.011685371E1,1.048140403E1
6.585710209E0,-2.392822742E0,-8.614161611E-2,8.082955360E0,8.430135729E0
6.588085834E0,1.646261930E0,-2.129612207E0,1.233739376E1,1.262761701E1
6.590461459E0,-7.561319470E-1,-2.823530734E-1,6.369693756E0,6.420627487E0
6.592837032E0,-8.135596663E-2,-1.703689694E0,1.381615829E1,1.392104189E1
6.595212657E0,5.742774606E-1,-6.508477330E-1,6.226124287E0,6.286336056E0
6.597588282E0,-1.713261008E0,-1.177268744E0,1.276810169E1,1.293621451E1
6.599963907E0,2.096112728E0,-1.234696507E0,8.427521706E0,8.771618216E0
6.602339480E0,-1.942971945E0,-6.364908218E-1,1.050449181E1,1.070161710E1
6.604715105E0,2.244467735E0,-1.746760488E0,1.017906761E1,1.056892734E1
6.607090730E0,-2.191825628E0,-1.244267747E-1,7.877171993E0,8.177372452E0
6.609466303E0,1.828116536E0,-2.258824587E0,1.266281700E1,1.299196802E1
6.611841928E0,-3.637090325E-1,-2.632105052E-1,6.412764549E0,6.428461184E0
6.614217553E0,-3.254238665E-1,-1.713261008E0,1.367737389E1,1.378810068E1
6.616593126E0,9.236295223E-1,-7.992027402E-1,6.484549522E0,6.598575530E0
6.618968751E0,-1.249053478E0,-1.378265858E0,1.261974621E1,1.275608661E1
6.621344376E0,2.431107759E0,-1.316052437E0,8.748159409E0,9.174561134E0
6.623720001E0,-2.038684845E0,-6.699903607E-1,1.007856941E1,1.030449826E1
6.626095573E0,2.455035925E0,-1.885544300E0,1.038006496E1,1.083181552E1
6.628471198E0,-1.708475351E0,-3.014956415E-1,7.925028801E0,8.112698019E0
6.630846823E0,1.871187329E0,-2.292324066E0,1.300738430E1,1.333972031E1
6.633222396E0,-3.684946895E-1,-3.876372576E-1,6.307480335E0,6.330115256E0
6.635597969E0,-4.594219327E-1,-1.593619823E0,1.362951756E1,1.373005613E1
6.637973646E0,1.081555843E0,-1.014556766E0,6.848258495E0,7.006977443E0
6.640349219E0,-1.225125194E0,-1.411765337E0,1.244267750E1,1.258229853E1
6.642724844E0,2.258824587E0,-1.430907965E0,8.729017258E0,9.129377219E0
6.645100469E0,-2.282752752E0,-6.412764788E-1,9.911071777E0,1.019075755E1
6.647476042E0,2.277967215E0,-2.105684042E0,1.067198944E1,1.111370319E1
6.649851667E0,-1.794616938E0,-3.589234054E-1,7.929814339E0,8.138269559E0
6.652227292E0,1.387837172E0,-2.249253273E0,1.326580906E1,1.352652662E1
6.654602917E0,-6.987041831E-1,-4.402793646E-1,6.331408501E0,6.385042448E0
6.656978490E0,-8.901300430E-1,-1.722832322E0,1.357209015E1,1.370992756E1
6.659354115E0,1.009771109E0,-1.105484009E0,7.116254330E0,7.272056674E0
6.661729740E0,-1.555334687E0,-1.253839016E0,1.231825066E1,1.247920180E1
6.664105313E0,1.856830359E0,-1.545763373E0,8.638090134E0,8.969604481E0
6.666480938E0,-2.517249346E0,-4.211367965E-1,9.872786522E0,1.019734349E1
6.668856563E0,2.129612207E0,-2.215753794E0,1.087777138E1,1.130357126E1
6.671232136E0,-1.799402595E0,-1.962114573E-1,7.944170952E0,8.147772748E0
6.673607761E0,9.284151793E-1,-2.177468538E0,1.316052437E1,1.337171364E1
6.675983386E0,-6.795616150E-1,-4.067798555E-1,6.417550564E0,6.466237629E0
6.678359011E0,-8.853443861E-1,-1.651047587E0,1.345244884E1,1.358227421E1
6.680734584E0,1.272981644E0,-1.086341500E0,7.331608772E0,7.520180005E0
6.683110209E0,-1.655833244E0,-1.143769264E0,1.185404301E1,1.202365699E1
6.685485834E0,2.067398787E0,-1.411765337E0,8.863015175E0,9.209791371E0
6.687861407E0,-2.244467735E0,-3.780659735E-1,9.595218658E0,9.861480132E0
6.690237032E0,2.507678032E0,-2.239681959E0,1.128933716E1,1.177937850E1
6.692612657E0,-1.531406522E0,-1.004985496E-1,7.618747234E0,7.771783278E0
6.694988230E0,9.044869542E-1,-2.067398787E0,1.343330669E1,1.362152573E1
6.697363855E0,-1.052841991E-1,-5.312066078E-1,6.321837425E0,6.344989650E0
6.699739480E0,-4.067798555E-1,-1.607976794E0,1.346201992E1,1.356381361E1
6.702115053E0,1.655833244E0,-1.057627559E0,7.322037220E0,7.581067790E0
6.704490678E0,-1.555334687E0,-9.571290612E-1,1.164347458E1,1.178582463E1
6.706866303E0,2.502892494E0,-1.493121386E0,8.834300995E0,9.302620941E0
6.709241928E0,-1.761117458E0,-3.302095234E-1,9.633503914E0,9.798722911E0
6.711617501E0,2.727817774E0,-2.167897224E0,1.150947666E1,1.202534079E1
6.713993126E0,-1.464407444E0,-1.004985496E-1,7.360322475E0,7.505260559E0
6.716368751E0,9.523434043E-1,-1.938186288E0,1.344766331E1,1.361995494E1
6.718744323E0,3.254238665E-1,-6.652047038E-1,6.321837425E0,6.365062955E0
6.721119948E0,-2.249253243E-1,-1.507478237E0,1.334716511E1,1.343390853E1
6.723495573E0,1.780260086E0,-1.191625714E0,7.211967468E0,7.523414955E0
6.725871146E0,-1.555334687E0,-8.566305041E-1,1.158126163E1,1.171659092E1
6.728246771E0,2.656033039E0,-1.746760488E0,9.054440498E0,9.596279302E0
6.730622396E0,-1.770688772E0,-3.732803464E-1,9.628718376E0,9.797290162E0
6.732997969E0,2.512463808E0,-2.321038008E0,1.164347458E1,1.213549307E1
6.735373594E0,-1.502692580E0,-1.674975902E-1,7.259823799E0,7.415603956E0
6.737749219E0,6.221339107E-1,-2.067398787E0,1.355773354E1,1.372855881E1
6.740124844E0,3.541377485E-1,-9.140582681E-1,6.484549522E0,6.558223736E0
6.742500417E0,-6.795616150E-1,-1.488335729E0,1.313181114E1,1.323334467E1
6.744876042E0,1.560120344E0,-1.320838094E0,7.240681171E0,7.523699395E0
6.747251667E0,-2.000399828E0,-8.422735929E-1,1.130848026E1,1.151489254E1
6.749627240E0,2.440679073E0,-1.875972986E0,9.332008362E0,9.826625517E0
6.752002865E0,-2.206182480E0,-1.962114573E-1,9.432506561E0,9.689061879E0
6.754378490E0,1.808973908E0,-2.378465652E0,1.180618668E1,1.217848633E1
6.756754063E0,-1.737189293E0,-2.488535494E-1,7.125825882E0,7.338743028E0
6.759129688E0,2.201396823E-1,-2.029113531E0,1.360080433E1,1.375309571E1
6.761505313E0,1.339980662E-1,-8.805587292E-1,6.374479294E0,6.436406251E0
6.763880886E0,-1.258624673E0,-1.354337573E0,1.283031464E1,1.296284459E1
6.766256511E0,1.445264935E0,-1.258624673E0,7.255038261E0,7.503899451E0
6.768632136E0,-2.163111687E0,-8.135597110E-1,1.124626637E1,1.148126468E1
6.771007761E0,2.416750908E0,-1.828116536E0,9.676574707E0,1.013996021E1
6.773383334E0,-2.670390129E0,-1.435693651E-1,8.848658562E0,9.243936063E0
6.775758959E0,1.483550072E0,-2.105684042E0,1.212682533E1,1.239736741E1
6.778134584E0,-1.517049551E0,-3.302095234E-1,6.848258495E0,7.022045435E0
6.780510157E0,2.919243574E-1,-1.813759565E0,1.365823174E1,1.378122773E1
6.782885730E0,1.770688742E-1,-8.374879360E-1,6.092126369E0,6.151970671E0
6.785261407E0,-1.316052437E0,-1.148554921E0,1.266281700E1,1.278272689E1
6.787636980E0,1.847259045E0,-1.201196909E0,7.307680130E0,7.632655427E0
6.790012605E0,-1.842473388E0,-6.939185858E-1,1.131326580E1,1.148330154E1
6.792388230E0,2.665604353E0,-1.737189293E0,9.686145782E0,1.019532703E1
6.794763855E0,-2.421536446E0,1.914258115E-2,8.666803360E0,8.998760230E0
6.797139428E0,1.847259045E0,-2.100898266E0,1.245224857E1,1.276262646E1
6.799515053E0,-6.412764788E-1,-4.163511395E-1,6.690331936E0,6.733878912E0
6.801890678E0,7.178468108E-1,-1.665404558E0,1.369651699E1,1.381605783E1
6.804266251E0,8.183453679E-1,-9.379864931E-1,5.915057659E0,6.044618674E0
6.806641876E0,-9.332008362E-1,-1.095912814E0,1.268674564E1,1.276814018E1
6.809017501E0,2.737389088E0,-1.406979680E0,7.661818027E0,8.256896894E0
6.811393073E0,-1.368694544E0,-5.694918036E-1,1.123190975E1,1.132931782E1
6.813768698E0,2.938386202E0,-1.909472466E0,9.925428391E0,1.052588843E1
6.816144323E0,-1.995614052E0,1.914258115E-2,8.417949677E0,8.651284219E0
6.818519896E0,2.134397745E0,-2.258824587E0,1.284945774E1,1.321992838E1
6.820895521E0,-1.770688742E-1,-4.977070987E-1,6.489335060E0,6.510801430E0
6.823271146E0,4.546363056E-1,-1.593619823E0,1.351944828E1,1.362063876E1
6.825646719E0,1.038485050E0,-9.379864931E-1,6.015556335E0,6.176179068E0
6.828022344E0,-1.033699393E0,-1.138983607E0,1.255274773E1,1.264663171E1
6.830397969E0,2.818745136E0,-1.373480201E0,8.039883614E0,8.629687163E0
6.832773594E0,-1.962114573E0,-4.019941986E-1,1.075813103E1,1.094298296E1
6.835149167E0,2.526820660E0,-1.823330879E0,1.038963604E1,1.084683803E1
6.837524792E0,-2.124826431E0,-1.627119333E-1,8.140382767E0,8.414701072E0
6.839900417E0,1.641476393E0,-2.053041935E0,1.308873940E1,1.335007584E1
6.842275990E0,-5.455635786E-1,-4.881358147E-1,6.293123722E0,6.335560147E0
6.844651615E0,-2.249253243E-1,-1.411765337E0,1.328973675E1,1.336640474E1
6.847027240E0,8.662018180E-1,-9.188438654E-1,6.082555294E0,6.212250683E0
6.849402813E0,-1.555334687E0,-1.105484009E0,1.261017513E1,1.275373192E1
6.851778438E0,2.431107759E0,-1.215553880E0,8.398807526E0,8.827673761E0
6.854154063E0,-2.737389088E0,-2.679961324E-1,1.037527943E1,1.073366406E1
6.856529636E0,1.952543259E0,-1.737189293E0,1.077727318E1,1.108962889E1
6.858905261E0,-2.163111687E0,-1.531406492E-1,7.972885132E0,8.262529973E0
6.861280886E0,1.220339537E0,-1.828116536E0,1.320359516E1,1.338529655E1
6.863656511E0,-9.044869542E-1,-4.594219327E-1,5.915057659E0,6.001422521E0
6.866032084E0,-7.561319470E-1,-1.177268744E0,1.328495121E1,1.335842902E1
6.868407709E0,1.057627559E0,-9.379864931E-1,6.326622963E0,6.482634714E0
6.870783334E0,-1.732403636E0,-8.422735929E-1,1.264367485E1,1.278957235E1
6.873158907E0,2.234896421E0,-1.282552958E0,8.451449394E0,8.835536258E0
6.875534532E0,-2.852244616E0,-2.392822690E-2,1.009292603E1,1.048823282E1
6.877910157E0,2.009970903E0,-1.861616015E0,1.116491032E1,1.149612194E1
6.880285730E0,-1.756331801E0,-1.962114573E-1,7.599604607E0,7.802383643E0
6.882661355E0,1.124626637E0,-1.746760488E0,1.317009544E1,1.333294308E1
6.885036980E0,-4.785645306E-1,-4.594219327E-1,5.785845280E0,5.823752924E0
6.887412501E0,-6.652047038E-1,-1.215553880E0,1.315573883E1,1.322851211E1
6.889788178E0,1.732403636E0,-1.024128079E0,6.556334019E0,6.858248789E0
6.892163803E0,-1.703689694E0,-7.178468108E-1,1.234696484E1,1.248460665E1
6.894539428E0,2.545963287E0,-1.349551916E0,8.786444664E0,9.246882138E0
6.896915001E0,-2.469393015E0,-7.657032460E-2,9.528220177E0,9.843309637E0
6.899290626E0,2.364108801E0,-2.009970903E0,1.162433243E1,1.203137972E1
6.901666251E0,-1.215553880E0,-1.722832322E-1,7.149754047E0,7.254394233E0
6.904041823E0,1.028913736E0,-1.808973908E0,1.314138222E1,1.330514850E1
6.906417448E0,5.742774159E-2,-5.694918036E-1,5.560919762E0,5.590299407E0
6.908793073E0,-5.359922647E-1,-1.316052437E0,1.320838070E1,1.328460020E1
6.911168646E0,2.273181438E0,-1.033699393E0,7.006184578E0,7.437910367E0
6.913544271E0,-1.909472466E0,-7.082754970E-1,1.179661560E1,1.197112689E1
6.915919896E0,2.603390932E0,-1.392622828E0,9.312865257E0,9.769672563E0
6.918295469E0,-2.210968018E0,-2.775674164E-1,9.131011009E0,9.398977886E0
6.920671094E0,2.397608280E0,-2.033899307E0,1.209811115E1,1.249998261E1
6.923046719E0,-1.225125194E0,-3.397808075E-1,6.656832695E0,6.777153109E0
6.925422292E0,6.843472719E-1,-1.641476393E0,1.327059460E1,1.338922914E1
6.927797917E0,3.828516304E-1,-7.322037220E-1,5.699703693E0,5.759281192E0
6.930173542E0,-7.657032609E-1,-1.320838094E0,1.329452229E1,1.338189962E1
6.932549167E0,2.139183521E0,-1.100698471E0,7.250252724E0,7.638966410E0
6.934924740E0,-2.364108801E0,-6.077769399E-1,1.152861977E1,1.178420455E1
6.937300365E0,2.330609322E0,-1.531406522E0,9.690931320E0,1.008420030E1
6.939675990E0,-2.220539331E0,-3.589234054E-1,8.877371788E0,9.157911923E0
6.942051563E0,2.005185366E0,-2.000399828E0,1.227996540E1,1.260237748E1
6.944427188E0,-1.478764415E0,-3.684946895E-1,6.355337143E0,6.535506310E0
6.946802813E0,1.292124242E-1,-1.651047587E0,1.333759308E1,1.344001649E1
6.949178386E0,5.647061467E-1,-8.901300430E-1,5.886343479E0,5.979988635E0
6.951554011E0,-1.292124271E0,-1.244267821E0,1.340937805E1,1.352882875E1
6.953929636E0,1.871187329E0,-1.201196909E0,7.551748276E0,7.872300684E0
6.956305209E0,-2.703889608E0,-5.934200287E-1,1.120319557E1,1.154013680E1
6.958680834E0,2.249253273E0,-1.789831281E0,1.033220863E1,1.072460589E1
6.961056459E0,-2.215753794E0,-3.876372576E-1,8.523234367E0,8.815063902E0
6.963432084E0,1.512263894E0,-2.081755638E0,1.243789196E1,1.270125210E1
6.965807657E0,-1.354337573E0,-3.589234054E-1,6.226124287E0,6.381824183E0
6.968183282E0,-8.614161611E-2,-1.761117458E0,1.362473202E1,1.373835062E1
6.970558907E0,8.853443861E-1,-9.619147182E-1,6.159125328E0,6.296343337E0
6.972934480E0,-1.794616938E0,-1.292124271E0,1.309352589E1,1.327895535E1
6.975310105E0,1.938186288E0,-1.205982566E0,8.183453560E0,8.495873834E0
6.977685730E0,-2.660818815E0,-7.322037220E-1,1.065284634E1,1.100450881E1
6.980061303E0,2.287538528E0,-1.942971945E0,1.090648556E1,1.131191406E1
6.982436876E0,-2.172683001E0,-4.450650215E-1,8.006384850E0,8.307877747E0
6.984812553E0,1.311266780E0,-2.100898266E0,1.274417305E1,1.298257066E1
6.987188126E0,-8.566305041E-1,-5.934200287E-1,6.173482418E0,6.260818502E0
6.989563751E0,-2.249253243E-1,-1.842473388E0,1.367258835E1,1.379800608E1
6.991939376E0,1.191625714E0,-9.954141974E-1,6.522834301E0,6.705086769E0
6.994315001E0,-2.029113531E0,-1.258624673E0,1.284945774E1,1.306943006E1
6.996690573E0,2.100898266E0,-1.383051515E0,8.590232849E0,8.950905285E0
6.999066198E0,-2.282752752E0,-7.657032609E-1,1.034656525E1,1.062302565E1
7.001441823E0,2.421536446E0,-2.029113531E0,1.122233772E1,1.165855928E1
7.003817396E0,-2.096112728E0,-3.924229145E-1,7.551748276E0,7.847075018E0
7.006193021E0,1.234696507E0,-2.096112728E0,1.304088306E1,1.326585071E1
7.008568646E0,-1.914258152E-1,-7.274180651E-1,6.049055576E0,6.095642234E0
7.010944219E0,-2.823530734E-1,-1.694118381E0,1.393101311E1,1.403648412E1
7.013319844E0,1.440479279E0,-1.172483087E0,6.637690067E0,6.892650185E0
7.015695469E0,-2.024327993E0,-1.048056364E0,1.252403355E1,1.272979742E1
7.018071042E0,2.421536446E0,-1.531406522E0,9.135796547E0,9.574540367E0
7.020446667E0,-2.000399828E0,-6.364908218E-1,9.839286804E0,1.006072984E1
7.022822292E0,2.421536446E0,-2.096112728E0,1.143290615E1,1.187303122E1
7.025197865E0,-1.799402595E0,-3.110669553E-1,7.140182972E0,7.369994927E0
7.027573490E0,1.100698471E0,-2.048256159E0,1.332802200E1,1.352934074E1
7.029949115E0,3.254238665E-1,-7.513462901E-1,6.015556335E0,6.071024622E0
7.032324688E0,-6.508477330E-1,-1.531406522E0,1.375394440E1,1.385423384E1
7.034700313E0,1.689332843E0,-1.071984529E0,7.049255371E0,7.327687055E0
7.037075938E0,-1.995614052E0,-1.019342422E0,1.201196957E1,1.221920404E1
7.039451563E0,2.656033039E0,-1.550549030E0,9.705288887E0,1.018093052E1
7.041827136E0,-1.909472466E0,-5.551348329E-1,9.341579437E0,9.550883004E0
7.044202761E0,2.254039049E0,-2.096112728E0,1.162911797E1,1.202957877E1
7.046578386E0,-1.430907965E0,-2.297109663E-1,6.824330330E0,6.976514114E0
7.048953959E0,9.475577474E-1,-2.086541414E0,1.349073410E1,1.368398434E1
7.051329584E0,7.322037220E-1,-6.460621357E-1,6.125626087E0,6.202968123E0
7.053705209E0,-1.095912814E0,-1.493121386E0,1.337587833E1,1.350350168E1
7.056080782E0,1.885544300E0,-9.619147182E-1,7.570890903E0,7.861230585E0
7.058456407E0,-1.818545222E0,-1.038485050E0,1.144247818E1,1.163253475E1
7.060832032E0,2.727817774E0,-1.612762451E0,1.003549862E1,1.052393582E1
7.063207605E0,-2.091326952E0,-4.115654826E-1,8.633303642E0,8.892523059E0
7.065583230E0,2.100898266E0,-2.081755638E0,1.190668583E1,1.226852263E1
7.067958855E0,-1.009771109E0,-3.254238665E-1,6.604190350E0,6.688861529E0
7.070334480E0,7.034898400E-1,-1.942971945E0,1.377308750E1,1.392723868E1
7.072710053E0,8.374879360E-1,-7.992027402E-1,6.106483459E0,6.215243463E0
7.075085678E0,-1.450050473E0,-1.320838094E0,1.315095329E1,1.329642178E1
7.077461303E0,1.971685886E0,-1.143769264E0,7.905886173E0,8.227927415E0
7.079836876E0,-1.761117458E0,-9.810572863E-1,1.106919765E1,1.125127303E1
7.082212501E0,2.565105915E0,-1.756331801E0,1.018385315E1,1.064778544E1
7.084588126E0,-2.282752752E0,-3.014956415E-1,8.188239098E0,8.505828547E0
7.086963698E0,1.837687731E0,-2.191825628E0,1.230867958E1,1.263664468E1
7.089339323E0,-7.130611539E-1,-4.546363056E-1,6.350551128E0,6.406609869E0
7.091714948E0,1.579262912E-1,-1.756331801E0,1.390229988E1,1.401369274E1
7.094090521E0,7.465606928E-1,-8.566305041E-1,6.092126369E0,6.197190685E0
7.096466146E0,-1.770688772E0,-1.268195987E0,1.283031464E1,1.301386313E1
7.098841771E0,2.110469580E0,-1.244267821E0,8.408378601E0,8.758031454E0
7.101217396E0,-1.933400750E0,-7.465606928E-1,1.054756260E1,1.074925430E1
7.103592969E0,2.292324066E0,-1.837687731E0,1.021256733E1,1.062677643E1
7.105968594E0,-2.210968018E0,-1.531406492E-1,7.896314621E0,8.201439887E0
7.108344219E0,1.622333765E0,-2.220539331E0,1.250489140E1,1.280371316E1
7.110719792E0,-2.392822653E-1,-3.828516304E-1,6.403193474E0,6.419090125E0
7.113095417E0,-3.254238665E-1,-1.689332843E0,1.351944828E1,1.362847123E1
7.115471042E0,1.024128079E0,-7.944171429E-1,6.551548481E0,6.678527114E0
7.117846615E0,-1.674975872E0,-1.215553880E0,1.238046455E1,1.255225151E1
7.120222240E0,2.474178553E0,-1.354337573E0,8.853444099E0,9.291892283E0
7.122597813E0,-1.971685886E0,-6.077769399E-1,9.781859398E0,9.997085141E0
7.124973438E0,2.373680115E0,-1.875972986E0,1.063848972E1,1.106033885E1
7.127349063E0,-1.746760488E0,-1.435693651E-1,7.398607731E0,7.603366407E0
7.129724688E0,1.646261930E0,-2.172683001E0,1.309352589E1,1.337427194E1
7.132100261E0,1.531406492E-1,-3.684946895E-1,6.053841114E0,6.066978872E0
7.134475886E0,-6.317051649E-1,-1.545763373E0,1.351944828E1,1.362218476E1
7.136851511E0,1.512263894E0,-8.614161611E-1,6.862615108E0,7.079863418E0
7.139227084E0,-1.296909928E0,-1.182054400E0,1.206461143E1,1.219155761E1
7.141602709E0,2.770888567E0,-1.301695466E0,9.212367058E0,9.707725859E0
7.143978334E0,-1.995614052E0,-4.402793646E-1,9.217152596E0,9.440986354E0
7.146353907E0,2.565105915E0,-2.033899307E0,1.108833981E1,1.156147890E1
7.148729532E0,-1.091127157E0,-2.679961324E-1,7.207181931E0,7.294234146E0
7.151105157E0,1.478764415E0,-2.062613010E0,1.350509071E1,1.374149161E1
7.153480782E0,3.684946895E-1,-5.072783828E-1,6.005984783E0,6.038623428E0
7.155856355E0,-8.279166222E-1,-1.402194023E0,1.339502144E1,1.349363529E1
7.158231980E0,1.923829436E0,-1.024128079E0,7.432106972E0,7.745074051E0
7.160607605E0,-1.268195987E0,-1.067198873E0,1.168654537E1,1.180349852E1
7.162983178E0,2.636890650E0,-1.517049551E0,9.389435768E0,9.869961281E0
7.165358803E0,-2.139183521E0,-2.967100143E-1,8.953942299E0,9.210712549E0
7.167734428E0,2.368894339E0,-2.201396942E0,1.154776192E1,1.199202294E1
7.170110001E0,-9.284151793E-1,-2.584248483E-1,7.130611420E0,7.195440040E0
7.172485626E0,7.178468108E-1,-1.938186288E0,1.363430309E1,1.379007219E1
7.174861251E0,2.297109663E-1,-5.264210105E-1,6.163911343E0,6.190612995E0
7.177236823E0,-1.373480201E0,-1.421336651E0,1.310309696E1,1.325133185E1
7.179612448E0,1.866401672E0,-1.124626637E0,7.944170952E0,8.237602345E0
7.181988073E0,-1.890329838E0,-8.135597110E-1,1.120798111E1,1.139535286E1
7.184363698E0,2.086541414E0,-1.660618901E0,9.580862045E0,9.945060469E0
7.186739271E0,-2.569891453E0,-1.579262912E-1,8.580661774E0,8.958629319E0
7.189114896E0,1.756331801E0,-2.273181438E0,1.208854008E1,1.242517028E1
7.191490469E0,-1.115055323E0,-8.135596663E-2,6.876972198E0,6.967260135E0
7.193866094E0,-3.445664644E-1,-1.718046665E0,1.361516094E1,1.372745489E1
7.196241719E0,1.866401732E-1,-5.742774606E-1,6.422336102E0,6.450661219E0
7.198617344E0,-1.651047587E0,-1.344766378E0,1.273938751E1,1.291612747E1
7.200992917E0,1.780260086E0,-1.062413216E0,8.379665375E0,8.632313688E0
7.203368542E0,-2.445464849E0,-6.077769399E-1,1.043270683E1,1.073270996E1
7.205744167E0,1.919043779E0,-1.694118381E0,9.958928108E0,1.028265604E1
7.208119740E0,-2.392822742E0,-3.828516230E-2,8.260024071E0,8.599713023E0
7.210495365E0,1.550549030E0,-2.244467735E0,1.267717457E1,1.296736645E1
7.212870990E0,-9.571290612E-1,-2.153540403E-1,6.422336102E0,6.496835722E0
7.215246563E0,-8.039883971E-1,-1.512263894E0,1.357687569E1,1.368447635E1
7.217622188E0,6.412764788E-1,-8.374879360E-1,6.719046116E0,6.801338271E0
7.219997813E0,-1.406979680E0,-1.220339537E0,1.248096275E1,1.261916208E1
7.222373386E0,2.053041935E0,-1.287338614E0,8.575876236E0,8.911670725E0
7.224749011E0,-2.349751949E0,-4.594219327E-1,9.982855797E0,1.026595405E1
7.227124636E0,2.297109842E0,-1.995614052E0,1.043749237E1,1.087200239E1
7.229500209E0,-1.670190215E0,-1.962114573E-1,7.948956966E0,8.124896993E0
7.231875834E0,1.469193101E0,-2.191825628E0,1.312702465E1,1.338960060E1
7.234251459E0,-3.637090325E-1,-3.206382394E-1,6.326622963E0,6.345175431E0
7.236627084E0,-6.795616150E-1,-1.622333765E0,1.343330669E1,1.354797031E1
7.239002657E0,1.411765337E0,-1.062413216E0,7.197610378E0,7.411302069E0
7.241378282E0,-1.210768223E0,-1.196411371E0,1.213639641E1,1.225518166E1
7.243753907E0,2.292324066E0,-1.517049551E0,8.719446182E0,9.142479461E0
7.246129480E0,-2.172683001E0,-4.163511395E-1,9.585647583E0,9.837608413E0
7.248505105E0,2.522035122E0,-2.258824587E0,1.105005455E1,1.155710410E1
7.250880730E0,-1.287338614E0,-2.344966233E-1,7.647460938E0,7.758600915E0
7.253256303E0,9.810572863E-1,-2.230110645E0,1.323709488E1,1.345944084E1
7.255631928E0,-7.178468257E-2,-4.881358147E-1,6.407979012E0,6.426945202E0
7.258007553E0,-8.327022791E-1,-1.631905079E0,1.325145149E1,1.337749879E1
7.260383126E0,1.655833244E0,-1.153340459E0,7.623532772E0,7.886078232E0
7.262758751E0,-1.713261008E0,-1.067198873E0,1.150469112E1,1.168041500E1
7.265134376E0,2.210968018E0,-1.569691658E0,9.092725754E0,9.488412571E0
7.267509948E0,-2.306680918E0,-3.302095234E-1,9.245866776E0,9.534981259E0
7.269885573E0,2.196611166E0,-2.388036966E0,1.164347458E1,1.208711386E1
7.272261198E0,-1.478764415E0,-1.387837082E-1,7.192824841E0,7.344571757E0
7.274636771E0,1.531406492E-1,-1.966900229E0,1.357209015E1,1.371472856E1
7.277012396E0,-6.221338734E-2,-6.747759581E-1,6.364908218E0,6.400878825E0
7.279388021E0,-1.196411371E0,-1.521835208E0,1.306481171E1,1.320744818E1
7.281763646E0,1.569691658E0,-1.124626637E0,7.824530125E0,8.059279660E0
7.284139219E0,-2.301895380E0,-8.135597110E-1,1.105484104E1,1.132122397E1
7.286514844E0,2.019542217E0,-1.727617979E0,9.418149948E0,9.785947225E0
7.288890469E0,-2.402393818E0,-2.536391914E-1,8.987442017E0,9.306446309E0
7.291266042E0,1.813759565E0,-2.234896421E0,1.210289669E1,1.244044188E1
7.293641667E0,-1.531406522E0,-9.571290761E-2,6.934400082E0,7.102131468E0
7.296017292E0,-3.206382394E-1,-1.770688772E0,1.351944828E1,1.363868137E1
7.298392865E0,2.775674164E-1,-7.513462901E-1,6.589833736E0,6.638333646E0
7.300768490E0,-1.201196909E0,-1.249053478E0,1.282074356E1,1.293732871E1
7.303144115E0,1.727617979E0,-1.249053478E0,7.901100159E0,8.183653352E0
7.305519688E0,-2.301895380E0,-4.881358147E-1,1.059541893E1,1.085356629E1
7.307895313E0,2.344966173E0,-1.866401672E0,9.901499748E0,1.034514470E1
7.310270938E0,-1.890329838E0,-1.627119333E-1,8.585447311E0,8.792595044E0
7.312646511E0,1.708475351E0,-2.220539331E0,1.250489140E1,1.281491287E1
7.315022136E0,-8.949156404E-1,-1.387837082E-1,6.642475605E0,6.703925498E0
7.317397761E0,-2.488535494E-1,-1.722832322E0,1.344287777E1,1.355511129E1
7.319773386E0,1.129412293E0,-9.188438654E-1,6.843472958E0,6.996639786E0
7.322148959E0,-1.115055323E0,-1.225125194E0,1.247617722E1,1.258567750E1
7.324524584E0,2.206182480E0,-1.330409408E0,8.140382767E0,8.538328988E0
7.326900157E0,-1.986042738E0,-4.642075896E-1,1.022213840E1,1.042362547E1
7.329275782E0,2.780459881E0,-2.158325911E0,1.046142101E1,1.103769258E1
7.331651407E0,-1.569691658E0,-8.135596663E-2,8.154739380E0,8.304837449E0
7.334027032E0,1.454836130E0,-2.206182480E0,1.293081379E1,1.319809587E1
7.336402605E0,-3.349951804E-1,-4.259224236E-1,6.470192432E0,6.492843891E0
7.338778230E0,-2.249253243E-1,-1.727617979E0,1.345244884E1,1.356479396E1
7.341153855E0,1.536192179E0,-1.043270707E0,7.116254330E0,7.354547971E0
7.343529428E0,-1.440479279E0,-1.105484009E0,1.188275719E1,1.202069024E1
7.345905053E0,2.354537487E0,-1.440479279E0,8.518448830E0,8.954484787E0
7.348280678E0,-1.875972986E0,-4.546363056E-1,9.844072342E0,1.003153673E1
7.350656251E0,2.660818815E0,-2.234896421E0,1.110269737E1,1.163377014E1
7.353031876E0,-1.694118381E0,-1.100698411E-1,7.618747234E0,7.805604517E0
7.355407501E0,8.709874153E-1,-1.990828395E0,1.333759308E1,1.351345278E1
7.357783073E0,-1.148554832E-1,-7.178468108E-1,6.369693756E0,6.411044718E0
7.360158698E0,-4.498506486E-1,-1.560120344E0,1.330409431E1,1.340280816E1
7.362534323E0,1.473978758E0,-1.143769264E0,7.125825882E0,7.366017649E0
7.364909896E0,-1.904686809E0,-8.709874153E-1,1.150469112E1,1.169377479E1
7.367285521E0,2.340180635E0,-1.564906001E0,8.906085968E0,9.340435936E0
7.369661146E0,-2.076970100E0,-3.732803464E-1,9.480362892E0,9.712385061E0
7.372036719E0,2.225325108E0,-2.158325911E0,1.160997581E1,1.201673754E1
7.374412344E0,-1.713261008E0,-4.785645381E-2,7.221538544E0,7.422140693E0
7.376787969E0,2.871387303E-1,-1.890329838E0,1.340459251E1,1.354026942E1
7.379163594E0,2.201396823E-1,-6.891329288E-1,6.451049805E0,6.491487446E0
7.381539167E0,-8.135597110E-1,-1.354337573E0,1.306002617E1,1.315524204E1
7.383914792E0,1.564906001E0,-1.158126116E0,7.235895634E0,7.493221771E0
7.386290417E0,-2.005185366E0,-6.652047038E-1,1.119841003E1,1.139594897E1
7.388665990E0,2.507678032E0,-1.751546144E0,9.288937569E0,9.779607567E0
7.391041615E0,-1.976471543E0,-9.571290761E-2,9.265008926E0,9.473963855E0
7.393417240E0,1.933400750E0,-2.225325108E0,1.182054424E1,1.218258497E1
7.395792813E0,-1.320838094E0,-1.914258115E-2,7.034898758E0,7.157847459E0
7.398168438E0,3.349951804E-1,-1.875972986E0,1.348116302E1,1.361518465E1
7.400544063E0,7.369893789E-1,-8.135597110E-1,6.489335060E0,6.581527351E0
7.402919636E0,-1.000199914E0,-1.225125194E0,1.260060406E1,1.269947063E1
7.405295261E0,2.029113531E0,-1.229910851E0,7.546962738E0,7.911171152E0
7.407670886E0,-1.780260086E0,-5.790630579E-1,1.089691448E1,1.105655395E1
7.410046459E0,2.880958557E0,-1.938186288E0,9.906285286E0,1.049718898E1
7.412422084E0,-1.933400750E0,-2.392822690E-2,8.580661774E0,8.795815340E0
7.414797709E0,1.789831281E0,-2.100898266E0,1.251924801E1,1.281986116E1
7.417173282E0,-7.034898400E-1,-3.589234054E-1,6.580262184E0,6.627486279E0
7.419548907E0,2.871387303E-1,-1.713261008E0,1.358166122E1,1.369230563E1
7.421924532E0,1.110269666E0,-1.004985452E0,6.527620316E0,6.697202511E0
7.424300105E0,-1.201196909E0,-1.124626637E0,1.236610699E1,1.247510565E1
7.426675730E0,2.325823545E0,-1.426122308E0,7.853243828E0,8.313646530E0
7.429051303E0,-1.718046665E0,-6.173482537E-1,1.066241741E1,1.081757590E1
7.431426928E0,2.871387243E0,-2.005185366E0,1.049491978E1,1.106385892E1
7.433802553E0,-2.072184324E0,-1.435693651E-1,8.073383331E0,8.336310842E0
7.436178178E0,1.397408366E0,-2.110469580E0,1.295952702E1,1.320439974E1
7.438553803E0,-3.493520916E-1,-6.317051649E-1,6.546762943E0,6.586440870E0
7.440929376E0,1.435693540E-2,-1.631905079E0,1.355773354E1,1.365560174E1
7.443305001E0,1.086341500E0,-1.186840057E0,6.575476646E0,6.769462335E0
7.445680626E0,-1.641476393E0,-1.014556766E0,1.209811115E1,1.225104337E1
7.448056198E0,2.397608280E0,-1.574477315E0,8.446663857E0,8.920405517E0
7.450431823E0,-1.923829436E0,-4.977070987E-1,1.034177971E1,1.053096575E1
7.452807448E0,2.373680115E0,-2.201396942E0,1.082512951E1,1.129884661E1
7.455183021E0,-2.110469580E0,-2.392822690E-2,7.858029366E0,8.136539800E0
7.457558646E0,8.901300430E-1,-2.158325911E0,1.322273827E1,1.342726739E1
7.459934271E0,-1.244267747E-1,-7.513462901E-1,6.546762943E0,6.590911038E0
7.462309844E0,-5.503492355E-1,-1.507478237E0,1.324188042E1,1.333876950E1
7.464685469E0,1.186840057E0,-1.215553880E0,6.805187702E0,7.014038795E0
7.467061094E0,-1.880758643E0,-9.906286001E-1,1.184447193E1,1.203370739E1
7.469436667E0,2.493321180E0,-1.732403636E0,8.910871506E0,9.413899503E0
7.471812292E0,-2.273181438E0,-2.297109663E-1,9.896714211E0,1.015702088E1
7.474187917E0,1.976471543E0,-2.254039049E0,1.138026428E1,1.176849807E1
7.476563490E0,-1.861616015E0,-1.100698411E-1,7.489534855E0,7.718216238E0
7.478939115E0,6.412764788E-1,-2.014756680E0,1.353859043E1,1.370269721E1
7.481314740E0,7.178468257E-2,-7.848458290E-1,6.350551128E0,6.399268368E0
7.483690365E0,-9.571290612E-1,-1.349551916E0,1.295474148E1,1.305996605E1
7.486065938E0,1.579262972E0,-1.292124271E0,7.054041386E0,7.343238832E0
7.488441511E0,-1.923829436E0,-8.662018180E-1,1.160040379E1,1.179070792E1
7.490817136E0,2.622533560E0,-1.722832322E0,9.566504478E0,1.006796114E1
7.493192761E0,-2.522035122E0,-2.009970993E-1,9.135796547E0,9.479653978E0
7.495568386E0,1.741974831E0,-2.105684042E0,1.210289669E1,1.240759807E1
7.497944011E0,-1.368694544E0,-3.828516304E-1,7.073183537E0,7.214556498E0
7.500319584E0,5.120640397E-1,-1.861616015E0,1.368694592E1,1.382245681E1
7.502695209E0,2.584248483E-1,-8.662018180E-1,6.183053493E0,6.248779040E0
7.505070834E0,-1.325623751E0,-1.249053478E0,1.274895859E1,1.287840666E1
7.507446407E0,1.947757602E0,-1.306481123E0,7.518248558E0,7.875577057E0
7.509822032E0,-1.861616015E0,-7.465606928E-1,1.138983536E1,1.156509042E1
7.512197657E0,2.545963287E0,-1.823330879E0,9.801001549E0,1.028912513E1
7.514573230E0,-2.507678032E0,-5.742774159E-2,8.752944946E0,9.105261791E0
7.516948803E0,1.646261930E0,-2.158325911E0,1.250489140E1,1.279612668E1
7.519324480E0,-8.518448472E-1,-5.312066078E-1,6.747759819E0,6.822029220E0
7.521700053E0,2.584248483E-1,-1.684547186E0,1.362473202E1,1.373090693E1
7.524075678E0,5.647061467E-1,-1.033699393E0,6.068198204E0,6.181460743E0
7.526451303E0,-1.387837172E0,-1.124626637E0,1.261017513E1,1.273606666E1
7.528826876E0,2.354537487E0,-1.426122308E0,7.872386456E0,8.339792571E0
7.531202501E0,-1.923829436E0,-4.977070987E-1,1.107398319E1,1.125086378E1
7.533578126E0,2.407179594E0,-1.981257200E0,1.015513897E1,1.062293468E1
7.535953698E0,-2.368894339E0,-5.264209956E-2,8.394021988E0,8.722043150E0
7.538329323E0,1.512263894E0,-2.239681959E0,1.294517040E1,1.322424115E1
7.540704948E0,-4.594219327E-1,-6.269195080E-1,6.522834301E0,6.568977386E0
7.543080521E0,-1.292124242E-1,-1.564906001E0,1.339980698E1,1.349149560E1
7.545456146E0,9.284151793E-1,-1.062413216E0,6.226124287E0,6.383987799E0
7.547831771E0,-1.459621787E0,-1.138983607E0,1.246660614E1,1.260333480E1
7.550207396E0,2.603390932E0,-1.469193101E0,8.350951195E0,8.869868013E0
7.552582969E0,-2.340180635E0,-3.828516304E-1,1.047099209E1,1.073613972E1
7.554958594E0,2.301895380E0,-1.990828395E0,1.082512951E1,1.124480097E1
7.557334219E0,-2.100898266E0,-2.297109663E-1,7.791030407E0,8.072589142E0
7.559709792E0,1.349551916E0,-2.091326952E0,1.342852020E1,1.365723594E1
7.562085417E0,-3.924229145E-1,-6.891329288E-1,6.125626087E0,6.176746303E0
7.564461042E0,-6.652047038E-1,-1.387837172E0,1.320838070E1,1.329774079E1
7.566836615E0,1.277767301E0,-1.110269666E0,6.494120598E0,6.711109472E0
7.569212240E0,-1.651047587E0,-1.062413216E0,1.223210907E1,1.238867113E1
7.571587865E0,2.541177750E0,-1.440479279E0,8.819944382E0,9.291070111E0
7.573963386E0,-2.699103832E0,-2.632105052E-1,9.738788605E0,1.010932464E1
7.576339063E0,1.995614052E0,-1.957328916E0,1.133240795E1,1.167206417E1
7.578714688E0,-1.684547186E0,-3.541377485E-1,7.508677483E0,7.703463527E0
7.581090261E0,9.762716293E-1,-1.828116536E0,1.338544941E1,1.354493899E1
7.583465886E0,-3.397808075E-1,-6.939185858E-1,5.900700569E0,5.951070593E0
7.585841511E0,-9.284151793E-1,-1.234696507E0,1.307916832E1,1.317008254E1
7.588217084E0,1.718046665E0,-1.172483087E0,6.829115868E0,7.138853162E0
7.590592709E0,-1.780260086E0,-7.896314859E-1,1.213161087E1,1.228693722E1
7.592968334E0,2.474178553E0,-1.579262972E0,9.001798630E0,9.468263284E0
7.595343907E0,-2.646461725E0,4.307080805E-2,9.379864693E0,9.746151877E0
7.597719532E0,1.995614052E0,-2.115255117E0,1.184925747E1,1.220088858E1
7.600095157E0,-1.182054400E0,-3.637090325E-1,7.168896675E0,7.274793221E0
7.602470730E0,7.369893789E-1,-1.813759565E0,1.341894913E1,1.356101297E1
7.604846355E0,1.244267747E-1,-7.369893789E-1,5.814558983E0,5.862399810E0
7.607221980E0,-9.475577474E-1,-1.229910851E0,1.304088306E1,1.313298053E1
7.609597605E0,2.263610125E0,-1.277767301E0,7.250252724E0,7.702128578E0
7.611973178E0,-1.885544300E0,-6.747759581E-1,1.173918819E1,1.190878413E1
7.614348803E0,2.579462767E0,-1.689332843E0,9.533005714E0,1.001926502E1
7.616724428E0,-2.388036966E0,-2.105683982E-1,8.944371223E0,9.260066748E0
7.619100001E0,2.115255117E0,-2.172683001E0,1.243789196E1,1.280218778E1
7.621475626E0,-8.183453679E-1,-4.259224236E-1,6.690331936E0,6.753639053E0
7.623851251E0,4.881358147E-1,-1.670190215E0,1.346201992E1,1.357401165E1
7.626226823E0,6.125625968E-1,-8.997012973E-1,5.838487148E0,5.939076320E0
7.628602448E0,-9.571290612E-1,-1.363908887E0,1.303131199E1,1.313740597E1
7.630978073E0,2.598605394E0,-1.268195987E0,7.800601959E0,8.319282540E0
7.633353646E0,-2.177468538E0,-5.694918036E-1,1.120319557E1,1.142704166E1
7.635729271E0,2.550748825E0,-1.727617979E0,1.016471100E1,1.062131504E1
7.638104896E0,-2.105684042E0,-2.823530734E-1,8.461020470E0,8.723674451E0
7.640480469E0,2.000399828E0,-2.163111687E0,1.288774300E1,1.322023340E1
7.642856094E0,-7.322037220E-1,-5.072783828E-1,6.240481377E0,6.303733930E0
7.645231719E0,4.785645287E-3,-1.555334687E0,1.337109280E1,1.346124851E1
7.647607292E0,1.019342422E0,-1.000199914E0,6.049055576E0,6.215346507E0
7.649982917E0,-1.191625714E0,-1.249053478E0,1.300738430E1,1.312143867E1
7.652358542E0,2.392822742E0,-1.311266780E0,8.025527000E0,8.476680062E0
7.654734115E0,-2.541177750E0,-3.972085714E-1,1.073898792E1,1.104269988E1
7.657109740E0,2.349751949E0,-1.852044702E0,1.067198944E1,1.108344542E1
7.659485365E0,-1.986042738E0,-3.732803464E-1,8.059026718E0,8.308526682E0
7.661860938E0,1.512263894E0,-1.986042738E0,1.303609753E1,1.327294792E1
7.664236563E0,-8.327022791E-1,-5.312066078E-1,5.934200287E0,6.015837979E0
7.666612188E0,-4.354937077E-1,-1.483550072E0,1.336152172E1,1.345068170E1
7.668987761E0,1.167697430E0,-1.081555843E0,6.302694798E0,6.500557056E0
7.671363386E0,-1.665404558E0,-1.038485050E0,1.287817192E1,1.302686975E1
7.673739011E0,2.163111687E0,-1.335195065E0,8.307880402E0,8.688076588E0
7.676114584E0,-2.790031195E0,-2.967100143E-1,1.023649502E1,1.061405395E1
7.678490209E0,2.230110645E0,-1.990828395E0,1.112662506E1,1.152122287E1
7.680865834E0,-1.842473388E0,-2.584248483E-1,7.690532207E0,7.912381261E0
7.683241407E0,1.081555843E0,-1.966900229E0,1.305045509E1,1.324208585E1
7.685617032E0,-5.551348329E-1,-5.359922647E-1,5.737988472E0,5.789643693E0
7.687992657E0,-6.412764788E-1,-1.493121386E0,1.342852020E1,1.352648520E1
7.690368282E0,1.694118381E0,-1.071984529E0,6.699903488E0,6.993417953E0
7.692743855E0,-1.976471543E0,-1.019342422E0,1.225125217E1,1.245145287E1
7.695119480E0,2.340180635E0,-1.316052437E0,8.987442017E0,9.379901568E0
7.697495105E0,-2.531606436E0,-4.594219327E-1,9.628718376E0,9.966559949E0
7.699870678E0,2.335394859E0,-2.081755638E0,1.171525955E1,1.212580233E1
7.702246303E0,-1.560120344E0,-4.354937077E-1,7.073183537E0,7.256276979E0
7.704621928E0,8.805587292E-1,-1.885544300E0,1.320359516E1,1.336658469E1
7.706997501E0,-1.435693540E-2,-7.465606928E-1,5.699703693E0,5.748406839E0
7.709373126E0,-6.317051649E-1,-1.560120344E0,1.352423382E1,1.362857026E1
7.711748751E0,2.048256159E0,-1.153340459E0,7.010970116E0,7.394541870E0
7.714124323E0,-2.177468538E0,-9.092726111E-1,1.205504036E1,1.228381634E1
7.716499948E0,2.431107759E0,-1.584048629E0,9.370293617E0,9.809276093E0
7.718875573E0,-2.086541414E0,-5.359922647E-1,9.346364975E0,9.591427476E0
7.721251146E0,2.388036966E0,-2.167897224E0,1.199761295E1,1.242357499E1
7.723626771E0,-1.440479279E0,-4.642075896E-1,6.666403770E0,6.836037483E0
7.726002396E0,7.130611539E-1,-1.871187329E0,1.339023590E1,1.353913645E1
7.728377969E0,5.886343718E-1,-9.427721500E-1,5.761917114E0,5.868134165E0
7.730753594E0,-7.274180651E-1,-1.469193101E0,1.362951756E1,1.372776071E1
7.733129167E0,2.134397745E0,-1.282552958E0,7.274180889E0,7.688582667E0
7.735504792E0,-2.268395901E0,-7.274180651E-1,1.158604717E1,1.182840843E1
7.737880417E0,2.584248543E0,-1.804188251E0,1.003071213E1,1.051421046E1
7.740256042E0,-1.890329838E0,-5.455635786E-1,8.781659126E0,8.999362395E0
7.742631615E0,2.110469580E0,-2.158325911E0,1.231346512E1,1.267808644E1
7.745007240E0,-1.186840057E0,-4.402793646E-1,6.412764549E0,6.536511639E0
7.747382865E0,3.206382394E-1,-1.904686809E0,1.356730461E1,1.370410140E1
7.749758438E0,9.571290612E-1,-9.762716293E-1,6.082555294E0,6.234314817E0
7.752134063E0,-1.272981644E0,-1.416550994E0,1.338066387E1,1.351551940E1
7.754509688E0,2.053041935E0,-1.239482164E0,7.843672752E0,8.202103356E0
7.756885313E0,-2.464607239E0,-7.992027402E-1,1.099741268E1,1.129849988E1
7.759260886E0,2.445464849E0,-1.852044702E0,1.060977554E1,1.104435172E1
7.761636511E0,-2.129612207E0,-4.737788737E-1,8.331808090E0,8.612708089E0
7.764012136E0,1.550549030E0,-2.148754835E0,1.252403355E1,1.280127985E1
7.766387709E0,-1.091127157E0,-5.120640397E-1,6.206982136E0,6.322926165E0
7.768763334E0,-8.614161611E-2,-1.852044702E0,1.369651699E1,1.382143508E1
7.771138959E0,1.004985452E0,-9.379864931E-1,6.369693756E0,6.516349666E0
7.773514532E0,-1.923829436E0,-1.272981644E0,1.296909904E1,1.317266609E1
7.775890105E0,1.919043779E0,-1.201196909E0,8.317451477E0,8.620069728E0
7.778265782E0,-2.426322222E0,-7.609176040E-1,1.058106136E1,1.088232028E1
7.780641355E0,2.316252232E0,-1.861616015E0,1.090170002E1,1.129945582E1
7.783016980E0,-2.359323025E0,-3.302095234E-1,7.680960655E0,8.041927633E0
7.785392605E0,1.220339537E0,-2.033899307E0,1.283510113E1,1.305242491E1
7.787768178E0,-6.508477330E-1,-5.264210105E-1,5.962913990E0,6.021383986E0
7.790143803E0,-2.775674164E-1,-1.655833244E0,1.390708542E1,1.400806383E1
7.792519428E0,1.115055323E0,-9.858429432E-1,6.317051888E0,6.490021512E0
7.794894948E0,-2.062613010E0,-1.048056364E0,1.260538960E1,1.281595261E1
7.797270626E0,2.120040894E0,-1.272981644E0,8.776873589E0,9.118583533E0
7.799646251E0,-2.124826431E0,-6.556333899E-1,1.014078236E1,1.038172477E1
7.802021823E0,2.349751949E0,-1.871187329E0,1.102612686E1,1.142795475E1
7.804397448E0,-2.043470621E0,-1.914258152E-1,7.312466145E0,7.595036349E0
7.806773073E0,1.263410330E0,-1.957328916E0,1.299781227E1,1.320494097E1
7.809148646E0,-9.571290575E-3,-5.407779217E-1,5.881557941E0,5.906374200E0
7.811524271E0,-3.445664644E-1,-1.440479279E0,1.382094383E1,1.390007896E1
7.813899896E0,1.564906001E0,-9.332008362E-1,6.556334019E0,6.804800538E0
7.816275469E0,-1.895115495E0,-9.379864931E-1,1.217946720E1,1.236166262E1
7.818651094E0,2.665604353E0,-1.392622828E0,9.245866776E0,9.722700105E0
7.821026719E0,-1.842473388E0,-4.737788737E-1,9.494720459E0,9.683433854E0
7.823402292E0,2.416750908E0,-1.938186288E0,1.116012478E1,1.158212572E1
7.825777917E0,-1.488335729E0,-1.531406492E-1,6.991827965E0,7.150122628E0
7.828153542E0,1.359123230E0,-2.024327993E0,1.322752380E1,1.345037196E1
7.830529115E0,6.077769399E-1,-5.407779217E-1,5.958128452E0,6.013412361E0
7.832904740E0,-6.652047038E-1,-1.445264935E0,1.343330669E1,1.352719545E1
7.835280365E0,1.813759565E0,-8.614161611E-1,7.116254330E0,7.394108279E0
7.837655938E0,-1.698904037E0,-1.014556766E0,1.172961617E1,1.189535606E1
7.840031563E0,2.785245657E0,-1.430907965E0,9.609575272E0,1.010688022E1
7.842407188E0,-2.029113531E0,-4.402793646E-1,8.867800713E0,9.107636198E0
7.844782761E0,2.249253273E0,-1.981257200E0,1.153819084E1,1.192117311E1
7.847158386E0,-1.268195987E0,-2.153540403E-1,6.714260101E0,6.836372366E0
7.849534011E0,9.284151793E-1,-1.990828395E0,1.354337597E1,1.372036388E1
7.851909636E0,5.024927258E-1,-5.551348329E-1,5.938985825E0,5.986002526E0
7.854285209E0,-1.459621787E0,-1.306481123E0,1.319880962E1,1.334338653E1
7.856660834E0,1.674975872E0,-9.714859724E-1,7.594819069E0,7.837767913E0
7.859036459E0,-1.904686809E0,-9.714859724E-1,1.123190975E1,1.143360895E1
7.861412032E0,2.340180635E0,-1.512263894E0,9.896714211E0,1.028145611E1
7.863787657E0,-2.550748825E0,-2.727817893E-1,8.394021988E0,8.777262364E0
7.866163230E0,1.713261008E0,-2.072184324E0,1.188275719E1,1.218314941E1
7.868538855E0,-1.196411371E0,-3.062812984E-1,6.518048763E0,6.634015985E0
7.870914480E0,2.105683982E-1,-1.799402595E0,1.379222965E1,1.391070766E1
7.873290053E0,2.392822653E-1,-6.604190469E-1,5.986842155E0,6.027909116E0
7.875665678E0,-1.847259045E0,-1.201196909E0,1.300738430E1,1.319269822E1
7.878041303E0,1.737189293E0,-1.086341500E0,8.054241180E0,8.310762028E0
7.880416928E0,-2.110469580E0,-7.896314859E-1,1.093041420E1,1.116026677E1
7.882792501E0,2.096112728E0,-1.631905079E0,1.000199890E1,1.034875764E1
7.885168126E0,-2.512463808E0,-1.531406492E-1,8.135597229E0,8.516094687E0
7.887543751E0,1.617548108E0,-2.139183521E0,1.228475189E1,1.257408832E1
7.889919323E0,-8.135597110E-1,-2.632105052E-1,6.532405853E0,6.588132164E0
7.892294896E0,-1.914258152E-1,-1.746760488E0,1.368694592E1,1.379928638E1
7.894670573E0,5.503492355E-1,-6.125625968E-1,6.317051888E0,6.370499334E0
7.897046146E0,-1.765903115E0,-1.282552958E0,1.265803146E1,1.284480893E1
7.899421771E0,2.143969059E0,-1.201196909E0,8.561519623E0,8.907249609E0
7.901797396E0,-1.971685886E0,-6.747759581E-1,1.033699417E1,1.054496640E1
7.904172969E0,2.292324066E0,-1.789831281E0,1.027478027E1,1.067845285E1
7.906548594E0,-2.029113531E0,-9.571290761E-2,7.843672752E0,8.102448082E0
7.908924219E0,1.832902193E0,-2.292324066E0,1.281117249E1,1.314307500E1
7.911299792E0,-1.722832322E-1,-2.105683982E-1,6.350551128E0,6.356376342E0
7.913675417E0,-3.493520916E-1,-1.636690736E0,1.371565914E1,1.381738431E1
7.916051042E0,1.177268744E0,-8.279166222E-1,6.623332977E0,6.777901398E0
7.918426615E0,-1.253839016E0,-1.296909928E0,1.250010586E1,1.262959754E1
7.920802240E0,2.617748022E0,-1.311266780E0,8.896514893E0,9.365895713E0
7.923177865E0,-1.957328916E0,-5.359922647E-1,9.882357597E0,1.008857849E1
7.925553438E0,2.565105915E0,-1.947757602E0,1.061934662E1,1.109702891E1
7.927929063E0,-1.497906923E0,-1.770688742E-1,7.647460938E0,7.794789114E0
7.930304688E0,1.746760488E0,-2.225325108E0,1.323230934E1,1.353134341E1
7.932680261E0,-8.614161611E-2,-3.972085714E-1,6.183053493E0,6.196397787E0
7.935055886E0,-6.077769399E-1,-1.469193101E0,1.359123230E1,1.368391452E1
7.937431511E0,1.378265858E0,-9.810572863E-1,7.058826923E0,7.258727692E0
7.939807084E0,-1.234696507E0,-1.205982566E0,1.223689461E1,1.235801194E1
7.942182709E0,2.397608280E0,-1.335195065E0,8.963513374E0,9.374211612E0
7.944558334E0,-2.263610125E0,-3.110669553E-1,9.499505997E0,9.770430268E0
7.946933959E0,2.378465652E0,-2.091326952E0,1.098305607E1,1.143058476E1
7.949309532E0,-1.454836130E0,-1.579262912E-1,7.551748276E0,7.692229254E0
7.951685157E0,1.024128079E0,-2.029113531E0,1.341894913E1,1.361008214E1
7.954060730E0,-2.679961324E-1,-4.019941986E-1,6.197410583E0,6.216214218E0
7.956436355E0,-1.134197950E0,-1.464407444E0,1.333759308E1,1.346559628E1
7.958811980E0,1.411765337E0,-1.038485050E0,7.465606689E0,7.668560217E0
7.961187605E0,-1.670190215E0,-9.667003751E-1,1.183011532E1,1.198647877E1
7.963563178E0,2.005185366E0,-1.445264935E0,9.049654961E0,9.381141401E0
7.965938803E0,-2.507678032E0,-2.201396823E-1,9.202795982E0,9.540878601E0
7.968314376E0,2.019542217E0,-2.167897224E0,1.145683479E1,1.183373959E1
7.970689948E0,-1.497906923E0,-1.914258115E-2,7.403393269E0,7.553431239E0
7.973065626E0,2.727817893E-1,-2.043470621E0,1.346201992E1,1.361896334E1
7.975441251E0,-2.823530734E-1,-4.163511395E-1,6.336194515E0,6.356133452E0
7.977816823E0,-1.373480201E0,-1.488335729E0,1.317009544E1,1.332490169E1
7.980192448E0,1.526620865E0,-1.076770186E0,7.795815945E0,8.016529894E0
7.982568073E0,-2.134397745E0,-8.853443861E-1,1.122712421E1,1.146245203E1
7.984943646E0,1.938186288E0,-1.564906001E0,9.389435768E0,9.714267905E0
7.987319271E0,-2.498106956E0,-2.488535494E-1,8.906085968E0,9.253152637E0
7.989694896E0,2.048256159E0,-2.364108801E0,1.199761295E1,1.239867252E1
7.992070469E0,-1.397408366E0,-1.148554832E-1,6.929614544E0,7.070042408E0
7.994446094E0,-5.742774159E-2,-1.852044702E0,1.365344620E1,1.377860518E1
7.996821719E0,1.100698411E-1,-7.369893789E-1,6.264409542E0,6.308573185E0
7.999197292E0,-1.129412293E0,-1.464407444E0,1.301695538E1,1.314766856E1
8.001572917E0,1.828116536E0,-1.196411371E0,7.881958008E0,8.179160854E0
8.003948542E0,-2.120040894E0,-8.279166222E-1,1.075813103E1,1.099624493E1
8.006324115E0,2.373680115E0,-1.794616938E0,9.657432556E0,1.010549409E1
8.008699740E0,-1.971685886E0,-3.780659735E-1,8.647661209E0,8.877641776E0
8.011075365E0,2.100898266E0,-2.263610125E0,1.238046455E1,1.275984353E1
8.013450938E0,-1.019342422E0,-2.727817893E-1,6.680760860E0,6.763581489E0
8.015826563E0,0.000000000E0,-1.842473388E0,1.360558987E1,1.372977727E1
8.018202188E0,8.662018180E-1,-9.284151793E-1,6.570691109E0,6.692252385E0
8.020577761E0,-7.848458290E-1,-1.402194023E0,1.278724384E1,1.288781347E1
8.022953386E0,2.120040894E0,-1.354337573E0,7.858029366E0,8.250904748E0
8.025329011E0,-1.875972986E0,-6.317051649E-1,1.057627583E1,1.075992269E1
8.027704584E0,2.770888567E0,-2.005185366E0,9.925428391E0,1.049822464E1
8.030080209E0,-1.622333765E0,-2.297109663E-1,8.561519623E0,8.716900379E0
8.032455834E0,1.942971945E0,-2.306680918E0,1.255274773E1,1.290997259E1
8.034831407E0,-7.082754970E-1,-2.297109663E-1,6.599404812E0,6.641277376E0
8.037207032E0,-8.135596663E-2,-1.837687731E0,1.345244884E1,1.357763215E1
8.039582657E0,1.153340459E0,-1.038485050E0,6.824330330E0,6.998580561E0
8.041958230E0,-1.048056364E0,-1.344766378E0,1.227039433E1,1.238827654E1
8.044333855E0,2.129612207E0,-1.330409408E0,8.130811691E0,8.509720096E0
8.046709480E0,-1.952543259E0,-5.264210105E-1,1.029392338E1,1.049068171E1
8.049085053E0,2.665604353E0,-2.110469580E0,1.031306553E1,1.085904457E1
8.051460678E0,-1.832902193E0,-1.435693540E-2,8.288737297E0,8.488987133E0
8.053836303E0,1.416550994E0,-2.187039852E0,1.285424328E1,1.311569023E1
8.056211876E0,-7.274180651E-1,-3.541377485E-1,6.374479294E0,6.425615679E0
8.058587501E0,-2.679961324E-1,-1.655833244E0,1.358166122E1,1.368485028E1
8.060963126E0,1.091127157E0,-9.714859724E-1,6.805187702E0,6.960238726E0
8.063338698E0,-1.598405480E0,-1.110269666E0,1.209811115E1,1.225364812E1
8.065714323E0,2.029113531E0,-1.378265858E0,8.312665939E0,8.667025644E0
8.068089948E0,-2.143969059E0,-5.216353536E-1,1.013121128E1,1.036871008E1
8.070465521E0,2.445464849E0,-2.062613010E0,1.089212894E1,1.135223078E1
8.072841146E0,-2.153540373E0,-2.871387079E-2,7.838887215E0,8.129373493E0
8.075216771E0,8.662018180E-1,-2.033899307E0,1.327538013E1,1.345818597E1
8.077592344E0,-5.551348329E-1,-5.790630579E-1,6.340980053E0,6.391519126E0
8.079967969E0,-4.067798555E-1,-1.579262972E0,1.360080433E1,1.369822688E1
8.082343594E0,9.619147182E-1,-1.095912814E0,6.719046116E0,6.875455296E0
8.084719167E0,-1.923829436E0,-9.427721500E-1,1.196411324E1,1.215442078E1
8.087094792E0,2.191825628E0,-1.507478237E0,8.551948547E0,8.956138352E0
8.089470417E0,-2.172683001E0,-4.402793646E-1,1.009292603E1,1.033351601E1
8.091845990E0,2.268395901E0,-2.143969059E0,1.108355427E1,1.151466016E1
8.094221615E0,-2.038684845E0,-9.092725813E-2,7.613961697E0,7.882697278E0
8.096597240E0,7.417750359E-1,-2.100898266E0,1.335673618E1,1.354128521E1
8.098972813E0,-1.818545163E-1,-7.657032609E-1,6.407979012E0,6.456126359E0
8.101348438E0,-4.546363056E-1,-1.536192179E0,1.338066387E1,1.347622893E1
8.103724063E0,1.239482164E0,-1.210768223E0,6.699903488E0,6.920331096E0
8.106099636E0,-1.842473388E0,-8.997012973E-1,1.186361504E1,1.203949884E1
8.108475261E0,2.584248543E0,-1.708475351E0,8.776873589E0,9.307563513E0
8.110850886E0,-2.000399828E0,-2.679961324E-1,9.887143135E0,1.009103665E1
8.113226459E0,2.287538528E0,-2.230110645E0,1.128933716E1,1.173266208E1
8.115602084E0,-1.737189293E0,-1.148554832E-1,7.460821152E0,7.661257774E0
8.117977709E0,9.523434043E-1,-2.110469580E0,1.353859043E1,1.373515456E1
8.120353282E0,3.493520916E-1,-8.039883971E-1,6.369693756E0,6.429731159E0
8.122728907E0,-5.359922647E-1,-1.454836130E0,1.308395386E1,1.317549560E1
8.125104532E0,1.718046665E0,-1.239482164E0,7.020541668E0,7.333212508E0
8.127480105E0,-1.536192179E0,-9.619147182E-1,1.165304661E1,1.179316164E1
8.129855730E0,2.919243574E0,-1.789831281E0,9.284152031E0,9.895501907E0
8.132231355E0,-2.076970100E0,-2.919243574E-1,9.394221306E0,9.625508744E0
8.134606980E0,2.230110645E0,-2.201396942E0,1.186361504E1,1.227048914E1
8.136982553E0,-1.316052437E0,-3.637090325E-1,7.159325123E0,7.288361578E0
8.139358178E0,1.019342422E0,-2.024327993E0,1.377308750E1,1.395832734E1
8.141733803E0,3.780659735E-1,-9.188438654E-1,6.116054535E0,6.196235228E0
8.144109376E0,-7.704889178E-1,-1.349551916E0,1.299781227E1,1.309038072E1
8.146485001E0,1.962114573E0,-1.354337573E0,7.154539585E0,7.541323527E0
8.148860573E0,-1.612762451E0,-9.858429432E-1,1.156690502E1,1.172033194E1
8.151236198E0,2.804388046E0,-1.722832322E0,9.652647018E0,1.019834977E1
8.153611823E0,-2.426322222E0,-2.488535494E-1,9.068798065E0,9.391063090E0
8.155987396E0,1.890329838E0,-2.172683001E0,1.216989613E1,1.250600936E1
8.158363021E0,-1.143769264E0,-4.977070987E-1,7.025327206E0,7.135204470E0
8.160738646E0,6.747759581E-1,-1.828116536E0,1.370130253E1,1.383918436E1
8.163114271E0,1.722832322E-1,-9.762716293E-1,5.967699528E0,6.049481421E0
8.165489844E0,-1.153340459E0,-1.263410330E0,1.291167068E1,1.302450152E1
8.167865469E0,1.976471543E0,-1.387837172E0,7.355536938E0,7.741863821E0
8.170241094E0,-1.852044702E0,-7.609176040E-1,1.164826107E1,1.181909688E1
8.172616667E0,2.526820660E0,-1.823330879E0,9.657432556E0,1.014767765E1
8.174992292E0,-2.703889608E0,-3.349951655E-2,8.863015175E0,9.266346595E0
8.177367917E0,1.698904037E0,-2.172683001E0,1.254317665E1,1.284282317E1
8.179743490E0,-9.523434043E-1,-5.216353536E-1,6.790830612E0,6.877095448E0
8.182119115E0,2.727817893E-1,-1.708475351E0,1.356251907E1,1.367242559E1
8.184494740E0,2.392822653E-1,-8.470591903E-1,5.900700569E0,5.965989648E0
8.186870313E0,-1.320838094E0,-1.220339537E0,1.285424328E1,1.297942264E1
8.189245938E0,2.220539331E0,-1.368694544E0,7.585247993E0,8.021228509E0
8.191621563E0,-2.057827473E0,-5.551348329E-1,1.137069321E1,1.156872908E1
8.193997136E0,2.416750908E0,-1.722832322E0,9.882357597E0,1.031842177E1
8.196372761E0,-2.493321180E0,-1.052841991E-1,8.532805443E0,8.890247690E0
8.198748386E0,1.785045743E0,-2.167897224E0,1.272024536E1,1.302654247E1
8.201123959E0,-8.231309652E-1,-3.972085714E-1,6.474977970E0,6.539163475E0
8.203499584E0,1.244267747E-1,-1.607976794E0,1.342373466E1,1.352027085E1
8.205875209E0,6.843472719E-1,-9.236295223E-1,5.795416355E0,5.908322386E0
8.208250782E0,-1.225125194E0,-1.196411371E0,1.287817192E1,1.299152200E1
8.210626355E0,2.522035122E0,-1.325623751E0,7.948956966E0,8.444161080E0
8.213002032E0,-2.297109842E0,-5.024927258E-1,1.085384369E1,1.110563530E1
8.215377605E0,2.411965132E0,-1.765903115E0,1.031785107E1,1.074216180E1
8.217753230E0,-2.048256159E0,-3.062812984E-1,8.274380684E0,8.529627027E0
8.220128855E0,1.947757602E0,-2.129612207E0,1.298824120E1,1.330501474E1
8.222504428E0,-7.034898400E-1,-4.977070987E-1,6.077769279E0,6.138557626E0
8.224880053E0,-4.307080805E-2,-1.536192179E0,1.342373466E1,1.351141717E1
8.227255626E0,1.153340459E0,-1.038485050E0,6.053841114E0,6.249611000E0
8.229631251E0,-1.105484009E0,-1.244267821E0,1.296909904E1,1.307546662E1
8.232006876E0,2.550748825E0,-1.411765337E0,8.111668587E0,8.619661722E0
8.234382501E0,-2.421536446E0,-4.211367965E-1,1.059063339E1,1.087210700E1
8.236758073E0,2.488535643E0,-1.909472466E0,1.072463131E1,1.117392552E1
8.239133698E0,-1.770688772E0,-4.019941986E-1,7.963313580E0,8.167698650E0
8.241509323E0,1.751546144E0,-2.024327993E0,1.316530991E1,1.343470143E1
8.243884896E0,-6.508477330E-1,-5.886343718E-1,5.857629776E0,5.922999222E0
8.246260521E0,-1.818545163E-1,-1.502692580E0,1.346201992E1,1.354684969E1
8.248636146E0,1.354337573E0,-1.182054400E0,6.197410583E0,6.452858344E0
8.251011719E0,-1.416550994E0,-1.115055323E0,1.294038486E1,1.306535593E1
8.253387344E0,2.368894339E0,-1.325623751E0,8.274380684E0,8.708289982E0
8.255762969E0,-2.593819857E0,-3.876372576E-1,1.030827999E1,1.063667243E1
8.258138542E0,2.344966173E0,-1.976471543E0,1.113141060E1,1.154615122E1
8.260514167E0,-1.856830359E0,-3.493520916E-1,7.695317745E0,7.923874120E0
8.262889792E0,1.215553880E0,-2.014756680E0,1.309831142E1,1.330798925E1
8.265265313E0,-7.848458290E-1,-4.402793646E-1,5.790630817E0,5.860139432E0
8.267640990E0,-5.742774606E-1,-1.574477315E0,1.354816151E1,1.365142680E1
8.270016615E0,1.330409408E0,-1.014556766E0,6.489335060E0,6.701550876E0
8.272392188E0,-2.110469580E0,-1.038485050E0,1.258146191E1,1.279944205E1
8.274767761E0,2.014756680E0,-1.201196909E0,8.719446182E0,9.029444070E0
8.277143438E0,-2.742174864E0,-4.833501875E-1,9.930213928E0,1.031320993E1
8.279519011E0,2.139183521E0,-1.947757602E0,1.150469112E1,1.186287417E1
8.281894636E0,-2.062613010E0,-3.349951804E-1,7.345965385E0,7.637394952E0
8.284270261E0,8.039883971E-1,-1.847259045E0,1.310309696E1,1.325707031E1
8.286645834E0,-6.221339107E-1,-5.168496966E-1,5.776273727E0,5.832625685E0
8.289021459E0,-6.460621357E-1,-1.526620865E0,1.368694592E1,1.378696689E1
8.291397084E0,1.363908887E0,-9.427721500E-1,6.623332977E0,6.827708730E0
8.293772657E0,-2.301895380E0,-9.044869542E-1,1.243310642E1,1.267670913E1
8.296148282E0,2.038684845E0,-1.258624673E0,8.953942299E0,9.268951109E0
8.298523907E0,-2.364108801E0,-5.312066078E-1,9.738788605E0,1.003569601E1
8.300899480E0,2.225325108E0,-1.895115495E0,1.152861977E1,1.189338506E1
8.303275105E0,-1.971685886E0,-2.440679073E-1,7.015756130E0,7.291635513E0
8.305650730E0,9.284151793E-1,-1.842473388E0,1.313659668E1,1.329762517E1
8.308026303E0,-1.004985496E-1,-6.029912829E-1,5.694917679E0,5.727633527E0
8.310401928E0,-4.594219327E-1,-1.421336651E0,1.384965706E1,1.392997728E1
8.312777553E0,1.540977836E0,-9.762716293E-1,6.623332977E0,6.869953327E0
8.315153126E0,-2.096112728E0,-8.374879360E-1,1.217946720E1,1.238686788E1
8.317528751E0,2.474178553E0,-1.416550994E0,9.298508644E0,9.725761627E0
8.319904271E0,-1.962114573E0,-4.881358147E-1,9.451649666E0,9.665497999E0
8.322279948E0,2.359323025E0,-1.981257200E0,1.149033451E1,1.189619991E1
8.324655573E0,-1.564906001E0,-2.201396823E-1,6.896114826E0,7.074870456E0
8.327031198E0,1.105484009E0,-1.957328916E0,1.327059460E1,1.345964013E1
8.329406771E0,4.067798555E-1,-6.652047038E-1,5.982056618E0,6.032658496E0
8.331782396E0,-6.460621357E-1,-1.483550072E0,1.362951756E1,1.372523464E1
8.334157917E0,1.703689694E0,-1.033699393E0,7.034898758E0,7.311695668E0
8.336533594E0,-2.005185366E0,-1.000199914E0,1.180618668E1,1.201695519E1
8.338909219E0,2.545963287E0,-1.550549030E0,9.686145782E0,1.013447342E1
8.341284844E0,-2.024327993E0,-4.833501875E-1,9.102297783E0,9.337202802E0
8.343660417E0,2.091326952E0,-2.053041935E0,1.159083271E1,1.195558583E1
8.346036042E0,-1.627119422E0,-2.536391914E-1,6.814758778E0,7.010904909E0
8.348411667E0,8.087740541E-1,-2.057827473E0,1.345723438E1,1.363766573E1
8.350787240E0,3.780659735E-1,-5.886343718E-1,6.139982700E0,6.179709691E0
8.353162865E0,-1.282552958E0,-1.512263894E0,1.339980698E1,1.354572668E1
8.355538490E0,1.454836130E0,-1.004985452E0,7.331608772E0,7.541818820E0
8.357914063E0,-2.043470621E0,-1.028913736E0,1.171047401E1,1.193187484E1
8.360289688E0,2.321038008E0,-1.550549030E0,9.781859398E0,1.017232486E1
8.362665313E0,-2.565105915E0,-3.493520916E-1,8.781659126E0,9.155290943E0
8.365040886E0,1.775474429E0,-2.057827473E0,1.167218876E1,1.198444633E1
8.367416511E0,-1.603191137E0,-1.914258152E-1,6.719046116E0,6.910314492E0
8.369792136E0,5.551348329E-1,-1.990828395E0,1.373001671E1,1.388470134E1
8.372167709E0,4.785645287E-3,-5.694918036E-1,5.867201328E0,5.894776946E0
8.374543334E0,-1.698904037E0,-1.234696507E0,1.333280754E1,1.349720369E1
8.376918959E0,1.426122308E0,-1.004985452E0,7.618747234E0,7.815953558E0
8.379294532E0,-1.966900229E0,-9.571290612E-1,1.142333508E1,1.163088031E1
8.381670157E0,2.153540373E0,-1.497906923E0,9.743574142E0,1.009052518E1
8.384045782E0,-2.550748825E0,-2.057827413E-1,8.528019905E0,8.903695278E0
8.386421355E0,1.852044702E0,-2.033899307E0,1.178225899E1,1.209910917E1
8.388796980E0,-1.134197950E0,-1.962114573E-1,6.728617191E0,6.826360175E0
8.391172605E0,4.594219327E-1,-1.761117458E0,1.382094383E1,1.394026871E1
8.393548178E0,2.727817893E-1,-5.503492355E-1,5.910272121E0,5.942104908E0
8.395923803E0,-1.392622828E0,-1.229910851E0,1.323230934E1,1.336211396E1
8.398299428E0,1.966900229E0,-1.091127157E0,7.795815945E0,8.113815454E0
8.400675001E0,-1.622333765E0,-8.327022791E-1,1.116491032E1,1.131285032E1
8.403050626E0,2.498106956E0,-1.588834286E0,9.686145782E0,1.012849213E1
8.405426251E0,-2.086541414E0,-1.627119333E-1,8.360522270E0,8.618495395E0
8.407801823E0,2.249253273E0,-2.158325911E0,1.209332561E1,1.248863625E1
8.410177448E0,-5.168496966E-1,-1.818545163E-1,6.757331371E0,6.779508237E0
8.412553073E0,4.594219327E-1,-1.861616015E0,1.354337597E1,1.367843980E1
8.414928646E0,7.130611539E-1,-5.599204898E-1,6.317051888E0,6.381779667E0
8.417304271E0,-9.523434043E-1,-1.406979680E0,1.285902882E1,1.297078147E1
8.419679896E0,2.321038008E0,-1.225125194E0,8.236095428E0,8.644155082E0
8.422055469E0,-1.555334687E0,-8.853443861E-1,1.073898792E1,1.088709154E1
8.424431094E0,2.579462767E0,-1.727617979E0,9.781859398E0,1.026270263E1
8.426806719E0,-1.899901152E0,-2.392822653E-1,8.355736732E0,8.572351879E0
8.429182292E0,2.344966173E0,-2.368894339E0,1.239003563E1,1.283056934E1
8.431557917E0,-6.125625968E-1,-2.153540403E-1,6.628118515E0,6.659847247E0
8.433933542E0,5.742774159E-2,-1.842473388E0,1.376351547E1,1.388640934E1
8.436309115E0,6.460621357E-1,-8.614161611E-1,6.321837425E0,6.412882544E0
8.438684740E0,-1.014556766E0,-1.507478237E0,1.288774300E1,1.301521170E1
8.441060365E0,2.158325911E0,-1.272981644E0,8.288737297E0,8.659215841E0
8.443435938E0,-2.033899307E0,-7.944171429E-1,1.040877819E1,1.063534242E1
8.445811563E0,2.306680918E0,-1.818545222E0,9.997213364E0,1.041979648E1
8.448187188E0,-1.938186288E0,-3.684946895E-1,8.389236450E0,8.618099712E0
8.450562761E0,1.928615093E0,-2.349751949E0,1.270588779E1,1.306447378E1
8.452938386E0,-1.105484009E0,-2.967100143E-1,6.470192432E0,6.570656119E0
8.455314011E0,-3.924229145E-1,-1.756331801E0,1.376351547E1,1.388067200E1
8.457689584E0,5.647061467E-1,-9.379864931E-1,6.594619274E0,6.684887064E0
8.460065209E0,-1.196411371E0,-1.383051515E0,1.281117249E1,1.294103443E1
8.462440834E0,1.765903115E0,-1.378265858E0,8.121239662E0,8.424521603E0
8.464816407E0,-2.407179594E0,-5.742774606E-1,1.041356373E1,1.070357967E1
8.467192032E0,2.206182480E0,-1.976471543E0,1.015513897E1,1.057830461E1
8.469567657E0,-1.981257200E0,-2.632105052E-1,8.441878319E0,8.675250395E0
8.471943230E0,1.478764415E0,-2.268395901E0,1.277288723E1,1.305676117E1
8.474318855E0,-1.148554921E0,-2.057827413E-1,6.608976364E0,6.711191662E0
8.476694480E0,-4.450650215E-1,-1.808973908E0,1.362951756E1,1.375624288E1
8.479070053E0,8.614161611E-1,-1.004985452E0,6.838686943E0,6.965606410E0
8.481445678E0,-1.253839016E0,-1.287338614E0,1.256231880E1,1.269020121E1
8.483821303E0,1.971685886E0,-1.349551916E0,8.130811691E0,8.474605263E0
8.486196876E0,-2.105684042E0,-5.216353536E-1,1.034656525E1,1.057153826E1
8.488572501E0,2.584248543E0,-2.081755638E0,1.034177971E1,1.086114426E1
8.490948126E0,-1.703689694E0,-6.221338734E-2,8.355736732E0,8.527881649E0
8.493323698E0,1.536192179E0,-2.234896421E0,1.282552910E1,1.310911305E1
8.495699323E0,-7.082754970E-1,-2.727817893E-1,6.479763508E0,6.524063090E0
8.498074948E0,1.914258115E-2,-1.823330879E0,1.362951756E1,1.375095090E1
8.500450469E0,1.215553880E0,-9.906286001E-1,6.738188744E0,6.918244272E0
8.502826146E0,-1.201196909E0,-1.182054400E0,1.237567902E1,1.248989823E1
8.505201771E0,2.364108801E0,-1.440479279E0,8.049455643E0,8.512210472E0
8.507577344E0,-1.741974831E0,-5.742774606E-1,1.035613632E1,1.051731099E1
8.509952969E0,2.962314367E0,-2.177468538E0,1.071027374E1,1.132372021E1
8.512328594E0,-1.708475351E0,-1.339980662E-1,7.972885132E0,8.154982577E0
8.514704167E0,1.512263894E0,-2.163111687E0,1.315573883E1,1.341787831E1
8.517079792E0,-2.967100143E-1,-6.269195080E-1,6.431907177E0,6.469195841E0
8.519455417E0,2.440679073E-1,-1.761117458E0,1.368215942E1,1.379719502E1
8.521830990E0,1.311266780E0,-1.201196909E0,6.647261143E0,6.881015571E0
8.524206615E0,-1.339980721E0,-1.105484009E0,1.211725426E1,1.224113941E1
8.526582240E0,2.498106956E0,-1.555334687E0,8.312665939E0,8.818164173E0
8.528957813E0,-1.694118381E0,-6.317051649E-1,1.037049294E1,1.052692796E1
8.531333438E0,2.694318295E0,-2.177468538E0,1.085384369E1,1.139327184E1
8.533709063E0,-2.000399828E0,-1.052841991E-1,7.843672752E0,8.095423799E0
8.536084636E0,1.239482164E0,-2.187039852E0,1.326102352E1,1.349719246E1
8.538460209E0,-1.579262912E-1,-7.226324677E-1,6.412764549E0,6.455283693E0
8.540835886E0,-1.100698411E-1,-1.617548108E0,1.355294704E1,1.364957695E1
8.543211459E0,1.052842021E0,-1.225125194E0,6.484549522E0,6.682723290E0
8.545587032E0,-1.646261930E0,-1.000199914E0,1.206939697E1,1.222214881E1
8.547962709E0,2.416750908E0,-1.684547186E0,8.508877754E0,9.004409187E0
8.550338282E0,-2.048256159E0,-3.780659735E-1,1.036092186E1,1.056820652E1
8.552713907E0,2.153540373E0,-2.187039852E0,1.086820030E1,1.129330143E1
8.555089480E0,-2.254039049E0,-3.349951655E-2,7.733603001E0,8.055459616E0
8.557465053E0,8.709874153E-1,-2.196611166E0,1.343330669E1,1.363955455E1
8.559840730E0,-2.823530734E-1,-7.082754970E-1,6.340980053E0,6.386658396E0
8.562216355E0,-7.034898400E-1,-1.507478237E0,1.333280754E1,1.343618791E1
8.564591928E0,9.858429432E-1,-1.143769264E0,6.580262184E0,6.751292087E0
8.566967553E0,-1.904686809E0,-1.024128079E0,1.202154064E1,1.221450407E1
8.569343178E0,2.450250387E0,-1.636690736E0,8.910871506E0,9.385420316E0
8.571718751E0,-2.517249346E0,-2.775674164E-1,9.863214493E0,1.018315217E1
8.574094376E0,1.923829436E0,-2.081755638E0,1.134197903E1,1.169082181E1
8.576470001E0,-1.986042738E0,-2.105683982E-1,7.441678524E0,7.705016811E0
8.578845573E0,8.997012973E-1,-2.081755638E0,1.359123230E1,1.377914237E1
8.581221198E0,-2.105683982E-1,-7.417750359E-1,6.168696880E0,6.216702539E0
8.583596823E0,-8.566305041E-1,-1.406979680E0,1.319402409E1,1.329645363E1
8.585972396E0,1.464407444E0,-1.268195987E0,6.809973240E0,7.080151534E0
8.588348021E0,-1.703689694E0,-1.057627559E0,1.203111267E1,1.219708189E1
8.590723646E0,2.612962246E0,-1.665404558E0,9.193224907E0,9.701367338E0
8.593099219E0,-2.526820660E0,-3.254238665E-1,9.537791252E0,9.872192528E0
8.595474844E0,2.053041935E0,-2.148754835E0,1.167697430E1,1.204922642E1
8.597850469E0,-1.435693622E0,-4.689932466E-1,7.355536938E0,7.509000898E0
8.600226042E0,1.019342422E0,-2.009970903E0,1.367737389E1,1.386180358E1
8.602601667E0,-2.392822690E-2,-8.757730722E-1,5.871986866E0,5.936984149E0
8.604977240E0,-8.039883971E-1,-1.335195065E0,1.316052437E1,1.325249202E1
8.607352865E0,1.895115495E0,-1.330409408E0,6.915257454E0,7.292615277E0
8.609728490E0,-1.569691658E0,-9.140582681E-1,1.205025482E1,1.218638895E1
8.612104115E0,2.689532757E0,-1.722832322E0,9.198010445E0,9.736792788E0
8.614479688E0,-2.507678032E0,-1.435693651E-1,9.293723106E0,9.627167312E0
8.616855313E0,2.067398787E0,-2.158325911E0,1.207418346E1,1.243858572E1
8.619230938E0,-1.067198873E0,-4.881358147E-1,7.034898758E0,7.132109824E0
8.621606511E0,8.470591903E-1,-1.785045743E0,1.363430309E1,1.377672379E1
8.623982136E0,9.571290761E-2,-7.657032609E-1,5.680561066E0,5.732733769E0
8.626357761E0,-8.997012973E-1,-1.268195987E0,1.311266804E1,1.320453886E1
8.628733334E0,2.167897224E0,-1.306481123E0,7.082755089E0,7.521442079E0
8.631108959E0,-1.871187329E0,-6.604190469E-1,1.185882950E1,1.202369878E1
8.633484584E0,2.483749866E0,-1.617548108E0,9.427721024E0,9.882681771E0
8.635860157E0,-2.545963287E0,-6.699903309E-2,8.920442581E0,9.276891385E0
8.638235782E0,2.009970903E0,-2.115255117E0,1.234217930E1,1.268241606E1
8.640611355E0,-1.095912814E0,-3.062812984E-1,6.766902447E0,6.861909490E0
8.642986980E0,4.163511395E-1,-1.670190215E0,1.345244884E1,1.356212607E1
8.645362605E0,2.344966233E-1,-7.704889178E-1,5.757131100E0,5.813191923E0
8.647738230E0,-1.081555843E0,-1.258624673E0,1.306959724E1,1.317453116E1
8.650113803E0,2.196611166E0,-1.143769264E0,7.580461979E0,7.974754702E0
8.652489428E0,-2.344966173E0,-5.934200287E-1,1.133719349E1,1.159236688E1
8.654865001E0,2.311466694E0,-1.521835208E0,9.896714211E0,1.027637158E1
8.657240626E0,-2.498106956E0,-2.488535494E-1,8.585447311E0,8.944963499E0
8.659616251E0,1.895115495E0,-2.048256159E0,1.270588779E1,1.300870480E1
8.661991876E0,-1.225125194E0,-4.115654826E-1,6.269195557E0,6.401025763E0
8.664367448E0,-2.392822690E-2,-1.540977836E0,1.348116302E1,1.356896981E1
8.666743073E0,4.498506486E-1,-8.135597110E-1,5.742774487E0,5.817534169E0
8.669118698E0,-1.244267821E0,-1.282552958E0,1.308395386E1,1.320541529E1
8.671494271E0,2.172683001E0,-1.134197950E0,7.709674358E0,8.089872380E0
8.673869896E0,-2.589034081E0,-4.163511395E-1,1.102612686E1,1.133366310E1
8.676245521E0,2.220539331E0,-1.674975872E0,1.019820976E1,1.057070582E1
8.678621094E0,-2.177468538E0,-3.110669553E-1,8.370093346E0,8.654281859E0
8.680996719E0,1.765903115E0,-1.962114573E0,1.277767277E1,1.304749895E1
8.683372292E0,-1.119840980E0,-4.450650215E-1,6.087340832E0,6.205468967E0
8.685747865E0,-7.178468257E-2,-1.540977836E0,1.340459251E1,1.349306734E1
8.688123542E0,9.044869542E-1,-9.427721500E-1,5.891129494E0,6.034262398E0
8.690499115E0,-1.282552958E0,-1.129412293E0,1.316530991E1,1.327576360E1
8.692874740E0,2.191825628E0,-1.210768223E0,7.834101200E0,8.224548674E0
8.695250365E0,-2.569891453E0,-3.732803464E-1,1.078684425E1,1.109502993E1
8.697625990E0,2.349751949E0,-1.832902193E0,1.052841949E1,1.094205107E1
8.700001511E0,-1.861616015E0,-2.488535494E-1,8.135597229E0,8.349579903E0
8.702377188E0,1.612762451E0,-1.981257200E0,1.266281700E1,1.291794555E1
8.704752813E0,-8.709874153E-1,-3.302095234E-1,5.891129494E0,5.964315897E0
8.707128386E0,-3.349951655E-2,-1.526620865E0,1.348116302E1,1.356736710E1
8.709504011E0,1.359123230E0,-8.997012973E-1,6.144768715E0,6.357268355E0
8.711879584E0,-1.564906001E0,-1.115055323E0,1.280638695E1,1.294974231E1
8.714255209E0,2.344966173E0,-1.129412293E0,8.274380684E0,8.674088666E0
8.716630834E0,-2.378465652E0,-4.737788737E-1,1.028913784E1,1.057108901E1
8.719006459E0,2.612962246E0,-1.828116536E0,1.102612686E1,1.147802489E1
8.721382032E0,-1.713261008E0,-2.440679073E-1,7.623532772E0,7.817485808E0
8.723757657E0,1.517049551E0,-1.952543259E0,1.278724384E1,1.302411109E1
8.726133230E0,-4.785645306E-1,-3.876372576E-1,5.891129494E0,5.923233354E0
8.728508855E0,-9.571290575E-3,-1.612762451E0,1.360558987E1,1.370084559E1
8.730884480E0,1.550549030E0,-8.422735929E-1,6.431907177E0,6.669561982E0
8.733260053E0,-1.770688772E0,-9.858429432E-1,1.259581852E1,1.275781600E1
8.735635678E0,2.349751949E0,-1.177268744E0,8.585447311E0,8.978708229E0
8.738011303E0,-2.024327993E0,-5.503492355E-1,1.010728264E1,1.032269105E1
8.740386876E0,2.550748825E0,-1.775474429E0,1.120319557E1,1.162627284E1
8.742762501E0,-1.981257200E0,-2.201396823E-1,7.235895634E0,7.505466488E0
8.745138126E0,1.272981644E0,-1.794616938E0,1.293081379E1,1.311667174E1
8.747513698E0,-1.914258152E-1,-5.216353536E-1,5.833701611E0,5.860104245E0
8.749889323E0,-2.679961324E-1,-1.450050473E0,1.374437332E1,1.382325093E1
8.752264948E0,1.292124271E0,-8.422735929E-1,6.388836384E0,6.572384672E0
8.754640521E0,-2.062613010E0,-8.470591903E-1,1.238046455E1,1.257965756E1
8.757016094E0,2.244467735E0,-1.239482164E0,8.944371223E0,9.304607893E0
8.759391771E0,-2.148754835E0,-4.977070987E-1,9.805787086E0,1.005078704E1
8.761767344E0,2.210968018E0,-1.789831281E0,1.121755219E1,1.157261218E1
8.764142969E0,-2.153540373E0,-9.571290761E-2,7.025327206E0,7.348613437E0
8.766518594E0,9.427721500E-1,-1.933400750E0,1.316052437E1,1.333515127E1
8.768894167E0,-1.244267747E-1,-5.312066078E-1,5.886343479E0,5.911573567E0
8.771269792E0,-7.369893789E-1,-1.430907965E0,1.376830196E1,1.386206297E1
8.773645417E0,1.119840980E0,-9.092726111E-1,6.675975323E0,6.830041509E0
8.776020990E0,-2.182254314E0,-9.523434043E-1,1.219861031E1,1.242880868E1
8.778396615E0,2.292324066E0,-1.392622828E0,9.351150513E0,9.728214835E0
8.780772240E0,-2.177468538E0,-5.264210105E-1,9.528220177E0,9.788026770E0
8.783147813E0,2.029113531E0,-1.938186288E0,1.127498055E1,1.161890933E1
8.785523438E0,-1.904686809E0,-2.297109663E-1,7.034898758E0,7.291803584E0
8.787899063E0,1.014556766E0,-2.134397745E0,1.335673618E1,1.356419480E1
8.790274636E0,1.100698411E-1,-4.881358147E-1,6.082555294E0,6.103103378E0
8.792650261E0,-1.004985452E0,-1.584048629E0,1.357209015E1,1.370112539E1
8.795025886E0,1.406979680E0,-9.332008362E-1,7.068397999E0,7.267235093E0
8.797401459E0,-1.852044702E0,-1.220339537E0,1.191625690E1,1.212091072E1
8.799777084E0,2.464607239E0,-1.517049551E0,9.643074989E0,1.006799997E1
8.802152709E0,-2.225325108E0,-5.599204898E-1,9.111868858E0,9.396368281E0
8.804528282E0,2.191825628E0,-2.110469580E0,1.147597694E1,1.187249882E1
8.806903907E0,-1.459621787E0,-3.206382394E-1,7.049255371E0,7.205921588E0
8.809279532E0,1.134197950E0,-2.206182480E0,1.368215942E1,1.390521962E1
8.811655105E0,3.158525825E-1,-6.460621357E-1,5.986842155E0,6.029878782E0
8.814030730E0,-1.129412293E0,-1.526620865E0,1.357209015E1,1.370429766E1
8.816406355E0,1.555334687E0,-1.134197950E0,7.360322475E0,7.607878674E0
8.818781928E0,-1.488335729E0,-1.263410330E0,1.174875927E1,1.190985698E1
8.821157553E0,2.512463808E0,-1.603191137E0,9.643074989E0,1.009314577E1
8.823533178E0,-2.316252232E0,-4.833501875E-1,8.920442581E0,9.228919094E0
8.825908751E0,2.182254314E0,-2.220539331E0,1.160519028E1,1.201555118E1
8.828284376E0,-1.162911773E0,-3.541377485E-1,6.987041950E0,7.092004833E0
8.830659896E0,8.949156404E-1,-2.072184324E0,1.377308750E1,1.395681773E1
8.833035573E0,1.244267747E-1,-6.795616150E-1,6.010770321E0,6.050342623E0
8.835411198E0,-1.253839016E0,-1.416550994E0,1.333759308E1,1.347108452E1
8.837786823E0,1.698904037E0,-1.182054400E0,7.676175117E0,7.950295087E0
8.840162396E0,-1.655833244E0,-1.095912814E0,1.157647610E1,1.174553564E1
8.842538021E0,2.163111687E0,-1.564906001E0,9.513862610E0,9.881374637E0
8.844913594E0,-2.426322222E0,-3.828516304E-1,8.829515457E0,9.164821771E0
8.847289219E0,2.009970903E0,-2.268395901E0,1.179183006E1,1.217509175E1
8.849664844E0,-1.186840057E0,-2.249253243E-1,7.125825882E0,7.227487477E0
8.852040417E0,4.211367965E-1,-2.029113531E0,1.363908863E1,1.379562962E1
8.854416042E0,-9.571290575E-3,-5.312066078E-1,6.197410583E0,6.220142282E0
8.856791667E0,-1.325623751E0,-1.502692580E0,1.316052437E1,1.331220361E1
8.859167240E0,1.713261008E0,-1.162911773E0,7.853243828E0,8.121641810E0
8.861542865E0,-1.880758643E0,-9.619147182E-1,1.124626637E1,1.144294718E1
8.863918490E0,2.191825628E0,-1.612762451E0,9.427721024E0,9.812595274E0
8.866294063E0,-2.277967215E0,-2.105683982E-1,8.781659126E0,9.074745765E0
8.868669688E0,2.201396942E0,-2.340180635E0,1.203589821E1,1.245734481E1
8.871045313E0,-1.057627559E0,-1.627119333E-1,6.934400082E0,7.016477444E0
8.873420886E0,2.679961324E-1,-1.938186288E0,1.380180073E1,1.393980241E1
8.875796511E0,3.349951804E-1,-7.561319470E-1,6.317051888E0,6.370957686E0
8.878172136E0,-8.279166222E-1,-1.555334687E0,1.309352589E1,1.321154541E1
8.880547709E0,2.053041935E0,-1.229910851E0,7.996813297E0,8.347256124E0
8.882923334E0,-1.828116536E0,-9.140582681E-1,1.081555843E1,1.100698945E1
8.885298959E0,2.517249346E0,-1.737189293E0,9.638289452E0,1.011192338E1
8.887674532E0,-1.794616938E0,-3.541377485E-1,8.662017822E0,8.853056887E0
8.890050157E0,2.416750908E0,-2.335394859E0,1.235653591E1,1.280541814E1
8.892425782E0,-9.810572863E-1,-2.488535494E-1,6.714260101E0,6.790117097E0
8.894801355E0,2.297109663E-1,-1.885544300E0,1.369173145E1,1.382286347E1
8.897176980E0,6.843472719E-1,-8.853443861E-1,6.427121639E0,6.523807051E0
8.899552605E0,-6.317051649E-1,-1.507478237E0,1.294517040E1,1.304794922E1
8.901928178E0,2.038684845E0,-1.320838094E0,7.776673794E0,8.147239070E0
8.904303803E0,-1.890329838E0,-7.178468108E-1,1.073420238E1,1.092299189E1
8.906679428E0,2.593819857E0,-1.938186288E0,9.753145218E0,1.027659035E1
8.909055001E0,-1.741974831E0,-2.919243574E-1,8.738588333E0,8.915302698E0
8.911430626E0,2.009970903E0,-2.277967215E0,1.237567902E1,1.274309808E1
8.913806251E0,-1.119840980E0,-2.153540403E-1,6.719046116E0,6.815130365E0
8.916181823E0,-1.914258115E-2,-1.885544300E0,1.352423382E1,1.365505562E1
8.918557448E0,6.269195080E-1,-9.284151793E-1,6.599404812E0,6.693812567E0
8.920933021E0,-9.188438654E-1,-1.344766378E0,1.275853062E1,1.286206726E1
8.923308646E0,1.780260086E0,-1.272981644E0,7.695317745E0,8.000482700E0
8.925684271E0,-2.067398787E0,-6.125625968E-1,1.069113159E1,1.090640479E1
8.928059896E0,2.545963287E0,-1.938186288E0,9.839286804E0,1.034649989E1
8.930435417E0,-1.971685886E0,-7.178468257E-2,8.729017258E0,8.949214522E0
8.932811094E0,1.655833244E0,-2.254039049E0,1.240439224E1,1.271579422E1
8.935186719E0,-1.196411371E0,-1.914258152E-1,6.652047157E0,6.761492098E0
8.937562292E0,5.264209956E-2,-1.823330879E0,1.363430309E1,1.375578160E1
8.939937917E0,7.896314859E-1,-9.092726111E-1,6.589833736E0,6.698970312E0
8.942313542E0,-1.210768223E0,-1.229910851E0,1.250489140E1,1.262342858E1
8.944689115E0,1.952543259E0,-1.253839016E0,7.805387497E0,8.143009974E0
8.947064740E0,-1.990828395E0,-6.173482537E-1,1.070548820E1,1.090651155E1
8.949440365E0,2.746960402E0,-1.957328916E0,1.020299530E1,1.074607096E1
8.951815938E0,-2.134397745E0,-1.148554832E-1,8.374878883E0,8.643346680E0
8.954191563E0,1.560120344E0,-2.134397745E0,1.270588779E1,1.297802812E1
8.956567188E0,-8.709874153E-1,-4.259224236E-1,6.551548481E0,6.622900912E0
8.958942761E0,2.536391914E-1,-1.789831281E0,1.379222965E1,1.391019150E1
8.961318386E0,8.039883971E-1,-1.052842021E0,6.283552170E0,6.421674356E0
8.963694011E0,-1.316052437E0,-1.186840057E0,1.242832088E1,1.255403295E1
8.966069584E0,2.215753794E0,-1.378265858E0,7.901100159E0,8.320851241E0
8.968445313E0,-1.804188251E0,-7.034898400E-1,1.071506023E1,1.088864128E1
8.970820834E0,2.660818815E0,-1.938186288E0,1.030827999E1,1.082114408E1
8.973196407E0,-2.210968018E0,-7.178468257E-2,8.236095428E0,8.528000969E0
8.975572032E0,1.550549030E0,-2.129612207E0,1.280638695E1,1.307451709E1
8.977947657E0,-5.982056856E-1,-5.168496966E-1,6.594619274E0,6.641836118E0
8.980323230E0,1.818545163E-1,-1.598405480E0,1.363430309E1,1.372888167E1
8.982698855E0,8.039883971E-1,-1.095912814E0,6.211767673E0,6.358732568E0
8.985074480E0,-1.430907965E0,-1.076770186E0,1.236610699E1,1.249510039E1
8.987450053E0,2.349751949E0,-1.411765337E0,8.073383331E0,8.526073774E0
8.989825678E0,-1.842473388E0,-5.024927258E-1,1.082034397E1,1.098758621E1
8.992201251E0,2.526820660E0,-1.976471543E0,1.038485050E1,1.086905619E1
8.994576876E0,-2.311466694E0,-1.435693540E-2,8.140382767E0,8.462205149E0
8.996952501E0,1.459621787E0,-2.182254314E0,1.311266804E1,1.337291265E1
8.999328073E0,-4.594219327E-1,-5.790630579E-1,6.494120598E0,6.536052698E0
9.001703698E0,-1.435693540E-2,-1.593619823E0,1.349551964E1,1.358929286E1
9.004079271E0,8.039883971E-1,-9.188438654E-1,6.163911343E0,6.283667276E0
9.006454896E0,-1.440479279E0,-1.081555843E0,1.244267750E1,1.257238907E1
9.008830521E0,2.545963287E0,-1.440479279E0,8.288737297E0,8.789771077E0
9.011206094E0,-2.143969059E0,-4.019941986E-1,1.053799057E1,1.076138690E1
9.013581719E0,2.373680115E0,-1.904686809E0,1.072941685E1,1.115269362E1
9.015957344E0,-2.239681959E0,-1.052841991E-1,7.929814339E0,8.240704793E0
9.018332969E0,1.430907965E0,-2.096112728E0,1.335195065E1,1.359101807E1
9.020708542E0,-4.211367965E-1,-5.886343718E-1,6.345765591E0,6.386907511E0
9.023084167E0,-3.397808075E-1,-1.497906923E0,1.333280754E1,1.342098853E1
9.025459792E0,9.475577474E-1,-1.038485050E0,6.240481377E0,6.396868351E0
9.027835365E0,-1.512263894E0,-1.095912814E0,1.246660614E1,1.260572234E1
9.030210990E0,2.560320139E0,-1.411765337E0,8.585447311E0,9.069632083E0
9.032586615E0,-2.627319336E0,-3.541377485E-1,1.026042366E1,1.059738242E1
9.034962188E0,2.053041935E0,-1.895115495E0,1.091605663E1,1.126795174E1
9.037337761E0,-2.062613010E0,-2.919243574E-1,7.819744587E0,8.092465487E0
9.039713438E0,1.316052437E0,-2.067398787E0,1.342373466E1,1.364561410E1
9.042089011E0,-7.274180651E-1,-6.221339107E-1,5.900700569E0,5.977830280E0
9.044464636E0,-6.460621357E-1,-1.421336651E0,1.328495121E1,1.337637929E1
9.046840261E0,1.052842021E0,-1.105484009E0,6.331408501E0,6.512856886E0
9.049215834E0,-1.569691658E0,-1.124626637E0,1.266760349E1,1.281393364E1
9.051591459E0,2.287538528E0,-1.450050473E0,8.494520187E0,8.915848367E0
9.053967084E0,-2.823530674E0,-2.297109663E-1,1.013121128E1,1.051981628E1
9.056342657E0,2.014756680E0,-1.957328916E0,1.124148083E1,1.158711665E1
9.058718282E0,-1.909472466E0,-3.780659735E-1,7.590033531E0,7.835663851E0
9.061093907E0,1.067198873E0,-1.919043779E0,1.338544941E1,1.356436133E1
9.063469480E0,-8.327022791E-1,-6.221339107E-1,5.747560024E0,5.840795316E0
9.065845105E0,-7.561319470E-1,-1.440479279E0,1.338544941E1,1.348395239E1
9.068220678E0,1.316052437E0,-1.182054400E0,6.489335060E0,6.726121925E0
9.070596303E0,-1.832902193E0,-9.954141974E-1,1.264846039E1,1.281927962E1
9.072971928E0,2.201396942E0,-1.440479279E0,8.681160927E0,9.071035447E0
9.075347501E0,-2.842673302E0,-2.967100143E-1,9.805787086E0,1.021382831E1
9.077723126E0,2.100898266E0,-2.053041935E0,1.150947666E1,1.187841773E1
9.080098751E0,-1.722832322E0,-3.254238665E-1,7.360322475E0,7.566267167E0
9.082474323E0,1.028913736E0,-1.986042738E0,1.330409431E1,1.349081001E1
9.084849948E0,-5.359922647E-1,-5.982056856E-1,5.589633465E0,5.647047018E0
9.087225573E0,-6.125625968E-1,-1.512263894E0,1.346680546E1,1.356528747E1
9.089601146E0,1.770688772E0,-1.081555843E0,6.656832695E0,6.972698423E0
9.091976771E0,-1.938186288E0,-1.024128079E0,1.231825066E1,1.251178259E1
9.094352396E0,2.411965132E0,-1.349551916E0,9.030512810E0,9.443994270E0
9.096728021E0,-2.435893536E0,-4.881358147E-1,9.580862045E0,9.897715465E0
9.099103594E0,2.483749866E0,-2.076970100E0,1.182532978E1,1.226055637E1
9.101479219E0,-1.512263894E0,-3.828516304E-1,7.068397999E0,7.238492089E0
9.103854792E0,1.081555843E0,-1.923829436E0,1.329930782E1,1.348118954E1
9.106230417E0,-2.871387079E-2,-6.843472719E-1,5.694917679E0,5.735960516E0
9.108606042E0,-4.019941986E-1,-1.588834286E0,1.360080433E1,1.369919239E1
9.110981615E0,1.866401672E0,-1.057627559E0,6.776473522E0,7.107926889E0
9.113357240E0,-2.024327993E0,-9.906286001E-1,1.220339584E1,1.240975902E1
9.115732865E0,2.498106956E0,-1.373480201E0,9.241081238E0,9.670810135E0
9.118108438E0,-2.091326952E0,-5.790630579E-1,9.408578873E0,9.655584853E0
9.120484063E0,2.474178553E0,-1.923829436E0,1.175833035E1,1.216885417E1
9.122859688E0,-1.617548108E0,-2.967100143E-1,6.781259537E0,6.977820549E0
9.125235261E0,9.379864931E-1,-1.909472466E0,1.328973675E1,1.345893780E1
9.127610886E0,1.674975902E-1,-6.317051649E-1,5.699703693E0,5.737048810E0
9.129986459E0,-5.838487148E-1,-1.464407444E0,1.376351547E1,1.385350954E1
9.132362084E0,1.555334687E0,-1.048056364E0,6.752545357E0,7.008163592E0
9.134737709E0,-2.249253273E0,-7.465606928E-1,1.204068375E1,1.227169745E1
9.137113334E0,2.340180635E0,-1.493121386E0,9.442078590E0,9.841682020E0
9.139488907E0,-2.172683001E0,-4.354937077E-1,9.284152031E0,9.544929812E0
9.141864532E0,2.033899307E0,-1.933400750E0,1.162911797E1,1.196290807E1
9.144240157E0,-1.875972986E0,-1.244267747E-1,6.742974281E0,7.000175628E0
9.146615730E0,7.274180651E-1,-1.904686809E0,1.340937805E1,1.356349471E1
9.148991355E0,2.249253243E-1,-6.077769399E-1,5.881557941E0,5.917153710E0
9.151366980E0,-1.057627559E0,-1.349551916E0,1.359123230E1,1.369895842E1
9.153742553E0,1.430907965E0,-8.997012973E-1,7.044469833E0,7.244412693E0
9.156118178E0,-2.306680918E0,-8.709874153E-1,1.177268696E1,1.202811515E1
9.158493803E0,2.383251429E0,-1.469193101E0,9.738788605E0,1.013323340E1
9.160869376E0,-2.230110645E0,-4.450650215E-1,8.977870941E0,9.261406103E0
9.163244948E0,1.947757602E0,-1.976471543E0,1.163390350E1,1.196026380E1
9.165620626E0,-1.569691658E0,-2.105683982E-1,6.738188744E0,6.921810348E0
9.167996198E0,8.135597110E-1,-2.057827473E0,1.353380489E1,1.371351188E1
9.170371823E0,4.354937077E-1,-5.455635786E-1,6.039484501E0,6.079693037E0
9.172747448E0,-1.244267821E0,-1.450050473E0,1.338066387E1,1.351639798E1
9.175122969E0,1.631905079E0,-9.906286001E-1,7.389036179E0,7.631665274E0
9.177498646E0,-1.875972986E0,-1.038485050E0,1.157169056E1,1.176867657E1
9.179874219E0,2.502892494E0,-1.526620865E0,9.872786522E0,1.029888129E1
9.182249844E0,-2.239681959E0,-4.067798555E-1,8.714659691E0,9.007049387E0
9.184625469E0,2.076970100E0,-2.062613010E0,1.170568848E1,1.206612282E1
9.187001042E0,-1.229910851E0,-2.440679073E-1,6.738188744E0,6.853862954E0
9.189376667E0,8.949156404E-1,-1.995614052E0,1.377787304E1,1.395038118E1
9.191752292E0,4.067798555E-1,-6.221339107E-1,5.900700569E0,5.947334500E0
9.194127865E0,-1.272981644E0,-1.311266780E0,1.335673618E1,1.348118334E1
9.196503490E0,1.732403636E0,-1.148554921E0,7.561319351E0,7.841807897E0
9.198879115E0,-1.607976794E0,-1.033699393E0,1.144247818E1,1.160105300E1
9.201254688E0,2.455035925E0,-1.569691658E0,9.772287369E0,1.019748664E1
9.203630313E0,-2.277967215E0,-3.254238665E-1,8.585447311E0,8.888472358E0
9.206005938E0,2.062613010E0,-2.158325911E0,1.176790142E1,1.214068561E1
9.208381511E0,-1.024128079E0,-2.871387303E-1,6.867401123E0,6.949279470E0
9.210757136E0,6.412764788E-1,-1.890329838E0,1.373480225E1,1.387909850E1
9.213132761E0,2.488535494E-1,-6.364908218E-1,6.058627129E0,6.097049396E0
9.215508334E0,-1.363908887E0,-1.378265858E0,1.316052437E1,1.330260373E1
9.217883959E0,1.804188251E0,-1.119840980E0,7.814958572E0,8.098315662E0
9.220259584E0,-1.655833244E0,-9.092726111E-1,1.128933716E1,1.144629608E1
9.222635157E0,2.215753794E0,-1.660618901E0,9.552147865E0,9.945388321E0
9.225010782E0,-2.373680115E0,-1.627119333E-1,8.571090698E0,8.895191297E0
9.227386407E0,2.081755638E0,-2.234896421E0,1.196889877E1,1.235244941E1
9.229761980E0,-9.762716293E-1,-2.105683982E-1,6.905686378E0,6.977531777E0
9.232137605E0,2.584248483E-1,-1.942971945E0,1.361516094E1,1.375552728E1
9.234513230E0,1.914258152E-1,-5.934200287E-1,6.178267956E0,6.209652656E0
9.236888803E0,-1.210768223E0,-1.450050473E0,1.305524063E1,1.319120593E1
9.239264428E0,1.928615093E0,-1.153340459E0,8.015955925E0,8.324980467E0
9.241640001E0,-1.928615093E0,-8.374879360E-1,1.084427261E1,1.104622971E1
9.244015626E0,2.230110645E0,-1.564906001E0,9.671789169E0,1.004817546E1
9.246391251E0,-2.148754835E0,-2.488535494E-1,8.475378036E0,8.747062838E0
9.248766876E0,2.153540373E0,-2.301895380E0,1.224168110E1,1.264101320E1
9.251142448E0,-9.954141974E-1,-1.387837082E-1,6.733402729E0,6.807996963E0
9.253518073E0,9.571290761E-2,-1.818545222E0,1.369173145E1,1.381230531E1
9.255893646E0,3.445664644E-1,-7.130611539E-1,6.297909260E0,6.347506857E0
9.258269271E0,-9.332008362E-1,-1.445264935E0,1.297388458E1,1.308744955E1
9.260644896E0,1.966900229E0,-1.143769264E0,7.982456207E0,8.300392264E0
9.263020469E0,-2.009970903E0,-7.513462901E-1,1.073420238E1,1.094657961E1
9.265396094E0,2.421536446E0,-1.741974831E0,9.710074425E0,1.015794568E1
9.267771719E0,-1.919043779E0,-3.014956415E-1,8.628518105E0,8.844487172E0
9.270147292E0,2.143969059E0,-2.220539331E0,1.239003563E1,1.276872668E1
9.272522917E0,-1.081555843E0,-1.818545163E-1,6.752545357E0,6.841030836E0
9.274898542E0,5.264209956E-2,-1.804188251E0,1.362951756E1,1.374851320E1
9.277274115E0,5.694918036E-1,-8.518448472E-1,6.522834301E0,6.602827264E0
9.279649740E0,-7.561319470E-1,-1.416550994E0,1.295952702E1,1.305862522E1
9.282025365E0,1.866401672E0,-1.268195987E0,7.728816986E0,8.051483607E0
9.284400938E0,-2.067398787E0,-5.934200287E-1,1.076770210E1,1.098042320E1
9.286776563E0,2.541177750E0,-1.899901152E0,9.858428955E0,1.035643907E1
9.289152188E0,-1.828116536E0,-1.866401732E-1,8.633303642E0,8.826708130E0
9.291527761E0,1.852044702E0,-2.287538528E0,1.250489140E1,1.284660309E1
9.293903386E0,-1.129412293E0,-1.627119333E-1,6.690331936E0,6.786942516E0
9.296279011E0,-9.092725813E-2,-1.785045743E0,1.364387512E1,1.376045001E1
9.298654584E0,7.178468108E-1,-9.619147182E-1,6.604190350E0,6.712370233E0
9.301030209E0,-1.014556766E0,-1.306481123E0,1.265803146E1,1.276565623E1
9.303405834E0,1.808973908E0,-1.296909928E0,7.747959614E0,8.061342329E0
9.305781407E0,-2.072184324E0,-5.742774606E-1,1.070070267E1,1.091461314E1
9.308157032E0,2.574677229E0,-1.995614052E0,1.003549862E1,1.055095592E1
9.310532657E0,-2.005185366E0,-4.307080805E-2,8.590232849E0,8.821265433E0
9.312908230E0,1.631905079E0,-2.254039049E0,1.263888931E1,1.294161231E1
9.315283855E0,-1.052842021E0,-2.344966233E-1,6.565905571E0,6.653914709E0
9.317659428E0,3.828516230E-2,-1.837687731E0,1.373480225E1,1.385724917E1
9.320035053E0,8.470591903E-1,-8.949156404E-1,6.532405853E0,6.647609308E0
9.322410678E0,-1.234696507E0,-1.215553880E0,1.244267750E1,1.256273338E1
9.324786303E0,2.014756680E0,-1.311266780E0,7.858029366E0,8.217499045E0
9.327161876E0,-1.933400750E0,-6.508477330E-1,1.059063339E1,1.078532136E1
9.329537501E0,2.751745939E0,-1.904686809E0,1.033220863E1,1.086068473E1
9.331913073E0,-2.110469580E0,-8.614161611E-2,8.255238533E0,8.521177469E0
9.334288698E0,1.488335729E0,-2.067398787E0,1.288295746E1,1.313239787E1
9.336664323E0,-8.135597110E-1,-3.876372576E-1,6.441478729E0,6.504213270E0
9.339039896E0,1.962114573E-1,-1.737189293E0,1.377308750E1,1.388359697E1
9.341415521E0,7.465606928E-1,-1.000199914E0,6.278766632E0,6.401614106E0
9.343791146E0,-1.488335729E0,-1.086341500E0,1.247139168E1,1.260677958E1
9.346166719E0,2.167897224E0,-1.359123230E0,7.939385414E0,8.341512758E0
9.348542344E0,-1.952543259E0,-6.604190469E-1,1.069591713E1,1.089271416E1
9.350917969E0,2.502892494E0,-1.895115495E0,1.040877819E1,1.087191782E1
9.353293542E0,-2.373680115E0,-9.092725813E-2,8.178668022E0,8.516644625E0
9.355669167E0,1.272981644E0,-2.115255117E0,1.299781227E1,1.323018935E1
9.358044792E0,-7.130611539E-1,-5.838487148E-1,6.479763508E0,6.544972930E0
9.360420365E0,-4.307080805E-2,-1.584048629E0,1.380658627E1,1.389722596E1
9.362795990E0,6.077769399E-1,-1.057627559E0,6.163911343E0,6.283452228E0
9.365171615E0,-1.670190215E0,-1.048056364E0,1.242832088E1,1.258376404E1
9.367547188E0,2.239681959E0,-1.430907965E0,8.173882484E0,8.595116506E0
9.369922813E0,-2.062613010E0,-5.455635786E-1,1.079162979E1,1.100051297E1
9.372298438E0,2.263610125E0,-2.033899307E0,1.041835022E1,1.085369515E1
9.374674011E0,-2.464607239E0,4.785645287E-3,8.178668022E0,8.541950735E0
9.377049636E0,1.296909928E0,-2.282752752E0,1.310788250E1,1.336822797E1
9.379425261E0,-5.599204898E-1,-5.934200287E-1,6.417550564E0,6.469205015E0
9.381800834E0,-2.392822653E-1,-1.540977836E0,1.350987625E1,1.359958180E1
9.384176459E0,8.279166222E-1,-1.071984529E0,6.192625046E0,6.339022142E0
9.386552084E0,-1.574477315E0,-1.110269666E0,1.243310642E1,1.258148691E1
9.388927657E0,2.545963287E0,-1.488335729E0,8.475378036E0,8.973801043E0
9.391303282E0,-2.273181438E0,-4.785645306E-1,1.038963604E1,1.064616902E1
9.393678855E0,2.244467735E0,-1.928615093E0,1.080598736E1,1.120386337E1
9.396054480E0,-2.081755638E0,-2.823530734E-1,7.910671711E0,8.184873653E0
9.398430053E0,1.540977836E0,-2.129612207E0,1.341894913E1,1.367399197E1
9.400805678E0,-3.445664644E-1,-6.987041831E-1,6.187839508E0,6.236687531E0
9.403181303E0,-2.249253243E-1,-1.507478237E0,1.334716511E1,1.343390853E1
9.405556928E0,1.201196909E0,-1.158126116E0,6.269195557E0,6.487445032E0
9.407932501E0,-1.253839016E0,-1.263410330E0,1.255274773E1,1.267831982E1
9.410308126E0,2.785245657E0,-1.464407444E0,8.628518105E0,9.184411098E0
9.412683751E0,-2.416750908E0,-4.354937077E-1,1.012164021E1,1.041527437E1
9.415059323E0,2.340180635E0,-2.014756680E0,1.111226845E1,1.153335164E1
9.417434948E0,-1.627119422E0,-4.067798555E-1,7.690532207E0,7.871294245E0
9.419810573E0,1.588834286E0,-2.129612207E0,1.350987625E1,1.376867455E1
9.422186146E0,-4.259224236E-1,-7.082754970E-1,5.900700569E0,5.958299363E0
9.424561771E0,-3.828516304E-1,-1.464407444E0,1.338544941E1,1.347075798E1
9.426937396E0,1.473978758E0,-1.229910851E0,6.374479294E0,6.657272741E0
9.429312969E0,-1.320838094E0,-1.119840980E0,1.272981644E1,1.284705739E1
9.431688594E0,2.526820660E0,-1.593619823E0,8.556734085E0,9.063230384E0
9.434064219E0,-2.603390932E0,-2.775674164E-1,1.014078236E1,1.047330678E1
9.436439792E0,2.282752752E0,-2.124826431E0,1.137547874E1,1.179522633E1
9.438815417E0,-1.622333765E0,-4.594219327E-1,7.551748276E0,7.737695870E0
9.441190990E0,1.196411371E0,-2.014756680E0,1.348594856E1,1.368800399E1
9.443566615E0,-5.934200287E-1,-6.077769399E-1,5.704489231E0,5.767385675E0
9.445942240E0,-6.317051649E-1,-1.478764415E0,1.345723438E1,1.355296841E1
9.448317865E0,1.445264935E0,-1.210768223E0,6.522834301E0,6.789854029E0
9.450693438E0,-1.880758643E0,-9.571290612E-1,1.256710434E1,1.274305539E1
9.453069063E0,2.172683001E0,-1.469193101E0,8.757730484E0,9.142041513E0
9.455444636E0,-2.785245657E0,-3.541377485E-1,9.815358162E0,1.020902849E1
9.457820261E0,2.057827473E0,-2.014756680E0,1.156211948E1,1.191538943E1
9.460195886E0,-1.828116536E0,-3.445664644E-1,7.322037220E0,7.554665126E0
9.462571511E0,8.183453679E-1,-1.856830359E0,1.327059460E1,1.342483479E1
9.464947084E0,-6.412764788E-1,-6.221339107E-1,5.637490273E0,5.707852722E0
9.467322709E0,-7.513462901E-1,-1.459621787E0,1.352901936E1,1.362825674E1
9.469698282E0,1.574477315E0,-1.038485050E0,6.723831654E0,6.983361807E0
9.472073907E0,-2.287538528E0,-9.092726111E-1,1.225603771E1,1.250080276E1
9.474449532E0,2.124826431E0,-1.277767301E0,9.044869423E0,9.378552101E0
9.476825105E0,-2.560320139E0,-4.115654826E-1,9.485149384E0,9.833243828E0
9.479200730E0,2.163111687E0,-1.928615093E0,1.181097221E1,1.216131872E1
9.481576355E0,-1.842473388E0,-2.584248483E-1,6.872186661E0,7.119581525E0
9.483951928E0,7.848458290E-1,-1.785045743E0,1.330887985E1,1.345097224E1
9.486327553E0,-1.292124242E-1,-5.742774606E-1,5.618347645E0,5.649099106E0
9.488703178E0,-5.503492355E-1,-1.464407444E0,1.371565914E1,1.380458906E1
9.491078751E0,1.737189293E0,-9.810572863E-1,6.690331936E0,6.981464134E0
9.493454376E0,-2.225325108E0,-8.087740541E-1,1.207896900E1,1.230884558E1
9.495830001E0,2.445464849E0,-1.387837172E0,9.327222824E0,9.741841507E0
9.498205573E0,-2.000399828E0,-5.312066078E-1,9.322437286E0,9.549430187E0
9.500581198E0,2.397608280E0,-1.923829436E0,1.180140114E1,1.219519225E1
9.502956823E0,-1.517049551E0,-2.679961324E-1,6.733402729E0,6.907385437E0
9.505332396E0,1.052842021E0,-1.847259045E0,1.327538013E1,1.344457363E1
9.507708021E0,4.402793646E-1,-7.130611539E-1,5.747560024E0,5.808334388E0
9.510083646E0,-5.024927258E-1,-1.368694544E0,1.375872993E1,1.383576789E1
9.512459219E0,1.847259045E0,-1.115055323E0,6.862615108E0,7.193830723E0
9.514834844E0,-2.014756680E0,-7.752745152E-1,1.193539906E1,1.212905791E1
9.517210417E0,2.670390129E0,-1.603191137E0,9.580862045E0,1.007442915E1
9.519586042E0,-1.914258122E0,-4.211367965E-1,9.111868858E0,9.320294762E0
9.521961667E0,2.225325108E0,-2.057827473E0,1.177747345E1,1.216123376E1
9.524337240E0,-1.517049551E0,-2.201396823E-1,6.618547440E0,6.793752353E0
9.526712865E0,7.657032609E-1,-1.957328916E0,1.354337597E1,1.370549053E1
9.529088490E0,5.838487148E-1,-7.226324677E-1,5.962913990E0,6.034850475E0
9.531464063E0,-1.067198873E0,-1.416550994E0,1.343330669E1,1.354988040E1
9.533839688E0,1.651047587E0,-9.619147182E-1,7.336394310E0,7.581155554E0
9.536215313E0,-2.153540373E0,-9.571290612E-1,1.149033451E1,1.172951914E1
9.538590886E0,2.431107759E0,-1.569691658E0,1.001156998E1,1.042140827E1
9.540966511E0,-2.268395901E0,-4.163511395E-1,8.709874153E0,9.010043063E0
9.543342136E0,1.808973908E0,-1.981257200E0,1.187797165E1,1.217719086E1
9.545717709E0,-1.497906923E0,-2.201396823E-1,6.561119556E0,6.733533728E0
9.548093334E0,5.694918036E-1,-1.933400750E0,1.368694592E1,1.383455268E1
9.550468959E0,3.637090325E-1,-6.029912829E-1,5.982056618E0,6.023361530E0
9.552844532E0,-1.607976794E0,-1.330409408E0,1.331366539E1,1.347624817E1
9.555220157E0,1.598405480E0,-1.004985452E0,7.628318787E0,7.858507705E0
9.557595782E0,-2.067398787E0,-9.427721500E-1,1.121276665E1,1.144067712E1
9.559971355E0,2.325823545E0,-1.464407444E0,1.018863869E1,1.055283387E1
9.562346980E0,-2.498106956E0,-2.871387303E-1,8.322237015E0,8.693826312E0
9.564722605E0,1.765903115E0,-2.024327993E0,1.201196957E1,1.230868517E1
9.567098178E0,-1.129412293E0,-2.392822653E-1,6.522834301E0,6.624212817E0
9.569473803E0,4.354937077E-1,-1.842473388E0,1.381615829E1,1.394527135E1
9.571849428E0,3.732803464E-1,-6.317051649E-1,5.948556900E0,5.993639864E0
9.574225001E0,-1.612762451E0,-1.191625714E0,1.310788250E1,1.326037549E1
9.576600626E0,1.880758643E0,-1.086341500E0,7.987242222E0,8.277283929E0
9.578976251E0,-1.875972986E0,-7.657032609E-1,1.097348499E1,1.115898512E1
9.581351823E0,2.354537487E0,-1.603191137E0,1.006421185E1,1.045956159E1
9.583727448E0,-2.287538528E0,-1.770688742E-1,8.111668587E0,8.429908254E0
9.586103021E0,1.880758643E0,-2.081755638E0,1.227517986E1,1.259170363E1
9.588478646E0,-7.082754970E-1,-2.727817893E-1,6.470192432E0,6.514557099E0
9.590854271E0,1.962114573E-1,-1.770688772E0,1.379222965E1,1.390681259E1
9.593229844E0,5.024927258E-1,-5.886343718E-1,6.053841114E0,6.103112452E0
9.595605469E0,-1.454836130E0,-1.205982566E0,1.292124271E1,1.305869271E1
9.597981094E0,2.091326952E0,-1.177268744E0,8.154739380E0,8.500552010E0
9.600356667E0,-1.746760488E0,-6.987041831E-1,1.070070267E1,1.086482385E1
9.602732292E0,2.373680115E0,-1.694118381E0,9.896714211E0,1.031742926E1
9.605107917E0,-2.139183521E0,-1.196411327E-1,8.092526436E0,8.371344232E0
9.607483490E0,1.971685886E0,-2.249253273E0,1.245224857E1,1.280645072E1
9.609859115E0,-4.977070987E-1,-1.627119333E-1,6.498906136E0,6.519966909E0
9.612234740E0,3.349951655E-2,-1.751546144E0,1.373001671E1,1.384132923E1
9.614610313E0,7.082754970E-1,-6.508477330E-1,6.254838467E0,6.328369553E0
9.616985938E0,-1.258624673E0,-1.339980721E0,1.270110226E1,1.283345951E1
9.619361563E0,2.344966173E0,-1.191625714E0,8.451449394E0,8.851318267E0
9.621737136E0,-2.009970903E0,-7.034898400E-1,1.026999474E1,1.048845426E1
9.624112761E0,2.311466694E0,-1.761117458E0,1.010249710E1,1.051212922E1
9.626488334E0,-1.909472466E0,-1.579262912E-1,8.011170387E0,8.237103665E0
9.628863959E0,1.981257200E0,-2.268395901E0,1.282074356E1,1.316975571E1
9.631239584E0,-6.077769399E-1,-2.679961324E-1,6.283552170E0,6.318563334E0
9.633615209E0,-4.019941986E-1,-1.617548108E0,1.373958778E1,1.384031552E1
9.635990782E0,7.369893789E-1,-8.279166222E-1,6.541976929E0,6.635213743E0
9.638366407E0,-1.172483087E0,-1.359123230E0,1.258624744E1,1.271359734E1
9.640742032E0,2.124826431E0,-1.253839016E0,8.537590981E0,8.886926319E0
9.643117605E0,-2.292324066E0,-5.838487148E-1,1.004985523E1,1.032449607E1
9.645493230E0,2.311466694E0,-1.880758643E0,1.038963604E1,1.080854608E1
9.647868855E0,-1.852044702E0,-2.440679073E-1,7.948956966E0,8.165510123E0
9.650244428E0,1.584048629E0,-2.124826431E0,1.299781227E1,1.326526371E1
9.652620053E0,-8.135597110E-1,-2.632105052E-1,6.364908218E0,6.422088119E0
9.654995626E0,-6.412764788E-1,-1.603191137E0,1.360080433E1,1.370997213E1
9.657371251E0,8.949156404E-1,-9.044869542E-1,6.757331371E0,6.876081581E0
9.659746876E0,-1.373480201E0,-1.162911773E0,1.252881908E1,1.265741361E1
9.662122448E0,1.966900229E0,-1.311266780E0,8.331808090E0,8.660666437E0
9.664498073E0,-2.359323025E0,-3.637090325E-1,9.954142570E0,1.023638822E1
9.666873698E0,2.277967215E0,-2.014756680E0,1.052841949E1,1.095883188E1
9.669249271E0,-1.765903115E0,-5.742774159E-2,8.068597794E0,8.259780997E0
9.671624896E0,1.253839016E0,-2.129612207E0,1.295952702E1,1.319305503E1
9.674000521E0,-7.848458290E-1,-2.057827413E-1,6.388836384E0,6.440152161E0
9.676376094E0,-5.551348329E-1,-1.588834286E0,1.352423382E1,1.362855346E1
9.678751719E0,1.172483087E0,-9.236295223E-1,7.006184578E0,7.163409134E0
9.681127344E0,-1.406979680E0,-1.115055323E0,1.206939697E1,1.220218355E1
9.683502917E0,2.096112728E0,-1.316052437E0,8.494520187E0,8.847742978E0
9.685878490E0,-2.143969059E0,-3.876372576E-1,9.872786522E0,1.011033034E1
9.688254167E0,2.608176708E0,-2.143969059E0,1.086341476E1,1.137598213E1
9.690629740E0,-1.607976794E0,0.000000000E0,7.824530125E0,7.988044882E0
9.693005365E0,1.177268744E0,-2.091326952E0,1.324188042E1,1.345760035E1
9.695380938E0,-4.307080805E-1,-4.307080805E-1,6.221338749E0,6.251085884E0
9.697756563E0,-2.919243574E-1,-1.622333765E0,1.361037540E1,1.370983243E1
9.700132188E0,1.430907965E0,-1.062413216E0,6.958328247E0,7.182934737E0
9.702507761E0,-1.574477315E0,-1.086341500E0,1.184447193E1,1.199794282E1
9.704883386E0,2.373680115E0,-1.469193101E0,8.633303642E0,9.073412667E0
9.707259011E0,-1.904686809E0,-4.881358147E-1,9.777072906E0,9.972826231E0
9.709634584E0,2.632104874E0,-2.139183521E0,1.124626637E1,1.174659905E1
9.712010209E0,-1.737189293E0,-1.531406492E-1,7.604390144E0,7.801796470E0
9.714385834E0,9.619147182E-1,-2.053041935E0,1.344766331E1,1.363744512E1
9.716761407E0,-1.292124242E-1,-6.652047038E-1,6.384050846E0,6.419914201E0
9.719137032E0,-2.105683982E-1,-1.631905079E0,1.356730461E1,1.366671898E1
9.721512657E0,1.335195065E0,-1.239482164E0,6.876972198E0,7.114197672E0
9.723888230E0,-1.713261008E0,-9.762716293E-1,1.186840057E1,1.203109728E1
9.726263855E0,2.464607239E0,-1.670190215E0,8.815158844E0,9.304345740E0
9.728639480E0,-1.947757602E0,-4.833501875E-1,9.939785004E0,1.014035073E1
9.731015053E0,2.340180635E0,-2.234896421E0,1.132283688E1,1.177615567E1
9.733390678E0,-1.928615093E0,-1.483550072E-1,7.590033531E0,7.832635214E0
9.735766303E0,6.939185858E-1,-2.148754835E0,1.352901936E1,1.371615963E1
9.738141876E0,-9.092725813E-2,-7.992027402E-1,6.446264267E0,6.496253981E0
9.740517501E0,-5.790630579E-1,-1.526620865E0,1.339980698E1,1.349891523E1
9.742893126E0,1.172483087E0,-1.287338614E0,6.857829571E0,7.075435232E0
9.745268698E0,-2.062613010E0,-9.619147182E-1,1.171047401E1,1.192957895E1
9.747644323E0,2.368894339E0,-1.741974831E0,9.111868858E0,9.574564783E0
9.750019948E0,-2.254039049E0,-2.919243574E-1,9.781859398E0,1.004244418E1
9.752395521E0,1.823330879E0,-2.282752752E0,1.148076344E1,1.184666302E1
9.754771146E0,-2.024327993E0,-8.614161611E-2,7.456035137E0,7.726434117E0
9.757146719E0,5.359922647E-1,-2.129612207E0,1.358644676E1,1.376277848E1
9.759522344E0,-1.818545163E-1,-6.987041831E-1,6.388836384E0,6.429501453E0
9.761897969E0,-9.858429432E-1,-1.435693622E0,1.313659668E1,1.325153858E1
9.764273542E0,1.196411371E0,-1.172483087E0,6.876972198E0,7.078055056E0
9.766649167E0,-2.043470621E0,-8.949156404E-1,1.177747345E1,1.198688980E1
9.769024792E0,2.488535643E0,-1.655833244E0,9.332008362E0,9.799029209E0
9.771400365E0,-2.603390932E0,-2.679961324E-1,9.370293617E0,9.728919197E0
9.773775990E0,1.698904037E0,-2.053041935E0,1.178704453E1,1.208452212E1
9.776151615E0,-1.746760488E0,-2.727817893E-1,7.221538544E0,7.434796638E0
9.778527188E0,6.412764788E-1,-2.000399828E0,1.366301727E1,1.382356235E1
9.780902813E0,-9.092725813E-2,-8.279166222E-1,6.096911907E0,6.153539510E0
9.783278438E0,-1.043270707E0,-1.272981644E0,1.297388458E1,1.307786593E1
9.785654011E0,1.560120344E0,-1.282552958E0,6.972685337E0,7.259287733E0
9.788029636E0,-1.775474429E0,-8.901300430E-1,1.178225899E1,1.194848391E1
9.790405261E0,2.627319336E0,-1.665404558E0,9.370293617E0,9.873134341E0
9.792780834E0,-2.584248543E0,-1.579262912E-1,9.126225471E0,9.486372995E0
9.795156459E0,1.938186288E0,-2.129612207E0,1.205504036E1,1.239418462E1
9.797532084E0,-1.201196909E0,-4.354937077E-1,7.006184578E0,7.121737929E0
9.799907657E0,8.709874153E-1,-1.847259045E0,1.379701519E1,1.394735148E1
9.802283282E0,2.057827413E-1,-9.284151793E-1,5.790630817E0,5.868194488E0
9.804658907E0,-8.853443861E-1,-1.244267821E0,1.302174091E1,1.311097912E1
9.807034480E0,2.225325108E0,-1.359123230E0,7.154539585E0,7.614901474E0
9.809410105E0,-1.550549030E0,-8.087740541E-1,1.178225899E1,1.191133681E1
9.811785678E0,2.780459881E0,-1.756331801E0,9.547362328E0,1.009790998E1
9.814161303E0,-2.321038008E0,-1.244267747E-1,8.953942299E0,9.250717926E0
9.816536928E0,2.124826431E0,-2.263610125E0,1.235175037E1,1.273595522E1
9.818912501E0,-7.992027402E-1,-5.024927258E-1,6.867401123E0,6.931985440E0
9.821288126E0,6.987041831E-1,-1.847259045E0,1.346680546E1,1.361085606E1
9.823663698E0,3.924229145E-1,-8.279166222E-1,5.828916073E0,5.900483392E0
9.826039323E0,-9.236295223E-1,-1.320838094E0,1.293081379E1,1.303087296E1
9.828414948E0,2.364108801E0,-1.330409408E0,7.465606689E0,7.943190974E0
9.830790573E0,-1.909472466E0,-6.987041831E-1,1.152861977E1,1.170655143E1
9.833166146E0,2.512463808E0,-1.732403636E0,9.824930191E0,1.028800029E1
9.835541771E0,-2.431107759E0,-2.201396823E-1,8.666803360E0,9.004011711E0
9.837917396E0,1.909472466E0,-2.187039852E0,1.267238903E1,1.300071814E1
9.840292969E0,-9.762716293E-1,-4.929214716E-1,6.594619274E0,6.684690063E0
9.842668594E0,1.770688742E-1,-1.651047587E0,1.347159195E1,1.357354416E1
9.845044167E0,3.062812984E-1,-8.374879360E-1,5.733202934E0,5.802138413E0
9.847419792E0,-1.186840057E0,-1.320838094E0,1.306481171E1,1.318493487E1
9.849795417E0,2.230110645E0,-1.148554921E0,7.690532207E0,8.089305133E0
9.852170938E0,-2.584248543E0,-5.551348329E-1,1.115533924E1,1.146420991E1
9.854546615E0,2.163111687E0,-1.694118381E0,1.006899738E1,1.043713551E1
9.856922240E0,-2.344966173E0,-2.344966233E-1,8.441878319E0,8.764654275E0
9.859297865E0,1.789831281E0,-2.048256159E0,1.273460197E1,1.302186380E1
9.861673438E0,-1.225125194E0,-3.397808075E-1,6.178267956E0,6.307723652E0
9.864049063E0,-3.828516230E-2,-1.450050473E0,1.340937805E1,1.348760660E1
9.866424636E0,6.125625968E-1,-8.422735929E-1,5.757131100E0,5.850574009E0
9.868800261E0,-1.205982566E0,-1.158126116E0,1.319402409E1,1.329954592E1
9.871175886E0,2.201396942E0,-1.148554921E0,7.666603565E0,8.058668446E0
9.873551459E0,-2.545963287E0,-4.163511395E-1,1.092084217E1,1.122141128E1
9.875927084E0,2.335394859E0,-1.660618901E0,1.040877819E1,1.079603574E1
9.878302657E0,-1.928615093E0,-3.206382394E-1,8.173882484E0,8.404446438E0
9.880678282E0,1.919043779E0,-1.895115495E0,1.274895859E1,1.303112186E1
9.883053855E0,-9.092726111E-1,-3.589234054E-1,6.005984783E0,6.085018974E0
9.885429532E0,1.387837082E-1,-1.526620865E0,1.339502144E1,1.348244902E1
9.887805105E0,1.282552958E0,-9.379864931E-1,6.010770321E0,6.217243811E0
9.890180730E0,-1.067198873E0,-1.119840980E0,1.311266804E1,1.320359876E1
9.892556355E0,2.440679073E0,-1.220339537E0,7.977670670E0,8.431451372E0
9.894931928E0,-2.129612207E0,-4.642075896E-1,1.061934662E1,1.084072228E1
9.897307553E0,2.775674343E0,-1.823330879E0,1.071984577E1,1.122247731E1
9.899683178E0,-1.550549030E0,-2.679961324E-1,8.001599312E0,8.154852284E0
9.902058751E0,1.942971945E0,-2.057827473E0,1.265324593E1,1.296589474E1
9.904434376E0,-5.120640397E-1,-4.067798555E-1,5.934200287E0,5.970126672E0
9.906810001E0,3.014956415E-1,-1.674975872E0,1.354816151E1,1.365463745E1
9.909185573E0,1.641476393E0,-9.523434043E-1,6.317051888E0,6.595949307E0
9.911561198E0,-1.373480201E0,-1.186840057E0,1.278245831E1,1.291070399E1
9.913936771E0,2.464607239E0,-1.162911773E0,8.341380119E0,8.775264949E0
9.916312396E0,-2.105684042E0,-6.269195080E-1,1.033699417E1,1.056789392E1
9.918688021E0,2.804388046E0,-1.890329838E0,1.108833981E1,1.159263641E1
9.921063594E0,-1.780260086E0,-3.445664644E-1,7.523034573E0,7.738481841E0
9.923439167E0,1.512263894E0,-2.005185366E0,1.284467220E1,1.308790718E1
9.925814844E0,-4.307080805E-1,-4.737788737E-1,5.962913990E0,5.997192604E0
9.928190417E0,-9.571290575E-3,-1.741974831E0,1.372044468E1,1.383058821E1
9.930566042E0,1.272981644E0,-9.188438654E-1,6.422336102E0,6.611441395E0
9.932941667E0,-1.971685886E0,-1.124626637E0,1.260060406E1,1.280341958E1
9.935317240E0,2.143969059E0,-1.225125194E0,8.719446182E0,9.062354925E0
9.937692865E0,-2.220539331E0,-7.417750359E-1,1.013121128E1,1.039819538E1
9.940068490E0,2.220539331E0,-1.813759565E0,1.111705399E1,1.148082784E1
9.942444063E0,-2.297109842E0,-2.967100143E-1,7.374679565E0,7.729854407E0
9.944819688E0,1.081555843E0,-1.986042738E0,1.289252853E1,1.308936289E1
9.947195313E0,-5.599204898E-1,-5.312066078E-1,6.025127411E0,6.074360191E0
9.949570886E0,-5.168496966E-1,-1.550549030E0,1.395015621E1,1.404557561E1
9.951946459E0,8.566305041E-1,-9.044869542E-1,6.374479294E0,6.495067262E0
9.954322084E0,-2.292324066E0,-9.475577474E-1,1.257188988E1,1.281425107E1
9.956697709E0,2.033899307E0,-1.363908887E0,8.930013657E0,9.259705057E0
9.959073334E0,-2.321038008E0,-5.455635786E-1,9.925428391E0,1.020779045E1
9.961448907E0,2.000399828E0,-1.866401672E0,1.105962658E1,1.139299762E1
9.963824532E0,-2.239681959E0,-1.387837082E-1,7.245467186E0,7.585000391E0
9.966200157E0,1.048056364E0,-2.048256159E0,1.312223911E1,1.332242226E1
9.968575730E0,-1.962114573E-1,-4.929214716E-1,5.972485542E0,5.996003174E0
9.970951355E0,-7.465606928E-1,-1.555334687E0,1.376351547E1,1.387122118E1
9.973326980E0,1.134197950E0,-8.183453679E-1,6.671189308E0,6.816220428E0
9.975702553E0,-2.024327993E0,-1.062413216E0,1.216032505E1,1.237336377E1
9.978078178E0,2.354537487E0,-1.325623751E0,9.274580956E0,9.660174792E0
9.980453803E0,-2.096112728E0,-4.929214716E-1,9.513862610E0,9.754498547E0
9.982829376E0,2.182254314E0,-1.938186288E0,1.101177025E1,1.139200966E1
9.985205001E0,-1.746760488E0,-1.052841991E-1,7.173682213E0,7.384035039E0
9.987580573E0,1.258624673E0,-2.129612207E0,1.322752380E1,1.345684845E1
9.989956198E0,2.249253243E-1,-3.924229145E-1,6.101697922E0,6.118439725E0
9.992331823E0,-8.662018180E-1,-1.512263894E0,1.353380489E1,1.364555322E1
9.994707396E0,1.435693622E0,-9.332008362E-1,6.929614544E0,7.138041587E0
9.997083021E0,-1.569691658E0,-1.124626637E0,1.196889877E1,1.212366507E1
9.999458594E0,2.579462767E0,-1.392622828E0,9.485149384E0,9.927793578E0
1.000183422E1,-2.187039852E0,-4.833501875E-1,9.092725754E0,9.364530546E0
1.000420984E1,2.167897224E0,-2.033899307E0,1.127498055E1,1.166026205E1
1.000658547E1,-1.363908887E0,-3.062812984E-1,7.092326164E0,7.228772102E0
1.000896104E1,1.196411371E0,-2.105684042E0,1.363908863E1,1.385243820E1
1.001133667E1,7.657032460E-2,-5.312066078E-1,5.886343479E0,5.910759937E0
1.001371229E1,-1.162911773E0,-1.440479279E0,1.352423382E1,1.365035694E1
1.001608787E1,1.536192179E0,-1.091127157E0,7.288537979E0,7.528162509E0
1.001846349E1,-1.593619823E0,-1.143769264E0,1.180618668E1,1.196803560E1
1.002083912E1,2.335394859E0,-1.593619823E0,9.446864128E0,9.860879025E0
1.002321469E1,-2.426322222E0,-3.684946895E-1,8.968298912E0,9.298022007E0
1.002559031E1,2.091326952E0,-2.234896421E0,1.151426220E1,1.191413633E1
1.002796594E1,-1.249053478E0,-3.684946895E-1,7.121040344E0,7.239139349E0
1.003034151E1,7.130611539E-1,-2.057827473E0,1.367737389E1,1.384968110E1
1.003271714E1,-8.614161611E-2,-6.125625968E-1,6.087340832E0,6.118690359E0
1.003509271E1,-1.296909928E0,-1.536192179E0,1.331845093E1,1.346933543E1
1.003746833E1,1.631905079E0,-1.191625714E0,7.795815945E0,8.053436054E0
1.003984396E1,-1.808973908E0,-1.038485050E0,1.147119141E1,1.165929115E1
1.004221953E1,2.086541414E0,-1.722832322E0,9.475577354E0,9.854358045E0
1.004459516E1,-2.493321180E0,-3.158525825E-1,8.824729919E0,9.175634665E0
1.004697078E1,1.966900229E0,-2.340180635E0,1.186840057E1,1.225577717E1
1.004934636E1,-1.182054400E0,-2.057827413E-1,7.097112179E0,7.197819143E0
1.005172198E1,1.674975902E-1,-2.048256159E0,1.364866066E1,1.380251233E1
1.005409760E1,-1.914258115E-2,-5.886343718E-1,6.340980053E0,6.368271735E0
1.005647318E1,-1.296909928E0,-1.526620865E0,1.313659668E1,1.328844306E1
1.005884880E1,1.713261008E0,-1.215553880E0,7.987242222E0,8.258866316E0
1.006122443E1,-2.124826431E0,-8.949156404E-1,1.101655579E1,1.125523268E1
1.006360000E1,2.110469580E0,-1.660618901E0,9.676574707E0,1.004230228E1
1.006597563E1,-2.306680918E0,-3.014956415E-1,8.595019341E0,8.904270545E0
1.006835125E1,1.976471543E0,-2.340180635E0,1.225125217E1,1.262838331E1
1.007072682E1,-1.182054400E0,-1.627119333E-1,6.867401123E0,6.970288801E0
1.007310245E1,-5.264209956E-2,-1.866401672E0,1.373001671E1,1.385639149E1
1.007547807E1,1.722832322E-1,-7.465606928E-1,6.312266350E0,6.358595824E0
1.007785365E1,-1.038485050E0,-1.430907965E0,1.306002617E1,1.317915901E1
1.008022927E1,1.871187329E0,-1.244267821E0,7.963313580E0,8.274291970E0
1.008260484E1,-2.182254314E0,-6.987041831E-1,1.076770210E1,1.100880693E1
1.008498047E1,2.383251429E0,-1.789831281E0,9.791430473E0,1.023501315E1
1.008735609E1,-1.976471543E0,-2.584248483E-1,8.547162056E0,8.776514250E0
1.008973167E1,2.048256159E0,-2.244467735E0,1.257188988E1,1.293388587E1
1.009210729E1,-1.067198873E0,-2.297109663E-1,6.652047157E0,6.741024547E0
1.009448292E1,-9.092725813E-2,-1.828116536E0,1.366780281E1,1.378981913E1
1.009685849E1,6.364908218E-1,-9.092726111E-1,6.570691109E0,6.663773623E0
1.009923412E1,-9.523434043E-1,-1.378265858E0,1.289252853E1,1.300091792E1
1.010160974E1,1.928615093E0,-1.335195065E0,7.910671711E0,8.251122891E0
1.010398531E1,-2.187039852E0,-6.173482537E-1,1.053799057E1,1.078023689E1
1.010636094E1,2.541177750E0,-1.942971945E0,1.012164021E1,1.061509891E1
1.010873656E1,-1.837687731E0,-3.014956415E-1,8.528019905E0,8.728981574E0
1.011111214E1,1.679761529E0,-2.335394859E0,1.264367485E1,1.296681077E1
1.011348776E1,-9.379864931E-1,-2.344966233E-1,6.680760860E0,6.750360953E0
1.011586339E1,-2.440679073E-1,-1.866401672E0,1.362473202E1,1.375413926E1
1.011823896E1,9.475577474E-1,-9.858429432E-1,6.757331371E0,6.894293238E0
1.012061458E1,-1.244267821E0,-1.330409408E0,1.250967693E1,1.264160625E1
1.012299016E1,2.005185366E0,-1.383051515E0,8.102097511E0,8.460353652E0
1.012536578E1,-2.172683001E0,-6.317051649E-1,1.039442158E1,1.063783826E1
1.012774141E1,2.574677229E0,-2.177468538E0,1.036570740E1,1.090037715E1
1.013011698E1,-1.947757602E0,-9.571290761E-2,8.260024071E0,8.487103056E0
1.013249261E1,1.368694544E0,-2.316252232E0,1.293559933E1,1.321242139E1
1.013486823E1,-8.422735929E-1,-4.019941986E-1,6.460621357E0,6.527683545E0
1.013724380E1,-3.158525825E-1,-1.794616938E0,1.357687569E1,1.369861184E1
1.013961938E1,1.067198873E0,-9.810572863E-1,6.886543751E0,7.037462019E0
1.014199505E1,-1.531406522E0,-1.177268744E0,1.211246777E1,1.226552253E1
1.014437063E1,2.086541414E0,-1.392622828E0,8.231309891E0,8.605086631E0
1.014674625E1,-2.033899307E0,-6.029912829E-1,1.016471100E1,1.038372258E1
1.014912188E1,2.560320139E0,-2.091326952E0,1.080120182E1,1.129578897E1
1.015149745E1,-2.043470621E0,-6.221338734E-2,7.872386456E0,8.133517762E0
1.015387307E1,1.091127157E0,-2.096112728E0,1.315095329E1,1.336157998E1
1.015624870E1,-4.785645306E-1,-5.312066078E-1,6.350551128E0,6.390673212E0
1.015862427E1,-2.153540403E-1,-1.593619823E0,1.357209015E1,1.366702720E1
1.016099990E1,1.071984529E0,-1.086341500E0,6.589833736E0,6.764258818E0
1.016337552E1,-1.713261008E0,-8.757730722E-1,1.202632618E1,1.217927597E1
1.016575109E1,2.344966173E0,-1.521835208E0,8.403593063E0,8.856366361E0
1.016812672E1,-1.933400750E0,-4.019941986E-1,1.011206818E1,1.030308500E1
1.017050229E1,2.450250387E0,-2.024327993E0,1.087777138E1,1.133258757E1
1.017287792E1,-1.981257200E0,0.000000000E0,7.714460373E0,7.964815060E0
1.017525354E1,9.762716293E-1,-1.995614052E0,1.313181114E1,1.331841003E1
1.017762912E1,-1.244267747E-1,-6.556333899E-1,6.460621357E0,6.494995418E0
1.018000474E1,-2.727817893E-1,-1.363908887E0,1.331366539E1,1.338612504E1
1.018238036E1,1.349551916E0,-1.134197950E0,6.642475605E0,6.872421519E0
1.018475594E1,-1.770688772E0,-7.992027402E-1,1.174875927E1,1.190829157E1
1.018713156E1,2.660818815E0,-1.607976794E0,8.858229637E0,9.387959227E0
1.018950719E1,-1.995614052E0,-1.722832322E-1,9.748359680E0,9.952018560E0
1.019188276E1,2.220539331E0,-2.139183521E0,1.128455162E1,1.169820526E1
1.019425839E1,-1.694118381E0,-9.571290575E-3,7.355536938E0,7.548115814E0
1.019663401E1,8.805587292E-1,-2.048256159E0,1.342852020E1,1.361234336E1
1.019900958E1,2.679961324E-1,-6.699903607E-1,6.302694798E0,6.343868750E0
1.020138521E1,-6.317051649E-1,-1.392622828E0,1.297867012E1,1.306844780E1
1.020376083E1,1.607976794E0,-1.081555843E0,6.886543751E0,7.154008474E0
1.020613641E1,-1.660618901E0,-8.662018180E-1,1.153819084E1,1.168921762E1
1.020851203E1,2.852244616E0,-1.670190215E0,9.221938133E0,9.796375740E0
1.021088766E1,-2.153540373E0,-1.627119333E-1,9.293723106E0,9.541357371E0
1.021326323E1,2.105684042E0,-2.076970100E0,1.181097221E1,1.217566321E1
1.021563886E1,-1.349551916E0,-2.679961324E-1,7.092326164E0,7.224555538E0
1.021801443E1,8.757730722E-1,-1.942971945E0,1.368694592E1,1.385188099E1
1.022039005E1,4.259224236E-1,-8.422735929E-1,6.111268997E0,6.183724078E0
1.022276568E1,-9.523434043E-1,-1.268195987E0,1.279681587E1,1.289471890E1
1.022514125E1,1.986042738E0,-1.249053478E0,7.226324558E0,7.597648779E0
1.022751688E1,-1.660618901E0,-8.709874153E-1,1.136112213E1,1.151483262E1
1.022989250E1,2.766103029E0,-1.718046665E0,9.738788605E0,1.026873964E1
1.023226802E1,-2.431107759E0,-1.483550072E-1,8.839086533E0,9.168519230E0
1.023464370E1,1.789831281E0,-2.120040894E0,1.232782269E1,1.263618936E1
1.023701932E1,-9.619147182E-1,-5.072783828E-1,6.867401123E0,6.952971269E0
1.023939490E1,5.264210105E-1,-1.808973908E0,1.369173145E1,1.382074585E1
1.024177052E1,3.445664644E-1,-1.024128079E0,6.001199245E0,6.097700940E0
1.024414615E1,-1.320838094E0,-1.191625714E0,1.274895859E1,1.287247180E1
1.024652172E1,2.172683001E0,-1.440479279E0,7.637889862E0,8.070495246E0
1.024889734E1,-1.928615093E0,-6.795616150E-1,1.132762241E1,1.151070761E1
1.025127292E1,2.392822742E0,-1.909472466E0,9.954142570E0,1.041425178E1
1.025364854E1,-2.617748022E0,-9.571290575E-3,8.590232849E0,8.980244803E0
1.025602417E1,1.450050473E0,-2.220539331E0,1.278245831E1,1.305468045E1
1.025839974E1,-8.183453679E-1,-5.216353536E-1,6.652047157E0,6.722464129E0
1.026077536E1,-1.292124242E-1,-1.651047587E0,1.348116302E1,1.358250384E1
1.026315099E1,4.642075896E-1,-9.523434043E-1,6.135197163E0,6.226001194E0
1.026552656E1,-1.679761529E0,-1.129412293E0,1.253360462E1,1.269599999E1
1.026790219E1,2.206182480E0,-1.421336651E0,8.063812256E0,8.480124239E0
1.027027781E1,-2.368894339E0,-4.354937077E-1,1.083470058E1,1.109919150E1
1.027265339E1,2.086541414E0,-1.919043779E0,1.040399265E1,1.078329482E1
1.027502901E1,-2.522035122E0,-7.657032460E-2,8.106883049E0,8.490469772E0
1.027740464E1,1.215553880E0,-2.134397745E0,1.314616776E1,1.337366635E1
1.027978021E1,-6.317051649E-1,-5.503492355E-1,6.403193474E0,6.457772244E0
1.028215583E1,-5.264210105E-1,-1.473978758E0,1.327538013E1,1.336732771E1
1.028453141E1,8.374879360E-1,-1.038485050E0,6.278766632E0,6.418936646E0
1.028690703E1,-1.651047587E0,-1.095912814E0,1.238525009E1,1.254278290E1
1.028928266E1,2.589034081E0,-1.411765337E0,8.595019341E0,9.086833128E0
1.029165823E1,-2.560320139E0,-3.349951804E-1,1.008335495E1,1.040872269E1
1.029403386E1,2.148754835E0,-1.909472466E0,1.105484104E1,1.142246659E1
1.029640948E1,-1.808973908E0,-2.727817893E-1,7.666603565E0,7.881853001E0
1.029878505E1,1.316052437E0,-1.976471543E0,1.343809223E1,1.364627263E1
1.030116068E1,-2.727817893E-1,-6.364908218E-1,5.924628735E0,5.964960697E0
1.030353630E1,-5.647061467E-1,-1.296909928E0,1.311745358E1,1.319350055E1
1.030591188E1,1.718046665E0,-1.158126116E0,6.599404812E0,6.917014118E0
1.030828750E1,-1.435693622E0,-1.014556766E0,1.222732353E1,1.235305559E1
1.031066313E1,2.818745136E0,-1.550549030E0,8.901300430E0,9.464812507E0
1.031303870E1,-2.344966173E0,-1.627119333E-1,9.662218094E0,9.944033388E0
1.031541432E1,2.277967215E0,-2.105684042E0,1.161954689E1,1.202650863E1
1.031778995E1,-1.162911773E0,-4.642075896E-1,7.436892986E0,7.541566798E0
1.032016552E1,1.153340459E0,-1.919043779E0,1.351466274E1,1.369886974E1
1.032254115E1,1.292124242E-1,-8.662018180E-1,5.809773445E0,5.875412234E0
1.032491672E1,-7.561319470E-1,-1.368694544E0,1.315095329E1,1.324358837E1
1.032729234E1,2.158325911E0,-1.363908887E0,7.030112743E0,7.479378542E0
1.032966797E1,-1.732403636E0,-8.279166222E-1,1.204546928E1,1.219754068E1
1.033204354E1,2.565105915E0,-1.770688772E0,9.351150513E0,9.856932738E0
1.033441917E1,-2.579462767E0,-1.818545163E-1,9.116654396E0,9.476290762E0
1.033679479E1,1.995614052E0,-2.316252232E0,1.227039433E1,1.264555561E1
1.033917037E1,-1.076770186E0,-4.642075896E-1,7.030112743E0,7.127230030E0
1.034154599E1,3.062812984E-1,-1.823330879E0,1.339980698E1,1.352675758E1
1.034392162E1,1.244267747E-1,-8.662018180E-1,5.953342915E0,6.017314972E0
1.034629719E1,-1.292124271E0,-1.344766378E0,1.296431351E1,1.309776341E1
1.034867281E1,2.167897224E0,-1.282552958E0,7.709674358E0,8.110721249E0
1.035104844E1,-2.541177750E0,-6.652047038E-1,1.127019501E1,1.157226759E1
1.035342401E1,2.158325911E0,-1.684547186E0,1.012642574E1,1.049002232E1
1.035579964E1,-2.617748022E0,-3.254238665E-1,8.590232849E0,8.986134085E0
1.035817526E1,1.521835208E0,-2.187039852E0,1.280160141E1,1.307593684E1
1.036055083E1,-1.220339537E0,-4.977070987E-1,6.460621357E0,6.593676460E0
1.036292646E1,-3.349951804E-1,-1.584048629E0,1.338066387E1,1.347826389E1
1.036530203E1,4.354937077E-1,-9.284151793E-1,6.001199245E0,6.088185436E0
1.036767766E1,-1.545763373E0,-1.277767301E0,1.286381435E1,1.301920863E1
1.037005328E1,2.210968018E0,-1.253839016E0,8.106883049E0,8.496001685E0
1.037242886E1,-2.780459881E0,-4.785645306E-1,1.073420238E1,1.109878741E1
1.037480448E1,2.105684042E0,-1.770688772E0,1.060020447E1,1.095141903E1
1.037718010E1,-2.091326952E0,-3.924229145E-1,8.226524353E0,8.497255268E0
1.037955568E1,1.454836130E0,-1.952543259E0,1.300259781E1,1.322862514E1
1.038193130E1,-8.662018180E-1,-5.694918036E-1,6.072983742E0,6.160824460E0
1.038430693E1,-4.115654826E-1,-1.473978758E0,1.328973675E1,1.337755966E1
1.038668250E1,1.311266780E0,-1.138983607E0,6.312266350E0,6.546862661E0
1.038905813E1,-1.488335729E0,-1.067198873E0,1.278245831E1,1.291298947E1
1.039143375E1,2.440679073E0,-1.402194023E0,8.374878883E0,8.835250915E0
1.039380932E1,-2.584248543E0,-2.823530734E-1,1.018863869E1,1.051505692E1
1.039618495E1,2.392822742E0,-2.048256159E0,1.117448139E1,1.160990906E1
1.039856057E1,-1.426122308E0,-4.115654826E-1,7.685746193E0,7.827765040E0
1.040093609E1,1.325623751E0,-2.005185366E0,1.314616776E1,1.336412262E1
1.040331177E1,-1.914258152E-1,-6.173482537E-1,5.828916073E0,5.864641958E0
1.040568740E1,-3.493520916E-1,-1.526620865E0,1.336152172E1,1.345298780E1
1.040806297E1,2.076970100E0,-1.225125194E0,6.781259537E0,7.197236792E0
1.041043859E1,-1.631905079E0,-1.014556766E0,1.241396427E1,1.256180515E1
1.041281417E1,2.732603550E0,-1.507478237E0,9.059226990E0,9.581712083E0
1.041518979E1,-2.282752752E0,-3.972085714E-1,9.547362328E0,9.824503152E0
1.041756542E1,2.488535643E0,-2.167897224E0,1.188754272E1,1.233719012E1
1.041994099E1,-1.124626637E0,-4.450650215E-1,7.140182972E0,7.241897598E0
1.042231662E1,8.949156404E-1,-1.909472466E0,1.316530991E1,1.333312957E1
1.042469224E1,1.914258152E-1,-7.513462901E-1,5.838487148E0,5.889745094E0
1.042706781E1,-5.886343718E-1,-1.555334687E0,1.331845093E1,1.342187362E1
1.042944344E1,2.239681959E0,-1.201196909E0,7.250252724E0,7.682786854E0
1.043181906E1,-2.191825628E0,-8.327022791E-1,1.182054424E1,1.205084059E1
1.043419464E1,2.392822742E0,-1.607976794E0,9.528220177E0,9.954806366E0
1.043657026E1,-2.292324066E0,-3.924229145E-1,9.097511292E0,9.390072261E0
1.043894583E1,2.100898266E0,-2.167897224E0,1.231825066E1,1.268277774E1
1.044132141E1,-1.411765337E0,-3.828516304E-1,6.484549522E0,6.647483678E0
1.044369708E1,1.866401732E-1,-1.670190215E0,1.342852020E1,1.353327472E1
1.044607266E1,4.450650215E-1,-9.092726111E-1,5.776273727E0,5.864315623E0
1.044844828E1,-1.263410330E0,-1.339980721E0,1.338544941E1,1.351155098E1
1.045082391E1,1.990828395E0,-1.253839016E0,7.494320393E0,7.854956914E0
1.045319948E1,-2.679961443E0,-4.977070987E-1,1.132762241E1,1.165096285E1
1.045557511E1,2.167897224E0,-1.727617979E0,1.011206818E1,1.048514974E1
1.045795073E1,-2.225325108E0,-4.163511395E-1,8.508877754E0,8.804908900E0
1.046032630E1,1.641476393E0,-2.000399828E0,1.258146191E1,1.284481327E1
1.046270193E1,-1.253839016E0,-3.876372576E-1,6.159125328E0,6.297396266E0
1.046507755E1,-2.823530734E-1,-1.574477315E0,1.338066387E1,1.347593662E1
1.046745313E1,9.092726111E-1,-1.014556766E0,6.068198204E0,6.219254904E0
1.046982875E1,-1.593619823E0,-1.095912814E0,1.304088306E1,1.318352305E1
1.047220438E1,2.167897224E0,-1.229910851E0,8.078168869E0,8.453950044E0
1.047457995E1,-2.727817774E0,-4.211367965E-1,1.042792130E1,1.078702408E1
1.047695557E1,2.340180635E0,-1.890329838E0,1.090170002E1,1.130914920E1
1.047933115E1,-1.875972986E0,-2.584248483E-1,7.814958572E0,8.041121535E0
1.048170677E1,1.306481123E0,-2.024327993E0,1.283031464E1,1.305456895E1
1.048408240E1,-6.269195080E-1,-4.594219327E-1,5.900700569E0,5.951668992E0
1.048645797E1,-2.536391914E-1,-1.636690736E0,1.342373466E1,1.352552187E1
1.048883359E1,1.737189293E0,-1.028913736E0,6.642475605E0,6.942547967E0
1.049120922E1,-1.880758643E0,-1.100698471E0,1.244746304E1,1.263677673E1
1.049358479E1,2.512463808E0,-1.306481123E0,8.829515457E0,9.272524495E0
1.049596042E1,-2.268395901E0,-5.407779217E-1,9.781859398E0,1.005598498E1
1.049833604E1,2.622533560E0,-2.110469580E0,1.166740322E1,1.214331347E1
1.050071162E1,-1.392622828E0,-4.498506486E-1,7.202396393E0,7.349576705E0
1.050308724E1,1.105484009E0,-1.933400750E0,1.320359516E1,1.339011048E1
1.050546286E1,2.249253243E-1,-7.657032609E-1,5.814558983E0,5.869070544E0
1.050783844E1,-3.302095234E-1,-1.651047587E0,1.361037540E1,1.371412830E1
1.051021406E1,2.163111687E0,-1.158126116E0,6.967899323E0,7.387281586E0
1.051258969E1,-2.019542217E0,-9.667003751E-1,1.202154064E1,1.222826643E1
1.051496526E1,2.646461725E0,-1.598405480E0,9.466006279E0,9.958108988E0
1.051734083E1,-1.981257200E0,-5.790630579E-1,9.308079720E0,9.534203804E0
1.051971646E1,2.388036966E0,-2.134397745E0,1.197846985E1,1.239927878E1
1.052209208E1,-1.359123230E0,-4.019941986E-1,6.704689026E0,6.852858544E0
1.052446771E1,6.364908218E-1,-1.899901152E0,1.327059460E1,1.342100689E1
1.052684328E1,5.886343718E-1,-8.374879360E-1,5.833701611E0,5.922833017E0
1.052921891E1,-9.762716293E-1,-1.354337573E0,1.357687569E1,1.367914069E1
1.053159453E1,2.000399828E0,-1.225125194E0,7.365108013E0,7.729640823E0
1.053397010E1,-2.493321180E0,-6.173482537E-1,1.144247818E1,1.172723651E1
1.053634573E1,2.373680115E0,-1.737189293E0,1.011685371E1,1.053579200E1
1.053872136E1,-2.148754835E0,-3.684946895E-1,8.662017822E0,8.932160345E0
1.054109693E1,1.655833244E0,-2.043470621E0,1.228475189E1,1.256314789E1
1.054347255E1,-1.344766378E0,-2.775674164E-1,6.379265308E0,6.525370959E0
1.054584813E1,-8.614161611E-2,-1.689332843E0,1.341416359E1,1.352039388E1
1.054822375E1,8.518448472E-1,-8.901300430E-1,6.211767673E0,6.332774176E0
1.055059938E1,-1.794616938E0,-1.191625714E0,1.298824120E1,1.316567625E1
1.055297495E1,1.923829436E0,-1.086341500E0,8.130811691E0,8.425636849E0
1.055535057E1,-2.751745939E0,-5.647061467E-1,1.058106136E1,1.094759601E1
1.055772620E1,2.244467735E0,-1.785045743E0,1.086820030E1,1.124018690E1
1.056010177E1,-2.129612207E0,-3.110669553E-1,7.848458290E0,8.138200559E0
1.056247740E1,1.110269666E0,-1.919043779E0,1.268674564E1,1.287901172E1
1.056485302E1,-8.757730722E-1,-3.876372576E-1,5.895915031E0,5.973194721E0
1.056722859E1,-4.833501875E-1,-1.646261930E0,1.349551964E1,1.360414849E1
1.056960422E1,1.316052437E0,-8.422735929E-1,6.498906136E0,6.684100521E0
1.057197984E1,-2.239681959E0,-1.038485050E0,1.258146191E1,1.282138098E1
1.057435542E1,2.110469580E0,-1.253839016E0,8.762516975E0,9.099884498E0
1.057673104E1,-2.383251429E0,-6.029912829E-1,9.906285286E0,1.020676119E1
1.057910667E1,2.268395901E0,-1.990828395E0,1.140419292E1,1.179680609E1
1.058148224E1,-1.966900229E0,-3.445664644E-1,7.168896675E0,7.441807717E0
1.058385786E1,9.188438654E-1,-2.005185366E0,1.306959724E1,1.325441113E1
1.058623339E1,4.785645287E-3,-7.752745152E-1,5.838487148E0,5.889737316E0
1.058860906E1,-5.694918036E-1,-1.550549030E0,1.368215942E1,1.378150970E1
1.059098469E1,1.718046665E0,-1.177268744E0,6.790830612E0,7.103029385E0
1.059336026E1,-2.210968018E0,-8.805587292E-1,1.205504036E1,1.228770773E1
1.059573589E1,2.498106956E0,-1.617548108E0,9.422935486E0,9.881736356E0
1.059811151E1,-2.067398787E0,-6.077769399E-1,9.260223389E0,9.507642597E0
1.060048708E1,2.239681959E0,-2.143969059E0,1.179661560E1,1.219725044E1
1.060286271E1,-1.435693622E0,-4.211367965E-1,6.675975323E0,6.841580145E0
1.060523833E1,6.412764788E-1,-1.928615093E0,1.334716511E1,1.350102248E1
1.060761391E1,7.322037220E-1,-9.523434043E-1,5.929414749E0,6.049879298E0
1.060998953E1,-9.714859724E-1,-1.445264935E0,1.352423382E1,1.363588927E1
1.061236516E1,2.115255117E0,-1.244267821E0,7.451249599E0,7.844974647E0
1.061474073E1,-2.301895380E0,-8.135597110E-1,1.136112213E1,1.162048613E1
1.061711636E1,2.627319336E0,-1.808973908E0,1.023649502E1,1.072198786E1
1.061949193E1,-1.981257200E0,-4.450650215E-1,8.566305161E0,8.803695080E0
1.062186755E1,1.832902193E0,-2.215753794E0,1.230389404E1,1.263546216E1
1.062424318E1,-9.619147182E-1,-3.972085714E-1,6.374479294E0,6.458873032E0
1.062661875E1,1.914258152E-1,-1.866401672E0,1.350030518E1,1.363005278E1
1.062899438E1,1.167697430E0,-8.805587292E-1,6.355337143E0,6.521442414E0
1.063137000E1,-1.684547186E0,-1.306481123E0,1.289731407E1,1.307231052E1
1.063374552E1,2.134397745E0,-1.143769264E0,8.317451477E0,8.662785980E0
1.063612120E1,-2.287538528E0,-6.891329288E-1,1.060977554E1,1.087543442E1
1.063849682E1,2.512463808E0,-1.875972986E0,1.083470058E1,1.127929456E1
1.064087240E1,-2.139183521E0,-2.584248483E-1,7.724031448E0,8.018949517E0
1.064324802E1,1.335195065E0,-1.909472466E0,1.277767277E1,1.298836989E1
1.064562365E1,-4.594219327E-1,-4.067798555E-1,5.991627693E0,6.022967772E0
1.064799922E1,-3.158525825E-1,-1.526620865E0,1.369173145E1,1.378019754E1
1.065037484E1,1.464407444E0,-8.518448472E-1,6.479763508E0,6.697571494E0
1.065275047E1,-2.129612207E0,-8.805587292E-1,1.245224857E1,1.266369324E1
1.065512604E1,2.277967215E0,-1.191625714E0,8.882157326E0,9.246719701E0
1.065750167E1,-2.120040894E0,-4.833501875E-1,9.901499748E0,1.013745027E1
1.065987724E1,2.373680115E0,-1.823330879E0,1.132283688E1,1.171176877E1
1.066225287E1,-1.828116536E0,-5.264209956E-2,7.058826923E0,7.291900904E0
1.066462849E1,9.188438654E-1,-1.808973908E0,1.314138222E1,1.329708943E1
1.066700406E1,2.440679073E-1,-5.120640397E-1,5.852844238E0,5.880269076E0
1.066937969E1,-7.034898400E-1,-1.292124271E0,1.369173145E1,1.377054804E1
1.067175531E1,1.780260086E0,-8.997012973E-1,6.924828529E0,7.206388732E0
1.067413089E1,-2.182254314E0,-6.604190469E-1,1.179183006E1,1.201023078E1
1.067650651E1,2.555534601E0,-1.450050473E0,9.585647583E0,1.002586869E1
1.067888214E1,-2.000399828E0,-2.536391914E-1,9.107083321E0,9.327641659E0
1.068125771E1,2.072184324E0,-1.971685886E0,1.171047401E1,1.205473744E1
1.068363333E1,-1.239482164E0,-1.387837082E-1,6.671189308E0,6.786777125E0
1.068600896E1,6.269195080E-1,-1.785045743E0,1.338544941E1,1.351849371E1
1.068838453E1,8.997012973E-1,-7.178468108E-1,6.005984783E0,6.115277564E0
1.069076016E1,-1.201196909E0,-1.301695466E0,1.327538013E1,1.339302068E1
1.069313573E1,2.182254314E0,-1.009771109E0,7.666603565E0,8.034841741E0
1.069551136E1,-2.230110645E0,-7.082754970E-1,1.102612686E1,1.127166896E1
1.069788698E1,2.746960402E0,-1.737189293E0,1.043749237E1,1.093182808E1
1.070026255E1,-1.966900229E0,-3.206382394E-1,8.068597794E0,8.311063455E0
1.070263818E1,1.703689694E0,-2.019542217E0,1.248096275E1,1.275756797E1
1.070501380E1,-6.556333899E-1,-4.115654826E-1,6.130411625E0,6.179092812E0
1.070738938E1,4.785645381E-2,-1.770688772E0,1.350509071E1,1.362076004E1
1.070976500E1,1.373480201E0,-8.662018180E-1,6.407979012E0,6.610518018E0
1.071214063E1,-1.785045743E0,-1.201196909E0,1.266760349E1,1.284902489E1
1.071451620E1,2.287538528E0,-1.201196909E0,8.484949112E0,8.869614871E0
1.071689182E1,-2.115255117E0,-7.322037220E-1,1.023649502E1,1.047837090E1
1.071926745E1,2.522035122E0,-1.871187329E0,1.101177025E1,1.145081164E1
1.072164297E1,-1.990828395E0,-3.541377485E-1,7.432106972E0,7.702274033E0
1.072401865E1,1.172483087E0,-2.019542217E0,1.281117249E1,1.302226585E1
1.072639422E1,-1.196411327E-1,-6.412764788E-1,6.001199245E0,6.036550497E0
1.072876984E1,-3.972085714E-1,-1.569691658E0,1.364866066E1,1.374436773E1
1.073114547E1,1.473978758E0,-1.048056364E0,6.618547440E0,6.861210223E0
1.073352104E1,-2.220539331E0,-8.949156404E-1,1.230867958E1,1.253934855E1
1.073589667E1,2.402393818E0,-1.512263894E0,9.174081802E0,9.603239821E0
1.073827229E1,-2.172683001E0,-5.216353536E-1,9.528220177E0,9.786707035E0
1.074064787E1,2.120040894E0,-2.033899307E0,1.145683479E1,1.182752651E1
1.074302349E1,-1.684547186E0,-2.584248483E-1,6.929614544E0,7.136108208E0
1.074539912E1,5.838487148E-1,-1.899901152E0,1.316530991E1,1.331449919E1
1.074777464E1,4.067798555E-1,-7.369893789E-1,6.025127411E0,6.083648865E0
1.075015031E1,-1.201196909E0,-1.411765337E0,1.347637749E1,1.360326084E1
1.075252589E1,1.765903115E0,-1.000199914E0,7.350750923E0,7.625768998E0
1.075490151E1,-2.445464849E0,-8.279166222E-1,1.144247818E1,1.173013432E1
1.075727714E1,2.431107759E0,-1.598405480E0,1.009292603E1,1.050392026E1
1.075965271E1,-2.196611166E0,-3.637090325E-1,8.714659691E0,8.994591620E0
1.076202833E1,1.708475351E0,-2.086541414E0,1.200239849E1,1.230163049E1
1.076440396E1,-1.244267821E0,-2.823530734E-1,6.427121639E0,6.552542883E0
1.076677953E1,1.196411327E-1,-1.890329838E0,1.351466274E1,1.364674943E1
1.076915516E1,9.092726111E-1,-7.178468108E-1,6.307480335E0,6.412985959E0
1.077153078E1,-1.871187329E0,-1.301695466E0,1.290688515E1,1.310661807E1
1.077390636E1,1.981257200E0,-1.057627559E0,8.231309891E0,8.532198935E0
1.077628198E1,-2.306680918E0,-7.322037220E-1,1.063370419E1,1.090562075E1
1.077865755E1,2.416750908E0,-1.799402595E0,1.075334454E1,1.116749539E1
1.078103318E1,-2.254039049E0,-2.871387303E-1,7.767102242E0,8.092652094E0
1.078340880E1,1.292124271E0,-2.038684845E0,1.261974621E1,1.284849467E1
1.078578438E1,-5.312066078E-1,-4.402793646E-1,6.178267956E0,6.216672849E0
1.078816000E1,-1.866401732E-1,-1.689332843E0,1.371565914E1,1.382056387E1
1.079053563E1,1.253839016E0,-9.427721500E-1,6.412764549E0,6.601854343E0
1.079291120E1,-2.062613010E0,-1.004985452E0,1.256231880E1,1.277013006E1
1.079528682E1,2.268395901E0,-1.363908887E0,8.834300995E0,9.222295890E0
1.079766245E1,-2.115255117E0,-6.125625968E-1,9.954142570E0,1.019482670E1
1.080003797E1,2.402393818E0,-1.966900229E0,1.124626637E1,1.166699189E1
1.080241365E1,-1.847259045E0,-2.919243574E-1,7.221538544E0,7.459772433E0
1.080478927E1,9.667003751E-1,-1.947757602E0,1.307916832E1,1.325869199E1
1.080716484E1,2.009970993E-1,-7.226324677E-1,6.082555294E0,6.128627613E0
1.080954047E1,-7.178468108E-1,-1.536192179E0,1.368694592E1,1.379158000E1
1.081191604E1,1.665404558E0,-1.067198873E0,6.958328247E0,7.234004269E0
1.081429167E1,-2.234896421E0,-9.188438654E-1,1.195454216E1,1.219631560E1
1.081666729E1,2.565105915E0,-1.641476393E0,9.623932838E0,1.009427047E1
1.081904286E1,-2.096112728E0,-4.642075896E-1,9.202795982E0,9.449901118E0
1.082141849E1,2.009970903E0,-2.148754835E0,1.170568848E1,1.206980833E1
1.082379406E1,-1.426122308E0,-3.684946895E-1,6.786045074E0,6.944063718E0
1.082616969E1,4.785645306E-1,-1.957328916E0,1.337109280E1,1.352206652E1
1.082854531E1,6.939185858E-1,-8.135597110E-1,6.183053493E0,6.274834891E0
1.083092094E1,-1.435693622E0,-1.430907965E0,1.328973675E1,1.344343024E1
1.083329651E1,1.942971945E0,-1.048056364E0,7.724031448E0,8.033319609E0
1.083567214E1,-2.378465652E0,-8.279166222E-1,1.115055370E1,1.143142129E1
1.083804776E1,2.589034081E0,-1.823330879E0,1.046620655E1,1.093476623E1
1.084042333E1,-2.249253273E0,-3.876372576E-1,8.116454124E0,8.431265058E0
1.084279896E1,1.507478237E0,-2.033899307E0,1.236132145E1,1.261790414E1
1.084517458E1,-8.422735929E-1,-3.924229145E-1,6.254838467E0,6.323482015E0
1.084755016E1,-3.349951655E-2,-1.775474429E0,1.359601784E1,1.371149637E1
1.084992578E1,1.119840980E0,-8.327022791E-1,6.340980053E0,6.492724000E0
1.085230136E1,-1.971685886E0,-1.172483087E0,1.272503090E1,1.293014591E1
1.085467698E1,2.053041935E0,-1.210768223E0,8.456234932E0,8.785718531E0
1.085705260E1,-2.230110645E0,-6.364908218E-1,1.037527943E1,1.063131870E1
1.085942818E1,2.335394859E0,-1.852044702E0,1.090648556E1,1.130643914E1
1.086180380E1,-2.177468538E0,-2.440679073E-1,7.451249599E0,7.766727688E0
1.086417943E1,1.095912814E0,-1.981257200E0,1.283031464E1,1.302856011E1
1.086655500E1,-2.392822653E-1,-5.503492355E-1,5.991627693E0,6.021606322E0
1.086893063E1,-5.024927258E-1,-1.483550072E0,1.373001671E1,1.381907300E1
1.087130625E1,1.416550994E0,-9.667003751E-1,6.618547440E0,6.837126337E0
1.087368182E1,-2.244467735E0,-8.183453679E-1,1.222253799E1,1.245382510E1
1.087605745E1,2.397608280E0,-1.430907965E0,9.193224907E0,9.607882558E0
1.087843307E1,-2.076970100E0,-4.642075896E-1,9.561718941E0,9.795701230E0
1.088080865E1,2.153540373E0,-2.043470621E0,1.135155106E1,1.173333796E1
1.088318427E1,-1.636690736E0,-1.579262912E-1,6.948757172E0,7.140652877E0
1.088555984E1,7.800601721E-1,-1.919043779E0,1.322273827E1,1.338402145E1
1.088793547E1,6.077769399E-1,-6.843472719E-1,5.972485542E0,6.042210485E0
1.089031109E1,-1.004985452E0,-1.450050473E0,1.334237862E1,1.345851809E1
1.089268667E1,2.000399828E0,-1.009771109E0,7.475177765E0,7.803814438E0
1.089506229E1,-2.172683001E0,-8.757730722E-1,1.130369377E1,1.154387382E1
1.089743792E1,2.732603550E0,-1.674975872E0,1.015513897E1,1.064892078E1
1.089981349E1,-1.928615093E0,-4.115654826E-1,8.609375954E0,8.832343779E0
1.090218912E1,1.933400750E0,-2.129612207E0,1.202154064E1,1.236085458E1
1.090456474E1,-8.422735929E-1,-4.019941986E-1,6.479763508E0,6.546629611E0
1.090694031E1,4.594219327E-1,-1.952543259E0,1.347159195E1,1.362010585E1
1.090931594E1,1.215553880E0,-8.327022791E-1,6.293123722E0,6.463309563E0
1.091169151E1,-1.536192179E0,-1.339980721E0,1.294517040E1,1.310468891E1
1.091406714E1,2.368894339E0,-1.220339537E0,8.221738815E0,8.642793421E0
1.091644276E1,-1.957328916E0,-8.087740541E-1,1.065284634E1,1.086132529E1
1.091881833E1,2.660818815E0,-1.885544300E0,1.075334454E1,1.123697703E1
1.092119396E1,-1.928615093E0,-4.019941986E-1,7.805387497E0,8.050169532E0
1.092356958E1,1.512263894E0,-2.105684042E0,1.266281700E1,1.292547027E1
1.092594516E1,-3.158525825E-1,-6.077769399E-1,6.101697922E0,6.140022247E0
1.092832073E1,-1.627119333E-1,-1.722832322E0,1.376351547E1,1.387187747E1
1.093069641E1,1.426122308E0,-1.091127157E0,6.522834301E0,6.765482291E0
1.093307198E1,-2.086541414E0,-1.033699393E0,1.256231880E1,1.277630789E1
1.093544760E1,2.321038008E0,-1.507478237E0,8.982656479E0,9.399352397E0
1.093782323E1,-2.143969059E0,-6.412764788E-1,9.896714211E0,1.014656548E1
1.094019880E1,2.239681959E0,-2.067398787E0,1.127498055E1,1.167970459E1
1.094257443E1,-1.914258122E0,-3.062812984E-1,7.178467751E0,7.435629875E0
1.094495000E1,7.561319470E-1,-2.038684845E0,1.308395386E1,1.326340152E1
1.094732563E1,1.483550072E-1,-7.322037220E-1,6.029912949E0,6.076016924E0
1.094970125E1,-9.475577474E-1,-1.502692580E0,1.361037540E1,1.372582491E1
1.095207682E1,1.574477315E0,-1.091127157E0,7.125825882E0,7.378816422E0
1.095445245E1,-2.459821701E0,-8.805587292E-1,1.180140114E1,1.208714918E1
1.095682807E1,2.392822742E0,-1.603191137E0,9.791430473E0,1.020626931E1
1.095920365E1,-2.239681959E0,-4.163511395E-1,9.040083885E0,9.322694900E0
1.096157927E1,1.818545222E0,-2.086541414E0,1.184925747E1,1.216822355E1
1.096395490E1,-1.426122308E0,-2.344966233E-1,6.570691109E0,6.727763012E0
1.096633047E1,2.967100143E-1,-1.919043779E0,1.345244884E1,1.359187793E1
1.096870609E1,8.231309652E-1,-7.417750359E-1,6.226124287E0,6.323954334E0
1.097108167E1,-1.679761529E0,-1.339980721E0,1.304088306E1,1.321672343E1
1.097345729E1,2.033899307E0,-1.038485050E0,8.015955925E0,8.334911336E0
1.097583292E1,-2.273181438E0,-8.183453679E-1,1.079162979E1,1.105876650E1
1.097820854E1,2.608176708E0,-1.746760488E0,1.060977554E1,1.106440667E1
1.098058412E1,-2.062613010E0,-3.397808075E-1,8.001599312E0,8.270152053E0
1.098295974E1,1.550549030E0,-2.038684845E0,1.244746304E1,1.270825614E1
1.098533531E1,-5.264210105E-1,-4.354937077E-1,6.144768715E0,6.182633453E0
1.098771094E1,4.307080805E-2,-1.727617979E0,1.364866066E1,1.375763267E1
1.099008656E1,1.459621787E0,-9.092726111E-1,6.398407936E0,6.625473308E0
1.099246214E1,-1.808973908E0,-1.076770186E0,1.265324593E1,1.282717635E1
1.099483776E1,2.488535643E0,-1.325623751E0,8.642875671E0,9.091170873E0
1.099721339E1,-2.009970903E0,-6.508477330E-1,1.004028416E1,1.026016042E1
1.099958896E1,2.603390932E0,-1.952543259E0,1.116491032E1,1.162950093E1
1.100196458E1,-1.670190215E0,-2.584248483E-1,7.283751965E0,7.477256277E0
1.100434016E1,1.162911773E0,-2.038684845E0,1.294995594E1,1.316092544E1
1.100671573E1,2.249253243E-1,-6.699903607E-1,5.948556900E0,5.990392949E0
1.100909141E1,-4.642075896E-1,-1.588834286E0,1.369651699E1,1.379617558E1
1.101146698E1,1.761117458E0,-1.100698471E0,6.838686943E0,7.147077090E0
1.101384260E1,-2.220539331E0,-9.188438654E-1,1.199761295E1,1.223592193E1
1.101621823E1,2.593819857E0,-1.703689694E0,9.537791252E0,1.002995125E1
1.101859380E1,-1.995614052E0,-5.120640397E-1,9.241081238E0,9.467960048E0
1.102096938E1,2.053041935E0,-2.177468538E0,1.169611740E1,1.207292478E1
1.102334505E1,-1.402194023E0,-3.397808075E-1,6.742974281E0,6.895600136E0
1.102572063E1,5.168496966E-1,-2.000399828E0,1.335673618E1,1.351558858E1
1.102809625E1,7.657032609E-1,-8.949156404E-1,6.173482418E0,6.284827814E0
1.103047188E1,-1.454836130E0,-1.473978758E0,1.319880962E1,1.336030453E1
1.103284745E1,1.966900229E0,-1.148554921E0,7.896314621E0,8.218251609E0
1.103522307E1,-2.455035925E0,-8.709874153E-1,1.105962658E1,1.136226916E1
1.103759865E1,2.435893536E0,-1.842473388E0,1.046620655E1,1.090274117E1
1.103997427E1,-2.191825628E0,-4.498506486E-1,8.250452042E0,8.548474957E0
1.104234990E1,1.406979680E0,-2.153540373E0,1.235175037E1,1.261677713E1
1.104472547E1,-9.858429432E-1,-4.881358147E-1,6.321837425E0,6.416836550E0
1.104710109E1,-1.674975902E-1,-1.890329838E0,1.358166122E1,1.371360361E1
1.104947672E1,1.086341500E0,-9.188438654E-1,6.446264267E0,6.601419158E0
1.105185229E1,-2.148754835E0,-1.210768223E0,1.282074356E1,1.305582523E1
1.105422792E1,2.067398787E0,-1.306481123E0,8.556734085E0,8.899366768E0
1.105660354E1,-2.388036966E0,-7.178468108E-1,1.027956581E1,1.057768868E1
1.105897912E1,2.263610125E0,-1.971685886E0,1.117926693E1,1.157529633E1
1.106135474E1,-2.134397745E0,-3.780659735E-1,7.456035137E0,7.764731005E0
1.106373037E1,9.284151793E-1,-2.072184324E0,1.290688515E1,1.310509774E1
1.106610589E1,-2.392822653E-1,-6.604190469E-1,5.991627693E0,6.032662077E0
1.106848156E1,-6.460621357E-1,-1.588834286E0,1.371087360E1,1.381773663E1
1.107085714E1,1.555334687E0,-1.143769264E0,6.805187702E0,7.073743972E0
1.107323276E1,-2.368894339E0,-8.374879360E-1,1.218425274E1,1.244062142E1
1.107560839E1,2.282752752E0,-1.545763373E0,9.375079155E0,9.772024033E0
1.107798396E1,-2.182254314E0,-4.929214716E-1,9.485149384E0,9.745422736E0
1.108035958E1,2.048256159E0,-2.081755638E0,1.162433243E1,1.198558151E1
1.108273521E1,-1.603191137E0,-2.584248483E-1,6.838686943E0,7.028843741E0
1.108511078E1,4.642075896E-1,-1.875972986E0,1.321795273E1,1.335848186E1
1.108748641E1,6.173482537E-1,-7.752745152E-1,6.039484501E0,6.120256733E0
1.108986203E1,-1.143769264E0,-1.378265858E0,1.342373466E1,1.354269092E1
1.109223761E1,2.014756680E0,-1.105484009E0,7.489534855E0,7.834186091E0
1.109461323E1,-2.397608280E0,-7.322037220E-1,1.124626637E1,1.152228948E1
1.109698880E1,2.627319336E0,-1.708475351E0,1.032263660E1,1.078788772E1
1.109936443E1,-1.928615093E0,-3.828516304E-1,8.480163574E0,8.705131004E0
1.110174005E1,1.785045743E0,-2.076970100E0,1.227039433E1,1.257230170E1
1.110411563E1,-8.422735929E-1,-3.589234054E-1,6.273981094E0,6.340432918E0
1.110649125E1,1.531406492E-1,-1.818545222E0,1.345244884E1,1.357567452E1
1.110886688E1,1.383051515E0,-8.135597110E-1,6.431907177E0,6.629037700E0
1.111124245E1,-1.708475351E0,-1.244267821E0,1.277767277E1,1.295129383E1
1.111361807E1,2.316252232E0,-1.177268744E0,8.384450912E0,8.777813122E0
1.111599370E1,-2.158325911E0,-6.412764788E-1,1.042792130E1,1.066823082E1
1.111836927E1,2.627319336E0,-1.919043779E0,1.103091240E1,1.150072016E1
1.112074490E1,-1.914258122E0,-3.349951804E-1,7.613961697E0,7.858054381E0
1.112312047E1,1.215553880E0,-1.933400750E0,1.284467220E1,1.304611872E1
1.112549609E1,-1.339980662E-1,-5.838487148E-1,5.972485542E0,6.002451029E0
1.112787172E1,-3.876372576E-1,-1.584048629E0,1.366780281E1,1.376474869E1
1.113024734E1,1.698904037E0,-1.043270707E0,6.632904530E0,6.926045856E0
1.113262292E1,-2.239681959E0,-8.470591903E-1,1.225125217E1,1.248306310E1
1.113499854E1,2.431107759E0,-1.454836130E0,9.188439369E0,9.615313367E0
1.113737412E1,-2.201396942E0,-5.599204898E-1,9.509077072E0,9.776615274E0
1.113974974E1,2.153540373E0,-1.990828395E0,1.166261768E1,1.202571350E1
1.114212536E1,-1.684547186E0,-3.014956415E-1,6.805187702E0,7.017063382E0
1.114450094E1,5.455635786E-1,-1.856830359E0,1.319402409E1,1.333520642E1
1.114687656E1,3.828516304E-1,-7.417750359E-1,5.924628735E0,5.983145596E0
1.114925219E1,-1.162911773E0,-1.387837172E0,1.346201992E1,1.358324100E1
1.115162776E1,1.794616938E0,-1.100698471E0,7.288537979E0,7.586499387E0
1.115400339E1,-2.569891453E0,-6.317051649E-1,1.147597694E1,1.177715757E1
1.115637896E1,2.378465652E0,-1.722832322E0,9.934999466E0,1.035999346E1
1.115875458E1,-2.249253273E0,-2.871387303E-1,8.685946465E0,8.977040432E0
1.116113021E1,1.579262972E0,-2.091326952E0,1.211246777E1,1.239272348E1
1.116350578E1,-1.162911773E0,-3.110669553E-1,6.326622963E0,6.440130787E0
1.116588141E1,-8.135596663E-2,-1.746760488E0,1.334716511E1,1.346122607E1
1.116825703E1,1.057627559E0,-8.614161611E-1,6.250052929E0,6.397169333E0
1.117063261E1,-1.823330879E0,-1.186840057E0,1.287817192E1,1.306064458E1
1.117300823E1,2.134397745E0,-1.081555843E0,8.178668022E0,8.521503822E0
1.117538386E1,-2.574677229E0,-5.455635786E-1,1.038006496E1,1.070851769E1
1.117775943E1,2.431107759E0,-1.899901152E0,1.100698376E1,1.143125543E1
1.118013505E1,-1.995614052E0,-2.967100143E-1,7.537391186E0,7.802741708E0
1.118251068E1,1.028913736E0,-1.880758643E0,1.273938751E1,1.291851039E1
1.118488625E1,-3.684946895E-1,-5.407779217E-1,5.991627693E0,6.027257379E0
1.118726188E1,-5.024927258E-1,-1.598405480E0,1.337109280E1,1.347566405E1
1.118963745E1,1.679761529E0,-9.523434043E-1,6.824330330E0,7.092252196E0
1.119201307E1,-2.158325911E0,-9.284151793E-1,1.215553856E1,1.238052677E1
1.119438870E1,2.378465652E0,-1.373480201E0,9.049654961E0,9.457261846E0
1.119676427E1,-2.182254314E0,-4.498506486E-1,9.638289452E0,9.892483159E0
1.119913990E1,2.373680115E0,-2.000399828E0,1.165304661E1,1.205941342E1
1.120151552E1,-1.478764415E0,-3.062812984E-1,6.833901405E0,6.998768524E0
1.120389109E1,7.130611539E-1,-1.847259045E0,1.316052437E1,1.330865222E1
1.120626672E1,6.317051649E-1,-8.279166222E-1,5.934200287E0,6.024884264E0
1.120864229E1,-8.470591903E-1,-1.411765337E0,1.348594856E1,1.358607373E1
1.121101792E1,2.225325108E0,-1.239482164E0,7.369893551E0,7.797673937E0
1.121339354E1,-2.287538528E0,-6.077769399E-1,1.143290615E1,1.167534018E1
1.121576912E1,2.675175667E0,-1.818545222E0,1.006421185E1,1.057128335E1
1.121814474E1,-1.837687731E0,-4.594219327E-1,8.676374435E0,8.880745355E0
1.122052036E1,1.957328916E0,-2.182254314E0,1.231346512E1,1.265759826E1
1.122289589E1,-8.039883971E-1,-4.163511395E-1,6.321837425E0,6.386342775E0
1.122527156E1,4.785645381E-2,-1.746760488E0,1.336152172E1,1.347530056E1
1.122764719E1,1.373480201E0,-1.062413216E0,6.302694798E0,6.537517221E0
1.123002276E1,-1.526620865E0,-1.272981644E0,1.298824120E1,1.313946205E1
1.123239839E1,2.340180635E0,-1.316052437E0,8.283951759E0,8.708174101E0
1.123477401E1,-2.522035122E0,-5.599204898E-1,1.034656525E1,1.066421983E1
1.123714958E1,2.507678032E0,-2.014756680E0,1.121755219E1,1.166966883E1
1.123952521E1,-1.780260086E0,-4.546363056E-1,7.637889862E0,7.855786510E0
1.124190083E1,1.019342422E0,-1.971685886E0,1.292124271E1,1.311049646E1
1.124427641E1,-3.828516304E-1,-6.556333899E-1,5.915057659E0,5.963584293E0
1.124665203E1,-5.886343718E-1,-1.674975872E0,1.342852020E1,1.354537520E1
1.124902760E1,1.770688772E0,-1.000199914E0,6.958328247E0,7.249418638E0
1.125140323E1,-2.287538528E0,-1.014556766E0,1.220818138E1,1.246201631E1
1.125377886E1,2.254039049E0,-1.435693622E0,9.164510727E0,9.546212080E0
1.125615443E1,-2.383251429E0,-4.833501875E-1,9.537791252E0,9.842915053E0
1.125853005E1,2.215753794E0,-2.134397745E0,1.187797165E1,1.226994006E1
1.126090568E1,-1.584048629E0,-4.067798555E-1,6.881757736E0,7.073419926E0
1.126328125E1,3.972085714E-1,-1.789831281E0,1.325145149E1,1.337767683E1
1.126565688E1,3.972085714E-1,-8.422735929E-1,5.886343479E0,5.959550235E0
1.126803245E1,-1.033699393E0,-1.411765337E0,1.339502144E1,1.350881990E1
1.127040807E1,2.124826431E0,-1.234696507E0,7.408178806E0,7.805157017E0
1.127278370E1,-2.512463808E0,-5.790630579E-1,1.147119141E1,1.175738154E1
1.127515927E1,2.402393818E0,-1.765903115E0,1.004028416E1,1.047364387E1
1.127753490E1,-2.076970100E0,-4.307080805E-1,8.724231720E0,8.978392582E0
1.127991052E1,1.799402595E0,-2.129612207E0,1.239482117E1,1.270451454E1
1.128228609E1,-1.028913736E0,-3.828516304E-1,6.317051888E0,6.411737939E0
1.128466172E1,-7.178468257E-2,-1.631905079E0,1.329930782E1,1.339924833E1
1.128703734E1,1.167697430E0,-1.033699393E0,6.187839508E0,6.381332894E0
1.128941292E1,-1.512263894E0,-1.124626637E0,1.309831142E1,1.323319649E1
1.129178854E1,2.301895380E0,-1.311266780E0,8.049455643E0,8.474188991E0
1.129416412E1,-2.603390932E0,-4.067798555E-1,1.052363396E1,1.084850155E1
1.129653974E1,2.421536446E0,-1.971685886E0,1.098305607E1,1.141835823E1
1.129891537E1,-1.770688772E0,-2.727817893E-1,7.853243828E0,8.055010071E0
1.130129094E1,1.201196909E0,-2.024327993E0,1.289252853E1,1.310565030E1
1.130366656E1,-4.307080805E-1,-5.168496966E-1,5.948556900E0,5.986482461E0
1.130604219E1,-5.551348329E-1,-1.593619823E0,1.327059460E1,1.337746163E1
1.130841776E1,1.837687731E0,-9.954141974E-1,6.905686378E0,7.215015591E0
1.131079339E1,-2.048256159E0,-9.810572863E-1,1.221296692E1,1.242233423E1
1.131316901E1,2.392822742E0,-1.330409408E0,9.073583603E0,9.477632050E0
1.131554458E1,-2.464607239E0,-4.067798555E-1,9.547362328E0,9.868732751E0
1.131792021E1,2.330609322E0,-2.086541414E0,1.186361504E1,1.226909763E1
1.132029583E1,-1.435693622E0,-4.498506486E-1,6.867401123E0,7.030275952E0
1.132267141E1,5.742774606E-1,-1.746760488E0,1.323230934E1,1.335945273E1
1.132504703E1,3.349951804E-1,-8.231309652E-1,5.809773445E0,5.877349219E0
1.132742260E1,-8.662018180E-1,-1.526620865E0,1.339502144E1,1.350953279E1
1.132979823E1,2.196611166E0,-1.210768223E0,7.298109055E0,7.717088575E0
1.133217380E1,-2.378465652E0,-7.369893789E-1,1.160040379E1,1.186463738E1
1.133454943E1,2.421536446E0,-1.727617979E0,9.796216011E0,1.023788800E1
1.133692505E1,-2.124826431E0,-5.264210105E-1,8.877371788E0,9.143289140E0
1.133930068E1,2.062613010E0,-2.191825628E0,1.244746304E1,1.280616289E1
1.134167625E1,-1.119840980E0,-5.742774606E-1,6.350551128E0,6.474051132E0
1.134405188E1,3.828516230E-2,-1.780260086E0,1.339023590E1,1.350811642E1
1.134642750E1,1.028913736E0,-1.110269666E0,6.101697922E0,6.286658869E0
1.134880307E1,-1.335195065E0,-1.383051515E0,1.317966747E1,1.331912955E1
1.135117870E1,2.273181438E0,-1.430907965E0,7.948956966E0,8.390516570E0
1.135355432E1,-2.569891453E0,-5.838487148E-1,1.081077290E1,1.112735512E1
1.135592990E1,2.359323025E0,-2.096112728E0,1.068634605E1,1.114262472E1
1.135830552E1,-1.875972986E0,-4.594219327E-1,8.183453560E0,8.408284922E0
1.136068109E1,1.354337573E0,-2.210968018E0,1.276331615E1,1.302401048E1
1.136305672E1,-6.987041831E-1,-6.364908218E-1,6.087340832E0,6.160278119E0
1.136543234E1,-4.211367965E-1,-1.684547186E0,1.342852020E1,1.354031795E1
1.136780792E1,1.521835208E0,-1.196411371E0,6.532405853E0,6.813201069E0
1.137018354E1,-1.971685886E0,-1.153340459E0,1.263410378E1,1.283893756E1
1.137255917E1,2.292324066E0,-1.440479279E0,8.748159409E0,9.157511846E0
1.137493474E1,-2.636890650E0,-5.264210105E-1,9.920642853E0,1.027859261E1
1.137731037E1,2.263610125E0,-2.163111687E0,1.162433243E1,1.203860820E1
1.137968594E1,-1.703689694E0,-4.594219327E-1,7.365108013E0,7.573535709E0
1.138206156E1,7.513462901E-1,-1.919043779E0,1.313659668E1,1.329727125E1
1.138443719E1,-1.483550072E-1,-7.752745152E-1,5.876772404E0,5.929545823E0
1.138681281E1,-7.609176040E-1,-1.617548108E0,1.345244884E1,1.357069775E1
1.138918839E1,1.919043779E0,-1.143769264E0,7.116254330E0,7.458687072E0
1.139156401E1,-2.364108801E0,-8.805587292E-1,1.196889877E1,1.223188178E1
1.139393958E1,2.316252232E0,-1.598405480E0,9.494720459E0,9.903011717E0
1.139631516E1,-2.316252232E0,-4.402793646E-1,9.260223389E0,9.555658404E0
1.139869083E1,2.091326952E0,-2.124826431E0,1.219382381E1,1.255300263E1
1.140106641E1,-1.406979680E0,-4.067798555E-1,6.632904530E0,6.792678718E0
1.140344203E1,3.062812984E-1,-1.799402595E0,1.343330669E1,1.355674691E1
1.140581766E1,6.604190469E-1,-9.906286001E-1,5.934200287E0,6.052456641E0
1.140819323E1,-1.115055323E0,-1.406979680E0,1.348594856E1,1.360491635E1
1.141056886E1,2.148754835E0,-1.277767301E0,7.613961697E0,8.013878545E0
1.141294443E1,-2.498106956E0,-5.934200287E-1,1.131326580E1,1.160097706E1
1.141532005E1,2.431107759E0,-1.904686809E0,1.034177971E1,1.079307761E1
1.141769568E1,-1.966900229E0,-5.120640397E-1,8.580661774E0,8.818087240E0
1.142007125E1,1.756331801E0,-2.148754835E0,1.262931824E1,1.293064298E1
1.142244688E1,-1.038485050E0,-4.785645306E-1,6.250052929E0,6.353789171E0
1.142482250E1,-8.614161611E-2,-1.751546144E0,1.349551964E1,1.360898176E1
1.142719802E1,1.282552958E0,-1.062413216E0,6.269195557E0,6.486638333E0
1.142957370E1,-1.627119422E0,-1.210768223E0,1.303609753E1,1.319292674E1
1.143194932E1,2.287538528E0,-1.339980721E0,8.279166222E0,8.693271776E0
1.143432490E1,-2.560320139E0,-5.216353536E-1,1.039442158E1,1.071780493E1
1.143670052E1,2.411965132E0,-2.029113531E0,1.112183952E1,1.155985259E1
1.143907609E1,-1.732403636E0,-3.780659735E-1,7.829315662E0,8.027598643E0
1.144145172E1,1.191625714E0,-2.081755638E0,1.286381435E1,1.308554157E1
1.144382734E1,-5.120640397E-1,-5.982056856E-1,5.900700569E0,5.953009897E0
1.144620292E1,-4.259224236E-1,-1.674975872E0,1.348116302E1,1.359149405E1
1.144857854E1,1.651047587E0,-1.019342422E0,6.714260101E0,6.989013222E0
1.145095412E1,-2.124826431E0,-1.038485050E0,1.232303619E1,1.254793049E1
1.145332974E1,2.349751949E0,-1.301695466E0,8.963513374E0,9.357367008E0
1.145570536E1,-2.435893536E0,-4.163511395E-1,9.714859962E0,1.002424210E1
1.145808099E1,2.282752752E0,-2.053041935E0,1.165783215E1,1.205533042E1
1.146045656E1,-1.727617979E0,-2.775674164E-1,6.915257454E0,7.133196563E0
1.146283219E1,7.465606928E-1,-1.804188251E0,1.320838070E1,1.335192004E1
1.146520776E1,3.828516230E-2,-5.886343718E-1,5.690132141E0,5.720625836E0
1.146758339E1,-7.657032609E-1,-1.406979680E0,1.349073410E1,1.358549962E1
1.146995901E1,1.909472466E0,-1.014556766E0,6.948757172E0,7.277405909E0
1.147233458E1,-2.325823545E0,-6.364908218E-1,1.178704453E1,1.203116762E1
1.147471021E1,2.411965132E0,-1.421336651E0,9.499505997E0,9.903453330E0
1.147708583E1,-2.143969059E0,-3.589234054E-1,8.982656479E0,9.241944966E0
1.147946141E1,2.201396942E0,-1.919043779E0,1.195454216E1,1.230609425E1
1.148183703E1,-1.359123230E0,-1.962114573E-1,6.431907177E0,6.576864361E0
1.148421266E1,4.737788737E-1,-1.670190215E0,1.320359516E1,1.331724172E1
1.148658823E1,7.322037220E-1,-6.891329288E-1,5.728417397E0,5.815994528E0
1.148896386E1,-9.092726111E-1,-1.162911773E0,1.335673618E1,1.343806318E1
1.149133943E1,2.124826431E0,-1.019342422E0,7.298109055E0,7.669181319E0
1.149371505E1,-2.325823545E0,-4.498506486E-1,1.116969585E1,1.141814023E1
1.149609068E1,2.665604353E0,-1.641476393E0,1.005942631E1,1.053527166E1
1.149846625E1,-1.837687731E0,-2.153540403E-1,8.441878319E0,8.642267243E0
1.150084188E1,1.909472466E0,-1.976471543E0,1.224168110E1,1.254636525E1
1.150321750E1,-8.566305041E-1,-2.057827413E-1,6.082555294E0,6.146026461E0
1.150559307E1,3.493520916E-1,-1.660618901E0,1.344287777E1,1.354956327E1
1.150796870E1,1.330409408E0,-7.465606928E-1,6.058627129E0,6.247743972E0
1.151034432E1,-1.435693622E0,-1.201196909E0,1.291167068E1,1.304665973E1
1.151271990E1,2.344966173E0,-1.028913736E0,8.054241180E0,8.451528313E0
1.151509547E1,-2.273181438E0,-5.886343718E-1,1.046142101E1,1.072171506E1
1.151747115E1,2.665604353E0,-1.818545222E0,1.083470058E1,1.130501172E1
1.151984672E1,-1.818545222E0,-3.206382394E-1,7.685746193E0,7.904467733E0
1.152222234E1,1.454836130E0,-1.976471543E0,1.262931824E1,1.286556128E1
1.152459792E1,-5.599204898E-1,-4.785645306E-1,6.001199245E0,6.046232492E0
1.152697354E1,-1.100698411E-1,-1.703689694E0,1.351466274E1,1.362206970E1
1.152934917E1,1.354337573E0,-9.284151793E-1,6.384050846E0,6.591835117E0
1.153172474E1,-2.048256159E0,-1.057627559E0,1.261017513E1,1.281914374E1
1.153410036E1,2.172683001E0,-1.325623751E0,8.566305161E0,8.936409450E0
1.153647599E1,-2.330609322E0,-6.029912829E-1,1.007856941E1,1.036208954E1
1.153885156E1,2.287538528E0,-1.919043779E0,1.122233772E1,1.161276993E1
1.154122719E1,-2.120040894E0,-2.775674164E-1,7.202396393E0,7.513064013E0
1.154360276E1,8.901300430E-1,-1.981257200E0,1.299781227E1,1.317804369E1
1.154597839E1,-2.584248483E-1,-6.412764788E-1,5.852844238E0,5.893539225E0
1.154835401E1,-6.747759581E-1,-1.555334687E0,1.371565914E1,1.382004683E1
1.155072958E1,1.272981644E0,-1.014556766E0,6.637690067E0,6.834379059E0
1.155310521E1,-2.392822742E0,-8.614161611E-1,1.216989613E1,1.243277966E1
1.155548083E1,2.215753794E0,-1.478764415E0,9.284152031E0,9.658767416E0
1.155785641E1,-2.244467735E0,-5.120640397E-1,9.485149384E0,9.760527846E0
1.156023203E1,1.971685886E0,-1.990828395E0,1.147119141E1,1.180843661E1
1.156260766E1,-1.904686809E0,-2.297109663E-1,6.838686943E0,7.102692312E0
1.156498323E1,6.987041831E-1,-1.928615093E0,1.337109280E1,1.352752255E1
1.156735886E1,2.584248483E-1,-6.317051649E-1,5.881557941E0,5.921026823E0
1.156973448E1,-1.048056364E0,-1.411765337E0,1.363908863E1,1.375195412E1
1.157211005E1,1.636690736E0,-9.332008362E-1,7.121040344E0,7.366059730E0
1.157448568E1,-2.268395901E0,-8.662018180E-1,1.167218876E1,1.192207683E1
1.157686125E1,2.469393015E0,-1.507478237E0,9.911071777E0,1.032471483E1
1.157923688E1,-2.086541414E0,-3.972085714E-1,8.886942863E0,9.137241552E0
1.158161260E1,2.048256159E0,-1.981257200E0,1.182532978E1,1.216384634E1
1.158398807E1,-1.330409408E0,-2.153540403E-1,6.628118515E0,6.763750557E0
1.158636370E1,7.226324677E-1,-1.923829436E0,1.358644676E1,1.374099170E1
1.158873932E1,8.231309652E-1,-5.934200287E-1,6.135197163E0,6.218547752E0
1.159111490E1,-1.272981644E0,-1.387837172E0,1.324666595E1,1.337986297E1
1.159349052E1,1.962114573E0,-9.810572863E-1,7.786244869E0,8.089374275E0
1.159586615E1,-1.852044702E0,-8.805587292E-1,1.127976608E1,1.146466642E1
1.159824172E1,2.742174864E0,-1.593619823E0,1.026042366E1,1.073943391E1
1.160061734E1,-2.129612207E0,-2.823530734E-1,8.355736732E0,8.627474008E0
1.160299292E1,1.981257200E0,-2.081755638E0,1.218903828E1,1.252324801E1
1.160536854E1,-7.704889178E-1,-3.589234054E-1,6.451049805E0,6.506805880E0
1.160774417E1,4.977070987E-1,-1.856830359E0,1.388794231E1,1.402035923E1
1.161011974E1,8.518448472E-1,-7.657032609E-1,6.072983742E0,6.180054422E0
1.161249537E1,-1.579262972E0,-1.215553880E0,1.313181114E1,1.328217251E1
1.161487099E1,2.086541414E0,-1.196411371E0,8.202595711E0,8.547960671E0
1.161724656E1,-1.856830359E0,-8.614161611E-1,1.082991505E1,1.102165671E1
1.161962219E1,2.383251429E0,-1.732403636E0,1.044706345E1,1.085459554E1
1.162199781E1,-2.297109842E0,-2.967100143E-1,8.020741463E0,8.348475554E0
1.162437339E1,1.579262972E0,-2.206182480E0,1.253360462E1,1.282390570E1
1.162674901E1,-7.226324677E-1,-4.881358147E-1,6.340980053E0,6.400664207E0
1.162912458E1,-2.249253243E-1,-1.732403636E0,1.400279808E1,1.411134890E1
1.163150021E1,5.838487148E-1,-8.949156404E-1,6.250052929E0,6.340734574E0
1.163387583E1,-2.143969059E0,-1.268195987E0,1.279681587E1,1.303700199E1
1.163625141E1,1.952543259E0,-1.368694544E0,8.690732002E0,9.011912820E0
1.163862703E1,-2.249253273E0,-7.322037220E-1,1.043270683E1,1.069750599E1
1.164100266E1,1.914258122E0,-1.938186288E0,1.051406288E1,1.086123697E1
1.164337823E1,-2.469393015E0,-2.153540403E-1,7.762316704E0,8.148486966E0
1.164575386E1,1.172483087E0,-2.292324066E0,1.283031464E1,1.308611630E1
1.164812943E1,-6.077769399E-1,-4.019941986E-1,6.465406895E0,6.506341403E0
1.165050505E1,-8.805587292E-1,-1.746760488E0,1.367258835E1,1.381181480E1
1.165288068E1,6.508477330E-1,-8.087740541E-1,6.728617191E0,6.808230868E0
1.165525625E1,-2.110469580E0,-1.335195065E0,1.232782269E1,1.257823676E1
1.165763188E1,2.120040894E0,-1.344766378E0,9.145368576E0,9.483709000E0
1.166000750E1,-2.507678032E0,-6.891329288E-1,9.633503914E0,9.978364143E0
1.166238307E1,2.000399828E0,-1.923829436E0,1.086341476E1,1.121233693E1
1.166475870E1,-2.000399828E0,-2.632105052E-1,7.465606689E0,7.733444413E0
1.166713427E1,1.167697430E0,-2.301895380E0,1.314616776E1,1.339716262E1
1.166950990E1,-1.962114573E-1,-4.259224236E-1,6.259624004E0,6.277165086E0
1.167188552E1,-9.236295223E-1,-1.622333765E0,1.349073410E1,1.361928651E1
1.167426115E1,1.177268744E0,-9.810572863E-1,6.948757172E0,7.115733365E0
1.167663672E1,-1.450050473E0,-1.272981644E0,1.214118195E1,1.229355228E1
1.167901234E1,2.469393015E0,-1.478764415E0,9.183652878E0,9.624142883E0
1.168138792E1,-2.196611166E0,-5.264210105E-1,9.394221306E0,9.661967379E0
1.168376354E1,2.411965132E0,-2.110469580E0,1.106441212E1,1.151923926E1
1.168613917E1,-1.244267821E0,-3.302095234E-1,7.259823799E0,7.373078213E0
1.168851474E1,1.483550072E0,-2.177468538E0,1.352901936E1,1.378320191E1
1.169089037E1,2.009970993E-1,-5.551348329E-1,5.986842155E0,6.015883436E0
1.169326594E1,-7.178468108E-1,-1.555334687E0,1.350030518E1,1.360854915E1
1.169564156E1,1.890329838E0,-1.138983607E0,7.317251682E0,7.642826881E0
1.169801719E1,-1.162911773E0,-1.167697430E0,1.178225899E1,1.189695372E1
1.170039276E1,2.617748022E0,-1.540977836E0,9.245866776E0,9.732074282E0
1.170276839E1,-1.928615093E0,-3.445664644E-1,8.987442017E0,9.198499673E0
1.170514401E1,2.565105915E0,-2.258824587E0,1.139940739E1,1.190077920E1
1.170751958E1,-8.709874153E-1,-2.440679073E-1,7.197610378E0,7.254225209E0
1.170989521E1,1.052842021E0,-2.062613010E0,1.357209015E1,1.376824171E1
1.171227083E1,2.009970993E-1,-5.168496966E-1,6.063412666E0,6.088719620E0
1.171464641E1,-8.853443861E-1,-1.473978758E0,1.322752380E1,1.333880932E1
1.171702203E1,1.919043779E0,-1.167697430E0,7.637889862E0,7.961382283E0
1.171939766E1,-1.569691658E0,-9.810572863E-1,1.136590767E1,1.151565293E1
1.172177323E1,2.344966173E0,-1.507478237E0,9.288937569E0,9.698232733E0
1.172414886E1,-2.206182480E0,-2.679961324E-1,8.901300430E0,9.174541537E0
1.172652443E1,2.249253273E0,-2.297109842E0,1.167697430E1,1.211146493E1
1.172890005E1,-1.182054400E0,-7.178468257E-2,7.121040344E0,7.218837942E0
1.173127568E1,3.110669553E-1,-1.928615093E0,1.352423382E1,1.366459729E1
1.173365125E1,5.742774159E-2,-5.790630579E-1,6.226124287E0,6.253257999E0
1.173602688E1,-1.095912814E0,-1.488335729E0,1.304088306E1,1.317121100E1
1.173840250E1,1.684547186E0,-1.028913736E0,7.829315662E0,8.074313992E0
1.174077807E1,-2.139183521E0,-8.231309652E-1,1.099262714E1,1.122904725E1
1.174315370E1,2.148754835E0,-1.622333765E0,9.418149948E0,9.795440911E0
1.174552932E1,-2.301895380E0,-2.249253243E-1,8.729017258E0,9.030230120E0
1.174790490E1,2.038684845E0,-2.249253273E0,1.222732353E1,1.259852440E1
1.175028052E1,-1.354337573E0,-1.579262912E-1,6.671189308E0,6.809106972E0
1.175265609E1,-1.770688742E-1,-1.780260086E0,1.370130253E1,1.381761088E1
1.175503172E1,2.440679073E-1,-7.657032609E-1,6.283552170E0,6.334737445E0
1.175740734E1,-1.004985452E0,-1.411765337E0,1.298824120E1,1.310333875E1
1.175978292E1,1.756331801E0,-1.244267821E0,7.752745152E0,8.045990380E0
1.176215854E1,-2.225325108E0,-6.412764788E-1,1.075813103E1,1.100457589E1
1.176453417E1,2.335394859E0,-1.847259045E0,9.633503914E0,1.008319556E1
1.176690974E1,-1.962114573E0,-2.632105052E-1,8.657232285E0,8.880700659E0
1.176928536E1,1.966900229E0,-2.273181438E0,1.234217930E1,1.270296974E1
1.177166094E1,-1.143769264E0,-1.866401732E-1,6.685546398E0,6.785246740E0
1.177403656E1,-4.307080805E-2,-1.875972986E0,1.358166122E1,1.371067655E1
1.177641219E1,7.609176040E-1,-9.188438654E-1,6.532405853E0,6.640451482E0
1.177878776E1,-8.997012973E-1,-1.363908887E0,1.278724384E1,1.289121076E1
1.178116339E1,2.029113531E0,-1.339980721E0,7.757531166E0,8.129707242E0
1.178353901E1,-1.899901152E0,-6.652047038E-1,1.058106136E1,1.077083939E1
1.178591458E1,2.718246460E0,-2.014756680E0,1.002114105E1,1.057692660E1
1.178829021E1,-1.689332843E0,-1.627119333E-1,8.595019341E0,8.760974723E0
1.179066583E1,1.861616015E0,-2.335394859E0,1.254796219E1,1.289848977E1
1.179304141E1,-8.853443861E-1,-2.344966233E-1,6.608976364E0,6.672135485E0
1.179541703E1,1.339980662E-1,-1.919043779E0,1.366301727E1,1.379777973E1
1.179779261E1,1.052842021E0,-9.667003751E-1,6.685546398E0,6.836630499E0
1.180016823E1,-1.076770186E0,-1.316052437E0,1.248574829E1,1.260100545E1
1.180254386E1,2.143969059E0,-1.296909928E0,7.915457249E0,8.302592495E0
1.180491943E1,-1.832902193E0,-6.508477330E-1,1.055713367E1,1.073481274E1
1.180729505E1,2.818745136E0,-2.053041935E0,1.030827999E1,1.088213865E1
1.180967068E1,-1.899901152E0,-1.579262912E-1,8.403593063E0,8.617130698E0
1.181204625E1,1.598405480E0,-2.163111687E0,1.285424328E1,1.313261294E1
1.181442188E1,-7.609176040E-1,-4.929214716E-1,6.537191391E0,6.599760485E0
1.181679750E1,1.100698411E-1,-1.746760488E0,1.377787304E1,1.388859507E1
1.181917307E1,9.667003751E-1,-1.033699393E0,6.513263226E0,6.665256326E0
1.182154870E1,-1.454836130E0,-1.201196909E0,1.238525009E1,1.252812205E1
1.182392427E1,2.120040894E0,-1.392622828E0,8.025527000E0,8.416831670E0
1.182629990E1,-2.019542217E0,-6.460621357E-1,1.058584690E1,1.079611512E1
1.182867552E1,2.522035122E0,-2.014756680E0,1.061456108E1,1.109453976E1
1.183105109E1,-2.383251429E0,-1.339980662E-1,8.078168869E0,8.423458620E0
1.183342672E1,1.138983607E0,-2.134397745E0,1.313181114E1,1.335280500E1
1.183580234E1,-6.987041831E-1,-6.077769399E-1,6.518048763E0,6.583505147E0
1.183817792E1,-1.818545163E-1,-1.617548108E0,1.369173145E1,1.378814865E1
1.184055354E1,5.647061467E-1,-1.129412293E0,6.326622963E0,6.451404752E0
1.184292917E1,-1.799402595E0,-1.048056364E0,1.231346512E1,1.248830233E1
1.184530474E1,2.110469580E0,-1.483550072E0,8.231309891E0,8.626092115E0
1.184768036E1,-2.273181438E0,-4.689932466E-1,1.060020447E1,1.085134293E1
1.185005594E1,2.120040894E0,-2.024327993E0,1.061934662E1,1.101648764E1
1.185243156E1,-2.502892494E0,-2.392822690E-2,7.939385414E0,8.324595134E0
1.185480719E1,9.188438654E-1,-2.091326952E0,1.325623703E1,1.345160744E1
1.185718276E1,-5.982056856E-1,-6.077769399E-1,6.407979012E0,6.464475065E0
1.185955839E1,-4.737788737E-1,-1.531406522E0,1.343809223E1,1.353336600E1
1.186193401E1,6.699903607E-1,-1.028913736E0,6.297909260E0,6.416479689E0
1.186430958E1,-1.909472466E0,-1.024128079E0,1.214596748E1,1.233772465E1
1.186668521E1,2.316252232E0,-1.469193101E0,8.504091263E0,8.935497802E0
1.186906078E1,-2.359323025E0,-3.684946895E-1,1.024128056E1,1.051598882E1
1.187143641E1,2.110469580E0,-1.986042738E0,1.084905815E1,1.122944836E1
1.187381203E1,-2.249253273E0,-8.614161611E-2,7.709674358E0,8.031540287E0
1.187618760E1,1.182054400E0,-2.177468538E0,1.347159195E1,1.369753304E1
1.187856323E1,-3.110669553E-1,-6.125625968E-1,6.216553211E0,6.254400804E0
1.188093886E1,-4.785645306E-1,-1.517049551E0,1.331366539E1,1.340836118E1
1.188331443E1,1.186840057E0,-1.119840980E0,6.436692715E0,6.640304680E0
1.188569005E1,-1.593619823E0,-1.119840980E0,1.218425274E1,1.233894982E1
1.188806568E1,2.732603550E0,-1.502692580E0,8.886942863E0,9.418224918E0
1.189044125E1,-2.402393818E0,-3.828516304E-1,9.901499748E0,1.019596826E1
1.189281688E1,2.143969059E0,-1.981257200E0,1.127976608E1,1.165139933E1
1.189519245E1,-1.722832322E0,-3.206382394E-1,7.618747234E0,7.817689525E0
1.189756807E1,1.378265858E0,-2.120040894E0,1.358644676E1,1.381975853E1
1.189994370E1,-2.823530734E-1,-7.130611539E-1,5.953342915E0,6.002538740E0
1.190231927E1,-5.264210105E-1,-1.406979680E0,1.332802200E1,1.341241520E1
1.190469490E1,1.584048629E0,-1.249053478E0,6.532405853E0,6.836788053E0
1.190707052E1,-1.469193101E0,-1.115055323E0,1.237567902E1,1.251236620E1
1.190944609E1,2.732603550E0,-1.550549030E0,8.882157326E0,9.421467148E0
1.191182172E1,-2.507678032E0,-2.823530734E-1,9.662218094E0,9.986322189E0
1.191419734E1,2.163111687E0,-2.067398787E0,1.160997581E1,1.198935896E1
1.191657292E1,-1.430907965E0,-4.354937077E-1,7.389036179E0,7.538899656E0
1.191894854E1,1.100698471E0,-1.923829436E0,1.356251907E1,1.374243721E1
1.192132412E1,-2.775674164E-1,-7.274180651E-1,5.709274769E0,5.762117588E0
1.192369974E1,-7.561319470E-1,-1.349551916E0,1.326102352E1,1.335094644E1
1.192607536E1,1.698904037E0,-1.277767301E0,6.675975323E0,7.006255113E0
1.192845094E1,-1.737189293E0,-8.470591903E-1,1.241396427E1,1.256351244E1
1.193082656E1,2.392822742E0,-1.507478237E0,8.910871506E0,9.348888827E0
1.193320219E1,-2.723032236E0,-1.244267747E-1,9.561718941E0,9.942678496E0
1.193557776E1,2.091326952E0,-2.067398787E0,1.180618668E1,1.216691539E1
1.193795339E1,-1.459621787E0,-3.206382394E-1,7.183253765E0,7.337059308E0
1.194032901E1,7.274180651E-1,-1.789831281E0,1.343330669E1,1.357152761E1
1.194270458E1,-2.632105052E-1,-6.460621357E-1,5.651846886E0,5.694738736E0
1.194508021E1,-9.140582681E-1,-1.325623751E0,1.326102352E1,1.335842527E1
1.194745578E1,1.933400750E0,-1.134197950E0,7.006184578E0,7.356022416E0
1.194983141E1,-2.143969059E0,-7.800601721E-1,1.193539906E1,1.215149570E1
1.195220703E1,2.321038008E0,-1.426122308E0,9.408578873E0,9.795019075E0
1.195458260E1,-2.574677229E0,-2.775674164E-1,9.068798065E0,9.431283309E0
1.195695823E1,2.100898266E0,-2.014756680E0,1.223689461E1,1.257833883E1
1.195933386E1,-1.402194023E0,-3.110669553E-1,6.781259537E0,6.931694716E0
1.196170943E1,4.977070987E-1,-1.751546144E0,1.343330669E1,1.355615561E1
1.196408505E1,4.307080805E-2,-6.795616150E-1,5.556134224E0,5.597703690E0
1.196646063E1,-9.236295223E-1,-1.411765337E0,1.343330669E1,1.353882940E1
1.196883625E1,2.072184324E0,-1.148554921E0,7.231110096E0,7.609341594E0
1.197121188E1,-2.416750908E0,-6.939185858E-1,1.167218876E1,1.193994131E1
1.197358745E1,2.297109842E0,-1.564906001E0,9.695717812E0,1.008625740E1
1.197596307E1,-2.263610125E0,-4.211367965E-1,8.891729355E0,9.184995260E0
1.197833870E1,2.076970100E0,-2.048256159E0,1.234217930E1,1.268221384E1
1.198071427E1,-1.469193101E0,-3.732803464E-1,6.484549522E0,6.659373026E0
1.198308990E1,4.354937077E-1,-1.737189293E0,1.347637749E1,1.359486048E1
1.198546552E1,4.833501875E-1,-8.949156404E-1,5.828916073E0,5.916989436E0
1.198784109E1,-9.475577474E-1,-1.387837172E0,1.354816151E1,1.365198293E1
1.199021672E1,1.986042738E0,-1.249053478E0,7.345965385E0,7.711530833E0
1.199259229E1,-2.478964329E0,-6.412764788E-1,1.146162033E1,1.174415771E1
1.199496792E1,2.397608280E0,-1.746760488E0,1.004028416E1,1.046933635E1
1.199734354E1,-2.100898266E0,-4.929214716E-1,8.595019341E0,8.861777619E0
1.199971912E1,1.842473388E0,-2.096112728E0,1.231825066E1,1.263042739E1
1.200209474E1,-1.454836130E0,-2.919243574E-1,6.230910301E0,6.405155047E0
1.200447037E1,2.057827413E-1,-1.813759565E0,1.355773354E1,1.368006612E1
1.200684594E1,7.226324677E-1,-9.236295223E-1,5.814558983E0,5.931642719E0
1.200922156E1,-1.368694544E0,-1.316052437E0,1.340459251E1,1.353840534E1
1.201159719E1,1.923829436E0,-1.172483087E0,7.642675400E0,7.967830543E0
1.201397276E1,-2.522035122E0,-7.417750359E-1,1.102612686E1,1.133518262E1
1.201634839E1,2.397608280E0,-1.732403636E0,1.044227791E1,1.085315234E1
1.201872396E1,-2.043470621E0,-3.637090325E-1,8.322237015E0,8.577160682E0
1.202109958E1,1.684547186E0,-2.129612207E0,1.237567902E1,1.267005835E1
1.202347521E1,-1.124626637E0,-3.684946895E-1,6.159125328E0,6.271793859E0
1.202585078E1,2.201396823E-1,-1.875972986E0,1.363430309E1,1.376451804E1
1.202822641E1,1.043270707E0,-7.944171429E-1,6.125626087E0,6.264407979E0
1.203060203E1,-1.612762451E0,-1.253839016E0,1.303131199E1,1.319045894E1
1.203297761E1,2.072184324E0,-1.086341500E0,7.992027760E0,8.327460203E0
1.203535323E1,-2.086541414E0,-7.609176040E-1,1.076291656E1,1.098967805E1
1.203772880E1,2.627319336E0,-1.694118381E0,1.061934662E1,1.106993074E1
1.204010443E1,-2.096112728E0,-3.158525825E-1,7.752745152E0,8.037319753E0
1.204248005E1,1.722832322E0,-1.995614052E0,1.263410378E1,1.290624674E1
1.204485563E1,-5.168496966E-1,-3.780659735E-1,6.010770321E0,6.044785136E0
1.204723125E1,2.488535494E-1,-1.703689694E0,1.393579865E1,1.404175810E1
1.204960688E1,1.210768223E0,-8.135597110E-1,6.034698486E0,6.208496188E0
1.205198245E1,-1.641476393E0,-1.071984529E0,1.289252853E1,1.304073953E1
1.205435807E1,2.268395901E0,-1.210768223E0,8.398807526E0,8.783595363E0
1.205673365E1,-1.794616938E0,-7.704889178E-1,1.051406288E1,1.069391516E1
1.205910927E1,2.617748022E0,-1.780260086E0,1.073420238E1,1.119129267E1
1.206148490E1,-2.029113531E0,-2.297109663E-1,7.623532772E0,7.892295026E0
1.206386052E1,1.646261930E0,-2.086541414E0,1.278724384E1,1.306052979E1
1.206623609E1,-1.914258152E-1,-5.120640397E-1,6.053841114E0,6.078473958E0
1.206861172E1,-8.614161611E-2,-1.622333765E0,1.388315678E1,1.397789073E1
1.207098729E1,1.124626637E0,-8.997012973E-1,6.340980053E0,6.502482259E0
1.207336292E1,-1.799402595E0,-1.119840980E0,1.261496067E1,1.279176009E1
1.207573854E1,2.321038008E0,-1.344766378E0,8.829515457E0,9.227998551E0
1.207811412E1,-1.952543259E0,-6.604190469E-1,1.012642574E1,1.033407358E1
1.208048974E1,2.210968018E0,-1.919043779E0,1.073898792E1,1.113090159E1
1.208286531E1,-2.105684042E0,-1.914258152E-1,7.432106972E0,7.727015152E0
1.208524094E1,1.354337573E0,-2.182254314E0,1.307916832E1,1.332895750E1
1.208761656E1,-1.339980662E-1,-4.546363056E-1,6.101697922E0,6.120079017E0
1.208999214E1,-7.992027402E-1,-1.627119422E0,1.365344620E1,1.377326525E1
1.209236776E1,1.105484009E0,-7.896314859E-1,6.809973240E0,6.944159294E0
1.209474339E1,-1.995614052E0,-1.177268744E0,1.212682533E1,1.234618685E1
1.209711896E1,2.249253273E0,-1.325623751E0,9.327222824E0,9.685737154E0
1.209949458E1,-2.321038008E0,-5.407779217E-1,9.437292099E0,9.733557436E0
1.210187021E1,2.019542217E0,-1.904686809E0,1.110748291E1,1.144912919E1
1.210424578E1,-1.928615093E0,-1.674975902E-1,7.168896675E0,7.425677825E0
1.210662141E1,1.014556766E0,-2.182254314E0,1.332323647E1,1.353884003E1
1.210899698E1,-7.657032460E-2,-3.732803464E-1,6.106483459E0,6.118361012E0
1.211137261E1,-1.153340459E0,-1.445264935E0,1.348594856E1,1.361211936E1
1.211374823E1,1.229910851E0,-9.379864931E-1,7.077969551E0,7.245008787E0
1.211612380E1,-1.780260086E0,-1.129412293E0,1.188275719E1,1.206833942E1
1.211849943E1,2.354537487E0,-1.392622828E0,9.413364410E0,9.802789126E0
1.212087505E1,-2.416750908E0,-3.684946895E-1,9.025727272E0,9.350947870E0
1.212325063E1,2.139183521E0,-2.057827473E0,1.136590767E1,1.174711101E1
1.212562625E1,-1.306481123E0,-2.775674164E-1,7.010970116E0,7.137060919E0
1.212800182E1,9.954141974E-1,-1.990828395E0,1.369651699E1,1.387619634E1
1.213037745E1,1.579262912E-1,-5.216353536E-1,5.910272121E0,5.935348406E0
1.213275307E1,-1.095912814E0,-1.387837172E0,1.341894913E1,1.353496629E1
1.213512865E1,1.775474429E0,-1.052842021E0,7.489534855E0,7.768778418E0
1.213750427E1,-1.464407444E0,-1.028913736E0,1.163868904E1,1.177549299E1
1.213987990E1,2.531606436E0,-1.579262972E0,9.480362892E0,9.938832087E0
1.214225547E1,-2.215753794E0,-2.297109663E-1,8.796015739E0,9.073710646E0
1.214463109E1,2.325823545E0,-2.244467735E0,1.173440266E1,1.217141308E1
1.214700672E1,-7.896314859E-1,-2.440679073E-1,6.934400082E0,6.983479900E0
1.214938229E1,6.652047038E-1,-1.971685886E0,1.366301727E1,1.382056741E1
1.215175792E1,4.498506486E-1,-5.886343718E-1,6.092126369E0,6.137007392E0
1.215413349E1,-1.148554921E0,-1.416550994E0,1.304088306E1,1.316777985E1
1.215650912E1,2.110469580E0,-1.167697430E0,7.982456207E0,8.338897183E0
1.215888474E1,-1.617548108E0,-8.997012973E-1,1.110748291E1,1.126064389E1
1.216126031E1,2.426322222E0,-1.670190215E0,9.628718376E0,1.006920019E1
1.216363589E1,-2.124826431E0,-2.201396823E-1,8.484949112E0,8.749726297E0
1.216601156E1,2.210968018E0,-2.330609322E0,1.213639641E1,1.255437124E1
1.216838714E1,-7.274180651E-1,-1.579262912E-1,6.867401123E0,6.907624479E0
1.217076276E1,1.052841991E-1,-1.914258122E0,1.360558987E1,1.373999798E1
1.217313833E1,4.977070987E-1,-7.034898400E-1,6.364908218E0,6.422979600E0
1.217551396E1,-1.186840057E0,-1.512263894E0,1.290688515E1,1.304926111E1
1.217788958E1,2.062613010E0,-1.225125194E0,8.288737297E0,8.628932156E0
1.218026516E1,-2.201396942E0,-7.322037220E-1,1.059063339E1,1.084176122E1
1.218264078E1,2.163111687E0,-1.789831281E0,9.887143135E0,1.027804201E1
1.218501641E1,-2.115255117E0,-2.297109663E-1,8.346165657E0,8.613103536E0
1.218739198E1,1.804188251E0,-2.330609322E0,1.261974621E1,1.295935297E1
1.218976760E1,-1.062413216E0,-2.679961324E-1,6.484549522E0,6.576467614E0
1.219214323E1,-5.694918036E-1,-1.703689694E0,1.371565914E1,1.383279383E1
1.219451880E1,4.642075896E-1,-9.188438654E-1,6.551548481E0,6.631934125E0
1.219689443E1,-1.378265858E0,-1.392622828E0,1.276331615E1,1.291283293E1
1.219927005E1,1.899901152E0,-1.339980721E0,8.403593063E0,8.719263105E0
1.220164563E1,-2.522035122E0,-5.934200287E-1,1.015035343E1,1.047580466E1
1.220402125E1,2.110469580E0,-1.986042738E0,1.034656525E1,1.074475965E1
1.220639682E1,-2.014756680E0,-2.967100143E-1,8.039883614E0,8.293793452E0
1.220877245E1,1.368694544E0,-2.277967215E0,1.305045509E1,1.331828959E1
1.221114807E1,-9.714859724E-1,-3.014956415E-1,6.393621922E0,6.474031657E0
1.221352365E1,-8.183453679E-1,-1.708475351E0,1.359123230E1,1.372261537E1
1.221589927E1,8.566305041E-1,-9.762716293E-1,6.920042992E0,7.040874741E0
1.221827490E1,-1.440479279E0,-1.229910851E0,1.248574829E1,1.262860133E1
1.222065047E1,1.895115495E0,-1.445264935E0,8.374878883E0,8.707402011E0
1.222302609E1,-2.364108801E0,-4.642075896E-1,1.006421185E1,1.034856798E1
1.222540167E1,2.354537487E0,-2.167897224E0,1.059063339E1,1.106368568E1
1.222777729E1,-1.746760488E0,-1.483550072E-1,8.097311974E0,8.284904502E0
1.223015292E1,1.205982566E0,-2.258824587E0,1.305045509E1,1.329928797E1
1.223252849E1,-5.599204898E-1,-3.349951804E-1,6.441478729E0,6.474440589E0
1.223490412E1,-5.886343718E-1,-1.694118381E0,1.349551964E1,1.361416827E1
1.223727974E1,1.411765337E0,-1.062413216E0,7.144968510E0,7.360188735E0
1.223965531E1,-1.531406522E0,-1.167697430E0,1.195454216E1,1.210866638E1
1.224203094E1,2.225325108E0,-1.440479279E0,8.700303078E0,9.095181473E0
1.224440651E1,-2.100898266E0,-4.067798555E-1,9.671789169E0,9.905692763E0
1.224678214E1,2.598605394E0,-2.287538528E0,1.115055370E1,1.167563405E1
1.224915776E1,-1.526620865E0,-1.244267747E-1,7.652246952E0,7.804033361E0
1.225153333E1,9.236295223E-1,-2.148754835E0,1.338066387E1,1.358353431E1
1.225390896E1,-9.571290761E-2,-5.838487148E-1,6.403193474E0,6.430468641E0
1.225628458E1,-4.019941986E-1,-1.703689694E0,1.344287777E1,1.355636827E1
1.225866016E1,1.627119422E0,-1.205982566E0,7.269395351E0,7.546258698E0
1.226103578E1,-1.660618901E0,-1.019342422E0,1.164826107E1,1.181011008E1
1.226341141E1,2.507678032E0,-1.651047587E0,8.910871506E0,9.403086634E0
1.226578698E1,-1.875972986E0,-4.833501875E-1,9.542576790E0,9.737231323E0
1.226816260E1,2.550748825E0,-2.254039049E0,1.160519028E1,1.209410819E1
1.227053818E1,-1.607976794E0,-1.292124242E-1,7.264609337E0,7.441561264E0
1.227291380E1,6.460621357E-1,-1.995614052E0,1.353380489E1,1.369539144E1
1.227528943E1,1.531406492E-1,-7.609176040E-1,6.326622963E0,6.374057246E0
1.227766500E1,-6.029912829E-1,-1.454836130E0,1.327059460E1,1.336371309E1
1.228004063E1,1.584048629E0,-1.229910851E0,7.264609337E0,7.536341259E0
1.228241636E1,-1.952543259E0,-7.561319470E-1,1.126540947E1,1.145834243E1
1.228479182E1,2.445464849E0,-1.694118381E0,9.303294182E0,9.767375187E0
1.228716745E1,-2.000399828E0,-3.062812984E-1,9.260223389E0,9.478773387E0
1.228954302E1,2.072184324E0,-2.182254314E0,1.184925747E1,1.222542778E1
1.229191865E1,-1.612762451E0,-4.307080805E-2,7.054041386E0,7.236183918E0
1.229429427E1,1.387837082E-1,-1.861616015E0,1.353380489E1,1.366194532E1
1.229666984E1,3.158525825E-1,-7.465606928E-1,6.422336102E0,6.473292572E0
1.229904547E1,-9.619147182E-1,-1.316052437E0,1.291167068E1,1.301416589E1
1.230142109E1,1.622333765E0,-1.158126116E0,7.412964344E0,7.676279262E0
1.230379667E1,-2.134397745E0,-6.125625968E-1,1.099262714E1,1.121466621E1
1.230617229E1,2.431107759E0,-1.785045743E0,9.609575272E0,1.007177294E1
1.230854792E1,-2.177468538E0,-2.871387079E-2,8.930013657E0,9.191699387E0
1.231092349E1,1.631905079E0,-2.206182480E0,1.214596748E1,1.245210349E1
1.231329912E1,-1.397408366E0,-8.614161611E-2,6.800402164E0,6.943028166E0
1.231567469E1,1.435693540E-2,-1.794616938E0,1.352423382E1,1.364279137E1
1.231805031E1,5.647061467E-1,-7.752745152E-1,6.503692150E0,6.574036446E0
1.232042594E1,-1.354337573E0,-1.186840057E0,1.246182060E1,1.259125857E1
1.232280151E1,1.813759565E0,-1.201196909E0,7.623532772E0,7.927852780E0
1.232517714E1,-2.096112728E0,-5.694918036E-1,1.081077290E1,1.102682276E1
1.232755266E1,2.636890650E0,-1.914258122E0,1.010249710E1,1.061499054E1
1.232992833E1,-2.277967215E0,-3.349951655E-2,8.312665939E0,8.619203668E0
1.233230396E1,1.411765337E0,-2.029113531E0,1.270110226E1,1.293941195E1
1.233467953E1,-8.231309652E-1,-4.115654826E-1,6.551548481E0,6.615868668E0
1.233705516E1,1.435693651E-1,-1.727617979E0,1.364866066E1,1.375831435E1
1.233943078E1,8.135597110E-1,-9.619147182E-1,6.393621922E0,6.516560489E0
1.234180636E1,-1.502692580E0,-1.110269666E0,1.228475189E1,1.242601757E1
1.234418198E1,2.321038008E0,-1.440479279E0,8.054241180E0,8.504880891E0
1.234655761E1,-1.890329838E0,-5.982056856E-1,1.055713367E1,1.074170696E1
1.234893318E1,2.622533560E0,-2.029113531E0,1.053320503E1,1.104279821E1
1.235130880E1,-2.215753794E0,-1.148554832E-1,7.968099594E0,8.271237380E0
1.235368443E1,1.287338614E0,-2.177468538E0,1.307438278E1,1.331683502E1
1.235606000E1,-3.110669553E-1,-6.412764788E-1,6.494120598E0,6.533115682E0
1.235843563E1,-7.657032460E-2,-1.627119422E0,1.356251907E1,1.365998917E1
1.236081120E1,1.033699393E0,-1.191625714E0,6.412764549E0,6.603942417E0
1.236318682E1,-1.593619823E0,-1.091127157E0,1.209811115E1,1.225130508E1
1.236556245E1,2.517249346E0,-1.612762451E0,8.504091263E0,9.014272860E0
1.236793802E1,-1.933400750E0,-4.354937077E-1,1.036570740E1,1.055346308E1
1.237031365E1,2.306680918E0,-2.201396942E0,1.086820030E1,1.132628373E1
1.237268922E1,-2.048256159E0,-9.571290761E-2,7.862815380E0,8.125784882E0
1.237506484E1,1.095912814E0,-2.282752752E0,1.333759308E1,1.357583788E1
1.237744047E1,-4.785645381E-2,-6.939185858E-1,6.503692150E0,6.540781668E0
1.237981604E1,-5.407779217E-1,-1.526620865E0,1.321795273E1,1.331680466E1
1.238219167E1,1.220339537E0,-1.172483087E0,6.728617191E0,6.938172272E0
1.238456729E1,-1.703689694E0,-1.038485050E0,1.198804188E1,1.215294852E1
1.238694286E1,2.541177750E0,-1.651047587E0,8.906085968E0,9.407545363E0
1.238931844E1,-2.440679073E0,-3.110669553E-1,9.820143700E0,1.012368012E1
1.239169412E1,2.038684845E0,-2.048256159E0,1.148554897E1,1.184353935E1
1.239406969E1,-1.871187329E0,-2.775674164E-1,7.345965385E0,7.585617518E0
1.239644531E1,7.704889178E-1,-1.962114573E0,1.367258835E1,1.383413239E1
1.239882094E1,-9.571290761E-2,-7.513462901E-1,6.144768715E0,6.191273275E0
1.240119651E1,-1.014556766E0,-1.335195065E0,1.302652645E1,1.313401929E1
1.240357214E1,1.411765337E0,-1.205982566E0,6.958328247E0,7.201791951E0
1.240594771E1,-1.895115495E0,-8.901300430E-1,1.175833035E1,1.194328794E1
1.240832333E1,2.531606436E0,-1.531406522E0,9.408578873E0,9.862839017E0
1.241069896E1,-2.699103832E0,-8.614161611E-2,9.226723671E0,9.613792778E0
1.241307453E1,1.737189293E0,-2.014756680E0,1.190190029E1,1.219558534E1
1.241545016E1,-1.545763373E0,-2.488535494E-1,7.049255371E0,7.221032737E0
1.241782578E1,6.221339107E-1,-1.775474429E0,1.372044468E1,1.384882530E1
1.242020136E1,-6.221338734E-2,-7.274180651E-1,5.838487148E0,5.883956129E0
1.242257698E1,-1.229910851E0,-1.110269666E0,1.289252853E1,1.299856421E1
1.242495255E1,1.885544300E0,-1.210768223E0,7.192824841E0,7.533788302E0
1.242732818E1,-1.847259045E0,-6.221339107E-1,1.163390350E1,1.179606406E1
1.242970380E1,2.426322222E0,-1.660618901E0,9.456435204E0,9.902972353E0
1.243207938E1,-2.603390932E0,1.100698411E-1,8.901300430E0,9.274853587E0
1.243445500E1,1.722832322E0,-2.086541414E0,1.237567902E1,1.266804000E1
1.243683063E1,-9.571290612E-1,-3.972085714E-1,6.800402164E0,6.878905457E0
1.243920620E1,3.445664644E-1,-1.641476393E0,1.355294704E1,1.365633715E1
1.244158182E1,3.349951804E-1,-8.374879360E-1,5.747560024E0,5.817908047E0
1.244395740E1,-1.263410330E0,-1.177268744E0,1.282552910E1,1.294126594E1
1.244633302E1,2.325823545E0,-1.301695466E0,7.518248558E0,7.976711580E0
1.244870865E1,-1.990828395E0,-5.120640397E-1,1.130369377E1,1.148908613E1
1.245108422E1,2.483749866E0,-1.799402595E0,9.906285286E0,1.037021462E1
1.245345984E1,-2.392822742E0,-3.828516230E-2,8.389236450E0,8.723895612E0
1.245583547E1,1.770688772E0,-2.210968018E0,1.282074356E1,1.312993464E1
1.245821104E1,-5.982056856E-1,-3.972085714E-1,6.388836384E0,6.429063309E0
1.246058667E1,4.307080805E-2,-1.617548108E0,1.340459251E1,1.350190422E1
1.246296224E1,9.092726111E-1,-9.475577474E-1,5.996413708E0,6.138535633E0
1.246533786E1,-1.277767301E0,-1.239482164E0,1.252881908E1,1.265465578E1
1.246771349E1,2.651247501E0,-1.349551916E0,8.226524353E0,8.747920131E0
1.247008901E1,-2.301895380E0,-4.354937077E-1,1.052363396E1,1.078124523E1
1.247246469E1,2.349751949E0,-1.914258122E0,1.059541893E1,1.102037298E1
1.247484031E1,-1.952543259E0,-2.919243574E-1,7.972885132E0,8.213680194E0
1.247721589E1,1.593619823E0,-2.139183521E0,1.323230934E1,1.349850884E1
1.247959151E1,-4.881358147E-1,-6.029912829E-1,5.982056618E0,6.032153549E0
1.248196708E1,-3.493520916E-1,-1.402194023E0,1.332323647E1,1.340137399E1
1.248434271E1,1.268195987E0,-1.115055323E0,6.187839508E0,6.414127159E0
1.248671833E1,-1.426122308E0,-1.105484009E0,1.269631672E1,1.282389870E1
1.248909391E1,2.589034081E0,-1.435693622E0,8.422736168E0,8.927866386E0
1.249146953E1,-2.589034081E0,-1.914258152E-1,1.010728264E1,1.043536792E1
1.249384516E1,2.201396942E0,-1.962114573E0,1.119841003E1,1.158017398E1
1.249622073E1,-1.631905079E0,-3.302095234E-1,7.594819069E0,7.775180333E0
1.249859636E1,1.234696507E0,-1.923829436E0,1.338544941E1,1.357924339E1
1.250097193E1,-4.019941986E-1,-6.412764788E-1,5.776273727E0,5.825647864E0
1.250334755E1,-6.604190469E-1,-1.359123230E0,1.320359516E1,1.328978158E1
1.250572318E1,1.708475351E0,-1.129412293E0,6.666403770E0,6.973908473E0
1.250809875E1,-1.741974831E0,-8.470591903E-1,1.242832088E1,1.257836021E1
1.251047438E1,2.440679073E0,-1.512263894E0,8.829515457E0,9.284621674E0
1.251285000E1,-2.699103832E0,-8.135596663E-2,9.566504478E0,9.940311274E0
1.251522557E1,2.086541414E0,-2.096112728E0,1.176790142E1,1.213387191E1
1.251760115E1,-1.387837172E0,-2.823530734E-1,7.159325123E0,7.298064914E0
1.251997677E1,6.508477330E-1,-1.837687731E0,1.338544941E1,1.352667568E1
1.252235240E1,-9.571290761E-2,-5.982056856E-1,5.704489231E0,5.736567649E0
1.252472802E1,-9.810572863E-1,-1.339980721E0,1.317009544E1,1.327439022E1
1.252710365E1,2.105684042E0,-1.158126116E0,7.235895634E0,7.624522740E0
1.252947922E1,-2.177468538E0,-7.034898400E-1,1.171525955E1,1.193664834E1
1.253185484E1,2.373680115E0,-1.454836130E0,9.542576790E0,9.940406292E0
1.253423042E1,-2.478964329E0,-2.153540403E-1,8.939585686E0,9.279430680E0
1.253660604E1,2.086541414E0,-2.057827473E0,1.245703506E1,1.279711028E1
1.253898167E1,-1.115055323E0,-4.115654826E-1,6.623332977E0,6.729136219E0
1.254135724E1,2.632105052E-1,-1.607976794E0,1.339980698E1,1.349850718E1
1.254373286E1,4.498506486E-1,-8.374879360E-1,5.781059742E0,5.858703217E0
1.254610849E1,-1.033699393E0,-1.335195065E0,1.322752380E1,1.333486656E1
1.254848406E1,2.344966173E0,-1.182054400E0,7.609176159E0,8.049576435E0
1.255085969E1,-2.421536446E0,-5.934200287E-1,1.127019501E1,1.154267220E1
1.255323526E1,2.455035925E0,-1.708475351E0,1.011685371E1,1.054973073E1
1.255561089E1,-2.105684042E0,-3.493520916E-1,8.523234367E0,8.786437062E0
1.255798651E1,1.928615093E0,-2.105684042E0,1.283988667E1,1.315356039E1
1.256036208E1,-9.523434043E-1,-4.785645306E-1,6.221338749E0,6.311975744E0
1.256273771E1,-2.392822690E-2,-1.651047587E0,1.346680546E1,1.356765934E1
1.256511333E1,1.076770186E0,-1.067198873E0,6.034698486E0,6.222212893E0
1.256748891E1,-1.201196909E0,-1.301695466E0,1.318923855E1,1.330764061E1
1.256986453E1,2.416750908E0,-1.392622828E0,8.059026718E0,8.528070997E0
1.257224010E1,-2.536391973E0,-4.307080805E-1,1.077727318E1,1.108009074E1
1.257461573E1,2.459821701E0,-2.005185366E0,1.083948612E1,1.129450975E1
1.257699136E1,-1.741974831E0,-5.024927258E-1,8.006384850E0,8.209090912E0
1.257936693E1,1.517049551E0,-2.105684042E0,1.297867012E1,1.323560436E1
1.258174255E1,-6.317051649E-1,-5.934200287E-1,6.025127411E0,6.087147038E0
1.258411818E1,-3.206382394E-1,-1.655833244E0,1.344287777E1,1.354826761E1
1.258649375E1,1.560120344E0,-1.182054400E0,6.455835342E0,6.746038694E0
1.258886938E1,-1.708475351E0,-1.153340459E0,1.275374508E1,1.291925291E1
1.259124495E1,2.411965132E0,-1.450050473E0,8.628518105E0,9.075877195E0
1.259362057E1,-2.565105915E0,-4.929214716E-1,9.997213364E0,1.033281254E1
1.259599620E1,2.316252232E0,-2.105684042E0,1.145683479E1,1.187678379E1
1.259837177E1,-1.607976794E0,-3.828516304E-1,7.542177200E0,7.721178774E0
1.260074740E1,9.714859724E-1,-2.019542217E0,1.313659668E1,1.332638391E1
1.260312302E1,-3.780659735E-1,-6.747759581E-1,5.828916073E0,5.880010124E0
1.260549859E1,-7.082754970E-1,-1.612762451E0,1.353380489E1,1.364794973E1
1.260787422E1,1.751546144E0,-1.091127157E0,6.929614544E0,7.230354770E0
1.261024984E1,-2.349751949E0,-9.523434043E-1,1.216032505E1,1.242182746E1
1.261262542E1,2.215753794E0,-1.416550994E0,9.308079720E0,9.672462440E0
1.261500104E1,-2.531606436E0,-4.833501875E-1,9.403793335E0,9.750589092E0
1.261737662E1,2.100898266E0,-2.081755638E0,1.205982590E1,1.241720100E1
1.261975224E1,-1.741974831E0,-3.732803464E-1,6.790830612E0,7.020626392E0
1.262212787E1,3.972085714E-1,-1.785045743E0,1.336152172E1,1.348608267E1
1.262450344E1,9.092725813E-2,-7.848458290E-1,5.761917114E0,5.815835243E0
1.262687906E1,-1.067198873E0,-1.421336651E0,1.350987625E1,1.362629325E1
1.262925464E1,1.871187329E0,-1.177268744E0,7.278966427E0,7.607276514E0
1.263163026E1,-2.584248543E0,-6.747759581E-1,1.163390350E1,1.193655620E1
1.263400589E1,2.258824587E0,-1.641476393E0,9.896714211E0,1.028307762E1
1.263638146E1,-2.234896421E0,-4.929214716E-1,8.863015175E0,9.153729927E0
1.263875708E1,1.938186288E0,-2.086541414E0,1.229432297E1,1.261984938E1
1.264113271E1,-1.363908887E0,-4.115654826E-1,6.388836384E0,6.545751595E0
1.264350828E1,2.153540403E-1,-1.698904037E0,1.343330669E1,1.354202278E1
1.264588391E1,8.279166222E-1,-9.906286001E-1,5.886343479E0,6.026261736E0
1.264825948E1,-1.268195987E0,-1.292124271E0,1.343809223E1,1.355950696E1
1.265063511E1,2.196611166E0,-1.258624673E0,7.657032490E0,8.064699823E0
1.265301073E1,-2.507678032E0,-6.125625968E-1,1.098305607E1,1.128234030E1
1.265538630E1,2.574677229E0,-1.852044702E0,1.054756260E1,1.101408685E1
1.265776193E1,-1.842473388E0,-3.876372576E-1,8.226524353E0,8.439234193E0
1.266013755E1,1.665404558E0,-2.072184324E0,1.260060406E1,1.287799452E1
1.266251313E1,-7.226324677E-1,-4.594219327E-1,6.049055576E0,6.109364907E0
1.266488875E1,7.178468257E-2,-1.722832322E0,1.354337597E1,1.365270438E1
1.266726438E1,1.507478237E0,-9.667003751E-1,6.312266350E0,6.561379940E0
1.266963995E1,-1.670190215E0,-1.229910851E0,1.279681587E1,1.296382322E1
1.267201557E1,2.445464849E0,-1.244267821E0,8.465806961E0,8.899347630E0
1.267439115E1,-2.273181438E0,-6.317051649E-1,1.017428207E1,1.044425301E1
1.267676677E1,2.603390932E0,-2.009970903E0,1.122712421E1,1.169897198E1
1.267914240E1,-1.737189293E0,-3.732803464E-1,7.503891945E0,7.711391520E0
1.268151797E1,1.249053478E0,-1.947757602E0,1.289731407E1,1.310322878E1
1.268389359E1,-2.871387303E-1,-5.694918036E-1,5.943771362E0,5.977891566E0
1.268626922E1,-3.493520916E-1,-1.660618901E0,1.350987625E1,1.361603681E1
1.268864474E1,1.603191137E0,-9.906286001E-1,6.695117950E0,6.955298068E0
1.269102042E1,-2.115255117E0,-9.906286001E-1,1.235653591E1,1.257535801E1
1.269339599E1,2.301895380E0,-1.411765337E0,9.054440498E0,9.448528798E0
1.269577162E1,-2.244467735E0,-5.455635786E-1,9.619147301E0,9.892586609E0
1.269814724E1,2.287538528E0,-1.986042738E0,1.164347458E1,1.203111377E1
1.270052281E1,-1.794616938E0,-3.014956415E-1,6.939185619E0,7.173830681E0
1.270289844E1,7.034898400E-1,-1.866401672E0,1.324666595E1,1.339598866E1
1.270527406E1,1.052841991E-1,-6.987041831E-1,5.733202934E0,5.776581012E0
1.270764964E1,-7.800601721E-1,-1.406979680E0,1.373480225E1,1.382869764E1
1.271002526E1,1.689332843E0,-1.052842021E0,6.920042992E0,7.200646970E0
1.271240083E1,-2.421536446E0,-6.987041831E-1,1.188275719E1,1.214709614E1
1.271477646E1,2.373680115E0,-1.540977836E0,9.623932838E0,1.003140335E1
1.271715208E1,-2.177468538E0,-4.115654826E-1,9.030512810E0,9.298436266E0
1.271952766E1,1.923829436E0,-2.009970903E0,1.191625690E1,1.223675943E1
1.272190328E1,-1.574477315E0,-1.770688742E-1,6.465406895E0,6.656712290E0
1.272427891E1,3.493520916E-1,-1.789831281E0,1.345723438E1,1.358023196E1
1.272665448E1,6.987041831E-1,-7.322037220E-1,5.986842155E0,6.071786296E0
1.272903011E1,-1.344766378E0,-1.306481123E0,1.328495121E1,1.341660233E1
1.273140568E1,1.890329838E0,-1.000199914E0,7.590033531E0,7.885578975E0
1.273378130E1,-2.368894339E0,-7.082754970E-1,1.116012478E1,1.143073487E1
1.273615693E1,2.493321180E0,-1.698904037E0,1.031785107E1,1.074992912E1
1.273853250E1,-2.057827473E0,-3.397808075E-1,8.413164139E0,8.667839162E0
1.274090813E1,1.722832322E0,-2.120040894E0,1.227039433E1,1.257081149E1
1.274328375E1,-9.667003751E-1,-3.014956415E-1,6.235695839E0,6.317381723E0
1.274565932E1,2.823530734E-1,-1.856830359E0,1.360080433E1,1.372987329E1
1.274803495E1,1.172483087E0,-7.848458290E-1,6.250052929E0,6.407328708E0
1.275041052E1,-1.708475351E0,-1.234696507E0,1.294038486E1,1.311094672E1
1.275278615E1,2.196611166E0,-1.167697430E0,8.216953278E0,8.585274548E0
1.275516177E1,-2.076970100E0,-7.322037220E-1,1.058106136E1,1.080781137E1
1.275753734E1,2.617748022E0,-1.842473388E0,1.084905815E1,1.131147098E1
1.275991297E1,-2.009970903E0,-3.062812984E-1,7.657032490E0,7.922369457E0
1.276228859E1,1.497906923E0,-2.043470621E0,1.272981644E1,1.297951170E1
1.276466417E1,-3.206382394E-1,-4.977070987E-1,6.025127411E0,6.054145815E0
1.276703979E1,-9.092725813E-2,-1.708475351E0,1.387837124E1,1.398343105E1
1.276941542E1,1.397408366E0,-9.475577474E-1,6.355337143E0,6.575783301E0
1.277179099E1,-1.933400750E0,-1.038485050E0,1.261017513E1,1.279972682E1
1.277416662E1,2.397608280E0,-1.378265858E0,8.906085968E0,9.325583602E0
1.277654219E1,-2.009970903E0,-6.604190469E-1,9.963713646E0,1.018585912E1
1.277891781E1,2.416750908E0,-1.976471543E0,1.123669529E1,1.166235164E1
1.278129344E1,-1.866401672E0,-2.488535494E-1,7.159325123E0,7.402791332E0
1.278366901E1,1.100698471E0,-2.057827473E0,1.313181114E1,1.333756555E1
1.278604464E1,1.100698411E-1,-6.221339107E-1,5.986842155E0,6.020086791E0
1.278842026E1,-6.364908218E-1,-1.497906923E0,1.381137276E1,1.390693579E1
1.279079583E1,1.406979680E0,-1.009771109E0,6.742974281E0,6.961819566E0
1.279317146E1,-2.215753794E0,-9.714859724E-1,1.216032505E1,1.239866344E1
1.279554703E1,2.435893536E0,-1.536192179E0,9.437292099E0,9.866911669E0
1.279792266E1,-2.249253273E0,-4.307080805E-1,9.389435768E0,9.664685912E0
1.280029828E1,1.995614052E0,-2.053041935E0,1.158126163E1,1.192992362E1
1.280267386E1,-1.751546144E0,-2.344966233E-1,6.795616150E0,7.021630966E0
1.280504948E1,6.029912829E-1,-2.033899307E0,1.347159195E1,1.363760003E1
1.280742510E1,3.541377485E-1,-6.173482537E-1,6.068198204E0,6.109792292E0
1.280980068E1,-1.430907965E0,-1.483550072E0,1.336152172E1,1.351956660E1
1.281217630E1,1.512263894E0,-9.667003751E-1,7.503891945E0,7.715558698E0
1.281455188E1,-2.268395901E0,-9.379864931E-1,1.148554897E1,1.174492545E1
1.281692750E1,2.316252232E0,-1.574477315E0,1.000199890E1,1.038672158E1
1.281930313E1,-2.455035925E0,-3.062812984E-1,8.647661209E0,8.994612499E0
1.282167870E1,1.670190215E0,-2.072184324E0,1.194018459E1,1.223321263E1
1.282405432E1,-1.325623751E0,-2.105683982E-1,6.556334019E0,6.692318966E0
1.282642995E1,3.254238665E-1,-1.942971945E0,1.368694592E1,1.382799802E1
1.282880552E1,6.125625968E-1,-6.795616150E-1,6.053841114E0,6.122583536E0
1.283118115E1,-1.765903115E0,-1.244267821E0,1.316530991E1,1.334136429E1
1.283355672E1,1.818545222E0,-1.119840980E0,7.963313580E0,8.244726418E0
1.283593234E1,-2.067398787E0,-8.279166222E-1,1.095434189E1,1.117842520E1
1.283830797E1,2.416750908E0,-1.674975872E0,1.039920712E1,1.080693008E1
1.284068354E1,-2.321038008E0,-2.727817893E-1,8.001599312E0,8.335899405E0
1.284305917E1,1.617548108E0,-2.124826431E0,1.240917778E1,1.269326760E1
1.284543479E1,-6.173482537E-1,-4.354937077E-1,6.250052929E0,6.295548844E0
1.284781036E1,2.392822690E-2,-1.655833244E0,1.388315678E1,1.398157353E1
1.285018594E1,9.427721500E-1,-8.805587292E-1,6.154339790E0,6.288092020E0
1.285256156E1,-1.794616938E0,-1.115055323E0,1.285424328E1,1.302672517E1
1.285493719E1,2.263610125E0,-1.325623751E0,8.508877754E0,8.904055804E0
1.285731281E1,-1.890329838E0,-7.034898400E-1,1.038485050E1,1.057891132E1
1.285968839E1,2.411965132E0,-1.880758643E0,1.060499001E1,1.103723887E1
1.286206401E1,-2.072184324E0,-1.627119333E-1,7.499105930E0,7.781838652E0
1.286443964E1,1.536192179E0,-2.163111687E0,1.294995594E1,1.321893708E1
1.286681521E1,2.392822690E-2,-4.402793646E-1,6.139982700E0,6.155794509E0
1.286919083E1,-5.072783828E-1,-1.655833244E0,1.372044468E1,1.382930646E1
1.287156641E1,1.320838094E0,-8.805587292E-1,6.680760860E0,6.866772358E0
1.287394203E1,-1.789831281E0,-1.172483087E0,1.226560879E1,1.245083819E1
1.287631766E1,2.517249346E0,-1.454836130E0,9.221938133E0,9.669396846E0
1.287869323E1,-2.014756680E0,-5.599204898E-1,9.585647583E0,9.811085313E0
1.288106886E1,2.287538528E0,-1.995614052E0,1.101655579E1,1.142715229E1
1.288344448E1,-1.665404558E0,-2.584248483E-1,7.197610378E0,7.392289963E0
1.288582005E1,1.167697430E0,-2.206182480E0,1.327538013E1,1.350801526E1
1.288819568E1,1.866401732E-1,-4.546363056E-1,6.149554253E0,6.169160902E0
1.289057125E1,-1.038485050E0,-1.517049551E0,1.349073410E1,1.361542497E1
1.289294688E1,1.536192179E0,-9.714859724E-1,7.202396393E0,7.428202017E0
1.289532250E1,-1.789831281E0,-1.115055323E0,1.177747345E1,1.196477017E1
1.289769807E1,2.517249346E0,-1.450050473E0,9.724431038E0,1.014907630E1
1.290007370E1,-2.407179594E0,-4.067798555E-1,8.824729919E0,9.156191435E0
1.290244927E1,2.067398787E0,-2.067398787E0,1.168175983E1,1.204208405E1
1.290482490E1,-1.258624673E0,-2.967100143E-1,6.886543751E0,7.006900722E0
1.290720052E1,7.178468108E-1,-2.024327993E0,1.371565914E1,1.388281360E1
1.290957609E1,2.679961324E-1,-5.647061467E-1,6.063412666E0,6.095546581E0
1.291195172E1,-1.493121386E0,-1.330409408E0,1.322273827E1,1.337311512E1
1.291432734E1,1.655833244E0,-1.057627559E0,7.747959614E0,7.993199482E0
1.291670292E1,-1.866401672E0,-9.475577474E-1,1.136112213E1,1.155233383E1
1.291907854E1,2.258824587E0,-1.651047587E0,9.777072906E0,1.016953299E1
1.292145417E1,-2.531606436E0,-1.627119333E-1,8.484949112E0,8.856063897E0
1.292382974E1,1.761117458E0,-2.196611166E0,1.204546928E1,1.237012391E1
1.292620537E1,-1.004985452E0,-2.297109663E-1,6.642475605E0,6.721997103E0
1.292858089E1,5.264209956E-2,-1.770688772E0,1.383051491E1,1.394350216E1
1.293095656E1,4.307080805E-1,-6.317051649E-1,6.149554253E0,6.196900707E0
1.293333219E1,-1.780260086E0,-1.229910851E0,1.285902882E1,1.303980938E1
1.293570776E1,1.986042738E0,-1.129412293E0,8.384450912E0,8.690164267E0
1.293808339E1,-2.024327993E0,-7.274180651E-1,1.059063339E1,1.080687543E1
1.294045901E1,2.143969059E0,-1.722832322E0,1.013599682E1,1.050253236E1
1.294283458E1,-2.273181438E0,-1.052841991E-1,7.934599876E0,8.254472352E0
1.294521021E1,1.655833244E0,-2.239681959E0,1.256710434E1,1.287206551E1
1.294758578E1,-4.163511395E-1,-2.249253243E-1,6.513263226E0,6.530431649E0
1.294996141E1,-4.259224236E-1,-1.722832322E0,1.356730461E1,1.368288404E1
1.295233703E1,8.997012973E-1,-7.178468108E-1,6.570691109E0,6.670738199E0
1.295471261E1,-1.483550072E0,-1.363908887E0,1.252403355E1,1.268513242E1
1.295708823E1,2.445464849E0,-1.282552958E0,8.872586250E0,9.292363918E0
1.295946386E1,-2.057827473E0,-6.173482537E-1,9.944570541E0,1.017399902E1
1.296183943E1,2.354537487E0,-1.952543259E0,1.059063339E1,1.102351068E1
1.296421505E1,-1.607976794E0,-2.584248483E-1,7.700103283E0,7.870448738E0
1.296659068E1,1.698904037E0,-2.268395901E0,1.324188042E1,1.354176103E1
1.296896625E1,-6.699903309E-2,-4.881358147E-1,6.125626087E0,6.145409702E0
1.297134188E1,-7.369893789E-1,-1.540977836E0,1.364866066E1,1.375513373E1
1.297371745E1,1.359123230E0,-1.038485050E0,6.958328247E0,7.165472709E0
1.297609307E1,-1.325623751E0,-1.282552958E0,1.220339584E1,1.234200513E1
1.297846870E1,2.493321180E0,-1.493121386E0,9.135796547E0,9.586909853E0
1.298084427E1,-2.234896421E0,-4.785645306E-1,9.379864693E0,9.654307209E0
1.298321990E1,2.330609322E0,-2.177468538E0,1.103569794E1,1.148737298E1
1.298559547E1,-1.339980721E0,-3.254238665E-1,7.331608772E0,7.460156581E0
1.298797109E1,1.110269666E0,-2.120040894E0,1.359123230E1,1.380032128E1
1.299034672E1,1.914258115E-2,-6.029912829E-1,6.049055576E0,6.079065577E0
1.299272229E1,-1.225125194E0,-1.502692580E0,1.331366539E1,1.345409614E1
1.299509792E1,1.674975872E0,-1.129412293E0,7.628318787E0,7.891284041E0
1.299747354E1,-1.598405480E0,-1.076770186E0,1.157169056E1,1.173108505E1
1.299984912E1,2.201396942E0,-1.612762451E0,9.375079155E0,9.764182525E0
1.300222474E1,-2.445464849E0,-2.488535494E-1,8.925228119E0,9.257533332E0
1.300460031E1,2.024327993E0,-2.282752752E0,1.161954689E1,1.201343972E1
1.300697594E1,-1.119840980E0,-2.153540403E-1,7.164111137E0,7.254302831E0
1.300935156E1,2.536391914E-1,-2.000399828E0,1.353380489E1,1.368319433E1
1.301172714E1,7.657032460E-2,-5.312066078E-1,6.293123722E0,6.315967832E0
1.301410276E1,-1.469193101E0,-1.416550994E0,1.302174091E1,1.318070110E1
1.301647839E1,1.808973908E0,-1.196411371E0,8.121239662E0,8.405850369E0
1.301885396E1,-2.096112728E0,-7.848458290E-1,1.084905815E1,1.107753286E1
1.302122958E1,2.100898266E0,-1.641476393E0,9.786644936E0,1.014330505E1
1.302360521E1,-2.349751949E0,-1.579262912E-1,8.394021988E0,8.718135126E0
1.302598078E1,1.808973908E0,-2.292324066E0,1.228953743E1,1.263170085E1
1.302835641E1,-8.997012973E-1,-1.052841991E-1,6.642475605E0,6.703956246E0
1.303073198E1,-3.254238665E-1,-1.722832322E0,1.363430309E1,1.374657313E1
1.303310761E1,5.503492355E-1,-7.226324677E-1,6.446264267E0,6.509946618E0
1.303548323E1,-1.320838094E0,-1.349551916E0,1.270110226E1,1.284071268E1
1.303785880E1,2.206182480E0,-1.158126116E0,8.499305725E0,8.857013890E0
1.304023443E1,-2.187039852E0,-6.077769399E-1,1.019342422E1,1.044310459E1
1.304261000E1,2.411965132E0,-1.808973908E0,1.026999474E1,1.070339919E1
1.304498563E1,-1.818545222E0,-1.722832322E-1,7.905886173E0,8.114174291E0
1.304736125E1,1.804188251E0,-2.215753794E0,1.304088306E1,1.335025435E1
1.304973682E1,-4.259224236E-1,-2.297109663E-1,6.163911343E0,6.182877977E0
1.305211245E1,-5.694918036E-1,-1.555334687E0,1.357687569E1,1.367753415E1
1.305448807E1,1.354337573E0,-9.523434043E-1,6.838686943E0,7.036250943E0
1.305686365E1,-1.119840980E0,-1.296909928E0,1.234217930E1,1.246055412E1
1.305923927E1,2.392822742E0,-1.349551916E0,8.647661209E0,9.073529382E0
1.306161490E1,-2.100898266E0,-3.637090325E-1,9.619147301E0,9.852616535E0
1.306399047E1,2.574677229E0,-2.091326952E0,1.082991505E1,1.132650304E1
1.306636609E1,-1.225125194E0,-1.962114573E-1,7.561319351E0,7.662439625E0
1.306874162E1,1.311266780E0,-2.067398787E0,1.329930782E1,1.352276403E1
1.307111729E1,-3.828516230E-2,-3.876372576E-1,6.197410583E0,6.209639791E0
1.307349292E1,-7.130611539E-1,-1.545763373E0,1.329930782E1,1.340781224E1
1.307586849E1,1.799402595E0,-1.105484009E0,7.460821152E0,7.753953627E0
1.307824412E1,-1.402194023E0,-1.071984529E0,1.178225899E1,1.191372846E1
1.308061969E1,2.435893536E0,-1.550549030E0,9.078369141E0,9.526519084E0
1.308299531E1,-2.187039852E0,-2.871387303E-1,9.087940216E0,9.351804603E0
1.308537094E1,2.397608280E0,-2.297109842E0,1.151904774E1,1.198806489E1
1.308774651E1,-1.076770186E0,-1.196411327E-1,7.317251682E0,7.397021037E0
1.309012214E1,3.637090325E-1,-1.995614052E0,1.342373466E1,1.357613391E1
1.309249776E1,1.292124242E-1,-5.503492355E-1,6.427121639E0,6.451935578E0
1.309487333E1,-1.148554921E0,-1.555334687E0,1.300259781E1,1.314556177E1
1.309724896E1,1.780260086E0,-1.162911773E0,7.910671711E0,8.191484401E0
1.309962453E1,-2.105684042E0,-8.566305041E-1,1.103569794E1,1.126740210E1
1.310200016E1,2.096112728E0,-1.694118381E0,9.489934921E0,9.865221258E0
1.310437578E1,-2.335394859E0,-1.818545163E-1,8.752944946E0,9.060970447E0
1.310675136E1,1.880758643E0,-2.301895380E0,1.227517986E1,1.262996501E1
1.310912693E1,-1.225125194E0,-1.770688742E-1,6.757331371E0,6.869775279E0
1.311150255E1,-4.546363056E-1,-1.684547186E0,1.360558987E1,1.371701385E1
1.311387813E1,3.014956415E-1,-8.183453679E-1,6.608976364E0,6.666270122E0
1.311625375E1,-1.373480201E0,-1.421336651E0,1.270588779E1,1.285870252E1
1.311862938E1,1.804188251E0,-1.172483087E0,8.298309326E0,8.572732908E0
1.312100500E1,-2.488535643E0,-5.312066078E-1,1.028913784E1,1.059912013E1
1.312338063E1,2.115255117E0,-1.856830359E0,1.011206818E1,1.049647779E1
1.312575620E1,-2.067398787E0,-2.105683982E-1,8.183453560E0,8.443185948E0
1.312813182E1,1.421336651E0,-2.129612207E0,1.286859989E1,1.312083493E1
1.313050745E1,-9.475577474E-1,-1.866401732E-1,6.388836384E0,6.461418620E0
1.313288302E1,-7.752745152E-1,-1.622333765E0,1.345244884E1,1.357208154E1
1.313525865E1,9.858429432E-1,-9.140582681E-1,6.867401123E0,6.997755855E0
1.313763422E1,-1.445264935E0,-1.138983607E0,1.228953743E1,1.242653631E1
1.314000984E1,2.038684845E0,-1.316052437E0,8.465806961E0,8.806708660E0
1.314238542E1,-2.311466694E0,-3.110669553E-1,9.753145218E0,1.002813455E1
1.314476104E1,2.373680115E0,-2.105684042E0,1.077727318E1,1.123467310E1
1.314713667E1,-1.512263894E0,-7.178468257E-2,7.848458290E0,7.993146606E0
1.314951229E1,1.033699393E0,-2.139183521E0,1.309352589E1,1.330733109E1
1.315188786E1,-3.062812984E-1,-2.775674164E-1,6.374479294E0,6.387866480E0
1.315426349E1,-7.513462901E-1,-1.612762451E0,1.327538013E1,1.339407487E1
1.315663906E1,1.670190215E0,-1.057627559E0,7.389036179E0,7.648919339E0
1.315901469E1,-1.579262972E0,-1.033699393E0,1.164347458E1,1.179546973E1
1.316139031E1,2.392822742E0,-1.521835208E0,8.973084450E0,9.410516863E0
1.316376589E1,-2.038684845E0,-2.344966233E-1,9.284152031E0,9.508243975E0
1.316614151E1,2.560320139E0,-2.354537487E0,1.155733299E1,1.206942550E1
1.316851714E1,-1.158126116E0,-7.178468257E-2,7.298109055E0,7.389777054E0
1.317089271E1,5.407779217E-1,-1.976471543E0,1.346201992E1,1.361707975E1
1.317326833E1,2.775674164E-1,-6.795616150E-1,6.345765591E0,6.388081761E0
1.317564391E1,-7.274180651E-1,-1.531406522E0,1.310788250E1,1.321706952E1
1.317801953E1,1.947757602E0,-1.215553880E0,7.719245911E0,8.053451952E0
1.318039516E1,-1.866401672E0,-8.087740541E-1,1.103091240E1,1.121688901E1
1.318277073E1,2.445464849E0,-1.737189293E0,9.422935486E0,9.888874463E0
1.318514636E1,-2.024327993E0,-2.823530734E-1,8.762516975E0,8.997740318E0
1.318752198E1,2.120040894E0,-2.187039852E0,1.223210907E1,1.260564195E1
1.318989755E1,-1.182054400E0,-1.674975902E-1,6.723831654E0,6.828998474E0
1.319227318E1,-1.483550072E-1,-1.703689694E0,1.362951756E1,1.373638659E1
1.319464875E1,5.359922647E-1,-8.231309652E-1,6.527620316E0,6.601110458E0
1.319702438E1,-1.138983607E0,-1.253839016E0,1.280160141E1,1.291318685E1
1.319940000E1,1.904686809E0,-1.268195987E0,7.963313580E0,8.285560697E0
1.320177557E1,-2.330609322E0,-4.881358147E-1,1.043749237E1,1.070566501E1
1.320415120E1,2.215753794E0,-1.852044702E0,1.003549862E1,1.044274231E1
1.320652677E1,-1.885544300E0,-1.483550072E-1,8.465806961E0,8.674512898E0
1.320890240E1,1.426122308E0,-2.167897224E0,1.266760349E1,1.293065279E1
1.321127802E1,-1.014556766E0,-1.627119333E-1,6.580262184E0,6.660003830E0
1.321365359E1,-6.939185858E-1,-1.636690736E0,1.348116302E1,1.359786881E1
1.321602922E1,9.571290612E-1,-8.614161611E-1,6.900900364E0,7.020011373E0
1.321840484E1,-1.622333765E0,-1.153340459E0,1.223210907E1,1.239300824E1
1.322078042E1,1.919043779E0,-1.316052437E0,8.413164139E0,8.729035105E0
1.322315604E1,-2.464607239E0,-3.062812984E-1,9.911071777E0,1.021750659E1
1.322553162E1,2.263610125E0,-2.148754835E0,1.075334454E1,1.119712002E1
1.322790724E1,-1.785045743E0,7.178468257E-2,7.939385414E0,8.137897892E0
1.323028287E1,7.609176040E-1,-2.091326952E0,1.311745358E1,1.330489505E1
1.323265844E1,-5.216353536E-1,-3.302095234E-1,6.384050846E0,6.413832472E0
1.323503406E1,-8.327022791E-1,-1.555334687E0,1.339980698E1,1.351544620E1
1.323740969E1,1.430907965E0,-1.038485050E0,7.403393269E0,7.611582010E0
1.323978526E1,-1.875972986E0,-9.140582681E-1,1.165304661E1,1.183842356E1
1.324216089E1,2.239681959E0,-1.488335729E0,8.910871506E0,9.307789722E0
1.324453651E1,-2.163111687E0,-2.536391914E-1,9.375079155E0,9.624733460E0
1.324691208E1,2.402393818E0,-2.225325108E0,1.162911797E1,1.208138868E1
1.324928771E1,-1.387837172E0,-1.339980662E-1,7.255038261E0,7.387802628E0
1.325166328E1,4.019941986E-1,-1.861616015E0,1.344766331E1,1.358185782E1
1.325403891E1,3.206382394E-1,-7.513462901E-1,6.498906136E0,6.550046648E0
1.325641453E1,-5.647061467E-1,-1.507478237E0,1.308873940E1,1.318736071E1
1.325879011E1,1.962114573E0,-1.239482164E0,7.623532772E0,7.968968663E0
1.326116573E1,-1.856830359E0,-7.417750359E-1,1.101655579E1,1.119654190E1
1.326354130E1,2.718246460E0,-1.813759565E0,9.542576790E0,1.008659305E1
1.326591693E1,-1.698904037E0,-3.349951804E-1,8.858229637E0,9.025892144E0
1.326829255E1,2.220539331E0,-2.287538528E0,1.231346512E1,1.271947525E1
1.327066813E1,-8.566305041E-1,-2.297109663E-1,6.838686943E0,6.895956935E0
1.327304375E1,8.614161611E-2,-1.919043779E0,1.350987625E1,1.364576512E1
1.327541938E1,1.009771109E0,-9.523434043E-1,6.675975323E0,6.818741978E0
1.327779495E1,-9.284151793E-1,-1.373480201E0,1.273938751E1,1.284680493E1
1.328017057E1,2.134397745E0,-1.359123230E0,7.939385414E0,8.332869280E0
1.328254615E1,-1.995614052E0,-5.551348329E-1,1.047577763E1,1.067860323E1
1.328492177E1,2.603390932E0,-2.086541414E0,1.017428207E1,1.070734865E1
1.328729740E1,-1.761117458E0,-6.699903309E-2,8.398807526E0,8.581724269E0
1.328967297E1,1.435693622E0,-2.244467735E0,1.272024536E1,1.299628769E1
1.329204859E1,-6.891329288E-1,-2.344966233E-1,6.570691109E0,6.610890599E0
1.329442422E1,-4.450650215E-1,-1.718046665E0,1.346680546E1,1.358324764E1
1.329679979E1,1.220339537E0,-9.714859724E-1,7.025327206E0,7.196404375E0
1.329917542E1,-1.641476393E0,-1.091127157E0,1.201196957E1,1.217260926E1
1.330155099E1,2.091326952E0,-1.354337573E0,8.465806961E0,8.824838026E0
1.330392656E1,-2.254039049E0,-3.397808075E-1,9.872786522E0,1.013252470E1
1.330630224E1,2.388036966E0,-2.158325911E0,1.095434189E1,1.141747334E1
1.330867781E1,-1.804188251E0,0.000000000E0,7.743174076E0,7.950587401E0
1.331105344E1,5.886343718E-1,-1.990828395E0,1.319402409E1,1.335635278E1
1.331342906E1,-4.594219327E-1,-4.881358147E-1,6.417550564E0,6.452464671E0
1.331580464E1,-7.609176040E-1,-1.564906001E0,1.325145149E1,1.336521205E1
1.331818026E1,1.349551916E0,-1.076770186E0,7.312466145E0,7.513513527E0
1.332055583E1,-2.110469580E0,-8.997012973E-1,1.144247818E1,1.167021213E1
1.332293146E1,2.148754835E0,-1.540977836E0,8.963513374E0,9.345390952E0
1.332530708E1,-2.215753794E0,-3.445664644E-1,9.332008362E0,9.597638824E0
1.332768266E1,2.148754835E0,-2.225325108E0,1.179183006E1,1.219083571E1
1.333005828E1,-1.670190215E0,-1.531406492E-1,7.183253765E0,7.376457284E0
1.333243386E1,1.339980662E-1,-1.909472466E0,1.351944828E1,1.365428586E1
1.333480948E1,2.009970993E-1,-8.327022791E-1,6.436692715E0,6.493443310E0
1.333718511E1,-9.475577474E-1,-1.435693622E0,1.305045509E1,1.316333772E1
1.333956063E1,1.703689694E0,-1.292124271E0,7.537391186E0,7.834820329E0
1.334193630E1,-2.191825628E0,-6.987041831E-1,1.097348499E1,1.121203193E1
1.334431193E1,2.411965132E0,-1.890329838E0,9.662218094E0,1.013653694E1
1.334668745E1,-1.923829436E0,-2.488535494E-1,8.839086533E0,9.049447415E0
1.334906313E1,1.765903115E0,-2.325823545E0,1.225603771E1,1.259914003E1
1.335143870E1,-1.143769264E0,-1.866401732E-1,6.833901405E0,6.931468178E0
1.335381432E1,-1.722832322E-1,-1.866401672E0,1.349551964E1,1.362505732E1
1.335618995E1,9.140582681E-1,-9.858429432E-1,6.781259537E0,6.913238729E0
1.335856547E1,-1.244267821E0,-1.368694544E0,1.248574829E1,1.262202193E1
1.336094115E1,1.952543259E0,-1.344766378E0,7.963313580E0,8.308741478E0
1.336331677E1,-2.115255117E0,-5.790630579E-1,1.045184898E1,1.067945530E1
1.336569234E1,2.660818815E0,-2.148754835E0,1.035135078E1,1.090172313E1
1.336806797E1,-1.875972986E0,-1.100698411E-1,8.288737297E0,8.499091481E0
1.337044354E1,1.306481123E0,-2.254039049E0,1.290688515E1,1.316720430E1
1.337281917E1,-6.125625968E-1,-4.163511395E-1,6.427121639E0,6.469657933E0
1.337519479E1,-3.493520916E-1,-1.761117458E0,1.348594856E1,1.360493992E1
1.337757036E1,1.292124271E0,-1.019342422E0,7.020541668E0,7.210870226E0
1.337994594E1,-1.617548108E0,-1.110269666E0,1.196889877E1,1.212863135E1
1.338232162E1,2.268395901E0,-1.493121386E0,8.480163574E0,8.904392494E0
1.338469719E1,-2.005185366E0,-4.546363056E-1,9.973284721E0,1.018301874E1
1.338707281E1,2.560320139E0,-2.158325911E0,1.114576817E1,1.163794475E1
1.338944839E1,-1.780260086E0,-9.571290761E-2,7.637889862E0,7.843203968E0
1.339182401E1,7.800601721E-1,-1.947757602E0,1.333759308E1,1.350161630E1
1.339419964E1,-4.785645381E-2,-6.269195080E-1,6.417550564E0,6.448276789E0
1.339657521E1,-4.642075896E-1,-1.502692580E0,1.329930782E1,1.339198127E1
1.339895083E1,1.564906001E0,-1.124626637E0,7.202396393E0,7.455751449E0
1.340132646E1,-1.856830359E0,-7.609176040E-1,1.142812061E1,1.160296321E1
1.340370203E1,2.498106956E0,-1.593619823E0,9.121439934E0,9.590663636E0
1.340607766E1,-1.933400750E0,-3.110669553E-1,9.360722542E0,9.563363823E0
1.340845323E1,2.316252232E0,-2.182254314E0,1.184447193E1,1.226453316E1
1.341082886E1,-1.392622828E0,-5.264209956E-2,7.121040344E0,7.256127419E0
1.341320448E1,3.349951804E-1,-1.832902193E0,1.353380489E1,1.366146504E1
1.341558005E1,6.077769399E-1,-7.657032609E-1,6.556334019E0,6.628816641E0
1.341795568E1,-8.135597110E-1,-1.320838094E0,1.298824120E1,1.308055435E1
1.342033130E1,1.895115495E0,-1.215553880E0,7.585247993E0,7.912333480E0
1.342270688E1,-1.981257200E0,-6.317051649E-1,1.093519974E1,1.113117356E1
1.342508250E1,2.665604353E0,-1.837687731E0,9.863214493E0,1.038101839E1
1.342745807E1,-1.880758643E0,-7.178468257E-2,8.834300995E0,9.032567751E0
1.342983370E1,1.727617979E0,-2.187039852E0,1.236132145E1,1.267162480E1
1.343220932E1,-1.038485050E0,-1.100698411E-1,6.757331371E0,6.837550280E0
1.343458490E1,4.785645287E-3,-1.813759565E0,1.354816151E1,1.366903167E1
1.343696052E1,9.332008362E-1,-7.800601721E-1,6.671189308E0,6.781159522E0
1.343933615E1,-1.373480201E0,-1.196411371E0,1.234696484E1,1.248060049E1
1.344171172E1,2.019542217E0,-1.253839016E0,7.982456207E0,8.328881686E0
1.344408734E1,-2.096112728E0,-4.402793646E-1,1.033699417E1,1.055656113E1
1.344646292E1,2.612962246E0,-2.048256159E0,1.046620655E1,1.098018236E1
1.344883854E1,-2.029113531E0,1.435693540E-2,8.001599312E0,8.254883366E0
1.345121417E1,1.062413216E0,-2.053041935E0,1.295952702E1,1.316408157E1
1.345358974E1,-6.221339107E-1,-3.924229145E-1,6.388836384E0,6.431040094E0
1.345596536E1,-3.541377485E-1,-1.603191137E0,1.351466274E1,1.361402749E1
1.345834094E1,1.043270707E0,-9.954141974E-1,6.714260101E0,6.867354068E0
1.346071656E1,-1.847259045E0,-9.906286001E-1,1.195454216E1,1.213691844E1
1.346309219E1,2.234896421E0,-1.464407444E0,8.422736168E0,8.836387029E0
1.346546776E1,-2.187039852E0,-3.589234054E-1,9.925428391E0,1.016986224E1
1.346784339E1,2.258824587E0,-2.096112728E0,1.110748291E1,1.152701842E1
1.347021901E1,-1.957328916E0,-9.571290575E-3,7.561319351E0,7.810555577E0
1.347259458E1,5.838487148E-1,-2.043470621E0,1.322752380E1,1.339716528E1
1.347497021E1,-1.531406492E-1,-6.317051649E-1,6.455835342E0,6.488475433E0
1.347734578E1,-6.508477330E-1,-1.426122308E0,1.317488194E1,1.326781601E1
1.347972141E1,1.354337573E0,-1.201196909E0,7.010970116E0,7.240911976E0
1.348209703E1,-1.990828395E0,-7.369893789E-1,1.141854954E1,1.161420788E1
1.348447260E1,2.464607239E0,-1.727617979E0,9.059226990E0,9.546127297E0
1.348684823E1,-2.009970903E0,-2.488535494E-1,9.394221306E0,9.610062698E0
1.348922386E1,2.072184324E0,-2.249253273E0,1.167697430E1,1.207082503E1
1.349159943E1,-1.526620865E0,-4.785645381E-2,7.077969551E0,7.240891828E0
1.349397505E1,3.732803464E-1,-1.938186288E0,1.350030518E1,1.364383173E1
1.349635063E1,6.125625968E-1,-7.992027402E-1,6.431907177E0,6.510252521E0
1.349872625E1,-1.019342422E0,-1.373480201E0,1.275853062E1,1.287266912E1
1.350110188E1,1.942971945E0,-1.210768223E0,7.489534855E0,7.831617458E0
1.350347745E1,-1.880758643E0,-6.843472719E-1,1.087298584E1,1.105565038E1
1.350585307E1,2.761317253E0,-1.919043779E0,9.820143700E0,1.037992410E1
1.350822870E1,-1.942971945E0,-8.614161611E-2,8.662017822E0,8.877674983E0
1.351060427E1,1.789831281E0,-2.196611166E0,1.241396427E1,1.273322840E1
1.351297990E1,-8.279166222E-1,-3.014956415E-1,6.685546398E0,6.743357932E0
1.351535547E1,1.914258152E-1,-1.746760488E0,1.352423382E1,1.363791466E1
1.351773109E1,1.009771109E0,-9.092726111E-1,6.575476646E0,6.714410436E0
1.352010672E1,-1.349551916E0,-1.115055323E0,1.228475189E1,1.240885844E1
1.352248229E1,2.292324066E0,-1.301695466E0,7.958528042E0,8.383753891E0
1.352485792E1,-1.923829436E0,-4.833501875E-1,1.042313576E1,1.061020764E1
1.352723349E1,2.708675146E0,-1.923829436E0,1.060499001E1,1.111322877E1
1.352960912E1,-1.990828395E0,-9.571290575E-3,7.953742504E0,8.199116363E0
1.353198474E1,1.196411371E0,-1.971685886E0,1.300259781E1,1.320554789E1
1.353436031E1,-3.254238665E-1,-4.307080805E-1,6.470192432E0,6.492672813E0
1.353673589E1,-1.435693651E-1,-1.473978758E0,1.341894913E1,1.350042300E1
1.353911156E1,1.162911773E0,-9.571290612E-1,6.719046116E0,6.885785397E0
1.354148714E1,-1.837687731E0,-8.135597110E-1,1.188754272E1,1.205622858E1
1.354386271E1,2.411965132E0,-1.426122308E0,8.609375954E0,9.053880657E0
1.354623833E1,-2.033899307E0,-2.488535494E-1,9.829715729E0,1.004101518E1
1.354861396E1,2.249253273E0,-2.024327993E0,1.119841003E1,1.160006170E1
1.355098958E1,-1.832902193E0,9.092725813E-2,7.561319351E0,7.780832124E0
1.355336516E1,5.503492355E-1,-1.842473388E0,1.327059460E1,1.340918616E1
1.355574078E1,4.785645381E-2,-6.029912829E-1,6.455835342E0,6.484111249E0
1.355811641E1,-6.987041831E-1,-1.301695466E0,1.308873940E1,1.317185247E1
1.356049198E1,1.483550072E0,-1.057627559E0,7.001399040E0,7.234575688E0
1.356286761E1,-2.048256159E0,-5.982056856E-1,1.149033451E1,1.168678701E1
1.356524318E1,2.589034081E0,-1.698904037E0,9.212367058E0,9.718903189E0
1.356761880E1,-2.129612207E0,-9.571290575E-3,9.346364975E0,9.585920822E0
1.356999443E1,1.866401672E0,-2.105684042E0,1.187318611E1,1.220204528E1
1.357237000E1,-1.392622828E0,-6.221338734E-2,7.054041386E0,7.190463735E0
1.357474563E1,2.775674164E-1,-1.856830359E0,1.353859043E1,1.366814887E1
1.357712120E1,5.982056856E-1,-7.944171429E-1,6.556334019E0,6.631324483E0
1.357949682E1,-1.244267821E0,-1.253839016E0,1.257188988E1,1.269538222E1
1.358187245E1,1.875972986E0,-1.172483087E0,7.633104324E0,7.947217932E0
1.358424802E1,-1.923829436E0,-6.221339107E-1,1.094955635E1,1.113467353E1
1.358662365E1,2.665604353E0,-1.923829436E0,1.004985523E1,1.057384303E1
1.358899927E1,-2.254039049E0,-5.742774159E-2,8.528019905E0,8.821060791E0
1.359137484E1,1.416550994E0,-2.086541414E0,1.265324593E1,1.290212790E1
1.359375047E1,-8.183453679E-1,-4.067798555E-1,6.733402729E0,6.795135856E0
1.359612604E1,-9.571290575E-3,-1.708475351E0,1.358644676E1,1.369344790E1
1.359850167E1,8.853443861E-1,-1.000199914E0,6.527620316E0,6.662886877E0
1.360087729E1,-1.636690736E0,-1.048056364E0,1.222732353E1,1.238081659E1
1.360325281E1,2.225325108E0,-1.402194023E0,8.240880966E0,8.650453110E0
1.360562849E1,-2.043470621E0,-4.689932466E-1,1.038485050E1,1.059437807E1
1.360800412E1,2.402393818E0,-2.009970903E0,1.076770210E1,1.121404867E1
1.361037969E1,-2.148754835E0,-1.914258115E-2,7.867600918E0,8.155774518E0
1.361275531E1,9.092726111E-1,-2.096112728E0,1.312223911E1,1.331967059E1
1.361513089E1,-3.062812984E-1,-6.125625968E-1,6.494120598E0,6.530133498E0
1.361750651E1,-5.120640397E-1,-1.502692580E0,1.334716511E1,1.344124663E1
1.361988214E1,1.220339537E0,-1.124626637E0,6.786045074E0,6.986016133E0
1.362225771E1,-1.986042738E0,-8.805587292E-1,1.169611740E1,1.189617214E1
1.362463333E1,2.397608280E0,-1.593619823E0,8.877371788E0,9.332517317E0
1.362700896E1,-2.120040894E0,-2.775674164E-1,9.815358162E0,1.004553995E1
1.362938453E1,2.053041935E0,-2.163111687E0,1.131326580E1,1.169974429E1
1.363176016E1,-1.818545222E0,-4.307080805E-2,7.446464062E0,7.665428158E0
1.363413573E1,5.168496966E-1,-1.981257200E0,1.338066387E1,1.353642048E1
1.363651136E1,2.775674164E-1,-7.322037220E-1,6.532405853E0,6.579171087E0
1.363888698E1,-9.475577474E-1,-1.373480201E0,1.286859989E1,1.297633140E1
1.364126255E1,1.674975872E0,-1.129412293E0,7.216753006E0,7.494173754E0
1.364363818E1,-2.005185366E0,-7.609176040E-1,1.128933716E1,1.149125308E1
1.364601375E1,2.679961443E0,-1.818545222E0,9.623932838E0,1.015427907E1
1.364838938E1,-2.234896421E0,-1.674975902E-1,9.059226990E0,9.332331494E0
1.365076500E1,1.713261008E0,-2.196611166E0,1.223210907E1,1.254531212E1
1.365314057E1,-1.177268744E0,-3.732803464E-1,6.920042992E0,7.029387948E0
1.365551620E1,3.062812984E-1,-1.842473388E0,1.366780281E1,1.379483056E1
1.365789182E1,6.747759581E-1,-9.379864931E-1,6.427121639E0,6.530163384E0
1.366026740E1,-1.426122308E0,-1.239482164E0,1.254796219E1,1.268942457E1
1.366264302E1,2.120040894E0,-1.383051515E0,7.781459332E0,8.182818232E0
1.366501859E1,-1.938186288E0,-7.178468108E-1,1.080120182E1,1.099717377E1
1.366739422E1,2.641676188E0,-1.966900229E0,1.041835022E1,1.092653517E1
1.366976984E1,-2.306680918E0,-1.100698411E-1,8.274380684E0,8.590591826E0
1.367214542E1,1.263410330E0,-2.153540373E0,1.287338543E1,1.311327550E1
1.367452104E1,-5.790630579E-1,-5.886343718E-1,6.599404812E0,6.650860720E0
1.367689662E1,-1.387837082E-1,-1.655833244E0,1.353859043E1,1.364017872E1
1.367927224E1,9.475577474E-1,-1.124626637E0,6.518048763E0,6.681886742E0
1.368164786E1,-1.703689694E0,-1.048056364E0,1.219382381E1,1.235679246E1
1.368402344E1,2.359323025E0,-1.497906923E0,8.336593628E0,8.792549323E0
1.368639906E1,-1.995614052E0,-4.067798555E-1,1.040877819E1,1.060615900E1
1.368877469E1,2.311466694E0,-2.153540373E0,1.080598736E1,1.125832924E1
1.369115026E1,-2.120040894E0,6.221338734E-2,7.805387497E0,8.088418750E0
1.369352589E1,8.135597110E-1,-2.062613010E0,1.321795273E1,1.340263131E1
1.369590151E1,-1.914258115E-2,-6.652047038E-1,6.427121639E0,6.461482516E0
1.369827708E1,-6.795616150E-1,-1.411765337E0,1.318923855E1,1.328197647E1
1.370065271E1,1.421336651E0,-1.091127157E0,6.872186661E0,7.101950848E0
1.370302828E1,-1.938186288E0,-8.183453679E-1,1.162433243E1,1.181318584E1
1.370540391E1,2.622533560E0,-1.646261930E0,9.145368576E0,9.655341890E0
1.370777953E1,-2.134397745E0,-1.100698411E-1,9.523433685E0,9.760305234E0
1.371015510E1,1.971685886E0,-2.139183521E0,1.164347458E1,1.200142290E1
1.371253073E1,-1.507478237E0,-1.148554832E-1,7.207181931E0,7.364044663E0
1.371490630E1,4.833501875E-1,-1.914258122E0,1.346680546E1,1.361076268E1
1.371728193E1,4.929214716E-1,-7.226324677E-1,6.446264267E0,6.505343362E0
1.371965755E1,-1.043270707E0,-1.272981644E0,1.273460197E1,1.284052115E1
1.372203313E1,1.995614052E0,-1.201196909E0,7.374679565E0,7.733773216E0
1.372440875E1,-1.770688772E0,-6.604190469E-1,1.120319557E1,1.136147363E1
1.372678432E1,2.885744095E0,-1.856830359E0,9.887143135E0,1.046570291E1
1.372915995E1,-2.139183521E0,-4.307080805E-2,8.676374435E0,8.936298707E0
1.373153557E1,1.727617979E0,-2.100898266E0,1.247139168E1,1.276456219E1
1.373391115E1,-6.939185858E-1,-4.354937077E-1,6.776473522E0,6.825816520E0
1.373628677E1,4.019941986E-1,-1.751546144E0,1.354337597E1,1.366208424E1
1.373866240E1,8.805587292E-1,-9.714859724E-1,6.417550564E0,6.550123961E0
1.374103797E1,-1.339980721E0,-1.081555843E0,1.236132145E1,1.248068826E1
1.374341359E1,2.392822742E0,-1.402194023E0,8.020741463E0,8.486697966E0
1.374578917E1,-1.828116536E0,-5.599204898E-1,1.067677498E1,1.084661445E1
1.374816479E1,2.684746981E0,-2.019542217E0,1.052841949E1,1.105142679E1
1.375054042E1,-2.091326952E0,-6.699903309E-2,7.972885132E0,8.242877812E0
1.375291599E1,1.210768223E0,-2.158325911E0,1.311266804E1,1.334415203E1
1.375529162E1,-1.627119333E-1,-6.317051649E-1,6.503692150E0,6.536324516E0
1.375766724E1,-2.632105052E-1,-1.531406522E0,1.345244884E1,1.354189299E1
1.376004281E1,1.191625714E0,-1.115055323E0,6.575476646E0,6.774969619E0
1.376241844E1,-1.756331801E0,-1.000199914E0,1.197368431E1,1.214307281E1
1.376479406E1,2.464607239E0,-1.631905079E0,8.662017822E0,9.152483585E0
1.376716964E1,-2.091326952E0,-2.679961324E-1,1.010249710E1,1.032017045E1
1.376954526E1,2.134397745E0,-2.220539331E0,1.109791183E1,1.151738233E1
1.377192083E1,-1.966900229E0,-4.785645381E-2,7.585247993E0,7.836260197E0
1.377429646E1,6.699903607E-1,-2.091326952E0,1.346680546E1,1.364468339E1
1.377667208E1,2.392822690E-2,-7.226324677E-1,6.384050846E0,6.424863847E0
1.377904766E1,-9.571290612E-1,-1.406979680E0,1.304088306E1,1.315143790E1
1.378142328E1,1.459621787E0,-1.105484009E0,7.054041386E0,7.287804232E0
1.378379886E1,-2.048256159E0,-8.183453679E-1,1.155733299E1,1.176592488E1
1.378617448E1,2.569891453E0,-1.732403636E0,9.403793335E0,9.901358166E0
1.378855010E1,-2.526820660E0,-1.196411327E-1,9.159725189E0,9.502615545E0
1.379092568E1,1.674975872E0,-2.091326952E0,1.206939697E1,1.236323323E1
1.379330130E1,-1.478764415E0,-2.344966233E-1,7.010970116E0,7.169060944E0
1.379567693E1,2.392822653E-1,-1.837687731E0,1.362473202E1,1.375018817E1
1.379805250E1,3.302095234E-1,-8.566305041E-1,6.278766632E0,6.345531071E0
1.380042807E1,-1.421336651E0,-1.143769264E0,1.258146191E1,1.271304801E1
1.380280370E1,1.899901152E0,-1.282552958E0,7.546962738E0,7.887408513E0
1.380517932E1,-2.009970903E0,-6.269195080E-1,1.112183952E1,1.131937832E1
1.380755495E1,2.574677229E0,-1.847259045E0,1.005464077E1,1.054215964E1
1.380993052E1,-2.416750908E0,-5.742774159E-2,8.504091263E0,8.841015276E0
1.381230615E1,1.473978758E0,-2.110469580E0,1.263888931E1,1.289838045E1
1.381468172E1,-6.364908218E-1,-5.024927258E-1,6.719046116E0,6.767806160E0
1.381705734E1,1.292124242E-1,-1.641476393E0,1.353859043E1,1.363834929E1
1.381943297E1,9.236295223E-1,-1.067198873E0,6.398407936E0,6.552223214E0
1.382180854E1,-1.545763373E0,-1.043270707E0,1.227996540E1,1.242076280E1
1.382418417E1,2.584248543E0,-1.488335729E0,8.216953278E0,8.741384612E0
1.382655979E1,-1.746760488E0,-4.498506486E-1,1.058106136E1,1.073370381E1
1.382893537E1,2.569891453E0,-2.115255117E0,1.060977554E1,1.111962155E1
1.383131099E1,-1.947757602E0,-2.871387079E-2,7.987242222E0,8.221351621E0
1.383368656E1,1.249053478E0,-2.191825628E0,1.316052437E1,1.340013566E1
1.383606219E1,5.264209956E-2,-6.747759581E-1,6.532405853E0,6.567375428E0
1.383843781E1,-2.632105052E-1,-1.564906001E0,1.327538013E1,1.336988887E1
1.384081339E1,1.435693622E0,-1.158126116E0,6.766902447E0,7.013803604E0
1.384318901E1,-1.703689694E0,-9.427721500E-1,1.185404301E1,1.201289780E1
1.384556458E1,2.756531715E0,-1.708475351E0,8.977870941E0,9.545654601E0
1.384794021E1,-2.091326952E0,-2.249253243E-1,9.815358162E0,1.003820181E1
1.385031583E1,2.187039852E0,-2.206182480E0,1.152383423E1,1.193520590E1
1.385269141E1,-1.646261930E0,-2.009970993E-1,7.393822193E0,7.577544774E0
1.385506703E1,6.699903607E-1,-2.005185366E0,1.352901936E1,1.369321073E1
1.385744266E1,1.722832322E-1,-7.944171429E-1,6.364908218E0,6.416606326E0
1.385981823E1,-1.019342422E0,-1.320838094E0,1.293081379E1,1.303800665E1
1.386219386E1,1.718046665E0,-1.258624673E0,7.173682213E0,7.483150199E0
1.386456948E1,-2.033899307E0,-7.752745152E-1,1.138983536E1,1.159595388E1
1.386694505E1,2.603390932E0,-1.737189293E0,9.781859398E0,1.027035755E1
1.386932068E1,-2.536391973E0,-1.244267747E-1,8.867800713E0,9.224242828E0
1.387169625E1,1.488335729E0,-2.024327993E0,1.232782269E1,1.258126620E1
1.387407188E1,-1.316052437E0,-3.684946895E-1,6.881757736E0,7.016150789E0
1.387644745E1,1.674975902E-1,-1.737189293E0,1.360558987E1,1.371706812E1
1.387882307E1,3.254238665E-1,-8.518448472E-1,6.187839508E0,6.254670104E0
1.388119870E1,-1.641476393E0,-1.033699393E0,1.256231880E1,1.271120895E1
1.388357427E1,1.947757602E0,-1.268195987E0,7.767102242E0,8.107401431E0
1.388594990E1,-2.096112728E0,-4.737788737E-1,1.095912743E1,1.116783904E1
1.388832552E1,2.316252232E0,-1.880758643E0,1.014078236E1,1.057060756E1
1.389070109E1,-2.584248543E0,1.435693651E-1,8.336593628E0,8.729132031E0
1.389307672E1,1.124626637E0,-2.067398787E0,1.283510113E1,1.304908977E1
1.389545234E1,-6.652047038E-1,-4.402793646E-1,6.561119556E0,6.609435154E0
1.389782792E1,-2.679961324E-1,-1.430907965E0,1.340937805E1,1.348817035E1
1.390020354E1,8.614161611E-1,-9.379864931E-1,6.269195557E0,6.397239201E0
1.390257912E1,-1.785045743E0,-8.757730722E-1,1.216032505E1,1.232180474E1
1.390495474E1,2.455035925E0,-1.406979680E0,8.336593628E0,8.803725719E0
1.390733031E1,-2.086541414E0,-1.579262912E-1,1.029870892E1,1.050913893E1
1.390970594E1,2.239681959E0,-1.976471543E0,1.074377346E1,1.115129065E1
1.391208156E1,-2.014756680E0,6.221338734E-2,7.652246952E0,7.913279876E0
1.391445714E1,1.043270707E0,-1.990828395E0,1.329452229E1,1.348317968E1
1.391683276E1,9.571290575E-3,-5.120640397E-1,6.240481377E0,6.261462210E0
1.391920839E1,-5.934200287E-1,-1.311266780E0,1.302174091E1,1.310104211E1
1.392158396E1,1.531406522E0,-1.009771109E0,6.637690067E0,6.886492072E0
1.392395958E1,-1.622333765E0,-7.848458290E-1,1.178704453E1,1.192402484E1
1.392633516E1,2.847458839E0,-1.550549030E0,9.107083321E0,9.667015607E0
1.392871078E1,-2.287538528E0,-9.092725813E-2,9.408578873E0,9.683101605E0
1.393108641E1,2.143969059E0,-2.033899307E0,1.169611740E1,1.206368567E1
1.393346198E1,-1.368694544E0,-2.153540403E-1,7.135396957E0,7.268671946E0
1.393583761E1,8.518448472E-1,-1.899901152E0,1.361037540E1,1.376871754E1
1.393821313E1,4.211367965E-1,-8.231309652E-1,6.063412666E0,6.133504215E0
1.394058880E1,-9.762716293E-1,-1.210768223E0,1.282074356E1,1.291474086E1
1.394296443E1,2.009970903E0,-1.253839016E0,7.255038261E0,7.632016476E0
1.394534000E1,-1.679761529E0,-7.848458290E-1,1.146162033E1,1.161061249E1
1.394771563E1,2.689532757E0,-1.808973908E0,9.719645500E0,1.024585193E1
1.395009125E1,-2.445464849E0,-1.196411327E-1,8.815158844E0,9.148859917E0
1.395246682E1,1.689332843E0,-2.196611166E0,1.235175037E1,1.265877891E1
1.395484245E1,-8.949156404E-1,-4.977070987E-1,6.853044033E0,6.929126848E0
1.395721802E1,2.632105052E-1,-1.718046665E0,1.361994648E1,1.373040080E1
1.395959365E1,4.689932466E-1,-1.062413216E0,6.063412666E0,6.173625326E0
1.396196927E1,-1.512263894E0,-1.167697430E0,1.261496067E1,1.275882801E1
1.396434484E1,2.177468538E0,-1.464407444E0,7.838887215E0,8.266438844E0
1.396672047E1,-2.081755638E0,-5.120640397E-1,1.100698376E1,1.121381325E1
1.396909609E1,2.273181438E0,-1.995614052E0,1.025085258E1,1.068783458E1
1.397147167E1,-2.522035122E0,-4.785645287E-3,8.303094864E0,8.677676439E0
1.397384729E1,1.182054400E0,-2.210968018E0,1.301216984E1,1.325149788E1
1.397622286E1,-6.221339107E-1,-6.077769399E-1,6.503692150E0,6.561589365E0
1.397859849E1,-4.307080805E-1,-1.588834286E0,1.344287777E1,1.354329600E1
1.398097412E1,7.417750359E-1,-9.858429432E-1,6.369693756E0,6.488074835E0
1.398334969E1,-1.856830359E0,-1.028913736E0,1.230867958E1,1.249039933E1
1.398572531E1,2.335394859E0,-1.483550072E0,8.484949112E0,8.924648531E0
1.398810094E1,-2.392822742E0,-3.349951804E-1,1.036092186E1,1.063891556E1
1.399047651E1,1.986042738E0,-1.986042738E0,1.087298584E1,1.122989548E1
1.399285214E1,-2.215753794E0,-1.052841991E-1,7.743174076E0,8.054650483E0
1.399522771E1,1.004985452E0,-2.024327993E0,1.345723438E1,1.364569737E1
1.399760333E1,-2.967100143E-1,-6.125625968E-1,6.187839508E0,6.225160845E0
1.399997896E1,-8.518448472E-1,-1.359123230E0,1.319402409E1,1.329116726E1
1.400235453E1,1.392622828E0,-1.119840980E0,6.699903488E0,6.934129283E0
1.400473016E1,-1.780260086E0,-9.475577474E-1,1.199761295E1,1.216593228E1
1.400710573E1,2.679961443E0,-1.473978758E0,9.212367058E0,9.706828191E0
1.400948136E1,-2.522035122E0,-2.009970993E-1,9.499505997E0,9.830649784E0
1.401185698E1,1.976471543E0,-1.981257200E0,1.166740322E1,1.199833813E1
1.401423255E1,-1.406979680E0,-2.871387303E-1,7.369893551E0,7.508486627E0
1.401660818E1,9.762716293E-1,-1.875972986E0,1.350509071E1,1.366966920E1
1.401898380E1,1.244267747E-1,-7.130611539E-1,6.044270039E0,6.087457477E0
1.402135938E1,-8.997012973E-1,-1.191625714E0,1.291645622E1,1.300247190E1
1.402373500E1,2.091326952E0,-1.268195987E0,7.173682213E0,7.579161297E0
1.402611057E1,-1.502692580E0,-7.561319470E-1,1.179661560E1,1.191595402E1
1.402848620E1,2.770888567E0,-1.694118381E0,9.437292099E0,9.980498119E0
1.403086182E1,-2.306680918E0,-4.785645287E-3,9.054440498E0,9.343644498E0
1.403323740E1,2.096112728E0,-2.182254314E0,1.227996540E1,1.264727135E1
1.403561302E1,-7.609176040E-1,-4.402793646E-1,6.790830612E0,6.847497493E0
1.403798859E1,6.987041831E-1,-1.708475351E0,1.373001671E1,1.385353509E1
1.404036422E1,5.838487148E-1,-9.140582681E-1,5.761917114E0,5.863111006E0
1.404273984E1,-1.062413216E0,-1.210768223E0,1.287817192E1,1.297852047E1
1.404511542E1,2.536391973E0,-1.373480201E0,7.599604607E0,8.128574431E0
1.404749104E1,-1.789831281E0,-5.503492355E-1,1.139462185E1,1.154745805E1
1.404986667E1,2.646461725E0,-1.799402595E0,9.963713646E0,1.046504653E1
1.405224224E1,-2.330609322E0,-8.614161611E-2,8.484949112E0,8.799631903E0
1.405461786E1,1.808973908E0,-2.182254314E0,1.281117249E1,1.312100457E1
1.405699344E1,-5.886343718E-1,-4.785645306E-1,6.541976929E0,6.585816318E0
1.405936906E1,0.000000000E0,-1.607976794E0,1.339023590E1,1.348643789E1
1.406174469E1,7.082754970E-1,-9.906286001E-1,6.034698486E0,6.156345103E0
1.406412026E1,-1.411765337E0,-1.244267821E0,1.265324593E1,1.279241636E1
1.406649589E1,2.450250387E0,-1.392622828E0,8.197810173E0,8.668749445E0
1.406887146E1,-2.545963287E0,-4.737788737E-1,1.055713367E1,1.087011807E1
1.407124708E1,2.191825628E0,-1.842473388E0,1.071506023E1,1.109104700E1
1.407362271E1,-2.258824587E0,-3.254238665E-1,7.877171993E0,8.201099184E0
1.407599828E1,1.268195987E0,-2.105684042E0,1.336152172E1,1.358574580E1
1.407837391E1,-6.843472719E-1,-6.460621357E-1,6.072983742E0,6.145474676E0
1.408074953E1,-6.747759581E-1,-1.493121386E0,1.332802200E1,1.342836195E1
1.408312510E1,9.762716293E-1,-1.062413216E0,6.283552170E0,6.447081200E0
1.408550073E1,-1.741974831E0,-1.186840057E0,1.261496067E1,1.278985138E1
1.408787630E1,2.311466694E0,-1.473978758E0,8.556734085E0,8.985164988E0
1.409025193E1,-2.804388046E0,-3.397808075E-1,1.012642574E1,1.051306528E1
1.409262755E1,1.971685886E0,-2.062613010E0,1.120798111E1,1.156549862E1
1.409500313E1,-1.832902193E0,-4.833501875E-1,7.647460938E0,7.878884226E0
1.409737875E1,1.033699393E0,-2.029113531E0,1.346680546E1,1.365798980E1
1.409975438E1,-5.551348329E-1,-7.561319470E-1,5.761917114E0,5.837773466E0
1.410212995E1,-8.662018180E-1,-1.473978758E0,1.336152172E1,1.347045588E1
1.410450557E1,1.588834286E0,-1.316052437E0,6.594619274E0,6.909804033E0
1.410688115E1,-1.751546144E0,-1.000199914E0,1.245224857E1,1.261454749E1
1.410925677E1,2.388036966E0,-1.646261930E0,8.858229637E0,9.321004839E0
1.411163240E1,-2.742174864E0,-2.536391914E-1,9.619147301E0,1.000559097E1
1.411400797E1,2.100898266E0,-2.225325108E0,1.174875927E1,1.214080680E1
1.411638359E1,-1.339980721E0,-5.072783828E-1,7.259823799E0,7.399859545E0
1.411875917E1,7.561319470E-1,-1.971685886E0,1.342373466E1,1.358881647E1
1.412113479E1,-6.699903309E-2,-8.279166222E-1,5.733202934E0,5.793060563E0
1.412351042E1,-8.901300430E-1,-1.454836130E0,1.321795273E1,1.332753368E1
1.412588599E1,2.187039852E0,-1.349551916E0,7.216753006E0,7.660676056E0
1.412826162E1,-1.938186288E0,-9.188438654E-1,1.187318611E1,1.206537975E1
1.413063719E1,2.545963287E0,-1.665404558E0,9.537791252E0,1.001124185E1
1.413301281E1,-2.402393818E0,-3.780659735E-1,8.992227554E0,9.315287775E0
1.413538844E1,2.206182480E0,-2.244467735E0,1.243789196E1,1.282988827E1
1.413776401E1,-1.004985452E0,-4.737788737E-1,6.652047157E0,6.744197029E0
1.414013964E1,5.024927258E-1,-1.785045743E0,1.351466274E1,1.364129746E1
1.414251526E1,4.450650215E-1,-8.949156404E-1,5.714060307E0,5.800813914E0
1.414489083E1,-8.901300430E-1,-1.507478237E0,1.320838070E1,1.332389368E1
1.414726646E1,2.474178553E0,-1.263410330E0,7.657032490E0,8.145422747E0
1.414964203E1,-2.292324066E0,-6.843472719E-1,1.134676456E1,1.159621261E1
1.415201766E1,2.502892494E0,-1.718046665E0,1.009292603E1,1.053960677E1
1.415439328E1,-2.033899307E0,-3.684946895E-1,8.609375954E0,8.854032360E0
1.415676886E1,2.086541414E0,-2.120040894E0,1.279202938E1,1.313332571E1
1.415914448E1,-9.906286001E-1,-4.737788737E-1,6.307480335E0,6.402352663E0
1.416152005E1,1.435693651E-1,-1.636690736E0,1.343809223E1,1.353815687E1
1.416389568E1,9.523434043E-1,-1.043270707E0,6.034698486E0,6.197818773E0
1.416627130E1,-1.067198873E0,-1.311266780E0,1.328973675E1,1.339684429E1
1.416864688E1,2.301895380E0,-1.339980721E0,7.862815380E0,8.301694789E0
1.417102250E1,-2.517249346E0,-4.307080805E-1,1.097827053E1,1.127140087E1
1.417339807E1,2.435893536E0,-1.923829436E0,1.058584690E1,1.103153895E1
1.417577370E1,-1.861616015E0,-4.115654826E-1,8.245666504E0,8.463215490E0
1.417814932E1,1.670190215E0,-2.086541414E0,1.292602825E1,1.319944684E1
1.418052490E1,-8.853443861E-1,-4.737788737E-1,6.015556335E0,6.098788333E0
1.418290052E1,-2.536391914E-1,-1.607976794E0,1.353380489E1,1.363135346E1
1.418527615E1,1.249053478E0,-1.067198873E0,6.211767673E0,6.425348680E0
1.418765172E1,-1.540977836E0,-1.115055323E0,1.307916832E1,1.321675471E1
1.419002734E1,2.158325911E0,-1.263410330E0,8.202595711E0,8.575380621E0
1.419240292E1,-2.636890650E0,-4.115654826E-1,1.040877819E1,1.074547541E1
1.419477854E1,2.373680115E0,-1.904686809E0,1.105484104E1,1.146611092E1
1.419715417E1,-1.885544300E0,-2.823530734E-1,7.743174076E0,7.974443262E0
1.419952974E1,1.220339537E0,-1.957328916E0,1.289252853E1,1.309723853E1
1.420190536E1,-6.412764788E-1,-4.785645306E-1,5.852844238E0,5.907287466E0
1.420428099E1,-4.642075896E-1,-1.531406522E0,1.347159195E1,1.356629958E1
1.420665656E1,1.536192179E0,-9.619147182E-1,6.518048763E0,6.765362224E0
1.420903219E1,-2.053041935E0,-9.810572863E-1,1.248096275E1,1.268668144E1
1.421140771E1,2.163111687E0,-1.191625714E0,8.724231720E0,9.067041586E0
1.421378339E1,-2.411965132E0,-4.450650215E-1,9.801001549E0,1.010323166E1
1.421615901E1,2.344966173E0,-1.885544300E0,1.144726372E1,1.183613071E1
1.421853458E1,-1.904686809E0,-2.440679073E-1,7.073183537E0,7.329210484E0
1.422091021E1,9.523434043E-1,-1.770688772E0,1.310309696E1,1.325644925E1
1.422328578E1,-1.579262912E-1,-5.168496966E-1,5.642275810E0,5.668099385E0
1.422566141E1,-5.216353536E-1,-1.440479279E0,1.361994648E1,1.370583912E1
1.422803703E1,1.703689694E0,-1.004985452E0,6.628118515E0,6.916972559E0
1.423041261E1,-2.167897224E0,-7.848458290E-1,1.215553856E1,1.237226249E1
1.423278823E1,2.383251429E0,-1.373480201E0,9.164510727E0,9.568416384E0
1.423516380E1,-2.067398787E0,-5.120640397E-1,9.408578873E0,9.646642096E0
1.423753943E1,2.388036966E0,-1.923829436E0,1.171047401E1,1.210533114E1
1.423991505E1,-1.593619823E0,-2.584248483E-1,6.709474564E0,6.900975037E0
1.424229063E1,9.523434043E-1,-1.856830359E0,1.332323647E1,1.348567413E1
1.424466625E1,4.594219327E-1,-7.178468108E-1,5.709274769E0,5.772537652E0
1.424704188E1,-5.838487148E-1,-1.397408366E0,1.372523022E1,1.380853265E1
1.424941745E1,1.928615093E0,-1.062413216E0,6.967899323E0,7.307523451E0
1.425179307E1,-2.048256159E0,-7.800601721E-1,1.185882950E1,1.205967181E1
1.425416865E1,2.660818815E0,-1.627119422E0,9.681360245E0,1.017134261E1
1.425654427E1,-1.866401672E0,-4.354937077E-1,9.068798065E0,9.269099650E0
1.425891990E1,2.201396942E0,-2.053041935E0,1.184925747E1,1.222563014E1
1.426129547E1,-1.268195987E0,-3.014956415E-1,6.565905571E0,6.694052334E0
1.426367109E1,7.322037220E-1,-1.962114573E0,1.359601784E1,1.375637005E1
1.426604672E1,7.657032609E-1,-7.226324677E-1,5.900700569E0,5.993894091E0
1.426842229E1,-1.153340459E0,-1.459621787E0,1.345244884E1,1.358046648E1
1.427079792E1,1.914258122E0,-9.667003751E-1,7.537391186E0,7.836527271E0
1.427317349E1,-2.206182480E0,-9.140582681E-1,1.132762241E1,1.157660456E1
1.427554912E1,2.545963287E0,-1.660618901E0,1.020778179E1,1.065074614E1
1.427792474E1,-2.158325911E0,-4.067798555E-1,8.504091263E0,8.783132061E0
1.428030031E1,1.842473388E0,-2.053041935E0,1.212682533E1,1.243662261E1
1.428267594E1,-1.229910851E0,-3.302095234E-1,6.379265308E0,6.505132197E0
1.428505151E1,3.302095234E-1,-1.885544300E0,1.374915886E1,1.388177528E1
1.428742714E1,6.939185858E-1,-7.034898400E-1,6.053841114E0,6.133955754E0
1.428980276E1,-1.727617979E0,-1.268195987E0,1.324666595E1,1.341890994E1
1.429217833E1,1.746760488E0,-1.067198873E0,7.901100159E0,8.161952545E0
1.429455396E1,-2.182254314E0,-8.422735929E-1,1.101177025E1,1.125747497E1
1.429692958E1,2.344966173E0,-1.631905079E0,1.049013424E1,1.087220754E1
1.429930516E1,-2.493321180E0,-3.302095234E-1,7.982456207E0,8.369306778E0
1.430168078E1,1.502692580E0,-2.043470621E0,1.245224857E1,1.270796411E1
1.430405636E1,-9.619147182E-1,-3.637090325E-1,6.216553211E0,6.301039439E0
1.430643198E1,5.264209956E-2,-1.741974831E0,1.403629780E1,1.414407662E1
1.430880760E1,6.173482537E-1,-7.609176040E-1,5.962913990E0,6.042884884E0
1.431118318E1,-2.005185366E0,-1.110269666E0,1.299302673E1,1.319364282E1
1.431355880E1,1.919043779E0,-1.249053478E0,8.322237015E0,8.631482639E0
1.431593448E1,-2.120040894E0,-7.896314859E-1,1.062413216E1,1.086233287E1
1.431831000E1,2.206182480E0,-1.785045743E0,1.050449181E1,1.088108347E1
1.432068563E1,-2.383251429E0,-1.770688742E-1,7.786244869E0,8.144743699E0
1.432306120E1,1.445264935E0,-2.182254314E0,1.268674564E1,1.295393916E1
1.432543682E1,-5.216353536E-1,-4.354937077E-1,6.173482418E0,6.210768340E0
1.432781245E1,-2.440679073E-1,-1.737189293E0,1.394537067E1,1.405527513E1
1.433018802E1,8.374879360E-1,-8.279166222E-1,6.264409542E0,6.374139855E0
1.433256365E1,-1.837687731E0,-1.258624673E0,1.273938751E1,1.293264190E1
1.433493922E1,2.287538528E0,-1.397408366E0,8.767302513E0,9.167942845E0
1.433731484E1,-1.981257200E0,-7.513462901E-1,1.024606609E1,1.046287588E1
1.433969042E1,2.277967215E0,-1.966900229E0,1.069591713E1,1.111127690E1
1.434206599E1,-2.019542217E0,-2.584248483E-1,7.499105930E0,7.770580668E0
1.434444167E1,1.579262972E0,-2.330609322E0,1.309352589E1,1.339276788E1
1.434681724E1,-1.914258115E-2,-4.354937077E-1,6.226124287E0,6.241365623E0
1.434919287E1,-6.269195080E-1,-1.780260086E0,1.370608807E1,1.383543292E1
1.435156849E1,1.205982566E0,-8.853443861E-1,6.795616150E0,6.958349480E0
1.435394396E1,-1.459621787E0,-1.406979680E0,1.232303619E1,1.248868723E1
1.435631969E1,2.421536446E0,-1.421336651E0,9.121439934E0,9.543830630E0
1.435869526E1,-2.139183521E0,-6.125625968E-1,9.719645500E0,9.971100627E0
1.436107089E1,2.311466694E0,-2.067398787E0,1.087298584E1,1.130658379E1
1.436344651E1,-1.694118381E0,-3.254238665E-1,7.537391186E0,7.732283212E0
1.436582208E1,1.450050473E0,-2.273181438E0,1.340937805E1,1.367777102E1
1.436819771E1,-1.722832322E-1,-4.594219327E-1,6.020341873E0,6.040303494E0
1.437057333E1,-9.379864931E-1,-1.531406522E0,1.367737389E1,1.379476644E1
1.437294891E1,1.234696507E0,-1.048056364E0,7.039684296E0,7.223576164E0
1.437532453E1,-1.502692580E0,-1.229910851E0,1.212203979E1,1.227658806E1
1.437770010E1,2.321038008E0,-1.435693622E0,9.250652313E0,9.644843277E0
1.438007573E1,-2.416750908E0,-4.354937077E-1,9.332008362E0,9.649700502E0
1.438245136E1,2.115255117E0,-2.072184324E0,1.115533924E1,1.154165697E1
1.438482693E1,-1.540977836E0,-2.440679073E-1,7.355536938E0,7.519182500E0
1.438720255E1,1.000199914E0,-2.038684845E0,1.358166122E1,1.377019090E1
1.438957813E1,-2.823530734E-1,-4.977070987E-1,6.001199245E0,6.028418366E0
1.439195375E1,-1.239482164E0,-1.464407444E0,1.345723438E1,1.359330579E1
1.439432938E1,1.378265858E0,-1.033699393E0,7.374679565E0,7.573245665E0
1.439670495E1,-1.636690736E0,-1.000199914E0,1.183011532E1,1.198460616E1
1.439908057E1,2.029113531E0,-1.459621787E0,9.111868858E0,9.448489381E0
1.440145620E1,-2.416750908E0,-2.105683982E-1,9.064012527E0,9.383035069E0
1.440383177E1,2.081755638E0,-2.134397745E0,1.147119141E1,1.185232435E1
1.440620740E1,-1.301695466E0,-9.571290761E-2,7.226324558E0,7.343251233E0
1.440858297E1,5.742774606E-1,-2.024327993E0,1.355294704E1,1.371532253E1
1.441095859E1,-1.770688742E-1,-3.397808075E-1,6.072983742E0,6.085058415E0
1.441333422E1,-1.086341500E0,-1.459621787E0,1.328495121E1,1.340897320E1
1.441570979E1,1.694118381E0,-1.062413216E0,7.556533813E0,7.816646481E0
1.441808542E1,-1.813759565E0,-9.332008362E-1,1.138026428E1,1.156161765E1
1.442046099E1,2.182254314E0,-1.478764415E0,9.226723671E0,9.595905783E0
1.442283662E1,-2.234896421E0,-2.297109663E-1,8.886942863E0,9.166530565E0
1.442521224E1,2.254039049E0,-2.215753794E0,1.174875927E1,1.216649503E1
1.442758781E1,-1.182054400E0,-9.571290575E-3,7.001399040E0,7.100488204E0
1.442996344E1,2.967100143E-1,-1.856830359E0,1.361516094E1,1.374439752E1
1.443233901E1,1.722832322E-1,-5.934200287E-1,6.082555294E0,6.113861934E0
1.443471464E1,-9.523434043E-1,-1.416550994E0,1.313659668E1,1.324702786E1
1.443709026E1,1.885544300E0,-1.071984529E0,7.733603001E0,8.032001215E0
1.443946583E1,-1.976471543E0,-7.513462901E-1,1.091127110E1,1.111426102E1
1.444184146E1,2.354537487E0,-1.588834286E0,9.422935486E0,9.841745492E0
1.444421708E1,-2.005185366E0,-2.297109663E-1,8.662017822E0,8.894047910E0
1.444659266E1,2.139183521E0,-2.182254314E0,1.221775246E1,1.259411827E1
1.444896828E1,-1.215553880E0,-8.135596663E-2,6.613761902E0,6.725030596E0
1.445134386E1,2.871387079E-2,-1.761117458E0,1.366780281E1,1.378082700E1
1.445371948E1,5.168496966E-1,-7.561319470E-1,6.326622963E0,6.392575948E0
1.445609511E1,-8.327022791E-1,-1.344766378E0,1.290688515E1,1.300344085E1
1.445847068E1,1.890329838E0,-1.229910851E0,7.657032490E0,7.982241173E0
1.446084625E1,-2.009970903E0,-6.077769399E-1,1.072941685E1,1.093296674E1
1.446322188E1,2.498106956E0,-1.837687731E0,9.690931320E0,1.017505697E1
1.446559750E1,-1.780260086E0,-1.866401732E-1,8.647661209E0,8.830979839E0
1.446797313E1,1.962114573E0,-2.249253273E0,1.243789196E1,1.279101991E1
1.447034870E1,-1.043270707E0,-1.387837082E-1,6.642475605E0,6.725336932E0
1.447272432E1,-5.264209956E-2,-1.808973908E0,1.361037540E1,1.373016666E1
1.447509990E1,8.470591903E-1,-9.667003751E-1,6.489335060E0,6.615397827E0
1.447747552E1,-1.033699393E0,-1.287338614E0,1.273938751E1,1.284592423E1
1.447985115E1,1.981257200E0,-1.335195065E0,7.776673794E0,8.135402956E0
1.448222672E1,-2.062613010E0,-5.934200287E-1,1.049491978E1,1.071213615E1
1.448460234E1,2.593819857E0,-2.014756680E0,1.012642574E1,1.064573362E1
1.448697797E1,-1.928615093E0,-7.178468257E-2,8.394021988E0,8.613031659E0
1.448935354E1,1.454836130E0,-2.230110645E0,1.267717457E1,1.295379082E1
1.449172917E1,-9.762716293E-1,-2.584248483E-1,6.575476646E0,6.652577157E0
1.449410474E1,-2.201396823E-1,-1.789831281E0,1.363908863E1,1.375778675E1
1.449648036E1,7.800601721E-1,-9.188438654E-1,6.671189308E0,6.779198677E0
1.449885599E1,-1.502692580E0,-1.196411371E0,1.230389404E1,1.245292310E1
1.450123156E1,1.938186288E0,-1.344766378E0,8.035098076E0,8.374232131E0
1.450360719E1,-2.210968018E0,-4.785645306E-1,1.033699417E1,1.058162804E1
1.450598276E1,2.488535643E0,-2.019542217E0,1.058106136E1,1.105577767E1
1.450835839E1,-2.196611166E0,-4.785645381E-2,7.958528042E0,8.256243664E0
1.451073401E1,1.038485050E0,-2.000399828E0,1.308395386E1,1.327666747E1
1.451310958E1,-7.704889178E-1,-4.115654826E-1,6.350551128E0,6.410346243E0
1.451548521E1,-2.488535494E-1,-1.636690736E0,1.365823174E1,1.375819679E1
1.451786083E1,8.662018180E-1,-1.004985452E0,6.532405853E0,6.665780343E0
1.452023641E1,-1.765903115E0,-9.667003751E-1,1.207896900E1,1.224558760E1
1.452261203E1,2.134397745E0,-1.392622828E0,8.298309326E0,8.680840383E0
1.452498761E1,-2.091326952E0,-4.163511395E-1,1.021735287E1,1.043749473E1
1.452736323E1,2.402393818E0,-1.962114573E0,1.083470058E1,1.126996568E1
1.452973886E1,-2.182254314E0,6.699903309E-2,7.695317745E0,7.999039815E0
1.453211443E1,9.810572863E-1,-2.043470621E0,1.325623703E1,1.344864550E1
1.453449005E1,-2.679961324E-1,-5.359922647E-1,6.254838467E0,6.283479440E0
1.453686563E1,-2.967100143E-1,-1.402194023E0,1.359601784E1,1.367135275E1
1.453924125E1,1.177268744E0,-1.095912814E0,6.498906136E0,6.694980773E0
1.454161688E1,-1.651047587E0,-8.901300430E-1,1.196411324E1,1.211025578E1
1.454399245E1,2.498106956E0,-1.512263894E0,8.614161491E0,9.095672523E0
1.454636802E1,-1.885544300E0,-2.727817893E-1,1.007856941E1,1.025705848E1
1.454874365E1,2.431107759E0,-2.096112728E0,1.105484104E1,1.151145012E1
1.455111927E1,-1.832902193E0,9.571290575E-3,7.566105366E0,7.784958090E0
1.455349490E1,1.086341500E0,-2.048256159E0,1.349551964E1,1.369322977E1
1.455587047E1,1.818545163E-1,-6.556333899E-1,6.288337708E0,6.325038919E0
1.455824609E1,-3.206382394E-1,-1.440479279E0,1.332323647E1,1.340471631E1
1.456062172E1,1.488335729E0,-1.095912814E0,6.680760860E0,6.931719398E0
1.456299729E1,-1.564906001E0,-8.997012973E-1,1.189711380E1,1.203327511E1
1.456537292E1,2.852244616E0,-1.698904037E0,8.982656479E0,9.576517723E0
1.456774849E1,-2.005185366E0,-2.153540403E-1,9.681360245E0,9.889180042E0
1.457012412E1,2.244467735E0,-2.110469580E0,1.157169056E1,1.197479602E1
1.457249974E1,-1.560120344E0,-2.344966233E-1,7.240681171E0,7.410561921E0
1.457487526E1,1.009771109E0,-2.024327993E0,1.371565914E1,1.390096569E1
1.457725094E1,2.105683982E-1,-7.561319470E-1,6.154339790E0,6.204189941E0
1.457962651E1,-7.704889178E-1,-1.373480201E0,1.307438278E1,1.316888705E1
1.458200214E1,1.622333765E0,-1.263410330E0,6.900900364E0,7.200735958E0
1.458437776E1,-1.780260086E0,-9.571290612E-1,1.173918819E1,1.191192518E1
1.458675333E1,2.660818815E0,-1.698904037E0,9.461220741E0,9.974012714E0
1.458912896E1,-2.574677229E0,-2.009970993E-1,9.178867340E0,9.535248728E0
1.459150458E1,1.751546144E0,-2.134397745E0,1.205504036E1,1.236719716E1
1.459388016E1,-1.564906001E0,-4.163511395E-1,7.073183537E0,7.256183873E0
1.459625578E1,4.977070987E-1,-1.890329838E0,1.381615829E1,1.395375538E1
1.459863136E1,-1.483550072E-1,-8.805587292E-1,5.886343479E0,5.953690657E0
1.460100698E1,-1.402194023E0,-1.268195987E0,1.299781227E1,1.313459527E1
1.460338260E1,1.655833244E0,-1.330409408E0,7.235895634E0,7.541217312E0
1.460575818E1,-2.024327993E0,-8.279166222E-1,1.174397373E1,1.194588920E1
1.460813380E1,2.239681959E0,-1.794616938E0,9.623932838E0,1.004275403E1
1.461050938E1,-2.847458839E0,-7.657032460E-2,8.977870941E0,9.418919869E0
1.461288500E1,1.512263894E0,-2.206182480E0,1.239003563E1,1.267545526E1
1.461526063E1,-1.229910851E0,-5.024927258E-1,6.891329288E0,7.018233325E0
1.461763620E1,1.818545163E-1,-1.799402595E0,1.368215942E1,1.380117413E1
1.462001182E1,4.785645381E-2,-9.332008362E-1,5.804987907E0,5.879714164E0
1.462238740E1,-1.383051515E0,-1.225125194E0,1.293559933E1,1.306688537E1
1.462476302E1,2.105684042E0,-1.435693622E0,7.513463020E0,7.933930175E0
1.462713865E1,-2.091326952E0,-6.364908218E-1,1.149033451E1,1.169643348E1
1.462951422E1,2.416750908E0,-1.823330879E0,9.930213928E0,1.038144350E1
1.463188984E1,-2.502892494E0,-1.244267747E-1,8.480163574E0,8.842687776E0
1.463426547E1,1.785045743E0,-2.187039852E0,1.281117249E1,1.311852400E1
1.463664104E1,-6.652047038E-1,-4.929214716E-1,6.623332977E0,6.674878920E0
1.463901667E1,1.866401732E-1,-1.703689694E0,1.343809223E1,1.354694489E1
1.464139224E1,7.226324677E-1,-9.427721500E-1,6.005984783E0,6.122325557E0
1.464376787E1,-1.095912814E0,-1.268195987E0,1.277288723E1,1.288239086E1
1.464614349E1,2.675175667E0,-1.368694544E0,8.044670105E0,8.587584451E0
1.464851906E1,-2.148754835E0,-5.359922647E-1,1.088734341E1,1.111029619E1
1.465089458E1,2.531606436E0,-1.785045743E0,1.043749237E1,1.088745454E1
1.465327026E1,-1.957328916E0,-3.206382394E-1,8.216953278E0,8.452944252E0
1.465564583E1,1.947757602E0,-2.163111687E0,1.315573883E1,1.347391094E1
1.465802151E1,-4.929214716E-1,-5.838487148E-1,6.173482418E0,6.220589688E0
1.466039708E1,0.000000000E0,-1.555334687E0,1.341894913E1,1.350878461E1
1.466277271E1,1.210768223E0,-1.024128079E0,6.092126369E0,6.295141119E0
1.466514828E1,-1.129412293E0,-1.316052437E0,1.289252853E1,1.300864552E1
1.466752391E1,2.656033039E0,-1.411765337E0,8.245666504E0,8.777164062E0
1.466989953E1,-2.455035925E0,-4.354937077E-1,1.050927734E1,1.080100766E1
1.467227510E1,2.364108801E0,-1.933400750E0,1.085862923E1,1.127993252E1
1.467465073E1,-1.785045743E0,-4.259224236E-1,7.896314621E0,8.106761549E0
1.467702630E1,1.521835208E0,-2.024327993E0,1.333759308E1,1.357590790E1
1.467940193E1,-7.178468108E-1,-6.077769399E-1,5.766702652E0,5.842906497E0
1.468177755E1,-4.929214716E-1,-1.450050473E0,1.345723438E1,1.354410481E1
1.468415313E1,1.320838094E0,-1.100698471E0,6.230910301E0,6.463775489E0
1.468652875E1,-1.636690736E0,-1.062413216E0,1.283988667E1,1.298730796E1
1.468890438E1,2.287538528E0,-1.383051515E0,8.528019905E0,8.937157686E0
1.469127995E1,-2.785245657E0,-2.249253243E-1,1.008335495E1,1.046337574E1
1.469365557E1,2.029113531E0,-2.019542217E0,1.131326580E1,1.166986870E1
1.469603115E1,-1.722832322E0,-2.679961324E-1,7.618747234E0,7.815707425E0
1.469840677E1,9.810572863E-1,-1.962114573E0,1.320838070E1,1.338931244E1
1.470078240E1,-6.221339107E-1,-5.407779217E-1,5.757131100E0,5.815844725E0
1.470315797E1,-7.034898400E-1,-1.416550994E0,1.346201992E1,1.355461158E1
1.470553359E1,1.603191137E0,-1.148554921E0,6.628118515E0,6.915298640E0
1.470790917E1,-2.053041935E0,-8.853443861E-1,1.240917778E1,1.260898525E1
1.471028479E1,2.287538528E0,-1.354337573E0,8.987442017E0,9.372362391E0
1.471266042E1,-2.689532757E0,-3.445664644E-1,9.475577354E0,9.855905778E0
1.471503599E1,2.163111687E0,-1.986042738E0,1.179661560E1,1.215662608E1
1.471741162E1,-1.507478237E0,-3.349951804E-1,6.996613503E0,7.165006135E0
1.471978719E1,7.752745152E-1,-1.813759565E0,1.320838070E1,1.335485286E1
1.472216281E1,-8.135596663E-2,-5.742774606E-1,5.608776093E0,5.638686252E0
1.472453844E1,-7.226324677E-1,-1.430907965E0,1.333759308E1,1.343358048E1
1.472691401E1,2.000399828E0,-9.714859724E-1,6.982256413E0,7.327843412E0
1.472928964E1,-2.172683001E0,-8.039883971E-1,1.187318611E1,1.209708631E1
1.473166526E1,2.426322222E0,-1.378265858E0,9.418149948E0,9.822840971E0
1.473404083E1,-2.182254314E0,-4.115654826E-1,9.087940216E0,9.355334169E0
1.473641646E1,2.311466694E0,-1.981257200E0,1.216989613E1,1.254490455E1
1.473879203E1,-1.416550994E0,-3.589234054E-1,6.470192432E0,6.633161602E0
1.474116766E1,6.173482537E-1,-1.751546144E0,1.336152172E1,1.348997018E1
1.474354328E1,5.551348329E-1,-7.561319470E-1,5.651846886E0,5.729160796E0
1.474591886E1,-7.800601721E-1,-1.387837172E0,1.353380489E1,1.362712225E1
1.474829448E1,2.129612207E0,-1.162911773E0,7.173682213E0,7.572933938E0
1.475067005E1,-2.383251429E0,-5.120640397E-1,1.148076344E1,1.173669570E1
1.475304568E1,2.541177750E0,-1.703689694E0,9.915857315E0,1.037710794E1
1.475542130E1,-1.957328916E0,-3.876372576E-1,8.671588898E0,8.898193813E0
1.475779688E1,2.000399828E0,-2.105684042E0,1.236610699E1,1.270260236E1
1.476017250E1,-1.186840057E0,-3.254238665E-1,6.216553211E0,6.337193688E0
1.476254807E1,3.014956415E-1,-1.780260086E0,1.354816151E1,1.366795178E1
1.476492370E1,8.757730722E-1,-9.379864931E-1,5.809773445E0,5.949812150E0
1.476729932E1,-1.258624673E0,-1.244267821E0,1.336152172E1,1.347822693E1
1.476967490E1,2.177468538E0,-1.201196909E0,7.743174076E0,8.132710988E0
1.477205052E1,-2.474178553E0,-6.364908218E-1,1.089212894E1,1.118772332E1
1.477442609E1,2.435893536E0,-1.780260086E0,1.056670475E1,1.098900144E1
1.477680172E1,-1.966900229E0,-3.828516304E-1,8.178668022E0,8.420563075E0
1.477917734E1,1.603191137E0,-2.076970100E0,1.254317665E1,1.281465205E1
1.478155292E1,-9.858429432E-1,-4.211367965E-1,6.120840549E0,6.214010906E0
1.478392854E1,-2.871387079E-2,-1.789831281E0,1.359601784E1,1.371335194E1
1.478630417E1,1.191625714E0,-9.284151793E-1,6.302694798E0,6.481194975E0
1.478867974E1,-1.885544300E0,-1.220339537E0,1.289252853E1,1.308670309E1
1.479105536E1,2.105684042E0,-1.177268744E0,8.427521706E0,8.766013294E0
1.479343094E1,-2.378465652E0,-7.034898400E-1,1.042313576E1,1.071418480E1
1.479580656E1,2.292324066E0,-1.880758643E0,1.112183952E1,1.151031351E1
1.479818219E1,-2.134397745E0,-3.541377485E-1,7.570890903E0,7.873973352E0
1.480055776E1,1.210768223E0,-2.005185366E0,1.297867012E1,1.318835115E1
1.480293339E1,-5.838487148E-1,-5.264210105E-1,5.910272121E0,5.962324626E0
1.480530901E1,-3.780659735E-1,-1.660618901E0,1.385922909E1,1.396348165E1
1.480768458E1,1.272981644E0,-9.188438654E-1,6.451049805E0,6.639337309E0
1.481006021E1,-2.177468538E0,-1.048056364E0,1.261017513E1,1.283963817E1
1.481243578E1,2.120040894E0,-1.330409408E0,8.877371788E0,9.223464232E0
1.481481141E1,-2.292324066E0,-6.269195080E-1,9.963713646E0,1.024321079E1
1.481718703E1,2.230110645E0,-1.942971945E0,1.142812061E1,1.180468018E1
1.481956261E1,-2.062613010E0,-2.727817893E-1,7.121040344E0,7.418759864E0
1.482193823E1,8.997012973E-1,-2.014756680E0,1.321795273E1,1.340085748E1
1.482431380E1,-5.742774159E-2,-6.221339107E-1,5.809773445E0,5.843271004E0
1.482668943E1,-6.939185858E-1,-1.483550072E0,1.389751434E1,1.399368960E1
1.482906505E1,1.464407444E0,-1.033699393E0,6.776473522E0,7.009537574E0
1.483144063E1,-2.268395901E0,-8.853443861E-1,1.212682533E1,1.236888626E1
1.483381625E1,2.354537487E0,-1.469193101E0,9.571290970E0,9.965539924E0
1.483619182E1,-2.062613010E0,-4.833501875E-1,9.399007797E0,9.634798774E0
1.483856745E1,2.033899307E0,-2.057827473E0,1.151426220E1,1.187222112E1
1.484094307E1,-1.674975872E0,-1.770688742E-1,6.920042992E0,7.122070806E0
1.484331865E1,7.609176040E-1,-2.029113531E0,1.339023590E1,1.356446515E1
1.484569427E1,4.737788737E-1,-6.317051649E-1,6.015556335E0,6.067160445E0
1.484806984E1,-1.148554921E0,-1.411765337E0,1.345723438E1,1.357974289E1
1.485044547E1,1.770688772E0,-9.475577474E-1,7.312466145E0,7.583229228E0
1.485282109E1,-2.153540373E0,-8.901300430E-1,1.156690502E1,1.179929487E1
1.485519667E1,2.574677229E0,-1.564906001E0,1.000678444E1,1.045053245E1
1.485757229E1,-2.110469580E0,-3.876372576E-1,8.590232849E0,8.854176692E0
1.485994786E1,1.971685886E0,-2.043470621E0,1.200239849E1,1.233372964E1
1.486232349E1,-1.134197950E0,-2.919243574E-1,6.479763508E0,6.584752079E0
1.486469912E1,5.838487148E-1,-1.914258122E0,1.368215942E1,1.382775289E1
1.486707469E1,8.901300430E-1,-6.795616150E-1,6.082555294E0,6.184788953E0
1.486945031E1,-1.512263894E0,-1.258624673E0,1.320359516E1,1.334938213E1
1.487182583E1,2.048256159E0,-1.100698471E0,7.891529083E0,8.226975245E0
1.487420151E1,-1.986042738E0,-8.566305041E-1,1.100698376E1,1.121748069E1
1.487657714E1,2.589034081E0,-1.703689694E0,1.045663452E1,1.090627625E1
1.487895271E1,-2.249253273E0,-3.302095234E-1,7.939385414E0,8.258451391E0
1.488132833E1,1.722832322E0,-2.096112728E0,1.250010586E1,1.279118784E1
1.488370396E1,-6.364908218E-1,-4.307080805E-1,6.187839508E0,6.235381929E0
1.488607953E1,1.052841991E-1,-1.741974831E0,1.392144203E1,1.403039947E1
1.488845516E1,9.332008362E-1,-8.422735929E-1,6.096911907E0,6.225160513E0
1.489083073E1,-1.852044702E0,-1.129412293E0,1.286859989E1,1.305015344E1
1.489320636E1,2.134397745E0,-1.268195987E0,8.513663292E0,8.868282666E0
1.489558198E1,-1.990828395E0,-7.130611539E-1,1.045663452E1,1.066832037E1
1.489795755E1,2.282752752E0,-1.875972986E0,1.057149029E1,1.097664073E1
1.490033318E1,-2.201396942E0,-1.674975902E-1,7.709674358E0,8.019556263E0
1.490270875E1,1.320838094E0,-2.153540373E0,1.276810169E1,1.301563561E1
1.490508438E1,-2.919243574E-1,-4.785645306E-1,6.135197163E0,6.160753855E0
1.490746000E1,-5.503492355E-1,-1.598405480E0,1.379222965E1,1.389544469E1
1.490983557E1,1.110269666E0,-9.379864931E-1,6.518048763E0,6.678134251E0
1.491221120E1,-2.139183521E0,-1.095912814E0,1.233739376E1,1.256934429E1
1.491458677E1,2.254039049E0,-1.426122308E0,9.116654396E0,9.498836995E0
1.491696240E1,-2.182254314E0,-5.694918036E-1,9.719645500E0,9.977878705E0
1.491933802E1,2.053041935E0,-1.986042738E0,1.101655579E1,1.138085446E1
1.492171354E1,-2.024327993E0,-2.009970993E-1,7.130611420E0,7.415114488E0
1.492408922E1,1.000199914E0,-2.191825628E0,1.322752380E1,1.344514356E1
1.492646484E1,5.742774159E-2,-4.211367965E-1,6.077769279E0,6.092613032E0
1.492884042E1,-1.153340459E0,-1.579262972E0,1.347159195E1,1.361279014E1
1.493121604E1,1.335195065E0,-9.188438654E-1,7.092326164E0,7.275170811E0
1.493359162E1,-2.000399828E0,-1.081555843E0,1.181575775E1,1.203260129E1
1.493596724E1,2.392822742E0,-1.454836130E0,9.628718376E0,1.002768001E1
1.493834287E1,-2.392822742E0,-3.972085714E-1,8.901300430E0,9.225861731E0
1.494071844E1,1.966900229E0,-2.033899307E0,1.158604717E1,1.192652221E1
1.494309406E1,-1.402194023E0,-2.297109663E-1,6.853044033E0,6.998794734E0
1.494546964E1,7.657032609E-1,-2.048256159E0,1.362473202E1,1.379909335E1
1.494784526E1,3.972085714E-1,-5.982056856E-1,5.996413708E0,6.039255090E0
1.495022089E1,-1.411765337E0,-1.368694544E0,1.324188042E1,1.338707597E1
1.495259646E1,1.746760488E0,-1.052842021E0,7.637889862E0,7.905505048E0
1.495497208E1,-1.737189293E0,-9.762716293E-1,1.132283688E1,1.149685034E1
1.495734766E1,2.507678032E0,-1.593619823E0,9.911071777E0,1.034685542E1
1.495972328E1,-2.273181438E0,-2.727817893E-1,8.374878883E0,8.682186364E0
1.496209891E1,1.971685886E0,-2.139183521E0,1.207418346E1,1.241972454E1
1.496447448E1,-6.843472719E-1,-3.924229145E-1,6.580262184E0,6.627380881E0
1.496685010E1,4.259224236E-1,-1.808973908E0,1.384487152E1,1.396904664E1
1.496922568E1,7.513462901E-1,-7.513462901E-1,6.087340832E0,6.179381919E0
1.497160130E1,-1.430907965E0,-1.311266780E0,1.294038486E1,1.308512433E1
1.497397693E1,2.273181438E0,-1.215553880E0,8.331808090E0,8.721464965E0
1.497635250E1,-1.646261930E0,-7.848458290E-1,1.077727318E1,1.093049763E1
1.497872813E1,2.512463808E0,-1.804188251E0,1.018385315E1,1.064323422E1
1.498110370E1,-2.038684845E0,-1.914258152E-1,7.958528042E0,8.217727687E0
1.498347932E1,1.904686809E0,-2.258824587E0,1.262931824E1,1.297034308E1
1.498585495E1,-1.818545163E-1,-3.541377485E-1,6.446264267E0,6.458545317E0
1.498823052E1,-1.866401732E-1,-1.761117458E0,1.358644676E1,1.370138332E1
1.499060615E1,1.119840980E0,-7.417750359E-1,6.680760860E0,6.814458137E0
1.499298177E1,-1.512263894E0,-1.296909928E0,1.241874981E1,1.257753013E1
1.499535734E1,2.435893536E0,-1.316052437E0,9.001798630E0,9.417958903E0
1.499773297E1,-1.995614052E0,-6.077769399E-1,9.901499748E0,1.011887175E1
1.500010854E1,2.263610125E0,-1.919043779E0,1.065763187E1,1.106308171E1
1.500248417E1,-1.871187329E0,-1.579262912E-1,7.637889862E0,7.865344511E0
1.500485979E1,1.383051515E0,-2.311466694E0,1.313181114E1,1.340522934E1
1.500723537E1,-1.770688742E-1,-3.158525825E-1,6.202196121E0,6.212757276E0
1.500961099E1,-1.028913736E0,-1.588834286E0,1.360080433E1,1.373189485E1
1.501198656E1,1.153340459E0,-9.379864931E-1,6.939185619E0,7.096640750E0
1.501436219E1,-1.804188251E0,-1.182054400E0,1.214596748E1,1.233599911E1
1.501673781E1,2.163111687E0,-1.378265858E0,9.351150513E0,9.696529526E0
1.501911339E1,-2.541177750E0,-4.450650215E-1,9.298508644E0,9.649763222E0
1.502148901E1,1.947757602E0,-2.096112728E0,1.122233772E1,1.158137782E1
1.502386458E1,-1.689332843E0,-2.297109663E-1,7.154539585E0,7.354865686E0
1.502624021E1,7.992027402E-1,-2.081755638E0,1.364387512E1,1.382489638E1
1.502861583E1,-2.105683982E-1,-5.120640397E-1,5.886343479E0,5.912325108E0
1.503099141E1,-1.464407444E0,-1.435693622E0,1.344766331E1,1.360313764E1
1.503336703E1,1.402194023E0,-1.100698471E0,7.551748276E0,7.759290381E0
1.503574266E1,-1.880758643E0,-1.033699393E0,1.159083271E1,1.178784079E1
1.503811823E1,2.115255117E0,-1.579262972E0,9.461220741E0,9.822579786E0
1.504049386E1,-2.560320139E0,-2.201396823E-1,8.767302513E0,9.136153132E0
1.504286943E1,1.923829436E0,-2.230110645E0,1.170568848E1,1.207052840E1
1.504524505E1,-1.067198873E0,-2.249253243E-1,6.977470875E0,7.062195455E0
1.504762068E1,2.967100143E-1,-1.909472466E0,1.362473202E1,1.376108442E1
1.504999625E1,3.206382394E-1,-5.551348329E-1,6.187839508E0,6.220959841E0
1.505237188E1,-1.402194023E0,-1.378265858E0,1.297388458E1,1.312202141E1
1.505474745E1,2.005185366E0,-1.167697430E0,8.102097511E0,8.427827106E0
1.505712307E1,-1.775474429E0,-8.135597110E-1,1.095434189E1,1.112707487E1
1.505949870E1,2.426322222E0,-1.698904037E0,9.777072906E0,1.021589296E1
1.506187427E1,-2.139183521E0,-1.579262912E-1,8.283951759E0,8.557155111E0
1.506424990E1,2.062613010E0,-2.349751949E0,1.235653591E1,1.274596746E1
1.506662547E1,-4.354937077E-1,-1.483550072E-1,6.637690067E0,6.653615063E0
1.506900109E1,-6.221338734E-2,-1.813759565E0,1.361516094E1,1.373558159E1
1.507137672E1,9.188438654E-1,-7.322037220E-1,6.465406895E0,6.571292312E0
1.507375229E1,-1.186840057E0,-1.411765337E0,1.265803146E1,1.279169384E1
1.507612792E1,2.450250387E0,-1.258624673E0,8.585447311E0,9.016527522E0
1.507850349E1,-1.947757602E0,-6.412764788E-1,1.024128056E1,1.044455947E1
1.508087912E1,2.411965132E0,-1.895115495E0,1.019820976E1,1.064953149E1
1.508325474E1,-1.713261008E0,-2.201396823E-1,7.958528042E0,8.143825474E0
1.508563031E1,1.852044702E0,-2.287538528E0,1.302652645E1,1.335489773E1
1.508800594E1,-3.206382394E-1,-3.828516304E-1,6.187839508E0,6.207957960E0
1.509038151E1,-6.891329288E-1,-1.593619823E0,1.360080433E1,1.371117817E1
1.509275714E1,1.182054400E0,-9.475577474E-1,6.829115868E0,6.995137012E0
1.509513276E1,-1.359123230E0,-1.287338614E0,1.234217930E1,1.248334276E1
1.509750833E1,2.268395901E0,-1.416550994E0,8.858229637E0,9.253132928E0
1.509988396E1,-2.359323025E0,-3.876372576E-1,9.556933403E0,9.851479272E0
1.510225953E1,2.220539331E0,-2.096112728E0,1.088734341E1,1.130746346E1
1.510463516E1,-1.550549030E0,-2.392822653E-1,7.570890903E0,7.731742842E0
1.510701078E1,1.009771109E0,-2.076970100E0,1.340937805E1,1.360679471E1
1.510938636E1,-3.062812984E-1,-4.498506486E-1,6.149554253E0,6.173588207E0
1.511176198E1,-1.249053478E0,-1.560120344E0,1.326102352E1,1.341077384E1
1.511413761E1,1.402194023E0,-1.019342422E0,7.523034573E0,7.720184987E0
1.511651318E1,-1.737189293E0,-1.043270707E0,1.172483063E1,1.189865092E1
1.511888880E1,2.100898266E0,-1.550549030E0,9.193224907E0,9.556848853E0
1.512126438E1,-2.512463808E0,-2.057827413E-1,9.001798630E0,9.348112082E0
1.512364000E1,2.024327993E0,-2.263610125E0,1.156690502E1,1.195889319E1
1.512601563E1,-1.220339537E0,-1.196411327E-1,7.211967468E0,7.315464261E0
1.512839120E1,2.153540403E-1,-1.952543259E0,1.346201992E1,1.360458683E1
1.513076682E1,6.221338734E-2,-4.785645306E-1,6.336194515E0,6.354546046E0
1.513314240E1,-1.306481123E0,-1.450050473E0,1.303609753E1,1.318140273E1
1.513551802E1,1.880758643E0,-1.081555843E0,8.015955925E0,8.304370266E0
1.513789365E1,-1.990828395E0,-8.039883971E-1,1.094955635E1,1.115807238E1
1.514026922E1,2.210968018E0,-1.598405480E0,9.652647018E0,1.003079629E1
1.514264484E1,-2.182254314E0,-1.196411327E-1,8.489734650E0,8.766535366E0
1.514502042E1,2.057827473E0,-2.282752752E0,1.230867958E1,1.268657586E1
1.514739604E1,-7.848458290E-1,-7.178468257E-2,6.656832695E0,6.703324365E0
1.514977167E1,-1.914258152E-1,-1.684547186E0,1.371565914E1,1.382004518E1
1.515214724E1,7.034898400E-1,-7.082754970E-1,6.398407936E0,6.475814717E0
1.515452286E1,-1.105484009E0,-1.272981644E0,1.268674564E1,1.279828474E1
1.515689844E1,2.263610125E0,-1.196411371E0,8.456234932E0,8.835340412E0
1.515927406E1,-2.086541414E0,-5.216353536E-1,1.014556789E1,1.037103208E1
1.516164969E1,2.464607239E0,-1.780260086E0,1.025085258E1,1.069222117E1
1.516402526E1,-1.636690736E0,-2.057827413E-1,8.020741463E0,8.188613846E0
1.516640089E1,1.780260086E0,-2.129612207E0,1.291167068E1,1.320665794E1
1.516877651E1,-4.307080805E-1,-2.440679073E-1,6.345765591E0,6.365046703E0
1.517115208E1,-4.881358147E-1,-1.579262972E0,1.350987625E1,1.361062469E1
1.517352771E1,1.301695466E0,-8.949156404E-1,6.939185619E0,7.116711470E0
1.517590328E1,-1.138983607E0,-1.143769264E0,1.235175037E1,1.245677443E1
1.517827891E1,2.368894339E0,-1.430907965E0,8.628518105E0,9.061483470E0
1.518065453E1,-2.148754835E0,-2.823530734E-1,9.628718376E0,9.869604256E0
1.518303010E1,2.512463808E0,-2.134397745E0,1.091127110E1,1.139841941E1
1.518540573E1,-1.249053478E0,-1.435693651E-1,7.647460938E0,7.750122937E0
1.518778130E1,1.129412293E0,-2.134397745E0,1.328495121E1,1.350263510E1
1.519015693E1,-1.435693651E-1,-3.349951804E-1,6.235695839E0,6.246337849E0
1.519253250E1,-8.853443861E-1,-1.564906001E0,1.323709488E1,1.335864687E1
1.519490813E1,1.674975872E0,-1.095912814E0,7.503891945E0,7.766270880E0
1.519728375E1,-1.636690736E0,-1.043270707E0,1.161476135E1,1.177581639E1
1.519965932E1,2.292324066E0,-1.517049551E0,9.131011009E0,9.535803638E0
1.520203495E1,-2.306680918E0,-2.727817893E-1,9.049654961E0,9.342988904E0
1.520441057E1,2.258824587E0,-2.316252232E0,1.170568848E1,1.214456486E1
1.520678615E1,-1.201196909E0,-1.244267747E-1,7.159325123E0,7.260460884E0
1.520916177E1,2.105683982E-1,-2.009970903E0,1.355294704E1,1.370279883E1
1.521153734E1,6.699903309E-2,-6.556333899E-1,6.278766632E0,6.313260206E0
1.521391297E1,-1.186840057E0,-1.517049551E0,1.311266804E1,1.325338039E1
1.521628859E1,1.751546144E0,-1.162911773E0,7.958528042E0,8.231551876E0
1.521866417E1,-2.220539331E0,-8.327022791E-1,1.094955635E1,1.120343574E1
1.522103979E1,2.081755638E0,-1.727617979E0,9.528220177E0,9.904814494E0
1.522341537E1,-2.282752752E0,-3.158525825E-1,8.652446747E0,8.954080505E0
1.522579099E1,1.828116536E0,-2.335394859E0,1.237089348E1,1.272144193E1
1.522816662E1,-1.244267821E0,-2.392822653E-1,6.723831654E0,6.842175861E0
1.523054219E1,-5.168496966E-1,-1.732403636E0,1.358644676E1,1.370619902E1
1.523291781E1,4.498506486E-1,-9.044869542E-1,6.618547440E0,6.695194730E0
1.523529339E1,-1.354337573E0,-1.435693622E0,1.270588779E1,1.285826703E1
1.523766901E1,1.847259045E0,-1.325623751E0,8.279166222E0,8.585699601E0
1.524004464E1,-2.445464849E0,-5.264210105E-1,1.028435135E1,1.058420049E1
1.524242021E1,2.163111687E0,-1.957328916E0,1.030827999E1,1.071311463E1
1.524479583E1,-1.966900229E0,-2.584248483E-1,8.169096947E0,8.406522756E0
1.524717146E1,1.335195065E0,-2.177468538E0,1.294517040E1,1.319475471E1
1.524954703E1,-8.279166222E-1,-3.302095234E-1,6.412764549E0,6.474413752E0
1.525192266E1,-8.327022791E-1,-1.713261008E0,1.341894913E1,1.355348118E1
1.525429823E1,1.048056364E0,-1.024128079E0,7.015756130E0,7.167153866E0
1.525667380E1,-1.507478237E0,-1.201196909E0,1.222732353E1,1.237831998E1
1.525904948E1,2.053041935E0,-1.459621787E0,8.528019905E0,8.892277574E0
1.526142505E1,-2.388036966E0,-3.876372576E-1,9.686145782E0,9.983706892E0
1.526380068E1,2.364108801E0,-2.234896421E0,1.092084217E1,1.139511150E1
1.526617625E1,-1.459621787E0,-8.614161611E-2,7.786244869E0,7.922343422E0
1.526855188E1,8.757730722E-1,-2.210968018E0,1.316530991E1,1.337836847E1
1.527092750E1,-1.914258152E-1,-4.211367965E-1,6.441478729E0,6.458068462E0
1.527330307E1,-7.369893789E-1,-1.636690736E0,1.324188042E1,1.336298271E1
1.527567870E1,1.732403636E0,-1.129412293E0,7.628318787E0,7.903672690E0
1.527805427E1,-1.737189293E0,-1.009771109E0,1.142812061E1,1.160342213E1
1.528042990E1,2.373680115E0,-1.531406522E0,9.207581520E0,9.631153652E0
1.528280552E1,-2.024327993E0,-3.302095234E-1,9.135796547E0,9.363211025E0
1.528518104E1,2.455035925E0,-2.325823545E0,1.176790142E1,1.224418884E1
1.528755672E1,-1.186840057E0,-1.339980662E-1,7.116254330E0,7.215789665E0
1.528993234E1,3.780659735E-1,-1.890329838E0,1.362951756E1,1.376517452E1
1.529230792E1,3.445664644E-1,-7.417750359E-1,6.393621922E0,6.445723972E0
1.529468354E1,-7.417750359E-1,-1.478764415E0,1.318445301E1,1.328784315E1
1.529705912E1,2.009970903E0,-1.244267821E0,7.819744587E0,8.169246651E0
1.529943474E1,-2.014756680E0,-7.561319470E-1,1.092084217E1,1.113084784E1
1.530181031E1,2.502892494E0,-1.789831281E0,9.638289452E0,1.011753875E1
1.530418594E1,-1.818545222E0,-3.302095234E-1,8.767302513E0,8.960007724E0
1.530656156E1,2.024327993E0,-2.234896421E0,1.243310642E1,1.279354529E1
1.530893714E1,-1.067198873E0,-2.153540403E-1,6.814758778E0,6.901175841E0
1.531131276E1,-1.818545163E-1,-1.799402595E0,1.364866066E1,1.376796494E1
1.531368833E1,7.417750359E-1,-9.140582681E-1,6.671189308E0,6.774252690E0
1.531606396E1,-1.186840057E0,-1.330409408E0,1.277288723E1,1.289671379E1
1.531843958E1,1.899901152E0,-1.311266780E0,8.059026718E0,8.383135249E0
1.532081516E1,-2.234896421E0,-4.498506486E-1,1.044706345E1,1.069290710E1
1.532319078E1,2.359323025E0,-2.009970903E0,1.022692394E1,1.068626977E1
1.532556636E1,-1.871187329E0,-1.148554832E-1,8.389236450E0,8.596151582E0
1.532794198E1,1.301695466E0,-2.215753794E0,1.279202938E1,1.304760482E1
1.533031761E1,-9.092726111E-1,-1.531406492E-1,6.537191391E0,6.601901243E0
1.533269318E1,-6.652047038E-1,-1.694118381E0,1.352423382E1,1.364615091E1
1.533506880E1,1.014556766E0,-9.379864931E-1,6.953542709E0,7.089492246E0
1.533744438E1,-1.689332843E0,-1.119840980E0,1.210768223E1,1.227614998E1
1.533982000E1,1.942971945E0,-1.359123230E0,8.489734650E0,8.814644086E0
1.534219563E1,-2.435893536E0,-3.397808075E-1,9.781859398E0,1.008631754E1
1.534457120E1,2.292324066E0,-2.139183521E0,1.092084217E1,1.136202664E1
1.534694682E1,-1.799402595E0,-4.785645287E-3,7.752745152E0,7.958827174E0
1.534932240E1,7.274180651E-1,-2.019542217E0,1.322752380E1,1.340056244E1
1.535169802E1,-5.168496966E-1,-4.259224236E-1,6.254838467E0,6.290592004E0
1.535407365E1,-7.609176040E-1,-1.560120344E0,1.321795273E1,1.333143824E1
1.535644922E1,1.426122308E0,-1.000199914E0,7.235895634E0,7.442607764E0
1.535882484E1,-1.909472466E0,-8.901300430E-1,1.154776192E1,1.173836538E1
1.536120047E1,2.234896421E0,-1.440479279E0,8.800801277E0,9.193685098E0
1.536357604E1,-2.076970100E0,-2.775674164E-1,9.308079720E0,9.541027017E0
1.536595167E1,2.392822742E0,-2.072184324E0,1.156690502E1,1.199219914E1
1.536832724E1,-1.560120344E0,-4.785645287E-3,7.097112179E0,7.266567255E0
1.537070286E1,4.259224236E-1,-1.808973908E0,1.345723438E1,1.358495321E1
1.537307849E1,2.201396823E-1,-6.317051649E-1,6.269195557E0,6.304785946E0
1.537545406E1,-6.221339107E-1,-1.378265858E0,1.304088306E1,1.312826335E1
1.537782969E1,1.746760488E0,-1.110269666E0,7.417750359E0,7.701096760E0
1.538020526E1,-1.904686809E0,-6.364908218E-1,1.098784161E1,1.116985298E1
1.538258089E1,2.574677229E0,-1.655833244E0,9.274580956E0,9.766708681E0
1.538495651E1,-1.813759565E0,-1.579262912E-1,8.939585686E0,9.123094689E0
1.538733208E1,2.220539331E0,-2.177468538E0,1.202632618E1,1.242194371E1
1.538970771E1,-1.143769264E0,-4.307080805E-2,6.752545357E0,6.848863557E0
1.539208328E1,1.962114573E-1,-1.761117458E0,1.352901936E1,1.364457395E1
1.539445891E1,8.566305041E-1,-7.848458290E-1,6.441478729E0,6.545414197E0
1.539683453E1,-7.992027402E-1,-1.234696507E0,1.276810169E1,1.285253365E1
1.539921011E1,2.134397745E0,-1.258624673E0,7.628318787E0,8.020663147E0
1.540158573E1,-1.856830359E0,-5.264210105E-1,1.058584690E1,1.076034817E1
1.540396130E1,2.751745939E0,-1.947757602E0,9.963713646E0,1.051862420E1
1.540633693E1,-1.665404558E0,-6.221338734E-2,8.566305161E0,8.726913942E0
1.540871255E1,1.732403636E0,-2.263610125E0,1.248574829E1,1.280699276E1
1.541108813E1,-7.657032609E-1,-1.914258152E-1,6.628118515E0,6.674945721E0
1.541346375E1,-8.135596663E-2,-1.785045743E0,1.347159195E1,1.358958413E1
1.541583938E1,1.091127157E0,-9.188438654E-1,6.800402164E0,6.948402847E0
1.541821495E1,-1.387837172E0,-1.182054400E0,1.222732353E1,1.236247489E1
1.542059057E1,2.086541414E0,-1.325623751E0,8.121239662E0,8.489138181E0
1.542296615E1,-2.072184324E0,-5.024927258E-1,1.027956581E1,1.049837702E1
1.542534177E1,2.569891453E0,-2.081755638E0,1.064806080E1,1.114985414E1
1.542771740E1,-2.081755638E0,-5.742774159E-2,7.948956966E0,8.217233192E0
1.543009297E1,9.714859724E-1,-2.067398787E0,1.313181114E1,1.332900546E1
1.543246859E1,-6.364908218E-1,-4.450650215E-1,6.417550564E0,6.464376124E0
1.543484412E1,-3.684946895E-1,-1.598405480E0,1.359601784E1,1.369461169E1
1.543721979E1,9.762716293E-1,-1.062413216E0,6.776473522E0,6.928377987E0
1.543959542E1,-1.928615093E0,-9.188438654E-1,1.194018459E1,1.212979136E1
1.544197099E1,2.096112728E0,-1.435693622E0,8.566305161E0,8.935126683E0
1.544434662E1,-2.234896421E0,-3.924229145E-1,9.920642853E0,1.017683214E1
1.544672219E1,2.196611166E0,-2.014756680E0,1.124626637E1,1.163455423E1
1.544909781E1,-2.120040894E0,-9.571290575E-3,7.551748276E0,7.843696005E0
1.545147344E1,5.407779217E-1,-1.966900229E0,1.336152172E1,1.351633826E1
1.545384901E1,-2.871387303E-1,-5.886343718E-1,6.360122681E0,6.393754733E0
1.545622464E1,-6.747759581E-1,-1.383051515E0,1.338544941E1,1.347361904E1
1.545860021E1,1.172483087E0,-1.110269666E0,6.872186661E0,7.059345920E0
1.546097583E1,-2.009970903E0,-7.417750359E-1,1.162433243E1,1.182012342E1
1.546335146E1,2.330609322E0,-1.603191137E0,8.968298912E0,9.403847458E0
1.546572703E1,-2.024327993E0,-1.914258152E-1,9.643074989E0,9.855122674E0
1.546810266E1,2.096112728E0,-2.158325911E0,1.152383423E1,1.191011396E1
1.547047823E1,-1.770688772E0,1.100698411E-1,7.288537979E0,7.501349210E0
1.547285386E1,5.455635786E-1,-1.914258122E0,1.359601784E1,1.374095065E1
1.547522948E1,4.259224236E-1,-6.556333899E-1,6.317051888E0,6.365250160E0
1.547760505E1,-7.848458290E-1,-1.301695466E0,1.302652645E1,1.311490699E1
1.547998068E1,1.741974831E0,-1.110269666E0,7.135396957E0,7.428395842E0
1.548235625E1,-1.832902193E0,-6.747759581E-1,1.127976608E1,1.144761879E1
1.548473188E1,2.871387243E0,-1.727617979E0,9.566504478E0,1.013644595E1
1.548710750E1,-1.952543259E0,-7.657032460E-2,9.030512810E0,9.239504846E0
1.548948307E1,2.048256159E0,-2.086541414E0,1.214596748E1,1.249293938E1
1.549185870E1,-1.086341500E0,-1.914258152E-1,6.867401123E0,6.955428088E0
1.549423427E1,5.838487148E-1,-1.828116536E0,1.365823174E1,1.379239586E1
1.549660984E1,7.848458290E-1,-7.704889178E-1,6.360122681E0,6.454517539E0
1.549898552E1,-9.858429432E-1,-1.205982566E0,1.267238903E1,1.276776112E1
1.550136109E1,2.148754835E0,-1.220339537E0,7.503891945E0,7.900301909E0
1.550373672E1,-1.694118381E0,-6.795616150E-1,1.100698376E1,1.115730848E1
1.550611229E1,2.904886723E0,-1.799402595E0,1.011206818E1,1.067380623E1
1.550848792E1,-2.230110645E0,-8.614161611E-2,8.427521706E0,8.718023627E0
1.551086354E1,1.651047587E0,-2.062613010E0,1.274417305E1,1.301515568E1
1.551323912E1,-8.087740541E-1,-3.780659735E-1,6.565905571E0,6.626323665E0
1.551561474E1,2.392822653E-1,-1.694118381E0,1.380180073E1,1.390744392E1
1.551799031E1,6.317051649E-1,-9.188438654E-1,6.149554253E0,6.249827435E0
1.552036594E1,-1.545763373E0,-1.057627559E0,1.244746304E1,1.258758501E1
1.552274156E1,2.177468538E0,-1.397408366E0,7.992027760E0,8.400394460E0
1.552511714E1,-2.076970100E0,-5.120640397E-1,1.073898792E1,1.094997151E1
1.552749276E1,2.354537487E0,-1.957328916E0,1.038963604E1,1.083141359E1
1.552986833E1,-2.474178553E0,-9.571290575E-3,8.121239662E0,8.489769418E0
1.553224396E1,1.048056364E0,-2.091326952E0,1.305524063E1,1.326315869E1
1.553461958E1,-6.604190469E-1,-5.934200287E-1,6.508477688E0,6.568758061E0
1.553699516E1,-3.397808075E-1,-1.555334687E0,1.349551964E1,1.358909737E1
1.553937078E1,6.029912829E-1,-1.048056364E0,6.235695839E0,6.351844081E0
1.554174641E1,-1.938186288E0,-1.004985452E0,1.229432297E1,1.248667046E1
1.554412198E1,2.215753794E0,-1.502692580E0,8.370093346E0,8.787838897E0
1.554649760E1,-2.426322222E0,-3.445664644E-1,1.040399265E1,1.068872437E1
1.554887318E1,1.938186288E0,-2.086541414E0,1.080598736E1,1.117495342E1
1.555124880E1,-2.402393818E0,-4.307080805E-2,7.800601959E0,8.162275545E0
1.555362443E1,8.566305041E-1,-2.148754835E0,1.334237862E1,1.354141907E1
1.555600000E1,-4.354937077E-1,-6.029912829E-1,6.336194515E0,6.379703300E0
1.555837563E1,-7.609176040E-1,-1.493121386E0,1.323230934E1,1.333800651E1
1.556075120E1,1.024128079E0,-1.129412293E0,6.518048763E0,6.693980141E0
1.556312682E1,-1.875972986E0,-1.038485050E0,1.208375454E1,1.227252417E1
1.556550245E1,2.574677229E0,-1.545763373E0,8.901300430E0,9.394226769E0
1.556787802E1,-2.512463808E0,-3.206382394E-1,9.767501831E0,1.009055872E1
1.557025365E1,1.971685886E0,-2.009970903E0,1.139940739E1,1.174197671E1
1.557262922E1,-1.818545222E0,-2.679961324E-1,7.427321434E0,7.651407213E0
1.557500484E1,1.043270707E0,-2.081755638E0,1.362951756E1,1.382699783E1
1.557738047E1,-6.221338734E-2,-7.226324677E-1,5.977271080E0,6.021115989E0
1.557975604E1,-7.896314859E-1,-1.363908887E0,1.314138222E1,1.323554653E1
1.558213167E1,1.708475351E0,-1.220339537E0,6.786045074E0,7.103416387E0
1.558450724E1,-1.579262972E0,-9.619147182E-1,1.197368431E1,1.211562906E1
1.558688287E1,2.746960402E0,-1.651047587E0,9.241081238E0,9.781070086E0
1.558925849E1,-2.440679073E0,-1.339980662E-1,9.303294182E0,9.619051536E0
1.559163406E1,2.124826431E0,-2.158325911E0,1.193539906E1,1.231369192E1
1.559400969E1,-1.134197950E0,-4.211367965E-1,7.101897717E0,7.204214903E0
1.559638526E1,8.853443861E-1,-1.847259045E0,1.376351547E1,1.391511979E1
1.559876089E1,2.009970993E-1,-8.662018180E-1,5.795416355E0,5.863237685E0
1.560113651E1,-9.092726111E-1,-1.316052437E0,1.302652645E1,1.312437283E1
1.560351208E1,2.172683001E0,-1.368694544E0,7.192824841E0,7.637447569E0
1.560588771E1,-1.674975872E0,-7.322037220E-1,1.192104244E1,1.206038637E1
1.560826328E1,2.641676188E0,-1.789831281E0,9.489934921E0,1.001203345E1
1.561063891E1,-2.483749866E0,-7.178468257E-2,8.944371223E0,9.283099861E0
1.561301453E1,1.995614052E0,-2.249253273E0,1.249532032E1,1.285202885E1
1.561539011E1,-8.087740541E-1,-5.264210105E-1,6.790830612E0,6.859053503E0
1.561776573E1,3.972085714E-1,-1.785045743E0,1.360558987E1,1.372793643E1
1.562014130E1,4.307080805E-1,-9.427721500E-1,5.833701611E0,5.925065675E0
1.562251693E1,-1.205982566E0,-1.306481123E0,1.300259781E1,1.312359846E1
1.562489255E1,2.431107759E0,-1.406979680E0,7.776673794E0,8.268405654E0
1.562726813E1,-2.210968018E0,-6.364908218E-1,1.127019501E1,1.150264299E1
1.562964375E1,2.402393818E0,-1.808973908E0,1.023170948E1,1.066450944E1
1.563201932E1,-2.407179594E0,-2.967100143E-1,8.413164139E0,8.755791298E0
1.563439495E1,1.684547186E0,-2.206182480E0,1.305045509E1,1.334238804E1
1.563677057E1,-8.135597110E-1,-6.077769399E-1,6.427121639E0,6.506855214E0
1.563914615E1,-1.722832322E-1,-1.674975872E0,1.348594856E1,1.359065982E1
1.564152177E1,6.460621357E-1,-1.033699393E0,6.087340832E0,6.208192098E0
1.564389734E1,-1.550549030E0,-1.383051515E0,1.286381435E1,1.303053159E1
1.564627297E1,2.273181438E0,-1.359123230E0,8.279166222E0,8.692477387E0
1.564864859E1,-2.641676188E0,-5.264210105E-1,1.072463131E1,1.105772530E1
1.565102417E1,2.014756680E0,-1.880758643E0,1.066241741E1,1.101288530E1
1.565339979E1,-2.254039049E0,-3.302095234E-1,8.140382767E0,8.453139177E0
1.565577536E1,1.445264935E0,-2.110469580E0,1.328973675E1,1.353366083E1
1.565815099E1,-9.523434043E-1,-5.982056856E-1,5.967699528E0,6.072746138E0
1.566052662E1,-5.790630579E-1,-1.469193101E0,1.352423382E1,1.361612069E1
1.566290219E1,1.076770186E0,-1.129412293E0,6.211767673E0,6.404768832E0
1.566527781E1,-1.665404558E0,-1.148554921E0,1.279202938E1,1.295101411E1
1.566765344E1,2.335394859E0,-1.435693622E0,8.461020470E0,8.894051535E0
1.567002901E1,-2.727817774E0,-2.584248483E-1,1.018863869E1,1.055064602E1
1.567240458E1,2.019542217E0,-1.957328916E0,1.110269737E1,1.145336528E1
1.567478021E1,-1.746760488E0,-3.828516304E-1,7.752745152E0,7.956305987E0
1.567715583E1,1.263410330E0,-1.995614052E0,1.322752380E1,1.343674317E1
1.567953141E1,-5.599204898E-1,-5.312066078E-1,5.757131100E0,5.808635805E0
1.568190703E1,-5.599204898E-1,-1.416550994E0,1.339023590E1,1.347659249E1
1.568428266E1,1.670190215E0,-1.138983607E0,6.436692715E0,6.746690456E0
1.568665818E1,-1.627119422E0,-8.518448472E-1,1.258146191E1,1.271480794E1
1.568903386E1,2.522035122E0,-1.440479279E0,8.752944946E0,9.222238716E0
1.569140948E1,-2.469393015E0,-2.057827413E-1,9.628718376E0,9.942457743E0
1.569378505E1,2.354537487E0,-1.981257200E0,1.157647610E1,1.197848178E1
1.569616068E1,-1.268195987E0,-2.488535494E-1,7.216753006E0,7.331560073E0
1.569853625E1,1.115055323E0,-1.813759565E0,1.322273827E1,1.339305340E1
1.570091188E1,4.307080805E-2,-5.599204898E-1,5.608776093E0,5.636819609E0
1.570328745E1,-4.163511395E-1,-1.411765337E0,1.338544941E1,1.346613105E1
1.570566307E1,2.234896421E0,-1.033699393E0,6.867401123E0,7.295511952E0
1.570803870E1,-1.775474429E0,-8.422735929E-1,1.203589821E1,1.219526875E1
1.571041427E1,2.746960402E0,-1.344766378E0,9.269794464E0,9.761315355E0
1.571278990E1,-2.115255117E0,-3.397808075E-1,9.164510727E0,9.411589243E0
1.571516552E1,2.569891453E0,-2.048256159E0,1.214118195E1,1.257807594E1
1.571754109E1,-1.148554921E0,-3.206382394E-1,6.666403770E0,6.772217253E0
1.571991672E1,8.566305041E-1,-1.708475351E0,1.337109280E1,1.350699176E1
1.572229229E1,4.785645306E-1,-7.465606928E-1,5.623133183E0,5.692627132E0
1.572466792E1,-5.742774606E-1,-1.397408366E0,1.340937805E1,1.349421967E1
1.572704349E1,2.220539331E0,-1.105484009E0,7.144968510E0,7.563297219E0
1.572941906E1,-2.177468538E0,-6.652047038E-1,1.166740322E1,1.188747931E1
1.573179474E1,2.445464849E0,-1.536192179E0,9.647860527E0,1.007081911E1
1.573417031E1,-2.110469580E0,-4.259224236E-1,8.863015175E0,9.120774624E0
1.573654594E1,2.148754835E0,-2.029113531E0,1.233739376E1,1.268643898E1
1.573892151E1,-1.392622828E0,-3.349951804E-1,6.283552170E0,6.444738007E0
1.574129714E1,2.392822653E-1,-1.722832322E0,1.350987625E1,1.362138626E1
1.574367276E1,5.551348329E-1,-8.039883971E-1,5.771488190E0,5.853601280E0
1.574604833E1,-1.201196909E0,-1.339980721E0,1.341894913E1,1.353907744E1
1.574842396E1,1.808973908E0,-1.143769264E0,7.475177765E0,7.775530680E0
1.575079958E1,-2.665604353E0,-5.216353536E-1,1.126540947E1,1.158822681E1
1.575317516E1,2.254039049E0,-1.789831281E0,1.021735287E1,1.061501237E1
1.575555078E1,-2.201396942E0,-3.014956415E-1,8.518448830E0,8.803466282E0
1.575792636E1,1.526620865E0,-2.067398787E0,1.231825066E1,1.258348156E1
1.576030198E1,-1.363908887E0,-2.727817893E-1,6.235695839E0,6.388940440E0
1.576267760E1,-9.571290761E-2,-1.679761529E0,1.358166122E1,1.368547702E1
1.576505318E1,7.369893789E-1,-8.470591903E-1,5.967699528E0,6.072404818E0
1.576742880E1,-1.708475351E0,-1.201196909E0,1.322752380E1,1.339138335E1
1.576980438E1,1.875972986E0,-1.052842021E0,7.915457249E0,8.202573646E0
1.577218000E1,-2.665604353E0,-6.317051649E-1,1.075813103E1,1.110143600E1
1.577455563E1,2.340180635E0,-1.694118381E0,1.071984577E1,1.110232299E1
1.577693120E1,-2.191825628E0,-2.967100143E-1,7.858029366E0,8.163379320E0
1.577930682E1,1.411765337E0,-1.947757602E0,1.270110226E1,1.292690371E1
1.578168240E1,-8.614161611E-1,-3.349951804E-1,5.948556900E0,6.019932621E0
1.578405802E1,-8.614161611E-2,-1.679761529E0,1.366301727E1,1.376615633E1
1.578643359E1,1.158126116E0,-7.657032609E-1,6.221338749E0,6.374371609E0
1.578880922E1,-1.823330879E0,-1.129412293E0,1.282074356E1,1.299890661E1
1.579118484E1,2.187039852E0,-1.124626637E0,8.408378601E0,8.760636911E0
1.579356042E1,-2.072184324E0,-6.221339107E-1,1.032742214E1,1.055161820E1
1.579593604E1,2.555534601E0,-1.765903115E0,1.097348499E1,1.140467202E1
1.579831167E1,-2.009970903E0,-2.297109663E-1,7.446464062E0,7.716383686E0
1.580068724E1,1.579262972E0,-1.962114573E0,1.294517040E1,1.318792637E1
1.580306287E1,-1.531406492E-1,-4.929214716E-1,5.848058701E0,5.870793320E0
1.580543844E1,4.307080805E-2,-1.584048629E0,1.404108334E1,1.413021891E1
1.580781406E1,1.464407444E0,-9.284151793E-1,6.302694798E0,6.536849824E0
1.581018969E1,-1.818545222E0,-9.427721500E-1,1.261974621E1,1.278490987E1
1.581256526E1,2.560320139E0,-1.325623751E0,8.896514893E0,9.352031585E0
1.581494089E1,-1.818545222E0,-6.317051649E-1,9.891928673E0,1.007752008E1
1.581731646E1,2.488535643E0,-1.890329838E0,1.116491032E1,1.159402341E1
1.581969208E1,-1.804188251E0,-1.722832322E-1,7.130611420E0,7.357336201E0
1.582206771E1,1.316052437E0,-2.067398787E0,1.324666595E1,1.347146208E1
1.582444328E1,1.818545163E-1,-5.312066078E-1,5.876772404E0,5.903533299E0
1.582681891E1,-5.551348329E-1,-1.540977836E0,1.393101311E1,1.402697093E1
1.582919448E1,1.454836130E0,-8.949156404E-1,6.618547440E0,6.835392628E0
1.583157010E1,-1.990828395E0,-1.048056364E0,1.219382381E1,1.239964351E1
1.583394573E1,2.426322222E0,-1.421336651E0,9.446864128E0,9.856494268E0
1.583632130E1,-2.177468538E0,-4.881358147E-1,9.451649666E0,9.711504889E0
1.583869693E1,2.053041935E0,-1.981257200E0,1.133719349E1,1.169069363E1
1.584107250E1,-1.919043779E0,-1.818545163E-1,7.001399040E0,7.261913564E0
1.584344813E1,8.374879360E-1,-2.100898266E0,1.339980698E1,1.358933356E1
1.584582375E1,2.392822690E-2,-4.977070987E-1,6.053841114E0,6.074312895E0
1.584819932E1,-1.378265858E0,-1.483550072E0,1.355294704E1,1.370339050E1
1.585057495E1,1.177268744E0,-9.188438654E-1,7.192824841E0,7.346221133E0
1.585295052E1,-2.258824587E0,-1.052842021E0,1.185882950E1,1.211786293E1
1.585532615E1,2.038684845E0,-1.454836130E0,9.762716293E0,1.007885973E1
1.585770177E1,-2.708675146E0,-4.307080805E-1,8.910871506E0,9.323414690E0
1.586007734E1,1.655833244E0,-2.038684845E0,1.168654537E1,1.197803667E1
1.586245297E1,-1.842473388E0,-2.392822653E-1,6.819544315E0,7.068107870E0
1.586482854E1,4.067798555E-1,-2.053041935E0,1.370608807E1,1.386496668E1
1.586720417E1,-8.614161611E-2,-6.173482537E-1,5.962913990E0,5.995405115E0
1.586957979E1,-1.741974831E0,-1.354337573E0,1.342852020E1,1.360859513E1
1.587195537E1,1.277767301E0,-1.062413216E0,7.566105366E0,7.746441862E0
1.587433099E1,-2.096112728E0,-1.081555843E0,1.151426220E1,1.175336912E1
1.587670656E1,2.134397745E0,-1.584048629E0,9.920642853E0,1.027054129E1
1.587908219E1,-2.603390932E0,-4.307080805E-1,8.528019905E0,8.926941094E0
1.588145781E1,1.780260086E0,-2.196611166E0,1.200239849E1,1.233093655E1
1.588383339E1,-1.172483087E0,-4.115654826E-1,6.714260101E0,6.828278805E0
1.588620901E1,4.402793646E-1,-1.919043779E0,1.392622757E1,1.406472144E1
1.588858458E1,2.775674164E-1,-7.369893789E-1,5.982056618E0,6.033672049E0
1.589096021E1,-1.531406522E0,-1.406979680E0,1.320359516E1,1.336636536E1
1.589333583E1,1.871187329E0,-1.225125194E0,7.963313580E0,8.271434998E0
1.589571141E1,-1.684547186E0,-9.379864931E-1,1.121755219E1,1.138204704E1
1.589808703E1,2.359323025E0,-1.746760488E0,9.839286804E0,1.026786941E1
1.590046261E1,-2.249253273E0,-2.297109663E-1,8.336593628E0,8.637748592E0
1.590283823E1,2.062613010E0,-2.354537487E0,1.229910851E1,1.269118943E1
1.590521380E1,-5.838487148E-1,-3.349951804E-1,6.685546398E0,6.719347568E0
1.590758943E1,2.919243574E-1,-1.957328916E0,1.378744411E1,1.392874623E1
1.590996505E1,6.269195080E-1,-6.891329288E-1,6.221338749E0,6.290706486E0
1.591234063E1,-1.225125194E0,-1.416550994E0,1.294517040E1,1.307994592E1
1.591471625E1,2.277967215E0,-1.296909928E0,8.293522835E0,8.697909577E0
1.591709188E1,-1.708475351E0,-8.662018180E-1,1.064327526E1,1.081427306E1
1.591946745E1,2.445464849E0,-1.713261008E0,1.002114105E1,1.045652091E1
1.592184307E1,-1.938186288E0,-2.344966233E-1,8.264809608E0,8.492268991E0
1.592421865E1,2.139183521E0,-2.340180635E0,1.255274773E1,1.294696980E1
1.592659427E1,-5.024927258E-1,-1.914258152E-1,6.618547440E0,6.640354885E0
1.592896990E1,-3.828516230E-2,-1.761117458E0,1.376351547E1,1.387578317E1
1.593134547E1,8.374879360E-1,-8.087740541E-1,6.407979012E0,6.512886958E0
1.593372109E1,-1.067198873E0,-1.402194023E0,1.287817192E1,1.299816808E1
1.593609667E1,2.297109842E0,-1.239482164E0,8.480163574E0,8.872778816E0
1.593847229E1,-2.067398787E0,-6.891329288E-1,1.025563812E1,1.048461517E1
1.594084792E1,2.354537487E0,-1.832902193E0,1.017906761E1,1.060739340E1
1.594322349E1,-1.842473388E0,-2.009970993E-1,8.097311974E0,8.306718318E0
1.594559906E1,1.804188251E0,-2.239681959E0,1.288774300E1,1.320474120E1
1.594797469E1,-7.609176040E-1,-2.057827413E-1,6.379265308E0,6.427780955E0
1.595035031E1,-5.216353536E-1,-1.603191137E0,1.361994648E1,1.372389403E1
1.595272594E1,8.231309652E-1,-8.422735929E-1,6.719046116E0,6.821477120E0
1.595510151E1,-1.239482164E0,-1.287338614E0,1.251446247E1,1.264141320E1
1.595747714E1,1.938186288E0,-1.287338614E0,8.437092781E0,8.752047840E0
1.595985271E1,-2.306680918E0,-4.259224236E-1,1.003549862E1,1.030598949E1
1.596222833E1,2.292324066E0,-1.923829436E0,1.046620655E1,1.088564876E1
1.596460396E1,-1.842473388E0,-1.770688742E-1,7.963313580E0,8.175599350E0
1.596697953E1,1.383051515E0,-2.120040894E0,1.307438278E1,1.331716524E1
1.596935516E1,-7.369893789E-1,-2.392822653E-1,6.230910301E0,6.278905361E0
1.597173073E1,-6.604190469E-1,-1.622333765E0,1.357209015E1,1.368465386E1
1.597410636E1,1.071984529E0,-9.714859724E-1,6.843472958E0,6.994716431E0
1.597648198E1,-1.450050473E0,-1.143769264E0,1.230867958E1,1.244646325E1
1.597885755E1,2.053041935E0,-1.359123230E0,8.360522270E0,8.715533820E0
1.598123318E1,-2.249253273E0,-4.019941986E-1,9.805787086E0,1.006847556E1
1.598360875E1,2.349751949E0,-2.105684042E0,1.071984577E1,1.117453949E1
1.598598438E1,-1.622333765E0,-9.571290575E-3,7.920242786E0,8.084695681E0
1.598835995E1,1.062413216E0,-2.124826431E0,1.301216984E1,1.322725115E1
1.599073557E1,-4.929214716E-1,-3.062812984E-1,6.331408501E0,6.357948837E0
1.599311120E1,-4.642075896E-1,-1.665404558E0,1.339502144E1,1.350613418E1
1.599548677E1,1.378265858E0,-9.714859724E-1,7.068397999E0,7.266749758E0
1.599786240E1,-1.526620865E0,-1.043270707E0,1.185404301E1,1.199738808E1
1.600023797E1,2.263610125E0,-1.368694544E0,8.566305161E0,8.965424678E0
1.600261359E1,-2.029113531E0,-3.014956415E-1,9.604789734E0,9.821414724E0
1.600498922E1,2.598605394E0,-2.148754835E0,1.128933716E1,1.178214882E1
1.600736479E1,-1.574477315E0,-3.349951655E-2,7.398607731E0,7.564357037E0
1.600974042E1,9.762716293E-1,-1.957328916E0,1.356251907E1,1.373776424E1
1.601211604E1,-1.004985496E-1,-5.551348329E-1,6.135197163E0,6.161080982E0
1.601449162E1,-2.871387303E-1,-1.560120344E0,1.350030518E1,1.359318447E1
1.601686724E1,1.627119422E0,-1.071984529E0,6.963113785E0,7.230603158E0
1.601924281E1,-1.679761529E0,-9.140582681E-1,1.153819084E1,1.169559529E1
1.602161844E1,2.526820660E0,-1.550549030E0,8.877371788E0,9.359313800E0
1.602399406E1,-1.818545222E0,-3.684946895E-1,9.518648148E0,9.697812002E0
1.602636964E1,2.488535643E0,-2.153540373E0,1.154297638E1,1.200295170E1
1.602874526E1,-1.579262972E0,-3.828516230E-2,7.240681171E0,7.411005405E0
1.603112083E1,7.704889178E-1,-2.005185366E0,1.350987625E1,1.367958983E1
1.603349646E1,2.153540403E-1,-7.178468108E-1,6.307480335E0,6.351849304E0
1.603587208E1,-4.307080805E-1,-1.454836130E0,1.334716511E1,1.343312600E1
1.603824766E1,1.497906923E0,-1.249053478E0,6.967899323E0,7.235708722E0
1.604062328E1,-1.789831281E0,-8.518448472E-1,1.160519028E1,1.177325686E1
1.604299886E1,2.517249346E0,-1.713261008E0,9.131011009E0,9.625339973E0
1.604537448E1,-1.990828395E0,-2.871387303E-1,9.456435204E0,9.667989093E0
1.604775011E1,2.143969059E0,-2.249253273E0,1.171047401E1,1.211573131E1
1.605012568E1,-1.703689694E0,-1.100698411E-1,7.144968510E0,7.346104338E0
1.605250130E1,4.259224236E-1,-1.995614052E0,1.368215942E1,1.383348734E1
1.605487688E1,2.009970993E-1,-8.135597110E-1,6.403193474E0,6.457798843E0
1.605725250E1,-9.236295223E-1,-1.421336651E0,1.300738430E1,1.311736771E1
1.605962813E1,1.426122308E0,-1.201196909E0,7.231110096E0,7.467640328E0
1.606200370E1,-2.115255117E0,-8.039883971E-1,1.127498055E1,1.149982121E1
1.606437932E1,2.431107759E0,-1.799402595E0,9.499505997E0,9.969390594E0
1.606675490E1,-2.330609322E0,-1.962114573E-1,9.145368576E0,9.439703657E0
1.606913052E1,1.665404558E0,-2.196611166E0,1.205025482E1,1.236152556E1
1.607150609E1,-1.674975872E0,-2.153540403E-1,6.958328247E0,7.160324960E0
1.607388172E1,2.153540403E-1,-1.890329838E0,1.371565914E1,1.384698631E1
1.607625734E1,1.914258152E-1,-8.422735929E-1,6.321837425E0,6.380571846E0
1.607863292E1,-1.359123230E0,-1.229910851E0,1.279202938E1,1.292268983E1
1.608100854E1,1.641476393E0,-1.277767301E0,7.451249599E0,7.736165369E0
1.608338417E1,-2.057827473E0,-7.800601721E-1,1.118883896E1,1.140321293E1
1.608575974E1,2.512463808E0,-1.785045743E0,9.997213364E0,1.046150743E1
1.608813536E1,-2.574677229E0,-9.571290761E-2,8.671588898E0,9.046246614E0
1.609051094E1,1.512263894E0,-2.120040894E0,1.259103298E1,1.285751247E1
1.609288656E1,-1.110269666E0,-4.163511395E-1,6.733402729E0,6.837013918E0
1.609526219E1,2.632105052E-1,-1.794616938E0,1.389751434E1,1.401537851E1
1.609763776E1,4.019941986E-1,-9.332008362E-1,6.072983742E0,6.157401616E0
1.610001339E1,-1.335195065E0,-1.148554921E0,1.280638695E1,1.292692813E1
1.610238896E1,2.153540373E0,-1.387837172E0,7.700103283E0,8.115135163E0
1.610476458E1,-1.813759565E0,-6.604190469E-1,1.119841003E1,1.136354981E1
1.610714016E1,2.679961443E0,-1.928615093E0,1.015992451E1,1.068296848E1
1.610951578E1,-2.301895380E0,-3.828516230E-2,8.441878319E0,8.750171292E0
1.611189141E1,1.655833244E0,-2.230110645E0,1.292124271E1,1.321641746E1
1.611426698E1,-4.498506486E-1,-6.269195080E-1,6.594619274E0,6.639608200E0
1.611664261E1,2.823530734E-1,-1.694118381E0,1.371565914E1,1.382277346E1
1.611901818E1,8.566305041E-1,-1.076770186E0,6.144768715E0,6.296938337E0
1.612139380E1,-1.325623751E0,-1.205982566E0,1.256710434E1,1.269424215E1
1.612376943E1,2.617748022E0,-1.536192179E0,8.164310455E0,8.710250073E0
1.612614500E1,-1.828116536E0,-4.881358147E-1,1.082512951E1,1.098925455E1
1.612852063E1,2.522035122E0,-2.043470621E0,1.053799057E1,1.102658962E1
1.613089620E1,-2.048256159E0,-1.100698411E-1,8.121239662E0,8.376276160E0
1.613327182E1,1.564906001E0,-2.249253273E0,1.319402409E1,1.347554610E1
1.613564745E1,-2.297109663E-1,-6.029912829E-1,6.503692150E0,6.535623704E0
1.613802302E1,-1.196411327E-1,-1.622333765E0,1.344766331E1,1.354569781E1
1.614039865E1,1.081555843E0,-1.062413216E0,6.221338749E0,6.403400715E0
1.614277422E1,-1.387837172E0,-1.129412293E0,1.251446247E1,1.264173386E1
1.614514984E1,2.723032236E0,-1.497906923E0,8.575876236E0,9.121638171E0
1.614752547E1,-2.354537487E0,-3.493520916E-1,1.021735287E1,1.049095769E1
1.614990104E1,2.206182480E0,-1.904686809E0,1.104526901E1,1.142335505E1
1.615227667E1,-2.000399828E0,-2.584248483E-1,7.666603565E0,7.927496017E0
1.615465224E1,1.282552958E0,-2.067398787E0,1.354337597E1,1.376016397E1
1.615702786E1,-4.163511395E-1,-6.173482537E-1,5.943771362E0,5.990232478E0
1.615940349E1,-6.843472719E-1,-1.330409408E0,1.336152172E1,1.344502075E1
1.616177906E1,1.225125194E0,-1.095912814E0,6.364908218E0,6.573736629E0
1.616415469E1,-1.746760488E0,-1.019342422E0,1.236132145E1,1.252567360E1
1.616653026E1,2.397608280E0,-1.383051515E0,8.805587769E0,9.230370139E0
1.616890589E1,-2.804388046E0,-1.674975902E-1,9.748359680E0,1.014510543E1
1.617128151E1,1.847259045E0,-1.885544300E0,1.147597694E1,1.177563969E1
1.617365708E1,-1.832902193E0,-2.488535494E-1,7.412964344E0,7.640255160E0
1.617603271E1,8.279166222E-1,-1.799402595E0,1.356730461E1,1.371112869E1
1.617840828E1,-4.977070987E-1,-5.838487148E-1,5.704489231E0,5.755848249E0
1.618078386E1,-1.062413216E0,-1.191625714E0,1.317488194E1,1.327125494E1
1.618315953E1,1.540977836E0,-1.110269666E0,6.685546398E0,6.950096551E0
1.618553510E1,-1.933400750E0,-7.417750359E-1,1.218425274E1,1.235897583E1
1.618791073E1,2.239681959E0,-1.469193101E0,9.040083885E0,9.428564063E0
1.619028630E1,-2.823530674E0,4.785645287E-3,9.312865257E0,9.731485378E0
1.619266193E1,1.832902193E0,-2.024327993E0,1.189711380E1,1.220650446E1
1.619503750E1,-1.339980721E0,-2.823530734E-1,7.092326164E0,7.223320705E0
1.619741313E1,5.647061467E-1,-1.775474429E0,1.336630726E1,1.349553156E1
1.619978875E1,-8.135596663E-2,-6.604190469E-1,5.685346603E0,5.724153921E0
1.620216432E1,-1.076770186E0,-1.239482164E0,1.310309696E1,1.320556322E1
1.620453995E1,2.143969059E0,-1.215553880E0,7.235895634E0,7.644106238E0
1.620691557E1,-2.029113531E0,-6.939185858E-1,1.167697430E1,1.187225983E1
1.620929115E1,2.402393818E0,-1.540977836E0,9.533005714E0,9.951095754E0
1.621166677E1,-2.526820660E0,-1.866401732E-1,8.810373306E0,9.167460662E0
1.621404234E1,2.081755638E0,-2.139183521E0,1.252403355E1,1.287482928E1
1.621641797E1,-1.048056364E0,-4.211367965E-1,6.518048763E0,6.615189946E0
1.621879354E1,3.493520916E-1,-1.651047587E0,1.349073410E1,1.359587848E1
1.622116917E1,4.737788737E-1,-8.805587292E-1,5.723631859E0,5.810319419E0
1.622354479E1,-1.004985452E0,-1.359123230E0,1.306959724E1,1.317845150E1
1.622592036E1,2.435893536E0,-1.205982566E0,7.704888821E0,8.170268233E0
1.622829599E1,-2.254039049E0,-6.412764788E-1,1.116491032E1,1.140820538E1
1.623067156E1,2.421536446E0,-1.689332843E0,1.016471100E1,1.058484926E1
1.623304719E1,-2.134397745E0,-3.637090325E-1,8.422736168E0,8.696575335E0
1.623542281E1,1.957328916E0,-2.120040894E0,1.288295746E1,1.320213251E1
1.623779839E1,-1.009771109E0,-5.072783828E-1,6.168696880E0,6.271346765E0
1.624017401E1,-2.871387079E-2,-1.603191137E0,1.356251907E1,1.365697514E1
1.624254958E1,8.470591903E-1,-9.619147182E-1,6.001199245E0,6.136544759E0
1.624492521E1,-1.339980721E0,-1.287338614E0,1.307438278E1,1.320576670E1
1.624730083E1,2.172683001E0,-1.282552958E0,7.968099594E0,8.357996450E0
1.624967641E1,-2.675175667E0,-4.211367965E-1,1.083948612E1,1.117266219E1
1.625205203E1,2.143969059E0,-1.847259045E0,1.065763187E1,1.102697087E1
1.625442760E1,-2.163111687E0,-3.780659735E-1,8.149953842E0,8.440600315E0
1.625680318E1,1.387837172E0,-1.986042738E0,1.309352589E1,1.331581308E1
1.625917886E1,-1.062413216E0,-4.498506486E-1,5.895915031E0,6.007736804E0
1.626155443E1,-5.838487148E-1,-1.493121386E0,1.355294704E1,1.364744168E1
1.626393005E1,1.076770186E0,-1.000199914E0,6.250052929E0,6.420513649E0
1.626630563E1,-1.871187329E0,-1.028913736E0,1.296431351E1,1.313900416E1
1.626868125E1,2.024327993E0,-1.186840057E0,8.350951195E0,8.674380612E0
1.627105688E1,-2.852244616E0,-3.206382394E-1,1.027478027E1,1.066814032E1
1.627343245E1,2.110469580E0,-1.847259045E0,1.118883896E1,1.153501474E1
1.627580807E1,-2.024327993E0,-1.627119333E-1,7.680960655E0,7.944906267E0
1.627818365E1,1.052842021E0,-1.866401672E0,1.307916832E1,1.325354954E1
1.628055927E1,-7.322037220E-1,-4.259224236E-1,5.781059742E0,5.842789055E0
1.628293490E1,-6.556333899E-1,-1.406979680E0,1.355773354E1,1.364630300E1
1.628531047E1,1.507478237E0,-8.709874153E-1,6.594619274E0,6.820565452E0
1.628768609E1,-2.067398787E0,-9.475577474E-1,1.243789196E1,1.264409585E1
1.629006167E1,2.206182480E0,-1.081555843E0,8.901300430E0,9.234183966E0
1.629243729E1,-2.469393015E0,-3.062812984E-1,9.681360245E0,9.996021523E0
1.629481292E1,2.397608280E0,-1.832902193E0,1.172483063E1,1.210701074E1
1.629718849E1,-1.679761529E0,-1.962114573E-1,6.948757172E0,7.151595903E0
1.629956412E1,9.475577474E-1,-1.674975872E0,1.324188042E1,1.338098677E1
1.630193964E1,-1.435693540E-2,-4.546363056E-1,5.627918720E0,5.646270399E0
1.630431531E1,-4.689932466E-1,-1.383051515E0,1.360080433E1,1.367898624E1
1.630669094E1,1.885544300E0,-8.470591903E-1,6.728617191E0,7.038968382E0
1.630906651E1,-2.062613010E0,-7.130611539E-1,1.206461143E1,1.226041099E1
1.631144214E1,2.531606436E0,-1.292124271E0,9.317651749E0,9.741521975E0
1.631381771E1,-2.024327993E0,-3.110669553E-1,9.198010445E0,9.423272394E0
1.631619333E1,2.407179594E0,-1.832902193E0,1.186361504E1,1.224334128E1
1.631856896E1,-1.426122308E0,-2.105683982E-1,6.561119556E0,6.717622624E0
1.632094453E1,8.231309652E-1,-1.674975872E0,1.329930782E1,1.342961940E1
1.632332016E1,4.833501875E-1,-6.460621357E-1,5.685346603E0,5.742315708E0
1.632569573E1,-7.130611539E-1,-1.244267821E0,1.349073410E1,1.356674483E1
1.632807136E1,1.904686809E0,-9.571290612E-1,7.010970116E0,7.327866664E0
1.633044698E1,-2.143969059E0,-5.551348329E-1,1.169611740E1,1.190394642E1
1.633282255E1,2.531606436E0,-1.512263894E0,9.671789169E0,1.011135396E1
1.633519818E1,-2.029113531E0,-2.488535494E-1,8.819944382E0,9.053764339E0
1.633757375E1,2.057827473E0,-1.928615093E0,1.197368431E1,1.230135464E1
1.633994938E1,-1.354337573E0,-1.818545163E-1,6.331408501E0,6.477193445E0
1.634232500E1,4.354937077E-1,-1.713261008E0,1.343809223E1,1.355386443E1
1.634470057E1,6.843472719E-1,-6.604190469E-1,5.857629776E0,5.934333248E0
1.634707620E1,-1.387837172E0,-1.239482164E0,1.318445301E1,1.331511206E1
1.634945177E1,1.875972986E0,-9.332008362E-1,7.618747234E0,7.901610460E0
1.635182740E1,-2.455035925E0,-6.939185858E-1,1.098305607E1,1.127547094E1
1.635420302E1,2.335394859E0,-1.550549030E0,1.036570740E1,1.073807065E1
1.635657859E1,-2.220539331E0,-2.679961324E-1,8.188239098E0,8.488219859E0
1.635895422E1,1.512263894E0,-1.966900229E0,1.234217930E1,1.258908370E1
1.636132979E1,-1.258624673E0,-2.009970993E-1,6.101697922E0,6.233398225E0
1.636370542E1,-4.785645381E-2,-1.761117458E0,1.364866066E1,1.376189532E1
1.636608099E1,7.513462901E-1,-6.795616150E-1,6.039484501E0,6.123863019E0
1.636845662E1,-1.914258122E0,-1.153340459E0,1.304566860E1,1.323571107E1
1.637083224E1,1.775474429E0,-1.052842021E0,8.035098076E0,8.295998244E0
1.637320781E1,-2.344966173E0,-6.891329288E-1,1.063370419E1,1.091097774E1
1.637558344E1,2.287538528E0,-1.679761529E0,1.065284634E1,1.102440776E1
1.637795901E1,-2.392822742E0,-2.249253243E-1,7.719245911E0,8.084735587E0
1.638033464E1,1.354337573E0,-2.009970903E0,1.260538960E1,1.283627906E1
1.638271026E1,-7.752745152E-1,-3.541377485E-1,5.982056618E0,6.042471804E0
1.638508583E1,-1.196411327E-1,-1.622333765E0,1.385922909E1,1.395437250E1
1.638746146E1,9.332008362E-1,-8.039883971E-1,6.144768715E0,6.267012343E0
1.638983703E1,-2.024327993E0,-1.000199914E0,1.274895859E1,1.294736455E1
1.639221266E1,2.158325911E0,-1.249053478E0,8.647661209E0,9.000030540E0
1.639458828E1,-2.019542217E0,-6.843472719E-1,1.019342422E1,1.041406642E1
1.639696386E1,2.378465652E0,-1.785045743E0,1.087777138E1,1.127694096E1
1.639933948E1,-1.995614052E0,-1.579262912E-1,7.403393269E0,7.669266461E0
1.640171505E1,1.464407444E0,-2.081755638E0,1.294038486E1,1.318831893E1
1.640409068E1,2.871387079E-2,-4.977070987E-1,6.044270039E0,6.064794897E0
1.640646630E1,-2.488535494E-1,-1.569691658E0,1.383530045E1,1.392628444E1
1.640884188E1,1.459621787E0,-9.092726111E-1,6.594619274E0,6.815150462E0
1.641121750E1,-1.775474429E0,-1.105484009E0,1.228953743E1,1.246623979E1
1.641359307E1,2.646461725E0,-1.411765337E0,9.221938133E0,9.697473071E0
1.641596870E1,-1.761117458E0,-5.742774606E-1,9.705288887E0,9.880483879E0
1.641834427E1,2.488535643E0,-2.024327993E0,1.121755219E1,1.166722720E1
1.642071990E1,-1.579262972E0,-2.392822653E-1,7.116254330E0,7.293312226E0
1.642309552E1,1.397408366E0,-2.139183521E0,1.341416359E1,1.365535210E1
1.642547109E1,4.402793646E-1,-5.503492355E-1,6.130411625E0,6.170792242E0
1.642784672E1,-7.704889178E-1,-1.607976794E0,1.362951756E1,1.374565354E1
1.643022234E1,1.636690736E0,-9.332008362E-1,7.207181931E0,7.449368547E0
1.643259792E1,-1.703689694E0,-1.210768223E0,1.195454216E1,1.213588054E1
1.643497354E1,2.632104874E0,-1.517049551E0,9.762716293E0,1.022448262E1
1.643734912E1,-2.148754835E0,-5.407779217E-1,9.102297783E0,9.368106160E0
1.643972474E1,2.110469580E0,-2.091326952E0,1.155254745E1,1.192849877E1
1.644210036E1,-1.383051515E0,-2.919243574E-1,7.001399040E0,7.142663358E0
1.644447594E1,9.188438654E-1,-2.158325911E0,1.376351547E1,1.396198421E1
1.644685156E1,2.488535494E-1,-6.460621357E-1,6.053841114E0,6.093300961E0
1.644922714E1,-1.416550994E0,-1.454836130E0,1.350987625E1,1.366162220E1
1.645160276E1,1.517049551E0,-1.148554921E0,7.628318787E0,7.862052229E0
1.645397833E1,-1.871187329E0,-1.158126116E0,1.165783215E1,1.186371141E1
1.645635396E1,2.215753794E0,-1.617548108E0,9.911071777E0,1.028374302E1
1.645872958E1,-2.589034081E0,-4.354937077E-1,8.705088615E0,9.092377029E0
1.646110516E1,1.770688772E0,-2.196611166E0,1.202154064E1,1.234819334E1
1.646348078E1,-1.330409408E0,-3.780659735E-1,6.733402729E0,6.873982498E0
1.646585636E1,2.392822653E-1,-1.981257200E0,1.408415413E1,1.422483862E1
1.646823198E1,1.196411327E-1,-7.513462901E-1,5.977271080E0,6.025496230E0
1.647060760E1,-1.871187329E0,-1.397408366E0,1.326580906E1,1.346981003E1
1.647298318E1,1.651047587E0,-1.268195987E0,8.044670105E0,8.309692912E0
1.647535880E1,-2.115255117E0,-9.284151793E-1,1.120798111E1,1.144356149E1
1.647773438E1,2.029113531E0,-1.775474429E0,1.003071213E1,1.038676066E1
1.648011000E1,-2.593819857E0,-2.392822653E-1,8.260024071E0,8.661013515E0
1.648248563E1,1.588834286E0,-2.297109842E0,1.241396427E1,1.272429239E1
1.648486120E1,-7.992027402E-1,-3.397808075E-1,6.656832695E0,6.713240465E0
1.648723682E1,-2.392822653E-1,-1.923829436E0,1.380180073E1,1.393729095E1
1.648961240E1,4.546363056E-1,-6.747759581E-1,6.345765591E0,6.397715037E0
1.649198802E1,-1.703689694E0,-1.411765337E0,1.276810169E1,1.295839731E1
1.649436365E1,2.134397745E0,-1.344766378E0,8.590232849E0,8.952996747E0
1.649673922E1,-2.072184324E0,-7.944171429E-1,1.037527943E1,1.060997029E1
1.649911484E1,2.268395901E0,-1.842473388E0,1.027478027E1,1.068229553E1
1.650149042E1,-2.062613010E0,-2.727817893E-1,7.944170952E0,8.212102925E0
1.650386604E1,1.775474429E0,-2.407179594E0,1.270588779E1,1.305321446E1
1.650624162E1,-3.302095234E-1,-3.158525825E-1,6.532405853E0,6.548368302E0
1.650861724E1,-4.115654826E-1,-1.837687731E0,1.367258835E1,1.380167216E1
1.651099287E1,1.081555843E0,-8.997012973E-1,6.613761902E0,6.761735869E0
1.651336844E1,-1.186840057E0,-1.406979680E0,1.255274773E1,1.268698769E1
1.651574406E1,2.531606436E0,-1.387837172E0,8.819944382E0,9.280438678E0
1.651811969E1,-1.981257200E0,-6.364908218E-1,9.815358162E0,1.003353161E1
1.652049526E1,2.526820660E0,-2.048256159E0,1.065284634E1,1.113837111E1
1.652287089E1,-1.464407444E0,-3.110669553E-1,7.685746193E0,7.830194529E0
1.652524646E1,1.756331801E0,-2.335394859E0,1.341894913E1,1.373342515E1
1.652762208E1,-1.196411327E-1,-5.120640397E-1,6.068198204E0,6.090940241E0
1.652999761E1,-5.934200287E-1,-1.631905079E0,1.375394440E1,1.386312548E1
1.653237328E1,1.507478237E0,-1.158126116E0,7.030112743E0,7.282597883E0
1.653474891E1,-1.253839016E0,-1.339980721E0,1.223689461E1,1.237373227E1
1.653712448E1,2.431107759E0,-1.526620865E0,9.006584167E0,9.453010873E0
1.653950011E1,-2.167897224E0,-5.216353536E-1,9.427721024E0,9.687817376E0
1.654187568E1,2.388036966E0,-2.249253273E0,1.107876873E1,1.155426231E1
1.654425130E1,-1.363908887E0,-3.206382394E-1,7.532605648E0,7.661801628E0
1.654662693E1,1.019342422E0,-2.182254314E0,1.349073410E1,1.370405777E1
1.654900250E1,-1.196411327E-1,-4.833501875E-1,6.202196121E0,6.222152210E0
1.655137813E1,-1.057627559E0,-1.603191137E0,1.332323647E1,1.346095939E1
1.655375370E1,1.540977836E0,-1.138983607E0,7.513463020E0,7.753968204E0
1.655612932E1,-1.674975872E0,-1.086341500E0,1.167218876E1,1.184169213E1
1.655850495E1,2.134397745E0,-1.550549030E0,9.145368576E0,9.518278333E0
1.656088052E1,-2.349751949E0,-3.014956415E-1,9.044869423E0,9.349967739E0
1.656325615E1,2.110469580E0,-2.321038008E0,1.154776192E1,1.196629034E1
1.656563172E1,-1.354337573E0,-1.914258115E-2,7.240681171E0,7.366278608E0
1.656800734E1,3.110669553E-1,-2.005185366E0,1.350987625E1,1.366141601E1
1.657038292E1,-9.092725813E-2,-4.498506486E-1,6.264409542E0,6.281198953E0
1.657275854E1,-1.263410330E0,-1.445264935E0,1.302174091E1,1.316247442E1
1.657513417E1,1.761117458E0,-1.009771109E0,7.929814339E0,8.185543833E0
1.657750974E1,-2.067398787E0,-7.704889178E-1,1.092084217E1,1.114148036E1
1.657988537E1,2.139183521E0,-1.493121386E0,9.518648148E0,9.869659577E0
1.658226094E1,-2.153540373E0,-1.004985496E-1,8.681160927E0,8.944852773E0
1.658463656E1,2.076970100E0,-2.196611166E0,1.212682533E1,1.249795175E1
1.658701214E1,-1.062413216E0,1.914258115E-2,6.795616150E0,6.878189234E0
1.658938776E1,3.349951655E-2,-1.684547186E0,1.366780281E1,1.377126193E1
1.659176339E1,4.642075896E-1,-6.508477330E-1,6.293123722E0,6.343697474E0
1.659413886E1,-8.949156404E-1,-1.311266780E0,1.290209961E1,1.299940264E1
1.659651458E1,2.081755638E0,-1.091127157E0,7.958528042E0,8.298339208E0
1.659889021E1,-1.899901152E0,-5.599204898E-1,1.057627583E1,1.076014617E1
1.660126578E1,2.526820660E0,-1.674975872E0,9.729216576E0,1.019058497E1
1.660364141E1,-1.655833244E0,-1.244267747E-1,8.456234932E0,8.617724466E0
1.660601698E1,2.191825628E0,-2.139183521E0,1.249532032E1,1.286519474E1
1.660839261E1,-7.130611539E-1,-1.148554832E-1,6.546762943E0,6.586482599E0
1.661076823E1,1.914258115E-2,-1.627119422E0,1.351944828E1,1.361702485E1
1.661314380E1,1.153340459E0,-8.374879360E-1,6.575476646E0,6.728184999E0
1.661551943E1,-7.609176040E-1,-1.229910851E0,1.263410378E1,1.271661333E1
1.661789500E1,2.359323025E0,-1.234696507E0,8.035098076E0,8.464849774E0
1.662027063E1,-1.852044702E0,-3.397808075E-1,1.017906761E1,1.035176014E1
1.662264625E1,2.766103029E0,-1.923829436E0,1.026520920E1,1.080402543E1
1.662502182E1,-1.330409408E0,-8.135596663E-2,8.202595711E0,8.310185580E0
1.662739745E1,1.674975872E0,-2.167897224E0,1.272503090E1,1.301659456E1
1.662977302E1,-4.977070987E-1,-1.292124242E-1,6.441478729E0,6.461970011E0
1.663214865E1,-2.105683982E-1,-1.727617979E0,1.351466274E1,1.362626552E1
1.663452427E1,1.359123230E0,-9.236295223E-1,6.872186661E0,7.065922229E0
1.663689984E1,-1.354337573E0,-1.134197950E0,1.212203979E1,1.225008098E1
1.663927547E1,2.143969059E0,-1.277767301E0,8.355736732E0,8.720529166E0
1.664165104E1,-2.134397745E0,-3.397808075E-1,9.901499748E0,1.013463379E1
1.664402667E1,2.478964329E0,-2.115255117E0,1.082512951E1,1.130499877E1
1.664640229E1,-1.799402595E0,-1.435693540E-2,7.819744587E0,8.024117473E0
1.664877786E1,8.566305041E-1,-2.057827473E0,1.321795273E1,1.340457922E1
1.665115349E1,-6.077769399E-1,-3.780659735E-1,6.317051888E0,6.357473652E0
1.665352906E1,-7.274180651E-1,-1.574477315E0,1.342373466E1,1.353531559E1
1.665590469E1,1.062413216E0,-9.954141974E-1,7.077969551E0,7.226148644E0
1.665828026E1,-2.043470621E0,-9.427721500E-1,1.179183006E1,1.200465942E1
1.666065589E1,1.938186288E0,-1.469193101E0,8.700303078E0,9.033845698E0
1.666303151E1,-2.455035925E0,-3.445664644E-1,9.619147301E0,9.933474832E0
1.666540708E1,2.086541414E0,-2.076970100E0,1.138983536E1,1.176417483E1
1.666778271E1,-2.148754835E0,-4.785645287E-3,7.393822193E0,7.699725766E0
1.667015828E1,2.249253243E-1,-1.856830359E0,1.346680546E1,1.359607516E1
1.667253391E1,-3.780659735E-1,-5.790630579E-1,6.345765591E0,6.383336811E0
1.667490953E1,-9.284151793E-1,-1.402194023E0,1.328495121E1,1.339096828E1
1.667728510E1,1.129412293E0,-1.100698471E0,7.164111137E0,7.335638871E0
1.667966068E1,-2.244467735E0,-6.891329288E-1,1.141376400E1,1.165274853E1
1.668203630E1,2.096112728E0,-1.574477315E0,9.078369141E0,9.449309691E0
1.668441193E1,-2.225325108E0,-2.297109663E-1,9.379864693E0,9.642961195E0
1.668678755E1,1.966900229E0,-2.110469580E0,1.175833035E1,1.210706863E1
1.668916313E1,-1.765903115E0,0.000000000E0,7.092326164E0,7.308864770E0
1.669153875E1,2.249253243E-1,-1.842473388E0,1.360558987E1,1.373161954E1
1.669391432E1,3.158525825E-1,-7.465606928E-1,6.340980053E0,6.392585060E0
1.669628995E1,-8.805587292E-1,-1.268195987E0,1.307438278E1,1.316522654E1
1.669866557E1,1.703689694E0,-1.158126116E0,7.278966427E0,7.564863972E0
1.670104115E1,-1.880758643E0,-6.364908218E-1,1.109791183E1,1.127413060E1
1.670341677E1,2.665604353E0,-1.785045743E0,9.604789734E0,1.012639228E1
1.670579234E1,-1.962114573E0,-4.785645287E-3,9.006584167E0,9.217834608E0
1.670816797E1,1.942971945E0,-2.206182480E0,1.221296692E1,1.256180489E1
1.671054359E1,-1.091127157E0,-1.196411327E-1,6.838686943E0,6.926219140E0
1.671291917E1,3.493520916E-1,-1.842473388E0,1.361037540E1,1.373896189E1
1.671529479E1,7.800601721E-1,-8.039883971E-1,6.589833736E0,6.684369820E0
1.671767036E1,-1.100698471E0,-1.229910851E0,1.256231880E1,1.267028301E1
1.672004599E1,2.043470621E0,-1.186840057E0,7.685746193E0,8.040836775E0
1.672242156E1,-1.847259045E0,-5.886343718E-1,1.088734341E1,1.105862120E1
1.672479719E1,2.770888567E0,-1.895115495E0,1.019820976E1,1.073651566E1
1.672717281E1,-2.196611166E0,-3.828516230E-2,8.432307243E0,8.713803522E0
1.672954839E1,1.526620865E0,-2.033899307E0,1.280638695E1,1.305644915E1
1.673192401E1,-8.757730722E-1,-3.780659735E-1,6.637690067E0,6.705881134E0
1.673429958E1,3.349951655E-2,-1.722832322E0,1.372523022E1,1.383297574E1
1.673667521E1,7.034898400E-1,-9.475577474E-1,6.451049805E0,6.558110034E0
1.673905083E1,-1.631905079E0,-1.095912814E0,1.237089348E1,1.252609854E1
1.674142641E1,1.995614052E0,-1.349551916E0,8.063812256E0,8.415986806E0
1.674380203E1,-2.163111687E0,-5.455635786E-1,1.060020447E1,1.083240631E1
1.674617760E1,2.263610125E0,-1.914258122E0,1.055234814E1,1.096085609E1
1.674855323E1,-2.541177750E0,-2.392822690E-2,8.078168869E0,8.468469117E0
1.675092880E1,8.997012973E-1,-2.076970100E0,1.306002617E1,1.325471806E1
1.675330443E1,-8.279166222E-1,-4.785645306E-1,6.527620316E0,6.597294667E0
1.675568005E1,-4.833501875E-1,-1.512263894E0,1.363430309E1,1.372642671E1
1.675805563E1,5.455635786E-1,-1.081555843E0,6.331408501E0,6.446249783E0
1.676043125E1,-2.134397745E0,-9.044869542E-1,1.224646664E1,1.246393579E1
1.676280682E1,2.029113531E0,-1.450050473E0,8.370093346E0,8.733751239E0
1.676518245E1,-2.325823545E0,-3.349951804E-1,1.041356373E1,1.067539163E1
1.676755807E1,1.933400750E0,-2.014756680E0,1.081077290E1,1.116557627E1
1.676993365E1,-2.545963287E0,8.135596663E-2,7.752745152E0,8.160490502E0
1.677230927E1,7.034898400E-1,-2.096112728E0,1.337109280E1,1.355266428E1
1.677468484E1,-4.067798555E-1,-5.694918036E-1,6.345765591E0,6.384240887E0
1.677706047E1,-7.944171429E-1,-1.373480201E0,1.326102352E1,1.335560898E1
1.677943609E1,9.619147182E-1,-1.019342422E0,6.585047722E0,6.732547244E0
1.678181167E1,-1.933400750E0,-8.757730722E-1,1.192582798E1,1.211323202E1
1.678418729E1,2.435893536E0,-1.545763373E0,8.910871506E0,9.366247526E0
1.678656286E1,-2.388036966E0,-1.914258152E-1,9.729216576E0,1.001983131E1
1.678893849E1,2.038684845E0,-2.038684845E0,1.143769264E1,1.179547730E1
1.679131412E1,-1.837687731E0,-1.387837082E-1,7.288537979E0,7.517921454E0
1.679368969E1,9.379864931E-1,-1.928615093E0,1.365823174E1,1.382558024E1
1.679606531E1,9.571290761E-2,-6.604190469E-1,6.072983742E0,6.109537282E0
1.679844089E1,-7.082754970E-1,-1.296909928E0,1.307438278E1,1.315762572E1
1.680081651E1,1.756331801E0,-1.182054400E0,6.838686943E0,7.158882113E0
1.680319214E1,-1.531406522E0,-9.427721500E-1,1.178225899E1,1.191871017E1
1.680556771E1,2.904886723E0,-1.627119422E0,9.365508080E0,9.939749799E0
1.680794333E1,-2.239681959E0,-1.674975902E-1,9.202795982E0,9.472892093E0
1.681031886E1,2.167897224E0,-2.053041935E0,1.197368431E1,1.234033531E1
1.681269453E1,-1.081555843E0,-3.828516304E-1,7.010970116E0,7.104226937E0
1.681507010E1,1.081555843E0,-1.880758643E0,1.381137276E1,1.398073795E1
1.681744573E1,3.062812984E-1,-8.662018180E-1,5.723631859E0,5.796902231E0
1.681982136E1,-8.231309652E-1,-1.191625714E0,1.304088306E1,1.312105741E1
1.682219693E1,2.230110645E0,-1.335195065E0,7.130611420E0,7.589582239E0
1.682457255E1,-1.531406522E0,-7.465606928E-1,1.169133186E1,1.181481272E1
1.682694818E1,2.756531715E0,-1.756331801E0,9.537791252E0,1.008229292E1
1.682932375E1,-2.407179594E0,-4.785645287E-3,8.796015739E0,9.119453349E0
1.683169938E1,1.895115495E0,-2.153540373E0,1.242832088E1,1.275509149E1
1.683407495E1,-8.183453679E-1,-4.689932466E-1,6.800402164E0,6.865501686E0
1.683645057E1,4.642075896E-1,-1.713261008E0,1.366780281E1,1.378258269E1
1.683882615E1,2.871387303E-1,-8.374879360E-1,5.828916073E0,5.895769439E0
1.684120177E1,-1.244267821E0,-1.191625714E0,1.283031464E1,1.294546824E1
1.684357740E1,2.215753794E0,-1.349551916E0,7.652246952E0,8.080082838E0
1.684595297E1,-2.067398787E0,-5.264210105E-1,1.134676456E1,1.154557590E1
1.684832859E1,2.292324066E0,-1.789831281E0,9.982855797E0,1.039786783E1
1.685070417E1,-2.593819857E0,-3.349951655E-2,8.427521706E0,8.817717719E0
1.685307979E1,1.507478237E0,-2.143969059E0,1.285902882E1,1.312340337E1
1.685545542E1,-8.709874153E-1,-4.402793646E-1,6.522834301E0,6.595440267E0
1.685783099E1,-1.914258152E-1,-1.607976794E0,1.350509071E1,1.360182739E1
1.686020662E1,4.307080805E-1,-9.188438654E-1,5.934200287E0,6.020341896E0
1.686258219E1,-1.430907965E0,-1.191625714E0,1.276810169E1,1.290317365E1
1.686495781E1,2.368894339E0,-1.306481123E0,8.063812256E0,8.505505359E0
1.686733344E1,-2.560320139E0,-4.067798555E-1,1.069591713E1,1.100560549E1
1.686970901E1,2.163111687E0,-1.756331801E0,1.051884842E1,1.088163249E1
1.687208464E1,-2.239681959E0,-2.440679073E-1,8.063812256E0,8.372622798E0
1.687446021E1,1.540977836E0,-2.062613010E0,1.324188042E1,1.348986220E1
1.687683583E1,-6.939185858E-1,-5.551348329E-1,6.049055576E0,6.113981604E0
1.687921141E1,-3.014956415E-1,-1.421336651E0,1.341416359E1,1.349262326E1
1.688158703E1,1.038485050E0,-1.048056364E0,6.101697922E0,6.277546565E0
1.688396266E1,-1.320838094E0,-1.186840057E0,1.276331615E1,1.288625011E1
1.688633823E1,2.632104874E0,-1.359123230E0,8.331808090E0,8.842749463E0
1.688871386E1,-2.388036966E0,-3.780659735E-1,1.035135078E1,1.062996319E1
1.689108943E1,2.426322222E0,-1.981257200E0,1.098305607E1,1.142103061E1
1.689346505E1,-1.655833244E0,-3.828516304E-1,7.819744587E0,8.002297452E0
1.689584068E1,1.651047587E0,-2.009970903E0,1.342373466E1,1.367342655E1
1.689821625E1,-2.871387303E-1,-7.369893789E-1,5.771488190E0,5.825433711E0
1.690059188E1,-2.679961324E-1,-1.483550072E0,1.341894913E1,1.350336767E1
1.690296745E1,1.741974831E0,-1.191625714E0,6.384050846E0,6.723879339E0
1.690534307E1,-1.210768223E0,-1.071984529E0,1.274417305E1,1.284636358E1
1.690771870E1,2.727817774E0,-1.483550072E0,8.590232849E0,9.134221971E0
1.691009427E1,-2.411965132E0,-2.967100143E-1,9.963713646E0,1.025578872E1
1.691246990E1,2.502892494E0,-2.163111687E0,1.152861977E1,1.199385662E1
1.691484547E1,-1.258624673E0,-4.498506486E-1,7.422535896E0,7.541918907E0
1.691722109E1,1.234696507E0,-2.019542217E0,1.338066387E1,1.358842124E1
1.691959667E1,-1.387837082E-1,-6.939185858E-1,5.737988472E0,5.781461375E0
1.692197229E1,-5.024927258E-1,-1.521835208E0,1.342852020E1,1.352381737E1
1.692434792E1,2.029113531E0,-1.277767301E0,6.795616150E0,7.206274339E0
1.692672349E1,-1.875972986E0,-9.667003751E-1,1.234217930E1,1.252130880E1
1.692909912E1,2.488535643E0,-1.574477315E0,9.207581520E0,9.667023632E0
1.693147469E1,-2.565105915E0,-4.115654826E-1,9.360722542E0,9.714539670E0
1.693385031E1,2.158325911E0,-2.167897224E0,1.218903828E1,1.256705229E1
1.693622594E1,-1.421336651E0,-4.785645306E-1,6.948757172E0,7.108758550E0
1.693860146E1,4.929214716E-1,-1.852044702E0,1.345244884E1,1.358828249E1
1.694097714E1,-7.657032460E-2,-8.327022791E-1,5.709274769E0,5.770188427E0
1.694335271E1,-1.028913736E0,-1.550549030E0,1.342852020E1,1.355684405E1
1.694572833E1,1.861616015E0,-1.158126116E0,7.331608772E0,7.652408606E0
1.694810396E1,-2.541177750E0,-8.470591903E-1,1.180618668E1,1.210624374E1
1.695047953E1,2.081755638E0,-1.584048629E0,9.652647018E0,1.000082552E1
1.695285516E1,-2.541177750E0,-4.307080805E-1,9.030512810E0,9.391126419E0
1.695523073E1,1.808973908E0,-2.062613010E0,1.237567902E1,1.267612678E1
1.695760636E1,-1.679761529E0,-4.019941986E-1,6.541976929E0,6.766140722E0
1.695998193E1,1.004985496E-1,-1.718046665E0,1.347159195E1,1.358107411E1
1.696235755E1,2.105683982E-1,-8.949156404E-1,5.819344521E0,5.891517946E0
1.696473318E1,-1.225125194E0,-1.349551916E0,1.351944828E1,1.364176323E1
1.696710875E1,1.823330879E0,-1.201196909E0,7.336394310E0,7.654416436E0
1.696948438E1,-2.627319336E0,-4.929214716E-1,1.145204926E1,1.175989841E1
1.697185995E1,2.258824587E0,-1.718046665E0,1.008814049E1,1.047972096E1
1.697423557E1,-2.215753794E0,-3.780659735E-1,8.508877754E0,8.800766977E0
1.697661120E1,1.813759565E0,-2.029113531E0,1.260060406E1,1.289116938E1
1.697898677E1,-1.119840980E0,-3.732803464E-1,6.116054535E0,6.228924876E0
1.698136240E1,9.092725813E-2,-1.627119422E0,1.361994648E1,1.371709618E1
1.698373797E1,9.906286001E-1,-9.571290612E-1,5.938985825E0,6.096637900E0
1.698611359E1,-1.287338614E0,-1.205982566E0,1.321316624E1,1.333039372E1
1.698848922E1,2.301895380E0,-1.167697430E0,7.915457249E0,8.325665324E0
1.699086479E1,-2.383251429E0,-5.551348329E-1,1.071984577E1,1.099559709E1
1.699324042E1,2.584248543E0,-1.808973908E0,1.072463131E1,1.117892856E1
1.699561599E1,-1.722832322E0,-3.445664644E-1,8.025527000E0,8.215592547E0
1.699799162E1,1.727617979E0,-2.105684042E0,1.270110226E1,1.298986404E1
1.700036724E1,-6.699903607E-1,-4.067798555E-1,5.919843197E0,5.971507382E0
1.700274281E1,9.092725813E-2,-1.708475351E0,1.365823174E1,1.376497185E1
1.700511844E1,1.564906001E0,-9.523434043E-1,6.273981094E0,6.535956512E0
1.700749401E1,-1.651047587E0,-1.182054400E0,1.283510113E1,1.299473092E1
1.700986964E1,2.435893536E0,-1.215553880E0,8.537590981E0,8.961116465E0
1.701224521E1,-2.120040894E0,-6.891329288E-1,1.022692394E1,1.046706506E1
1.701462083E1,2.603390932E0,-1.938186288E0,1.122712421E1,1.168685281E1
1.701699646E1,-1.832902193E0,-3.780659735E-1,7.456035137E0,7.687322310E0
1.701937203E1,1.325623751E0,-2.024327993E0,1.299781227E1,1.322113104E1
1.702174766E1,-3.684946895E-1,-5.503492355E-1,5.915057659E0,5.952023163E0
1.702412323E1,-3.445664644E-1,-1.670190215E0,1.373480225E1,1.384026929E1
1.702649886E1,1.435693622E0,-1.014556766E0,6.575476646E0,6.806425988E0
1.702887448E1,-2.210968018E0,-9.954141974E-1,1.246660614E1,1.270021644E1
1.703125005E1,2.134397745E0,-1.392622828E0,8.963513374E0,9.318778036E0
1.703362568E1,-2.368894339E0,-5.503492355E-1,9.738788605E0,1.003785575E1
1.703600125E1,2.110469580E0,-1.923829436E0,1.154297638E1,1.189098420E1
1.703837688E1,-2.148754835E0,-2.584248483E-1,6.934400082E0,7.264284909E0
1.704075250E1,6.364908218E-1,-1.875972986E0,1.328016567E1,1.342710674E1
1.704312807E1,-1.770688742E-1,-6.221339107E-1,5.790630817E0,5.826646484E0
1.704550370E1,-1.024128079E0,-1.445264935E0,1.373480225E1,1.384855306E1
1.704787927E1,1.258624673E0,-1.004985452E0,6.800402164E0,6.988533567E0
1.705025490E1,-2.560320139E0,-7.848458290E-1,1.196889877E1,1.226481798E1
1.705263047E1,2.115255117E0,-1.459621787E0,9.542576790E0,9.882589325E0
1.705500609E1,-2.383251429E0,-3.493520916E-1,9.212367058E0,9.522060757E0
1.705738172E1,1.761117458E0,-1.971685886E0,1.167697430E1,1.197250219E1
1.705975729E1,-1.832902193E0,-1.052841991E-1,6.690331936E0,6.937662187E0
1.706213292E1,4.307080805E-1,-1.885544300E0,1.342852020E1,1.356709039E1
1.706450849E1,3.684946895E-1,-5.886343718E-1,5.895915031E0,5.936673548E0
1.706688412E1,-1.373480201E0,-1.330409408E0,1.338066387E1,1.351660470E1
1.706925974E1,1.737189293E0,-8.853443861E-1,7.379465103E0,7.632703750E0
1.707163531E1,-2.282752752E0,-7.752745152E-1,1.135633659E1,1.160940961E1
1.707401094E1,2.531606436E0,-1.493121386E0,1.009292603E1,1.051216430E1
1.707638651E1,-2.081755638E0,-2.823530734E-1,8.494520187E0,8.750445875E0
1.707876214E1,1.957328916E0,-1.957328916E0,1.203111267E1,1.234544228E1
1.708113771E1,-1.009771109E0,-2.009970993E-1,6.360122681E0,6.442918441E0
1.708351333E1,5.599204898E-1,-1.828116536E0,1.361516094E1,1.374875007E1
1.708588896E1,1.038485050E0,-6.029912829E-1,6.001199245E0,6.120166834E0
1.708826453E1,-1.378265858E0,-1.205982566E0,1.314616776E1,1.327312086E1
1.709064016E1,2.230110645E0,-1.043270707E0,7.934599876E0,8.307808523E0
1.709301573E1,-1.770688772E0,-7.848458290E-1,1.085862923E1,1.103001135E1
1.709539136E1,2.799602509E0,-1.607976794E0,1.060020447E1,1.108096107E1
1.709776698E1,-1.962114573E0,-2.967100143E-1,7.829315662E0,8.076887654E0
1.710014255E1,1.890329838E0,-1.986042738E0,1.252881908E1,1.282532730E1
1.710251818E1,-3.541377485E-1,-4.211367965E-1,6.168696880E0,6.193189077E0
1.710489375E1,3.302095234E-1,-1.694118381E0,1.392622757E1,1.403277912E1
1.710726938E1,1.172483087E0,-8.279166222E-1,6.163911343E0,6.328820235E0
1.710964495E1,-1.631905079E0,-1.100698471E0,1.282074356E1,1.297097208E1
1.711202057E1,2.416750908E0,-1.249053478E0,8.585447311E0,9.006149293E0
1.711439620E1,-1.789831281E0,-7.130611539E-1,1.041835022E1,1.059499757E1
1.711677177E1,2.469393015E0,-1.832902193E0,1.067677498E1,1.111084858E1
1.711914740E1,-2.057827473E0,-1.531406492E-1,7.556533813E0,7.833218319E0
1.712152297E1,1.454836130E0,-2.105684042E0,1.289252853E1,1.314411448E1
1.712389859E1,-1.627119333E-1,-4.929214716E-1,6.058627129E0,6.080823089E0
1.712627422E1,-5.264210105E-1,-1.593619823E0,1.379222965E1,1.389396783E1
1.712864979E1,1.138983607E0,-8.662018180E-1,6.518048763E0,6.673271231E0
1.713102542E1,-2.038684845E0,-1.124626637E0,1.238525009E1,1.260219984E1
1.713340099E1,2.282752752E0,-1.330409408E0,9.164510727E0,9.537777843E0
1.713577662E1,-2.234896421E0,-5.407779217E-1,9.676574707E0,9.946019346E0
1.713815224E1,2.009970903E0,-1.919043779E0,1.103091240E1,1.137557649E1
1.714052781E1,-1.986042738E0,-1.962114573E-1,7.202396393E0,7.473779398E0
1.714290344E1,8.901300430E-1,-2.139183521E0,1.322752380E1,1.342891744E1
1.714527901E1,-1.435693540E-2,-4.211367965E-1,6.187839508E0,6.202170596E0
1.714765464E1,-1.244267821E0,-1.531406522E0,1.343809223E1,1.358218433E1
1.715003021E1,1.249053478E0,-8.757730722E-1,7.097112179E0,7.259208934E0
1.715240583E1,-2.076970100E0,-1.076770186E0,1.186361504E1,1.209208835E1
1.715478146E1,2.273181438E0,-1.406979680E0,9.671789169E0,1.003446318E1
1.715715703E1,-2.498106956E0,-3.589234054E-1,8.934800148E0,9.284396483E0
1.715953266E1,1.823330879E0,-2.000399828E0,1.149990559E1,1.181414252E1
1.716190823E1,-1.507478237E0,-2.057827413E-1,6.905686378E0,7.071304090E0
1.716428386E1,7.034898400E-1,-2.067398787E0,1.363430309E1,1.380808664E1
1.716665948E1,2.536391914E-1,-5.934200287E-1,5.962913990E0,5.997734858E0
1.716903505E1,-1.545763373E0,-1.373480201E0,1.329930782E1,1.345910178E1
1.717141068E1,1.679761529E0,-1.119840980E0,7.671389580E0,7.932582221E0
1.717378625E1,-1.890329838E0,-1.057627559E0,1.134676456E1,1.155166607E1
1.717616188E1,2.392822742E0,-1.617548108E0,1.004985523E1,1.045665591E1
1.717853750E1,-2.407179594E0,-3.349951804E-1,8.355736732E0,8.702015382E0
1.718091307E1,1.880758643E0,-2.249253273E0,1.216032505E1,1.250879286E1
1.718328870E1,-9.044869542E-1,-4.354937077E-1,6.565905571E0,6.642203504E0
1.718566427E1,3.110669553E-1,-1.904686809E0,1.394058514E1,1.407353930E1
1.718803990E1,6.221339107E-1,-8.327022791E-1,6.130411625E0,6.217908843E0
1.719041552E1,-1.674975872E0,-1.445264935E0,1.302174091E1,1.320833340E1
1.719279109E1,2.096112728E0,-1.320838094E0,8.350951195E0,8.710722570E0
1.719516672E1,-1.756331801E0,-9.284151793E-1,1.088255692E1,1.106240033E1
1.719754229E1,2.311466694E0,-1.928615093E0,1.022692394E1,1.066078833E1
1.719991792E1,-2.215753794E0,-3.254238665E-1,8.111668587E0,8.415143066E0
1.720229349E1,1.746760488E0,-2.459821701E0,1.262931824E1,1.298466689E1
1.720466912E1,-4.211367965E-1,-5.216353536E-1,6.527620316E0,6.561957530E0
1.720704474E1,-3.780659735E-1,-1.962114573E0,1.382094383E1,1.396464521E1
1.720942031E1,7.704889178E-1,-9.188438654E-1,6.532405853E0,6.641555048E0
1.721179594E1,-1.775474429E0,-1.445264935E0,1.270110226E1,1.290577773E1
1.721417151E1,2.182254314E0,-1.497906923E0,8.939585686E0,9.323204989E0
1.721654714E1,-2.258824587E0,-8.039883971E-1,1.011685371E1,1.039708685E1
1.721892276E1,2.076970100E0,-2.029113531E0,1.073898792E1,1.112461092E1
1.722129833E1,-2.163111687E0,-3.349951804E-1,7.666603565E0,7.972959561E0
1.722367396E1,1.287338614E0,-2.397608280E0,1.315095329E1,1.342956956E1
1.722604953E1,-4.354937077E-1,-4.450650215E-1,6.388836384E0,6.419109594E0
1.722842516E1,-1.081555843E0,-1.746760488E0,1.364387512E1,1.379769052E1
1.723080073E1,8.566305041E-1,-1.000199914E0,7.006184578E0,7.128873546E0
1.723317636E1,-1.875972986E0,-1.316052437E0,1.224646664E1,1.245902138E1
1.723555198E1,2.081755638E0,-1.459621787E0,9.303294182E0,9.644453584E0
1.723792755E1,-2.589034081E0,-5.168496966E-1,9.422935486E0,9.785803199E0
1.724030318E1,1.890329838E0,-2.076970100E0,1.115055370E1,1.149878253E1
1.724267875E1,-1.775474429E0,-2.775674164E-1,7.350750923E0,7.567224871E0
1.724505438E1,8.566305041E-1,-2.120040894E0,1.361994648E1,1.381055145E1
1.724743000E1,-3.062812984E-1,-4.881358147E-1,5.996413708E0,6.024040352E0
1.724980557E1,-1.344766378E0,-1.421336651E0,1.347637749E1,1.361768500E1
1.725218120E1,1.359123230E0,-1.028913736E0,7.360322475E0,7.555145688E0
1.725455677E1,-1.670190215E0,-1.086341500E0,1.179661560E1,1.196368726E1
1.725693240E1,2.210968018E0,-1.493121386E0,9.403793335E0,9.774923024E0
1.725930797E1,-2.450250387E0,-2.249253243E-1,8.843872070E0,9.179781673E0
1.726168359E1,2.124826431E0,-2.134397745E0,1.165783215E1,1.204058103E1
1.726405922E1,-9.954141974E-1,-1.962114573E-1,7.025327206E0,7.098208979E0
1.726643479E1,6.508477330E-1,-1.942971945E0,1.363430309E1,1.378742048E1
1.726881042E1,2.967100143E-1,-4.594219327E-1,6.111268997E0,6.135691819E0
1.727118599E1,-1.134197950E0,-1.426122308E0,1.307438278E1,1.320074676E1
1.727356162E1,2.105684042E0,-1.153340459E0,7.891529083E0,8.248656301E0
1.727593724E1,-1.521835208E0,-8.805587292E-1,1.123669529E1,1.137342020E1
1.727831281E1,2.517249346E0,-1.670190215E0,9.556933403E0,1.002302627E1
1.728068844E1,-1.976471543E0,-2.249253243E-1,8.475378036E0,8.705691473E0
1.728306401E1,2.325823545E0,-2.354537487E0,1.212682533E1,1.257032993E1
1.728543964E1,-5.359922647E-1,-1.100698411E-1,6.733402729E0,6.755598818E0
1.728781526E1,2.440679073E-1,-1.909472466E0,1.359123230E1,1.372688055E1
1.729019083E1,8.374879360E-1,-6.699903607E-1,6.307480335E0,6.398013856E0
1.729256646E1,-1.004985452E0,-1.459621787E0,1.276810169E1,1.289049698E1
1.729494203E1,2.354537487E0,-1.182054400E0,8.398807526E0,8.802333056E0
1.729731766E1,-1.866401672E0,-7.082754970E-1,1.038485050E1,1.057498129E1
1.729969323E1,2.478964329E0,-1.832902193E0,1.004028416E1,1.050295675E1
1.730206886E1,-1.799402595E0,-2.105683982E-1,8.082955360E0,8.283499026E0
1.730444448E1,1.952543259E0,-2.321038008E0,1.277767277E1,1.313272873E1
1.730682005E1,-5.694918036E-1,-2.823530734E-1,6.293123722E0,6.325144295E0
1.730919568E1,-5.551348329E-1,-1.646261930E0,1.369173145E1,1.380151670E1
1.731157125E1,8.757730722E-1,-8.614161611E-1,6.589833736E0,6.703351770E0
1.731394688E1,-1.306481123E0,-1.301695466E0,1.247617722E1,1.261175253E1
1.731632250E1,2.086541414E0,-1.306481123E0,8.532805443E0,8.880839866E0
1.731869807E1,-2.349751949E0,-4.929214716E-1,9.805787086E0,1.009543294E1
1.732107370E1,2.239681959E0,-1.904686809E0,1.059541893E1,1.099576780E1
1.732344927E1,-1.761117458E0,-2.584248483E-1,7.700103283E0,7.903158145E0
1.732582490E1,1.205982566E0,-2.038684845E0,1.317966747E1,1.339082763E1
1.732820042E1,-5.886343718E-1,-3.302095234E-1,6.187839508E0,6.224539062E0
1.733057609E1,-1.028913736E0,-1.512263894E0,1.338544941E1,1.350984313E1
1.733295172E1,1.191625714E0,-8.997012973E-1,7.125825882E0,7.280578876E0
1.733532729E1,-1.560120344E0,-1.095912814E0,1.200239849E1,1.215288319E1
1.733770292E1,1.986042738E0,-1.325623751E0,8.690732002E0,9.012794618E0
1.734007844E1,-2.383251429E0,-2.201396823E-1,9.379864693E0,9.680403427E0
1.734245412E1,2.244467735E0,-2.091326952E0,1.099741268E1,1.141728381E1
1.734482969E1,-1.454836130E0,4.307080805E-2,7.494320393E0,7.634346168E0
1.734720531E1,7.130611539E-1,-1.995614052E0,1.322273827E1,1.339148009E1
1.734958094E1,-2.249253243E-1,-2.536391914E-1,6.149554253E0,6.158891276E0
1.735195651E1,-9.332008362E-1,-1.406979680E0,1.315573883E1,1.326363147E1
1.735433214E1,1.732403636E0,-9.810572863E-1,7.503891945E0,7.763510165E0
1.735670771E1,-1.674975872E0,-8.422735929E-1,1.138504982E1,1.153838500E1
1.735908333E1,2.306680918E0,-1.392622828E0,9.226723671E0,9.612107204E0
1.736145896E1,-2.091326952E0,-1.339980662E-1,9.030512810E0,9.270478170E0
1.736383453E1,2.392822742E0,-2.201396942E0,1.186361504E1,1.230110202E1
1.736621016E1,-1.038485050E0,9.571290575E-3,7.054041386E0,7.130080131E0
1.736858573E1,3.684946895E-1,-1.770688772E0,1.361516094E1,1.373476372E1
1.737096136E1,3.924229145E-1,-5.742774606E-1,6.226124287E0,6.264855463E0
1.737333693E1,-7.274180651E-1,-1.411765337E0,1.304566860E1,1.314198188E1
1.737571255E1,2.053041935E0,-1.076770186E0,7.819744587E0,8.156152317E0
1.737808818E1,-1.837687731E0,-6.891329288E-1,1.082512951E1,1.100161030E1
1.738046375E1,2.584248543E0,-1.660618901E0,9.590433121E0,1.007037254E1
1.738283938E1,-1.789831281E0,-2.057827413E-1,8.566305161E0,8.753709308E0
1.738521495E1,2.234896421E0,-2.187039852E0,1.241874981E1,1.280637545E1
1.738759057E1,-8.805587292E-1,-1.004985496E-1,6.604190350E0,6.663393565E0
1.738996620E1,1.435693540E-2,-1.737189293E0,1.363430309E1,1.374453541E1
1.739234177E1,8.374879360E-1,-8.231309652E-1,6.518048763E0,6.622981980E0
1.739471740E1,-9.332008362E-1,-1.306481123E0,1.277288723E1,1.287339912E1
1.739709297E1,2.062613010E0,-1.296909928E0,8.025527000E0,8.387218337E0
1.739946859E1,-2.100898266E0,-4.929214716E-1,1.027478027E1,1.049894541E1
1.740184417E1,2.493321180E0,-1.899901152E0,1.019342422E1,1.066452870E1
1.740421979E1,-1.756331801E0,-1.627119333E-1,8.269595146E0,8.455612364E0
1.740659542E1,1.517049551E0,-2.206182480E0,1.283510113E1,1.311138823E1
1.740897099E1,-8.279166222E-1,-1.627119333E-1,6.451049805E0,6.505994520E0
1.741134662E1,-6.939185858E-1,-1.708475351E0,1.353380489E1,1.365885376E1
1.741372219E1,1.028913736E0,-9.427721500E-1,6.987041950E0,7.125043019E0
1.741609781E1,-1.598405480E0,-1.186840057E0,1.220339584E1,1.236472238E1
1.741847344E1,1.866401672E0,-1.320838094E0,8.480163574E0,8.783008751E0
1.742084901E1,-2.445464849E0,-3.589234054E-1,9.896714211E0,1.020069000E1
1.742322464E1,2.201396942E0,-2.163111687E0,1.079162979E1,1.122428057E1
1.742560016E1,-1.928615093E0,3.828516230E-2,7.920242786E0,8.151764700E0
1.742797583E1,7.226324677E-1,-2.124826431E0,1.317009544E1,1.335995880E1
1.743035146E1,-6.747759581E-1,-3.541377485E-1,6.388836384E0,6.434125152E0
1.743272703E1,-9.284151793E-1,-1.564906001E0,1.335673618E1,1.348010708E1
1.743510266E1,1.196411371E0,-9.714859724E-1,7.307680130E0,7.468425138E0
1.743747823E1,-1.981257200E0,-9.332008362E-1,1.169611740E1,1.189938680E1
1.743985386E1,2.024327993E0,-1.406979680E0,8.800801277E0,9.139562285E0
1.744222948E1,-2.268395901E0,-2.584248483E-1,9.446864128E0,9.718829416E0
1.744460505E1,2.335394859E0,-2.187039852E0,1.152861977E1,1.196437571E1
1.744698068E1,-1.689332843E0,-4.785645287E-3,7.231110096E0,7.425821273E0
1.744935625E1,4.019941986E-1,-1.852044702E0,1.356730461E1,1.369903001E1
1.745173188E1,1.914258115E-2,-6.317051649E-1,6.283552170E0,6.315255001E0
1.745410745E1,-6.652047038E-1,-1.464407444E0,1.321316624E1,1.331070052E1
1.745648307E1,1.670190215E0,-1.115055323E0,7.408178806E0,7.675545385E0
1.745885870E1,-1.919043779E0,-7.226324677E-1,1.125105190E1,1.143639347E1
1.746123427E1,2.469393015E0,-1.651047587E0,9.322437286E0,9.784257609E0
1.746360990E1,-1.852044702E0,-2.823530734E-1,9.145368576E0,9.335285707E0
1.746598547E1,2.311466694E0,-2.220539331E0,1.208375454E1,1.250163177E1
1.746836109E1,-1.225125194E0,-9.571290761E-2,6.915257454E0,7.023594404E0
1.747073667E1,2.344966233E-1,-1.933400750E0,1.361037540E1,1.374901254E1
1.747311229E1,7.609176040E-1,-8.039883971E-1,6.470192432E0,6.564204678E0
1.747548792E1,-8.087740541E-1,-1.339980721E0,1.300259781E1,1.309645805E1
1.747786349E1,1.904686809E0,-1.234696507E0,7.561319351E0,7.894672738E0
1.748023912E1,-1.952543259E0,-6.317051649E-1,1.081077290E1,1.100383057E1
1.748261469E1,2.589034081E0,-1.899901152E0,9.815358162E0,1.032734127E1
1.748499031E1,-1.885544300E0,-1.387837082E-1,8.815158844E0,9.015628856E0
1.748736594E1,1.655833244E0,-2.277967215E0,1.236132145E1,1.267805925E1
1.748974151E1,-1.100698471E0,-1.196411327E-1,6.723831654E0,6.814379152E0
1.749211714E1,-2.105683982E-1,-1.837687731E0,1.357687569E1,1.370229866E1
1.749449271E1,7.657032609E-1,-8.997012973E-1,6.709474564E0,6.812694975E0
1.749686833E1,-1.555334687E0,-1.210768223E0,1.237567902E1,1.253165818E1
1.749924386E1,1.813759565E0,-1.272981644E0,8.092526436E0,8.390422525E0
1.750161953E1,-2.316252232E0,-4.642075896E-1,1.033699417E1,1.060348818E1
1.750399516E1,2.373680115E0,-2.024327993E0,1.057627583E1,1.102677974E1
1.750637073E1,-2.201396942E0,-7.178468257E-2,8.025527000E0,8.322282450E0
1.750874636E1,9.188438654E-1,-2.053041935E0,1.306481171E1,1.325701928E1
1.751112193E1,-9.092726111E-1,-3.876372576E-1,6.393621922E0,6.469578085E0
1.751349755E1,-5.551348329E-1,-1.603191137E0,1.359601784E1,1.370146334E1
1.751587313E1,8.183453679E-1,-9.044869542E-1,6.714260101E0,6.824153757E0
1.751824875E1,-1.995614052E0,-9.667003751E-1,1.205982590E1,1.226198947E1
1.752062438E1,1.957328916E0,-1.363908887E0,8.413164139E0,8.744867910E0
1.752299995E1,-2.325823545E0,-4.019941986E-1,9.978070259E0,1.025343555E1
1.752537557E1,2.230110645E0,-2.000399828E0,1.109312534E1,1.149053623E1
1.752775115E1,-2.220539331E0,1.435693540E-2,7.633104324E0,7.949546067E0
1.753012677E1,5.694918036E-1,-1.947757602E0,1.328016567E1,1.343431728E1
1.753250240E1,-3.541377485E-1,-5.072783828E-1,6.331408501E0,6.361562584E0
1.753487797E1,-5.455635786E-1,-1.440479279E0,1.341416359E1,1.350231110E1
1.753725359E1,1.177268744E0,-1.057627559E0,6.809973240E0,6.991442861E0
1.753962917E1,-1.923829436E0,-7.800601721E-1,1.161954689E1,1.180353691E1
1.754200479E1,2.459821701E0,-1.521835208E0,8.934800148E0,9.391344892E0
1.754438037E1,-1.986042738E0,-2.679961324E-1,9.595218658E0,9.802265493E0
1.754675599E1,2.268395901E0,-2.153540373E0,1.150469112E1,1.192230154E1
1.754913162E1,-1.636690736E0,-4.785645287E-3,7.231110096E0,7.414022706E0
1.755150719E1,6.604190469E-1,-1.986042738E0,1.353380489E1,1.369468488E1
1.755388281E1,5.120640397E-1,-7.082754970E-1,6.350551128E0,6.410410548E0
1.755625839E1,-6.364908218E-1,-1.426122308E0,1.300259781E1,1.309604884E1
1.755863401E1,1.828116536E0,-1.167697430E0,7.097112179E0,7.421221506E0
1.756100964E1,-1.665404558E0,-7.896314859E-1,1.125105190E1,1.140102009E1
1.756338521E1,2.885744095E0,-1.852044702E0,9.418149948E0,1.002293056E1
1.756576083E1,-1.818545222E0,-1.004985496E-1,9.131011009E0,9.310884423E0
1.756813641E1,2.148754835E0,-2.215753794E0,1.196411324E1,1.235583739E1
1.757051203E1,-1.057627559E0,-1.818545163E-1,6.924828529E0,7.007488657E0
1.757288761E1,6.173482537E-1,-1.861616015E0,1.359601784E1,1.373675486E1
1.757526323E1,8.135597110E-1,-8.470591903E-1,6.336194515E0,6.444125201E0
1.757763886E1,-9.332008362E-1,-1.229910851E0,1.267717457E1,1.277083786E1
1.758001443E1,2.167897224E0,-1.258624673E0,7.441678524E0,7.852546956E0
1.758239005E1,-1.727617979E0,-6.652047038E-1,1.091605663E1,1.107192186E1
1.758476563E1,2.876172781E0,-1.794616938E0,1.009292603E1,1.064707357E1
1.758714125E1,-2.187039852E0,-8.614161611E-2,8.408378601E0,8.688578387E0
1.758951688E1,1.588834286E0,-2.024327993E0,1.265803146E1,1.291696786E1
1.759189245E1,-7.752745152E-1,-3.637090325E-1,6.608976364E0,6.664225643E0
1.759426807E1,1.770688742E-1,-1.698904037E0,1.361516094E1,1.372188893E1
1.759664365E1,7.369893789E-1,-9.140582681E-1,6.293123722E0,6.401723365E0
1.759901927E1,-1.555334687E0,-1.014556766E0,1.236132145E1,1.250002638E1
1.760139484E1,2.105684042E0,-1.325623751E0,7.992027760E0,8.370405684E0
1.760377047E1,-2.076970100E0,-5.120640397E-1,1.066241741E1,1.087488664E1
1.760614609E1,2.388036966E0,-1.885544300E0,1.051406288E1,1.094547926E1
1.760852167E1,-2.459821701E0,2.871387079E-2,8.020741463E0,8.389507786E0
1.761089729E1,9.954141974E-1,-2.062613010E0,1.311266804E1,1.331117143E1
1.761327287E1,-6.077769399E-1,-5.072783828E-1,6.474977970E0,6.523194300E0
1.761564844E1,-4.594219327E-1,-1.469193101E0,1.351944828E1,1.360680266E1
1.761802412E1,7.657032609E-1,-1.043270707E0,6.441478729E0,6.570187476E0
1.762039969E1,-1.947757602E0,-9.714859724E-1,1.206939697E1,1.226408937E1
1.762277531E1,2.206182480E0,-1.497906923E0,8.528019905E0,8.935216270E0
1.762515089E1,-2.306680918E0,-2.775674164E-1,1.028913784E1,1.054818364E1
1.762752651E1,1.971685886E0,-2.139183521E0,1.096869946E1,1.134795220E1
1.762990214E1,-2.268395901E0,4.785645287E-3,7.695317745E0,8.022690201E0
1.763227771E1,7.369893789E-1,-2.158325911E0,1.346201992E1,1.365384577E1
1.763465333E1,-1.914258152E-1,-6.364908218E-1,6.364908218E0,6.399517250E0
1.763702891E1,-8.039883971E-1,-1.507478237E0,1.318923855E1,1.329943237E1
1.763940453E1,1.244267821E0,-1.153340459E0,6.747759819E0,6.957776886E0
1.764178011E1,-1.885544300E0,-9.236295223E-1,1.189232826E1,1.207625109E1
1.764415573E1,2.660818815E0,-1.713261008E0,9.087940216E0,9.623194762E0
1.764653136E1,-2.402393818E0,-2.632105052E-1,9.480362892E0,9.783560517E0
1.764890693E1,2.009970903E0,-2.124826431E0,1.178704453E1,1.214451683E1
1.765128255E1,-1.502692580E0,-3.589234054E-1,7.183253765E0,7.347519694E0
1.765365813E1,8.231309652E-1,-1.976471543E0,1.375872993E1,1.392431807E1
1.765603375E1,3.014956415E-1,-8.901300430E-1,6.111268997E0,6.183109240E0
1.765840932E1,-8.901300430E-1,-1.339980721E0,1.298345566E1,1.308273674E1
1.766078495E1,1.990828395E0,-1.330409408E0,7.192824841E0,7.580904700E0
1.766316057E1,-1.588834286E0,-9.523434043E-1,1.172483063E1,1.187025718E1
1.766553615E1,2.914458036E0,-1.799402595E0,9.614361763E0,1.020626609E1
1.766791177E1,-2.340180635E0,-1.866401732E-1,8.944371223E0,9.247326995E0
1.767028734E1,1.957328916E0,-2.210968018E0,1.237567902E1,1.272308717E1
1.767266297E1,-8.231309652E-1,-5.168496966E-1,6.963113785E0,7.030621009E0
1.767503854E1,5.886343718E-1,-1.828116536E0,1.379222965E1,1.392530428E1
1.767741417E1,5.024927258E-1,-1.009771109E0,6.025127411E0,6.129787676E0
1.767978979E1,-1.196411371E0,-1.225125194E0,1.273938751E1,1.285396149E1
1.768216536E1,2.344966173E0,-1.445264935E0,7.733603001E0,8.209523278E0
1.768454099E1,-1.847259045E0,-6.412764788E-1,1.135155106E1,1.151873747E1
1.768691656E1,2.531606436E0,-1.919043779E0,1.004506969E1,1.053542526E1
1.768929219E1,-2.469393015E0,-5.264209956E-2,8.508877754E0,8.860117025E0
1.769166776E1,1.464407444E0,-2.230110645E0,1.291645622E1,1.318911384E1
1.769404339E1,-6.556333899E-1,-5.455635786E-1,6.719046116E0,6.772966519E0
1.769641901E1,-9.092725813E-2,-1.660618901E0,1.349073410E1,1.359285950E1
1.769879458E1,5.551348329E-1,-9.284151793E-1,6.254838467E0,6.347687270E0
1.770117021E1,-1.665404558E0,-1.158126116E0,1.252403355E1,1.268724733E1
1.770354578E1,2.340180635E0,-1.454836130E0,8.283951759E0,8.730226247E0
1.770592141E1,-2.373680115E0,-3.541377485E-1,1.067677498E1,1.094318486E1
1.770829703E1,2.139183521E0,-1.938186288E0,1.066720295E1,1.105087739E1
1.771067261E1,-2.378465652E0,-1.292124242E-1,7.968099594E0,8.316514044E0
1.771304823E1,1.110269666E0,-2.100898266E0,1.331366539E1,1.352405850E1
1.771542380E1,-5.742774606E-1,-5.455635786E-1,6.283552170E0,6.333282095E0
1.771779943E1,-6.795616150E-1,-1.435693622E0,1.332323647E1,1.341758734E1
1.772017495E1,9.906286001E-1,-1.019342422E0,6.384050846E0,6.540375311E0
1.772255063E1,-1.852044702E0,-1.095912814E0,1.221296692E1,1.240111509E1
1.772492625E1,2.488535643E0,-1.368694544E0,8.872586250E0,9.316057169E0
1.772730182E1,-2.651247501E0,-3.014956415E-1,9.824930191E0,1.018082836E1
1.772967745E1,1.938186288E0,-1.923829436E0,1.130848026E1,1.163354682E1
1.773205302E1,-1.837687731E0,-2.632105052E-1,7.523034573E0,7.748704740E0
1.773442865E1,1.019342422E0,-1.986042738E0,1.341894913E1,1.360336798E1
1.773680422E1,-3.302095234E-1,-6.747759581E-1,5.982056618E0,6.029043233E0
1.773917984E1,-9.092726111E-1,-1.296909928E0,1.310788250E1,1.320323202E1
1.774155547E1,1.617548108E0,-1.186840057E0,6.766902447E0,7.058046467E0
1.774393104E1,-1.722832322E0,-9.092726111E-1,1.207418346E1,1.223032437E1
1.774630667E1,2.569891453E0,-1.588834286E0,9.092725754E0,9.581565535E0
1.774868224E1,-2.574677229E0,-1.674975902E-1,9.365508080E0,9.714409908E0
1.775105786E1,2.014756680E0,-2.129612207E0,1.183011532E1,1.218794983E1
1.775343349E1,-1.210768223E0,-4.211367965E-1,7.140182972E0,7.254345509E0
1.775580906E1,8.422735929E-1,-1.871187329E0,1.360558987E1,1.375946374E1
1.775818469E1,1.818545163E-1,-8.566305041E-1,5.747560024E0,5.813891392E0
1.776056026E1,-1.024128079E0,-1.268195987E0,1.294038486E1,1.304265003E1
1.776293589E1,2.277967215E0,-1.335195065E0,7.183253765E0,7.653170268E0
1.776531151E1,-1.708475351E0,-7.369893789E-1,1.171047401E1,1.185737083E1
1.776768708E1,2.612962246E0,-1.713261008E0,9.571290970E0,1.006838844E1
1.777006266E1,-2.411965132E0,-1.435693651E-1,8.791230202E0,9.117231840E0
1.777243828E1,2.043470621E0,-2.210968018E0,1.250489140E1,1.286221056E1
1.777481391E1,-7.417750359E-1,-4.402793646E-1,6.680760860E0,6.736218657E0
1.777718948E1,3.876372576E-1,-1.780260086E0,1.351944828E1,1.364166670E1
1.777956510E1,6.221339107E-1,-8.805587292E-1,5.833701611E0,5.932495997E0
1.778194068E1,-1.071984529E0,-1.272981644E0,1.283988667E1,1.294729017E1
1.778431630E1,2.603390932E0,-1.335195065E0,7.862815380E0,8.389532520E0
1.778669193E1,-2.182254314E0,-5.168496966E-1,1.102612686E1,1.125188167E1
1.778906750E1,2.440679073E0,-1.703689694E0,1.022692394E1,1.065126501E1
1.779144313E1,-2.215753794E0,-2.249253243E-1,8.312665939E0,8.605845182E0
1.779381870E1,1.799402595E0,-2.076970100E0,1.307916832E1,1.336474087E1
1.779619432E1,-7.322037220E-1,-5.168496966E-1,6.221338749E0,6.285563756E0
1.779856995E1,-1.244267747E-1,-1.440479279E0,1.334716511E1,1.342524782E1
1.780094552E1,9.284151793E-1,-9.332008362E-1,6.053841114E0,6.195305544E0
1.780332115E1,-1.392622828E0,-1.205982566E0,1.281117249E1,1.294294915E1
1.780569672E1,2.469393015E0,-1.191625714E0,8.221738815E0,8.666883111E0
1.780807234E1,-2.603390932E0,-3.493520916E-1,1.046620655E1,1.079079102E1
1.781044797E1,2.210968018E0,-1.737189293E0,1.081555843E1,1.117508436E1
1.781282354E1,-2.019542217E0,-2.297109663E-1,7.862815380E0,8.121279677E0
1.781519917E1,1.368694544E0,-1.890329838E0,1.330409431E1,1.350724240E1
1.781757474E1,-7.417750359E-1,-4.354937077E-1,5.857629776E0,5.920448595E0
1.781995036E1,-6.029912829E-1,-1.359123230E0,1.332802200E1,1.341070412E1
1.782232594E1,1.306481123E0,-9.714859724E-1,6.321837425E0,6.528116601E0
1.782470156E1,-1.627119422E0,-9.379864931E-1,1.269631672E1,1.283447679E1
1.782707719E1,2.330609322E0,-1.277767301E0,8.480163574E0,8.886934417E0
1.782945276E1,-2.742174864E0,-6.221338734E-2,9.958928108E0,1.032974552E1
1.783182839E1,2.134397745E0,-1.976471543E0,1.134676456E1,1.171371673E1
1.783420396E1,-1.631905079E0,-1.818545163E-1,7.412964344E0,7.592642861E0
1.783657958E1,9.619147182E-1,-1.875972986E0,1.335195065E1,1.351736441E1
1.783895516E1,-4.019941986E-1,-4.929214716E-1,5.656632900E0,5.692281325E0
1.784133078E1,-8.039883971E-1,-1.339980721E0,1.328973675E1,1.338129472E1
1.784370641E1,1.871187329E0,-1.105484009E0,6.733402729E0,7.075461061E0
1.784608198E1,-1.928615093E0,-7.992027402E-1,1.216032505E1,1.233822461E1
1.784845760E1,2.411965132E0,-1.368694544E0,9.111868858E0,9.524550102E0
1.785083318E1,-2.536391973E0,-2.344966233E-1,9.293723106E0,9.636470416E0
1.785320875E1,2.254039049E0,-2.038684845E0,1.202632618E1,1.240441249E1
1.785558443E1,-1.263410330E0,-2.919243574E-1,6.934400082E0,7.054596373E0
1.785796000E1,6.556333899E-1,-1.866401672E0,1.333280754E1,1.347876357E1
1.786033563E1,1.770688742E-1,-6.652047038E-1,5.709274769E0,5.750623364E0
1.786271120E1,-8.422735929E-1,-1.488335729E0,1.320838070E1,1.331862939E1
1.786508682E1,2.301895380E0,-1.129412293E0,7.360322475E0,7.794141480E0
1.786746240E1,-2.210968018E0,-7.417750359E-1,1.160519028E1,1.183718933E1
1.786983802E1,2.411965132E0,-1.574477315E0,9.743574142E0,1.016040313E1
1.787221365E1,-2.177468538E0,-4.211367965E-1,8.872586250E0,9.145573367E0
1.787458922E1,2.158325911E0,-2.124826431E0,1.248096275E1,1.284319623E1
1.787696484E1,-1.225125194E0,-4.546363056E-1,6.427121639E0,6.558621690E0
1.787934042E1,3.158525825E-1,-1.756331801E0,1.353859043E1,1.365569094E1
1.788171604E1,6.747759581E-1,-9.762716293E-1,5.819344521E0,5.939124476E0
1.788409162E1,-1.110269666E0,-1.387837172E0,1.340937805E1,1.352664816E1
1.788646724E1,2.234896421E0,-1.344766378E0,7.609176159E0,8.043800125E0
1.788884286E1,-2.526820660E0,-5.599204898E-1,1.123669529E1,1.153089999E1
1.789121844E1,2.301895380E0,-1.856830359E0,1.035135078E1,1.076554710E1
1.789359406E1,-2.067398787E0,-4.354937077E-1,8.461020470E0,8.720817616E0
1.789596964E1,1.737189293E0,-2.148754835E0,1.275374508E1,1.304963553E1
1.789834526E1,-1.182054400E0,-4.115654826E-1,6.154339790E0,6.280329371E0
1.790072089E1,-1.818545163E-1,-1.670190215E0,1.356730461E1,1.367093124E1
1.790309646E1,9.427721500E-1,-1.071984529E0,6.049055576E0,6.215226748E0
1.790547208E1,-1.651047587E0,-1.201196909E0,1.323709488E1,1.339363703E1
1.790784766E1,2.096112728E0,-1.301695466E0,8.135597229E0,8.501531740E0
1.791022328E1,-2.770888567E0,-5.742774606E-1,1.057149029E1,1.094367511E1
1.791259886E1,2.220539331E0,-1.861616015E0,1.099741268E1,1.137275230E1
1.791497448E1,-2.086541414E0,-3.541377485E-1,7.934599876E0,8.211999989E0
1.791735010E1,1.215553880E0,-2.033899307E0,1.291645622E1,1.313198991E1
1.791972568E1,-8.901300430E-1,-4.737788737E-1,5.919843197E0,6.005109607E0
1.792210130E1,-5.216353536E-1,-1.660618901E0,1.361516094E1,1.372597414E1
1.792447688E1,1.320838094E0,-9.619147182E-1,6.546762943E0,6.747592032E0
1.792685250E1,-2.120040894E0,-1.110269666E0,1.260060406E1,1.282585259E1
1.792922807E1,2.139183521E0,-1.167697430E0,8.796015739E0,9.127404687E0
1.793160370E1,-2.584248543E0,-5.503492355E-1,9.863214493E0,1.021098550E1
1.793397932E1,2.254039049E0,-1.828116536E0,1.156690502E1,1.192543475E1
1.793635490E1,-1.895115495E0,-3.589234054E-1,7.178467751E0,7.433080653E0
1.793873052E1,8.949156404E-1,-1.832902193E0,1.317966747E1,1.333656774E1
1.794110609E1,-2.584248483E-1,-5.503492355E-1,5.800201893E0,5.831981626E0
1.794348172E1,-5.934200287E-1,-1.545763373E0,1.362473202E1,1.372497192E1
1.794585734E1,1.737189293E0,-8.853443861E-1,6.704689026E0,6.982443430E0
1.794823292E1,-2.158325911E0,-8.949156404E-1,1.225603771E1,1.247676661E1
1.795060854E1,2.431107759E0,-1.330409408E0,9.178867340E0,9.588111377E0
1.795298412E1,-2.163111687E0,-4.546363056E-1,9.442078590E0,9.697349867E0
1.795535974E1,2.359323025E0,-1.895115495E0,1.176311588E1,1.214614190E1
1.795773531E1,-1.540977836E0,-2.440679073E-1,6.819544315E0,6.995739168E0
1.796011094E1,8.422735929E-1,-1.847259045E0,1.330409431E1,1.345810969E1
1.796248651E1,4.115654826E-1,-6.939185858E-1,5.742774487E0,5.799169592E0
1.796486214E1,-6.699903607E-1,-1.411765337E0,1.367737389E1,1.376635481E1
1.796723776E1,1.933400750E0,-1.052842021E0,7.049255371E0,7.385019707E0
1.796961333E1,-2.201396942E0,-7.178468108E-1,1.175833035E1,1.198414724E1
1.797198896E1,2.636890650E0,-1.646261930E0,9.815358162E0,1.029585482E1
1.797436453E1,-1.909472466E0,-4.067798555E-1,8.906085968E0,9.117561199E0
1.797674016E1,2.163111687E0,-2.091326952E0,1.212203979E1,1.248985786E1
1.797911578E1,-1.229910851E0,-3.397808075E-1,6.451049805E0,6.576030359E0
1.798149136E1,4.833501875E-1,-1.885544300E0,1.356730461E1,1.370622702E1
1.798386698E1,9.427721500E-1,-8.614161611E-1,6.049055576E0,6.182388737E0
1.798624255E1,-1.191625714E0,-1.426122308E0,1.338544941E1,1.351384670E1
1.798861818E1,2.081755638E0,-1.129412293E0,7.738388538E0,8.092708807E0
1.799099375E1,-2.344966173E0,-8.374879360E-1,1.110748291E1,1.138316428E1
1.799336938E1,2.574677229E0,-1.799402595E0,1.051406288E1,1.097325525E1
1.799574500E1,-2.110469580E0,-3.876372576E-1,8.231309891E0,8.506398004E0
1.799812057E1,1.655833244E0,-2.191825628E0,1.248096275E1,1.277968366E1
1.800049620E1,-9.906286001E-1,-4.211367965E-1,6.269195557E0,6.360936578E0
1.800287172E1,-4.785645381E-2,-1.976471543E0,1.365823174E1,1.380058057E1
1.800524740E1,1.004985452E0,-8.422735929E-1,6.360122681E0,6.493887978E0
1.800762297E1,-1.957328916E0,-1.330409408E0,1.289252853E1,1.310795246E1
1.800999859E1,1.933400750E0,-1.244267821E0,8.408378601E0,8.717056359E0
1.801237422E1,-2.330609322E0,-7.513462901E-1,1.051406288E1,1.079545179E1
1.801474979E1,2.239681959E0,-1.904686809E0,1.094955635E1,1.133740673E1
1.801712542E1,-2.335394859E0,-3.732803464E-1,7.695317745E0,8.050547967E0
1.801950099E1,1.143769264E0,-2.091326952E0,1.286381435E1,1.308279696E1
1.802187662E1,-6.077769399E-1,-5.694918036E-1,5.953342915E0,6.011323114E0
1.802425219E1,-3.876372576E-1,-1.684547186E0,1.389751434E1,1.400460163E1
1.802662781E1,1.134197950E0,-1.004985452E0,6.336194515E0,6.514887695E0
1.802900344E1,-2.249253273E0,-9.954141974E-1,1.261496067E1,1.285251814E1
1.803137901E1,2.124826431E0,-1.363908887E0,8.930013657E0,9.280101224E0
1.803375464E1,-2.225325108E0,-6.173482537E-1,9.863214493E0,1.012996500E1
1.803613026E1,2.249253273E0,-1.938186288E0,1.125105190E1,1.163623115E1
1.803850583E1,-1.966900229E0,-2.009970993E-1,7.125825882E0,7.395031497E0
1.804088146E1,9.332008362E-1,-2.014756680E0,1.316530991E1,1.335123564E1
1.804325703E1,1.579262912E-1,-6.125625968E-1,5.915057659E0,5.948788176E0
1.804563266E1,-6.604190469E-1,-1.512263894E0,1.373001671E1,1.382882693E1
1.804800823E1,1.564906001E0,-9.427721500E-1,6.829115868E0,7.069269669E0
1.805038386E1,-2.024327993E0,-8.997012973E-1,1.205504036E1,1.225689048E1
1.805275943E1,2.612962246E0,-1.464407444E0,9.489934921E0,9.951428323E0
1.805513505E1,-1.928615093E0,-3.732803464E-1,9.298508644E0,9.503744388E0
1.805751068E1,2.297109842E0,-1.981257200E0,1.151426220E1,1.190715448E1
1.805988625E1,-1.363908887E0,-1.770688742E-1,6.762116909E0,6.900567073E0
1.806226188E1,1.062413216E0,-1.938186288E0,1.338066387E1,1.356198561E1
1.806463745E1,7.896314859E-1,-5.551348329E-1,6.072983742E0,6.149213291E0
1.806701307E1,-1.024128079E0,-1.368694544E0,1.331366539E1,1.342295978E1
1.806938865E1,1.986042738E0,-8.518448472E-1,7.460821152E0,7.767487217E0
1.807176427E1,-1.770688772E0,-8.757730722E-1,1.133719349E1,1.150800910E1
1.807413990E1,2.876172781E0,-1.493121386E0,1.014556789E1,1.065055535E1
1.807651547E1,-2.019542217E0,-2.919243574E-1,8.370093346E0,8.615232627E0
1.807889109E1,2.072184324E0,-1.981257200E0,1.204546928E1,1.238194889E1
1.808126667E1,-7.992027402E-1,-2.392822653E-1,6.484549522E0,6.537993846E0
1.808364229E1,6.604190469E-1,-1.899901152E0,1.372044468E1,1.386709702E1
1.808601792E1,9.523434043E-1,-6.652047038E-1,6.101697922E0,6.211293970E0
1.808839349E1,-1.497906923E0,-1.272981644E0,1.308395386E1,1.323079952E1
1.809076912E1,2.033899307E0,-1.115055323E0,8.020741463E0,8.349394492E0
1.809314469E1,-1.852044702E0,-8.374879360E-1,1.095434189E1,1.114132227E1
1.809552031E1,2.502892494E0,-1.708475351E0,1.039920712E1,1.083175274E1
1.809789589E1,-2.392822742E0,-2.488535494E-1,7.920242786E0,8.277546410E0
1.810027151E1,1.564906001E0,-2.086541414E0,1.252881908E1,1.279741745E1
1.810264714E1,-6.747759581E-1,-4.211367965E-1,6.254838467E0,6.305210785E0
1.810502271E1,-1.483550072E-1,-1.708475351E0,1.389751434E1,1.400292120E1
1.810739833E1,6.747759581E-1,-8.087740541E-1,6.221338749E0,6.309872732E0
1.810977391E1,-2.048256159E0,-1.172483087E0,1.278724384E1,1.300321787E1
1.811214953E1,1.966900229E0,-1.320838094E0,8.609375954E0,8.929426863E0
1.811452511E1,-2.230110645E0,-6.795616150E-1,1.045184898E1,1.070870415E1
1.811690073E1,1.957328916E0,-1.875972986E0,1.058584690E1,1.092751416E1
1.811927636E1,-2.397608280E0,-1.962114573E-1,7.599604607E0,7.971261793E0
1.812165193E1,1.129412293E0,-2.163111687E0,1.297388458E1,1.320137514E1
1.812402755E1,-4.498506486E-1,-4.594219327E-1,6.221338749E0,6.254477592E0
1.812640313E1,-8.949156404E-1,-1.665404558E0,1.371565914E1,1.384535128E1
1.812877875E1,8.805587292E-1,-8.039883971E-1,6.723831654E0,6.828740230E0
1.813115432E1,-2.234896421E0,-1.196411371E0,1.223210907E1,1.249202363E1
1.813352995E1,2.148754835E0,-1.354337573E0,9.322437286E0,9.662257219E0
1.813590557E1,-2.431107759E0,-6.221339107E-1,9.446864128E0,9.774486043E0
1.813828115E1,1.923829436E0,-1.923829436E0,1.114098263E1,1.146837972E1
1.814065677E1,-1.962114573E0,-2.057827413E-1,7.154539585E0,7.421568352E0
1.814303234E1,9.475577474E-1,-2.201396942E0,1.333280754E1,1.354650402E1
1.814540797E1,1.914258115E-2,-4.067798555E-1,6.049055576E0,6.062747698E0
1.814778354E1,-1.196411371E0,-1.473978758E0,1.351944828E1,1.365208758E1
1.815015917E1,1.421336651E0,-9.092726111E-1,7.111468792E0,7.308896150E0
1.815253479E1,-1.780260086E0,-1.100698471E0,1.183490086E1,1.201855821E1
1.815491037E1,2.502892494E0,-1.473978758E0,9.609575272E0,1.003897510E1
1.815728599E1,-2.277967215E0,-3.924229145E-1,8.858229637E0,9.154854596E0
1.815966156E1,2.220539331E0,-2.086541414E0,1.156211948E1,1.195688325E1
1.816203719E1,-1.062413216E0,-2.871387303E-1,6.876972198E0,6.964475365E0
1.816441276E1,1.004985452E0,-1.942971945E0,1.373958778E1,1.391263484E1
1.816678839E1,5.599204898E-1,-5.647061467E-1,5.915057659E0,5.968275387E0
1.816916401E1,-1.191625714E0,-1.277767301E0,1.327059460E1,1.338511644E1
1.817153958E1,1.990828395E0,-1.067198873E0,7.695317745E0,8.019989173E0
1.817391521E1,-1.430907965E0,-9.332008362E-1,1.130848026E1,1.143678658E1
1.817629078E1,2.627319336E0,-1.569691658E0,9.777072906E0,1.024489597E1
1.817866641E1,-2.120040894E0,-1.148554832E-1,8.398807526E0,8.663009467E0
1.818104198E1,2.172683001E0,-2.191825628E0,1.205504036E1,1.244381971E1
1.818341761E1,-5.694918036E-1,-1.962114573E-1,6.656832695E0,6.684028828E0
1.818579323E1,4.259224236E-1,-1.804188251E0,1.382572937E1,1.394945511E1
1.818816880E1,7.274180651E-1,-5.694918036E-1,6.101697922E0,6.171237759E0
1.819054443E1,-1.426122308E0,-1.282552958E0,1.290209961E1,1.304388521E1
1.819292000E1,2.239681959E0,-1.134197950E0,8.236095428E0,8.610217661E0
1.819529563E1,-1.770688772E0,-6.508477330E-1,1.073420238E1,1.089871746E1
1.819767125E1,2.340180635E0,-1.670190215E0,9.997213364E0,1.040241586E1
1.820004682E1,-2.172683001E0,-8.135596663E-2,7.996813297E0,8.287110059E0
1.820242245E1,1.761117458E0,-2.187039852E0,1.252403355E1,1.283495595E1
1.820479802E1,-4.929214716E-1,-1.387837082E-1,6.451049805E0,6.471342680E0
1.820717365E1,-4.737788737E-1,-1.646261930E0,1.361516094E1,1.372250896E1
1.820954922E1,6.699903607E-1,-6.077769399E-1,6.503692150E0,6.566299679E0
1.821192484E1,-1.641476393E0,-1.249053478E0,1.245703506E1,1.262665046E1
1.821430047E1,2.057827473E0,-1.119840980E0,8.781659126E0,9.088797211E0
1.821667604E1,-2.383251429E0,-5.264210105E-1,9.915857315E0,1.021181829E1
1.821905167E1,1.986042738E0,-1.828116536E0,1.045184898E1,1.079479148E1
1.822142724E1,-2.139183521E0,-5.264209956E-2,7.661818027E0,7.955019347E0
1.822380286E1,1.239482164E0,-2.206182480E0,1.312702465E1,1.336870724E1
1.822617844E1,-6.125625968E-1,-2.632105052E-1,6.082555294E0,6.118986159E0
1.822855406E1,-1.124626637E0,-1.464407444E0,1.361516094E1,1.373979191E1
1.823092969E1,8.279166222E-1,-9.044869542E-1,6.757331371E0,6.867683004E0
1.823330526E1,-1.785045743E0,-1.148554921E0,1.226082325E1,1.244320511E1
1.823568089E1,2.081755638E0,-1.335195065E0,8.915657043E0,9.252318245E0
1.823805646E1,-2.545963287E0,-3.684946895E-1,9.427721024E0,9.772391780E0
1.824043208E1,2.048256159E0,-2.009970903E0,1.101655579E1,1.138419245E1
1.824280766E1,-1.622333765E0,-2.344966233E-1,7.379465103E0,7.559329383E0
1.824518328E1,1.009771109E0,-2.029113531E0,1.346680546E1,1.365619964E1
1.824755891E1,-1.914258152E-1,-4.689932466E-1,6.049055576E0,6.070228321E0
1.824993448E1,-1.201196909E0,-1.478764415E0,1.331845093E1,1.345402369E1
1.825231010E1,1.646261930E0,-1.048056364E0,7.494320393E0,7.744251974E0
1.825468568E1,-1.488335729E0,-1.019342422E0,1.166740322E1,1.180603660E1
1.825706130E1,2.368894339E0,-1.545763373E0,9.250652313E0,9.673448869E0
1.825943693E1,-2.201396942E0,-2.488535494E-1,8.925228119E0,9.196073812E0
1.826181245E1,2.388036966E0,-2.254039049E0,1.157647610E1,1.203321285E1
1.826418813E1,-7.944171429E-1,-1.866401732E-1,7.188039303E0,7.234213307E0
1.826656370E1,6.987041831E-1,-1.995614052E0,1.357209015E1,1.373580336E1
1.826893932E1,4.067798555E-1,-4.737788737E-1,6.202196121E0,6.233552197E0
1.827131490E1,-9.571290612E-1,-1.459621787E0,1.310309696E1,1.321884041E1
1.827369052E1,2.153540373E0,-1.148554921E0,7.915457249E0,8.283198537E0
1.827606615E1,-1.612762451E0,-8.709874153E-1,1.107398319E1,1.122464813E1
1.827844172E1,2.507678032E0,-1.588834286E0,9.628718376E0,1.007596452E1
1.828081734E1,-1.971685886E0,-2.009970993E-1,8.585447311E0,8.811234341E0
1.828319292E1,2.249253273E0,-2.287538528E0,1.219382381E1,1.260877916E1
1.828556854E1,-7.513462901E-1,-7.178468257E-2,6.805187702E0,6.846915652E0
1.828794406E1,5.264209956E-2,-1.780260086E0,1.369173145E1,1.380708540E1
1.829031969E1,5.982056856E-1,-6.843472719E-1,6.345765591E0,6.410532128E0
1.829269536E1,-1.067198873E0,-1.349551916E0,1.289252853E1,1.300682497E1
1.829507094E1,2.053041935E0,-1.091127157E0,8.260024071E0,8.580998620E0
1.829744656E1,-2.153540373E0,-6.221339107E-1,1.041356373E1,1.065209352E1
1.829982214E1,2.335394859E0,-1.713261008E0,1.006421185E1,1.047271180E1
1.830219776E1,-2.014756680E0,-1.483550072E-1,8.130811691E0,8.378027957E0
1.830457333E1,1.761117458E0,-2.143969059E0,1.284945774E1,1.314559631E1
1.830694896E1,-8.901300430E-1,-1.579262912E-1,6.403193474E0,6.466696132E0
1.830932458E1,-6.317051649E-1,-1.588834286E0,1.369173145E1,1.379807798E1
1.831170016E1,6.987041831E-1,-8.422735929E-1,6.728617191E0,6.817030266E0
1.831407578E1,-1.363908887E0,-1.225125194E0,1.263410378E1,1.276643088E1
1.831645136E1,1.890329838E0,-1.287338614E0,8.446663857E0,8.750812414E0
1.831882698E1,-2.502892494E0,-3.684946895E-1,1.010249710E1,1.041444703E1
1.832120255E1,2.167897224E0,-1.990828395E0,1.055234814E1,1.095514615E1
1.832357818E1,-1.875972986E0,-1.579262912E-1,7.992027760E0,8.210768726E0
1.832595380E1,1.115055323E0,-2.187039852E0,1.318445301E1,1.341105115E1
1.832832938E1,-7.944171429E-1,-2.871387303E-1,6.360122681E0,6.415972862E0
1.833070500E1,-1.014556766E0,-1.651047587E0,1.348594856E1,1.362446668E1
1.833308057E1,1.081555843E0,-1.048056364E0,7.159325123E0,7.316018138E0
1.833545620E1,-1.694118381E0,-1.158126116E0,1.216032505E1,1.233226656E1
1.833783177E1,1.871187329E0,-1.454836130E0,8.638090134E0,8.957370783E0
1.834020740E1,-2.493321180E0,-3.445664644E-1,9.633503914E0,9.956895812E0
1.834258302E1,2.244467735E0,-2.277967215E0,1.107398319E1,1.152648575E1
1.834495859E1,-1.651047587E0,-9.571290761E-2,7.666603565E0,7.842954120E0
1.834733422E1,5.934200287E-1,-2.134397745E0,1.334716511E1,1.352976783E1
1.834970979E1,-3.110669553E-1,-4.642075896E-1,6.321837425E0,6.346485623E0
1.835208542E1,-8.805587292E-1,-1.679761529E0,1.327538013E1,1.341017152E1
1.835446099E1,1.483550072E0,-1.100698471E0,7.470392227E0,7.695402392E0
1.835683662E1,-1.933400750E0,-1.014556766E0,1.144726372E1,1.165363508E1
1.835921219E1,2.254039049E0,-1.540977836E0,9.140582085E0,9.539682677E0
1.836158776E1,-2.124826431E0,-3.780659735E-1,9.102297783E0,9.354659062E0
1.836396344E1,2.321038008E0,-2.306680918E0,1.185404301E1,1.229741151E1
1.836633901E1,-1.373480201E0,-2.009970993E-1,7.025327206E0,7.161150050E0
1.836871464E1,3.445664644E-1,-1.952543259E0,1.365344620E1,1.379665700E1
1.837109021E1,2.249253243E-1,-7.417750359E-1,6.293123722E0,6.340680388E0
1.837346583E1,-7.848458290E-1,-1.521835208E0,1.313659668E1,1.324772198E1
1.837584141E1,1.875972986E0,-1.258624673E0,7.657032490E0,7.983329961E0
1.837821703E1,-2.043470621E0,-7.800601721E-1,1.095912743E1,1.117527360E1
1.838059266E1,2.407179594E0,-1.741974831E0,9.590433121E0,1.004018911E1
1.838296823E1,-1.871187329E0,-3.445664644E-1,8.805587769E0,9.008798145E0
1.838534380E1,2.067398787E0,-2.230110645E0,1.229910851E1,1.266947518E1
1.838771948E1,-1.177268744E0,-1.579262912E-1,6.814758778E0,6.917502411E0
1.839009505E1,5.742774159E-2,-1.914258122E0,1.366301727E1,1.379658375E1
1.839247068E1,7.417750359E-1,-8.709874153E-1,6.508477688E0,6.608262335E0
1.839484625E1,-9.667003751E-1,-1.316052437E0,1.291645622E1,1.301926822E1
1.839722188E1,1.986042738E0,-1.320838094E0,7.829315662E0,8.184568576E0
1.839959745E1,-2.067398787E0,-5.838487148E-1,1.060020447E1,1.081569932E1
1.840197307E1,2.574677229E0,-1.966900229E0,1.007856941E1,1.058655849E1
1.840434870E1,-1.770688772E0,-1.339980662E-1,8.590232849E0,8.771852405E0
1.840672427E1,1.670190215E0,-2.292324066E0,1.264846039E1,1.296255512E1
1.840909990E1,-9.332008362E-1,-1.531406492E-1,6.589833736E0,6.657343654E0
1.841147547E1,-2.536391914E-1,-1.751546144E0,1.362473202E1,1.373919828E1
1.841385109E1,1.076770186E0,-9.092726111E-1,6.790830612E0,6.935531063E0
1.841622667E1,-1.363908887E0,-1.148554921E0,1.226560879E1,1.239453851E1
1.841860229E1,2.009970903E0,-1.244267821E0,8.236095428E0,8.568631942E0
1.842097786E1,-2.139183521E0,-4.307080805E-1,1.018385315E1,1.041501227E1
1.842335349E1,2.531606436E0,-2.024327993E0,1.069591713E1,1.117629537E1
1.842572912E1,-1.914258122E0,5.742774159E-2,7.944170952E0,8.171752212E0
1.842810469E1,1.076770186E0,-2.072184324E0,1.315573883E1,1.336139387E1
1.843048031E1,-5.599204898E-1,-3.828516304E-1,6.288337708E0,6.324814420E0
1.843285589E1,-4.881358147E-1,-1.607976794E0,1.358166122E1,1.368522516E1
1.843523151E1,1.158126116E0,-9.571290612E-1,6.814758778E0,6.978415962E0
1.843760708E1,-1.808973908E0,-1.019342422E0,1.192582798E1,1.210523930E1
1.843998271E1,2.129612207E0,-1.344766378E0,8.551948547E0,8.915125839E0
1.844235833E1,-2.201396942E0,-3.732803464E-1,9.786644936E0,1.003812262E1
1.844473391E1,2.344966173E0,-2.048256159E0,1.120798111E1,1.163241420E1
1.844710953E1,-2.014756680E0,-9.571290575E-3,7.446464062E0,7.714218244E0
1.844948510E1,5.838487148E-1,-1.909472466E0,1.338544941E1,1.353355904E1
1.845186073E1,-2.249253243E-1,-5.694918036E-1,6.288337708E0,6.318077511E0
1.845423630E1,-5.742774606E-1,-1.378265858E0,1.337109280E1,1.345420135E1
1.845661193E1,1.296909928E0,-1.124626637E0,6.843472958E0,7.055485990E0
1.845898755E1,-1.995614052E0,-7.178468108E-1,1.156211948E1,1.175501537E1
1.846136313E1,2.416750908E0,-1.588834286E0,8.982656479E0,9.436800133E0
1.846373875E1,-2.038684845E0,-2.105683982E-1,9.437292099E0,9.657280006E0
1.846611432E1,2.234896421E0,-2.163111687E0,1.168175983E1,1.208872727E1
1.846848995E1,-1.593619823E0,-4.785645287E-3,7.173682213E0,7.348562005E0
1.847086557E1,4.402793646E-1,-1.909472466E0,1.356251907E1,1.370335195E1
1.847324115E1,4.833501875E-1,-7.800601721E-1,6.379265308E0,6.444931897E0
1.847561677E1,-7.034898400E-1,-1.387837172E0,1.296431351E1,1.305735098E1
1.847799234E1,1.832902193E0,-1.205982566E0,7.240681171E0,7.565803872E0
1.848036797E1,-1.871187329E0,-6.795616150E-1,1.112662506E1,1.130331506E1
1.848274354E1,2.857030153E0,-1.885544300E0,9.633503914E0,1.022361464E1
1.848511969E1,-1.904686809E0,-1.339980662E-1,8.944371223E0,9.145904215E0
1.848749474E1,1.938186288E0,-2.225325108E0,1.222253799E1,1.257374538E1
1.848987036E1,-1.000199914E0,-2.153540403E-1,6.900900364E0,6.976331634E0
1.849224599E1,3.828516304E-1,-1.909472466E0,1.350987625E1,1.364952075E1
1.849462156E1,8.135597110E-1,-8.901300430E-1,6.541976929E0,6.652193099E0
1.849699719E1,-1.081555843E0,-1.292124271E0,1.252403355E1,1.263688112E1
1.849937276E1,2.124826431E0,-1.354337573E0,7.781459332E0,8.179255892E0
1.850174839E1,-1.794616938E0,-6.747759581E-1,1.075334454E1,1.092292961E1
1.850412401E1,2.790031195E0,-1.952543259E0,1.032263660E1,1.086984479E1
1.850649958E1,-2.081755638E0,-1.052841991E-1,8.279166222E0,8.537528016E0
1.850887521E1,1.493121386E0,-2.086541414E0,1.289252853E1,1.314535502E1
1.851125078E1,-7.657032609E-1,-4.689932466E-1,6.518048763E0,6.579606054E0
1.851362641E1,3.349951655E-2,-1.746760488E0,1.367737389E1,1.378850430E1
1.851600198E1,9.284151793E-1,-1.038485050E0,6.532405853E0,6.679276321E0
1.851837760E1,-1.718046665E0,-1.048056364E0,1.216989613E1,1.233517240E1
1.852075318E1,2.120040894E0,-1.397408366E0,8.264809608E0,8.646062768E0
1.852312880E1,-2.024327993E0,-5.024927258E-1,1.046142101E1,1.066732077E1
1.852550443E1,2.306680918E0,-2.014756680E0,1.071027374E1,1.113956844E1
1.852788000E1,-2.388036966E0,4.307080805E-2,7.944170952E0,8.295446206E0
1.853025563E1,8.614161611E-1,-2.029113531E0,1.319402409E1,1.337690589E1
1.853263120E1,-5.312066078E-1,-5.599204898E-1,6.474977970E0,6.520815220E0
1.853500682E1,-5.599204898E-1,-1.435693622E0,1.350030518E1,1.358797141E1
1.853738240E1,8.757730722E-1,-1.076770186E0,6.580262184E0,6.725047429E0
1.853975802E1,-2.029113531E0,-8.039883971E-1,1.199282742E1,1.218981577E1
1.854213365E1,2.282752752E0,-1.526620865E0,8.815158844E0,9.233014504E0
1.854450922E1,-2.258824587E0,-1.818545163E-1,9.978070259E0,1.023216720E1
1.854688484E1,2.014756680E0,-2.091326952E0,1.123669529E1,1.160586980E1
1.854926042E1,-2.081755638E0,6.221338734E-2,7.451249599E0,7.736840288E0
1.855163604E1,5.838487148E-1,-2.019542217E0,1.355773354E1,1.371975104E1
1.855401167E1,-9.092725813E-2,-6.173482537E-1,6.307480335E0,6.338272226E0
1.855638724E1,-9.379864931E-1,-1.282552958E0,1.300738430E1,1.310407597E1
1.855876281E1,1.325623751E0,-1.071984529E0,6.872186661E0,7.080492826E0
1.856113844E1,-1.938186288E0,-7.848458290E-1,1.154776192E1,1.173555940E1
1.856351406E1,2.608176708E0,-1.665404558E0,9.322437286E0,9.822626688E0
1.856588964E1,-2.354537487E0,-1.292124242E-1,9.284152031E0,9.578936348E0
1.856826526E1,1.919043779E0,-2.091326952E0,1.191147137E1,1.224497969E1
1.857064089E1,-1.473978758E0,-2.297109663E-1,7.039684296E0,7.196008302E0
1.857301646E1,5.694918036E-1,-1.895115495E0,1.371087360E1,1.385293610E1
1.857539208E1,3.972085714E-1,-8.374879360E-1,6.130411625E0,6.200089304E0
1.857776766E1,-1.086341500E0,-1.258624673E0,1.273460197E1,1.284267734E1
1.858014328E1,1.933400750E0,-1.287338614E0,7.379465103E0,7.736393499E0
1.858251886E1,-1.737189293E0,-7.657032609E-1,1.132283688E1,1.148088686E1
1.858489448E1,2.737389088E0,-1.823330879E0,9.891928673E0,1.042439866E1
1.858727005E1,-2.354537487E0,-2.009970993E-1,8.671588898E0,8.987808444E0
1.858964568E1,1.737189293E0,-2.163111687E0,1.257188988E1,1.287436577E1
1.859202130E1,-7.896314859E-1,-5.264210105E-1,6.699903488E0,6.766782375E0
1.859439688E1,4.067798555E-1,-1.737189293E0,1.380658627E1,1.392139076E1
1.859677250E1,6.317051649E-1,-1.048056364E0,6.020341873E0,6.143450971E0
1.859914807E1,-1.383051515E0,-1.158126116E0,1.259581852E1,1.272433620E1
1.860152370E1,2.378465652E0,-1.454836130E0,7.877171993E0,8.356044856E0
1.860389927E1,-1.899901152E0,-5.742774606E-1,1.093519974E1,1.111386577E1
1.860627490E1,2.493321180E0,-1.986042738E0,1.030827999E1,1.078988659E1
1.860865052E1,-2.292324066E0,-2.392822690E-2,8.231309891E0,8.544576332E0
1.861102609E1,1.253839016E0,-2.163111687E0,1.298824120E1,1.322669928E1
1.861340172E1,-4.881358147E-1,-5.407779217E-1,6.575476646E0,6.615709370E0
1.861577729E1,-1.770688742E-1,-1.584048629E0,1.341894913E1,1.351328084E1
1.861815292E1,7.561319470E-1,-9.810572863E-1,6.297909260E0,6.418556689E0
1.862052849E1,-1.785045743E0,-1.004985452E0,1.226082325E1,1.243077515E1
1.862290412E1,2.431107759E0,-1.483550072E0,8.437092781E0,8.904815571E0
1.862527969E1,-2.282752752E0,-2.440679073E-1,1.037527943E1,1.062623887E1
1.862765531E1,2.062613010E0,-1.986042738E0,1.087298584E1,1.124368975E1
1.863003094E1,-2.220539331E0,-4.307080805E-2,7.767102242E0,8.078398805E0
1.863240651E1,9.092726111E-1,-2.038684845E0,1.335673618E1,1.354198708E1
1.863478214E1,-3.732803464E-1,-5.359922647E-1,6.302694798E0,6.336449135E0
1.863715771E1,-8.087740541E-1,-1.359123230E0,1.314138222E1,1.323621011E1
1.863953328E1,1.100698471E0,-1.019342422E0,6.589833736E0,6.758439522E0
1.864190896E1,-1.885544300E0,-8.901300430E-1,1.202632618E1,1.220574169E1
1.864428453E1,2.507678032E0,-1.493121386E0,9.030512810E0,9.490417388E0
1.864666016E1,-2.603390932E0,-8.614161611E-2,9.470791817E0,9.822472314E0
1.864903573E1,1.875972986E0,-1.942971945E0,1.161476135E1,1.192464238E1
1.865141136E1,-1.670190215E0,-1.579262912E-1,7.235895634E0,7.427830214E0
1.865378693E1,8.087740541E-1,-1.861616015E0,1.362951756E1,1.377982142E1
1.865616255E1,4.785645287E-3,-6.747759581E-1,5.934200287E0,5.972443264E0
1.865853818E1,-9.236295223E-1,-1.167697430E0,1.291167068E1,1.299722465E1
1.866091375E1,1.823330879E0,-1.162911773E0,7.034898758E0,7.359802974E0
1.866328938E1,-1.636690736E0,-7.752745152E-1,1.172483063E1,1.186387207E1
1.866566495E1,2.723032236E0,-1.579262972E0,9.422935486E0,9.934822055E0
1.866804057E1,-2.445464849E0,-2.392822690E-2,8.930013657E0,9.258834419E0
1.867041615E1,1.971685886E0,-2.024327993E0,1.224646664E1,1.256826934E1
1.867279177E1,-8.853443861E-1,-3.972085714E-1,6.814758778E0,6.883498132E0
1.867516740E1,6.699903607E-1,-1.665404558E0,1.367737389E1,1.379467346E1
1.867754297E1,4.498506486E-1,-8.039883971E-1,5.742774487E0,5.816203380E0
1.867991859E1,-1.067198873E0,-1.143769264E0,1.277288723E1,1.286832428E1
1.868229417E1,2.402393818E0,-1.277767301E0,7.432106972E0,7.914568805E0
1.868466979E1,-1.698904037E0,-5.312066078E-1,1.142812061E1,1.156591527E1
1.868704536E1,2.622533560E0,-1.765903115E0,9.753145218E0,1.025280146E1
1.868942099E1,-2.316252232E0,-4.785645287E-3,8.537590981E0,8.846214278E0
1.869179651E1,1.852044702E0,-2.172683001E0,1.273460197E1,1.305069762E1
1.869417219E1,-5.838487148E-1,-4.019941986E-1,6.551548481E0,6.589784986E0
1.869654781E1,9.571290761E-2,-1.584048629E0,1.341416359E1,1.350770727E1
1.869892339E1,7.609176040E-1,-8.805587292E-1,6.029912949E0,6.141191207E0
1.870129901E1,-1.373480201E0,-1.129412293E0,1.257667542E1,1.270176305E1
1.870367458E1,2.589034081E0,-1.349551916E0,8.140382767E0,8.648133870E0
1.870605021E1,-2.311466694E0,-3.876372576E-1,1.063848972E1,1.089360383E1
1.870842583E1,2.325823545E0,-1.804188251E0,1.065284634E1,1.105204440E1
1.871080141E1,-2.210968018E0,-2.297109663E-1,7.934599876E0,8.240086280E0
1.871317703E1,1.426122308E0,-2.053041935E0,1.337109280E1,1.360275445E1
1.871555261E1,-5.024927258E-1,-5.886343718E-1,6.101697922E0,6.150585898E0
1.871792823E1,-5.407779217E-1,-1.426122308E0,1.333759308E1,1.342451693E1
1.872030380E1,1.100698471E0,-1.048056364E0,6.312266350E0,6.492662454E0
1.872267943E1,-1.665404558E0,-1.138983607E0,1.246660614E1,1.262882119E1
1.872505500E1,2.445464849E0,-1.359123230E0,8.729017258E0,9.166420052E0
1.872743063E1,-2.699103832E0,-2.823530734E-1,1.004506969E1,1.040520590E1
1.872980625E1,1.976471543E0,-1.995614052E0,1.125583744E1,1.160098236E1
1.873218182E1,-1.909472466E0,-2.871387303E-1,7.599604607E0,7.841079258E0
1.873455745E1,1.014556766E0,-1.962114573E0,1.359123230E1,1.376956116E1
1.873693302E1,-4.307080805E-1,-7.130611539E-1,5.852844238E0,5.911831471E0
1.873930865E1,-1.019342422E0,-1.363908887E0,1.320359516E1,1.331293475E1
1.874168422E1,1.569691658E0,-1.249053478E0,6.790830612E0,7.080921331E0
1.874405984E1,-1.737189293E0,-9.762716293E-1,1.233260822E1,1.249256413E1
1.874643547E1,2.373680115E0,-1.574477315E0,9.054440498E0,9.491903331E0
1.874881104E1,-2.785245657E0,-1.818545163E-1,9.489934921E0,9.891892096E0
1.875118667E1,1.919043779E0,-2.148754835E0,1.199282742E1,1.233400932E1
1.875356224E1,-1.378265858E0,-5.024927258E-1,7.164111137E0,7.312769934E0
1.875593786E1,5.838487148E-1,-1.861616015E0,1.354816151E1,1.368792072E1
1.875831344E1,-7.178468257E-2,-8.422735929E-1,5.761917114E0,5.823595683E0
1.876068906E1,-1.177268744E0,-1.368694544E0,1.310788250E1,1.323162386E1
1.876306469E1,2.091326952E0,-1.349551916E0,7.341179848E0,7.751635979E0
1.876544026E1,-2.153540373E0,-7.417750359E-1,1.171525955E1,1.193462495E1
1.876781583E1,2.321038008E0,-1.698904037E0,9.748359680E0,1.016385797E1
1.877019146E1,-2.632104874E0,-2.440679073E-1,8.738588333E0,9.129647927E0
1.877256708E1,1.741974831E0,-2.225325108E0,1.265324593E1,1.296499829E1
1.877494266E1,-9.906286001E-1,-4.929214716E-1,6.661618233E0,6.752886352E0
1.877731828E1,1.914258115E-2,-1.737189293E0,1.341894913E1,1.353094190E1
1.877969391E1,4.211367965E-1,-8.757730722E-1,5.876772404E0,5.956575238E0
1.878206948E1,-1.253839016E0,-1.406979680E0,1.296909904E1,1.310531320E1
1.878444510E1,2.373680115E0,-1.249053478E0,7.948956966E0,8.389303233E0
1.878682068E1,-2.431107759E0,-5.120640397E-1,1.101655579E1,1.129322788E1
1.878919630E1,2.368894339E0,-1.741974831E0,1.041356373E1,1.082074148E1
1.879157188E1,-2.143969059E0,-2.823530734E-1,8.226524353E0,8.505999619E0
1.879394750E1,1.727617979E0,-2.143969059E0,1.317488194E1,1.345952381E1
1.879632313E1,-7.082754970E-1,-4.977070987E-1,6.120840549E0,6.181751820E0
1.879869870E1,-2.057827413E-1,-1.545763373E0,1.341894913E1,1.350925337E1
1.880107432E1,1.210768223E0,-1.057627559E0,6.187839508E0,6.393269392E0
1.880344990E1,-1.320838094E0,-1.215553880E0,1.282552910E1,1.295053594E1
1.880582552E1,2.569891453E0,-1.392622828E0,8.350951195E0,8.847718705E0
1.880820109E1,-2.455035925E0,-3.254238665E-1,1.035135078E1,1.064347524E1
1.881057672E1,2.450250387E0,-1.990828395E0,1.106441212E1,1.150601322E1
1.881295229E1,-1.603191137E0,-3.924229145E-1,7.652246952E0,7.828224638E0
1.881532792E1,1.469193101E0,-2.024327993E0,1.339502144E1,1.362655611E1
1.881770354E1,-3.254238665E-1,-5.982056856E-1,5.742774487E0,5.783010422E0
1.882007912E1,-4.929214716E-1,-1.507478237E0,1.332802200E1,1.342205769E1
1.882245474E1,1.847259045E0,-1.201196909E0,6.585047722E0,6.943924934E0
1.882483031E1,-1.560120344E0,-9.762716293E-1,1.258624744E1,1.272009066E1
1.882720594E1,2.574677229E0,-1.493121386E0,8.815158844E0,9.304052867E0
1.882958151E1,-2.488535643E0,-2.153540403E-1,9.705288887E0,1.002156771E1
1.883195714E1,2.321038008E0,-2.148754835E0,1.170568848E1,1.212548999E1
1.883433276E1,-1.368694544E0,-3.445664644E-1,7.293323517E0,7.428635051E0
1.883670833E1,8.901300430E-1,-1.957328916E0,1.341894913E1,1.359013111E1
1.883908396E1,-8.614161611E-2,-7.130611539E-1,5.632704735E0,5.678313061E0
1.884145953E1,-8.518448472E-1,-1.469193101E0,1.337587833E1,1.348325959E1
1.884383516E1,2.019542217E0,-1.201196909E0,7.073183537E0,7.453277811E0
1.884621073E1,-2.148754835E0,-8.709874153E-1,1.187797165E1,1.210214762E1
1.884858636E1,2.354537487E0,-1.540977836E0,9.566504478E0,9.971783562E0
1.885096198E1,-2.627319336E0,-3.062812984E-1,8.977870941E0,9.359422085E0
1.885333755E1,2.057827473E0,-2.148754835E0,1.241874981E1,1.277016633E1
1.885571318E1,-1.320838094E0,-4.833501875E-1,6.618547440E0,6.766343982E0
1.885808875E1,1.818545163E-1,-1.751546144E0,1.346680546E1,1.358145184E1
1.886046438E1,2.632105052E-1,-8.614161611E-1,5.824130535E0,5.893370348E0
1.886283995E1,-1.229910851E0,-1.435693622E0,1.319880962E1,1.333350938E1
1.886521557E1,2.129612207E0,-1.196411371E0,7.709674358E0,8.087380728E0
1.886759120E1,-2.593819857E0,-6.269195080E-1,1.121755219E1,1.153058570E1
1.886996677E1,2.172683001E0,-1.727617979E0,1.017428207E1,1.054614769E1
1.887234240E1,-2.234896421E0,-4.019941986E-1,8.528019905E0,8.825162030E0
1.887471797E1,1.703689694E0,-2.091326952E0,1.276810169E1,1.304992827E1
1.887709359E1,-1.191625714E0,-4.498506486E-1,6.159125328E0,6.289448486E0
1.887946917E1,-1.722832322E-1,-1.646261930E0,1.341416359E1,1.351590340E1
1.888184479E1,9.236295223E-1,-1.004985452E0,5.929414749E0,6.084492298E0
1.888422042E1,-1.454836130E0,-1.210768223E0,1.317966747E1,1.331488425E1
1.888659599E1,2.210968018E0,-1.330409408E0,7.939385414E0,8.348186002E0
1.888897162E1,-2.574677229E0,-3.445664644E-1,1.066720295E1,1.097893017E1
1.889134719E1,2.263610125E0,-1.909472466E0,1.070070267E1,1.110292995E1
1.889372281E1,-1.837687731E0,-3.254238665E-1,8.011170387E0,8.225682213E0
1.889609839E1,1.440479279E0,-2.014756680E0,1.291645622E1,1.315177047E1
1.889847401E1,-7.082754970E-1,-4.833501875E-1,5.919843197E0,5.981623948E0
1.890084958E1,-3.254238665E-1,-1.545763373E0,1.349551964E1,1.358765379E1
1.890322521E1,1.593619823E0,-1.062413216E0,6.336194515E0,6.619343390E0
1.890560083E1,-1.670190215E0,-1.048056364E0,1.272024536E1,1.287216375E1
1.890797641E1,2.488535643E0,-1.258624673E0,8.571090698E0,9.013353509E0
1.891035203E1,-2.426322222E0,-3.972085714E-1,9.877572060E0,1.017896085E1
1.891272760E1,2.498106956E0,-2.005185366E0,1.148554897E1,1.192388955E1
1.891510318E1,-1.464407444E0,-3.445664644E-1,7.312466145E0,7.465612924E0
1.891747880E1,1.239482164E0,-1.899901152E0,1.322752380E1,1.342063063E1
1.891985443E1,-4.785645381E-2,-6.077769399E-1,5.589633465E0,5.622782703E0
1.892223005E1,-3.541377485E-1,-1.545763373E0,1.347637749E1,1.356936064E1
1.892460563E1,2.206182480E0,-1.000199914E0,6.872186661E0,7.286603496E0
1.892698125E1,-1.895115495E0,-9.523434043E-1,1.213639641E1,1.232033029E1
1.892935682E1,2.665604353E0,-1.402194023E0,9.303294182E0,9.778695070E0
1.893173245E1,-2.029113531E0,-4.881358147E-1,9.384650230E0,9.613908583E0
1.893410802E1,2.512463808E0,-2.033899307E0,1.200718403E1,1.243469698E1
1.893648365E1,-1.239482164E0,-3.684946895E-1,6.819544315E0,6.941058208E0
1.893885927E1,8.039883971E-1,-1.785045743E0,1.336152172E1,1.350418633E1
1.894123484E1,5.312066078E-1,-7.800601721E-1,5.766702652E0,5.843417990E0
1.894361047E1,-6.987041831E-1,-1.416550994E0,1.358644676E1,1.367795087E1
1.894598604E1,2.163111687E0,-1.215553880E0,7.221538544E0,7.635917911E0
1.894836167E1,-2.321038008E0,-6.029912829E-1,1.166261768E1,1.190661443E1
1.895073724E1,2.455035925E0,-1.684547186E0,9.987641335E0,1.042199021E1
1.895311286E1,-2.091326952E0,-4.307080805E-1,8.796015739E0,9.051466774E0
1.895548849E1,1.942971945E0,-2.057827473E0,1.253839111E1,1.285383389E1
1.895786396E1,-1.325623751E0,-4.163511395E-1,6.321837425E0,6.472731651E0
1.896023969E1,3.349951655E-2,-1.737189293E0,1.359601784E1,1.370659148E1
1.896261521E1,7.130611539E-1,-9.332008362E-1,6.039484501E0,6.152616764E0
1.896499089E1,-1.545763373E0,-1.325623751E0,1.340459251E1,1.355838350E1
1.896736646E1,1.952543259E0,-1.229910851E0,7.901100159E0,8.231190047E0
1.896974208E1,-2.756531715E0,-6.412764788E-1,1.101177025E1,1.136964321E1
1.897211771E1,2.134397745E0,-1.847259045E0,1.062891865E1,1.099736020E1
1.897449323E1,-2.249253273E0,-3.876372576E-1,8.264809608E0,8.574175225E0
1.897686891E1,1.320838094E0,-2.105684042E0,1.269153118E1,1.293265179E1
1.897924448E1,-1.205982566E0,-4.546363056E-1,6.092126369E0,6.226964896E0
1.898162010E1,-4.402793646E-1,-1.727617979E0,1.364866066E1,1.376460852E1
1.898399568E1,1.129412293E0,-9.762716293E-1,6.398407936E0,6.570258940E0
1.898637130E1,-2.048256159E0,-1.244267821E0,1.284467220E1,1.306633689E1
1.898874688E1,2.072184324E0,-1.249053478E0,8.590232849E0,8.924471013E0
1.899112250E1,-2.589034081E0,-6.029912829E-1,1.020299530E1,1.054361461E1
1.899349813E1,2.306680918E0,-1.966900229E0,1.127498055E1,1.167538692E1
1.899587370E1,-2.000399828E0,-3.732803464E-1,7.508677483E0,7.779535669E0
1.899824932E1,1.081555843E0,-1.995614052E0,1.300738430E1,1.320394959E1
1.900062490E1,-3.924229145E-1,-5.982056856E-1,5.915057659E0,5.958166907E0
1.900300052E1,-4.115654826E-1,-1.631905079E0,1.362951756E1,1.373303496E1
1.900537609E1,1.698904037E0,-1.048056364E0,6.666403770E0,6.958853088E0
1.900775172E1,-2.029113531E0,-9.858429432E-1,1.234696484E1,1.255136362E1
1.901012729E1,2.474178553E0,-1.349551916E0,9.059226990E0,9.487488790E0
1.901250292E1,-2.009970903E0,-5.551348329E-1,9.614361763E0,9.837891534E0
1.901487854E1,2.541177750E0,-1.966900229E0,1.167697430E1,1.211106971E1
1.901725412E1,-1.526620865E0,-3.110669553E-1,6.896114826E0,7.069917511E0
1.901962974E1,1.052842021E0,-1.909472466E0,1.327059460E1,1.344854053E1
1.902200531E1,5.359922647E-1,-6.939185858E-1,5.757131100E0,5.823518628E0
1.902438094E1,-4.881358147E-1,-1.459621787E0,1.370608807E1,1.379223051E1
1.902675651E1,2.024327993E0,-1.115055323E0,6.967899323E0,7.341176552E0
1.902913214E1,-2.014756680E0,-6.987041831E-1,1.187318611E1,1.206316627E1
1.903150776E1,2.708675146E0,-1.593619823E0,9.690931320E0,1.018777184E1
1.903388333E1,-1.808973908E0,-3.684946895E-1,8.973084450E0,9.161027207E0
1.903625896E1,2.220539331E0,-1.995614052E0,1.193539906E1,1.230313054E1
1.903863453E1,-1.282552958E0,-1.962114573E-1,6.451049805E0,6.580234388E0
1.904101016E1,5.886343718E-1,-1.751546144E0,1.353380489E1,1.365936599E1
1.904338578E1,9.188438654E-1,-7.609176040E-1,5.857629776E0,5.977883927E0
1.904576136E1,-1.316052437E0,-1.277767301E0,1.329930782E1,1.342521031E1
1.904813698E1,2.024327993E0,-9.810572863E-1,7.652246952E0,7.976042919E0
1.905051255E1,-2.388036966E0,-7.609176040E-1,1.103091240E1,1.131206190E1
1.905288818E1,2.383251429E0,-1.631905079E0,1.047577763E1,1.086668848E1
1.905526375E1,-2.167897224E0,-3.062812984E-1,8.226524353E0,8.512889612E0
1.905763938E1,1.493121386E0,-2.029113531E0,1.234217930E1,1.259667032E1
1.906001495E1,-1.201196909E0,-3.110669553E-1,6.187839508E0,6.311021664E0
1.906239057E1,-1.674975902E-1,-1.765903115E0,1.364387512E1,1.375869898E1
1.906476620E1,8.470591903E-1,-7.896314859E-1,6.230910301E0,6.337607619E0
1.906714177E1,-2.124826431E0,-1.191625714E0,1.294517040E1,1.317240661E1
1.906951740E1,1.808973908E0,-1.115055323E0,8.269595146E0,8.538263222E0
1.907189297E1,-2.536391973E0,-6.843472719E-1,1.051406288E1,1.083730288E1
1.907426859E1,2.158325911E0,-1.718046665E0,1.091605663E1,1.125923388E1
1.907664417E1,-2.435893536E0,-3.110669553E-1,7.566105366E0,7.954639550E0
1.907901979E1,1.024128079E0,-1.942971945E0,1.280638695E1,1.299336465E1
1.908139542E1,-6.987041831E-1,-4.546363056E-1,5.943771362E0,6.001941329E0
1.908377099E1,-5.024927258E-1,-1.598405480E0,1.383530045E1,1.393638897E1
1.908614662E1,1.062413216E0,-8.997012973E-1,6.398407936E0,6.548114872E0
1.908852219E1,-2.254039049E0,-9.714859724E-1,1.254796219E1,1.278576678E1
1.909089781E1,2.120040894E0,-1.306481123E0,8.915657043E0,9.256911301E0
1.909327339E1,-2.220539331E0,-5.503492355E-1,9.882357597E0,1.014370104E1
1.909564901E1,2.268395901E0,-1.942971945E0,1.125105190E1,1.164074434E1
1.909802464E1,-1.957328916E0,-2.057827413E-1,7.058826923E0,7.328063902E0
1.910040021E1,1.009771109E0,-1.995614052E0,1.325145149E1,1.343886453E1
1.910277583E1,2.057827413E-1,-6.412764788E-1,5.891129494E0,5.929501562E0
1.910515141E1,-7.082754970E-1,-1.421336651E0,1.367737389E1,1.376925592E1
1.910752703E1,1.708475351E0,-9.906286001E-1,6.977470875E0,7.251574509E0
1.910990261E1,-2.062613010E0,-9.236295223E-1,1.185882950E1,1.207225335E1
1.911227823E1,2.622533560E0,-1.459621787E0,9.729216576E0,1.018164197E1
1.911465380E1,-1.923829436E0,-4.115654826E-1,9.140582085E0,9.349906240E0
1.911702938E1,2.244467735E0,-2.043470621E0,1.167218876E1,1.206040621E1
1.911940505E1,-1.306481123E0,-2.297109663E-1,6.637690067E0,6.768943011E0
1.912178063E1,8.470591903E-1,-1.942971945E0,1.358166122E1,1.374606019E1
1.912415625E1,8.709874153E-1,-6.317051649E-1,6.025127411E0,6.120443678E0
1.912653182E1,-1.182054400E0,-1.383051515E0,1.333280754E1,1.345636805E1
1.912890745E1,2.009970903E0,-9.332008362E-1,7.580461979E0,7.897737059E0
1.913128302E1,-1.986042738E0,-8.518448472E-1,1.126062298E1,1.146610811E1
1.913365865E1,2.660818815E0,-1.545763373E0,1.026520920E1,1.071652281E1
1.913603422E1,-2.163111687E0,-2.967100143E-1,8.293522835E0,8.576106926E0
1.913840984E1,1.780260086E0,-1.971685886E0,1.219861031E1,1.248450899E1
1.914078547E1,-9.092726111E-1,-2.727817893E-1,6.364908218E0,6.435312208E0
1.914316104E1,2.249253243E-1,-1.765903115E0,1.374915886E1,1.386392349E1
1.914553667E1,8.853443861E-1,-7.226324677E-1,6.149554253E0,6.254842114E0
1.914791224E1,-1.899901152E0,-1.100698471E0,1.295474148E1,1.313950107E1
1.915028787E1,1.899901152E0,-1.071984529E0,8.226524353E0,8.510844738E0
1.915266344E1,-2.187039852E0,-6.460621357E-1,1.064806080E1,1.088952425E1
1.915503906E1,2.263610125E0,-1.651047587E0,1.066720295E1,1.102901209E1
1.915741469E1,-2.435893536E0,-1.531406492E-1,7.652246952E0,8.032055328E0
1.915979026E1,1.186840057E0,-1.933400750E0,1.278724384E1,1.298692546E1
1.916216589E1,-5.886343718E-1,-4.498506486E-1,6.096911907E0,6.141757960E0
1.916454146E1,-5.886343718E-1,-1.459621787E0,1.388794231E1,1.397683540E1
1.916691708E1,9.236295223E-1,-7.417750359E-1,6.393621922E0,6.502439771E0
1.916929266E1,-2.297109842E0,-9.619147182E-1,1.250010586E1,1.274576949E1
1.917166828E1,2.029113531E0,-1.201196909E0,8.910871506E0,9.217581393E0
1.917404386E1,-2.335394859E0,-4.402793646E-1,9.839286804E0,1.012222702E1
1.917641948E1,1.966900229E0,-1.875972986E0,1.092562866E1,1.125865591E1
1.917879511E1,-2.148754835E0,-2.392822690E-2,7.250252724E0,7.562002675E0
1.918117068E1,8.135597110E-1,-1.966900229E0,1.308395386E1,1.325595807E1
1.918354630E1,9.571290575E-3,-4.689932466E-1,6.005984783E0,6.024275848E0
1.918592188E1,-1.105484009E0,-1.426122308E0,1.347159195E1,1.359189867E1
1.918829750E1,1.363908887E0,-8.231309652E-1,7.025327206E0,7.203680614E0
1.919067313E1,-2.220539331E0,-9.284151793E-1,1.169611740E1,1.194118553E1
1.919304870E1,2.388036966E0,-1.387837172E0,9.671789169E0,1.005844512E1
1.919542432E1,-2.210968018E0,-3.684946895E-1,8.910871506E0,9.188460094E0
1.919779990E1,2.009970903E0,-1.976471543E0,1.159083271E1,1.192869757E1
1.920017552E1,-1.383051515E0,-1.579262912E-1,6.623332977E0,6.768036047E0
1.920255109E1,7.178468108E-1,-1.962114573E0,1.351466274E1,1.367520774E1
1.920492672E1,7.034898400E-1,-5.312066078E-1,6.010770321E0,6.075066935E0
1.920730229E1,-1.383051515E0,-1.296909928E0,1.316052437E1,1.329639833E1
1.920967792E1,1.957328916E0,-1.000199914E0,7.680960655E0,7.989286134E0
1.921205349E1,-1.804188251E0,-8.853443861E-1,1.108355427E1,1.126428449E1
1.921442912E1,2.708675146E0,-1.545763373E0,1.024606609E1,1.071019028E1
1.921680474E1,-2.120040894E0,-2.823530734E-1,8.102097511E0,8.379634881E0
1.921918031E1,1.928615093E0,-2.048256159E0,1.218903828E1,1.250949893E1
1.922155594E1,-5.264210105E-1,-3.732803464E-1,6.297909260E0,6.330886063E0
1.922393151E1,3.972085714E-1,-1.775474429E0,1.381137276E1,1.393068920E1
1.922630714E1,1.033699393E0,-7.226324677E-1,6.068198204E0,6.197883636E0
1.922868276E1,-1.574477315E0,-1.105484009E0,1.280638695E1,1.295008187E1
1.923105833E1,2.325823545E0,-1.210768223E0,8.403593063E0,8.803169385E0
1.923343391E1,-1.770688772E0,-6.699903607E-1,1.047099209E1,1.064076600E1
1.923580953E1,2.493321180E0,-1.780260086E0,1.053320503E1,1.096970304E1
1.923818516E1,-2.067398787E0,-1.531406492E-1,7.719245911E0,7.992768433E0
1.924056073E1,1.478764415E0,-2.096112728E0,1.271067429E1,1.296694542E1
1.924293636E1,-1.914258152E-1,-4.498506486E-1,6.130411625E0,6.149874482E0
1.924531193E1,-4.163511395E-1,-1.531406522E0,1.379222965E1,1.388323280E1
1.924768755E1,1.162911773E0,-8.518448472E-1,6.451049805E0,6.610147277E0
1.925006313E1,-2.005185366E0,-1.048056364E0,1.240439224E1,1.260904982E1
1.925243875E1,2.330609322E0,-1.344766378E0,9.126225471E0,9.514627044E0
1.925481438E1,-2.210968018E0,-4.689932466E-1,9.652647018E0,9.913724260E0
1.925718995E1,2.072184324E0,-1.919043779E0,1.108833981E1,1.144237548E1
1.925956557E1,-1.880758643E0,-1.100698411E-1,7.092326164E0,7.338287189E0
1.926194115E1,9.044869542E-1,-2.053041935E0,1.332323647E1,1.351079967E1
1.926431677E1,1.004985496E-1,-3.828516304E-1,6.154339790E0,6.167055504E0
1.926669234E1,-1.292124271E0,-1.488335729E0,1.342852020E1,1.357239416E1
1.926906797E1,1.359123230E0,-8.231309652E-1,7.312466145E0,7.483109090E0
1.927144359E1,-2.038684845E0,-1.028913736E0,1.164826107E1,1.186999938E1
1.927381917E1,2.373680115E0,-1.368694544E0,9.906285286E0,1.027823770E1
1.927619479E1,-2.426322222E0,-3.876372576E-1,8.738588333E0,9.077457145E0
1.927857036E1,1.856830359E0,-1.986042738E0,1.178225899E1,1.209189032E1
1.928094599E1,-1.287338614E0,-2.584248483E-1,6.704689026E0,6.832047939E0
1.928332156E1,5.790630579E-1,-1.990828395E0,1.379222965E1,1.394719723E1
1.928569719E1,5.024927258E-1,-6.221339107E-1,6.015556335E0,6.068481488E0
1.928807281E1,-1.612762451E0,-1.306481123E0,1.322752380E1,1.338937197E1
1.929044839E1,1.856830359E0,-1.057627559E0,7.810173035E0,8.097233964E0
1.929282401E1,-1.847259045E0,-9.092726111E-1,1.119362450E1,1.138140466E1
1.929519958E1,2.522035122E0,-1.646261930E0,1.010728264E1,1.054646869E1
1.929757521E1,-2.254039049E0,-2.871387303E-1,8.207381248E0,8.516116935E0
1.929995078E1,1.856830359E0,-2.191825628E0,1.230867958E1,1.263944269E1
1.930232641E1,-5.216353536E-1,-4.833501875E-1,6.407979012E0,6.447319277E0
1.930470203E1,2.105683982E-1,-1.780260086E0,1.393579865E1,1.405062806E1
1.930707760E1,1.028913736E0,-8.518448472E-1,6.283552170E0,6.423965363E0
1.930945323E1,-1.641476393E0,-1.311266780E0,1.285424328E1,1.302480079E1
1.931182880E1,2.469393015E0,-1.335195065E0,8.647661209E0,9.091902557E0
1.931420443E1,-1.804188251E0,-7.561319470E-1,1.037527943E1,1.055808950E1
1.931658000E1,2.498106956E0,-1.971685886E0,1.061456108E1,1.108138035E1
1.931895563E1,-1.866401672E0,-2.297109663E-1,7.657032490E0,7.884565231E0
1.932133120E1,1.564906001E0,-2.277967215E0,1.292124271E1,1.321349987E1
1.932370682E1,1.100698411E-1,-5.120640397E-1,6.317051888E0,6.338727751E0
1.932608245E1,-5.168496966E-1,-1.732403636E0,1.364387512E1,1.376312771E1
1.932845797E1,1.402194023E0,-9.092726111E-1,6.915257454E0,7.114331340E0
1.933083365E1,-1.727617979E0,-1.287338614E0,1.221775246E1,1.240626373E1
1.933320922E1,2.574677229E0,-1.488335729E0,9.466006279E0,9.922166142E0
1.933558484E1,-2.067398787E0,-6.221339107E-1,9.451649666E0,9.695095139E0
1.933796042E1,2.258824587E0,-2.057827473E0,1.121755219E1,1.162628141E1
1.934033604E1,-1.560120344E0,-3.158525825E-1,7.183253765E0,7.357504536E0
1.934271162E1,1.071984529E0,-2.153540373E0,1.352423382E1,1.373651292E1
1.934508724E1,3.302095234E-1,-6.125625968E-1,6.111268997E0,6.150762556E0
1.934746286E1,-1.268195987E0,-1.526620865E0,1.351466274E1,1.365961205E1
1.934983844E1,1.607976794E0,-1.119840980E0,7.398607731E0,7.653693850E0
1.935221406E1,-1.890329838E0,-1.134197950E0,1.166261768E1,1.186913658E1
1.935458964E1,2.397608280E0,-1.555334687E0,9.925428391E0,1.032868434E1
1.935696526E1,-2.531606436E0,-4.163511395E-1,8.566305161E0,8.942257183E0
1.935934083E1,1.847259045E0,-2.163111687E0,1.195932770E1,1.229296291E1
1.936171646E1,-1.148554921E0,-4.163511395E-1,6.742974281E0,6.852753376E0
1.936409208E1,2.536391914E-1,-1.971685886E0,1.386401463E1,1.400581235E1
1.936646766E1,3.445664644E-1,-7.130611539E-1,6.101697922E0,6.152877358E0
1.936884328E1,-1.818545222E0,-1.320838094E0,1.308395386E1,1.327560050E1
1.937121886E1,1.770688772E0,-1.215553880E0,8.154739380E0,8.432833706E0
1.937359448E1,-2.100898266E0,-8.231309652E-1,1.094477081E1,1.117494189E1
1.937597005E1,2.139183521E0,-1.751546144E0,1.017428207E1,1.054324598E1
1.937834568E1,-2.483749866E0,-2.153540403E-1,8.030312538E0,8.408407116E0
1.938072125E1,1.483550072E0,-2.182254314E0,1.252403355E1,1.279900664E1
1.938309688E1,-5.790630579E-1,-3.445664644E-1,6.417550564E0,6.452828474E0
1.938547250E1,-3.206382394E-1,-1.722832322E0,1.373958778E1,1.385089284E1
1.938784807E1,7.992027402E-1,-7.848458290E-1,6.422336102E0,6.519287461E0
1.939022370E1,-1.909472466E0,-1.229910851E0,1.255753326E1,1.276128549E1
1.939259927E1,2.249253273E0,-1.258624673E0,8.863015175E0,9.230184957E0
1.939497490E1,-2.024327993E0,-6.173482537E-1,1.000678444E1,1.022813558E1
1.939735047E1,2.258824587E0,-1.890329838E0,1.069113159E1,1.108945130E1
1.939972609E1,-1.847259045E0,-1.627119333E-1,7.412964344E0,7.641392643E0
1.940210167E1,1.459621787E0,-2.182254314E0,1.309831142E1,1.335883572E1
1.940447729E1,2.009970993E-1,-3.302095234E-1,6.144768715E0,6.156916495E0
1.940685292E1,-7.896314859E-1,-1.641476393E0,1.352423382E1,1.364634980E1
1.940922849E1,1.564906001E0,-8.470591903E-1,6.948757172E0,7.172981688E0
1.941160412E1,-1.574477315E0,-1.201196909E0,1.200718403E1,1.216940102E1
1.941397969E1,2.727817774E0,-1.445264935E0,9.489934921E0,9.979411072E0
1.941635531E1,-2.057827473E0,-4.833501875E-1,9.068798065E0,9.311894526E0
1.941873089E1,2.330609322E0,-2.062613010E0,1.136112213E1,1.177969475E1
1.942110651E1,-1.057627559E0,-3.493520916E-1,7.015756130E0,7.103622809E0
1.942348214E1,1.076770186E0,-2.076970100E0,1.357209015E1,1.377224999E1
1.942585771E1,4.929214716E-1,-6.364908218E-1,5.996413708E0,6.050212351E0
1.942823333E1,-1.229910851E0,-1.406979680E0,1.331366539E1,1.344417936E1
1.943060891E1,1.947757602E0,-1.177268744E0,7.671389580E0,8.001870997E0
1.943298453E1,-1.641476393E0,-1.043270707E0,1.137547874E1,1.154055350E1
1.943536010E1,2.569891453E0,-1.646261930E0,9.915857315E0,1.037490948E1
1.943773573E1,-2.282752752E0,-2.727817893E-1,8.365307808E0,8.675467985E0
1.944011136E1,1.938186288E0,-2.191825628E0,1.213161087E1,1.247944903E1
1.944248693E1,-7.274180651E-1,-4.115654826E-1,6.570691109E0,6.623632299E0
1.944486255E1,1.866401732E-1,-1.818545222E0,1.385922909E1,1.397927653E1
1.944723813E1,5.694918036E-1,-7.082754970E-1,6.178267956E0,6.244755402E0
1.944961375E1,-1.746760488E0,-1.325623751E0,1.288774300E1,1.307296332E1
1.945198932E1,2.019542217E0,-1.215553880E0,8.441878319E0,8.764783600E0
1.945436495E1,-2.057827473E0,-7.034898400E-1,1.063848972E1,1.085849969E1
1.945674052E1,2.124826431E0,-1.804188251E0,1.019820976E1,1.057229705E1
1.945911615E1,-2.373680115E0,-1.052841991E-1,7.872386456E0,8.223132649E0
1.946149177E1,1.411765337E0,-2.230110645E0,1.271067429E1,1.298182251E1
1.946386734E1,-5.072783828E-1,-2.727817893E-1,6.431907177E0,6.457644400E0
1.946624297E1,-7.465606928E-1,-1.617548108E0,1.355773354E1,1.367428073E1
1.946861854E1,7.992027402E-1,-6.987041831E-1,6.742974281E0,6.826024811E0
1.947099417E1,-1.933400750E0,-1.210768223E0,1.227996540E1,1.249005798E1
1.947336974E1,2.167897224E0,-1.234696507E0,9.121439934E0,9.456475047E0
1.947574536E1,-2.388036966E0,-4.163511395E-1,9.595218658E0,9.896680753E0
1.947812094E1,2.014756680E0,-1.890329838E0,1.091127110E1,1.125559542E1
1.948049656E1,-1.871187329E0,-1.052841991E-1,7.365108013E0,7.599818605E0
1.948287219E1,1.091127157E0,-2.110469580E0,1.330887985E1,1.351927969E1
1.948524776E1,-5.264209956E-2,-3.302095234E-1,6.139982700E0,6.149080995E0
1.948762339E1,-1.234696507E0,-1.402194023E0,1.342373466E1,1.355312790E1
1.948999896E1,1.387837172E0,-8.805587292E-1,7.255038261E0,7.438888080E0
1.949237458E1,-1.660618901E0,-1.052842021E0,1.179661560E1,1.195935914E1
1.949475016E1,2.435893536E0,-1.344766378E0,9.518648148E0,9.916987269E0
1.949712578E1,-2.316252232E0,-2.967100143E-1,8.920442581E0,9.221027984E0
1.949950136E1,2.163111687E0,-2.024327993E0,1.149990559E1,1.187538566E1
1.950187698E1,-1.062413216E0,-2.440679073E-1,6.891329288E0,6.977012996E0
1.950425260E1,7.609176040E-1,-1.832902193E0,1.369651699E1,1.383954854E1
1.950662818E1,4.833501875E-1,-5.647061467E-1,6.039484501E0,6.085054928E0
1.950900380E1,-1.373480201E0,-1.277767301E0,1.315573883E1,1.328881490E1
1.951137938E1,2.072184324E0,-1.134197950E0,7.891529083E0,8.237510797E0
1.951375500E1,-1.674975872E0,-8.039883971E-1,1.124626637E1,1.139870382E1
1.951613057E1,2.431107759E0,-1.636690736E0,9.767501831E0,1.019770236E1
1.951850620E1,-2.167897224E0,-1.196411327E-1,8.336593628E0,8.614690110E0
1.952088182E1,1.995614052E0,-2.210968018E0,1.220339584E1,1.256159724E1
1.952325740E1,-5.742774606E-1,-2.584248483E-1,6.647261143E0,6.677024689E0
1.952563302E1,2.392822690E-2,-1.785045743E0,1.370130253E1,1.381711445E1
1.952800859E1,7.369893789E-1,-6.556333899E-1,6.388836384E0,6.464537016E0
1.953038422E1,-1.631905079E0,-1.272981644E0,1.266760349E1,1.283556679E1
1.953275979E1,2.225325108E0,-1.239482164E0,8.590232849E0,8.959937961E0
1.953513542E1,-2.062613010E0,-6.652047038E-1,1.032263660E1,1.054768677E1
1.953751099E1,2.182254314E0,-1.818545222E0,1.037527943E1,1.075712619E1
1.953988662E1,-2.158325911E0,-1.292124242E-1,7.776673794E0,8.071661656E0
1.954226224E1,1.435693622E0,-2.225325108E0,1.287817192E1,1.314764618E1
1.954463781E1,-3.732803464E-1,-2.632105052E-1,6.407979012E0,6.424236375E0
1.954701344E1,-9.284151793E-1,-1.584048629E0,1.358644676E1,1.370994896E1
1.954938901E1,8.805587292E-1,-8.087740541E-1,6.829115868E0,6.932988005E0
1.955176464E1,-1.823330879E0,-1.234696507E0,1.227039433E1,1.246641841E1
1.955414021E1,2.158325911E0,-1.301695466E0,9.140582085E0,9.481720449E0
1.955651583E1,-2.536391973E0,-4.498506486E-1,9.513862610E0,9.856430977E0
1.955889146E1,1.957328916E0,-1.947757602E0,1.087298584E1,1.121814233E1
1.956126703E1,-1.794616938E0,-1.627119333E-1,7.350750923E0,7.568399055E0
1.956364266E1,9.523434043E-1,-2.096112728E0,1.349073410E1,1.368577923E1
1.956601823E1,-2.392822653E-1,-3.924229145E-1,6.005984783E0,6.023545879E0
1.956839386E1,-1.411765337E0,-1.378265858E0,1.338066387E1,1.352534154E1
1.957076943E1,1.359123230E0,-9.667003751E-1,7.331608772E0,7.518923644E0
1.957314505E1,-1.799402595E0,-1.019342422E0,1.170568848E1,1.188696981E1
1.957552063E1,2.172683001E0,-1.445264935E0,9.413364410E0,9.768355628E0
1.957789625E1,-2.522035122E0,-2.057827413E-1,8.824729919E0,9.180352163E0
1.958027188E1,1.952543259E0,-2.129612207E0,1.159561825E1,1.195014794E1
1.958264745E1,-1.124626637E0,-2.344966233E-1,6.958328247E0,7.052524777E0
1.958502307E1,4.211367965E-1,-1.866401672E0,1.373001671E1,1.386268986E1
1.958739865E1,2.297109663E-1,-5.647061467E-1,6.058627129E0,6.089221859E0
1.958977427E1,-1.507478237E0,-1.368694544E0,1.306481171E1,1.322252322E1
1.959214984E1,1.899901152E0,-1.119840980E0,7.992027760E0,8.290728310E0
1.959452547E1,-1.818545222E0,-8.662018180E-1,1.112662506E1,1.130748414E1
1.959690104E1,2.330609322E0,-1.684547186E0,9.805787086E0,1.021875234E1
1.959927667E1,-2.249253273E0,-1.148554832E-1,8.288737297E0,8.589266444E0
1.960165229E1,1.952543259E0,-2.316252232E0,1.233260822E1,1.269923916E1
1.960402787E1,-5.551348329E-1,-2.297109663E-1,6.618547440E0,6.645758950E0
1.960640344E1,-1.674975902E-1,-1.804188251E0,1.368215942E1,1.380161719E1
1.960877906E1,7.274180651E-1,-6.939185858E-1,6.427121639E0,6.505271140E0
1.961115469E1,-1.469193101E0,-1.378265858E0,1.270588779E1,1.286459210E1
1.961353026E1,2.335394859E0,-1.234696507E0,8.705088615E0,9.097093625E0
1.961590589E1,-2.076970100E0,-6.699903607E-1,1.017428207E1,1.040570553E1
1.961828151E1,2.249253273E0,-1.808973908E0,1.036092186E1,1.075547436E1
1.962065708E1,-1.847259045E0,-1.962114573E-1,7.853243828E0,8.069963044E0
1.962303271E1,1.655833244E0,-2.258824587E0,1.301695538E1,1.331484884E1
1.962540828E1,-3.062812984E-1,-3.732803464E-1,6.254838467E0,6.273448071E0
1.962778391E1,-8.087740541E-1,-1.550549030E0,1.360558987E1,1.371752140E1
1.963015948E1,1.129412293E0,-9.188438654E-1,6.881757736E0,7.034090966E0
1.963253511E1,-1.507478237E0,-1.282552958E0,1.227039433E1,1.242899874E1
1.963491068E1,2.311466694E0,-1.359123230E0,9.044869423E0,9.433968259E0
1.963728630E1,-2.349751949E0,-4.594219327E-1,9.446864128E0,9.745544859E0
1.963966188E1,2.172683001E0,-2.005185366E0,1.095912743E1,1.135093801E1
1.964203750E1,-1.555334687E0,-2.823530734E-1,7.408178806E0,7.574952308E0
1.964441313E1,1.028913736E0,-2.005185366E0,1.354816151E1,1.373434061E1
1.964678870E1,-1.579262912E-1,-4.689932466E-1,6.001199245E0,6.021568547E0
1.964916432E1,-1.296909928E0,-1.426122308E0,1.340937805E1,1.354722185E1
1.965153990E1,1.593619823E0,-1.071984529E0,7.417750359E0,7.662362257E0
1.965391552E1,-1.813759565E0,-9.523434043E-1,1.170568848E1,1.188359476E1
1.965629109E1,2.139183521E0,-1.483550072E0,9.308079720E0,9.665266423E0
1.965866672E1,-2.421536446E0,-2.297109663E-1,8.800801277E0,9.130756212E0
1.966104234E1,2.019542217E0,-2.187039852E0,1.169611740E1,1.206900395E1
1.966341792E1,-1.095912814E0,-2.009970993E-1,7.077969551E0,7.165129287E0
1.966579354E1,2.536391914E-1,-1.933400750E0,1.349551964E1,1.363566726E1
1.966816912E1,2.584248483E-1,-4.881358147E-1,6.273981094E0,6.298245688E0
1.967054474E1,-1.397408366E0,-1.397408366E0,1.292602825E1,1.307622677E1
1.967292031E1,1.990828395E0,-1.124626637E0,8.116454124E0,8.432378687E0
1.967529594E1,-1.885544300E0,-8.135597110E-1,1.084905815E1,1.104170365E1
1.967767151E1,2.316252232E0,-1.665404558E0,9.863214493E0,1.026750198E1
1.968004714E1,-2.206182480E0,-1.818545163E-1,8.312665939E0,8.602367536E0
1.968242276E1,1.976471543E0,-2.340180635E0,1.243310642E1,1.280488268E1
1.968479833E1,-5.647061467E-1,-1.914258152E-1,6.618547440E0,6.645352292E0
1.968717396E1,-2.679961324E-1,-1.789831281E0,1.359123230E1,1.371119664E1
1.968954953E1,8.422735929E-1,-7.704889178E-1,6.532405853E0,6.631395344E0
1.969192516E1,-1.335195065E0,-1.435693622E0,1.259103298E1,1.274276554E1
1.969430073E1,2.292324066E0,-1.253839016E0,8.623732567E0,9.010861517E0
1.969667636E1,-2.139183521E0,-6.077769399E-1,1.011685371E1,1.035838926E1
1.969905188E1,2.407179594E0,-1.962114573E0,1.041356373E1,1.086677122E1
1.970142755E1,-1.708475351E0,-2.727817893E-1,7.867600918E0,8.055584531E0
1.970380318E1,1.607976794E0,-2.277967215E0,1.319402409E1,1.348543643E1
1.970617875E1,-3.206382394E-1,-3.972085714E-1,6.245266914E0,6.266094666E0
1.970855438E1,-7.992027402E-1,-1.612762451E0,1.355294704E1,1.367194578E1
1.971092995E1,1.287338614E0,-9.906286001E-1,7.034898758E0,7.219999049E0
1.971330557E1,-1.344766378E0,-1.263410330E0,1.223689461E1,1.237522492E1
1.971568115E1,2.254039049E0,-1.464407444E0,8.886942863E0,9.284553552E0
1.971805677E1,-2.330609322E0,-3.780659735E-1,9.556933403E0,9.844269895E0
1.972043240E1,2.287538528E0,-2.210968018E0,1.102134132E1,1.147131974E1
1.972280797E1,-1.378265858E0,-2.297109663E-1,7.475177765E0,7.604647692E0
1.972518359E1,9.140582681E-1,-2.105684042E0,1.352901936E1,1.372238217E1
1.972755917E1,-1.387837082E-1,-4.833501875E-1,6.187839508E0,6.208240177E0
1.972993479E1,-1.153340459E0,-1.555334687E0,1.326580906E1,1.340637722E1
1.973231036E1,1.689332843E0,-1.148554921E0,7.661818027E0,7.929469046E0
1.973468599E1,-1.737189293E0,-1.004985452E0,1.150947666E1,1.168314493E1
1.973706156E1,2.268395901E0,-1.603191137E0,9.379864693E0,9.782520301E0
1.973943719E1,-2.321038008E0,-2.919243574E-1,8.752944946E0,9.060159077E0
1.974181281E1,2.105684042E0,-2.335394859E0,1.188754272E1,1.229640787E1
1.974418839E1,-1.024128079E0,-1.339980662E-1,7.044469833E0,7.119785744E0
1.974656401E1,1.866401732E-1,-1.957328916E0,1.362473202E1,1.376587424E1
1.974893958E1,3.158525825E-1,-6.221339107E-1,6.283552170E0,6.322170618E0
1.975131521E1,-1.215553880E0,-1.483550072E0,1.295952702E1,1.310068061E1
1.975369078E1,2.057827473E0,-1.124626637E0,8.135597229E0,8.466840098E0
1.975606641E1,-2.086541414E0,-7.752745152E-1,1.072463131E1,1.095319234E1
1.975844198E1,2.344966173E0,-1.694118381E0,9.824930191E0,1.024198012E1
1.976081760E1,-2.000399828E0,-1.770688742E-1,8.336593628E0,8.575065374E0
1.976319323E1,1.981257200E0,-2.287538528E0,1.253360462E1,1.289377592E1
1.976556880E1,-6.556333899E-1,-2.009970993E-1,6.518048763E0,6.554022784E0
1.976794438E1,-3.780659735E-1,-1.641476393E0,1.364866066E1,1.375221133E1
1.977032000E1,8.518448472E-1,-8.279166222E-1,6.541976929E0,6.648950873E0
1.977269563E1,-1.153340459E0,-1.359123230E0,1.260060406E1,1.272606117E1
1.977507120E1,2.258824587E0,-1.249053478E0,8.499305725E0,8.882602148E0
1.977744682E1,-2.153540373E0,-4.977070987E-1,1.001156998E1,1.025265731E1
1.977982240E1,2.431107759E0,-1.919043779E0,1.038485050E1,1.083688765E1
1.978219802E1,-1.569691658E0,-2.536391914E-1,7.896314621E0,8.054815289E0
1.978457365E1,1.593619823E0,-2.124826431E0,1.314138222E1,1.340710402E1
1.978694922E1,-3.780659735E-1,-3.637090325E-1,6.230910301E0,6.252956207E0
1.978932484E1,-7.417750359E-1,-1.569691658E0,1.350030518E1,1.361148052E1
1.979170042E1,1.454836130E0,-1.024128079E0,7.030112743E0,7.251749559E0
1.979407604E1,-1.411765337E0,-1.138983607E0,1.219382381E1,1.232800488E1
1.979645162E1,2.249253273E0,-1.483550072E0,8.733802795E0,9.139987548E0
1.979882724E1,-2.263610125E0,-3.302095234E-1,9.475577354E0,9.747796434E0
1.980120281E1,2.349751949E0,-2.258824587E0,1.108833981E1,1.155746090E1
1.980357844E1,-1.363908887E0,-1.770688742E-1,7.561319351E0,7.685385558E0
1.980595406E1,8.039883971E-1,-2.158325911E0,1.340937805E1,1.360574099E1
1.980832964E1,-8.135596663E-2,-4.977070987E-1,6.350551128E0,6.370543994E0
1.981070526E1,-1.091127157E0,-1.631905079E0,1.317009544E1,1.331559562E1
1.981308083E1,1.718046665E0,-1.177268744E0,7.767102242E0,8.041487628E0
1.981545646E1,-1.871187329E0,-1.048056364E0,1.129412270E1,1.149595458E1
1.981783203E1,2.196611166E0,-1.612762451E0,9.427721024E0,9.813665321E0
1.982020766E1,-2.277967215E0,-3.541377485E-1,8.867800713E0,9.162556284E0
1.982258323E1,2.057827473E0,-2.397608280E0,1.192582798E1,1.233728302E1
1.982495886E1,-1.234696507E0,-1.579262912E-1,7.116254330E0,7.224298711E0
1.982733448E1,-5.264209956E-2,-1.971685886E0,1.360080433E1,1.374307807E1
1.982971005E1,1.483550072E-1,-6.987041831E-1,6.374479294E0,6.414373158E0
1.983208568E1,-1.239482164E0,-1.517049551E0,1.300259781E1,1.314934619E1
1.983446125E1,1.832902193E0,-1.215553880E0,8.102097511E0,8.395301410E0
1.983683688E1,-2.325823545E0,-7.657032609E-1,1.066720295E1,1.094463226E1
1.983921245E1,2.182254314E0,-1.837687731E0,9.829715729E0,1.023536230E1
1.984158807E1,-2.167897224E0,-2.584248483E-1,8.456234932E0,8.733525691E0
1.984396365E1,1.737189293E0,-2.244467735E0,1.263888931E1,1.295364756E1
1.984633927E1,-1.067198873E0,-2.249253243E-1,6.565905571E0,6.655871153E0
1.984871490E1,-5.982056856E-1,-1.713261008E0,1.355773354E1,1.367864218E1
1.985109042E1,6.747759581E-1,-8.518448472E-1,6.738188744E0,6.825258221E0
1.985346609E1,-1.292124271E0,-1.253839016E0,1.256231880E1,1.269068757E1
1.985584167E1,1.952543259E0,-1.339980721E0,8.336593628E0,8.666416031E0
1.985821729E1,-2.330609322E0,-3.637090325E-1,1.010249710E1,1.037422150E1
1.986059286E1,2.292324066E0,-2.014756680E0,1.040877819E1,1.084696536E1
1.986296849E1,-1.741974831E0,-1.244267747E-1,7.987242222E0,8.175940108E0
1.986534406E1,1.306481123E0,-2.124826431E0,1.305524063E1,1.329139151E1
1.986771969E1,-5.312066078E-1,-2.249253243E-1,6.336194515E0,6.362399924E0
1.987009531E1,-7.513462901E-1,-1.574477315E0,1.336152172E1,1.347493090E1
1.987247089E1,1.421336651E0,-9.236295223E-1,7.164111137E0,7.361914001E0
1.987484651E1,-1.445264935E0,-1.028913736E0,1.195932770E1,1.209020154E1
1.987722208E1,2.225325108E0,-1.402194023E0,8.662017822E0,9.052556140E0
1.987959771E1,-2.210968018E0,-1.962114573E-1,9.475577354E0,9.732083267E0
1.988197328E1,2.478964329E0,-2.158325911E0,1.109312534E1,1.156983426E1
1.988434891E1,-1.316052437E0,5.264209956E-2,7.499105930E0,7.613892235E0
1.988672453E1,7.417750359E-1,-1.976471543E0,1.328495121E1,1.345163925E1
1.988910010E1,-1.435693540E-2,-3.780659735E-1,6.245266914E0,6.256716298E0
1.989147573E1,-7.944171429E-1,-1.454836130E0,1.310788250E1,1.321227575E1
1.989385130E1,1.852044702E0,-1.014556766E0,7.575676441E0,7.864494170E0
1.989622693E1,-1.808973908E0,-8.039883971E-1,1.124626637E1,1.141916333E1
1.989860250E1,2.388036966E0,-1.526620865E0,9.212367058E0,9.638516412E0
1.990097813E1,-2.057827473E0,-1.339980662E-1,8.848658562E0,9.085778323E0
1.990335370E1,2.321038008E0,-2.225325108E0,1.198325539E1,1.240716321E1
1.990572932E1,-1.119840980E0,-9.092725813E-2,6.809973240E0,6.902032100E0
1.990810495E1,1.244267747E-1,-1.727617979E0,1.363908863E1,1.374863210E1
1.991048052E1,4.785645306E-1,-7.369893789E-1,6.340980053E0,6.401578351E0
1.991285615E1,-9.523434043E-1,-1.387837172E0,1.291645622E1,1.302566280E1
1.991523172E1,1.990828395E0,-1.210768223E0,7.891529083E0,8.228340577E0
1.991760734E1,-2.163111687E0,-5.886343718E-1,1.058584690E1,1.082061446E1
1.991998292E1,2.440679073E0,-1.842473388E0,9.911071777E0,1.037212448E1
1.992235854E1,-1.880758643E0,-2.392822653E-1,8.432307243E0,8.642818668E0
1.992473412E1,1.727617979E0,-2.177468538E0,1.268196011E1,1.298299446E1
1.992710974E1,-9.188438654E-1,-2.201396823E-1,6.546762943E0,6.614593001E0
1.992948531E1,-5.503492355E-1,-1.703689694E0,1.348594856E1,1.360427328E1
1.993186094E1,8.757730722E-1,-9.236295223E-1,6.853044033E0,6.970242642E0
1.993423656E1,-1.359123230E0,-1.272981644E0,1.251924801E1,1.265698499E1
1.993661214E1,1.938186288E0,-1.368694544E0,8.317451477E0,8.649271063E0
1.993898771E1,-2.368894339E0,-4.211367965E-1,1.001635551E1,1.030128120E1
1.994136333E1,2.368894339E0,-2.081755638E0,1.061934662E1,1.107772041E1
1.994373896E1,-1.780260086E0,-8.614161611E-2,8.035098076E0,8.230403844E0
1.994611453E1,9.714859724E-1,-2.201396942E0,1.302174091E1,1.324219279E1
1.994849010E1,-5.551348329E-1,-2.775674164E-1,6.513263226E0,6.542768237E0
1.995086578E1,-8.422735929E-1,-1.631905079E0,1.331845093E1,1.344446630E1
1.995324136E1,1.287338614E0,-1.014556766E0,7.336394310E0,7.517263306E0
1.995561698E1,-1.780260086E0,-1.057627559E0,1.170568848E1,1.188743222E1
1.995799255E1,2.110469580E0,-1.397408366E0,8.896514893E0,9.249584273E0
1.996036818E1,-2.287538528E0,-2.967100143E-1,9.360722542E0,9.640746644E0
1.996274375E1,2.335394859E0,-2.249253273E0,1.146162033E1,1.191142099E1
1.996511938E1,-1.517049551E0,-7.178468257E-2,7.326822758E0,7.482574698E0
1.996749495E1,4.067798555E-1,-1.928615093E0,1.346201992E1,1.360555057E1
1.996987057E1,6.699903309E-2,-5.982056856E-1,6.345765591E0,6.374251316E0
1.997224620E1,-8.422735929E-1,-1.478764415E0,1.313659668E1,1.324637087E1
1.997462177E1,1.756331801E0,-1.095912814E0,7.633104324E0,7.908856297E0
1.997699740E1,-1.923829436E0,-7.944171429E-1,1.113619614E1,1.132903715E1
1.997937297E1,2.416750908E0,-1.627119422E0,9.327222824E0,9.771657391E0
1.998174859E1,-1.914258122E0,-2.488535494E-1,8.920442581E0,9.126916680E0
1.998412417E1,2.225325108E0,-2.225325108E0,1.217468166E1,1.257485655E1
1.998649979E1,-1.167697430E0,-1.196411327E-1,6.805187702E0,6.905679615E0
1.998887537E1,2.871387079E-2,-1.780260086E0,1.358644676E1,1.370261603E1
1.999125099E1,7.513462901E-1,-8.470591903E-1,6.474977970E0,6.573231339E0
1.999362656E1,-9.810572863E-1,-1.277767301E0,1.288295746E1,1.298328755E1
1.999600219E1,2.072184324E0,-1.282552958E0,7.881958008E0,8.250100121E0
1.999837781E1,-2.076970100E0,-4.498506486E-1,1.047577763E1,1.068915746E1
2.000075339E1,2.579462767E0,-1.904686809E0,1.013599682E1,1.063108139E1
2.000312901E1,-1.694118381E0,-1.674975902E-1,8.269595146E0,8.443002808E0
2.000550458E1,1.593619823E0,-2.206182480E0,1.281117249E1,1.309706096E1
2.000788021E1,-6.556333899E-1,-2.201396823E-1,6.479763508E0,6.516567481E0
2.001025578E1,-4.594219327E-1,-1.732403636E0,1.351466274E1,1.363298940E1
2.001263141E1,1.282552958E0,-9.714859724E-1,6.939185619E0,7.123273415E0
2.001500698E1,-1.459621787E0,-1.215553880E0,1.218903828E1,1.233615504E1
2.001738260E1,2.167897224E0,-1.387837172E0,8.504091263E0,8.885124568E0
2.001975823E1,-2.244467735E0,-4.833501875E-1,9.805787086E0,1.007098422E1
2.002213380E1,2.426322222E0,-2.258824587E0,1.093041420E1,1.142205247E1
2.002450943E1,-1.703689694E0,-4.785645381E-2,7.800601959E0,7.984625210E0
2.002688500E1,7.082754970E-1,-2.187039852E0,1.329930782E1,1.349653237E1
2.002926063E1,-3.062812984E-1,-5.359922647E-1,6.321837425E0,6.351907145E0
2.003163620E1,-9.475577474E-1,-1.679761529E0,1.328973675E1,1.342894513E1
2.003401182E1,1.450050473E0,-1.162911773E0,7.527820110E0,7.753907775E0
2.003638740E1,-2.072184324E0,-1.019342422E0,1.143769264E1,1.166849690E1
2.003876302E1,2.091326952E0,-1.708475351E0,9.140582085E0,9.531147743E0
2.004113865E1,-2.359323025E0,-3.541377485E-1,9.241081238E0,9.544076756E0
2.004351422E1,2.029113531E0,-2.368894339E0,1.187797165E1,1.228068290E1
2.004588984E1,-1.607976794E0,-2.057827413E-1,7.082755089E0,7.265903630E0
2.004826542E1,-1.770688742E-1,-1.933400750E0,1.359123230E1,1.372920199E1
2.005064104E1,1.579262912E-1,-8.566305041E-1,6.489335060E0,6.547535877E0
2.005301662E1,-1.201196909E0,-1.526620865E0,1.297867012E1,1.312323601E1
2.005539224E1,1.679761529E0,-1.368694544E0,7.920242786E0,8.211283051E0
2.005776781E1,-2.378465652E0,-7.274180651E-1,1.072941685E1,1.101392854E1
2.006014344E1,2.215753794E0,-1.923829436E0,9.925428391E0,1.035011175E1
2.006251906E1,-2.067398787E0,-3.397808075E-1,8.542376518E0,8.795554861E0
2.006489464E1,1.636690736E0,-2.297109842E0,1.272024536E1,1.302920229E1
2.006727026E1,-1.000199914E0,-3.206382394E-1,6.608976364E0,6.691918808E0
2.006964583E1,-5.838487148E-1,-1.808973908E0,1.354337597E1,1.367612147E1
2.007202146E1,1.009771109E0,-1.004985452E0,6.853044033E0,6.999560413E0
2.007439703E1,-1.402194023E0,-1.282552958E0,1.250489140E1,1.264845441E1
2.007677266E1,2.091326952E0,-1.454836130E0,8.336593628E0,8.717166392E0
2.007914823E1,-2.215753794E0,-4.450650215E-1,9.958928108E0,1.021214457E1
2.008152386E1,2.507678032E0,-2.201396942E0,1.071027374E1,1.121804623E1
2.008389943E1,-1.478764415E0,-1.100698411E-1,7.977670670E0,8.114313827E0
2.008627505E1,1.100698471E0,-2.210968018E0,1.310309696E1,1.333383166E1
2.008865068E1,-1.531406492E-1,-4.163511395E-1,6.431907177E0,6.447187779E0
2.009102625E1,-5.790630579E-1,-1.670190215E0,1.328016567E1,1.339730009E1
2.009340188E1,1.780260086E0,-1.043270707E0,7.446464062E0,7.727067152E0
2.009577745E1,-1.550549030E0,-1.071984529E0,1.159083271E1,1.174311526E1
2.009815307E1,2.469393015E0,-1.493121386E0,9.011369705E0,9.462140207E0
2.010052865E1,-2.005185366E0,-2.823530734E-1,9.212367058E0,9.432295501E0
2.010290427E1,2.579462767E0,-2.364108801E0,1.171525955E1,1.222660807E1
2.010527990E1,-1.076770186E0,-1.148554832E-1,7.135396957E0,7.217098832E0
2.010765547E1,3.397808075E-1,-1.861616015E0,1.356251907E1,1.369390334E1
2.011003109E1,4.594219327E-1,-7.130611539E-1,6.407979012E0,6.463878072E0
2.011240667E1,-8.135597110E-1,-1.493121386E0,1.299302673E1,1.310381756E1
2.011478229E1,1.990828395E0,-1.172483087E0,7.915457249E0,8.245761198E0
2.011715787E1,-2.110469580E0,-6.747759581E-1,1.080598736E1,1.103080991E1
2.011953344E1,2.469393015E0,-1.828116536E0,9.757930756E0,1.023020648E1
2.012190906E1,-1.971685886E0,-2.105683982E-1,8.566305161E0,8.792807765E0
2.012428469E1,1.785045743E0,-2.182254314E0,1.251446247E1,1.282810949E1
2.012666031E1,-9.236295223E-1,-1.627119333E-1,6.656832695E0,6.722573034E0
2.012903589E1,-4.402793646E-1,-1.722832322E0,1.343809223E1,1.355523220E1
2.013141151E1,8.279166222E-1,-8.566305041E-1,6.838686943E0,6.941678533E0
2.013378708E1,-1.430907965E0,-1.225125194E0,1.245224857E1,1.259392409E1
2.013616271E1,1.957328916E0,-1.349551916E0,8.370093346E0,8.701200462E0
2.013853828E1,-2.392822742E0,-3.206382394E-1,9.954142570E0,1.024272248E1
2.014091391E1,2.258824587E0,-2.086541414E0,1.055234814E1,1.099126903E1
2.014328948E1,-1.689332843E0,-7.657032460E-2,7.934599876E0,8.112803687E0
2.014566511E1,9.332008362E-1,-2.196611166E0,1.302174091E1,1.323864422E1
2.014804068E1,-4.737788737E-1,-2.440679073E-1,6.384050846E0,6.406257938E0
2.015041630E1,-1.033699393E0,-1.569691658E0,1.322273827E1,1.335564576E1
2.015279193E1,1.440479279E0,-1.000199914E0,7.379465103E0,7.584977629E0
2.015516750E1,-1.813759565E0,-9.762716293E-1,1.151426220E1,1.169705365E1
2.015754313E1,2.143969059E0,-1.406979680E0,8.953942299E0,9.313929237E0
2.015991870E1,-2.330609322E0,-2.009970993E-1,9.131011009E0,9.425895273E0
2.016229432E1,2.201396942E0,-2.239681959E0,1.151904774E1,1.193946333E1
2.016466990E1,-1.196411371E0,-4.785645287E-3,7.197610378E0,7.296370209E0
2.016704552E1,2.105683982E-1,-1.842473388E0,1.332802200E1,1.345641920E1
2.016942109E1,2.679961324E-1,-5.694918036E-1,6.331408501E0,6.362615535E0
2.017179672E1,-1.048056364E0,-1.397408366E0,1.283988667E1,1.295815812E1
2.017417234E1,2.091326952E0,-1.119840980E0,7.934599876E0,8.281640383E0
2.017654792E1,-2.014756680E0,-6.221339107E-1,1.070070267E1,1.090648122E1
2.017892354E1,2.450250387E0,-1.761117458E0,9.652647018E0,1.011330095E1
2.018129912E1,-1.837687731E0,-1.818545163E-1,8.413164139E0,8.613448676E0
2.018367474E1,2.057827473E0,-2.277967215E0,1.254796219E1,1.291801624E1
2.018605031E1,-6.556333899E-1,-2.057827413E-1,6.470192432E0,6.506580653E0
2.018842594E1,-3.972085714E-1,-1.641476393E0,1.349551964E1,1.360078195E1
2.019080146E1,1.196411371E0,-8.949156404E-1,6.795616150E0,6.957921603E0
2.019317714E1,-1.105484009E0,-1.258624673E0,1.239003563E1,1.250276825E1
2.019555276E1,2.292324066E0,-1.349551916E0,8.489734650E0,8.896720431E0
2.019792833E1,-2.129612207E0,-3.780659735E-1,9.815358162E0,1.005084265E1
2.020030396E1,2.483749866E0,-2.072184324E0,1.062413216E1,1.110563575E1
2.020267953E1,-1.373480201E0,-2.249253243E-1,7.819744587E0,7.942634618E0
2.020505516E1,1.186840057E0,-2.105684042E0,1.323230934E1,1.345126407E1
2.020743073E1,-1.483550072E-1,-4.498506486E-1,6.230910301E0,6.248889341E0
2.020980636E1,-1.000199914E0,-1.560120344E0,1.329930782E1,1.342780563E1
2.021218193E1,1.689332843E0,-1.100698471E0,7.432106972E0,7.700752990E0
2.021455755E1,-1.713261008E0,-1.019342422E0,1.164347458E1,1.181290915E1
2.021693318E1,2.311466694E0,-1.545763373E0,9.198010445E0,9.609144542E0
2.021930875E1,-2.383251429E0,-2.536391914E-1,8.906085968E0,9.222938115E0
2.022168438E1,2.053041935E0,-2.292324066E0,1.172483063E1,1.212193813E1
2.022405995E1,-1.048056364E0,-9.571290761E-2,7.192824841E0,7.269409349E0
2.022643557E1,5.742774159E-2,-1.952543259E0,1.346680546E1,1.360773943E1
2.022881115E1,2.871387303E-1,-5.934200287E-1,6.422336102E0,6.456082170E0
2.023118677E1,-1.411765337E0,-1.521835208E0,1.284467220E1,1.301132844E1
2.023356234E1,2.014756680E0,-1.110269666E0,8.336593628E0,8.648163766E0
2.023593797E1,-2.301895380E0,-6.604190469E-1,1.056670475E1,1.083467235E1
2.023831354E1,2.172683001E0,-1.761117458E0,9.997213364E0,1.038105781E1
2.024068917E1,-2.091326952E0,-1.531406492E-1,8.231309891E0,8.494207614E0
2.024306479E1,1.627119422E0,-2.268395901E0,1.278245831E1,1.308374480E1
2.024544036E1,-6.652047038E-1,-1.962114573E-1,6.470192432E0,6.507256438E0
2.024781599E1,-7.992027402E-1,-1.536192179E0,1.351944828E1,1.362989704E1
2.025019156E1,1.014556766E0,-8.087740541E-1,6.905686378E0,7.026517292E0
2.025256719E1,-1.440479279E0,-1.196411371E0,1.238046455E1,1.252127323E1
2.025494276E1,2.273181438E0,-1.296909928E0,8.819944382E0,9.200040658E0
2.025731839E1,-2.364108801E0,-2.584248483E-1,9.614361763E0,9.904127722E0
2.025969396E1,2.297109842E0,-2.005185366E0,1.093998528E1,1.135696966E1
2.026206958E1,-1.320838094E0,-1.866401732E-1,7.508677483E0,7.626249757E0
2.026444521E1,1.067198873E0,-1.880758643E0,1.350987625E1,1.368184647E1
2.026682078E1,7.178468257E-2,-4.115654826E-1,6.092126369E0,6.106434548E0
2.026919641E1,-1.124626637E0,-1.349551916E0,1.330409431E1,1.341957529E1
2.027157198E1,1.919043779E0,-1.019342422E0,7.613961697E0,7.917966956E0
2.027394760E1,-1.607976794E0,-8.662018180E-1,1.150469112E1,1.164876873E1
2.027632318E1,2.459821701E0,-1.536192179E0,9.456435204E0,9.891146343E0
2.027869880E1,-2.143969059E0,-1.435693651E-1,8.599804878E0,8.864189722E0
2.028107438E1,2.143969059E0,-2.196611166E0,1.195932770E1,1.234695197E1
2.028345000E1,-6.125625968E-1,-1.339980662E-1,6.934400082E0,6.962692935E0
2.028582557E1,5.742774159E-2,-1.866401672E0,1.346201992E1,1.359090628E1
2.028820120E1,7.274180651E-1,-5.790630579E-1,6.508477688E0,6.574551915E0
2.029057682E1,-1.454836130E0,-1.349551916E0,1.269631672E1,1.285045901E1
2.029295240E1,2.254039049E0,-1.177268744E0,8.561519623E0,8.931196559E0
2.029532802E1,-2.100898266E0,-6.508477330E-1,1.026042366E1,1.049350609E1
2.029770359E1,2.311466694E0,-1.828116536E0,1.029392338E1,1.070746220E1
2.030007922E1,-2.048256159E0,-6.699903309E-2,7.829315662E0,8.093085067E0
2.030245479E1,1.430907965E0,-2.263610125E0,1.298345566E1,1.325675485E1
2.030483042E1,-2.823530734E-1,-2.679961324E-1,6.336194515E0,6.348141942E0
2.030720604E1,-1.057627559E0,-1.564906001E0,1.345723438E1,1.358913772E1
2.030958162E1,1.119840980E0,-8.901300430E-1,6.991827965E0,7.136668242E0
2.031195724E1,-1.713261008E0,-1.201196909E0,1.212682533E1,1.230601601E1
2.031433281E1,2.196611166E0,-1.354337573E0,9.188439369E0,9.543937810E0
2.031670844E1,-2.694318295E0,-3.302095234E-1,9.198010445E0,9.590192154E0
2.031908401E1,1.885544300E0,-2.096112728E0,1.120798111E1,1.155715391E1
2.032145964E1,-1.478764415E0,-2.584248483E-1,7.188039303E0,7.343121721E0
2.032383521E1,4.307080805E-1,-1.942971945E0,1.346201992E1,1.360832943E1
2.032621083E1,0.000000000E0,-5.790630579E-1,6.163911343E0,6.191051370E0
2.032858641E1,-1.761117458E0,-1.359123230E0,1.301695538E1,1.320567597E1
2.033096203E1,1.593619823E0,-1.076770186E0,7.886743546E0,8.117868066E0
2.033333766E1,-2.048256159E0,-8.374879360E-1,1.121755219E1,1.143373152E1
2.033571323E1,2.129612207E0,-1.708475351E0,9.743574142E0,1.011886225E1
2.033808886E1,-2.612962246E0,-1.100698411E-1,8.279166222E0,8.682412130E0
2.034046443E1,1.531406522E0,-2.234896421E0,1.221775246E1,1.251452928E1
2.034284005E1,-7.130611539E-1,-2.727817893E-1,6.580262184E0,6.624403107E0
2.034521563E1,-3.876372576E-1,-1.718046665E0,1.357687569E1,1.369063550E1
2.034759125E1,7.561319470E-1,-6.843472719E-1,6.455835342E0,6.535891422E0
2.034996682E1,-1.923829436E0,-1.220339537E0,1.247617722E1,1.268248186E1
2.035234245E1,2.268395901E0,-1.268195987E0,8.829515457E0,9.204036301E0
2.035471802E1,-2.081755638E0,-5.790630579E-1,9.934999466E0,1.016726290E1
2.035709365E1,2.234896421E0,-1.895115495E0,1.059541893E1,1.099314000E1
2.035946927E1,-1.837687731E0,-1.100698411E-1,7.427321434E0,7.652079146E0
2.036184484E1,1.325623751E0,-2.196611166E0,1.305045509E1,1.330025402E1
2.036422047E1,3.254238665E-1,-3.924229145E-1,6.163911343E0,6.184957516E0
2.036659604E1,-9.906286001E-1,-1.517049551E0,1.343330669E1,1.355494423E1
2.036897167E1,1.813759565E0,-9.092726111E-1,7.202396393E0,7.482714363E0
2.037134724E1,-1.603191137E0,-1.119840980E0,1.177268696E1,1.193400284E1
2.037372286E1,2.756531715E0,-1.454836130E0,9.714859962E0,1.020262316E1
2.037609844E1,-2.153540373E0,-3.349951804E-1,8.743373871E0,9.010912526E0
2.037847406E1,2.254039049E0,-2.115255117E0,1.168175983E1,1.208381186E1
2.038084969E1,-7.561319470E-1,-3.349951804E-1,6.819544315E0,6.869508131E0
2.038322526E1,6.987041831E-1,-1.938186288E0,1.367258835E1,1.382694564E1
2.038560089E1,8.757730722E-1,-7.082754970E-1,6.120840549E0,6.223610020E0
2.038797646E1,-1.493121386E0,-1.330409408E0,1.303131199E1,1.318387245E1
2.039035208E1,2.244467735E0,-1.220339537E0,8.236095428E0,8.623232103E0
2.039272766E1,-1.871187329E0,-8.087740541E-1,1.083470058E1,1.102479906E1
2.039510328E1,2.469393015E0,-1.875972986E0,1.038963604E1,1.084258795E1
2.039747886E1,-2.177468538E0,-2.009970993E-1,7.886743546E0,8.184283281E0
2.039985448E1,1.411765337E0,-2.210968018E0,1.264846039E1,1.291762405E1
2.040223005E1,-2.297109663E-1,-5.264210105E-1,6.364908218E0,6.390770129E0
2.040460568E1,-5.216353536E-1,-1.689332843E0,1.373001671E1,1.384338498E1
2.040698130E1,1.110269666E0,-8.901300430E-1,6.637690067E0,6.788516749E0
2.040935682E1,-2.230110645E0,-1.153340459E0,1.236132145E1,1.261371697E1
2.041173250E1,2.249253273E0,-1.454836130E0,9.279366493E0,9.658277847E0
2.041410802E1,-2.364108801E0,-4.929214716E-1,9.690931320E0,9.987298526E0
2.041648370E1,1.875972986E0,-2.129612207E0,1.126062298E1,1.161275818E1
2.041885927E1,-1.971685886E0,-2.297109663E-1,7.063612461E0,7.337229270E0
2.042123490E1,5.407779217E-1,-2.139183521E0,1.338066387E1,1.356136839E1
2.042361047E1,1.866401732E-1,-6.125625968E-1,6.187839508E0,6.220886212E0
2.042598609E1,-1.660618901E0,-1.555334687E0,1.336630726E1,1.355857260E1
2.042836172E1,1.507478237E0,-9.475577474E-1,7.580461979E0,7.786768273E0
2.043073729E1,-2.392822742E0,-9.954141974E-1,1.143290615E1,1.172296009E1
2.043311292E1,2.354537487E0,-1.674975872E0,1.013121128E1,1.053521870E1
2.043548849E1,-2.512463808E0,-3.302095234E-1,8.465806961E0,8.836933870E0
2.043786412E1,1.569691658E0,-2.143969059E0,1.218425274E1,1.247062749E1
2.044023969E1,-1.014556766E0,-3.828516304E-1,6.446264267E0,6.536835917E0
2.044261531E1,1.914258115E-2,-1.914258122E0,1.371565914E1,1.384861207E1
2.044499089E1,1.014556766E0,-8.709874153E-1,6.264409542E0,6.405526631E0
2.044736651E1,-1.995614052E0,-1.201196909E0,1.281595802E1,1.302590225E1
2.044974208E1,2.215753794E0,-1.263410330E0,8.480163574E0,8.855447181E0
2.045211771E1,-2.029113531E0,-7.561319470E-1,1.042792130E1,1.065037933E1
2.045449333E1,2.536391973E0,-1.885544300E0,1.087298584E1,1.132300237E1
2.045686891E1,-1.914258122E0,-2.775674164E-1,7.523034573E0,7.767720194E0
2.045924453E1,1.296909928E0,-2.105684042E0,1.290209961E1,1.313697282E1
2.046162010E1,1.962114573E-1,-6.412764788E-1,6.020341873E0,6.057577959E0
2.046399573E1,-3.493520916E-1,-1.612762451E0,1.374915886E1,1.384783084E1
2.046637130E1,1.890329838E0,-1.086341500E0,6.762116909E0,7.104907448E0
2.046874693E1,-2.053041935E0,-9.571290612E-1,1.206939697E1,1.228012298E1
2.047112250E1,2.780459881E0,-1.612762451E0,9.528220177E0,1.005579135E1
2.047349813E1,-1.780260086E0,-4.785645306E-1,9.255437851E0,9.437238992E0
2.047587375E1,2.287538528E0,-2.129612207E0,1.161476135E1,1.202791594E1
2.047824932E1,-1.196411371E0,-2.775674164E-1,6.742974281E0,6.853914648E0
2.048062495E1,7.465606928E-1,-1.971685886E0,1.339502144E1,1.355992247E1
2.048300052E1,9.810572863E-1,-7.896314859E-1,6.096911907E0,6.225618530E0
2.048537615E1,-1.215553880E0,-1.459621787E0,1.322273827E1,1.335847575E1
2.048775172E1,2.210968018E0,-1.057627559E0,7.767102242E0,8.144619872E0
2.049012734E1,-2.210968018E0,-7.657032609E-1,1.103569794E1,1.128101547E1
2.049250292E1,2.632104874E0,-1.799402595E0,1.045663452E1,1.093192715E1
2.049487854E1,-2.062613010E0,-3.445664644E-1,8.111668587E0,8.376888786E0
2.049725412E1,1.550549030E0,-2.057827473E0,1.255753326E1,1.281914575E1
2.049962974E1,-6.987041831E-1,-4.450650215E-1,6.096911907E0,6.152934683E0
2.050200537E1,-2.057827413E-1,-1.765903115E0,1.361516094E1,1.373074535E1
2.050438094E1,1.373480201E0,-8.757730722E-1,6.498906136E0,6.699940843E0
2.050675656E1,-2.158325911E0,-1.124626637E0,1.252881908E1,1.276301154E1
2.050913214E1,2.177468538E0,-1.268195987E0,8.791230202E0,9.145240224E0
2.051150776E1,-2.344966173E0,-5.790630579E-1,1.000199890E1,1.028951711E1
2.051388333E1,2.258824587E0,-1.938186288E0,1.135633659E1,1.173989929E1
2.051625896E1,-2.000399828E0,-3.206382394E-1,7.144968510E0,7.426640112E0
2.051863453E1,7.082754970E-1,-1.914258122E0,1.312223911E1,1.328003003E1
2.052101016E1,2.392822690E-2,-6.891329288E-1,5.895915031E0,5.936100640E0
2.052338573E1,-9.858429432E-1,-1.459621787E0,1.357687569E1,1.369065139E1
2.052576136E1,1.708475351E0,-1.091127157E0,7.044469833E0,7.330347995E0
2.052813698E1,-2.522035122E0,-6.699903607E-1,1.182532978E1,1.210982959E1
2.053051250E1,2.321038008E0,-1.651047587E0,9.690931320E0,1.010085766E1
2.053288818E1,-2.234896421E0,-3.924229145E-1,8.968298912E0,9.250899585E0
2.053526375E1,1.832902193E0,-2.124826431E0,1.213161087E1,1.245192355E1
2.053763938E1,-1.306481123E0,-3.349951804E-1,6.422336102E0,6.562432148E0
2.054001495E1,4.785645381E-2,-1.799402595E0,1.343809223E1,1.355811428E1
2.054239057E1,1.048056364E0,-9.523434043E-1,6.144768715E0,6.305835604E0
2.054476615E1,-1.569691658E0,-1.325623751E0,1.307916832E1,1.323955642E1
2.054714177E1,2.273181438E0,-1.220339537E0,8.145168304E0,8.544024177E0
2.054951734E1,-2.483749866E0,-6.317051649E-1,1.065284634E1,1.095678785E1
2.055189297E1,2.483749866E0,-1.962114573E0,1.083948612E1,1.129218165E1
2.055426859E1,-1.775474429E0,-3.828516304E-1,7.881958008E0,8.088519448E0
2.055664417E1,1.354337573E0,-2.124826431E0,1.284945774E1,1.309418504E1
2.055901979E1,-3.302095234E-1,-5.838487148E-1,5.958128452E0,5.995766198E0
2.056139537E1,-3.637090325E-1,-1.741974831E0,1.351466274E1,1.363131944E1
2.056377099E1,1.947757602E0,-1.076770186E0,6.800402164E0,7.155324123E0
2.056614656E1,-1.981257200E0,-1.071984529E0,1.231346512E1,1.251782546E1
2.056852219E1,2.569891453E0,-1.435693622E0,9.169296265E0,9.630241546E0
2.057089776E1,-2.187039852E0,-5.024927258E-1,9.518648148E0,9.779586127E0
2.057327339E1,2.392822742E0,-2.153540373E0,1.195454216E1,1.238040448E1
2.057564896E1,-1.359123230E0,-4.019941986E-1,6.896114826E0,7.040256741E0
2.057802458E1,5.551348329E-1,-1.861616015E0,1.329452229E1,1.343570287E1
2.058040021E1,5.072783828E-1,-8.374879360E-1,5.876772404E0,5.957782413E0
2.058277578E1,-9.140582681E-1,-1.517049551E0,1.343809223E1,1.355430798E1
2.058515141E1,2.234896421E0,-1.225125194E0,7.484749317E0,7.906779755E0
2.058752698E1,-2.498106956E0,-5.359922647E-1,1.140897846E1,1.169156173E1
2.058990261E1,2.383251429E0,-1.804188251E0,1.013121128E1,1.056297423E1
2.059227818E1,-2.048256159E0,-4.067798555E-1,8.599804878E0,8.849715650E0
2.059465375E1,1.679761529E0,-2.081755638E0,1.256710434E1,1.284863482E1
2.059702943E1,-1.033699393E0,-4.067798555E-1,6.273981094E0,6.371565197E0
2.059940500E1,-3.158525825E-1,-1.588834286E0,1.328973675E1,1.338810144E1
2.060178057E1,1.148554921E0,-9.762716293E-1,6.273981094E0,6.452528456E0
2.060415620E1,-1.761117458E0,-1.028913736E0,1.294517040E1,1.310487066E1
2.060653177E1,2.220539331E0,-1.268195987E0,8.331808090E0,8.715396838E0
2.060890740E1,-2.818745136E0,-2.440679073E-1,1.022213840E1,1.060646062E1
2.061128302E1,2.148754835E0,-1.942971945E0,1.118883896E1,1.155778545E1
2.061365859E1,-1.804188251E0,-2.105683982E-1,7.599604607E0,7.813669079E0
2.061603422E1,7.609176040E-1,-1.904686809E0,1.306002617E1,1.322010253E1
2.061840979E1,-4.019941986E-1,-5.599204898E-1,5.852844238E0,5.893292456E0
2.062078542E1,-1.000199914E0,-1.416550994E0,1.321795273E1,1.333121491E1
2.062316104E1,1.837687731E0,-1.043270707E0,7.106683254E0,7.414206420E0
2.062553662E1,-2.340180635E0,-8.039883971E-1,1.195932770E1,1.221263124E1
2.062791224E1,2.230110645E0,-1.373480201E0,9.317651749E0,9.678764149E0
2.063028781E1,-2.608176708E0,-2.392822653E-1,9.126225471E0,9.494621272E0
2.063266344E1,2.019542217E0,-2.086541414E0,1.217946720E1,1.252084770E1
2.063503901E1,-1.282552958E0,-3.349951804E-1,6.666403770E0,6.796918647E0
2.063741464E1,1.004985496E-1,-1.584048629E0,1.328495121E1,1.337943342E1
2.063979021E1,5.694918036E-1,-8.087740541E-1,5.857629776E0,5.940560830E0
2.064216583E1,-1.301695466E0,-1.277767301E0,1.305045509E1,1.317730923E1
2.064454141E1,2.445464849E0,-1.172483087E0,7.829315662E0,8.285722579E0
2.064691703E1,-2.608176708E0,-3.445664644E-1,1.087298584E1,1.118673915E1
2.064929266E1,2.335394859E0,-1.789831281E0,1.038006496E1,1.078903674E1
2.065166823E1,-1.957328916E0,-2.967100143E-1,8.106883049E0,8.345101922E0
2.065404386E1,1.560120344E0,-2.000399828E0,1.293559933E1,1.318200686E1
2.065641943E1,-5.694918036E-1,-5.264210105E-1,6.010770321E0,6.060594018E0
2.065879505E1,-4.642075896E-1,-1.478764415E0,1.315095329E1,1.324197136E1
2.066117063E1,1.574477315E0,-1.052842021E0,6.412764549E0,6.686628769E0
2.066354625E1,-1.555334687E0,-9.954141974E-1,1.257188988E1,1.270678285E1
2.066592182E1,2.526820660E0,-1.445264935E0,8.547162056E0,9.029263126E0
2.066829745E1,-2.584248543E0,-5.264209956E-2,9.805787086E0,1.014073824E1
2.067067302E1,2.258824587E0,-2.086541414E0,1.145204926E1,1.185771377E1
2.067304865E1,-1.253839016E0,-2.823530734E-1,7.293323517E0,7.405700740E0
2.067542422E1,7.609176040E-1,-1.775474429E0,1.324188042E1,1.338202907E1
2.067779984E1,9.571290761E-2,-6.604190469E-1,5.809773445E0,5.847972449E0
2.068017547E1,-1.019342422E0,-1.306481123E0,1.305524063E1,1.315998708E1
2.068255104E1,2.220539331E0,-1.234696507E0,7.264609337E0,7.696091164E0
2.068492667E1,-2.105684042E0,-6.364908218E-1,1.170090294E1,1.190588743E1
2.068730224E1,2.450250387E0,-1.593619823E0,9.628718376E0,1.006258260E1
2.068967786E1,-2.483749866E0,-1.435693651E-1,8.743373871E0,9.090446205E0
2.069205344E1,1.871187329E0,-2.134397745E0,1.256710434E1,1.288367600E1
2.069442906E1,-8.231309652E-1,-4.642075896E-1,6.561119556E0,6.628825168E0
2.069680464E1,-1.244267747E-1,-1.517049551E0,1.332323647E1,1.340990497E1
2.069918026E1,8.566305041E-1,-9.810572863E-1,6.087340832E0,6.225111053E0
2.070155589E1,-1.517049551E0,-1.258624673E0,1.271545982E1,1.286734215E1
2.070393146E1,2.555534601E0,-1.301695466E0,8.346165657E0,8.825171350E0
2.070630708E1,-2.531606436E0,-4.115654826E-1,1.047577763E1,1.078519050E1
2.070868266E1,2.225325108E0,-1.899901152E0,1.084905815E1,1.123671478E1
2.071105828E1,-1.928615093E0,-3.349951804E-1,8.001599312E0,8.237558467E0
2.071343386E1,1.220339537E0,-2.029113531E0,1.326102352E1,1.347075629E1
2.071580948E1,-4.211367965E-1,-6.939185858E-1,6.116054535E0,6.169684131E0
2.071818505E1,-8.662018180E-1,-1.411765337E0,1.310309696E1,1.320736677E1
2.072056068E1,1.569691658E0,-1.172483087E0,6.809973240E0,7.086210836E0
2.072293625E1,-1.828116536E0,-9.236295223E-1,1.225125217E1,1.242128340E1
2.072531188E1,2.426322222E0,-1.598405480E0,9.054440498E0,9.509197250E0
2.072768745E1,-2.756531715E0,-7.657032460E-2,9.547362328E0,9.937628365E0
2.073006307E1,1.856830359E0,-2.206182480E0,1.186840057E1,1.221368054E1
2.073243870E1,-1.306481123E0,-3.972085714E-1,7.269395351E0,7.396538133E0
2.073481427E1,3.206382394E-1,-1.813759565E0,1.341416359E1,1.354002649E1
2.073718990E1,1.292124242E-1,-8.231309652E-1,6.005984783E0,6.063505063E0
2.073956547E1,-1.478764415E0,-1.277767301E0,1.286381435E1,1.301142395E1
2.074194109E1,2.230110645E0,-1.335195065E0,7.762316704E0,8.185945270E0
2.074431667E1,-2.201396942E0,-5.216353536E-1,1.135155106E1,1.157479863E1
2.074669229E1,2.297109842E0,-1.871187329E0,1.000199890E1,1.043158845E1
2.074906786E1,-2.459821701E0,-1.004985496E-1,8.580661774E0,8.926845985E0
2.075144349E1,1.473978758E0,-2.210968018E0,1.281595802E1,1.308853594E1
2.075381912E1,-6.125625968E-1,-5.407779217E-1,6.652047157E0,6.702044843E0
2.075619469E1,-4.067798555E-1,-1.521835208E0,1.323230934E1,1.332574436E1
2.075857031E1,1.052842021E0,-1.019342422E0,6.326622963E0,6.494127610E0
2.076094589E1,-1.593619823E0,-1.115055323E0,1.243789196E1,1.258904798E1
2.076332151E1,2.684746981E0,-1.426122308E0,8.666803360E0,9.184507154E0
2.076569708E1,-2.488535643E0,-2.632105052E-1,1.004985523E1,1.035672147E1
2.076807271E1,2.139183521E0,-2.024327993E0,1.114098263E1,1.152369315E1
2.077044828E1,-1.670190215E0,-2.679961324E-1,7.604390144E0,7.790257168E0
2.077282391E1,1.033699393E0,-1.962114573E0,1.345723438E1,1.363875307E1
2.077519948E1,4.785645381E-2,-7.130611539E-1,6.092126369E0,6.133901707E0
2.077757510E1,-9.188438654E-1,-1.292124271E0,1.293559933E1,1.303240535E1
2.077995073E1,1.909472466E0,-1.196411371E0,7.010970116E0,7.364182726E0
2.078232630E1,-1.631905079E0,-8.087740541E-1,1.180140114E1,1.194111797E1
2.078470193E1,2.766103029E0,-1.631905079E0,9.365508080E0,9.900867727E0
2.078707750E1,-2.440679073E0,-2.871387079E-2,9.059226990E0,9.382288232E0
2.078945313E1,1.885544300E0,-2.110469580E0,1.218903828E1,1.251327348E1
2.079182870E1,-7.609176040E-1,-4.163511395E-1,6.886543751E0,6.940953011E0
2.079420432E1,4.594219327E-1,-1.641476393E0,1.355773354E1,1.366446676E1
2.079657990E1,7.513462901E-1,-8.805587292E-1,5.986842155E0,6.097719567E0
2.079895547E1,-1.344766378E0,-1.158126116E0,1.247617722E1,1.260177173E1
2.080133109E1,2.579462767E0,-1.296909928E0,7.925028801E0,8.434553042E0
2.080370672E1,-1.842473388E0,-3.637090325E-1,1.084905815E1,1.101040668E1
2.080608234E1,2.545963287E0,-1.928615093E0,1.026999474E1,1.075519768E1
2.080845792E1,-2.076970100E0,3.349951655E-2,8.135597229E0,8.396598674E0
2.081083354E1,1.344766378E0,-2.124826431E0,1.299781227E1,1.323882199E1
2.081320912E1,-1.244267747E-1,-5.359922647E-1,6.494120598E0,6.517389974E0
2.081558474E1,-4.163511395E-1,-1.464407444E0,1.311266804E1,1.320075379E1
2.081796031E1,1.335195065E0,-9.762716293E-1,6.518048763E0,6.724642134E0
2.082033594E1,-1.737189293E0,-9.523434043E-1,1.201196957E1,1.217424320E1
2.082271151E1,2.732603550E0,-1.517049551E0,8.901300430E0,9.434071807E0
2.082508708E1,-2.445464849E0,-2.201396823E-1,9.667003632E0,9.973952026E0
2.082746271E1,1.981257200E0,-2.019542217E0,1.155254745E1,1.189391792E1
2.082983833E1,-1.603191137E0,-2.775674164E-1,7.331608772E0,7.509976876E0
2.083221396E1,5.455635786E-1,-1.914258122E0,1.345723438E1,1.360364587E1
2.083458953E1,1.962114573E-1,-7.896314859E-1,6.273981094E0,6.326520022E0
2.083696516E1,-1.335195065E0,-1.320838094E0,1.272024536E1,1.285814921E1
2.083934073E1,1.828116536E0,-1.239482164E0,7.355536938E0,7.679990218E0
2.084171636E1,-2.029113531E0,-7.609176040E-1,1.139462185E1,1.159886651E1
2.084409193E1,2.517249346E0,-1.804188251E0,9.824930191E0,1.030149954E1
2.084646755E1,-2.569891453E0,-1.292124242E-1,8.705088615E0,9.077422857E0
2.084884313E1,1.411765337E0,-2.230110645E0,1.250489140E1,1.278040624E1
2.085121875E1,-8.422735929E-1,-5.694918036E-1,6.872186661E0,6.946991811E0
2.085359432E1,-7.657032460E-2,-1.708475351E0,1.351466274E1,1.362243958E1
2.085596995E1,7.417750359E-1,-1.091127157E0,6.422336102E0,6.556461674E0
2.085834557E1,-1.737189293E0,-1.158126116E0,1.228475189E1,1.246090734E1
2.086072115E1,2.416750908E0,-1.526620865E0,8.283951759E0,8.763282089E0
2.086309677E1,-1.957328916E0,-4.833501875E-1,1.054756260E1,1.073852134E1
2.086547234E1,2.440679073E0,-2.215753794E0,1.073898792E1,1.123353643E1
2.086784797E1,-2.014756680E0,-1.052841991E-1,7.944170952E0,8.196351710E0
2.087022354E1,1.028913736E0,-2.215753794E0,1.328495121E1,1.350770732E1
2.087259917E1,2.297109663E-1,-8.039883971E-1,6.518048763E0,6.571462862E0
2.087497474E1,-5.694918036E-1,-1.593619823E0,1.314616776E1,1.325464717E1
2.087735036E1,1.708475351E0,-1.263410330E0,7.010970116E0,7.325898965E0
2.087972594E1,-1.737189293E0,-9.714859724E-1,1.160997581E1,1.177935270E1
2.088210156E1,2.890529871E0,-1.847259045E0,9.370293617E0,9.978473400E0
2.088447719E1,-1.962114573E0,-2.775674164E-1,9.418149948E0,9.624369367E0
2.088685276E1,2.067398787E0,-2.301895380E0,1.193539906E1,1.232990716E1
2.088922839E1,-1.148554921E0,-3.254238665E-1,7.168896675E0,7.267610243E0
2.089160396E1,4.785645306E-1,-1.952543259E0,1.358644676E1,1.373437238E1
2.089397958E1,7.800601721E-1,-9.475577474E-1,6.522834301E0,6.637298161E0
2.089635516E1,-1.253839016E0,-1.320838094E0,1.262931824E1,1.275995316E1
2.089873078E1,2.167897224E0,-1.359123230E0,7.700103283E0,8.114097910E0
2.090110630E1,-1.885544300E0,-6.747759581E-1,1.096869946E1,1.115002097E1
2.090348198E1,2.727817774E0,-1.986042738E0,1.032263660E1,1.086011888E1
2.090585760E1,-2.244467735E0,-9.571290761E-2,8.322237015E0,8.620117476E0
2.090823318E1,1.182054400E0,-2.057827473E0,1.293559933E1,1.315148799E1
2.091060880E1,-5.407779217E-1,-5.551348329E-1,6.680760860E0,6.725561770E0
2.091298438E1,-3.158525825E-1,-1.550549030E0,1.344287777E1,1.353569089E1
2.091536000E1,9.523434043E-1,-1.081555843E0,6.800402164E0,6.951416446E0
2.091773557E1,-2.005185366E0,-9.044869542E-1,1.196411324E1,1.216465661E1
2.092011120E1,2.230110645E0,-1.459621787E0,8.676374435E0,9.076528114E0
2.092248677E1,-2.239681959E0,-2.584248483E-1,9.958928108E0,1.021093569E1
2.092486240E1,2.115255117E0,-2.115255117E0,1.129412270E1,1.168357034E1
2.092723797E1,-1.990828395E0,6.221338734E-2,7.499105930E0,7.759114509E0
2.092961359E1,2.488535494E-1,-1.847259045E0,1.336152172E1,1.349090645E1
2.093198917E1,4.785645381E-2,-6.747759581E-1,6.570691109E0,6.605421597E0
2.093436479E1,-1.052842021E0,-1.325623751E0,1.299781227E1,1.310758858E1
2.093674037E1,1.469193101E0,-1.153340459E0,7.235895634E0,7.473078897E0
2.093911599E1,-2.210968018E0,-6.173482537E-1,1.129890823E1,1.152973658E1
2.094149162E1,2.455035925E0,-1.789831281E0,9.499505997E0,9.973530548E0
2.094386719E1,-2.187039852E0,-1.435693540E-2,9.040083885E0,9.300885231E0
2.094624281E1,1.579262972E0,-2.239681959E0,1.224646664E1,1.254935026E1
2.094861839E1,-1.138983607E0,-1.627119333E-1,6.867401123E0,6.963114032E0
2.095099401E1,-1.435693651E-1,-1.856830359E0,1.347637749E1,1.360445447E1
2.095336958E1,9.044869542E-1,-9.332008362E-1,6.781259537E0,6.904668084E0
2.095574521E1,-1.550549030E0,-1.234696507E0,1.231346512E1,1.247197262E1
2.095812078E1,2.072184324E0,-1.311266780E0,8.078168869E0,8.442166826E0
2.096049641E1,-2.067398787E0,-5.407779217E-1,1.030827999E1,1.052745054E1
2.096287198E1,2.670390129E0,-2.110469580E0,1.070070267E1,1.122898494E1
2.096524761E1,-1.952543259E0,-1.387837082E-1,7.901100159E0,8.139967433E0
2.096762323E1,8.853443861E-1,-2.048256159E0,1.304088306E1,1.323041266E1
2.096999880E1,-2.392822653E-1,-6.652047038E-1,6.527620316E0,6.565788626E0
2.097237443E1,-4.211367965E-1,-1.631905079E0,1.328973675E1,1.339617756E1
2.097475000E1,1.502692580E0,-1.253839016E0,7.164111137E0,7.426620070E0
2.097712563E1,-1.890329838E0,-9.427721500E-1,1.155733299E1,1.174879194E1
2.097950120E1,2.474178553E0,-1.660618901E0,8.958727837E0,9.441293296E0
2.098187682E1,-2.024327993E0,-4.211367965E-1,9.360722542E0,9.586364615E0
2.098425240E1,2.239681959E0,-2.297109842E0,1.183011532E1,1.225742703E1
2.098662802E1,-1.411765337E0,-2.153540403E-1,7.168896675E0,7.309756375E0
2.098900359E1,1.244267747E-1,-1.971685886E0,1.342852020E1,1.357306826E1
2.099137922E1,5.838487148E-1,-9.188438654E-1,6.546762943E0,6.636660185E0
2.099375484E1,-1.009771109E0,-1.354337573E0,1.277767277E1,1.288886300E1
2.099613042E1,1.890329838E0,-1.335195065E0,7.657032490E0,7.999139910E0
2.099850604E1,-2.076970100E0,-5.742774606E-1,1.072941685E1,1.094367330E1
2.100088162E1,2.522035122E0,-1.952543259E0,9.872786522E0,1.037521084E1
2.100325724E1,-1.871187329E0,-1.004985496E-1,8.599804878E0,8.801595646E0
2.100563281E1,1.421336651E0,-2.239681959E0,1.247617722E1,1.275505277E1
2.100800844E1,-8.231309652E-1,-1.531406492E-1,6.728617191E0,6.780507795E0
2.101038401E1,-4.785645306E-1,-1.713261008E0,1.323230934E1,1.335134067E1
2.101275964E1,1.263410330E0,-9.236295223E-1,7.144968510E0,7.314360680E0
2.101513521E1,-1.603191137E0,-1.095912814E0,1.191625690E1,1.207345954E1
2.101751083E1,2.124826431E0,-1.282552958E0,8.561519623E0,8.914002900E0
2.101988646E1,-2.143969059E0,-2.823530734E-1,9.762716293E0,9.999347779E0
2.102226203E1,2.574677229E0,-2.143969059E0,1.109791183E1,1.159263616E1
2.102463761E1,-1.517049551E0,4.307080805E-2,7.551748276E0,7.702739542E0
2.102701323E1,5.742774606E-1,-1.852044702E0,1.332802200E1,1.346833452E1
2.102938886E1,7.178468257E-2,-4.881358147E-1,6.283552170E0,6.302892787E0
2.103176443E1,-7.417750359E-1,-1.430907965E0,1.314616776E1,1.324460095E1
2.103414005E1,1.832902193E0,-1.000199914E0,7.499105930E0,7.784376666E0
2.103651563E1,-1.938186288E0,-6.891329288E-1,1.113141060E1,1.131988393E1
2.103889125E1,2.502892494E0,-1.550549030E0,9.303294182E0,9.758071314E0
2.104126682E1,-1.971685886E0,-1.674975902E-1,8.824729919E0,9.043863048E0
2.104364245E1,2.158325911E0,-2.100898266E0,1.216032505E1,1.252779508E1
2.104601802E1,-9.667003751E-1,-1.914258115E-2,6.762116909E0,6.830893144E0
2.104839365E1,-1.387837082E-1,-1.646261930E0,1.342852020E1,1.352976696E1
2.105076927E1,9.044869542E-1,-7.226324677E-1,6.656832695E0,6.756753352E0
2.105314484E1,-1.115055323E0,-1.186840057E0,1.254317665E1,1.264844726E1
2.105552047E1,2.120040894E0,-1.210768223E0,8.159524918E0,8.516946634E0
2.105789604E1,-2.210968018E0,-3.206382394E-1,1.012642574E1,1.036994150E1
2.106027167E1,2.445464849E0,-1.914258122E0,1.032742214E1,1.078426310E1
2.106264724E1,-1.560120344E0,-7.178468257E-2,8.059026718E0,8.208960968E0
2.106502286E1,1.272981644E0,-2.057827473E0,1.294995594E1,1.317408422E1
2.106739844E1,-4.259224236E-1,-1.722832322E-1,6.369693756E0,6.386242242E0
2.106977406E1,-8.949156404E-1,-1.502692580E0,1.326102352E1,1.337586273E1
2.107214964E1,1.483550072E0,-9.475577474E-1,7.293323517E0,7.502756455E0
2.107452526E1,-1.651047587E0,-1.019342422E0,1.173440266E1,1.189374722E1
2.107690083E1,2.158325911E0,-1.368694544E0,8.886942863E0,9.247131931E0
2.107927646E1,-2.378465652E0,-1.770688742E-1,9.169296265E0,9.474410073E0
2.108165203E1,2.220539331E0,-2.215753794E0,1.147119141E1,1.189237538E1
2.108402766E1,-1.287338614E0,9.571290575E-3,7.245467186E0,7.358948774E0
2.108640328E1,6.221338734E-2,-1.856830359E0,1.339502144E1,1.352324994E1
2.108877886E1,1.435693651E-1,-5.312066078E-1,6.379265308E0,6.402953888E0
2.109115448E1,-1.335195065E0,-1.440479279E0,1.286859989E1,1.301762611E1
2.109353005E1,1.818545222E0,-1.033699393E0,8.121239662E0,8.386308772E0
2.109590563E1,-2.325823545E0,-7.034898400E-1,1.069113159E1,1.096378802E1
2.109828125E1,2.120040894E0,-1.713261008E0,9.734002113E0,1.010844369E1
2.110065688E1,-2.230110645E0,-1.244267747E-1,8.374878883E0,8.667610503E0
2.110303250E1,1.612762451E0,-2.215753794E0,1.262931824E1,1.292324444E1
2.110540807E1,-9.332008362E-1,-1.627119333E-1,6.470192432E0,6.539168838E0
2.110778370E1,-8.901300430E-1,-1.540977836E0,1.354816151E1,1.366453894E1
2.111015927E1,8.422735929E-1,-7.944171429E-1,6.833901405E0,6.931286448E0
2.111253490E1,-1.584048629E0,-1.220339537E0,1.237089348E1,1.253145818E1
2.111491047E1,1.976471543E0,-1.239482164E0,8.623732567E0,8.933729299E0
2.111728609E1,-2.531606436E0,-2.679961324E-1,9.753145218E0,1.007991541E1
2.111966167E1,2.096112728E0,-2.024327993E0,1.070070267E1,1.109038457E1
2.112203729E1,-1.631905079E0,-8.614161611E-2,7.709674358E0,7.880965250E0
2.112441286E1,8.470591903E-1,-2.019542217E0,1.326580906E1,1.344536165E1
2.112678849E1,-2.344966233E-1,-3.014956415E-1,6.230910301E0,6.242606144E0
2.112916406E1,-1.268195987E0,-1.426122308E0,1.314616776E1,1.328397051E1
2.113153969E1,1.612762451E0,-9.714859724E-1,7.657032490E0,7.885108387E0
2.113391526E1,-1.804188251E0,-8.662018180E-1,1.151426220E1,1.168690014E1
2.113629089E1,2.220539331E0,-1.454836130E0,9.308079720E0,9.679240216E0
2.113866646E1,-2.359323025E0,-1.196411327E-1,8.800801277E0,9.112344498E0
2.114104208E1,2.076970100E0,-2.254039049E0,1.187797165E1,1.226705781E1
2.114341771E1,-8.183453679E-1,-5.264209956E-2,6.943971157E0,6.992223950E0
2.114579328E1,-4.785645381E-2,-1.823330879E0,1.357209015E1,1.369410299E1
2.114816891E1,5.790630579E-1,-5.216353536E-1,6.455835342E0,6.502709238E0
2.115054448E1,-1.397408366E0,-1.406979680E0,1.272503090E1,1.287861613E1
2.115292010E1,2.254039049E0,-1.138983607E0,8.547162056E0,8.912460654E0
2.115529568E1,-2.115255117E0,-5.934200287E-1,1.035135078E1,1.058191451E1
2.115767130E1,2.316252232E0,-1.789831281E0,1.021256733E1,1.062379649E1
2.116004688E1,-1.871187329E0,-1.339980662E-1,7.982456207E0,8.199933207E0
2.116242250E1,1.651047587E0,-2.254039049E0,1.292124271E1,1.321987759E1
2.116479807E1,-2.727817893E-1,-3.014956415E-1,6.369693756E0,6.382656819E0
2.116717370E1,-8.997012973E-1,-1.603191137E0,1.353380489E1,1.365809500E1
2.116954932E1,1.225125194E0,-9.284151793E-1,7.063612461E0,7.228935432E0
2.117192490E1,-1.593619823E0,-1.215553880E0,1.214118195E1,1.230550667E1
2.117430052E1,2.282752752E0,-1.421336651E0,9.212367058E0,9.596815347E0
2.117667609E1,-2.464607239E0,-3.924229145E-1,9.322437286E0,9.650705754E0
2.117905172E1,2.043470621E0,-2.115255117E0,1.123669529E1,1.161522266E1
2.118142729E1,-1.464407444E0,-3.014956415E-1,7.283751965E0,7.435619104E0
2.118380292E1,5.742774606E-1,-1.976471543E0,1.363430309E1,1.378878005E1
2.118617844E1,-2.871387079E-2,-5.599204898E-1,6.168696880E0,6.194122750E0
2.118855412E1,-1.713261008E0,-1.397408366E0,1.315095329E1,1.333550096E1
2.119092969E1,1.636690736E0,-1.091127157E0,7.925028801E0,8.165500385E0
2.119330531E1,-2.043470621E0,-7.896314859E-1,1.127976608E1,1.149053580E1
2.119568094E1,2.019542217E0,-1.651047587E0,9.777072906E0,1.011907424E1
2.119805651E1,-2.622533560E0,-1.674975902E-1,8.365307808E0,8.768358594E0
2.120043214E1,1.540977836E0,-2.215753794E0,1.225125217E1,1.254501325E1
2.120280771E1,-8.422735929E-1,-2.440679073E-1,6.733402729E0,6.790265552E0
2.120518333E1,-5.407779217E-1,-1.756331801E0,1.361516094E1,1.373862255E1
2.120755891E1,5.264210105E-1,-6.843472719E-1,6.589833736E0,6.646153695E0
2.120993453E1,-1.990828395E0,-1.277767301E0,1.257667542E1,1.279722046E1
2.121231010E1,2.076970100E0,-1.277767301E0,8.819944382E0,9.150842200E0
2.121468573E1,-2.282752752E0,-5.503492355E-1,1.005942631E1,1.032985489E1
2.121706130E1,2.081755638E0,-1.847259045E0,1.058584690E1,1.094560310E1
2.121943693E1,-1.995614052E0,-1.387837082E-1,7.585247993E0,7.844598363E0
2.122181250E1,1.201196909E0,-2.139183521E0,1.306002617E1,1.328846356E1
2.122418813E1,0.000000000E0,-3.828516304E-1,6.273981094E0,6.285651449E0
2.122656375E1,-1.071984529E0,-1.478764415E0,1.339980698E1,1.352370963E1
2.122893932E1,1.430907965E0,-8.518448472E-1,7.168896675E0,7.359770158E0
2.123131495E1,-1.646261930E0,-1.062413216E0,1.189711380E1,1.205737189E1
2.123369052E1,2.608176708E0,-1.411765337E0,9.494720459E0,9.947129420E0
2.123606615E1,-2.263610125E0,-3.014956415E-1,8.858229637E0,9.147844704E0
2.123844172E1,2.225325108E0,-2.038684845E0,1.152383423E1,1.191247510E1
2.124081734E1,-8.518448472E-1,-2.297109663E-1,6.843472958E0,6.900110788E0
2.124319292E1,8.183453679E-1,-1.861616015E0,1.363430309E1,1.378511966E1
2.124556854E1,8.135597110E-1,-6.699903607E-1,6.092126369E0,6.182618393E0
2.124794412E1,-1.316052437E0,-1.225125194E0,1.301695538E1,1.314054995E1
2.125031974E1,2.325823545E0,-1.143769264E0,8.106883049E0,8.511123079E0
2.125269536E1,-1.536192179E0,-7.657032609E-1,1.091127110E1,1.104545268E1
2.125507094E1,2.694318295E0,-1.698904037E0,1.012164021E1,1.061099554E1
2.125744656E1,-1.966900229E0,-8.614161611E-2,7.953742504E0,8.193786470E0
2.125982214E1,1.942971945E0,-2.120040894E0,1.253839111E1,1.286394050E1
2.126219776E1,-4.785645381E-2,-3.780659735E-1,6.350551128E0,6.361974831E0
2.126457333E1,-1.579262912E-1,-1.622333765E0,1.367737389E1,1.377415928E1
2.126694896E1,1.330409408E0,-7.609176040E-1,6.489335060E0,6.667867299E0
2.126932453E1,-1.789831281E0,-1.105484009E0,1.236610699E1,1.254377108E1
2.127170016E1,2.488535643E0,-1.301695466E0,9.044869423E0,9.470843870E0
2.127407573E1,-2.076970100E0,-4.450650215E-1,9.748359680E0,9.977093972E0
2.127645136E1,2.182254314E0,-1.962114573E0,1.093998528E1,1.132675617E1
2.127882693E1,-1.780260086E0,-1.196411327E-1,7.168896675E0,7.387605804E0
2.128120255E1,8.997012973E-1,-2.081755638E0,1.322752380E1,1.342052737E1
2.128357813E1,2.297109663E-1,-4.354937077E-1,6.144768715E0,6.164463031E0
2.128595375E1,-1.469193101E0,-1.526620865E0,1.333759308E1,1.350483205E1
2.128832938E1,1.440479279E0,-9.427721500E-1,7.345965385E0,7.544998829E0
2.129070495E1,-2.258824587E0,-9.571290612E-1,1.165304661E1,1.190847932E1
2.129308057E1,2.254039049E0,-1.545763373E0,9.877572060E0,1.024873193E1
2.129545615E1,-2.651247501E0,-2.871387303E-1,8.580661774E0,8.985506020E0
2.129783177E1,1.560120344E0,-2.072184324E0,1.194975662E1,1.222802546E1
2.130020734E1,-1.191625714E0,-3.254238665E-1,6.632904530E0,6.746947090E0
2.130258297E1,5.742774159E-2,-1.832902193E0,1.367737389E1,1.379976032E1
2.130495854E1,5.503492355E-1,-7.657032609E-1,6.125626087E0,6.197780306E0
2.130733417E1,-2.014756680E0,-1.225125194E0,1.301216984E1,1.322409695E1
2.130970974E1,1.909472466E0,-1.234696507E0,8.264809608E0,8.571909847E0
2.131208536E1,-2.158325911E0,-7.848458290E-1,1.063848972E1,1.088355720E1
2.131446094E1,2.297109842E0,-1.861616015E0,1.057627583E1,1.098180031E1
2.131683656E1,-2.258824587E0,-3.158525825E-1,7.676175117E0,8.007853383E0
2.131921219E1,1.258624673E0,-2.110469580E0,1.274417305E1,1.297891231E1
2.132158776E1,-8.614161611E-2,-5.838487148E-1,6.178267956E0,6.206391434E0
2.132396339E1,-4.689932466E-1,-1.655833244E0,1.373001671E1,1.383745270E1
2.132633896E1,1.497906923E0,-1.043270707E0,6.762116909E0,7.004167617E0
2.132871458E1,-1.971685886E0,-1.081555843E0,1.219382381E1,1.239946158E1
2.133109016E1,2.656033039E0,-1.517049551E0,9.389435768E0,9.875092652E0
2.133346578E1,-1.914258122E0,-5.599204898E-1,9.494720459E0,9.701938554E0
2.133584136E1,2.364108801E0,-2.139183521E0,1.146640587E1,1.190141085E1
2.133821698E1,-1.239482164E0,-3.349951804E-1,6.953542709E0,7.071088602E0
2.134059255E1,9.667003751E-1,-2.086541414E0,1.339980698E1,1.359569754E1
2.134296818E1,9.236295223E-1,-7.226324677E-1,6.183053493E0,6.293285285E0
2.134534380E1,-1.014556766E0,-1.569691658E0,1.331845093E1,1.344895507E1
2.134771938E1,2.191825628E0,-1.048056364E0,7.704888821E0,8.078850999E0
2.135009500E1,-1.971685886E0,-9.906286001E-1,1.129412270E1,1.150765388E1
2.135247057E1,2.818745136E0,-1.751546144E0,1.038485050E1,1.090221803E1
2.135484615E1,-1.947757602E0,-4.402793646E-1,8.317451477E0,8.553806443E0
2.135722177E1,1.852044702E0,-2.115255117E0,1.232782269E1,1.264434996E1
2.135959740E1,-7.130611539E-1,-3.493520916E-1,6.369693756E0,6.418995376E0
2.136197297E1,1.818545163E-1,-1.895115495E0,1.375872993E1,1.388982301E1
2.136434859E1,1.277767301E0,-8.374879360E-1,6.360122681E0,6.541042412E0
2.136672417E1,-1.938186288E0,-1.201196909E0,1.289731407E1,1.309733371E1
2.136909979E1,2.182254314E0,-1.249053478E0,8.561519623E0,8.923115304E0
2.137147537E1,-2.158325911E0,-6.699903607E-1,1.037049294E1,1.061387684E1
2.137385099E1,2.354537487E0,-1.856830359E0,1.107398319E1,1.147278386E1
2.137622656E1,-2.134397745E0,-2.775674164E-1,7.460821152E0,7.765085297E0
2.137860219E1,9.619147182E-1,-1.962114573E0,1.298345566E1,1.316606602E1
2.138097781E1,-2.057827413E-1,-5.838487148E-1,5.977271080E0,6.009242500E0
2.138335339E1,-7.944171429E-1,-1.483550072E0,1.384487152E1,1.394677335E1
2.138572901E1,1.397408366E0,-1.000199914E0,6.829115868E0,7.042014878E0
2.138810458E1,-2.507678032E0,-7.322037220E-1,1.214118195E1,1.241905272E1
2.139048021E1,2.277967215E0,-1.469193101E0,9.475577354E0,9.855669901E0
2.139285578E1,-2.287538528E0,-3.876372576E-1,9.370293617E0,9.653263574E0
2.139523141E1,1.828116536E0,-2.000399828E0,1.166740322E1,1.197797593E1
2.139760698E1,-1.703689694E0,-1.770688742E-1,6.795616150E0,7.008160302E0
2.139998260E1,3.302095234E-1,-1.823330879E0,1.337109280E1,1.349887760E1
2.140235818E1,5.886343718E-1,-6.604190469E-1,6.087340832E0,6.151289470E0
2.140473380E1,-1.564906001E0,-1.277767301E0,1.318923855E1,1.334307437E1
2.140710938E1,1.947757602E0,-1.000199914E0,7.771887779E0,8.074428723E0
2.140948500E1,-2.440679073E0,-6.412764788E-1,1.104048347E1,1.132521193E1
2.141186057E1,2.431107759E0,-1.679761529E0,1.038963604E1,1.080168602E1
2.141423620E1,-2.086541414E0,-2.775674164E-1,8.159524918E0,8.426656847E0
2.141661182E1,1.540977836E0,-1.976471543E0,1.241396427E1,1.266442108E1
2.141898740E1,-7.609176040E-1,-3.637090325E-1,6.120840549E0,6.178670479E0
2.142136302E1,-1.052841991E-1,-1.703689694E0,1.361994648E1,1.372649210E1
2.142373859E1,1.454836130E0,-8.997012973E-1,6.350551128E0,6.576892140E0
2.142611422E1,-1.966900229E0,-1.095912814E0,1.272981644E1,1.292741072E1
2.142848979E1,2.359323025E0,-1.253839016E0,8.599804878E0,9.005285190E0
2.143086542E1,-2.196611166E0,-5.838487148E-1,1.013121128E1,1.038303530E1
2.143324099E1,2.502892494E0,-1.942971945E0,1.125105190E1,1.168870308E1
2.143561662E1,-1.808973908E0,-3.254238665E-1,7.183253765E0,7.414676119E0
2.143799219E1,1.019342422E0,-1.914258122E0,1.309352589E1,1.327192011E1
2.144036781E1,1.579262912E-1,-6.987041831E-1,5.852844238E0,5.896517101E0
2.144274344E1,-6.460621357E-1,-1.526620865E0,1.364866066E1,1.374896016E1
2.144511901E1,1.842473388E0,-1.129412293E0,6.920042992E0,7.249639668E0
2.144749464E1,-2.316252232E0,-7.561319470E-1,1.194497108E1,1.219094312E1
2.144987021E1,2.455035925E0,-1.641476393E0,9.662218094E0,1.010346993E1
2.145224583E1,-2.187039852E0,-4.498506486E-1,9.097511292E0,9.367508773E0
2.145462141E1,1.981257200E0,-2.096112728E0,1.198804188E1,1.233013450E1
2.145699703E1,-1.392622828E0,-3.349951804E-1,6.618547440E0,6.771764196E0
2.145937261E1,1.483550072E-1,-1.837687731E0,1.333759308E1,1.346441586E1
2.146174823E1,7.226324677E-1,-8.709874153E-1,6.034698486E0,6.139902490E0
2.146412380E1,-1.507478237E0,-1.306481123E0,1.333759308E1,1.348594723E1
2.146649943E1,1.981257200E0,-1.105484009E0,7.747959614E0,8.073311165E0
2.146887500E1,-2.727817774E0,-5.647061467E-1,1.096869946E1,1.131690110E1
2.147125063E1,2.287538528E0,-1.770688772E0,1.053799057E1,1.092782762E1
2.147362620E1,-2.163111687E0,-2.679961324E-1,8.145168304E0,8.431763801E0
2.147600182E1,1.244267821E0,-2.009970903E0,1.260538960E1,1.282513284E1
2.147837745E1,-9.332008362E-1,-3.780659735E-1,6.077769279E0,6.160606877E0
2.148075302E1,-4.833501875E-1,-1.684547186E0,1.344766331E1,1.356137807E1
2.148312865E1,1.306481123E0,-8.614161611E-1,6.532405853E0,6.717235812E0
2.148550422E1,-2.187039852E0,-1.048056364E0,1.262931824E1,1.286006394E1
2.148787984E1,2.148754835E0,-1.177268744E0,8.748159409E0,9.084789600E0
2.149025542E1,-2.627319336E0,-4.498506486E-1,9.848857880E0,1.020319431E1
2.149263104E1,2.220539331E0,-1.928615093E0,1.157169056E1,1.193961362E1
2.149500662E1,-1.828116536E0,-3.158525825E-1,7.135396957E0,7.372629291E0
2.149738224E1,5.838487148E-1,-1.765903115E0,1.309352589E1,1.322496553E1
2.149975781E1,-3.828516230E-2,-6.221339107E-1,5.934200287E0,5.966845850E0
2.150213344E1,-8.518448472E-1,-1.488335729E0,1.347637749E1,1.358504814E1
2.150450906E1,1.823330879E0,-1.024128079E0,7.092326164E0,7.394218298E0
2.150688464E1,-2.498106956E0,-6.604190469E-1,1.182532978E1,1.210434286E1
2.150926026E1,2.388036966E0,-1.545763373E0,9.705288887E0,1.011359171E1
2.151163583E1,-2.244467735E0,-3.972085714E-1,8.953942299E0,9.239507171E0
2.151401146E1,2.005185366E0,-1.995614052E0,1.232303619E1,1.264359383E1
2.151638703E1,-1.220339537E0,-3.684946895E-1,6.407979012E0,6.533545128E0
2.151876266E1,1.292124242E-1,-1.674975872E0,1.338066387E1,1.348571117E1
2.152113823E1,9.906286001E-1,-9.044869542E-1,6.058627129E0,6.205352879E0
2.152351386E1,-1.320838094E0,-1.239482164E0,1.324188042E1,1.336519084E1
2.152588943E1,2.263610125E0,-1.191625714E0,7.872386456E0,8.277582446E0
2.152826505E1,-2.459821701E0,-4.402793646E-1,1.090648556E1,1.118910166E1
2.153064063E1,2.488535643E0,-1.866401672E0,1.056191921E1,1.101046785E1
2.153301625E1,-1.808973908E0,-2.632105052E-1,8.216953278E0,8.417837462E0
2.153539182E1,1.478764415E0,-2.029113531E0,1.269153118E1,1.293750400E1
2.153776745E1,-5.647061467E-1,-4.019941986E-1,6.049055576E0,6.088642356E0
2.154014302E1,-2.727817893E-1,-1.545763373E0,1.345723438E1,1.354846676E1
2.154251859E1,1.756331801E0,-9.762716293E-1,6.561119556E0,6.861931035E0
2.154489427E1,-1.895115495E0,-1.009771109E0,1.256710434E1,1.274924358E1
2.154726984E1,2.488535643E0,-1.196411371E0,8.843872070E0,9.264895197E0
2.154964547E1,-2.426322222E0,-3.541377485E-1,9.681360245E0,9.987051079E0
2.155202104E1,2.426322222E0,-1.966900229E0,1.171525955E1,1.212448112E1
2.155439667E1,-1.483550072E0,-2.392822653E-1,7.044469833E0,7.202966892E0
2.155677224E1,7.322037220E-1,-1.722832322E0,1.321795273E1,1.334985198E1
2.155914786E1,1.339980662E-1,-5.838487148E-1,5.790630817E0,5.821532450E0
2.156152344E1,-8.374879360E-1,-1.373480201E0,1.331845093E1,1.341525136E1
2.156389906E1,2.091326952E0,-9.332008362E-1,7.178467751E0,7.534912837E0
2.156627464E1,-2.340180635E0,-5.551348329E-1,1.170090294E1,1.194553262E1
2.156865026E1,2.416750908E0,-1.426122308E0,9.652647018E0,1.005226861E1
2.157102589E1,-2.254039049E0,-2.201396823E-1,8.906085968E0,9.189533219E0
2.157340146E1,1.981257200E0,-1.890329838E0,1.236132145E1,1.266100292E1
2.157577708E1,-1.205982566E0,-2.632105052E-1,6.398407936E0,6.516386870E0
2.157815266E1,3.349951655E-2,-1.469193101E0,1.330887985E1,1.338976973E1
2.158052828E1,8.422735929E-1,-8.135597110E-1,5.924628735E0,6.039249113E0
2.158290386E1,-1.301695466E0,-1.095912814E0,1.316530991E1,1.327481905E1
2.158527948E1,2.206182480E0,-1.091127157E0,7.795815945E0,8.175117482E0
2.158765505E1,-2.684746981E0,-1.866401732E-1,1.077248764E1,1.110356658E1
2.159003068E1,2.344966173E0,-1.746760488E0,1.061456108E1,1.100994757E1
2.159240625E1,-1.885544300E0,-1.914258152E-1,7.968099594E0,8.190392682E0
2.159478188E1,1.306481123E0,-1.885544300E0,1.286859989E1,1.307145873E1
2.159715745E1,-6.652047038E-1,-3.397808075E-1,5.915057659E0,5.962034502E0
2.159953307E1,-5.694918036E-1,-1.406979680E0,1.329452229E1,1.338089069E1
2.160190865E1,1.588834286E0,-9.714859724E-1,6.465406895E0,6.728273604E0
2.160428427E1,-1.909472466E0,-8.757730722E-1,1.251446247E1,1.268955612E1
2.160665990E1,2.359323025E0,-1.239482164E0,8.729017258E0,9.126799190E0
2.160903547E1,-2.622533560E0,-2.440679073E-1,9.695717812E0,1.004709885E1
2.161141109E1,2.210968018E0,-1.995614052E0,1.162911797E1,1.200446749E1
2.161378667E1,-1.483550072E0,-3.014956415E-1,7.211967468E0,7.369144808E0
2.161616229E1,6.604190469E-1,-1.785045743E0,1.317966747E1,1.331638751E1
2.161853786E1,6.221338734E-2,-6.939185858E-1,5.752345562E0,5.794382881E0
2.162091349E1,-9.954141974E-1,-1.478764415E0,1.320359516E1,1.332338241E1
2.162328906E1,2.201396942E0,-1.124626637E0,7.374679565E0,7.777970960E0
2.162566469E1,-2.431107759E0,-6.843472719E-1,1.156211948E1,1.183474643E1
2.162804026E1,2.388036966E0,-1.622333765E0,9.786644936E0,1.020358302E1
2.163041589E1,-2.301895380E0,-3.349951804E-1,8.714659691E0,9.019769267E0
2.163279146E1,1.919043779E0,-2.124826431E0,1.259581852E1,1.291713051E1
2.163516708E1,-1.076770186E0,-4.689932466E-1,6.427121639E0,6.533550433E0
2.163754266E1,-6.221338734E-2,-1.607976794E0,1.336152172E1,1.345807277E1
2.163991828E1,8.614161611E-1,-9.619147182E-1,6.010770321E0,6.147900258E0
2.164229391E1,-1.306481123E0,-1.335195065E0,1.313181114E1,1.326401533E1
2.164466948E1,2.368894339E0,-1.344766378E0,7.982456207E0,8.434433241E0
2.164704510E1,-2.612962246E0,-3.589234054E-1,1.082512951E1,1.114180536E1
2.164942068E1,2.321038008E0,-1.947757602E0,1.070548820E1,1.112602601E1
2.165179630E1,-1.875972986E0,-4.450650215E-1,8.044670105E0,8.272489022E0
2.165417188E1,1.402194023E0,-2.029113531E0,1.316530991E1,1.339435832E1
2.165654750E1,-6.125625968E-1,-6.460621357E-1,5.915057659E0,5.981683403E0
2.165892307E1,-6.125625968E-1,-1.493121386E0,1.342373466E1,1.352040298E1
2.166129870E1,1.646261930E0,-1.182054400E0,6.561119556E0,6.867002314E0
2.166367427E1,-1.775474429E0,-1.033699393E0,1.266281700E1,1.282839734E1
2.166604990E1,2.435893536E0,-1.531406522E0,8.882157326E0,9.336568000E0
2.166842547E1,-2.742174864E0,-2.679961324E-1,9.719645500E0,1.010261617E1
2.167080109E1,2.139183521E0,-2.139183521E0,1.176790142E1,1.215054386E1
2.167317672E1,-1.402194023E0,-4.019941986E-1,7.360322475E0,7.503472153E0
2.167555229E1,5.647061467E-1,-1.871187329E0,1.330887985E1,1.345163626E1
2.167792786E1,-3.828516230E-2,-7.657032609E-1,5.938985825E0,5.988265180E0
2.168030344E1,-1.172483087E0,-1.435693622E0,1.318445301E1,1.331411784E1
2.168267912E1,2.115255117E0,-1.172483087E0,7.475177765E0,7.856672541E0
2.168505469E1,-2.325823545E0,-7.657032609E-1,1.172004509E1,1.197310376E1
2.168743031E1,2.187039852E0,-1.564906001E0,9.772287369E0,1.013556484E1
2.168980589E1,-2.579462767E0,-2.967100143E-1,8.882157326E0,9.253884793E0
2.169218151E1,1.770688772E0,-2.187039852E0,1.263888931E1,1.294835917E1
2.169455708E1,-1.138983607E0,-4.211367965E-1,6.532405853E0,6.644318332E0
2.169693271E1,-2.584248483E-1,-1.574477315E0,1.336630726E1,1.346120098E1
2.169930828E1,6.412764788E-1,-9.475577474E-1,6.039484501E0,6.146907698E0
2.170168391E1,-1.531406522E0,-1.239482164E0,1.299302673E1,1.314154731E1
2.170405948E1,2.277967215E0,-1.272981644E0,8.145168304E0,8.552975132E0
2.170643510E1,-2.660818815E0,-3.254238665E-1,1.071506023E1,1.104528738E1
2.170881068E1,2.091326952E0,-1.871187329E0,1.064327526E1,1.100701134E1
2.171118630E1,-1.986042738E0,-2.871387303E-1,8.111668587E0,8.356194210E0
2.171356193E1,1.325623751E0,-1.971685886E0,1.315095329E1,1.336384660E1
2.171593750E1,-5.838487148E-1,-5.982056856E-1,5.924628735E0,5.983306361E0
2.171831313E1,-6.891329288E-1,-1.426122308E0,1.332802200E1,1.342180687E1
2.172068870E1,1.612762451E0,-1.129412293E0,6.522834301E0,6.813511736E0
2.172306432E1,-1.607976794E0,-9.092726111E-1,1.256710434E1,1.270214460E1
2.172543990E1,2.512463808E0,-1.454836130E0,8.815158844E0,9.280950813E0
2.172781552E1,-2.574677229E0,-9.571290761E-2,9.729216576E0,1.006458042E1
2.173019109E1,2.196611166E0,-2.134397745E0,1.164347458E1,1.203957037E1
2.173256672E1,-1.167697430E0,-3.493520916E-1,7.283751965E0,7.385025853E0
2.173494229E1,8.135597110E-1,-1.842473388E0,1.340459251E1,1.355506134E1
2.173731792E1,2.105683982E-1,-7.130611539E-1,5.790630817E0,5.838167566E0
2.173969349E1,-9.475577474E-1,-1.301695466E0,1.307916832E1,1.317789515E1
2.174206912E1,2.411965132E0,-1.258624673E0,7.331608772E0,7.820115028E0
2.174444469E1,-1.923829436E0,-6.508477330E-1,1.161954689E1,1.179570229E1
2.174682031E1,2.608176708E0,-1.641476393E0,9.738788605E0,1.021474591E1
2.174919589E1,-2.311466694E0,-2.009970993E-1,8.709874153E0,9.013611145E0
2.175157151E1,2.024327993E0,-2.139183521E0,1.268196011E1,1.301945168E1
2.175394714E1,-6.556333899E-1,-4.833501875E-1,6.470192432E0,6.521263118E0
2.175632271E1,8.135596663E-2,-1.598405480E0,1.339980698E1,1.349504894E1
2.175869833E1,9.762716293E-1,-9.236295223E-1,5.953342915E0,6.103154074E0
2.176107391E1,-1.325623751E0,-1.268195987E0,1.283510113E1,1.296554744E1
2.176344953E1,2.689532757E0,-1.272981644E0,8.283951759E0,8.802154592E0
2.176582510E1,-2.464607239E0,-3.397808075E-1,1.050927734E1,1.079975232E1
2.176820073E1,2.287538528E0,-1.885544300E0,1.073420238E1,1.113603209E1
2.177057630E1,-1.804188251E0,-3.062812984E-1,7.977670670E0,8.184872192E0
2.177295193E1,1.359123230E0,-2.000399828E0,1.321316624E1,1.343266829E1
2.177532750E1,-4.402793646E-1,-6.077769399E-1,6.053841114E0,6.100182863E0
2.177770313E1,-7.896314859E-1,-1.354337573E0,1.315095329E1,1.324406738E1
2.178007875E1,1.603191137E0,-1.143769264E0,6.642475605E0,6.928269056E0
2.178245432E1,-1.684547186E0,-9.188438654E-1,1.236610699E1,1.251409506E1
2.178482995E1,2.440679073E0,-1.584048629E0,8.901300430E0,9.364789039E0
2.178720552E1,-2.780459881E0,-4.785645287E-3,9.590433121E0,9.985358656E0
2.178958115E1,1.899901152E0,-2.124826431E0,1.181097221E1,1.215004430E1
2.179195672E1,-1.272981644E0,-4.211367965E-1,7.274180889E0,7.396725362E0
2.179433234E1,4.785645306E-1,-1.756331801E0,1.343330669E1,1.355608550E1
2.179670792E1,1.435693540E-2,-8.135597110E-1,5.919843197E0,5.975502406E0
2.179908354E1,-1.339980721E0,-1.296909928E0,1.290209961E1,1.303616884E1
2.180145912E1,2.230110645E0,-1.363908887E0,7.513463020E0,7.955235226E0
2.180383474E1,-2.139183521E0,-5.647061467E-1,1.153819084E1,1.174839764E1
2.180621031E1,2.378465652E0,-1.842473388E0,9.834501266E0,1.028441647E1
2.180858594E1,-2.526820660E0,-1.435693651E-1,8.599804878E0,8.964489877E0
2.181096151E1,1.612762451E0,-2.167897224E0,1.272981644E1,1.301341645E1
2.181333714E1,-6.652047038E-1,-5.168496966E-1,6.632904530E0,6.686183770E0
2.181571276E1,-1.722832322E-1,-1.627119422E0,1.325623703E1,1.335683418E1
2.181808833E1,9.379864931E-1,-1.038485050E0,6.245266914E0,6.400127240E0
2.182046396E1,-1.536192179E0,-1.182054400E0,1.247617722E1,1.262585193E1
2.182283953E1,2.713460922E0,-1.402194023E0,8.528019905E0,9.058484518E0
2.182521516E1,-2.383251429E0,-3.302095234E-1,1.023170948E1,1.051079467E1
2.182759073E1,2.234896421E0,-1.990828395E0,1.093519974E1,1.133740504E1
2.182996636E1,-1.718046665E0,-3.110669553E-1,7.810173035E0,8.002952569E0
2.183234193E1,1.263410330E0,-2.033899307E0,1.336152172E1,1.357435872E1
2.183471755E1,-1.722832322E-1,-6.460621357E-1,6.111268997E0,6.147738328E0
2.183709313E1,-7.226324677E-1,-1.335195065E0,1.305524063E1,1.314322074E1
2.183946875E1,1.818545222E0,-1.205982566E0,6.781259537E0,7.123691570E0
2.184184432E1,-1.641476393E0,-8.757730722E-1,1.217468166E1,1.231601790E1
2.184421995E1,2.694318295E0,-1.607976794E0,9.107083321E0,9.632440348E0
2.184659552E1,-2.545963287E0,-2.871387079E-2,9.336793900E0,9.677730822E0
2.184897115E1,1.947757602E0,-2.143969059E0,1.199282742E1,1.233767695E1
2.185134672E1,-1.028913736E0,-4.067798555E-1,7.111468792E0,7.197021725E0
2.185372234E1,5.120640397E-1,-1.708475351E0,1.364387512E1,1.375995734E1
2.185609792E1,3.684946895E-1,-8.422735929E-1,5.938985825E0,6.009722603E0
2.185847354E1,-1.253839016E0,-1.229910851E0,1.282552910E1,1.294523038E1
2.186084990E1,2.292324066E0,-1.330409408E0,7.642675400E0,8.089204292E0
2.186322474E1,-1.971685886E0,-4.785645306E-1,1.142812061E1,1.160683032E1
2.186560037E1,2.459821701E0,-1.904686809E0,9.963713646E0,1.043811019E1
2.186797594E1,-2.469393015E0,2.392822690E-2,8.494520187E0,8.846205268E0
2.187035156E1,1.421336651E0,-2.187039852E0,1.289252853E1,1.315373077E1
2.187272714E1,-4.929214716E-1,-5.024927258E-1,6.589833736E0,6.627320665E0
2.187510276E1,-4.402793646E-1,-1.488335729E0,1.332323647E1,1.341333736E1
2.187747833E1,1.009771109E0,-9.906286001E-1,6.427121639E0,6.580947901E0
2.187985396E1,-1.751546144E0,-1.019342422E0,1.226560879E1,1.243189977E1
2.188222948E1,2.507678032E0,-1.473978758E0,8.738588333E0,9.209993949E0
2.188460516E1,-2.545963287E0,-2.488535494E-1,1.010249710E1,1.042133892E1
2.188698073E1,1.995614052E0,-1.962114573E0,1.116969585E1,1.151496741E1
2.188935636E1,-1.976471543E0,-1.962114573E-1,7.604390144E0,7.859496686E0
2.189173198E1,7.848458290E-1,-1.947757602E0,1.353380489E1,1.369575181E1
2.189410755E1,-1.483550072E-1,-7.034898400E-1,6.159125328E0,6.200946054E0
2.189648318E1,-1.177268744E0,-1.287338614E0,1.294995594E1,1.306692624E1
2.189885875E1,1.588834286E0,-1.143769264E0,7.049255371E0,7.316051107E0
2.190123438E1,-1.966900229E0,-8.374879360E-1,1.176790142E1,1.196050109E1
2.190360995E1,2.464607239E0,-1.593619823E0,9.485149384E0,9.928845442E0
2.190598557E1,-2.780459881E0,-1.435693540E-2,9.030512810E0,9.448879557E0
2.190836115E1,1.531406522E0,-2.105684042E0,1.214596748E1,1.242190152E1
2.191073677E1,-1.153340459E0,-3.589234054E-1,6.991827965E0,7.095398404E0
2.191311234E1,1.722832322E-1,-1.655833244E0,1.358166122E1,1.368331052E1
2.191548797E1,3.972085714E-1,-8.997012973E-1,6.120840549E0,6.199348845E0
2.191786354E1,-1.579262972E0,-1.038485050E0,1.255753326E1,1.269898281E1
2.192023917E1,2.172683001E0,-1.339980721E0,7.819744587E0,8.225843735E0
2.192261474E1,-2.019542217E0,-3.493520916E-1,1.096391296E1,1.115383276E1
2.192499037E1,2.368894339E0,-1.938186288E0,1.019342422E1,1.064303171E1
2.192736594E1,-2.354537487E0,1.292124242E-1,8.245666504E0,8.576220538E0
2.192974156E1,1.182054400E0,-2.067398787E0,1.296909904E1,1.318593646E1
2.193211714E1,-2.488535494E-1,-5.599204898E-1,6.632904530E0,6.661145663E0
2.193449276E1,-3.589234054E-1,-1.426122308E0,1.325145149E1,1.333280231E1
2.193686839E1,1.205982566E0,-9.714859724E-1,6.556334019E0,6.736742144E0
2.193924396E1,-1.746760488E0,-8.949156404E-1,1.191147137E1,1.207208335E1
2.194161958E1,2.718246460E0,-1.507478237E0,8.824729919E0,9.356132353E0
2.194399516E1,-2.148754835E0,-1.914258152E-1,9.844072342E0,1.007767590E1
2.194637078E1,2.206182480E0,-2.029113531E0,1.135155106E1,1.174062410E1
2.194874636E1,-1.598405480E0,-5.264209956E-2,7.341179848E0,7.513360954E0
2.195112198E1,8.087740541E-1,-1.971685886E0,1.354337597E1,1.371002164E1
2.195349755E1,4.450650215E-1,-7.082754970E-1,6.307480335E0,6.362707382E0
2.195587318E1,-9.379864931E-1,-1.263410330E0,1.284467220E1,1.294069659E1
2.195824875E1,2.000399828E0,-1.153340459E0,7.207181931E0,7.568042354E0
2.196062438E1,-1.689332843E0,-7.274180651E-1,1.123669529E1,1.138623307E1
2.196299995E1,2.828316450E0,-1.679761529E0,9.805787086E0,1.034284454E1
2.196537557E1,-2.254039049E0,-6.699903309E-2,8.796015739E0,9.080477619E0
2.196775115E1,1.727617979E0,-2.043470621E0,1.237089348E1,1.265699180E1
2.197012677E1,-7.848458290E-1,-4.019941986E-1,6.881757736E0,6.938023627E0
2.197250240E1,2.536391914E-1,-1.655833244E0,1.350030518E1,1.360383609E1
2.197487797E1,7.226324677E-1,-9.284151793E-1,6.288337708E0,6.397448206E0
2.197725354E1,-1.512263894E0,-1.009771109E0,1.236610699E1,1.249908724E1
2.197962917E1,2.254039049E0,-1.378265858E0,7.958528042E0,8.385611331E0
2.198200479E1,-1.990828395E0,-4.307080805E-1,1.069591713E1,1.088813806E1
2.198438036E1,2.440679073E0,-2.009970903E0,1.049970531E1,1.096543246E1
2.198675599E1,-2.292324066E0,4.307080805E-2,7.972885132E0,8.295993132E0
2.198913156E1,8.997012973E-1,-2.048256159E0,1.317009544E1,1.335875105E1
2.199150719E1,-2.488535494E-1,-6.221339107E-1,6.470192432E0,6.504795831E0
2.199388271E1,-5.838487148E-1,-1.435693622E0,1.326580906E1,1.335603929E1
2.199625839E1,1.153340459E0,-1.086341500E0,6.719046116E0,6.903326211E0
2.199863396E1,-2.009970903E0,-7.992027402E-1,1.171047401E1,1.190856455E1
2.200100958E1,2.397608280E0,-1.560120344E0,8.944371223E0,9.390648409E0
2.200338516E1,-2.287538528E0,-9.571290761E-2,9.738788605E0,1.000429892E1
2.200576078E1,1.909472466E0,-2.115255117E0,1.143290615E1,1.178268782E1
2.200813636E1,-1.799402595E0,9.571290575E-3,7.288537979E0,7.507378183E0
2.201051198E1,3.349951804E-1,-1.904686809E0,1.339023590E1,1.352917112E1
2.201288761E1,2.679961324E-1,-6.891329288E-1,6.465406895E0,6.507550417E0
2.201526318E1,-1.272981644E0,-1.268195987E0,1.272503090E1,1.285127288E1
2.201763875E1,1.698904037E0,-1.124626637E0,7.350750923E0,7.627883005E0
2.202001438E1,-2.038684845E0,-5.312066078E-1,1.118883896E1,1.138545272E1
2.202239000E1,2.603390932E0,-1.794616938E0,9.829715729E0,1.032577385E1
2.202476557E1,-2.359323025E0,6.699903309E-2,8.618947029E0,8.936282331E0
2.202714120E1,1.430907965E0,-1.976471543E0,1.256710434E1,1.280179866E1
2.202951677E1,-9.284151793E-1,-2.919243574E-1,6.632904530E0,6.703924006E0
2.203189240E1,-1.435693540E-2,-1.569691658E0,1.360080433E1,1.369109259E1
2.203426797E1,8.709874153E-1,-8.614161611E-1,6.427121639E0,6.542824271E0
2.203664359E1,-1.655833244E0,-9.140582681E-1,1.226560879E1,1.241057796E1
2.203901917E1,2.316252232E0,-1.263410330E0,8.154739380E0,8.570939529E0
2.204139479E1,-2.000399828E0,-3.254238665E-1,1.035613632E1,1.055258545E1
2.204377036E1,2.550748825E0,-1.914258122E0,1.077248764E1,1.123464257E1
2.204614599E1,-1.971685886E0,1.148554832E-1,7.781459332E0,8.028190727E0
2.204852156E1,9.427721500E-1,-1.947757602E0,1.315095329E1,1.332779620E1
2.205089719E1,-5.742774159E-2,-4.881358147E-1,6.494120598E0,6.512693518E0
2.205327281E1,-3.780659735E-1,-1.359123230E0,1.328973675E1,1.336440244E1
2.205564839E1,1.469193101E0,-1.009771109E0,6.809973240E0,7.039453217E0
2.205802396E1,-1.823330879E0,-7.082754970E-1,1.162433243E1,1.178776035E1
2.206039958E1,2.651247501E0,-1.555334687E0,8.997013092E0,9.507598218E0
2.206277521E1,-1.909472466E0,-8.135596663E-2,9.614361763E0,9.802482135E0
2.206515078E1,2.163111687E0,-2.115255117E0,1.156211948E1,1.195140006E1
2.206752641E1,-1.454836130E0,8.614161611E-2,7.216753006E0,7.362437945E0
2.206990198E1,4.354937077E-1,-1.837687731E0,1.349073410E1,1.362228533E1
2.207227760E1,6.460621357E-1,-6.795616150E-1,6.455835342E0,6.523573426E0
2.207465318E1,-1.091127157E0,-1.210768223E0,1.274417305E1,1.284797513E1
2.207702880E1,1.842473388E0,-1.124626637E0,7.537391186E0,7.840392793E0
2.207940438E1,-2.053041935E0,-5.359922647E-1,1.091605663E1,1.112036696E1
2.208178000E1,2.603390932E0,-1.804188251E0,9.934999466E0,1.042770128E1
2.208415557E1,-2.187039852E0,-3.349951655E-2,8.604590416E0,8.878245421E0
2.208653120E1,1.435693622E0,-2.014756680E0,1.262931824E1,1.286934885E1
2.208890677E1,-1.014556766E0,-2.632105052E-1,6.613761902E0,6.696301344E0
2.209128240E1,-2.488535494E-1,-1.651047587E0,1.357209015E1,1.367441104E1
2.209365797E1,8.374879360E-1,-8.757730722E-1,6.656832695E0,6.766223913E0
2.209603359E1,-1.775474429E0,-1.062413216E0,1.217468166E1,1.234924714E1
2.209840922E1,2.014756680E0,-1.268195987E0,8.231309891E0,8.568665477E0
2.210078479E1,-2.282752752E0,-3.924229145E-1,1.022692394E1,1.048593960E1
2.210316042E1,2.297109842E0,-1.923829436E0,1.087777138E1,1.128289606E1
2.210553599E1,-2.210968018E0,3.828516230E-2,7.795815945E0,8.103369149E0
2.210791162E1,6.029912829E-1,-1.923829436E0,1.319880962E1,1.335190225E1
2.211028719E1,-4.067798555E-1,-5.264210105E-1,6.498906136E0,6.532868427E0
2.211266281E1,-6.795616150E-1,-1.373480201E0,1.324666595E1,1.333500697E1
2.211503839E1,1.100698471E0,-1.067198873E0,6.963113785E0,7.129895100E0
2.211741401E1,-2.115255117E0,-7.082754970E-1,1.165783215E1,1.186933059E1
2.211978958E1,2.273181438E0,-1.545763373E0,8.934800148E0,9.348122375E0
2.212216521E1,-2.177468538E0,-1.866401732E-1,9.556933403E0,9.803630953E0
2.212454078E1,2.024327993E0,-2.124826431E0,1.162911797E1,1.199371401E1
2.212691641E1,-1.679761529E0,6.699903309E-2,7.202396393E0,7.395985496E0
2.212929198E1,1.866401732E-1,-1.823330879E0,1.350987625E1,1.363363951E1
2.213166760E1,5.312066078E-1,-7.226324677E-1,6.474977970E0,6.536797217E0
2.213404323E1,-1.071984529E0,-1.287338614E0,1.280638695E1,1.291549218E1
2.213641880E1,1.832902193E0,-1.177268744E0,7.551748276E0,7.859668833E0
2.213879443E1,-2.024327993E0,-5.264210105E-1,1.090170002E1,1.110054441E1
2.214117000E1,2.703889608E0,-1.861616015E0,9.891928673E0,1.042242227E1
2.214354563E1,-1.923829436E0,-9.571290575E-3,8.705088615E0,8.915143247E0
2.214592120E1,1.679761529E0,-2.167897224E0,1.250967693E1,1.280677142E1
2.214829682E1,-8.374879360E-1,-2.584248483E-1,6.742974281E0,6.799696435E0
2.215067240E1,-4.307080805E-2,-1.722832322E0,1.344287777E1,1.355289523E1
2.215304802E1,1.124626637E0,-8.997012973E-1,6.843472958E0,6.993380414E0
2.215542359E1,-1.383051515E0,-1.158126116E0,1.216032505E1,1.229339631E1
2.215779922E1,2.210968018E0,-1.359123230E0,8.207381248E0,8.607944150E0
2.216017479E1,-1.971685886E0,-4.259224236E-1,1.026042366E1,1.045682786E1
2.216255042E1,2.632104874E0,-2.053041935E0,1.078205872E1,1.128697246E1
2.216492599E1,-1.914258122E0,-4.785645381E-2,7.834101200E0,8.064726655E0
2.216730162E1,9.188438654E-1,-1.933400750E0,1.323709488E1,1.340906385E1
2.216967719E1,-2.392822653E-1,-6.125625968E-1,6.465406895E0,6.498767210E0
2.217205281E1,-4.833501875E-1,-1.493121386E0,1.334716511E1,1.343911661E1
2.217442839E1,1.330409408E0,-1.095912814E0,7.111468792E0,7.317376748E0
2.217680401E1,-2.000399828E0,-8.374879360E-1,1.160519028E1,1.180607585E1
2.217917958E1,2.316252232E0,-1.517049551E0,9.054440498E0,9.468334409E0
2.218155521E1,-2.163111687E0,-2.632105052E-1,9.494720459E0,9.741562941E0
2.218393083E1,2.086541414E0,-2.187039852E0,1.169611740E1,1.208039572E1
2.218630641E1,-1.746760488E0,-4.785645287E-3,7.274180889E0,7.480969370E0
2.218868198E1,3.349951655E-2,-1.890329838E0,1.349551964E1,1.362730786E1
2.219105760E1,2.297109663E-1,-7.704889178E-1,6.589833736E0,6.638699344E0
2.219343323E1,-1.153340459E0,-1.320838094E0,1.295952702E1,1.307762012E1
2.219580880E1,1.540977836E0,-1.182054400E0,7.551748276E0,7.797484679E0
2.219818443E1,-2.325823545E0,-6.173482537E-1,1.088255692E1,1.114543041E1
2.220056000E1,2.344966173E0,-1.794616938E0,9.848857880E0,1.028199970E1
2.220293563E1,-2.153540373E0,-7.657032460E-2,8.834300995E0,9.093320253E0
2.220531120E1,1.440479279E0,-2.191825628E0,1.239003563E1,1.266459881E1
2.220768682E1,-1.220339537E0,-1.196411327E-1,6.742974281E0,6.853557087E0
2.221006240E1,-3.397808075E-1,-1.761117458E0,1.352423382E1,1.364264953E1
2.221243802E1,9.092726111E-1,-9.092726111E-1,6.896114826E0,7.014980617E0
2.221481359E1,-1.646261930E0,-1.158126116E0,1.221775246E1,1.238244360E1
2.221718922E1,1.971685886E0,-1.244267821E0,8.231309891E0,8.555127712E0
2.221956479E1,-2.210968018E0,-4.307080805E-1,1.024128056E1,1.048607250E1
2.222194042E1,2.498106956E0,-2.053041935E0,1.072463131E1,1.120148366E1
2.222431604E1,-2.009970903E0,1.914258115E-2,7.881958008E0,8.134224702E0
2.222669162E1,9.332008362E-1,-1.971685886E0,1.317966747E1,1.335896866E1
2.222906724E1,-3.732803464E-1,-4.115654826E-1,6.412764549E0,6.436790623E0
2.223144281E1,-4.929214716E-1,-1.603191137E0,1.336630726E1,1.347113073E1
2.223381844E1,1.454836130E0,-1.004985452E0,7.149754047E0,7.365156269E0
2.223619401E1,-1.785045743E0,-8.518448472E-1,1.158604717E1,1.175365973E1
2.223856964E1,2.402393818E0,-1.473978758E0,8.839086533E0,9.277583746E0
2.224094521E1,-1.909472466E0,-3.349951804E-1,9.566504478E0,9.760958703E0
2.224332083E1,2.498106956E0,-2.110469580E0,1.155254745E1,1.200649711E1
2.224569641E1,-1.473978758E0,-3.828516230E-2,7.259823799E0,7.408044325E0
2.224807203E1,5.455635786E-1,-1.856830359E0,1.348116302E1,1.361936912E1
2.225044760E1,4.881358147E-1,-7.609176040E-1,6.465406895E0,6.528304411E0
2.225282323E1,-5.838487148E-1,-1.335195065E0,1.310309696E1,1.318388316E1
2.225519880E1,1.952543259E0,-1.191625714E0,7.374679565E0,7.721288475E0
2.225757443E1,-1.842473388E0,-5.982056856E-1,1.106919765E1,1.123742386E1
2.225995000E1,2.718246460E0,-1.761117458E0,9.556933403E0,1.009085599E1
2.226232563E1,-1.722832322E0,-1.531406492E-1,8.939585686E0,9.105371794E0
2.226470120E1,1.966900229E0,-2.230110645E0,1.217468166E1,1.253255615E1
2.226707682E1,-9.762716293E-1,-6.699903309E-2,6.867401123E0,6.936771104E0
2.226945240E1,-4.785645287E-3,-1.804188251E0,1.350509071E1,1.362507223E1
2.227182802E1,1.000199914E0,-8.039883971E-1,6.704689026E0,6.826393788E0
2.227420359E1,-1.268195987E0,-1.215553880E0,1.244746304E1,1.257080858E1
2.227657922E1,2.019542217E0,-1.162911773E0,8.006384850E0,8.338651745E0
2.227895484E1,-2.105684042E0,-4.115654826E-1,1.038006496E1,1.059948301E1
2.228133042E1,2.526820660E0,-2.062613010E0,1.029870892E1,1.080289778E1
2.228370604E1,-1.938186288E0,9.571290575E-3,8.255238533E0,8.479718211E0
2.228608162E1,1.062413216E0,-2.053041935E0,1.294038486E1,1.314523729E1
2.228845724E1,-6.939185858E-1,-3.732803464E-1,6.589833736E0,6.636774058E0
2.229083281E1,-6.460621357E-1,-1.612762451E0,1.333759308E1,1.345027093E1
2.229320844E1,1.048056364E0,-9.044869542E-1,7.125825882E0,7.259057328E0
2.229558401E1,-1.962114573E0,-1.004985452E0,1.180618668E1,1.201024284E1
2.229795964E1,2.029113531E0,-1.464407444E0,8.662017822E0,9.016226685E0
2.230033521E1,-2.368894339E0,-3.493520916E-1,9.681360245E0,9.973085955E0
2.230271083E1,2.143969059E0,-2.167897224E0,1.139940739E1,1.180012163E1
2.230508641E1,-1.899901152E0,-4.785645381E-2,7.436892986E0,7.675890301E0
2.230746203E1,2.249253243E-1,-1.909472466E0,1.350509071E1,1.364126650E1
2.230983761E1,-1.483550072E-1,-6.891329288E-1,6.417550564E0,6.456149676E0
2.231221323E1,-9.667003751E-1,-1.459621787E0,1.315095329E1,1.326697320E1
2.231458880E1,1.430907965E0,-1.182054400E0,7.403393269E0,7.632495142E0
2.231696443E1,-2.316252232E0,-6.460621357E-1,1.116012478E1,1.141625183E1
2.231934000E1,2.230110645E0,-1.770688772E0,9.427721024E0,9.848383416E0
2.232171563E1,-2.129612207E0,-2.584248483E-1,9.078369141E0,9.328387739E0
2.232409125E1,1.794616938E0,-2.210968018E0,1.213639641E1,1.246599965E1
2.232646682E1,-1.335195065E0,-1.579262912E-1,6.987041950E0,7.115226053E0
2.232884245E1,-2.009970993E-1,-1.832902193E0,1.344287777E1,1.356874692E1
2.233121802E1,7.226324677E-1,-9.236295223E-1,6.795616150E0,6.896063227E0
2.233359365E1,-1.182054400E0,-1.306481123E0,1.262931824E1,1.275162047E1
2.233596922E1,2.029113531E0,-1.306481123E0,8.025527000E0,8.380529714E0
2.233834484E1,-2.120040894E0,-5.024927258E-1,1.043270683E1,1.065778796E1
2.234072042E1,2.660818815E0,-2.067398787E0,1.035135078E1,1.088597986E1
2.234309604E1,-1.741974831E0,-1.914258115E-2,8.245666504E0,8.427684073E0
2.234547162E1,1.378265858E0,-2.210968018E0,1.292124271E1,1.318129393E1
2.234784724E1,-4.450650215E-1,-3.206382394E-1,6.498906136E0,6.522014467E0
2.235022281E1,-3.541377485E-1,-1.674975872E0,1.342373466E1,1.353246504E1
2.235259844E1,1.502692580E0,-1.033699393E0,7.154539585E0,7.383363468E0
2.235497401E1,-1.555334687E0,-1.071984529E0,1.191625690E1,1.206504851E1
2.235734964E1,2.378465652E0,-1.383051515E0,8.657232285E0,9.083919924E0
2.235972521E1,-1.942971945E0,-3.302095234E-1,9.710074425E0,9.908063567E0
2.236210083E1,2.632104874E0,-2.177468538E0,1.132762241E1,1.183149926E1
2.236447641E1,-1.507478237E0,-4.785645381E-2,7.412964344E0,7.564841125E0
2.236685203E1,6.460621357E-1,-1.899901152E0,1.351466274E1,1.366283754E1
2.236922761E1,1.148554832E-1,-6.221339107E-1,6.407979012E0,6.439133280E0
2.237160323E1,-6.269195080E-1,-1.440479279E0,1.321316624E1,1.330623052E1
2.237397886E1,1.746760488E0,-1.143769264E0,7.446464062E0,7.733641274E0
2.237635443E1,-2.033899307E0,-6.747759581E-1,1.122233772E1,1.142510100E1
2.237873005E1,2.397608280E0,-1.598405480E0,9.360722542E0,9.794210129E0
2.238110563E1,-2.019542217E0,-2.536391914E-1,9.040083885E0,9.266390897E0
2.238348125E1,2.029113531E0,-2.100898266E0,1.217468166E1,1.252014173E1
2.238585682E1,-1.363908887E0,-3.349951655E-2,6.833901405E0,6.968757284E0
2.238823245E1,-2.727817893E-1,-1.737189293E0,1.354337597E1,1.365705932E1
2.239060802E1,5.790630579E-1,-7.417750359E-1,6.628118515E0,6.694587312E0
2.239298365E1,-1.316052437E0,-1.172483087E0,1.269153118E1,1.281333970E1
2.239535922E1,1.761117458E0,-1.134197950E0,7.925028801E0,8.197195935E0
2.239773484E1,-2.426322222E0,-3.637090325E-1,1.043749237E1,1.072196674E1
2.240011042E1,2.239681959E0,-1.842473388E0,1.011206818E1,1.051973413E1
2.240248604E1,-2.067398787E0,9.571290575E-3,8.427521706E0,8.677404649E0
2.240486162E1,1.129412293E0,-2.096112728E0,1.261974621E1,1.284240067E1
2.240723724E1,-9.906286001E-1,-8.135596663E-2,6.546762943E0,6.621787436E0
2.240961281E1,-7.561319470E-1,-1.531406522E0,1.339023590E1,1.349871694E1
2.241198844E1,1.014556766E0,-8.327022791E-1,6.967899323E0,7.090440006E0
2.241436401E1,-1.837687731E0,-9.810572863E-1,1.198804188E1,1.216769155E1
2.241673964E1,1.952543259E0,-1.287338614E0,8.494520187E0,8.810592437E0
2.241911526E1,-2.536391973E0,-1.674975902E-1,9.647860527E0,9.977101404E0
2.242149083E1,2.306680918E0,-2.124826431E0,1.114576817E1,1.157859284E1
2.242386636E1,-1.741974831E0,1.914258115E-2,7.436892986E0,7.638207908E0
2.242624203E1,4.307080805E-1,-1.856830359E0,1.339502144E1,1.352996407E1
2.242861766E1,-1.579262912E-1,-4.546363056E-1,6.312266350E0,6.330587757E0
2.243099323E1,-8.709874153E-1,-1.464407444E0,1.311266804E1,1.322290329E1
2.243336886E1,1.612762451E0,-1.071984529E0,7.542177200E0,7.786821590E0
2.243574443E1,-2.019542217E0,-8.087740541E-1,1.114098263E1,1.135139463E1
2.243812005E1,2.373680115E0,-1.574477315E0,9.245866776E0,9.674677697E0
2.244049563E1,-2.009970903E0,-2.297109663E-1,8.934800148E0,9.160971774E0
2.244287125E1,2.220539331E0,-2.153540373E0,1.206939697E1,1.245948933E1
2.244524682E1,-1.143769264E0,-1.052841991E-1,6.833901405E0,6.929754780E0
2.244762245E1,1.435693540E-2,-1.789831281E0,1.350509071E1,1.362318529E1
2.244999802E1,6.891329288E-1,-7.657032609E-1,6.518048763E0,6.598951838E0
2.245237359E1,-8.662018180E-1,-1.344766378E0,1.282074356E1,1.292014581E1
2.245474922E1,2.038684845E0,-1.268195987E0,7.953742504E0,8.308223443E0
2.245712484E1,-2.019542217E0,-4.594219327E-1,1.043749237E1,1.064099931E1
2.245950042E1,2.593819857E0,-1.971685886E0,1.009771156E1,1.061033579E1
2.246187604E1,-1.627119422E0,-1.674975902E-1,8.346165657E0,8.504942929E0
2.246425162E1,1.574477315E0,-2.163111687E0,1.274895859E1,1.302666404E1
2.246662724E1,-5.982056856E-1,-2.344966233E-1,6.575476646E0,6.606794369E0
2.246900281E1,-4.929214716E-1,-1.641476393E0,1.329930782E1,1.340928801E1
2.247137844E1,1.268195987E0,-9.762716293E-1,7.063612461E0,7.242654786E0
2.247375406E1,-1.430907965E0,-1.091127157E0,1.213639641E1,1.226907388E1
2.247612964E1,2.120040894E0,-1.330409408E0,8.566305161E0,8.924468986E0
2.247850526E1,-2.277967215E0,-2.679961324E-1,9.700503349E0,9.967984841E0
2.248088083E1,2.373680115E0,-2.148754835E0,1.096391296E1,1.142186027E1
2.248325646E1,-1.579262972E0,9.571290761E-2,7.714460373E0,7.875032149E0
2.248563203E1,5.551348329E-1,-1.957328916E0,1.330409431E1,1.345876059E1
2.248800766E1,-2.201396823E-1,-3.876372576E-1,6.388836384E0,6.404369950E0
2.249038323E1,-1.004985452E0,-1.469193101E0,1.311745358E1,1.323767776E1
2.249275886E1,1.517049551E0,-1.000199914E0,7.685746193E0,7.897628362E0
2.249513443E1,-2.124826431E0,-7.034898400E-1,1.127498055E1,1.149499768E1
2.249751005E1,2.172683001E0,-1.545763373E0,9.312865257E0,9.687073610E0
2.249988563E1,-2.292324066E0,-9.571290761E-2,8.906085968E0,9.196862392E0
2.250226125E1,2.014756680E0,-2.110469580E0,1.211246777E1,1.245894063E1
2.250463682E1,-1.349551916E0,1.435693540E-2,6.833901405E0,6.965895844E0
2.250701245E1,-2.392822653E-1,-1.569691658E0,1.357209015E1,1.366465583E1
2.250938802E1,3.541377485E-1,-6.221339107E-1,6.470192432E0,6.509673898E0
2.251176365E1,-1.158126116E0,-1.210768223E0,1.280160141E1,1.291077900E1
2.251413922E1,1.866401672E0,-1.105484009E0,8.044670105E0,8.332002592E0
2.251651484E1,-2.335394859E0,-3.828516304E-1,1.045663452E1,1.072109370E1
2.251889042E1,2.316252232E0,-1.751546144E0,1.000678444E1,1.041962922E1
2.252126604E1,-1.895115495E0,-6.699903309E-2,8.255238533E0,8.470237001E0
2.252364167E1,1.584048629E0,-2.009970903E0,1.282552910E1,1.307835577E1
2.252601724E1,-7.082754970E-1,-1.627119333E-1,6.384050846E0,6.425280893E0
2.252839286E1,-6.412764788E-1,-1.512263894E0,1.346680546E1,1.356661442E1
2.253076844E1,1.253839016E0,-8.614161611E-1,6.905686378E0,7.071255507E0
2.253314406E1,-1.320838094E0,-1.024128079E0,1.224646664E1,1.235999177E1
2.253551964E1,2.230110645E0,-1.292124271E0,8.480163574E0,8.863190897E0
2.253789526E1,-2.201396942E0,-2.153540403E-1,9.667003632E0,9.916828378E0
2.254027083E1,2.545963287E0,-2.129612207E0,1.086341476E1,1.135917944E1
2.254264646E1,-1.354337573E0,3.828516230E-2,7.719245911E0,7.837247823E0
2.254502203E1,9.810572863E-1,-2.048256159E0,1.324666595E1,1.343993994E1
2.254739766E1,4.785645287E-3,-3.206382394E-1,6.297909260E0,6.306067937E0
2.254977323E1,-8.039883971E-1,-1.483550072E0,1.320359516E1,1.331098206E1
2.255214886E1,1.847259045E0,-9.906286001E-1,7.532605648E0,7.818814415E0
2.255452443E1,-1.617548108E0,-8.853443861E-1,1.137547874E1,1.152396691E1
2.255690005E1,2.431107759E0,-1.435693622E0,9.111868858E0,9.539269113E0
2.255927563E1,-2.072184324E0,-2.009970993E-1,9.020941734E0,9.258063376E0
2.256165125E1,2.416750908E0,-2.206182480E0,1.178704453E1,1.223283878E1
2.256402682E1,-1.028913736E0,-5.742774159E-2,7.020541668E0,7.095771046E0
2.256640245E1,2.201396823E-1,-1.765903115E0,1.351944828E1,1.363606824E1
2.256877807E1,4.642075896E-1,-6.364908218E-1,6.321837425E0,6.370732900E0
2.257115365E1,-1.004985452E0,-1.363908887E0,1.295474148E1,1.306505147E1
2.257352927E1,2.057827473E0,-1.177268744E0,7.982456207E0,8.327077681E0
2.257590484E1,-2.105684042E0,-5.982056856E-1,1.062891865E1,1.085198908E1
2.257828042E1,2.335394859E0,-1.718046665E0,9.810572624E0,1.023000922E1
2.258065604E1,-1.966900229E0,-1.674975902E-1,8.417949677E0,8.646307230E0
2.258303167E1,1.799402595E0,-2.134397745E0,1.259581852E1,1.290147850E1
2.258540719E1,-9.954141974E-1,-1.292124242E-1,6.513263226E0,6.590155015E0
2.258778286E1,-5.599204898E-1,-1.665404558E0,1.350030518E1,1.361415892E1
2.259015844E1,7.944171429E-1,-8.327022791E-1,6.786045074E0,6.882942644E0
2.259253406E1,-1.406979680E0,-1.177268744E0,1.249053383E1,1.262453915E1
2.259490964E1,1.904686809E0,-1.258624673E0,8.288737297E0,8.597391109E0
2.259728526E1,-2.435893536E0,-3.254238665E-1,1.000678444E1,1.030413571E1
2.259966083E1,2.249253273E0,-1.981257200E0,1.053799057E1,1.095599223E1
2.260203646E1,-1.808973908E0,-7.657032460E-2,7.944170952E0,8.147889403E0
2.260441203E1,9.858429432E-1,-2.134397745E0,1.309831142E1,1.330764075E1
2.260678766E1,-6.795616150E-1,-2.201396823E-1,6.360122681E0,6.400111404E0
2.260916323E1,-1.004985452E0,-1.612762451E0,1.337587833E1,1.351018578E1
2.261153886E1,1.225125194E0,-1.014556766E0,7.278966427E0,7.450745561E0
2.261391443E1,-1.880758643E0,-1.076770186E0,1.181575775E1,1.201286054E1
2.261629005E1,1.942971945E0,-1.445264935E0,8.939585686E0,9.261755932E0
2.261866563E1,-2.469393015E0,-3.062812984E-1,9.456435204E0,9.778337121E0
2.262104125E1,2.158325911E0,-2.306680918E0,1.134676456E1,1.177829418E1
2.262341682E1,-1.627119422E0,-6.699903309E-2,7.494320393E0,7.669214082E0
2.262579240E1,3.062812984E-1,-2.043470621E0,1.345244884E1,1.361021529E1
2.262816802E1,-1.962114573E-1,-6.221339107E-1,6.345765591E0,6.379207668E0
2.263054365E1,-1.086341500E0,-1.598405480E0,1.325623703E1,1.339637481E1
2.263291922E1,1.598405480E0,-1.182054400E0,7.719245911E0,7.971129789E0
2.263529484E1,-2.158325911E0,-8.757730722E-1,1.126540947E1,1.150368635E1
2.263767047E1,2.196611166E0,-1.756331801E0,9.413364410E0,9.824521949E0
2.264004604E1,-2.191825628E0,-3.397808075E-1,8.973084450E0,9.243148550E0
2.264242167E1,2.000399828E0,-2.301895380E0,1.223210907E1,1.260653855E1
2.264479724E1,-1.349551916E0,-2.009970993E-1,6.833901405E0,6.968780283E0
2.264717286E1,-1.387837082E-1,-1.837687731E0,1.374915886E1,1.387212047E1
2.264954844E1,4.163511395E-1,-8.901300430E-1,6.474977970E0,6.549123566E0
2.265192406E1,-1.129412293E0,-1.445264935E0,1.303131199E1,1.315976653E1
2.265429964E1,1.885544300E0,-1.387837172E0,7.968099594E0,8.304937114E0
2.265667526E1,-2.282752752E0,-5.934200287E-1,1.068156052E1,1.093886843E1
2.265905083E1,2.416750908E0,-1.981257200E0,1.009771156E1,1.057023386E1
2.266142646E1,-1.880758643E0,-2.871387303E-1,8.456234932E0,8.667618528E0
2.266380203E1,1.646261930E0,-2.292324066E0,1.285424328E1,1.316041406E1
2.266617766E1,-8.327022791E-1,-3.206382394E-1,6.632904530E0,6.692654516E0
2.266855323E1,-5.790630579E-1,-1.813759565E0,1.353859043E1,1.367181292E1
2.267092886E1,1.019342422E0,-1.028913736E0,7.020541668E0,7.168383902E0
2.267330443E1,-1.344766378E0,-1.316052437E0,1.244267750E1,1.258414137E1
2.267568005E1,2.038684845E0,-1.454836130E0,8.417949677E0,8.782634048E0
2.267805563E1,-2.225325108E0,-4.642075896E-1,1.013121128E1,1.038311141E1
2.268043125E1,2.388036966E0,-2.230110645E0,1.066241741E1,1.115182761E1
2.268280682E1,-1.660618901E0,-1.004985496E-1,8.097311974E0,8.266451251E0
2.268518245E1,1.004985452E0,-2.234896421E0,1.313659668E1,1.336319311E1
2.268755807E1,-5.742774606E-1,-3.780659735E-1,6.422336102E0,6.459034718E0
2.268993365E1,-7.369893789E-1,-1.655833244E0,1.343809223E1,1.355976622E1
2.269230922E1,1.344766378E0,-1.038485050E0,7.264609337E0,7.460656582E0
2.269468484E1,-1.828116536E0,-9.954141974E-1,1.184925747E1,1.203070081E1
2.269706047E1,2.158325911E0,-1.445264935E0,8.858229637E0,9.231218434E0
2.269943604E1,-2.244467735E0,-3.206382394E-1,9.489934921E0,9.757013329E0
2.270181167E1,2.316252232E0,-2.215753794E0,1.159561825E1,1.203050090E1
2.270418724E1,-1.598405480E0,-1.004985496E-1,7.331608772E0,7.504497800E0
2.270656287E1,3.589234054E-1,-1.890329838E0,1.357209015E1,1.370780084E1
2.270893844E1,-6.221338734E-2,-5.982056856E-1,6.360122681E0,6.388495994E0
2.271131406E1,-7.992027402E-1,-1.488335729E0,1.331366539E1,1.342041558E1
2.271368964E1,1.569691658E0,-1.081555843E0,7.451249599E0,7.691216779E0
2.271606526E1,-2.129612207E0,-7.465606928E-1,1.130848026E1,1.153144947E1
2.271844083E1,2.297109842E0,-1.564906001E0,9.279366493E0,9.686706713E0
2.272081646E1,-2.105684042E0,-2.201396823E-1,9.064012527E0,9.307990646E0
2.272319203E1,2.115255117E0,-2.120040894E0,1.208854008E1,1.245398245E1
2.272556766E1,-1.426122308E0,-4.785645381E-2,6.891329288E0,7.037509108E0
2.272794323E1,5.264209956E-2,-1.741974831E0,1.364387512E1,1.375472922E1
2.273031886E1,5.072783828E-1,-7.322037220E-1,6.446264267E0,6.507516934E0
2.273269443E1,-9.523434043E-1,-1.258624673E0,1.297388458E1,1.306953615E1
2.273507005E1,1.823330879E0,-1.210768223E0,7.613961697E0,7.922304457E0
2.273744563E1,-2.124826431E0,-5.120640397E-1,1.077727318E1,1.099666832E1
2.273982125E1,2.598605394E0,-1.823330879E0,9.896714211E0,1.039337470E1
2.274219682E1,-1.837687731E0,-1.435693651E-1,8.585447311E0,8.781094117E0
2.274457245E1,1.732403636E0,-2.201396942E0,1.246660614E1,1.277746608E1
2.274694807E1,-9.571290612E-1,-1.196411327E-1,6.690331936E0,6.759508226E0
2.274932365E1,-1.339980662E-1,-1.775474429E0,1.358644676E1,1.370262021E1
2.275169927E1,1.052842021E0,-8.566305041E-1,6.680760860E0,6.817247085E0
2.275407484E1,-1.268195987E0,-1.249053478E0,1.238525009E1,1.251250876E1
2.275645047E1,2.100898266E0,-1.282552958E0,8.059026718E0,8.426543019E0
2.275882604E1,-1.986042738E0,-4.881358147E-1,1.023649502E1,1.043879651E1
2.276120167E1,2.675175667E0,-2.086541414E0,1.050449181E1,1.103877566E1
2.276357724E1,-1.813759565E0,-7.657032460E-2,8.054241180E0,8.256293828E0
2.276595287E1,1.244267821E0,-2.076970100E0,1.297867012E1,1.320257116E1
2.276832844E1,-4.881358147E-1,-4.354937077E-1,6.393621922E0,6.427000282E0
2.277070406E1,-2.488535494E-1,-1.670190215E0,1.344287777E1,1.354852118E1
2.277307958E1,1.272981644E0,-1.019342422E0,6.843472958E0,7.035102228E0
2.277545526E1,-1.646261930E0,-1.052842021E0,1.191625690E1,1.207542270E1
2.277783083E1,2.316252232E0,-1.478764415E0,8.461020470E0,8.896102292E0
2.278020646E1,-2.014756680E0,-4.163511395E-1,9.801001549E0,1.001460055E1
2.278258203E1,2.507678032E0,-2.148754835E0,1.118405342E1,1.166141704E1
2.278495766E1,-1.847259045E0,-7.657032460E-2,7.422535896E0,7.649331221E0
2.278733323E1,7.992027402E-1,-1.938186288E0,1.339980698E1,1.356282117E1
2.278970886E1,-5.264209956E-2,-6.556333899E-1,6.283552170E0,6.317883681E0
2.279208438E1,-4.402793646E-1,-1.469193101E0,1.333759308E1,1.342548932E1
2.279446005E1,1.450050473E0,-1.148554921E0,6.963113785E0,7.204635894E0
2.279683563E1,-1.890329838E0,-7.657032609E-1,1.157169056E1,1.175004982E1
2.279921125E1,2.498106956E0,-1.579262972E0,8.987442017E0,9.460905026E0
2.280158682E1,-1.957328916E0,-2.727817893E-1,9.399007797E0,9.604524661E0
2.280396245E1,2.268395901E0,-2.182254314E0,1.173440266E1,1.214924111E1
2.280633807E1,-1.574477315E0,-3.828516230E-2,7.173682213E0,7.344532733E0
2.280871365E1,3.445664644E-1,-1.866401672E0,1.354337597E1,1.367571621E1
2.281108922E1,4.067798555E-1,-7.465606928E-1,6.455835342E0,6.511576820E0
2.281346484E1,-7.609176040E-1,-1.344766378E0,1.300738430E1,1.309883348E1
2.281584042E1,1.703689694E0,-1.119840980E0,7.226324558E0,7.508419875E0
2.281821604E1,-2.043470621E0,-6.412764788E-1,1.117926693E1,1.138257514E1
2.282059167E1,2.646461725E0,-1.765903115E0,9.523433685E0,1.004081484E1
2.282296724E1,-2.029113531E0,-2.871387079E-2,9.016156197E0,9.241709732E0
2.282534286E1,1.761117458E0,-2.139183521E0,1.216511059E1,1.247668051E1
2.282771844E1,-1.239482164E0,-9.571290761E-2,6.843472958E0,6.955472602E0
2.283009406E1,1.435693651E-1,-1.780260086E0,1.359601784E1,1.371282754E1
2.283246964E1,6.747759581E-1,-7.322037220E-1,6.580262184E0,6.655170569E0
2.283484526E1,-1.292124271E0,-1.115055323E0,1.255274773E1,1.266824412E1
2.283722083E1,1.933400750E0,-1.172483087E0,7.771887779E0,8.094133351E0
2.283959646E1,-1.933400750E0,-5.216353536E-1,1.074377346E1,1.092880643E1
2.284197203E1,2.656033039E0,-1.832902193E0,1.026999474E1,1.076507472E1
2.284434766E1,-2.249253273E0,1.435693540E-2,8.274380684E0,8.574655801E0
2.284672323E1,1.406979680E0,-1.971685886E0,1.290688515E1,1.313220550E1
2.284909886E1,-7.848458290E-1,-3.589234054E-1,6.474977970E0,6.532239180E0
2.285147443E1,-5.264209956E-2,-1.569691658E0,1.370608807E1,1.379578027E1
2.285385005E1,8.901300430E-1,-8.997012973E-1,6.441478729E0,6.564635720E0
2.285622563E1,-1.603191137E0,-9.667003751E-1,1.226560879E1,1.240765451E1
2.285860125E1,2.225325108E0,-1.339980721E0,8.231309891E0,8.631458897E0
2.286097682E1,-1.995614052E0,-4.163511395E-1,1.036092186E1,1.055957033E1
2.286335245E1,2.478964329E0,-1.971685886E0,1.084905815E1,1.130198532E1
2.286572802E1,-2.143969059E0,0.000000000E0,7.891529083E0,8.177581219E0
2.286810365E1,1.033699393E0,-2.043470621E0,1.326102352E1,1.345730476E1
2.287047922E1,-3.302095234E-1,-5.647061467E-1,6.446264267E0,6.479371448E0
2.287285484E1,-3.684946895E-1,-1.459621787E0,1.354337597E1,1.362678674E1
2.287523042E1,1.086341500E0,-1.148554921E0,6.589833736E0,6.776815250E0
2.287760604E1,-1.909472466E0,-8.997012973E-1,1.189232826E1,1.207820430E1
2.287998162E1,2.411965132E0,-1.593619823E0,8.901300430E0,9.358971594E0
2.288235724E1,-2.163111687E0,-3.254238665E-1,9.954142570E0,1.019165871E1
2.288473286E1,2.053041935E0,-2.153540373E0,1.130848026E1,1.169335038E1
2.288710844E1,-2.009970903E0,-7.657032460E-2,7.494320393E0,7.759554381E0
2.288948406E1,6.029912829E-1,-2.053041935E0,1.358166122E1,1.374918548E1
2.289185964E1,0.000000000E0,-7.322037220E-1,6.407979012E0,6.449675752E0
2.289423526E1,-9.714859724E-1,-1.387837172E0,1.312702465E1,1.323588505E1
2.289661083E1,1.249053478E0,-1.153340459E0,6.972685337E0,7.176954063E0
2.289898646E1,-2.091326952E0,-8.039883971E-1,1.163868904E1,1.185238914E1
2.290136203E1,2.440679073E0,-1.722832322E0,9.442078590E0,9.903429389E0
2.290373766E1,-2.598605394E0,-1.579262912E-1,9.236295700E0,9.596189294E0
2.290611323E1,1.584048629E0,-2.086541414E0,1.205025482E1,1.233172763E1
2.290848886E1,-1.689332843E0,-2.440679073E-1,6.977470875E0,7.183210592E0
2.291086438E1,1.866401732E-1,-1.837687731E0,1.375872993E1,1.388216770E1
2.291324005E1,9.092725813E-2,-8.231309652E-1,6.288337708E0,6.342633796E0
2.291561563E1,-1.550549030E0,-1.225125194E0,1.274417305E1,1.289647552E1
2.291799125E1,1.588834286E0,-1.229910851E0,7.408178806E0,7.675818413E0
2.292036682E1,-2.177468538E0,-7.226324677E-1,1.126540947E1,1.149665244E1
2.292274245E1,2.359323025E0,-1.703689694E0,9.930213928E0,1.034785545E1
2.292511802E1,-2.732603550E0,9.571290575E-3,8.609375954E0,9.032639043E0
2.292749365E1,1.325623751E0,-2.053041935E0,1.259103298E1,1.282600371E1
2.292986922E1,-1.129412293E0,-4.115654826E-1,6.685546398E0,6.792752676E0
2.293224484E1,-5.742774159E-2,-1.612762451E0,1.370130253E1,1.379601361E1
2.293462042E1,2.871387303E-1,-8.949156404E-1,6.082555294E0,6.154738139E0
2.293699604E1,-1.655833244E0,-9.667003751E-1,1.250010586E1,1.264630143E1
2.293937162E1,2.062613010E0,-1.306481123E0,7.786244869E0,8.160078095E0
2.294174724E1,-2.163111687E0,-3.684946895E-1,1.086820030E1,1.108749829E1
2.294412281E1,2.321038008E0,-1.885544300E0,1.024128056E1,1.066894194E1
2.294649844E1,-2.483749866E0,1.579262912E-1,8.149953842E0,8.521484715E0
2.294887401E1,1.158126116E0,-2.100898266E0,1.303609753E1,1.325499409E1
2.295124964E1,-5.647061467E-1,-4.785645306E-1,6.479763508E0,6.521905562E0
2.295362521E1,-3.397808075E-1,-1.430907965E0,1.340459251E1,1.348503055E1
2.295600083E1,8.039883971E-1,-9.523434043E-1,6.254838467E0,6.377802094E0
2.295837646E1,-1.780260086E0,-9.236295223E-1,1.215075302E1,1.231516206E1
2.296075198E1,2.431107759E0,-1.450050473E0,8.374878883E0,8.840335266E0
2.296312760E1,-2.201396942E0,-1.579262912E-1,1.026520920E1,1.049979091E1
2.296550323E1,2.129612207E0,-1.971685886E0,1.077727318E1,1.116120112E1
2.296787886E1,-2.129612207E0,5.742774159E-2,7.685746193E0,7.975540147E0
2.297025443E1,1.067198873E0,-1.990828395E0,1.337587833E1,1.356526566E1
2.297263005E1,-1.674975902E-1,-4.689932466E-1,6.173482418E0,6.193536572E0
2.297500563E1,-5.982056856E-1,-1.272981644E0,1.309831142E1,1.317361357E1
2.297738125E1,1.397408366E0,-1.009771109E0,6.508477688E0,6.732954006E0
2.297975682E1,-1.631905079E0,-8.183453679E-1,1.197368431E1,1.211205677E1
2.298213245E1,2.790031195E0,-1.445264935E0,9.044869423E0,9.575109800E0
2.298450802E1,-2.411965132E0,-4.785645381E-2,9.346364975E0,9.652688966E0
2.298688365E1,2.134397745E0,-1.875972986E0,1.176790142E1,1.210613201E1
2.298925922E1,-1.435693622E0,-1.914258152E-1,7.020541668E0,7.168393497E0
2.299163484E1,9.092726111E-1,-1.756331801E0,1.370130253E1,1.384330774E1
2.299401042E1,2.153540403E-1,-6.364908218E-1,5.876772404E0,5.915061438E0
2.299638604E1,-9.236295223E-1,-1.100698471E0,1.286381435E1,1.294381506E1
2.299876162E1,2.000399828E0,-1.076770186E0,7.082755089E0,7.438175391E0
2.300113724E1,-1.631905079E0,-6.508477330E-1,1.166261768E1,1.179420910E1
2.300351281E1,2.699103832E0,-1.493121386E0,9.571290970E0,1.005605210E1
2.300588844E1,-2.450250387E0,5.264209956E-2,8.867800713E0,9.200238455E0
2.300826401E1,1.804188251E0,-1.933400750E0,1.230867958E1,1.258954831E1
2.301063964E1,-9.236295223E-1,-3.158525825E-1,6.843472958E0,6.912740156E0
2.301301521E1,4.929214716E-1,-1.564906001E0,1.365344620E1,1.375167246E1
2.301539083E1,3.302095234E-1,-7.513462901E-1,5.891129494E0,5.948022048E0
2.301776641E1,-1.282552958E0,-1.033699393E0,1.277767277E1,1.288341561E1
2.302014203E1,2.191825628E0,-1.215553880E0,7.642675400E0,8.043143545E0
2.302251766E1,-2.000399828E0,-4.019941986E-1,1.132283688E1,1.150520898E1
2.302489323E1,2.364108801E0,-1.708475351E0,9.930213928E0,1.034973657E1
2.302726886E1,-2.545963287E0,1.196411327E-1,8.484949112E0,8.859492338E0
2.302964443E1,1.488335729E0,-2.029113531E0,1.278724384E1,1.303249976E1
2.303202005E1,-7.226324677E-1,-3.637090325E-1,6.608976364E0,6.658306881E0
2.303439563E1,-2.009970993E-1,-1.473978758E0,1.345723438E1,1.353920863E1
2.303677120E1,5.838487148E-1,-8.422735929E-1,6.068198204E0,6.154131423E0
2.303914677E1,-1.603191137E0,-1.048056364E0,1.257667542E1,1.272169047E1
2.304152245E1,2.402393818E0,-1.306481123E0,8.207381248E0,8.650982368E0
2.304389802E1,-2.498106956E0,-2.679961324E-1,1.059541893E1,1.088922691E1
2.304627365E1,2.129612207E0,-1.746760488E0,1.066241741E1,1.101242777E1
2.304864922E1,-2.268395901E0,-1.004985496E-1,7.872386456E0,8.193301436E0
2.305102484E1,1.301695466E0,-1.952543259E0,1.340937805E1,1.361316480E1
2.305340042E1,-5.551348329E-1,-5.216353536E-1,6.087340832E0,6.134818378E0
2.305577604E1,-6.173482537E-1,-1.306481123E0,1.328973675E1,1.336806323E1
2.305815162E1,1.177268744E0,-1.019342422E0,6.345765591E0,6.534046342E0
2.306052724E1,-1.674975872E0,-1.004985452E0,1.231825066E1,1.247216257E1
2.306290281E1,2.603390932E0,-1.282552958E0,8.877371788E0,9.339717142E0
2.306527844E1,-2.579462767E0,-1.914258152E-1,9.777072906E0,1.011342804E1
2.306765401E1,2.129612207E0,-1.866401672E0,1.136590767E1,1.171334967E1
2.307002964E1,-1.564906001E0,-2.679961324E-1,7.475177765E0,7.641926154E0
2.307240521E1,1.186840057E0,-1.861616015E0,1.354816151E1,1.372686722E1
2.307478083E1,-1.674975902E-1,-6.221339107E-1,5.795416355E0,5.831119684E0
2.307715641E1,-6.987041831E-1,-1.277767301E0,1.314138222E1,1.322183056E1
2.307953203E1,1.942971945E0,-1.220339537E0,6.829115868E0,7.204248198E0
2.308190760E1,-1.545763373E0,-8.135597110E-1,1.219861031E1,1.232304172E1
2.308428323E1,2.751745939E0,-1.655833244E0,9.150154114E0,9.697381593E0
2.308665880E1,-2.402393818E0,-1.435693540E-2,9.260223389E0,9.566788353E0
2.308903443E1,2.187039852E0,-2.148754835E0,1.208375454E1,1.246665209E1
2.309141000E1,-9.092726111E-1,-4.546363056E-1,7.044469833E0,7.117445194E0
2.309378563E1,8.231309652E-1,-1.832902193E0,1.357687569E1,1.372474511E1
2.309616120E1,2.967100143E-1,-7.944171429E-1,5.790630817E0,5.852396150E0
2.309853682E1,-9.140582681E-1,-1.306481123E0,1.305524063E1,1.315225089E1
2.310091240E1,2.383251429E0,-1.383051515E0,7.412964344E0,7.908524466E0
2.310328802E1,-1.847259045E0,-6.891329288E-1,1.171047401E1,1.187528828E1
2.310566359E1,2.531606436E0,-1.761117458E0,9.791430473E0,1.026560649E1
2.310803922E1,-2.411965132E0,-1.818545163E-1,8.681160927E0,9.011836766E0
2.311041484E1,1.947757602E0,-2.225325108E0,1.277767277E1,1.311543948E1
2.311279042E1,-8.805587292E-1,-4.881358147E-1,6.599404812E0,6.675762437E0
2.311516604E1,6.699903309E-2,-1.665404558E0,1.354337597E1,1.364555216E1
2.311754162E1,5.647061467E-1,-9.571290612E-1,5.900700569E0,6.004436383E0
2.311991724E1,-1.402194023E0,-1.354337573E0,1.292124271E1,1.306747457E1
2.312229281E1,2.311466694E0,-1.292124271E0,8.006384850E0,8.432950953E0
2.312466844E1,-2.593819857E0,-4.737788737E-1,1.097827053E1,1.129047349E1
2.312704401E1,2.096112728E0,-1.847259045E0,1.047099209E1,1.083733038E1
2.312941964E1,-2.344966173E0,-2.727817893E-1,8.207381248E0,8.540162950E0
2.313179521E1,1.421336651E0,-2.134397745E0,1.320359516E1,1.345030768E1
2.313417083E1,-1.004985452E0,-5.264210105E-1,6.154339790E0,6.258035881E0
2.313654641E1,-6.173482537E-1,-1.464407444E0,1.341894913E1,1.351272747E1
2.313892203E1,8.087740541E-1,-1.052842021E0,6.197410583E0,6.338019386E0
2.314129761E1,-1.684547186E0,-1.210768223E0,1.280160141E1,1.296860276E1
2.314367323E1,2.158325911E0,-1.354337573E0,8.394021988E0,8.772240656E0
2.314604880E1,-2.900100946E0,-2.584248483E-1,1.039920712E1,1.079911466E1
2.314842443E1,1.981257200E0,-1.942971945E0,1.106919765E1,1.141173329E1
2.315080000E1,-2.000399828E0,-4.115654826E-1,7.700103283E0,7.966340200E0
2.315317563E1,1.086341500E0,-1.899901152E0,1.344766331E1,1.362458846E1
2.315555115E1,-6.556333899E-1,-6.604190469E-1,5.785845280E0,5.860205974E0
2.315792682E1,-8.135597110E-1,-1.368694544E0,1.338544941E1,1.347981677E1
2.316030240E1,1.536192179E0,-1.162911773E0,6.556334019E0,6.833576367E0
2.316267802E1,-1.751546144E0,-9.284151793E-1,1.255753326E1,1.271304489E1
2.316505359E1,2.359323025E0,-1.426122308E0,8.781659126E0,9.204225496E0
2.316742922E1,-2.608176708E0,-1.962114573E-1,9.671789169E0,1.001921107E1
2.316980479E1,2.268395901E0,-2.081755638E0,1.168175983E1,1.208068042E1
2.317218042E1,-1.359123230E0,-3.493520916E-1,7.255038261E0,7.389508983E0
2.317455599E1,9.236295223E-1,-1.852044702E0,1.340937805E1,1.356814581E1
2.317693162E1,1.004985496E-1,-6.843472719E-1,5.709274769E0,5.751021608E0
2.317930719E1,-6.843472719E-1,-1.435693622E0,1.328495121E1,1.337981599E1
2.318168281E1,2.282752752E0,-1.124626637E0,7.130611420E0,7.571087400E0
2.318405839E1,-1.890329838E0,-7.992027402E-1,1.188754272E1,1.206340516E1
2.318643401E1,2.641676188E0,-1.454836130E0,9.475577354E0,9.943921130E0
2.318880958E1,-2.230110645E0,-2.775674164E-1,9.006584167E0,9.282725652E0
2.319118521E1,2.411965132E0,-2.120040894E0,1.235175037E1,1.276236210E1
2.319356078E1,-9.810572863E-1,-4.163511395E-1,6.680760860E0,6.765233724E0
2.319593641E1,6.173482537E-1,-1.670190215E0,1.348116302E1,1.359825028E1
2.319831203E1,5.647061467E-1,-8.518448472E-1,5.766702652E0,5.856568291E0
2.320068761E1,-7.752745152E-1,-1.411765337E0,1.323709488E1,1.333472207E1
2.320306318E1,2.392822742E0,-1.162911773E0,7.575676441E0,8.029248907E0
2.320543880E1,-2.258824587E0,-5.934200287E-1,1.138026428E1,1.161743737E1
2.320781443E1,2.483749866E0,-1.651047587E0,1.001635551E1,1.045094969E1
2.321019000E1,-2.067398787E0,-3.397808075E-1,8.575876236E0,8.828093903E0
2.321256557E1,1.919043779E0,-2.019542217E0,1.277288723E1,1.307317590E1
2.321494120E1,-1.148554921E0,-4.881358147E-1,6.187839508E0,6.312433188E0
2.321731682E1,-4.307080805E-2,-1.564906001E0,1.356251907E1,1.365257153E1
2.321969240E1,7.465606928E-1,-9.810572863E-1,5.857629776E0,5.985954632E0
2.322206802E1,-1.478764415E0,-1.229910851E0,1.335673618E1,1.349451097E1
2.322444359E1,2.067398787E0,-1.234696507E0,7.829315662E0,8.191263453E0
2.322681922E1,-2.852244616E0,-3.493520916E-1,1.086820030E1,1.124166909E1
2.322919479E1,2.076970100E0,-1.837687731E0,1.066720295E1,1.102180202E1
2.323157042E1,-2.172683001E0,-3.254238665E-1,8.082955360E0,8.376193615E0
2.323394599E1,1.210768223E0,-1.990828395E0,1.290688515E1,1.311552674E1
2.323632162E1,-1.148554921E0,-3.397808075E-1,6.039484501E0,6.157109910E0
2.323869719E1,-5.886343718E-1,-1.574477315E0,1.346680546E1,1.357130497E1
2.324107281E1,1.000199914E0,-9.571290612E-1,6.250052929E0,6.401535560E0
2.324344839E1,-1.914258122E0,-9.954141974E-1,1.289731407E1,1.307654174E1
2.324582401E1,1.981257200E0,-1.220339537E0,8.451449394E0,8.765934379E0
2.324819958E1,-2.857030153E0,-3.254238665E-1,1.011685371E1,1.051756869E1
2.325057521E1,2.120040894E0,-1.875972986E0,1.127976608E1,1.162957312E1
2.325295073E1,-1.938186288E0,-2.105683982E-1,7.456035137E0,7.706709097E0
2.325532641E1,9.571290612E-1,-1.895115495E0,1.312702465E1,1.329760636E1
2.325770198E1,-5.168496966E-1,-4.594219327E-1,5.737988472E0,5.779508095E0
2.326007761E1,-5.982056856E-1,-1.536192179E0,1.350509071E1,1.360533762E1
2.326245318E1,1.665404558E0,-8.805587292E-1,6.675975323E0,6.936685269E0
2.326482880E1,-2.115255117E0,-9.140582681E-1,1.232782269E1,1.254133242E1
2.326720438E1,2.349751949E0,-1.253839016E0,9.040083885E0,9.424253984E0
2.326958000E1,-2.301895380E0,-4.067798555E-1,9.566504478E0,9.847954109E0
2.327195557E1,2.368894339E0,-1.928615093E0,1.176311588E1,1.215327577E1
2.327433120E1,-1.641476393E0,-3.014956415E-1,6.848258495E0,7.048687026E0
2.327670677E1,9.188438654E-1,-1.756331801E0,1.338544941E1,1.353141646E1
2.327908240E1,2.344966233E-1,-6.891329288E-1,5.594419479E0,5.641579758E0
2.328145797E1,-5.551348329E-1,-1.426122308E0,1.369651699E1,1.378174797E1
2.328383359E1,1.962114573E0,-1.086341500E0,6.872186661E0,7.228899014E0
2.328620917E1,-2.143969059E0,-7.369893789E-1,1.200718403E1,1.221933816E1
2.328858479E1,2.574677229E0,-1.507478237E0,9.576076508E0,1.003008947E1
2.329096036E1,-2.024327993E0,-4.498506486E-1,9.116654396E0,9.349527090E0
2.329333599E1,2.282752752E0,-2.038684845E0,1.218903828E1,1.256741223E1
2.329571162E1,-1.411765337E0,-3.349951804E-1,6.494120598E0,6.654239662E0
2.329808719E1,5.551348329E-1,-1.813759565E0,1.357687569E1,1.370873633E1
2.330046281E1,6.795616150E-1,-8.231309652E-1,5.876772404E0,5.972922439E0
2.330283839E1,-1.129412293E0,-1.344766378E0,1.352423382E1,1.363777361E1
2.330521401E1,1.799402595E0,-1.124626637E0,7.451249599E0,7.747499943E0
2.330758958E1,-2.431107759E0,-6.843472719E-1,1.145204926E1,1.172723532E1
2.330996521E1,2.344966173E0,-1.737189293E0,1.016471100E1,1.057535071E1
2.331234078E1,-2.225325108E0,-2.823530734E-1,8.700303078E0,8.984824358E0
2.331471641E1,1.593619823E0,-2.081755638E0,1.227039433E1,1.254734663E1
2.331709198E1,-1.450050473E0,-2.919243574E-1,6.388836384E0,6.557827121E0
2.331946760E1,-3.828516230E-2,-1.785045743E0,1.368694592E1,1.380291065E1
2.332184318E1,6.460621357E-1,-7.992027402E-1,6.068198204E0,6.154604028E0
2.332421880E1,-1.899901152E0,-1.253839016E0,1.318923855E1,1.338423513E1
2.332659438E1,1.698904037E0,-1.028913736E0,8.087740898E0,8.328054469E0
2.332897000E1,-2.751745939E0,-6.891329288E-1,1.077248764E1,1.113972620E1
2.333134557E1,2.120040894E0,-1.670190215E0,1.077248764E1,1.110543105E1
2.333372120E1,-2.531606436E0,-2.823530734E-1,7.834101200E0,8.237833211E0
2.333609677E1,1.153340459E0,-1.933400750E0,1.272503090E1,1.292264075E1
2.333847240E1,-1.138983607E0,-3.158525825E-1,6.063412666E0,6.177541556E0
2.334084797E1,-3.445664644E-1,-1.670190215E0,1.383530045E1,1.394000717E1
2.334322359E1,8.422735929E-1,-7.178468108E-1,6.259624004E0,6.356698949E0
2.334559917E1,-2.234896421E0,-1.024128079E0,1.283988667E1,1.307311324E1
2.334797479E1,1.914258122E0,-1.076770186E0,8.475378036E0,8.755332721E0
2.335035036E1,-2.287538528E0,-5.886343718E-1,1.026042366E1,1.052879939E1
2.335272599E1,2.249253273E0,-1.703689694E0,1.100698376E1,1.136289533E1
2.335510156E1,-2.220539331E0,-1.674975902E-1,7.374679565E0,7.703554313E0
2.335747719E1,1.249053478E0,-1.919043779E0,1.296909904E1,1.316967705E1
2.335985276E1,-3.110669553E-1,-4.307080805E-1,5.857629776E0,5.881674820E0
2.336222839E1,-2.775674164E-1,-1.502692580E0,1.395015621E1,1.403360207E1
2.336460396E1,1.277767301E0,-8.614161611E-1,6.259624004E0,6.446519972E0
2.336697958E1,-1.981257200E0,-8.566305041E-1,1.251446247E1,1.269925064E1
2.336935516E1,2.445464849E0,-1.306481123E0,8.891729355E0,9.313970269E0
2.337173078E1,-1.847259045E0,-4.450650215E-1,9.834501266E0,1.001637979E1
2.337410636E1,2.373680115E0,-1.823330879E0,1.106919765E1,1.146673578E1
2.337648193E1,-1.737189293E0,-9.571290761E-2,7.106683254E0,7.316552089E0
2.337885760E1,1.292124271E0,-1.981257200E0,1.316530991E1,1.337611117E1
2.338123318E1,3.637090325E-1,-5.168496966E-1,5.972485542E0,6.005830619E0
2.338360875E1,-5.551348329E-1,-1.416550994E0,1.368215942E1,1.376649113E1
2.338598438E1,1.646261930E0,-8.518448472E-1,6.814758778E0,7.062347711E0
2.338835995E1,-1.880758643E0,-9.475577474E-1,1.196889877E1,1.215276333E1
2.339073557E1,2.641676188E0,-1.421336651E0,9.595218658E0,1.005320208E1
2.339311115E1,-1.952543259E0,-4.067798555E-1,9.040083885E0,9.257484090E0
2.339548677E1,2.201396942E0,-1.938186288E0,1.156690502E1,1.193297978E1
2.339786234E1,-1.483550072E0,-1.531406492E-1,6.757331371E0,6.919963883E0
2.340023797E1,8.853443861E-1,-2.029113531E0,1.351944828E1,1.369951160E1
2.340261359E1,4.546363056E-1,-4.785645306E-1,6.039484501E0,6.075449878E0
2.340498917E1,-1.325623751E0,-1.459621787E0,1.335195065E1,1.349675369E1
2.340736479E1,1.627119422E0,-8.901300430E-1,7.379465103E0,7.608965391E0
2.340974036E1,-2.043470621E0,-1.024128079E0,1.152861977E1,1.175302873E1
2.341211599E1,2.359323025E0,-1.459621787E0,1.000678444E1,1.038424941E1
2.341449156E1,-2.426322222E0,-3.780659735E-1,8.561519623E0,8.906716098E0
2.341686719E1,1.732403636E0,-2.048256159E0,1.186840057E1,1.216780620E1
2.341924276E1,-1.349551916E0,-2.392822653E-1,6.675975323E0,6.815217743E0
2.342161839E1,4.019941986E-1,-1.928615093E0,1.387837124E1,1.401750134E1
2.342399396E1,2.584248483E-1,-6.508477330E-1,5.862415314E0,5.904091758E0
2.342636958E1,-1.832902193E0,-1.253839016E0,1.331366539E1,1.349760456E1
2.342874516E1,1.588834286E0,-1.071984529E0,7.838887215E0,8.069801607E0
2.343112078E1,-2.105684042E0,-8.805587292E-1,1.115533924E1,1.138643415E1
2.343349636E1,2.172683001E0,-1.636690736E0,1.008335495E1,1.044381899E1
2.343587198E1,-2.608176708E0,-1.483550072E-1,8.145168304E0,8.553850692E0
2.343824750E1,1.584048629E0,-2.124826431E0,1.232303619E1,1.260481331E1
2.344062318E1,-9.379864931E-1,-3.158525825E-1,6.441478729E0,6.517072175E0
2.344299875E1,-1.052841991E-1,-1.718046665E0,1.390229988E1,1.400845142E1
2.344537438E1,4.163511395E-1,-6.987041831E-1,6.096911907E0,6.150924370E0
2.344774995E1,-1.780260086E0,-1.239482164E0,1.290688515E1,1.308790763E1
2.345012557E1,1.914258122E0,-1.182054400E0,8.341380119E0,8.639459419E0
2.345250115E1,-2.033899307E0,-6.699903607E-1,1.062413216E1,1.083779579E1
2.345487677E1,2.187039852E0,-1.732403636E0,1.015035343E1,1.052682480E1
2.345725234E1,-2.254039049E0,-7.178468257E-2,7.858029366E0,8.175235201E0
2.345962797E1,1.698904037E0,-2.220539331E0,1.267238903E1,1.297715352E1
2.346200354E1,-4.211367965E-1,-2.249253243E-1,6.355337143E0,6.373245469E0
2.346438078E1,-3.589234054E-1,-1.665404558E0,1.369651699E1,1.380206419E1
2.346675474E1,9.092726111E-1,-6.364908218E-1,6.503692150E0,6.597719972E0
2.346913036E1,-1.493121386E0,-1.215553880E0,1.247617722E1,1.262386552E1
2.347150594E1,2.445464849E0,-1.196411371E0,8.877371788E0,9.285441743E0
2.347388156E1,-1.919043779E0,-5.264210105E-1,9.868000984E0,1.006664252E1
2.347625714E1,2.402393818E0,-1.789831281E0,1.065284634E1,1.106608003E1
2.347863276E1,-1.679761529E0,-1.148554832E-1,7.551748276E0,7.737163085E0
2.348100833E1,1.813759565E0,-2.187039852E0,1.318923855E1,1.349180791E1
2.348338396E1,-1.435693540E-2,-3.302095234E-1,6.111268997E0,6.120200422E0
2.348575953E1,-5.168496966E-1,-1.483550072E0,1.373958778E1,1.382911157E1
2.348813516E1,1.368694544E0,-8.709874153E-1,6.733402729E0,6.926085196E0
2.349051073E1,-1.182054400E0,-1.258624673E0,1.229910851E1,1.241972056E1
2.349288636E1,2.574677229E0,-1.287338614E0,9.073583603E0,9.519250125E0
2.349526193E1,-2.110469580E0,-4.546363056E-1,9.461220741E0,9.704404873E0
2.349763755E1,2.464607239E0,-2.019542217E0,1.105484104E1,1.150488375E1
2.350001313E1,-1.373480201E0,-2.344966233E-1,7.322037220E0,7.453433140E0
2.350238875E1,1.363908887E0,-2.076970100E0,1.356730461E1,1.379296221E1
2.350476432E1,-1.196411327E-1,-4.211367965E-1,6.049055576E0,6.064877869E0
2.350713995E1,-9.140582681E-1,-1.507478237E0,1.351944828E1,1.363390901E1
2.350951557E1,1.426122308E0,-1.052842021E0,7.221538544E0,7.435920931E0
2.351189115E1,-1.540977836E0,-1.091127157E0,1.201675510E1,1.216419230E1
2.351426677E1,2.115255117E0,-1.445264935E0,9.116654396E0,9.469766751E0
2.351664234E1,-2.435893536E0,-2.584248483E-1,9.236295700E0,9.555601445E0
2.351901797E1,2.100898266E0,-2.139183521E0,1.138983536E1,1.177787031E1
2.352139354E1,-1.540977836E0,-1.627119333E-1,7.288537979E0,7.451434341E0
2.352376912E1,5.312066078E-1,-2.019542217E0,1.362473202E1,1.378383306E1
2.352614474E1,-3.302095234E-1,-3.780659735E-1,6.144768715E0,6.165237609E0
2.352852037E1,-1.368694544E0,-1.440479279E0,1.330409431E1,1.345166275E1
2.353089594E1,1.416550994E0,-1.076770186E0,7.575676441E0,7.781832965E0
2.353327156E1,-2.014756680E0,-9.188438654E-1,1.149033451E1,1.170176507E1
2.353564714E1,1.919043779E0,-1.502692580E0,9.308079720E0,9.621910521E0
2.353802276E1,-2.502892494E0,-1.866401732E-1,8.915657043E0,9.262194443E0
2.354039833E1,1.933400750E0,-2.239681959E0,1.180618668E1,1.217128825E1
2.354277396E1,-1.421336651E0,-3.828516230E-2,7.058826923E0,7.200604222E0
2.354514953E1,6.221338734E-2,-1.871187329E0,1.366301727E1,1.379069445E1
2.354752516E1,-4.307080805E-2,-5.551348329E-1,6.206982136E0,6.231906371E0
2.354990073E1,-1.229910851E0,-1.483550072E0,1.313659668E1,1.327718998E1
2.355227636E1,1.751546144E0,-1.048056364E0,7.901100159E0,8.160497519E0
2.355465193E1,-2.134397745E0,-7.609176040E-1,1.093998528E1,1.117219438E1
2.355702755E1,2.153540373E0,-1.641476393E0,9.552147865E0,9.928530089E0
2.355940313E1,-2.129612207E0,-2.344966233E-1,8.642875671E0,8.904467232E0
2.356177875E1,2.057827473E0,-2.249253273E0,1.240439224E1,1.277351718E1
2.356415432E1,-1.196411371E0,-1.435693651E-1,6.675975323E0,6.783852802E0
2.356652995E1,-1.244267747E-1,-1.789831281E0,1.377787304E1,1.389419892E1
2.356890552E1,4.833501875E-1,-8.422735929E-1,6.312266350E0,6.386529471E0
2.357128115E1,-1.019342422E0,-1.416550994E0,1.298345566E1,1.310022124E1
2.357365667E1,1.966900229E0,-1.306481123E0,7.968099594E0,8.310607714E0
2.357603234E1,-2.148754835E0,-6.173482537E-1,1.060020447E1,1.083340210E1
2.357840792E1,2.440679073E0,-1.880758643E0,9.973284721E0,1.043841825E1
2.358078354E1,-1.804188251E0,-2.871387303E-1,8.437092781E0,8.632617129E0
2.358315912E1,1.928615093E0,-2.287538528E0,1.278724384E1,1.313263088E1
2.358553474E1,-8.374879360E-1,-2.919243574E-1,6.561119556E0,6.620792680E0
2.358791031E1,-2.536391914E-1,-1.808973908E0,1.370130253E1,1.382253271E1
2.359028594E1,1.115055323E0,-1.014556766E0,6.757331371E0,6.923452973E0
2.359266151E1,-1.076770186E0,-1.344766378E0,1.258624744E1,1.270360009E1
2.359503714E1,2.115255117E0,-1.392622828E0,8.245666504E0,8.625816984E0
2.359741271E1,-2.009970903E0,-6.077769399E-1,1.026042366E1,1.047309264E1
2.359978833E1,2.574677229E0,-2.120040894E0,1.045663452E1,1.097564311E1
2.360216386E1,-1.684547186E0,-9.571290761E-2,8.274380684E0,8.444657239E0
2.360453953E1,1.363908887E0,-2.311466694E0,1.292124271E1,1.319703145E1
2.360691511E1,-6.987041831E-1,-2.584248483E-1,6.518048763E0,6.560482499E0
2.360929073E1,-4.546363056E-1,-1.775474429E0,1.354816151E1,1.367156479E1
2.361166630E1,1.129412293E0,-1.019342422E0,6.967899323E0,7.132058053E0
2.361404193E1,-1.698904037E0,-1.158126116E0,1.208375454E1,1.225743263E1
2.361641750E1,1.995614052E0,-1.339980721E0,8.542376518E0,8.874132090E0
2.361879313E1,-2.301895380E0,-3.876372576E-1,9.896714211E0,1.016828093E1
2.362116870E1,2.378465652E0,-2.120040894E0,1.109791183E1,1.154622533E1
2.362354432E1,-2.024327993E0,9.571290575E-3,7.633104324E0,7.896978983E0
2.362591990E1,6.173482537E-1,-1.981257200E0,1.339980698E1,1.355954741E1
2.362829552E1,-6.029912829E-1,-4.402793646E-1,6.278766632E0,6.323002042E0
2.363067109E1,-7.561319470E-1,-1.507478237E0,1.344287777E1,1.354825409E1
2.363304672E1,1.105484009E0,-9.619147182E-1,7.010970116E0,7.162477000E0
2.363542229E1,-2.091326952E0,-8.231309652E-1,1.167697430E1,1.189129605E1
2.363779792E1,2.057827473E0,-1.406979680E0,8.819944382E0,9.165460415E0
2.364017349E1,-2.273181438E0,-3.158525825E-1,9.566504478E0,9.837943110E0
2.364254912E1,2.124826431E0,-2.029113531E0,1.150947666E1,1.187856229E1
2.364492469E1,-1.933400750E0,3.349951655E-2,7.298109055E0,7.549937513E0
2.364730031E1,4.019941986E-1,-1.942971945E0,1.358644676E1,1.373055989E1
2.364967589E1,2.392822690E-2,-6.029912829E-1,6.360122681E0,6.388687781E0
2.365205151E1,-7.848458290E-1,-1.373480201E0,1.325623703E1,1.335029030E1
2.365442708E1,1.493121386E0,-1.153340459E0,7.192824841E0,7.436150541E0
2.365680271E1,-1.952543259E0,-7.226324677E-1,1.134197903E1,1.153148347E1
2.365917828E1,2.493321180E0,-1.713261008E0,9.336793900E0,9.814664238E0
2.366155391E1,-1.895115495E0,-1.818545163E-1,9.255437851E0,9.449214974E0
2.366392953E1,2.086541414E0,-2.215753794E0,1.194497108E1,1.232661974E1
2.366630511E1,-1.292124271E0,-3.828516230E-2,7.082755089E0,7.199754894E0
2.366868073E1,3.493520916E-1,-1.914258122E0,1.360080433E1,1.373929800E1
2.367105630E1,6.412764788E-1,-8.231309652E-1,6.498906136E0,6.582139551E0
2.367343188E1,-7.657032609E-1,-1.354337573E0,1.281595802E1,1.291004693E1
2.367580750E1,1.947757602E0,-1.215553880E0,7.508677483E0,7.851851275E0
2.367818313E1,-1.799402595E0,-6.508477330E-1,1.104526901E1,1.120979126E1
2.368055870E1,2.857030153E0,-1.895115495E0,9.844072342E0,1.042400328E1
2.368293427E1,-1.928615093E0,-2.392822690E-2,8.733802795E0,8.944240605E0
2.368530990E1,1.818545222E0,-2.191825628E0,1.248096275E1,1.280178259E1
2.368768552E1,-9.140582681E-1,-1.914258152E-1,6.666403770E0,6.731499505E0
2.369006109E1,1.627119333E-1,-1.780260086E0,1.369651699E1,1.381268905E1
2.369243672E1,9.044869542E-1,-8.327022791E-1,6.541976929E0,6.656496967E0
2.369481229E1,-1.311266780E0,-1.158126116E0,1.243310642E1,1.255558887E1
2.369718792E1,2.053041935E0,-1.249053478E0,7.881958008E0,8.240168555E0
2.369956344E1,-1.962114573E0,-5.264210105E-1,1.058584690E1,1.077901514E1
2.370193912E1,2.636890650E0,-1.880758643E0,1.055713367E1,1.104280385E1
2.370431469E1,-2.249253273E0,-4.785645287E-3,8.068597794E0,8.376242209E0
2.370669031E1,1.129412293E0,-1.942971945E0,1.310788250E1,1.329914643E1
2.370906589E1,-6.843472719E-1,-4.211367965E-1,6.427121639E0,6.477158324E0
2.371144151E1,-2.105683982E-1,-1.550549030E0,1.382094383E1,1.390924260E1
2.371381708E1,7.704889178E-1,-1.004985452E0,6.565905571E0,6.686909966E0
2.371619271E1,-1.938186288E0,-7.896314859E-1,1.227517986E1,1.245231403E1
2.371856828E1,2.129612207E0,-1.363908887E0,8.465806961E0,8.835461681E0
2.372094391E1,-2.206182480E0,-3.254238665E-1,1.017428207E1,1.041581286E1
2.372331948E1,2.182254314E0,-1.957328916E0,1.093041420E1,1.131668348E1
2.372569510E1,-2.254039049E0,8.135596663E-2,7.676175117E0,8.000685925E0
2.372807068E1,6.412764788E-1,-1.942971945E0,1.328016567E1,1.343685885E1
2.373044630E1,-3.158525825E-1,-5.359922647E-1,6.417550564E0,6.447635675E0
2.373282188E1,-6.795616150E-1,-1.406979680E0,1.330887985E1,1.340028652E1
2.373519750E1,1.076770186E0,-1.062413216E0,6.680760860E0,6.849870185E0
2.373757307E1,-2.000399828E0,-7.944171429E-1,1.174397373E1,1.193958195E1
2.373994870E1,2.368894339E0,-1.598405480E0,8.834300995E0,9.285011284E0
2.374232427E1,-2.124826431E0,-1.435693651E-1,9.757930756E0,9.987627954E0
2.374469990E1,2.043470621E0,-2.158325911E0,1.134676456E1,1.172958691E1
2.374707547E1,-1.818545222E0,2.392822690E-2,7.293323517E0,7.516664633E0
2.374945109E1,6.556333899E-1,-2.043470621E0,1.354337597E1,1.371235428E1
2.375182667E1,3.397808075E-1,-6.364908218E-1,6.393621922E0,6.434203357E0
2.375420229E1,-9.092726111E-1,-1.387837172E0,1.294517040E1,1.305106530E1
2.375657786E1,1.689332843E0,-1.186840057E0,7.106683254E0,7.400498743E0
2.375895349E1,-1.794616938E0,-7.848458290E-1,1.138026428E1,1.154759923E1
2.376132906E1,2.809173822E0,-1.789831281E0,9.585647583E0,1.014788614E1
2.376370469E1,-2.210968018E0,-1.531406492E-1,9.020941734E0,9.289199180E0
2.376608026E1,1.837687731E0,-2.143969059E0,1.216032505E1,1.248387780E1
2.376845589E1,-1.138983607E0,-3.637090325E-1,6.977470875E0,7.079171401E0
2.377083146E1,4.929214716E-1,-1.904686809E0,1.369651699E1,1.383710161E1
2.377320708E1,5.551348329E-1,-9.092726111E-1,6.259624004E0,6.349633378E0
2.377558266E1,-1.287338614E0,-1.220339537E0,1.256710434E1,1.269167368E1
2.377795828E1,2.081755638E0,-1.354337573E0,7.657032490E0,8.049725669E0
2.378033380E1,-1.856830359E0,-7.082754970E-1,1.107876873E1,1.125560259E1
2.378270948E1,2.598605394E0,-1.880758643E0,1.016471100E1,1.065886264E1
2.378508505E1,-2.383251429E0,-9.092725813E-2,8.379665375E0,8.712459293E0
2.378746068E1,1.397408366E0,-2.134397745E0,1.281595802E1,1.306740923E1
2.378983625E1,-7.369893789E-1,-5.216353536E-1,6.656832695E0,6.717788201E0
2.379221188E1,-2.392822690E-2,-1.598405480E0,1.367737389E1,1.377047672E1
2.379458740E1,6.987041831E-1,-1.004985452E0,6.245266914E0,6.364082190E0
2.379696302E1,-1.679761529E0,-1.024128079E0,1.233739376E1,1.249326706E1
2.379933865E1,2.244467735E0,-1.430907965E0,8.245666504E0,8.664649393E0
2.380171427E1,-2.062613010E0,-3.828516304E-1,1.057627583E1,1.078232619E1
2.380408984E1,2.297109842E0,-2.033899307E0,1.072941685E1,1.115947337E1
2.380646547E1,-2.368894339E0,4.785645381E-2,7.843672752E0,8.193726434E0
2.380884104E1,9.236295223E-1,-2.110469580E0,1.336152172E1,1.355866646E1
2.381121667E1,-2.823530734E-1,-5.886343718E-1,6.321837425E0,6.355457664E0
2.381359224E1,-7.561319470E-1,-1.450050473E0,1.331845093E1,1.341847670E1
2.381596786E1,1.028913736E0,-9.714859724E-1,6.608976364E0,6.758773339E0
2.381834344E1,-1.986042738E0,-9.092726111E-1,1.191625690E1,1.211479761E1
2.382071906E1,2.474178553E0,-1.502692580E0,8.982656479E0,9.437571823E0
2.382309464E1,-2.440679073E0,-1.339980662E-1,9.805787086E0,1.010585623E1
2.382547026E1,1.866401672E0,-2.033899307E0,1.148554897E1,1.181262193E1
2.382784583E1,-1.923829436E0,-4.307080805E-2,7.350750923E0,7.598454707E0
2.383022146E1,5.312066078E-1,-1.890329838E0,1.360080433E1,1.374181232E1
2.383259703E1,2.871387079E-2,-6.604190469E-1,6.264409542E0,6.299190798E0
2.383497266E1,-1.215553880E0,-1.229910851E0,1.293559933E1,1.305066979E1
2.383734823E1,1.526620865E0,-1.105484009E0,7.077969551E0,7.324637815E0
2.383972386E1,-2.019542217E0,-7.130611539E-1,1.153819084E1,1.173528248E1
2.384209943E1,2.536391973E0,-1.579262972E0,9.657432556E0,1.010907312E1
2.384447505E1,-2.589034081E0,4.785645287E-3,8.848658562E0,9.219646344E0
2.384685063E1,1.588834286E0,-1.981257200E0,1.228953743E1,1.254920335E1
2.384922625E1,-1.091127157E0,-3.206382394E-1,6.829115868E0,6.923163358E0
2.385160182E1,2.727817893E-1,-1.698904037E0,1.369651699E1,1.380417555E1
2.385397745E1,4.546363056E-1,-8.231309652E-1,6.010770321E0,6.083880226E0
2.385635307E1,-1.459621787E0,-1.019342422E0,1.259103298E1,1.271627565E1
2.385872865E1,2.273181438E0,-1.272981644E0,7.695317745E0,8.124392366E0
2.386110422E1,-1.866401672E0,-4.785645306E-1,1.092084217E1,1.108951184E1
2.386347984E1,2.589034081E0,-1.794616938E0,1.017906761E1,1.065538197E1
2.386585542E1,-2.277967215E0,1.148554832E-1,8.188239098E0,8.499975643E0
2.386823104E1,1.416550994E0,-1.990828395E0,1.292602825E1,1.315493142E1
2.387060662E1,-3.158525825E-1,-5.072783828E-1,6.522834301E0,6.550149733E0
2.387298224E1,9.571290575E-3,-1.493121386E0,1.341894913E1,1.350176651E1
2.387535786E1,1.043270707E0,-9.619147182E-1,6.163911343E0,6.325147961E0
2.387773344E1,-1.502692580E0,-9.284151793E-1,1.227517986E1,1.240161604E1
2.388010901E1,2.790031195E0,-1.478764415E0,8.341380119E0,8.919060520E0
2.388248464E1,-1.962114573E0,-1.531406492E-1,1.030349445E1,1.048977329E1
2.388486021E1,2.388036966E0,-2.009970903E0,1.082034397E1,1.126155172E1
2.388723578E1,-1.828116536E0,0.000000000E0,7.666603565E0,7.881549359E0
2.388961146E1,1.033699393E0,-1.995614052E0,1.328016567E1,1.346899440E1
2.389198703E1,2.871387079E-2,-5.790630579E-1,6.336194515E0,6.362664493E0
2.389436255E1,-7.130611539E-1,-1.325623751E0,1.304566860E1,1.313222006E1
2.389673823E1,1.488335729E0,-1.071984529E0,6.738188744E0,6.983371794E0
2.389911380E1,-1.823330879E0,-8.231309652E-1,1.180618668E1,1.197447802E1
2.390148943E1,2.608176708E0,-1.593619823E0,9.260223389E0,9.751612538E0
2.390386505E1,-2.579462767E0,-1.196411327E-1,9.250652313E0,9.604296454E0
2.390624063E1,1.703689694E0,-2.005185366E0,1.184925747E1,1.213788406E1
2.390861620E1,-1.588834286E0,-2.536391914E-1,7.082755089E0,7.263205000E0
2.391099182E1,3.062812984E-1,-1.808973908E0,1.360080433E1,1.372399626E1
2.391336745E1,4.785645381E-2,-8.135597110E-1,6.139982700E0,6.193832190E0
2.391574302E1,-1.584048629E0,-1.129412293E0,1.267238903E1,1.282085122E1
2.391811859E1,1.660618901E0,-1.201196909E0,7.513463020E0,7.787981491E0
2.392049422E1,-2.158325911E0,-6.221339107E-1,1.121276665E1,1.143553922E1
2.392286984E1,2.282752752E0,-1.761117458E0,9.906285286E0,1.031731472E1
2.392524542E1,-2.775674343E0,1.435693540E-2,8.499305725E0,8.941072195E0
2.392762104E1,1.153340459E0,-2.100898266E0,1.260060406E1,1.282650343E1
2.392999662E1,-1.004985452E0,-4.115654826E-1,6.738188744E0,6.825142449E0
2.393237219E1,-2.105683982E-1,-1.493121386E0,1.355773354E1,1.364133018E1
2.393474781E1,4.881358147E-1,-9.379864931E-1,6.163911343E0,6.253950613E0
2.393712344E1,-1.842473388E0,-9.954141974E-1,1.233739376E1,1.251386601E1
2.393949901E1,2.273181438E0,-1.373480201E0,8.202595711E0,8.621854679E0
2.394187464E1,-2.153540373E0,-3.254238665E-1,1.056191921E1,1.078414458E1
2.394425021E1,2.182254314E0,-1.976471543E0,1.058584690E1,1.098766710E1
2.394662583E1,-2.244467735E0,1.148554832E-1,7.905886173E0,8.219115730E0
2.394900141E1,1.038485050E0,-2.043470621E0,1.325145149E1,1.344824115E1
2.395137703E1,-1.004985496E-1,-5.503492355E-1,6.384050846E0,6.408516946E0
2.395375261E1,-6.125625968E-1,-1.368694544E0,1.316530991E1,1.325043179E1
2.395612823E1,1.392622828E0,-9.714859724E-1,6.666403770E0,6.879253053E0
2.395850380E1,-1.713261008E0,-8.183453679E-1,1.184447193E1,1.199568538E1
2.396087943E1,2.770888567E0,-1.488335729E0,9.126225471E0,9.653028439E0
2.396325495E1,-2.196611166E0,-1.196411327E-1,9.466006279E0,9.718265766E0
2.396563063E1,2.105684042E0,-1.919043779E0,1.172004509E1,1.206134699E1
2.396800620E1,-1.387837172E0,-1.244267747E-1,7.149754047E0,7.284267772E0
2.397038182E1,7.322037220E-1,-1.808973908E0,1.362951756E1,1.376852416E1
2.397275740E1,5.168496966E-1,-6.843472719E-1,6.259624004E0,6.318097615E0
2.397513302E1,-1.014556766E0,-1.196411371E0,1.277767277E1,1.287360272E1
2.397750859E1,2.048256159E0,-1.129412293E0,7.345965385E0,7.709353596E0
2.397988422E1,-1.703689694E0,-6.460621357E-1,1.135155106E1,1.149685462E1
2.398225979E1,2.799602509E0,-1.603191137E0,9.853643417E0,1.036833085E1
2.398463542E1,-2.292324066E0,0.000000000E0,8.681160927E0,8.978713976E0
2.398701099E1,1.679761529E0,-1.981257200E0,1.253360462E1,1.279993061E1
2.398938662E1,-7.322037220E-1,-4.067798555E-1,6.790830612E0,6.842292930E0
2.399176219E1,2.297109663E-1,-1.550549030E0,1.366780281E1,1.375739085E1
2.399413781E1,7.226324677E-1,-9.092726111E-1,6.240481377E0,6.347643829E0
2.399651339E1,-1.617548108E0,-9.427721500E-1,1.248096275E1,1.262060666E1
2.399888901E1,2.335394859E0,-1.301695466E0,8.102097511E0,8.531849994E0
2.400126458E1,-2.000399828E0,-4.019941986E-1,1.065763187E1,1.085118961E1
2.400364021E1,2.359323025E0,-1.871187329E0,1.060499001E1,1.102422606E1
2.400601578E1,-2.325823545E0,9.092725813E-2,7.992027760E0,8.324075362E0
2.400839141E1,8.757730722E-1,-1.962114573E0,1.317488194E1,1.334894700E1
2.401076698E1,-3.110669553E-1,-5.072783828E-1,6.556334019E0,6.583282599E0
2.401314261E1,-6.221339107E-1,-1.426122308E0,1.325623703E1,1.334723551E1
2.401551818E1,1.043270707E0,-9.523434043E-1,6.661618233E0,6.809737822E0
2.401789380E1,-2.038684845E0,-8.327022791E-1,1.189711380E1,1.209921261E1
2.402026938E1,2.388036966E0,-1.531406522E0,8.944371223E0,9.383480328E0
2.402264500E1,-2.402393818E0,-7.657032460E-2,9.777072906E0,1.006819317E1
2.402502057E1,1.799402595E0,-2.110469580E0,1.152383423E1,1.185287673E1
2.402739620E1,-1.875972986E0,-5.742774159E-2,7.360322475E0,7.595848836E0
2.402977177E1,3.110669553E-1,-1.914258122E0,1.354337597E1,1.368152694E1
2.403214740E1,1.339980662E-1,-6.747759581E-1,6.379265308E0,6.416253108E0
2.403452297E1,-1.378265858E0,-1.311266780E0,1.278724384E1,1.292797905E1
2.403689859E1,1.607976794E0,-1.129412293E0,7.345965385E0,7.604233620E0
2.403927417E1,-2.086541414E0,-7.130611539E-1,1.127019501E1,1.148387595E1
2.404164974E1,2.536391973E0,-1.741974831E0,9.901499748E0,1.036858032E1
2.404402537E1,-2.526820660E0,-8.614161611E-2,8.676374435E0,9.037240528E0
2.404640099E1,1.383051515E0,-2.033899307E0,1.250010586E1,1.273978902E1
2.404877656E1,-1.062413216E0,-4.402793646E-1,6.809973240E0,6.906395825E0
2.405115219E1,3.349951655E-2,-1.727617979E0,1.361994648E1,1.372911972E1
2.405352776E1,6.077769399E-1,-9.284151793E-1,6.345765591E0,6.442056231E0
2.405590339E1,-1.713261008E0,-1.038485050E0,1.238525009E1,1.254623985E1
2.405827896E1,2.153540373E0,-1.349551916E0,8.111668587E0,8.500481973E0
2.406065458E1,-2.048256159E0,-4.402793646E-1,1.063848972E1,1.084281618E1
2.406303016E1,2.388036966E0,-2.029113531E0,1.057627583E1,1.103075848E1
2.406540578E1,-2.230110645E0,5.742774159E-2,7.948956966E0,8.256064940E0
2.406778136E1,9.332008362E-1,-2.024327993E0,1.312702465E1,1.331493687E1
2.407015698E1,-1.914258152E-1,-5.934200287E-1,6.498906136E0,6.528749661E0
2.407253255E1,-4.163511395E-1,-1.450050473E0,1.331845093E1,1.340362375E1
2.407490813E1,1.268195987E0,-1.071984529E0,6.666403770E0,6.870109979E0
2.407728375E1,-1.837687731E0,-8.757730722E-1,1.183968639E1,1.201341952E1
2.407965938E1,2.627319336E0,-1.612762451E0,8.886942863E0,9.406463899E0
2.408203495E1,-2.091326952E0,-1.339980662E-1,9.710074425E0,9.933637261E0
2.408441057E1,2.139183521E0,-2.148754835E0,1.148076344E1,1.187439188E1
2.408678615E1,-1.550549030E0,-4.307080805E-2,7.336394310E0,7.498582457E0
2.408916177E1,5.503492355E-1,-1.947757602E0,1.346680546E1,1.361805761E1
2.409153734E1,4.546363056E-1,-6.891329288E-1,6.498906136E0,6.551135728E0
2.409391297E1,-1.004985452E0,-1.320838094E0,1.273938751E1,1.284704648E1
2.409628854E1,1.847259045E0,-1.129412293E0,7.389036179E0,7.699726862E0
2.409866417E1,-1.875972986E0,-6.795616150E-1,1.106441212E1,1.124287748E1
2.410103974E1,2.761317253E0,-1.785045743E0,9.891928673E0,1.042408337E1
2.410341536E1,-2.163111687E0,-6.221338734E-2,8.743373871E0,9.007192089E0
2.410579094E1,1.641476393E0,-2.100898266E0,1.244267750E1,1.272511067E1
2.410816656E1,-8.709874153E-1,-3.254238665E-1,6.771687984E0,6.835223327E0
2.411054214E1,1.292124242E-1,-1.718046665E0,1.355773354E1,1.366676695E1
2.411291776E1,9.092726111E-1,-8.853443861E-1,6.498906136E0,6.621660843E0
2.411529333E1,-1.588834286E0,-1.043270707E0,1.229910851E1,1.244511463E1
2.411766896E1,2.258824587E0,-1.325623751E0,8.092526436E0,8.505795140E0
2.412004453E1,-1.986042738E0,-4.498506486E-1,1.047577763E1,1.067186245E1
2.412242016E1,2.550748825E0,-1.914258122E0,1.071984577E1,1.118417619E1
2.412479573E1,-2.120040894E0,-2.392822690E-2,7.881958008E0,8.162132564E0
2.412717136E1,8.805587292E-1,-1.957328916E0,1.319402409E1,1.336745270E1
2.412954693E1,-2.488535494E-1,-5.742774606E-1,6.508477688E0,6.538501702E0
2.413192255E1,-5.455635786E-1,-1.445264935E0,1.333759308E1,1.342675759E1
2.413429813E1,1.234696507E0,-1.086341500E0,6.838686943E0,7.033651429E0
2.413667375E1,-1.990828395E0,-7.800601721E-1,1.171525955E1,1.190878659E1
2.413904932E1,2.368894339E0,-1.555334687E0,8.925228119E0,9.364316491E0
2.414142495E1,-2.177468538E0,-1.818545163E-1,9.676574707E0,9.920208585E0
2.414380052E1,1.986042738E0,-2.167897224E0,1.154776192E1,1.191616337E1
2.414617615E1,-1.694118381E0,4.307080805E-2,7.274180889E0,7.468975819E0
2.414855172E1,1.196411327E-1,-1.861616015E0,1.345244884E1,1.358117477E1
2.415092734E1,3.972085714E-1,-7.561319470E-1,6.527620316E0,6.583261893E0
2.415330292E1,-1.215553880E0,-1.277767301E0,1.274417305E1,1.286562114E1
2.415567854E1,1.694118381E0,-1.100698471E0,7.561319351E0,7.826565309E0
2.415805412E1,-2.215753794E0,-6.221339107E-1,1.088255692E1,1.112324865E1
2.416042974E1,2.502892494E0,-1.875972986E0,9.930213928E0,1.041119081E1
2.416280531E1,-2.220539331E0,9.571290575E-3,8.666803360E0,8.946751758E0
2.416518094E1,1.406979680E0,-2.177468538E0,1.257667542E1,1.284109519E1
2.416755651E1,-9.284151793E-1,-2.679961324E-1,6.695117950E0,6.764494145E0
2.416993214E1,-3.062812984E-1,-1.770688772E0,1.346680546E1,1.358616930E1
2.417230771E1,9.714859724E-1,-8.997012973E-1,6.829115868E0,6.956297216E0
2.417468333E1,-1.679761529E0,-1.138983607E0,1.212203979E1,1.229075796E1
2.417705891E1,2.187039852E0,-1.306481123E0,8.212167740E0,8.598240240E0
2.417943453E1,-2.096112728E0,-4.498506486E-1,1.019342422E1,1.041642701E1
2.418181010E1,2.579462767E0,-2.038684845E0,1.098305607E1,1.146461446E1
2.418418573E1,-1.909472466E0,-3.349951655E-2,7.709674358E0,7.942687582E0
2.418656130E1,7.848458290E-1,-1.933400750E0,1.331366539E1,1.347619039E1
2.418893693E1,-3.828516230E-2,-6.317051649E-1,6.470192432E0,6.501069703E0
2.419131250E1,-5.024927258E-1,-1.473978758E0,1.327538013E1,1.336640677E1
2.419368813E1,1.564906001E0,-1.167697430E0,7.159325123E0,7.420807523E0
2.419606370E1,-1.871187329E0,-7.752745152E-1,1.152861977E1,1.170518972E1
2.419843932E1,2.555534601E0,-1.641476393E0,9.140582085E0,9.632000970E0
2.420081490E1,-1.895115495E0,-2.967100143E-1,9.408578873E0,9.602127680E0
2.420319052E1,2.172683001E0,-2.234896421E0,1.189232826E1,1.229401419E1
2.420556609E1,-1.306481123E0,-1.435693651E-1,7.149754047E0,7.269558998E0
2.420794172E1,1.004985496E-1,-1.828116536E0,1.353859043E1,1.366182788E1
2.421031729E1,7.561319470E-1,-8.662018180E-1,6.656832695E0,6.755402478E0
2.421269292E1,-1.095912814E0,-1.335195065E0,1.277288723E1,1.288915897E1
2.421506849E1,1.976471543E0,-1.296909928E0,7.834101200E0,8.183004139E0
2.421744412E1,-2.187039852E0,-5.838487148E-1,1.063370419E1,1.087196796E1
2.421981969E1,2.565105915E0,-2.014756680E0,1.022692394E1,1.073447652E1
2.422219526E1,-1.904686809E0,-9.092725813E-2,8.446663857E0,8.659228020E0
2.422457089E1,1.253839016E0,-2.210968018E0,1.283988667E1,1.308904815E1
2.422694651E1,-7.178468108E-1,-3.062812984E-1,6.661618233E0,6.707180462E0
2.422932208E1,-5.599204898E-1,-1.737189293E0,1.343809223E1,1.356147707E1
2.423169771E1,1.167697430E0,-9.523434043E-1,7.149754047E0,7.306809029E0
2.423407328E1,-1.856830359E0,-1.100698471E0,1.195454216E1,1.214785719E1
2.423644891E1,2.081755638E0,-1.349551916E0,8.642875671E0,8.991901733E0
2.423882448E1,-2.282752752E0,-3.349951804E-1,9.824930191E0,1.009219675E1
2.424120010E1,2.325823545E0,-2.210968018E0,1.127976608E1,1.172735936E1
2.424357568E1,-1.804188251E0,-4.785645287E-3,7.499105930E0,7.713086795E0
2.424595130E1,2.823530734E-1,-1.923829436E0,1.341894913E1,1.355909431E1
2.424832688E1,-8.614161611E-2,-5.551348329E-1,6.436692715E0,6.461161518E0
2.425070250E1,-9.906286001E-1,-1.473978758E0,1.317009544E1,1.328929541E1
2.425307807E1,1.564906001E0,-1.091127157E0,7.532605648E0,7.770433522E0
2.425545370E1,-2.234896421E0,-6.987041831E-1,1.112183952E1,1.136566161E1
2.425782927E1,2.244467735E0,-1.679761529E0,9.408578873E0,9.817361693E0
2.426020490E1,-2.167897224E0,-1.770688742E-1,8.949156761E0,9.209698068E0
2.426258047E1,1.823330879E0,-2.191825628E0,1.226082325E1,1.258794748E1
2.426495609E1,-1.182054400E0,-8.135596663E-2,6.790830612E0,6.893420907E0
2.426733167E1,-3.876372576E-1,-1.722832322E0,1.348116302E1,1.359632930E1
2.426970729E1,7.944171429E-1,-8.279166222E-1,6.714260101E0,6.811595499E0
2.427208286E1,-1.301695466E0,-1.196411371E0,1.257667542E1,1.270033762E1
2.427445849E1,2.005185366E0,-1.296909928E0,8.145168304E0,8.488021585E0
2.427683406E1,-2.234896421E0,-4.115654826E-1,1.018385315E1,1.043431901E1
2.427920969E1,2.474178553E0,-2.038684845E0,1.050927734E1,1.098738848E1
2.428158526E1,-1.607976794E0,-1.100698411E-1,8.149953842E0,8.307794675E0
2.428396089E1,1.105484009E0,-2.191825628E0,1.292124271E1,1.315236510E1
2.428633646E1,-3.780659735E-1,-2.536391914E-1,6.589833736E0,6.605541264E0
2.428871208E1,-6.843472719E-1,-1.651047587E0,1.319402409E1,1.331452443E1
2.429108766E1,1.607976794E0,-1.028913736E0,7.484749317E0,7.724359209E0
2.429346328E1,-1.674975872E0,-1.033699393E0,1.162433243E1,1.178979147E1
2.429583886E1,2.263610125E0,-1.478764415E0,8.997013092E0,9.394515398E0
2.429821448E1,-2.191825628E0,-2.392822653E-1,9.260223389E0,9.519090965E0
2.430059005E1,2.373680115E0,-2.277967215E0,1.156690502E1,1.202567186E1
2.430296568E1,-1.249053478E0,-5.264209956E-2,7.216753006E0,7.324235778E0
2.430534125E1,1.866401732E-1,-1.842473388E0,1.349073410E1,1.361724823E1
2.430771688E1,2.871387303E-1,-6.843472719E-1,6.403193474E0,6.446058214E0
2.431009245E1,-1.091127157E0,-1.430907965E0,1.292124271E1,1.304594072E1
2.431246807E1,1.976471543E0,-1.162911773E0,8.011170387E0,8.332925928E0
2.431484365E1,-2.196611166E0,-6.221339107E-1,1.063370419E1,1.087602022E1
2.431721927E1,2.311466694E0,-1.689332843E0,9.753145218E0,1.016467242E1
2.431959484E1,-2.014756680E0,-2.009970993E-1,8.427521706E0,8.667339062E0
2.432197047E1,1.737189293E0,-2.105684042E0,1.262931824E1,1.292096788E1
2.432434604E1,-9.379864931E-1,-9.571290761E-2,6.518048763E0,6.585889409E0
2.432672167E1,-5.934200287E-1,-1.574477315E0,1.351466274E1,1.361900272E1
2.432909724E1,9.092726111E-1,-7.465606928E-1,6.766902447E0,6.868413083E0
2.433147287E1,-1.488335729E0,-1.057627559E0,1.247617722E1,1.260907281E1
2.433384844E1,2.048256159E0,-1.162911773E0,8.389236450E0,8.713610348E0
2.433622406E1,-2.388036966E0,-1.722832322E-1,9.824930191E0,1.011245051E1
2.433859964E1,2.230110645E0,-1.904686809E0,1.061934662E1,1.101688467E1
2.434097526E1,-1.598405480E0,9.571290575E-3,7.791030407E0,7.953310411E0
2.434335083E1,8.949156404E-1,-1.957328916E0,1.312223911E1,1.329756255E1
2.434572646E1,-3.541377485E-1,-1.531406492E-1,6.278766632E0,6.290610147E0
2.434810203E1,-1.210768223E0,-1.325623751E0,1.317009544E1,1.329190175E1
2.435047766E1,1.631905079E0,-8.709874153E-1,7.561319351E0,7.784297245E0
2.435285323E1,-1.856830359E0,-7.896314859E-1,1.139462185E1,1.157189457E1
2.435522886E1,2.129612207E0,-1.325623751E0,9.174081802E0,9.510851876E0
2.435760443E1,-2.316252232E0,-3.349951655E-2,8.910871506E0,9.207050429E0
2.435998005E1,2.115255117E0,-2.120040894E0,1.169611740E1,1.207344358E1
2.436235563E1,-1.028913736E0,8.614161611E-2,7.049255371E0,7.124470867E0
2.436473125E1,-2.871387079E-2,-1.732403636E0,1.340937805E1,1.352085303E1
2.436710682E1,3.972085714E-1,-5.024927258E-1,6.393621922E0,6.425626418E0
2.436948245E1,-1.253839016E0,-1.301695466E0,1.277288723E1,1.290012293E1
2.437185802E1,2.057827473E0,-1.024128079E0,8.236095428E0,8.550833885E0
2.437423365E1,-2.191825628E0,-5.216353536E-1,1.039442158E1,1.063579818E1
2.437660922E1,2.373680115E0,-1.722832322E0,9.987641335E0,1.040939422E1
2.437898484E1,-1.895115495E0,-1.100698411E-1,8.078168869E0,8.298216097E0
2.438136042E1,1.751546144E0,-2.143969059E0,1.284945774E1,1.314431746E1
2.438373604E1,-4.881358147E-1,-1.818545163E-1,6.360122681E0,6.381418976E0
2.438611162E1,-7.561319470E-1,-1.531406522E0,1.348116302E1,1.358891820E1
2.438848724E1,1.182054400E0,-8.518448472E-1,6.958328247E0,7.109235138E0
2.439086281E1,-1.363908887E0,-1.143769264E0,1.223210907E1,1.236094446E1
2.439323844E1,2.239681959E0,-1.330409408E0,8.824729919E0,9.201196804E0
2.439561401E1,-2.373680115E0,-2.632105052E-1,9.499505997E0,9.795113641E0
2.439798964E1,2.210968018E0,-2.057827473E0,1.098784161E1,1.139542437E1
2.440036521E1,-1.406979680E0,-1.531406492E-1,7.446464062E0,7.579767206E0
2.440274083E1,7.704889178E-1,-2.009970903E0,1.345244884E1,1.362358309E1
2.440511641E1,-8.614161611E-2,-4.067798555E-1,6.144768715E0,6.158820730E0
2.440749203E1,-1.354337573E0,-1.416550994E0,1.322752380E1,1.337191957E1
2.440986761E1,1.684547186E0,-1.071984529E0,7.714460373E0,7.968672970E0
2.441224323E1,-1.919043779E0,-8.709874153E-1,1.139462185E1,1.158787104E1
2.441461880E1,2.167897224E0,-1.579262972E0,9.480362892E0,9.852468243E0
2.441699443E1,-2.498106956E0,-1.483550072E-1,8.642875671E0,8.997880164E0
2.441937000E1,1.818545222E0,-2.215753794E0,1.200718403E1,1.234459962E1
2.442174563E1,-9.188438654E-1,-1.435693651E-1,7.010970116E0,7.072382072E0
2.442412120E1,-3.397808075E-1,-1.775474429E0,1.350987625E1,1.363027941E1
2.442649682E1,3.972085714E-1,-5.790630579E-1,6.613761902E0,6.650934909E0
2.442887240E1,-1.684547186E0,-1.378265858E0,1.262453270E1,1.281078225E1
2.443124797E1,2.053041935E0,-1.134197950E0,8.695517540E0,9.006298433E0
2.443362359E1,-2.411965132E0,-5.599204898E-1,1.027478027E1,1.056892598E1
2.443599922E1,2.019542217E0,-1.785045743E0,1.030827999E1,1.065483812E1
2.443837479E1,-2.124826431E0,-1.052841991E-1,7.910671711E0,8.191745787E0
2.444075042E1,1.320838094E0,-2.191825628E0,1.299781227E1,1.324733319E1
2.444312599E1,-4.498506486E-1,-2.201396823E-1,6.355337143E0,6.375040179E0
2.444550162E1,-1.119840980E0,-1.493121386E0,1.352901936E1,1.365715271E1
2.444787719E1,1.100698471E0,-8.901300430E-1,7.049255371E0,7.189983999E0
2.445025281E1,-1.684547186E0,-1.105484009E0,1.214596748E1,1.231195842E1
2.445262839E1,2.301895380E0,-1.320838094E0,9.212367058E0,9.587024691E0
2.445500401E1,-2.493321180E0,-2.727817893E-1,9.217152596E0,9.552327590E0
2.445737958E1,2.124826431E0,-1.995614052E0,1.132283688E1,1.169204848E1
2.445975521E1,-1.258624673E0,-2.009970993E-1,7.149754047E0,7.262473328E0
2.446213078E1,7.178468108E-1,-1.866401672E0,1.364387512E1,1.378963696E1
2.446450641E1,2.249253243E-1,-4.833501875E-1,6.092126369E0,6.115408613E0
2.446688198E1,-1.383051515E0,-1.325623751E0,1.312223911E1,1.326134492E1
2.446925761E1,1.995614052E0,-1.028913736E0,7.891529083E0,8.204716338E0
2.447163318E1,-1.713261008E0,-7.657032609E-1,1.119362450E1,1.134983674E1
2.447400880E1,2.464607239E0,-1.569691658E0,9.729216576E0,1.015853710E1
2.447638438E1,-2.177468538E0,-8.135596663E-2,8.336593628E0,8.616657203E0
2.447876000E1,1.995614052E0,-2.158325911E0,1.224168110E1,1.258966252E1
2.448113557E1,-3.254238665E-1,-2.249253243E-1,6.661618233E0,6.673353698E0
2.448351120E1,-1.004985496E-1,-1.746760488E0,1.364866066E1,1.376034919E1
2.448588677E1,9.619147182E-1,-6.077769399E-1,6.484549522E0,6.583620223E0
2.448826240E1,-1.531406522E0,-1.287338614E0,1.253839111E1,1.269699564E1
2.449063797E1,2.435893536E0,-1.205982566E0,8.819944382E0,9.229268127E0
2.449301359E1,-2.072184324E0,-5.312066078E-1,1.000199890E1,1.022820172E1
2.449538917E1,2.340180635E0,-1.861616015E0,1.060977554E1,1.102313008E1
2.449776474E1,-1.761117458E0,-1.052841991E-1,7.575676441E0,7.778399129E0
2.450014036E1,1.359123230E0,-2.191825628E0,1.305045509E1,1.330284532E1
2.450251599E1,4.785645381E-2,-3.397808075E-1,6.307480335E0,6.316806900E0
2.450489156E1,-1.076770186E0,-1.493121386E0,1.341894913E1,1.354463145E1
2.450726714E1,1.416550994E0,-9.332008362E-1,7.226324558E0,7.422751992E0
2.450964276E1,-1.756331801E0,-1.134197950E0,1.193061352E1,1.211241699E1
2.451201833E1,2.378465652E0,-1.440479279E0,9.533005714E0,9.930270760E0
2.451439396E1,-2.474178553E0,-3.541377485E-1,9.006584167E0,9.346953055E0
2.451676953E1,1.904686809E0,-2.110469580E0,1.149512005E1,1.184143989E1
2.451914516E1,-1.287338614E0,-2.488535494E-1,6.991827965E0,7.113706986E0
2.452152078E1,3.924229145E-1,-1.981257200E0,1.370130253E1,1.384937063E1
2.452389636E1,2.344966233E-1,-5.694918036E-1,6.049055576E0,6.080327536E0
2.452627193E1,-1.847259045E0,-1.335195065E0,1.315573883E1,1.335172558E1
2.452864755E1,1.761117458E0,-1.167697430E0,7.996813297E0,8.271280125E0
2.453102313E1,-2.124826431E0,-7.752745152E-1,1.105005455E1,1.127916856E1
2.453339875E1,2.134397745E0,-1.789831281E0,1.006421185E1,1.044258157E1
2.453577432E1,-2.459821701E0,-1.196411327E-1,8.135597229E0,8.500175238E0
2.453814995E1,1.397408366E0,-2.215753794E0,1.248574829E1,1.275759481E1
2.454052552E1,-6.029912829E-1,-3.541377485E-1,6.460621357E0,6.498356742E0
2.454290115E1,-4.737788737E-1,-1.713261008E0,1.374915886E1,1.386358897E1
2.454527672E1,9.188438654E-1,-8.374879360E-1,6.537191391E0,6.654361831E0
2.454765234E1,-2.005185366E0,-1.249053478E0,1.251924801E1,1.274019127E1
2.455002792E1,2.306680918E0,-1.339980721E0,9.073583603E0,9.457602476E0
2.455240354E1,-2.167897224E0,-6.460621357E-1,9.872786522E0,1.012862717E1
2.455477912E1,2.220539331E0,-2.000399828E0,1.098305607E1,1.138243889E1
2.455715474E1,-1.818545222E0,-2.823530734E-1,7.240681171E0,7.470896453E0
2.455953031E1,1.071984529E0,-2.210968018E0,1.330887985E1,1.353380262E1
2.456190594E1,3.637090325E-1,-5.503492355E-1,6.235695839E0,6.270492097E0
2.456428151E1,-1.134197950E0,-1.617548108E0,1.337587833E1,1.352098325E1
2.456665714E1,1.679761529E0,-9.906286001E-1,7.379465103E0,7.632787762E0
2.456903271E1,-1.856830359E0,-1.167697430E0,1.168175983E1,1.188590969E1
2.457140833E1,2.641676188E0,-1.507478237E0,9.920642853E0,1.037642030E1
2.457378391E1,-2.301895380E0,-4.354937077E-1,8.652446747E0,8.963995304E0
2.457615953E1,2.024327993E0,-2.148754835E0,1.192582798E1,1.228578138E1
2.457853510E1,-9.332008362E-1,-3.732803464E-1,6.661618233E0,6.737014138E0
2.458091073E1,5.024927258E-1,-1.957328916E0,1.381137276E1,1.395842587E1
2.458328630E1,8.518448472E-1,-7.944171429E-1,6.111268997E0,6.221281781E0
2.458566193E1,-1.756331801E0,-1.306481123E0,1.306481171E1,1.324692037E1
2.458803750E1,2.143969059E0,-1.172483087E0,8.279166222E0,8.632260031E0
2.459041313E1,-1.942971945E0,-8.709874153E-1,1.074377346E1,1.095273606E1
2.459278870E1,2.411965132E0,-1.756331801E0,1.057627583E1,1.098908038E1
2.459516432E1,-2.191825628E0,-2.871387303E-1,7.858029366E0,8.163037042E0
2.459753990E1,1.330409408E0,-2.072184324E0,1.267717457E1,1.291412762E1
2.459991552E1,-2.823530734E-1,-4.977070987E-1,6.288337708E0,6.314319182E0
2.460229109E1,-4.594219327E-1,-1.627119422E0,1.383051491E1,1.393347511E1
2.460466672E1,1.167697430E0,-9.092726111E-1,6.580262184E0,6.744638195E0
2.460704229E1,-2.167897224E0,-1.062413216E0,1.245703506E1,1.268882275E1
2.460941792E1,2.330609322E0,-1.368694544E0,9.217152596E0,9.605257234E0
2.461179349E1,-2.215753794E0,-5.455635786E-1,9.714859962E0,9.979263930E0
2.461416912E1,2.048256159E0,-2.024327993E0,1.126062298E1,1.162303261E1
2.461654469E1,-1.804188251E0,-2.249253243E-1,7.087540627E0,7.317029369E0
2.461892031E1,6.412764788E-1,-2.076970100E0,1.329930782E1,1.347577934E1
2.462129589E1,4.115654826E-1,-6.077769399E-1,6.269195557E0,6.312019636E0
2.462367151E1,-1.459621787E0,-1.531406522E0,1.329930782E1,1.346652480E1
2.462604708E1,1.655833244E0,-8.949156404E-1,7.637889862E0,7.866385401E0
2.462842271E1,-2.225325108E0,-9.858429432E-1,1.144247818E1,1.169847277E1
2.463079828E1,2.502892494E0,-1.631905079E0,1.020299530E1,1.063149557E1
2.463317391E1,-2.354537487E0,-3.876372576E-1,8.403593063E0,8.735816264E0
2.463554948E1,1.655833244E0,-2.096112728E0,1.216511059E1,1.245493428E1
2.463792510E1,-9.379864931E-1,-3.254238665E-1,6.484549522E0,6.560114470E0
2.464030068E1,9.571290761E-2,-1.852044702E0,1.375394440E1,1.387840830E1
2.464267630E1,1.067198873E0,-7.465606928E-1,6.278766632E0,6.412423623E0
2.464505188E1,-1.866401672E0,-1.205982566E0,1.290209961E1,1.309205956E1
2.464742750E1,2.210968018E0,-1.167697430E0,8.451449394E0,8.813563055E0
2.464980307E1,-2.076970100E0,-6.795616150E-1,1.043270683E1,1.065912664E1
2.465217870E1,2.531606436E0,-1.828116536E0,1.097348499E1,1.140913731E1
2.465455427E1,-2.048256159E0,-2.488535494E-1,7.432106972E0,7.713202669E0
2.465692990E1,1.196411371E0,-1.942971945E0,1.286381435E1,1.306461863E1
2.465930547E1,-1.914258115E-2,-5.072783828E-1,6.020341873E0,6.041706221E0
2.466168109E1,-4.594219327E-1,-1.540977836E0,1.374915886E1,1.384287003E1
2.466405667E1,1.579262972E0,-8.901300430E-1,6.704689026E0,6.945448723E0
2.466643229E1,-2.139183521E0,-8.135597110E-1,1.222253799E1,1.243496765E1
2.466880786E1,2.545963287E0,-1.397408366E0,9.336793900E0,9.778057042E0
2.467118349E1,-1.995614052E0,-3.158525825E-1,9.379864693E0,9.595003906E0
2.467355906E1,2.129612207E0,-1.919043779E0,1.155254745E1,1.190291266E1
2.467593469E1,-1.450050473E0,-9.092725813E-2,6.800402164E0,6.953875448E0
2.467831026E1,5.264210105E-1,-1.813759565E0,1.328016567E1,1.341378556E1
2.468068589E1,7.178468108E-1,-5.551348329E-1,6.029912949E0,6.097813452E0
2.468306146E1,-1.325623751E0,-1.258624673E0,1.328495121E1,1.341012092E1
2.468543708E1,1.957328916E0,-8.470591903E-1,7.551748276E0,7.847136279E0
2.468781266E1,-2.364108801E0,-5.982056856E-1,1.106441212E1,1.132996363E1
2.469018828E1,2.469393015E0,-1.507478237E0,1.033220863E1,1.072962850E1
2.469256386E1,-2.086541414E0,-1.722832322E-1,8.197810173E0,8.460935422E0
2.469493948E1,1.560120344E0,-1.861616015E0,1.223689461E1,1.247562340E1
2.469731505E1,-8.614161611E-1,-2.153540403E-1,6.168696880E0,6.232273772E0
2.469969068E1,-4.785645381E-2,-1.593619823E0,1.350030518E1,1.359412205E1
2.470206625E1,1.263410330E0,-6.747759581E-1,6.273981094E0,6.435399524E0
2.470444188E1,-2.062613010E0,-9.762716293E-1,1.270110226E1,1.290447509E1
2.470681745E1,2.234896421E0,-1.052842021E0,8.446663857E0,8.800532293E0
2.470919307E1,-2.297109842E0,-4.785645306E-1,1.012164021E1,1.039005958E1
2.471156865E1,2.368894339E0,-1.727617979E0,1.116491032E1,1.154346337E1
2.471394427E1,-1.952543259E0,-1.866401732E-1,7.207181931E0,7.469319320E0
2.471631984E1,9.427721500E-1,-1.794616938E0,1.295474148E1,1.311239094E1
2.471869547E1,-1.914258115E-2,-5.072783828E-1,5.871986866E0,5.893889001E0
2.472107104E1,-7.226324677E-1,-1.397408366E0,1.359123230E1,1.368197878E1
2.472344667E1,1.689332843E0,-9.571290612E-1,6.838686943E0,7.108978872E0
2.472582224E1,-2.378465652E0,-7.034898400E-1,1.197846985E1,1.223256869E1
2.472819781E1,2.349751949E0,-1.497906923E0,9.456435204E0,9.858459623E0
2.473057344E1,-2.201396942E0,-3.732803464E-1,9.174081802E0,9.441888775E0
2.473294906E1,1.966900229E0,-2.043470621E0,1.184925747E1,1.218398011E1
2.473532464E1,-1.478764415E0,-2.249253243E-1,6.565905571E0,6.734125895E0
2.473770026E1,2.249253243E-1,-1.804188251E0,1.333759308E1,1.346094632E1
2.474007583E1,7.082754970E-1,-8.135597110E-1,5.982056618E0,6.078530658E0
2.474245146E1,-1.478764415E0,-1.239482164E0,1.330409431E1,1.344328776E1
2.474482703E1,1.986042738E0,-1.148554921E0,7.680960655E0,8.016277238E0
2.474720261E1,-2.617748022E0,-5.790630579E-1,1.093998528E1,1.126371149E1
2.474957823E1,2.364108801E0,-1.741974831E0,1.051884842E1,1.092106491E1
2.475195386E1,-2.134397745E0,-2.871387303E-1,8.073383331E0,8.355693915E0
2.475432943E1,1.363908887E0,-1.962114573E0,1.267717457E1,1.290042232E1
2.475670505E1,-8.374879360E-1,-3.589234054E-1,5.857629776E0,5.928072085E0
2.475908063E1,-4.546363056E-1,-1.598405480E0,1.356251907E1,1.366394957E1
2.476145625E1,1.440479279E0,-8.470591903E-1,6.451049805E0,6.663972795E0
2.476383182E1,-2.254039049E0,-9.810572863E-1,1.254796219E1,1.278649759E1
2.476620740E1,2.167897224E0,-1.134197950E0,8.781659126E0,9.116124197E0
2.476858302E1,-2.502892494E0,-3.924229145E-1,9.810572624E0,1.013241342E1
2.477095859E1,2.191825628E0,-1.852044702E0,1.153819084E1,1.188966009E1
2.477333422E1,-1.871187329E0,-1.770688742E-1,7.077969551E0,7.323274430E0
2.477570979E1,5.838487148E-1,-1.665404558E0,1.313659668E1,1.325460765E1
2.477808542E1,-9.571290575E-3,-5.407779217E-1,5.828916073E0,5.853955496E0
2.478046099E1,-8.757730722E-1,-1.325623751E0,1.350030518E1,1.359347257E1
2.478283662E1,1.875972986E0,-9.188438654E-1,7.068397999E0,7.370603704E0
2.478521219E1,-2.459821701E0,-5.024927258E-1,1.183011532E1,1.209358715E1
2.478758781E1,2.340180635E0,-1.411765337E0,9.681360245E0,1.005973474E1
2.478996339E1,-2.234896421E0,-2.440679073E-1,8.925228119E0,9.204022389E0
2.479233901E1,1.971685886E0,-1.856830359E0,1.229432297E1,1.258911202E1
2.479471458E1,-1.220339537E0,-2.153540403E-1,6.360122681E0,6.479719628E0
2.479709021E1,9.571290761E-2,-1.464407444E0,1.338066387E1,1.346089952E1
2.479946578E1,1.019342422E0,-7.657032609E-1,6.029912949E0,6.163214310E0
2.480184141E1,-1.359123230E0,-1.033699393E0,1.311745358E1,1.322812680E1
2.480421698E1,2.249253273E0,-1.043270707E0,7.934599876E0,8.312967536E0
2.480659261E1,-2.502892494E0,-3.062812984E-1,1.076770210E1,1.105900934E1
2.480896818E1,2.498106956E0,-1.765903115E0,1.078684425E1,1.121226833E1
2.481134380E1,-1.828116536E0,-1.627119333E-1,7.977670670E0,8.186068321E0
2.481371938E1,1.349551916E0,-1.899901152E0,1.292602825E1,1.313442504E1
2.481609495E1,-4.354937077E-1,-4.067798555E-1,5.900700569E0,5.930715962E0
2.481847057E1,-4.929214716E-1,-1.469193101E0,1.336630726E1,1.345584147E1
2.482084620E1,1.842473388E0,-9.858429432E-1,6.833901405E0,7.146243972E0
2.482322177E1,-2.048256159E0,-9.284151793E-1,1.242832088E1,1.263014125E1
2.482559740E1,2.344966173E0,-1.220339537E0,9.068798065E0,9.446226405E0
2.482797297E1,-2.536391973E0,-3.110669553E-1,9.580862045E0,9.915793686E0
2.483034859E1,2.249253273E0,-1.995614052E0,1.190190029E1,1.227586438E1
2.483272417E1,-1.445264935E0,-3.014956415E-1,6.958328247E0,7.113228687E0
2.483509979E1,4.067798555E-1,-1.713261008E0,1.331845093E1,1.343435403E1
2.483747537E1,2.153540403E-1,-6.795616150E-1,5.833701611E0,5.877095867E0
2.483985099E1,-1.162911773E0,-1.416550994E0,1.324666595E1,1.337285083E1
2.484222656E1,2.143969059E0,-1.052842021E0,7.613961697E0,7.979817815E0
2.484460219E1,-2.627319336E0,-5.742774606E-1,1.135155106E1,1.166577528E1
2.484697776E1,2.172683001E0,-1.588834286E0,1.001635551E1,1.037170784E1
2.484935339E1,-2.301895380E0,-3.062812984E-1,8.662017822E0,8.967891800E0
2.485172896E1,1.598405480E0,-2.019542217E0,1.265803146E1,1.291739956E1
2.485410458E1,-1.162911773E0,-4.402793646E-1,6.302694798E0,6.424186440E0
2.485648016E1,-4.163511395E-1,-1.512263894E0,1.332323647E1,1.341524954E1
2.485885578E1,9.954141974E-1,-9.810572863E-1,6.192625046E0,6.348379934E0
2.486123136E1,-1.741974831E0,-1.091127157E0,1.296909904E1,1.313097730E1
2.486360698E1,2.196611166E0,-1.263410330E0,8.231309891E0,8.612535561E0
2.486598255E1,-2.866601467E0,-1.148554832E-1,1.035613632E1,1.074616933E1
2.486835818E1,2.091326952E0,-1.914258122E0,1.104526901E1,1.140333285E1
2.487073375E1,-1.832902193E0,-2.632105052E-1,7.747959614E0,7.966158949E0
2.487310938E1,8.374879360E-1,-1.852044702E0,1.307916832E1,1.323616635E1
2.487548495E1,-5.312066078E-1,-4.929214716E-1,5.891129494E0,5.935533569E0
2.487786057E1,-9.571290612E-1,-1.287338614E0,1.320359516E1,1.330068652E1
2.488023615E1,1.842473388E0,-1.028913736E0,6.910471916E0,7.225509931E0
2.488261177E1,-2.115255117E0,-7.465606928E-1,1.213161087E1,1.233724602E1
2.488498734E1,2.306680918E0,-1.339980721E0,9.198010445E0,9.577041366E0
2.488736297E1,-2.636890650E0,-1.292124242E-1,9.217152596E0,9.587793809E0
2.488973849E1,2.024327993E0,-2.053041935E0,1.209811115E1,1.243692802E1
2.489211417E1,-1.153340459E0,-2.919243574E-1,6.857829571E0,6.960261523E0
2.489448974E1,3.589234054E-1,-1.655833244E0,1.331845093E1,1.342578656E1
2.489686536E1,5.503492355E-1,-7.465606928E-1,5.809773445E0,5.883341281E0
2.489924094E1,-1.201196909E0,-1.287338614E0,1.298824120E1,1.310704101E1
2.490161656E1,2.593819857E0,-1.124626637E0,7.824530125E0,8.319612863E0
2.490399214E1,-2.306680918E0,-4.929214716E-1,1.094955635E1,1.120073804E1
2.490636771E1,2.474178553E0,-1.708475351E0,1.028435135E1,1.071486492E1
2.490874333E1,-1.923829436E0,-2.823530734E-1,8.283951759E0,8.509095117E0
2.491111891E1,1.847259045E0,-2.086541414E0,1.304088306E1,1.333531597E1
2.491349453E1,-4.307080805E-1,-5.742774606E-1,6.139982700E0,6.181803265E0
2.491587016E1,-2.871387303E-1,-1.521835208E0,1.331845093E1,1.340819026E1
2.491824573E1,1.564906001E0,-1.129412293E0,6.312266350E0,6.600697644E0
2.492062130E1,-1.378265858E0,-1.138983607E0,1.271067429E1,1.283581479E1
2.492299693E1,2.727817774E0,-1.483550072E0,8.623732567E0,9.165733686E0
2.492537255E1,-2.435893536E0,-2.009970993E-1,1.001156998E1,1.030560578E1
2.492774813E1,2.297109842E0,-2.124826431E0,1.142812061E1,1.184877807E1
2.493012375E1,-1.268195987E0,-4.785645306E-1,7.523034573E0,7.644173876E0
2.493249932E1,9.475577474E-1,-1.928615093E0,1.338544941E1,1.355683141E1
2.493487495E1,2.871387079E-2,-7.992027402E-1,5.824130535E0,5.878779295E0
2.493725052E1,-1.024128079E0,-1.359123230E0,1.312223911E1,1.323212808E1
2.493962609E1,2.115255117E0,-1.292124271E0,7.207181931E0,7.621506460E0
2.494200172E1,-2.005185366E0,-7.034898400E-1,1.191625690E1,1.210424904E1
2.494437729E1,2.407179594E0,-1.732403636E0,9.561718941E0,1.001110409E1
2.494675292E1,-2.660818815E0,-1.435693651E-1,8.968298912E0,9.355797898E0
2.494912849E1,1.636690736E0,-2.282752752E0,1.251924801E1,1.283048274E1
2.495150412E1,-9.379864931E-1,-4.402793646E-1,6.814758778E0,6.893083619E0
2.495387969E1,-2.057827413E-1,-1.689332843E0,1.334716511E1,1.345522235E1
2.495625531E1,5.551348329E-1,-9.092726111E-1,6.159125328E0,6.250582067E0
2.495863089E1,-1.665404558E0,-1.229910851E0,1.263888931E1,1.280733290E1
2.496100651E1,2.407179594E0,-1.354337573E0,8.365307808E0,8.809490257E0
2.496338208E1,-2.665604353E0,-3.445664644E-1,1.056670475E1,1.090318403E1
2.496575771E1,2.062613010E0,-1.871187329E0,1.076291656E1,1.111737772E1
2.496813328E1,-2.172683001E0,-2.584248483E-1,8.015955925E0,8.309204788E0
2.497050891E1,1.091127157E0,-2.076970100E0,1.333759308E1,1.354236879E1
2.497288448E1,-4.307080805E-1,-5.790630579E-1,6.240481377E0,6.282072213E0
2.497526010E1,-8.901300430E-1,-1.320838094E0,1.307916832E1,1.317579556E1
2.497763568E1,1.488335729E0,-1.095912814E0,6.781259537E0,7.028630666E0
2.498001130E1,-1.727617979E0,-9.762716293E-1,1.219382381E1,1.235423447E1
2.498238688E1,2.598605394E0,-1.517049551E0,9.092725754E0,9.577674612E0
2.498476250E1,-2.656033039E0,-7.657032460E-2,9.446864128E0,9.813440598E0
2.498713807E1,1.957328916E0,-2.024327993E0,1.185882950E1,1.218855518E1
2.498951370E1,-1.091127157E0,-3.780659735E-1,7.231110096E0,7.322734843E0
2.499188927E1,5.982056856E-1,-1.708475351E0,1.352423382E1,1.364483926E1
2.499426490E1,4.498506486E-1,-8.614161611E-1,6.029912949E0,6.107720817E0
2.499664042E1,-1.191625714E0,-1.201196909E0,1.273938751E1,1.285125831E1
2.499901609E1,2.402393818E0,-1.272981644E0,7.590033531E0,8.062294173E0
2.500139167E1,-1.708475351E0,-5.599204898E-1,1.143769264E1,1.157813508E1
2.500376729E1,2.679961443E0,-1.852044702E0,9.863214493E0,1.038726446E1
2.500614286E1,-2.244467735E0,2.871387079E-2,8.566305161E0,8.855509246E0
2.500851849E1,1.775474429E0,-2.187039852E0,1.278245831E1,1.308918229E1
2.501089406E1,-2.009970993E-1,-4.929214716E-1,6.628118515E0,6.649460614E0
2.501326969E1,-1.004985496E-1,-1.521835208E0,1.333280754E1,1.341975556E1
2.501564526E1,1.220339537E0,-1.004985452E0,6.345765591E0,6.539722110E0
2.501802089E1,-1.426122308E0,-1.062413216E0,1.232303619E1,1.245069346E1
2.502039646E1,2.799602509E0,-1.435693622E0,8.585447311E0,9.143790019E0
2.502277208E1,-2.239681959E0,-2.584248483E-1,1.011206818E1,1.036035142E1
2.502514766E1,2.277967215E0,-1.981257200E0,1.109791183E1,1.150122436E1
2.502752328E1,-1.789831281E0,-1.914258152E-1,7.623532772E0,7.833159757E0
2.502989886E1,9.140582681E-1,-1.976471543E0,1.345244884E1,1.362755746E1
2.503227448E1,3.349951655E-2,-6.939185858E-1,6.278766632E0,6.317084426E0
2.503465005E1,-1.100698471E0,-1.316052437E0,1.292602825E1,1.303939176E1
2.503702568E1,1.607976794E0,-1.115055323E0,7.044469833E0,7.311189573E0
2.503940125E1,-2.005185366E0,-8.614161611E-1,1.170090294E1,1.190268607E1
2.504177688E1,2.445464849E0,-1.622333765E0,9.566504478E0,1.000651154E1
2.504415245E1,-2.799602509E0,-1.004985496E-1,9.049654961E0,9.473337800E0
2.504652807E1,1.402194023E0,-2.105684042E0,1.222732353E1,1.248629225E1
2.504890365E1,-1.253839016E0,-4.689932466E-1,7.034898758E0,7.161135907E0
2.505127922E1,-8.614161611E-2,-1.674975872E0,1.358166122E1,1.368482686E1
2.505365484E1,2.105683982E-1,-9.619147182E-1,6.197410583E0,6.275150748E0
2.505603047E1,-1.899901152E0,-1.105484009E0,1.250489140E1,1.269661483E1
2.505840604E1,1.933400750E0,-1.330409408E0,7.963313580E0,8.301951025E0
2.506078162E1,-2.340180635E0,-5.024927258E-1,1.089212894E1,1.115201405E1
2.506315724E1,2.062613010E0,-1.995614052E0,1.037049294E1,1.076029607E1
2.506553286E1,-2.593819857E0,3.349951655E-2,8.173882484E0,8.575627005E0
2.506790844E1,7.800601721E-1,-2.105684042E0,1.306481171E1,1.325638352E1
2.507028401E1,-4.594219327E-1,-5.790630579E-1,6.532405853E0,6.574093760E0
2.507265964E1,-7.274180651E-1,-1.464407444E0,1.320359516E1,1.330445607E1
2.507503521E1,1.057627559E0,-9.619147182E-1,6.637690067E0,6.789903196E0
2.507741083E1,-2.033899307E0,-8.422735929E-1,1.187318611E1,1.207554221E1
2.507978641E1,2.488535643E0,-1.564906001E0,8.863015175E0,9.337814435E0
2.508216203E1,-2.282752752E0,-1.100698411E-1,9.815358162E0,1.007791305E1
2.508453760E1,1.962114573E0,-2.143969059E0,1.137547874E1,1.174086937E1
2.508691323E1,-1.574477315E0,-1.004985496E-1,7.398607731E0,7.564950438E0
2.508928880E1,6.077769399E-1,-1.942971945E0,1.345244884E1,1.360562063E1
2.509166443E1,4.881358147E-1,-7.417750359E-1,6.451049805E0,6.511877637E0
2.509404000E1,-1.091127157E0,-1.244267821E0,1.272981644E1,1.283693840E1
2.509641563E1,2.057827473E0,-1.186840057E0,7.379465103E0,7.752402753E0
2.509879120E1,-1.698904037E0,-7.226324677E-1,1.122233772E1,1.137318498E1
2.510116682E1,2.976671457E0,-1.789831281E0,9.978070259E0,1.056531850E1
2.510354240E1,-2.115255117E0,-4.307080805E-2,8.547162056E0,8.805120017E0
2.510591802E1,1.718046665E0,-2.053041935E0,1.267717457E1,1.295675193E1
2.510829359E1,-4.881358147E-1,-4.019941986E-1,6.675975323E0,6.705857322E0
2.511066922E1,2.249253243E-1,-1.612762451E0,1.357687569E1,1.367417813E1
2.511304474E1,1.115055323E0,-9.571290612E-1,6.489335060E0,6.653639150E0
2.511542042E1,-1.502692580E0,-9.619147182E-1,1.221775246E1,1.234734141E1
2.511779599E1,2.522035122E0,-1.373480201E0,8.322237015E0,8.803791112E0
2.512017162E1,-1.875972986E0,-3.445664644E-1,1.032263660E1,1.049737239E1
2.512254719E1,2.512463808E0,-2.024327993E0,1.089691448E1,1.136455558E1
2.512492281E1,-1.947757602E0,8.614161611E-2,7.791030407E0,8.031272306E0
2.512729839E1,7.561319470E-1,-1.947757602E0,1.324188042E1,1.340570372E1
2.512967401E1,-1.914258115E-2,-5.599204898E-1,6.537191391E0,6.561154523E0
2.513204958E1,-6.843472719E-1,-1.344766378E0,1.322273827E1,1.330855120E1
2.513442521E1,1.282552958E0,-1.043270707E0,6.924828529E0,7.119452649E0
2.513680078E1,-2.153540373E0,-6.699903607E-1,1.161954689E1,1.183640542E1
2.513917641E1,2.340180635E0,-1.627119422E0,9.107083321E0,9.542689853E0
2.514155198E1,-2.421536446E0,4.785645287E-3,9.480362892E0,9.784740274E0
2.514392761E1,1.641476393E0,-2.143969059E0,1.179183006E1,1.209703701E1
2.514630318E1,-1.713261008E0,3.349951655E-2,7.121040344E0,7.324315742E0
2.514867880E1,-1.579262912E-1,-1.813759565E0,1.346680546E1,1.358931616E1
2.515105438E1,3.254238665E-1,-6.508477330E-1,6.575476646E0,6.615617627E0
2.515343000E1,-1.694118381E0,-1.158126116E0,1.253839111E1,1.270521723E1
2.515580557E1,1.593619823E0,-1.110269666E0,7.724031448E0,7.964482701E0
2.515818120E1,-2.373680115E0,-4.498506486E-1,1.080120182E1,1.106809305E1
2.516055677E1,2.321038008E0,-1.847259045E0,1.023649502E1,1.065764578E1
2.516293240E1,-2.512463808E0,1.004985496E-1,8.279166222E0,8.652581561E0
2.516530797E1,9.667003751E-1,-1.919043779E0,1.284945774E1,1.302788559E1
2.516768354E1,-9.332008362E-1,-2.919243574E-1,6.460621357E0,6.534195585E0
2.517005917E1,-4.833501875E-1,-1.497906923E0,1.349073410E1,1.358224058E1
2.517243474E1,9.762716293E-1,-8.805587292E-1,6.666403770E0,6.794808989E0
2.517481037E1,-2.005185366E0,-8.279166222E-1,1.189232826E1,1.208857666E1
2.517718594E1,2.172683001E0,-1.296909928E0,8.461020470E0,8.831273644E0
2.517956156E1,-2.105684042E0,-2.727817893E-1,9.863214493E0,1.008916822E1
2.518193714E1,2.316252232E0,-2.000399828E0,1.108355427E1,1.149833897E1
2.518431276E1,-1.785045743E0,7.657032460E-2,7.465606689E0,7.676427200E0
2.518668833E1,5.742774606E-1,-1.852044702E0,1.323709488E1,1.337836107E1
2.518906396E1,2.201396823E-1,-5.934200287E-1,6.441478729E0,6.472500060E0
2.519143953E1,-6.364908218E-1,-1.272981644E0,1.309831142E1,1.317540758E1
2.519381516E1,1.765903115E0,-1.148554921E0,7.135396957E0,7.439857657E0
2.519619073E1,-1.880758643E0,-5.742774606E-1,1.124148083E1,1.141218379E1
2.519856636E1,2.732603550E0,-1.655833244E0,9.341579437E0,9.872892802E0
2.520094193E1,-1.785045743E0,-4.307080805E-2,9.102297783E0,9.275778583E0
2.520331755E1,2.053041935E0,-2.206182480E0,1.200718403E1,1.237960785E1
2.520569313E1,-1.028913736E0,9.571290575E-3,6.943971157E0,7.019792769E0
2.520806875E1,1.100698411E-1,-1.799402595E0,1.343330669E1,1.355373357E1
2.521044432E1,1.091127157E0,-8.135597110E-1,6.704689026E0,6.841439381E0
2.521281995E1,-1.205982566E0,-1.205982566E0,1.235175037E1,1.246894242E1
2.521519552E1,2.163111687E0,-1.124626637E0,8.030312538E0,8.392243842E0
2.521757115E1,-2.005185366E0,-4.115654826E-1,1.031785107E1,1.051894506E1
2.521994672E1,2.727817774E0,-1.938186288E0,1.036570740E1,1.089244902E1
2.522232234E1,-1.875972986E0,7.178468257E-2,8.135597229E0,8.349393389E0
2.522469792E1,1.124626637E0,-2.000399828E0,1.296909904E1,1.317057002E1
2.522707354E1,-4.833501875E-1,-2.488535494E-1,6.446264267E0,6.469148205E0
2.522944912E1,-5.407779217E-1,-1.560120344E0,1.339502144E1,1.349640751E1
2.523182474E1,1.344766378E0,-9.044869542E-1,7.106683254E0,7.289131645E0
2.523420031E1,-1.952543259E0,-8.566305041E-1,1.164826107E1,1.184179999E1
2.523657594E1,2.206182480E0,-1.354337573E0,8.843872070E0,9.214963081E0
2.523895151E1,-2.234896421E0,-2.584248483E-1,9.509077072E0,9.771596194E0
2.524132714E1,2.196611166E0,-2.081755638E0,1.161476135E1,1.200256174E1
2.524370271E1,-1.737189293E0,-1.435693540E-2,7.288537979E0,7.492717707E0
2.524607833E1,2.871387079E-2,-1.775474429E0,1.346201992E1,1.357862711E1
2.524845391E1,6.699903309E-2,-6.652047038E-1,6.518048763E0,6.552247389E0
2.525082948E1,-1.148554921E0,-1.368694544E0,1.304566860E1,1.316745884E1
2.525320511E1,1.531406522E0,-1.110269666E0,7.633104324E0,7.863980308E0
2.525558073E1,-2.359323025E0,-6.029912829E-1,1.094955635E1,1.121707573E1
2.525795630E1,2.196611166E0,-1.737189293E0,9.705288887E0,1.010126525E1
2.526033193E1,-2.191825628E0,-1.483550072E-1,8.772088051E0,9.042988309E0
2.526270750E1,1.540977836E0,-2.167897224E0,1.254796219E1,1.282675899E1
2.526508307E1,-1.134197950E0,-1.148554832E-1,6.747759819E0,6.843380696E0
2.526745870E1,-6.604190469E-1,-1.713261008E0,1.348116302E1,1.360563020E1
2.526983432E1,9.092726111E-1,-9.140582681E-1,6.929614544E0,7.048534381E0
2.527220990E1,-1.603191137E0,-1.210768223E0,1.236610699E1,1.252823944E1
2.527458547E1,1.966900229E0,-1.287338614E0,8.341380119E0,8.666288682E0
2.527696109E1,-2.388036966E0,-4.115654826E-1,1.003071213E1,1.031926802E1
2.527933667E1,2.368894339E0,-2.153540373E0,1.078205872E1,1.124731909E1
2.528171229E1,-1.765903115E0,-3.349951655E-2,7.948956966E0,8.142816029E0
2.528408786E1,7.034898400E-1,-2.124826431E0,1.318445301E1,1.337309188E1
2.528646349E1,-2.632105052E-1,-4.259224236E-1,6.417550564E0,6.437052503E0
2.528883906E1,-8.949156404E-1,-1.622333765E0,1.317009544E1,1.329978401E1
2.529121469E1,1.612762451E0,-1.038485050E0,7.604390144E0,7.842589074E0
2.529359026E1,-1.895115495E0,-9.427721500E-1,1.139462185E1,1.158955086E1
2.529596589E1,2.273181438E0,-1.593619823E0,9.092725754E0,9.507083655E0
2.529834141E1,-2.124826431E0,-2.344966233E-1,9.188439369E0,9.433837717E0
2.530071708E1,2.206182480E0,-2.273181438E0,1.191147137E1,1.232549168E1
2.530309266E1,-1.177268744E0,-1.004985496E-1,7.030112743E0,7.128712846E0
2.530546828E1,-3.828516230E-2,-1.718046665E0,1.360080433E1,1.370893973E1
2.530784386E1,5.647061467E-1,-7.609176040E-1,6.513263226E0,6.581830025E0
2.531021948E1,-1.086341500E0,-1.378265858E0,1.291167068E1,1.303038735E1
2.531259505E1,2.081755638E0,-1.244267821E0,8.068597794E0,8.425210935E0
2.531497068E1,-2.230110645E0,-4.785645306E-1,1.050927734E1,1.075394475E1
2.531734625E1,2.421536446E0,-1.942971945E0,1.009292603E1,1.055964651E1
2.531972188E1,-1.780260086E0,-1.866401732E-1,8.269595146E0,8.461108935E0
2.532209745E1,1.502692580E0,-2.153540373E0,1.291645622E1,1.318069279E1
2.532447307E1,-5.503492355E-1,-2.488535494E-1,6.527620316E0,6.555504508E0
2.532684865E1,-7.704889178E-1,-1.607976794E0,1.335195065E1,1.347047989E1
2.532922427E1,1.287338614E0,-9.523434043E-1,7.235895634E0,7.410963790E0
2.533159984E1,-1.488335729E0,-1.115055323E0,1.206461143E1,1.220710206E1
2.533397547E1,2.158325911E0,-1.402194023E0,8.796015739E0,9.164846518E0
2.533635104E1,-2.344966173E0,-2.967100143E-1,9.489934921E0,9.779865439E0
2.533872667E1,2.335394859E0,-2.163111687E0,1.118883896E1,1.163285170E1
2.534110224E1,-1.301695466E0,-6.221338734E-2,7.566105366E0,7.677514702E0
2.534347786E1,4.594219327E-1,-2.053041935E0,1.336152172E1,1.352613442E1
2.534585344E1,9.571290575E-3,-3.732803464E-1,6.436692715E0,6.447514477E0
2.534822906E1,-1.249053478E0,-1.454836130E0,1.294038486E1,1.308167586E1
2.535060464E1,1.847259045E0,-1.024128079E0,8.049455643E0,8.321955326E0
2.535298026E1,-2.081755638E0,-7.704889178E-1,1.092084217E1,1.114415333E1
2.535535578E1,2.153540373E0,-1.569691658E0,9.537791252E0,9.903086893E0
2.535773146E1,-2.210968018E0,-1.148554832E-1,8.662017822E0,8.940476727E0
2.536010703E1,1.852044702E0,-2.254039049E0,1.222253799E1,1.256587429E1
2.536248266E1,-8.853443861E-1,-8.135596663E-2,6.742974281E0,6.801334842E0
2.536485823E1,-5.599204898E-1,-1.627119422E0,1.349073410E1,1.360003438E1
2.536723386E1,7.561319470E-1,-7.226324677E-1,6.642475605E0,6.724315234E0
2.536960943E1,-1.483550072E0,-1.253839016E0,1.250010586E1,1.265012567E1
2.537198500E1,2.163111687E0,-1.177268744E0,8.662017822E0,9.005307691E0
2.537436057E1,-2.349751949E0,-4.115654826E-1,9.853643417E0,1.013829418E1
2.537673625E1,2.139183521E0,-1.957328916E0,1.045663452E1,1.085119570E1
2.537911182E1,-1.674975872E0,-1.866401732E-1,7.791030407E0,7.971231619E0
2.538148740E1,1.162911773E0,-2.076970100E0,1.313659668E1,1.335051838E1
2.538386302E1,-3.110669553E-1,-3.349951804E-1,6.259624004E0,6.276294854E0
2.538623859E1,-1.134197950E0,-1.454836130E0,1.328016567E1,1.340767517E1
2.538861422E1,1.545763373E0,-1.024128079E0,7.312466145E0,7.543897126E0
2.539098979E1,-1.665404558E0,-9.236295223E-1,1.178704453E1,1.193989458E1
2.539336510E1,2.249253273E0,-1.454836130E0,9.198010445E0,9.580140113E0
2.539574099E1,-2.359323025E0,-1.387837082E-1,8.901300430E0,9.209713101E0
2.539811662E1,2.086541414E0,-2.134397745E0,1.164826107E1,1.202461204E1
2.540049219E1,-9.044869542E-1,-1.627119333E-1,7.077969551E0,7.137382208E0
2.540286781E1,2.392822653E-1,-1.832902193E0,1.349073410E1,1.361677983E1
2.540524339E1,4.689932466E-1,-5.072783828E-1,6.312266350E0,6.349960039E0
2.540761901E1,-1.445264935E0,-1.316052437E0,1.283510113E1,1.298308922E1
2.540999458E1,2.220539331E0,-1.100698471E0,8.355736732E0,8.715541773E0
2.541237021E1,-1.928615093E0,-6.604190469E-1,1.052363396E1,1.071926216E1
2.541474578E1,2.440679073E0,-1.674975872E0,1.015035343E1,1.057317990E1
2.541712141E1,-1.947757602E0,-1.196411327E-1,7.963313580E0,8.198929006E0
2.541949693E1,1.741974831E0,-2.239681959E0,1.275374508E1,1.306555261E1
2.542187260E1,-1.196411327E-1,-1.962114573E-1,6.446264267E0,6.450359365E0
2.542424818E1,-5.790630579E-1,-1.598405480E0,1.350509071E1,1.361167474E1
2.542662380E1,1.301695466E0,-7.609176040E-1,6.900900364E0,7.063698218E0
2.542899938E1,-1.469193101E0,-1.201196909E0,1.220818138E1,1.235480048E1
2.543137500E1,2.574677229E0,-1.272981644E0,9.226723671E0,9.663429764E0
2.543375057E1,-2.124826431E0,-3.972085714E-1,9.403793335E0,9.649040942E0
2.543612620E1,2.392822742E0,-1.966900229E0,1.112662506E1,1.154972218E1
2.543850177E1,-1.225125194E0,-2.009970993E-1,7.326822758E0,7.431262564E0
2.544087740E1,1.067198873E0,-2.000399828E0,1.355294704E1,1.374128402E1
2.544325292E1,3.924229145E-1,-5.216353536E-1,6.116054535E0,6.150790377E0
2.544562859E1,-1.316052437E0,-1.354337573E0,1.334237862E1,1.347535867E1
2.544800417E1,1.938186288E0,-1.028913736E0,7.724031448E0,8.029688125E0
2.545037979E1,-1.708475351E0,-9.332008362E-1,1.138026428E1,1.154556915E1
2.545275536E1,2.478964329E0,-1.627119422E0,9.877572060E0,1.031306024E1
2.545513099E1,-2.344966173E0,-1.866401732E-1,8.370093346E0,8.694375396E0
2.545750656E1,1.799402595E0,-2.225325108E0,1.220339584E1,1.253446415E1
2.545988214E1,-5.694918036E-1,-3.541377485E-1,6.766902447E0,6.800051704E0
2.546225776E1,-1.052841991E-1,-1.794616938E0,1.370608807E1,1.382347947E1
2.546463333E1,6.987041831E-1,-6.891329288E-1,6.374479294E0,6.449579676E0
2.546700896E1,-1.856830359E0,-1.301695466E0,1.278245831E1,1.298204415E1
2.546938453E1,2.163111687E0,-1.292124271E0,8.685946465E0,9.044020306E0
2.547176016E1,-2.177468538E0,-5.694918036E-1,1.030827999E1,1.055112916E1
2.547413568E1,2.086541414E0,-1.895115495E0,1.055713367E1,1.092694785E1
2.547651136E1,-2.187039852E0,-1.531406492E-1,7.647460938E0,7.955517215E0
2.547888693E1,1.091127157E0,-2.220539331E0,1.303131199E1,1.326410365E1
2.548126255E1,-1.292124242E-1,-3.828516304E-1,6.360122681E0,6.372945295E0
2.548363813E1,-1.215553880E0,-1.603191137E0,1.342852020E1,1.357840005E1
2.548601375E1,1.229910851E0,-8.757730722E-1,7.159325123E0,7.316802265E0
2.548838932E1,-2.124826431E0,-1.129412293E0,1.189232826E1,1.213333965E1
2.549076495E1,2.316252232E0,-1.368694544E0,9.638289452E0,1.000674636E1
2.549314052E1,-2.545963287E0,-3.828516304E-1,8.953942299E0,9.316736935E0
2.549551615E1,1.847259045E0,-1.966900229E0,1.158126163E1,1.189145422E1
2.549789172E1,-1.402194023E0,-2.297109663E-1,6.819544315E0,6.965995972E0
2.550026734E1,4.163511395E-1,-1.947757602E0,1.363908863E1,1.378375299E1
2.550264292E1,5.599204898E-1,-6.508477330E-1,6.044270039E0,6.104941771E0
2.550501854E1,-1.789831281E0,-1.277767301E0,1.311745358E1,1.330051779E1
2.550739412E1,1.966900229E0,-1.052842021E0,8.044670105E0,8.348286646E0
2.550976969E1,-1.986042738E0,-8.039883971E-1,1.097827053E1,1.118540062E1
2.551214531E1,2.455035925E0,-1.689332843E0,1.022692394E1,1.065227770E1
2.551452094E1,-2.191825628E0,-1.962114573E-1,8.006384850E0,8.303300361E0
2.551689651E1,1.612762451E0,-2.120040894E0,1.249532032E1,1.277609510E1
2.551927214E1,-2.775674164E-1,-4.402793646E-1,6.312266350E0,6.333687398E0
2.552164771E1,-1.148554832E-1,-1.579262972E0,1.379222965E1,1.388282616E1
2.552402333E1,1.287338614E0,-8.662018180E-1,6.436692715E0,6.621069355E0
2.552639891E1,-1.890329838E0,-1.071984529E0,1.249053383E1,1.267816757E1
2.552877453E1,2.555534601E0,-1.344766378E0,8.968298912E0,9.421758811E0
2.553115011E1,-1.928615093E0,-4.833501875E-1,9.930213928E0,1.012730627E1
2.553352573E1,2.354537487E0,-2.009970903E0,1.099741268E1,1.142483766E1
2.553590130E1,-1.617548108E0,-1.148554832E-1,7.221538544E0,7.401369644E0
2.553827693E1,1.067198873E0,-2.053041935E0,1.323230934E1,1.343308993E1
2.554065250E1,5.455635786E-1,-5.216353536E-1,6.159125328E0,6.205204901E0
2.554302813E1,-1.086341500E0,-1.454836130E0,1.337109280E1,1.349380630E1
2.554540370E1,1.732403636E0,-8.949156404E-1,7.341179848E0,7.595723660E0
2.554777927E1,-2.139183521E0,-9.571290612E-1,1.157169056E1,1.180661783E1
2.555015490E1,2.593819857E0,-1.550549030E0,1.004985523E1,1.049436487E1
2.555253047E1,-2.330609322E0,-3.541377485E-1,8.604590416E0,8.921666301E0
2.555490609E1,1.665404558E0,-2.033899307E0,1.196411324E1,1.224950302E1
2.555728167E1,-1.124626637E0,-2.775674164E-1,6.561119556E0,6.662590981E0
2.555965729E1,8.614161611E-2,-1.852044702E0,1.363430309E1,1.375978600E1
2.556203287E1,7.513462901E-1,-7.322037220E-1,6.278766632E0,6.365811335E0
2.556440849E1,-2.081755638E0,-1.162911773E0,1.297388458E1,1.319119977E1
2.556678406E1,1.818545222E0,-1.119840980E0,8.303094864E0,8.573361935E0
2.556915964E1,-2.411965132E0,-6.987041831E-1,1.067198944E1,1.096344480E1
2.557153526E1,2.158325911E0,-1.741974831E0,1.080598736E1,1.115626326E1
2.557391089E1,-2.512463808E0,-2.201396823E-1,7.676175117E0,8.079888632E0
2.557628641E1,9.523434043E-1,-1.995614052E0,1.279681587E1,1.298645178E1
2.557866208E1,-5.264210105E-1,-5.072783828E-1,6.130411625E0,6.173847838E0
2.558103766E1,-8.087740541E-1,-1.536192179E0,1.385444355E1,1.396279370E1
2.558341328E1,1.062413216E0,-9.044869542E-1,6.628118515E0,6.773387154E0
2.558578886E1,-2.502892494E0,-8.949156404E-1,1.239482117E1,1.267662954E1
2.558816448E1,2.096112728E0,-1.392622828E0,9.317651749E0,9.651513924E0
2.559054005E1,-2.426322222E0,-4.259224236E-1,9.585647583E0,9.897125291E0
2.559291568E1,1.875972986E0,-1.986042738E0,1.145683479E1,1.177806028E1
2.559529125E1,-1.962114573E0,-1.722832322E-1,6.900900364E0,7.176489458E0
2.559766682E1,4.402793646E-1,-1.880758643E0,1.337109280E1,1.350989347E1
2.560004245E1,3.828516304E-1,-6.795616150E-1,5.958128452E0,6.008966135E0
2.560241807E1,-1.450050473E0,-1.320838094E0,1.344287777E1,1.358522073E1
2.560479365E1,1.756331801E0,-9.475577474E-1,7.436892986E0,7.699996388E0
2.560716927E1,-2.440679073E0,-7.226324677E-1,1.137547874E1,1.165678466E1
2.560954484E1,2.455035925E0,-1.545763373E0,1.016949654E1,1.057521847E1
2.561192047E1,-2.134397745E0,-2.344966233E-1,8.417949677E0,8.687492110E0
2.561429604E1,1.698904037E0,-1.966900229E0,1.224168110E1,1.251454065E1
2.561667167E1,-9.714859724E-1,-2.344966233E-1,6.163911343E0,6.244403630E0
2.561904724E1,1.052841991E-1,-1.713261008E0,1.361994648E1,1.372768335E1
2.562142281E1,1.411765337E0,-6.747759581E-1,6.283552170E0,6.475448388E0
2.562379844E1,-1.847259045E0,-1.067198873E0,1.275853062E1,1.293566322E1
2.562617406E1,2.383251429E0,-1.033699393E0,8.413164139E0,8.805098105E0
2.562854964E1,-2.086541414E0,-4.737788737E-1,1.023649502E1,1.045772211E1
2.563092521E1,2.660818815E0,-1.684547186E0,1.105484104E1,1.149465817E1
2.563330083E1,-1.847259045E0,-1.196411327E-1,7.283751965E0,7.515299240E0
2.563567641E1,1.282552958E0,-1.789831281E0,1.291167068E1,1.309807917E1
2.563805203E1,7.657032460E-2,-4.259224236E-1,5.843272686E0,5.859275434E0
2.564042761E1,-3.732803464E-1,-1.378265858E0,1.366301727E1,1.373743047E1
2.564280318E1,1.785045743E0,-8.374879360E-1,6.613761902E0,6.901421654E0
2.564517880E1,-2.076970100E0,-6.077769399E-1,1.214118195E1,1.233253813E1
2.564755443E1,2.550748825E0,-1.282552958E0,9.260223389E0,9.690355972E0
2.564993000E1,-2.057827473E0,-2.967100143E-1,9.212367058E0,9.444066791E0
2.565230563E1,2.244467735E0,-1.804188251E0,1.178704453E1,1.213371952E1
2.565468120E1,-1.483550072E0,-6.221338734E-2,6.532405853E0,6.699038554E0
2.565705682E1,4.450650215E-1,-1.588834286E0,1.337587833E1,1.347726228E1
2.565943240E1,6.556333899E-1,-5.216353536E-1,5.804987907E0,5.865137951E0
2.566180802E1,-1.229910851E0,-1.124626637E0,1.336152172E1,1.346505583E1
2.566418359E1,1.919043779E0,-8.566305041E-1,7.446464062E0,7.737336226E0
2.566655922E1,-2.512463808E0,-4.259224236E-1,1.110748291E1,1.139605462E1
2.566893479E1,2.378465652E0,-1.497906923E0,1.017428207E1,1.055541755E1
2.567131042E1,-2.182254314E0,-5.264209956E-2,8.279166222E0,8.562102453E0
2.567368599E1,1.450050473E0,-1.885544300E0,1.225603771E1,1.248472603E1
2.567606162E1,-1.095912814E0,-1.244267747E-1,6.029912949E0,6.129955716E0
2.567843719E1,-2.919243574E-1,-1.512263894E0,1.345244884E1,1.354033020E1
2.568081281E1,1.143769264E0,-6.604190469E-1,6.259624004E0,6.397441217E0
2.568318839E1,-2.139183521E0,-9.667003751E-1,1.268674564E1,1.290209792E1
2.568556401E1,2.033899307E0,-9.571290612E-1,8.475378036E0,8.768402095E0
2.568793958E1,-2.636890650E0,-3.780659735E-1,1.003071213E1,1.037840604E1
2.569031521E1,2.234896421E0,-1.789831281E0,1.120319557E1,1.156329750E1
2.569269078E1,-2.081755638E0,-1.435693651E-1,7.178467751E0,7.475608199E0
2.569506641E1,7.992027402E-1,-1.727617979E0,1.306481171E1,1.320275327E1
2.569744198E1,-2.727817893E-1,-4.689932466E-1,5.742774487E0,5.768346676E0
2.569981755E1,-7.369893789E-1,-1.397408366E0,1.356730461E1,1.365897719E1
2.570219318E1,1.732403636E0,-8.757730722E-1,6.719046116E0,6.993838827E0
2.570456880E1,-2.397608280E0,-6.843472719E-1,1.211725426E1,1.237112393E1
2.570694438E1,2.373680115E0,-1.359123230E0,9.269794464E0,9.664919174E0
2.570931995E1,-2.177468538E0,-3.158525825E-1,9.202795982E0,9.462166030E0
2.571169557E1,2.167897224E0,-1.895115495E0,1.193061352E1,1.227317318E1
2.571407115E1,-1.411765337E0,-2.392822653E-1,6.479763508E0,6.636088644E0
2.571644677E1,3.828516304E-1,-1.646261930E0,1.334237862E1,1.344900817E1
2.571882234E1,7.992027402E-1,-7.848458290E-1,5.876772404E0,5.982571511E0
2.572119797E1,-1.100698471E0,-1.220339537E0,1.336630726E1,1.346695717E1
2.572357354E1,2.249253273E0,-1.057627559E0,7.537391186E0,7.936622848E0
2.572594917E1,-2.392822742E0,-4.259224236E-1,1.115055370E1,1.141235552E1
2.572832474E1,2.603390932E0,-1.694118381E0,1.034656525E1,1.080273548E1
2.573070036E1,-1.746760488E0,-2.344966233E-1,8.370093346E0,8.553632181E0
2.573307594E1,1.732403636E0,-2.000399828E0,1.261017513E1,1.288484919E1
2.573545156E1,-6.173482537E-1,-3.302095234E-1,6.206982136E0,6.246341684E0
2.573782714E1,-5.264209956E-2,-1.579262972E0,1.349073410E1,1.358295805E1
2.574020276E1,1.660618901E0,-9.475577474E-1,6.474977970E0,6.751359903E0
2.574257833E1,-1.670190215E0,-1.105484009E0,1.277767277E1,1.293369830E1
2.574495396E1,2.483749866E0,-1.191625714E0,8.681160927E0,9.107773618E0
2.574732953E1,-2.392822742E0,-4.689932466E-1,1.003549862E1,1.032747732E1
2.574970516E1,2.512463808E0,-1.981257200E0,1.159083271E1,1.202436100E1
2.575208073E1,-1.617548108E0,-3.349951804E-1,7.317251682E0,7.501390260E0
2.575445636E1,8.805587292E-1,-1.818545222E0,1.328495121E1,1.343772373E1
2.575683193E1,-5.742774159E-2,-5.982056856E-1,5.910272121E0,5.940746126E0
2.575920755E1,-7.896314859E-1,-1.574477315E0,1.349073410E1,1.360523441E1
2.576158313E1,1.899901152E0,-9.571290612E-1,7.231110096E0,7.537550905E0
2.576395875E1,-2.450250387E0,-8.279166222E-1,1.189711380E1,1.217499444E1
2.576633432E1,2.234896421E0,-1.469193101E0,9.676574707E0,1.003939184E1
2.576870995E1,-2.455035925E0,-4.307080805E-1,9.169296265E0,9.502036878E0
2.577108552E1,1.856830359E0,-2.062613010E0,1.236132145E1,1.266903546E1
2.577346104E1,-1.526620865E0,-3.780659735E-1,6.675975323E0,6.858728137E0
2.577583672E1,-1.339980662E-1,-1.732403636E0,1.344287777E1,1.355470917E1
2.577821229E1,4.737788737E-1,-8.757730722E-1,6.044270039E0,6.125736298E0
2.578058792E1,-1.493121386E0,-1.373480201E0,1.339023590E1,1.354305271E1
2.578296349E1,1.928615093E0,-1.225125194E0,7.814958572E0,8.142116764E0
2.578533912E1,-2.871387243E0,-4.307080805E-1,1.115533924E1,1.152701036E1
2.578771469E1,2.115255117E0,-1.832902193E0,1.058106136E1,1.094498489E1
2.579009031E1,-2.215753794E0,-3.637090325E-1,8.260024071E0,8.559780767E0
2.579246589E1,1.229910851E0,-2.081755638E0,1.292602825E1,1.315023169E1
2.579484151E1,-9.858429432E-1,-4.067798555E-1,6.106483459E0,6.198910904E0
2.579721708E1,-6.699903607E-1,-1.622333765E0,1.348594856E1,1.359969347E1
2.579959271E1,1.330409408E0,-1.081555843E0,6.522834301E0,6.744413952E0
2.580196828E1,-2.000399828E0,-1.067198873E0,1.271067429E1,1.291130333E1
2.580434391E1,2.191825628E0,-1.373480201E0,8.762516975E0,9.136314968E0
2.580671948E1,-2.708675146E0,-3.589234054E-1,9.958928108E0,1.032695483E1
2.580909510E1,2.148754835E0,-2.105684042E0,1.155733299E1,1.194248712E1
2.581147063E1,-1.560120344E0,-3.541377485E-1,7.412964344E0,7.583629039E0
2.581384630E1,7.561319470E-1,-1.938186288E0,1.328016567E1,1.344213904E1
2.581622188E1,-2.392822690E-2,-7.417750359E-1,5.781059742E0,5.828503625E0
2.581859750E1,-8.183453679E-1,-1.521835208E0,1.334237862E1,1.345380016E1
2.582097307E1,2.230110645E0,-1.191625714E0,7.283751965E0,7.710149675E0
2.582334870E1,-2.215753794E0,-8.231309652E-1,1.180618668E1,1.204047978E1
2.582572427E1,2.517249346E0,-1.579262972E0,9.676574707E0,1.012258435E1
2.582809990E1,-2.167897224E0,-4.067798555E-1,8.968298912E0,9.235563524E0
2.583047547E1,2.225325108E0,-2.167897224E0,1.249532032E1,1.287574775E1
2.583285109E1,-1.019342422E0,-4.881358147E-1,6.465406895E0,6.563445883E0
2.583522667E1,2.632105052E-1,-1.655833244E0,1.346680546E1,1.357077421E1
2.583760229E1,9.619147182E-1,-9.523434043E-1,5.905486107E0,6.058630542E0
2.583997786E1,-1.143769264E0,-1.359123230E0,1.316530991E1,1.328460797E1
2.584235344E1,2.541177750E0,-1.263410330E0,7.901100159E0,8.395306649E0
2.584472901E1,-2.426322222E0,-3.972085714E-1,1.090648556E1,1.118017180E1
2.584710464E1,2.402393818E0,-1.871187329E0,1.053320503E1,1.096454497E1
2.584948026E1,-1.799402595E0,-3.684946895E-1,8.126026154E0,8.331022691E0
2.585185583E1,1.603191137E0,-2.005185366E0,1.297867012E1,1.323014997E1
2.585423146E1,-6.221339107E-1,-5.216353536E-1,6.020341873E0,6.074839118E0
2.585660708E1,-4.402793646E-1,-1.497906923E0,1.331366539E1,1.340489676E1
2.585898266E1,1.631905079E0,-1.062413216E0,6.417550564E0,6.706473833E0
2.586135823E1,-1.684547186E0,-9.284151793E-1,1.275374508E1,1.289797145E1
2.586373386E1,2.440679073E0,-1.387837172E0,8.623732567E0,9.069276142E0
2.586610938E1,-2.617748022E0,-1.339980662E-1,9.824930191E0,1.016856988E1
2.586848505E1,2.167897224E0,-2.053041935E0,1.155254745E1,1.193214617E1
2.587086063E1,-1.464407444E0,-2.679961324E-1,7.379465103E0,7.528134981E0
2.587323625E1,6.939185858E-1,-1.813759565E0,1.321316624E1,1.335511171E1
2.587561182E1,-4.785645381E-2,-6.699903607E-1,5.781059742E0,5.819950950E0
2.587798745E1,-1.033699393E0,-1.368694544E0,1.318445301E1,1.329555040E1
2.588036297E1,2.206182480E0,-1.162911773E0,7.307680130E0,7.721514994E0
2.588273865E1,-2.277967215E0,-7.130611539E-1,1.166740322E1,1.190906750E1
2.588511422E1,2.306680918E0,-1.512263894E0,9.738788605E0,1.012184383E1
2.588748984E1,-2.545963287E0,-2.536391914E-1,8.748159409E0,9.114634109E0
2.588986542E1,1.861616015E0,-2.076970100E0,1.265324593E1,1.295700781E1
2.589224104E1,-1.043270707E0,-4.307080805E-1,6.446264267E0,6.544329318E0
2.589461662E1,-1.722832322E-1,-1.540977836E0,1.340937805E1,1.349873009E1
2.589699224E1,7.561319470E-1,-8.757730722E-1,5.953342915E0,6.064734607E0
2.589936781E1,-1.421336651E0,-1.244267821E0,1.289731407E1,1.303491889E1
2.590174344E1,2.459821701E0,-1.229910851E0,8.145168304E0,8.596927952E0
2.590411901E1,-2.617748022E0,-3.254238665E-1,1.059063339E1,1.091421188E1
2.590649464E1,2.201396942E0,-1.823330879E0,1.066241741E1,1.103892336E1
2.590887021E1,-1.895115495E0,-3.158525825E-1,8.001599312E0,8.229022854E0
2.591124583E1,1.363908887E0,-1.904686809E0,1.317009544E1,1.337682673E1
2.591362141E1,-5.455635786E-1,-5.312066078E-1,5.895915031E0,5.944883021E0
2.591599703E1,-6.604190469E-1,-1.330409408E0,1.322273827E1,1.330589906E1
2.591837261E1,1.703689694E0,-1.028913736E0,6.508477688E0,6.805990293E0
2.592074818E1,-1.670190215E0,-8.853443861E-1,1.246660614E1,1.260910935E1
2.592312380E1,2.512463808E0,-1.363908887E0,8.738588333E0,9.194326941E0
2.592549938E1,-2.593819857E0,-3.349951655E-2,9.571290970E0,9.916583812E0
2.592787500E1,2.172683001E0,-2.014756680E0,1.172004509E1,1.208880692E1
2.593025057E1,-1.086341500E0,-3.014956415E-1,7.211967468E0,7.299555619E0
2.593262620E1,6.556333899E-1,-1.698904037E0,1.333759308E1,1.346133423E1
2.593500177E1,2.584248483E-1,-6.125625968E-1,5.752345562E0,5.790638635E0
2.593737734E1,-1.024128079E0,-1.229910851E0,1.306481171E1,1.316247788E1
2.593975297E1,2.440679073E0,-1.148554921E0,7.393822193E0,7.870495497E0
2.594212854E1,-2.038684845E0,-4.977070987E-1,1.150947666E1,1.169923080E1
2.594450417E1,2.617748022E0,-1.588834286E0,9.906285286E0,1.036877463E1
2.594687979E1,-2.268395901E0,-6.221338734E-2,8.465806961E0,8.764666449E0
2.594925537E1,1.847259045E0,-2.072184324E0,1.284945774E1,1.314590728E1
2.595163099E1,-4.785645306E-1,-3.732803464E-1,6.451049805E0,6.479537469E0
2.595400656E1,-9.571290761E-2,-1.483550072E0,1.328016567E1,1.336311648E1
2.595638219E1,1.182054400E0,-9.188438654E-1,6.163911343E0,6.343132483E0
2.595875776E1,-1.306481123E0,-1.148554921E0,1.261496067E1,1.273433563E1
2.596113339E1,2.780459881E0,-1.253839016E0,8.484949112E0,9.016508795E0
2.596350896E1,-2.359323025E0,-2.392822653E-1,1.030349445E1,1.057287374E1
2.596588458E1,2.340180635E0,-1.875972986E0,1.098784161E1,1.138983684E1
2.596826016E1,-1.612762451E0,-2.344966233E-1,7.767102242E0,7.936237687E0
2.597063578E1,1.186840057E0,-1.895115495E0,1.334237862E1,1.352845591E1
2.597301136E1,-1.866401732E-1,-6.269195080E-1,6.053841114E0,6.089076684E0
2.597538693E1,-8.949156404E-1,-1.234696507E0,1.304088306E1,1.312973650E1
2.597776250E1,1.708475351E0,-1.119840980E0,6.886543751E0,7.183134182E0
2.598013818E1,-1.832902193E0,-7.561319470E-1,1.212682533E1,1.228784597E1
2.598251375E1,2.445464849E0,-1.584048629E0,9.207581520E0,9.657591099E0
2.598488938E1,-2.828316450E0,5.742774159E-2,9.274580956E0,9.696418091E0
2.598726495E1,1.617548108E0,-2.072184324E0,1.210289669E1,1.238509257E1
2.598964052E1,-1.210768223E0,-3.780659735E-1,7.054041386E0,7.167174718E0
2.599201615E1,6.221338734E-2,-1.651047587E0,1.347159195E1,1.357253176E1
2.599439172E1,1.004985496E-1,-7.465606928E-1,6.063412666E0,6.110026677E0
2.599676734E1,-1.785045743E0,-1.134197950E0,1.264367485E1,1.281933333E1
2.599914292E1,2.024327993E0,-1.253839016E0,7.901100159E0,8.252114870E0
2.600151854E1,-2.478964329E0,-2.967100143E-1,1.106919765E1,1.134726565E1
2.600389412E1,1.962114573E0,-1.808973908E0,1.023649502E1,1.057866298E1
2.600626974E1,-2.665604353E0,2.392822690E-2,8.264809608E0,8.684071452E0
2.600864531E1,9.762716293E-1,-2.081755638E0,1.303131199E1,1.323260764E1
2.601102094E1,-7.034898400E-1,-4.977070987E-1,6.503692150E0,6.560535184E0
2.601339651E1,-7.944171429E-1,-1.402194023E0,1.320359516E1,1.330158531E1
2.601577214E1,9.284151793E-1,-1.024128079E0,6.460621357E0,6.606846554E0
2.601814771E1,-1.914258122E0,-9.954141974E-1,1.226082325E1,1.244921766E1
2.602052333E1,2.455035925E0,-1.459621787E0,8.891729355E0,9.339194188E0
2.602289891E1,-2.737389088E0,-1.531406492E-1,9.734002113E0,1.011274187E1
2.602527453E1,1.871187329E0,-1.981257200E0,1.149990559E1,1.181839882E1
2.602765011E1,-1.679761529E0,-2.584248483E-1,7.389036179E0,7.581967940E0
2.603002573E1,6.604190469E-1,-1.909472466E0,1.356251907E1,1.371219027E1
2.603240125E1,4.307080805E-2,-7.178468108E-1,6.125626087E0,6.167694391E0
2.603477693E1,-1.229910851E0,-1.234696507E0,1.279681587E1,1.291493913E1
2.603715250E1,1.947757602E0,-1.191625714E0,7.226324558E0,7.578489173E0
2.603952813E1,-1.847259045E0,-7.178468108E-1,1.158126163E1,1.174960812E1
2.604190370E1,2.689532757E0,-1.737189293E0,9.662218094E0,1.017889344E1
2.604427927E1,-2.478964329E0,-4.785645287E-3,8.719446182E0,9.064989177E0
2.604665490E1,1.665404558E0,-2.115255117E0,1.249053383E1,1.277737500E1
2.604903047E1,-6.460621357E-1,-4.977070987E-1,6.805187702E0,6.853881258E0
2.605140609E1,1.292124242E-1,-1.584048629E0,1.343809223E1,1.353174892E1
2.605378167E1,8.805587292E-1,-9.667003751E-1,6.245266914E0,6.380693702E0
2.605615729E1,-1.579262972E0,-1.024128079E0,1.229432297E1,1.243757561E1
2.605853286E1,2.603390932E0,-1.411765337E0,8.279166222E0,8.792913001E0
2.606090849E1,-1.952543259E0,-2.967100143E-1,1.053799057E1,1.072146013E1
2.606328406E1,2.330609322E0,-2.009970903E0,1.063848972E1,1.107470932E1
2.606565969E1,-2.053041935E0,5.264209956E-2,7.901100159E0,8.163647230E0
2.606803526E1,1.009771109E0,-2.096112728E0,1.322752380E1,1.343058868E1
2.607041089E1,1.914258115E-2,-5.407779217E-1,6.518048763E0,6.540471457E0
2.607278646E1,-8.183453679E-1,-1.402194023E0,1.307438278E1,1.317479876E1
2.607516208E1,1.416550994E0,-1.052842021E0,6.891329288E0,7.113755155E0
2.607753766E1,-1.895115495E0,-7.322037220E-1,1.177747345E1,1.195142108E1
2.607991328E1,2.627319336E0,-1.684547186E0,9.255437851E0,9.767478484E0
2.608228886E1,-2.459821701E0,-7.657032460E-2,9.346364975E0,9.664943045E0
2.608466448E1,1.713261008E0,-1.986042738E0,1.196411324E1,1.224825026E1
2.608704005E1,-1.493121386E0,-2.009970993E-1,7.073183537E0,7.231855685E0
2.608941568E1,1.531406492E-1,-1.780260086E0,1.364387512E1,1.376038177E1
2.609179120E1,3.876372576E-1,-7.657032609E-1,6.331408501E0,6.389311209E0
2.609416688E1,-1.718046665E0,-1.124626637E0,1.256710434E1,1.273375753E1
2.609654245E1,1.828116536E0,-1.186840057E0,7.714460373E0,8.016451724E0
2.609891807E1,-2.206182480E0,-5.264210105E-1,1.091605663E1,1.114919964E1
2.610129365E1,2.263610125E0,-1.818545222E0,1.020778179E1,1.061272098E1
2.610366927E1,-2.574677229E0,3.828516230E-2,8.370093346E0,8.757219376E0
2.610604484E1,9.044869542E-1,-2.024327993E0,1.277288723E1,1.296389790E1
2.610842042E1,-7.561319470E-1,-4.307080805E-1,6.714260101E0,6.770416064E0
2.611079604E1,-4.689932466E-1,-1.459621787E0,1.338066387E1,1.346820760E1
2.611317162E1,8.135597110E-1,-9.858429432E-1,6.628118515E0,6.750238571E0
2.611554724E1,-2.067398787E0,-7.704889178E-1,1.197368431E1,1.217525798E1
2.611792281E1,2.306680918E0,-1.459621787E0,8.642875671E0,9.063695300E0
2.612029844E1,-2.187039852E0,-1.866401732E-1,9.925428391E0,1.016524012E1
2.612267401E1,2.110469580E0,-2.096112728E0,1.125583744E1,1.164223548E1
2.612504964E1,-1.861616015E0,1.004985496E-1,7.432106972E0,7.662370925E0
2.612742521E1,4.546363056E-1,-1.914258122E0,1.343330669E1,1.357662723E1
2.612980083E1,4.402793646E-1,-6.508477330E-1,6.460621357E0,6.508231481E0
2.613217641E1,-9.140582681E-1,-1.316052437E0,1.283988667E1,1.293948168E1
2.613455203E1,1.861616015E0,-1.115055323E0,7.341179848E0,7.655186746E0
2.613692760E1,-1.861616015E0,-5.934200287E-1,1.112183952E1,1.129216879E1
2.613930323E1,2.837887764E0,-1.828116536E0,9.690931320E0,1.026205471E1
2.614167880E1,-1.861616015E0,9.571290575E-3,8.882157326E0,9.075154244E0
2.614405443E1,1.837687731E0,-2.120040894E0,1.237089348E1,1.268505716E1
2.614643000E1,-7.082754970E-1,-1.866401732E-1,6.738188744E0,6.777881400E0
2.614880563E1,2.249253243E-1,-1.679761529E0,1.348594856E1,1.359201967E1
2.615118120E1,1.311266780E0,-8.566305041E-1,6.714260101E0,6.894528635E0
2.615355682E1,-1.344766378E0,-1.062413216E0,1.223210907E1,1.235158333E1
2.615593240E1,2.488535643E0,-1.268195987E0,8.126026154E0,8.592638230E0
2.615830802E1,-1.746760488E0,-4.259224236E-1,1.023170948E1,1.038847732E1
2.616068359E1,2.847458839E0,-1.971685886E0,1.086341476E1,1.140216416E1
2.616305922E1,-1.741974831E0,-9.571290575E-3,7.695317745E0,7.890024279E0
2.616543474E1,9.714859724E-1,-1.914258122E0,1.321316624E1,1.338640845E1
2.616781042E1,7.657032460E-2,-5.599204898E-1,6.484549522E0,6.509128703E0
2.617018599E1,-3.732803464E-1,-1.411765337E0,1.328495121E1,1.336496720E1
2.617256162E1,1.560120344E0,-1.086341500E0,7.121040344E0,7.370436142E0
2.617493719E1,-1.957328916E0,-6.747759581E-1,1.150469112E1,1.168949858E1
2.617731276E1,2.502892494E0,-1.574477315E0,9.078369141E0,9.547786964E0
2.617968839E1,-2.120040894E0,-1.770688742E-1,9.332008362E0,9.571431807E0
2.618206396E1,1.995614052E0,-2.182254314E0,1.190668583E1,1.226840971E1
2.618443958E1,-1.450050473E0,1.914258115E-2,7.030112743E0,7.178126357E0
2.618681516E1,-2.536391914E-1,-1.785045743E0,1.346680546E1,1.358696325E1
2.618919078E1,4.833501875E-1,-8.039883971E-1,6.704689026E0,6.769998499E0
2.619156636E1,-1.430907965E0,-1.220339537E0,1.266760349E1,1.280643996E1
2.619394198E1,1.660618901E0,-1.215553880E0,7.862815380E0,8.127674457E0
2.619631755E1,-2.421536446E0,-4.642075896E-1,1.049491978E1,1.078066179E1
2.619869318E1,2.206182480E0,-1.966900229E0,1.015513897E1,1.057652046E1
2.620106875E1,-2.153540373E0,3.828516230E-2,8.432307243E0,8.703045866E0
2.620344438E1,8.901300430E-1,-2.163111687E0,1.270110226E1,1.291469636E1
2.620581995E1,-8.709874153E-1,-2.344966233E-1,6.637690067E0,6.698696677E0
2.620819557E1,-7.800601721E-1,-1.660618901E0,1.323230934E1,1.335889814E1
2.621057115E1,1.110269666E0,-8.949156404E-1,7.250252724E0,7.389163504E0
2.621294677E1,-1.986042738E0,-1.028913736E0,1.175833035E1,1.196918384E1
2.621532234E1,2.043470621E0,-1.411765337E0,8.719446182E0,9.066288947E0
2.621769797E1,-2.239681959E0,-3.302095234E-1,9.552147865E0,9.816758245E0
2.622007354E1,2.316252232E0,-2.220539331E0,1.138983536E1,1.183318084E1
2.622244917E1,-1.574477315E0,-4.307080805E-2,7.326822758E0,7.494208806E0
2.622482474E1,3.206382394E-1,-1.923829436E0,1.344766331E1,1.358836182E1
2.622720036E1,2.727817893E-1,-6.556333899E-1,6.369693756E0,6.409154671E0
2.622957594E1,-8.662018180E-1,-1.517049551E0,1.301695538E1,1.313365418E1
2.623195151E1,2.019542217E0,-1.210768223E0,7.752745152E0,8.102442091E0
2.623432714E1,-1.947757602E0,-7.369893789E-1,1.088255692E1,1.108002518E1
2.623670271E1,2.646461725E0,-1.828116536E0,9.710074425E0,1.022894496E1
2.623907833E1,-1.703689694E0,-3.206382394E-1,8.666803360E0,8.838486745E0
2.624145391E1,2.072184324E0,-2.254039049E0,1.256710434E1,1.293471111E1
2.624382953E1,-6.221339107E-1,-2.488535494E-1,6.699903488E0,6.733326477E0
2.624620510E1,-2.344966233E-1,-1.804188251E0,1.351944828E1,1.364131833E1
2.624858073E1,1.339980721E0,-1.004985452E0,6.915257454E0,7.115218180E0
2.625095630E1,-1.124626637E0,-1.311266780E0,1.248096275E1,1.259994591E1
2.625333193E1,2.316252232E0,-1.411765337E0,8.470592499E0,8.894326453E0
2.625570912E1,-2.033899307E0,-4.737788737E-1,9.944570541E0,1.016148100E1
2.625808313E1,2.536391973E0,-2.220539331E0,1.075813103E1,1.127392844E1
2.626045870E1,-1.383051515E0,-1.866401732E-1,8.001599312E0,8.122392357E0
2.626283432E1,9.379864931E-1,-2.220539331E0,1.316530991E1,1.338416970E1
2.626520990E1,-2.392822653E-1,-4.163511395E-1,6.436692715E0,6.454581116E0
2.626758552E1,-1.004985452E0,-1.641476393E0,1.330887985E1,1.344733146E1
2.626996109E1,1.646261930E0,-1.153340459E0,7.570890903E0,7.833183365E0
2.627233672E1,-2.009970903E0,-9.762716293E-1,1.152383423E1,1.173847710E1
2.627471229E1,2.120040894E0,-1.540977836E0,9.355937004E0,9.716107415E0
2.627708792E1,-2.440679073E0,-2.297109663E-1,9.011369705E0,9.338868531E0
2.627946349E1,1.923829436E0,-2.277967215E0,1.200718403E1,1.237185203E1
2.628183906E1,-1.287338614E0,-4.785645381E-2,7.058826923E0,7.175414168E0
2.628421469E1,-4.211367965E-1,-1.761117458E0,1.357687569E1,1.369709620E1
2.628659026E1,1.866401732E-1,-6.364908218E-1,6.594619274E0,6.627892462E0
2.628896589E1,-1.517049551E0,-1.363908887E0,1.281117249E1,1.297257982E1
2.629134146E1,1.732403636E0,-1.095912814E0,8.365307808E0,8.612817308E0
2.629371708E1,-2.522035122E0,-4.833501875E-1,1.038485050E1,1.069763565E1
2.629609266E1,2.038684845E0,-1.761117458E0,1.014556789E1,1.049715764E1
2.629846828E1,-2.086541414E0,-1.004985496E-1,8.159524918E0,8.422683771E0
2.630084386E1,1.301695466E0,-2.067398787E0,1.295952702E1,1.318779319E1
2.630321948E1,-7.417750359E-1,-1.483550072E-1,6.355337143E0,6.400199185E0
2.630559505E1,-1.024128079E0,-1.416550994E0,1.341416359E1,1.352757332E1
2.630797068E1,1.191625714E0,-8.231309652E-1,7.068397999E0,7.215245436E0
2.631034625E1,-1.607976794E0,-1.014556766E0,1.217946720E1,1.232697595E1
2.631272188E1,2.187039852E0,-1.296909928E0,8.853444099E0,9.211329497E0
2.631509745E1,-2.311466694E0,-1.579262912E-1,9.399007797E0,9.680349506E0
2.631747307E1,2.330609322E0,-2.081755638E0,1.113141060E1,1.156173639E1
2.631984865E1,-1.100698471E0,-4.307080805E-2,7.350750923E0,7.432827951E0
2.632222427E1,7.800601721E-1,-1.933400750E0,1.346201992E1,1.362250024E1
2.632459984E1,3.110669553E-1,-3.493520916E-1,6.116054535E0,6.133916580E0
2.632697542E1,-1.134197950E0,-1.339980721E0,1.303609753E1,1.315377482E1
2.632935104E1,2.177468538E0,-1.057627559E0,7.867600918E0,8.231590945E0
2.633172667E1,-1.607976794E0,-8.087740541E-1,1.100698376E1,1.115317875E1
2.633410224E1,2.565105915E0,-1.555334687E0,9.638289452E0,1.009432801E1
2.633647787E1,-1.966900229E0,-8.614161611E-2,8.389236450E0,8.617157600E0
2.633885344E1,2.153540373E0,-2.258824587E0,1.219382381E1,1.258687268E1
2.634122901E1,-3.924229145E-1,-6.221338734E-2,6.637690067E0,6.649571090E0
2.634360464E1,-1.387837082E-1,-1.703689694E0,1.351944828E1,1.362707971E1
2.634598021E1,1.057627559E0,-6.269195080E-1,6.508477688E0,6.623585580E0
2.634835583E1,-1.287338614E0,-1.335195065E0,1.252881908E1,1.266535804E1
2.635073141E1,2.478964329E0,-1.148554921E0,8.724231720E0,9.142027218E0
2.635310703E1,-2.096112728E0,-4.498506486E-1,9.896714211E0,1.012625332E1
2.635548261E1,2.364108801E0,-1.861616015E0,1.048534870E1,1.090858203E1
2.635785823E1,-1.631905079E0,-6.221338734E-2,7.628318787E0,7.801168643E0
2.636023380E1,1.397408366E0,-2.086541414E0,1.314138222E1,1.337917530E1
2.636260943E1,-1.914258152E-1,-3.062812984E-1,6.116054535E0,6.126709978E0
2.636498500E1,-1.143769264E0,-1.378265858E0,1.339502144E1,1.351423043E1
2.636736063E1,1.373480201E0,-9.092726111E-1,7.173682213E0,7.360362833E0
2.636973620E1,-1.761117458E0,-9.762716293E-1,1.188275719E1,1.205215995E1
2.637211182E1,2.187039852E0,-1.392622828E0,9.245866776E0,9.602530609E0
2.637448740E1,-2.608176708E0,-1.100698411E-1,9.025727272E0,9.395661440E0
2.637686302E1,1.842473388E0,-2.062613010E0,1.142812061E1,1.175801945E1
2.637923859E1,-1.282552958E0,-1.483550072E-1,7.159325123E0,7.274811854E0
2.638161422E1,2.009970993E-1,-1.751546144E0,1.359123230E1,1.370510522E1
2.638398979E1,1.052841991E-1,-5.024927258E-1,6.163911343E0,6.185255592E0
2.638636542E1,-1.818545222E0,-1.215553880E0,1.299781227E1,1.318058427E1
2.638874099E1,1.837687731E0,-1.048056364E0,8.188239098E0,8.457114038E0
2.639111662E1,-2.096112728E0,-6.077769399E-1,1.092084217E1,1.113678028E1
2.639349219E1,2.033899307E0,-1.641476393E0,9.906285286E0,1.024527595E1
2.639586781E1,-2.402393818E0,-1.435693540E-2,8.183453560E0,8.528810840E0
2.639824339E1,1.526620865E0,-2.177468538E0,1.248096275E1,1.276112737E1
2.640061896E1,-5.790630579E-1,-1.100698411E-1,6.604190350E0,6.630441883E0
2.640299458E1,-6.556333899E-1,-1.636690736E0,1.350030518E1,1.361494956E1
2.640537016E1,8.853443861E-1,-6.077769399E-1,6.666403770E0,6.752345276E0
2.640774578E1,-1.722832322E0,-1.210768223E0,1.241874981E1,1.259600960E1
2.641012130E1,2.335394859E0,-1.210768223E0,8.992227554E0,9.369108027E0
2.641249698E1,-2.244467735E0,-4.354937077E-1,9.772287369E0,1.003617908E1
2.641487255E1,2.210968018E0,-1.880758643E0,1.074855900E1,1.113360468E1
2.641724818E1,-1.636690736E0,-5.264209956E-2,7.432106972E0,7.610370674E0
2.641962370E1,1.258624673E0,-2.115255117E0,1.331366539E1,1.353928087E1
2.642199938E1,2.153540403E-1,-3.397808075E-1,6.092126369E0,6.105393686E0
2.642437495E1,-1.095912814E0,-1.411765337E0,1.343330669E1,1.355167277E1
2.642675057E1,1.698904037E0,-9.762716293E-1,7.369893551E0,7.625923693E0
2.642912615E1,-1.579262972E0,-1.062413216E0,1.174875927E1,1.190193840E1
2.643150177E1,2.574677229E0,-1.478764415E0,9.705288887E0,1.014930241E1
2.643387729E1,-2.230110645E0,-3.206382394E-1,8.824729919E0,9.107802178E0
2.643625297E1,2.129612207E0,-2.158325911E0,1.169611740E1,1.208274725E1
2.643862854E1,-8.757730722E-1,-3.110669553E-1,6.891329288E0,6.953715589E0
2.644100417E1,5.024927258E-1,-1.861616015E0,1.373958778E1,1.387423460E1
2.644337974E1,5.982056856E-1,-7.322037220E-1,6.163911343E0,6.236006364E0
2.644575531E1,-1.579262972E0,-1.316052437E0,1.304566860E1,1.320664737E1
2.644813094E1,2.091326952E0,-1.215553880E0,8.279166222E0,8.625300747E0
2.645050656E1,-1.856830359E0,-7.752745152E-1,1.092562866E1,1.110937582E1
2.645288214E1,2.282752752E0,-1.794616938E0,1.018863869E1,1.059433662E1
2.645525771E1,-2.306680918E0,-1.531406492E-1,7.977670670E0,8.305868903E0
2.645763333E1,1.526620865E0,-2.210968018E0,1.269631672E1,1.297749626E1
2.646000891E1,-3.924229145E-1,-3.732803464E-1,6.388836384E0,6.411752046E0
2.646238448E1,-6.699903607E-1,-1.679761529E0,1.373001671E1,1.384860443E1
2.646476011E1,8.997012973E-1,-7.274180651E-1,6.699903488E0,6.799066569E0
2.646713573E1,-2.105684042E0,-1.191625714E0,1.237567902E1,1.260996861E1
2.646951130E1,2.148754835E0,-1.316052437E0,9.188439369E0,9.527673347E0
2.647188693E1,-2.378465652E0,-4.881358147E-1,9.762716293E0,1.006011953E1
2.647426250E1,1.957328916E0,-1.890329838E0,1.099262714E1,1.132441323E1
2.647663813E1,-2.086541414E0,-8.614161611E-2,7.326822758E0,7.618622393E0
2.647901370E1,7.896314859E-1,-2.048256159E0,1.336630726E1,1.354536972E1
2.648138932E1,-9.571290761E-2,-4.067798555E-1,6.159125328E0,6.173285642E0
2.648376490E1,-1.512263894E0,-1.378265858E0,1.351466274E1,1.366867469E1
2.648614052E1,1.311266780E0,-8.374879360E-1,7.312466145E0,7.476159959E0
2.648851609E1,-2.129612207E0,-1.004985452E0,1.173918819E1,1.197304403E1
2.649089172E1,2.258824587E0,-1.368694544E0,9.829715729E0,1.017835569E1
2.649326729E1,-2.632104874E0,-2.967100143E-1,8.690732002E0,9.085418847E0
2.649564292E1,1.713261008E0,-2.009970903E0,1.170090294E1,1.199526473E1
2.649801849E1,-1.253839016E0,-2.009970993E-1,6.838686943E0,6.955584175E0
2.650039412E1,3.445664644E-1,-1.828116536E0,1.373001671E1,1.385547166E1
2.650276969E1,3.972085714E-1,-5.886343718E-1,6.068198204E0,6.109606740E0
2.650514531E1,-1.746760488E0,-1.172483087E0,1.307916832E1,1.324728398E1
2.650752089E1,1.938186288E0,-1.081555843E0,8.102097511E0,8.400613859E0
2.650989646E1,-1.909472466E0,-7.130611539E-1,1.093041420E1,1.111883519E1
2.651227208E1,2.340180635E0,-1.674975872E0,1.021735287E1,1.061490882E1
2.651464766E1,-2.254039049E0,-1.435693651E-1,7.948956966E0,8.263608234E0
2.651702328E1,1.607976794E0,-2.148754835E0,1.251446247E1,1.279900417E1
2.651939886E1,-2.775674164E-1,-3.828516304E-1,6.355337143E0,6.372905871E0
2.652177448E1,-1.866401732E-1,-1.660618901E0,1.376830196E1,1.386934132E1
2.652415005E1,1.138983607E0,-7.465606928E-1,6.446264267E0,6.588547604E0
2.652652568E1,-1.732403636E0,-1.191625714E0,1.252403355E1,1.269931535E1
2.652890125E1,2.536391973E0,-1.282552958E0,8.939585686E0,9.380534023E0
2.653127688E1,-1.895115495E0,-5.982056856E-1,9.877572060E0,1.007550210E1
2.653365245E1,2.435893536E0,-1.942971945E0,1.087777138E1,1.131523873E1
2.653602807E1,-1.660618901E0,-2.153540403E-1,7.331608772E0,7.520406883E0
2.653840365E1,1.287338614E0,-2.172683001E0,1.318445301E1,1.342414218E1
2.654077927E1,3.828516304E-1,-4.163511395E-1,6.192625046E0,6.218402415E0
2.654315484E1,-9.284151793E-1,-1.588834286E0,1.346680546E1,1.359195344E1
2.654553047E1,1.651047587E0,-8.757730722E-1,7.173682213E0,7.413140569E0
2.654790604E1,-1.789831281E0,-1.110269666E0,1.181575775E1,1.200201341E1
2.655028167E1,2.603390932E0,-1.478764415E0,9.686145782E0,1.013833362E1
2.655265724E1,-2.301895380E0,-4.689932466E-1,8.872586250E0,9.178314866E0
2.655503281E1,2.053041935E0,-1.995614052E0,1.166740322E1,1.201356544E1
2.655740844E1,-1.282552958E0,-2.632105052E-1,6.776473522E0,6.901797973E0
2.655978401E1,5.599204898E-1,-1.957328916E0,1.375872993E1,1.390853324E1
2.656215964E1,4.594219327E-1,-6.173482537E-1,5.991627693E0,6.040843467E0
2.656453521E1,-1.761117458E0,-1.268195987E0,1.320838070E1,1.338548380E1
2.656691083E1,1.708475351E0,-1.028913736E0,7.896314621E0,8.144282418E0
2.656928641E1,-2.033899307E0,-8.422735929E-1,1.110269737E1,1.131883652E1
2.657166203E1,2.187039852E0,-1.579262972E0,1.012164021E1,1.047496135E1
2.657403760E1,-2.522035122E0,-1.627119333E-1,8.169096947E0,8.551098248E0
2.657641323E1,1.454836130E0,-2.053041935E0,1.229432297E1,1.254917952E1
2.657878880E1,-8.279166222E-1,-2.919243574E-1,6.451049805E0,6.510507610E0
2.658116443E1,-3.206382394E-1,-1.636690736E0,1.383051491E1,1.393071097E1
2.658354000E1,6.077769399E-1,-6.604190469E-1,6.312266350E0,6.375755061E0
2.658591563E1,-2.182254314E0,-1.071984529E0,1.271067429E1,1.294112149E1
2.658829120E1,2.009970903E0,-1.129412293E0,8.719446182E0,9.019107322E0
2.659066682E1,-2.239681959E0,-5.168496966E-1,1.027478027E1,1.052874250E1
2.659304240E1,2.076970100E0,-1.832902193E0,1.063370419E1,1.098858498E1
2.659541802E1,-2.206182480E0,-4.307080805E-2,7.527820110E0,7.844563203E0
2.659779359E1,1.129412293E0,-2.100898266E0,1.303131199E1,1.324780879E1
2.660016917E1,-9.092725813E-2,-3.637090325E-1,6.163911343E0,6.175302022E0
2.660254479E1,-9.140582681E-1,-1.512263894E0,1.361994648E1,1.373409577E1
2.660492036E1,1.330409408E0,-7.369893789E-1,6.924828529E0,7.089879597E0
2.660729599E1,-2.000399828E0,-1.062413216E0,1.207896900E1,1.228950013E1
2.660967156E1,2.531606436E0,-1.325623751E0,9.427721024E0,9.851306166E0
2.661204719E1,-2.172683001E0,-3.732803464E-1,9.188439369E0,9.449196139E0
2.661442276E1,2.124826431E0,-1.962114573E0,1.136112213E1,1.172347547E1
2.661679839E1,-1.387837172E0,-1.004985496E-1,6.886543751E0,7.025715394E0
2.661917396E1,1.038485050E0,-2.014756680E0,1.355294704E1,1.374118151E1
2.662154958E1,6.317051649E-1,-4.929214716E-1,5.972485542E0,6.025994237E0
2.662392516E1,-1.301695466E0,-1.306481123E0,1.333280754E1,1.345975709E1
2.662630078E1,2.029113531E0,-9.619147182E-1,7.566105366E0,7.892308411E0
2.662867636E1,-1.631905079E0,-9.188438654E-1,1.136590767E1,1.151916861E1
2.663105198E1,2.780459881E0,-1.478764415E0,1.003071213E1,1.051346219E1
2.663342755E1,-2.086541414E0,-2.584248483E-1,8.274380684E0,8.537318910E0
2.663580318E1,2.096112728E0,-2.000399828E0,1.214596748E1,1.248678558E1
2.663817875E1,-4.929214716E-1,-2.727817893E-1,6.455835342E0,6.480369700E0
2.664055438E1,4.019941986E-1,-1.646261930E0,1.384008598E1,1.394344856E1
2.664292995E1,1.014556766E0,-6.460621357E-1,6.120840549E0,6.237901149E0
2.664530557E1,-1.588834286E0,-1.076770186E0,1.283988667E1,1.298254667E1
2.664768115E1,2.292324066E0,-1.091127157E0,8.355736732E0,8.732905842E0
2.665005672E1,-1.746760488E0,-5.647061467E-1,1.056191921E1,1.072027064E1
2.665243234E1,2.368894339E0,-1.684547186E0,1.034656525E1,1.074712855E1
2.665480792E1,-2.158325911E0,1.435693540E-2,7.680960655E0,7.978454327E0
2.665718354E1,1.430907965E0,-1.990828395E0,1.274417305E1,1.297785969E1
2.665955912E1,-2.153540403E-1,-2.632105052E-1,6.159125328E0,6.168507270E0
2.666193474E1,-6.364908218E-1,-1.497906923E0,1.366301727E1,1.375961070E1
2.666431031E1,1.119840980E0,-6.317051649E-1,6.628118515E0,6.751670185E0
2.666668594E1,-2.187039852E0,-9.619147182E-1,1.217946720E1,1.241160121E1
2.666906151E1,2.206182480E0,-1.162911773E0,9.255437851E0,9.585548223E0
2.667143714E1,-2.344966173E0,-3.493520916E-1,9.470791817E0,9.763032873E0
2.667381271E1,1.866401672E0,-1.789831281E0,1.110269737E1,1.139986141E1
2.667618833E1,-1.981257200E0,-3.828516230E-2,7.054041386E0,7.327096677E0
2.667856391E1,6.747759581E-1,-1.976471543E0,1.337587833E1,1.353794237E1
2.668093953E1,1.435693540E-2,-3.110669553E-1,6.020341873E0,6.028389921E0
2.668331511E1,-1.545763373E0,-1.406979680E0,1.350030518E1,1.366115720E1
2.668569073E1,1.397408366E0,-7.944171429E-1,7.255038261E0,7.430977655E0
2.668806630E1,-2.230110645E0,-9.092726111E-1,1.160040379E1,1.184776511E1
2.669044193E1,2.292324066E0,-1.363908887E0,9.872786522E0,1.022677421E1
2.669281745E1,-2.660818815E0,-2.584248483E-1,8.456234932E0,8.868745649E0
2.669519313E1,1.718046665E0,-1.957328916E0,1.196889877E1,1.224897378E1
2.669756870E1,-1.138983607E0,-2.297109663E-1,6.460621357E0,6.564272930E0
2.669994432E1,2.344966233E-1,-1.770688772E0,1.390229988E1,1.401657124E1
2.670231990E1,5.742774606E-1,-6.125625968E-1,5.982056618E0,6.040697718E0
2.670469547E1,-1.813759565E0,-1.177268744E0,1.302174091E1,1.320005386E1
2.670707109E1,1.962114573E0,-1.043270707E0,8.078168869E0,8.378252780E0
2.670944667E1,-1.971685886E0,-7.848458290E-1,1.081077290E1,1.101709303E1
2.671182229E1,2.464607239E0,-1.674975872E0,1.034656525E1,1.076713729E1
2.671419787E1,-2.220539331E0,-1.196411327E-1,7.881958008E0,8.189650234E0
2.671657349E1,1.607976794E0,-2.143969059E0,1.262931824E1,1.291053337E1
2.671894906E1,-2.249253243E-1,-3.397808075E-1,6.173482418E0,6.186915836E0
2.672132469E1,-1.770688742E-1,-1.593619823E0,1.395494175E1,1.404675681E1
2.672370026E1,1.301695466E0,-8.183453679E-1,6.369693756E0,6.552640596E0
2.672607589E1,-1.832902193E0,-1.076770186E0,1.250010586E1,1.267957456E1
2.672845146E1,2.569891453E0,-1.296909928E0,9.092725754E0,9.537503818E0
2.673082703E1,-1.899901152E0,-5.024927258E-1,9.882357597E0,1.007586795E1
2.673320266E1,2.383251429E0,-1.947757602E0,1.101177025E1,1.143384148E1
2.673557828E1,-1.636690736E0,-1.483550072E-1,7.259823799E0,7.443507733E0
2.673795386E1,1.220339537E0,-2.086541414E0,1.327059460E1,1.348894231E1
2.674032948E1,4.450650215E-1,-4.689932466E-1,6.139982700E0,6.173931090E0
2.674270505E1,-9.284151793E-1,-1.493121386E0,1.355294704E1,1.366651894E1
2.674508068E1,1.641476393E0,-8.662018180E-1,7.231110096E0,7.465500891E0
2.674745625E1,-1.990828395E0,-9.667003751E-1,1.176790142E1,1.197419773E1
2.674983182E1,2.579462767E0,-1.464407444E0,9.896714211E0,1.033165376E1
2.675220745E1,-2.301895380E0,-3.397808075E-1,8.752944946E0,9.056943114E0
2.675458302E1,1.828116536E0,-1.942971945E0,1.183011532E1,1.212719170E1
2.675695865E1,-1.229910851E0,-1.914258152E-1,6.714260101E0,6.828661161E0
2.675933422E1,3.972085714E-1,-1.875972986E0,1.371087360E1,1.384431668E1
2.676170984E1,4.833501875E-1,-5.407779217E-1,6.144768715E0,6.187426826E0
2.676408542E1,-1.962114573E0,-1.225125194E0,1.318923855E1,1.339055036E1
2.676646104E1,1.684547186E0,-9.906286001E-1,8.063812256E0,8.297235223E0
2.676883662E1,-2.258824587E0,-7.896314859E-1,1.094477081E1,1.120329481E1
2.677121224E1,2.086541414E0,-1.545763373E0,1.047099209E1,1.078817477E1
2.677358781E1,-2.684746981E0,-1.914258152E-1,7.901100159E0,8.346969145E0
2.677596344E1,1.225125194E0,-1.995614052E0,1.260060406E1,1.281634229E1
2.677833901E1,-8.997012973E-1,-3.780659735E-1,6.211767673E0,6.287961032E0
2.678071464E1,-5.790630579E-1,-1.569691658E0,1.391665649E1,1.401686748E1
2.678309021E1,6.652047038E-1,-7.322037220E-1,6.302694798E0,6.379857467E0
2.678546583E1,-2.368894339E0,-1.057627559E0,1.259581852E1,1.286020531E1
2.678784141E1,1.962114573E0,-1.201196909E0,8.872586250E0,9.165999912E0
2.679021703E1,-2.340180635E0,-4.977070987E-1,1.003549862E1,1.031675289E1
2.679259261E1,1.938186288E0,-1.861616015E0,1.086820030E1,1.119553295E1
2.679496818E1,-2.182254314E0,-4.307080805E-2,7.379465103E0,7.695491810E0
2.679734380E1,8.614161611E-1,-2.038684845E0,1.307438278E1,1.326038306E1
2.679971938E1,0.000000000E0,-4.354937077E-1,6.101697922E0,6.117219327E0
2.680209500E1,-1.033699393E0,-1.512263894E0,1.356730461E1,1.369040653E1
2.680447057E1,1.430907965E0,-7.848458290E-1,6.991827965E0,7.179772898E0
2.680684620E1,-2.163111687E0,-9.667003751E-1,1.186361504E1,1.209788922E1
2.680922177E1,2.574677229E0,-1.464407444E0,9.724431038E0,1.016553053E1
2.681159740E1,-2.129612207E0,-3.924229145E-1,8.944371223E0,9.202772434E0
2.681397297E1,2.105684042E0,-2.000399828E0,1.172961617E1,1.208384873E1
2.681634859E1,-1.124626637E0,-2.297109663E-1,6.699903488E0,6.797518588E0
2.681872417E1,7.465606928E-1,-2.038684845E0,1.354816151E1,1.372101560E1
2.682109979E1,9.858429432E-1,-6.412764788E-1,6.087340832E0,6.199906470E0
2.682347536E1,-1.316052437E0,-1.426122308E0,1.322273827E1,1.336437900E1
2.682585099E1,2.196611166E0,-1.100698471E0,7.810173035E0,8.187517363E0
2.682822656E1,-1.703689694E0,-8.853443861E-1,1.111226845E1,1.127691905E1
2.683060219E1,2.818745136E0,-1.689332843E0,1.035613632E1,1.086502320E1
2.683297776E1,-2.048256159E0,-3.254238665E-1,8.035098076E0,8.298436905E0
2.683535339E1,1.875972986E0,-2.120040894E0,1.245703506E1,1.277464562E1
2.683772896E1,-3.349951804E-1,-5.120640397E-1,6.250052929E0,6.279935745E0
2.684010458E1,1.292124242E-1,-1.756331801E0,1.391665649E1,1.402764147E1
2.684248016E1,1.268195987E0,-8.997012973E-1,6.259624004E0,6.449858616E0
2.684485578E1,-1.923829436E0,-1.134197950E0,1.270110226E1,1.289594988E1
2.684723136E1,2.349751949E0,-1.325623751E0,8.805587769E0,9.209613917E0
2.684960693E1,-2.000399828E0,-6.508477330E-1,1.012642574E1,1.034261575E1
2.685198255E1,2.311466694E0,-1.952543259E0,1.101655579E1,1.142452646E1
2.685435813E1,-2.019542217E0,-2.297109663E-1,7.336394310E0,7.612752417E0
2.685673375E1,9.379864931E-1,-2.076970100E0,1.308873940E1,1.328565852E1
2.685910932E1,3.349951655E-2,-6.317051649E-1,6.168696880E0,6.201047882E0
2.686148495E1,-9.762716293E-1,-1.536192179E0,1.369651699E1,1.381693057E1
2.686386052E1,1.411765337E0,-9.762716293E-1,7.025327206E0,7.231971378E0
2.686623615E1,-2.373680115E0,-9.475577474E-1,1.199761295E1,1.226682272E1
2.686861172E1,2.258824587E0,-1.507478237E0,9.676574707E0,1.005041677E1
2.687098734E1,-2.335394859E0,-4.067798555E-1,9.188439369E0,9.489307511E0
2.687336292E1,1.765903115E0,-2.048256159E0,1.169611740E1,1.200470447E1
2.687573854E1,-1.631905079E0,-2.105683982E-1,6.733402729E0,6.931534141E0
2.687811412E1,3.110669553E-1,-1.923829436E0,1.356730461E1,1.370655452E1
2.688048974E1,5.790630579E-1,-6.508477330E-1,6.130411625E0,6.191999959E0
2.688286531E1,-1.751546144E0,-1.344766378E0,1.324666595E1,1.342946274E1
2.688524094E1,1.808973908E0,-1.000199914E0,7.867600918E0,8.134613124E0
2.688761651E1,-2.277967215E0,-7.992027402E-1,1.104526901E1,1.130600846E1
2.688999214E1,2.474178553E0,-1.684547186E0,1.049013424E1,1.090881181E1
2.689236771E1,-2.287538528E0,-2.632105052E-1,8.030312538E0,8.353923135E0
2.689474328E1,1.512263894E0,-2.024327993E0,1.246660614E1,1.272010670E1
2.689711891E1,-6.125625968E-1,-3.684946895E-1,6.264409542E0,6.305065280E0
2.689949448E1,2.871387079E-2,-1.708475351E0,1.373958778E1,1.384543192E1
2.690187010E1,1.316052437E0,-8.470591903E-1,6.355337143E0,6.545213021E0
2.690424568E1,-1.952543259E0,-1.052842021E0,1.270110226E1,1.289336651E1
2.690662130E1,2.359323025E0,-1.172483087E0,8.676374435E0,9.067557282E0
2.690899688E1,-1.933400750E0,-5.982056856E-1,1.010728264E1,1.030791205E1
2.691137250E1,2.517249346E0,-1.861616015E0,1.114098263E1,1.157253872E1
2.691374807E1,-1.818545222E0,-1.627119333E-1,7.159325123E0,7.388471974E0
2.691612370E1,1.172483087E0,-1.942971945E0,1.309831142E1,1.329344270E1
2.691849927E1,3.589234054E-1,-5.694918036E-1,5.900700569E0,5.938974165E0
2.692087490E1,-4.929214716E-1,-1.454836130E0,1.373958778E1,1.382518688E1
2.692325047E1,1.832902193E0,-9.188438654E-1,6.853044033E0,7.153182300E0
2.692562609E1,-2.033899307E0,-7.944171429E-1,1.196411324E1,1.216173715E1
2.692800167E1,2.742174864E0,-1.488335729E0,9.552147865E0,1.004879073E1
2.693037729E1,-1.842473388E0,-3.302095234E-1,9.193224907E0,9.381851134E0
2.693275286E1,2.220539331E0,-2.029113531E0,1.166261768E1,1.204428279E1
2.693512849E1,-1.148554921E0,-2.105683982E-1,6.632904530E0,6.734904599E0
2.693750406E1,6.317051649E-1,-1.871187329E0,1.347159195E1,1.361558604E1
2.693987964E1,1.004985452E0,-6.987041831E-1,6.072983742E0,6.195104101E0
2.694225526E1,-1.325623751E0,-1.368694544E0,1.319402409E1,1.333089924E1
2.694463083E1,2.215753794E0,-9.906286001E-1,7.891529083E0,8.256339453E0
2.694700646E1,-2.210968018E0,-7.704889178E-1,1.088734341E1,1.113625966E1
2.694938203E1,2.670390129E0,-1.708475351E0,1.060020447E1,1.106409536E1
2.695175766E1,-2.024327993E0,-3.062812984E-1,8.011170387E0,8.268649408E0
2.695413323E1,1.517049551E0,-1.990828395E0,1.254796219E1,1.279516284E1
2.695650886E1,-5.934200287E-1,-3.637090325E-1,6.149554253E0,6.188816454E0
2.695888443E1,-1.531406492E-1,-1.722832322E0,1.367737389E1,1.378630334E1
2.696126005E1,1.344766378E0,-8.518448472E-1,6.479763508E0,6.672433692E0
2.696363563E1,-2.105684042E0,-1.081555843E0,1.267238903E1,1.289159075E1
2.696601125E1,2.163111687E0,-1.220339537E0,8.724231720E0,9.070859929E0
2.696838682E1,-2.311466694E0,-5.694918036E-1,1.004028416E1,1.031864842E1
2.697076245E1,2.249253273E0,-1.861616015E0,1.132762241E1,1.169785382E1
2.697313802E1,-2.081755638E0,-2.584248483E-1,7.164111137E0,7.464916498E0
2.697551365E1,7.082754970E-1,-1.919043779E0,1.316530991E1,1.332327918E1
2.697788922E1,-1.052841991E-1,-6.077769399E-1,5.895915031E0,5.928093423E0
2.698026479E1,-1.014556766E0,-1.469193101E0,1.370608807E1,1.382189220E1
2.698264042E1,1.507478237E0,-1.043270707E0,6.967899323E0,7.205034724E0
2.698501599E1,-2.627319336E0,-7.417750359E-1,1.189711380E1,1.220632434E1
2.698739162E1,2.143969059E0,-1.545763373E0,9.686145782E0,1.004028923E1
2.698976719E1,-2.378465652E0,-3.924229145E-1,9.107083321E0,9.420725090E0
2.699214281E1,1.689332843E0,-2.019542217E0,1.200718403E1,1.229247186E1
2.699451839E1,-1.641476393E0,-2.344966233E-1,6.518048763E0,6.725651871E0
2.699689401E1,4.785645287E-3,-1.789831281E0,1.352901936E1,1.364690015E1
2.699926958E1,6.604190469E-1,-8.087740541E-1,6.049055576E0,6.138513025E0
2.700164521E1,-1.785045743E0,-1.263410330E0,1.324188042E1,1.342125147E1
2.700402078E1,1.914258122E0,-1.052842021E0,7.934599876E0,8.229868509E0
2.700639641E1,-2.636890650E0,-5.503492355E-1,1.084905815E1,1.117846767E1
2.700877198E1,2.301895380E0,-1.732403636E0,1.066720295E1,1.104939652E1
2.701114760E1,-2.153540373E0,-2.679961324E-1,8.025527000E0,8.313762187E0
2.701352318E1,1.325623751E0,-2.014756680E0,1.268674564E1,1.291394741E1
2.701589880E1,-7.226324677E-1,-3.637090325E-1,5.943771362E0,5.998574827E0
2.701827438E1,-3.684946895E-1,-1.636690736E0,1.358644676E1,1.368963405E1
2.702065000E1,1.579262972E0,-8.614161611E-1,6.522834301E0,6.766348842E0
2.702302557E1,-2.124826431E0,-1.004985452E0,1.251924801E1,1.273799254E1
2.702540115E1,2.330609322E0,-1.220339537E0,8.886942863E0,9.268156335E0
2.702777677E1,-2.215753794E0,-4.498506486E-1,9.777072906E0,1.003509268E1
2.703015229E1,2.411965132E0,-1.909472466E0,1.158604717E1,1.198749974E1
2.703252797E1,-1.646261930E0,-2.392822653E-1,6.977470875E0,7.173042183E0
2.703490354E1,8.327022791E-1,-1.741974831E0,1.323709488E1,1.337716525E1
2.703727917E1,3.349951804E-1,-5.694918036E-1,5.814558983E0,5.851977345E0
2.703965474E1,-7.704889178E-1,-1.387837172E0,1.351466274E1,1.360756607E1
2.704203037E1,2.086541414E0,-9.810572863E-1,7.097112179E0,7.462246964E0
2.704440594E1,-2.340180635E0,-5.599204898E-1,1.171047401E1,1.195513103E1
2.704678156E1,2.517249346E0,-1.493121386E0,9.877572060E0,1.030205734E1
2.704915714E1,-2.038684845E0,-3.158525825E-1,8.719446182E0,8.960175248E0
2.705153276E1,1.995614052E0,-1.909472466E0,1.238046455E1,1.268481230E1
2.705390833E1,-1.091127157E0,-3.062812984E-1,6.326622963E0,6.427326413E0
2.705628396E1,6.699903309E-2,-1.617548108E0,1.347637749E1,1.357327156E1
2.705865953E1,1.100698471E0,-8.566305041E-1,6.001199245E0,6.161148053E0
2.706103511E1,-1.536192179E0,-1.153340459E0,1.327059460E1,1.340890605E1
2.706341073E1,2.177468538E0,-1.182054400E0,8.015955925E0,8.390123434E0
2.706578636E1,-2.641676188E0,-4.402793646E-1,1.068156052E1,1.101217663E1
2.706816193E1,2.321038008E0,-1.842473388E0,1.082991505E1,1.122804460E1
2.707053750E1,-2.033899307E0,-2.584248483E-1,7.920242786E0,8.181306472E0
2.707291313E1,1.124626637E0,-1.962114573E0,1.293081379E1,1.312709503E1
2.707528870E1,-6.939185858E-1,-4.259224236E-1,5.924628735E0,5.980314252E0
2.707766432E1,-7.800601721E-1,-1.564906001E0,1.346201992E1,1.357510239E1
2.708003990E1,1.560120344E0,-9.714859724E-1,6.795616150E0,7.039755631E0
2.708241552E1,-2.368894339E0,-9.236295223E-1,1.235653591E1,1.261541643E1
2.708479109E1,2.096112728E0,-1.268195987E0,9.131011009E0,9.453960635E0
2.708716672E1,-2.699103832E0,-3.110669553E-1,9.561718941E0,9.940241106E0
2.708954229E1,1.986042738E0,-2.029113531E0,1.188754272E1,1.222192045E1
2.709191792E1,-1.818545222E0,-2.823530734E-1,6.910471916E0,7.151325198E0
2.709429349E1,1.866401732E-1,-1.722832322E0,1.339502144E1,1.350664966E1
2.709666912E1,0.000000000E0,-6.652047038E-1,5.728417397E0,5.766911059E0
2.709904469E1,-1.411765337E0,-1.426122308E0,1.343809223E1,1.358709789E1
2.710142031E1,1.875972986E0,-1.071984529E0,7.503891945E0,7.808765574E0
2.710379589E1,-2.756531715E0,-5.216353536E-1,1.155733299E1,1.189296079E1
2.710617146E1,2.043470621E0,-1.588834286E0,1.012642574E1,1.045201726E1
2.710854708E1,-2.445464849E0,-3.014956415E-1,8.700303078E0,9.042481495E0
2.711092271E1,1.531406522E0,-1.952543259E0,1.269631672E1,1.293654086E1
2.711329828E1,-1.258624673E0,-4.019941986E-1,6.187839508E0,6.327329072E0
2.711567386E1,-4.354937077E-1,-1.497906923E0,1.335195065E1,1.344276631E1
2.711804948E1,9.619147182E-1,-8.997012973E-1,6.135197163E0,6.274981002E0
2.712042505E1,-1.746760488E0,-1.110269666E0,1.304566860E1,1.320883569E1
2.712280068E1,2.201396942E0,-1.253839016E0,8.226524353E0,8.607785064E0
2.712517625E1,-2.799602509E0,-1.387837082E-1,1.032263660E1,1.069644154E1
2.712755188E1,2.249253273E0,-1.990828395E0,1.106441212E1,1.146489221E1
2.712992745E1,-1.665404558E0,-2.392822653E-1,7.695317745E0,7.877102484E0
2.713230307E1,1.033699393E0,-1.928615093E0,1.306481171E1,1.324678812E1
2.713467865E1,-3.014956415E-1,-4.833501875E-1,5.804987907E0,5.832873360E0
2.713705427E1,-7.178468108E-1,-1.373480201E0,1.328973675E1,1.337979278E1
2.713942984E1,2.014756680E0,-1.048056364E0,6.824330330E0,7.192298038E0
2.714180547E1,-1.942971945E0,-8.039883971E-1,1.206939697E1,1.225119915E1
2.714418104E1,2.593819857E0,-1.363908887E0,9.245866776E0,9.699185601E0
2.714655667E1,-2.397608280E0,-2.392822653E-1,9.154939651E0,9.466715454E0
2.714893224E1,2.364108801E0,-1.981257200E0,1.223210907E1,1.261502607E1
2.715130787E1,-9.619147182E-1,-3.349951804E-1,6.680760860E0,6.757963256E0
2.715368344E1,4.977070987E-1,-1.617548108E0,1.335673618E1,1.346352761E1
2.715605901E1,7.274180651E-1,-6.987041831E-1,5.809773445E0,5.896676357E0
2.715843464E1,-9.284151793E-1,-1.320838094E0,1.308395386E1,1.318318689E1
2.716081021E1,2.589034081E0,-1.043270707E0,7.781459332E0,8.266959572E0
2.716318583E1,-2.234896421E0,-3.780659735E-1,1.112662506E1,1.135515218E1
2.716556141E1,2.555534601E0,-1.641476393E0,1.012164021E1,1.056753530E1
2.716793703E1,-1.947757602E0,-1.866401732E-1,8.322237015E0,8.549165056E0
2.717031261E1,1.837687731E0,-1.938186288E0,1.294517040E1,1.321783261E1
2.717268823E1,-5.742774606E-1,-3.972085714E-1,6.101697922E0,6.141521536E0
2.717506380E1,-2.297109663E-1,-1.349551916E0,1.334237862E1,1.341242426E1
2.717743943E1,1.469193101E0,-8.997012973E-1,6.183053493E0,6.418577825E0
2.717981500E1,-1.540977836E0,-1.004985452E0,1.275853062E1,1.289048921E1
2.718219063E1,2.560320139E0,-1.306481123E0,8.465806961E0,8.940470885E0
2.718456620E1,-2.699103832E0,-4.785645381E-2,1.004506969E1,1.040148436E1
2.718694182E1,2.124826431E0,-1.952543259E0,1.131805134E1,1.168013693E1
2.718931740E1,-1.550549030E0,-2.536391914E-1,7.470392227E0,7.633825723E0
2.719169302E1,8.087740541E-1,-1.813759565E0,1.323709488E1,1.338523515E1
2.719406859E1,-2.632105052E-1,-5.407779217E-1,5.804987907E0,5.836060755E0
2.719644417E1,-1.167697430E0,-1.296909928E0,1.307438278E1,1.319033653E1
2.719881979E1,1.875972986E0,-1.081555843E0,7.034898758E0,7.360627570E0
2.720119536E1,-2.182254314E0,-6.747759581E-1,1.193061352E1,1.214730815E1
2.720357099E1,2.210968018E0,-1.493121386E0,9.365508080E0,9.738096972E0
2.720594656E1,-2.775674343E0,-3.349951655E-2,9.030512810E0,9.447520939E0
2.720832219E1,1.746760488E0,-2.086541414E0,1.232303619E1,1.261990683E1
2.721069776E1,-1.158126116E0,-3.062812984E-1,6.671189308E0,6.777892823E0
2.721307339E1,-2.392822690E-2,-1.598405480E0,1.339980698E1,1.349482492E1
2.721544896E1,4.546363056E-1,-7.465606928E-1,5.795416355E0,5.860963894E0
2.721782453E1,-1.545763373E0,-1.182054400E0,1.283031464E1,1.297704168E1
2.722020016E1,2.469393015E0,-1.162911773E0,8.001599312E0,8.454339548E0
2.722257578E1,-2.531606436E0,-3.684946895E-1,1.074377346E1,1.104416079E1
2.722495136E1,2.263610125E0,-1.737189293E0,1.038006496E1,1.076510595E1
2.722732698E1,-2.091326952E0,-2.057827413E-1,8.097311974E0,8.365551754E0
2.722970255E1,1.550549030E0,-2.005185366E0,1.310788250E1,1.335071362E1
2.723207818E1,-4.211367965E-1,-5.312066078E-1,6.063412666E0,6.101189214E0
2.723445375E1,-5.024927258E-1,-1.339980721E0,1.321795273E1,1.329519919E1
2.723682932E1,1.598405480E0,-1.057627559E0,6.398407936E0,6.679303875E0
2.723920495E1,-1.392622828E0,-1.019342422E0,1.243789196E1,1.255705434E1
2.724158052E1,2.809173822E0,-1.421336651E0,8.724231720E0,9.274905635E0
2.724395615E1,-2.359323025E0,-9.092725813E-2,9.801001549E0,1.008138404E1
2.724633172E1,2.349751949E0,-2.033899307E0,1.145683479E1,1.187085271E1
2.724870734E1,-1.148554921E0,-3.493520916E-1,7.398607731E0,7.495373349E0
2.725108292E1,1.048056364E0,-1.813759565E0,1.350509071E1,1.366658776E1
2.725345854E1,2.632105052E-1,-7.465606928E-1,5.809773445E0,5.863454623E0
2.725583412E1,-9.140582681E-1,-1.272981644E0,1.304088306E1,1.313471035E1
2.725820974E1,2.335394859E0,-1.282552958E0,7.250252724E0,7.724323646E0
2.726058526E1,-1.713261008E0,-5.838487148E-1,1.180140114E1,1.193939745E1
2.726296094E1,2.646461725E0,-1.694118381E0,9.604789734E0,1.010573019E1
2.726533651E1,-2.431107759E0,0.000000000E0,8.757730484E0,9.088901373E0
2.726771214E1,1.842473388E0,-2.191825628E0,1.264367485E1,1.296384671E1
2.727008771E1,-6.029912829E-1,-4.115654826E-1,6.795616150E0,6.834718977E0
2.727246333E1,-4.785645287E-3,-1.636690736E0,1.333759308E1,1.343763999E1
2.727483891E1,8.566305041E-1,-9.140582681E-1,6.149554253E0,6.275853396E0
2.727721448E1,-1.483550072E0,-1.143769264E0,1.266281700E1,1.280062746E1
2.727959010E1,2.541177750E0,-1.383051515E0,8.336593628E0,8.824353187E0
2.728196568E1,-2.426322222E0,-4.115654826E-1,1.060020447E1,1.088213033E1
2.728434130E1,2.249253273E0,-1.899901152E0,1.087777138E1,1.126919140E1
2.728671688E1,-2.153540373E0,-2.488535494E-1,7.968099594E0,8.257740331E0
2.728909250E1,1.143769264E0,-2.081755638E0,1.350030518E1,1.370766773E1
2.729146807E1,-3.541377485E-1,-6.987041831E-1,6.187839508E0,6.237223650E0
2.729384370E1,-9.619147182E-1,-1.359123230E0,1.326580906E1,1.336989850E1
2.729621927E1,1.378265858E0,-1.182054400E0,6.776473522E0,7.015515860E0
2.729859490E1,-1.899901152E0,-9.810572863E-1,1.218903828E1,1.237516674E1
2.730097047E1,2.459821701E0,-1.540977836E0,9.226723671E0,9.672526309E0
2.730334609E1,-2.794816732E0,-1.866401732E-1,9.494720459E0,9.899270262E0
2.730572167E1,1.775474429E0,-2.120040894E0,1.196889877E1,1.228419394E1
2.730809729E1,-1.430907965E0,-4.019941986E-1,7.192824841E0,7.344782238E0
2.731047286E1,3.732803464E-1,-1.761117458E0,1.370130253E1,1.381906523E1
2.731284849E1,8.614161611E-2,-9.284151793E-1,5.996413708E0,6.068472005E0
2.731522406E1,-1.421336651E0,-1.229910851E0,1.284467220E1,1.298146689E1
2.731759964E1,2.005185366E0,-1.363908887E0,7.566105366E0,7.945248027E0
2.731997526E1,-2.043470621E0,-6.317051649E-1,1.155733299E1,1.175358539E1
2.732235083E1,2.354537487E0,-1.899901152E0,9.853643417E0,1.030765540E1
2.732472646E1,-2.651247501E0,-1.435693540E-2,8.609375954E0,9.008366875E0
2.732710203E1,1.373480201E0,-2.187039852E0,1.288295746E1,1.313926117E1
2.732947766E1,-6.221339107E-1,-5.647061467E-1,6.690331936E0,6.742884030E0
2.733185318E1,-3.445664644E-1,-1.646261930E0,1.339980698E1,1.350495211E1
2.733422886E1,8.470591903E-1,-1.014556766E0,6.350551128E0,6.486627347E0
2.733660443E1,-1.794616938E0,-1.153340459E0,1.230867958E1,1.249217504E1
2.733898005E1,2.550748825E0,-1.507478237E0,8.623732567E0,9.118529135E0
2.734135563E1,-2.316252232E0,-3.445664644E-1,1.029392338E1,1.055692232E1
2.734373125E1,2.196611166E0,-2.091326952E0,1.107876873E1,1.148642092E1
2.734610682E1,-1.990828395E0,-2.488535494E-1,7.700103283E0,7.957192743E0
2.734848240E1,9.236295223E-1,-2.076970100E0,1.348116302E1,1.367145394E1
2.735085802E1,2.871387079E-2,-7.561319470E-1,6.336194515E0,6.381216259E0
2.735323365E1,-9.379864931E-1,-1.445264935E0,1.304088306E1,1.315420999E1
2.735560922E1,1.660618901E0,-1.215553880E0,6.982256413E0,7.279225988E0
2.735798479E1,-1.789831281E0,-9.379864931E-1,1.181097221E1,1.198258650E1
2.736036042E1,2.689532757E0,-1.674975872E0,9.513862610E0,1.002759754E1
2.736273599E1,-2.507678032E0,-2.057827413E-1,9.174081802E0,9.512863531E0
2.736511162E1,1.789831281E0,-2.148754835E0,1.213161087E1,1.244976408E1
2.736748719E1,-1.095912814E0,-4.594219327E-1,7.135396957E0,7.233670102E0
2.736986281E1,3.637090325E-1,-1.818545222E0,1.359123230E1,1.371717852E1
2.737223839E1,4.546363056E-1,-9.906286001E-1,6.221338749E0,6.316098085E0
2.737461401E1,-1.478764415E0,-1.201196909E0,1.264846039E1,1.279113632E1
2.737698958E1,2.230110645E0,-1.383051515E0,7.805387497E0,8.234700903E0
2.737936521E1,-2.014756680E0,-5.982056856E-1,1.105484104E1,1.125284875E1
2.738174078E1,2.464607239E0,-1.957328916E0,1.024128056E1,1.071397465E1
2.738411641E1,-2.397608280E0,-3.828516230E-2,8.293522835E0,8.633221428E0
2.738649198E1,1.177268744E0,-2.134397745E0,1.303131199E1,1.325732656E1
2.738886755E1,-4.019941986E-1,-6.125625968E-1,6.594619274E0,6.635196730E0
2.739124318E1,-4.115654826E-1,-1.536192179E0,1.346201992E1,1.355563547E1
2.739361875E1,9.667003751E-1,-1.043270707E0,6.446264267E0,6.601306415E0
2.739599438E1,-1.923829436E0,-9.379864931E-1,1.207896900E1,1.226712805E1
2.739836995E1,2.469393015E0,-1.531406522E0,8.752944946E0,9.222643495E0
2.740074557E1,-2.297109842E0,-1.962114573E-1,9.987641335E0,1.025027765E1
2.740312115E1,2.029113531E0,-2.067398787E0,1.119841003E1,1.156701460E1
2.740549677E1,-1.885544300E0,-4.307080805E-2,7.518248558E0,7.751205957E0
2.740787234E1,5.742774606E-1,-1.923829436E0,1.339502144E1,1.354464889E1
2.741024797E1,7.657032460E-2,-6.029912829E-1,6.431907177E0,6.460564328E0
2.741262354E1,-1.081555843E0,-1.249053478E0,1.280638695E1,1.291253051E1
2.741499917E1,1.660618901E0,-1.028913736E0,7.116254330E0,7.379525344E0
2.741737474E1,-2.000399828E0,-6.173482537E-1,1.135633659E1,1.154768804E1
2.741975037E1,2.641676188E0,-1.569691658E0,9.662218094E0,1.013907508E1
2.742212594E1,-2.502892494E0,6.699903309E-2,8.767302513E0,9.117815148E0
2.742450156E1,1.507478237E0,-1.914258122E0,1.236610699E1,1.260386753E1
2.742687714E1,-1.067198873E0,-2.440679073E-1,6.824330330E0,6.911582093E0
2.742925271E1,8.614161611E-2,-1.550549030E0,1.352423382E1,1.361310115E1
2.743162833E1,6.412764788E-1,-7.848458290E-1,6.259624004E0,6.341144311E0
2.743400391E1,-1.588834286E0,-9.427721500E-1,1.238046455E1,1.251755233E1
2.743637953E1,2.191825628E0,-1.143769264E0,7.881958008E0,8.260603474E0
2.743875511E1,-2.000399828E0,-3.158525825E-1,1.059063339E1,1.078252651E1
2.744113073E1,2.550748825E0,-1.799402595E0,1.040877819E1,1.086677655E1
2.744350630E1,-2.153540373E0,1.818545163E-1,7.968099594E0,8.255992875E0
2.744588193E1,1.100698471E0,-1.875972986E0,1.297388458E1,1.315494177E1
2.744825750E1,-1.196411327E-1,-4.259224236E-1,6.479763508E0,6.494848653E0
2.745063313E1,-2.727817893E-1,-1.354337573E0,1.327059460E1,1.334231318E1
2.745300870E1,1.426122308E0,-9.236295223E-1,6.585047722E0,6.800718332E0
2.745538432E1,-1.703689694E0,-7.130611539E-1,1.175354481E1,1.189776577E1
2.745775990E1,2.723032236E0,-1.435693622E0,8.748159409E0,9.273964296E0
2.746013552E1,-1.871187329E0,-1.914258115E-2,9.710074425E0,9.888743793E0
2.746251109E1,2.297109842E0,-2.086541414E0,1.139940739E1,1.181426500E1
2.746488672E1,-1.469193101E0,1.435693651E-1,7.250252724E0,7.399007034E0
2.746726229E1,5.599204898E-1,-1.813759565E0,1.340459251E1,1.353832837E1
2.746963787E1,6.652047038E-1,-5.934200287E-1,6.470192432E0,6.531311870E0
2.747201349E1,-9.619147182E-1,-1.191625714E0,1.262931824E1,1.272182891E1
2.747438906E1,1.895115495E0,-1.028913736E0,7.365108013E0,7.674304025E0
2.747676469E1,-1.866401672E0,-4.785645306E-1,1.096869946E1,1.113664433E1
2.747914026E1,2.756531715E0,-1.727617979E0,9.824930191E0,1.034951130E1
2.748151589E1,-2.134397745E0,1.052841991E-1,8.614161491E0,8.875275584E0
2.748389146E1,1.545763373E0,-1.942971945E0,1.253839111E1,1.278185339E1
2.748626708E1,-8.470591903E-1,-1.914258152E-1,6.599404812E0,6.656297543E0
2.748864266E1,-1.052841991E-1,-1.531406522E0,1.355773354E1,1.364435522E1
2.749101828E1,9.523434043E-1,-7.992027402E-1,6.498906136E0,6.616756300E0
2.749339386E1,-1.727617979E0,-9.379864931E-1,1.211246777E1,1.227095587E1
2.749576948E1,2.177468538E0,-1.225125194E0,8.178668022E0,8.551778271E0
2.749814505E1,-2.143969059E0,-2.823530734E-1,1.021735287E1,1.044368834E1
2.750052068E1,2.407179594E0,-1.885544300E0,1.079641533E1,1.122106835E1
2.750289625E1,-2.182254314E0,1.722832322E-1,7.695317745E0,8.000614389E0
2.750527188E1,6.364908218E-1,-1.813759565E0,1.321795273E1,1.335698763E1
2.750764745E1,-2.297109663E-1,-4.594219327E-1,6.374479294E0,6.395140492E0
2.751002307E1,-7.704889178E-1,-1.287338614E0,1.320359516E1,1.328855971E1
2.751239865E1,1.215553880E0,-9.667003751E-1,6.896114826E0,7.068838699E0
2.751477422E1,-2.139183521E0,-5.886343718E-1,1.148554897E1,1.169788151E1
2.751714984E1,2.263610125E0,-1.469193101E0,9.049654961E0,9.443448209E0
2.751952542E1,-2.215753794E0,-8.614161611E-2,9.375079155E0,9.633747683E0
2.752190104E1,1.847259045E0,-2.048256159E0,1.168654537E1,1.200762516E1
2.752427662E1,-1.655833244E0,1.531406492E-1,7.106683254E0,7.298642522E0
2.752665224E1,-9.571290575E-3,-1.770688772E0,1.343809223E1,1.355425222E1
2.752902781E1,4.546363056E-1,-6.604190469E-1,6.427121639E0,6.476939096E0
2.753140344E1,-1.335195065E0,-1.167697430E0,1.268674564E1,1.281014357E1
2.753377901E1,1.737189293E0,-1.033699393E0,7.556533813E0,7.822248037E0
2.753615464E1,-2.273181438E0,-4.498506486E-1,1.072463131E1,1.097212086E1
2.753853021E1,2.450250387E0,-1.832902193E0,9.997213364E0,1.045502427E1
2.754090583E1,-2.129612207E0,8.135596663E-2,8.513663292E0,8.776350585E0
2.754328141E1,1.282552958E0,-2.029113531E0,1.267238903E1,1.289773963E1
2.754565698E1,-7.896314859E-1,-2.009970993E-1,6.556334019E0,6.606771790E0
2.754803261E1,-3.972085714E-1,-1.593619823E0,1.344766331E1,1.354758455E1
2.755040818E1,1.158126116E0,-8.614161611E-1,6.910471916E0,7.059597439E0
2.755278380E1,-1.703689694E0,-1.048056364E0,1.202154064E1,1.218681337E1
2.755515938E1,2.187039852E0,-1.335195065E0,8.413164139E0,8.794726829E0
2.755753500E1,-2.062613010E0,-3.780659735E-1,9.987641335E0,1.020540473E1
2.755991057E1,2.603390932E0,-2.091326952E0,1.110748291E1,1.159859773E1
2.756228620E1,-1.832902193E0,1.435693540E-2,7.532605648E0,7.752411523E0
2.756466177E1,6.604190469E-1,-1.895115495E0,1.350509071E1,1.365339120E1
2.756703740E1,1.579262912E-1,-6.795616150E-1,6.369693756E0,6.407787703E0
2.756941297E1,-6.508477330E-1,-1.430907965E0,1.329930782E1,1.339188892E1
2.757178859E1,1.655833244E0,-1.196411371E0,7.322037220E0,7.601671721E0
2.757416417E1,-1.928615093E0,-7.322037220E-1,1.131326580E1,1.149981137E1
2.757653979E1,2.517249346E0,-1.674975872E0,9.408578873E0,9.882481715E0
2.757891536E1,-2.019542217E0,-2.919243574E-1,9.135796547E0,9.360905359E0
2.758129094E1,2.029113531E0,-2.263610125E0,1.215075302E1,1.252525575E1
2.758366656E1,-1.234696507E0,-1.339980662E-1,7.025327206E0,7.134259127E0
2.758604214E1,-1.483550072E-1,-1.861616015E0,1.358644676E1,1.371419553E1
2.758841776E1,7.274180651E-1,-8.518448472E-1,6.771687984E0,6.863711448E0
2.759079333E1,-1.249053478E0,-1.301695466E0,1.270588779E1,1.283332109E1
2.759316896E1,1.895115495E0,-1.249053478E0,8.063812256E0,8.377151391E0
2.759554453E1,-2.287538528E0,-4.833501875E-1,1.046142101E1,1.071950510E1
2.759792016E1,2.402393818E0,-2.024327993E0,1.038963604E1,1.085421287E1
2.760029573E1,-1.947757602E0,-3.828516230E-2,8.408378601E0,8.631109785E0
2.760267136E1,1.009771109E0,-2.187039852E0,1.296431351E1,1.318621271E1
2.760504693E1,-7.274180651E-1,-2.201396823E-1,6.652047157E0,6.695321494E0
2.760742255E1,-7.561319470E-1,-1.641476393E0,1.344287777E1,1.356381742E1
2.760979813E1,1.153340459E0,-9.379864931E-1,7.197610378E0,7.349531144E0
2.761217375E1,-1.966900229E0,-9.571290612E-1,1.196411324E1,1.216243389E1
2.761454932E1,2.014756680E0,-1.397408366E0,8.729017258E0,9.066848234E0
2.761692495E1,-2.383251429E0,-2.440679073E-1,9.676574707E0,9.968728835E0
2.761930052E1,2.258824587E0,-2.129612207E0,1.150469112E1,1.191618456E1
2.762167615E1,-1.732403636E0,1.435693540E-2,7.379465103E0,7.580101166E0
2.762405172E1,1.674975902E-1,-1.828116536E0,1.357209015E1,1.369568167E1
2.762642729E1,0.000000000E0,-5.455635786E-1,6.384050846E0,6.407319629E0
2.762880292E1,-1.024128079E0,-1.406979680E0,1.317009544E1,1.328457166E1
2.763117849E1,1.665404558E0,-1.100698471E0,7.676175117E0,7.931505147E0
2.763355412E1,-2.206182480E0,-5.886343718E-1,1.103569794E1,1.126944366E1
2.763592969E1,2.292324066E0,-1.660618901E0,9.576076508E0,9.985672037E0
2.763830531E1,-2.100898266E0,-2.105683982E-1,8.733802795E0,8.985400594E0
2.764068083E1,1.828116536E0,-2.076970100E0,1.239960670E1,1.270456852E1
2.764305651E1,-1.052842021E0,-1.052841991E-1,6.719046116E0,6.801848410E0
2.764543208E1,-3.732803464E-1,-1.655833244E0,1.353859043E1,1.364457961E1
2.764780771E1,8.470591903E-1,-7.992027402E-1,6.623332977E0,6.724936730E0
2.765018328E1,-1.196411371E0,-1.196411371E0,1.263410378E1,1.274689682E1
2.765255891E1,2.100898266E0,-1.234696507E0,8.111668587E0,8.469794345E0
2.765493443E1,-2.206182480E0,-4.019941986E-1,1.016471100E1,1.040913974E1
2.765731005E1,2.522035122E0,-2.000399828E0,1.050927734E1,1.099123155E1
2.765968568E1,-1.550549030E0,-6.699903309E-2,8.049455643E0,8.197708662E0
2.766206125E1,1.177268744E0,-2.172683001E0,1.297867012E1,1.321182770E1
2.766443688E1,-3.541377485E-1,-2.153540403E-1,6.427121639E0,6.440472302E0
2.766681245E1,-7.034898400E-1,-1.646261930E0,1.325623703E1,1.337658015E1
2.766918807E1,1.560120344E0,-1.019342422E0,7.278966427E0,7.513746516E0
2.767156365E1,-1.593619823E0,-1.100698471E0,1.170568848E1,1.186483476E1
2.767393927E1,2.244467735E0,-1.392622828E0,8.848658562E0,9.234489271E0
2.767631484E1,-2.206182480E0,-2.584248483E-1,9.327222824E0,9.588071242E0
2.767869047E1,2.455035925E0,-2.349751949E0,1.147597694E1,1.196856643E1
2.768106604E1,-1.229910851E0,-9.571290761E-2,7.288537979E0,7.392200453E0
2.768344167E1,2.344966233E-1,-1.938186288E0,1.344287777E1,1.358390656E1
2.768581724E1,2.584248483E-1,-6.412764788E-1,6.388836384E0,6.426137974E0
2.768819286E1,-9.667003751E-1,-1.540977836E0,1.292602825E1,1.305340295E1
2.769056844E1,1.895115495E0,-1.095912814E0,7.929814339E0,8.226447780E0
2.769294401E1,-2.076970100E0,-7.369893789E-1,1.082991505E1,1.105187849E1
2.769531964E1,2.378465652E0,-1.765903115E0,9.657432556E0,1.010156009E1
2.769769521E1,-1.986042738E0,-2.488535494E-1,8.518448830E0,8.750443664E0
2.770007083E1,1.952543259E0,-2.297109842E0,1.259581852E1,1.295159384E1
2.770244641E1,-8.853443861E-1,-1.818545163E-1,6.532405853E0,6.594636607E0
2.770482203E1,-4.881358147E-1,-1.684547186E0,1.362951756E1,1.374189669E1
2.770719760E1,9.954141974E-1,-8.662018180E-1,6.747759819E0,6.875566710E0
2.770957323E1,-1.320838094E0,-1.282552958E0,1.250967693E1,1.264442851E1
2.771194880E1,2.067398787E0,-1.282552958E0,8.432307243E0,8.776268300E0
2.771432443E1,-2.230110645E0,-3.397808075E-1,1.003549862E1,1.028591644E1
2.771670000E1,2.397608280E0,-2.029113531E0,1.056191921E1,1.101907277E1
2.771907563E1,-1.588834286E0,-1.148554832E-1,7.867600918E0,8.027249241E0
2.772145120E1,1.143769264E0,-2.076970100E0,1.325145149E1,1.346190847E1
2.772382677E1,-3.684946895E-1,-2.440679073E-1,6.240481377E0,6.256114233E0
2.772620240E1,-9.810572863E-1,-1.550549030E0,1.336152172E1,1.348691731E1
2.772857797E1,1.617548108E0,-9.714859724E-1,7.326822758E0,7.565882539E0
2.773095359E1,-1.718046665E0,-9.810572863E-1,1.174397373E1,1.190945325E1
2.773332917E1,2.258824587E0,-1.368694544E0,9.059226990E0,9.436376790E0
2.773570479E1,-2.306680918E0,-1.339980662E-1,9.059226990E0,9.349242001E0
2.773808037E1,2.282752752E0,-2.139183521E0,1.164347458E1,1.205643258E1
2.774045599E1,-1.057627559E0,3.349951655E-2,7.192824841E0,7.270242600E0
2.774283156E1,2.105683982E-1,-1.794616938E0,1.344287777E1,1.356377351E1
2.774520719E1,3.876372576E-1,-4.546363056E-1,6.379265308E0,6.407182118E0
2.774758276E1,-1.119840980E0,-1.435693622E0,1.286859989E1,1.299677357E1
2.774995839E1,2.091326952E0,-9.475577474E-1,8.159524918E0,8.476400237E0
2.775233396E1,-2.000399828E0,-6.077769399E-1,1.063370419E1,1.083728089E1
2.775470958E1,2.388036966E0,-1.584048629E0,9.796216011E0,1.020675163E1
2.775708516E1,-1.942971945E0,-6.699903309E-2,8.312665939E0,8.536980957E0
2.775946078E1,1.928615093E0,-2.187039852E0,1.266281700E1,1.299421540E1
2.776183636E1,-6.125625968E-1,-8.135596663E-2,6.508477688E0,6.537746825E0
2.776421193E1,-4.929214716E-1,-1.512263894E0,1.360080433E1,1.369349452E1
2.776658755E1,1.091127157E0,-7.657032609E-1,6.695117950E0,6.826526520E0
2.776896313E1,-1.272981644E0,-1.119840980E0,1.248574829E1,1.260033478E1
2.777133875E1,2.258824587E0,-1.215553880E0,8.585447311E0,8.960455641E0
2.777371432E1,-2.210968018E0,-2.823530734E-1,9.801001549E0,1.005125535E1
2.777608990E1,2.349751949E0,-1.899901152E0,1.067198944E1,1.109154260E1
2.777846552E1,-1.502692580E0,-1.435693651E-1,7.657032490E0,7.804411810E0
2.778084115E1,1.143769264E0,-1.966900229E0,1.333280754E1,1.352555587E1
2.778321672E1,-1.674975902E-1,-2.967100143E-1,6.178267956E0,6.187656035E0
2.778559234E1,-1.081555843E0,-1.397408366E0,1.329930782E1,1.341618805E1
2.778796792E1,1.627119422E0,-9.475577474E-1,7.436892986E0,7.671555291E0
2.779034354E1,-1.713261008E0,-8.757730722E-1,1.168654537E1,1.184388384E1
2.779271912E1,2.201396942E0,-1.459621787E0,9.164510727E0,9.537552156E0
2.779509474E1,-2.373680115E0,-8.614161611E-2,8.891729355E0,9.203511753E0
2.779747031E1,2.134397745E0,-2.191825628E0,1.168175983E1,1.207573046E1
2.779984594E1,-1.038485050E0,-2.871387079E-2,7.063612461E0,7.139600597E0
2.780222151E1,7.657032460E-2,-1.832902193E0,1.351944828E1,1.364334546E1
2.780459708E1,3.589234054E-1,-4.402793646E-1,6.355337143E0,6.380672545E0
2.780697271E1,-1.459621787E0,-1.392622828E0,1.282552910E1,1.298322343E1
2.780934828E1,1.995614052E0,-1.033699393E0,8.264809608E0,8.564933610E0
2.781172391E1,-2.196611166E0,-5.838487148E-1,1.055234814E1,1.079435182E1
2.781409948E1,2.210968018E0,-1.641476393E0,9.982855797E0,1.035568608E1
2.781647511E1,-2.167897224E0,-7.178468257E-2,8.059026718E0,8.345827883E0
2.781885068E1,1.627119422E0,-2.215753794E0,1.270110226E1,1.299519454E1
2.782122630E1,-5.551348329E-1,-1.531406492E-1,6.436692715E0,6.462402018E0
2.782360188E1,-7.896314859E-1,-1.526620865E0,1.351466274E1,1.362351637E1
2.782597750E1,9.858429432E-1,-7.322037220E-1,6.776473522E0,6.886842673E0
2.782835307E1,-1.536192179E0,-1.215553880E0,1.230389404E1,1.245886296E1
2.783072865E1,2.282752752E0,-1.210768223E0,8.910871506E0,9.277960488E0
2.783310427E1,-2.411965132E0,-3.876372576E-1,9.528220177E0,9.836402705E0
2.783547984E1,2.254039049E0,-1.947757602E0,1.096869946E1,1.136603798E1
2.783785547E1,-1.593619823E0,-1.770688742E-1,7.379465103E0,7.551654305E0
2.784023104E1,9.475577474E-1,-1.981257200E0,1.356730461E1,1.374390775E1
2.784260667E1,-6.699903309E-2,-4.115654826E-1,6.077769279E0,6.092056667E0
2.784498224E1,-1.373480201E0,-1.473978758E0,1.330887985E1,1.346051055E1
2.784735787E1,1.617548108E0,-1.014556766E0,7.556533813E0,7.794035578E0
2.784973344E1,-1.780260086E0,-9.140582681E-1,1.164826107E1,1.181891765E1
2.785210906E1,2.206182480E0,-1.545763373E0,9.379864693E0,9.759020811E0
2.785448464E1,-2.455035925E0,-1.674975902E-1,8.776873589E0,9.115303990E0
2.785686026E1,1.919043779E0,-2.249253273E0,1.190190029E1,1.226364953E1
2.785923583E1,-1.024128079E0,-1.962114573E-1,6.943971157E0,7.021828301E0
2.786161146E1,-6.221338734E-2,-1.861616015E0,1.366301727E1,1.378939903E1
2.786398703E1,3.924229145E-1,-6.460621357E-1,6.340980053E0,6.385876608E0
2.786636266E1,-1.813759565E0,-1.397408366E0,1.283031464E1,1.303301376E1
2.786873823E1,2.019542217E0,-1.239482164E0,8.556734085E0,8.878770467E0
2.787111386E1,-2.325823545E0,-7.704889178E-1,1.041835022E1,1.070257584E1
2.787348943E1,2.033899307E0,-1.808973908E0,1.039920712E1,1.074954146E1
2.787586500E1,-2.321038008E0,-1.962114573E-1,7.858029366E0,8.195995478E0
2.787824063E1,1.239482164E0,-2.301895380E0,1.289731407E1,1.315962570E1
2.788061620E1,-4.785645306E-1,-2.775674164E-1,6.508477688E0,6.531948369E0
2.788299182E1,-1.138983607E0,-1.679761529E0,1.350030518E1,1.365200067E1
2.788536740E1,9.140582681E-1,-8.422735929E-1,6.991827965E0,7.101449543E0
2.788774302E1,-1.966900229E0,-1.239482164E0,1.224646664E1,1.246518984E1
2.789011859E1,2.100898266E0,-1.306481123E0,9.308079720E0,9.631251970E0
2.789249422E1,-2.656033039E0,-4.163511395E-1,9.375079155E0,9.752946680E0
2.789486979E1,1.885544300E0,-2.038684845E0,1.122233772E1,1.156081213E1
2.789724542E1,-1.684547186E0,-2.057827413E-1,7.240681171E0,7.436901881E0
2.789962099E1,5.934200287E-1,-2.038684845E0,1.361516094E1,1.377973116E1
2.790199662E1,-4.785645287E-3,-4.881358147E-1,6.063412666E0,6.083031534E0
2.790437219E1,-1.674975872E0,-1.349551916E0,1.328973675E1,1.346268686E1
2.790674776E1,1.612762451E0,-1.057627559E0,7.805387497E0,8.040127658E0
2.790912339E1,-1.971685886E0,-9.044869542E-1,1.138026428E1,1.158516539E1
2.791149896E1,2.220539331E0,-1.593619823E0,9.848857880E0,1.022107727E1
2.791387458E1,-2.440679073E0,-1.196411327E-1,8.432307243E0,8.779238793E0
2.791625016E1,1.741974831E0,-2.158325911E0,1.221296692E1,1.252395337E1
2.791862578E1,-6.652047038E-1,-2.440679073E-1,6.604190350E0,6.642092789E0
2.792100130E1,-3.828516230E-2,-1.732403636E0,1.382094383E1,1.392914845E1
2.792337698E1,8.470591903E-1,-6.508477330E-1,6.317051888E0,6.406735252E0
2.792575255E1,-1.799402595E0,-1.220339537E0,1.274417305E1,1.292830325E1
2.792812818E1,2.416750908E0,-1.201196909E0,8.685946465E0,9.095560728E0
2.793050375E1,-1.923829436E0,-5.407779217E-1,1.034656525E1,1.053778785E1
2.793287927E1,2.392822742E0,-1.828116536E0,1.061934662E1,1.103803123E1
2.793525495E1,-1.828116536E0,-1.196411327E-1,7.518248558E0,7.738241754E0
2.793763057E1,1.450050473E0,-2.120040894E0,1.306959724E1,1.331959428E1
2.794000615E1,2.201396823E-1,-3.397808075E-1,6.340980053E0,6.353891761E0
2.794238172E1,-8.279166222E-1,-1.607976794E0,1.347159195E1,1.359245471E1
2.794475734E1,1.574477315E0,-7.848458290E-1,7.082755089E0,7.297971049E0
2.794713292E1,-1.832902193E0,-1.115055323E0,1.190668583E1,1.209843156E1
2.794950854E1,2.627319336E0,-1.368694544E0,9.638289452E0,1.008329089E1
2.795188412E1,-2.273181438E0,-3.589234054E-1,8.958727837E0,9.249593738E0
2.795425974E1,2.048256159E0,-1.995614052E0,1.157169056E1,1.191980919E1
2.795663531E1,-1.138983607E0,-1.914258152E-1,6.896114826E0,6.992161840E0
2.795901094E1,6.604190469E-1,-1.904686809E0,1.360558987E1,1.375412886E1
2.796138651E1,5.742774606E-1,-5.742774606E-1,6.044270039E0,6.098589140E0
2.796376208E1,-1.622333765E0,-1.253839016E0,1.317488194E1,1.333347641E1
2.796613771E1,1.938186288E0,-1.033699393E0,7.939385414E0,8.237653870E0
2.796851333E1,-1.990828395E0,-7.752745152E-1,1.108833981E1,1.129228621E1
2.797088891E1,2.383251429E0,-1.631905079E0,1.022692394E1,1.062699275E1
2.797326453E1,-2.354537487E0,-1.483550072E-1,8.035098076E0,8.374285467E0
2.797564010E1,1.445264935E0,-2.057827473E0,1.241396427E1,1.266609465E1
2.797801568E1,-5.886343718E-1,-3.589234054E-1,6.350551128E0,6.387864750E0
2.798039130E1,-3.014956415E-1,-1.579262972E0,1.373001671E1,1.382383196E1
2.798276688E1,9.523434043E-1,-7.513462901E-1,6.384050846E0,6.498275495E0
2.798514250E1,-2.124826431E0,-1.038485050E0,1.257188988E1,1.279241000E1
2.798751802E1,2.234896421E0,-1.220339537E0,8.863015175E0,9.221552396E0
2.798989370E1,-2.187039852E0,-4.211367965E-1,9.934999466E0,1.018158700E1
2.799226927E1,2.139183521E0,-1.890329838E0,1.093519974E1,1.130168334E1
2.799464490E1,-1.909472466E0,-1.100698411E-1,7.116254330E0,7.368804255E0
2.799702047E1,9.475577474E-1,-1.981257200E0,1.320359516E1,1.338499798E1
2.799939609E1,3.445664644E-1,-4.977070987E-1,6.015556335E0,6.045937184E0
2.800177167E1,-1.153340459E0,-1.435693622E0,1.346680546E1,1.359213963E1
2.800414724E1,1.756331801E0,-8.087740541E-1,7.231110096E0,7.485170011E0
2.800652286E1,-2.110469580E0,-9.427721500E-1,1.156690502E1,1.179560058E1
2.800889844E1,2.617748022E0,-1.478764415E0,9.882357597E0,1.032958569E1
2.801127406E1,-2.134397745E0,-3.206382394E-1,8.714659691E0,8.977959464E0
2.801364964E1,1.976471543E0,-1.976471543E0,1.186361504E1,1.218844704E1
2.801602526E1,-9.762716293E-1,-2.727817893E-1,6.527620316E0,6.605856733E0
2.801840083E1,4.977070987E-1,-1.909472466E0,1.360080433E1,1.374320472E1
2.802077646E1,1.091127157E0,-6.843472719E-1,6.149554253E0,6.282985530E0
2.802315203E1,-1.598405480E0,-1.263410330E0,1.303131199E1,1.318962463E1
2.802552766E1,2.244467735E0,-1.071984529E0,8.111668587E0,8.484453636E0
2.802790323E1,-1.866401672E0,-7.417750359E-1,1.080120182E1,1.098633907E1
2.803027886E1,2.703889608E0,-1.751546144E0,1.058584690E1,1.106521972E1
2.803265443E1,-2.029113531E0,-2.057827413E-1,7.700103283E0,7.965628590E0
2.803503005E1,1.588834286E0,-2.038684845E0,1.275853062E1,1.301770847E1
2.803740563E1,-3.828516230E-2,-4.594219327E-1,6.101697922E0,6.119089131E0
2.803978125E1,-1.387837082E-1,-1.579262972E0,1.381615829E1,1.390681712E1
2.804215682E1,1.531406522E0,-9.044869542E-1,6.570691109E0,6.807149494E0
2.804453240E1,-2.014756680E0,-9.379864931E-1,1.239482117E1,1.259248406E1
2.804690802E1,2.584248543E0,-1.383051515E0,9.217152596E0,9.671973635E0
2.804928359E1,-1.875972986E0,-4.450650215E-1,9.700503349E0,9.890253927E0
2.805165922E1,2.282752752E0,-1.990828395E0,1.136112213E1,1.175795279E1
2.805403479E1,-1.593619823E0,-1.244267747E-1,6.977470875E0,7.158226454E0
2.805641042E1,7.657032609E-1,-1.971685886E0,1.332323647E1,1.349008809E1
2.805878599E1,5.886343718E-1,-5.982056856E-1,5.991627693E0,6.050119245E0
2.806116162E1,-1.210768223E0,-1.411765337E0,1.348116302E1,1.360884997E1
2.806353719E1,1.856830359E0,-9.092726111E-1,7.412964344E0,7.695884356E0
2.806591281E1,-2.411965132E0,-7.752745152E-1,1.142333508E1,1.170090640E1
2.806828839E1,2.517249346E0,-1.545763373E0,1.018863869E1,1.060821790E1
2.807066401E1,-2.148754835E0,-3.014956415E-1,8.575876236E0,8.846112150E0
2.807303958E1,1.670190215E0,-2.000399828E0,1.224168110E1,1.251598542E1
2.807541516E1,-1.067198873E0,-2.584248483E-1,6.364908218E0,6.458928198E0
2.807779078E1,-9.571290761E-2,-1.756331801E0,1.365344620E1,1.376627965E1
2.808016636E1,1.100698471E0,-6.699903607E-1,6.278766632E0,6.409628275E0
2.808254198E1,-2.048256159E0,-1.134197950E0,1.288774300E1,1.309868993E1
2.808491755E1,2.076970100E0,-1.057627559E0,8.461020470E0,8.776175035E0
2.808729318E1,-2.435893536E0,-5.264210105E-1,1.035135078E1,1.064711977E1
2.808966875E1,2.325823545E0,-1.746760488E0,1.112183952E1,1.149590978E1
2.809204438E1,-2.091326952E0,-1.770688742E-1,7.446464062E0,7.736590259E0
2.809441995E1,9.284151793E-1,-1.818545222E0,1.296431351E1,1.312411849E1
2.809679557E1,-2.153540403E-1,-4.163511395E-1,5.929414749E0,5.947914332E0
2.809917115E1,-6.508477330E-1,-1.473978758E0,1.365344620E1,1.374819294E1
2.810154677E1,1.569691658E0,-8.757730722E-1,6.637690067E0,6.876760851E0
2.810392234E1,-2.354537487E0,-6.939185858E-1,1.222732353E1,1.247127943E1
2.810629797E1,2.340180635E0,-1.383051515E0,9.265008926E0,9.655551113E0
2.810867354E1,-2.215753794E0,-3.014956415E-1,9.375079155E0,9.638079355E0
2.811104912E1,2.115255117E0,-1.942971945E0,1.173918819E1,1.208544512E1
2.811342474E1,-1.497906923E0,-2.009970993E-1,6.738188744E0,6.905600085E0
2.811580031E1,3.876372576E-1,-1.751546144E0,1.323709488E1,1.335810081E1
2.811817594E1,7.274180651E-1,-7.226324677E-1,5.967699528E0,6.055144290E0
2.812055151E1,-1.234696507E0,-1.220339537E0,1.337587833E1,1.348806232E1
2.812292714E1,2.048256159E0,-1.052842021E0,7.546962738E0,7.890530792E0
2.812530271E1,-2.483749866E0,-5.216353536E-1,1.115055370E1,1.143573193E1
2.812767833E1,2.483749866E0,-1.665404558E0,1.035613632E1,1.077924604E1
2.813005391E1,-2.019542217E0,-2.249253243E-1,8.322237015E0,8.566724642E0
2.813242953E1,1.579262972E0,-2.048256159E0,1.252881908E1,1.279299545E1
2.813480510E1,-7.609176040E-1,-3.445664644E-1,6.139982700E0,6.196540100E0
2.813718073E1,-2.823530734E-1,-1.665404558E0,1.347637749E1,1.358182778E1
2.813955630E1,1.478764415E0,-8.901300430E-1,6.422336102E0,6.650223807E0
2.814193188E1,-1.981257200E0,-1.071984529E0,1.263888931E1,1.283807049E1
2.814430750E1,2.277967215E0,-1.162911773E0,8.681160927E0,9.050085826E0
2.814668307E1,-2.502892494E0,-4.594219327E-1,9.992427826E0,1.031136040E1
2.814905870E1,2.392822742E0,-2.000399828E0,1.151426220E1,1.192918414E1
2.815143427E1,-1.842473388E0,-2.584248483E-1,7.159325123E0,7.397122941E0
2.815380990E1,6.604190469E-1,-1.785045743E0,1.320838070E1,1.334480657E1
2.815618547E1,-5.264209956E-2,-6.412764788E-1,5.838487148E0,5.873835109E0
2.815856109E1,-9.044869542E-1,-1.478764415E0,1.348116302E1,1.359215205E1
2.816093667E1,1.895115495E0,-1.028913736E0,7.087540627E0,7.408330335E0
2.816331229E1,-2.560320139E0,-6.843472719E-1,1.185882950E1,1.215135414E1
2.816568787E1,2.215753794E0,-1.497906923E0,9.600004196E0,9.965609394E0
2.816806349E1,-2.397608280E0,-3.684946895E-1,9.145368576E0,9.461610867E0
2.817043906E1,1.789831281E0,-1.990828395E0,1.220818138E1,1.249826333E1
2.817281469E1,-1.464407444E0,-3.397808075E-1,6.556334019E0,6.726474257E0
2.817519026E1,-6.221338734E-2,-1.641476393E0,1.334237862E1,1.344311654E1
2.817756589E1,6.699903607E-1,-8.566305041E-1,6.053841114E0,6.150747527E0
2.817994146E1,-1.636690736E0,-1.172483087E0,1.325145149E1,1.340352341E1
2.818231703E1,1.995614052E0,-1.205982566E0,7.901100159E0,8.237976275E0
2.818469266E1,-2.823530674E0,-3.110669553E-1,1.088255692E1,1.124718334E1
2.818706823E1,2.196611166E0,-1.828116536E0,1.071506023E1,1.108961796E1
2.818944386E1,-2.009970903E0,-1.818545163E-1,8.111668587E0,8.358960543E0
2.819181943E1,1.172483087E0,-1.942971945E0,1.287817192E1,1.307658857E1
2.819419505E1,-7.322037220E-1,-3.014956415E-1,6.034698486E0,6.086428159E0
2.819657063E1,-6.508477330E-1,-1.512263894E0,1.333759308E1,1.343882190E1
2.819894625E1,1.641476393E0,-9.619147182E-1,6.666403770E0,6.932579888E0
2.820132182E1,-2.091326952E0,-8.901300430E-1,1.239003563E1,1.259678383E1
2.820369740E1,2.311466694E0,-1.229910851E0,8.977870941E0,9.351883533E0
2.820607302E1,-2.550748825E0,-2.536391914E-1,9.542576790E0,9.880861511E0
2.820844859E1,2.254039049E0,-1.990828395E0,1.190190029E1,1.227596515E1
2.821082422E1,-1.387837172E0,-2.632105052E-1,6.900900364E0,7.043990177E0
2.821319979E1,6.077769399E-1,-1.655833244E0,1.338544941E1,1.350116411E1
2.821557542E1,3.493520916E-1,-6.173482537E-1,5.699703693E0,5.743673732E0
2.821795099E1,-1.000199914E0,-1.354337573E0,1.324188042E1,1.334848408E1
2.822032662E1,2.325823545E0,-9.858429432E-1,7.489534855E0,7.904079568E0
2.822270219E1,-2.273181438E0,-5.024927258E-1,1.142812061E1,1.166283814E1
2.822507781E1,2.579462767E0,-1.545763373E0,9.954142570E0,1.039845983E1
2.822745339E1,-2.029113531E0,-2.009970993E-1,8.638090134E0,8.875488872E0
2.822982901E1,2.005185366E0,-1.923829436E0,1.266760349E1,1.296881129E1
2.823220458E1,-7.082754970E-1,-3.684946895E-1,6.226124287E0,6.277106511E0
2.823458021E1,-5.264209956E-2,-1.426122308E0,1.327538013E1,1.335186555E1
2.823695578E1,1.397408366E0,-9.284151793E-1,6.139982700E0,6.365068142E0
2.823933136E1,-1.249053478E0,-1.043270707E0,1.291167068E1,1.301383065E1
2.824170698E1,2.612962246E0,-1.292124271E0,8.221738815E0,8.723195858E0
2.824408255E1,-2.536391973E0,-1.100698411E-1,1.032742214E1,1.063489764E1
2.824645818E1,2.407179594E0,-1.957328916E0,1.109791183E1,1.152342385E1
2.824883375E1,-1.421336651E0,-2.775674164E-1,7.700103283E0,7.835102559E0
2.825120938E1,1.081555843E0,-1.847259045E0,1.319880962E1,1.337126413E1
2.825358495E1,-2.249253243E-1,-5.168496966E-1,5.910272121E0,5.937090328E0
2.825596057E1,-7.465606928E-1,-1.373480201E0,1.319402409E1,1.328631146E1
2.825833615E1,1.986042738E0,-1.129412293E0,6.891329288E0,7.260189891E0
2.826071177E1,-1.986042738E0,-7.226324677E-1,1.216032505E1,1.234261191E1
2.826308734E1,2.435893536E0,-1.483550072E0,9.221938133E0,9.652908425E0
2.826546297E1,-2.713460922E0,-9.571290761E-2,9.164510727E0,9.558257582E0
2.826783854E1,1.914258122E0,-2.105684042E0,1.227996540E1,1.260538931E1
2.827021412E1,-1.124626637E0,-3.397808075E-1,6.800402164E0,6.901137998E0
2.827258974E1,-9.571290761E-2,-1.627119422E0,1.327059460E1,1.337031636E1
2.827496531E1,4.019941986E-1,-7.609176040E-1,5.915057659E0,5.977332352E0
2.827734094E1,-1.603191137E0,-1.277767301E0,1.280638695E1,1.296944323E1
2.827971651E1,2.268395901E0,-1.138983607E0,8.039883614E0,8.431051663E0
2.828209214E1,-2.737389088E0,-3.541377485E-1,1.079162979E1,1.113902986E1
2.828446771E1,2.033899307E0,-1.741974831E0,1.039442158E1,1.073383541E1
2.828684333E1,-2.354537487E0,-1.292124242E-1,8.087740898E0,8.424493781E0
2.828921891E1,1.220339537E0,-2.033899307E0,1.312223911E1,1.333488411E1
2.829159453E1,-6.987041831E-1,-5.024927258E-1,6.120840549E0,6.181049709E0
2.829397011E1,-8.709874153E-1,-1.320838094E0,1.319402409E1,1.328854785E1
2.829634568E1,1.320838094E0,-1.048056364E0,6.503692150E0,6.718708730E0
2.829872130E1,-1.813759565E0,-9.571290612E-1,1.239003563E1,1.255861468E1
2.830109688E1,2.493321180E0,-1.473978758E0,8.920442581E0,9.378889046E0
2.830347250E1,-2.751745939E0,-8.614161611E-2,9.690931320E0,1.007440698E1
2.830584807E1,1.933400750E0,-2.096112728E0,1.172961617E1,1.207127261E1
2.830822370E1,-1.301695466E0,-3.924229145E-1,7.341179848E0,7.466011545E0
2.831059927E1,5.742774606E-1,-1.808973908E0,1.349551964E1,1.362832460E1
2.831297490E1,2.249253243E-1,-8.135597110E-1,5.924628735E0,5.984454566E0
2.831535047E1,-1.282552958E0,-1.272981644E0,1.285902882E1,1.298537818E1
2.831772609E1,2.292324066E0,-1.320838094E0,7.499105930E0,7.952103662E0
2.832010167E1,-1.885544300E0,-5.647061467E-1,1.150469112E1,1.167185025E1
2.832247729E1,2.531606436E0,-1.880758643E0,9.848857880E0,1.034148373E1
2.832485286E1,-2.316252232E0,-5.264209956E-2,8.571090698E0,8.878704373E0
2.832722849E1,1.689332843E0,-2.268395901E0,1.279681587E1,1.310564618E1
2.832960406E1,-3.445664644E-1,-5.407779217E-1,6.723831654E0,6.754337785E0
2.833197964E1,-1.674975902E-1,-1.603191137E0,1.334716511E1,1.344414719E1
2.833435526E1,1.177268744E0,-1.024128079E0,6.302694798E0,6.492977878E0
2.833673089E1,-1.536192179E0,-1.182054400E0,1.240439224E1,1.255492278E1
2.833910646E1,2.823530674E0,-1.507478237E0,8.709874153E0,9.279370877E0
2.834148203E1,-2.354537487E0,-3.493520916E-1,1.010728264E1,1.038378813E1
2.834385766E1,2.249253273E0,-2.067398787E0,1.129890823E1,1.170464033E1
2.834623323E1,-1.727617979E0,-2.775674164E-1,7.594819069E0,7.793778560E0
2.834860886E1,8.662018180E-1,-2.014756680E0,1.359601784E1,1.377175556E1
2.835098443E1,4.785645381E-2,-7.848458290E-1,6.168696880E0,6.218608720E0
2.835336005E1,-1.115055323E0,-1.368694544E0,1.301216984E1,1.313138367E1
2.835573563E1,1.722832322E0,-1.220339537E0,7.097112179E0,7.404483849E0
2.835811125E1,-1.957328916E0,-8.327022791E-1,1.178225899E1,1.197272552E1
2.836048682E1,2.450250387E0,-1.665404558E0,9.652647018E0,1.009707352E1
2.836286234E1,-2.766103029E0,-7.657032460E-2,8.992227554E0,9.408365712E0
2.836523802E1,1.373480201E0,-2.110469580E0,1.240439224E1,1.265738822E1
2.836761365E1,-1.129412293E0,-4.737788737E-1,7.001399040E0,7.107716023E0
2.836998922E1,-2.009970993E-1,-1.631905079E0,1.358166122E1,1.368082730E1
2.837236479E1,3.684946895E-1,-9.810572863E-1,6.278766632E0,6.365624255E0
2.837474042E1,-1.986042738E0,-1.076770186E0,1.241874981E1,1.262256498E1
2.837711599E1,2.096112728E0,-1.402194023E0,8.245666504E0,8.622694054E0
2.837949162E1,-2.397608280E0,-3.493520916E-1,1.067198944E1,1.094357944E1
2.838186719E1,2.005185366E0,-2.072184324E0,1.070070267E1,1.108240740E1
2.838424281E1,-2.435893536E0,7.657032460E-2,7.992027760E0,8.355354453E0
2.838661839E1,6.364908218E-1,-2.120040894E0,1.330887985E1,1.349170030E1
2.838899401E1,-2.488535494E-1,-6.317051649E-1,6.532405853E0,6.567595126E0
2.839136958E1,-9.714859724E-1,-1.421336651E0,1.317966747E1,1.329163713E1
2.839374516E1,1.339980721E0,-1.095912814E0,6.867401123E0,7.082215149E0
2.839612078E1,-2.129612207E0,-8.039883971E-1,1.167697430E1,1.189677999E1
2.839849630E1,2.550748825E0,-1.679761529E0,9.312865257E0,9.800886575E0
2.840087198E1,-2.359323025E0,-1.483550072E-1,9.346364975E0,9.640692537E0
2.840324755E1,1.746760488E0,-2.163111687E0,1.190190029E1,1.222233427E1
2.840562318E1,-1.325623751E0,-2.057827413E-1,7.130611420E0,7.255704244E0
2.840799875E1,2.584248483E-1,-1.856830359E0,1.345723438E1,1.358719101E1
2.841037438E1,7.082754970E-1,-8.374879360E-1,6.474977970E0,6.567220107E0
2.841274995E1,-1.426122308E0,-1.191625714E0,1.250489140E1,1.264223499E1
2.841512557E1,2.210968018E0,-1.311266780E0,7.733603001E0,8.149626710E0
2.841750115E1,-1.866401672E0,-5.455635786E-1,1.072941685E1,1.090419556E1
2.841987677E1,2.742174864E0,-1.962114573E0,1.038006496E1,1.091398943E1
2.842225234E1,-2.019542217E0,-1.914258115E-2,8.097311974E0,8.345380663E0
2.842462792E1,1.201196909E0,-1.957328916E0,1.295474148E1,1.315672213E1
2.842700354E1,-1.818545163E-1,-5.216353536E-1,6.546762943E0,6.570028884E0
2.842937912E1,-2.201396823E-1,-1.430907965E0,1.337109280E1,1.344924093E1
2.843175474E1,1.430907965E0,-1.095912814E0,6.714260101E0,6.951964557E0
2.843413031E1,-1.775474429E0,-7.274180651E-1,1.181575775E1,1.197052955E1
2.843650594E1,2.617748022E0,-1.473978758E0,8.762516975E0,9.263202569E0
2.843888151E1,-1.904686809E0,-1.818545163E-1,9.600004196E0,9.788819309E0
2.844125714E1,2.325823545E0,-2.062613010E0,1.151426220E1,1.192652764E1
2.844363271E1,-1.421336651E0,5.264209956E-2,7.240681171E0,7.379053658E0
2.844600833E1,3.014956415E-1,-1.732403636E0,1.330887985E1,1.342454487E1
2.844838391E1,7.369893789E-1,-7.082754970E-1,6.575476646E0,6.654449688E0
2.845075953E1,-9.667003751E-1,-1.196411371E0,1.271067429E1,1.280340387E1
2.845313510E1,2.009970903E0,-1.124626637E0,7.580461979E0,7.922636677E0
2.845551073E1,-2.033899307E0,-4.019941986E-1,1.078684425E1,1.098427761E1
2.845788630E1,2.718246460E0,-1.875972986E0,1.001156998E1,1.054228020E1
2.846026193E1,-1.818545222E0,9.571290761E-2,8.484949112E0,8.678169687E0
2.846263750E1,1.354337573E0,-2.062613010E0,1.267717457E1,1.291508257E1
2.846501307E1,-5.072783828E-1,-1.770688742E-1,6.652047157E0,6.673710821E0
2.846738870E1,-4.498506486E-1,-1.540977836E0,1.327059460E1,1.336733553E1
2.846976427E1,1.445264935E0,-8.279166222E-1,7.144968510E0,7.336539489E0
2.847213990E1,-1.765903115E0,-9.140582681E-1,1.177268696E1,1.193943359E1
2.847451547E1,2.301895380E0,-1.249053478E0,8.571090698E0,8.962279436E0
2.847689109E1,-2.148754835E0,-1.770688742E-1,9.585647583E0,9.825128005E0
2.847926667E1,2.459821701E0,-2.081755638E0,1.139940739E1,1.184613515E1
2.848164229E1,-1.588834286E0,5.264209956E-2,7.211967468E0,7.385095825E0
2.848401787E1,1.148554832E-1,-1.684547186E0,1.342852020E1,1.353425454E1
2.848639349E1,3.206382394E-1,-5.599204898E-1,6.384050846E0,6.416574245E0
2.848876906E1,-1.043270707E0,-1.325623751E0,1.288295746E1,1.299293212E1
2.849114464E1,1.813759565E0,-1.004985452E0,7.728816986E0,8.002145433E0
2.849352026E1,-2.234896421E0,-4.881358147E-1,1.068634605E1,1.092845051E1
2.849589583E1,2.301895380E0,-1.603191137E0,9.729216576E0,1.012554193E1
2.849827146E1,-1.933400750E0,-3.349951655E-2,8.575876236E0,8.791178186E0
2.850064698E1,1.512263894E0,-2.014756680E0,1.249532032E1,1.274673356E1
2.850302266E1,-7.752745152E-1,-2.871387079E-2,6.585047722E0,6.630590363E0
2.850539823E1,-7.657032609E-1,-1.521835208E0,1.326102352E1,1.337000481E1
2.850777386E1,1.253839016E0,-7.800601721E-1,7.068397999E0,7.221001068E0
2.851014943E1,-1.598405480E0,-9.810572863E-1,1.206939697E1,1.221424237E1
2.851252505E1,2.124826431E0,-1.258624673E0,8.618947029E0,8.965783363E0
2.851490063E1,-2.373680115E0,-1.052841991E-1,9.509077072E0,9.801427897E0
2.851727620E1,2.277967215E0,-2.067398787E0,1.107876873E1,1.149792977E1
2.851965182E1,-1.239482164E0,1.148554832E-1,7.561319351E0,7.663097164E0
2.852202740E1,4.163511395E-1,-1.866401672E0,1.320838070E1,1.334609022E1
2.852440302E1,1.914258152E-1,-3.493520916E-1,6.446264267E0,6.458561274E0
2.852677859E1,-1.253839016E0,-1.363908887E0,1.286381435E1,1.299654106E1
2.852915422E1,2.043470621E0,-1.000199914E0,8.039883614E0,8.355590977E0
2.853152979E1,-1.971685886E0,-6.604190469E-1,1.080598736E1,1.100422925E1
2.853390542E1,2.368894339E0,-1.584048629E0,9.734002113E0,1.014256711E1
2.853628099E1,-2.019542217E0,-9.092725813E-2,8.374878883E0,8.615417276E0
2.853865662E1,1.895115495E0,-2.182254314E0,1.256231880E1,1.289052172E1
2.854103219E1,-4.498506486E-1,-1.292124242E-1,6.503692150E0,6.520511716E0
2.854340781E1,-6.269195080E-1,-1.521835208E0,1.346680546E1,1.356701366E1
2.854578339E1,1.258624673E0,-7.992027402E-1,6.857829571E0,7.018025898E0
2.854815896E1,-1.445264935E0,-1.172483087E0,1.230867958E1,1.244857825E1
2.855053458E1,2.402393818E0,-1.253839016E0,8.992227554E0,9.391685936E0
2.855291016E1,-2.220539331E0,-3.589234054E-1,9.446864128E0,9.710966110E0
2.855528578E1,2.273181438E0,-1.990828395E0,1.103091240E1,1.143729775E1
2.855766136E1,-1.282552958E0,-2.201396823E-1,7.374679565E0,7.488611504E0
2.856003698E1,8.422735929E-1,-1.933400750E0,1.350987625E1,1.367348601E1
2.856241255E1,2.679961324E-1,-5.024927258E-1,6.192625046E0,6.218755971E0
2.856478818E1,-1.493121386E0,-1.368694544E0,1.310309696E1,1.325872868E1
2.856716375E1,1.919043779E0,-1.067198873E0,7.939385414E0,8.237443973E0
2.856953938E1,-1.837687731E0,-7.369893789E-1,1.119362450E1,1.136738663E1
2.857191495E1,2.234896421E0,-1.655833244E0,9.868000984E0,1.025251136E1
2.857429057E1,-2.426322222E0,-1.244267747E-1,8.303094864E0,8.651237245E0
2.857666615E1,1.560120344E0,-2.182254314E0,1.239960670E1,1.268646743E1
2.857904177E1,-5.120640397E-1,-3.014956415E-1,6.613761902E0,6.640403278E0
2.858141734E1,-7.082754970E-1,-1.674975872E0,1.361037540E1,1.373133340E1
2.858379292E1,8.805587292E-1,-6.699903607E-1,6.733402729E0,6.823707429E0
2.858616854E1,-2.167897224E0,-1.186840057E0,1.232303619E1,1.256843621E1
2.858854412E1,2.225325108E0,-1.282552958E0,9.231510162E0,9.582160184E0
2.859091974E1,-2.531606436E0,-4.546363056E-1,9.561718941E0,9.901625847E0
2.859329531E1,1.785045743E0,-1.885544300E0,1.113619614E1,1.143488216E1
2.859567094E1,-1.794616938E0,-1.770688742E-1,7.283751965E0,7.503668837E0
2.859804651E1,4.689932466E-1,-2.043470621E0,1.326102352E1,1.342573915E1
2.860042214E1,1.339980662E-1,-4.689932466E-1,6.297909260E0,6.316769047E0
2.860279771E1,-1.770688772E0,-1.421336651E0,1.323230934E1,1.342570472E1
2.860517333E1,1.579262972E0,-9.762716293E-1,7.771887779E0,7.990583050E0
2.860754891E1,-2.297109842E0,-8.231309652E-1,1.129890823E1,1.155939382E1
2.860992453E1,2.311466694E0,-1.607976794E0,1.026042366E1,1.063977262E1
2.861230011E1,-2.541177750E0,-2.823530734E-1,8.178668022E0,8.569009174E0
2.861467568E1,1.306481123E0,-2.057827473E0,1.234696484E1,1.258527264E1
2.861705130E1,-6.269195080E-1,-4.211367965E-1,6.436692715E0,6.480848507E0
2.861942688E1,-3.493520916E-1,-1.674975872E0,1.369173145E1,1.379822819E1
2.862180250E1,1.167697430E0,-8.901300430E-1,6.518048763E0,6.681377737E0
2.862417807E1,-2.239681959E0,-9.762716293E-1,1.254317665E1,1.277891083E1
2.862655370E1,2.344966173E0,-1.373480201E0,8.963513374E0,9.366423342E0
2.862892927E1,-2.163111687E0,-4.594219327E-1,9.939785004E0,1.018280151E1
2.863130490E1,2.239681959E0,-2.000399828E0,1.123190975E1,1.162641696E1
2.863368047E1,-1.593619823E0,-1.818545163E-1,7.135396957E0,7.313452327E0
2.863605604E1,6.699903607E-1,-1.942971945E0,1.322273827E1,1.338151091E1
2.863843167E1,7.369893789E-1,-6.939185858E-1,6.072983742E0,6.156769273E0
2.864080724E1,-1.162911773E0,-1.368694544E0,1.342852020E1,1.354809372E1
2.864318287E1,2.081755638E0,-1.014556766E0,7.532605648E0,7.880557075E0
2.864555844E1,-2.292324066E0,-6.747759581E-1,1.131805134E1,1.156755628E1
2.864793406E1,2.670390129E0,-1.746760488E0,1.028913784E1,1.077258154E1
2.865030964E1,-2.029113531E0,-2.823530734E-1,8.403593063E0,8.649705276E0
2.865268526E1,1.631905079E0,-2.053041935E0,1.243789196E1,1.271138276E1
2.865506083E1,-5.838487148E-1,-3.684946895E-1,6.202196121E0,6.240505139E0
2.865743646E1,-2.201396823E-1,-1.737189293E0,1.345244884E1,1.356593779E1
2.865981203E1,1.651047587E0,-8.470591903E-1,6.661618233E0,6.915245830E0
2.866218766E1,-2.091326952E0,-1.062413216E0,1.246660614E1,1.268537106E1
2.866456323E1,2.354537487E0,-1.186840057E0,8.824729919E0,9.210227698E0
2.866693880E1,-2.344966173E0,-4.259224236E-1,9.868000984E0,1.015173481E1
2.866931443E1,2.340180635E0,-1.947757602E0,1.156211948E1,1.195628755E1
2.867169000E1,-1.655833244E0,-2.392822653E-1,7.058826923E0,7.254383314E0
2.867406563E1,5.120640397E-1,-1.698904037E0,1.318445301E1,1.330331860E1
2.867644120E1,3.780659735E-1,-6.939185858E-1,5.910272121E0,5.962866210E0
2.867881682E1,-1.110269666E0,-1.335195065E0,1.341416359E1,1.352609439E1
2.868119240E1,2.158325911E0,-1.076770186E0,7.384250641E0,7.768201999E0
2.868356802E1,-2.560320139E0,-4.163511395E-1,1.136590767E1,1.165814928E1
2.868594359E1,2.388036966E0,-1.607976794E0,1.006899738E1,1.047248864E1
2.868831922E1,-2.053041935E0,-2.871387303E-1,8.523234367E0,8.771713283E0
2.869069474E1,1.646261930E0,-1.904686809E0,1.260538960E1,1.285433223E1
2.869307042E1,-7.657032609E-1,-3.158525825E-1,6.135197163E0,6.190856852E0
2.869544599E1,-4.546363056E-1,-1.450050473E0,1.318923855E1,1.327649630E1
2.869782162E1,1.521835208E0,-9.284151793E-1,6.364908218E0,6.609840677E0
2.870019719E1,-1.684547186E0,-9.092726111E-1,1.274417305E1,1.288714176E1
2.870257276E1,2.344966173E0,-1.263410330E0,8.465806961E0,8.874962508E0
2.870494839E1,-2.632104874E0,-1.196411327E-1,9.920642853E0,1.026457231E1
2.870732396E1,2.325823545E0,-2.009970903E0,1.134676456E1,1.175578599E1
2.870969958E1,-1.330409408E0,-1.722832322E-1,7.412964344E0,7.533373153E0
2.871207516E1,6.125625968E-1,-1.751546144E0,1.307916832E1,1.321013970E1
2.871445078E1,2.775674164E-1,-6.173482537E-1,5.814558983E0,5.853824280E0
2.871682630E1,-1.062413216E0,-1.373480201E0,1.305045509E1,1.316546801E1
2.871920198E1,2.469393015E0,-1.091127157E0,7.518248558E0,7.988274014E0
2.872157755E1,-2.282752752E0,-5.024927258E-1,1.133719349E1,1.157563887E1
2.872395318E1,2.536391973E0,-1.651047587E0,9.906285286E0,1.035826870E1
2.872632875E1,-2.191825628E0,-1.674975902E-1,8.547162056E0,8.825312133E0
2.872870432E1,1.804188251E0,-2.124826431E0,1.276331615E1,1.306415791E1
2.873107995E1,-4.929214716E-1,-4.881358147E-1,6.384050846E0,6.421631674E0
2.873345552E1,-3.493520916E-1,-1.488335729E0,1.318445301E1,1.327279139E1
2.873583115E1,1.421336651E0,-1.033699393E0,6.403193474E0,6.640001429E0
2.873820672E1,-1.493121386E0,-1.119840980E0,1.257667542E1,1.271440993E1
2.874058234E1,2.679961443E0,-1.406979680E0,8.676374435E0,9.189192484E0
2.874295792E1,-2.522035122E0,-2.392822653E-1,9.973284721E0,1.029001095E1
2.874533354E1,2.191825628E0,-2.057827473E0,1.143769264E1,1.182622368E1
2.874770912E1,-1.330409408E0,-4.642075896E-1,7.561319351E0,7.691490636E0
2.875008474E1,7.130611539E-1,-1.775474429E0,1.339980698E1,1.353571545E1
2.875246031E1,1.914258152E-1,-8.470591903E-1,6.044270039E0,6.106337152E0
2.875483594E1,-1.287338614E0,-1.344766378E0,1.289252853E1,1.302624003E1
2.875721151E1,2.153540373E0,-1.311266780E0,7.503891945E0,7.916157592E0
2.875958714E1,-2.038684845E0,-6.460621357E-1,1.164826107E1,1.184295648E1
2.876196271E1,2.373680115E0,-1.885544300E0,9.777072906E0,1.023624879E1
2.876433828E1,-2.598605394E0,-5.742774159E-2,8.709874153E0,9.089441991E0
2.876671391E1,1.330409408E0,-2.244467735E0,1.268674564E1,1.295226388E1
2.876908948E1,-5.312066078E-1,-5.551348329E-1,6.910471916E0,6.953055246E0
2.877146510E1,-5.312066078E-1,-1.627119422E0,1.315573883E1,1.326661834E1
2.877384068E1,1.009771109E0,-1.033699393E0,6.589833736E0,6.746412439E0
2.877621625E1,-1.923829436E0,-1.067198873E0,1.225603771E1,1.245192730E1
2.877859188E1,2.536391973E0,-1.593619823E0,8.829515457E0,9.323800276E0
2.878096750E1,-2.589034081E0,-2.440679073E-1,9.987641335E0,1.032064175E1
2.878334307E1,1.928615093E0,-2.110469580E0,1.149512005E1,1.184531228E1
2.878571870E1,-1.780260086E0,-2.823530734E-1,7.580461979E0,7.791819624E0
2.878809427E1,4.259224236E-1,-1.957328916E0,1.349551964E1,1.364337190E1
2.879046984E1,2.440679073E-1,-8.422735929E-1,6.522834301E0,6.581516639E0
2.879284547E1,-1.363908887E0,-1.344766378E0,1.269631672E1,1.283998062E1
2.879522104E1,1.832902193E0,-1.253839016E0,7.551748276E0,7.871502064E0
2.879759667E1,-2.048256159E0,-6.891329288E-1,1.134197903E1,1.154602727E1
2.879997224E1,2.579462767E0,-1.804188251E0,1.004028416E1,1.052216847E1
2.880234786E1,-2.522035122E0,-5.264209956E-2,8.575876236E0,8.939188194E0
2.880472344E1,1.249053478E0,-2.072184324E0,1.274417305E1,1.297181673E1
2.880709906E1,-5.886343718E-1,-5.264210105E-1,6.781259537E0,6.827085059E0
2.880947464E1,-3.302095234E-1,-1.517049551E0,1.339980698E1,1.348945161E1
2.881185026E1,1.038485050E0,-1.057627559E0,6.647261143E0,6.810514514E0
2.881422583E1,-1.866401672E0,-9.236295223E-1,1.196889877E1,1.214870711E1
2.881660141E1,2.431107759E0,-1.440479279E0,8.666803360E0,9.115851357E0
2.881897703E1,-2.120040894E0,-2.344966233E-1,1.003549862E1,1.025966835E1
2.882135260E1,2.201396942E0,-2.124826431E0,1.118405342E1,1.159500266E1
2.882372823E1,-1.722832322E0,1.004985496E-1,7.556533813E0,7.751093758E0
2.882610380E1,3.637090325E-1,-1.890329838E0,1.336152172E1,1.349947754E1
2.882847943E1,5.264210105E-1,-6.843472719E-1,6.637690067E0,6.693607376E0
2.883085500E1,-1.110269666E0,-1.258624673E0,1.274417305E1,1.285421260E1
2.883323063E1,1.899901152E0,-1.067198873E0,7.580461979E0,7.887454699E0
2.883560620E1,-1.986042738E0,-5.264210105E-1,1.093041420E1,1.112184514E1
2.883798182E1,2.651247501E0,-1.789831281E0,9.896714211E0,1.040084427E1
2.884035740E1,-1.942971945E0,5.264209956E-2,8.633303642E0,8.849397886E0
2.884273302E1,1.368694544E0,-2.038684845E0,1.246660614E1,1.270613353E1
2.884510859E1,-6.699903607E-1,-2.249253243E-1,6.714260101E0,6.751352990E0
2.884748417E1,-3.876372576E-1,-1.555334687E0,1.321795273E1,1.331478888E1
2.884985979E1,1.316052437E0,-8.614161611E-1,7.063612461E0,7.236618880E0
2.885223537E1,-1.823330879E0,-9.140582681E-1,1.179661560E1,1.197164056E1
2.885461099E1,2.330609322E0,-1.325623751E0,8.561519623E0,8.971545931E0
2.885698656E1,-2.148754835E0,-2.249253243E-1,9.614361763E0,9.854120501E0
2.885936219E1,2.378465652E0,-2.091326952E0,1.143769264E1,1.186809000E1
2.886173776E1,-1.526620865E0,3.828516230E-2,7.240681171E0,7.399966273E0
2.886411339E1,1.435693651E-1,-1.722832322E0,1.338544941E1,1.349662992E1
2.886648896E1,3.589234054E-1,-6.221339107E-1,6.522834301E0,6.562259057E0
2.886886458E1,-1.052842021E0,-1.311266780E0,1.281595802E1,1.292581436E1
2.887124016E1,1.780260086E0,-1.095912814E0,7.776673794E0,8.052763884E0
2.887361578E1,-2.225325108E0,-4.546363056E-1,1.069113159E1,1.092973287E1
2.887599136E1,2.335394859E0,-1.727617979E0,9.757930756E0,1.018115640E1
2.887836693E1,-1.966900229E0,-9.571290761E-2,8.504091263E0,8.729113682E0
2.888074255E1,1.421336651E0,-2.062613010E0,1.258624744E1,1.283308985E1
2.888311813E1,-7.992027402E-1,-1.531406492E-1,6.527620316E0,6.578145944E0
2.888549375E1,-8.662018180E-1,-1.488335729E0,1.325145149E1,1.336287452E1
2.888786932E1,1.287338614E0,-8.518448472E-1,7.125825882E0,7.291109302E0
2.889024495E1,-1.737189293E0,-1.028913736E0,1.190668583E1,1.207665755E1
2.889262052E1,2.086541414E0,-1.282552958E0,8.805587769E0,9.139856296E0
2.889499615E1,-2.445464849E0,-1.818545163E-1,9.308079720E0,9.625680104E0
2.889737172E1,2.163111687E0,-2.182254314E0,1.121755219E1,1.163076795E1
2.889974734E1,-1.287338614E0,7.178468257E-2,7.479963779E0,7.590273506E0
2.890212292E1,1.531406492E-1,-1.904686809E0,1.327059460E1,1.340745930E1
2.890449854E1,1.866401732E-1,-4.211367965E-1,6.427121639E0,6.443607943E0
2.890687412E1,-1.325623751E0,-1.440479279E0,1.289252853E1,1.304030486E1
2.890924958E1,1.976471543E0,-1.024128079E0,8.173882484E0,8.471577949E0
2.891162531E1,-2.239681959E0,-6.125625968E-1,1.068156052E1,1.093101749E1
2.891400089E1,2.234896421E0,-1.660618901E0,9.829715729E0,1.021644402E1
2.891637651E1,-2.000399828E0,-4.785645381E-2,8.327022552E0,8.564064123E0
2.891875208E1,1.689332843E0,-2.177468538E0,1.269631672E1,1.299198495E1
2.892112771E1,-4.402793646E-1,-2.153540403E-1,6.431907177E0,6.450554489E0
2.892350328E1,-8.183453679E-1,-1.464407444E0,1.342373466E1,1.352814957E1
2.892587891E1,1.225125194E0,-8.231309652E-1,7.034898758E0,7.188064890E0
2.892825448E1,-1.526620865E0,-1.110269666E0,1.220339584E1,1.234852785E1
2.893063005E1,2.335394859E0,-1.277767301E0,8.997013092E0,9.382590421E0
2.893300568E1,-2.459821701E0,-2.392822653E-1,9.370293617E0,9.690736880E0
2.893538125E1,2.115255117E0,-2.033899307E0,1.112662506E1,1.150707764E1
2.893775688E1,-1.287338614E0,-1.292124242E-1,7.278966427E0,7.393056797E0
2.894013245E1,5.647061467E-1,-1.818545222E0,1.351466274E1,1.364815404E1
2.894250807E1,2.775674164E-1,-4.785645306E-1,6.206982136E0,6.231588474E0
2.894488365E1,-1.612762451E0,-1.272981644E0,1.295952702E1,1.312138809E1
2.894725927E1,2.014756680E0,-1.019342422E0,8.073383331E0,8.383186856E0
2.894963484E1,-1.933400750E0,-6.556333899E-1,1.100219822E1,1.119000712E1
2.895201042E1,2.254039049E0,-1.593619823E0,9.925428391E0,1.030215729E1
2.895438604E1,-2.187039852E0,-7.178468257E-2,8.207381248E0,8.494080487E0
2.895676167E1,1.622333765E0,-2.148754835E0,1.244746304E1,1.273532293E1
2.895913724E1,-2.775674164E-1,-2.057827413E-1,6.494120598E0,6.503306278E0
2.896151281E1,-5.886343718E-1,-1.593619823E0,1.359123230E1,1.369699639E1
2.896388844E1,1.268195987E0,-6.221339107E-1,6.762116909E0,6.908081988E0
2.896626401E1,-1.808973908E0,-1.124626637E0,1.222253799E1,1.240675649E1
2.896863964E1,2.522035122E0,-1.205982566E0,9.250652313E0,9.663830676E0
2.897101521E1,-2.177468538E0,-3.780659735E-1,9.418149948E0,9.673978063E0
2.897339083E1,2.158325911E0,-1.823330879E0,1.109312534E1,1.144728510E1
2.897576641E1,-1.378265858E0,-1.100698411E-1,7.125825882E0,7.258727619E0
2.897814203E1,9.284151793E-1,-1.947757602E0,1.339980698E1,1.357241841E1
2.898051761E1,5.886343718E-1,-4.307080805E-1,6.120840549E0,6.164145432E0
2.898289323E1,-1.454836130E0,-1.234696507E0,1.326580906E1,1.340233986E1
2.898526880E1,2.005185366E0,-9.667003751E-1,7.685746193E0,8.001623117E0
2.898764438E1,-1.957328916E0,-7.752745152E-1,1.125583744E1,1.145102893E1
2.899002000E1,2.541177750E0,-1.493121386E0,1.018385315E1,1.060178574E1
2.899239557E1,-2.263610125E0,-1.818545163E-1,8.097311974E0,8.409724315E0
2.899477120E1,1.588834286E0,-1.971685886E0,1.234696484E1,1.260394701E1
2.899714677E1,-4.689932466E-1,-3.062812984E-1,6.403193474E0,6.427647280E0
2.899952240E1,-2.297109663E-1,-1.579262972E0,1.365344620E1,1.374639705E1
2.900189797E1,1.110269666E0,-7.609176040E-1,6.427121639E0,6.566550609E0
2.900427354E1,-2.124826431E0,-9.906286001E-1,1.252403355E1,1.274157167E1
2.900664917E1,2.249253273E0,-1.253839016E0,8.944371223E0,9.307686563E0
2.900902479E1,-2.273181438E0,-4.307080805E-1,9.925428391E0,1.019151569E1
2.901140036E1,2.067398787E0,-1.914258122E0,1.099262714E1,1.134796781E1
2.901377599E1,-1.890329838E0,-9.092725813E-2,7.188039303E0,7.433002333E0
2.901615156E1,6.652047038E-1,-1.904686809E0,1.316052437E1,1.331426794E1
2.901852714E1,3.397808075E-1,-5.647061467E-1,6.001199245E0,6.037278891E0
2.902090276E1,-1.330409408E0,-1.397408366E0,1.347637749E1,1.361379776E1
2.902327833E1,1.794616938E0,-9.332008362E-1,7.417750359E0,7.688597670E0
2.902565396E1,-2.426322222E0,-7.800601721E-1,1.147597694E1,1.175557656E1
2.902802953E1,2.440679073E0,-1.631905079E0,1.010728264E1,1.052507439E1
2.903040516E1,-2.311466694E0,-3.493520916E-1,8.499305725E0,8.814937491E0
2.903278073E1,1.550549030E0,-2.062613010E0,1.218425274E1,1.245450077E1
2.903515636E1,-9.236295223E-1,-3.493520916E-1,6.340980053E0,6.417411192E0
2.903753193E1,-1.339980662E-1,-1.808973908E0,1.353859043E1,1.365956708E1
2.903990755E1,1.272981644E0,-8.183453679E-1,6.455835342E0,6.630835647E0
2.904228313E1,-2.124826431E0,-1.210768223E0,1.271545982E1,1.294850438E1
2.904465870E1,2.210968018E0,-1.210768223E0,8.599804878E0,8.961639538E0
2.904703432E1,-2.330609322E0,-5.886343718E-1,1.019820976E1,1.047767687E1
2.904940990E1,2.368894339E0,-1.933400750E0,1.127976608E1,1.168686535E1
2.905178552E1,-1.866401672E0,-2.679961324E-1,7.264609337E0,7.505319843E0
2.905416109E1,8.374879360E-1,-1.914258122E0,1.313181114E1,1.329700094E1
2.905653672E1,1.339980662E-1,-6.939185858E-1,5.891129494E0,5.933370475E0
2.905891229E1,-8.853443861E-1,-1.488335729E0,1.359123230E1,1.370111577E1
2.906128792E1,1.957328916E0,-1.129412293E0,7.068397999E0,7.420846238E0
2.906366349E1,-2.440679073E0,-6.987041831E-1,1.183490086E1,1.210413071E1
2.906603912E1,2.431107759E0,-1.651047587E0,9.824930191E0,1.025502298E1
2.906841469E1,-2.105684042E0,-3.972085714E-1,8.949156761E0,9.202124030E0
2.907079031E1,1.828116536E0,-2.029113531E0,1.227039433E1,1.257067575E1
2.907316589E1,-1.091127157E0,-3.924229145E-1,6.422336102E0,6.526174624E0
2.907554146E1,-7.657032460E-2,-1.689332843E0,1.339980698E1,1.350609253E1
2.907791708E1,1.239482164E0,-9.810572863E-1,6.183053493E0,6.381922903E0
2.908029266E1,-1.655833244E0,-1.191625714E0,1.314616776E1,1.330351391E1
2.908266823E1,2.321038008E0,-1.220339537E0,8.202595711E0,8.611563297E0
2.908504386E1,-2.656033039E0,-4.642075896E-1,1.043270683E1,1.077549869E1
2.908741948E1,2.402393818E0,-1.990828395E0,1.102134132E1,1.145446892E1
2.908979505E1,-1.670190215E0,-2.775674164E-1,7.752745152E0,7.935466994E0
2.909217068E1,9.954141974E-1,-1.957328916E0,1.300259781E1,1.318671815E1
2.909454625E1,-6.699903309E-2,-5.599204898E-1,5.900700569E0,5.927585261E0
2.909692188E1,-7.657032609E-1,-1.531406522E0,1.336152172E1,1.347077467E1
2.909929745E1,2.124826431E0,-1.095912814E0,7.183253765E0,7.570670176E0
2.910167302E1,-2.196611166E0,-8.183453679E-1,1.198804188E1,1.221507011E1
2.910404865E1,2.502892494E0,-1.440479279E0,9.513862610E0,9.942486266E0
2.910642422E1,-2.316252232E0,-2.871387303E-1,9.212367058E0,9.503429900E0
2.910879984E1,2.081755638E0,-2.105684042E0,1.228953743E1,1.264121600E1
2.911117542E1,-9.667003751E-1,-4.259224236E-1,6.738188744E0,6.820491703E0
2.911355104E1,4.785645381E-2,-1.603191137E0,1.328016567E1,1.337667045E1
2.911592662E1,9.427721500E-1,-9.236295223E-1,6.135197163E0,6.275552171E0
2.911830224E1,-1.316052437E0,-1.301695466E0,1.302174091E1,1.315264770E1
2.912067781E1,2.502892494E0,-1.287338614E0,8.121239662E0,8.595129155E0
2.912305344E1,-2.574677229E0,-3.158525825E-1,1.078205872E1,1.108970314E1
2.912542901E1,2.277967215E0,-1.904686809E0,1.077248764E1,1.117423180E1
2.912780458E1,-1.765903115E0,-3.206382394E-1,8.039883614E0,8.237775866E0
2.913018021E1,1.172483087E0,-1.919043779E0,1.320838070E1,1.339846134E1
2.913255578E1,-4.163511395E-1,-6.364908218E-1,6.020341873E0,6.068194551E0
2.913493141E1,-8.901300430E-1,-1.406979680E0,1.324188042E1,1.334613503E1
2.913730698E1,1.861616015E0,-1.196411371E0,6.900900364E0,7.247029750E0
2.913968255E1,-1.976471543E0,-7.848458290E-1,1.235653591E1,1.253819774E1
2.914205818E1,2.368894339E0,-1.550549030E0,9.140582085E0,9.569017898E0
2.914443380E1,-2.751745939E0,-5.742774159E-2,9.399007797E0,9.793709779E0
2.914680938E1,1.837687731E0,-2.191825628E0,1.209332561E1,1.242697551E1
2.914918500E1,-1.076770186E0,-3.493520916E-1,7.245467186E0,7.333367280E0
2.915156057E1,5.264209956E-2,-1.694118381E0,1.325623703E1,1.336415461E1
2.915393615E1,4.163511395E-1,-8.039883971E-1,6.053841114E0,6.121171281E0
2.915631177E1,-1.517049551E0,-1.210768223E0,1.283988667E1,1.298576484E1
2.915868734E1,2.440679073E0,-1.311266780E0,7.982456207E0,8.449611944E0
2.916106297E1,-2.478964329E0,-3.349951804E-1,1.087298584E1,1.115702949E1
2.916343854E1,2.268395901E0,-1.808973908E0,1.046620655E1,1.086091553E1
2.916581412E1,-2.124826431E0,-1.483550072E-1,8.126026154E0,8.400547460E0
2.916818974E1,1.272981644E0,-2.019542217E0,1.312702465E1,1.334233148E1
2.917056536E1,-2.584248483E-1,-6.029912829E-1,6.293123722E0,6.327225938E0
2.917294094E1,-6.843472719E-1,-1.363908887E0,1.306002617E1,1.314887304E1
2.917531656E1,1.617548108E0,-1.110269666E0,6.675975323E0,6.958290532E0
2.917769214E1,-1.622333765E0,-9.619147182E-1,1.214596748E1,1.229153257E1
2.918006776E1,2.813959360E0,-1.502692580E0,9.145368576E0,9.685774035E0
2.918244333E1,-2.402393818E0,-1.483550072E-1,9.451649666E0,9.753316701E0
2.918481891E1,2.115255117E0,-2.062613010E0,1.183968639E1,1.220273947E1
2.918719453E1,-9.571290612E-1,-3.828516304E-1,7.221538544E0,7.294744022E0
2.918957010E1,6.556333899E-1,-1.732403636E0,1.347637749E1,1.360308155E1
2.919194573E1,6.891329288E-1,-9.188438654E-1,6.020341873E0,6.128922786E0
2.919432130E1,-1.268195987E0,-1.191625714E0,1.262931824E1,1.274864589E1
2.919669688E1,2.560320139E0,-1.354337573E0,7.743174076E0,8.267176921E0
2.919907250E1,-1.756331801E0,-5.024927258E-1,1.110269737E1,1.125198157E1
2.920144813E1,2.598605394E0,-2.014756680E0,1.014078236E1,1.066055633E1
2.920382370E1,-2.153540373E0,8.614161611E-2,8.274380684E0,8.550469707E0
2.920619927E1,1.311266780E0,-2.153540373E0,1.292602825E1,1.316963792E1
2.920857490E1,-1.148554832E-1,-5.503492355E-1,6.652047157E0,6.675762686E0
2.921095047E1,-4.881358147E-1,-1.473978758E0,1.308873940E1,1.318051550E1
2.921332609E1,1.301695466E0,-9.954141974E-1,6.656832695E0,6.855558478E0
2.921570167E1,-1.923829436E0,-8.327022791E-1,1.195932770E1,1.214166512E1
2.921807729E1,2.612962246E0,-1.593619823E0,8.963513374E0,9.471629630E0
2.922045287E1,-2.483749866E0,-4.785645381E-2,9.623932838E0,9.939385641E0
2.922282849E1,1.761117458E0,-2.029113531E0,1.164347458E1,1.194944922E1
2.922520406E1,-1.536192179E0,-1.292124242E-1,7.240681171E0,7.402975489E0
2.922757964E1,9.092725813E-2,-1.727617979E0,1.338066387E1,1.349203829E1
2.922995526E1,3.206382394E-1,-7.561319470E-1,6.494120598E0,6.545849581E0
2.923233089E1,-1.627119422E0,-1.153340459E0,1.251924801E1,1.267711649E1
2.923470646E1,1.808973908E0,-1.148554921E0,7.580461979E0,7.877497624E0
2.923708203E1,-2.268395901E0,-4.498506486E-1,1.088734341E1,1.113023953E1
2.923945766E1,2.416750908E0,-1.813759565E0,1.022213840E1,1.065938658E1
2.924183323E1,-2.407179594E0,4.785645381E-2,8.250452042E0,8.594577519E0
2.924420886E1,8.614161611E-1,-1.895115495E0,1.278724384E1,1.295558203E1
2.924658443E1,-5.503492355E-1,-4.211367965E-1,6.661618233E0,6.697566570E0
2.924896005E1,-5.072783828E-1,-1.450050473E0,1.325145149E1,1.334020031E1
2.925133563E1,1.182054400E0,-9.667003751E-1,6.805187702E0,6.974406203E0
2.925371125E1,-2.081755638E0,-6.891329288E-1,1.172483063E1,1.192812911E1
2.925608682E1,2.397608280E0,-1.402194023E0,8.819944382E0,9.246950440E0
2.925846245E1,-2.086541414E0,-1.962114573E-1,9.580862045E0,9.807398816E0
2.926083802E1,2.062613010E0,-2.057827473E0,1.151904774E1,1.188181329E1
2.926321359E1,-1.406979680E0,8.135596663E-2,7.307680130E0,7.442338308E0
2.926558922E1,1.435693651E-1,-1.756331801E0,1.323709488E1,1.335387563E1
2.926796479E1,6.939185858E-1,-6.939185858E-1,6.685546398E0,6.757187037E0
2.927034042E1,-1.048056364E0,-1.186840057E0,1.261496067E1,1.271393897E1
2.927271599E1,2.033899307E0,-1.115055323E0,7.700103283E0,8.041870761E0
2.927509162E1,-2.100898266E0,-3.780659735E-1,1.056670475E1,1.078016497E1
2.927746719E1,2.742174864E0,-1.919043779E0,1.004985523E1,1.059253710E1
2.927984276E1,-1.737189293E0,1.100698411E-1,8.379665375E0,8.558547412E0
2.928221839E1,1.191625714E0,-2.033899307E0,1.272024536E1,1.293682188E1
2.928459401E1,-3.110669553E-1,-2.105683982E-1,6.608976364E0,6.619642761E0
2.928696958E1,-5.024927258E-1,-1.588834286E0,1.312223911E1,1.322762460E1
2.928934516E1,1.545763373E0,-8.949156404E-1,7.393822193E0,7.606501498E0
2.929172078E1,-1.794616938E0,-8.709874153E-1,1.162433243E1,1.179425171E1
2.929409636E1,2.397608280E0,-1.426122308E0,8.882157326E0,9.309944633E0
2.929647198E1,-2.120040894E0,-2.057827413E-1,9.365508080E0,9.604668735E0
2.929884755E1,2.287538528E0,-2.167897224E0,1.176311588E1,1.217799270E1
2.930122318E1,-1.253839016E0,-7.178468257E-2,7.077969551E0,7.188526851E0
2.930359875E1,-6.699903309E-2,-1.689332843E0,1.347637749E1,1.358201327E1
2.930597438E1,5.024927258E-1,-6.891329288E-1,6.556334019E0,6.611574616E0
2.930834995E1,-1.234696507E0,-1.301695466E0,1.282552910E1,1.295040861E1
2.931072557E1,1.986042738E0,-1.201196909E0,8.116454124E0,8.441804743E0
2.931310115E1,-2.344966173E0,-4.163511395E-1,1.046620655E1,1.073376421E1
2.931547672E1,2.287538528E0,-1.871187329E0,1.015513897E1,1.057643711E1
2.931785234E1,-1.866401672E0,-1.483550072E-1,8.178668022E0,8.390236887E0
2.932022792E1,1.177268744E0,-2.053041935E0,1.295952702E1,1.317384846E1
2.932260354E1,-6.077769399E-1,-2.775674164E-1,6.441478729E0,6.476039276E0
2.932497912E1,-1.095912814E0,-1.483550072E0,1.331366539E1,1.344081961E1
2.932735474E1,1.268195987E0,-9.427721500E-1,7.317251682E0,7.485940994E0
2.932973031E1,-1.880758643E0,-9.332008362E-1,1.192582798E1,1.210923160E1
2.933210594E1,2.000399828E0,-1.421336651E0,9.001798630E0,9.330282735E0
2.933448151E1,-2.646461725E0,-1.483550072E-1,9.111868858E0,9.489569166E0
2.933685714E1,1.899901152E0,-2.167897224E0,1.158126163E1,1.193461452E1
2.933923271E1,-1.253839016E0,-3.349951655E-2,7.235895634E0,7.343801476E0
2.934160828E1,-2.153540403E-1,-1.818545222E0,1.341894913E1,1.354332602E1
2.934398391E1,2.057827413E-1,-4.546363056E-1,6.551548481E0,6.570527240E0
2.934635948E1,-1.737189293E0,-1.368694544E0,1.266281700E1,1.285449672E1
2.934873511E1,1.933400750E0,-1.076770186E0,8.489734650E0,8.773429598E0
2.935111068E1,-2.421536446E0,-5.551348329E-1,1.035135078E1,1.064530303E1
2.935348625E1,1.971685886E0,-1.741974831E0,1.007378292E1,1.041168209E1
2.935586188E1,-2.187039852E0,-2.392822690E-2,8.001599312E0,8.295137577E0
2.935823750E1,1.249053478E0,-2.196611166E0,1.283988667E1,1.308617304E1
2.936061307E1,-4.450650215E-1,-2.009970993E-1,6.317051888E0,6.335899877E0
2.936298870E1,-1.225125194E0,-1.406979680E0,1.345723438E1,1.358593688E1
2.936536427E1,1.287338614E0,-8.422735929E-1,7.068397999E0,7.233872807E0
2.936773990E1,-1.837687731E0,-1.067198873E0,1.191147137E1,1.209955205E1
2.937011547E1,2.306680918E0,-1.335195065E0,9.351150513E0,9.723555863E0
2.937249104E1,-2.440679073E0,-2.632105052E-1,8.953942299E0,9.284356564E0
2.937486667E1,2.000399828E0,-2.009970903E0,1.147119141E1,1.181650603E1
2.937724224E1,-1.076770186E0,-1.674975902E-1,6.924828529E0,7.010045623E0
2.937961786E1,3.780659735E-1,-1.794616938E0,1.366301727E1,1.378555856E1
2.938199344E1,5.838487148E-1,-6.317051649E-1,6.163911343E0,6.223643127E0
2.938436906E1,-1.761117458E0,-1.287338614E0,1.295474148E1,1.313712686E1
2.938674464E1,2.163111687E0,-1.196411371E0,8.365307808E0,8.722890981E0
2.938912026E1,-1.899901152E0,-6.747759581E-1,1.073898792E1,1.092661011E1
2.939149583E1,2.297109842E0,-1.804188251E0,1.023170948E1,1.064047404E1
2.939387141E1,-2.100898266E0,-1.531406492E-1,7.877171993E0,8.153960031E0
2.939624703E1,1.354337573E0,-2.182254314E0,1.269153118E1,1.294880025E1
2.939862266E1,-8.135596663E-2,-4.163511395E-1,6.369693756E0,6.383804948E0
2.940099823E1,-8.327022791E-1,-1.593619823E0,1.355294704E1,1.367170036E1
2.940337380E1,1.416550994E0,-8.662018180E-1,6.967899323E0,7.162998204E0
2.940574943E1,-2.172683001E0,-1.062413216E0,1.202154064E1,1.226241056E1
2.940812500E1,2.464607239E0,-1.416550994E0,9.561718941E0,9.975338323E0
2.941050063E1,-2.287538528E0,-4.163511395E-1,9.154939651E0,9.445586314E0
2.941287620E1,1.885544300E0,-2.009970903E0,1.154776192E1,1.187207082E1
2.941525182E1,-1.411765337E0,-1.866401732E-1,6.853044033E0,6.999437723E0
2.941762740E1,3.110669553E-1,-1.942971945E0,1.348594856E1,1.362874577E1
2.942000297E1,7.465606928E-1,-6.173482537E-1,6.245266914E0,6.319954950E0
2.942237859E1,-1.871187329E0,-1.287338614E0,1.309352589E1,1.328905576E1
2.942475417E1,2.009970903E0,-1.004985452E0,8.068597794E0,8.375693950E0
2.942712979E1,-2.230110645E0,-7.034898400E-1,1.082991505E1,1.107950140E1
2.942950531E1,2.455035925E0,-1.660618901E0,1.063370419E1,1.103904530E1
2.943188099E1,-2.239681959E0,-2.679961324E-1,7.733603001E0,8.055843381E0
2.943425656E1,1.225125194E0,-1.933400750E0,1.277767277E1,1.298105895E1
2.943663219E1,-2.392822653E-1,-4.785645306E-1,6.082555294E0,6.106042820E0
2.943900776E1,-4.450650215E-1,-1.517049551E0,1.373480225E1,1.382549511E1
2.944138339E1,1.598405480E0,-8.566305041E-1,6.623332977E0,6.867114068E0
2.944375896E1,-2.254039049E0,-8.039883971E-1,1.227517986E1,1.250628362E1
2.944613453E1,2.541177750E0,-1.378265858E0,9.327222824E0,9.764951958E0
2.944851016E1,-2.072184324E0,-3.637090325E-1,9.461220741E0,9.692312936E0
2.945088573E1,2.187039852E0,-1.942971945E0,1.162433243E1,1.198680056E1
2.945326136E1,-1.316052437E0,-1.004985496E-1,6.824330330E0,6.950796963E0
2.945563688E1,5.168496966E-1,-1.794616938E0,1.322752380E1,1.335871137E1
2.945801255E1,1.009771109E0,-6.604190469E-1,6.096911907E0,6.215152920E0
2.946038813E1,-1.263410330E0,-1.263410330E0,1.326580906E1,1.338559305E1
2.946276375E1,2.287538528E0,-9.762716293E-1,7.800601959E0,8.187510595E0
2.946513932E1,-2.268395901E0,-5.168496966E-1,1.096391296E1,1.120803913E1
2.946751495E1,2.660818815E0,-1.732403636E0,1.052841949E1,1.099676299E1
2.946989052E1,-1.761117458E0,-2.201396823E-1,8.183453560E0,8.373703383E0
2.947226609E1,1.435693622E0,-2.019542217E0,1.258624744E1,1.282783659E1
2.947464172E1,-4.450650215E-1,-3.541377485E-1,6.082555294E0,6.109089566E0
2.947701729E1,-3.254238665E-1,-1.631905079E0,1.341894913E1,1.352173105E1
2.947939292E1,1.890329838E0,-8.949156404E-1,6.805187702E0,7.119325850E0
2.948176849E1,-2.134397745E0,-9.571290612E-1,1.233739376E1,1.255719055E1
2.948414412E1,2.435893536E0,-1.263410330E0,9.049654961E0,9.456534137E0
2.948651969E1,-2.287538528E0,-3.780659735E-1,9.628718376E0,9.903937801E0
2.948889531E1,2.282752752E0,-2.000399828E0,1.177747345E1,1.216229585E1
2.949127089E1,-1.416550994E0,-2.967100143E-1,6.963113785E0,7.111934134E0
2.949364651E1,3.924229145E-1,-1.684547186E0,1.314616776E1,1.325946536E1
2.949602208E1,5.790630579E-1,-6.987041831E-1,6.034698486E0,6.102547614E0
2.949839771E1,-1.158126116E0,-1.359123230E0,1.326580906E1,1.338544590E1
2.950077328E1,2.220539331E0,-1.095912814E0,7.590033531E0,7.983760318E0
2.950314886E1,-2.502892494E0,-3.828516304E-1,1.123669529E1,1.151843597E1
2.950552448E1,2.364108801E0,-1.780260086E0,1.016949654E1,1.059136423E1
2.950790005E1,-1.990828395E0,-2.823530734E-1,8.461020470E0,8.696665358E0
2.951027568E1,1.507478237E0,-1.976471543E0,1.270588779E1,1.294675693E1
2.951265125E1,-7.130611539E-1,-4.546363056E-1,6.135197163E0,6.193205519E0
2.951502688E1,-5.264210105E-1,-1.488335729E0,1.323709488E1,1.333090181E1
2.951740245E1,1.593619823E0,-1.081555843E0,6.451049805E0,6.732416414E0
2.951977807E1,-1.765903115E0,-9.044869542E-1,1.267717457E1,1.283149506E1
2.952215365E1,2.450250387E0,-1.373480201E0,8.700303078E0,9.142507778E0
2.952452922E1,-2.646461725E0,-1.722832322E-1,9.791430473E0,1.014423737E1
2.952690484E1,2.234896421E0,-2.076970100E0,1.167218876E1,1.206435068E1
2.952928042E1,-1.196411371E0,-3.158525825E-1,7.326822758E0,7.430578359E0
2.953165604E1,4.929214716E-1,-1.770688772E0,1.322273827E1,1.334987332E1
2.953403162E1,3.589234054E-1,-7.609176040E-1,5.929414749E0,5.988804629E0
2.953640724E1,-1.100698471E0,-1.411765337E0,1.297867012E1,1.310154558E1
2.953878281E1,2.522035122E0,-1.191625714E0,7.709674358E0,8.198762816E0
2.954115844E1,-2.220539331E0,-5.838487148E-1,1.128933716E1,1.152045171E1
2.954353401E1,2.526820660E0,-1.713261008E0,1.009292603E1,1.054453611E1
2.954590964E1,-2.086541414E0,-2.679961324E-1,8.504091263E0,8.760424944E0
2.954828521E1,1.756331801E0,-2.153540373E0,1.286381435E1,1.316055308E1
2.955066083E1,-4.785645306E-1,-4.929214716E-1,6.388836384E0,6.425669298E0
2.955303641E1,-2.919243574E-1,-1.502692580E0,1.318923855E1,1.327777535E1
2.955541193E1,1.435693622E0,-1.052842021E0,6.388836384E0,6.632263779E0
2.955778760E1,-1.545763373E0,-1.129412293E0,1.254796219E1,1.269316003E1
2.956016318E1,2.699103832E0,-1.430907965E0,8.719446182E0,9.239123380E0
2.956253880E1,-2.622533560E0,-1.483550072E-1,9.858428955E0,1.020236801E1
2.956491438E1,2.163111687E0,-2.057827473E0,1.149512005E1,1.187651005E1
2.956729000E1,-1.339980721E0,-3.254238665E-1,7.436892986E0,7.563651652E0
2.956966557E1,6.604190469E-1,-1.775474429E0,1.338066387E1,1.351409000E1
2.957204120E1,1.387837082E-1,-7.465606928E-1,6.058627129E0,6.106027880E0
2.957441672E1,-1.282552958E0,-1.282552958E0,1.271067429E1,1.283943632E1
2.957679234E1,2.081755638E0,-1.220339537E0,7.523034573E0,7.900568606E0
2.957916797E1,-2.043470621E0,-5.216353536E-1,1.147597694E1,1.166815849E1
2.958154354E1,2.344966173E0,-1.804188251E0,9.777072906E0,1.021494573E1
2.958391917E1,-2.589034081E0,5.742774159E-2,8.685946465E0,9.063777436E0
2.958629474E1,1.282552958E0,-2.129612207E0,1.266281700E1,1.290453892E1
2.958867037E1,-6.125625968E-1,-4.354937077E-1,6.714260101E0,6.756195410E0
2.959104594E1,-5.024927258E-1,-1.493121386E0,1.318923855E1,1.328299379E1
2.959342156E1,9.092726111E-1,-9.188438654E-1,6.364908218E0,6.494852374E0
2.959579714E1,-1.933400750E0,-9.475577474E-1,1.227517986E1,1.246258179E1
2.959817276E1,2.459821701E0,-1.478764415E0,8.542376518E0,9.011640449E0
2.960054833E1,-2.507678032E0,-1.627119333E-1,1.006421185E1,1.037320029E1
2.960292391E1,1.957328916E0,-1.976471543E0,1.122233772E1,1.156193929E1
2.960529953E1,-1.866401672E0,-1.148554832E-1,7.479963779E0,7.710155973E0
2.960767511E1,5.742774606E-1,-1.885544300E0,1.340459251E1,1.354873324E1
2.961005073E1,1.866401732E-1,-6.891329288E-1,6.278766632E0,6.319228526E0
2.961242630E1,-1.325623751E0,-1.282552958E0,1.281117249E1,1.294327474E1
2.961480188E1,1.842473388E0,-1.172483087E0,7.379465103E0,7.695838485E0
2.961717750E1,-1.933400750E0,-6.699903607E-1,1.136112213E1,1.154391708E1
2.961955313E1,2.598605394E0,-1.799402595E0,9.911071777E0,1.040288150E1
2.962192870E1,-2.445464849E0,-4.785645381E-2,8.652446747E0,8.991519520E0
2.962430432E1,1.363908887E0,-2.105684042E0,1.261017513E1,1.285731969E1
2.962667990E1,-6.221339107E-1,-4.977070987E-1,6.829115868E0,6.875433549E0
2.962905547E1,-1.770688742E-1,-1.603191137E0,1.344287777E1,1.353929606E1
2.963143109E1,1.019342422E0,-1.086341500E0,6.647261143E0,6.812141919E0
2.963380667E1,-1.818545222E0,-1.004985452E0,1.205982590E1,1.223750396E1
2.963618229E1,2.459821701E0,-1.493121386E0,8.638090134E0,9.104764436E0
2.963855787E1,-2.105684042E0,-3.110669553E-1,1.005942631E1,1.028215569E1
2.964093349E1,2.220539331E0,-2.187039852E0,1.123669529E1,1.166092875E1
2.964330906E1,-1.741974831E0,-2.871387079E-2,7.609176159E0,7.806078568E0
2.964568469E1,3.349951804E-1,-1.947757602E0,1.339980698E1,1.354477052E1
2.964806026E1,3.302095234E-1,-7.704889178E-1,6.623332977E0,6.676168904E0
2.965043589E1,-1.167697430E0,-1.387837172E0,1.287817192E1,1.300526514E1
2.965281146E1,1.718046665E0,-1.148554921E0,7.479963779E0,7.760201086E0
2.965518703E1,-2.163111687E0,-5.647061467E-1,1.115055370E1,1.137245765E1
2.965756266E1,2.517249346E0,-1.928615093E0,9.829715729E0,1.032857259E1
2.965993823E1,-2.234896421E0,-4.307080805E-2,8.805587769E0,9.084877163E0
2.966231386E1,1.249053478E0,-2.163111687E0,1.253360462E1,1.278007948E1
2.966468943E1,-9.667003751E-1,-2.967100143E-1,6.790830612E0,6.865706581E0
2.966706505E1,-5.407779217E-1,-1.646261930E0,1.341894913E1,1.353036639E1
2.966944063E1,1.033699393E0,-9.092726111E-1,7.010970116E0,7.144859206E0
2.967181625E1,-1.995614052E0,-1.024128079E0,1.201196957E1,1.221960419E1
2.967419182E1,2.014756680E0,-1.354337573E0,8.518448830E0,8.857620742E0
2.967656740E1,-2.383251429E0,-2.775674164E-1,9.844072342E0,1.013225993E1
2.967894302E1,2.187039852E0,-2.096112728E0,1.127498055E1,1.167484553E1
2.968131859E1,-1.871187329E0,6.221338734E-2,7.532605648E0,7.761788478E0
2.968369422E1,-1.435693540E-2,-1.751546144E0,1.321795273E1,1.333350645E1
2.968606979E1,4.785645381E-2,-5.982056856E-1,6.695117950E0,6.721959882E0
2.968844542E1,-1.153340459E0,-1.378265858E0,1.283988667E1,1.296504919E1
2.969082099E1,1.502692580E0,-1.091127157E0,7.752745152E0,7.972057504E0
2.969319662E1,-2.325823545E0,-4.833501875E-1,1.086341476E1,1.112011074E1
2.969557219E1,2.277967215E0,-1.689332843E0,9.710074425E0,1.011575629E1
2.969794781E1,-2.043470621E0,-9.571290761E-2,8.633303642E0,8.872365238E0
2.970032333E1,1.512263894E0,-2.081755638E0,1.249532032E1,1.275749499E1
2.970269901E1,-7.992027402E-1,-7.657032460E-2,6.652047157E0,6.700322337E0
2.970507458E1,-6.843472719E-1,-1.603191137E0,1.327059460E1,1.338458942E1
2.970745016E1,1.258624673E0,-8.087740541E-1,7.135396957E0,7.290551507E0
2.970982578E1,-1.536192179E0,-1.028913736E0,1.206461143E1,1.220546595E1
2.971220136E1,2.220539331E0,-1.306481123E0,8.599804878E0,8.977434589E0
2.971457698E1,-2.268395901E0,-1.627119333E-1,9.542576790E0,9.809835214E0
2.971695255E1,2.378465652E0,-2.172683001E0,1.105484104E1,1.151464983E1
2.971932818E1,-1.172483087E0,7.178468257E-2,7.532605648E0,7.623648567E0
2.972170375E1,5.216353536E-1,-1.947757602E0,1.328495121E1,1.343710504E1
2.972407938E1,3.780659735E-1,-4.450650215E-1,6.374479294E0,6.401172004E0
2.972645495E1,-1.134197950E0,-1.464407444E0,1.290688515E1,1.303911724E1
2.972883057E1,2.225325108E0,-1.086341500E0,8.106883049E0,8.476659865E0
2.973120615E1,-1.942971945E0,-6.795616150E-1,1.074855900E1,1.094387795E1
2.973358172E1,2.407179594E0,-1.660618901E0,9.724431038E0,1.015464070E1
2.973595734E1,-1.895115495E0,-1.339980662E-1,8.370093346E0,8.582999524E0
2.973833292E1,1.909472466E0,-2.196611166E0,1.258624744E1,1.291839040E1
2.974070854E1,-4.450650215E-1,-1.866401732E-1,6.360122681E0,6.378407163E0
2.974308412E1,-7.226324677E-1,-1.545763373E0,1.355773354E1,1.366468883E1
2.974545974E1,1.253839016E0,-8.374879360E-1,6.862615108E0,7.026306601E0
2.974783531E1,-1.497906923E0,-1.177268744E0,1.218903828E1,1.233703129E1
2.975021094E1,2.368894339E0,-1.335195065E0,8.992227554E0,9.394389956E0
2.975258651E1,-2.416750908E0,-2.440679073E-1,9.284152031E0,9.596652178E0
2.975496214E1,2.105684042E0,-2.072184324E0,1.108833981E1,1.147515284E1
2.975733771E1,-1.172483087E0,-1.435693651E-1,7.288537979E0,7.383638305E0
2.975971328E1,5.359922647E-1,-1.852044702E0,1.345244884E1,1.358991307E1
2.976208891E1,2.153540403E-1,-4.689932466E-1,6.197410583E0,6.218860826E0
2.976446443E1,-1.612762451E0,-1.330409408E0,1.300738430E1,1.317433255E1
2.976684011E1,1.952543259E0,-1.019342422E0,8.039883614E0,8.336138955E0
2.976921568E1,-1.981257200E0,-6.412764788E-1,1.109312534E1,1.128689707E1
2.977159130E1,2.206182480E0,-1.584048629E0,9.829715729E0,1.019802738E1
2.977396688E1,-2.359323025E0,-9.571290575E-3,8.188239098E0,8.521370563E0
2.977634245E1,1.507478237E0,-2.124826431E0,1.242832088E1,1.269844628E1
2.977871807E1,-3.828516304E-1,-1.387837082E-1,6.503692150E0,6.516429074E0
2.978109365E1,-7.226324677E-1,-1.574477315E0,1.355294704E1,1.366321888E1
2.978346927E1,1.081555843E0,-5.838487148E-1,6.738188744E0,6.849367117E0
2.978584484E1,-2.000399828E0,-1.067198873E0,1.223689461E1,1.244516382E1
2.978822047E1,2.455035925E0,-1.225125194E0,9.198010445E0,9.598517035E0
2.979059604E1,-2.354537487E0,-2.871387303E-1,9.451649666E0,9.744740983E0
2.979297162E1,2.062613010E0,-1.904686809E0,1.112183952E1,1.147072442E1
2.979534724E1,-1.421336651E0,-7.178468257E-2,7.068397999E0,7.210242797E0
2.979772281E1,7.369893789E-1,-1.914258122E0,1.340459251E1,1.356062823E1
2.980009844E1,6.221339107E-1,-4.498506486E-1,6.135197163E0,6.183046210E0
2.980247406E1,-1.607976794E0,-1.258624673E0,1.309831142E1,1.325652623E1
2.980484964E1,2.062613010E0,-8.949156404E-1,7.858029366E0,8.173363564E0
2.980722521E1,-1.899901152E0,-6.939185858E-1,1.104526901E1,1.122894095E1
2.980960083E1,2.589034081E0,-1.545763373E0,1.025085258E1,1.068515141E1
2.981197641E1,-2.115255117E0,-1.196411327E-1,8.030312538E0,8.305091070E0
2.981435203E1,1.579262972E0,-1.952543259E0,1.228953743E1,1.254349341E1
2.981672760E1,-2.392822653E-1,-3.302095234E-1,6.254838467E0,6.268117626E0
2.981910323E1,-2.105683982E-1,-1.497906923E0,1.365823174E1,1.374173782E1
2.982147880E1,1.435693622E0,-7.561319470E-1,6.431907177E0,6.633429100E0
2.982385443E1,-2.038684845E0,-8.709874153E-1,1.247139168E1,1.266690433E1
2.982623000E1,2.512463808E0,-1.301695466E0,9.011369705E0,9.445192927E0
2.982860557E1,-2.029113531E0,-3.732803464E-1,9.729216576E0,9.945566606E0
2.983098120E1,2.225325108E0,-1.995614052E0,1.123669529E1,1.162746182E1
2.983335677E1,-1.478764415E0,-1.387837082E-1,7.058826923E0,7.213393282E0
2.983573240E1,5.886343718E-1,-1.890329838E0,1.318445301E1,1.333227807E1
2.983810797E1,6.939185858E-1,-6.747759581E-1,6.087340832E0,6.163810834E0
2.984048359E1,-1.402194023E0,-1.359123230E0,1.339502144E1,1.353661565E1
2.984285917E1,2.062613010E0,-1.028913736E0,7.647460938E0,7.987283311E0
2.984523479E1,-2.502892494E0,-6.652047038E-1,1.117448139E1,1.147065833E1
2.984761036E1,2.474178553E0,-1.813759565E0,1.044227791E1,1.088358632E1
2.984998599E1,-2.105684042E0,-3.780659735E-1,8.293522835E0,8.565007891E0
2.985236156E1,1.292124271E0,-2.076970100E0,1.252881908E1,1.276537103E1
2.985473714E1,-6.891329288E-1,-4.833501875E-1,6.250052929E0,6.306480255E0
2.985711276E1,-5.503492355E-1,-1.756331801E0,1.340937805E1,1.353510271E1
2.985948833E1,1.560120344E0,-9.714859724E-1,6.790830612E0,7.035136167E0
2.986186396E1,-2.340180635E0,-1.071984529E0,1.246182060E1,1.272487992E1
2.986423953E1,2.139183521E0,-1.344766378E0,9.011369705E0,9.358914826E0
2.986661516E1,-2.483749866E0,-5.264210105E-1,9.858428955E0,1.018011562E1
2.986899073E1,2.062613010E0,-2.067398787E0,1.165783215E1,1.201805144E1
2.987136636E1,-1.780260086E0,-3.780659735E-1,7.058826923E0,7.289670595E0
2.987374193E1,1.627119333E-1,-1.799402595E0,1.320838070E1,1.333137823E1
2.987611755E1,4.067798555E-1,-8.422735929E-1,6.063412666E0,6.135133888E0
2.987849313E1,-1.426122308E0,-1.435693622E0,1.329930782E1,1.345238379E1
2.988086870E1,2.029113531E0,-1.215553880E0,7.690532207E0,8.046064789E0
2.988324432E1,-2.756531715E0,-4.785645306E-1,1.127976608E1,1.162155816E1
2.988561990E1,2.230110645E0,-1.856830359E0,1.034177971E1,1.074121129E1
2.988799552E1,-2.105684042E0,-3.924229145E-1,8.484949112E0,8.751129211E0
2.989037109E1,1.325623751E0,-2.048256159E0,1.276810169E1,1.299911737E1
2.989274672E1,-8.087740541E-1,-4.833501875E-1,6.139982700E0,6.211854026E0
2.989512229E1,-6.747759581E-1,-1.550549030E0,1.333759308E1,1.344436365E1
2.989749792E1,1.612762451E0,-1.062413216E0,6.613761902E0,6.889961615E0
2.989987349E1,-1.995614052E0,-9.762716293E-1,1.263888931E1,1.283265774E1
2.990224906E1,2.392822742E0,-1.392622828E0,8.824729919E0,9.248830043E0
2.990462469E1,-2.694318295E0,-1.818545163E-1,9.700503349E0,1.006936877E1
2.990700026E1,2.110469580E0,-2.096112728E0,1.177268696E1,1.214264916E1
2.990937589E1,-1.167697430E0,-2.871387303E-1,7.259823799E0,7.358736816E0
2.991175146E1,3.876372576E-1,-1.727617979E0,1.317009544E1,1.328857933E1
2.991412708E1,4.498506486E-1,-7.657032609E-1,5.982056618E0,6.047616759E0
2.991650266E1,-1.268195987E0,-1.292124271E0,1.301695538E1,1.314226135E1
2.991887828E1,2.531606436E0,-1.182054400E0,7.786244869E0,8.272357156E0
2.992125386E1,-2.311466694E0,-4.307080805E-1,1.115533924E1,1.140043777E1
2.992362948E1,2.402393818E0,-1.718046665E0,1.021735287E1,1.063567017E1
2.992600505E1,-2.043470621E0,-2.297109663E-1,8.470592499E0,8.716620709E0
2.992838063E1,1.584048629E0,-2.076970100E0,1.294995594E1,1.321076734E1
2.993075625E1,-4.115654826E-1,-5.934200287E-1,6.350551128E0,6.391481292E0
2.993313182E1,-5.886343718E-1,-1.421336651E0,1.317488194E1,1.326439604E1
2.993550745E1,1.627119422E0,-1.124626637E0,6.666403770E0,6.953649539E0
2.993788302E1,-1.665404558E0,-1.071984529E0,1.239482117E1,1.255206417E1
2.994025865E1,2.727817774E0,-1.502692580E0,8.944371223E0,9.471053341E0
2.994263422E1,-2.636890650E0,-1.196411327E-1,9.604789734E0,9.960898159E0
2.994500984E1,1.952543259E0,-2.196611166E0,1.177747345E1,1.213863282E1
2.994738542E1,-1.105484009E0,-4.211367965E-1,7.408178806E0,7.502037345E0
2.994976104E1,4.019941986E-1,-1.852044702E0,1.336152172E1,1.349525589E1
2.995213662E1,4.019941986E-1,-9.810572863E-1,6.163911343E0,6.254428493E0
2.995451219E1,-1.631905079E0,-1.282552958E0,1.265803146E1,1.282707359E1
2.995688781E1,2.273181438E0,-1.430907965E0,7.862815380E0,8.308954035E0
2.995926339E1,-2.120040894E0,-4.737788737E-1,1.114576817E1,1.135549153E1
2.996163896E1,2.234896421E0,-2.014756680E0,1.020778179E1,1.064203061E1
2.996401458E1,-2.426322222E0,-5.264209956E-2,8.360522270E0,8.705638595E0
2.996639021E1,9.858429432E-1,-2.230110645E0,1.296909904E1,1.319631804E1
2.996876578E1,-3.637090325E-1,-6.077769399E-1,6.642475605E0,6.680131678E0
2.997114141E1,-9.188438654E-1,-1.540977836E0,1.307916832E1,1.320164879E1
2.997351698E1,1.215553880E0,-1.038485050E0,6.857829571E0,7.041722009E0
2.997589255E1,-2.081755638E0,-9.332008362E-1,1.180140114E1,1.201988516E1
2.997826818E1,2.450250387E0,-1.612762451E0,9.226723671E0,9.681795256E0
2.998064375E1,-2.612962246E0,-1.196411327E-1,9.446864128E0,9.802302156E0
2.998301938E1,1.574477315E0,-2.120040894E0,1.183968639E1,1.213061112E1
2.998539495E1,-1.459621787E0,-2.679961324E-1,7.245467186E0,7.395884831E0
2.998777057E1,2.392822690E-2,-1.780260086E0,1.341894913E1,1.353654661E1
2.999014615E1,4.881358147E-1,-8.518448472E-1,6.470192432E0,6.544257508E0
2.999252177E1,-1.722832322E0,-1.115055323E0,1.247139168E1,1.263911033E1
2.999489734E1,2.048256159E0,-1.239482164E0,7.814958572E0,8.173447670E0
2.999727292E1,-2.100898266E0,-4.115654826E-1,1.070070267E1,1.091275388E1
2.999964849E1,2.498106956E0,-1.923829436E0,1.044227791E1,1.090792492E1
3.000202412E1,-2.158325911E0,7.178468257E-2,8.049455643E0,8.334102226E0
3.000439974E1,8.518448472E-1,-1.957328916E0,1.292124271E1,1.309638459E1
3.000677531E1,-4.785645381E-2,-4.881358147E-1,6.623332977E0,6.641468704E0
3.000915094E1,-5.982056856E-1,-1.354337573E0,1.310788250E1,1.319123436E1
