"Time (s)","Acceleration x (m/s^2)","Acceleration y (m/s^2)","Acceleration z (m/s^2)","Absolute acceleration (m/s^2)"
1.022276500E-2,-6.431907177E0,2.105683982E-1,8.958727837E0,1.103052915E1
1.259823400E-2,3.507878065E0,-3.828516304E-1,1.220818138E1,1.270792967E1
1.497370200E-2,-1.359123230E0,3.493520916E-1,7.958528042E0,8.081301345E0
1.734953600E-2,-1.799402595E0,-1.148554832E-1,1.121276665E1,1.135681194E1
1.972510900E-2,3.909872293E0,-2.392822653E-1,8.791230202E0,9.624452494E0
2.210063000E-2,-6.599404812E0,1.004985496E-1,9.351150513E0,1.144579660E1
2.447620200E-2,5.111069202E0,1.100698411E-1,1.204068375E1,1.308102476E1
2.685172300E-2,-3.105883837E0,6.939185858E-1,7.738388538E0,8.367239364E0
2.922729600E-2,-7.561319470E-1,-8.709874153E-1,1.126540947E1,1.132430153E1
3.160281700E-2,3.201596737E0,-2.153540403E-1,8.724231720E0,9.295634359E0
3.397833800E-2,-5.450850010E0,1.004985452E0,1.081077290E1,1.214885065E1
3.635391100E-2,5.101497650E0,-3.589234054E-1,1.001156998E1,1.124213670E1
3.872943200E-2,-4.340580463E0,1.722832322E-1,8.561519623E0,9.600517617E0
4.110500500E-2,8.231309652E-1,-2.105683982E-1,1.210768223E1,1.213745659E1
4.348052500E-2,1.952543259E0,7.657032460E-2,7.905886173E0,8.143790541E0
4.585609800E-2,-4.651647091E0,2.009970993E-1,1.074377346E1,1.170926508E1
4.823161900E-2,5.173282623E0,-3.349951804E-1,1.002114105E1,1.128265673E1
5.060719200E-2,-5.312066078E0,6.029912829E-1,8.752944946E0,1.025649500E1
5.298271300E-2,2.464607239E0,-2.488535494E-1,1.204068375E1,1.229285492E1
5.535828600E-2,5.934200287E-1,3.732803464E-1,7.987242222E0,8.017950103E0
5.773380700E-2,-3.469592810E0,2.057827413E-1,1.083948612E1,1.138309625E1
6.010938000E-2,4.910071850E0,-4.067798555E-1,9.255437851E0,1.048510397E1
6.248490000E-2,-5.986842155E0,4.019941986E-1,9.212367058E0,1.099416141E1
6.486047300E-2,4.445864677E0,-5.742774159E-2,1.236610699E1,1.314114199E1
6.723599400E-2,-1.483550072E0,7.274180651E-1,7.451249599E0,7.632245964E0
6.961156700E-2,-2.502892494E0,-8.901300430E-1,1.117926693E1,1.149055314E1
7.198708800E-2,4.886143684E0,-2.201396823E-1,9.303294182E0,1.051066811E1
7.436260900E-2,-5.642275810E0,1.349551916E0,1.011685371E1,1.166221659E1
7.673818200E-2,4.383651257E0,-8.279166222E-1,1.027956581E1,1.120586086E1
7.911370200E-2,-3.091526747E0,2.871387079E-2,8.666803360E0,9.201730413E0
8.148927500E-2,-5.264210105E-1,-5.742774159E-2,1.226560879E1,1.227703449E1
8.386479600E-2,3.665804386E0,3.349951655E-2,8.240880966E0,9.019499050E0
8.624036900E-2,-5.661418438E0,5.886343718E-1,1.026042366E1,1.173347531E1
8.861589000E-2,4.685146809E0,-7.752745152E-1,1.039920712E1,1.143219838E1
9.099146300E-2,-4.316651821E0,2.440679073E-1,8.642875671E0,9.663971852E0
9.336698400E-2,1.115055323E0,-2.967100143E-1,1.229432297E1,1.234835060E1
9.574250500E-2,2.249253273E0,4.546363056E-1,8.173882484E0,8.489887474E0
9.811807700E-2,-5.359922886E0,-4.594219327E-1,1.026999474E1,1.159364627E1
1.004936500E-1,5.000999451E0,-2.201396823E-1,1.027956581E1,1.143363154E1
1.028691710E-1,-5.412564754E0,5.072783828E-1,8.882157326E0,1.041373647E1
1.052447440E-1,2.971885681E0,-5.742774606E-1,1.209332561E1,1.246637171E1
1.076202650E-1,-2.871387303E-1,1.531406492E-1,7.982456207E0,7.989086794E0
1.099958380E-1,-4.383651257E0,-5.647061467E-1,1.110269737E1,1.195011215E1
1.123713070E-1,5.139782906E0,-1.483550072E-1,9.652647018E0,1.093677155E1
1.147469320E-1,-5.857629776E0,6.317051649E-1,9.533005714E0,1.120665320E1
1.171224520E-1,3.775874138E0,-3.637090325E-1,1.146640587E1,1.207758143E1
1.194979730E-1,-2.378465652E0,1.100698411E-1,7.700103283E0,8.059826598E0
1.218735460E-1,-2.880958557E0,-8.709874153E-1,1.147597694E1,1.186408817E1
1.242490670E-1,4.953142643E0,-3.158525825E-1,9.848857880E0,1.102875271E1
1.266246400E-1,-6.159125328E0,1.263410330E0,9.786644936E0,1.163225901E1
1.290001610E-1,3.699303865E0,-7.417750359E-1,1.023649502E1,1.090967046E1
1.313757340E-1,-3.656233072E0,-1.674975902E-1,8.690732002E0,9.430000979E0
1.337512550E-1,-6.221338734E-2,5.742774159E-2,1.250489140E1,1.250517802E1
1.361268270E-1,3.445664644E0,-1.914258115E-2,8.082955360E0,8.786759280E0
1.385023480E-1,-6.297909260E0,-4.498506486E-1,9.968499184E0,1.179987299E1
1.408779210E-1,5.005784988E0,-1.770688742E-1,1.110748291E1,1.218463842E1
1.432534420E-1,-4.589433670E0,9.236295223E-1,8.561519623E0,9.757848695E0
1.456289630E-1,1.392622828E0,-9.140582681E-1,1.163868904E1,1.175729490E1
1.480045360E-1,1.483550072E0,-2.632105052E-1,8.403593063E0,8.537597845E0
1.503801090E-1,-4.924428940E0,9.092725813E-2,1.117448139E1,1.221176902E1
1.527556300E-1,5.340780258E0,-2.967100143E-1,9.461220741E0,1.086860932E1
1.551312020E-1,-5.312066078E0,4.115654826E-1,9.394221306E0,1.079994565E1
1.575066710E-1,2.895315409E0,-7.322037220E-1,1.178225899E1,1.215485913E1
1.598822440E-1,-4.929214716E-1,1.292124242E-1,7.805387497E0,7.822003669E0
1.622578170E-1,-3.847658873E0,-2.009970993E-1,1.162911797E1,1.225076582E1
1.646333900E-1,5.613562107E0,-4.785645306E-1,9.403793335E0,1.096231876E1
1.670089110E-1,-5.862415314E0,5.886343718E-1,9.461220741E0,1.114581095E1
1.693844320E-1,3.584448338E0,-5.359922647E-1,1.130848026E1,1.187506983E1
1.717600050E-1,-2.335394859E0,6.699903309E-2,8.159524918E0,8.487426282E0
1.741355250E-1,-1.483550072E0,-4.307080805E-1,1.215075302E1,1.224856029E1
1.765110980E-1,4.723432064E0,-6.699903309E-2,8.901300430E0,1.007712502E1
1.788866190E-1,-6.321837425E0,5.359922647E-1,9.863214493E0,1.172757077E1
1.812621920E-1,4.297509670E0,-8.087740541E-1,1.054277611E1,1.141371249E1
1.836377130E-1,-3.795016766E0,-2.392822690E-2,9.035298347E0,9.799966379E0
1.860132860E-1,1.210768223E0,-1.100698411E-1,1.256231880E1,1.262101140E1
1.883888070E-1,2.124826431E0,2.488535494E-1,7.537391186E0,7.835118464E0
1.907643800E-1,-6.010770321E0,-6.939185858E-1,1.046142101E1,1.208520635E1
1.931399000E-1,5.733202934E0,-2.775674164E-1,1.087777138E1,1.229929143E1
1.955154730E-1,-4.599005222E0,9.619147182E-1,8.891729355E0,1.005678775E1
1.978909940E-1,1.603191137E0,-1.282552958E0,1.119362450E1,1.138035119E1
2.002665670E-1,3.110669553E-1,-2.536391914E-1,8.365307808E0,8.374931057E0
2.026420880E-1,-4.000799656E0,4.402793646E-1,1.188754272E1,1.255045481E1
2.050176090E-1,5.498706341E0,-4.211367965E-1,9.054440498E0,1.060169894E1
2.073931820E-1,-6.039484501E0,8.135596663E-2,9.346364975E0,1.112818629E1
2.097687020E-1,3.431307554E0,-3.541377485E-1,1.206461143E1,1.254807293E1
2.121442750E-1,-1.670190215E0,2.201396823E-1,7.676175117E0,7.858858776E0
2.145197960E-1,-2.301895380E0,-4.546363056E-1,1.155254745E1,1.178841674E1
2.168953690E-1,4.804787636E0,-4.163511395E-1,9.451649666E0,1.061098553E1
2.192708900E-1,-6.226124287E0,2.249253243E-1,9.556933403E0,1.140833867E1
2.216464630E-1,4.326223373E0,-1.627119333E-1,1.137069321E1,1.216697776E1
2.240219840E-1,-3.292523861E0,2.392822653E-1,8.274380684E0,8.908610727E0
2.263975570E-1,3.110669553E-1,-3.924229145E-1,1.195454216E1,1.196502556E1
2.287730770E-1,2.852244616E0,-1.866401732E-1,8.250452042E0,8.731557295E0
2.311486500E-1,-6.087340832E0,-1.148554832E-1,1.027956581E1,1.194731700E1
2.335241710E-1,5.503491879E0,-3.062812984E-1,1.090170002E1,1.221594427E1
2.358997440E-1,-4.264009953E0,1.048056364E0,8.930013657E0,9.951148020E0
2.382752650E-1,1.210768223E0,-7.130611539E-1,1.127976608E1,1.136694941E1
2.406508380E-1,1.052842021E0,-1.579262912E-1,8.039883614E0,8.110064461E0
2.430263590E-1,-4.704289436E0,-3.828516230E-2,1.134197903E1,1.227893697E1
2.454018800E-1,6.063412666E0,-2.871387303E-1,9.714859962E0,1.145538851E1
2.477774520E-1,-5.881557941E0,8.614161611E-1,8.968298912E0,1.075942131E1
2.501529730E-1,2.498106956E0,-6.843472719E-1,1.146640587E1,1.175531085E1
2.525285460E-1,-1.000199914E0,7.178468257E-2,8.221738815E0,8.282665154E0
2.549040670E-1,-2.565105915E0,-5.264209956E-2,1.205025482E1,1.232035636E1
2.572796400E-1,5.178068161E0,1.674975902E-1,8.662017822E0,1.009311637E1
2.596551610E-1,-6.762116909E0,2.632105052E-1,9.174081802E0,1.139996850E1
2.620307340E-1,3.790230989E0,-3.254238665E-1,1.158604717E1,1.219459883E1
2.644062550E-1,-2.488535643E0,1.052841991E-1,8.346165657E0,8.709901009E0
2.667818270E-1,-6.652047038E-1,-2.297109663E-1,1.172483063E1,1.174593196E1
2.691573480E-1,3.259024382E0,-4.785645381E-2,8.489734650E0,9.093905904E0
2.715329210E-1,-6.570691109E0,3.828516230E-2,9.992427826E0,1.195926675E1
2.739084420E-1,5.125426292E0,-3.349951804E-1,1.112183952E1,1.225061349E1
2.762840150E-1,-3.795016766E0,9.332008362E-1,8.647661209E0,9.489734477E0
2.786595360E-1,3.014956415E-1,-6.843472719E-1,1.111705399E1,1.114217753E1
2.810351090E-1,1.708475351E0,-2.105683982E-1,8.202595711E0,8.381276959E0
2.834106300E-1,-5.245067120E0,3.349951655E-2,1.125105190E1,1.241362237E1
2.857861500E-1,5.991627693E0,-2.871387303E-1,9.834501266E0,1.151952543E1
2.881617230E-1,-5.584847927E0,7.034898400E-1,8.920442581E0,1.054797232E1
2.905372440E-1,1.957328916E0,-7.944171429E-1,1.157647610E1,1.176762652E1
2.929128170E-1,2.871387079E-2,-7.657032460E-2,8.216953278E0,8.217360201E0
2.952883380E-1,-3.192025423E0,-2.871387079E-2,1.194018459E1,1.235952503E1
2.976639110E-1,5.508277893E0,2.871387079E-2,8.824729919E0,1.040277886E1
3.000394320E-1,-6.489335060E0,2.679961324E-1,8.944371223E0,1.105373548E1
3.024150050E-1,3.507878065E0,-6.173482537E-1,1.186361504E1,1.238675458E1
3.047905250E-1,-1.311266780E0,-9.571290575E-3,8.346165657E0,8.448549778E0
3.071660980E-1,-1.411765337E0,-1.674975902E-1,1.160997581E1,1.169669506E1
3.095416190E-1,4.067798615E0,4.785645287E-3,8.618947029E0,9.530648266E0
3.119171400E-1,-6.589833736E0,9.571290761E-2,9.772287369E0,1.178697035E1
3.142927130E-1,5.359922886E0,-5.407779217E-1,1.155254745E1,1.274686498E1
3.166682860E-1,-2.971885681E0,8.470591903E-1,8.451449394E0,8.998700497E0
3.190438070E-1,-2.632105052E-1,-6.077769399E-1,1.116491032E1,1.118453821E1
3.214193270E-1,2.770888567E0,-2.967100143E-1,8.394021988E0,8.844516121E0
3.237949000E-1,-5.245067120E0,2.871387079E-2,1.106919765E1,1.224902814E1
3.261704730E-1,6.149554253E0,-2.584248483E-1,1.016949654E1,1.188707116E1
3.285459940E-1,-5.029713154E0,7.130611539E-1,8.623732567E0,1.000875787E1
3.309215150E-1,1.435693622E0,-8.087740541E-1,1.167218876E1,1.178793120E1
3.332970880E-1,1.177268744E0,-1.196411327E-1,8.293522835E0,8.377517335E0
3.356726090E-1,-3.483949661E0,3.254238665E-1,1.177747345E1,1.228628043E1
3.380481820E-1,5.479563713E0,-1.339980662E-1,8.839086533E0,1.040062617E1
3.404237020E-1,-6.178267956E0,2.344966233E-1,9.049654961E0,1.096002913E1
3.427992230E-1,3.460021496E0,-4.211367965E-1,1.209811115E1,1.259021042E1
3.451747960E-1,-5.312066078E-1,1.387837082E-1,8.044670105E0,8.063383811E0
3.475503690E-1,-2.435893536E0,-5.264209956E-2,1.136590767E1,1.162412172E1
3.499258900E-1,4.445864677E0,-2.153540403E-1,8.901300430E0,9.952147479E0
3.523014630E-1,-6.508477688E0,1.866401732E-1,9.566504478E0,1.157208384E1
3.546769840E-1,5.115854740E0,-3.924229145E-1,1.181575775E1,1.288169619E1
3.570525570E-1,-2.718246460E0,9.284151793E-1,8.164310455E0,8.654870523E0
3.594280770E-1,-1.426122308E0,-8.757730722E-1,1.100219822E1,1.112875415E1
3.618036500E-1,3.603590965E0,-2.153540403E-1,8.772088051E0,9.485872336E0
3.641791710E-1,-5.546562672E0,5.599204898E-1,1.081077290E1,1.216349781E1
3.665546920E-1,5.273781300E0,9.571290575E-3,9.901499748E0,1.121840265E1
3.689302650E-1,-4.838287354E0,3.876372576E-1,8.494520187E0,9.783463618E0
3.713057860E-1,4.259224236E-1,-6.125625968E-1,1.185404301E1,1.187749883E1
3.736813590E-1,2.019542217E0,9.571290575E-3,8.317451477E0,8.559126208E0
3.760568800E-1,-4.752145767E0,4.642075896E-1,1.124626637E1,1.221789201E1
3.784324520E-1,5.039284706E0,1.100698411E-1,9.308079720E0,1.058521865E1
3.808079730E-1,-6.159125328E0,4.259224236E-1,8.705088615E0,1.067215079E1
3.831835460E-1,2.531606436E0,-4.402793646E-1,1.209332561E1,1.236330868E1
3.855590670E-1,3.014956415E-1,1.962114573E-1,8.073383331E0,8.081393257E0
3.879346400E-1,-3.728017569E0,1.196411327E-1,1.093041420E1,1.154930230E1
3.903101610E-1,4.627718925E0,-2.727817893E-1,9.107083321E0,1.021905861E1
3.926857340E-1,-6.632904530E0,5.168496966E-1,9.509077072E0,1.160539111E1
3.950612550E-1,4.560719967E0,-2.153540403E-1,1.191147137E1,1.275655495E1
3.974368270E-1,-2.220539331E0,8.374879360E-1,7.690532207E0,8.048382856E0
3.998122960E-1,-2.493321180E0,-8.470591903E-1,1.118405342E1,1.148987427E1
4.021878690E-1,4.469792843E0,-2.201396823E-1,9.016156197E0,1.006571319E1
4.045633380E-1,-5.761917114E0,1.067198873E0,1.037049294E1,1.191157949E1
4.069389630E-1,4.570291042E0,-5.120640397E-1,9.958928108E0,1.096950404E1
4.093145360E-1,-4.015156269E0,7.178468257E-2,8.858229637E0,9.725989164E0
4.116900570E-1,1.292124242E-1,-1.818545163E-1,1.223210907E1,1.223414317E1
4.140656300E-1,3.072384357E0,-5.742774159E-2,7.968099594E0,8.540108590E0
4.164411500E-1,-5.335994720E0,3.924229145E-1,1.053799057E1,1.181846355E1
4.188167230E-1,5.115854740E0,-3.110669553E-1,1.000678444E1,1.124297413E1
4.211922440E-1,-5.125426292E0,2.488535494E-1,8.662017822E0,1.006789330E1
4.235678170E-1,2.244467735E0,-5.934200287E-1,1.217946720E1,1.239875817E1
4.259433380E-1,1.392622828E0,2.297109663E-1,8.207381248E0,8.327861216E0
4.283189110E-1,-4.302295208E0,1.339980662E-1,1.077248764E1,1.160061160E1
4.306944320E-1,5.101497650E0,-1.866401732E-1,9.370293617E0,1.067063800E1
4.330699520E-1,-5.886343479E0,1.435693651E-1,9.183652878E0,1.090913067E1
4.354455250E-1,4.220939159E0,-5.886343718E-1,1.223689461E1,1.295779331E1
4.378210460E-1,-1.009771109E0,3.206382394E-1,7.767102242E0,7.839025692E0
4.401966190E-1,-3.120240688E0,9.092725813E-2,1.126062298E1,1.168528132E1
4.425721400E-1,4.833501816E0,-6.843472719E-1,9.073583603E0,1.030344556E1
4.449477130E-1,-5.785845280E0,2.775674164E-1,9.954142570E0,1.151685737E1
4.473232340E-1,4.733003139E0,-3.780659735E-1,1.144726372E1,1.239290520E1
4.496988070E-1,-2.943171740E0,5.455635786E-1,7.881958008E0,8.431201667E0
4.520743270E-1,-1.746760488E0,-3.349951804E-1,1.163868904E1,1.177380468E1
4.544499000E-1,4.335794449E0,-5.455635786E-1,8.944371223E0,9.954824444E0
4.568254210E-1,-5.752345562E0,2.584248483E-1,1.023170948E1,1.174070448E1
4.592009940E-1,4.780859470E0,-2.057827413E-1,1.058106136E1,1.161283012E1
4.615765150E-1,-4.388436794E0,3.828516304E-1,8.365307808E0,9.454275625E0
4.639520880E-1,2.392822653E-1,-5.982056856E-1,1.208854008E1,1.210569731E1
4.663276090E-1,3.192025423E0,3.349951655E-2,8.537590981E0,9.114856459E0
4.687031300E-1,-5.757131100E0,-5.742774159E-2,1.017428207E1,1.169033242E1
4.710787020E-1,4.919643402E0,-1.435693651E-1,1.031785107E1,1.143160330E1
4.734542230E-1,-5.240281582E0,4.019941986E-1,8.786444664E0,1.023834753E1
4.758297960E-1,2.397608280E0,-4.259224236E-1,1.227517986E1,1.251439076E1
4.782053170E-1,6.747759581E-1,1.531406492E-1,7.872386456E0,7.902736435E0
4.805808900E-1,-5.010570526E0,-4.115654826E-1,1.084905815E1,1.195731015E1
4.829564110E-1,5.469992638E0,-2.632105052E-1,1.001156998E1,1.141146935E1
4.853318800E-1,-5.556134224E0,7.034898400E-1,9.499505997E0,1.102751738E1
4.877075050E-1,3.311666489E0,-2.823530734E-1,1.141376400E1,1.188784534E1
4.900830770E-1,-1.402194023E0,3.828516230E-2,7.776673794E0,7.902168634E0
4.924585980E-1,-3.641875982E0,-6.652047038E-1,1.135155106E1,1.193999453E1
4.948341710E-1,5.766702652E0,-2.392822653E-1,1.003071213E1,1.157269637E1
4.972096920E-1,-6.139982700E0,1.320838094E0,9.442078590E0,1.134005507E1
4.995852650E-1,3.455235958E0,-8.805587292E-1,1.039442158E1,1.098899627E1
5.019607860E-1,-2.871387243E0,-2.105683982E-1,8.685946465E0,9.150675917E0
5.043363070E-1,-7.274180651E-1,5.168496966E-1,1.238046455E1,1.241258125E1
5.067118800E-1,4.110869408E0,-5.024927258E-1,7.891529083E0,8.912237514E0
5.090874000E-1,-6.709474564E0,-2.392822653E-1,9.968499184E0,1.201853905E1
5.114629730E-1,5.034498692E0,3.206382394E-1,1.146640587E1,1.252706867E1
5.138384940E-1,-4.206582069E0,6.939185858E-1,7.953742504E0,9.024349036E0
5.162140670E-1,5.407779217E-1,-1.201196909E0,1.167218876E1,1.174628900E1
5.185895880E-1,2.450250387E0,-2.536391914E-1,8.705088615E0,9.046912601E0
5.209651610E-1,-5.412564754E0,7.609176040E-1,1.093998528E1,1.222939617E1
5.233406820E-1,4.943571568E0,-2.679961324E-1,9.255437851E0,1.049637326E1
5.257162550E-1,-4.953142643E0,3.349951655E-2,9.485149384E0,1.070059826E1
5.280917750E-1,2.507678032E0,-4.498506486E-1,1.214596748E1,1.241029173E1
5.304673480E-1,2.536391914E-1,2.871387303E-1,7.379465103E0,7.389403677E0
5.328428690E-1,-4.642076015E0,-1.866401732E-1,1.114098263E1,1.207084082E1
5.352183900E-1,5.862415314E0,-5.168496966E-1,1.004506969E1,1.164209913E1
5.375939630E-1,-5.704489231E0,5.503492355E-1,9.236295700E0,1.086983164E1
5.399695360E-1,3.278167009E0,-2.584248483E-1,1.144726372E1,1.191020608E1
5.423450570E-1,-1.976471543E0,7.657032460E-2,7.963313580E0,8.205282807E0
5.447205770E-1,-2.024327993E0,-4.211367965E-1,1.187797165E1,1.205659448E1
5.470961500E-1,5.077569485E0,-1.435693651E-1,9.001798630E0,1.033608739E1
5.494716710E-1,-6.403193474E0,2.249253243E-1,9.609575272E0,1.154969328E1
5.518472440E-1,4.259224415E0,-9.571290761E-2,1.111705399E1,1.190542074E1
5.542227650E-1,-3.340380430E0,2.632105052E-1,8.461020470E0,9.100345520E0
5.565983380E-1,1.818545163E-1,-4.450650215E-1,1.198804188E1,1.199767903E1
5.589738590E-1,2.876172781E0,-1.244267747E-1,8.283951759E0,8.769932077E0
5.613493800E-1,-6.149554253E0,3.349951655E-2,1.038963604E1,1.207322147E1
5.637249520E-1,5.532206059E0,-4.211367965E-1,1.051406288E1,1.188815286E1
5.661005250E-1,-4.584648132E0,6.556333899E-1,9.097511292E0,1.020850456E1
5.684760460E-1,1.732403636E0,-2.871387303E-1,1.166740322E1,1.179881218E1
5.708516190E-1,5.599204898E-1,-1.387837082E-1,7.747959614E0,7.769404742E0
5.732271400E-1,-4.804787636E0,-5.934200287E-1,1.118405342E1,1.218692670E1
5.756026610E-1,6.350551128E0,-2.632105052E-1,1.038963604E1,1.217962711E1
5.779782340E-1,-5.843272686E0,1.234696507E0,9.078369141E0,1.086669671E1
5.803537550E-1,2.502892494E0,-8.231309652E-1,1.087777138E1,1.119231547E1
5.827293270E-1,-1.057627559E0,-3.972085714E-1,8.508877754E0,8.583551208E0
5.851048480E-1,-1.971685886E0,3.732803464E-1,1.222732353E1,1.239089683E1
5.874804210E-1,4.929214478E0,-2.392822653E-1,8.336593628E0,9.687786367E0
5.898559420E-1,-6.876972198E0,-2.871387079E-2,9.533005714E0,1.175464883E1
5.922315150E-1,4.426722050E0,-1.339980662E-1,1.171047401E1,1.251994510E1
5.946070360E-1,-2.502892494E0,6.891329288E-1,8.513663292E0,8.900665013E0
5.969826090E-1,-1.038485050E0,-9.714859724E-1,1.109791183E1,1.118864975E1
5.993581300E-1,3.397808075E0,-1.722832322E-1,8.791230202E0,9.426585261E0
6.017337020E-1,-6.116054535E0,4.354937077E-1,1.071027374E1,1.234122123E1
6.041092230E-1,5.431707382E0,-3.349951804E-1,9.949356079E0,1.134043003E1
6.064847440E-1,-4.622933388E0,6.843472719E-1,9.145368576E0,1.027022934E1
6.088603170E-1,9.475577474E-1,-9.475577474E-1,1.143290615E1,1.151117172E1
6.112358380E-1,1.440479279E0,1.435693540E-2,8.274380684E0,8.398842919E0
6.136114110E-1,-4.847858906E0,5.742774159E-2,1.146640587E1,1.244923682E1
6.159869320E-1,6.029912949E0,-9.571290761E-2,9.413364410E0,1.117946513E1
6.183625050E-1,-6.001199245E0,6.460621357E-1,9.035298347E0,1.086592863E1
6.207380250E-1,2.612962246E0,-8.805587292E-1,1.143769264E1,1.176536308E1
6.231135980E-1,-6.221339107E-1,-1.196411327E-1,8.441878319E0,8.465617175E0
6.254891190E-1,-2.450250387E0,2.967100143E-1,1.201675510E1,1.226760641E1
6.278646920E-1,5.020142078E0,-2.153540403E-1,8.528019905E0,9.898248701E0
6.302402130E-1,-6.642475605E0,-2.871387079E-2,9.494720459E0,1.158762371E1
6.326157860E-1,4.455435753E0,-3.158525825E-1,1.161476135E1,1.244400867E1
6.349913070E-1,-2.153540373E0,6.029912829E-1,8.480163574E0,8.770091725E0
6.373668270E-1,-1.191625714E0,-6.556333899E-1,1.109791183E1,1.118094245E1
6.397424000E-1,3.641875982E0,-2.871387303E-1,8.757730484E0,9.489128124E0
6.421179210E-1,-6.163911343E0,1.004985496E-1,1.046620655E1,1.214682603E1
6.444934940E-1,5.618347645E0,-4.450650215E-1,1.058106136E1,1.198844330E1
6.468690150E-1,-4.407579422E0,6.460621357E-1,8.843872070E0,9.902435349E0
6.492445880E-1,7.417750359E-1,-2.823530734E-1,1.156690502E1,1.159410390E1
6.516201090E-1,1.488335729E0,-2.392822653E-1,8.059026718E0,8.198799356E0
6.539956820E-1,-5.039284706E0,-4.785645306E-1,1.116012478E1,1.225446039E1
6.563712020E-1,6.015556335E0,-2.488535494E-1,1.017428207E1,1.182221899E1
6.587467750E-1,-5.972485542E0,1.115055323E0,8.915657043E0,1.078901629E1
6.611222960E-1,1.832902193E0,-3.972085714E-1,1.133240795E1,1.148654757E1
6.634978690E-1,-3.637090325E-1,-4.402793646E-1,8.312665939E0,8.332259309E0
6.658733900E-1,-3.072384357E0,-2.009970993E-1,1.183490086E1,1.222885210E1
6.682489110E-1,5.249852657E0,-8.614161611E-2,8.829515457E0,1.027271709E1
6.706244840E-1,-7.101897717E0,6.364908218E-1,9.336793900E0,1.174809738E1
6.729999520E-1,3.436093330E0,-6.556333899E-1,1.144726372E1,1.196981366E1
6.753755770E-1,-1.938186288E0,4.307080805E-2,8.824729919E0,9.035169026E0
6.777510980E-1,-1.588834286E0,-1.722832322E-1,1.168175983E1,1.179057203E1
6.801266710E-1,3.680161238E0,2.871387303E-1,8.063812256E0,8.868545737E0
6.825021920E-1,-6.972685337E0,1.674975902E-1,1.000678444E1,1.219762809E1
6.848777650E-1,5.139782906E0,-5.503492355E-1,1.104526901E1,1.219500800E1
6.872532860E-1,-3.943371773E0,4.115654826E-1,8.513663292E0,9.391593567E0
6.896288590E-1,2.871387079E-2,-3.732803464E-1,1.161954689E1,1.162557666E1
6.920043800E-1,1.899901152E0,-7.178468257E-2,8.231309891E0,8.448031720E0
6.943799520E-1,-5.393422127E0,1.052841991E-1,1.107398319E1,1.231800271E1
6.967554730E-1,5.690132141E0,-2.009970993E-1,9.944570541E0,1.145916606E1
6.991309940E-1,-5.436492920E0,4.929214716E-1,8.575876236E0,1.016582904E1
7.015065670E-1,1.459621787E0,-3.302095234E-1,1.189711380E1,1.199086531E1
7.038820880E-1,7.465606928E-1,-1.292124242E-1,8.078168869E0,8.113621941E0
7.062576610E-1,-3.742374659E0,7.657032460E-2,1.140419292E1,1.200278498E1
7.086331820E-1,5.388636589E0,-1.914258152E-1,9.231510162E0,1.069087592E1
7.110087550E-1,-6.441478729E0,3.206382394E-1,9.102297783E0,1.115559420E1
7.133842750E-1,3.531806231E0,-3.206382394E-1,1.203589821E1,1.254748221E1
7.157598480E-1,-7.896314859E-1,6.556333899E-1,8.231309891E0,8.295048857E0
7.181353690E-1,-2.512463808E0,-5.647061467E-1,1.085862923E1,1.115980269E1
7.205109420E-1,4.613361835E0,-2.344966233E-1,8.853444099E0,9.986068722E0
7.228864630E-1,-6.216553211E0,4.402793646E-1,1.023649502E1,1.198437358E1
7.252620360E-1,5.307280540E0,-2.201396823E-1,1.092562866E1,1.214845874E1
7.276375570E-1,-3.225524902E0,5.742774606E-1,8.370093346E0,8.988451931E0
7.300130770E-1,-7.178468108E-1,-5.120640397E-1,1.154297638E1,1.157660647E1
7.323886500E-1,3.440878868E0,-1.866401732E-1,8.322237015E0,9.007447522E0
7.347641710E-1,-5.283352375E0,3.732803464E-1,1.103091240E1,1.223659180E1
7.371397440E-1,5.824130535E0,-4.307080805E-2,9.887143135E0,1.147510135E1
7.395152650E-1,-5.082355499E0,7.082754970E-1,8.465806961E0,9.899589845E0
7.418908380E-1,1.158126116E0,-8.805587292E-1,1.155733299E1,1.164854436E1
7.442663590E-1,1.837687731E0,-1.387837082E-1,8.681160927E0,8.874621803E0
7.466419320E-1,-4.192225456E0,9.236295223E-1,1.139462185E1,1.217642201E1
7.490174520E-1,5.168497086E0,-5.790630579E-1,8.638090134E0,1.008292008E1
7.513930250E-1,-6.187839508E0,9.571290575E-3,9.332008362E0,1.119713488E1
7.537685460E-1,3.598805189E0,5.934200287E-1,1.256710434E1,1.308570432E1
7.561441190E-1,-5.359922647E-1,1.148554832E-1,7.369893551E0,7.390251040E0
7.585196400E-1,-3.507878065E0,-1.134197950E0,1.080120182E1,1.141304404E1
7.608951090E-1,5.125426292E0,3.062812984E-1,9.863214493E0,1.111965840E1
7.632707340E-1,-6.599404812E0,1.105484009E0,9.681360245E0,1.176872869E1
7.656462550E-1,4.407579422E0,-9.188438654E-1,1.071506023E1,1.162254474E1
7.680218270E-1,-2.646461725E0,-2.967100143E-1,8.628518105E0,9.030122988E0
7.703973480E-1,-1.287338614E0,9.762716293E-1,1.242353535E1,1.252815140E1
7.727729210E-1,3.397808075E0,-5.168496966E-1,7.341179848E0,8.105871630E0
7.751484420E-1,-6.063412666E0,-4.689932466E-1,1.053320503E1,1.216278488E1
7.775240150E-1,5.412564754E0,3.254238665E-1,1.138504982E1,1.261035754E1
7.798995360E-1,-4.776073933E0,9.188438654E-1,7.771887779E0,9.168282059E0
7.822751090E-1,4.785645287E-3,-1.191625714E0,1.143769264E1,1.149960033E1
7.846506300E-1,2.163111687E0,-1.818545163E-1,9.121439934E0,9.376182043E0
7.870261500E-1,-4.527220249E0,9.379864931E-1,1.119362450E1,1.211085345E1
7.894017230E-1,4.589433670E0,-7.561319470E-1,8.470592499E0,9.663621175E0
7.917772440E-1,-6.283552170E0,9.571290575E-3,9.370293617E0,1.128208855E1
7.941528170E-1,3.388236761E0,5.407779217E-1,1.282074356E1,1.327192731E1
7.965283380E-1,-9.188438654E-1,2.057827413E-1,7.144968510E0,7.206746533E0
7.989039110E-1,-3.622733593E0,-1.344766378E0,1.108833981E1,1.174239647E1
8.012794320E-1,5.197210789E0,2.775674164E-1,9.671789169E0,1.098323948E1
8.036550050E-1,-6.613761902E0,9.858429432E-1,9.882357597E0,1.193208802E1
8.060305250E-1,4.144368649E0,-8.374879360E-1,1.026520920E1,1.110187810E1
8.084060980E-1,-3.096312523E0,-2.871387303E-1,8.757730484E0,9.293408585E0
8.107816190E-1,-6.795616150E-1,7.513462901E-1,1.260538960E1,1.264603385E1
8.131571920E-1,2.833101988E0,-1.818545163E-1,7.298109055E0,7.830832249E0
8.155327130E-1,-5.608776093E0,-8.997012973E-1,1.063370419E1,1.205584905E1
8.179082860E-1,5.479563713E0,2.727817893E-1,1.099741268E1,1.228995989E1
8.202838070E-1,-5.484349728E0,9.810572863E-1,8.279166222E0,9.979236377E0
8.226593270E-1,1.459621787E0,-1.272981644E0,1.140897846E1,1.157219804E1
8.250349000E-1,9.523434043E-1,-2.201396823E-1,8.973084450E0,9.026165519E0
8.274104210E-1,-3.436093330E0,7.417750359E-1,1.149990559E1,1.202517343E1
8.297859940E-1,4.646861553E0,-7.657032609E-1,8.025527000E0,9.305305337E0
8.321615150E-1,-6.484549522E0,-1.962114573E-1,9.915857315E0,1.184956150E1
8.345370880E-1,4.871787071E0,3.828516304E-1,1.241874981E1,1.334564466E1
8.369126090E-1,-2.340180635E0,4.354937077E-1,7.542177200E0,7.908889751E0
8.392881820E-1,-1.765903115E0,-1.316052437E0,1.118405342E1,1.139883585E1
8.416637020E-1,4.302295208E0,4.307080805E-2,9.346364975E0,1.028912714E1
8.440392230E-1,-5.522634506E0,7.513462901E-1,1.080120182E1,1.215442199E1
8.464147960E-1,4.996213913E0,-6.891329288E-1,9.265008926E0,1.054881264E1
8.487903690E-1,-4.532006264E0,-2.440679073E-1,9.126225471E0,1.019247964E1
8.511658900E-1,1.703689694E0,7.513462901E-1,1.275374508E1,1.288895238E1
8.535414110E-1,7.130611539E-1,-1.387837082E-1,7.063612461E0,7.100868829E0
8.559169840E-1,-3.852444410E0,-1.052842021E0,1.120798111E1,1.189826226E1
8.582925050E-1,5.699703693E0,-1.435693540E-2,9.992427826E0,1.150371428E1
8.606680770E-1,-6.197410583E0,1.239482164E0,9.437292099E0,1.135811147E1
8.630435980E-1,3.359523058E0,-9.954141974E-1,1.049491978E1,1.106438366E1
8.654191710E-1,-1.899901152E0,-3.876372576E-1,9.154939651E0,9.358034358E0
8.677946920E-1,-7.322037220E-1,8.135597110E-1,1.230867958E1,1.235724867E1
8.701702650E-1,2.991028309E0,-5.168496966E-1,7.164111137E0,7.780608739E0
8.725457860E-1,-6.135197163E0,-8.757730722E-1,1.080598736E1,1.245700548E1
8.749213070E-1,6.092126369E0,5.455635786E-1,1.111226845E1,1.268440591E1
8.772968800E-1,-5.139782906E0,8.614161611E-1,8.293522835E0,9.794995004E0
8.796724000E-1,1.081555843E0,-1.210768223E0,1.115533924E1,1.127285750E1
8.820479730E-1,4.594219327E-1,-3.349951655E-2,8.834300995E0,8.846302323E0
8.844234940E-1,-3.086741209E0,5.120640397E-1,1.182532978E1,1.223227719E1
8.867990670E-1,4.694717884E0,-3.589234054E-1,8.197810173E0,9.453744954E0
8.891745880E-1,-6.163911343E0,-5.934200287E-1,9.891928673E0,1.167031290E1
8.915501610E-1,4.244867325E0,7.322037220E-1,1.163390350E1,1.240575397E1
8.939256820E-1,-3.498306751E0,3.254238665E-1,7.867600918E0,8.616449096E0
8.963012550E-1,-1.674975902E-1,-9.954141974E-1,1.159561825E1,1.163947024E1
8.986767750E-1,2.579462767E0,-3.493520916E-1,8.752944946E0,9.131797210E0
9.010523480E-1,-5.067998409E0,9.188438654E-1,1.131805134E1,1.243491729E1
9.034278690E-1,5.000999451E0,-6.987041831E-1,8.427521706E0,9.824525695E0
9.058034420E-1,-5.364708424E0,-3.014956415E-1,9.877572060E0,1.124443978E1
9.081789630E-1,3.407379389E0,4.546363056E-1,1.219861031E1,1.267371381E1
9.105544840E-1,-1.880758643E0,4.019941986E-1,7.073183537E0,7.329991661E0
9.129300570E-1,-2.684746981E0,-1.158126116E0,1.160997581E1,1.197249602E1
9.153055770E-1,5.154139996E0,4.785645381E-2,9.576076508E0,1.087514095E1
9.176811500E-1,-5.450850010E0,6.269195080E-1,1.025085258E1,1.162689867E1
9.200566710E-1,4.043870449E0,-6.077769399E-1,9.188439369E0,1.005732067E1
9.224322440E-1,-4.776073933E0,-1.244267747E-1,9.265008926E0,1.042433473E1
9.248077650E-1,2.622533560E0,3.972085714E-1,1.288295746E1,1.315317641E1
9.271833380E-1,2.344966233E-1,2.536391914E-1,7.350750923E0,7.358862727E0
9.295588590E-1,-4.110869408E0,-1.004985452E0,1.097827053E1,1.176569874E1
9.319344320E-1,5.292923450E0,-5.264209956E-2,9.418149948E0,1.080367337E1
9.343099520E-1,-5.412564754E0,7.513462901E-1,1.038485050E1,1.173479861E1
9.366855250E-1,4.082155228E0,-4.642075896E-1,9.987641335E0,1.079965089E1
9.390610460E-1,-3.651447296E0,-3.493520916E-1,8.891729355E0,9.618625950E0
9.414365670E-1,5.312066078E-1,5.838487148E-1,1.257188988E1,1.259664538E1
9.438121400E-1,1.866401672E0,-2.297109663E-1,7.269395351E0,7.508683713E0
9.461876610E-1,-4.350151539E0,-8.901300430E-1,1.132762241E1,1.216680646E1
9.485632340E-1,5.455635548E0,-5.742774159E-2,9.777072906E0,1.119635708E1
9.509387550E-1,-5.862415314E0,1.210768223E0,9.360722542E0,1.111112053E1
9.533143270E-1,2.842673302E0,-8.566305041E-1,1.067677498E1,1.108188302E1
9.556898480E-1,-1.521835208E0,-2.440679073E-1,9.111868858E0,9.241304325E0
9.580654210E-1,-4.642075896E-1,3.445664644E-1,1.218903828E1,1.220274022E1
9.604409420E-1,2.517249346E0,4.307080805E-2,7.298109055E0,7.720155124E0
9.628164630E-1,-5.838487148E0,-7.896314859E-1,1.094477081E1,1.242978110E1
9.651920360E-1,6.197410583E0,2.249253243E-1,1.064327526E1,1.231818971E1
9.675675570E-1,-5.302495003E0,8.135597110E-1,8.609375954E0,1.014394829E1
9.699431300E-1,1.789831281E0,-7.992027402E-1,1.117448139E1,1.134509830E1
9.723186500E-1,-7.752745152E-1,-2.584248483E-1,8.537590981E0,8.576613185E0
9.746942230E-1,-1.780260086E0,6.364908218E-1,1.219382381E1,1.233952129E1
9.770697440E-1,4.182653904E0,-3.397808075E-1,7.786244869E0,8.845092076E0
9.794453170E-1,-5.838487148E0,-7.465606928E-1,1.025563812E1,1.182469443E1
9.818208380E-1,4.843072891E0,6.987041831E-1,1.083470058E1,1.188840945E1
9.841964110E-1,-4.421936035E0,6.317051649E-1,8.341380119E0,9.462092370E0
9.865719320E-1,1.435693622E0,-7.752745152E-1,1.153819084E1,1.165298737E1
9.889475050E-1,7.465606928E-1,-2.679961324E-1,8.303094864E0,8.340896781E0
9.913230250E-1,-3.354737282E0,6.412764788E-1,1.164347458E1,1.213408414E1
9.936985460E-1,4.608576298E0,-2.727817893E-1,8.188239098E0,9.400034304E0
9.960741190E-1,-5.761917114E0,-3.110669553E-1,1.020299530E1,1.172167072E1
9.984496400E-1,4.579862595E0,2.775674164E-1,1.102134132E1,1.193826410E1
1.000825213E0,-3.728017569E0,9.906286001E-1,8.111668587E0,8.982128215E0
1.003200734E0,-3.828516304E-1,-8.566305041E-1,1.154297638E1,1.158104895E1
1.005576307E0,2.689532757E0,-3.541377485E-1,8.786444664E0,9.195684305E0
1.007951827E0,-3.617947817E0,4.977070987E-1,1.114576817E1,1.172882802E1
1.010327400E0,4.063013077E0,-2.009970993E-1,8.159524918E0,9.117363762E0
1.012702921E0,-6.087340832E0,-1.866401732E-1,9.973284721E0,1.168575890E1
1.015078494E0,4.742574692E0,4.067798555E-1,1.194497108E1,1.285845320E1
1.017454015E0,-2.502892494E0,5.216353536E-1,7.460821152E0,7.886724703E0
1.019829536E0,-1.517049551E0,-1.038485050E0,1.138504982E1,1.153253008E1
1.022205109E0,3.345165968E0,1.339980662E-1,8.633303642E0,9.259698840E0
1.024580630E0,-4.522434711E0,3.924229145E-1,1.129412270E1,1.217224790E1
1.026956202E0,4.967499733E0,-4.211367965E-1,8.705088615E0,1.003154911E1
1.029331723E0,-5.484349728E0,-2.249253243E-1,9.470791817E0,1.094644148E1
1.031707296E0,3.072384357E0,6.029912829E-1,1.224168110E1,1.263573901E1
1.034082817E0,-1.526620865E0,1.962114573E-1,7.393822193E0,7.552329232E0
1.036458390E0,-1.727617979E0,-1.043270707E0,1.162911797E1,1.180294295E1
1.038833911E0,3.895515203E0,-1.914258152E-1,8.848658562E0,9.670079673E0
1.041209432E0,-5.321637630E0,7.561319470E-1,1.078205872E1,1.204758701E1
1.043585005E0,4.378865242E0,-5.264210105E-1,9.150154114E0,1.015760307E1
1.045960525E0,-4.814359188E0,-1.196411327E-1,9.619147301E0,1.075733997E1
1.048336098E0,2.593819857E0,-2.871387079E-2,1.196889877E1,1.224676544E1
1.050711619E0,-8.374879360E-1,5.407779217E-1,7.733603001E0,7.797592075E0
1.053087192E0,-3.321237803E0,-8.470591903E-1,1.127498055E1,1.178445230E1
1.055462713E0,5.115854740E0,-5.072783828E-1,9.379864693E0,1.069631538E1
1.057838286E0,-5.154139996E0,1.435693540E-2,1.029870892E1,1.151645651E1
1.060213807E0,3.823730469E0,3.493520916E-1,9.882357597E0,1.060207306E1
1.062589380E0,-4.967499733E0,2.871387303E-1,8.681160927E0,1.000605103E1
1.064964900E0,1.933400750E0,-8.997012973E-1,1.210768223E1,1.229404205E1
1.067340473E0,1.004985452E0,9.571290575E-3,8.446663857E0,8.506245804E0
1.069715994E0,-4.110869408E0,-2.297109663E-1,1.125105190E1,1.198074219E1
1.072091515E0,4.685146809E0,-4.785645381E-2,8.657232285E0,9.843808292E0
1.074467088E0,-5.776273727E0,-2.727817893E-1,1.007378292E1,1.161554348E1
1.076842609E0,4.469792843E0,-2.584248483E-1,1.119362450E1,1.205583099E1
1.079218182E0,-3.349951744E0,5.455635786E-1,8.350951195E0,9.014333151E0
1.081593702E0,-8.231309652E-1,-3.589234054E-1,1.169133186E1,1.172576698E1
1.083969275E0,2.900100946E0,-5.312066078E-1,8.379665375E0,8.883217759E0
1.086344796E0,-4.225724697E0,-3.014956415E-1,1.145204926E1,1.221053156E1
1.088720317E0,5.015356064E0,1.244267747E-1,9.245866776E0,1.051928376E1
1.091095890E0,-6.288337708E0,4.354937077E-1,9.083154678E0,1.105606371E1
1.093471463E0,3.192025423E0,-6.652047038E-1,1.168654537E1,1.213288368E1
1.095846984E0,-6.364908218E-1,-4.307080805E-2,8.915657043E0,8.938451554E0
1.098222557E0,-2.005185366E0,-3.254238665E-1,1.166261768E1,1.183821440E1
1.100598077E0,3.972085476E0,1.100698411E-1,8.049455643E0,8.976820960E0
1.102973598E0,-6.163911343E0,-3.684946895E-1,1.046142101E1,1.214787722E1
1.105349171E0,5.819344521E0,-3.158525825E-1,1.094477081E1,1.239969926E1
1.107724692E0,-4.345366001E0,5.024927258E-1,8.695517540E0,9.733793192E0
1.110100265E0,7.465606928E-1,-1.148554832E-1,1.180618668E1,1.183032495E1
1.112475786E0,1.071984529E0,-3.206382394E-1,8.015955925E0,8.093670929E0
1.114851359E0,-3.550948858E0,-6.795616150E-1,1.169611740E1,1.224214867E1
1.117226880E0,5.670989513E0,-1.339980662E-1,9.432506561E0,1.100682777E1
1.119602400E0,-6.412764549E0,5.407779217E-1,9.394221306E0,1.138715873E1
1.121977973E0,3.302095175E0,-2.967100143E-1,1.106919765E1,1.155504245E1
1.124353494E0,-1.871187329E0,-3.828516304E-1,8.886942863E0,9.089866382E0
1.126729067E0,-8.566305041E-1,-4.211367965E-1,1.209811115E1,1.213571034E1
1.129104588E0,3.527020693E0,1.387837082E-1,7.992027760E0,8.736798246E0
1.131480161E0,-6.570691109E0,8.614161611E-2,1.057149029E1,1.244740169E1
1.133855682E0,5.331208706E0,-6.508477330E-1,1.020778179E1,1.153447867E1
1.136231255E0,-4.450650215E0,2.727817893E-1,9.288937569E0,1.030374002E1
1.138606775E0,1.210768223E0,-2.584248483E-1,1.194975662E1,1.201371826E1
1.140982348E0,3.158525825E-1,4.785645381E-2,7.714460373E0,7.721071942E0
1.143357869E0,-4.637290478E0,-7.465606928E-1,1.146162033E1,1.238670886E1
1.145733442E0,6.087340832E0,-3.349951804E-1,9.882357597E0,1.161158610E1
1.148108963E0,-6.417550564E0,4.881358147E-1,9.293723106E0,1.130471234E1
1.150484484E0,2.943171740E0,1.627119333E-1,1.111705399E1,1.150120100E1
1.152860057E0,-2.751745939E0,-2.249253243E-1,8.374878883E0,8.818236412E0
1.155235577E0,-1.268195987E0,-6.412764788E-1,1.200718403E1,1.209098941E1
1.157611150E0,4.082155228E0,-7.178468257E-2,8.480163574E0,9.411818028E0
1.159986671E0,-6.762116909E0,-4.785645287E-3,1.030827999E1,1.232829609E1
1.162362244E0,4.785645485E0,-1.435693651E-1,1.029392338E1,1.135287952E1
1.164737765E0,-4.426722050E0,2.392822653E-1,9.059226990E0,1.008576808E1
1.167113338E0,1.191625714E0,-4.019941986E-1,1.189711380E1,1.196339784E1
1.169488859E0,1.138983607E0,1.196411327E-1,7.791030407E0,7.874754121E0
1.171864432E0,-5.355136871E0,-5.503492355E-1,1.104526901E1,1.228732447E1
1.174239952E0,6.154339790E0,-3.780659735E-1,9.844072342E0,1.161570456E1
1.176615421E0,-5.967699528E0,8.518448472E-1,9.422935486E0,1.118618749E1
1.178991046E0,2.775674343E0,-1.004985496E-1,1.111705399E1,1.145876771E1
1.181366567E0,-1.732403636E0,-3.254238665E-1,7.977670670E0,8.170088883E0
1.183742140E0,-2.407179594E0,-4.594219327E-1,1.187318611E1,1.212345374E1
1.186117661E0,5.584847927E0,-1.722832322E-1,8.958727837E0,1.055836220E1
1.188493234E0,-6.690331936E0,5.168496966E-1,9.676574707E0,1.177555829E1
1.190868755E0,4.082155228E0,-4.019941986E-1,1.044227791E1,1.121903554E1
1.193244327E0,-3.450450182E0,0.000000000E0,8.791230202E0,9.444116418E0
1.195619848E0,6.412764788E-1,-2.871387079E-2,1.244746304E1,1.246400401E1
1.197995369E0,2.833101988E0,3.445664644E-1,7.379465103E0,7.912123491E0
1.200370942E0,-6.245266914E0,-5.599204898E-1,1.041835022E1,1.215972414E1
1.202746463E0,6.010770321E0,-2.009970993E-1,1.047577763E1,1.207939057E1
1.205122036E0,-4.737788677E0,1.225125194E0,9.126225471E0,1.035546062E1
1.207497557E0,1.631905079E0,-1.134197950E0,1.086820030E1,1.104840699E1
1.209873130E0,5.551348329E-1,-1.435693651E-1,8.575876236E0,8.595024145E0
1.212248650E0,-3.799802303E0,3.445664644E-1,1.168654537E1,1.229359859E1
1.214624223E0,5.895915031E0,-2.105683982E-1,8.585447311E0,1.041710414E1
1.216999744E0,-6.283552170E0,4.785645287E-3,9.480362892E0,1.137366833E1
1.219375317E0,4.091726780E0,-1.292124242E-1,1.170090294E1,1.239637259E1
1.221750838E0,-2.081755638E0,3.014956415E-1,7.858029366E0,8.134693090E0
1.224126359E0,-1.823330879E0,-3.828516304E-1,1.160040379E1,1.174906289E1
1.226501932E0,4.867001057E0,-2.488535494E-1,8.886942863E0,1.013545168E1
1.228877452E0,-5.905486107E0,-1.148554832E-1,1.004506969E1,1.165295598E1
1.231253025E0,4.881358147E0,-4.785645287E-3,1.052841949E1,1.160496865E1
1.233628546E0,-4.268795490E0,2.632105052E-1,8.585447311E0,9.591756890E0
1.236004119E0,1.225125194E0,-4.546363056E-1,1.198804188E1,1.205905361E1
1.238379640E0,2.062613010E0,-1.962114573E-1,8.121239662E0,8.381372502E0
1.240755213E0,-5.355136871E0,-3.972085714E-1,1.093519974E1,1.218252268E1
1.243130734E0,5.714060307E0,-3.684946895E-1,9.690931320E0,1.125612826E1
1.245506255E0,-5.513063431E0,5.647061467E-1,9.485149384E0,1.098548225E1
1.247881827E0,2.794816732E0,-2.632105052E-1,1.153819084E1,1.187476856E1
1.250257348E0,-9.762716293E-1,3.349951655E-2,7.795815945E0,7.856778905E0
1.252632921E0,-3.723232031E0,-8.566305041E-1,1.138983536E1,1.201351830E1
1.255008442E0,5.929414749E0,-4.259224236E-1,9.633503914E0,1.132006037E1
1.257384015E0,-6.412764549E0,7.561319470E-1,9.719645500E0,1.166905280E1
1.259759536E0,3.498306751E0,-7.657032460E-2,1.058106136E1,1.114463426E1
1.262135109E0,-3.450450182E0,-3.828516304E-1,8.504091263E0,9.185409628E0
1.264510630E0,-6.556333899E-1,-6.125625968E-1,1.220818138E1,1.224111027E1
1.266886202E0,3.967299938E0,-1.914258115E-2,8.221738815E0,9.128900503E0
1.269261723E0,-6.738188744E0,3.732803464E-1,1.029870892E1,1.231283603E1
1.271637244E0,4.546362877E0,-5.407779217E-1,9.982855797E0,1.098268028E1
1.274012817E0,-4.709074974E0,0.000000000E0,9.159725189E0,1.029931807E1
1.276388338E0,1.698904037E0,-2.297109663E-1,1.239003563E1,1.250807839E1
1.278763911E0,1.071984529E0,4.594219327E-1,7.570890903E0,7.660196369E0
1.281139432E0,-5.862415314E0,-5.647061467E-1,1.080598736E1,1.230675299E1
1.283515005E0,5.910272121E0,-5.359922647E-1,9.997213364E0,1.162595713E1
1.285890525E0,-5.584847927E0,6.939185858E-1,9.480362892E0,1.102494127E1
1.288266098E0,2.909672260E0,-6.699903309E-2,1.127976608E1,1.164919759E1
1.290641619E0,-1.502692580E0,1.818545163E-1,7.905886173E0,8.049483974E0
1.293017192E0,-3.416950703E0,-8.901300430E-1,1.130848026E1,1.184692405E1
1.295392713E0,6.005984783E0,-3.302095234E-1,9.786644936E0,1.148735438E1
1.297768286E0,-6.240481377E0,1.153340459E0,9.839286804E0,1.170834603E1
1.300143807E0,3.594019651E0,-5.120640397E-1,1.016471100E1,1.079354143E1
1.302519327E0,-3.024527788E0,-4.785645306E-1,8.834300995E0,9.349955423E0
1.304894900E0,1.052841991E-1,5.742774606E-1,1.271067429E1,1.272407640E1
1.307270421E0,3.751945972E0,-1.531406492E-1,7.484749317E0,8.373889358E0
1.309645994E0,-6.345765591E0,-8.901300430E-1,1.004506969E1,1.191488555E1
1.312021515E0,5.670989513E0,6.221339107E-1,1.119841003E1,1.256787810E1
1.314397088E0,-4.589433670E0,6.317051649E-1,8.350951195E0,9.549886841E0
1.316772609E0,1.718046665E0,-8.757730722E-1,1.143290615E1,1.159439545E1
1.319148182E0,1.531406522E0,-3.972085714E-1,8.456234932E0,8.602958201E0
1.321523702E0,-4.455435753E0,4.546363056E-1,1.153340530E1,1.237243064E1
1.323899223E0,5.766702652E0,-1.100698411E-1,8.934800148E0,1.063473688E1
1.326274796E0,-5.690132141E0,7.178468257E-2,9.303294182E0,1.090568840E1
1.328650317E0,3.617947817E0,-2.919243574E-1,1.187318611E1,1.241560770E1
1.331025890E0,-1.019342422E0,1.483550072E-1,7.848458290E0,7.915766906E0
1.333401411E0,-2.809173822E0,-3.876372576E-1,1.149512005E1,1.183974261E1
1.335776984E0,5.752345562E0,-3.493520916E-1,9.274580956E0,1.091922059E1
1.338152505E0,-5.929414749E0,3.972085714E-1,9.820143700E0,1.147828194E1
1.340528077E0,4.393222332E0,-1.483550072E-1,1.068634605E1,1.155510293E1
1.342903598E0,-3.488735437E0,1.627119333E-1,8.475378036E0,9.166776041E0
1.345279119E0,3.397808075E-1,-5.647061467E-1,1.201675510E1,1.203481397E1
1.347654692E0,3.488735437E0,1.244267747E-1,8.303094864E0,9.007116147E0
1.350030213E0,-5.977271080E0,3.062812984E-1,1.032742214E1,1.193638245E1
1.352405786E0,5.259424210E0,-5.024927258E-1,9.777072906E0,1.111328919E1
1.354781307E0,-4.627718925E0,1.722832322E-1,9.279366493E0,1.037073317E1
1.357156880E0,2.263610125E0,-3.349951804E-1,1.210289669E1,1.231731549E1
1.359532400E0,7.513462901E-1,3.110669553E-1,7.642675400E0,7.685816233E0
1.361907973E0,-5.063212872E0,-6.699903309E-2,1.103091240E1,1.213761269E1
1.364283494E0,6.159125328E0,-7.369893789E-1,9.662218094E0,1.148200491E1
1.366659067E0,-5.690132141E0,4.881358147E-1,9.432506561E0,1.102669762E1
1.369034588E0,3.158525944E0,-2.201396823E-1,1.151426220E1,1.194164903E1
1.371410109E0,-1.660618901E0,1.004985496E-1,7.824530125E0,7.999439153E0
1.373785682E0,-2.857030153E0,-5.790630579E-1,1.154297638E1,1.190538697E1
1.376161202E0,5.699703693E0,-3.158525825E-1,9.365508080E0,1.096809585E1
1.378536775E0,-6.407979012E0,5.886343718E-1,9.518648148E0,1.148970618E1
1.380912296E0,3.881158352E0,-2.632105052E-1,1.058584690E1,1.127797963E1
1.383287869E0,-3.230310678E0,-2.823530734E-1,8.681160927E0,9.266994409E0
1.385663390E0,-8.135596663E-2,-4.498506486E-1,1.228475189E1,1.229325479E1
1.388038963E0,3.684946775E0,4.307080805E-2,8.006384850E0,8.813789548E0
1.390414484E0,-6.546762943E0,2.919243574E-1,1.014078236E1,1.207397166E1
1.392790005E0,5.125426292E0,-7.609176040E-1,1.025085258E1,1.148603365E1
1.395165577E0,-4.153940201E0,1.292124242E-1,9.308079720E0,1.019373646E1
1.397541098E0,1.569691658E0,-4.163511395E-1,1.191147137E1,1.202166504E1
1.399916671E0,1.282552958E0,1.962114573E-1,7.704888821E0,7.813370128E0
1.402292192E0,-5.469992638E0,-3.684946895E-1,1.089691448E1,1.219833403E1
1.404667765E0,6.317051888E0,-7.226324677E-1,1.017906761E1,1.200169820E1
1.407043286E0,-5.335994720E0,5.455635786E-1,9.198010445E0,1.064771691E1
1.409418859E0,2.708675146E0,-3.493520916E-1,1.148076344E1,1.180113965E1
1.411794380E0,-7.752745152E-1,-2.919243574E-1,8.039883614E0,8.082450057E0
1.414169900E0,-3.053241730E0,-4.163511395E-1,1.161954689E1,1.202121056E1
1.416545473E0,6.168696880E0,-3.302095234E-1,9.360722542E0,1.121539059E1
1.418920994E0,-6.427121639E0,3.972085714E-1,9.298508644E0,1.131052299E1
1.421296567E0,3.847658873E0,-5.647061467E-1,1.115055370E1,1.180924298E1
1.423672088E0,-2.072184324E0,-3.254238665E-1,8.508877754E0,8.763609371E0
1.426047661E0,-7.465606928E-1,-2.536391914E-1,1.217468166E1,1.220018686E1
1.428423182E0,4.522434711E0,1.148554832E-1,8.231309891E0,9.392553967E0
1.430798755E0,-6.671189308E0,-3.541377485E-1,9.772287369E0,1.183755806E1
1.433174223E0,5.259424210E0,-5.934200287E-1,1.116012478E1,1.235160214E1
1.435549848E0,-2.866601467E0,6.891329288E-1,9.001798630E0,9.472311584E0
1.437925369E0,2.584248483E-1,-8.183453679E-1,1.141376400E1,1.144598101E1
1.440300890E0,2.636890650E0,-5.934200287E-1,8.288737297E0,8.718285704E0
1.442676463E0,-5.441278458E0,6.699903309E-2,1.112183952E1,1.238173310E1
1.445051984E0,6.321837425E0,-4.881358147E-1,1.004506969E1,1.187886064E1
1.447427557E0,-5.163711071E0,4.833501875E-1,8.944371223E0,1.033921254E1
1.449803077E0,1.875972986E0,-9.332008362E-1,1.171525955E1,1.190115309E1
1.452178650E0,9.044869542E-1,-3.828516304E-1,8.274380684E0,8.332469485E0
1.454554171E0,-3.704089403E0,1.435693651E-1,1.174397373E1,1.231510493E1
1.456929692E0,5.838487148E0,-4.019941986E-1,9.231510162E0,1.093024754E1
1.459305265E0,-6.278766632E0,-3.062812984E-1,8.977870941E0,1.095987615E1
1.461680786E0,3.622733593E0,-1.292124242E-1,1.236132145E1,1.288189282E1
1.464056359E0,-8.470591903E-1,2.057827413E-1,7.752745152E0,7.801596836E0
1.466431880E0,-2.646461725E0,-1.052842021E0,1.134197903E1,1.169413204E1
1.468807452E0,5.268995285E0,-7.178468108E-1,9.614361763E0,1.098697263E1
1.471182973E0,-6.216553211E0,1.201196909E0,1.009292603E1,1.191451063E1
1.473558546E0,4.244867325E0,-6.556333899E-1,1.044227791E1,1.129114351E1
1.475934067E0,-2.751745939E0,-6.221339107E-1,8.953942299E0,9.387877237E0
1.478309640E0,-2.153540403E-1,-2.297109663E-1,1.220339584E1,1.220745734E1
1.480685161E0,3.503092289E0,2.679961324E-1,7.771887779E0,8.529109987E0
1.483060682E0,-6.561119556E0,-6.652047038E-1,1.020299530E1,1.214874068E1
1.485436255E0,6.005984783E0,-6.843472719E-1,1.118405342E1,1.271311273E1
1.487811775E0,-4.244867325E0,1.148554921E0,8.853444099E0,9.885421055E0
1.490187348E0,5.503492355E-1,-8.997012973E-1,1.122712421E1,1.127655377E1
1.492562869E0,1.507478237E0,-7.944171429E-1,8.499305725E0,8.668436251E0
1.494938442E0,-3.914657831E0,8.374879360E-1,1.200718403E1,1.265695067E1
1.497313963E0,5.623133183E0,-7.704889178E-1,8.652446747E0,1.034785556E1
1.499689536E0,-6.331408501E0,-2.584248483E-1,9.193224907E0,1.116552288E1
1.502065057E0,3.445664644E0,4.402793646E-1,1.260060406E1,1.307064166E1
1.504440630E0,-8.949156404E-1,-8.135596663E-2,7.302894592E0,7.357972698E0
1.506816150E0,-2.675175667E0,-1.048056364E0,1.164826107E1,1.199737359E1
1.509191671E0,5.187639713E0,-3.780659735E-1,9.236295700E0,1.060017443E1
1.511567244E0,-6.283552170E0,1.316052437E0,1.015513897E1,1.201423611E1
1.513942765E0,4.364508629E0,-9.714859724E-1,1.022213840E1,1.115727718E1
1.516318338E0,-3.091526747E0,-3.349951804E-1,8.934800148E0,9.460465796E0
1.518693859E0,4.929214716E-1,1.579262912E-1,1.222253799E1,1.223349285E1
1.521069432E0,2.344966173E0,2.153540403E-1,7.398607731E0,7.764318391E0
1.523444952E0,-5.752345562E0,-8.805587292E-1,1.072463131E1,1.220174495E1
1.525820473E0,6.393621922E0,-1.483550072E-1,1.070548820E1,1.247028020E1
1.528196046E0,-5.168497086E0,1.091127157E0,8.800801277E0,1.026440567E1
1.530571567E0,1.708475351E0,-9.858429432E-1,1.122712421E1,1.139908297E1
1.532947140E0,-3.397808075E-1,-4.594219327E-1,8.465806961E0,8.485069653E0
1.535322661E0,-2.268395901E0,6.652047038E-1,1.215553856E1,1.238326431E1
1.537698234E0,4.890929699E0,-6.412764788E-1,8.001599312E0,9.399894701E0
1.540073755E0,-6.618547440E0,-4.067798555E-1,9.805787086E0,1.183740261E1
1.542449327E0,4.508078098E0,1.435693651E-1,1.149033451E1,1.234387166E1
1.544824848E0,-2.995813847E0,4.833501875E-1,8.456234932E0,8.984232701E0
1.547200421E0,-4.546363056E-1,-1.004985452E0,1.160997581E1,1.166225657E1
1.549575942E0,2.761317253E0,-6.173482537E-1,8.394021988E0,8.858080885E0
1.551951463E0,-5.130211830E0,8.853443861E-1,1.128455162E1,1.242755058E1
1.554327036E0,5.316852093E0,-8.662018180E-1,9.131011009E0,1.060163119E1
1.556702557E0,-5.584847927E0,-3.493520916E-1,9.312865257E0,1.086471502E1
1.559078077E0,3.081955671E0,1.962114573E-1,1.247617722E1,1.285270196E1
1.561453650E0,-1.167697430E0,6.699903309E-2,7.159325123E0,7.254236167E0
1.563829223E0,-3.144168854E0,-1.249053478E0,1.175833035E1,1.223536942E1
1.566204744E0,5.527420521E0,-4.450650215E-1,9.566504478E0,1.105750733E1
1.568580265E0,-5.785845280E0,9.332008362E-1,1.011685371E1,1.169177482E1
1.570955838E0,3.814159393E0,-9.571290612E-1,9.777072906E0,1.053826658E1
1.573331359E0,-4.082155228E0,-4.881358147E-1,8.997013092E0,9.891840701E0
1.575706932E0,1.756331801E0,4.977070987E-1,1.277288723E1,1.290267654E1
1.578082452E0,1.220339537E0,-5.072783828E-1,7.183253765E0,7.303813702E0
1.580458025E0,-4.938786030E0,-9.954141974E-1,1.127498055E1,1.234939849E1
1.582833546E0,5.728417397E0,1.483550072E-1,1.003549862E1,1.155629731E1
1.585209119E0,-5.666203976E0,5.742774606E-1,9.293723106E0,1.089995189E1
1.587584640E0,3.330809116E0,-7.896314859E-1,1.105962658E1,1.157726856E1
1.589960213E0,-2.163111687E0,-5.455635786E-1,8.398807526E0,8.690032200E0
1.592335734E0,-1.229910851E0,6.317051649E-1,1.237089348E1,1.244792101E1
1.594711255E0,3.546163082E0,-4.689932466E-1,7.867600918E0,8.642590553E0
1.597086827E0,-5.536991596E0,-7.992027402E-1,1.059063339E1,1.197741694E1
1.599462348E0,5.264209747E0,1.435693651E-1,1.040399265E1,1.166085672E1
1.601837921E0,-5.331208706E0,1.143769264E0,8.786444664E0,1.034077387E1
1.604213442E0,1.933400750E0,-7.848458290E-1,1.146162033E1,1.165001125E1
1.606589015E0,3.828516230E-2,-4.450650215E-1,8.585447311E0,8.597060786E0
1.608964536E0,-2.182254314E0,4.833501875E-1,1.167218876E1,1.188426909E1
1.611340109E0,3.785445452E0,9.092725813E-2,7.733603001E0,8.610835059E0
1.613715630E0,-6.135197163E0,-5.407779217E-1,1.038485050E1,1.207386454E1
1.616091202E0,5.623133183E0,4.450650215E-1,1.125105190E1,1.258586026E1
1.618466723E0,-4.120440483E0,7.752745152E-1,7.905886173E0,8.948861186E0
1.620842244E0,2.105683982E-1,-6.652047038E-1,1.173440266E1,1.175512833E1
1.623217817E0,1.517049551E0,-3.349951804E-1,8.446663857E0,8.588352078E0
1.625593338E0,-3.048455954E0,7.944171429E-1,1.177747345E1,1.219151603E1
1.627968911E0,4.790431023E0,-3.445664644E-1,8.049455643E0,9.373403415E0
1.630344432E0,-6.120840549E0,-4.163511395E-1,9.781859398E0,1.154654973E1
1.632720005E0,4.436293125E0,8.327022791E-1,1.171047401E1,1.255027057E1
1.635095525E0,-2.967100143E0,4.498506486E-1,7.858029366E0,8.411579779E0
1.637470734E0,-5.264209956E-2,-9.092726111E-1,1.162433243E1,1.165995936E1
1.639846567E0,2.440679073E0,-1.722832322E-1,8.456234932E0,8.803096335E0
1.642222140E0,-4.364508629E0,8.183453679E-1,1.127019501E1,1.211346029E1
1.644597713E0,5.264209747E0,-4.163511395E-1,8.858229637E0,1.031278259E1
1.646973234E0,-5.584847927E0,-3.637090325E-1,9.365508080E0,1.091034153E1
1.649348807E0,3.828516245E0,5.312066078E-1,1.203111267E1,1.263674757E1
1.651724327E0,-2.502892494E0,4.977070987E-1,7.613961697E0,8.030230128E0
1.654099848E0,-1.057627559E0,-9.284151793E-1,1.189711380E1,1.198006042E1
1.656475421E0,3.675375462E0,-5.072783828E-1,9.030512810E0,9.762985084E0
1.658850942E0,-4.206582069E0,7.896314859E-1,1.099741268E1,1.180092947E1
1.661226515E0,4.211368084E0,-5.647061467E-1,8.571090698E0,9.566509809E0
1.663602036E0,-5.532206059E0,-4.163511395E-1,9.619147301E0,1.110435261E1
1.665977609E0,4.326223373E0,5.072783828E-1,1.240439224E1,1.314695733E1
1.668353077E0,-2.210968018E0,1.004985496E-1,7.307680130E0,7.635487438E0
1.670728702E0,-1.909472466E0,-8.566305041E-1,1.179661560E1,1.198081969E1
1.673104223E0,3.637090445E0,-3.158525825E-1,8.709874153E0,9.444050906E0
1.675479796E0,-4.345366001E0,4.642075896E-1,1.122233772E1,1.204319552E1
1.677855317E0,4.450650215E0,-3.972085714E-1,8.973084450E0,1.002408632E1
1.680230838E0,-5.560919762E0,-4.689932466E-1,9.265008926E0,1.081592223E1
1.682606411E0,3.206382275E0,5.407779217E-1,1.223210907E1,1.265692776E1
1.684981932E0,-1.603191137E0,5.264209956E-2,7.685746193E0,7.851349410E0
1.687357505E0,-1.497906923E0,-9.762716293E-1,1.162911797E1,1.176576458E1
1.689733025E0,3.211168051E0,-2.871387303E-1,8.652446747E0,9.233573718E0
1.692108598E0,-4.867001057E0,7.369893789E-1,1.100698376E1,1.205755133E1
1.694484119E0,4.771288395E0,-5.264210105E-1,9.159725189E0,1.034131895E1
1.696859692E0,-5.302495003E0,-3.589234054E-1,9.298508644E0,1.071016070E1
1.699235213E0,3.172882795E0,3.158525825E-1,1.195932770E1,1.237709445E1
1.701610734E0,-2.043470621E0,5.168496966E-1,7.685746193E0,7.969542040E0
1.703986307E0,-1.579262972E0,-8.279166222E-1,1.166740322E1,1.180287318E1
1.706361827E0,3.675375462E0,-5.407779217E-1,9.001798630E0,9.738234137E0
1.708737400E0,-4.192225456E0,5.312066078E-1,1.072941685E1,1.153157928E1
1.711112921E0,3.751945972E0,-4.307080805E-2,8.786444664E0,9.554086220E0
1.713488494E0,-5.603990555E0,-4.594219327E-1,9.336793900E0,1.089915130E1
1.715864015E0,4.197010994E0,4.019941986E-1,1.237567902E1,1.307417040E1
1.718239588E0,-2.167897224E0,3.110669553E-1,7.412964344E0,7.729720654E0
1.720615109E0,-1.895115495E0,-6.317051649E-1,1.171525955E1,1.188435192E1
1.722990630E0,3.330809116E0,-3.972085714E-1,8.528019905E0,9.164015906E0
1.725366202E0,-3.823730469E0,6.699903607E-1,1.141376400E1,1.205586208E1
1.727741723E0,4.321437836E0,-5.168496966E-1,8.662017822E0,9.693941991E0
1.730117296E0,-5.584847927E0,-2.201396823E-1,9.403793335E0,1.093939290E1
1.732492817E0,3.617947817E0,5.742774606E-1,1.193539906E1,1.248491456E1
1.734868390E0,-1.871187329E0,2.632105052E-1,7.733603001E0,7.961107785E0
1.737243911E0,-7.034898400E-1,-8.757730722E-1,1.177268696E1,1.182615891E1
1.739619432E0,2.679961443E0,-1.962114573E-1,8.398807526E0,8.818200504E0
1.741995005E0,-4.015156269E0,5.503492355E-1,1.115055370E1,1.186419875E1
1.744370525E0,4.871787071E0,-3.828516304E-1,9.059226990E0,1.029322487E1
1.746746098E0,-5.235496044E0,-4.163511395E-1,9.509077072E0,1.086307111E1
1.749121619E0,3.938585997E0,8.135596663E-2,1.162911797E1,1.227825163E1
1.751497192E0,-2.689532757E0,6.604190469E-1,8.102097511E0,8.562343362E0
1.753872713E0,-3.732803464E-1,-6.412764788E-1,1.169611740E1,1.171963037E1
1.756248234E0,2.713460922E0,-8.805587292E-1,8.685946465E0,9.142424177E0
1.758623807E0,-3.101098061E0,1.866401732E-1,1.132762241E1,1.174592156E1
1.760999380E0,3.761517286E0,-2.344966233E-1,8.355736732E0,9.166369909E0
1.763374900E0,-5.714060307E0,7.178468257E-2,1.011685371E1,1.161922404E1
1.765750421E0,4.632504463E0,-4.259224236E-1,1.129890823E1,1.221911759E1
1.768125994E0,-2.933600664E0,2.775674164E-1,8.346165657E0,8.851075511E0
1.770501515E0,-6.364908218E-1,-2.919243574E-1,1.185404301E1,1.187470741E1
1.772877088E0,1.947757602E0,-4.307080805E-1,8.178668022E0,8.418425016E0
1.775252609E0,-3.656233072E0,-6.412764788E-1,1.147597694E1,1.206139804E1
1.777628182E0,4.814359188E0,-1.292124242E-1,9.422935486E0,1.058236568E1
1.780003650E0,-6.096911907E0,2.057827413E-1,9.164510727E0,1.100922060E1
1.782379275E0,3.239881754E0,-3.014956415E-1,1.135633659E1,1.181330243E1
1.784754796E0,-2.282752752E0,-2.057827413E-1,8.685946465E0,8.983260691E0
1.787130317E0,-3.254238665E-1,-5.455635786E-1,1.195454216E1,1.197140838E1
1.789505890E0,2.053041935E0,1.674975902E-1,8.130811691E0,8.387677592E0
1.791881411E0,-5.446064472E0,-5.886343718E-1,1.092562866E1,1.222192580E1
1.794256984E0,5.589633465E0,-6.221339107E-1,9.901499748E0,1.138730654E1
1.796632505E0,-5.302495003E0,4.689932466E-1,9.576076508E0,1.095616946E1
1.799008077E0,2.330609322E0,1.914258115E-2,1.120798111E1,1.144774855E1
1.801383598E0,-2.297109842E0,-3.589234054E-1,8.001599312E0,8.332534500E0
1.803759119E0,-1.378265858E0,-7.752745152E-1,1.201675510E1,1.212035769E1
1.806134692E0,4.024727821E0,1.866401732E-1,9.006584167E0,9.866702943E0
1.808510213E0,-5.747560024E0,-2.249253243E-1,1.012642574E1,1.164600944E1
1.810885786E0,4.412364960E0,-3.445664644E-1,9.757930756E0,1.071470500E1
1.813261307E0,-5.101497650E0,3.349951655E-2,9.293723106E0,1.060187199E1
1.815636880E0,2.641676188E0,-2.967100143E-1,1.214596748E1,1.243346356E1
1.818012400E0,-5.359922647E-1,2.632105052E-1,8.111668587E0,8.133617568E0
1.820387921E0,-3.632304668E0,-1.962114573E-1,1.127019501E1,1.184269529E1
1.822763494E0,4.910071850E0,-6.029912829E-1,8.518448830E0,9.850704265E0
1.825139015E0,-5.398207664E0,-7.178468257E-2,1.079162979E1,1.206669269E1
1.827514588E0,4.455435753E0,-6.699903309E-2,1.038485050E1,1.130046533E1
1.829890109E0,-4.450650215E0,5.886343718E-1,8.355736732E0,9.485415864E0
1.832265682E0,1.818545163E-1,-5.934200287E-1,1.194497108E1,1.196108493E1
1.834641202E0,2.574677229E0,-4.259224236E-1,8.508877754E0,8.900077156E0
1.837016775E0,-3.924229145E0,-2.632105052E-1,1.130369377E1,1.196838949E1
1.839392296E0,4.967499733E0,2.632105052E-1,8.810373306E0,1.011770780E1
1.841767817E0,-6.484549522E0,3.541377485E-1,9.241081238E0,1.129479431E1
1.844143390E0,4.244867325E0,-7.178468108E-1,1.169133186E1,1.245878980E1
1.846518911E0,-1.320838094E0,1.052841991E-1,8.681160927E0,8.781699896E0
1.848894484E0,-1.521835208E0,-1.866401732E-1,1.160040379E1,1.170128988E1
1.851270005E0,3.780659676E0,1.914258115E-2,8.015955925E0,8.862804489E0
1.853645577E0,-5.618347645E0,-3.780659735E-1,1.074377346E1,1.213002194E1
1.856021098E0,6.125626087E0,-3.302095234E-1,1.049491978E1,1.215630184E1
1.858396671E0,-4.785645485E0,4.689932466E-1,8.681160927E0,9.923956490E0
1.860772192E0,1.296909928E0,-1.292124242E-1,1.181097221E1,1.188266535E1
1.863147713E0,1.167697430E0,-5.647061467E-1,8.102097511E0,8.205266260E0
1.865523286E0,-3.105883837E0,-3.397808075E-1,1.182054424E1,1.222649711E1
1.867898807E0,5.747560024E0,-7.178468257E-2,8.953942299E0,1.064014483E1
1.870274380E0,-6.599404812E0,3.828516304E-1,9.154939651E0,1.129210517E1
1.872649900E0,4.067798615E0,-4.067798555E-1,1.154297638E1,1.224551996E1
1.875025473E0,-1.493121386E0,-1.627119333E-1,8.757730484E0,8.885591138E0
1.877400994E0,-1.009771109E0,-3.302095234E-1,1.164347458E1,1.169184230E1
1.879776567E0,3.732803345E0,0.000000000E0,8.063812256E0,8.885881437E0
1.882152088E0,-6.192625046E0,-2.775674164E-1,1.049970531E1,1.219300867E1
1.884527557E0,6.163911343E0,-6.317051649E-1,1.066720295E1,1.233620984E1
1.886903182E0,-4.326223373E0,4.881358147E-1,8.839086533E0,9.853118084E0
1.889278702E0,1.076770186E0,9.571290575E-3,1.163390350E1,1.168363113E1
1.891654275E0,8.662018180E-1,-4.689932466E-1,7.671389580E0,7.734369938E0
1.894029796E0,-3.881158352E0,-6.029912829E-1,1.157647610E1,1.222463854E1
1.896405369E0,6.364908218E0,-2.536391914E-1,9.643074989E0,1.155704481E1
1.898780890E0,-6.460621357E0,6.939185858E-1,8.925228119E0,1.103996596E1
1.901156411E0,2.933600664E0,-2.344966233E-1,1.117926693E1,1.156014752E1
1.903531984E0,-1.617548108E0,-4.402793646E-1,8.422736168E0,8.587944594E0
1.905907505E0,-1.143769264E0,-3.684946895E-1,1.209332561E1,1.215288118E1
1.908283077E0,4.311866283E0,4.307080805E-2,8.044670105E0,9.127472982E0
1.910658598E0,-6.953542709E0,3.924229145E-1,1.001635551E1,1.219971843E1
1.913034171E0,4.962714195E0,-4.354937077E-1,1.049970531E1,1.162161773E1
1.915409692E0,-3.742374659E0,2.297109663E-1,9.068798065E0,9.813319192E0
1.917785213E0,7.896314859E-1,-2.009970993E-1,1.174397373E1,1.177220611E1
1.920160786E0,1.526620865E0,-1.435693540E-2,7.551748276E0,7.704523308E0
1.922536307E0,-5.546562672E0,-2.679961324E-1,1.115055370E1,1.245676633E1
1.924911880E0,6.460621357E0,-3.397808075E-1,9.863214493E0,1.179568054E1
1.927287400E0,-5.867201328E0,6.795616150E-1,9.040083885E0,1.079856343E1
1.929662973E0,2.483749866E0,9.571290761E-2,1.131805134E1,1.158777202E1
1.932038494E0,-1.277767301E0,-4.498506486E-1,7.843672752E0,7.959790018E0
1.934414067E0,-2.507678032E0,-4.211367965E-1,1.189711380E1,1.216581777E1
1.936789536E0,5.618347645E0,-1.244267747E-1,9.083154678E0,1.068105852E1
1.939165109E0,-6.766902447E0,7.226324677E-1,9.437292099E0,1.163510415E1
1.941540682E0,3.952943087E0,-6.699903309E-2,1.069113159E1,1.139870794E1
1.943916202E0,-3.053241730E0,-4.115654826E-1,8.551948547E0,9.089966731E0
1.946291775E0,3.349951804E-1,-4.642075896E-1,1.237567902E1,1.238891204E1
1.948667296E0,3.383451223E0,3.349951655E-2,7.915457249E0,8.608328982E0
1.951042869E0,-6.489335060E0,3.158525825E-1,1.037049294E1,1.223757967E1
1.953418390E0,5.594419479E0,-7.130611539E-1,1.032263660E1,1.176277229E1
1.955793911E0,-4.259224415E0,3.302095234E-1,9.332008362E0,1.026335282E1
1.958169484E0,1.875972986E0,-3.206382394E-1,1.165783215E1,1.181216042E1
1.960545057E0,7.465606928E-1,-1.483550072E-1,7.604390144E0,7.642389125E0
1.962920577E0,-4.809573650E0,-3.302095234E-1,1.133240795E1,1.231521445E1
1.965296098E0,6.766902447E0,-4.163511395E-1,1.009771156E1,1.216256946E1
1.967671671E0,-5.833701611E0,5.982056856E-1,8.944371223E0,1.069540561E1
1.970047192E0,2.823530674E0,-2.440679073E-1,1.138983536E1,1.173713100E1
1.972422765E0,-1.225125194E0,-3.684946895E-1,8.087740898E0,8.188300978E0
1.974798286E0,-1.966900229E0,-4.785645306E-1,1.220818138E1,1.237487023E1
1.977173807E0,5.647061348E0,-2.201396823E-1,8.872586250E0,1.051953184E1
1.979549380E0,-6.728617191E0,6.460621357E-1,9.600004196E0,1.174102918E1
1.981924900E0,4.168296814E0,-3.349951804E-1,1.083470058E1,1.161368403E1
1.984300473E0,-2.871387243E0,-2.632105052E-1,8.709874153E0,9.174750800E0
1.986675994E0,3.589234054E-1,-4.546363056E-1,1.210768223E1,1.212152998E1
1.989051567E0,3.153740168E0,-1.914258115E-2,7.992027760E0,8.591795574E0
1.991427088E0,-6.565905571E0,5.264209956E-2,1.038963604E1,1.229058274E1
1.993802609E0,5.685346603E0,-6.508477330E-1,1.070548820E1,1.213895574E1
1.996178182E0,-4.211368084E0,4.402793646E-1,9.083154678E0,1.002163489E1
1.998553702E0,1.421336651E0,-2.392822653E-1,1.163390350E1,1.172284797E1
2.000929275E0,7.226324677E-1,3.349951655E-2,7.690532207E0,7.724480923E0
2.003304796E0,-4.900500774E0,-5.168496966E-1,1.118405342E1,1.222150123E1
2.005680369E0,6.561119556E0,-5.168496966E-1,1.022692394E1,1.216163627E1
2.008055890E0,-5.982056618E0,5.982056856E-1,9.078369141E0,1.088850943E1
2.010431463E0,2.689532757E0,-2.009970993E-1,1.129412270E1,1.161168350E1
2.012806932E0,-1.421336651E0,-4.689932466E-1,8.130811691E0,8.267421079E0
2.015182505E0,-2.172683001E0,-3.876372576E-1,1.216032505E1,1.235897728E1
2.017558077E0,5.517848969E0,-1.339980662E-1,8.767302513E0,1.036002925E1
2.019933598E0,-6.900900364E0,7.704889178E-1,9.446864128E0,1.172430471E1
2.022309171E0,3.986442566E0,-4.737788737E-1,1.099262714E1,1.170273653E1
2.024684692E0,-2.574677229E0,-6.221338734E-2,8.748159409E0,9.119381908E0
2.027060265E0,-1.483550072E-1,-4.019941986E-1,1.191625690E1,1.192395854E1
2.029435786E0,3.412165165E0,-1.100698411E-1,8.035098076E0,8.730279925E0
2.031811307E0,-6.565905571E0,2.201396823E-1,1.037527943E1,1.228030947E1
2.034186880E0,5.809773445E0,-5.647061467E-1,1.071506023E1,1.220183906E1
2.036562400E0,-4.220939159E0,5.455635786E-1,8.796015739E0,9.771584308E0
2.038937973E0,1.182054400E0,-6.699903309E-2,1.159083271E1,1.165114348E1
2.041313494E0,1.249053478E0,-3.732803464E-1,7.618747234E0,7.729474900E0
2.043689067E0,-4.924428940E0,-1.387837082E-1,1.126540947E1,1.229547526E1
2.046064588E0,6.384050846E0,-3.828516304E-1,1.022213840E1,1.205797637E1
2.048440161E0,-5.824130535E0,8.757730722E-1,8.805587769E0,1.059367032E1
2.050815682E0,2.383251429E0,-2.775674164E-1,1.148076344E1,1.172880472E1
2.053191202E0,-6.221339107E-1,-5.024927258E-1,7.939385414E0,7.979560783E0
2.055566775E0,-2.679961443E0,-4.019941986E-1,1.183490086E1,1.214119726E1
2.057942296E0,5.723631859E0,-2.057827413E-1,9.202795982E0,1.083945396E1
2.060317869E0,-6.853044033E0,8.470591903E-1,9.164510727E0,1.147475397E1
2.062693390E0,3.646661758E0,-4.929214716E-1,1.129412270E1,1.187848143E1
2.065068963E0,-1.732403636E0,-2.823530734E-1,8.551948547E0,8.730221622E0
2.067444484E0,-1.138983607E0,-4.642075896E-1,1.179183006E1,1.185580147E1
2.069820005E0,4.268795490E0,-8.135596663E-2,8.389236450E0,9.413209970E0
2.072195577E0,-7.001399040E0,3.828516304E-1,9.757930756E0,1.201596340E1
2.074571098E0,5.240281582E0,-7.752745152E-1,1.125583744E1,1.244007549E1
2.076946671E0,-3.292523861E0,2.249253243E-1,8.776873589E0,9.376823277E0
2.079322192E0,-1.435693540E-2,-2.344966233E-1,1.152383423E1,1.152622879E1
2.081697765E0,2.464607239E0,-3.541377485E-1,8.001599312E0,8.380053337E0
2.084073286E0,-5.915057659E0,-1.722832322E-1,1.077727318E1,1.229500735E1
2.086448859E0,6.029912949E0,-4.642075896E-1,1.064327526E1,1.224151327E1
2.088824380E0,-4.981856823E0,4.450650215E-1,8.470592499E0,9.837068545E0
2.091199900E0,9.714859724E-1,-7.274180651E-1,1.168175983E1,1.174463430E1
2.093575473E0,1.320838094E0,-1.818545163E-1,8.350951195E0,8.456717460E0
2.095950994E0,-4.335794449E0,-1.196411327E-1,1.109312534E1,1.191095535E1
2.098326567E0,5.513063431E0,-4.307080805E-1,9.504291534E0,1.099595086E1
2.100702088E0,-6.235695839E0,3.062812984E-1,9.044869423E0,1.099033092E1
2.103077661E0,2.852244616E0,-7.800601721E-1,1.198325539E1,1.234269836E1
2.105453182E0,1.435693651E-1,-4.785645287E-3,8.398807526E0,8.400035888E0
2.107828755E0,-3.565305710E0,-1.244267747E-1,1.113141060E1,1.168910556E1
2.110204275E0,4.914857864E0,-4.689932466E-1,9.016156197E0,1.027943846E1
2.112579796E0,-6.608976364E0,3.254238665E-1,9.576076508E0,1.163983293E1
2.114955369E0,4.694717884E0,-7.369893789E-1,1.190190029E1,1.281556709E1
2.117330890E0,-1.789831281E0,1.914258152E-1,8.049455643E0,8.248265030E0
2.119706463E0,-2.569891453E0,-5.742774606E-1,1.146640587E1,1.176488845E1
2.122081984E0,4.728217602E0,-4.929214716E-1,9.083154678E0,1.025196138E1
2.124457557E0,-6.020341873E0,2.775674164E-1,1.009771156E1,1.175947868E1
2.126833077E0,5.144568920E0,-4.689932466E-1,1.101177025E1,1.216329018E1
2.129208598E0,-3.651447296E0,1.818545163E-1,8.130811691E0,8.914944598E0
2.131584171E0,-9.140582681E-1,-7.513462901E-1,1.198804188E1,1.204629287E1
2.133959692E0,3.991228104E0,-4.067798555E-1,9.059226990E0,9.907823438E0
2.136335265E0,-5.278566837E0,4.211367965E-1,1.026520920E1,1.155054734E1
2.138710786E0,4.886143684E0,-2.679961324E-1,1.007856941E1,1.120373971E1
2.141086359E0,-4.967499733E0,-1.004985496E-1,8.719446182E0,1.003568111E1
2.143461880E0,1.502692580E0,-7.657032609E-1,1.233739376E1,1.245213521E1
2.145837452E0,2.646461725E0,-5.264209956E-2,8.528019905E0,8.929370322E0
2.148212973E0,-5.230710506E0,1.818545163E-1,1.047577763E1,1.171047908E1
2.150588494E0,4.986642361E0,-4.163511395E-1,9.633503914E0,1.085561366E1
2.152964067E0,-5.642275810E0,2.584248483E-1,9.332008362E0,1.090818224E1
2.155339588E0,3.498306751E0,-6.747759581E-1,1.225125217E1,1.275878727E1
2.157715161E0,1.435693651E-1,1.722832322E-1,7.700103283E0,7.703368370E0
2.160090682E0,-4.536791801E0,-2.775674164E-1,1.110748291E1,1.200148741E1
2.162466255E0,5.369493961E0,-4.737788737E-1,9.777072906E0,1.116454596E1
2.164841775E0,-5.709274769E0,5.216353536E-1,9.528220177E0,1.112002255E1
2.167217244E0,4.029513359E0,-4.115654826E-1,1.145683479E1,1.215176644E1
2.169592869E0,-1.976471543E0,2.775674164E-1,7.733603001E0,7.986995606E0
2.171968390E0,-3.244667530E0,-6.317051649E-1,1.162433243E1,1.208519852E1
2.174343963E0,5.580062389E0,-3.780659735E-1,9.743574142E0,1.123464584E1
2.176719484E0,-5.919843197E0,8.997012973E-1,9.504291534E0,1.123323477E1
2.179095005E0,3.833301783E0,-4.211367965E-1,1.070548820E1,1.137888555E1
2.181470577E0,-3.378665686E0,-8.614161611E-2,8.384450912E0,9.040012129E0
2.183846098E0,-8.087740541E-1,-5.647061467E-1,1.214596748E1,1.218595645E1
2.186221671E0,4.536791801E0,-1.722832322E-1,8.815158844E0,9.915603199E0
2.188597192E0,-6.474977970E0,5.120640397E-1,9.700503349E0,1.167421580E1
2.190972765E0,4.407579422E0,-6.364908218E-1,1.051406288E1,1.141829213E1
2.193348286E0,-4.326223373E0,2.105683982E-1,8.958727837E0,9.950846807E0
2.195723859E0,1.469193101E0,-2.153540403E-1,1.202632618E1,1.211764941E1
2.198099380E0,2.143969059E0,1.627119333E-1,7.709674358E0,8.003883883E0
2.200474900E0,-6.192625046E0,-3.972085714E-1,1.047577763E1,1.217572571E1
2.202850473E0,5.584847927E0,-2.584248483E-1,1.041835022E1,1.182367672E1
2.205225994E0,-4.680361271E0,8.279166222E-1,9.035298347E0,1.020920388E1
2.207601567E0,1.818545222E0,-6.460621357E-1,1.129412270E1,1.145782311E1
2.209977088E0,4.929214716E-1,-1.627119333E-1,7.925028801E0,7.942010340E0
2.212352661E0,-4.766502857E0,9.571290575E-3,1.134197903E1,1.230285046E1
2.214728182E0,6.297909260E0,-4.594219327E-1,9.844072342E0,1.169531914E1
2.217103755E0,-5.857629776E0,8.279166222E-1,8.877371788E0,1.066794274E1
2.219479275E0,2.804388046E0,-7.322037220E-1,1.145204926E1,1.181313450E1
2.221854796E0,-9.332008362E-1,1.579262912E-1,8.073383331E0,8.128672888E0
2.224230369E0,-2.775674343E0,-3.062812984E-1,1.148554897E1,1.182015277E1
2.226605890E0,5.800201893E0,-1.579262912E-1,9.403793335E0,1.104982406E1
2.228981463E0,-6.431907177E0,5.694918036E-1,9.006584167E0,1.108207152E1
2.231356984E0,3.828516245E0,-7.657032609E-1,1.121755219E1,1.187759720E1
2.233732557E0,-1.942971945E0,-9.571290575E-3,8.614161491E0,8.830572450E0
2.236108077E0,-9.379864931E-1,-9.571290761E-2,1.166740322E1,1.170543795E1
2.238483598E0,4.407579422E0,-4.785645287E-3,8.389236450E0,9.476606327E0
2.240859171E0,-6.608976364E0,-4.785645287E-3,9.705288887E0,1.174185777E1
2.243234692E0,5.082355499E0,-5.264210105E-1,1.135155106E1,1.244850063E1
2.245610265E0,-2.574677229E0,2.967100143E-1,8.599804878E0,8.981850790E0
2.247985786E0,-2.249253243E-1,-2.536391914E-1,1.141376400E1,1.141879735E1
2.250361359E0,3.278167009E0,-4.546363056E-1,8.202595711E0,8.845091831E0
2.252736880E0,-6.183053493E0,2.871387079E-2,1.029392338E1,1.200815696E1
2.255112400E0,6.221338749E0,-2.536391914E-1,1.123190975E1,1.284232009E1
2.257487973E0,-4.019941807E0,7.704889178E-1,8.178668022E0,9.145720088E0
2.259863494E0,4.450650215E-1,-1.210768223E0,1.147119141E1,1.154349491E1
2.262239067E0,2.392822742E0,-1.435693651E-1,8.542376518E0,8.872339569E0
2.264614588E0,-4.809573650E0,9.188438654E-1,1.105005455E1,1.208635505E1
2.266990109E0,5.618347645E0,-1.229910851E0,9.422935486E0,1.103948478E1
2.269365682E0,-5.345565796E0,2.679961324E-1,9.188439369E0,1.063364066E1
2.271741202E0,2.459821701E0,1.292124242E-1,1.204546928E1,1.229474477E1
2.274116775E0,6.795616150E-1,4.785645381E-2,7.590033531E0,7.620544812E0
2.276492296E0,-4.484149456E0,-8.039883971E-1,1.116491032E1,1.205857438E1
2.278867869E0,5.785845280E0,-2.057827413E-1,9.848857880E0,1.142446295E1
2.281243390E0,-6.154339790E0,9.044869542E-1,8.939585686E0,1.089083042E1
2.283618963E0,2.904886723E0,-4.642075896E-1,1.152861977E1,1.189802207E1
2.285994484E0,-6.604190469E-1,-4.785645381E-2,8.236095428E0,8.262669754E0
2.288370005E0,-3.378665686E0,-6.029912829E-1,1.119362450E1,1.170795497E1
2.290745577E0,5.187639713E0,1.435693540E-2,9.245866776E0,1.060178590E1
2.293121098E0,-6.790830612E0,7.800601721E-1,9.260223389E0,1.150980502E1
2.295496671E0,4.201796532E0,-4.163511395E-1,1.153340530E1,1.228201450E1
2.297872192E0,-2.416750908E0,1.770688742E-1,8.068597794E0,8.424625137E0
2.300247765E0,-2.258824587E0,-5.647061467E-1,1.148076344E1,1.171448294E1
2.302623286E0,4.503292084E0,-1.052841991E-1,9.035298347E0,1.009590712E1
2.304998859E0,-6.221338749E0,6.699903607E-1,9.887143135E0,1.170083511E1
2.307374380E0,4.618147850E0,-2.105683982E-1,1.090170002E1,1.184139738E1
2.309749900E0,-3.909872293E0,2.153540403E-1,8.039883614E0,8.942774023E0
2.312125473E0,-7.322037220E-1,-6.699903607E-1,1.177268696E1,1.181444741E1
2.314500994E0,3.818944931E0,-2.201396823E-1,9.030512810E0,9.807291342E0
2.316876567E0,-5.637490273E0,7.417750359E-1,1.012642574E1,1.161361378E1
2.319252088E0,4.460221291E0,-2.632105052E-1,9.911071777E0,1.087162350E1
2.321627609E0,-4.876572609E0,-4.785645287E-3,8.762516975E0,1.002809489E1
2.324003182E0,1.545763373E0,-4.450650215E-1,1.242832088E1,1.253198417E1
2.326378702E0,2.287538528E0,4.067798555E-1,7.910671711E0,8.244818330E0
2.328754275E0,-5.685346603E0,-5.982056856E-1,1.028913784E1,1.177061483E1
2.331129744E0,5.426921844E0,-2.632105052E-1,1.032263660E1,1.166522983E1
2.333505369E0,-5.340780258E0,6.029912829E-1,8.982656479E0,1.046783883E1
2.335880890E0,3.148954630E0,-4.642075896E-1,1.187797165E1,1.229705715E1
2.338256463E0,-1.292124242E-1,-6.221338734E-2,7.719245911E0,7.720577944E0
2.340631984E0,-4.369294167E0,-6.173482537E-1,1.125583744E1,1.208990186E1
2.343007505E0,5.910272121E0,-3.732803464E-1,1.004506969E1,1.166079242E1
2.345383077E0,-5.326423168E0,9.044869542E-1,9.360722542E0,1.080796035E1
2.347758598E0,3.436093330E0,-6.317051649E-1,1.129890823E1,1.182671197E1
2.350134171E0,-1.363908887E0,-2.871387303E-1,7.968099594E0,8.089085687E0
2.352509692E0,-2.857030153E0,-3.541377485E-1,1.168654537E1,1.203592030E1
2.354885265E0,6.029912949E0,-5.072783828E-1,9.571290970E0,1.132372696E1
2.357260786E0,-6.063412666E0,5.551348329E-1,9.394221306E0,1.119484443E1
2.359636307E0,3.890729666E0,-8.374879360E-1,1.097348499E1,1.167289751E1
2.362011880E0,-2.541177750E0,1.435693540E-2,8.575876236E0,8.944464416E0
2.364387400E0,-6.795616150E-1,-3.732803464E-1,1.213639641E1,1.216113728E1
2.366762973E0,4.637290478E0,9.571290575E-3,8.595019341E0,9.766212779E0
2.369138494E0,-6.532405853E0,-2.249253243E-1,9.681360245E0,1.168125224E1
2.371514067E0,4.900500774E0,-3.876372576E-1,1.103091240E1,1.207667996E1
2.373889588E0,-3.594019651E0,1.674975902E-1,8.685946465E0,9.401632767E0
2.376265109E0,8.135597110E-1,-4.785645306E-1,1.194497108E1,1.198220504E1
2.378640682E0,2.507678032E0,-1.579262912E-1,8.283951759E0,8.656630209E0
2.381016202E0,-6.096911907E0,-3.589234054E-1,1.049491978E1,1.214267277E1
2.383391775E0,5.675775528E0,-2.727817893E-1,1.082991505E1,1.223012255E1
2.385767296E0,-4.460221291E0,7.752745152E-1,8.815158844E0,9.909674565E0
2.388142869E0,1.239482164E0,-9.475577474E-1,1.154776192E1,1.165268154E1
2.390518390E0,1.024128079E0,-4.642075896E-1,8.130811691E0,8.208192601E0
2.392893911E0,-4.780859470E0,3.541377485E-1,1.130848026E1,1.228266081E1
2.395269484E0,5.618347645E0,-3.924229145E-1,9.686145782E0,1.120451900E1
2.397645005E0,-5.848058701E0,1.627119333E-1,9.159725189E0,1.086861681E1
2.400020577E0,2.646461725E0,-4.642075896E-1,1.204068375E1,1.233682753E1
2.402396098E0,-5.407779217E-1,1.100698411E-1,7.704888821E0,7.724627361E0
2.404771671E0,-3.694518089E0,-3.349951804E-1,1.142333508E1,1.201058991E1
2.407147192E0,5.422136307E0,-4.163511395E-1,9.690931320E0,1.111247318E1
2.409522765E0,-6.340980053E0,3.684946895E-1,9.140582085E0,1.113077074E1
2.411898286E0,3.455235958E0,-3.876372576E-1,1.158126163E1,1.209192041E1
2.414273807E0,-1.823330879E0,2.392822690E-2,8.145168304E0,8.346788290E0
2.416649380E0,-2.048256159E0,-5.024927258E-1,1.160997581E1,1.179997418E1
2.419024900E0,4.474578381E0,-2.536391914E-1,8.920442581E0,9.983009585E0
2.421400473E0,-6.733402729E0,4.307080805E-1,9.667003632E0,1.178877351E1
2.423775994E0,4.527220249E0,-6.077769399E-1,1.121276665E1,1.210748743E1
2.426151567E0,-2.857030153E0,2.823530734E-1,8.681160927E0,9.143571490E0
2.428527088E0,-7.752745152E-1,-6.891329288E-1,1.137547874E1,1.142267357E1
2.430902609E0,3.383451223E0,-2.057827413E-1,8.484949112E0,9.136982552E0
2.433278182E0,-6.168696880E0,2.249253243E-1,1.038485050E1,1.208091605E1
2.435653702E0,5.690132141E0,-3.972085714E-1,1.068634605E1,1.211335504E1
2.438029275E0,-4.517649174E0,3.637090325E-1,8.542376518E0,9.670244821E0
2.440404796E0,7.992027402E-1,-7.752745152E-1,1.173918819E1,1.179187496E1
2.442780369E0,1.794616938E0,-2.201396823E-1,8.312665939E0,8.507028062E0
2.445155890E0,-4.584648132E0,-4.307080805E-2,1.109791183E1,1.200768507E1
2.447531411E0,5.828916073E0,-2.344966233E-1,9.858428955E0,1.145512430E1
2.449906984E0,-5.862415314E0,5.024927258E-1,8.685946465E0,1.049123817E1
2.452282505E0,2.517249346E0,-9.475577474E-1,1.180618668E1,1.210869331E1
2.454658077E0,4.881358147E-1,-1.627119333E-1,8.504091263E0,8.519643182E0
2.457033598E0,-3.125026464E0,-1.148554832E-1,1.119841003E1,1.162683833E1
2.459409119E0,5.283352375E0,-2.392822690E-2,9.183652878E0,1.059499245E1
2.461784692E0,-6.575476646E0,2.775674164E-1,9.164510727E0,1.128282738E1
2.464160213E0,4.374079704E0,-9.236295223E-1,1.189711380E1,1.270932656E1
2.466535786E0,-1.067198873E0,1.004985496E-1,8.389236450E0,8.457440606E0
2.468911307E0,-2.019542217E0,-2.919243574E-1,1.133719349E1,1.151936313E1
2.471286880E0,4.570291042E0,-4.737788737E-1,8.695517540E0,9.834838683E0
2.473662400E0,-6.250052929E0,4.785645381E-2,1.007856941E1,1.185930071E1
2.476037921E0,5.513063431E0,-5.551348329E-1,1.138983536E1,1.266611197E1
2.478413494E0,-3.282952785E0,3.972085714E-1,8.173882484E0,8.817477446E0
2.480789015E0,-7.465606928E-1,-3.972085714E-1,1.169611740E1,1.172664870E1
2.483164588E0,3.412165165E0,-6.747759581E-1,8.633303642E0,9.307638019E0
2.485540109E0,-5.249852657E0,7.178468257E-2,1.061934662E1,1.184637618E1
2.487915682E0,5.589633465E0,-3.493520916E-1,1.034177971E1,1.176088673E1
2.490291202E0,-5.000999451E0,4.067798555E-1,8.489734650E0,9.861595194E0
2.492666775E0,1.000199914E0,-8.949156404E-1,1.199282742E1,1.206769171E1
2.495042296E0,2.239681959E0,-9.571290761E-2,8.566305161E0,8.854768226E0
2.497417817E0,-4.608576298E0,8.135596663E-2,1.068634605E1,1.163802330E1
2.499793390E0,5.178068161E0,-3.828516230E-2,9.628718376E0,1.093279805E1
2.502168911E0,-6.178267956E0,2.823530734E-1,8.748159409E0,1.071359003E1
2.504544484E0,3.282952785E0,-8.374879360E-1,1.217946720E1,1.264193760E1
2.506920005E0,8.614161611E-2,1.435693651E-1,8.030312538E0,8.032057769E0
2.509295525E0,-3.962514400E0,-8.135596663E-2,1.102134132E1,1.171230565E1
2.511671098E0,4.948357105E0,-5.503492355E-1,9.265008926E0,1.051805651E1
2.514046619E0,-6.197410583E0,3.254238665E-1,9.657432556E0,1.147953841E1
2.516422192E0,4.541577339E0,-4.546363056E-1,1.161476135E1,1.247939502E1
2.518797713E0,-2.378465652E0,4.067798555E-1,7.858029366E0,8.220169963E0
2.521173286E0,-2.656033039E0,-3.924229145E-1,1.135633659E1,1.166939965E1
2.523548807E0,4.680361271E0,-7.561319470E-1,9.097511292E0,1.025876351E1
2.525924380E0,-5.714060307E0,6.125625968E-1,1.028913784E1,1.178524822E1
2.528299900E0,4.622933388E0,-1.818545163E-1,1.051884842E1,1.149133396E1
2.530675421E0,-4.220939159E0,2.297109663E-1,8.154739380E0,9.185252793E0
2.533050994E0,-4.115654826E-1,-8.757730722E-1,1.193061352E1,1.196979129E1
2.535426463E0,3.890729666E0,-1.579262912E-1,9.087940216E0,9.887030667E0
2.537802088E0,-5.580062389E0,3.780659735E-1,9.992427826E0,1.145114160E1
2.540177609E0,4.728217602E0,-2.392822690E-2,9.997213364E0,1.105897325E1
2.542553182E0,-5.163711071E0,-5.264209956E-2,8.776873589E0,1.018332918E1
2.544928702E0,2.230110645E0,-8.231309652E-1,1.246182060E1,1.268652477E1
2.547304223E0,1.962114573E0,6.699903309E-2,7.963313580E0,8.201752595E0
2.549679796E0,-5.292923450E0,4.785645287E-3,1.054756260E1,1.180110750E1
2.552055317E0,5.168497086E0,-5.886343718E-1,9.949356079E0,1.122717858E1
2.554430890E0,-5.201996326E0,3.349951804E-1,9.399007797E0,1.074775954E1
2.556806411E0,3.570091486E0,-5.647061467E-1,1.180140114E1,1.234250846E1
2.559181984E0,-5.024927258E-1,2.249253243E-1,7.776673794E0,7.796136584E0
2.561557505E0,-4.197010994E0,-3.684946895E-1,1.112183952E1,1.189310742E1
2.563933025E0,5.766702652E0,-7.465606928E-1,9.810572624E0,1.140436529E1
2.566308598E0,-5.608776093E0,5.551348329E-1,9.590433121E0,1.112398091E1
2.568684119E0,4.043870449E0,-4.594219327E-1,1.119841003E1,1.191504696E1
2.571059692E0,-2.579462767E0,-1.196411327E-1,7.910671711E0,8.321458351E0
2.573435213E0,-1.976471543E0,-7.226324677E-1,1.183011532E1,1.201583397E1
2.575810734E0,5.422136307E0,-3.302095234E-1,9.384650230E0,1.084344320E1
2.578186307E0,-6.120840549E0,5.742774606E-1,9.456435204E0,1.127912454E1
2.580561827E0,4.211368084E0,-2.105683982E-1,1.068634605E1,1.148816574E1
2.582937400E0,-3.665804386E0,-2.153540403E-1,8.422736168E0,9.188415735E0
2.585312921E0,5.599204898E-1,-6.556333899E-1,1.235175037E1,1.238180534E1
2.587688494E0,3.589233875E0,-4.307080805E-2,8.183453560E0,8.936071121E0
2.590064015E0,-6.235695839E0,2.153540403E-1,1.015035343E1,1.191469491E1
2.592439536E0,5.111069202E0,-6.173482537E-1,1.044227791E1,1.164239302E1
2.594815109E0,-4.197010994E0,3.014956415E-1,9.164510727E0,1.008434717E1
2.597190630E0,2.143969059E0,-4.689932466E-1,1.186361504E1,1.206490446E1
2.599566202E0,1.000199914E0,1.052841991E-1,7.781459332E0,7.846183401E0
2.601941723E0,-5.178068161E0,-4.259224236E-1,1.091127110E1,1.208509978E1
2.604317296E0,6.125626087E0,-5.647061467E-1,1.025085258E1,1.195500593E1
2.606692817E0,-5.225924492E0,9.188438654E-1,9.140582085E0,1.056904923E1
2.609068338E0,2.804388046E0,-3.397808075E-1,1.142812061E1,1.177208495E1
2.611443911E0,-1.019342422E0,-3.349951804E-1,7.814958572E0,7.888273463E0
2.613819432E0,-3.034099102E0,-5.072783828E-1,1.164826107E1,1.204761697E1
2.616195005E0,6.082555294E0,-3.158525825E-1,9.676574707E0,1.143386810E1
2.618570525E0,-6.326622963E0,8.422735929E-1,9.068798065E0,1.108957534E1
2.620946098E0,3.493520975E0,-6.556333899E-1,1.109312534E1,1.164868979E1
2.623321619E0,-2.230110645E0,-1.531406492E-1,8.461020470E0,8.751326353E0
2.625697140E0,-7.752745152E-1,-3.541377485E-1,1.208375454E1,1.211377678E1
2.628072713E0,4.479363918E0,3.349951655E-2,8.417949677E0,9.535601716E0
2.630448234E0,-6.900900364E0,4.402793646E-1,9.710074425E0,1.192064667E1
2.632823807E0,4.723432064E0,-8.374879360E-1,1.077727318E1,1.179668655E1
2.635199327E0,-3.225524902E0,2.057827413E-1,9.169296265E0,9.722260613E0
2.637574900E0,5.551348329E-1,-3.972085714E-1,1.161476135E1,1.163480256E1
2.639950421E0,2.330609322E0,3.062812984E-1,7.977670670E0,8.316776861E0
2.642325994E0,-6.317051888E0,1.914258115E-2,1.036570740E1,1.213892091E1
2.644701515E0,5.848058701E0,-7.704889178E-1,1.054277611E1,1.208071073E1
2.647077036E0,-4.699503899E0,4.833501875E-1,8.939585686E0,1.011114022E1
2.649452609E0,1.631905079E0,-4.115654826E-1,1.161476135E1,1.173606329E1
2.651828130E0,2.823530734E-1,-8.614161611E-2,7.920242786E0,7.925742201E0
2.654203702E0,-4.445864677E0,-2.344966233E-1,1.128933716E1,1.213547835E1
2.656579223E0,5.977271080E0,-2.871387303E-1,9.777072906E0,1.146304379E1
2.658954744E0,-6.144768715E0,7.226324677E-1,8.901300430E0,1.084036575E1
2.661330317E0,2.699103832E0,-6.269195080E-1,1.139940739E1,1.173135450E1
2.663705838E0,-1.119840980E0,4.785645287E-3,8.288737297E0,8.364044040E0
2.666081411E0,-2.325823545E0,-1.483550072E-1,1.171047401E1,1.194012839E1
2.668456932E0,4.900500774E0,3.828516230E-2,8.781659126E0,1.005653572E1
2.670832505E0,-6.963113785E0,5.359922647E-1,9.332008362E0,1.165584065E1
2.673208025E0,4.264009953E0,-7.369893789E-1,1.118405342E1,1.199199671E1
2.675583546E0,-2.435893536E0,2.679961324E-1,8.910871506E0,9.241700614E0
2.677959119E0,-6.556333899E-1,-2.536391914E-1,1.152861977E1,1.155003297E1
2.680334640E0,3.182454109E0,2.392822690E-2,8.082955360E0,8.686930072E0
2.682710213E0,-6.388836384E0,-1.292124242E-1,1.033220863E1,1.214859916E1
2.685085734E0,5.838487148E0,-4.785645306E-1,1.101177025E1,1.247301247E1
2.687461307E0,-4.259224415E0,6.077769399E-1,8.614161491E0,9.628819430E0
2.689836827E0,8.997012973E-1,-1.818545163E-1,1.168175983E1,1.171776627E1
2.692212348E0,1.292124271E0,-4.450650215E-1,7.886743546E0,8.004273344E0
2.694587921E0,-4.436293125E0,-3.828516304E-1,1.127498055E1,1.212239491E1
2.696963442E0,6.183053493E0,-3.876372576E-1,1.020299530E1,1.193656258E1
2.699339015E0,-5.642275810E0,7.752745152E-1,8.767302513E0,1.045475587E1
2.701714536E0,2.450250387E0,-4.211367965E-1,1.166740322E1,1.192934957E1
2.704090057E0,-8.614161611E-2,-5.694918036E-1,8.212167740E0,8.232341118E0
2.706465630E0,-2.574677229E0,-2.679961324E-1,1.160040379E1,1.188571213E1
2.708841150E0,5.541777134E0,-2.344966233E-1,9.198010445E0,1.074102782E1
2.711216723E0,-6.613761902E0,5.742774606E-1,9.188439369E0,1.133574255E1
2.713592244E0,4.125226021E0,-9.810572863E-1,1.156211948E1,1.231513581E1
2.715967817E0,-1.191625714E0,-4.785645287E-3,8.690732002E0,8.772047508E0
2.718343338E0,-1.354337573E0,-3.445664644E-1,1.154297638E1,1.162726365E1
2.720718859E0,4.302295208E0,-2.392822690E-2,8.403593063E0,9.440905306E0
2.723094432E0,-6.484549522E0,1.244267747E-1,9.815358162E0,1.176461306E1
2.725469952E0,5.623133183E0,-7.417750359E-1,1.116969585E1,1.252724880E1
2.727845525E0,-3.297309637E0,2.009970993E-1,8.489734650E0,9.109788422E0
2.730221046E0,-6.699903309E-2,-4.019941986E-1,1.174875927E1,1.175582547E1
2.732596619E0,2.727817774E0,-3.014956415E-1,8.303094864E0,8.744899871E0
2.734972140E0,-5.091926575E0,4.307080805E-2,1.085862923E1,1.199330647E1
2.737347661E0,5.761917114E0,-4.019941986E-1,1.014078236E1,1.167033654E1
2.739723234E0,-5.154139996E0,2.871387303E-1,8.599804878E0,1.003016708E1
2.742098755E0,1.536192179E0,-5.024927258E-1,1.194018459E1,1.204908268E1
2.744474327E0,1.172483087E0,-1.339980662E-1,8.322237015E0,8.405492312E0
2.746849848E0,-4.130012035E0,-7.657032460E-2,1.109312534E1,1.183724175E1
2.749225421E0,5.187639713E0,-4.737788737E-1,9.298508644E0,1.065825198E1
2.751600942E0,-6.350551128E0,3.637090325E-1,9.274580956E0,1.124631654E1
2.753976463E0,3.479164124E0,-5.790630579E-1,1.184925747E1,1.236304168E1
2.756352036E0,-1.062413216E0,3.206382394E-1,8.231309891E0,8.305780712E0
2.758727557E0,-2.967100143E0,-8.135596663E-2,1.132762241E1,1.171005259E1
2.761103130E0,4.436293125E0,-6.364908218E-1,8.556734085E0,9.659374486E0
2.763478650E0,-6.594619274E0,1.004985496E-1,9.992427826E0,1.197279070E1
2.765854171E0,5.134997368E0,-2.536391914E-1,1.138983536E1,1.249643470E1
2.768229744E0,-3.675375462E0,7.178468108E-1,8.121239662E0,8.943054427E0
2.770605265E0,-1.450050473E0,-9.858429432E-1,1.141376400E1,1.154766389E1
2.772980838E0,3.450450182E0,-5.503492355E-1,8.886942863E0,9.549148873E0
2.775356359E0,-5.302495003E0,7.609176040E-1,1.079641533E1,1.205230405E1
2.777731932E0,4.689932346E0,-6.029912829E-1,9.585647583E0,1.068848462E1
2.780107452E0,-5.240281582E0,-1.674975902E-1,8.886942863E0,1.031825373E1
2.782483025E0,1.459621787E0,-1.531406492E-1,1.243310642E1,1.251942823E1
2.784858546E0,1.612762451E0,1.148554832E-1,7.824530125E0,7.989835178E0
2.787234067E0,-5.020142078E0,-8.470591903E-1,1.066720295E1,1.181983733E1
2.789609640E0,5.474778175E0,-4.450650215E-1,1.019342422E1,1.157916993E1
2.791985161E0,-5.871986866E0,7.848458290E-1,8.906085968E0,1.069647512E1
2.794360734E0,3.043670416E0,-4.881358147E-1,1.174875927E1,1.214642131E1
2.796736255E0,-7.992027402E-1,-2.871387303E-1,8.087740898E0,8.132203054E0
2.799111775E0,-2.938386202E0,-6.412764788E-1,1.141376400E1,1.180336213E1
2.801487348E0,5.192425251E0,-4.211367965E-1,9.241081238E0,1.060830894E1
2.803862869E0,-6.293123722E0,4.163511395E-1,9.700503349E0,1.157050214E1
2.806238442E0,4.656432629E0,-2.536391914E-1,1.130848026E1,1.223226976E1
2.808640577E0,-3.034099102E0,-8.614161611E-2,8.130811691E0,8.678898346E0
2.810989536E0,-1.052842021E0,-6.556333899E-1,1.172004509E1,1.178549059E1
2.813365057E0,4.106083870E0,-4.977070987E-1,8.776873589E0,9.702636090E0
2.815740577E0,-5.364708424E0,4.402793646E-1,1.049491978E1,1.179479900E1
2.818116150E0,5.058426857E0,-1.244267747E-1,1.018863869E1,1.137591854E1
2.820491671E0,-4.780859470E0,-6.221338734E-2,8.374878883E0,9.643603273E0
2.822867244E0,1.316052437E0,-6.604190469E-1,1.225603771E1,1.234417303E1
2.825242765E0,2.584248543E0,-3.062812984E-1,8.417949677E0,8.811017281E0
2.827618338E0,-4.661218643E0,1.579262912E-1,1.086341476E1,1.182225360E1
2.829993859E0,5.158925533E0,-2.536391914E-1,9.384650230E0,1.071216623E1
2.832369380E0,-5.694917679E0,5.264209956E-2,9.298508644E0,1.090399567E1
2.834744952E0,3.751945972E0,-4.307080805E-1,1.217468166E1,1.274697931E1
2.837120473E0,-1.292124242E-1,4.689932466E-1,7.838887215E0,7.853967359E0
2.839496046E0,-3.708875179E0,-6.125625968E-1,1.095434189E1,1.158139000E1
2.841871567E0,5.431707382E0,-5.934200287E-1,9.513862610E0,1.097128863E1
2.844247140E0,-5.388636589E0,9.044869542E-1,9.925428391E0,1.133003220E1
2.846622661E0,4.211368084E0,-5.168496966E-1,1.078205872E1,1.158686950E1
2.848998182E0,-2.689532757E0,-4.594219327E-1,8.446663857E0,8.876417367E0
2.851373755E0,-1.071984529E0,-3.349951655E-2,1.214596748E1,1.219322759E1
2.853749275E0,4.407579422E0,-3.876372576E-1,8.312665939E0,9.416869651E0
2.856124848E0,-5.728417397E0,5.264210105E-1,1.038485050E1,1.187168922E1
2.858500369E0,4.919643402E0,-3.780659735E-1,1.015992451E1,1.129468420E1
2.860875890E0,-4.484149456E0,-1.722832322E-1,8.566305161E0,9.670515082E0
2.863251463E0,1.153340459E0,-2.823530734E-1,1.243789196E1,1.249444172E1
2.865626984E0,2.445464849E0,2.009970993E-1,8.102097511E0,8.465499527E0
2.868002557E0,-5.307280540E0,-3.828516304E-1,1.038963604E1,1.167297473E1
2.870378077E0,5.402993679E0,-4.642075896E-1,9.997213364E0,1.137330666E1
2.872753650E0,-5.517848969E0,4.689932466E-1,9.068798065E0,1.062589809E1
2.875129171E0,3.230310678E0,-4.259224236E-1,1.193061352E1,1.236753233E1
2.877504692E0,-5.982056856E-1,6.221338734E-2,7.877171993E0,7.900098680E0
2.879880265E0,-3.694518089E0,-2.823530734E-1,1.124626637E1,1.184093300E1
2.882255786E0,5.259424210E0,-6.795616150E-1,9.231510162E0,1.064631988E1
2.884631359E0,-5.876772404E0,4.354937077E-1,9.848857880E0,1.147719958E1
2.887006880E0,4.335794449E0,-2.871387303E-1,1.114576817E1,1.196284708E1
2.889382400E0,-2.928814888E0,3.302095234E-1,8.001599312E0,8.527167556E0
2.891757973E0,-1.895115495E0,-6.747759581E-1,1.140897846E1,1.158497194E1
2.894133494E0,4.747360229E0,-8.470591903E-1,9.150154114E0,1.034312616E1
2.896509067E0,-5.498706341E0,6.604190469E-1,1.029392338E1,1.168917376E1
2.898884588E0,4.393222332E0,-1.052841991E-1,9.968499184E0,1.089414812E1
2.901260161E0,-4.718646049E0,-4.354937077E-1,8.561519623E0,9.785442942E0
2.903635682E0,9.762716293E-1,-2.919243574E-1,1.240917778E1,1.245094451E1
2.906011255E0,3.043670416E0,1.579262912E-1,8.044670105E0,8.602650023E0
2.908386775E0,-5.694917679E0,-5.838487148E-1,1.016949654E1,1.167011682E1
2.910762296E0,5.398207664E0,-4.450650215E-1,1.037049294E1,1.169982276E1
2.913137869E0,-5.115854740E0,9.188438654E-1,8.906085968E0,1.031186749E1
2.915513390E0,2.536391973E0,-5.120640397E-1,1.168654537E1,1.196957963E1
2.917888963E0,-2.392822690E-2,-7.369893789E-1,7.905886173E0,7.940199121E0
2.920264484E0,-3.608376503E0,1.531406492E-1,1.162433243E1,1.217246637E1
2.922640005E0,5.503491879E0,-3.637090325E-1,9.001798630E0,1.055713435E1
2.925015577E0,-6.010770321E0,6.460621357E-1,9.547362328E0,1.130039307E1
2.927391098E0,4.043870449E0,-3.254238665E-1,1.139940739E1,1.209980486E1
2.929766671E0,-2.153540373E0,-3.684946895E-1,7.752745152E0,8.054724195E0
2.932142192E0,-1.986042738E0,-4.402793646E-1,1.176311588E1,1.193771783E1
2.934517765E0,5.144568920E0,-4.642075896E-1,9.121439934E0,1.048249706E1
2.936893234E0,-5.938985825E0,8.566305041E-1,9.887143135E0,1.156550768E1
2.939268807E0,4.316651821E0,-3.302095234E-1,1.018863869E1,1.107027008E1
2.941644380E0,-3.943371773E0,-4.019941986E-1,8.695517540E0,9.556348966E0
2.944019900E0,8.039883971E-1,-3.493520916E-1,1.246182060E1,1.249261450E1
2.946395473E0,3.292523861E0,1.579262912E-1,8.049455643E0,8.698240640E0
2.948770994E0,-5.924628735E0,-3.924229145E-1,1.010249710E1,1.171817687E1
2.951146515E0,5.355136871E0,-4.450650215E-1,1.051406288E1,1.180767090E1
2.953522088E0,-4.833501816E0,5.024927258E-1,8.920442581E0,1.015822497E1
2.955897609E0,2.502892494E0,-2.584248483E-1,1.193539906E1,1.219774589E1
2.958273182E0,2.440679073E-1,-2.201396823E-1,7.791030407E0,7.797960337E0
2.960648702E0,-4.311866283E0,-3.397808075E-1,1.120319557E1,1.200913123E1
2.963024275E0,5.828916073E0,-5.455635786E-1,9.868000984E0,1.147394203E1
2.965399796E0,-5.589633465E0,6.221339107E-1,9.523433685E0,1.106014656E1
2.967775317E0,3.536591768E0,-1.579262912E-1,1.138026428E1,1.191817256E1
2.970150890E0,-2.057827473E0,-2.153540403E-1,7.719245911E0,7.991732522E0
2.972526411E0,-2.526820660E0,-5.312066078E-1,1.168654537E1,1.196838944E1
2.974901984E0,5.546562672E0,-6.029912829E-1,9.456435204E0,1.097962307E1
2.977277505E0,-6.063412666E0,5.982056856E-1,9.657432556E0,1.141879270E1
2.979653077E0,4.134797573E0,2.392822690E-2,1.073898792E1,1.150751863E1
2.982028598E0,-4.010370731E0,-3.110669553E-1,8.207381248E0,9.140073469E0
2.984404119E0,1.483550072E-1,-5.838487148E-1,1.231346512E1,1.232819175E1
2.986779692E0,3.799802303E0,-2.344966233E-1,8.417949677E0,9.238796619E0
2.989155213E0,-6.077769279E0,3.828516304E-1,1.019820976E1,1.187810326E1
2.991530786E0,4.694717884E0,-4.689932466E-1,1.003071213E1,1.108492293E1
2.993906307E0,-4.766502857E0,-6.699903309E-2,9.150154114E0,1.031742985E1
2.996281827E0,2.292324066E0,-3.828516304E-1,1.220339584E1,1.242272897E1
2.998657400E0,9.762716293E-1,-9.571290575E-3,7.637889862E0,7.700036328E0
3.001032921E0,-5.369493961E0,-3.349951655E-2,1.096869946E1,1.221249178E1
3.003408494E0,5.556134224E0,-7.800601721E-1,9.920642853E0,1.139729249E1
3.005784015E0,-5.154139996E0,4.833501875E-1,9.523433685E0,1.083949149E1
3.008159536E0,3.158525944E0,-2.584248483E-1,1.136112213E1,1.179483640E1
3.010535109E0,-1.344766378E0,-2.727817893E-1,7.695317745E0,7.816695064E0
3.012910630E0,-3.369094372E0,-3.732803464E-1,1.173440266E1,1.221418605E1
3.015286202E0,5.962913990E0,-4.785645306E-1,9.657432556E0,1.136007794E1
3.017661723E0,-6.053841114E0,6.364908218E-1,9.226723671E0,1.105380217E1
3.020037296E0,3.775874138E0,-1.531406492E-1,1.100698376E1,1.163762729E1
3.022412817E0,-2.895315409E0,-4.211367965E-1,8.250452042E0,8.753865798E0
3.024788338E0,-4.833501875E-1,-4.115654826E-1,1.225125217E1,1.226768900E1
3.027163911E0,4.570291042E0,-2.153540403E-1,8.542376518E0,9.690517744E0
3.029539432E0,-6.317051888E0,5.599204898E-1,9.810572624E0,1.168186589E1
3.031915005E0,4.771288395E0,-6.029912829E-1,1.059063339E1,1.163143616E1
3.034290525E0,-3.708875179E0,-9.571290761E-2,9.025727272E0,9.758517759E0
3.036666098E0,1.574477315E0,-3.062812984E-1,1.204068375E1,1.214705117E1
3.039041619E0,2.158325911E0,-8.135596663E-2,7.805387497E0,8.098707521E0
3.041417140E0,-5.632704735E0,-1.770688742E-1,1.059541893E1,1.200090073E1
3.043792713E0,6.020341873E0,-6.317051649E-1,1.059063339E1,1.219856891E1
3.046168234E0,-4.594219685E0,5.838487148E-1,9.087940216E0,1.019992114E1
3.048543807E0,2.474178553E0,-1.244267747E-1,1.148076344E1,1.174499768E1
3.050919327E0,-2.392822653E-1,-5.264210105E-1,7.609176159E0,7.631116360E0
3.053294900E0,-3.699303865E0,-3.589234054E-1,1.166740322E1,1.224507954E1
3.055670421E0,6.321837425E0,-4.737788737E-1,9.858428955E0,1.172086670E1
3.058045942E0,-6.029912949E0,6.843472719E-1,8.944371223E0,1.080879077E1
3.060421515E0,3.201596737E0,-3.254238665E-1,1.138504982E1,1.183112344E1
3.062797036E0,-1.880758643E0,-6.317051649E-1,8.116454124E0,8.355425306E0
3.065172609E0,-1.426122308E0,-3.684946895E-1,1.213161087E1,1.222070356E1
3.067548130E0,5.020142078E0,-2.201396823E-1,8.695517540E0,1.004302311E1
3.069923650E0,-6.675975323E0,6.125625968E-1,9.509077072E0,1.163470783E1
3.072299223E0,4.235296249E0,-7.178468108E-1,1.096391296E1,1.177541616E1
3.074674744E0,-3.067598581E0,-2.344966233E-1,8.863015175E0,9.381800878E0
3.077050317E0,5.742774159E-2,-2.249253243E-1,1.183490086E1,1.183717735E1
3.079425838E0,2.847458839E0,-1.052841991E-1,8.001599312E0,8.493803515E0
3.081801359E0,-6.575476646E0,-6.221338734E-2,1.026999474E1,1.219481675E1
3.084176932E0,5.474778175E0,-7.561319470E-1,1.089691448E1,1.221833364E1
3.086552452E0,-4.283152580E0,4.163511395E-1,8.877371788E0,9.865418094E0
3.088928025E0,1.024128079E0,-1.531406492E-1,1.153340530E1,1.157979828E1
3.091303546E0,6.891329288E-1,-5.647061467E-1,7.666603565E0,7.718199755E0
3.093679119E0,-5.044070244E0,-2.871387303E-1,1.133240795E1,1.240760103E1
3.096054640E0,6.010770321E0,-3.589234054E-1,1.011206818E1,1.176911673E1
3.098430161E0,-5.953342915E0,7.130611539E-1,8.690732002E0,1.055838865E1
3.100805734E0,2.053041935E0,-2.919243574E-1,1.151904774E1,1.170421556E1
3.103181255E0,-7.465606928E-1,-6.699903607E-1,7.953742504E0,8.016748703E0
3.105556827E0,-2.900100946E0,-1.100698411E-1,1.190668583E1,1.225527920E1
3.107932348E0,5.436492920E0,-2.775674164E-1,8.987442017E0,1.050745511E1
3.110307869E0,-6.886543751E0,7.800601721E-1,9.016156197E0,1.137207331E1
3.112683442E0,3.493520975E0,-7.609176040E-1,1.156211948E1,1.210232587E1
3.115058963E0,-1.550549030E0,-1.866401732E-1,8.547162056E0,8.688671709E0
3.117434536E0,-1.469193101E0,-1.052841991E-1,1.149512005E1,1.158910687E1
3.119810057E0,4.134797573E0,-2.105683982E-1,8.480163574E0,9.436846097E0
3.122185630E0,-6.666403770E0,1.004985496E-1,9.729216576E0,1.179443489E1
3.124561150E0,5.345565796E0,-6.939185858E-1,1.152383423E1,1.272223848E1
3.126936671E0,-3.019742250E0,2.727817893E-1,8.432307243E0,8.960862604E0
3.129312244E0,-1.004985496E-1,-5.742774159E-2,1.174397373E1,1.174454413E1
3.131687765E0,2.675175667E0,-7.178468108E-1,8.001599312E0,8.467435293E0
3.134063338E0,-5.312066078E0,-5.264209956E-2,1.089212894E1,1.211855149E1
3.136438859E0,6.116054535E0,-4.067798555E-1,1.071506023E1,1.234439584E1
3.138814432E0,-4.618147850E0,4.737788737E-1,8.547162056E0,9.726547959E0
3.141189952E0,1.086341500E0,-4.498506486E-1,1.169133186E1,1.175030826E1
3.143565473E0,1.756331801E0,-8.709874153E-1,8.183453560E0,8.415000454E0
3.145941046E0,-3.885943890E0,-8.614161611E-2,1.149990559E1,1.213902009E1
3.148316567E0,5.891129494E0,-3.397808075E-1,9.528220177E0,1.120749024E1
3.150692140E0,-6.001199245E0,3.349951804E-1,8.776873589E0,1.063767475E1
3.153067661E0,2.775674343E0,-9.379864931E-1,1.216032505E1,1.250830492E1
3.155443182E0,5.599204898E-1,-3.158525825E-1,8.461020470E0,8.485407545E0
3.157818755E0,-3.105883837E0,-4.785645381E-2,1.120319557E1,1.162585032E1
3.160194275E0,5.067998409E0,-2.536391914E-1,9.150154114E0,1.046299484E1
3.162569848E0,-6.427121639E0,5.264209956E-2,9.265008926E0,1.127612762E1
3.164945369E0,4.460221291E0,-8.135597110E-1,1.201675510E1,1.284359204E1
3.167320942E0,-1.445264935E0,-3.349951655E-2,8.073383331E0,8.201794399E0
3.169696463E0,-2.254039049E0,-1.914258115E-2,1.153819084E1,1.175631347E1
3.172071932E0,4.182653904E0,-8.470591903E-1,8.685946465E0,9.677694402E0
3.174447557E0,-5.910272121E0,2.009970993E-1,1.029870892E1,1.187582089E1
3.176823077E0,5.197210789E0,-3.972085714E-1,1.107398319E1,1.223935776E1
3.179198650E0,-3.550948858E0,3.254238665E-1,8.154739380E0,8.900275998E0
3.181574171E0,-1.019342422E0,-3.302095234E-1,1.171525955E1,1.176415758E1
3.183949692E0,3.555734396E0,-8.949156404E-1,8.623732567E0,9.370852922E0
3.186325265E0,-5.235496044E0,2.488535494E-1,1.067677498E1,1.189394261E1
3.188700786E0,5.211567879E0,-1.914258152E-1,1.016471100E1,1.142446643E1
3.191076359E0,-5.326423168E0,3.014956415E-1,8.461020470E0,1.000252722E1
3.193451880E0,1.000199914E0,-8.853443861E-1,1.204068375E1,1.211454909E1
3.195827452E0,2.450250387E0,-2.440679073E-1,8.614161491E0,8.959189378E0
3.198202973E0,-4.809573650E0,2.392822653E-1,1.048056316E1,1.153392643E1
3.200578494E0,4.876572609E0,-9.571290761E-2,9.686145782E0,1.084488550E1
3.202954067E0,-5.915057659E0,-5.742774159E-2,8.839086533E0,1.063581947E1
3.205329588E0,3.263810158E0,-6.939185858E-1,1.238046455E1,1.282224170E1
3.207705161E0,3.062812984E-1,-8.614161611E-2,7.791030407E0,7.797524185E0
3.210080682E0,-4.110869408E0,2.057827413E-1,1.118405342E1,1.191740931E1
3.212456202E0,5.048855782E0,-8.997012973E-1,9.303294182E0,1.062316760E1
3.214831775E0,-5.603990555E0,2.919243574E-1,9.767501831E0,1.126472467E1
3.217207296E0,4.388436794E0,-4.689932466E-1,1.152383423E1,1.234006027E1
3.219582869E0,-1.885544300E0,1.052841991E-1,7.795815945E0,8.021290938E0
3.221958390E0,-2.794816732E0,-3.780659735E-1,1.149512005E1,1.183603478E1
3.224333911E0,5.359922886E0,-9.954141974E-1,9.355937004E0,1.082835075E1
3.226709484E0,-5.541777134E0,3.062812984E-1,9.901499748E0,1.135098231E1
3.229085005E0,4.642076015E0,-3.541377485E-1,1.083948612E1,1.179698024E1
3.231460577E0,-3.536591768E0,-2.919243574E-1,8.140382767E0,8.880232697E0
3.233836098E0,-5.216353536E-1,-7.082754970E-1,1.225125217E1,1.228279030E1
3.236211671E0,4.594219685E0,-4.498506486E-1,8.791230202E0,9.929498909E0
3.238587192E0,-5.690132141E0,2.871387303E-1,9.949356079E0,1.146515324E1
3.240962713E0,4.742574692E0,-4.307080805E-1,1.038006496E1,1.142030091E1
3.243338286E0,-4.311866283E0,-3.062812984E-1,8.705088615E0,9.719288394E0
3.245713807E0,1.842473388E0,-6.652047038E-1,1.242353535E1,1.257702016E1
3.248089380E0,2.340180635E0,-2.775674164E-1,7.891529083E0,8.235880059E0
3.250464900E0,-5.412564754E0,-7.178468257E-2,1.061456108E1,1.191511297E1
3.252840473E0,5.436492920E0,-8.901300430E-1,1.033220863E1,1.170907007E1
3.255215994E0,-4.642076015E0,2.536391914E-1,9.279366493E0,1.037881713E1
3.257591515E0,2.876172781E0,-4.163511395E-1,1.163390350E1,1.199138978E1
3.259967088E0,-3.349951655E-2,-9.571290761E-2,7.791030407E0,7.791690316E0
3.262342609E0,-4.302295208E0,-4.594219327E-1,1.114576817E1,1.195612649E1
3.264718182E0,6.082555294E0,-7.369893789E-1,1.002592659E1,1.174988665E1
3.267093702E0,-5.685346603E0,5.312066078E-1,9.236295700E0,1.085884454E1
3.269469223E0,3.469592810E0,-4.498506486E-1,1.128455162E1,1.181446339E1
3.271844796E0,-2.009970903E0,-3.254238665E-1,8.030312538E0,8.284431374E0
3.274220317E0,-1.942971945E0,-3.062812984E-1,1.196889877E1,1.212944706E1
3.276595890E0,5.383851051E0,-3.158525825E-1,9.064012527E0,1.054712938E1
3.278971411E0,-6.364908218E0,5.072783828E-1,9.298508644E0,1.127970084E1
3.281346984E0,4.086941242E0,-6.364908218E-1,1.111226845E1,1.185709574E1
3.283722505E0,-3.029313564E0,-1.579262912E-1,8.618947029E0,9.137172937E0
3.286098025E0,3.493520916E-1,7.657032460E-2,1.215553856E1,1.216079880E1
3.288473598E0,3.096312523E0,-2.775674164E-1,7.814958572E0,8.410575034E0
3.290849119E0,-6.173482418E0,-2.440679073E-1,1.039442158E1,1.209195825E1
3.293224692E0,5.608776093E0,-4.019941986E-1,1.085862923E1,1.222823770E1
3.295600213E0,-4.048655987E0,7.561319470E-1,8.920442581E0,9.825357330E0
3.297975734E0,1.071984529E0,-8.518448472E-1,1.143290615E1,1.151460523E1
3.300351307E0,1.435693622E0,-4.642075896E-1,8.063812256E0,8.203765779E0
3.302726827E0,-4.642076015E0,7.657032460E-2,1.129890823E1,1.221556630E1
3.305102400E0,6.015556335E0,-4.977070987E-1,9.896714211E0,1.159222078E1
3.307477921E0,-5.546562672E0,5.120640397E-1,8.982656479E0,1.056951676E1
3.309853494E0,2.603390932E0,-7.609176040E-1,1.177268696E1,1.208109259E1
3.312229015E0,-4.881358147E-1,-2.440679073E-1,8.111668587E0,8.130006948E0
3.314604536E0,-2.904886723E0,-2.871387303E-1,1.172004509E1,1.207809060E1
3.316980109E0,5.575276852E0,-3.732803464E-1,9.413364410E0,1.094689361E1
3.319355630E0,-6.436692715E0,3.972085714E-1,9.150154114E0,1.119437841E1
3.321731202E0,3.708875179E0,-8.470591903E-1,1.143769264E1,1.205379929E1
3.324106723E0,-1.938186288E0,-3.349951804E-1,8.484949112E0,8.709945424E0
3.326482244E0,-1.071984529E0,-8.614161611E-2,1.188275719E1,1.193132388E1
3.328857817E0,4.019941807E0,-2.727817893E-1,8.417949677E0,9.332535496E0
3.331233338E0,-6.680760860E0,-9.092725813E-2,9.743574142E0,1.181431634E1
3.333608911E0,5.039284706E0,-6.891329288E-1,1.139462185E1,1.247824914E1
3.335984432E0,-3.220739365E0,1.531406492E-1,8.652446747E0,9.233712624E0
3.338359952E0,9.092725813E-2,-2.105683982E-1,1.170090294E1,1.170315070E1
3.340735525E0,2.215753794E0,-6.891329288E-1,7.939385414E0,8.271536122E0
3.343111046E0,-5.752345562E0,-2.249253243E-1,1.071506023E1,1.216357623E1
3.345486567E0,6.096911907E0,-3.206382394E-1,1.091127110E1,1.250323880E1
3.347862140E0,-5.067998409E0,7.178468108E-1,8.298309326E0,9.749966646E0
3.350237713E0,9.619147182E-1,-1.153340459E0,1.157169056E1,1.166874014E1
3.352613234E0,9.092726111E-1,-4.450650215E-1,8.417949677E0,8.478604621E0
3.354988755E0,-3.847658873E0,6.460621357E-1,1.143290615E1,1.208028220E1
3.357364327E0,5.245067120E0,-1.014556766E0,9.073583603E0,1.052948118E1
3.359739848E0,-6.135197163E0,1.196411327E-1,9.207581520E0,1.106501313E1
3.362115421E0,3.426522017E0,8.614161611E-2,1.221775246E1,1.268944241E1
3.364490942E0,-7.896314859E-1,2.871387079E-2,7.432106972E0,7.473992000E0
3.366866463E0,-3.278167009E0,-9.092726111E-1,1.143769264E1,1.193289439E1
3.369242036E0,5.460421085E0,-3.062812984E-1,9.403793335E0,1.087848040E1
3.371617557E0,-6.269195557E0,1.205982566E0,9.327222824E0,1.130284444E1
3.373993130E0,3.804588079E0,-7.944171429E-1,1.111226845E1,1.177236166E1
3.376368650E0,-2.053041935E0,-2.823530734E-1,8.528019905E0,8.776208062E0
3.378744171E0,-1.038485050E0,-8.135596663E-2,1.179661560E1,1.184251703E1
3.381119744E0,4.091726780E0,-2.249253243E-1,8.221738815E0,9.186392578E0
3.383495265E0,-6.293123722E0,1.052841991E-1,9.820143700E0,1.166403503E1
3.385870838E0,5.273781300E0,-3.924229145E-1,1.141854954E1,1.258372117E1
3.388246359E0,-3.464807272E0,3.158525825E-1,8.106883049E0,8.821916178E0
3.390621932E0,-4.785645287E-3,-4.833501875E-1,1.168654537E1,1.169653765E1
3.392997452E0,2.900100946E0,-4.929214716E-1,8.470592499E0,8.966855322E0
3.395372973E0,-4.881358147E0,2.584248483E-1,1.080120182E1,1.185581720E1
3.397748546E0,5.651846886E0,-2.201396823E-1,1.007856941E1,1.155722268E1
3.400124067E0,-5.192425251E0,1.100698411E-1,8.437092781E0,9.907468393E0
3.402499640E0,1.789831281E0,-6.460621357E-1,1.215075302E1,1.229884919E1
3.404875161E0,1.631905079E0,-3.062812984E-1,8.355736732E0,8.519111383E0
3.407250682E0,-3.996013880E0,5.264209956E-2,1.089691448E1,1.160662067E1
3.409626255E0,5.149354458E0,-2.823530734E-1,9.466006279E0,1.077964978E1
3.412001723E0,-5.996413708E0,8.614161611E-2,9.159725189E0,1.094828586E1
3.414377348E0,3.742374659E0,-6.843472719E-1,1.215075302E1,1.273241918E1
3.416752869E0,-3.589234054E-1,3.828516230E-2,7.886743546E0,7.894999399E0
3.419128442E0,-3.211168051E0,2.392822690E-2,1.128933716E1,1.173717625E1
3.421503963E0,4.718646049E0,-7.944171429E-1,8.949156761E0,1.014810947E1
3.423879484E0,-5.982056618E0,1.579262912E-1,9.820143700E0,1.149978975E1
3.426255057E0,4.910071850E0,-4.019941986E-1,1.152861977E1,1.253712402E1
3.428630577E0,-2.876172781E0,3.972085714E-1,7.987242222E0,8.498598874E0
3.431006150E0,-1.995614052E0,-4.354937077E-1,1.149512005E1,1.167518373E1
3.433381671E0,4.077369690E0,-7.896314859E-1,8.877371788E0,9.800826054E0
3.435757192E0,-5.441278458E0,3.780659735E-1,1.048056316E1,1.181493332E1
3.438132765E0,4.986642361E0,-2.632105052E-1,1.038963604E1,1.152737693E1
3.440508286E0,-4.867001057E0,1.531406492E-1,8.202595711E0,9.539063253E0
3.442883755E0,1.148554832E-1,-7.513462901E-1,1.205025482E1,1.207420202E1
3.445259380E0,2.981456995E0,-3.254238665E-1,8.638090134E0,9.143937208E0
3.447634900E0,-5.125426292E0,2.105683982E-1,1.043749237E1,1.162994328E1
3.450010473E0,4.709074974E0,-6.221338734E-2,9.915857315E0,1.097740789E1
3.452385994E0,-5.824130535E0,3.349951655E-2,8.638090134E0,1.041816778E1
3.454761567E0,2.550748825E0,-6.699903607E-1,1.249053383E1,1.276591720E1
3.457137088E0,8.183453679E-1,-2.871387079E-2,7.714460373E0,7.757796883E0
3.459512609E0,-4.503292084E0,1.292124242E-1,1.093998528E1,1.183129804E1
3.461888182E0,4.871787071E0,-6.604190469E-1,9.518648148E0,1.071331532E1
3.464263702E0,-5.666203976E0,3.158525825E-1,9.456435204E0,1.102858999E1
3.466639275E0,3.986442566E0,-3.541377485E-1,1.173440266E1,1.239811855E1
3.469014796E0,-1.670190215E0,1.483550072E-1,7.637889862E0,7.819776602E0
3.471390369E0,-3.182454109E0,-1.770688742E-1,1.144247818E1,1.187811746E1
3.473765890E0,5.101497650E0,-7.657032609E-1,9.312865257E0,1.064617486E1
3.476141411E0,-5.565705299E0,6.125625968E-1,9.834501266E0,1.131678946E1
3.478516984E0,4.441078663E0,-2.775674164E-1,1.095434189E1,1.182361322E1
3.480892505E0,-3.440878868E0,-1.770688742E-1,7.963313580E0,8.676713890E0
3.483268077E0,-8.327022791E-1,-4.307080805E-1,1.201675510E1,1.205326951E1
3.485643598E0,4.474578381E0,-3.014956415E-1,8.910871506E0,9.975789808E0
3.488019119E0,-5.656632900E0,3.924229145E-1,9.887143135E0,1.139767919E1
3.490394692E0,4.666004181E0,-4.259224236E-1,1.022213840E1,1.124478183E1
3.492770213E0,-4.584648132E0,-2.392822690E-2,8.757730484E0,9.885211899E0
3.495145786E0,1.942971945E0,-3.684946895E-1,1.246660614E1,1.262248775E1
3.497521307E0,1.923829436E0,1.962114573E-1,7.776673794E0,8.013505720E0
3.499896827E0,-5.331208706E0,-3.397808075E-1,1.048056316E1,1.176347914E1
3.502272400E0,5.407779217E0,-5.312066078E-1,1.027478027E1,1.162313926E1
3.504647869E0,-4.895715237E0,4.019941986E-1,9.183652878E0,1.041485032E1
3.507023494E0,3.024527788E0,-2.440679073E-1,1.157169056E1,1.196291603E1
3.509399015E0,-7.561319470E-1,-2.871387079E-2,7.733603001E0,7.770532503E0
3.511774588E0,-3.862015724E0,-5.790630579E-1,1.136590767E1,1.201808373E1
3.514150109E0,5.838487148E0,-6.029912829E-1,9.786644936E0,1.141183376E1
3.516525577E0,-5.608776093E0,9.619147182E-1,9.370293617E0,1.096293992E1
3.518901202E0,3.493520975E0,-4.929214716E-1,1.095912743E1,1.151304192E1
3.521276723E0,-2.708675146E0,-5.407779217E-1,8.149953842E0,8.605295430E0
3.523652296E0,-1.081555843E0,-1.435693540E-2,1.221775246E1,1.226553889E1
3.526027817E0,4.713860512E0,-1.244267747E-1,8.532805443E0,9.749088761E0
3.528403338E0,-6.293123722E0,-2.967100143E-1,9.638289452E0,1.151468917E1
3.530778911E0,4.800002098E0,-3.445664644E-1,1.114098263E1,1.213590706E1
3.533154432E0,-3.881158352E0,3.014956415E-1,8.327022552E0,9.192039728E0
3.535530005E0,7.992027402E-1,-2.919243574E-1,1.218425274E1,1.221392483E1
3.537905525E0,2.124826431E0,-5.455635786E-1,7.934599876E0,8.232278067E0
3.540281046E0,-5.302495003E0,-2.919243574E-1,1.075813103E1,1.199746041E1
3.542656619E0,5.436492920E0,-5.359922647E-1,1.031306553E1,1.167056398E1
3.545032140E0,-4.843072891E0,5.647061467E-1,9.025727272E0,1.025855744E1
3.547407713E0,2.258824587E0,-3.684946895E-1,1.171047401E1,1.193202743E1
3.549783234E0,-1.100698411E-1,-6.604190469E-1,7.618747234E0,7.648109447E0
3.552158755E0,-3.857230186E0,-2.775674164E-1,1.159561825E1,1.222348686E1
3.554534327E0,5.934200287E0,-7.034898400E-1,9.690931320E0,1.138524400E1
3.556909848E0,-5.948556900E0,5.982056856E-1,9.284152031E0,1.104258385E1
3.559285421E0,3.364308596E0,-3.254238665E-1,1.144726372E1,1.193584181E1
3.561660942E0,-2.297109842E0,-5.934200287E-1,7.862815380E0,8.212960895E0
3.564036515E0,-1.627119422E0,-4.929214716E-1,1.216989613E1,1.228807800E1
3.566412036E0,4.986642361E0,-3.972085714E-1,8.982656479E0,1.028165814E1
3.568787557E0,-6.340980053E0,2.967100143E-1,9.480362892E0,1.140935342E1
3.571163130E0,4.192225456E0,-5.647061467E-1,1.087777138E1,1.167131344E1
3.573538650E0,-3.641875982E0,-3.206382394E-1,8.595019341E0,9.340258402E0
3.575914223E0,7.704889178E-1,-3.014956415E-1,1.239482117E1,1.242240494E1
3.578289744E0,2.431107759E0,1.435693540E-2,7.771887779E0,8.143262903E0
3.580665265E0,-6.015556335E0,-5.455635786E-1,1.044706345E1,1.206754707E1
3.583040838E0,5.441278458E0,-6.795616150E-1,1.061934662E1,1.195156215E1
3.585416359E0,-4.541577339E0,9.714859724E-1,9.126225471E0,1.024000494E1
3.587791932E0,1.861616015E0,-8.805587292E-1,1.133719349E1,1.152271470E1
3.590167452E0,-8.614161611E-2,-7.034898400E-1,7.881958008E0,7.913758928E0
3.592542973E0,-3.651447296E0,3.349951804E-1,1.185404301E1,1.240820796E1
3.594918546E0,5.536991596E0,-4.498506486E-1,9.035298347E0,1.060647245E1
3.597294067E0,-6.163911343E0,-1.100698411E-1,9.274580956E0,1.113659599E1
3.599669640E0,3.871587038E0,-3.541377485E-1,1.194497108E1,1.256172496E1
3.602045161E0,-2.134397745E0,1.100698411E-1,7.709674358E0,8.000427977E0
3.604420682E0,-1.713261008E0,-2.105683982E-1,1.178225899E1,1.190803213E1
3.606796255E0,4.503292084E0,-4.977070987E-1,8.896514893E0,9.983753261E0
3.609171775E0,-5.824130535E0,-4.785645381E-2,9.901499748E0,1.148749250E1
3.611547348E0,4.862215519E0,-3.014956415E-1,1.079641533E1,1.184460313E1
3.613922869E0,-3.900300980E0,1.244267747E-1,8.523234367E0,9.374078826E0
3.616298442E0,1.172483087E0,-1.435693651E-1,1.224168110E1,1.229853995E1
3.618673963E0,2.000399828E0,-4.259224236E-1,7.671389580E0,7.939346791E0
3.621049484E0,-4.948357105E0,-2.057827413E-1,1.082034397E1,1.189993396E1
3.623425057E0,5.848058701E0,-6.173482537E-1,1.028435135E1,1.184688955E1
3.625800577E0,-4.804787636E0,6.125625968E-1,9.054440498E0,1.026859824E1
3.628176150E0,2.780459881E0,-1.674975902E-1,1.177268696E1,1.209773412E1
3.630551671E0,-5.407779217E-1,-4.211367965E-1,7.479963779E0,7.511301825E0
3.632927192E0,-3.086741209E0,-4.594219327E-1,1.162433243E1,1.203595215E1
3.635302765E0,6.168696880E0,-5.455635786E-1,9.753145218E0,1.155310791E1
3.637678286E0,-5.728417397E0,5.599204898E-1,9.183652878E0,1.083825433E1
3.640053859E0,3.852444410E0,-1.196411327E-1,1.114098263E1,1.178885643E1
3.642429380E0,-2.833101988E0,-5.694918036E-1,8.102097511E0,8.602021383E0
3.644804952E0,-1.196411327E-1,-4.450650215E-1,1.240917778E1,1.241773289E1
3.647180473E0,4.383651257E0,-2.392822653E-1,8.504091263E0,9.570434815E0
3.649555994E0,-5.929414749E0,4.546363056E-1,1.004985523E1,1.167751016E1
3.651931567E0,4.819144726E0,-5.647061467E-1,1.035613632E1,1.143645961E1
3.654307088E0,-4.019941807E0,-1.914258152E-1,8.949156761E0,9.812440202E0
3.656682609E0,2.201396942E0,-4.067798555E-1,1.227517986E1,1.247764637E1
3.659058182E0,1.383051515E0,-3.828516230E-2,7.546962738E0,7.672740307E0
3.661433702E0,-5.130211830E0,4.785645287E-3,1.096391296E1,1.210481242E1
3.663809275E0,5.800201893E0,-9.523434043E-1,1.002592659E1,1.162189761E1
3.666184796E0,-4.943571568E0,4.594219327E-1,9.389435768E0,1.062127452E1
3.668560369E0,3.273381472E0,-2.297109663E-1,1.151426220E1,1.197272013E1
3.670935890E0,-1.521835208E0,-1.483550072E-1,7.580461979E0,7.733136196E0
3.673311411E0,-2.909672260E0,-5.694918036E-1,1.167697430E1,1.204749942E1
3.675686984E0,5.747560024E0,-5.407779217E-1,9.695717812E0,1.128422930E1
3.678062505E0,-5.905486107E0,4.785645306E-1,9.355937004E0,1.107417480E1
3.680438025E0,3.847658873E0,-1.531406492E-1,1.086820030E1,1.153020853E1
3.682813546E0,-3.498306751E0,-4.067798555E-1,8.355736732E0,9.067632344E0
3.685189119E0,1.962114573E-1,-4.307080805E-1,1.250489140E1,1.251384502E1
3.687564692E0,3.560520172E0,-1.818545163E-1,8.054241180E0,8.808017709E0
3.689940213E0,-6.096911907E0,4.546363056E-1,1.025563812E1,1.193972957E1
3.692315786E0,4.795216560E0,-5.886343718E-1,1.026999474E1,1.134959841E1
3.694691307E0,-4.508078098E0,3.349951655E-2,9.116654396E0,1.017041188E1
3.697066827E0,2.292324066E0,-3.876372576E-1,1.193539906E1,1.215971887E1
3.699442400E0,6.460621357E-1,-2.392822690E-2,7.604390144E0,7.631822738E0
3.701817921E0,-4.910071850E0,-8.614161611E-2,1.110269737E1,1.214026832E1
3.704193494E0,5.838487148E0,-8.231309652E-1,9.939785004E0,1.155702395E1
3.706569015E0,-5.350351334E0,5.264210105E-1,9.312865257E0,1.075327103E1
3.708944588E0,3.416950703E0,-2.009970993E-1,1.145204926E1,1.195263084E1
3.711320109E0,-2.038684845E0,-3.062812984E-1,7.642675400E0,7.915840536E0
3.713695630E0,-2.287538528E0,-5.742774606E-1,1.202154064E1,1.225071698E1
3.716071202E0,5.517848969E0,-4.737788737E-1,9.408578873E0,1.091753086E1
3.718446723E0,-5.934200287E0,4.450650215E-1,9.461220741E0,1.117709774E1
3.720822296E0,4.197010994E0,-1.962114573E-1,1.087298584E1,1.165655272E1
3.723197817E0,-3.598805189E0,-5.168496966E-1,8.264809608E0,9.029153352E0
3.725573338E0,7.274180651E-1,-5.407779217E-1,1.259581852E1,1.262838952E1
3.727948911E0,3.215953588E0,-2.967100143E-1,8.044670105E0,8.668743358E0
3.730324432E0,-5.819344521E0,2.201396823E-1,1.045663452E1,1.196889459E1
3.732700005E0,5.144568920E0,-9.140582681E-1,1.033699417E1,1.158255328E1
3.735075525E0,-4.388436794E0,5.264209956E-2,9.241081238E0,1.023028500E1
3.737451098E0,2.512463808E0,-4.163511395E-1,1.196411324E1,1.223216367E1
3.739826619E0,3.589234054E-1,-5.264209956E-2,7.542177200E0,7.550896246E0
3.742202140E0,-4.622933388E0,-6.029912829E-1,1.121276665E1,1.214336228E1
3.744577713E0,6.178267956E0,-9.044869542E-1,1.005942631E1,1.183981204E1
3.746953234E0,-5.422136307E0,4.402793646E-1,9.322437286E0,1.079357425E1
3.749328755E0,3.527020693E0,-2.488535494E-1,1.148076344E1,1.201289857E1
3.751704327E0,-2.335394859E0,-5.599204898E-1,7.704888821E0,8.070495142E0
3.754079848E0,-1.823330879E0,-7.034898400E-1,1.219861031E1,1.235417042E1
3.756455421E0,5.379065514E0,-4.211367965E-1,9.169296265E0,1.063897063E1
3.758830942E0,-6.111268997E0,5.407779217E-1,9.470791817E0,1.128432307E1
3.761206463E0,4.058227062E0,-3.062812984E-1,1.081077290E1,1.155144258E1
3.763582036E0,-3.570091486E0,-5.838487148E-1,8.427521706E0,9.171126138E0
3.765957557E0,7.609176040E-1,-4.546363056E-1,1.254317665E1,1.257445706E1
3.768333130E0,2.919243574E0,-2.057827413E-1,7.896314621E0,8.421170594E0
3.770708650E0,-6.044270039E0,3.014956415E-1,1.044227791E1,1.206918671E1
3.773084171E0,5.125426292E0,-9.188438654E-1,1.027956581E1,1.152318281E1
3.775459744E0,-4.417150497E0,2.201396823E-1,9.221938133E0,1.022760103E1
3.777835265E0,2.344966173E0,-3.110669553E-1,1.193061352E1,1.216286019E1
3.780210838E0,1.148554832E-1,1.244267747E-1,7.422535896E0,7.424467182E0
3.782586359E0,-4.613361835E0,-3.302095234E-1,1.107398319E1,1.200105202E1
3.784961932E0,5.996413708E0,-7.561319470E-1,1.004028416E1,1.171904513E1
3.787337452E0,-5.565705299E0,5.790630579E-1,9.236295700E0,1.079914570E1
3.789712973E0,3.321237803E0,-1.052841991E-1,1.132762241E1,1.180494536E1
3.792088546E0,-2.306680918E0,-3.780659735E-1,7.819744587E0,8.161624602E0
3.794464067E0,-1.765903115E0,-4.211367965E-1,1.210289669E1,1.223829556E1
3.796839640E0,5.106283665E0,-2.775674164E-1,9.049654961E0,1.039458664E1
3.799215161E0,-6.235695839E0,6.029912829E-1,9.499505997E0,1.137928448E1
3.801590682E0,4.067798615E0,-1.722832322E-1,1.078205872E1,1.152516626E1
3.803966255E0,-3.637090445E0,-4.019941986E-1,8.456234932E0,9.214007568E0
3.806341775E0,7.369893789E-1,-3.924229145E-1,1.241874981E1,1.244678657E1
3.808717348E0,2.694318295E0,-2.153540403E-1,7.834101200E0,8.287271568E0
3.811092869E0,-6.020341873E0,4.307080805E-2,1.050927734E1,1.211161763E1
3.813468390E0,5.245067120E0,-6.604190469E-1,1.047577763E1,1.173408707E1
3.815843963E0,-4.503292084E0,3.780659735E-1,9.068798065E0,1.013240701E1
3.818219484E0,2.244467735E0,-2.967100143E-1,1.162433243E1,1.184275207E1
3.820595057E0,-1.100698411E-1,-5.120640397E-1,7.432106972E0,7.450539510E0
3.822970577E0,-4.086941242E0,-4.211367965E-1,1.168654537E1,1.238772730E1
3.825346098E0,6.020341873E0,-3.254238665E-1,9.848857880E0,1.154774517E1
3.827721671E0,-5.919843197E0,8.949156404E-1,9.001798630E0,1.081100347E1
3.830097192E0,3.019742250E0,-1.172483087E0,1.108355427E1,1.154723928E1
3.832472765E0,-2.239681959E0,-3.445664644E-1,8.456234932E0,8.754587972E0
3.834848286E0,-7.465606928E-1,4.019941986E-1,1.222253799E1,1.225191361E1
3.837223807E0,3.948157310E0,-6.843472719E-1,8.078168869E0,9.017377092E0
3.839599380E0,-6.317051888E0,-4.737788737E-1,1.015035343E1,1.196491896E1
3.841974900E0,5.087141037E0,1.148554832E-1,1.116012478E1,1.226542216E1
3.844350473E0,-4.182653904E0,3.158525825E-1,8.054241180E0,9.081032845E0
3.846725994E0,7.800601721E-1,-1.220339537E0,1.199282742E1,1.207996821E1
3.849101515E0,1.947757602E0,-4.211367965E-1,8.221738815E0,8.459793439E0
3.851477088E0,-4.871787071E0,9.379864931E-1,1.128933716E1,1.233139333E1
3.853852609E0,5.221138954E0,-1.220339537E0,9.092725754E0,1.055590745E1
3.856228182E0,-5.474778175E0,1.148554832E-1,9.571290970E0,1.102705757E1
3.858603702E0,3.531806231E0,-9.571290575E-3,1.194975662E1,1.246075560E1
3.860979275E0,-1.454836130E0,1.004985496E-1,7.149754047E0,7.296960399E0
3.863354796E0,-3.225524902E0,-1.038485050E0,1.177268696E1,1.225065795E1
3.865730317E0,5.661418438E0,-3.828516304E-1,9.628718376E0,1.117633445E1
3.868105890E0,-5.800201893E0,1.081555843E0,9.604789734E0,1.127227088E1
3.870481411E0,3.699303865E0,-1.148554921E0,1.024606609E1,1.095380746E1
3.872856984E0,-3.483949661E0,-1.435693651E-1,9.025727272E0,9.675860179E0
3.875232505E0,9.044869542E-1,4.929214716E-1,1.227039433E1,1.231355534E1
3.877608025E0,2.612962246E0,-5.455635786E-1,7.432106972E0,7.896925057E0
3.879983598E0,-5.493920803E0,-7.657032609E-1,1.086341476E1,1.219767386E1
3.882359119E0,5.699703693E0,5.120640397E-1,1.061934662E1,1.206314032E1
3.884734692E0,-5.048855782E0,6.029912829E-1,8.408378601E0,9.826259405E0
3.887110213E0,2.239681959E0,-1.339980721E0,1.163868904E1,1.192773265E1
3.889485734E0,1.674975902E-1,-1.627119333E-1,8.327022552E0,8.330296226E0
3.891861307E0,-2.938386202E0,7.561319470E-1,1.165304661E1,1.204156735E1
3.894236827E0,4.981856823E0,-7.848458290E-1,8.398807526E0,9.796675366E0
3.896612348E0,-5.690132141E0,-3.493520916E-1,9.973284721E0,1.148764810E1
3.898987921E0,4.819144726E0,3.732803464E-1,1.151426220E1,1.248766304E1
3.901363442E0,-3.713660717E0,4.019941986E-1,7.417750359E0,8.305172824E0
3.903739015E0,-2.775674164E-1,-1.071984529E0,1.200718403E1,1.205813679E1
3.906114536E0,3.507878065E0,-2.679961324E-1,8.829515457E0,9.504597501E0
3.908490109E0,-4.728217602E0,7.465606928E-1,1.071984577E1,1.174003782E1
3.910865630E0,4.800002098E0,-6.460621357E-1,8.872586250E0,1.010842239E1
3.913241150E0,-5.460421085E0,-2.871387303E-1,9.274580956E0,1.076645248E1
3.915616723E0,3.905086517E0,5.264210105E-1,1.257188988E1,1.317494724E1
3.917992244E0,-1.167697430E0,-6.221338734E-2,7.054041386E0,7.150306823E0
3.920367817E0,-3.148954630E0,-1.134197950E0,1.148076344E1,1.195868928E1
3.922743338E0,5.316852093E0,1.483550072E-1,9.422935486E0,1.082047312E1
3.925118859E0,-5.551348686E0,6.412764788E-1,9.911071777E0,1.137796342E1
3.927494432E0,4.106083870E0,-7.657032609E-1,1.012164021E1,1.094960395E1
3.929869952E0,-3.766302824E0,-3.014956415E-1,8.786444664E0,9.564389495E0
3.932245525E0,1.091127157E0,5.934200287E-1,1.250489140E1,1.256642410E1
3.934620734E0,1.521835208E0,-3.302095234E-1,7.216753006E0,7.382854778E0
3.936996567E0,-4.522434711E0,-9.092726111E-1,1.110748291E1,1.202727604E1
3.939372140E0,5.546562672E0,3.828516230E-2,9.949356079E0,1.139102759E1
3.941747661E0,-6.049055576E0,8.135597110E-1,8.910871506E0,1.080076774E1
3.944123234E0,3.393022537E0,-5.838487148E-1,1.133719349E1,1.184843608E1
3.946498755E0,-1.780260086E0,-7.322037220E-1,8.403593063E0,8.621242639E0
3.948874275E0,-9.140582681E-1,3.158525825E-1,1.220818138E1,1.224642634E1
3.951249848E0,3.134597778E0,-2.775674164E-1,7.422535896E0,8.062058424E0
3.953625369E0,-5.876772404E0,-6.460621357E-1,1.071984577E1,1.224209719E1
3.956000942E0,5.852844238E0,1.100698411E-1,1.091127110E1,1.238239629E1
3.958376463E0,-4.747360229E0,4.881358147E-1,8.102097511E0,9.403174454E0
3.960751984E0,1.272981644E0,-8.662018180E-1,1.182532978E1,1.192515041E1
3.963127557E0,2.440679073E-1,-6.173482537E-1,8.322237015E0,8.348671567E0
3.965503077E0,-2.344966173E0,6.317051649E-1,1.196411324E1,1.220810891E1
3.967878650E0,4.651647091E0,-4.929214716E-1,8.178668022E0,9.421857718E0
3.970254171E0,-6.206982136E0,-6.412764788E-1,9.796216011E0,1.161480568E1
3.972629744E0,4.862215519E0,5.264210105E-1,1.146162033E1,1.246142044E1
3.975005265E0,-3.464807272E0,1.914258152E-1,7.963313580E0,8.686535353E0
3.977380786E0,1.627119333E-1,-8.949156404E-1,1.169611740E1,1.173143263E1
3.979756359E0,2.234896421E0,-5.838487148E-1,8.288737297E0,8.604580601E0
3.982131880E0,-4.326223373E0,7.992027402E-1,1.155733299E1,1.236636081E1
3.984507452E0,5.560919762E0,-6.556333899E-1,8.963513374E0,1.056873955E1
3.986882973E0,-5.670989513E0,-3.637090325E-1,9.245866776E0,1.085257844E1
3.989258494E0,3.838087559E0,1.818545163E-1,1.204068375E1,1.263891025E1
3.991634067E0,-2.167897224E0,1.770688742E-1,7.570890903E0,7.877151822E0
3.994009588E0,-1.292124271E0,-7.561319470E-1,1.207896900E1,1.217139322E1
3.996385109E0,4.163511276E0,-7.800601721E-1,8.848658562E0,9.810304703E0
3.998760682E0,-4.575077057E0,6.747759581E-1,1.075334454E1,1.170560000E1
4.001136150E0,4.426722050E0,-5.312066078E-1,9.322437286E0,1.033372564E1
4.003511775E0,-5.053641319E0,-5.120640397E-1,9.265008926E0,1.056607262E1
4.005887296E0,3.680161238E0,2.679961324E-1,1.275853062E1,1.328139722E1
4.008262869E0,-6.125625968E-1,-3.828516304E-1,6.977470875E0,7.014763582E0
4.010638390E0,-3.206382275E0,-7.130611539E-1,1.201196957E1,1.245298183E1
4.013013911E0,5.158925533E0,-4.163511395E-1,8.949156761E0,1.033804951E1
4.015389484E0,-4.972285271E0,6.029912829E-1,1.062413216E1,1.174561209E1
4.017765005E0,4.364508629E0,-7.465606928E-1,1.003549862E1,1.096893436E1
4.020140525E0,-4.287938118E0,-4.498506486E-1,8.805587769E0,9.804445668E0
4.022516098E0,1.756331801E0,5.407779217E-1,1.256231880E1,1.269602284E1
4.024891619E0,9.667003751E-1,-5.790630579E-1,7.508677483E0,7.592763738E0
4.027267192E0,-3.617947817E0,-9.810572863E-1,1.127498055E1,1.188180147E1
4.029642713E0,5.201996326E0,-4.211367965E-1,9.403793335E0,1.075497332E1
4.032018286E0,-5.714060307E0,8.279166222E-1,1.000199890E1,1.154884900E1
4.034393807E0,4.067798615E0,-7.226324677E-1,1.069113159E1,1.146165250E1
4.036769327E0,-3.129812002E0,-6.699903607E-1,8.695517540E0,9.265885578E0
4.039144900E0,7.896314859E-1,1.627119333E-1,1.244267750E1,1.246876964E1
4.041520421E0,1.363908887E0,-2.679961324E-1,7.197610378E0,7.330597829E0
4.043895942E0,-4.555934429E0,-8.997012973E-1,1.151904774E1,1.241992197E1
4.046271515E0,5.828916073E0,-4.498506486E-1,1.004028416E1,1.161834472E1
4.048647036E0,-5.297709465E0,8.039883971E-1,9.288937569E0,1.072364136E1
4.051022609E0,2.617748022E0,-6.412764788E-1,1.092562866E1,1.125314187E1
4.053398130E0,-2.392822742E0,-8.614161611E-1,8.604590416E0,8.972547838E0
4.055773702E0,4.689932466E-1,5.838487148E-1,1.256710434E1,1.258939814E1
4.058149223E0,2.330609322E0,-6.317051649E-1,7.355536938E0,7.741751408E0
4.060524744E0,-5.402993679E0,-8.374879360E-1,1.096391296E1,1.225157599E1
4.062900317E0,5.694917679E0,-3.828516230E-2,1.020299530E1,1.168480493E1
4.065275838E0,-5.063212872E0,4.163511395E-1,8.920442581E0,1.026565968E1
4.067651411E0,2.770888567E0,-7.417750359E-1,1.155733299E1,1.190798050E1
4.070026932E0,-1.741974831E0,-6.077769399E-1,8.240880966E0,8.444879408E0
4.072402452E0,-1.110269666E0,4.019941986E-1,1.216032505E1,1.221752035E1
4.074778025E0,3.555734396E0,-5.551348329E-1,7.968099594E0,8.743113457E0
4.077153546E0,-5.187639713E0,-8.470591903E-1,1.069591713E1,1.191770776E1
4.079529067E0,5.206781864E0,-1.052841991E-1,1.015513897E1,1.141264692E1
4.081904640E0,-5.235496044E0,8.518448472E-1,8.901300430E0,1.036191140E1
4.084280161E0,2.474178553E0,-6.364908218E-1,1.160040379E1,1.187838575E1
4.086655734E0,-7.704889178E-1,-7.178468108E-1,8.355736732E0,8.421834335E0
4.089031255E0,-1.440479279E0,5.742774159E-2,1.188275719E1,1.196988709E1
4.091406827E0,3.555734396E0,0.000000000E0,7.819744587E0,8.590206779E0
4.093782348E0,-5.541777134E0,-5.072783828E-1,1.063848972E1,1.200608549E1
4.096157869E0,5.522634506E0,-5.503492355E-1,1.071027374E1,1.206284957E1
4.098533442E0,-4.421936035E0,8.757730722E-1,8.638090134E0,9.743567002E0
4.100908963E0,1.354337573E0,-3.349951804E-1,1.143290615E1,1.151771657E1
4.103284536E0,-4.498506486E-1,-9.236295223E-1,8.030312538E0,8.095762877E0
4.105660057E0,-1.143769264E0,2.392822653E-1,1.238525009E1,1.244025257E1
4.108035577E0,3.718446493E0,-2.440679073E-1,7.733603001E0,8.584580877E0
4.110411150E0,-5.996413708E0,-5.312066078E-1,1.033220863E1,1.195799703E1
4.112786671E0,5.216353416E0,1.339980662E-1,1.087298584E1,1.206027029E1
4.115162244E0,-4.053441525E0,3.684946895E-1,8.346165657E0,9.285723327E0
4.117537765E0,1.445264935E0,-7.130611539E-1,1.188754272E1,1.199628772E1
4.119913286E0,1.196411327E-1,-4.642075896E-1,8.173882484E0,8.187927550E0
4.122288859E0,-2.541177750E0,9.092725813E-2,1.164826107E1,1.192257682E1
4.124664380E0,4.661218643E0,-2.488535494E-1,8.504091263E0,9.700951270E0
4.127039952E0,-5.532206059E0,-4.737788737E-1,1.020299530E1,1.161597535E1
4.129415473E0,4.733003139E0,-2.632105052E-1,1.065284634E1,1.165991996E1
4.131790994E0,-4.096512318E0,4.115654826E-1,8.561519623E0,9.500021977E0
4.134166567E0,1.507478237E0,-4.546363056E-1,1.208854008E1,1.219065158E1
4.136542088E0,8.374879360E-1,-1.100698411E-1,8.193024635E0,8.236452761E0
4.138917661E0,-3.077169895E0,-6.508477330E-1,1.113619614E1,1.157183830E1
4.141293182E0,4.919643402E0,-5.551348329E-1,8.901300430E0,1.018549043E1
4.143668702E0,-5.307280540E0,1.435693651E-1,1.037527943E1,1.165479567E1
4.146044275E0,4.493721008E0,-1.627119333E-1,1.050927734E1,1.143087547E1
4.148419796E0,-3.780659676E0,-9.092725813E-2,8.350951195E0,9.167335557E0
4.150795317E0,7.130611539E-1,-5.982056856E-1,1.229432297E1,1.232950459E1
4.153170890E0,1.818545222E0,-5.312066078E-1,8.011170387E0,8.232140558E0
4.155546411E0,-3.259024382E0,-6.699903309E-2,1.162911797E1,1.207733884E1
4.157921984E0,4.747360229E0,-1.914258152E-1,8.786444664E0,9.988777844E0
4.160297505E0,-5.905486107E0,-4.833501875E-1,9.446864128E0,1.115130644E1
4.162673025E0,4.407579422E0,-3.302095234E-1,1.153819084E1,1.235579389E1
4.165048598E0,-2.502892494E0,5.216353536E-1,8.575876236E0,8.948867386E0
4.167424119E0,-3.541377485E-1,-7.800601721E-1,1.155733299E1,1.158904022E1
4.169799692E0,2.215753794E0,-6.699903607E-1,8.288737297E0,8.605905992E0
4.172175213E0,-4.039084435E0,1.722832322E-1,1.142812061E1,1.212212132E1
4.174550786E0,5.216353416E0,-3.397808075E-1,8.930013657E0,1.034750878E1
4.176926307E0,-5.709274769E0,-2.009970993E-1,9.547362328E0,1.112602111E1
4.179301827E0,3.689732552E0,-2.679961324E-1,1.167697430E1,1.224898677E1
4.181677400E0,-2.440679073E0,1.292124242E-1,7.996813297E0,8.361975431E0
4.184052921E0,-8.422735929E-1,-4.067798555E-1,1.204068375E1,1.207695987E1
4.186428494E0,3.148954630E0,-1.435693651E-1,8.432307243E0,9.002240436E0
4.188804015E0,-4.742574692E0,-4.642075896E-1,1.054277611E1,1.156968588E1
4.191179536E0,5.053641319E0,-4.881358147E-1,9.700503349E0,1.094885073E1
4.193555109E0,-5.340780258E0,2.057827413E-1,9.379864693E0,1.079574648E1
4.195930630E0,3.330809116E0,-1.244267747E-1,1.163390350E1,1.210196191E1
4.198306202E0,-1.694118381E0,2.009970993E-1,8.068597794E0,8.246981707E0
4.200681723E0,-2.167897224E0,-5.982056856E-1,1.153819084E1,1.175531694E1
4.203057244E0,4.216153622E0,-8.327022791E-1,8.532805443E0,9.553957985E0
4.205432817E0,-4.565505505E0,2.584248483E-1,1.126062298E1,1.215369301E1
4.207808338E0,4.465006828E0,-1.292124242E-1,9.422935486E0,1.042807245E1
4.210183911E0,-5.455635548E0,-1.052841991E-1,8.638090134E0,1.021722297E1
4.212559432E0,2.421536446E0,-2.057827413E-1,1.242353535E1,1.265900532E1
4.214934952E0,2.823530734E-1,1.196411327E-1,8.015955925E0,8.021819410E0
4.217310525E0,-2.818745136E0,-8.997012973E-1,1.115533924E1,1.154107361E1
4.219686046E0,4.488935471E0,-4.259224236E-1,8.992227554E0,1.005942881E1
4.222061619E0,-5.422136307E0,2.775674164E-1,1.048056316E1,1.180333894E1
4.224437140E0,4.723432064E0,-2.344966233E-1,1.006421185E1,1.111998917E1
4.226812661E0,-4.197010994E0,-4.785645287E-3,8.834300995E0,9.780582715E0
4.229188234E0,1.459621787E0,-4.737788737E-1,1.214118195E1,1.223778008E1
4.231563755E0,8.422735929E-1,-3.014956415E-1,7.838887215E0,7.889770414E0
4.233939275E0,-3.364308596E0,-4.929214716E-1,1.154297638E1,1.203336394E1
4.236314848E0,5.264209747E0,-1.674975902E-1,9.150154114E0,1.055771187E1
4.238690369E0,-5.627918720E0,1.914258115E-2,9.590433121E0,1.111981308E1
4.241065942E0,3.890729666E0,-3.637090325E-1,1.083948612E1,1.152234876E1
4.243441463E0,-3.220739365E0,-2.679961324E-1,8.484949112E0,9.079611523E0
4.245817036E0,1.014556766E0,-2.679961324E-1,1.240917778E1,1.245346701E1
4.248192557E0,1.646261930E0,6.699903309E-2,7.819744587E0,7.991437456E0
4.250568077E0,-4.790431023E0,-6.795616150E-1,1.080598736E1,1.183973801E1
4.252943650E0,5.642275810E0,-7.322037220E-1,9.638289452E0,1.119231978E1
4.255319171E0,-5.000999451E0,7.944171429E-1,9.930213928E0,1.114675929E1
4.257694692E0,3.148954630E0,-3.828516304E-1,1.060020447E1,1.106466562E1
4.260070265E0,-3.005385160E0,-4.833501875E-1,8.245666504E0,8.789595182E0
4.262445786E0,-4.211367965E-1,-2.871387079E-2,1.246660614E1,1.247375041E1
4.264821359E0,3.096312523E0,-2.201396823E-1,7.853243828E0,8.444468683E0
4.267196880E0,-5.015356064E0,-7.178468108E-1,1.086341476E1,1.198677942E1
4.269572400E0,5.134997368E0,-2.488535494E-1,9.872786522E0,1.113112931E1
4.271947973E0,-5.603990555E0,4.115654826E-1,9.068798065E0,1.066851417E1
4.274323494E0,3.038884640E0,-3.254238665E-1,1.159561825E1,1.199162554E1
4.276699067E0,-1.713261008E0,6.699903309E-2,8.370093346E0,8.543899272E0
4.279074588E0,-1.627119422E0,-5.455635786E-1,1.144247818E1,1.157045652E1
4.281450161E0,3.555734396E0,-6.125625968E-1,8.269595146E0,9.022454428E0
4.283825682E0,-5.111069202E0,-1.722832322E-1,1.105484104E1,1.218040313E1
4.286201202E0,5.144568920E0,-6.221338734E-2,9.863214493E0,1.112445325E1
4.288576775E0,-5.268995285E0,5.264210105E-1,8.757730484E0,1.023412300E1
4.290952296E0,1.923829436E0,-4.354937077E-1,1.176790142E1,1.193206932E1
4.293327869E0,-3.254238665E-1,-6.843472719E-1,8.092526436E0,8.127928149E0
4.295703390E0,-1.746760488E0,-1.148554832E-1,1.217468166E1,1.229988771E1
4.298078911E0,4.134797573E0,4.307080805E-2,8.082955360E0,9.079238593E0
4.300454484E0,-6.116054535E0,-4.929214716E-1,1.014078236E1,1.185261834E1
4.302830005E0,5.154139996E0,-4.546363056E-1,1.080120182E1,1.197655268E1
4.305205577E0,-3.627519131E0,8.231309652E-1,9.044869423E0,9.779882541E0
4.307581098E0,1.220339537E0,-7.178468108E-1,1.145683479E1,1.154398528E1
4.309956619E0,4.498506486E-1,-6.987041831E-1,8.164310455E0,8.206492451E0
4.312332192E0,-2.991028309E0,5.742774159E-2,1.175833035E1,1.213292548E1
4.314707713E0,5.340780258E0,-3.397808075E-1,8.595019341E0,1.012490702E1
4.317083234E0,-5.752345562E0,-3.493520916E-1,9.934999466E0,1.148545779E1
4.319458807E0,4.493721008E0,-2.297109663E-1,1.114576817E1,1.201975223E1
4.321834327E0,-3.531806231E0,1.004985496E-1,8.264809608E0,8.988372104E0
4.324209900E0,8.470591903E-1,-4.163511395E-1,1.219861031E1,1.223507053E1
4.326585421E0,1.871187329E0,-2.392822690E-2,8.331808090E0,8.539375893E0
4.328960942E0,-3.933800459E0,-4.211367965E-1,1.082512951E1,1.152543149E1
4.331336515E0,5.173282623E0,-6.460621357E-1,8.987442017E0,1.039010892E1
4.333712036E0,-5.455635548E0,-6.221338734E-2,1.017906761E1,1.154907993E1
4.336087609E0,4.417150497E0,-2.871387079E-2,1.118405342E1,1.202477002E1
4.338463130E0,-3.096312523E0,4.211367965E-1,8.035098076E0,8.621328699E0
4.340838650E0,-8.997012973E-1,-8.327022791E-1,1.176311588E1,1.182682336E1
4.343214223E0,3.215953588E0,-7.226324677E-1,8.312665939E0,8.942313469E0
4.345589744E0,-3.885943890E0,5.647061467E-1,1.157647610E1,1.222433032E1
4.347965317E0,4.756931305E0,-4.354937077E-1,8.824729919E0,1.003463544E1
4.350340838E0,-6.087340832E0,-2.775674164E-1,9.188439369E0,1.102543333E1
4.352716359E0,3.799802303E0,4.402793646E-1,1.231346512E1,1.289394302E1
4.355091932E0,-1.679761529E0,-1.962114573E-1,7.422535896E0,7.612761448E0
4.357467452E0,-1.636690736E0,-7.226324677E-1,1.196411324E1,1.209714676E1
4.359843025E0,3.574877024E0,-3.637090325E-1,8.389236450E0,9.126407739E0
4.362218546E0,-4.943571568E0,5.216353536E-1,1.086341476E1,1.194674783E1
4.364594067E0,4.962714195E0,-3.493520916E-1,9.585647583E0,1.079977864E1
4.366969640E0,-5.364708424E0,-1.627119333E-1,8.958727837E0,1.044343699E1
4.369345161E0,2.847458839E0,-1.244267747E-1,1.202632618E1,1.235945085E1
4.371720734E0,-1.225125194E0,2.536391914E-1,7.877171993E0,7.975907672E0
4.374096255E0,-2.258824587E0,-4.450650215E-1,1.162433243E1,1.185012556E1
4.376471775E0,4.230510235E0,-3.972085714E-1,8.690732002E0,9.673872763E0
4.378847348E0,-5.163711071E0,-2.488535494E-1,1.033699417E1,1.155765065E1
4.381222869E0,4.484149456E0,-6.221338734E-2,1.004506969E1,1.100067689E1
4.383598390E0,-4.977071285E0,1.722832322E-1,8.752944946E0,1.007049976E1
4.385973963E0,2.421536446E0,-2.679961324E-1,1.219382381E1,1.243483011E1
4.388349484E0,-3.014956415E-1,-5.264209956E-2,7.968099594E0,7.973975292E0
4.390725057E0,-3.211168051E0,-3.397808075E-1,1.138983536E1,1.183872462E1
4.393100577E0,4.809573650E0,-7.130611539E-1,8.551948547E0,9.837493525E0
4.395476150E0,-5.044070244E0,-2.871387079E-2,1.078205872E1,1.190362379E1
4.397851671E0,4.565505505E0,-1.100698411E-1,1.035135078E1,1.131399218E1
4.400227192E0,-4.666004181E0,4.929214716E-1,8.274380684E0,9.512094527E0
4.402602765E0,1.071984529E0,-5.312066078E-1,1.220339584E1,1.226190040E1
4.404978286E0,1.722832322E0,-7.657032609E-1,8.169096947E0,8.383829532E0
4.407353859E0,-3.110669374E0,-4.163511395E-1,1.149033451E1,1.191122997E1
4.409729380E0,4.828716278E0,-8.614161611E-2,8.714659691E0,9.963393739E0
4.412104900E0,-6.120840549E0,4.785645287E-3,9.757930756E0,1.151876402E1
4.414480473E0,4.790431023E0,-5.742774606E-1,1.136112213E1,1.234314061E1
4.416855994E0,-2.679961443E0,-2.871387079E-2,8.571090698E0,8.980345961E0
4.419231463E0,9.571290575E-3,-2.632105052E-1,1.191625690E1,1.191916734E1
4.421607088E0,2.019542217E0,-5.312066078E-1,7.714460373E0,7.992097977E0
4.423982609E0,-4.106083870E0,-6.939185858E-1,1.144247818E1,1.217668899E1
4.426358182E0,5.910272121E0,-4.402793646E-1,9.810572624E0,1.146178423E1
4.428733702E0,-5.599205017E0,1.866401732E-1,9.054440498E0,1.064747971E1
4.431109223E0,2.991028309E0,-2.249253243E-1,1.145204926E1,1.183833915E1
4.433484796E0,-1.875972986E0,-6.556333899E-1,8.322237015E0,8.556211704E0
4.435860265E0,-2.727817893E-1,-5.359922647E-1,1.235653591E1,1.237116314E1
4.438235890E0,3.278167009E0,-2.344966233E-1,8.116454124E0,8.756608656E0
4.440611411E0,-5.565705299E0,-1.148554832E-1,1.073898792E1,1.209612041E1
4.442986932E0,5.197210789E0,-6.652047038E-1,9.767501831E0,1.108411428E1
4.445362505E0,-4.670789719E0,3.349951655E-2,9.509077072E0,1.059433554E1
4.447738025E0,2.718246460E0,-3.206382394E-1,1.179661560E1,1.210998812E1
4.450113598E0,-1.277767301E0,-4.785645287E-3,7.834101200E0,7.937622679E0
4.452489119E0,-2.770888567E0,-4.785645306E-1,1.167218876E1,1.200611669E1
4.454864640E0,5.082355499E0,-7.369893789E-1,8.781659126E0,1.017305400E1
4.457240213E0,-5.388636589E0,-1.483550072E-1,1.059063339E1,1.188364124E1
4.459615734E0,4.359723091E0,2.392822690E-2,1.015035343E1,1.104705539E1
4.461991307E0,-5.048855782E0,9.571290761E-2,8.446663857E0,9.841048520E0
4.464366827E0,1.828116536E0,-6.987041831E-1,1.246182060E1,1.261456184E1
4.466742348E0,1.143769264E0,-2.679961324E-1,8.106883049E0,8.191555580E0
4.469117921E0,-3.809373617E0,-1.052841991E-1,1.117926693E1,1.181094497E1
4.471493442E0,4.747360229E0,-4.163511395E-1,8.666803360E0,9.890614637E0
4.473869015E0,-5.790630817E0,-1.627119333E-1,1.011685371E1,1.165798480E1
4.476244536E0,4.656432629E0,-1.483550072E-1,1.118405342E1,1.211558603E1
4.478620057E0,-3.412165165E0,3.445664644E-1,8.169096947E0,8.859782282E0
4.480995630E0,-5.694918036E-1,-1.531406492E-1,1.197846985E1,1.199297765E1
4.483371150E0,2.679961443E0,-7.465606928E-1,7.891529083E0,8.367543097E0
4.485746723E0,-3.967299938E0,-2.584248483E-1,1.151426220E1,1.218131710E1
4.488122244E0,5.350351334E0,-1.004985496E-1,9.284152031E0,1.071596185E1
4.490497765E0,-6.149554253E0,4.067798555E-1,8.934800148E0,1.085417620E1
4.492873338E0,3.263810158E0,-4.737788737E-1,1.173918819E1,1.219366486E1
4.495248859E0,-9.475577474E-1,-2.727817893E-1,8.494520187E0,8.551558268E0
4.497624432E0,-1.162911773E0,-2.823530734E-1,1.173918819E1,1.180002655E1
4.499999952E0,3.584448338E0,-8.135596663E-2,7.948956966E0,8.720137931E0
4.502375473E0,-5.704489231E0,-3.589234054E-1,1.060020447E1,1.204302114E1
4.504751046E0,6.001199245E0,-6.460621357E-1,1.052841949E1,1.213587268E1
4.507126567E0,-4.417150497E0,3.062812984E-1,8.930013657E0,9.967455576E0
4.509502088E0,1.928615093E0,4.785645287E-3,1.183490086E1,1.199101569E1
4.511877661E0,-1.483550072E-1,-4.737788737E-1,7.618747234E0,7.634905700E0
4.514253182E0,-2.445464849E0,-8.566305041E-1,1.189711380E1,1.217601868E1
4.516628755E0,5.709274769E0,-4.067798555E-1,9.241081238E0,1.087009065E1
4.519004275E0,-5.819344521E0,1.914258152E-1,9.734002113E0,1.134249583E1
4.521379796E0,4.144368649E0,-6.221338734E-2,1.059541893E1,1.137728282E1
4.523755369E0,-3.527020693E0,-4.785645306E-1,8.528019905E0,9.240996834E0
4.526130890E0,1.378265858E0,-5.551348329E-1,1.250489140E1,1.259285910E1
4.528506463E0,2.048256159E0,-3.397808075E-1,7.920242786E0,8.187859921E0
4.530881984E0,-4.905286312E0,-2.919243574E-1,1.101177025E1,1.205844673E1
4.533257505E0,5.718846321E0,-7.561319470E-1,9.499505997E0,1.111384510E1
4.535633077E0,-5.130211830E0,9.571290761E-2,9.820143700E0,1.107986718E1
4.538008598E0,3.608376503E0,-2.871387303E-1,1.130848026E1,1.187369174E1
4.540384171E0,-2.411965132E0,-6.699903309E-2,7.968099594E0,8.325423461E0
4.542759692E0,-1.660618901E0,-8.757730722E-1,1.201196957E1,1.215779776E1
4.545135213E0,4.560719967E0,-5.455635786E-1,8.877371788E0,9.995275689E0
4.547510734E0,-5.067998409E0,1.674975902E-1,1.068156052E1,1.182406015E1
4.549886307E0,4.402793884E0,-2.823530734E-1,9.518648148E0,1.049137645E1
4.552261880E0,-5.536991596E0,-4.211367965E-1,8.977870941E0,1.055641032E1
4.554637400E0,3.177668571E0,1.196411327E-1,1.280160141E1,1.319063646E1
4.557012921E0,-2.344966233E-1,-2.297109663E-1,7.384250641E0,7.391543365E0
4.559388494E0,-3.747160196E0,-8.901300430E-1,1.139940739E1,1.203245735E1
4.561764015E0,5.082355499E0,-2.919243574E-1,9.111868858E0,1.043751462E1
4.564139536E0,-5.651846886E0,5.168496966E-1,1.046142101E1,1.190175770E1
4.566515109E0,4.546362877E0,-4.689932466E-1,1.030827999E1,1.127608117E1
4.568890630E0,-4.130012035E0,-4.402793646E-1,8.623732567E0,9.571813241E0
4.571266202E0,8.757730722E-1,2.871387303E-1,1.253360462E1,1.256744492E1
4.573641723E0,1.397408366E0,-2.823530734E-1,7.221538544E0,7.360916542E0
4.576017244E0,-4.230510235E0,-6.173482537E-1,1.171525955E1,1.247099202E1
4.578392817E0,5.594419479E0,-4.163511395E-1,9.360722542E0,1.091301993E1
4.580768338E0,-5.790630817E0,6.747759581E-1,9.504291534E0,1.114981100E1
4.583143911E0,3.273381472E0,-1.052841991E-1,1.101177025E1,1.148848097E1
4.585519432E0,-2.306680918E0,-3.254238665E-1,8.556734085E0,8.868166426E0
4.587895005E0,-2.632105052E-1,-4.402793646E-1,1.205982590E1,1.207073015E1
4.590270525E0,2.967100143E0,-1.962114573E-1,7.910671711E0,8.451089227E0
4.592646046E0,-5.364708424E0,-1.100698411E-1,1.099741268E1,1.223663751E1
4.595021619E0,5.838487148E0,-3.110669553E-1,9.963713646E0,1.155250122E1
4.597397140E0,-5.168497086E0,2.584248483E-1,8.982656479E0,1.036669007E1
4.599772661E0,2.718246460E0,-2.297109663E-1,1.178225899E1,1.209393475E1
4.602148234E0,-1.244267821E0,-5.072783828E-1,7.939385414E0,8.052290017E0
4.604523755E0,-1.368694544E0,-4.259224236E-1,1.212203979E1,1.220649759E1
4.606899327E0,4.503292084E0,0.000000000E0,8.504091263E0,9.622848217E0
4.609274848E0,-5.647061348E0,-2.871387079E-2,1.000678444E1,1.149025070E1
4.611650369E0,4.934000492E0,-4.977070987E-1,1.021256733E1,1.135291173E1
4.614025942E0,-4.082155228E0,-1.052841991E-1,9.049654961E0,9.928309573E0
4.616401463E0,2.416750908E0,-1.914258152E-1,1.206939697E1,1.231047002E1
4.618776984E0,6.221338734E-2,1.627119333E-1,7.858029366E0,7.859959999E0
4.621152557E0,-3.603590965E0,-6.556333899E-1,1.114098263E1,1.172762623E1
4.623528077E0,5.613562107E0,-8.662018180E-1,9.064012527E0,1.069666809E1
4.625903650E0,-4.814359188E0,6.891329288E-1,1.052841949E1,1.159743832E1
4.628279171E0,3.905086517E0,-2.632105052E-1,9.992427826E0,1.073161658E1
4.630654744E0,-4.192225456E0,-3.589234054E-1,8.465806961E0,9.453754164E0
4.633030265E0,1.483550072E0,-3.349951655E-2,1.280638695E1,1.289207469E1
4.635405786E0,1.823330879E0,-1.866401732E-1,7.374679565E0,7.599030776E0
4.637781359E0,-4.173082829E0,-8.183453679E-1,1.129412270E1,1.206820272E1
4.640156880E0,5.422136307E0,-4.163511395E-1,9.317651749E0,1.078849130E1
4.642532400E0,-5.551348686E0,7.848458290E-1,9.719645500E0,1.122073812E1
4.644907973E0,3.938585997E0,-5.264210105E-1,1.093998528E1,1.163928076E1
4.647283494E0,-2.933600664E0,-2.440679073E-1,8.427521706E0,8.926852978E0
4.649659067E0,-1.435693540E-2,-4.354937077E-1,1.198804188E1,1.199595803E1
4.652034588E0,2.364108801E0,1.100698411E-1,8.068597794E0,8.408531153E0
4.654410109E0,-4.517649174E0,-4.737788737E-1,1.108833981E1,1.198269169E1
4.656785682E0,5.465207100E0,-4.642075896E-1,9.614361763E0,1.106887209E1
4.659161202E0,-5.498706341E0,2.823530734E-1,9.064012527E0,1.060527311E1
4.661536775E0,2.995813847E0,-1.818545163E-1,1.151904774E1,1.190363106E1
4.663912296E0,-2.081755638E0,1.531406492E-1,8.260024071E0,8.519692262E0
4.666287817E0,-8.853443861E-1,-9.427721500E-1,1.160997581E1,1.168178892E1
4.668663390E0,3.436093330E0,-1.435693651E-1,8.513663292E0,9.182037475E0
4.671038911E0,-5.383851051E0,2.871387303E-1,1.075334454E1,1.202924434E1
4.673414484E0,5.111069202E0,-5.886343718E-1,9.265008926E0,1.059763696E1
4.675790005E0,-4.991427898E0,1.674975902E-1,9.499505997E0,1.073233535E1
4.678165525E0,2.828316450E0,-3.684946895E-1,1.181575775E1,1.215513445E1
4.680541098E0,-1.124626637E0,-1.722832322E-1,7.762316704E0,7.845255075E0
4.682916619E0,-2.665604353E0,-5.264210105E-1,1.180618668E1,1.211480951E1
4.685292140E0,5.096712112E0,-3.541377485E-1,8.930013657E0,1.028819867E1
4.687667713E0,-5.331208706E0,8.135596663E-2,1.018385315E1,1.149518465E1
4.690043234E0,4.249652863E0,-8.135596663E-2,1.002592659E1,1.088969110E1
4.692418807E0,-4.766502857E0,-2.153540403E-1,8.633303642E0,9.864069071E0
4.694794327E0,2.373680115E0,-2.584248483E-1,1.262453270E1,1.284834490E1
4.697169848E0,7.369893789E-1,-4.307080805E-2,7.585247993E0,7.621088870E0
4.699545421E0,-4.010370731E0,-8.662018180E-1,1.117926693E1,1.190837470E1
4.701920942E0,5.503491879E0,-4.594219327E-1,9.226723671E0,1.075322840E1
4.704296515E0,-5.355136871E0,7.274180651E-1,1.016471100E1,1.151207964E1
4.706672036E0,4.120440483E0,-7.369893789E-1,1.051406288E1,1.131665593E1
4.709047557E0,-3.393022537E0,-2.871387303E-1,8.590232849E0,9.240516814E0
4.711423130E0,4.594219327E-1,8.135596663E-2,1.226560879E1,1.227447947E1
4.713798650E0,2.191825628E0,-3.876372576E-1,7.537391186E0,7.859174773E0
4.716174223E0,-4.316651821E0,-6.029912829E-1,1.140897846E1,1.221318431E1
4.718549744E0,5.589633465E0,-5.934200287E-1,9.604789734E0,1.112870772E1
4.720925265E0,-5.603990555E0,3.254238665E-1,9.308079720E0,1.086972672E1
4.723300838E0,3.407379389E0,-2.057827413E-1,1.142333508E1,1.192246472E1
4.725676359E0,-1.928615093E0,1.148554832E-1,8.580661774E0,8.795482047E0
4.728051932E0,-7.322037220E-1,-4.067798555E-1,1.165783215E1,1.168788443E1
4.730427452E0,3.239881754E0,-7.274180651E-1,7.910671711E0,8.579318023E0
4.732802973E0,-5.197210789E0,-3.924229145E-1,1.120798111E1,1.236057589E1
4.735178546E0,5.953342915E0,-2.009970993E-1,1.000199890E1,1.164142061E1
4.737554067E0,-5.331208706E0,8.087740541E-1,8.915657043E0,1.041944539E1
4.739929588E0,2.081755638E0,-7.417750359E-1,1.143290615E1,1.164453863E1
4.742305161E0,-8.039883971E-1,-6.508477330E-1,8.413164139E0,8.476516439E0
4.744680682E0,-1.277767301E0,4.211367965E-1,1.219861031E1,1.227257670E1
4.747056255E0,4.058227062E0,-4.642075896E-1,7.867600918E0,8.864752663E0
4.749431775E0,-5.848058701E0,-7.944171429E-1,1.037049294E1,1.193222581E1
4.751807296E0,5.326423168E0,3.254238665E-1,1.085384369E1,1.209473469E1
4.754182869E0,-4.575077057E0,3.397808075E-1,8.293522835E0,9.477832141E0
4.756558390E0,1.780260086E0,-6.221339107E-1,1.203111267E1,1.217801497E1
4.758933963E0,2.679961324E-1,-6.125625968E-1,8.188239098E0,8.215492340E0
4.761309484E0,-2.622533560E0,3.349951804E-1,1.167697430E1,1.197253661E1
4.763685005E0,4.637290478E0,-1.048056364E0,8.221738815E0,9.497361437E0
4.766060577E0,-5.474778175E0,8.566305041E-1,1.105005455E1,1.236166322E1
4.768436098E0,4.613361835E0,-3.541377485E-1,9.853643417E0,1.088589958E1
4.770811671E0,-4.431507587E0,-2.057827413E-1,8.245666504E0,9.363312562E0
4.773187192E0,1.134197950E0,-2.871387079E-2,1.262931824E1,1.268017778E1
4.775562713E0,1.416550994E0,-2.153540403E-1,7.838887215E0,7.968760684E0
4.777938286E0,-3.574877024E0,-3.828516304E-1,1.137069321E1,1.192556016E1
4.780313807E0,4.977071285E0,-4.307080805E-1,8.700303078E0,1.003254811E1
4.782689380E0,-5.757131100E0,5.742774159E-2,1.000678444E1,1.154485129E1
4.785064900E0,4.594219685E0,-9.092725813E-2,1.102612686E1,1.194531690E1
4.787440421E0,-3.378665686E0,4.785645306E-1,8.322237015E0,8.994667017E0
4.789815994E0,-2.057827413E-1,-3.349951804E-1,1.172483063E1,1.173142027E1
4.792191515E0,2.091326952E0,-8.805587292E-1,7.953742504E0,8.271097383E0
4.794567088E0,-3.574877024E0,-1.244267747E-1,1.187797165E1,1.240489574E1
4.796942609E0,5.010570526E0,-9.571290575E-3,8.920442581E0,1.023133444E1
4.799318130E0,-5.982056618E0,5.264209956E-2,9.035298347E0,1.083625345E1
4.801693702E0,3.550948858E0,-4.785645306E-1,1.171047401E1,1.224636532E1
4.804069223E0,-1.813759565E0,-4.785645287E-3,8.403593063E0,8.597099688E0
4.806444744E0,-4.163511395E-1,-2.919243574E-1,1.173440266E1,1.174541501E1
4.808820317E0,2.416750908E0,-5.264209956E-2,8.044670105E0,8.400010312E0
4.811195838E0,-4.948357105E0,-5.168496966E-1,1.089212894E1,1.197463338E1
4.813571411E0,5.690132141E0,-7.417750359E-1,9.724431038E0,1.129125294E1
4.815946932E0,-4.910071850E0,2.392822653E-1,9.671789169E0,1.084940401E1
4.818322452E0,2.995813847E0,-7.178468257E-2,1.128933716E1,1.168029054E1
4.820698025E0,-2.148754835E0,3.828516230E-2,7.987242222E0,8.271314974E0
4.823073546E0,-1.421336651E0,-7.944171429E-1,1.188275719E1,1.199379902E1
4.825449067E0,4.474578381E0,-6.029912829E-1,8.724231720E0,9.823322721E0
4.827824640E0,-4.929214478E0,-2.679961324E-1,1.068156052E1,1.176710297E1
4.830200161E0,4.637290478E0,-8.614161611E-2,9.638289452E0,1.069619123E1
4.832575734E0,-5.407779217E0,-3.828516230E-2,8.949156761E0,1.045623969E1
4.834951255E0,3.196810961E0,-5.838487148E-1,1.229432297E1,1.271655837E1
4.837326827E0,-4.402793646E-1,-1.770688742E-1,8.049455643E0,8.063431989E0
4.839702348E0,-2.584248543E0,-2.057827413E-1,1.164826107E1,1.193325911E1
4.842077869E0,4.259224415E0,-4.833501875E-1,8.154739380E0,9.212730017E0
4.844453442E0,-5.163711071E0,-4.354937077E-1,1.082512951E1,1.200154139E1
4.846828963E0,5.187639713E0,-2.967100143E-1,1.049491978E1,1.171080628E1
4.849204484E0,-4.766502857E0,3.780659735E-1,8.432307243E0,9.693621037E0
4.851580057E0,1.167697430E0,-2.392822653E-1,1.198325539E1,1.204239108E1
4.853955577E0,6.460621357E-1,-7.082754970E-1,8.135597229E0,8.191885786E0
4.856331150E0,-2.536391973E0,-3.876372576E-1,1.176790142E1,1.204437839E1
4.858706671E0,4.613361835E0,-1.100698411E-1,8.547162056E0,9.713351739E0
4.861082140E0,-6.340980053E0,1.962114573E-1,9.891928673E0,1.175145863E1
4.863457765E0,4.637290478E0,-4.689932466E-1,1.067198944E1,1.164541868E1
4.865833286E0,-3.378665686E0,1.196411327E-1,8.906085968E0,9.526177779E0
4.868208807E0,7.800601721E-1,-2.871387303E-1,1.189711380E1,1.192611669E1
4.870584380E0,1.052842021E0,-2.297109663E-1,7.652246952E0,7.727750440E0
4.872959900E0,-4.297509670E0,-3.493520916E-1,1.145204926E1,1.223683245E1
4.875335473E0,6.063412666E0,-6.508477330E-1,9.269794464E0,1.109584000E1
4.877710994E0,-5.632704735E0,9.714859724E-1,9.662218094E0,1.122629084E1
4.880086515E0,3.220739365E0,-6.412764788E-1,1.077248764E1,1.126192202E1
4.882462088E0,-2.737389088E0,-4.785645306E-1,8.528019905E0,8.969361545E0
4.884837609E0,3.876372576E-1,3.732803464E-1,1.264846039E1,1.265990328E1
4.887213182E0,3.038884640E0,-5.359922647E-1,7.355536938E0,7.976592706E0
4.889588702E0,-5.522634506E0,-6.221339107E-1,1.096869946E1,1.229629661E1
4.891964223E0,5.915057659E0,-1.387837082E-1,1.004028416E1,1.165394671E1
4.894339796E0,-4.948357105E0,6.891329288E-1,9.087940216E0,1.037071837E1
4.896715317E0,2.589034081E0,-8.422735929E-1,1.164826107E1,1.196221168E1
4.899090838E0,-6.939185858E-1,-4.450650215E-1,8.288737297E0,8.329632156E0
4.901466411E0,-1.627119422E0,-1.100698411E-1,1.183011532E1,1.194199571E1
4.903841932E0,4.398007870E0,-3.158525825E-1,8.154739380E0,9.270491380E0
4.906217505E0,-5.369493961E0,-2.297109663E-1,1.093998528E1,1.218882728E1
4.908593025E0,5.393422127E0,-2.009970993E-1,1.002592659E1,1.138633418E1
4.910968546E0,-4.651647091E0,-3.349951655E-2,8.427521706E0,9.626113700E0
4.913344119E0,1.684547186E0,-4.019941986E-1,1.247139168E1,1.259106465E1
4.915719640E0,1.234696507E0,-2.727817893E-1,8.202595711E0,8.299485633E0
4.918095213E0,-3.129812002E0,-3.206382394E-1,1.138983536E1,1.181638191E1
4.920470734E0,5.106283665E0,-4.259224236E-1,8.518448830E0,9.940800432E0
4.922846255E0,-5.982056618E0,-3.110669553E-1,9.963713646E0,1.162571949E1
4.925221827E0,5.144568920E0,-3.684946895E-1,1.138026428E1,1.249451051E1
4.927597348E0,-3.115455151E0,5.647061467E-1,8.298309326E0,8.881829288E0
4.929972869E0,-4.594219327E-1,-4.019941986E-1,1.161476135E1,1.163079314E1
4.932348442E0,2.378465652E0,-8.757730722E-1,8.178668022E0,8.562399661E0
4.934723963E0,-3.684946775E0,-4.402793646E-1,1.172004509E1,1.229358107E1
4.937099536E0,5.522634506E0,-1.052841991E-1,9.183652878E0,1.071681188E1
4.939475057E0,-6.154339790E0,5.551348329E-1,9.087940216E0,1.098975570E1
4.941850630E0,3.120240688E0,-2.249253243E-1,1.148076344E1,1.189934546E1
4.944226150E0,-1.555334687E0,-6.556333899E-1,8.212167740E0,8.383830874E0
4.946601671E0,-7.992027402E-1,-5.120640397E-1,1.219861031E1,1.223548234E1
4.948977244E0,3.517449379E0,-1.004985496E-1,8.030312538E0,8.767466541E0
4.951352713E0,-5.948556900E0,1.004985496E-1,1.073898792E1,1.227685997E1
4.953728286E0,5.426921844E0,-4.881358147E-1,9.920642853E0,1.131852075E1
4.956103859E0,-4.632504463E0,1.674975902E-1,9.145368576E0,1.025309316E1
4.958479380E0,2.292324066E0,-1.579262912E-1,1.180140114E1,1.202300957E1
4.960854952E0,-5.982056856E-1,-2.105683982E-1,7.594819069E0,7.621250933E0
4.963230473E0,-3.043670416E0,-5.312066078E-1,1.161954689E1,1.202330986E1
4.965605994E0,5.532206059E0,-3.732803464E-1,9.188439369E0,1.073182464E1
4.967981567E0,-5.570491314E0,1.435693651E-1,9.958928108E0,1.141189006E1
4.970357088E0,4.158725739E0,1.052841991E-1,1.036092186E1,1.116489079E1
4.972732609E0,-4.216153622E0,-1.052841991E-1,8.508877754E0,9.496738217E0
4.975108182E0,1.651047587E0,-5.503492355E-1,1.250010586E1,1.262067704E1
4.977483702E0,1.770688772E0,-2.105683982E-1,7.920242786E0,8.118492691E0
4.979859275E0,-4.445864677E0,9.571290575E-3,1.108355427E1,1.194198390E1
4.982234796E0,5.307280540E0,-4.594219327E-1,8.963513374E0,1.042702581E1
4.984610369E0,-5.307280540E0,-1.148554832E-1,9.920642853E0,1.125164757E1
4.986985890E0,4.326223373E0,-2.584248483E-1,1.142812061E1,1.222231291E1
4.989361411E0,-2.732603550E0,2.344966233E-1,7.925028801E0,8.386190573E0
4.991736984E0,-1.129412293E0,-2.392822653E-1,1.194018459E1,1.199586747E1
4.994112505E0,3.871587038E0,-7.465606928E-1,8.240880966E0,9.135571036E0
4.996488025E0,-4.417150497E0,-2.871387303E-1,1.112183952E1,1.197033757E1
4.998863598E0,5.249852657E0,-1.579262912E-1,9.480362892E0,1.083804291E1
5.001239119E0,-5.804987907E0,1.818545163E-1,8.829515457E0,1.056841042E1
5.003614692E0,3.163311481E0,-5.694918036E-1,1.213639641E1,1.255479901E1
5.005990213E0,-3.158525825E-1,-1.722832322E-1,8.221738815E0,8.229607130E0
5.008365734E0,-2.091326952E0,-2.344966233E-1,1.168175983E1,1.186979991E1
5.010741307E0,4.058227062E0,-3.158525825E-1,8.044670105E0,9.015857521E0
5.013116827E0,-5.733202934E0,-5.120640397E-1,1.057149029E1,1.203695279E1
5.015492400E0,5.670989513E0,-5.072783828E-1,1.076770210E1,1.218034737E1
5.017867921E0,-4.412364960E0,4.354937077E-1,8.484949112E0,9.573556327E0
5.020243442E0,9.092726111E-1,-2.488535494E-1,1.197846985E1,1.201550851E1
5.022619015E0,5.312066078E-1,-4.067798555E-1,7.891529083E0,7.919841007E0
5.024994536E0,-2.895315409E0,-5.168496966E-1,1.178704453E1,1.214843214E1
5.027370057E0,5.197210789E0,-1.292124242E-1,8.805587769E0,1.022575532E1
5.029745630E0,-6.427121639E0,-6.221338734E-2,9.547362328E0,1.150929583E1
5.032121150E0,4.082155228E0,-4.354937077E-1,1.134197903E1,1.206209494E1
5.034496723E0,-2.684746981E0,-3.302095234E-1,8.446663857E0,8.869218398E0
5.036872244E0,-2.392822690E-2,-2.919243574E-1,1.223689461E1,1.224039959E1
5.039247765E0,2.268395901E0,-1.914258152E-1,7.824530125E0,8.148959165E0
5.041623338E0,-5.450850010E0,-3.924229145E-1,1.088734341E1,1.218195420E1
5.043998859E0,5.977271080E0,-7.752745152E-1,1.005942631E1,1.172692960E1
5.046374380E0,-5.278566837E0,1.722832322E-1,9.327222824E0,1.071867692E1
5.048749952E0,2.727817774E0,-1.914258152E-1,1.172004509E1,1.203482823E1
5.051125473E0,-1.684547186E0,-3.158525825E-1,7.862815380E0,8.047442313E0
5.053500994E0,-2.225325108E0,-5.120640397E-1,1.204068375E1,1.225529871E1
5.055876567E0,5.005784988E0,-5.024927258E-1,8.791230202E0,1.012897383E1
5.058252088E0,-5.876772404E0,-7.657032460E-2,1.025563812E1,1.182033968E1
5.060627661E0,4.340580463E0,-9.619147182E-1,1.015035343E1,1.108131732E1
5.063003182E0,-4.072584152E0,1.239482164E0,9.322437286E0,1.024841913E1
5.065378755E0,1.115055323E0,-1.421336651E0,1.164826107E1,1.178751595E1
5.067754275E0,1.603191137E0,-5.647061467E-1,8.283951759E0,8.456534255E0
5.070129796E0,-4.268795490E0,-8.614161611E-2,1.152383423E1,1.228937715E1
5.072505369E0,5.422136307E0,-4.833501875E-1,8.791230202E0,1.034016044E1
5.074880890E0,-6.005984783E0,6.364908218E-1,9.954142570E0,1.164310646E1
5.077256411E0,3.866801500E0,-7.034898400E-1,1.142812061E1,1.208507313E1
5.079631984E0,-2.115255117E0,-4.067798555E-1,7.886743546E0,8.175603820E0
5.082007505E0,-1.540977836E0,-3.541377485E-1,1.247139168E1,1.257122256E1
5.084383077E0,4.091726780E0,-1.292124242E-1,7.800601959E0,8.809558151E0
5.086758598E0,-5.436492920E0,-7.896314859E-1,1.106919765E1,1.235743136E1
5.089134119E0,5.704489231E0,2.632105052E-1,1.060020447E1,1.204054866E1
5.091509692E0,-5.469992638E0,4.642075896E-1,7.752745152E0,9.499545543E0
5.093885213E0,1.493121386E0,-1.545763373E0,1.218903828E1,1.237705336E1
5.096260734E0,1.531406522E0,1.579262912E-1,8.973084450E0,9.104196351E0
5.098636307E0,-3.546163082E0,1.579262912E-1,1.093519974E1,1.149690422E1
5.101011827E0,4.809573650E0,-3.254238665E-1,8.556734085E0,9.821181069E0
5.103387400E0,-6.096911907E0,-6.077769399E-1,1.012164021E1,1.183170859E1
5.105762921E0,5.245067120E0,3.302095234E-1,1.202154064E1,1.312010697E1
5.108138442E0,-3.388236761E0,1.866401732E-1,7.183253765E0,7.944439411E0
5.110514015E0,-1.335195065E0,-1.316052437E0,1.194975662E1,1.209592589E1
5.112889536E0,3.713660717E0,6.699903309E-2,8.925228119E0,9.667236511E0
5.115265109E0,-4.675575256E0,3.110669553E-1,1.090648556E1,1.187051784E1
5.117640630E0,4.867001057E0,-6.508477330E-1,9.121439934E0,1.035914903E1
5.120016150E0,-5.493920803E0,-3.924229145E-1,9.327222824E0,1.083209339E1
5.122391723E0,3.230310678E0,6.077769399E-1,1.249532032E1,1.292042297E1
5.124767244E0,-9.810572863E-1,-2.871387303E-1,7.168896675E0,7.241408812E0
5.127142817E0,-2.799602509E0,-1.138983607E0,1.149990559E1,1.189045358E1
5.129518338E0,4.809573650E0,-1.770688742E-1,9.269794464E0,1.044473272E1
5.131893859E0,-5.838487148E0,6.604190469E-1,1.032263660E1,1.187774861E1
5.134269432E0,4.795216560E0,-5.455635786E-1,9.877572060E0,1.099355135E1
5.136644900E0,-4.417150497E0,-4.785645306E-1,9.006584167E0,1.004284825E1
5.139020473E0,1.694118381E0,-1.339980662E-1,1.229432297E1,1.241121951E1
5.141396046E0,5.359922647E-1,6.699903309E-2,7.513463020E0,7.532854913E0
5.143771567E0,-3.972085476E0,-5.790630579E-1,1.146162033E1,1.214419687E1
5.146147140E0,5.532206059E0,-6.699903607E-1,9.494720459E0,1.100926462E1
5.148522661E0,-5.417350292E0,-1.674975902E-1,9.633503914E0,1.105351244E1
5.150898182E0,3.838087559E0,-8.614161611E-2,1.096869946E1,1.162113180E1
5.153273755E0,-3.479164124E0,2.919243574E-1,8.360522270E0,9.060250298E0
5.155649275E0,4.689932466E-1,-4.498506486E-1,1.215075302E1,1.216811897E1
5.158024848E0,2.287538528E0,-7.417750359E-1,7.819744587E0,8.181165450E0
5.160400369E0,-4.689932346E0,-2.297109663E-1,1.133719349E1,1.227111196E1
5.162775890E0,5.594419479E0,-5.168496966E-1,9.308079720E0,1.087221279E1
5.165151463E0,-5.479563713E0,9.044869542E-1,9.614361763E0,1.110313772E1
5.167526984E0,3.120240688E0,-1.387837172E0,1.104526901E1,1.156114015E1
5.169902557E0,-1.253839016E0,8.422735929E-1,8.671588898E0,8.802158320E0
5.172278077E0,-2.043470621E0,-8.374879360E-1,1.107398319E1,1.129204419E1
5.174653598E0,4.364508629E0,-4.594219327E-1,8.810373306E0,9.842900075E0
5.177029171E0,-4.895715237E0,-1.244267747E-1,1.079641533E1,1.185521378E1
5.179404692E0,5.163711071E0,-1.674975902E-1,9.676574707E0,1.096941500E1
5.181780213E0,-5.479563713E0,3.110669553E-1,8.580661774E0,1.018578115E1
5.184155786E0,2.646461725E0,-4.498506486E-1,1.230867958E1,1.259800454E1
5.186531307E0,3.732803464E-1,7.178468257E-2,7.881958008E0,7.891118634E0
5.188906880E0,-3.163311481E0,-8.135597110E-1,1.122233772E1,1.168799739E1
5.191282400E0,5.288137913E0,2.201396823E-1,8.891729355E0,1.034773961E1
5.193657921E0,-6.034698486E0,-1.579262912E-1,9.633503914E0,1.136868173E1
5.196033494E0,4.967499733E0,-6.221338734E-2,1.124626637E1,1.229465051E1
5.198409015E0,-3.230310678E0,3.493520916E-1,8.159524918E0,8.782642020E0
5.200784536E0,-4.067798555E-1,-1.722832322E-1,1.174397373E1,1.175227937E1
5.203160109E0,2.967100143E0,-8.327022791E-1,7.958528042E0,8.534356738E0
5.205535630E0,-4.316651821E0,-1.100698411E-1,1.143290615E1,1.222116776E1
5.207911202E0,5.728417397E0,-1.962114573E-1,9.533005714E0,1.112346451E1
5.210286723E0,-6.025127411E0,5.694918036E-1,8.585447311E0,1.050411285E1
5.212662244E0,2.780459881E0,-5.742774606E-1,1.206461143E1,1.239417609E1
5.215037817E0,5.742774159E-2,-5.359922647E-1,8.255238533E0,8.272819887E0
5.217413338E0,-2.215753794E0,-1.962114573E-1,1.159083271E1,1.180235005E1
5.219788859E0,4.637290478E0,-1.244267747E-1,8.327022552E0,9.532011833E0
5.222164432E0,-6.446264267E0,-4.785645381E-2,9.872786522E0,1.179103587E1
5.224539952E0,5.388636589E0,-5.790630579E-1,1.141854954E1,1.263946169E1
5.226915525E0,-3.235096216E0,8.614161611E-2,8.327022552E0,8.933788250E0
5.229291046E0,3.780659735E-1,-1.483550072E-1,1.204546928E1,1.205231403E1
5.231666567E0,1.828116536E0,-1.344766378E0,7.561319351E0,7.894552363E0
5.234042140E0,-4.216153622E0,1.177268744E0,1.203589821E1,1.280721510E1
5.236417609E0,5.852844238E0,-1.306481123E0,9.025727272E0,1.083634770E1
5.238793182E0,-5.776273727E0,-7.178468257E-2,9.188439369E0,1.085347452E1
5.241168755E0,3.603590965E0,1.100698411E-1,1.193061352E1,1.246344744E1
5.243544275E0,-1.540977836E0,-1.770688742E-1,7.652246952E0,7.807870996E0
5.245919848E0,-1.679761529E0,-5.934200287E-1,1.220339584E1,1.233274569E1
5.248295369E0,4.469792843E0,-7.465606928E-1,8.432307243E0,9.572889134E0
5.250670890E0,-5.498706341E0,-1.435693540E-2,1.059063339E1,1.193304208E1
5.253046411E0,4.814359188E0,-3.684946895E-1,1.009771156E1,1.119274861E1
5.255421984E0,-4.302295208E0,2.344966233E-1,9.198010445E0,1.015717130E1
5.257797557E0,1.761117458E0,-4.115654826E-1,1.181097221E1,1.194863948E1
5.260173077E0,7.800601721E-1,-3.349951804E-1,7.671389580E0,7.718220891E0
5.262548598E0,-4.192225456E0,-2.584248483E-1,1.142812061E1,1.217552785E1
5.264924171E0,5.991627693E0,-6.556333899E-1,9.327222824E0,1.110524845E1
5.267299692E0,-5.781059742E0,1.914258115E-2,9.542576790E0,1.115714076E1
5.269675213E0,3.818944931E0,-6.699903607E-1,1.138983536E1,1.203169053E1
5.272050786E0,-2.713460922E0,8.135597110E-1,8.427521706E0,8.890887002E0
5.274426307E0,-9.140582681E-1,-1.445264935E0,1.162911797E1,1.175417704E1
5.276801880E0,4.067798615E0,2.584248483E-1,8.800801277E0,9.698859319E0
5.279177400E0,-5.283352375E0,-1.914258152E-1,1.019342422E1,1.148287218E1
5.281552921E0,5.024927616E0,-2.871387303E-1,9.753145218E0,1.097525343E1
5.283928494E0,-5.048855782E0,-2.632105052E-1,9.092725754E0,1.040374385E1
5.286304015E0,3.134597778E0,-3.062812984E-1,1.243310642E1,1.282581954E1
5.288679536E0,6.699903309E-2,1.818545163E-1,7.666603565E0,7.669052755E0
5.291055109E0,-3.943371773E0,-3.732803464E-1,1.126062298E1,1.193696565E1
5.293430630E0,5.690132141E0,-9.236295223E-1,9.303294182E0,1.094449532E1
5.295806150E0,-4.996213913E0,2.009970993E-1,1.013599682E1,1.130225574E1
5.298181723E0,4.517649174E0,-1.770688742E-1,1.081555843E1,1.172249170E1
5.300557244E0,-3.680161238E0,2.584248483E-1,8.006384850E0,8.815473243E0
5.302932817E0,-1.387837082E-1,-5.599204898E-1,1.205504036E1,1.206883466E1
5.305308338E0,3.689732552E0,-7.609176040E-1,8.542376518E0,9.336236848E0
5.307683911E0,-4.488935471E0,-2.201396823E-1,1.095912743E1,1.184489245E1
5.310059432E0,5.297709465E0,-2.201396823E-1,9.590433121E0,1.095858542E1
5.312434952E0,-5.785845280E0,3.158525825E-1,8.829515457E0,1.056106584E1
5.314810525E0,3.512663603E0,-5.455635786E-1,1.235653591E1,1.285769905E1
5.317185994E0,-3.206382394E-1,-2.536391914E-1,7.795815945E0,7.806528548E0
5.319561567E0,-2.718246460E0,-1.579262912E-1,1.159561825E1,1.191101033E1
5.321937140E0,4.718646049E0,-7.465606928E-1,8.513663292E0,9.762450310E0
5.324312661E0,-5.642275810E0,-2.249253243E-1,1.043270683E1,1.186285124E1
5.326688234E0,5.192425251E0,-2.392822690E-2,1.123669529E1,1.237841563E1
5.329063755E0,-4.024727821E0,3.349951804E-1,7.819744587E0,8.801082957E0
5.331439275E0,-1.627119333E-1,-8.422735929E-1,1.197368431E1,1.200437487E1
5.333814848E0,2.703889608E0,-1.019342422E0,8.446663857E0,8.927273284E0
5.336190369E0,-3.996013880E0,6.556333899E-1,1.141376400E1,1.211082122E1
5.338565890E0,4.967499733E0,-7.944171429E-1,8.877371788E0,1.020367003E1
5.340941463E0,-6.283552170E0,-3.254238665E-1,9.403793335E0,1.131460373E1
5.343316984E0,3.929014683E0,4.307080805E-2,1.254317665E1,1.314421135E1
5.345692557E0,-1.091127157E0,-2.297109663E-1,7.245467186E0,7.330765331E0
5.348068077E0,-2.679961443E0,-1.009771109E0,1.188754272E1,1.222765321E1
5.350443598E0,4.608576298E0,-6.029912829E-1,8.666803360E0,9.834432086E0
5.352819119E0,-5.618347645E0,8.614161611E-1,1.065284634E1,1.207439452E1
5.355194692E0,4.713860512E0,-1.019342422E0,9.930213928E0,1.103941523E1
5.357570265E0,-4.498506546E0,-3.924229145E-1,9.202795982E0,1.025095170E1
5.359945786E0,1.880758643E0,3.732803464E-1,1.233739376E1,1.248550664E1
5.362321307E0,3.972085714E-1,-4.450650215E-1,6.958328247E0,6.983852054E0
5.364696880E0,-4.048655987E0,-9.140582681E-1,1.188275719E1,1.258678021E1
5.367072400E0,5.919843197E0,-5.072783828E-1,9.619147301E0,1.130618723E1
5.369447973E0,-5.809773445E0,8.997012973E-1,9.399007797E0,1.108622016E1
5.371823494E0,3.120240688E0,-7.752745152E-1,1.085384369E1,1.132002100E1
5.374199015E0,-2.766103029E0,-5.694918036E-1,8.690732002E0,9.138078005E0
5.376574588E0,5.216353536E-1,-2.727817893E-1,1.222732353E1,1.224148496E1
5.378950109E0,2.230110645E0,7.178468257E-2,7.628318787E0,7.947942755E0
5.381325630E0,-5.446064472E0,-9.044869542E-1,1.126540947E1,1.254540415E1
5.383701202E0,5.910272121E0,-2.105683982E-1,1.015513897E1,1.175170214E1
5.386076723E0,-5.307280540E0,5.216353536E-1,8.968298912E0,1.043406515E1
5.388452244E0,2.565105915E0,-6.939185858E-1,1.140897846E1,1.171435363E1
5.390827817E0,-1.622333765E0,-8.709874153E-1,8.178668022E0,8.383388130E0
5.393203338E0,-1.330409408E0,4.163511395E-1,1.248574829E1,1.256332949E1
5.395578911E0,4.158725739E0,-5.838487148E-1,7.944170952E0,8.985862852E0
5.397954432E0,-5.766702652E0,-8.757730722E-1,1.036570740E1,1.189410475E1
5.400329952E0,5.029713154E0,-1.627119333E-1,1.071027374E1,1.183361539E1
5.402705525E0,-4.632504463E0,6.891329288E-1,8.590232849E0,9.784022802E0
5.405081046E0,1.895115495E0,-4.881358147E-1,1.206461143E1,1.222229882E1
5.407456619E0,1.435693651E-1,-8.853443861E-1,7.958528042E0,8.008908505E0
5.409832140E0,-2.804388046E0,-2.249253243E-1,1.157647610E1,1.191343706E1
5.412207661E0,4.809573650E0,-4.163511395E-1,8.599804878E0,9.862149406E0
5.414583234E0,-5.627918720E0,5.742774159E-2,1.039920712E1,1.182456239E1
5.416958755E0,4.632504463E0,-1.674975902E-1,1.078684425E1,1.174070534E1
5.419334275E0,-3.828516245E0,2.871387079E-2,8.106883049E0,8.965484588E0
5.421709848E0,3.828516304E-1,-5.838487148E-1,1.227039433E1,1.229024132E1
5.424085369E0,2.129612207E0,-5.599204898E-1,8.135597229E0,8.428327318E0
5.426460942E0,-3.522234917E0,-1.770688742E-1,1.132762241E1,1.186391680E1
5.428836463E0,4.948357105E0,-1.914258115E-2,8.968298912E0,1.024289948E1
5.431211984E0,-6.111268997E0,3.924229145E-1,9.327222824E0,1.115789810E1
5.433587557E0,4.115654945E0,-6.173482537E-1,1.125583744E1,1.200056711E1
5.435963077E0,-1.933400750E0,-2.488535494E-1,8.642875671E0,8.859981175E0
5.438338598E0,-3.014956415E-1,-2.297109663E-1,1.198804188E1,1.199403247E1
5.440714171E0,2.536391973E0,-7.178468257E-2,7.561319351E0,7.975712358E0
5.443089692E0,-5.072783947E0,-3.684946895E-1,1.104048347E1,1.215570651E1
5.445465265E0,6.063412666E0,-4.067798555E-1,1.006899738E1,1.176074621E1
5.447840786E0,-5.020142078E0,3.828516304E-1,8.867800713E0,1.019736688E1
5.450216307E0,2.675175667E0,0.000000000E0,1.151426220E1,1.182094746E1
5.452591880E0,-1.684547186E0,-4.354937077E-1,7.901100159E0,8.090410231E0
5.454967400E0,-8.949156404E-1,-3.828516304E-1,1.215553856E1,1.219444821E1
5.457342921E0,4.158725739E0,-1.531406492E-1,8.379665375E0,9.356134010E0
5.459718494E0,-5.647061348E0,1.435693651E-1,1.037049294E1,1.180919293E1
5.462094015E0,4.780859470E0,-2.488535494E-1,9.915857315E0,1.101102955E1
5.464469588E0,-4.350151539E0,-2.392822690E-2,9.025727272E0,1.001938839E1
5.466845109E0,2.694318295E0,-2.871387303E-1,1.216511059E1,1.246321449E1
5.469220630E0,-4.737788737E-1,1.052841991E-1,7.585247993E0,7.600759061E0
5.471596202E0,-3.302095175E0,-3.062812984E-1,1.152861977E1,1.199611247E1
5.473971723E0,5.235496044E0,-7.704889178E-1,8.934800148E0,1.038435004E1
5.476347244E0,-5.058426857E0,6.221338734E-2,1.047099209E1,1.162898225E1
5.478722817E0,4.450650215E0,2.392822690E-2,1.028435135E1,1.120610292E1
5.481098338E0,-4.752145767E0,3.110669553E-1,8.255238533E0,9.530404781E0
5.483473911E0,1.263410330E0,-6.843472719E-1,1.228475189E1,1.236849489E1
5.485849432E0,1.718046665E0,-3.828516304E-1,8.422736168E0,8.604693154E0
5.488224952E0,-3.488735437E0,-2.297109663E-1,1.119362450E1,1.172694638E1
5.490600525E0,4.603790760E0,-5.742774159E-2,8.657232285E0,9.805399438E0
5.492976046E0,-6.087340832E0,-1.339980662E-1,9.786644936E0,1.152614823E1
5.495351619E0,4.881358147E0,-3.732803464E-1,1.148554897E1,1.248538469E1
5.497727140E0,-3.153740168E0,2.153540403E-1,8.197810173E0,8.786156500E0
5.500102661E0,-3.349951804E-1,-1.052841991E-1,1.204068375E1,1.204580307E1
5.502478234E0,1.847259045E0,-5.503492355E-1,7.733603001E0,7.970186047E0
5.504853755E0,-3.871587038E0,-4.689932466E-1,1.154297638E1,1.218398312E1
5.507229275E0,5.465207100E0,-2.488535494E-1,9.580862045E0,1.103282984E1
5.509604848E0,-5.962913990E0,4.115654826E-1,9.025727272E0,1.082540910E1
5.511980369E0,3.077169895E0,-2.392822653E-1,1.142812061E1,1.183757455E1
5.514355890E0,-1.986042738E0,-4.307080805E-1,8.470592499E0,8.710959332E0
5.516731463E0,-2.967100143E-1,-3.541377485E-1,1.205504036E1,1.206389027E1
5.519106984E0,2.703889608E0,-5.264209956E-2,7.915457249E0,8.364702844E0
5.521482557E0,-5.551348686E0,-1.674975902E-1,1.088734341E1,1.222210187E1
5.523858077E0,5.594419479E0,-7.034898400E-1,9.734002113E0,1.124914327E1
5.526233598E0,-4.838287354E0,2.249253243E-1,9.442078590E0,1.061190200E1
5.528609171E0,2.823530674E0,-1.722832322E-1,1.158604717E1,1.192637816E1
5.530984692E0,-1.804188251E0,-1.962114573E-1,7.728816986E0,7.939030557E0
5.533360265E0,-1.761117458E0,-7.082754970E-1,1.197846985E1,1.212794001E1
5.535735786E0,4.642076015E0,-4.833501875E-1,8.949156761E0,1.009306217E1
5.538111307E0,-5.015356064E0,-1.531406492E-1,1.040877819E1,1.155508165E1
5.540486880E0,4.546362877E0,-6.221338734E-2,9.911071777E0,1.090424824E1
5.542862348E0,-5.115854740E0,-1.196411327E-1,8.705088615E0,1.009776468E1
5.545237921E0,3.058027267E0,-5.694918036E-1,1.251446247E1,1.289525582E1
5.547613494E0,-6.699903309E-2,-2.201396823E-1,7.858029366E0,7.861397831E0
5.549989015E0,-2.909672260E0,-1.770688742E-1,1.167218876E1,1.203069144E1
5.552364588E0,4.570291042E0,-6.843472719E-1,8.417949677E0,9.603008287E0
5.554740109E0,-4.948357105E0,-3.684946895E-1,1.059541893E1,1.169978327E1
5.557115630E0,5.034498692E0,-3.397808075E-1,1.068156052E1,1.181343994E1
5.559491202E0,-4.412364960E0,2.967100143E-1,8.298309326E0,9.403134533E0
5.561866723E0,1.091127157E0,-3.732803464E-1,1.212682533E1,1.218153477E1
5.564242244E0,1.201196909E0,-8.422735929E-1,8.035098076E0,8.167931189E0
5.566617817E0,-2.675175667E0,-3.732803464E-1,1.180618668E1,1.211123226E1
5.568993338E0,4.804787636E0,-1.818545163E-1,8.614161491E0,9.865233575E0
5.571368911E0,-6.211767673E0,1.435693540E-2,9.848857880E0,1.164415155E1
5.573744432E0,4.670789719E0,-6.173482537E-1,1.107398319E1,1.203455438E1
5.576119952E0,-2.981456995E0,3.828516230E-2,8.714659691E0,9.210637605E0
5.578495525E0,6.508477330E-1,-3.014956415E-1,1.203589821E1,1.205725292E1
5.580871046E0,1.162911773E0,-3.589234054E-1,7.590033531E0,7.686988930E0
5.583246567E0,-4.077369690E0,-6.987041831E-1,1.139940739E1,1.212681409E1
5.585622140E0,5.843272686E0,-5.072783828E-1,9.676574707E0,1.131535528E1
5.587997661E0,-5.532206059E0,1.292124242E-1,9.399007797E0,1.090703201E1
5.590373234E0,3.282952785E0,-8.614161611E-2,1.103091240E1,1.150939737E1
5.592748755E0,-3.187239647E0,-3.589234054E-1,8.240880966E0,8.843044819E0
5.595124275E0,6.173482537E-1,-5.120640397E-1,1.255274773E1,1.257834663E1
5.597499848E0,2.359323025E0,-2.105683982E-1,7.867600918E0,8.216440129E0
5.599875369E0,-4.776073933E0,9.571290575E-3,1.101655579E1,1.200730924E1
5.602250890E0,5.091926575E0,-2.249253243E-1,9.140582085E0,1.046558878E1
5.604626463E0,-5.388636589E0,-1.483550072E-1,9.418149948E0,1.085177229E1
5.607001984E0,3.780659676E0,-3.972085714E-1,1.172961617E1,1.233024970E1
5.609377557E0,-2.335394859E0,1.052841991E-1,8.020741463E0,8.354486670E0
5.611753077E0,-1.469193101E0,-2.297109663E-1,1.186840057E1,1.196119675E1
5.614128598E0,3.613162279E0,-6.173482537E-1,8.303094864E0,9.076202115E0
5.616504171E0,-4.488935471E0,-2.105683982E-1,1.113619614E1,1.200873620E1
5.618879692E0,5.000999451E0,-5.742774159E-2,9.399007797E0,1.064681366E1
5.621255213E0,-5.891129494E0,2.249253243E-1,8.815158844E0,1.060485849E1
5.623630786E0,3.225524902E0,-6.269195080E-1,1.207418346E1,1.251331072E1
5.626006307E0,-8.374879360E-1,-1.339980662E-1,8.379665375E0,8.422477861E0
5.628381880E0,-1.569691658E0,-1.914258152E-1,1.171525955E1,1.182150084E1
5.630757400E0,3.373879910E0,-1.914258152E-1,8.015955925E0,8.699152768E0
5.633132921E0,-5.331208706E0,-5.742774606E-1,1.068634605E1,1.195615209E1
5.635508494E0,5.910272121E0,-4.881358147E-1,1.054277611E1,1.209626890E1
5.637884015E0,-4.756931305E0,2.679961324E-1,8.700303078E0,9.919450137E0
5.640259536E0,2.029113531E0,-3.349951655E-2,1.189232826E1,1.206424036E1
5.642635109E0,-8.135597110E-1,-6.317051649E-1,7.743174076E0,7.811381158E0
5.645010630E0,-1.454836130E0,-5.886343718E-1,1.228475189E1,1.238459396E1
5.647386202E0,4.675575256E0,-2.919243574E-1,8.513663292E0,9.717442382E0
5.649761723E0,-5.589633465E0,4.307080805E-2,1.023170948E1,1.165906241E1
5.652137244E0,4.646861553E0,-2.440679073E-1,1.026520920E1,1.127064378E1
5.654512817E0,-4.096512318E0,-2.153540403E-1,8.891729355E0,9.792376701E0
5.656888338E0,2.512463808E0,-4.689932466E-1,1.232782269E1,1.258998178E1
5.659263859E0,1.674975902E-1,-1.292124242E-1,7.848458290E0,7.851308733E0
5.661639432E0,-3.306880951E0,-4.019941986E-1,1.153340530E1,1.200485314E1
5.664014952E0,5.450850010E0,-7.178468108E-1,8.901300430E0,1.046232380E1
5.666390473E0,-4.881358147E0,-7.178468257E-2,1.040399265E1,1.149242679E1
5.668766046E0,4.570291042E0,-9.571290575E-3,1.034177971E1,1.130663785E1
5.671141567E0,-4.402793884E0,2.392822653E-1,8.283951759E0,9.384333047E0
5.673517140E0,1.555334687E0,-6.747759581E-1,1.229432297E1,1.241067145E1
5.675892609E0,1.708475351E0,-3.158525825E-1,8.279166222E0,8.459506144E0
5.678268182E0,-3.239881754E0,-2.727817893E-1,1.138026428E1,1.183560978E1
5.680643755E0,4.675575256E0,-1.866401732E-1,8.523234367E0,9.723238278E0
5.683019275E0,-5.728417397E0,-1.579262912E-1,9.930213928E0,1.146511471E1
5.685394796E0,5.144568920E0,-2.727817893E-1,1.124626637E1,1.237010535E1
5.687770369E0,-3.349951744E0,2.967100143E-1,8.173882484E0,8.838697211E0
5.690145890E0,5.264209956E-2,9.571290575E-3,1.193539906E1,1.193551898E1
5.692521463E0,1.579262972E0,-6.364908218E-1,7.666603565E0,7.853407052E0
5.694896984E0,-3.259024382E0,-4.450650215E-1,1.175354481E1,1.220512754E1
5.697272505E0,5.288137913E0,-1.196411327E-1,9.116654396E0,1.054002391E1
5.699648077E0,-6.044270039E0,4.594219327E-1,9.154939651E0,1.097985377E1
5.702023598E0,3.455235958E0,-2.105683982E-1,1.107876873E1,1.160698545E1
5.704399171E0,-2.565105915E0,-2.871387303E-1,8.432307243E0,8.818504547E0
5.706774692E0,4.115654826E-1,-3.110669553E-1,1.214118195E1,1.215213758E1
5.709150213E0,2.067398787E0,4.785645287E-3,7.752745152E0,8.023666122E0
5.711525786E0,-5.091926575E0,-1.674975902E-1,1.096869946E1,1.209413657E1
5.713901307E0,5.637490273E0,-6.317051649E-1,9.456435204E0,1.102744371E1
5.716276827E0,-5.044070244E0,2.488535494E-1,9.542576790E0,1.079654317E1
5.718652400E0,3.330809116E0,9.571290575E-3,1.126062298E1,1.174291322E1
5.721027921E0,-2.785245657E0,6.221338734E-2,7.738388538E0,8.224604613E0
5.723403494E0,-8.566305041E-1,-7.322037220E-1,1.211246777E1,1.216477758E1
5.725779015E0,3.804588079E0,-3.637090325E-1,8.623732567E0,9.432705768E0
5.728154536E0,-4.642076015E0,-2.057827413E-1,1.071506023E1,1.167920083E1
5.730530109E0,4.728217602E0,-5.742774159E-2,9.360722542E0,1.048725255E1
5.732905630E0,-5.632704735E0,-8.614161611E-2,9.011369705E0,1.062730290E1
5.735281150E0,3.838087559E0,-5.264210105E-1,1.215075302E1,1.275338520E1
5.737656723E0,-1.210768223E0,-6.699903309E-2,7.948956966E0,8.040918195E0
5.740032244E0,-1.957328916E0,-1.435693651E-1,1.174875927E1,1.191155292E1
5.742407713E0,3.723232031E0,-6.077769399E-1,7.925028801E0,8.777125444E0
5.744783338E0,-4.656432629E0,-5.216353536E-1,1.112662506E1,1.207295546E1
5.747158859E0,5.493920803E0,-3.493520916E-1,1.021735287E1,1.160601190E1
5.749534432E0,-5.192425251E0,4.019941986E-1,8.441878319E0,9.919082058E0
5.751909952E0,2.033899307E0,-4.115654826E-1,1.195454216E1,1.213330997E1
5.754285473E0,-9.092725813E-2,-6.987041831E-1,8.226524353E0,8.256643279E0
5.756661046E0,-1.517049551E0,-4.833501875E-1,1.183968639E1,1.194626472E1
5.759036567E0,4.130012035E0,-1.914258152E-1,8.269595146E0,9.245531198E0
5.761412088E0,-5.948556900E0,-1.531406492E-1,1.036092186E1,1.194811630E1
5.763787661E0,5.364708424E0,-7.130611539E-1,1.042313576E1,1.174437362E1
5.766163182E0,-3.905086517E0,1.531406492E-1,9.020941734E0,9.831100780E0
5.768538755E0,1.933400750E0,-2.057827413E-1,1.191147137E1,1.206911493E1
5.770914275E0,-2.536391914E-1,-2.536391914E-1,7.628318787E0,7.636747553E0
5.773289796E0,-2.847458839E0,-7.465606928E-1,1.168175983E1,1.204694515E1
5.775665369E0,5.513063431E0,-4.259224236E-1,9.241081238E0,1.076906963E1
5.778040890E0,-5.259424210E0,-4.785645287E-3,1.004506969E1,1.133865032E1
5.780416463E0,4.077369690E0,9.571290575E-3,1.033699417E1,1.111208728E1
5.782791984E0,-4.321437836E0,-2.153540403E-1,8.461020470E0,9.503161038E0
5.785167505E0,2.210968018E0,-5.742774606E-1,1.259103298E1,1.279657320E1
5.787543077E0,9.762716293E-1,-1.674975902E-1,7.843672752E0,7.905970148E0
5.789918598E0,-3.713660717E0,2.392822690E-2,1.147119141E1,1.205736624E1
5.792294119E0,4.962714195E0,-2.536391914E-1,8.585447311E0,9.919817063E0
5.794669692E0,-5.374279499E0,-1.914258152E-1,1.011206818E1,1.145309769E1
5.797045213E0,4.536791801E0,-3.349951804E-1,1.107398319E1,1.197195913E1
5.799420734E0,-3.675375462E0,3.158525825E-1,8.274380684E0,9.059443876E0
5.801796307E0,1.196411327E-1,-2.632105052E-1,1.206461143E1,1.206807536E1
5.804171775E0,2.086541414E0,-8.279166222E-1,8.130811691E0,8.434998504E0
5.806547400E0,-3.326023579E0,6.747759581E-1,1.173918819E1,1.221991387E1
5.808922921E0,4.685146809E0,-4.019941986E-1,8.499305725E0,9.713413291E0
5.811298442E0,-6.470192432E0,-1.579262912E-1,9.418149948E0,1.142759289E1
5.813674015E0,4.618147850E0,-1.866401732E-1,1.185882950E1,1.272768483E1
5.816049536E0,-2.517249346E0,1.196411327E-1,8.135597229E0,8.516971324E0
5.818425057E0,-4.737788737E-1,-1.148554832E-1,1.238525009E1,1.239484078E1
5.820800630E0,2.091326952E0,-2.009970993E-1,7.647460938E0,7.930807465E0
5.823176150E0,-4.388436794E0,-5.934200287E-1,1.108833981E1,1.193992481E1
5.825551723E0,5.919843197E0,-3.014956415E-1,1.002592659E1,1.164708749E1
5.827927244E0,-5.532206059E0,2.823530734E-1,9.040083885E0,1.060227069E1
5.830302765E0,3.062813044E0,-8.614161611E-2,1.138983536E1,1.179476976E1
5.832678338E0,-2.029113531E0,-3.780659735E-1,8.260024071E0,8.514002188E0
5.835053859E0,-5.647061467E-1,-4.785645306E-1,1.213161087E1,1.215417210E1
5.837429380E0,3.742374659E0,-3.062812984E-1,8.245666504E0,9.060363812E0
5.839804952E0,-5.355136871E0,-1.435693651E-1,1.068634605E1,1.195391547E1
5.842180473E0,5.187639713E0,-3.924229145E-1,9.777072906E0,1.107505107E1
5.844556046E0,-4.699503899E0,-1.292124242E-1,9.341579437E0,1.045787450E1
5.846931567E0,3.019742250E0,-3.541377485E-1,1.201196957E1,1.239078971E1
5.849307088E0,-6.795616150E-1,-3.349951655E-2,7.829315662E0,7.858823700E0
5.851682661E0,-2.904886723E0,-3.158525825E-1,1.150469112E1,1.186996409E1
5.854058182E0,5.297709465E0,-8.039883971E-1,8.810373306E0,1.031187668E1
5.856433702E0,-5.201996326E0,-1.818545163E-1,1.049491978E1,1.171482727E1
5.858809275E0,4.728217602E0,-1.435693651E-1,1.041356373E1,1.143761179E1
5.861184796E0,-4.632504463E0,1.579262912E-1,8.370093346E0,9.567836795E0
5.863560317E0,1.402194023E0,-6.795616150E-1,1.236132145E1,1.245914203E1
5.865935890E0,1.761117458E0,-4.307080805E-1,8.288737297E0,8.484704481E0
5.868311411E0,-3.627519131E0,-2.919243574E-1,1.127019501E1,1.184320102E1
5.870686984E0,4.895715237E0,-2.823530734E-1,8.638090134E0,9.932993109E0
5.873062505E0,-5.948556900E0,-3.014956415E-1,9.915857315E0,1.156721467E1
5.875438025E0,4.962714195E0,-3.541377485E-1,1.145204926E1,1.248612742E1
5.877813598E0,-3.077169895E0,4.450650215E-1,8.135597229E0,8.709477580E0
5.880189119E0,-8.183453679E-1,-2.775674164E-1,1.173918819E1,1.177095036E1
5.882564640E0,2.522035122E0,-8.614161611E-1,7.996813297E0,8.429218343E0
5.884940213E0,-3.905086517E0,-4.259224236E-1,1.162911797E1,1.227466885E1
5.887315734E0,5.503491879E0,-2.009970993E-1,9.480362892E0,1.096385440E1
5.889691307E0,-6.101697922E0,4.977070987E-1,8.891729355E0,1.079542870E1
5.892066827E0,2.866601467E0,-4.642075896E-1,1.159083271E1,1.194907091E1
5.894442348E0,-1.234696507E0,-5.838487148E-1,8.437092781E0,8.546922802E0
5.896817921E0,-8.949156404E-1,-3.158525825E-1,1.197368431E1,1.201123444E1
5.899193442E0,3.431307554E0,0.000000000E0,7.968099594E0,8.675510514E0
5.901568963E0,-6.020341873E0,4.785645287E-3,1.054756260E1,1.214477731E1
5.903944536E0,5.513063431E0,-7.992027402E-1,1.010728264E1,1.154078662E1
5.906320057E0,-4.417150497E0,7.657032460E-2,9.092725754E0,1.010914156E1
5.908695630E0,2.311466694E0,-2.105683982E-1,1.191147137E1,1.213550030E1
5.911071150E0,-6.843472719E-1,-1.579262912E-1,7.479963779E0,7.512864304E0
5.913446671E0,-2.914458036E0,-6.077769399E-1,1.175833035E1,1.212937719E1
5.915822244E0,5.560919762E0,-4.498506486E-1,9.231510162E0,1.078642545E1
5.918197765E0,-5.469992638E0,-9.571290575E-3,9.920642853E0,1.132872745E1
5.920573286E0,4.211368084E0,-1.004985496E-1,1.034177971E1,1.116683163E1
5.922948859E0,-4.153940201E0,-1.770688742E-1,8.614161491E0,9.565058849E0
5.925324380E0,1.861616015E0,-5.072783828E-1,1.254317665E1,1.269071417E1
5.927699952E0,1.497906923E0,-2.297109663E-1,7.680960655E0,7.829026048E0
5.930075473E0,-4.359723091E0,0.000000000E0,1.138026428E1,1.218677975E1
5.932450994E0,5.326423168E0,-5.551348329E-1,8.810373306E0,1.031026849E1
5.934826567E0,-5.302495003E0,-2.679961324E-1,1.002592659E1,1.134493187E1
5.937202088E0,4.445864677E0,-3.349951804E-1,1.142333508E1,1.226256575E1
5.939577609E0,-2.967100143E0,2.440679073E-1,7.901100159E0,8.443378241E0
5.941953182E0,-9.667003751E-1,-4.259224236E-1,1.202632618E1,1.207263190E1
5.944328702E0,3.617947817E0,-7.465606928E-1,8.374878883E0,9.153441734E0
5.946704223E0,-4.302295208E0,-2.775674164E-1,1.108833981E1,1.189697724E1
5.949079796E0,5.192425251E0,-1.292124242E-1,9.518648148E0,1.084355285E1
5.951455317E0,-6.010770321E0,1.818545163E-1,8.810373306E0,1.066701030E1
5.953830890E0,3.483949661E0,-6.317051649E-1,1.216032505E1,1.266532518E1
5.956206411E0,-6.508477330E-1,-2.584248483E-1,8.226524353E0,8.256275741E0
5.958581932E0,-1.919043779E0,-1.531406492E-1,1.174397373E1,1.190071847E1
5.960957505E0,3.828516245E0,-2.871387303E-1,7.982456207E0,8.857741946E0
5.963333025E0,-5.589633465E0,-5.790630579E-1,1.064327526E1,1.203572285E1
5.965708546E0,5.828916073E0,-3.254238665E-1,1.082991505E1,1.230322003E1
5.968084119E0,-4.718646049E0,3.637090325E-1,8.341380119E0,9.590439359E0
5.970459640E0,1.392622828E0,6.699903309E-2,1.207896900E1,1.215916853E1
5.972835213E0,1.531406492E-1,-5.359922647E-1,7.594819069E0,7.615248942E0
5.975210734E0,-2.689532757E0,-7.561319470E-1,1.176790142E1,1.209499177E1
5.977586255E0,5.479563713E0,-3.780659735E-1,9.188439369E0,1.070495074E1
5.979961827E0,-6.168696880E0,3.732803464E-1,9.518648148E0,1.134886875E1
5.982337348E0,4.019941807E0,-1.052841991E-1,1.078684425E1,1.151203830E1
5.984712869E0,-3.105883837E0,-2.536391914E-1,8.733802795E0,9.273087863E0
5.987088442E0,9.236295223E-1,-3.876372576E-1,1.226082325E1,1.230167228E1
5.989463963E0,1.919043779E0,-2.057827413E-1,7.570890903E0,7.813031719E0
5.991839536E0,-4.890929699E0,-4.354937077E-1,1.128455162E1,1.230658171E1
5.994215057E0,6.106483459E0,-5.359922647E-1,9.657432556E0,1.143863766E1
5.996590577E0,-5.254638672E0,2.919243574E-1,9.418149948E0,1.078879029E1
5.998966150E0,3.488735437E0,4.307080805E-2,1.143290615E1,1.195342934E1
6.001341671E0,-2.579462767E0,-2.392822653E-1,7.747959614E0,8.169563167E0
6.003717192E0,-7.274180651E-1,-8.183453679E-1,1.225603771E1,1.230484809E1
6.006092765E0,4.331008911E0,-3.828516304E-1,8.733802795E0,9.756204427E0
6.008468286E0,-4.977071285E0,-5.264209956E-2,1.056670475E1,1.168029362E1
6.010843807E0,4.895715237E0,9.092725813E-2,9.667003632E0,1.083638568E1
6.013219380E0,-5.312066078E0,-1.914258115E-2,8.762516975E0,1.024695644E1
6.015594900E0,3.388236761E0,-6.364908218E-1,1.238525009E1,1.285611484E1
6.017970473E0,-3.158525825E-1,-3.110669553E-1,7.992027760E0,8.004313413E0
6.020345994E0,-2.756531715E0,-2.057827413E-1,1.173440266E1,1.205558042E1
6.022721515E0,4.618147850E0,-5.359922647E-1,8.417949677E0,9.616467856E0
6.025097088E0,-5.125426292E0,-1.627119333E-1,1.065763187E1,1.182715465E1
6.027472557E0,5.034498692E0,-2.392822653E-1,1.054277611E1,1.168561343E1
6.029848130E0,-4.555934429E0,2.536391914E-1,8.178668022E0,9.365440832E0
6.032223702E0,1.062413216E0,-5.790630579E-1,1.228475189E1,1.234419560E1
6.034599223E0,1.450050473E0,-6.556333899E-1,8.159524918E0,8.313263402E0
6.036974744E0,-3.077169895E0,-2.871387303E-1,1.162911797E1,1.203278055E1
6.039350317E0,4.766502857E0,-1.148554832E-1,8.729017258E0,9.946279885E0
6.041725838E0,-6.446264267E0,7.657032460E-2,9.595218658E0,1.155977539E1
6.044101411E0,4.618147850E0,-7.609176040E-1,1.136112213E1,1.228744812E1
6.046476932E0,-2.809173822E0,-2.871387079E-2,8.528019905E0,8.978830968E0
6.048852452E0,5.742774159E-2,-2.249253243E-1,1.199282742E1,1.199507394E1
6.051228025E0,1.512263894E0,-3.397808075E-1,7.590033531E0,7.746676842E0
6.053603546E0,-4.517649174E0,-7.896314859E-1,1.134676456E1,1.223853496E1
6.055979067E0,5.895915031E0,-3.684946895E-1,9.939785004E0,1.156273879E1
6.058354640E0,-5.737988472E0,3.014956415E-1,8.992227554E0,1.067124959E1
6.060730161E0,2.962314367E0,2.871387079E-2,1.149512005E1,1.187071674E1
6.063105734E0,-2.665604353E0,-4.881358147E-1,7.996813297E0,8.443503186E0
6.065481255E0,-3.732803464E-1,-5.886343718E-1,1.238046455E1,1.240006981E1
6.067856775E0,3.225524902E0,-3.158525825E-1,8.102097511E0,8.726268265E0
6.070232348E0,-5.551348686E0,-1.052841991E-1,1.072463131E1,1.207668306E1
6.072607869E0,4.943571568E0,-3.972085714E-1,9.710074425E0,1.090331233E1
6.074983390E0,-4.991427898E0,6.221338734E-2,9.341579437E0,1.059166320E1
6.077358963E0,2.981456995E0,-3.397808075E-1,1.188275719E1,1.225579272E1
6.079734432E0,-1.363908887E0,-5.742774159E-2,7.767102242E0,7.886153855E0
6.082110005E0,-2.593819857E0,-4.833501875E-1,1.173918819E1,1.203204340E1
6.084485577E0,4.838287354E0,-6.699903607E-1,8.724231720E0,9.998506424E0
6.086861098E0,-5.130211830E0,-9.571290761E-2,1.057627583E1,1.175524754E1
6.089236671E0,4.680361271E0,4.785645287E-3,1.008814049E1,1.112098840E1
6.091612192E0,-5.221138954E0,2.153540403E-1,8.307880402E0,9.814659755E0
6.093987713E0,2.263610125E0,-7.034898400E-1,1.235653591E1,1.258184440E1
6.096363286E0,8.518448472E-1,-3.014956415E-1,8.173882484E0,8.223678869E0
6.098738807E0,-2.981456995E0,-1.435693651E-1,1.142333508E1,1.180687436E1
6.101114327E0,4.608576298E0,-2.775674164E-1,8.403593063E0,9.588346862E0
6.103489848E0,-5.666203976E0,-3.397808075E-1,1.020778179E1,1.167990272E1
6.105865421E0,5.441278458E0,-2.775674164E-1,1.113619614E1,1.239755699E1
6.108240994E0,-3.732803345E0,3.206382394E-1,8.183453560E0,9.000307876E0
6.110616515E0,5.264210105E-1,-9.571290575E-3,1.210289669E1,1.211434352E1
6.112992036E0,1.651047587E0,-6.699903607E-1,7.671389580E0,7.875599235E0
6.115367609E0,-3.115455151E0,-5.934200287E-1,1.172961617E1,1.215080670E1
6.117743130E0,5.733202934E0,-2.871387303E-1,9.413364410E0,1.102558362E1
6.120118650E0,-5.958128452E0,3.828516304E-1,9.169296265E0,1.094174867E1
6.122494223E0,3.852444410E0,-2.823530734E-1,1.128455162E1,1.192737006E1
6.124869744E0,-2.048256159E0,-2.967100143E-1,8.547162056E0,8.794166779E0
6.127245265E0,2.440679073E-1,-3.349951804E-1,1.218903828E1,1.219608318E1
6.129620838E0,2.598605394E0,-2.105683982E-1,7.657032490E0,8.088710379E0
6.131996359E0,-5.101497650E0,-4.307080805E-1,1.099262714E1,1.212636134E1
6.134371932E0,6.096911907E0,-5.599204898E-1,1.001635551E1,1.173938770E1
6.136747452E0,-5.039284706E0,2.823530734E-1,9.154939651E0,1.045404389E1
6.139122973E0,3.034099102E0,9.092725813E-2,1.161476135E1,1.200486178E1
6.141498546E0,-2.244467735E0,-5.264209956E-2,7.604390144E0,7.928881136E0
6.143874067E0,-1.296909928E0,-8.279166222E-1,1.204068375E1,1.213859491E1
6.146249640E0,4.469792843E0,-3.828516304E-1,8.819944382E0,9.895304054E0
6.148625161E0,-5.230710506E0,-1.914258115E-2,1.042313576E1,1.166200917E1
6.151000682E0,4.469792843E0,7.178468257E-2,9.686145782E0,1.066797175E1
6.153376255E0,-5.326423168E0,-7.657032460E-2,8.729017258E0,1.022606420E1
6.155751723E0,3.034099102E0,-4.163511395E-1,1.245703506E1,1.282797054E1
6.158127296E0,-4.785645306E-1,-1.483550072E-1,7.628318787E0,7.644755112E0
6.160502869E0,-3.349951744E0,-7.657032460E-2,1.159083271E1,1.206546487E1
6.162878390E0,4.575077057E0,-5.599204898E-1,8.427521706E0,9.605621434E0
6.165253911E0,-5.292923450E0,-1.579262912E-1,1.051884842E1,1.177650846E1
6.167629484E0,4.747360229E0,-2.057827413E-1,1.064327526E1,1.165586050E1
6.170005005E0,-4.661218643E0,3.397808075E-1,8.097311974E0,9.349271171E0
6.172380525E0,7.369893789E-1,-4.307080805E-1,1.213639641E1,1.216637911E1
6.174756098E0,1.545763373E0,-5.838487148E-1,8.245666504E0,8.409594510E0
6.177131619E0,-3.263810158E0,-2.440679073E-1,1.140419292E1,1.186455402E1
6.179507192E0,4.800002098E0,-4.785645287E-3,8.705088615E0,9.940755044E0
6.181882713E0,-6.436692715E0,5.264209956E-2,9.480362892E0,1.145910402E1
6.184258234E0,4.713860512E0,-5.934200287E-1,1.137069321E1,1.232336367E1
6.186633807E0,-2.708675146E0,8.614161611E-2,8.417949677E0,8.843427966E0
6.189009327E0,-6.699903309E-2,-4.307080805E-2,1.198325539E1,1.198352008E1
6.191384848E0,1.919043779E0,-3.637090325E-1,7.518248558E0,7.767823033E0
6.193760421E0,-4.235296249E0,-7.226324677E-1,1.135633659E1,1.214192377E1
6.196135942E0,6.053841114E0,-3.684946895E-1,9.920642853E0,1.162772270E1
6.198511515E0,-5.407779217E0,3.589234054E-1,8.839086533E0,1.036833414E1
6.200887036E0,3.077169895E0,1.004985496E-1,1.155733299E1,1.196039382E1
6.203262557E0,-2.038684845E0,-5.216353536E-1,7.805387497E0,8.084083950E0
6.205638130E0,-1.052841991E-1,-6.460621357E-1,1.244746304E1,1.246466273E1
6.208013650E0,3.751945972E0,-4.833501875E-1,8.207381248E0,9.037246978E0
6.210389171E0,-5.197210789E0,1.914258115E-2,1.070548820E1,1.190037160E1
6.212764744E0,5.335994720E0,-2.775674164E-1,9.777072906E0,1.114185972E1
6.215140265E0,-4.699503899E0,1.866401732E-1,9.150154114E0,1.028812382E1
6.217515786E0,3.134597778E0,-4.594219327E-1,1.179661560E1,1.221461876E1
6.219891359E0,-9.236295223E-1,-4.307080805E-1,7.910671711E0,7.976047133E0
6.222266880E0,-2.234896421E0,-3.972085714E-1,1.185882950E1,1.207412000E1
6.224642452E0,5.039284706E0,-5.407779217E-1,8.671588898E0,1.004406716E1
6.227017973E0,-5.221138954E0,-1.914258115E-2,1.041356373E1,1.164916168E1
6.229393494E0,4.709074974E0,4.785645287E-3,1.015035343E1,1.118950780E1
6.231769067E0,-4.996213913E0,-1.292124242E-1,8.303094864E0,9.691245206E0
6.234144536E0,2.287538528E0,-7.752745152E-1,1.267717457E1,1.290521748E1
6.236520109E0,8.279166222E-1,-3.445664644E-1,8.006384850E0,8.056448991E0
6.238895682E0,-3.273381472E0,-4.307080805E-2,1.147119141E1,1.192917070E1
6.241271202E0,4.565505505E0,-1.004985496E-1,8.427521706E0,9.585252348E0
6.243646775E0,-5.895915031E0,-1.339980662E-1,1.007378292E1,1.167308322E1
6.246022296E0,4.890929699E0,-6.508477330E-1,1.088734341E1,1.195320219E1
6.248397817E0,-3.689732552E0,4.785645287E-3,8.461020470E0,9.230548012E0
6.250773390E0,2.488535494E-1,-1.722832322E-1,1.228475189E1,1.228847992E1
6.253148911E0,1.497906923E0,-5.264210105E-1,7.704888821E0,7.866775449E0
6.255524432E0,-3.799802303E0,-2.775674164E-1,1.168654537E1,1.229190319E1
6.257900005E0,5.259424210E0,-3.206382394E-1,9.174081802E0,1.057960910E1
6.260275525E0,-6.226124287E0,7.178468257E-2,9.078369141E0,1.100847687E1
6.262651046E0,3.723232031E0,-3.589234054E-1,1.163390350E1,1.222043344E1
6.265026619E0,-2.225325108E0,-1.770688742E-1,8.331808090E0,8.625685554E0
6.267402140E0,-4.307080805E-1,-2.201396823E-1,1.206461143E1,1.207430412E1
6.269777713E0,2.522035122E0,-1.914258152E-1,7.757531166E0,8.159448192E0
6.272153234E0,-5.316852093E0,-4.785645306E-1,1.094477081E1,1.217727179E1
6.274528755E0,6.015556335E0,-6.221339107E-1,1.013121128E1,1.179895803E1
6.276904327E0,-5.139782906E0,3.158525825E-1,8.987442017E0,1.035814873E1
6.279279848E0,2.785245657E0,4.307080805E-2,1.173440266E1,1.206049975E1
6.281655369E0,-1.785045743E0,-2.584248483E-1,7.676175117E0,7.885228985E0
6.284030942E0,-1.397408366E0,-7.992027402E-1,1.205025482E1,1.215730712E1
6.286406463E0,4.823930264E0,-4.354937077E-1,8.934800148E0,1.016319889E1
6.288781984E0,-5.288137913E0,-4.785645287E-3,1.029392338E1,1.157278203E1
6.291157557E0,4.637290478E0,-9.571290761E-2,9.891928673E0,1.092537765E1
6.293533077E0,-4.646861553E0,-2.344966233E-1,8.886942863E0,1.003125438E1
6.295908650E0,3.081955671E0,-5.024927258E-1,1.246660614E1,1.285173990E1
6.298284171E0,2.153540403E-1,-1.914258152E-1,7.724031448E0,7.729403795E0
6.300659692E0,-3.450450182E0,-1.770688742E-1,1.154776192E1,1.205353745E1
6.303035265E0,5.259424210E0,-7.944171429E-1,8.671588898E0,1.017295904E1
6.305410786E0,-4.919643402E0,-1.866401732E-1,1.051406288E1,1.160961860E1
6.307786255E0,4.905286312E0,-2.775674164E-1,1.070548820E1,1.177906427E1
6.310161880E0,-4.110869408E0,2.584248483E-1,8.149953842E0,9.131690879E0
6.312537400E0,7.034898400E-1,-6.221339107E-1,1.213161087E1,1.216790577E1
6.314912921E0,2.349751949E0,-6.747759581E-1,8.427521706E0,8.774951790E0
6.317288494E0,-3.354737282E0,-3.541377485E-1,1.139462185E1,1.188347941E1
6.319664015E0,5.072783947E0,-2.297109663E-1,8.819944382E0,1.017729448E1
6.322039588E0,-6.111268997E0,-6.221338734E-2,9.585647583E0,1.136820649E1
6.324415109E0,4.661218643E0,-5.694918036E-1,1.167218876E1,1.258138588E1
6.326790630E0,-2.388036966E0,-5.264209956E-2,8.245666504E0,8.584667020E0
6.329166202E0,-6.173482537E-1,-2.009970993E-1,1.207418346E1,1.209162624E1
6.331541723E0,2.737389088E0,-4.163511395E-1,7.733603001E0,8.214332758E0
6.333917244E0,-4.814359188E0,-8.279166222E-1,1.112183952E1,1.214737892E1
6.336292817E0,5.953342915E0,-4.929214716E-1,1.015513897E1,1.178185516E1
6.338668338E0,-5.565705299E0,3.876372576E-1,8.748159409E0,1.037581954E1
6.341043859E0,2.426322222E0,-1.579262912E-1,1.184925747E1,1.209615157E1
6.343419432E0,-1.167697430E0,-8.183453679E-1,7.848458290E0,7.976935750E0
6.345794952E0,-1.670190215E0,-4.929214716E-1,1.219861031E1,1.232228065E1
6.348170525E0,4.541577339E0,-4.546363056E-1,8.504091263E0,9.651538069E0
6.350546046E0,-6.436692715E0,9.571290761E-2,1.011685371E1,1.199128447E1
6.352921567E0,4.675575256E0,-5.216353536E-1,1.053799057E1,1.154046588E1
6.355297140E0,-3.938585997E0,-3.206382394E-1,8.863015175E0,9.704035579E0
6.357672661E0,1.440479279E0,-4.115654826E-1,1.237567902E1,1.246602574E1
6.360048182E0,7.944171429E-1,-2.344966233E-1,7.479963779E0,7.525685710E0
6.362423755E0,-4.699503899E0,-1.292124242E-1,1.148554897E1,1.241047412E1
6.364799275E0,5.962913990E0,-6.269195080E-1,9.403793335E0,1.115260958E1
6.367174796E0,-5.919843197E0,-1.148554832E-1,9.336793900E0,1.105592400E1
6.369550369E0,3.684946775E0,-3.876372576E-1,1.152383423E1,1.210486888E1
6.371925890E0,-2.976671457E0,-4.307080805E-1,7.905886173E0,8.458671208E0
6.374301463E0,-5.407779217E-1,-2.823530734E-1,1.254317665E1,1.255800321E1
6.376676984E0,3.632304668E0,-4.402793646E-1,8.049455643E0,8.842014435E0
6.379052505E0,-5.359922886E0,4.785645287E-3,1.067198944E1,1.194236806E1
6.381428077E0,5.292923450E0,-5.934200287E-1,9.623932838E0,1.099942131E1
6.383803598E0,-5.182853699E0,8.566305041E-1,9.102297783E0,1.050940594E1
6.386179119E0,3.014956474E0,-1.205982566E0,1.205504036E1,1.248472485E1
6.388554692E0,-3.589234054E-1,-4.642075896E-1,7.867600918E0,7.889452383E0
6.390930213E0,-2.469393015E0,4.498506486E-1,1.201196957E1,1.227141721E1
6.393305734E0,4.709074974E0,-1.086341500E0,8.164310455E0,9.487438547E0
6.395681307E0,-4.857429981E0,3.972085714E-1,1.138504982E1,1.238433527E1
6.398056827E0,4.359723091E0,-5.742774606E-1,9.351150513E0,1.033348905E1
6.400432400E0,-3.694518089E0,-3.732803464E-1,9.064012527E0,9.795158254E0
6.402807921E0,1.316052437E0,2.919243574E-1,1.269631672E1,1.276768076E1
6.405183442E0,2.120040894E0,-4.067798555E-1,7.288537979E0,7.601501767E0
6.407559015E0,-4.278367043E0,-1.124626637E0,1.117926693E1,1.202269598E1
6.409934536E0,5.943771362E0,-4.929214716E-1,9.978070259E0,1.162468390E1
6.412310005E0,-5.474778175E0,7.800601721E-1,9.346364975E0,1.085984476E1
6.414685630E0,4.010370731E0,-5.599204898E-1,1.138026428E1,1.207919697E1
6.417061150E0,-2.239681959E0,-6.221339107E-1,8.140382767E0,8.465757938E0
6.419436671E0,-3.062812984E-1,-4.067798555E-1,1.222253799E1,1.223313995E1
6.421812244E0,3.397808075E0,-7.800601721E-1,7.944170952E0,8.675450749E0
6.424187765E0,-4.646861553E0,3.014956415E-1,1.144247818E1,1.235372530E1
6.426563338E0,5.249852657E0,-4.689932466E-1,9.844072342E0,1.116631846E1
6.428938859E0,-5.111069202E0,-3.110669553E-1,8.863015175E0,1.023585996E1
6.431314380E0,3.014956474E0,-1.004985496E-1,1.258624744E1,1.294270788E1
6.433689952E0,-8.183453679E-1,-5.503492355E-1,7.278966427E0,7.345469738E0
6.436065473E0,-2.301895380E0,-1.196411327E-1,1.231825066E1,1.253205233E1
6.438440994E0,4.704289436E0,-6.556333899E-1,8.370093346E0,9.623858730E0
6.440816567E0,-6.039484501E0,-4.450650215E-1,1.005942631E1,1.174161461E1
6.443192088E0,4.910071850E0,-5.168496966E-1,1.128933716E1,1.232173172E1
6.445567661E0,-3.661018610E0,6.412764788E-1,8.609375954E0,9.377400871E0
6.447943130E0,5.790630579E-1,-3.493520916E-1,1.197368431E1,1.199276769E1
6.450318702E0,1.095912814E0,-8.662018180E-1,7.484749317E0,7.613987315E0
6.452694275E0,-4.125226021E0,-5.168496966E-1,1.180618668E1,1.251681538E1
6.455069796E0,6.111268997E0,-5.407779217E-1,9.580862045E0,1.137686104E1
6.457445317E0,-6.015556335E0,7.082754970E-1,9.207581520E0,1.102125808E1
6.459820890E0,3.139383316E0,-1.052841991E-1,1.135155106E1,1.177813753E1
6.462196411E0,-2.775674343E0,-7.178468108E-1,7.939385414E0,8.441179589E0
6.464571932E0,4.785645287E-3,-5.982056856E-1,1.266281700E1,1.267693998E1
6.466947505E0,3.469592810E0,-3.541377485E-1,8.054241180E0,8.776917956E0
6.469323025E0,-5.446064472E0,4.785645306E-1,1.077248764E1,1.208036143E1
6.471698546E0,4.957928658E0,-1.914258152E-1,9.561718941E0,1.077237994E1
6.474074119E0,-5.187639713E0,-1.196411327E-1,8.815158844E0,1.022902465E1
6.476449640E0,3.383451223E0,-9.523434043E-1,1.223689461E1,1.273170412E1
6.478825213E0,-4.067798555E-1,6.604190469E-1,8.240880966E0,8.277302838E0
6.481200734E0,-3.239881754E0,-5.838487148E-1,1.103091240E1,1.151167848E1
6.483576255E0,5.020142078E0,-5.742774606E-1,9.011369705E0,1.033133123E1
6.485951827E0,-5.000999451E0,-1.196411327E-1,1.041356373E1,1.155277538E1
6.488327348E0,5.072783947E0,-1.579262912E-1,1.037049294E1,1.154578717E1
6.490702869E0,-4.599005222E0,3.684946895E-1,8.236095428E0,9.440333960E0
6.493078442E0,1.301695466E0,-3.349951804E-1,1.224168110E1,1.231525026E1
6.495453963E0,2.076970100E0,-5.694918036E-1,7.987242222E0,8.272494426E0
6.497829484E0,-3.790230989E0,-5.886343718E-1,1.128455162E1,1.191861765E1
6.500205057E0,5.465207100E0,-2.249253243E-1,9.231510162E0,1.073032432E1
6.502580577E0,-6.034698486E0,2.297109663E-1,9.279366493E0,1.107144956E1
6.504956150E0,4.388436794E0,-4.163511395E-1,1.183011532E1,1.262471204E1
6.507331671E0,-2.182254314E0,-4.785645287E-3,7.925028801E0,8.219996246E0
6.509707192E0,-1.076770186E0,-4.402793646E-1,1.176790142E1,1.182526041E1
6.512082765E0,3.445664644E0,-6.508477330E-1,8.111668587E0,8.837158756E0
6.514458286E0,-4.852644444E0,-2.105683982E-1,1.115533924E1,1.216692610E1
6.516833807E0,5.417350292E0,-2.584248483E-1,9.944570541E0,1.132735410E1
6.519209380E0,-5.603990555E0,4.881358147E-1,8.537590981E0,1.022415994E1
6.521584900E0,2.076970100E0,-6.364908218E-1,1.191147137E1,1.210793440E1
6.523960421E0,-2.105683982E-1,-7.944171429E-1,8.202595711E0,8.243665085E0
6.526335994E0,-2.177468538E0,-2.727817893E-1,1.192582798E1,1.212605262E1
6.528711515E0,4.359723091E0,-2.057827413E-1,8.298309326E0,9.376111648E0
6.531087036E0,-6.594619274E0,3.158525825E-1,1.002592659E1,1.200449792E1
6.533462609E0,4.761716843E0,-6.795616150E-1,1.064806080E1,1.168404682E1
6.535838130E0,-3.632304668E0,-1.818545163E-1,8.705088615E0,9.434260759E0
6.538213702E0,9.571290612E-1,-3.876372576E-1,1.214118195E1,1.218501776E1
6.540589223E0,9.523434043E-1,-2.201396823E-1,7.446464062E0,7.510342633E0
6.542964744E0,-4.656432629E0,-3.637090325E-1,1.148554897E1,1.239889045E1
6.545340317E0,5.843272686E0,-6.077769399E-1,9.647860527E0,1.129577094E1
6.547715838E0,-5.761917114E0,1.866401732E-1,9.245866776E0,1.089589720E1
6.550091359E0,3.340380430E0,-2.153540403E-1,1.143769264E1,1.191743814E1
6.552466932E0,-2.919243574E0,-1.866401732E-1,7.862815380E0,8.389319597E0
6.554842452E0,-5.120640397E-1,-4.211367965E-1,1.230389404E1,1.232174397E1
6.557218025E0,3.675375462E0,-4.450650215E-1,8.188239098E0,8.986307761E0
6.559593546E0,-5.685346603E0,-2.344966233E-1,1.046142101E1,1.190879861E1
6.561969067E0,5.034498692E0,-3.589234054E-1,1.011206818E1,1.130172225E1
6.564344640E0,-4.862215519E0,9.571290761E-2,8.853444099E0,1.010117682E1
6.566720161E0,2.880958557E0,-2.727817893E-1,1.215553856E1,1.249525709E1
6.569095682E0,-5.694918036E-1,-2.105683982E-1,7.523034573E0,7.547496879E0
6.571471255E0,-3.354737282E0,-7.322037220E-1,1.154297638E1,1.204286877E1
6.573846775E0,5.599205017E0,-6.891329288E-1,9.351150513E0,1.092108131E1
6.576222296E0,-5.283352375E0,9.044869542E-1,1.009771156E1,1.143222147E1
6.578597869E0,4.149154663E0,-4.259224236E-1,1.018863869E1,1.100932571E1
6.580973390E0,-4.019941807E0,-5.599204898E-1,8.465806961E0,9.388467957E0
6.583348911E0,1.411765337E0,-3.876372576E-1,1.260538960E1,1.269012178E1
6.585724484E0,2.488535643E0,8.614161611E-2,7.920242786E0,8.302437944E0
6.588100005E0,-4.704289436E0,-2.967100143E-1,1.063370419E1,1.163159665E1
6.590475577E0,5.493920803E0,-6.891329288E-1,9.667003632E0,1.114042321E1
6.592851098E0,-5.249852657E0,1.531406492E-1,9.322437286E0,1.070010476E1
6.595226619E0,4.369294167E0,-3.349951804E-1,1.163868904E1,1.243631923E1
6.597602192E0,-2.206182480E0,1.914258152E-1,7.996813297E0,8.297765235E0
6.599977713E0,-1.282552958E0,4.307080805E-2,1.177268696E1,1.184242186E1
6.602353286E0,3.847658873E0,-8.374879360E-1,7.843672752E0,8.776620482E0
6.604728807E0,-4.689932346E0,-3.062812984E-1,1.116491032E1,1.211381426E1
6.607104327E0,5.714060307E0,-2.249253243E-1,1.028435135E1,1.176728343E1
6.609479848E0,-5.201996326E0,6.508477330E-1,8.260024071E0,9.783269709E0
6.611855421E0,2.158325911E0,-2.392822690E-2,1.216511059E1,1.235511469E1
6.614230942E0,2.105683982E-1,-6.077769399E-1,7.714460373E0,7.741229276E0
6.616606515E0,-2.182254314E0,-4.498506486E-1,1.163390350E1,1.184534973E1
6.618982036E0,4.991427898E0,-3.924229145E-1,8.781659126E0,1.010870344E1
6.621357557E0,-6.130411625E0,3.254238665E-1,9.796216011E0,1.156086915E1
6.623733130E0,4.886143684E0,-4.115654826E-1,1.105962658E1,1.209789760E1
6.626108650E0,-3.120240688E0,1.339980662E-1,8.461020470E0,9.019020170E0
6.628484171E0,7.704889178E-1,-4.019941986E-1,1.212203979E1,1.215315191E1
6.630859744E0,1.655833244E0,-1.866401732E-1,7.594819069E0,7.775467509E0
6.633235265E0,-4.378865242E0,-4.067798555E-1,1.119362450E1,1.202651903E1
6.635610786E0,6.044270039E0,-4.498506486E-1,9.777072906E0,1.150333519E1
6.637986359E0,-5.580062389E0,3.780659735E-1,9.107083321E0,1.068732879E1
6.640361880E0,3.326023579E0,-1.052841991E-1,1.137547874E1,1.185221643E1
6.642737400E0,-2.292324066E0,-5.120640397E-1,7.867600918E0,8.210730991E0
6.645112973E0,-4.785645306E-1,-4.594219327E-1,1.232782269E1,1.234565935E1
6.647488494E0,3.876372576E0,-2.392822653E-1,8.073383331E0,8.958964157E0
6.649864067E0,-5.747560024E0,7.657032460E-2,1.041356373E1,1.189464664E1
6.652239588E0,4.957928658E0,-5.072783828E-1,9.920642853E0,1.110214135E1
6.654615109E0,-4.555934429E0,-3.349951655E-2,8.968298912E0,1.005922691E1
6.656990682E0,2.723032236E0,-3.972085714E-1,1.224168110E1,1.254716842E1
6.659366202E0,-3.732803464E-1,-7.178468257E-2,7.465606689E0,7.475277553E0
6.661741723E0,-3.723232031E0,-3.780659735E-1,1.147119141E1,1.206621825E1
6.664117296E0,5.517848969E0,-8.805587292E-1,9.255437851E0,1.081134454E1
6.666492817E0,-5.302495003E0,1.292124242E-1,1.005942631E1,1.137212411E1
6.668868338E0,4.340580463E0,-8.135596663E-2,1.057627583E1,1.143262297E1
6.671243911E0,-4.331008911E0,9.092725813E-2,7.920242786E0,9.027521905E0
6.673619432E0,6.317051649E-1,-8.135597110E-1,1.240917778E1,1.245185223E1
6.675995005E0,2.708675146E0,-4.259224236E-1,8.350951195E0,8.789580014E0
6.678370525E0,-4.230510235E0,-1.674975902E-1,1.084427261E1,1.164145699E1
6.680746046E0,4.819144726E0,-2.249253243E-1,9.202795982E0,1.039067857E1
6.683121619E0,-5.886343479E0,-1.244267747E-1,9.212367058E0,1.093307955E1
6.685497140E0,4.354937077E0,-4.402793646E-1,1.207418346E1,1.284310045E1
6.687872609E0,-1.761117458E0,-9.092725813E-2,7.709674358E0,7.908785063E0
6.690248234E0,-1.780260086E0,-7.178468257E-2,1.179661560E1,1.193040731E1
6.692623755E0,3.747160196E0,-7.369893789E-1,8.169096947E0,9.017677517E0
6.694999275E0,-4.704289436E0,-2.009970993E-1,1.095912743E1,1.192783354E1
6.697374848E0,5.436492920E0,-3.158525825E-1,1.006421185E1,1.144305808E1
6.699750369E0,-5.192425251E0,4.929214716E-1,8.336593628E0,9.833770634E0
6.702125942E0,1.880758643E0,-5.216353536E-1,1.205025482E1,1.220729281E1
6.704501411E0,5.216353536E-1,-6.795616150E-1,8.197810173E0,8.242451035E0
6.706876984E0,-2.311466694E0,-2.392822653E-1,1.168654537E1,1.191534628E1
6.709252557E0,4.795216560E0,-1.435693651E-1,8.580661774E0,9.830690235E0
6.711628077E0,-6.336194515E0,1.339980662E-1,9.676574707E0,1.156725613E1
6.714003598E0,4.957928658E0,-7.082754970E-1,1.123669529E1,1.230227750E1
6.716379171E0,-2.895315409E0,-7.657032460E-2,8.604590416E0,9.078969686E0
6.718754640E0,7.226324677E-1,-1.914258152E-1,1.213161087E1,1.215462150E1
6.721130213E0,1.507478237E0,-3.397808075E-1,7.523034573E0,7.680103568E0
6.723505734E0,-4.182653904E0,-4.211367965E-1,1.143769264E1,1.218576066E1
6.725881307E0,6.125626087E0,-6.939185858E-1,9.868000984E0,1.163538832E1
6.728256827E0,-5.450850010E0,2.488535494E-1,9.145368576E0,1.064948169E1
6.730632400E0,3.378665686E0,-1.674975902E-1,1.162433243E1,1.210654954E1
6.733007869E0,-2.268395901E0,-7.609176040E-1,7.872386456E0,8.227945313E0
6.735383494E0,-2.201396823E-1,-5.072783828E-1,1.267717457E1,1.268922960E1
6.737759015E0,3.857230186E0,-5.599204898E-1,8.130811691E0,9.016752987E0
6.740134536E0,-5.541777134E0,6.269195080E-1,1.082512951E1,1.217734580E1
6.742510109E0,4.977071285E0,-7.561319470E-1,9.729216576E0,1.095447987E1
6.744885630E0,-4.637290478E0,-3.493520916E-1,9.193224907E0,1.030251882E1
6.747261150E0,3.077169895E0,-5.599204898E-1,1.236610699E1,1.275551205E1
6.749636723E0,-5.359922647E-1,-2.153540403E-1,7.542177200E0,7.564264802E0
6.752012244E0,-3.335594654E0,-2.488535494E-1,1.194018459E1,1.239984387E1
6.754387765E0,5.216353416E0,-8.470591903E-1,9.030512810E0,1.046317418E1
6.756763338E0,-5.331208706E0,-1.627119333E-1,1.021735287E1,1.152573473E1
6.759138859E0,4.527220249E0,-3.110669553E-1,1.065284634E1,1.157910277E1
6.761514432E0,-4.541577339E0,-6.699903309E-2,8.264809608E0,9.430667604E0
6.763889952E0,1.201196909E0,-7.513462901E-1,1.263410378E1,1.271329908E1
6.766265473E0,1.665404558E0,-4.402793646E-1,8.073383331E0,8.255115788E0
6.768641046E0,-4.005585194E0,-2.679961324E-1,1.130369377E1,1.199541694E1
6.771016567E0,4.718646049E0,-4.450650215E-1,9.092725754E0,1.025384635E1
6.773392088E0,-6.087340832E0,-2.488535494E-1,9.647860527E0,1.141047147E1
6.775767661E0,4.532006264E0,-4.881358147E-1,1.184925747E1,1.269575756E1
6.778143182E0,-2.962314367E0,-1.435693540E-2,8.001599312E0,8.532356303E0
6.780518702E0,-1.119840980E0,-2.249253243E-1,1.208375454E1,1.213761752E1
6.782894275E0,2.536391973E0,-8.757730722E-1,7.972885132E0,8.412321917E0
6.785269796E0,-4.331008911E0,-3.541377485E-1,1.154776192E1,1.233830852E1
6.787645369E0,5.249852657E0,-3.637090325E-1,9.762716293E0,1.109071083E1
6.790020890E0,-6.096911907E0,4.163511395E-1,8.719446182E0,1.064774271E1
6.792396411E0,2.593819857E0,-6.077769399E-1,1.190190029E1,1.219641442E1
6.794771984E0,-1.024128079E0,-6.221339107E-1,8.245666504E0,8.332280901E0
6.797147505E0,-1.416550994E0,-3.541377485E-1,1.213161087E1,1.221916579E1
6.799523025E0,3.608376503E0,-2.153540403E-1,8.025527000E0,8.802036241E0
6.801898598E0,-6.178267956E0,-1.244267747E-1,1.033699417E1,1.204325228E1
6.804274119E0,5.508277893E0,-7.226324677E-1,1.078684425E1,1.213339738E1
6.806649588E0,-4.249652863E0,1.435693651E-1,8.647661209E0,9.636503827E0
6.809025213E0,1.823330879E0,-1.244267747E-1,1.201196957E1,1.215020289E1
6.811400734E0,-3.780659735E-1,-4.594219327E-1,7.561319351E0,7.584691999E0
6.813776255E0,-2.794816732E0,-7.369893789E-1,1.189232826E1,1.223853036E1
6.816151827E0,5.647061348E0,-4.307080805E-1,9.384650230E0,1.096113458E1
6.818527348E0,-5.623133183E0,2.105683982E-1,9.643074989E0,1.116480457E1
6.820902921E0,4.096512318E0,-1.052841991E-1,1.071027374E1,1.146745227E1
6.823278442E0,-3.694518089E0,-4.977070987E-1,8.341380119E0,9.136509102E0
6.825653963E0,1.842473388E0,-4.929214716E-1,1.275374508E1,1.289556875E1
6.828029536E0,1.875972986E0,-2.679961324E-1,7.623532772E0,7.855529804E0
6.830405057E0,-4.455435753E0,-2.392822690E-2,1.123190975E1,1.208334709E1
6.832780577E0,5.532206059E0,-7.178468108E-1,9.265008926E0,1.081485082E1
6.835156150E0,-5.000999451E0,-5.742774159E-2,9.848857880E0,1.104596284E1
6.837531671E0,4.340580463E0,-3.828516304E-1,1.151904774E1,1.231566786E1
6.839907192E0,-2.689532757E0,3.349951655E-2,7.814958572E0,8.264882707E0
6.842282765E0,-9.284151793E-1,-6.125625968E-1,1.211725426E1,1.216819783E1
6.844658286E0,3.957728624E0,-7.226324677E-1,8.508877754E0,9.412056852E0
6.847033807E0,-4.297509670E0,-1.962114573E-1,1.093041420E1,1.174653323E1
6.849409380E0,5.067998409E0,-8.614161611E-2,9.576076508E0,1.083481747E1
6.851784900E0,-5.833701611E0,1.292124242E-1,8.714659691E0,1.048780548E1
6.854160421E0,3.536591768E0,-7.848458290E-1,1.229432297E1,1.281693573E1
6.856535994E0,-4.785645306E-1,-2.919243574E-1,8.006384850E0,8.025985435E0
6.858911515E0,-2.062613010E0,-1.387837082E-1,1.178704453E1,1.196695667E1
6.861287088E0,3.905086517E0,-3.397808075E-1,7.996813297E0,8.905850584E0
6.863662609E0,-5.536991596E0,-4.307080805E-1,1.056670475E1,1.193729595E1
6.866038130E0,5.632704735E0,-4.115654826E-1,1.074855900E1,1.214200434E1
6.868413702E0,-4.503292084E0,3.110669553E-1,8.288737297E0,9.438197297E0
6.870789171E0,1.239482164E0,-2.201396823E-1,1.203589821E1,1.210155458E1
6.873164744E0,2.536391914E-1,-7.130611539E-1,7.657032490E0,7.694344390E0
6.875540265E0,-2.593819857E0,-3.302095234E-1,1.199282742E1,1.227456106E1
6.877915838E0,5.000999451E0,-2.871387303E-1,8.628518105E0,9.977162364E0
6.880291359E0,-6.345765591E0,2.201396823E-1,9.556933403E0,1.147397832E1
6.882666932E0,4.254438877E0,-5.455635786E-1,1.098305607E1,1.179090371E1
6.885042452E0,-3.005385160E0,-1.292124242E-1,8.652446747E0,9.160451436E0
6.887417973E0,7.417750359E-1,-3.206382394E-1,1.219382381E1,1.222057193E1
6.889793546E0,1.383051515E0,-1.052841991E-1,7.546962738E0,7.673367111E0
6.892169067E0,-4.814359188E0,-2.727817893E-1,1.122233772E1,1.221447208E1
6.894544640E0,5.915057659E0,-8.901300430E-1,9.647860527E0,1.135171579E1
6.896920161E0,-5.388636589E0,1.339980662E-1,9.346364975E0,1.078934187E1
6.899295682E0,3.517449379E0,-1.196411327E-1,1.136112213E1,1.189377401E1
6.901671255E0,-3.048455954E0,-1.531406492E-1,7.743174076E0,8.323057163E0
6.904046775E0,-5.886343718E-1,-7.034898400E-1,1.236132145E1,1.239530784E1
6.906422296E0,3.675375462E0,-4.211367965E-1,8.365307808E0,9.146809045E0
6.908797869E0,-5.024927616E0,-1.292124242E-1,1.051406288E1,1.165384536E1
6.911173390E0,4.723432064E0,-3.828516304E-1,9.700503349E0,1.079616372E1
6.913548911E0,-5.379065514E0,-6.221338734E-2,9.049654961E0,1.052779517E1
6.915924484E0,3.675375462E0,-4.211367965E-1,1.212203979E1,1.267397293E1
6.918300005E0,-1.272981644E0,-1.052841991E-1,7.628318787E0,7.734520964E0
6.920675525E0,-2.622533560E0,-3.349951655E-2,1.183011532E1,1.211736081E1
6.923051098E0,4.326223373E0,-8.183453679E-1,8.126026154E0,9.242196647E0
6.925426619E0,-4.914857864E0,-1.914258152E-1,1.075334454E1,1.182484209E1
6.927802192E0,5.173282623E0,-2.249253243E-1,1.038963604E1,1.160853055E1
6.930177713E0,-5.034498692E0,4.546363056E-1,8.154739380E0,9.594406996E0
6.932553234E0,1.497906923E0,-4.977070987E-1,1.206939697E1,1.217217239E1
6.934928807E0,9.906286001E-1,-6.077769399E-1,8.063812256E0,8.147134829E0
6.937304327E0,-2.636890650E0,-2.249253243E-1,1.161954689E1,1.191711599E1
6.939679848E0,4.800002098E0,-1.579262912E-1,8.427521706E0,9.699901183E0
6.942055421E0,-6.197410583E0,1.148554832E-1,9.762716293E0,1.156424313E1
6.944430942E0,5.144568920E0,-5.072783828E-1,1.126062298E1,1.239054279E1
6.946806463E0,-2.914458036E0,1.196411327E-1,8.360522270E0,8.854756478E0
6.949182036E0,5.407779217E-1,-8.614161611E-2,1.205982590E1,1.207225173E1
6.951557557E0,1.679761529E0,-4.881358147E-1,7.460821152E0,7.663140846E0
6.953933077E0,-3.694518089E0,-5.694918036E-1,1.155733299E1,1.214684036E1
6.956308650E0,6.125626087E0,-3.158525825E-1,9.810572624E0,1.157023738E1
6.958684171E0,-5.450850010E0,4.929214716E-1,9.016156197E0,1.054731293E1
6.961059744E0,3.527020693E0,9.571290575E-3,1.130848026E1,1.184574575E1
6.963435265E0,-2.124826431E0,-5.694918036E-1,7.929814339E0,8.229286951E0
6.965810786E0,2.679961324E-1,-4.402793646E-1,1.248096275E1,1.249160114E1
6.968186359E0,3.723232031E0,-2.632105052E-1,7.944170952E0,8.777333800E0
6.970561880E0,-5.302495003E0,4.785645381E-2,1.060020447E1,1.185255577E1
6.972937400E0,5.546562672E0,-5.647061467E-1,9.944570541E0,1.140077777E1
6.975312973E0,-4.326223373E0,1.387837082E-1,9.312865257E0,1.026961192E1
6.977688494E0,3.349951744E0,-3.014956415E-1,1.177268696E1,1.224374267E1
6.980064015E0,-1.110269666E0,-1.244267747E-1,7.637889862E0,7.719167202E0
6.982439588E0,-2.258824587E0,-6.747759581E-1,1.180140114E1,1.203456189E1
6.984815109E0,5.221138954E0,-6.125625968E-1,8.930013657E0,1.036246442E1
6.987190630E0,-4.953142643E0,-3.349951655E-2,1.041356373E1,1.153156771E1
6.989566202E0,4.651647091E0,3.349951655E-2,1.020299530E1,1.121338736E1
6.991941723E0,-5.106283665E0,1.483550072E-1,8.389236450E0,9.822190707E0
6.994317296E0,2.435893536E0,-1.000199914E0,1.241874981E1,1.269485423E1
6.996692817E0,9.284151793E-1,-4.881358147E-1,8.212167740E0,8.278884605E0
6.999068338E0,-3.354737282E0,-1.674975902E-1,1.141376400E1,1.189774459E1
7.001443911E0,4.622933388E0,-3.014956415E-1,8.618947029E0,9.785124456E0
7.003819432E0,-6.015556335E0,-2.775674164E-1,9.997213364E0,1.167082845E1
7.006194952E0,4.914857864E0,-5.407779217E-1,1.137069321E1,1.239923113E1
7.008570525E0,-3.656233072E0,-5.264209956E-2,8.121239662E0,8.906477706E0
7.010946046E0,-2.440679073E-1,-3.876372576E-1,1.215075302E1,1.215938447E1
7.013321567E0,1.904686809E0,-7.609176040E-1,7.934599876E0,8.195407411E0
7.015697140E0,-3.957728624E0,-2.775674164E-1,1.165783215E1,1.231445126E1
7.018072661E0,5.154139996E0,-3.206382394E-1,9.241081238E0,1.058610176E1
7.020448182E0,-6.403193474E0,1.962114573E-1,9.040083885E0,1.107982411E1
7.022823755E0,3.416950703E0,-7.130611539E-1,1.177747345E1,1.228384668E1
7.025199275E0,-1.727617979E0,-4.019941986E-1,8.446663857E0,8.630897608E0
7.027574848E0,-9.236295223E-1,-3.014956415E-1,1.197846985E1,1.201780891E1
7.029950369E0,2.847458839E0,-2.009970993E-1,7.829315662E0,8.333462991E0
7.032325890E0,-5.757131100E0,-4.498506486E-1,1.065763187E1,1.212155276E1
7.034701463E0,5.915057659E0,-6.460621357E-1,1.056191921E1,1.212268291E1
7.037076984E0,-4.924428940E0,2.536391914E-1,8.642875671E0,9.950559436E0
7.039452505E0,2.297109842E0,-5.742774159E-2,1.194975662E1,1.216867679E1
7.041828077E0,-1.311266780E0,-4.737788737E-1,7.551748276E0,7.679374259E0
7.044203598E0,-1.928615093E0,-7.274180651E-1,1.210289669E1,1.227716586E1
7.046579119E0,5.168497086E0,-4.546363056E-1,8.968298912E0,1.036100582E1
7.048954640E0,-5.546562672E0,1.722832322E-1,9.915857315E0,1.136302184E1
7.051330213E0,4.383651257E0,-8.135596663E-2,1.036570740E1,1.125481706E1
7.053705734E0,-4.206582069E0,-2.823530734E-1,8.441878319E0,9.436120257E0
7.056081255E0,2.455035925E0,-4.977070987E-1,1.259581852E1,1.284249033E1
7.058456827E0,1.052842021E0,-2.536391914E-1,7.523034573E0,7.600582763E0
7.060832348E0,-3.967299938E0,-4.307080805E-2,1.138504982E1,1.205656184E1
7.063207921E0,5.551348686E0,-7.609176040E-1,9.073583603E0,1.066425746E1
7.065583442E0,-4.977071285E0,1.339980662E-1,1.006899738E1,1.123271572E1
7.067958963E0,4.579862595E0,-2.871387303E-1,1.107398319E1,1.198710531E1
7.070334536E0,-3.282952785E0,1.674975902E-1,7.886743546E0,8.544387526E0
7.072710057E0,4.785645287E-3,-7.178468108E-1,1.224168110E1,1.226271108E1
7.075085630E0,3.407379389E0,-5.790630579E-1,8.370093346E0,9.055606602E0
7.077461150E0,-4.015156269E0,-2.009970993E-1,1.105484104E1,1.176313692E1
7.079836671E0,5.216353416E0,-1.818545163E-1,9.236295700E0,1.060907971E1
7.082212244E0,-5.848058701E0,-4.785645381E-2,9.020941734E0,1.075078930E1
7.084587765E0,4.321437836E0,-7.130611539E-1,1.226082325E1,1.301964162E1
7.086963286E0,-1.162911773E0,-2.297109663E-1,7.829315662E0,7.918542458E0
7.089338859E0,-1.574477315E0,-8.135596663E-2,1.197846985E1,1.208177708E1
7.091714380E0,3.670589924E0,-5.742774606E-1,7.929814339E0,8.756996085E0
7.094089900E0,-4.996213913E0,-5.551348329E-1,1.085862923E1,1.196579111E1
7.096465473E0,5.757131100E0,-4.689932466E-1,1.059541893E1,1.206761847E1
7.098840994E0,-4.900500774E0,3.637090325E-1,8.245666504E0,9.598864943E0
7.101216567E0,1.641476393E0,-2.967100143E-1,1.206461143E1,1.217938137E1
7.103592192E0,-6.699903309E-2,-8.566305041E-1,7.838887215E0,7.885839046E0
7.105967609E0,-2.182254314E0,-4.354937077E-1,1.211725426E1,1.231989202E1
7.108343130E0,4.780859470E0,-3.972085714E-1,8.585447311E0,9.834851166E0
7.110718702E0,-6.556334019E0,1.531406492E-1,9.724431038E0,1.172917418E1
7.113094223E0,4.426722050E0,-6.795616150E-1,1.095434189E1,1.183449527E1
7.115469796E0,-3.340380430E0,-1.435693651E-1,8.719446182E0,9.338495345E0
7.117845317E0,8.518448472E-1,-4.163511395E-1,1.207418346E1,1.211135394E1
7.120220838E0,9.571290612E-1,-2.679961324E-1,7.537391186E0,7.602643215E0
7.122596411E0,-4.843072891E0,-5.503492355E-1,1.127976608E1,1.228785426E1
7.124971932E0,5.862415314E0,-6.891329288E-1,9.815358162E0,1.145356160E1
7.127347452E0,-5.704489231E0,1.483550072E-1,9.341579437E0,1.094661194E1
7.129723025E0,3.172882795E0,-8.614161611E-2,1.127976608E1,1.171783805E1
7.132098546E0,-3.273381472E0,-4.689932466E-1,7.939385414E0,8.600512873E0
7.134474067E0,-3.924229145E-1,-6.747759581E-1,1.247139168E1,1.249579644E1
7.136849640E0,3.412165165E0,-4.211367965E-1,8.264809608E0,8.951385657E0
7.139225161E0,-5.407779217E0,2.871387079E-2,1.063848972E1,1.193408413E1
7.141600682E0,4.709074974E0,-2.919243574E-1,9.729216576E0,1.081287483E1
7.143976255E0,-5.379065514E0,-2.679961324E-1,9.016156197E0,1.050224930E1
7.146351775E0,3.445664644E0,-5.216353536E-1,1.228475189E1,1.276948853E1
7.148727296E0,-1.038485050E0,-1.435693651E-1,7.719245911E0,7.790110448E0
7.151102817E0,-2.933600664E0,-2.584248483E-1,1.174397373E1,1.210758916E1
7.153478390E0,4.713860512E0,-8.662018180E-1,8.671588898E0,9.907938258E0
7.155853963E0,-5.044070244E0,0.000000000E0,1.062413216E1,1.176073249E1
7.158229484E0,4.953142643E0,-2.871387303E-1,1.044227791E1,1.156102239E1
7.160605005E0,-4.776073933E0,2.249253243E-1,8.169096947E0,9.465496212E0
7.162980577E0,1.493121386E0,-7.752745152E-1,1.235653591E1,1.247054296E1
7.165356098E0,1.703689694E0,-5.503492355E-1,8.331808090E0,8.521999115E0
7.167731619E0,-3.144168854E0,-2.105683982E-1,1.139462185E1,1.182233242E1
7.170107192E0,5.120640278E0,-1.483550072E-1,8.891729355E0,1.026186226E1
7.172482713E0,-6.130411625E0,1.914258115E-2,9.504291534E0,1.130990145E1
7.174858234E0,5.106283665E0,-6.556333899E-1,1.172004509E1,1.280091578E1
7.177233807E0,-2.431107759E0,-1.148554832E-1,8.154739380E0,8.510185137E0
7.179609327E0,3.349951655E-2,-1.866401732E-1,1.207896900E1,1.208045731E1
7.181984900E0,2.426322222E0,-5.455635786E-1,7.704888821E0,8.096294886E0
7.184360421E0,-4.144368649E0,-5.551348329E-1,1.141854954E1,1.216006742E1
7.186735942E0,6.087340832E0,-4.067798555E-1,9.982855797E0,1.169951273E1
7.189111515E0,-5.326423168E0,3.541377485E-1,8.705088615E0,1.021150161E1
7.191487036E0,2.919243574E0,-4.642075896E-1,1.172961617E1,1.209633693E1
7.193862557E0,-1.129412293E0,-6.125625968E-1,8.193024635E0,8.293157284E0
7.196238130E0,-7.417750359E-1,-4.307080805E-1,1.218903828E1,1.221918139E1
7.198613650E0,3.996013880E0,-2.057827413E-1,8.140382767E0,9.070628702E0
7.200989171E0,-5.953342915E0,1.866401732E-1,1.046142101E1,1.203820817E1
7.203364692E0,5.173282623E0,-7.274180651E-1,1.016471100E1,1.142861933E1
7.205740265E0,-4.244867325E0,-2.392822690E-2,9.001798630E0,9.952479577E0
7.208115786E0,2.163111687E0,-5.503492355E-1,1.222732353E1,1.242937558E1
7.210491359E0,-1.435693651E-1,-4.067798555E-1,7.389036179E0,7.401617233E0
7.212866827E0,-3.723232031E0,-4.689932466E-1,1.189232826E1,1.247036018E1
7.215242400E0,5.637490273E0,-7.513462901E-1,9.355937004E0,1.094894402E1
7.217617973E0,-5.857629776E0,1.435693651E-1,9.710074425E0,1.134098691E1
7.219993494E0,3.732803345E0,-4.881358147E-1,1.093998528E1,1.156958838E1
7.222369015E0,-3.737588882E0,5.455635786E-1,8.355736732E0,9.169817153E0
7.224744588E0,2.823530734E-1,-1.110269666E0,1.222732353E1,1.228087386E1
7.227120109E0,2.584248543E0,-3.972085714E-1,8.039883614E0,8.454338750E0
7.229495682E0,-5.163711071E0,-7.465606928E-1,1.106441212E1,1.223284433E1
7.231871202E0,5.082355499E0,4.785645287E-3,9.829715729E0,1.106587871E1
7.234246723E0,-5.891129494E0,4.498506486E-1,8.915657043E0,1.069563990E1
7.236622296E0,3.029313564E0,-8.805587292E-1,1.193539906E1,1.234527744E1
7.238997817E0,-1.186840057E0,-8.566305041E-1,7.795815945E0,7.932033244E0
7.241373338E0,-2.474178553E0,3.206382394E-1,1.228953743E1,1.254021924E1
7.243748911E0,4.335794449E0,-6.221339107E-1,8.145168304E0,9.248239336E0
7.246124432E0,-6.135197163E0,-3.828516304E-1,1.029392338E1,1.198966547E1
7.248499952E0,4.986642361E0,-4.067798555E-1,1.085384369E1,1.195148504E1
7.250875525E0,-4.331008911E0,-3.828516230E-2,8.202595711E0,9.275865476E0
7.253251046E0,7.513462901E-1,-4.929214716E-1,1.247139168E1,1.250372357E1
7.255626567E0,1.990828395E0,-4.019941986E-1,8.111668587E0,8.362066987E0
7.258002140E0,-4.426722050E0,-1.722832322E-1,1.103091240E1,1.188724434E1
7.260377661E0,5.379065514E0,-6.652047038E-1,9.317651749E0,1.077940060E1
7.262753234E0,-6.001199245E0,-1.722832322E-1,9.298508644E0,1.106825808E1
7.265128755E0,4.402793884E0,-3.876372576E-1,1.250489140E1,1.326299987E1
7.267504275E0,-1.435693622E0,2.297109663E-1,7.465606689E0,7.605870532E0
7.269879848E0,-2.512463808E0,-6.891329288E-1,1.167218876E1,1.195940504E1
7.272255369E0,4.890929699E0,-8.901300430E-1,9.040083885E0,1.031681353E1
7.274630890E0,-4.886143684E0,3.254238665E-1,1.043270683E1,1.152482853E1
7.277006463E0,5.158925533E0,-2.009970993E-1,1.038963604E1,1.160170029E1
7.279381984E0,-4.479363918E0,-2.871387079E-2,8.149953842E0,9.299853398E0
7.281757505E0,1.239482164E0,-7.369893789E-1,1.256231880E1,1.264481408E1
7.284133077E0,2.636890650E0,-5.742774606E-1,8.063812256E0,8.503414314E0
7.286508598E0,-3.608376503E0,3.732803464E-1,1.120319557E1,1.177587832E1
7.288884119E0,5.087141037E0,-1.674975902E-1,9.159725189E0,1.047891335E1
7.291259692E0,-5.948556900E0,-1.866401732E-1,9.006584167E0,1.079531019E1
7.293635213E0,4.584648132E0,-6.604190469E-1,1.225125217E1,1.309764603E1
7.296010734E0,-7.848458290E-1,1.866401732E-1,7.972885132E0,8.013595626E0
7.298386255E0,-1.813759565E0,-6.699903309E-2,1.172483063E1,1.186447917E1
7.300761827E0,3.914657831E0,-6.891329288E-1,8.126026154E0,9.046090381E0
7.303137400E0,-5.283352375E0,-3.062812984E-1,1.074855900E1,1.198078216E1
7.305512921E0,6.168696880E0,-4.450650215E-1,1.088734341E1,1.252138772E1
7.307888442E0,-4.369294167E0,8.039883971E-1,8.293522835E0,9.408488182E0
7.310264015E0,1.067198873E0,-3.541377485E-1,1.192104244E1,1.197395423E1
7.312639536E0,8.470591903E-1,-9.667003751E-1,7.719245911E0,7.825520834E0
7.315015057E0,-2.737389088E0,-3.445664644E-1,1.194975662E1,1.226412281E1
7.317390630E0,5.618347645E0,-3.972085714E-1,9.140582085E0,1.073656583E1
7.319766150E0,-6.374479294E0,6.652047038E-1,9.154939651E0,1.117539277E1
7.322141671E0,3.780659676E0,-8.614161611E-2,1.148554897E1,1.209209011E1
7.324517244E0,-2.421536446E0,-5.982056856E-1,7.858029366E0,8.244411095E0
7.326892765E0,-2.344966233E-1,-7.034898400E-1,1.227517986E1,1.229755778E1
7.329268286E0,3.340380430E0,-3.014956415E-1,8.188239098E0,8.848519682E0
7.331643859E0,-5.915057659E0,1.722832322E-1,1.051884842E1,1.206912427E1
7.334019380E0,5.278566837E0,-4.689932466E-1,1.030349445E1,1.158642397E1
7.336394952E0,-4.780859470E0,2.057827413E-1,8.776873589E0,9.996623120E0
7.338770473E0,2.435893536E0,-6.077769399E-1,1.195932770E1,1.222000365E1
7.341145994E0,-6.460621357E-1,-4.833501875E-1,7.566105366E0,7.609006117E0
7.343521567E0,-3.120240688E0,-4.163511395E-1,1.189232826E1,1.230189911E1
7.345897088E0,5.221138954E0,-4.785645306E-1,9.092725754E0,1.049604581E1
7.348272609E0,-6.020341873E0,2.775674164E-1,9.509077072E0,1.125806852E1
7.350648182E0,3.871587038E0,-3.924229145E-1,1.084905815E1,1.152585115E1
7.353023702E0,-3.866801500E0,-4.498506486E-1,8.303094864E0,9.170381877E0
7.355399171E0,1.100698471E0,-5.359922647E-1,1.262453270E1,1.268375539E1
7.357774796E0,2.062613010E0,-2.775674164E-1,7.561319351E0,7.842510212E0
7.360150317E0,-5.230710506E0,8.614161611E-2,1.096869946E1,1.215237098E1
7.362525838E0,5.182853699E0,-7.417750359E-1,9.427721024E0,1.078397544E1
7.364901411E0,-5.273781300E0,-2.392822690E-2,9.332008362E0,1.071912878E1
7.367276932E0,3.823730469E0,-5.359922647E-1,1.182054424E1,1.243517063E1
7.369652452E0,-1.938186288E0,2.392822690E-2,7.499105930E0,7.745561852E0
7.372028025E0,-2.277967215E0,-1.866401732E-1,1.188754272E1,1.210527328E1
7.374403546E0,4.594219685E0,-8.949156404E-1,8.575876236E0,9.770024653E0
7.376779067E0,-5.067998409E0,-3.110669553E-1,1.046142101E1,1.162852958E1
7.379154640E0,5.201996326E0,-3.349951655E-2,1.042313576E1,1.164919083E1
7.381530161E0,-5.187639713E0,6.747759581E-1,7.972885132E0,9.535922908E0
7.383905682E0,1.866401672E0,-6.699903607E-1,1.216989613E1,1.233039797E1
7.386281255E0,1.272981644E0,-7.369893789E-1,7.939385414E0,8.074495425E0
7.388656775E0,-3.091526747E0,-4.019941986E-1,1.144726372E1,1.186418912E1
7.391032348E0,5.264209747E0,-2.249253243E-1,8.963513374E0,1.039745487E1
7.393407817E0,-6.096911907E0,3.110669553E-1,9.556933403E0,1.134037361E1
7.395783390E0,4.857429981E0,-2.823530734E-1,1.166740322E1,1.264130718E1
7.398158963E0,-2.536391973E0,-1.914258115E-2,7.743174076E0,8.148030158E0
7.400534484E0,-5.599204898E-1,-8.805587292E-1,1.183490086E1,1.188081533E1
7.402910005E0,3.574877024E0,-6.269195080E-1,8.494520187E0,9.237404777E0
7.405285577E0,-4.220939159E0,5.312066078E-1,1.103569794E1,1.182730471E1
7.407661098E0,5.254638672E0,-2.297109663E-1,9.609575272E0,1.095481317E1
7.410036619E0,-5.441278458E0,-1.914258152E-1,8.508877754E0,1.010174023E1
7.412412192E0,3.206382275E0,-5.647061467E-1,1.255274773E1,1.296808605E1
7.414787713E0,3.493520916E-1,-4.689932466E-1,7.795815945E0,7.817720115E0
7.417163234E0,-2.531606436E0,-4.785645381E-2,1.166261768E1,1.193431911E1
7.419538807E0,4.723432064E0,-1.339980662E-1,8.762516975E0,9.955424134E0
7.421914327E0,-6.149554253E0,7.178468257E-2,9.633503914E0,1.142919806E1
7.424289900E0,5.292923450E0,-9.954141974E-1,1.140897846E1,1.261628621E1
7.426665421E0,-2.952743053E0,-9.571290575E-3,8.537590981E0,9.033783421E0
7.429040942E0,6.460621357E-1,-1.483550072E-1,1.195932770E1,1.197768444E1
7.431416463E0,1.651047587E0,-2.488535494E-1,7.594819069E0,7.776192057E0
7.433792036E0,-4.532006264E0,-5.694918036E-1,1.123190975E1,1.212514735E1
7.436167557E0,6.144768715E0,-5.790630579E-1,1.019342422E1,1.191634986E1
7.438543130E0,-5.450850010E0,3.637090325E-1,8.628518105E0,1.021251070E1
7.440918650E0,2.885744095E0,-2.727817893E-1,1.175833035E1,1.211033696E1
7.443294171E0,-1.828116536E0,-5.168496966E-1,7.877171993E0,8.103023034E0
7.445669744E0,-1.076770186E0,-3.828516304E-1,1.224646664E1,1.229967294E1
7.448045265E0,4.302295208E0,-3.684946895E-1,8.336593628E0,9.388520954E0
7.450420786E0,-6.211767673E0,1.435693651E-1,1.014078236E1,1.189294482E1
7.452796359E0,4.804787636E0,-5.790630579E-1,1.059541893E1,1.164835613E1
7.455171880E0,-4.043870449E0,5.742774159E-2,8.891729355E0,9.768266841E0
7.457547400E0,1.942971945E0,-3.254238665E-1,1.211725426E1,1.227635497E1
7.459922973E0,2.488535494E-1,-9.092725813E-2,7.460821152E0,7.465523968E0
7.462298494E0,-4.244867325E0,-4.067798555E-1,1.134197903E1,1.211713071E1
7.464674015E0,5.814558983E0,-7.226324677E-1,9.647860527E0,1.128771485E1
7.467049588E0,-5.546562672E0,2.967100143E-1,9.561718941E0,1.105797737E1
7.469425109E0,3.823730469E0,-7.657032460E-2,1.108355427E1,1.172484341E1
7.471800682E0,-3.708875179E0,-3.254238665E-1,7.858029366E0,8.695417258E0
7.474176202E0,2.153540403E-1,-6.269195080E-1,1.248096275E1,1.249855338E1
7.476551723E0,3.230310678E0,-2.967100143E-1,8.298309326E0,8.909819391E0
7.478927244E0,-4.924428940E0,1.914258115E-2,1.067198944E1,1.175337081E1
7.481302817E0,4.895715237E0,-2.632105052E-1,9.542576790E0,1.072837729E1
7.483678338E0,-5.450850010E0,-7.178468257E-2,8.977870941E0,1.050328927E1
7.486053911E0,4.043870449E0,-5.551348329E-1,1.232303619E1,1.298145924E1
7.488429432E0,-1.292124271E0,-7.657032460E-2,7.580461979E0,7.690178929E0
7.490804952E0,-2.306680918E0,-2.871387079E-2,1.187318611E1,1.209521185E1
7.493180525E0,4.307080746E0,-7.944171429E-1,8.346165657E0,9.425525148E0
7.495556046E0,-4.852644444E0,-4.307080805E-1,1.064327526E1,1.170525420E1
7.497931567E0,5.426921844E0,-3.924229145E-1,1.059063339E1,1.190659448E1
7.500307140E0,-4.651647091E0,7.704889178E-1,8.288737297E0,9.535965594E0
7.502682661E0,1.473978758E0,-4.259224236E-1,1.208375454E1,1.218076956E1
7.505058182E0,1.043270707E0,-8.901300430E-1,7.896314621E0,8.014519939E0
7.507433755E0,-2.723032236E0,-4.833501875E-1,1.157647610E1,1.190224058E1
7.509809275E0,5.283352375E0,-3.732803464E-1,9.001798630E0,1.044440181E1
7.512184848E0,-6.278766632E0,2.488535494E-1,9.504291534E0,1.139369984E1
7.514560369E0,4.761716843E0,-5.934200287E-1,1.157169056E1,1.252717514E1
7.516935890E0,-2.646461725E0,-1.674975902E-1,8.197810173E0,8.616026157E0
7.519311463E0,2.297109663E-1,-5.024927258E-1,1.214596748E1,1.215852755E1
7.521686984E0,2.196611166E0,-5.742774606E-1,7.781459332E0,8.105924040E0
7.524062505E0,-4.340580463E0,-3.541377485E-1,1.139462185E1,1.219850234E1
7.526438077E0,5.737988472E0,-4.881358147E-1,9.791430473E0,1.135935293E1
7.528813598E0,-5.508277893E0,3.780659735E-1,8.944371223E0,1.051122428E1
7.531189119E0,3.034099102E0,-4.689932466E-1,1.161476135E1,1.201367526E1
7.533564692E0,-1.775474429E0,-4.977070987E-1,7.920242786E0,8.132051869E0
7.535940213E0,-7.274180651E-1,-6.077769399E-1,1.240439224E1,1.244055773E1
7.538315734E0,3.723232031E0,-3.684946895E-1,8.159524918E0,8.976418661E0
7.540691307E0,-5.895915031E0,2.344966233E-1,1.062413216E1,1.215273577E1
7.543066827E0,5.130211830E0,-3.349951804E-1,1.008335495E1,1.131836305E1
7.545442348E0,-4.570291042E0,1.914258115E-2,8.863015175E0,9.972009057E0
7.547817921E0,2.483749866E0,-4.642075896E-1,1.215075302E1,1.241069301E1
7.550193442E0,-3.397808075E-1,-4.354937077E-1,7.322037220E0,7.342842421E0
7.552568963E0,-3.651447296E0,-5.216353536E-1,1.179661560E1,1.235982647E1
7.554944536E0,5.728417397E0,-6.987041831E-1,9.513862610E0,1.112728786E1
7.557320057E0,-5.723631859E0,2.679961324E-1,9.681360245E0,1.124991199E1
7.559695577E0,4.039084435E0,7.178468257E-2,1.098305607E1,1.170243038E1
7.562071150E0,-4.015156269E0,-1.722832322E-1,7.867600918E0,8.834608400E0
7.564446671E0,6.652047038E-1,-9.475577474E-1,1.255753326E1,1.261078922E1
7.566822192E0,2.933600664E0,-4.307080805E-1,8.269595146E0,8.785085440E0
7.569197765E0,-4.910071850E0,9.571290575E-3,1.083948612E1,1.189972086E1
7.571573286E0,4.871787071E0,-2.967100143E-1,9.566504478E0,1.073966266E1
7.573948807E0,-5.623133183E0,-8.135596663E-2,9.078369141E0,1.067909321E1
7.576324380E0,3.842873096E0,-6.269195080E-1,1.240439224E1,1.300114028E1
7.578699900E0,-1.296909928E0,-1.387837082E-1,7.570890903E0,7.682423143E0
7.581075421E0,-2.656033039E0,-1.052841991E-1,1.194497108E1,1.223715369E1
7.583450994E0,4.407579422E0,-8.757730722E-1,8.618947029E0,9.720081416E0
7.585826515E0,-5.197210789E0,-7.657032460E-2,1.053799057E1,1.175015354E1
7.588202088E0,4.981856823E0,-3.349951804E-1,1.060499001E1,1.172164375E1
7.590577609E0,-4.867001057E0,2.536391914E-1,8.140382767E0,9.487774434E0
7.592953130E0,1.105484009E0,-7.178468108E-1,1.245224857E1,1.252181670E1
7.595328702E0,1.536192179E0,-5.407779217E-1,8.121239662E0,8.282925861E0
7.597704223E0,-3.527020693E0,-2.201396823E-1,1.142333508E1,1.195746297E1
7.600079744E0,4.790431023E0,-3.110669553E-1,9.020941734E0,1.021872702E1
7.602455317E0,-6.336194515E0,4.785645287E-3,9.489934921E0,1.141079527E1
7.604830838E0,4.608576298E0,-6.125625968E-1,1.194975662E1,1.282228107E1
7.607206359E0,-2.445464849E0,-1.435693540E-2,7.948956966E0,8.316635215E0
7.609581932E0,-9.140582681E-1,-7.657032460E-2,1.216511059E1,1.219964266E1
7.611957452E0,2.646461725E0,-6.317051649E-1,7.700103283E0,8.166664046E0
7.614332973E0,-4.785645485E0,-4.689932466E-1,1.122233772E1,1.220914499E1
7.616708546E0,5.685346603E0,-3.924229145E-1,1.038963604E1,1.184996619E1
7.619084067E0,-5.455635548E0,5.120640397E-1,8.504091263E0,1.011660699E1
7.621459588E0,2.258824587E0,-2.632105052E-1,1.198804188E1,1.220183250E1
7.623835161E0,-7.465606928E-1,-7.848458290E-1,7.800601959E0,7.875450893E0
7.626210682E0,-1.593619823E0,-3.302095234E-1,1.223210907E1,1.233990092E1
7.628586255E0,4.632504463E0,-3.254238665E-1,8.461020470E0,9.651676833E0
7.630961775E0,-6.336194515E0,2.344966233E-1,9.877572060E0,1.173749460E1
7.633337296E0,4.910071850E0,-6.652047038E-1,1.099741268E1,1.206210548E1
7.635712869E0,-3.440878868E0,7.657032460E-2,8.767302513E0,9.418657216E0
7.638088390E0,1.641476393E0,-2.919243574E-1,1.204546928E1,1.216030406E1
7.640463911E0,7.034898400E-1,-2.344966233E-1,7.479963779E0,7.516631211E0
7.642839484E0,-4.101297855E0,-1.818545163E-1,1.150469112E1,1.221522137E1
7.645215005E0,6.111268997E0,-6.412764788E-1,9.523433685E0,1.133378284E1
7.647590525E0,-5.441278458E0,2.297109663E-1,9.265008926E0,1.074712374E1
7.649966098E0,3.814159393E0,-1.244267747E-1,1.136590767E1,1.198946000E1
7.652341619E0,-3.062813044E0,-1.770688742E-1,7.877171993E0,8.453520908E0
7.654717140E0,3.493520916E-1,-4.498506486E-1,1.250489140E1,1.251785610E1
7.657092713E0,3.206382275E0,-2.153540403E-1,7.953742504E0,8.578419696E0
7.659468234E0,-5.048855782E0,1.244267747E-1,1.067198944E1,1.180668393E1
7.661843807E0,5.115854740E0,-5.216353536E-1,9.547362328E0,1.084417819E1
7.664219327E0,-5.053641319E0,3.349951655E-2,9.284152031E0,1.057051994E1
7.666594848E0,3.742374659E0,-3.206382394E-1,1.201675510E1,1.259009850E1
7.668970369E0,-1.569691658E0,9.092725813E-2,7.561319351E0,7.723066101E0
7.671345942E0,-2.435893536E0,-4.307080805E-2,1.192582798E1,1.217213233E1
7.673721463E0,4.488935471E0,-8.614161611E-1,8.260024071E0,9.440369543E0
7.676097036E0,-4.924428940E0,-2.871387079E-2,1.066720295E1,1.174904437E1
7.678472557E0,5.005784988E0,-1.531406492E-1,1.016949654E1,1.133578384E1
7.680848077E0,-5.335994720E0,4.402793646E-1,8.173882484E0,9.771337700E0
7.683223650E0,1.813759565E0,-6.077769399E-1,1.227039433E1,1.241860272E1
7.685599171E0,7.896314859E-1,-3.684946895E-1,8.164310455E0,8.210680327E0
7.687974640E0,-2.991028309E0,-1.627119333E-1,1.134197903E1,1.173086586E1
7.690350265E0,4.479363918E0,-1.818545163E-1,8.580661774E0,9.681194588E0
7.692725786E0,-6.364908218E0,-2.871387079E-2,9.805787086E0,1.169043804E1
7.695101307E0,5.139782906E0,-5.455635786E-1,1.128455162E1,1.241193431E1
7.697476880E0,-3.531806231E0,1.052841991E-1,8.183453560E0,8.913677814E0
7.699852400E0,1.292124242E-1,-1.483550072E-1,1.209332561E1,1.209492577E1
7.702227921E0,1.249053478E0,-7.178468108E-1,7.494320393E0,7.631531745E0
7.704603494E0,-3.814159393E0,-4.259224236E-1,1.177268696E1,1.238246260E1
7.706979015E0,5.580062389E0,-4.163511395E-1,9.571290970E0,1.108693174E1
7.709354536E0,-6.063412666E0,4.689932466E-1,8.920442581E0,1.079625971E1
7.711730109E0,3.187239647E0,-1.196411327E-1,1.152383423E1,1.195707179E1
7.714105630E0,-2.450250387E0,-6.460621357E-1,7.805387497E0,8.206411958E0
7.716481150E0,-2.297109663E-1,-5.838487148E-1,1.243310642E1,1.244892693E1
7.718856723E0,3.144168854E0,-2.919243574E-1,7.982456207E0,8.584324360E0
7.721232244E0,-5.757131100E0,1.004985496E-1,1.068634605E1,1.213889000E1
7.723607765E0,5.312066078E0,-5.024927258E-1,9.949356079E0,1.128982867E1
7.725983338E0,-4.953142643E0,1.387837082E-1,9.030512810E0,1.030063321E1
7.728358859E0,2.871387243E0,-6.029912829E-1,1.185882950E1,1.221639473E1
7.730734380E0,-1.138983607E0,-3.302095234E-1,7.580461979E0,7.672660934E0
7.733109952E0,-2.522035122E0,-3.493520916E-1,1.199282742E1,1.226012306E1
7.735485421E0,4.948357105E0,-4.259224236E-1,8.767302513E0,1.007637044E1
7.737861046E0,-5.522634506E0,1.052841991E-1,1.001156998E1,1.143425162E1
7.740236567E0,4.522434711E0,-4.115654826E-1,1.047099209E1,1.141330264E1
7.742612088E0,-4.488935471E0,-1.914258115E-2,8.456234932E0,9.573861150E0
7.744987661E0,2.316252232E0,-4.785645306E-1,1.259581852E1,1.281595461E1
7.747363182E0,8.662018180E-1,-1.531406492E-1,7.551748276E0,7.602806039E0
7.749738702E0,-3.799802303E0,1.627119333E-1,1.149512005E1,1.210796257E1
7.752114275E0,5.221138954E0,-3.972085714E-1,8.705088615E0,1.015857443E1
7.754489796E0,-5.455635548E0,-2.488535494E-1,9.757930756E0,1.118226721E1
7.756865317E0,4.838287354E0,-3.637090325E-1,1.140897846E1,1.239782635E1
7.759240890E0,-3.153740168E0,2.392822653E-1,7.896314621E0,8.506181143E0
7.761616411E0,-2.727817893E-1,-3.014956415E-1,1.212203979E1,1.212885643E1
7.763991932E0,2.900100946E0,-6.843472719E-1,8.025527000E0,8.560841099E0
7.766367505E0,-3.857230186E0,-1.004985496E-1,1.131805134E1,1.195770090E1
7.768743025E0,5.474778175E0,-2.201396823E-1,9.375079155E0,1.085881056E1
7.771118546E0,-5.891129494E0,3.254238665E-1,8.834300995E0,1.062337900E1
7.773494119E0,3.699303865E0,-6.747759581E-1,1.195454216E1,1.253200901E1
7.775869640E0,-7.896314859E-1,-2.057827413E-1,8.350951195E0,8.390724062E0
7.778245161E0,-1.158126116E0,-1.818545163E-1,1.190190029E1,1.195949655E1
7.780620734E0,3.694518089E0,-1.914258152E-1,7.920242786E0,8.741644785E0
7.782996255E0,-5.546562672E0,-3.541377485E-1,1.061934662E1,1.198583721E1
7.785371775E0,6.135197163E0,-5.790630579E-1,1.071027374E1,1.235661450E1
7.787747348E0,-4.484149456E0,2.584248483E-1,8.417949677E0,9.541292182E0
7.790122869E0,2.062613010E0,-7.178468257E-2,1.210289669E1,1.227760700E1
7.792498390E0,-4.594219327E-1,-5.647061467E-1,7.499105930E0,7.534358055E0
7.794873963E0,-2.163111687E0,-5.982056856E-1,1.214118195E1,1.234687010E1
7.797249484E0,5.374279499E0,-4.546363056E-1,8.963513374E0,1.046107768E1
7.799625057E0,-6.010770321E0,2.536391914E-1,9.604789734E0,1.133338778E1
7.802000577E0,4.220939159E0,-4.067798555E-1,1.083470058E1,1.163497030E1
7.804376098E0,-3.589233875E0,-4.115654826E-1,8.623732567E0,9.349906381E0
7.806751671E0,1.550549030E0,-4.594219327E-1,1.242353535E1,1.252834791E1
7.809127192E0,1.272981644E0,-2.775674164E-1,7.637889862E0,7.748218342E0
7.811502713E0,-4.876572609E0,-1.866401732E-1,1.127976608E1,1.229019601E1
7.813878286E0,5.685346603E0,-8.901300430E-1,9.633503914E0,1.122140344E1
7.816253807E0,-5.393422127E0,-1.435693540E-2,9.432506561E0,1.086560575E1
7.818629327E0,3.847658873E0,-2.967100143E-1,1.163390350E1,1.225725199E1
7.821004900E0,-3.043670416E0,4.785645287E-3,7.848458290E0,8.417971848E0
7.823380421E0,-9.332008362E-1,-6.891329288E-1,1.214118195E1,1.219647765E1
7.825755942E0,3.809373617E0,-6.508477330E-1,8.863015175E0,9.668917629E0
7.828131515E0,-5.072783947E0,1.627119333E-1,1.062413216E1,1.177420045E1
7.830507036E0,4.733003139E0,-3.158525825E-1,9.600004196E0,1.070799524E1
7.832882557E0,-5.704489231E0,-5.168496966E-1,8.695517540E0,1.041250961E1
7.835258130E0,3.919443607E0,-3.349951804E-1,1.299781227E1,1.358003622E1
7.837633650E0,-1.071984529E0,-7.034898400E-1,6.776473522E0,6.896712418E0
7.840009171E0,-2.679961443E0,3.541377485E-1,1.288295746E1,1.316351776E1
7.842384744E0,4.421936035E0,-1.172483087E0,7.585247993E0,8.858003274E0
7.844760265E0,-5.565705299E0,5.647061467E-1,1.084905815E1,1.220647497E1
7.847135786E0,5.398207664E0,-1.186840057E0,1.023170948E1,1.162914933E1
7.849511307E0,-4.369294167E0,9.858429432E-1,8.508877754E0,9.615800459E0
7.851886880E0,1.579262972E0,-1.531406522E0,1.228475189E1,1.248016052E1
7.854262400E0,6.795616150E-1,8.279166222E-1,7.934599876E0,8.006567624E0
7.856637973E0,-2.981456995E0,-1.507478237E0,1.130369377E1,1.178707213E1
7.859013442E0,5.465207100E0,2.440679073E-1,1.007856941E1,1.146758995E1
7.861389067E0,-5.704489231E0,-1.339980662E-1,8.279166222E0,1.005503586E1
7.863764588E0,4.412364960E0,-8.422735929E-1,1.186361504E1,1.268557256E1
7.866140109E0,-2.459821701E0,5.838487148E-1,8.571090698E0,8.936173559E0
7.868515630E0,3.110669553E-1,-8.662018180E-1,1.167218876E1,1.170841828E1
7.870891202E0,1.981257200E0,-4.881358147E-1,8.049455643E0,8.304058815E0
7.873266723E0,-4.096512318E0,3.493520916E-1,1.145683479E1,1.217220290E1
7.875642296E0,5.819344521E0,-6.699903607E-1,9.346364975E0,1.103033073E1
7.878017817E0,-5.493920803E0,-2.871387303E-1,9.092725754E0,1.062747741E1
7.880393338E0,3.962514400E0,-4.929214716E-1,1.178225899E1,1.244050316E1
7.882768911E0,-2.469393015E0,3.493520916E-1,8.116454124E0,8.490982057E0
7.885144432E0,-1.914258152E-1,-6.364908218E-1,1.213639641E1,1.215458276E1
7.887519952E0,3.110669374E0,-7.513462901E-1,8.102097511E0,8.711186445E0
7.889895525E0,-4.555934429E0,-2.919243574E-1,1.101655579E1,1.192502661E1
7.892271046E0,5.115854740E0,-7.082754970E-1,9.556933403E0,1.086317633E1
7.894646567E0,-4.938786030E0,3.493520916E-1,9.719645500E0,1.090803204E1
7.897022140E0,3.359523058E0,-4.354937077E-1,1.163868904E1,1.212168027E1
7.899397661E0,-1.564906001E0,-2.105683982E-1,7.762316704E0,7.921289696E0
7.901773182E0,-1.818545222E0,-1.564906001E0,1.189232826E1,1.213192108E1
7.904148755E0,4.570291042E0,3.349951804E-1,9.178867340E0,1.025920989E1
7.906524275E0,-5.302495003E0,-4.833501875E-1,1.021735287E1,1.152147474E1
7.908899796E0,4.795216560E0,-4.881358147E-1,1.017428207E1,1.125825893E1
7.911275369E0,-5.015356064E0,-2.009970993E-1,8.796015739E0,1.012739301E1
7.913650890E0,2.560320139E0,-5.694918036E-1,1.247139168E1,1.274422106E1
7.916026411E0,1.100698411E-1,-5.072783828E-1,7.958528042E0,7.975438253E0
7.918401984E0,-3.048455954E0,-3.014956415E-1,1.179661560E1,1.218786786E1
7.920777505E0,4.756931305E0,-5.982056856E-1,8.432307243E0,9.700002625E0
7.923153077E0,-6.125626087E0,-5.168496966E-1,1.004506969E1,1.177683547E1
7.925528598E0,5.082355499E0,-6.412764788E-1,1.165304661E1,1.272929960E1
7.927904119E0,-3.689732552E0,-1.052841991E-1,7.977670670E0,8.790246889E0
7.930279692E0,7.178468257E-2,-3.302095234E-1,1.239960670E1,1.240421049E1
7.932655213E0,1.713261008E0,-9.044869542E-1,7.848458290E0,8.084037201E0
7.935030734E0,-4.048655987E0,-4.259224236E-1,1.166261768E1,1.235271939E1
7.937406307E0,5.618347645E0,-5.647061467E-1,9.662218094E0,1.119121002E1
7.939781827E0,-6.101697922E0,3.589234054E-1,8.930013657E0,1.082149192E1
7.942157348E0,3.220739365E0,-3.828516304E-1,1.181097221E1,1.224821628E1
7.944532921E0,-1.823330879E0,-5.838487148E-1,8.106883049E0,8.329884008E0
7.946908442E0,-1.057627559E0,-5.551348329E-1,1.209811115E1,1.215693400E1
7.949283963E0,3.775874138E0,-4.019941986E-1,8.264809608E0,9.095378096E0
7.951659536E0,-6.077769279E0,-9.571290575E-3,1.041835022E1,1.206156674E1
7.954035057E0,5.340780258E0,-5.647061467E-1,1.054277611E1,1.183186185E1
7.956410577E0,-4.364508629E0,2.488535494E-1,8.733802795E0,9.766789387E0
7.958786150E0,1.942971945E0,-3.445664644E-1,1.192104244E1,1.208325779E1
7.961161671E0,-7.657032460E-2,-5.407779217E-1,7.489534855E0,7.509423155E0
7.963537192E0,-3.254238844E0,-4.689932466E-1,1.181575775E1,1.226467107E1
7.965912765E0,5.881557941E0,-3.924229145E-1,9.422935486E0,1.111478442E1
7.968288286E0,-5.867201328E0,4.929214716E-1,9.355937004E0,1.105443713E1
7.970663755E0,4.024727821E0,-6.699903309E-2,1.103091240E1,1.174239972E1
7.973039380E0,-3.421736479E0,-7.657032460E-2,8.068597794E0,8.764497356E0
7.975414900E0,9.379864931E-1,-6.173482537E-1,1.235653591E1,1.240745410E1
7.977790473E0,2.737389088E0,-4.594219327E-1,8.035098076E0,8.501009859E0
7.980165994E0,-5.000999451E0,-1.770688742E-1,1.096869946E1,1.205627292E1
7.982541515E0,5.335994720E0,-8.327022791E-1,9.724431038E0,1.112343435E1
7.984917088E0,-4.795216560E0,1.368694544E0,9.513862610E0,1.074155521E1
7.987292609E0,3.196810961E0,-1.220339537E0,1.129890823E1,1.180568322E1
7.989668130E0,-1.115055323E0,-2.967100143E-1,8.015955925E0,8.098576085E0
7.992043702E0,-1.765903115E0,1.004985496E-1,1.203111267E1,1.216043527E1
7.994419171E0,4.599005222E0,-3.876372576E-1,8.365307808E0,9.554029851E0
7.996794744E0,-5.575276852E0,-9.571290761E-2,1.038485050E1,1.178719614E1
7.999170317E0,5.096712112E0,-5.503492355E-1,1.048534870E1,1.167141363E1
8.001545838E0,-4.350151539E0,4.785645287E-3,8.283951759E0,9.356692688E0
8.003921359E0,1.732403636E0,-5.359922647E-1,1.254796219E1,1.267832265E1
8.006296932E0,1.335195065E0,-1.579262912E-1,7.853243828E0,7.967504327E0
8.008672452E0,-3.838087559E0,-7.657032460E-2,1.129890823E1,1.193323537E1
8.011047973E0,5.187639713E0,-5.503492355E-1,8.824729919E0,1.025135836E1
8.013423546E0,-5.924628735E0,-2.679961324E-1,9.547362328E0,1.123944727E1
8.015799067E0,4.780859470E0,-4.211367965E-1,1.206461143E1,1.298417585E1
8.018174588E0,-2.818745136E0,1.722832322E-1,7.633104324E0,8.138752194E0
8.020550161E0,-1.162911773E0,-1.435693540E-2,1.213161087E1,1.218722906E1
8.022925682E0,3.067598581E0,-7.082754970E-1,7.915457249E0,8.518584313E0
8.025301202E0,-4.694717884E0,-5.072783828E-1,1.104048347E1,1.200791334E1
8.027676775E0,5.589633465E0,-3.828516304E-1,1.018863869E1,1.162750773E1
8.030052296E0,-5.627918720E0,5.790630579E-1,8.336593628E0,1.007509685E1
8.032427817E0,2.153540373E0,-3.732803464E-1,1.213161087E1,1.232692406E1
8.034803390E0,-1.435693651E-1,-5.838487148E-1,7.987242222E0,8.009839561E0
8.037178911E0,-2.349751949E0,-3.206382394E-1,1.163390350E1,1.187315686E1
8.039554432E0,4.670789719E0,-3.206382394E-1,8.609375954E0,9.800022438E0
8.041930005E0,-6.436692715E0,2.249253243E-1,9.796216011E0,1.172379856E1
8.044305525E0,4.881358147E0,-5.551348329E-1,1.127019501E1,1.229443482E1
8.046681098E0,-3.144168854E0,1.483550072E-1,8.097311974E0,8.687592773E0
8.049056619E0,3.014956415E-1,-1.914258152E-1,1.215075302E1,1.215600027E1
8.051432140E0,1.593619823E0,-3.972085714E-1,7.680960655E0,7.854588174E0
8.053807661E0,-4.369294167E0,-3.541377485E-1,1.119362450E1,1.202137157E1
8.056183234E0,5.929414749E0,-3.732803464E-1,9.954142570E0,1.159233591E1
8.058558755E0,-5.680561066E0,5.886343718E-1,8.700303078E0,1.040723489E1
8.060934327E0,3.053241730E0,-2.727817893E-1,1.159083271E1,1.198933267E1
8.063309848E0,-1.832902193E0,-5.168496966E-1,7.929814339E0,8.155281694E0
8.065685369E0,-6.269195080E-1,-2.727817893E-1,1.229432297E1,1.231331861E1
8.068060942E0,3.943371773E0,-1.722832322E-1,8.006384850E0,8.926480875E0
8.070436463E0,-5.977271080E0,2.871387303E-1,1.024606609E1,1.186558421E1
8.072811984E0,5.087141037E0,-6.317051649E-1,1.018385315E1,1.140126836E1
8.075187557E0,-4.101297855E0,1.531406492E-1,8.953942299E0,9.849729887E0
8.077563077E0,2.483749866E0,-2.632105052E-1,1.205504036E1,1.231106377E1
8.079938598E0,-1.339980662E-1,2.871387079E-2,7.365108013E0,7.366382831E0
8.082314171E0,-3.795016766E0,-3.302095234E-1,1.142812061E1,1.204629119E1
8.084689692E0,5.766702652E0,-7.034898400E-1,9.480362892E0,1.111876963E1
8.087065213E0,-5.402993679E0,3.302095234E-1,9.762716293E0,1.116297489E1
8.089440786E0,4.173082829E0,-4.785645287E-3,1.081077290E1,1.158824636E1
8.091816307E0,-4.067798615E0,-8.614161611E-2,7.915457249E0,8.899936483E0
8.094191827E0,6.891329288E-1,-7.322037220E-1,1.261974621E1,1.265974016E1
8.096567348E0,2.852244616E0,-3.110669553E-1,8.106883049E0,8.599628758E0
8.098942921E0,-4.680361271E0,5.742774159E-2,1.079162979E1,1.176300783E1
8.101318442E0,4.905286312E0,-2.632105052E-1,9.418149948E0,1.062227198E1
8.103694015E0,-5.670989513E0,-5.742774159E-2,9.116654396E0,1.073670375E1
8.106069536E0,4.125226021E0,-4.594219327E-1,1.216511059E1,1.285373385E1
8.108445109E0,-1.794616938E0,-9.571290575E-3,7.523034573E0,7.734131544E0
8.110820630E0,-2.129612207E0,4.785645381E-2,1.197846985E1,1.216639956E1
8.113196150E0,3.881158352E0,-6.556333899E-1,8.164310455E0,9.063620166E0
8.115571723E0,-4.967499733E0,-3.493520916E-1,1.061456108E1,1.172463251E1
8.117947244E0,5.345565796E0,-3.972085714E-1,1.047099209E1,1.176327011E1
8.120322765E0,-5.125426292E0,5.647061467E-1,8.173882484E0,9.664431829E0
8.122698286E0,1.804188251E0,-2.009970993E-1,1.228953743E1,1.242289118E1
8.125073859E0,4.211367965E-1,-3.349951804E-1,7.747959614E0,7.766624502E0
8.127449380E0,-2.914458036E0,-4.450650215E-1,1.130848026E1,1.168648255E1
8.129824952E0,5.005784988E0,-5.886343718E-1,9.044869423E0,1.035442112E1
8.132200473E0,-6.240481377E0,-6.221338734E-2,9.576076508E0,1.143016709E1
8.134575994E0,5.302495003E0,2.679961324E-1,1.167218876E1,1.282295854E1
8.136951567E0,-3.670589924E0,3.062812984E-1,7.609176159E0,8.453792075E0
8.139327088E0,9.092725813E-2,-5.551348329E-1,1.193539906E1,1.194864817E1
8.141702609E0,2.316252232E0,-8.327022791E-1,8.140382767E0,8.504366471E0
8.144078182E0,-3.665804386E0,2.105683982E-1,1.149033451E1,1.206276287E1
8.146453702E0,5.292923450E0,-9.571290575E-3,9.207581520E0,1.062048434E1
8.148829223E0,-5.929414749E0,5.742774159E-2,8.738588333E0,1.056050109E1
8.151204796E0,3.775874138E0,-4.642075896E-1,1.215553856E1,1.273694751E1
8.153580317E0,-1.588834286E0,-3.302095234E-1,7.762316704E0,7.930131987E0
8.155955838E0,-4.977070987E-1,1.435693651E-1,1.236132145E1,1.237217008E1
8.158331411E0,3.163311481E0,-3.828516230E-2,7.862815380E0,8.475368487E0
8.160706932E0,-5.479563713E0,-3.732803464E-1,1.043270683E1,1.179009451E1
8.163082452E0,5.670989513E0,-7.896314859E-1,1.035135078E1,1.182937458E1
8.165458025E0,-4.369294167E0,1.914258152E-1,9.150154114E0,1.014163180E1
8.167833546E0,2.746960402E0,-2.201396823E-1,1.195454216E1,1.226806143E1
8.170209119E0,-1.182054400E0,-1.435693540E-2,7.671389580E0,7.761937697E0
8.172584640E0,-2.560320139E0,-3.062812984E-1,1.178225899E1,1.206112243E1
8.174960161E0,5.278566837E0,-9.858429432E-1,8.839086533E0,1.034236940E1
8.177335682E0,-5.412564754E0,-1.004985496E-1,1.032263660E1,1.165601920E1
8.179711255E0,4.551148891E0,-5.216353536E-1,1.042792130E1,1.138975865E1
8.182086775E0,-4.570291042E0,9.092725813E-2,8.513663292E0,9.663244312E0
8.184462296E0,1.909472466E0,-5.647061467E-1,1.262453270E1,1.278060265E1
8.186837869E0,1.186840057E0,-2.392822690E-2,7.814958572E0,7.904602417E0
8.189213390E0,-4.106083870E0,-6.939185858E-1,1.105484104E1,1.181316885E1
8.191588963E0,5.369493961E0,-9.236295223E-1,9.446864128E0,1.090540227E1
8.193964484E0,-5.560919762E0,-1.531406492E-1,9.729216576E0,1.120736079E1
8.196340005E0,4.560719967E0,-3.302095234E-1,1.149512005E1,1.237121618E1
8.198715577E0,-3.172882795E0,2.297109663E-1,8.068597794E0,8.673074583E0
8.201091098E0,-8.087740541E-1,-7.513462901E-1,1.192582798E1,1.197681133E1
8.203466619E0,3.153740168E0,-1.138983607E0,8.341380119E0,8.990104727E0
8.205842192E0,-4.177868366E0,-3.206382394E-1,1.133240795E1,1.208225405E1
8.208217713E0,5.379065514E0,-4.259224236E-1,9.705288887E0,1.110443101E1
8.210593234E0,-6.077769279E0,4.450650215E-1,8.738588333E0,1.065365141E1
8.212968807E0,3.019742250E0,-7.513462901E-1,1.203589821E1,1.243166160E1
8.215344327E0,-5.168496966E-1,-7.561319470E-1,8.303094864E0,8.353457575E0
8.217719848E0,-1.718046665E0,-5.120640397E-1,1.184925747E1,1.198410599E1
8.220095421E0,4.197010994E0,-4.546363056E-1,8.307880402E0,9.318930852E0
8.222470942E0,-6.082555294E0,-2.344966233E-1,1.036092186E1,1.201670376E1
8.224846463E0,5.584847927E0,-7.034898400E-1,1.100698376E1,1.236281181E1
8.227222036E0,-4.024727821E0,1.339980662E-1,8.422736168E0,9.335891713E0
8.229597557E0,1.512263894E0,-2.584248483E-1,1.220339584E1,1.229945509E1
8.231973077E0,1.722832322E-1,-5.982056856E-1,7.379465103E0,7.405675983E0
8.234348650E0,-3.000599623E0,-7.417750359E-1,1.190668583E1,1.230134122E1
8.236724171E0,5.728417397E0,-6.077769399E-1,9.523433685E0,1.113013692E1
8.239099692E0,-5.781059742E0,2.584248483E-1,9.384650230E0,1.102538412E1
8.241475265E0,3.862015724E0,-2.009970993E-1,1.104526901E1,1.170271476E1
8.243850786E0,-3.235096216E0,-5.934200287E-1,8.279166222E0,8.908568245E0
8.246226307E0,1.210768223E0,-5.120640397E-1,1.259581852E1,1.266423363E1
8.248601880E0,2.244467735E0,-3.541377485E-1,7.666603565E0,7.996240316E0
8.250977400E0,-5.048855782E0,-1.196411327E-1,1.103569794E1,1.213638693E1
8.253352973E0,5.527420521E0,-8.757730722E-1,9.743574142E0,1.123639591E1
8.255728494E0,-4.991427898E0,1.148554832E-1,9.475577354E0,1.071046733E1
8.258104015E0,3.737588882E0,-3.972085714E-1,1.167218876E1,1.226243596E1
8.260479536E0,-2.268395901E0,-1.627119333E-1,7.771887779E0,8.097798144E0
8.262855109E0,-1.631905079E0,-7.034898400E-1,1.208375454E1,1.221372736E1
8.265230630E0,4.412364960E0,-7.609176040E-1,8.800801277E0,9.874313306E0
8.267606202E0,-4.972285271E0,-1.722832322E-1,1.065284634E1,1.175739926E1
8.269981723E0,4.814359188E0,-2.584248483E-1,9.992427826E0,1.109474883E1
8.272357244E0,-5.455635548E0,-3.828516230E-2,8.724231720E0,1.028968630E1
8.274732765E0,3.034099102E0,-8.709874153E-1,1.260538960E1,1.299462286E1
8.277108338E0,2.871387079E-2,-5.216353536E-1,7.810173035E0,7.827626125E0
8.279483859E0,-2.943171740E0,-2.632105052E-1,1.180618668E1,1.217035675E1
8.281859432E0,4.536791801E0,-5.551348329E-1,8.609375954E0,9.747410366E0
8.284234952E0,-5.714060307E0,-2.727817893E-1,1.014078236E1,1.164303920E1
8.286610473E0,5.134997368E0,-6.221339107E-1,1.116491032E1,1.230489622E1
8.288986046E0,-3.948157310E0,-4.785645287E-3,8.207381248E0,9.107638333E0
8.291361567E0,6.029912829E-1,-4.977070987E-1,1.223210907E1,1.225707156E1
8.293737088E0,1.373480201E0,-8.709874153E-1,7.934599876E0,8.099564318E0
8.296112661E0,-3.364308596E0,-3.589234054E-1,1.180618668E1,1.228142672E1
8.298488182E0,5.312066078E0,-4.737788737E-1,9.121439934E0,1.056613358E1
8.300863702E0,-6.398407936E0,4.307080805E-2,9.207581520E0,1.121253926E1
8.303239275E0,4.072584152E0,-7.369893789E-1,1.181097221E1,1.251511724E1
8.305614796E0,-2.148754835E0,-2.297109663E-1,8.288737297E0,8.565808803E0
8.307990317E0,-3.206382394E-1,-3.732803464E-1,1.215075302E1,1.216071322E1
8.310365890E0,2.459821701E0,-3.445664644E-1,7.704888821E0,8.095354260E0
8.312741411E0,-5.283352375E0,-5.551348329E-1,1.104526901E1,1.225642503E1
8.315116932E0,6.111268997E0,-6.795616150E-1,1.031785107E1,1.201113914E1
8.317492505E0,-5.249852657E0,3.014956415E-1,8.729017258E0,1.019056401E1
8.319868025E0,2.761317253E0,-6.221338734E-2,1.191147137E1,1.222750562E1
8.322243546E0,-1.832902193E0,-5.120640397E-1,7.503891945E0,7.741455571E0
8.324619119E0,-1.325623751E0,-7.082754970E-1,1.232782269E1,1.241910402E1
8.326994640E0,4.785645485E0,-4.115654826E-1,8.633303642E0,9.879560751E0
8.329370161E0,-5.709274769E0,2.153540403E-1,1.005942631E1,1.156867552E1
8.331745734E0,4.666004181E0,-2.153540403E-1,1.032263660E1,1.133026032E1
8.334121255E0,-4.455435753E0,-1.722832322E-1,8.633303642E0,9.716713490E0
8.336496827E0,2.727817774E0,-4.402793646E-1,1.244267750E1,1.274578593E1
8.338872348E0,3.828516304E-1,-1.818545163E-1,7.546962738E0,7.558855271E0
8.341247869E0,-3.876372576E0,-1.818545163E-1,1.151904774E1,1.215515513E1
8.343623442E0,5.513063431E0,-7.800601721E-1,9.174081802E0,1.073154878E1
8.345998963E0,-5.163711071E0,2.009970993E-1,1.001156998E1,1.126658090E1
8.348374484E0,4.565505505E0,-2.009970993E-1,1.095912743E1,1.187378264E1
8.350750057E0,-3.818944931E0,1.722832322E-1,7.881958008E0,8.760096114E0
8.353125577E0,4.067798555E-1,-6.891329288E-1,1.231346512E1,1.233944072E1
8.355501098E0,2.919243574E0,-4.594219327E-1,8.341380119E0,8.849388332E0
8.357876671E0,-4.067798615E0,-1.100698411E-1,1.105484104E1,1.178000897E1
8.360252192E0,5.163711071E0,-1.531406492E-1,9.245866776E0,1.059119524E1
8.362627713E0,-6.058627129E0,5.742774159E-2,9.006584167E0,1.085489839E1
8.365003286E0,4.498506546E0,-6.125625968E-1,1.207896900E1,1.290400272E1
8.367378807E0,-1.703689694E0,-5.264209956E-2,7.819744587E0,8.003357744E0
8.369754327E0,-1.383051515E0,-4.307080805E-2,1.189711380E1,1.197731203E1
8.372129900E0,3.369094372E0,-6.125625968E-1,7.886743546E0,8.598066851E0
8.374505421E0,-4.790431023E0,-3.589234054E-1,1.096869946E1,1.197453227E1
8.376880942E0,5.627918720E0,-4.067798555E-1,1.028435135E1,1.173059341E1
8.379256515E0,-5.063212872E0,5.455635786E-1,8.303094864E0,9.740387493E0
8.381632036E0,1.909472466E0,-2.009970993E-1,1.210768223E1,1.225897442E1
8.384007557E0,-2.679961324E-1,-7.657032609E-1,7.652246952E0,7.695128773E0
8.386383130E0,-1.938186288E0,-2.919243574E-1,1.199282742E1,1.215194204E1
8.388758650E0,4.632504463E0,-2.967100143E-1,8.480163574E0,9.667538915E0
8.391134171E0,-6.364908218E0,2.536391914E-1,9.810572624E0,1.169716738E1
8.393509744E0,4.800002098E0,-6.269195080E-1,1.092084217E1,1.194562020E1
8.395885265E0,-3.483949661E0,1.052841991E-1,8.518448830E0,9.203964389E0
8.398260838E0,1.249053478E0,-2.297109663E-1,1.214596748E1,1.221218358E1
8.400636359E0,7.369893789E-1,-1.579262912E-1,7.307680130E0,7.346446960E0
8.403011880E0,-4.244867325E0,-4.019941986E-1,1.135633659E1,1.213041132E1
8.405387400E0,5.982056618E0,-5.694918036E-1,9.580862045E0,1.130938724E1
8.407762973E0,-5.493920803E0,3.445664644E-1,9.231510162E0,1.074814736E1
8.410138494E0,3.589233875E0,4.785645381E-2,1.111705399E1,1.168219925E1
8.412514015E0,-3.268595695E0,-3.158525825E-1,7.848458290E0,8.507748128E0
8.414889588E0,4.307080805E-1,-4.642075896E-1,1.259103298E1,1.260694688E1
8.417265109E0,3.163311481E0,-2.201396823E-1,7.867600918E0,8.482578925E0
8.419640682E0,-5.053641319E0,2.105683982E-1,1.070548820E1,1.184023257E1
8.422016202E0,5.106283665E0,-2.871387303E-1,9.451649666E0,1.074663961E1
8.424391723E0,-5.144568920E0,5.264209956E-2,9.150154114E0,1.049736543E1
8.426767296E0,3.862015724E0,-3.254238665E-1,1.201196957E1,1.262174627E1
8.429142817E0,-1.450050473E0,1.148554832E-1,7.494320393E0,7.634178168E0
8.431518338E0,-2.297109842E0,-2.392822653E-1,1.181097221E1,1.203465971E1
8.433893911E0,4.603790760E0,-5.934200287E-1,8.561519623E0,9.738924732E0
8.436269432E0,-4.804787636E0,2.009970993E-1,1.062413216E1,1.166184240E1
8.438644952E0,5.082355499E0,4.785645287E-3,9.939785004E0,1.116376667E1
8.441020525E0,-5.273781300E0,3.589234054E-1,8.197810173E0,9.754265059E0
8.443396046E0,2.287538528E0,-6.556333899E-1,1.237567902E1,1.260238544E1
8.445771567E0,9.762716293E-1,-2.153540403E-1,8.102097511E0,8.163545047E0
8.448147140E0,-2.890529871E0,-9.571290575E-3,1.144247818E1,1.180193041E1
8.450522661E0,4.728217602E0,4.307080805E-2,8.504091263E0,9.730234580E0
8.452898182E0,-6.202196121E0,1.531406492E-1,9.638289452E0,1.146243047E1
8.455273755E0,5.302495003E0,-6.699903607E-1,1.139462185E1,1.258581533E1
8.457649275E0,-3.254238844E0,8.614161611E-2,8.126026154E0,8.753844406E0
8.460024796E0,3.110669553E-1,-7.657032460E-2,1.218903828E1,1.219324730E1
8.462400369E0,1.531406522E0,-5.551348329E-1,7.523034573E0,7.697365120E0
8.464775890E0,-3.924229145E0,-2.392822653E-1,1.169611740E1,1.233920551E1
8.467151463E0,5.771488190E0,-3.924229145E-1,9.499505997E0,1.112226082E1
8.469526984E0,-5.891129494E0,5.455635786E-1,8.839086533E0,1.063637612E1
8.471902505E0,3.110669374E0,-4.067798555E-1,1.162911797E1,1.204483783E1
8.474278025E0,-1.904686809E0,-4.689932466E-1,8.087740898E0,8.322219616E0
8.476653598E0,-4.737788737E-1,-3.541377485E-1,1.228475189E1,1.229898406E1
8.479029119E0,3.249453068E0,-1.914258152E-1,7.915457249E0,8.558624454E0
8.481404692E0,-5.943771362E0,-1.339980662E-1,1.055234814E1,1.211191251E1
8.483780213E0,5.465207100E0,-6.604190469E-1,1.041835022E1,1.178332140E1
8.486155734E0,-4.570291042E0,2.967100143E-1,8.910871506E0,1.001894346E1
8.488531307E0,2.483749866E0,-2.488535494E-1,1.192582798E1,1.218426504E1
8.490906827E0,-1.167697430E0,-2.153540403E-1,7.365108013E0,7.460208489E0
8.493282348E0,-2.780459881E0,-7.369893789E-1,1.186840057E1,1.221200404E1
8.495657921E0,5.388636589E0,-5.503492355E-1,9.245866776E0,1.071570534E1
8.498033442E0,-5.637490273E0,1.627119333E-1,9.992427826E0,1.147416165E1
8.500408963E0,4.173082829E0,-7.657032460E-2,1.052363396E1,1.132110220E1
8.502784536E0,-4.541577339E0,-3.062812984E-1,8.264809608E0,9.435401996E0
8.505160057E0,1.823330879E0,-6.269195080E-1,1.282074356E1,1.296491531E1
8.507535577E0,1.550549030E0,-2.775674164E-1,7.628318787E0,7.789255001E0
8.509911150E0,-4.455435753E0,3.828516230E-2,1.133719349E1,1.218131067E1
8.512286671E0,5.115854740E0,-4.929214716E-1,9.116654396E0,1.046557828E1
8.514662192E0,-5.532206059E0,-3.349951655E-2,9.767501831E0,1.122544066E1
8.517037765E0,4.431507587E0,-4.594219327E-1,1.171047401E1,1.252934674E1
8.519413286E0,-2.746960402E0,8.135596663E-2,7.819744587E0,8.288595517E0
8.521788807E0,-1.210768223E0,-4.737788737E-1,1.205504036E1,1.212495048E1
8.524164380E0,3.584448338E0,-7.226324677E-1,8.556734085E0,9.305276233E0
8.526539900E0,-4.503292084E0,-5.264209956E-2,1.101177025E1,1.189712128E1
8.528915421E0,5.158925533E0,-1.914258152E-1,9.623932838E0,1.092113729E1
8.531290994E0,-5.929414749E0,3.254238665E-1,8.580661774E0,1.043511459E1
8.533666515E0,3.062813044E0,-8.231309652E-1,1.238525009E1,1.278486559E1
8.536042036E0,-2.297109663E-1,-3.780659735E-1,8.159524918E0,8.171508300E0
8.538417609E0,-2.215753794E0,-2.344966233E-1,1.181575775E1,1.202400452E1
8.540793130E0,4.168296814E0,-2.584248483E-1,8.260024071E0,9.255780863E0
8.543168650E0,-6.149554253E0,-2.297109663E-1,1.025085258E1,1.195616006E1
8.545544223E0,5.623133183E0,-7.609176040E-1,1.117448139E1,1.253266359E1
8.547919744E0,-4.091726780E0,5.742774159E-2,8.370093346E0,9.316865814E0
8.550295265E0,9.954141974E-1,-2.871387303E-1,1.225603771E1,1.229974628E1
8.552670838E0,5.934200287E-1,-7.369893789E-1,7.609176159E0,7.667780806E0
8.555046359E0,-3.316452265E0,-5.168496966E-1,1.203589821E1,1.249515246E1
8.557421932E0,5.666203976E0,-6.077769399E-1,9.375079155E0,1.097120638E1
8.559797452E0,-6.178267956E0,2.871387303E-1,9.207581520E0,1.109202421E1
8.562172973E0,3.646661758E0,-6.077769399E-1,1.154297638E1,1.212055438E1
8.564548546E0,-2.531606436E0,-5.934200287E-1,8.365307808E0,8.760111483E0
8.566924015E0,2.201396823E-1,-5.312066078E-1,1.244746304E1,1.246073746E1
8.569299588E0,2.689532757E0,-3.445664644E-1,7.829315662E0,8.285559501E0
8.571675161E0,-5.737988472E0,-2.297109663E-1,1.087777138E1,1.230053613E1
8.574050682E0,5.728417397E0,-1.033699393E0,1.021256733E1,1.175499178E1
8.576426202E0,-4.876572609E0,1.196411327E-1,9.231510162E0,1.044107534E1
8.578801775E0,3.005385160E0,-4.019941986E-1,1.174397373E1,1.212909141E1
8.581177296E0,-1.722832322E0,-4.163511395E-1,7.556533813E0,7.761617277E0
8.583552817E0,-2.225325108E0,-8.566305041E-1,1.213161087E1,1.236373204E1
8.585928390E0,5.163711071E0,-6.269195080E-1,9.116654396E0,1.049620538E1
8.588303911E0,-5.608776093E0,2.871387079E-2,1.006421185E1,1.152161247E1
8.590679432E0,4.383651257E0,-8.135596663E-2,1.039920712E1,1.128567790E1
8.593055005E0,-4.728217602E0,-2.392822653E-1,8.360522270E0,9.607894167E0
8.595430525E0,2.172683001E0,-8.662018180E-1,1.272503090E1,1.293820963E1
8.597806046E0,1.249053478E0,-4.211367965E-1,7.724031448E0,7.835697327E0
8.600181619E0,-4.249652863E0,-3.349951655E-2,1.135155106E1,1.212098936E1
8.602557140E0,5.101497650E0,-6.317051649E-1,9.016156197E0,1.037860310E1
8.604932661E0,-5.575276852E0,9.571290575E-3,9.911071777E0,1.137159388E1
8.607308234E0,4.508078098E0,-4.498506486E-1,1.145204926E1,1.231562284E1
8.609683755E0,-3.034099102E0,3.828516230E-2,7.719245911E0,8.294213678E0
8.612059275E0,-9.236295223E-1,-6.077769399E-1,1.208854008E1,1.213899854E1
8.614434848E0,3.483949661E0,-6.269195080E-1,8.379665375E0,9.096687590E0
8.616810369E0,-4.536791801E0,-3.349951655E-2,1.093519974E1,1.183901159E1
8.619185890E0,5.292923450E0,-1.292124242E-1,9.628718376E0,1.098835529E1
8.621561463E0,-5.953342915E0,3.732803464E-1,8.508877754E0,1.039146913E1
8.623936984E0,3.402593851E0,-9.044869542E-1,1.236610699E1,1.285754034E1
8.626312557E0,-2.009970993E-1,-2.632105052E-1,8.006384850E0,8.013231431E0
8.628688077E0,-2.019542217E0,-2.392822690E-2,1.159561825E1,1.177019481E1
8.631063598E0,4.369294167E0,-2.105683982E-1,8.288737297E0,9.372205533E0
8.633439171E0,-5.895915031E0,-8.135596663E-2,9.968499184E0,1.158185688E1
8.635814692E0,5.828916073E0,-5.647061467E-1,1.108355427E1,1.253556264E1
8.638190161E0,-3.699303865E0,1.531406492E-1,8.250452042E0,9.043133309E0
8.640565786E0,1.105484009E0,-2.488535494E-1,1.211725426E1,1.217012217E1
8.642941307E0,1.296909928E0,-6.173482537E-1,7.738388538E0,7.870562331E0
8.645316827E0,-3.067598581E0,-1.866401732E-1,1.176790142E1,1.216258605E1
8.647692400E0,5.948556900E0,-3.972085714E-1,9.250652313E0,1.100534743E1
8.650067921E0,-5.972485542E0,3.924229145E-1,8.968298912E0,1.078215956E1
8.652443442E0,4.005585194E0,-6.269195080E-1,1.170568848E1,1.238793298E1
8.654819015E0,-1.808973908E0,-3.637090325E-1,8.236095428E0,8.440257032E0
8.657194536E0,6.221338734E-2,-2.632105052E-1,1.198325539E1,1.198630718E1
8.659570057E0,3.168097258E0,-1.435693651E-1,7.915457249E0,8.527128230E0
8.661945630E0,-5.570491314E0,-6.699903309E-2,1.045184898E1,1.184381735E1
8.664321150E0,6.025127411E0,-8.662018180E-1,1.037527943E1,1.202908513E1
8.666696671E0,-4.484149456E0,2.201396823E-1,8.930013657E0,9.995058866E0
8.669072244E0,2.895315409E0,-2.201396823E-1,1.183490086E1,1.218590132E1
8.671447765E0,-1.191625714E0,-3.062812984E-1,7.379465103E0,7.481329112E0
8.673823286E0,-2.335394859E0,-6.604190469E-1,1.196889877E1,1.221248379E1
8.676198859E0,5.460421085E0,-5.072783828E-1,9.312865257E0,1.080754316E1
8.678574380E0,-5.589633465E0,1.818545163E-1,9.614361763E0,1.112263572E1
8.680949900E0,4.326223373E0,-1.148554832E-1,1.054756260E1,1.140089809E1
8.683325473E0,-4.393222332E0,-3.062812984E-1,8.312665939E0,9.407158217E0
8.685700994E0,2.110469580E0,-5.647061467E-1,1.271067429E1,1.289706229E1
8.688076515E0,1.363908887E0,-3.014956415E-1,7.585247993E0,7.712790299E0
8.690452088E0,-4.512863636E0,-9.571290575E-3,1.116969585E1,1.204691393E1
8.692827609E0,5.201996326E0,-7.752745152E-1,9.298508644E0,1.068288722E1
8.695203130E0,-5.312066078E0,1.339980662E-1,9.753145218E0,1.110674764E1
8.697578702E0,4.311866283E0,-4.115654826E-1,1.137069321E1,1.216775415E1
8.699954223E0,-2.933600664E0,1.531406492E-1,7.709674358E0,8.250366272E0
8.702329744E0,-1.201196909E0,-4.115654826E-1,1.198325539E1,1.205033899E1
8.704705317E0,3.823730469E0,-7.417750359E-1,8.470592499E0,9.323201284E0
8.707080838E0,-4.575077057E0,-5.742774159E-2,1.079162979E1,1.172151447E1
8.709456411E0,5.091926575E0,-9.571290761E-2,9.719645500E0,1.097307550E1
8.711831932E0,-5.924628735E0,2.632105052E-1,8.484949112E0,1.035204651E1
8.714207452E0,3.282952785E0,-8.231309652E-1,1.249053383E1,1.294097210E1
8.716583025E0,-4.785645381E-2,-2.249253243E-1,7.738388538E0,7.741804622E0
8.718958650E0,-2.411965132E0,-4.785645287E-3,1.160997581E1,1.185787237E1
8.721334067E0,4.292723656E0,-2.297109663E-1,8.336593628E0,9.379714112E0
8.723709640E0,-5.833701611E0,-1.148554832E-1,1.002114105E1,1.159605684E1
8.726085161E0,5.623133183E0,-4.737788737E-1,1.111705399E1,1.246727647E1
8.728460682E0,-3.766302824E0,2.201396823E-1,8.025527000E0,8.868065295E0
8.730836255E0,8.901300430E-1,-2.009970993E-1,1.215553856E1,1.218974360E1
8.733211775E0,1.215553880E0,-6.221339107E-1,7.719245911E0,7.839093013E0
8.735587296E0,-3.172882795E0,-1.866401732E-1,1.179661560E1,1.221728936E1
8.737962869E0,5.766702652E0,-4.115654826E-1,9.255437851E0,1.091271623E1
8.740338390E0,-6.202196121E0,4.881358147E-1,8.925228119E0,1.087957767E1
8.742713859E0,3.881158352E0,-5.838487148E-1,1.164347458E1,1.228717908E1
8.745089484E0,-1.866401672E0,-4.594219327E-1,8.288737297E0,8.508683194E0
8.747465005E0,-2.871387079E-2,-3.972085714E-1,1.215553856E1,1.216206055E1
8.749840421E0,3.192025423E0,-2.584248483E-1,7.848458290E0,8.476680201E0
8.752216098E0,-5.532206059E0,-1.435693540E-2,1.072941685E1,1.207169814E1
8.754591619E0,5.852844238E0,-8.279166222E-1,1.024128056E1,1.182476465E1
8.756967140E0,-4.637290478E0,1.339980662E-1,8.953942299E0,1.008441873E1
8.759342713E0,2.852244616E0,-3.780659735E-1,1.192582798E1,1.226799112E1
8.761718234E0,-1.086341500E0,-8.949156404E-1,7.465606689E0,7.597124134E0
8.764093755E0,-1.952543259E0,-1.148554832E-1,1.261974621E1,1.277041939E1
8.766469327E0,4.910071850E0,-1.914258152E-1,8.475378036E0,9.796809801E0
8.768844848E0,-5.996413708E0,-3.254238665E-1,9.643074989E0,1.136009566E1
8.771220421E0,4.924428940E0,-6.604190469E-1,1.114098263E1,1.219867401E1
8.773595942E0,-3.895515203E0,-2.488535494E-1,8.360522270E0,9.226879181E0
8.775971463E0,1.837687731E0,-2.392822690E-2,1.264846039E1,1.278128393E1
8.778347036E0,7.130611539E-1,-1.722832322E-1,7.355536938E0,7.392026878E0
8.780722557E0,-4.407579422E0,-7.609176040E-1,1.132762241E1,1.217870196E1
8.783098077E0,5.733202934E0,-8.901300430E-1,9.690931320E0,1.129495893E1
8.785473650E0,-5.288137913E0,2.201396823E-1,9.595218658E0,1.095815154E1
8.787849171E0,3.814159393E0,-2.057827413E-1,1.131326580E1,1.194069267E1
8.790224692E0,-3.196810961E0,1.292124242E-1,7.881958008E0,8.506559716E0
8.792600265E0,-8.566305041E-1,-3.780659735E-1,1.216511059E1,1.220109279E1
8.794975786E0,3.565305710E0,-1.119840980E0,8.236095428E0,9.044264289E0
8.797351307E0,-4.910071850E0,-2.823530734E-1,1.102612686E1,1.207327637E1
8.799726880E0,5.072783947E0,-2.105683982E-1,9.958928108E0,1.117844914E1
8.802102400E0,-5.905486107E0,4.163511395E-1,8.556734085E0,1.040508590E1
8.804477921E0,2.919243574E0,-6.604190469E-1,1.241396427E1,1.276967679E1
8.806853494E0,-5.024927258E-1,-4.259224236E-1,7.700103283E0,7.728227443E0
8.809229015E0,-2.670390129E0,-4.115654826E-1,1.171525955E1,1.202279818E1
8.811604536E0,4.407579422E0,-5.216353536E-1,8.662017822E0,9.732903604E0
8.813980109E0,-5.915057659E0,2.392822690E-2,1.011685371E1,1.171918123E1
8.816355630E0,5.029713154E0,-3.541377485E-1,1.103091240E1,1.212866259E1
8.818731150E0,-4.264009953E0,2.201396823E-1,8.121239662E0,9.175226210E0
8.821106723E0,5.790630579E-1,-5.599204898E-1,1.219382381E1,1.222039951E1
8.823482244E0,1.244267821E0,-6.939185858E-1,7.929814339E0,8.056778566E0
8.825857765E0,-3.460021496E0,-2.105683982E-1,1.165304661E1,1.215769645E1
8.828233338E0,5.240281582E0,-3.302095234E-1,9.164510727E0,1.056209479E1
8.830608859E0,-6.527620316E0,4.450650215E-1,9.135796547E0,1.123702311E1
8.832984380E0,3.818944931E0,-7.896314859E-1,1.164826107E1,1.228372274E1
8.835359952E0,-2.038684845E0,-3.780659735E-1,8.513663292E0,8.762512906E0
8.837735473E0,-3.589234054E-1,-3.254238665E-1,1.205025482E1,1.205999038E1
8.840111046E0,2.761317253E0,-2.201396823E-1,7.762316704E0,8.241777421E0
8.842486567E0,-5.670989513E0,-3.302095234E-1,1.081555843E1,1.221660610E1
8.844862088E0,6.034698486E0,-8.374879360E-1,1.043270683E1,1.208140487E1
8.847237661E0,-4.819144726E0,2.105683982E-1,8.786444664E0,1.002347768E1
8.849613182E0,2.612962246E0,-2.632105052E-1,1.212203979E1,1.240325362E1
8.851988702E0,-1.325623751E0,-6.077769399E-1,7.427321434E0,7.569133030E0
8.854364275E0,-2.024327993E0,-7.417750359E-1,1.236132145E1,1.254792421E1
8.856739796E0,5.307280540E0,-5.886343718E-1,9.078369141E0,1.053235507E1
8.859115317E0,-5.814558983E0,1.674975902E-1,9.805787086E0,1.140134255E1
8.861490890E0,4.369294167E0,-3.206382394E-1,1.070548820E1,1.156723900E1
8.863866411E0,-4.153940201E0,-5.407779217E-1,8.489734650E0,9.466955919E0
8.866241932E0,2.191825628E0,-7.082754970E-1,1.278724384E1,1.299305041E1
8.868617505E0,1.153340459E0,-3.924229145E-1,7.499105930E0,7.597419280E0
8.870993025E0,-4.532006264E0,-9.092725813E-2,1.145204926E1,1.231652470E1
8.873368546E0,5.407779217E0,-9.954141974E-1,9.466006279E0,1.094715490E1
8.875744119E0,-5.245067120E0,7.657032460E-2,9.690931320E0,1.101956179E1
8.878119640E0,4.101297855E0,-4.402793646E-1,1.143769264E1,1.215875417E1
8.880495161E0,-3.230310678E0,-2.392822690E-2,7.795815945E0,8.438615164E0
8.882870734E0,-9.954141974E-1,-6.939185858E-1,1.220339584E1,1.226357381E1
8.885246255E0,3.541377544E0,-6.556333899E-1,8.561519623E0,9.288209101E0
8.887621775E0,-4.752145767E0,-2.057827413E-1,1.092084217E1,1.191176014E1
8.889997348E0,4.761716843E0,-2.057827413E-1,9.628718376E0,1.074376616E1
8.892372869E0,-6.111268997E0,3.349951655E-2,8.757730484E0,1.067925907E1
8.894748390E0,3.426522017E0,-6.939185858E-1,1.258624744E1,1.306277922E1
8.897123963E0,-8.901300430E-1,-1.818545163E-1,7.676175117E0,7.729752065E0
8.899499484E0,-2.622533560E0,-4.785645287E-3,1.177747345E1,1.206592665E1
8.901875005E0,3.876372576E0,-3.924229145E-1,8.274380684E0,9.145798806E0
8.904250577E0,-5.714060307E0,-2.871387303E-1,1.042792130E1,1.189430437E1
8.906626098E0,5.254638672E0,-4.737788737E-1,1.089212894E1,1.210265124E1
8.909001619E0,-4.608576298E0,3.349951804E-1,8.197810173E0,9.410381974E0
8.911377192E0,1.033699393E0,-3.349951804E-1,1.212203979E1,1.217064522E1
8.913752713E0,6.508477330E-1,-6.077769399E-1,7.791030407E0,7.841756843E0
8.916128286E0,-3.038884640E0,-1.722832322E-1,1.177268696E1,1.215979686E1
8.918503807E0,5.139782906E0,-2.727817893E-1,8.848658562E0,1.023672489E1
8.920879327E0,-6.384050846E0,2.679961324E-1,9.260223389E0,1.125076283E1
8.923254900E0,4.345366001E0,-5.359922647E-1,1.144726372E1,1.225599200E1
8.925630421E0,-2.627319336E0,3.349951655E-2,8.451449394E0,8.850476031E0
8.928005942E0,5.072783828E-1,-1.962114573E-1,1.199282742E1,1.200515471E1
8.930381515E0,1.952543259E0,-7.178468257E-2,7.580461979E0,7.828217040E0
8.932757036E0,-4.809573650E0,-2.344966233E-1,1.105962658E1,1.206243456E1
8.935132557E0,6.245266914E0,-7.561319470E-1,9.863214493E0,1.169863644E1
8.937508130E0,-5.130211830E0,3.302095234E-1,9.150154114E0,1.049540052E1
8.939883650E0,3.464807272E0,-3.349951655E-2,1.155733299E1,1.206556909E1
8.942259171E0,-2.311466694E0,-2.249253243E-1,7.585247993E0,7.932808885E0
8.944634744E0,-5.216353536E-1,-6.508477330E-1,1.247617722E1,1.250402752E1
8.947010265E0,4.364508629E0,-3.493520916E-1,8.417949677E0,9.488564655E0
8.949385786E0,-5.101497650E0,1.483550072E-1,1.030349445E1,1.149822967E1
8.951761359E0,5.015356064E0,-3.589234054E-1,9.810572624E0,1.102406267E1
8.954136880E0,-4.718646049E0,0.000000000E0,8.915657043E0,1.008734658E1
8.956512400E0,3.570091486E0,-3.637090325E-1,1.232303619E1,1.283491560E1
8.958887973E0,-4.737788737E-1,-6.699903309E-2,7.436892986E0,7.452270297E0
8.961263494E0,-2.924029350E0,-2.201396823E-1,1.164826107E1,1.201167745E1
8.963639015E0,5.077569485E0,-8.949156404E-1,8.796015739E0,1.019570884E1
8.966014588E0,-4.905286312E0,9.092725813E-2,1.035613632E1,1.145947909E1
8.968390109E0,4.943571568E0,-1.770688742E-1,1.039920712E1,1.151580487E1
8.970765630E0,-4.752145767E0,3.493520916E-1,8.039883614E0,9.345836763E0
8.973141202E0,1.292124271E0,-7.896314859E-1,1.237567902E1,1.246798035E1
8.975516723E0,1.698904037E0,-4.977070987E-1,8.140382767E0,8.330655369E0
8.977892296E0,-3.493520975E0,-1.914258152E-1,1.119841003E1,1.173225127E1
8.980267817E0,4.800002098E0,-2.105683982E-1,8.882157326E0,1.009837006E1
8.982643338E0,-6.403193474E0,8.614161611E-2,9.480362892E0,1.144052392E1
8.985018911E0,4.756931305E0,-6.843472719E-1,1.164347458E1,1.259631799E1
8.987394432E0,-2.833101988E0,2.871387079E-2,7.925028801E0,8.416256463E0
8.989769952E0,-4.546363056E-1,-1.435693540E-2,1.221296692E1,1.222143450E1
8.992145525E0,2.062613010E0,-3.876372576E-1,7.503891945E0,7.791856608E0
8.994521046E0,-4.618147850E0,-4.689932466E-1,1.125583744E1,1.217543103E1
8.996896567E0,5.785845280E0,-4.881358147E-1,1.006899738E1,1.162320913E1
8.999272140E0,-5.723631859E0,4.259224236E-1,8.508877754E0,1.026364322E1
9.001647661E0,2.636890650E0,-3.876372576E-1,1.188275719E1,1.217798724E1
9.004023182E0,-1.464407444E0,-5.168496966E-1,7.848458290E0,8.000619995E0
9.006398755E0,-1.014556766E0,-2.679961324E-1,1.222253799E1,1.226750107E1
9.008774275E0,3.857230186E0,-2.488535494E-1,8.102097511E0,8.976866763E0
9.011149796E0,-6.068198204E0,-6.221338734E-2,1.018863869E1,1.185897374E1
9.013525369E0,5.355136871E0,-6.795616150E-1,1.063370419E1,1.192539138E1
9.015900838E0,-4.168296814E0,2.584248483E-1,8.796015739E0,9.737113259E0
9.018276411E0,2.263610125E0,-1.914258152E-1,1.204546928E1,1.225780996E1
9.020651984E0,-3.732803464E-1,-1.531406492E-1,7.336394310E0,7.347480639E0
9.023027505E0,-3.148954630E0,-5.982056856E-1,1.162911797E1,1.206275880E1
9.025403025E0,5.852844238E0,-6.125625968E-1,9.446864128E0,1.112988142E1
9.027778598E0,-5.388636589E0,1.914258152E-1,9.657432556E0,1.106074372E1
9.030154119E0,4.273581028E0,-6.221338734E-2,1.068634605E1,1.150935955E1
9.032529640E0,-4.067798615E0,-2.440679073E-1,8.097311974E0,9.064933310E0
9.034905213E0,1.655833244E0,-6.652047038E-1,1.281117249E1,1.293485297E1
9.037280734E0,2.110469580E0,-2.919243574E-1,7.671389580E0,7.961753561E0
9.039656307E0,-4.350151539E0,5.742774159E-2,1.109791183E1,1.192018303E1
9.042031827E0,5.240281582E0,-5.599204898E-1,9.174081802E0,1.058006800E1
9.044407348E0,-5.436492920E0,-7.657032460E-2,9.671789169E0,1.109526133E1
9.046782921E0,4.584648132E0,-4.211367965E-1,1.177747345E1,1.264536419E1
9.049158442E0,-2.478964329E0,-2.392822690E-2,7.661818027E0,8.052905823E0
9.051533963E0,-1.258624673E0,-4.881358147E-1,1.209332561E1,1.216844021E1
9.053909536E0,3.723232031E0,-8.327022791E-1,8.394021988E0,9.220382583E0
9.056285057E0,-4.331008911E0,-1.818545163E-1,1.104048347E1,1.186098582E1
9.058660577E0,5.379065514E0,-2.344966233E-1,9.810572624E0,1.119091907E1
9.061036150E0,-5.795416355E0,3.349951804E-1,8.590232849E0,1.036779499E1
9.063411671E0,3.086741209E0,-9.236295223E-1,1.233739376E1,1.275117044E1
9.065787192E0,-1.866401732E-1,-4.307080805E-1,8.164310455E0,8.177793664E0
9.068162765E0,-1.895115495E0,-2.775674164E-1,1.175833035E1,1.191330512E1
9.070538286E0,4.125226021E0,-2.919243574E-1,8.231309891E0,9.211795269E0
9.072913807E0,-5.938985825E0,-2.871387303E-1,1.027956581E1,1.187533050E1
9.075289380E0,5.785845280E0,-6.747759581E-1,1.093519974E1,1.238991209E1
9.077664900E0,-4.010370731E0,1.722832322E-1,8.422736168E0,9.330339730E0
9.080040421E0,1.459621787E0,-1.531406492E-1,1.215075302E1,1.223906642E1
9.082415994E0,2.823530734E-1,-5.838487148E-1,7.326822758E0,7.355469686E0
9.084791515E0,-2.900100946E0,-5.886343718E-1,1.199282742E1,1.235252951E1
9.087167036E0,5.733202934E0,-4.737788737E-1,9.260223389E0,1.090164297E1
9.089542609E0,-5.948556900E0,3.637090325E-1,9.298508644E0,1.104445003E1
9.091918130E0,3.881158352E0,-4.115654826E-1,1.105005455E1,1.171906489E1
9.094293650E0,-2.933600664E0,-3.972085714E-1,8.398807526E0,8.905265597E0
9.096669223E0,1.067198873E0,-4.354937077E-1,1.253360462E1,1.258649328E1
9.099044744E0,2.124826431E0,-2.297109663E-1,7.532605648E0,7.829929906E0
9.101420317E0,-5.139782906E0,-1.387837082E-1,1.102612686E1,1.216602247E1
9.103795838E0,5.795416355E0,-8.470591903E-1,9.963713646E0,1.155767925E1
9.106171359E0,-4.948357105E0,2.488535494E-1,9.346364975E0,1.057840746E1
9.108546932E0,3.560520172E0,-1.531406492E-1,1.160519028E1,1.214006579E1
9.110922400E0,-2.531606436E0,-6.699903309E-2,7.628318787E0,8.037709097E0
9.113297973E0,-1.344766378E0,-7.322037220E-1,1.216989613E1,1.226584243E1
9.115673546E0,4.488935471E0,-5.503492355E-1,8.829515457E0,9.920371422E0
9.118049067E0,-5.005784988E0,-1.004985496E-1,1.048534870E1,1.161940277E1
9.120424588E0,4.747360229E0,-3.014956415E-1,9.868000984E0,1.095471461E1
9.122800161E0,-5.316852093E0,-3.828516230E-2,8.786444664E0,1.026995578E1
9.125175682E0,3.335594654E0,-6.125625968E-1,1.270110226E1,1.314608014E1
9.127551202E0,-2.440679073E-1,-2.440679073E-1,7.403393269E0,7.411435096E0
9.129926775E0,-2.947957516E0,-5.264209956E-2,1.182054424E1,1.218271279E1
9.132302296E0,4.546362877E0,-8.231309652E-1,8.427521706E0,9.610935547E0
9.134677817E0,-5.316852093E0,-3.254238665E-1,1.057627583E1,1.184197734E1
9.137053390E0,5.230710506E0,-4.163511395E-1,1.084427261E1,1.204707139E1
9.139428911E0,-4.307080746E0,3.206382394E-1,8.154739380E0,9.227866914E0
9.141804432E0,8.566305041E-1,-2.153540403E-1,1.242832088E1,1.245966906E1
9.144180005E0,1.320838094E0,-6.891329288E-1,7.580461979E0,7.725472237E0
9.146555525E0,-3.373879910E0,-6.269195080E-1,1.147119141E1,1.197348429E1
9.148931098E0,5.374279499E0,-5.886343718E-1,9.442078590E0,1.088035931E1
9.151306619E0,-6.183053493E0,2.344966233E-1,9.279366493E0,1.115310637E1
9.153682140E0,4.153940201E0,-5.647061467E-1,1.155254745E1,1.228964869E1
9.156057661E0,-2.383251429E0,-1.100698411E-1,8.312665939E0,8.648260967E0
9.158433234E0,-1.674975902E-1,-3.493520916E-1,1.206939697E1,1.207561367E1
9.160808755E0,2.555534601E0,-6.843472719E-1,7.561319351E0,8.010782647E0
9.163184327E0,-4.948357105E0,-4.307080805E-1,1.129890823E1,1.234249062E1
9.165559848E0,6.087340832E0,-4.642075896E-1,1.005942631E1,1.176704146E1
9.167935369E0,-5.431707382E0,3.589234054E-1,8.767302513E0,1.031978025E1
9.170310942E0,2.790031195E0,-7.178468257E-2,1.203111267E1,1.235059105E1
9.172686463E0,-1.794616938E0,-5.694918036E-1,7.360322475E0,7.597323069E0
9.175061984E0,-1.201196909E0,-8.327022791E-1,1.249532032E1,1.258051259E1
9.177437557E0,4.675575256E0,-4.881358147E-1,8.628518105E0,9.826016753E0
9.179813077E0,-5.790630817E0,2.201396823E-1,1.003071213E1,1.158425883E1
9.182188598E0,4.618147850E0,-4.163511395E-1,1.017428207E1,1.118108463E1
9.184564171E0,-4.431507587E0,-2.105683982E-1,8.891729355E0,9.937074492E0
9.186939692E0,2.608176708E0,-5.072783828E-1,1.250489140E1,1.278406140E1
9.189315213E0,1.818545163E-1,-2.536391914E-1,7.293323517E0,7.299998070E0
9.191690786E0,-4.000799656E0,-4.498506486E-1,1.166261768E1,1.233796639E1
9.194066307E0,5.651846886E0,-8.614161611E-1,9.485149384E0,1.107490270E1
9.196441880E0,-5.369493961E0,1.148554832E-1,9.786644936E0,1.116347062E1
9.198817400E0,4.268795490E0,-1.914258152E-1,1.094477081E1,1.174935177E1
9.201192921E0,-4.168296814E0,9.571290575E-3,7.896314621E0,8.928973879E0
9.203568494E0,5.551348329E-1,-9.236295223E-1,1.247617722E1,1.252263008E1
9.205944015E0,2.708675146E0,-5.264210105E-1,8.341380119E0,8.785935489E0
9.208319536E0,-4.278367043E0,-1.770688742E-1,1.093041420E1,1.173923901E1
9.210695109E0,4.847858906E0,-3.014956415E-1,9.274580956E0,1.046950273E1
9.213070630E0,-5.982056618E0,-9.571290761E-2,9.279366493E0,1.104086975E1
9.215446150E0,4.460221291E0,-6.556333899E-1,1.210768223E1,1.291972902E1
9.217821723E0,-2.014756680E0,-1.148554832E-1,7.743174076E0,8.001823607E0
9.220197244E0,-1.531406522E0,-1.531406492E-1,1.206461143E1,1.216238081E1
9.222572765E0,3.273381472E0,-7.609176040E-1,7.901100159E0,8.586117026E0
9.224948338E0,-4.685146809E0,-3.589234054E-1,1.121276665E1,1.215753110E1
9.227323859E0,5.527420521E0,-4.307080805E-1,1.014078236E1,1.155739390E1
9.229699380E0,-5.374279499E0,5.168496966E-1,8.441878319E0,1.002074465E1
9.232074952E0,2.191825628E0,-3.876372576E-1,1.206939697E1,1.227292571E1
9.234450473E0,-3.828516304E-1,-7.178468108E-1,7.834101200E0,7.876231398E0
9.236825994E0,-1.761117458E0,-3.493520916E-1,1.207418346E1,1.220694425E1
9.239201567E0,4.455435753E0,-2.967100143E-1,8.341380119E0,9.461372357E0
9.241577036E0,-6.197410583E0,9.092725813E-2,1.001156998E1,1.177487576E1
9.243952609E0,5.077569485E0,-6.508477330E-1,1.091127110E1,1.205243343E1
9.246328182E0,-3.598805189E0,1.914258152E-1,8.499305725E0,9.231805914E0
9.248703702E0,1.603191137E0,-2.153540403E-1,1.214596748E1,1.225320878E1
9.251079223E0,3.206382394E-1,-3.828516304E-1,7.226324558E0,7.243559268E0
9.253454796E0,-3.517449379E0,-6.269195080E-1,1.182532978E1,1.235329521E1
9.255830317E0,5.943771362E0,-4.546363056E-1,9.523433685E0,1.123525262E1
9.258205838E0,-5.603990555E0,3.014956415E-1,9.231510162E0,1.080353598E1
9.260581411E0,3.828516245E0,7.657032460E-2,1.113619614E1,1.177617357E1
9.262956932E0,-3.594019651E0,-4.259224236E-1,7.905886173E0,8.694907898E0
9.265332505E0,1.100698471E0,-6.987041831E-1,1.269153118E1,1.275831840E1
9.267708025E0,2.679961443E0,-2.727817893E-1,7.867600918E0,8.315993473E0
9.270083546E0,-4.819144726E0,6.699903309E-2,1.089212894E1,1.191079837E1
9.272459119E0,5.111069202E0,-3.972085714E-1,9.312865257E0,1.063062850E1
9.274834640E0,-5.268995285E0,0.000000000E0,9.523433685E0,1.088384585E1
9.277210161E0,4.106083870E0,-4.259224236E-1,1.177268696E1,1.247547566E1
9.279585734E0,-2.072184324E0,-5.264209956E-2,7.628318787E0,7.904933053E0
9.281961255E0,-1.741974831E0,-4.977070987E-1,1.209811115E1,1.223300789E1
9.284336775E0,4.240081787E0,-7.322037220E-1,8.465806961E0,9.496541652E0
9.286712348E0,-4.733003139E0,-3.062812984E-1,1.071984577E1,1.172221056E1
9.289087869E0,5.106283665E0,-1.866401732E-1,9.954142570E0,1.118900897E1
9.291463390E0,-5.680561066E0,4.977070987E-1,8.470592499E0,1.021114213E1
9.293838963E0,2.876172781E0,-4.929214716E-1,1.229910851E1,1.264054633E1
9.296214484E0,0.000000000E0,-4.307080805E-1,7.814958572E0,7.826818443E0
9.298590005E0,-2.713460922E0,-7.226324677E-1,1.161476135E1,1.194938279E1
9.300965577E0,4.876572609E0,-3.924229145E-1,8.901300430E0,1.015717015E1
9.303341098E0,-6.039484501E0,5.742774159E-2,9.853643417E0,1.155737685E1
9.305716619E0,5.206781864E0,-3.110669553E-1,1.102134132E1,1.219333033E1
9.308092192E0,-4.019941807E0,1.818545163E-1,8.159524918E0,9.097848651E0
9.310467713E0,7.082754970E-1,-6.699903607E-1,1.206939697E1,1.210871110E1
9.312843234E0,1.488335729E0,-6.317051649E-1,7.762316704E0,7.928918922E0
9.315218807E0,-3.728017569E0,-2.009970993E-1,1.179661560E1,1.237330410E1
9.317594327E0,5.565705299E0,-3.302095234E-1,9.154939651E0,1.071909669E1
9.319969900E0,-6.364908218E0,4.594219327E-1,9.006584167E0,1.103819204E1
9.322345369E0,3.646661758E0,-8.327022791E-1,1.160997581E1,1.219766672E1
9.324720942E0,-1.976471543E0,-4.402793646E-1,8.288737297E0,8.532493871E0
9.327096515E0,-3.397808075E-1,-2.009970993E-1,1.213161087E1,1.213803251E1
9.329472036E0,3.034099102E0,5.264209956E-2,7.714460373E0,8.289838804E0
9.331847557E0,-6.087340832E0,6.699903309E-2,1.053799057E1,1.217002270E1
9.334223130E0,5.848058701E0,-1.182054400E0,1.027956581E1,1.188555916E1
9.336598650E0,-4.484149456E0,1.004985496E-1,9.035298347E0,1.008733426E1
9.338974171E0,2.699103832E0,-1.100698411E-1,1.189232826E1,1.219527566E1
9.341349744E0,-1.100698471E0,1.339980662E-1,7.398607731E0,7.481235791E0
9.343725265E0,-2.866601467E0,-2.871387303E-1,1.172004509E1,1.206893987E1
9.346100786E0,5.469992638E0,-8.374879360E-1,8.925228119E0,1.050151906E1
9.348476359E0,-5.422136307E0,-1.148554832E-1,9.968499184E0,1.134829194E1
9.350851880E0,4.613361835E0,-1.196411327E-1,1.071506023E1,1.166661636E1
9.353227400E0,-4.197010994E0,1.052841991E-1,8.126026154E0,9.146490425E0
9.355602973E0,1.536192179E0,-3.637090325E-1,1.260538960E1,1.270385837E1
9.357978494E0,1.837687731E0,-4.259224236E-1,7.484749317E0,7.718806802E0
9.360354015E0,-4.292723656E0,-3.876372576E-1,1.127019501E1,1.206627675E1
9.362729588E0,5.747560024E0,-4.785645306E-1,9.604789734E0,1.120336807E1
9.365105109E0,-5.355136871E0,3.589234054E-1,9.226723671E0,1.067420941E1
9.367480682E0,4.024727821E0,-2.201396823E-1,1.168175983E1,1.235760528E1
9.369856202E0,-2.450250387E0,1.052841991E-1,7.623532772E0,8.008312160E0
9.372231723E0,-1.205982566E0,-5.982056856E-1,1.191147137E1,1.198730137E1
9.374607296E0,4.201796532E0,-6.747759581E-1,8.618947029E0,9.612318377E0
9.376982817E0,-4.761716843E0,4.307080805E-2,1.073898792E1,1.174741095E1
9.379358338E0,5.101497650E0,-9.092725813E-2,9.777072906E0,1.102835893E1
9.381733911E0,-5.728417397E0,3.445664644E-1,8.513663292E0,1.026722721E1
9.384109432E0,2.981456995E0,-9.810572863E-1,1.230867958E1,1.270256479E1
9.386484952E0,3.684946895E-1,-3.014956415E-1,8.068597794E0,8.082633130E0
9.388860525E0,-2.785245657E0,-8.614161611E-2,1.160997581E1,1.193970486E1
9.391236046E0,4.445864677E0,-1.292124242E-1,8.422736168E0,9.524961582E0
9.393611567E0,-6.250052929E0,1.914258152E-1,9.896714211E0,1.170661171E1
9.395987140E0,5.168497086E0,-8.805587292E-1,1.104526901E1,1.222647592E1
9.398362661E0,-3.488735437E0,-1.148554832E-1,8.489734650E0,9.179327925E0
9.400738182E0,4.642075896E-1,-3.780659735E-1,1.229432297E1,1.230889109E1
9.403113755E0,1.512263894E0,-3.589234054E-1,7.556533813E0,7.714724322E0
9.405489275E0,-4.149154663E0,-2.392822690E-2,1.166261768E1,1.237871997E1
9.407864796E0,5.637490273E0,-3.924229145E-1,9.528220177E0,1.107800849E1
9.410240369E0,-6.211767673E0,4.689932466E-1,8.666803360E0,1.067330749E1
9.412615890E0,3.345165968E0,-1.043270707E0,1.173918819E1,1.225100357E1
9.414991411E0,-1.517049551E0,-4.642075896E-1,8.346165657E0,8.495611173E0
9.417366984E0,-8.183453679E-1,-1.914258115E-2,1.227039433E1,1.229766777E1
9.419742505E0,3.345165968E0,-1.004985496E-1,7.709674358E0,8.404719747E0
9.422118077E0,-6.317051888E0,-3.206382394E-1,1.052363396E1,1.227822565E1
9.424493598E0,5.900700569E0,-8.231309652E-1,1.095434189E1,1.246970000E1
9.426869119E0,-4.244867325E0,1.148554832E-1,8.465806961E0,9.471112812E0
9.429244692E0,1.799402595E0,-1.722832322E-1,1.222732353E1,1.236021731E1
9.431620213E0,-2.775674164E-1,-2.440679073E-1,7.369893551E0,7.379156033E0
9.433995734E0,-3.306880951E0,-7.513462901E-1,1.172004509E1,1.220079669E1
9.436371307E0,5.962913990E0,-6.269195080E-1,9.753145218E0,1.144872102E1
9.438746827E0,-5.819344521E0,2.536391914E-1,9.188439369E0,1.087917835E1
9.441122348E0,3.905086517E0,-3.828516304E-1,1.104526901E1,1.172152907E1
9.443497921E0,-3.144168854E0,-4.211367965E-1,8.331808090E0,8.915277900E0
9.445873442E0,7.369893789E-1,-4.737788737E-1,1.261974621E1,1.265012309E1
9.448248963E0,2.943171740E0,-3.349951804E-1,7.704888821E0,8.254683119E0
9.450624536E0,-5.402993679E0,-2.392822690E-2,1.083948612E1,1.211145626E1
9.453000057E0,5.517848969E0,-7.417750359E-1,9.963713646E0,1.141369691E1
9.455375630E0,-4.737788677E0,1.244267747E-1,9.255437851E0,1.039832936E1
9.457751150E0,3.426522017E0,-3.876372576E-1,1.197846985E1,1.246495310E1
9.460126671E0,-1.521835208E0,4.785645287E-3,7.460821152E0,7.614450575E0
9.462502244E0,-2.502892494E0,-5.216353536E-1,1.174397373E1,1.201904710E1
9.464877765E0,5.192425251E0,-7.657032609E-1,9.140582085E0,1.054029517E1
9.467253286E0,-5.120640278E0,-1.435693540E-2,1.012164021E1,1.134322544E1
9.469628859E0,4.656432629E0,-2.009970993E-1,1.034177971E1,1.134350793E1
9.472004380E0,-4.953142643E0,1.148554832E-1,8.441878319E0,9.788366737E0
9.474379900E0,2.048256159E0,-8.422735929E-1,1.248574829E1,1.268064227E1
9.476755473E0,1.445264935E0,-3.062812984E-1,7.896314621E0,8.033329544E0
9.479130994E0,-3.838087559E0,-1.148554832E-1,1.140419292E1,1.203327570E1
9.481506515E0,4.843072891E0,-5.407779217E-1,8.748159409E0,1.001389479E1
9.483882088E0,-5.824130535E0,-9.571290761E-2,9.853643417E0,1.144656918E1
9.486257609E0,4.924428940E0,-4.450650215E-1,1.162433243E1,1.263222813E1
9.488633130E0,-3.038884640E0,6.221338734E-2,7.805387497E0,8.376321647E0
9.491008702E0,-7.417750359E-1,-9.571290761E-2,1.221296692E1,1.223584701E1
9.493384223E0,2.512463808E0,-6.843472719E-1,7.747959614E0,8.173841432E0
9.495759744E0,-4.354937077E0,-4.929214716E-1,1.133719349E1,1.215485108E1
9.498135317E0,5.627918720E0,-5.024927258E-1,9.973284721E0,1.146265136E1
9.500510838E0,-5.986842155E0,4.354937077E-1,8.432307243E0,1.035063956E1
9.502886411E0,2.790031195E0,-6.604190469E-1,1.195932770E1,1.229820907E1
9.505261932E0,-8.374879360E-1,-5.072783828E-1,8.264809608E0,8.322607480E0
9.507637452E0,-1.617548108E0,-3.349951804E-1,1.191625690E1,1.203020624E1
9.510013025E0,4.019941807E0,-3.589234054E-1,8.106883049E0,9.055954445E0
9.512388546E0,-6.317051888E0,-1.818545163E-1,1.025085258E1,1.204235003E1
9.514764015E0,5.603990555E0,-6.843472719E-1,1.113141060E1,1.248123965E1
9.517139640E0,-4.153940201E0,1.100698411E-1,8.264809608E0,9.250643893E0
9.519515161E0,1.406979680E0,-3.062812984E-1,1.206461143E1,1.215023659E1
9.521890682E0,1.722832322E-1,-6.317051649E-1,7.580461979E0,7.608688241E0
9.524266255E0,-3.259024382E0,-6.699903607E-1,1.179183006E1,1.225223993E1
9.526641775E0,5.819344521E0,-5.312066078E-1,9.547362328E0,1.119370709E1
9.529017296E0,-6.010770321E0,3.732803464E-1,9.150154114E0,1.095417812E1
9.531392869E0,3.799802303E0,-1.148554832E-1,1.124626637E1,1.187140246E1
9.533768390E0,-3.263810158E0,-3.493520916E-1,8.015955925E0,8.661988976E0
9.536143911E0,6.987041831E-1,-8.853443861E-1,1.236610699E1,1.241743227E1
9.538519484E0,2.780459881E0,-4.163511395E-1,8.121239662E0,8.594116538E0
9.540895005E0,-5.173282623E0,2.871387079E-2,1.086341476E1,1.203235047E1
9.543270525E0,5.292923450E0,-5.694918036E-1,9.571290970E0,1.095212173E1
9.545646098E0,-5.029713154E0,1.962114573E-1,9.365508080E0,1.063246232E1
9.548021619E0,3.507878065E0,-5.359922647E-1,1.167697430E1,1.220427077E1
9.550397192E0,-1.598405480E0,-2.249253243E-1,7.551748276E0,7.722330833E0
9.552772713E0,-2.081755638E0,-5.503492355E-1,1.199282742E1,1.218460095E1
9.555148234E0,4.776073933E0,-5.168496966E-1,8.757730484E0,9.988786666E0
9.557523807E0,-5.115854740E0,5.264209956E-2,1.033699417E1,1.153378470E1
9.559899327E0,4.785645485E0,-1.052841991E-1,1.013599682E1,1.120945668E1
9.562274848E0,-5.101497650E0,1.387837082E-1,8.355736732E0,9.790958867E0
9.564650421E0,2.665604353E0,-9.236295223E-1,1.250967693E1,1.282382763E1
9.567025942E0,8.614161611E-1,-3.254238665E-1,7.853243828E0,7.907046042E0
9.569401463E0,-3.292523861E0,-4.307080805E-2,1.147597694E1,1.193903745E1
9.571777036E0,4.814359188E0,-4.689932466E-1,8.523234367E0,9.800180260E0
9.574152557E0,-5.608776093E0,-1.914258152E-1,1.010249710E1,1.155661978E1
9.576528077E0,5.288137913E0,-4.402793646E-1,1.134197903E1,1.252193023E1
9.578903650E0,-3.421736479E0,1.244267747E-1,7.824530125E0,8.540903595E0
9.581279171E0,5.264209956E-2,-1.866401732E-1,1.212682533E1,1.212837575E1
9.583654692E0,2.072184324E0,-7.752745152E-1,7.891529083E0,8.195805617E0
9.586030265E0,-3.718446493E0,-4.163511395E-1,1.151904774E1,1.211150913E1
9.588405786E0,5.661418438E0,-4.307080805E-1,9.533005714E0,1.109573639E1
9.590781307E0,-6.144768715E0,4.307080805E-1,8.800801277E0,1.074233658E1
9.593156880E0,3.421736479E0,-7.178468108E-1,1.172004509E1,1.223041461E1
9.595532400E0,-1.445264935E0,-4.259224236E-1,8.432307243E0,8.565862834E0
9.597907973E0,-8.518448472E-1,-3.302095234E-1,1.206461143E1,1.209915398E1
9.600283494E0,3.421736479E0,-2.344966233E-1,7.776673794E0,8.499407302E0
9.602659015E0,-5.929414749E0,-2.201396823E-1,1.068634605E1,1.222310978E1
9.605034588E0,5.804987907E0,-6.987041831E-1,1.056670475E1,1.207647802E1
9.607410109E0,-4.694717884E0,1.435693651E-1,8.676374435E0,9.866126977E0
9.609785630E0,2.201396942E0,-2.823530734E-1,1.197846985E1,1.218234836E1
9.612161202E0,-8.805587292E-1,-4.594219327E-1,7.728816986E0,7.792372180E0
9.614536723E0,-2.364108801E0,-6.987041831E-1,1.196411324E1,1.221544938E1
9.616912244E0,5.201996326E0,-4.785645306E-1,9.121439934E0,1.051144406E1
9.619287817E0,-5.838487148E0,1.292124242E-1,9.805787086E0,1.141306656E1
9.621663338E0,4.182653904E0,-4.067798555E-1,1.048056316E1,1.129169021E1
9.624038859E0,-3.991228104E0,-3.541377485E-1,8.700303078E0,9.578652774E0
9.626414432E0,1.914258122E0,-4.642075896E-1,1.256231880E1,1.271580617E1
9.628789952E0,1.048056364E0,-2.775674164E-1,7.456035137E0,7.534449269E0
9.631165525E0,-4.517649174E0,-1.627119333E-1,1.148076344E1,1.233870165E1
9.633541046E0,5.335994720E0,-8.662018180E-1,9.102297783E0,1.058654666E1
9.635916567E0,-5.163711071E0,-1.914258115E-2,9.963713646E0,1.122229335E1
9.638292140E0,4.158725739E0,-3.397808075E-1,1.135633659E1,1.209862933E1
9.640667661E0,-3.225524902E0,6.699903309E-2,7.747959614E0,8.392817045E0
9.643043182E0,-7.417750359E-1,-6.077769399E-1,1.210768223E1,1.214559969E1
9.645418702E0,3.479164124E0,-6.317051649E-1,8.542376518E0,9.245314002E0
9.647794275E0,-4.517649174E0,-2.009970993E-1,1.087777138E1,1.178029983E1
9.650169796E0,5.082355499E0,-2.967100143E-1,9.485149384E0,1.076505611E1
9.652545369E0,-5.804987907E0,1.387837082E-1,9.030512810E0,1.073626132E1
9.654920890E0,3.818944931E0,-5.790630579E-1,1.234217930E1,1.293248020E1
9.657296411E0,-8.901300430E-1,-2.009970993E-1,7.637889862E0,7.692209882E0
9.659671984E0,-2.115255117E0,-1.674975902E-1,1.187797165E1,1.206600887E1
9.662047505E0,4.101297855E0,-6.364908218E-1,8.260024071E0,9.244120419E0
9.664423025E0,-5.048855782E0,-2.823530734E-1,1.071027374E1,1.184401248E1
9.666798598E0,5.627918720E0,-3.493520916E-1,1.062891865E1,1.203201677E1
9.669174119E0,-4.642076015E0,4.737788737E-1,8.221738815E0,9.453587959E0
9.671549692E0,1.761117458E0,-1.004985496E-1,1.209332561E1,1.222129940E1
9.673925213E0,5.455635786E-1,-6.125625968E-1,7.599604607E0,7.643746642E0
9.676300734E0,-2.512463808E0,-6.508477330E-1,1.171047401E1,1.199463542E1
9.678676307E0,5.489135265E0,-3.589234054E-1,9.150154114E0,1.067636419E1
9.681051827E0,-6.063412666E0,3.493520916E-1,9.494720459E0,1.127105748E1
9.683427348E0,4.541577339E0,-4.163511395E-1,1.100219822E1,1.190998063E1
9.685802921E0,-2.885744095E0,-1.148554832E-1,8.709874153E0,9.176198479E0
9.688178442E0,7.800601721E-1,-5.312066078E-1,1.200718403E1,1.204421615E1
9.690553963E0,2.100898266E0,-3.541377485E-1,7.671389580E0,7.961746363E0
9.692929536E0,-4.718646049E0,-3.206382394E-1,1.129890823E1,1.224882675E1
9.695305057E0,6.106483459E0,-5.264210105E-1,9.801001549E0,1.155966655E1
9.697680577E0,-5.580062389E0,2.919243574E-1,9.020941734E0,1.061130086E1
9.700056150E0,3.139383316E0,-3.780659735E-1,1.142812061E1,1.185751248E1
9.702431671E0,-2.287538528E0,-5.120640397E-1,8.087740898E0,8.420605378E0
9.704807192E0,-6.029912829E-1,-5.599204898E-1,1.241396427E1,1.244120647E1
9.707182765E0,3.704089403E0,-2.919243574E-1,8.073383331E0,8.887351492E0
9.709558286E0,-5.771488190E0,1.722832322E-1,1.052841949E1,1.200780473E1
9.711933859E0,4.718646049E0,-5.072783828E-1,9.690931320E0,1.079060247E1
9.714309380E0,-4.929214478E0,-2.727817893E-1,9.059226990E0,1.031703247E1
9.716684900E0,2.957528830E0,-4.402793646E-1,1.245703506E1,1.281087606E1
9.719060421E0,-8.470591903E-1,-1.244267747E-1,7.341179848E0,7.390934505E0
9.721435994E0,-3.474378586E0,-8.135596663E-2,1.172004509E1,1.222445836E1
9.723811515E0,4.776073933E0,-8.470591903E-1,8.738588333E0,9.994564400E0
9.726187088E0,-5.460421085E0,-1.962114573E-1,1.025563812E1,1.162036190E1
9.728562609E0,4.613361835E0,-3.014956415E-1,1.078684425E1,1.173584322E1
9.730938130E0,-4.733003139E0,2.632105052E-1,7.958528042E0,9.263302169E0
9.733313702E0,7.465606928E-1,-4.498506486E-1,1.226560879E1,1.229653924E1
9.735689223E0,1.703689694E0,-5.599204898E-1,8.111668587E0,8.307540959E0
9.738064744E0,-3.952943087E0,-4.977070987E-1,1.115055370E1,1.184095939E1
9.740440317E0,5.168497086E0,-3.302095234E-1,9.226723671E0,1.058087095E1
9.742815786E0,-6.206982136E0,1.531406492E-1,9.260223389E0,1.114907245E1
9.745191411E0,4.522434711E0,-4.450650215E-1,1.177747345E1,1.262376249E1
9.747566880E0,-2.498106956E0,-2.871387079E-2,7.791030407E0,8.181779614E0
9.749942452E0,-7.992027402E-1,-3.158525825E-1,1.191625690E1,1.194720329E1
9.752318025E0,3.096312523E0,-6.556333899E-1,8.039883614E0,8.640412890E0
9.754693546E0,-4.584648132E0,-3.445664644E-1,1.096869946E1,1.189327929E1
9.757069067E0,5.785845280E0,-3.397808075E-1,1.009292603E1,1.163866884E1
9.759444640E0,-5.292923450E0,4.833501875E-1,8.494520187E0,1.002025645E1
9.761820161E0,2.665604353E0,-4.307080805E-1,1.181097221E1,1.211569316E1
9.764195682E0,-4.259224236E-1,-7.034898400E-1,8.011170387E0,8.053270071E0
9.766571255E0,-1.440479279E0,-2.871387303E-1,1.205504036E1,1.214419315E1
9.768946775E0,4.666004181E0,-3.206382394E-1,8.226524353E0,9.463091822E0
9.771322296E0,-6.034698486E0,7.178468257E-2,9.997213364E0,1.167762878E1
9.773697869E0,5.292923450E0,-6.221339107E-1,1.084905815E1,1.208735505E1
9.776073390E0,-3.402593851E0,1.004985496E-1,8.528019905E0,9.182312801E0
9.778448911E0,1.761117458E0,-2.440679073E-1,1.218903828E1,1.231802573E1
9.780824484E0,6.939185858E-1,-2.009970993E-1,7.374679565E0,7.409981210E0
9.783200005E0,-3.694518089E0,-6.125625968E-1,1.139940739E1,1.199879934E1
9.785575577E0,6.245266914E0,-5.838487148E-1,9.786644936E0,1.162422717E1
9.787951098E0,-5.426921844E0,2.775674164E-1,9.288937569E0,1.076163954E1
9.790326619E0,3.948157310E0,-8.614161611E-2,1.103091240E1,1.171650097E1
9.792702192E0,-3.282952785E0,-3.349951804E-1,8.030312538E0,8.681930674E0
9.795077713E0,7.322037220E-1,-6.269195080E-1,1.252403355E1,1.256107347E1
9.797453234E0,3.139383316E0,-3.349951804E-1,7.944170952E0,8.548555521E0
9.799828807E0,-5.010570526E0,6.699903309E-2,1.081555843E1,1.192000881E1
9.802204327E0,5.168497086E0,-4.881358147E-1,9.475577354E0,1.080454557E1
9.804579848E0,-5.091926575E0,-5.264209956E-2,9.351150513E0,1.064774640E1
9.806955421E0,3.814159393E0,-3.541377485E-1,1.197368431E1,1.257148923E1
9.809330942E0,-1.674975872E0,-9.571290575E-3,7.446464062E0,7.632526633E0
9.811706515E0,-2.287538528E0,-9.571290761E-2,1.197368431E1,1.219061563E1
9.814082036E0,4.259224415E0,-7.657032609E-1,8.398807526E0,9.448135369E0
9.816457557E0,-5.125426292E0,-2.584248483E-1,1.053320503E1,1.171687613E1
9.818833077E0,5.082355499E0,-2.919243574E-1,1.043749237E1,1.161278624E1
9.821208650E0,-5.359922886E0,3.828516304E-1,8.121239662E0,9.738063584E0
9.823584171E0,1.861616015E0,-5.264210105E-1,1.232782269E1,1.247869967E1
9.825959744E0,5.312066078E-1,-4.307080805E-1,8.015955925E0,8.045075469E0
9.828335265E0,-3.139383316E0,-3.589234054E-1,1.143769264E1,1.186614371E1
9.830710786E0,4.656432629E0,-4.115654826E-1,8.767302513E0,9.935660236E0
9.833086359E0,-6.250052929E0,-5.264209956E-2,9.815358162E0,1.163645946E1
9.835461880E0,5.024927616E0,-4.163511395E-1,1.130369377E1,1.237726701E1
9.837837400E0,-3.737588882E0,1.483550072E-1,8.092526436E0,8.915187265E0
9.840212973E0,1.196411327E-1,-1.962114573E-1,1.215075302E1,1.215292606E1
9.842588494E0,1.560120344E0,-7.609176040E-1,7.762316704E0,7.954026131E0
9.844964015E0,-3.751945972E0,-4.881358147E-1,1.159083271E1,1.219273464E1
9.847339588E0,5.680561066E0,-3.972085714E-1,9.547362328E0,1.111659463E1
9.849715109E0,-6.044270039E0,4.594219327E-1,8.930013657E0,1.079302612E1
9.852090630E0,3.364308596E0,-3.014956415E-1,1.159083271E1,1.207298119E1
9.854466202E0,-2.009970903E0,-6.221339107E-1,8.173882484E0,8.440342914E0
9.856841723E0,-2.153540403E-1,-4.498506486E-1,1.232303619E1,1.233312467E1
9.859217296E0,3.340380430E0,-3.589234054E-1,8.020741463E0,8.695933592E0
9.861592817E0,-5.541777134E0,-2.009970993E-1,1.066720295E1,1.202251689E1
9.863968338E0,5.685346603E0,-7.226324677E-1,1.031785107E1,1.180268674E1
9.866343911E0,-4.599005222E0,1.579262912E-1,8.992227554E0,1.010128438E1
9.868719432E0,2.900100946E0,-3.589234054E-1,1.189711380E1,1.225074399E1
9.871094952E0,-1.081555843E0,-3.541377485E-1,7.580461979E0,7.665414562E0
9.873470525E0,-2.120040894E0,-8.279166222E-1,1.192582798E1,1.214106224E1
9.875846046E0,5.288137913E0,-5.455635786E-1,9.188439369E0,1.061552920E1
9.878221567E0,-5.292923450E0,1.435693540E-2,1.016471100E1,1.146021791E1
9.880597140E0,4.709074974E0,-1.339980662E-1,1.037527943E1,1.139472535E1
9.882972661E0,-4.622933388E0,-1.962114573E-1,8.360522270E0,9.555539999E0
9.885348182E0,2.493321180E0,-8.279166222E-1,1.264846039E1,1.291842276E1
9.887723755E0,1.071984529E0,-4.546363056E-1,7.767102242E0,7.853898537E0
9.890099275E0,-3.646661758E0,-1.435693651E-1,1.151904774E1,1.208334453E1
9.892474848E0,5.101497650E0,-6.125625968E-1,8.853444099E0,1.023640482E1
9.894850369E0,-5.326423168E0,-2.392822653E-1,1.003071213E1,1.135971943E1
9.897225890E0,4.747360229E0,-3.876372576E-1,1.137069321E1,1.232803130E1
9.899601463E0,-3.330809116E0,1.339980662E-1,7.881958008E0,8.557891498E0
9.901976984E0,-1.339980662E-1,-4.929214716E-1,1.216032505E1,1.217104894E1
9.904352505E0,2.550748825E0,-8.327022791E-1,8.178668022E0,8.607573600E0
9.906728025E0,-3.842873096E0,-2.584248483E-1,1.135633659E1,1.199169871E1
9.909103598E0,5.249852657E0,-3.397808075E-1,9.394221306E0,1.076697719E1
9.911479119E0,-6.226124287E0,2.009970993E-1,9.001798630E0,1.094702709E1
9.913854692E0,3.828516245E0,-7.130611539E-1,1.201196957E1,1.262748612E1
9.916230213E0,-1.622333765E0,-2.823530734E-1,8.245666504E0,8.408490126E0
9.918605734E0,-1.052842021E0,-2.584248483E-1,1.200239849E1,1.205125841E1
9.920981307E0,3.058027267E0,-2.919243574E-1,7.805387497E0,8.388135942E0
9.923356827E0,-5.374279499E0,-5.503492355E-1,1.071027374E1,1.199565455E1
9.925732400E0,5.852844238E0,-4.977070987E-1,1.061456108E1,1.213146343E1
9.928107921E0,-5.120640278E0,2.344966233E-1,8.580661774E0,9.995183940E0
9.930483442E0,2.215753794E0,-2.632105052E-1,1.200718403E1,1.221275206E1
9.932859015E0,-1.067198873E0,-6.604190469E-1,7.786244869E0,7.886740513E0
9.935234536E0,-1.684547186E0,-5.647061467E-1,1.225603771E1,1.238414521E1
9.937610057E0,4.694717884E0,-4.259224236E-1,8.480163574E0,9.702317258E0
9.939985630E0,-6.039484501E0,5.742774159E-2,1.014556789E1,1.180725281E1
9.942361150E0,4.666004181E0,-5.359922647E-1,1.055234814E1,1.155036510E1
9.944736671E0,-3.981656790E0,-2.344966233E-1,8.819944382E0,9.679875947E0
9.947112244E0,2.043470621E0,-4.067798555E-1,1.241396427E1,1.258760307E1
9.949487765E0,5.072783828E-1,-2.297109663E-1,7.470392227E0,7.491118642E0
9.951863286E0,-4.034298897E0,-3.254238665E-1,1.146162033E1,1.215525437E1
9.954238859E0,5.675775528E0,-8.757730722E-1,9.231510162E0,1.087208288E1
9.956614380E0,-5.312066078E0,-1.435693540E-2,9.887143135E0,1.122380735E1
9.958989900E0,4.340580463E0,-3.349951804E-1,1.104048347E1,1.186781934E1
9.961365473E0,-3.785445452E0,-1.292124242E-1,8.006384850E0,8.857115302E0
9.963740994E0,4.689932466E-1,-7.609176040E-1,1.248574829E1,1.251770189E1
9.966116567E0,2.718246460E0,-5.455635786E-1,8.173882484E0,8.631272114E0
9.968492088E0,-4.220939159E0,-2.632105052E-1,1.116969585E1,1.194352179E1
9.970867609E0,5.053641319E0,-3.302095234E-1,9.164510727E0,1.047074906E1
9.973243182E0,-5.828916073E0,-1.914258152E-1,9.140582085E0,1.084265407E1
9.975618702E0,4.302295208E0,-5.168496966E-1,1.214596748E1,1.289579016E1
9.977994223E0,-1.995614052E0,-1.244267747E-1,7.747959614E0,8.001802025E0
9.980369796E0,-1.450050473E0,-1.196411327E-1,1.214596748E1,1.223280371E1
9.982745317E0,3.297309637E0,-7.657032609E-1,7.853243828E0,8.551724443E0
9.985120838E0,-4.546362877E0,-5.886343718E-1,1.118883896E1,1.209156826E1
9.987496411E0,5.584847927E0,-3.972085714E-1,1.012642574E1,1.157120561E1
9.989871932E0,-5.527420521E0,4.402793646E-1,8.508877754E0,1.015614219E1
9.992247505E0,2.445464849E0,-2.727817893E-1,1.206461143E1,1.231298328E1
9.994623025E0,-5.886343718E-1,-6.843472719E-1,7.925028801E0,7.976271253E0
9.996998546E0,-1.732403636E0,-5.072783828E-1,1.194018459E1,1.207586692E1
9.999374119E0,4.398007870E0,-3.732803464E-1,8.413164139E0,9.500691673E0
1.000174964E1,-6.068198204E0,2.871387079E-2,1.010728264E1,1.178902101E1
1.000412516E1,5.197210789E0,-5.216353536E-1,1.069113159E1,1.189888222E1
1.000650073E1,-3.976871252E0,1.722832322E-1,8.614161491E0,9.489413294E0
1.000887626E1,1.679761529E0,-3.684946895E-1,1.207896900E1,1.220077372E1
1.001125178E1,1.866401732E-1,-5.168496966E-1,7.570890903E0,7.590807417E0
1.001362735E1,-3.196810961E0,-5.024927258E-1,1.172004509E1,1.215860009E1
1.001600287E1,5.627918720E0,-4.402793646E-1,9.202795982E0,1.079623865E1
1.001837839E1,-5.685346603E0,1.483550072E-1,9.571290970E0,1.113349837E1
1.002075396E1,3.986442566E0,-1.818545163E-1,1.079162979E1,1.150582761E1
1.002312948E1,-3.737588882E0,-4.498506486E-1,8.173882484E0,8.999127243E0
1.002550506E1,1.469193101E0,-5.168496966E-1,1.279681587E1,1.289124348E1
1.002788058E1,1.852044702E0,-3.397808075E-1,7.456035137E0,7.690122271E0
1.003025610E1,-4.666004181E0,-2.392822690E-2,1.120798111E1,1.214046985E1
1.003263167E1,5.292923450E0,-5.551348329E-1,9.183652878E0,1.061426839E1
1.003500719E1,-5.230710506E0,-2.057827413E-1,9.580862045E0,1.091767358E1
1.003738266E1,4.240081787E0,-3.876372576E-1,1.171525955E1,1.246498546E1
1.003975829E1,-2.813959360E0,1.052841991E-1,7.652246952E0,8.153915345E0
1.004213381E1,-1.004985452E0,-2.679961324E-1,1.210768223E1,1.215227496E1
1.004450938E1,3.474378586E0,-7.992027402E-1,8.169096947E0,8.913146274E0
1.004688490E1,-4.484149456E0,-3.541377485E-1,1.103091240E1,1.191276787E1
1.004926042E1,5.268995285E0,-2.727817893E-1,9.609575272E0,1.096269393E1
1.005163594E1,-5.962913990E0,3.397808075E-1,8.590232849E0,1.046249945E1
1.005401152E1,3.354737282E0,-6.508477330E-1,1.223210907E1,1.270048650E1
1.005638704E1,-8.901300430E-1,-3.110669553E-1,7.996813297E0,8.052211936E0
1.005876261E1,-1.847259045E0,-3.302095234E-1,1.181097221E1,1.195911656E1
1.006113813E1,3.876372576E0,-4.642075896E-1,8.126026154E0,9.015212370E0
1.006351365E1,-5.513063431E0,-3.302095234E-1,1.057627583E1,1.193149266E1
1.006588922E1,5.642275810E0,-3.110669553E-1,1.054756260E1,1.196591475E1
1.006826474E1,-4.761716843E0,3.876372576E-1,8.465806961E0,9.720807448E0
1.007064026E1,1.832902193E0,-7.178468257E-2,1.206939697E1,1.220799028E1
1.007301584E1,-3.110669553E-1,-6.747759581E-1,7.489534855E0,7.526301720E0
1.007539136E1,-2.115255117E0,-5.407779217E-1,1.210768223E1,1.230295549E1
1.007776688E1,5.091926575E0,-4.498506486E-1,8.676374435E0,1.007023114E1
1.008014245E1,-5.967699528E0,2.440679073E-1,9.824930191E0,1.149792416E1
1.008251797E1,4.546362877E0,-2.679961324E-1,1.073898792E1,1.166478028E1
1.008489355E1,-3.651447296E0,-1.866401732E-1,8.484949112E0,9.239170057E0
1.008726907E1,1.727617979E0,-3.972085714E-1,1.237089348E1,1.249725746E1
1.008964459E1,1.000199914E0,-2.201396823E-1,7.475177765E0,7.545007884E0
1.009202016E1,-4.134797573E0,-3.541377485E-1,1.143290615E1,1.216278371E1
1.009439568E1,5.852844238E0,-7.082754970E-1,9.355937004E0,1.105852599E1
1.009677120E1,-5.254638672E0,1.962114573E-1,9.662218094E0,1.100037204E1
1.009914678E1,4.086941242E0,-1.004985496E-1,1.104048347E1,1.177308218E1
1.010152230E1,-3.565305710E0,-1.483550072E-1,7.867600918E0,8.639013729E0
1.010389782E1,4.785645306E-1,-7.034898400E-1,1.256231880E1,1.259109906E1
1.010627339E1,2.986242771E0,-4.211367965E-1,8.183453560E0,8.721462851E0
1.010864891E1,-4.331008911E0,-1.148554832E-1,1.103091240E1,1.185123868E1
1.011102448E1,5.067998409E0,-1.866401732E-1,9.183652878E0,1.049089713E1
1.011340000E1,-5.714060307E0,-1.339980662E-1,9.087940216E0,1.073587901E1
1.011577552E1,4.383651257E0,-4.450650215E-1,1.218425274E1,1.295648471E1
1.011815110E1,-2.057827473E0,-5.264209956E-2,7.776673794E0,8.044506224E0
1.012052662E1,-1.387837172E0,-1.483550072E-1,1.192104244E1,1.200247283E1
1.012290214E1,3.316452265E0,-7.178468108E-1,7.968099594E0,8.660529476E0
1.012527771E1,-4.469792843E0,-3.732803464E-1,1.129890823E1,1.215663249E1
1.012765323E1,5.508277893E0,-3.732803464E-1,9.801001549E0,1.124900417E1
1.013002881E1,-5.651846886E0,4.402793646E-1,8.470592499E0,1.019255397E1
1.013240433E1,2.512463808E0,-3.876372576E-1,1.207418346E1,1.233890771E1
1.013477985E1,-6.269195080E-1,-8.279166222E-1,7.929814339E0,7.997526458E0
1.013715542E1,-1.488335729E0,-3.397808075E-1,1.212682533E1,1.222254012E1
1.013953094E1,4.019941807E0,-2.488535494E-1,8.082955360E0,9.030837590E0
1.014190646E1,-6.178267956E0,9.571290761E-2,1.029870892E1,1.201014410E1
1.014428204E1,5.388636589E0,-6.317051649E-1,1.058584690E1,1.189523477E1
1.014665756E1,-4.201796532E0,-4.785645381E-2,8.504091263E0,9.485618195E0
1.014903308E1,1.909472466E0,-4.211367965E-1,1.227039433E1,1.242521703E1
1.015140865E1,-7.178468257E-2,-4.402793646E-1,7.465606689E0,7.478922529E0
1.015378417E1,-3.144168854E0,-4.737788737E-1,1.177747345E1,1.219914526E1
1.015615969E1,5.556134224E0,-4.785645306E-1,9.164510727E0,1.072790326E1
1.015853527E1,-5.627918720E0,7.657032460E-2,9.619147301E0,1.114483409E1
1.016091079E1,4.187439442E0,-2.440679073E-1,1.077248764E1,1.156030744E1
1.016328636E1,-3.785445452E0,-3.302095234E-1,8.169096947E0,9.009593805E0
1.016566188E1,1.617548108E0,-5.120640397E-1,1.276810169E1,1.288033743E1
1.016803740E1,1.703689694E0,-3.110669553E-1,7.494320393E0,7.691824190E0
1.017041297E1,-4.393222332E0,-3.828516230E-2,1.135633659E1,1.217654504E1
1.017278849E1,5.441278458E0,-6.029912829E-1,9.006584167E0,1.053990835E1
1.017516402E1,-5.201996326E0,-2.201396823E-1,9.700503349E0,1.100949556E1
1.017753959E1,4.412364960E0,-4.546363056E-1,1.163390350E1,1.245083810E1
1.017991511E1,-2.761317253E0,8.135596663E-2,7.690532207E0,8.171644718E0
1.018229063E1,-7.513462901E-1,-4.067798555E-1,1.215553856E1,1.218552866E1
1.018466620E1,3.613162279E0,-8.662018180E-1,8.317451477E0,9.109623830E0
1.018704172E1,-4.211368084E0,-1.962114573E-1,1.116491032E1,1.193437650E1
1.018941724E1,5.316852093E0,-2.584248483E-1,9.466006279E0,1.086006328E1
1.019179282E1,-5.938985825E0,1.674975902E-1,8.729017258E0,1.055913587E1
1.019416834E1,3.589233875E0,-7.369893789E-1,1.238525009E1,1.291588839E1
1.019654386E1,-7.082754970E-1,-3.397808075E-1,7.877171993E0,7.916245561E0
1.019891943E1,-1.651047587E0,-2.105683982E-1,1.197368431E1,1.208881355E1
1.020129495E1,3.761517286E0,-4.163511395E-1,8.006384850E0,8.855764164E0
1.020367053E1,-5.402993679E0,-4.881358147E-1,1.062413216E1,1.192907378E1
1.020604605E1,5.857629776E0,-4.977070987E-1,1.073898792E1,1.224276932E1
1.020842157E1,-4.694717884E0,3.062812984E-1,8.432307243E0,9.655982068E0
1.021079714E1,1.804188251E0,-1.722832322E-1,1.213639641E1,1.227097773E1
1.021317266E1,-2.775674164E-1,-8.709874153E-1,7.613961697E0,7.668642348E0
1.021554818E1,-2.172683001E0,-4.977070987E-1,1.216032505E1,1.236291912E1
1.021792376E1,4.991427898E0,-4.881358147E-1,8.662017822E0,1.000915490E1
1.022029928E1,-6.125626087E0,1.244267747E-1,9.868000984E0,1.161534418E1
1.022267485E1,4.441078663E0,-3.302095234E-1,1.075334454E1,1.163901356E1
1.022505037E1,-3.661018610E0,-2.488535494E-1,8.561519623E0,9.314751935E0
1.022742589E1,1.507478237E0,-4.833501875E-1,1.253839111E1,1.263793376E1
1.022980146E1,9.667003751E-1,-2.632105052E-1,7.432106972E0,7.499333532E0
1.023217698E1,-4.354937077E0,-3.206382394E-1,1.134197903E1,1.215354985E1
1.023455250E1,5.790630817E0,-7.848458290E-1,9.518648148E0,1.116924576E1
1.023692808E1,-5.479563713E0,1.770688742E-1,9.614361763E0,1.106765214E1
1.023930360E1,3.976871252E0,-1.292124242E-1,1.108833981E1,1.178064007E1
1.024167912E1,-3.594019651E0,-1.770688742E-1,7.853243828E0,8.638389275E0
1.024405469E1,2.249253243E-1,-6.556333899E-1,1.257667542E1,1.259576163E1
1.024643021E1,3.072384357E0,-4.689932466E-1,8.226524353E0,8.794043623E0
1.024880573E1,-4.536791801E0,-1.435693651E-1,1.092562866E1,1.183099546E1
1.025118131E1,5.010570526E0,-3.206382394E-1,9.442078590E0,1.069399242E1
1.025355678E1,-5.670989513E0,-1.531406492E-1,9.035298347E0,1.066865457E1
1.025593240E1,4.302295208E0,-4.498506486E-1,1.224168110E1,1.298348435E1
1.025830792E1,-1.837687731E0,-1.004985496E-1,7.795815945E0,8.010115005E0
1.026068344E1,-1.526620865E0,-1.866401732E-1,1.197368431E1,1.207205541E1
1.026305902E1,3.646661758E0,-8.470591903E-1,8.049455643E0,8.877465145E0
1.026543454E1,-4.364508629E0,-3.062812984E-1,1.128933716E1,1.210751326E1
1.026781006E1,5.556134224E0,-3.972085714E-1,9.901499748E0,1.136081421E1
1.027018563E1,-5.498706341E0,3.732803464E-1,8.461020470E0,1.009772138E1
1.027256115E1,2.526820660E0,-4.785645306E-1,1.227996540E1,1.254636987E1
1.027493672E1,-1.244267747E-1,-7.130611539E-1,7.958528042E0,7.991377029E0
1.027731224E1,-1.641476393E0,-3.732803464E-1,1.211246777E1,1.222888623E1
1.027968776E1,4.273581028E0,-5.694918036E-1,8.111668587E0,9.186238783E0
1.028206334E1,-5.795416355E0,3.110669553E-1,1.063370419E1,1.211442438E1
1.028443886E1,5.407779217E0,-6.221339107E-1,1.034177971E1,1.168689583E1
1.028681438E1,-4.048655987E0,1.339980662E-1,8.585447311E0,9.493127847E0
1.028918995E1,1.746760488E0,-6.173482537E-1,1.231346512E1,1.245205663E1
1.029156547E1,4.594219327E-1,-6.508477330E-1,7.470392227E0,7.512751248E0
1.029394099E1,-3.215953588E0,-4.307080805E-1,1.186840057E1,1.230393429E1
1.029631657E1,5.733202934E0,-5.264210105E-1,9.279366493E0,1.092031948E1
1.029869209E1,-5.785845280E0,1.914258152E-1,9.513862610E0,1.113670648E1
1.030106766E1,4.082155228E0,-4.402793646E-1,1.094955635E1,1.169404214E1
1.030344318E1,-3.297309637E0,-6.412764788E-1,8.250452042E0,8.908055077E0
1.030581870E1,1.048056364E0,-4.785645306E-1,1.286381435E1,1.291530743E1
1.030819428E1,2.249253273E0,-3.349951804E-1,7.599604607E0,7.932550172E0
1.031056980E1,-5.039284706E0,2.392822690E-2,1.120319557E1,1.228440287E1
1.031294532E1,5.450850010E0,-5.647061467E-1,9.394221306E0,1.087575528E1
1.031532089E1,-5.417350292E0,-2.919243574E-1,9.351150513E0,1.081096295E1
1.031769641E1,3.833301783E0,-5.982056856E-1,1.199282742E1,1.260475950E1
1.032007193E1,-2.120040894E0,-2.009970993E-1,7.513463020E0,7.809423780E0
1.032244751E1,-2.019542217E0,-3.445664644E-1,1.216989613E1,1.234113644E1
1.032482302E1,4.264009953E0,-8.279166222E-1,8.542376518E0,9.583288756E0
1.032719860E1,-5.187639713E0,-2.153540403E-1,1.064327526E1,1.184218271E1
1.032957412E1,4.919643402E0,-3.158525825E-1,1.002592659E1,1.117237030E1
1.033194964E1,-5.666203976E0,-8.135596663E-2,8.403593063E0,1.013572211E1
1.033432521E1,2.617748022E0,-7.322037220E-1,1.272503090E1,1.301211506E1
1.033670073E1,1.818545163E-1,-3.684946895E-1,7.709674358E0,7.720617729E0
1.033907626E1,-3.192025423E0,-1.483550072E-1,1.164826107E1,1.207861836E1
1.034145183E1,4.570291042E0,-5.551348329E-1,8.518448830E0,9.682959535E0
1.034382735E1,-6.015556335E0,-3.349951804E-1,1.006421185E1,1.172976981E1
1.034620287E1,5.268995285E0,-5.407779217E-1,1.137547874E1,1.254815798E1
1.034857844E1,-3.775874138E0,1.292124242E-1,8.059026718E0,8.900664750E0
1.035095396E1,2.201396823E-1,-6.699903309E-2,1.224646664E1,1.224862831E1
1.035332954E1,1.607976794E0,-8.374879360E-1,7.556533813E0,7.770983122E0
1.035570506E1,-3.661018610E0,-4.163511395E-1,1.174397373E1,1.230842494E1
1.035808058E1,5.781059742E0,-5.120640397E-1,9.408578873E0,1.105460165E1
1.036045615E1,-6.173482418E0,4.211367965E-1,8.925228119E0,1.086042993E1
1.036283167E1,3.546163082E0,-4.211367965E-1,1.178225899E1,1.231154969E1
1.036520719E1,-1.612762451E0,-4.881358147E-1,8.121239662E0,8.294203575E0
1.036758271E1,-4.977070987E-1,-3.014956415E-1,1.215553856E1,1.216945889E1
1.036995829E1,3.527020693E0,-2.488535494E-1,7.795815945E0,8.560172270E0
1.037233381E1,-5.752345562E0,-1.531406492E-1,1.042313576E1,1.190607788E1
1.037470938E1,6.063412666E0,-6.891329288E-1,1.059541893E1,1.222713293E1
1.037708490E1,-4.455435753E0,3.062812984E-1,8.652446747E0,9.737019600E0
1.037946047E1,2.507678032E0,-7.657032460E-2,1.201196957E1,1.227117456E1
1.038183594E1,-9.523434043E-1,-5.503492355E-1,7.331608772E0,7.413658303E0
1.038421152E1,-2.196611166E0,-5.407779217E-1,1.225125217E1,1.245835949E1
1.038658709E1,5.565705299E0,-4.689932466E-1,8.997013092E0,1.058977218E1
1.038896261E1,-5.728417397E0,2.919243574E-1,9.729216576E0,1.129414188E1
1.039133813E1,4.378865242E0,-3.828516230E-2,1.069113159E1,1.155319096E1
1.039371370E1,-4.130012035E0,-4.115654826E-1,8.116454124E0,9.116096375E0
1.039608922E1,2.081755638E0,-5.168496966E-1,1.282552910E1,1.300365475E1
1.039846474E1,1.473978758E0,-3.062812984E-1,7.489534855E0,7.639342508E0
1.040084032E1,-4.565505505E0,1.244267747E-1,1.121755219E1,1.211168029E1
1.040321584E1,5.359922886E0,-6.173482537E-1,9.288937569E0,1.074217172E1
1.040559141E1,-5.345565796E0,8.135596663E-2,9.595218658E0,1.098407545E1
1.040796693E1,4.249652863E0,-4.259224236E-1,1.148076344E1,1.224944441E1
1.041034245E1,-2.880958557E0,-1.148554832E-1,7.680960655E0,8.204283672E0
1.041271802E1,-1.091127157E0,-4.115654826E-1,1.220818138E1,1.226375298E1
1.041509355E1,3.756731510E0,-6.364908218E-1,8.461020470E0,9.279386811E0
1.041746907E1,-4.723432064E0,-5.264209956E-2,1.070548820E1,1.170132725E1
1.041984464E1,5.000999451E0,-7.657032460E-2,9.681360245E0,1.089699934E1
1.042222016E1,-5.972485542E0,1.004985496E-1,8.508877754E0,1.039623413E1
1.042459573E1,3.493520975E0,-6.987041831E-1,1.261017513E1,1.310379309E1
1.042697120E1,-5.072783828E-1,-2.488535494E-1,7.671389580E0,7.692169884E0
1.042934678E1,-2.483749866E0,9.571290575E-3,1.180618668E1,1.206462386E1
1.043172235E1,4.144368649E0,-4.977070987E-1,8.188239098E0,9.190797755E0
1.043409787E1,-5.723631859E0,-2.919243574E-1,1.029392338E1,1.178176727E1
1.043647339E1,5.556134224E0,-4.450650215E-1,1.096391296E1,1.229943486E1
1.043884896E1,-4.388436794E0,2.871387303E-1,8.140382767E0,9.252386597E0
1.044122448E1,8.757730722E-1,-1.674975902E-1,1.207418346E1,1.210706159E1
1.044360000E1,7.513462901E-1,-9.332008362E-1,7.585247993E0,7.679282009E0
1.044597558E1,-2.995813847E0,-2.392822653E-1,1.202632618E1,1.239615577E1
1.044835110E1,5.469992638E0,-3.876372576E-1,8.863015175E0,1.042228958E1
1.045072667E1,-6.565905571E0,5.216353536E-1,9.107083321E0,1.123931430E1
1.045310219E1,3.972085476E0,-5.838487148E-1,1.151426220E1,1.219412056E1
1.045547771E1,-2.325823545E0,-4.354937077E-1,8.317451477E0,8.647491486E0
1.045785329E1,1.292124242E-1,-3.349951804E-1,1.222732353E1,1.223259410E1
1.046022881E1,2.541177750E0,-2.488535494E-1,7.618747234E0,8.035223822E0
1.046260433E1,-5.603990555E0,-1.483550072E-1,1.095434189E1,1.230545918E1
1.046497990E1,6.120840549E0,-8.231309652E-1,1.026520920E1,1.197984781E1
1.046735542E1,-4.996213913E0,2.488535494E-1,8.901300430E0,1.021064302E1
1.046973094E1,2.957528830E0,-1.244267747E-1,1.176311588E1,1.212985384E1
1.047210652E1,-1.847259045E0,-5.694918036E-1,7.360322475E0,7.609929949E0
1.047448204E1,-1.655833244E0,-6.269195080E-1,1.244746304E1,1.257275419E1
1.047685761E1,5.134997368E0,-5.216353536E-1,8.719446182E0,1.013257337E1
1.047923313E1,-5.781059742E0,2.153540403E-1,9.877572060E0,1.144698471E1
1.048160865E1,4.488935471E0,-3.062812984E-1,1.058584690E1,1.150236952E1
1.048398422E1,-4.436293125E0,-3.589234054E-1,8.432307243E0,9.534848093E0
1.048635974E1,2.565105915E0,-5.742774606E-1,1.277767277E1,1.304524758E1
1.048873526E1,7.226324677E-1,-3.397808075E-1,7.365108013E0,7.408270022E0
1.049111084E1,-4.383651257E0,-2.392822690E-2,1.143769264E1,1.224899114E1
1.049348636E1,5.388636589E0,-9.954141974E-1,9.317651749E0,1.080957390E1
1.049586188E1,-5.283352375E0,1.770688742E-1,9.872786522E0,1.119897671E1
1.049823745E1,4.383651257E0,-3.206382394E-1,1.125583744E1,1.208358737E1
1.050061297E1,-3.550948858E0,9.571290761E-2,7.728816986E0,8.506057298E0
1.050298855E1,-7.178468108E-1,-5.407779217E-1,1.234696484E1,1.237963188E1
1.050536407E1,3.455235958E0,-8.231309652E-1,8.350951195E0,9.074942753E0
1.050773959E1,-4.632504463E0,-1.866401732E-1,1.098784161E1,1.192592115E1
1.051011516E1,5.077569485E0,-3.254238665E-1,9.748359680E0,1.099627796E1
1.051249068E1,-6.178267956E0,1.196411327E-1,8.532805443E0,1.053537269E1
1.051486620E1,3.527020693E0,-7.513462901E-1,1.264846039E1,1.315248822E1
1.051724172E1,-6.987041831E-1,-2.727817893E-1,7.618747234E0,7.655580113E0
1.051961730E1,-2.464607239E0,2.392822690E-2,1.181575775E1,1.207008669E1
1.052199287E1,4.082155228E0,-5.312066078E-1,8.202595711E0,9.177622141E0
1.052436839E1,-5.666203976E0,-2.440679073E-1,1.041835022E1,1.186201745E1
1.052674391E1,5.508277893E0,-4.594219327E-1,1.085384369E1,1.218023467E1
1.052911948E1,-4.436293125E0,2.823530734E-1,8.145168304E0,9.279234163E0
1.053149500E1,9.810572863E-1,-4.115654826E-1,1.223689461E1,1.228305537E1
1.053387053E1,9.954141974E-1,-8.135597110E-1,7.743174076E0,7.849170249E0
1.053624610E1,-2.952743053E0,-2.009970993E-1,1.188275719E1,1.224577518E1
1.053862162E1,5.364708424E0,-3.206382394E-1,8.958727837E0,1.044709097E1
1.054099714E1,-6.398407936E0,4.019941986E-1,9.140582085E0,1.116474202E1
1.054337271E1,4.240081787E0,-7.369893789E-1,1.159561825E1,1.236850070E1
1.054574823E1,-2.239681959E0,-1.579262912E-1,8.427521706E0,8.721481416E0
1.054812381E1,2.057827413E-1,-4.307080805E-1,1.208854008E1,1.209796087E1
1.055049933E1,2.469393015E0,-1.339980662E-1,7.594819069E0,7.987310814E0
1.055287485E1,-5.187639713E0,-1.483550072E-1,1.103569794E1,1.219509098E1
1.055525042E1,6.187839508E0,-7.896314859E-1,9.987641335E0,1.177564670E1
1.055762594E1,-4.957928658E0,2.775674164E-1,8.886942863E0,1.018016963E1
1.056000146E1,3.048455954E0,-1.962114573E-1,1.183968639E1,1.222741823E1
1.056237704E1,-1.665404558E0,-4.977070987E-1,7.451249599E0,7.651300889E0
1.056475256E1,-1.316052437E0,-6.125625968E-1,1.252881908E1,1.261263393E1
1.056712813E1,4.871787071E0,-4.211367965E-1,8.523234367E0,9.826351792E0
1.056950365E1,-5.589633465E0,1.244267747E-1,1.019820976E1,1.163026082E1
1.057187917E1,4.685146809E0,-3.589234054E-1,1.019820976E1,1.122866461E1
1.057425474E1,-4.474578381E0,-2.392822653E-1,8.647661209E0,9.739668992E0
1.057663026E1,2.804388046E0,-5.551348329E-1,1.254796219E1,1.286950357E1
1.057900579E1,1.722832322E-1,-3.110669553E-1,7.494320393E0,7.502751649E0
1.058138136E1,-3.809373617E0,-2.297109663E-1,1.160997581E1,1.222111423E1
1.058375688E1,5.316852093E0,-8.997012973E-1,9.092725754E0,1.057147295E1
1.058613245E1,-5.230710506E0,3.828516230E-2,1.004985523E1,1.132966850E1
1.058850797E1,4.479363918E0,-3.972085714E-1,1.091127110E1,1.180162331E1
1.059088349E1,-4.082155228E0,4.307080805E-2,7.934599876E0,8.923212515E0
1.059325907E1,3.397808075E-1,-8.470591903E-1,1.246660614E1,1.249996916E1
1.059563459E1,2.665604353E0,-5.742774606E-1,8.245666504E0,8.684829144E0
1.059801011E1,-4.139583111E0,-1.962114573E-1,1.114576817E1,1.189129073E1
1.060038568E1,5.020142078E0,-2.775674164E-1,9.265008926E0,1.054131209E1
1.060276120E1,-6.345765591E0,-4.785645287E-3,8.953942299E0,1.097460006E1
1.060513672E1,4.426722050E0,-8.422735929E-1,1.225603771E1,1.305816807E1
1.060751230E1,-1.756331801E0,-2.632105052E-1,7.963313580E0,8.158942599E0
1.060988782E1,-1.287338614E0,-1.627119333E-1,1.203111267E1,1.210088377E1
1.061226339E1,3.067598581E0,-5.742774606E-1,7.805387497E0,8.406189960E0
1.061463891E1,-4.986642361E0,-3.972085714E-1,1.111226845E1,1.218634017E1
1.061701443E1,5.838487148E0,-5.551348329E-1,1.026520920E1,1.182246280E1
1.061939001E1,-5.225924492E0,3.110669553E-1,8.293522835E0,9.807628177E0
1.062176552E1,2.268395901E0,-3.349951804E-1,1.231825066E1,1.252985000E1
1.062414110E1,-4.929214716E-1,-6.747759581E-1,7.518248558E0,7.564545958E0
1.062651662E1,-1.756331801E0,-3.302095234E-1,1.217468166E1,1.230514581E1
1.062889214E1,4.723432064E0,-4.689932466E-1,8.480163574E0,9.718227172E0
1.063126771E1,-6.173482418E0,8.614161611E-2,9.954142570E0,1.171342221E1
1.063364323E1,5.096712112E0,-6.221339107E-1,1.089691448E1,1.204600640E1
1.063601876E1,-3.531806231E0,8.614161611E-2,8.604590416E0,9.301615551E0
1.063839433E1,1.679761529E0,-3.158525825E-1,1.205504036E1,1.217560511E1
1.064076985E1,5.982056856E-1,-3.397808075E-1,7.412964344E0,7.444819770E0
1.064314537E1,-3.761517286E0,-6.556333899E-1,1.163390350E1,1.224445091E1
1.064552094E1,6.163911343E0,-5.551348329E-1,9.542576790E0,1.137377464E1
1.064789646E1,-5.527420521E0,2.632105052E-1,9.394221306E0,1.090289188E1
1.065027204E1,4.029513359E0,1.387837082E-1,1.121755219E1,1.192013909E1
1.065264756E1,-3.632304668E0,-8.135596663E-2,7.795815945E0,8.600872179E0
1.065502308E1,8.853443861E-1,-9.188438654E-1,1.239003563E1,1.245556469E1
1.065739865E1,2.952743053E0,-5.264210105E-1,8.097311974E0,8.634944807E0
1.065977417E1,-4.694717884E0,3.828516230E-2,1.094477081E1,1.190923381E1
1.066214969E1,5.206781864E0,-2.775674164E-1,9.384650230E0,1.073588753E1
1.066452526E1,-5.474778175E0,4.785645287E-3,9.174081802E0,1.068349175E1
1.066690079E1,4.106083870E0,-5.312066078E-1,1.209332561E1,1.278243442E1
1.066927631E1,-1.655833244E0,-2.201396823E-1,7.566105366E0,7.748302757E0
1.067165188E1,-1.971685886E0,-3.254238665E-1,1.206939697E1,1.223371527E1
1.067402740E1,4.335794449E0,-7.178468108E-1,8.384450912E0,9.466437273E0
1.067640297E1,-4.819144726E0,3.828516230E-2,1.070548820E1,1.174023421E1
1.067877849E1,5.091926575E0,-2.775674164E-1,1.002114105E1,1.124402187E1
1.068115402E1,-5.331208706E0,1.339980662E-1,8.274380684E0,9.844039692E0
1.068352959E1,2.364108801E0,-8.039883971E-1,1.255753326E1,1.280339992E1
1.068590511E1,6.269195080E-1,-4.737788737E-1,8.068597794E0,8.106772776E0
1.068828063E1,-2.746960402E0,-2.344966233E-1,1.161954689E1,1.194213758E1
1.069065620E1,4.527220249E0,-2.967100143E-1,8.484949112E0,9.621752514E0
1.069303172E1,-6.135197163E0,-2.297109663E-1,9.982855797E0,1.171967667E1
1.069540730E1,5.536991596E0,-6.843472719E-1,1.130369377E1,1.260555830E1
1.069778282E1,-3.622733593E0,8.135596663E-2,8.193024635E0,8.958597555E0
1.070015834E1,7.034898400E-1,-1.722832322E-1,1.224168110E1,1.226308834E1
1.070253391E1,1.052842021E0,-6.317051649E-1,7.422535896E0,7.523401283E0
1.070490943E1,-3.531806231E0,-6.029912829E-1,1.185882950E1,1.238826424E1
1.070728495E1,5.967699528E0,-5.216353536E-1,9.509077072E0,1.123868711E1
1.070966052E1,-5.919843197E0,3.732803464E-1,8.963513374E0,1.074841633E1
1.071203605E1,3.517449379E0,-3.589234054E-1,1.149990559E1,1.203117221E1
1.071441162E1,-2.388036966E0,-4.833501875E-1,8.102097511E0,8.460516062E0
1.071678714E1,2.584248483E-1,-4.737788737E-1,1.234696484E1,1.235875360E1
1.071916266E1,2.986242771E0,-3.972085714E-1,7.781459332E0,8.344251306E0
1.072153823E1,-5.584847927E0,-8.135596663E-2,1.087777138E1,1.222796203E1
1.072391376E1,5.771488190E0,-7.561319470E-1,1.004028416E1,1.160556407E1
1.072628928E1,-4.785645485E0,2.584248483E-1,9.068798065E0,1.025730396E1
1.072866485E1,3.134597778E0,-3.014956415E-1,1.184925747E1,1.226056709E1
1.073104037E1,-1.607976794E0,-2.823530734E-1,7.379465103E0,7.557897713E0
1.073341594E1,-2.081755638E0,-6.699903607E-1,1.214596748E1,1.234127707E1
1.073579146E1,5.168497086E0,-4.833501875E-1,8.901300430E0,1.030437474E1
1.073816698E1,-5.355136871E0,1.100698411E-1,1.009292603E1,1.142614380E1
1.074054256E1,4.618147850E0,-8.614161611E-2,1.017428207E1,1.117366214E1
1.074291808E1,-5.020142078E0,-1.196411327E-1,8.317451477E0,9.715767574E0
1.074529360E1,2.746960402E0,-7.369893789E-1,1.283031464E1,1.314176238E1
1.074766917E1,7.369893789E-1,-2.727817893E-1,7.609176159E0,7.649648689E0
1.075004469E1,-3.589233875E0,5.264209956E-2,1.154297638E1,1.208824531E1
1.075241990E1,4.833501816E0,-4.881358147E-1,8.738588333E0,9.998196959E0
1.075479579E1,-5.594419479E0,-1.962114573E-1,1.007856941E1,1.152881562E1
1.075717131E1,4.991427898E0,-4.977070987E-1,1.122712421E1,1.229676311E1
1.075954688E1,-3.675375462E0,1.100698411E-1,7.977670670E0,8.784288785E0
1.076192240E1,-4.785645381E-2,-4.785645306E-1,1.220339584E1,1.221286962E1
1.076429792E1,2.383251429E0,-7.848458290E-1,8.073383331E0,8.454311844E0
1.076667349E1,-3.838087559E0,-2.201396823E-1,1.142812061E1,1.205741756E1
1.076904902E1,5.335994720E0,-3.684946895E-1,9.375079155E0,1.079355072E1
1.077142454E1,-6.369693756E0,3.254238665E-1,8.925228119E0,1.096989500E1
1.077380011E1,3.790230989E0,-8.087740541E-1,1.200718403E1,1.261714844E1
1.077617563E1,-1.450050473E0,-2.823530734E-1,8.293522835E0,8.424066159E0
1.077855120E1,-1.024128079E0,-3.302095234E-1,1.192104244E1,1.196950833E1
1.078092672E1,3.144168854E0,-3.924229145E-1,7.800601959E0,8.419571512E0
1.078330224E1,-5.584847927E0,-4.307080805E-1,1.086820030E1,1.222676628E1
1.078567782E1,6.082555294E0,-6.173482537E-1,1.055234814E1,1.219551758E1
1.078805334E1,-5.010570526E0,2.201396823E-1,8.523234367E0,9.889378270E0
1.079042886E1,2.143969059E0,-1.818545163E-1,1.205982590E1,1.225026837E1
1.079280443E1,-1.019342422E0,-7.465606928E-1,7.412964344E0,7.519870491E0
1.079517995E1,-1.966900229E0,-6.125625968E-1,1.237567902E1,1.254596989E1
1.079755552E1,5.149354458E0,-4.977070987E-1,8.724231720E0,1.014276998E1
1.079993105E1,-6.192625046E0,3.158525825E-1,9.810572624E0,1.160584779E1
1.080230657E1,4.359723091E0,-4.546363056E-1,1.063848972E1,1.150614372E1
1.080468214E1,-3.895515203E0,-3.349951804E-1,8.628518105E0,9.473045189E0
1.080705766E1,1.823330879E0,-4.689932466E-1,1.246660614E1,1.260796410E1
1.080943323E1,9.284151793E-1,-2.201396823E-1,7.537391186E0,7.597544479E0
1.081180876E1,-4.766502857E0,-1.387837082E-1,1.124148083E1,1.221104834E1
1.081418428E1,5.728417397E0,-8.279166222E-1,9.571290970E0,1.118525023E1
1.081655985E1,-5.407779217E0,2.632105052E-1,9.499505997E0,1.093407381E1
1.081893537E1,4.053441525E0,-1.962114573E-1,1.126540947E1,1.197406939E1
1.082131089E1,-3.464807272E0,-8.135596663E-2,7.690532207E0,8.435389372E0
1.082368646E1,-4.833501875E-1,-7.226324677E-1,1.237567902E1,1.240617815E1
1.082606198E1,3.708875179E0,-3.828516304E-1,8.551948547E0,9.329424121E0
1.082843756E1,-4.819144726E0,-9.571290575E-3,1.056670475E1,1.161376325E1
1.083081308E1,5.067998409E0,-4.785645287E-3,9.791430473E0,1.102527739E1
1.083318860E1,-5.776273727E0,3.349951804E-1,8.662017822E0,1.041672274E1
1.083556417E1,3.885943890E0,-5.886343718E-1,1.229910851E1,1.291182095E1
1.083793969E1,-9.284151793E-1,-3.302095234E-1,7.652246952E0,7.715431063E0
1.084031521E1,-2.187039852E0,-1.244267747E-1,1.197368431E1,1.217241723E1
1.084269079E1,4.479363918E0,-5.024927258E-1,8.413164139E0,9.544555038E0
1.084506631E1,-5.187639713E0,6.699903309E-2,1.055713367E1,1.176304238E1
1.084744183E1,5.431707382E0,-3.349951804E-1,1.062891865E1,1.194108783E1
1.084981740E1,-4.431507587E0,2.775674164E-1,8.207381248E0,9.331474167E0
1.085219292E1,1.473978758E0,-6.077769399E-1,1.231825066E1,1.242100259E1
1.085456849E1,1.253839016E0,-6.173482537E-1,8.030312538E0,8.151021445E0
1.085694402E1,-2.785245657E0,-1.483550072E-1,1.160040379E1,1.193100878E1
1.085931954E1,5.163711071E0,-1.914258152E-1,8.877371788E0,1.027172263E1
1.086169511E1,-6.321837425E0,2.823530734E-1,9.437292099E0,1.136256282E1
1.086407063E1,4.785645485E0,-9.523434043E-1,1.138983536E1,1.239103346E1
1.086644615E1,-2.512463808E0,-1.483550072E-1,8.580661774E0,8.942160817E0
1.086882172E1,4.929214716E-1,-2.440679073E-1,1.209811115E1,1.211060833E1
1.087119724E1,2.000399828E0,-2.201396823E-1,7.537391186E0,7.801431076E0
1.087357282E1,-4.991427898E0,-3.445664644E-1,1.116969585E1,1.223908428E1
1.087594834E1,6.183053493E0,-6.987041831E-1,9.968499184E0,1.175114097E1
1.087832386E1,-5.436492920E0,1.531406492E-1,8.882157326E0,1.041497125E1
1.088069943E1,3.125026464E0,-2.775674164E-1,1.186840057E1,1.227606477E1
1.088307495E1,-2.115255117E0,-4.402793646E-1,7.642675400E0,7.942206079E0
1.088545047E1,-1.076770186E0,-5.312066078E-1,1.230867958E1,1.236710182E1
1.088782605E1,4.168296814E0,-5.120640397E-1,8.346165657E0,9.343200152E0
1.089020152E1,-5.938985825E0,6.699903309E-2,1.023170948E1,1.183063483E1
1.089257714E1,4.709074974E0,-5.599204898E-1,1.020778179E1,1.125556339E1
1.089495266E1,-4.642076015E0,-7.657032460E-2,8.843872070E0,9.988433608E0
1.089732818E1,2.545963287E0,-4.546363056E-1,1.230867958E1,1.257744872E1
1.089970376E1,-4.402793646E-1,-2.057827413E-1,7.312466145E0,7.328598336E0
1.090207928E1,-3.795016766E0,-1.866401732E-1,1.161476135E1,1.222046104E1
1.090445485E1,5.259424210E0,-1.048056364E0,9.044869423E0,1.051520937E1
1.090683037E1,-5.541777134E0,8.135596663E-2,1.002114105E1,1.145168898E1
1.090920589E1,4.450650215E0,-1.770688742E-1,1.067677498E1,1.156862847E1
1.091158146E1,-4.670789719E0,2.249253243E-1,7.968099594E0,9.238911145E0
1.091395698E1,7.034898400E-1,-8.135597110E-1,1.238525009E1,1.243186218E1
1.091633251E1,2.105684042E0,-4.737788737E-1,8.097311974E0,8.380025830E0
1.091870808E1,-4.120440483E0,-2.249253243E-1,1.111226845E1,1.185373912E1
1.092108360E1,4.910071850E0,-3.924229145E-1,8.977870941E0,1.024035976E1
1.092345917E1,-6.240481377E0,7.657032460E-2,9.442078590E0,1.131822950E1
1.092583469E1,4.694717884E0,-5.216353536E-1,1.184447193E1,1.275162714E1
1.092821021E1,-2.531606436E0,-6.221338734E-2,7.752745152E0,8.155854280E0
1.093058579E1,-1.048056364E0,-1.962114573E-1,1.205025482E1,1.209733699E1
1.093296131E1,2.995813847E0,-7.944171429E-1,7.829315662E0,8.420462157E0
1.093533683E1,-4.388436794E0,-2.488535494E-1,1.132283688E1,1.214606687E1
1.093771240E1,5.728417397E0,-3.637090325E-1,9.824930191E0,1.137876546E1
1.094008792E1,-5.623133183E0,5.312066078E-1,8.604590416E0,1.029275393E1
1.094246349E1,2.818745136E0,-3.062812984E-1,1.193061352E1,1.226289816E1
1.094483902E1,-6.939185858E-1,-6.939185858E-1,7.858029366E0,7.919070117E0
1.094721454E1,-1.373480201E0,-5.647061467E-1,1.211725426E1,1.220791512E1
1.094959011E1,4.551148891E0,-3.254238665E-1,8.408378601E0,9.566592268E0
1.095196563E1,-5.919843197E0,1.483550072E-1,1.018385315E1,1.178038275E1
1.095434115E1,5.422136307E0,-6.125625968E-1,1.065763187E1,1.197329997E1
1.095671672E1,-3.943371773E0,1.387837082E-1,8.666803360E0,9.522758127E0
1.095909224E1,2.115255117E0,-4.307080805E-1,1.202632618E1,1.221852426E1
1.096146776E1,2.967100143E-1,-4.833501875E-1,7.470392227E0,7.491890567E0
1.096384334E1,-3.192025423E0,-5.264210105E-1,1.176790142E1,1.220449299E1
1.096621886E1,5.929414749E0,-4.737788737E-1,9.418149948E0,1.113929864E1
1.096859443E1,-5.613562107E0,2.344966233E-1,9.533005714E0,1.106549891E1
1.097096995E1,4.230510235E0,-2.440679073E-1,1.086820030E1,1.166510025E1
1.097334547E1,-3.661018610E0,-3.158525825E-1,8.269595146E0,9.049255439E0
1.097572105E1,1.435693622E0,-6.412764788E-1,1.274417305E1,1.284080988E1
1.097809657E1,2.273181438E0,-3.254238665E-1,7.637889862E0,7.975626376E0
1.098047214E1,-4.766502857E0,-2.632105052E-1,1.117448139E1,1.215145521E1
1.098284766E1,5.527420521E0,-4.737788737E-1,9.509077072E0,1.100905949E1
1.098522318E1,-5.359922886E0,1.674975902E-1,9.375079155E0,1.080041379E1
1.098759876E1,4.096512318E0,-4.115654826E-1,1.176311588E1,1.246281247E1
1.098997428E1,-2.435893536E0,-1.627119333E-1,7.580461979E0,7.963884498E0
1.099234980E1,-1.483550072E0,-4.785645306E-1,1.213639641E1,1.223609671E1
1.099472537E1,4.264009953E0,-8.709874153E-1,8.561519623E0,9.604166711E0
1.099710089E1,-5.111069202E0,-4.785645381E-2,1.072463131E1,1.188036344E1
1.099947646E1,5.134997368E0,-2.823530734E-1,9.992427826E0,1.123817312E1
1.100185198E1,-5.670989513E0,2.919243574E-1,8.518448830E0,1.023764193E1
1.100422751E1,2.665604353E0,-8.901300430E-1,1.249053383E1,1.280278147E1
1.100660308E1,3.254238665E-1,-4.211367965E-1,7.920242786E0,7.938104477E0
1.100897860E1,-3.077169895E0,-2.536391914E-1,1.158604717E1,1.199040435E1
1.101135412E1,4.622933388E0,-5.790630579E-1,8.580661774E0,9.763943036E0
1.101372969E1,-6.183053493E0,-1.148554832E-1,1.008814049E1,1.183274781E1
1.101610521E1,5.259424210E0,-6.508477330E-1,1.127019501E1,1.245401306E1
1.101848079E1,-3.613162279E0,5.886343718E-1,8.202595711E0,8.982427761E0
1.102085631E1,-7.657032460E-2,-2.823530734E-1,1.204068375E1,1.204423727E1
1.102323183E1,1.679761529E0,-9.427721500E-1,7.489534855E0,7.733275533E0
1.102560740E1,-3.756731510E0,-4.929214716E-1,1.186840057E1,1.245852862E1
1.102798292E1,5.804987907E0,-4.689932466E-1,9.509077072E0,1.115080204E1
1.103035849E1,-6.302694798E0,6.125625968E-1,8.781659126E0,1.082666762E1
1.103273402E1,3.292523861E0,-1.866401732E-1,1.184447193E1,1.229500156E1
1.103510954E1,-1.622333765E0,-5.264210105E-1,7.891529083E0,8.073742453E0
1.103748511E1,-7.944171429E-1,-6.939185858E-1,1.206939697E1,1.211540197E1
1.103986063E1,3.876372576E0,-3.780659735E-1,8.173882484E0,9.054366521E0
1.104223615E1,-5.905486107E0,1.435693651E-1,1.044706345E1,1.200152128E1
1.104461172E1,5.637490273E0,-5.503492355E-1,1.038963604E1,1.183337306E1
1.104698724E1,-4.527220249E0,2.823530734E-1,8.714659691E0,9.824496932E0
1.104936277E1,2.483749866E0,-4.642075896E-1,1.206939697E1,1.233105208E1
1.105173834E1,-3.254238665E-1,-5.072783828E-1,7.546962738E0,7.570989276E0
1.105411386E1,-2.665604353E0,-4.737788737E-1,1.190190029E1,1.220594706E1
1.105648943E1,5.647061348E0,-4.019941986E-1,9.178867340E0,1.078436400E1
1.105886495E1,-5.752345562E0,3.110669553E-1,9.504291534E0,1.111385620E1
1.106124047E1,4.398007870E0,-3.110669553E-1,1.071027374E1,1.158227955E1
1.106361605E1,-3.728017569E0,-4.019941986E-1,8.355736732E0,9.158496092E0
1.106599157E1,1.832902193E0,-4.977070987E-1,1.271545982E1,1.285652213E1
1.106836709E1,1.890329838E0,-2.871387303E-1,7.556533813E0,7.794677596E0
1.107074266E1,-4.627718925E0,-9.571290575E-3,1.117926693E1,1.209925135E1
1.107311818E1,5.546562672E0,-7.752745152E-1,9.293723106E0,1.085074639E1
1.107549376E1,-5.168497086E0,1.435693540E-2,9.681360245E0,1.097462092E1
1.107786928E1,4.345366001E0,-5.503492355E-1,1.164347458E1,1.244007999E1
1.108024480E1,-2.502892494E0,-1.004985496E-1,7.590033531E0,7.992695403E0
1.108262037E1,-1.330409408E0,-7.417750359E-1,1.213639641E1,1.223161221E1
1.108499589E1,4.225724697E0,-7.800601721E-1,8.595019341E0,9.609349642E0
1.108737141E1,-4.733003139E0,-1.339980662E-1,1.068156052E1,1.168396377E1
1.108974698E1,5.178068161E0,-1.435693651E-1,9.915857315E0,1.118736914E1
1.109212250E1,-5.800201893E0,3.014956415E-1,8.441878319E0,1.024688007E1
1.109449802E1,3.072384357E0,-1.134197950E0,1.240917778E1,1.283408134E1
1.109687360E1,8.614161611E-2,-5.072783828E-1,8.121239662E0,8.137523296E0
1.109924912E1,-2.641676188E0,-2.440679073E-1,1.162433243E1,1.192321796E1
1.110162469E1,4.378865242E0,-5.024927258E-1,8.417949677E0,9.502043807E0
1.110400021E1,-6.010770321E0,-1.962114573E-1,1.023649502E1,1.187239188E1
1.110637579E1,5.484349728E0,-5.120640397E-1,1.121755219E1,1.249695077E1
1.110875131E1,-4.024727821E0,1.100698411E-1,7.929814339E0,8.893396699E0
1.111112683E1,5.120640397E-1,-3.828516304E-1,1.221775246E1,1.223447016E1
1.111350240E1,1.325623751E0,-8.279166222E-1,7.724031448E0,7.880570162E0
1.111587792E1,-3.603590965E0,-3.541377485E-1,1.170090294E1,1.224836360E1
1.111825349E1,5.584847927E0,-4.211367965E-1,9.355937004E0,1.090419368E1
1.112062902E1,-6.379265308E0,4.881358147E-1,8.997013092E0,1.103990702E1
1.112300454E1,3.541377544E0,-6.939185858E-1,1.159561825E1,1.214418546E1
1.112538011E1,-1.914258122E0,-3.828516304E-1,8.322237015E0,8.548133624E0
1.112775563E1,-4.259224236E-1,-2.823530734E-1,1.202154064E1,1.203239679E1
1.113013115E1,3.062813044E0,-1.962114573E-1,7.872386456E0,8.449484670E0
1.113250672E1,-5.881557941E0,1.914258115E-2,1.071506023E1,1.222315860E1
1.113488224E1,5.852844238E0,-8.135597110E-1,1.014556789E1,1.174096303E1
1.113725782E1,-4.838287354E0,1.100698411E-1,8.939585686E0,1.016549714E1
1.113963334E1,2.857030153E0,-1.818545163E-1,1.205504036E1,1.239030631E1
1.114200886E1,-1.134197950E0,-2.871387079E-2,7.307680130E0,7.395229433E0
1.114438443E1,-2.402393818E0,-2.823530734E-1,1.203111267E1,1.227187400E1
1.114675995E1,5.398207664E0,-5.599204898E-1,8.819944382E0,1.035594399E1
1.114913547E1,-5.714060307E0,-9.571290575E-3,9.777072906E0,1.132438658E1
1.115151105E1,4.867001057E0,-2.775674164E-1,1.094955635E1,1.198572181E1
1.115388657E1,-3.957728624E0,-3.349951655E-2,8.236095428E0,9.137724333E0
1.115626214E1,1.899901152E0,-3.206382394E-1,1.260538960E1,1.275179517E1
1.115863766E1,1.584048629E0,-1.914258152E-1,7.580461979E0,7.746564252E0
1.116101318E1,-4.345366001E0,-1.722832322E-1,1.114576817E1,1.196411448E1
1.116338876E1,5.871986866E0,-8.662018180E-1,9.580862045E0,1.127046817E1
1.116576428E1,-5.134997368E0,2.871387303E-1,9.609575272E0,1.089929280E1
1.116813980E1,4.331008911E0,-2.536391914E-1,1.150947666E1,1.230000098E1
1.117051537E1,-2.675175667E0,5.264209956E-2,7.733603001E0,8.183394859E0
1.117289089E1,-1.038485050E0,-4.929214716E-1,1.205504036E1,1.210972423E1
1.117526646E1,4.297509670E0,-7.848458290E-1,8.551948547E0,9.603145125E0
1.117764198E1,-4.723432064E0,-1.531406492E-1,1.064806080E1,1.164969791E1
1.118001750E1,5.221138954E0,-2.823530734E-1,1.002114105E1,1.130324216E1
1.118239308E1,-5.493920803E0,1.914258152E-1,8.662017822E0,1.025915993E1
1.118476860E1,3.211168051E0,-7.992027402E-1,1.252403355E1,1.295383115E1
1.118714417E1,9.092725813E-2,-3.110669553E-1,7.743174076E0,7.749953238E0
1.118951969E1,-2.775674343E0,-1.531406492E-1,1.173440266E1,1.205918844E1
1.119189521E1,4.570291042E0,-5.838487148E-1,8.336593628E0,9.525084401E0
1.119427079E1,-5.714060307E0,-2.249253243E-1,1.026520920E1,1.175055728E1
1.119664631E1,5.479563713E0,-4.067798555E-1,1.118405342E1,1.246090443E1
1.119902188E1,-4.101297855E0,2.488535494E-1,8.049455643E0,9.037494583E0
1.120139740E1,5.599204898E-1,-2.488535494E-1,1.222253799E1,1.223788683E1
1.120377292E1,1.325623751E0,-9.044869542E-1,7.618747234E0,7.785928615E0
1.120614849E1,-3.440878868E0,-4.115654826E-1,1.193539906E1,1.242830576E1
1.120852402E1,5.632704735E0,-4.498506486E-1,9.198010445E0,1.079505092E1
1.121089954E1,-6.527620316E0,5.694918036E-1,9.016156197E0,1.114563684E1
1.121327511E1,3.771088600E0,-4.594219327E-1,1.165304661E1,1.225665831E1
1.121565063E1,-2.249253273E0,-4.977070987E-1,8.159524918E0,8.478484506E0
1.121802620E1,-3.206382394E-1,-3.972085714E-1,1.217946720E1,1.219016016E1
1.122040172E1,2.991028309E0,-3.828516304E-1,7.791030407E0,8.354219324E0
1.122277724E1,-5.948556900E0,-5.742774159E-2,1.076291656E1,1.229752008E1
1.122515282E1,5.891129494E0,-9.571290612E-1,1.033220863E1,1.193214306E1
1.122752829E1,-4.996213913E0,1.048056364E0,8.858229637E0,1.022393309E1
1.122990386E1,2.254039049E0,-4.498506486E-1,1.157169056E1,1.179775742E1
1.123227943E1,-1.502692580E0,-9.332008362E-1,7.350750923E0,7.560587803E0
1.123465495E1,-1.895115495E0,-2.823530734E-1,1.251446247E1,1.266029055E1
1.123703053E1,4.957928658E0,-1.196411327E-1,8.537590981E0,9.873491294E0
1.123940605E1,-6.273981094E0,3.254238665E-1,9.710074425E0,1.156521875E1
1.124178157E1,4.551148891E0,-8.997012973E-1,1.075813103E1,1.171579284E1
1.124415709E1,-3.948157310E0,-4.307080805E-1,8.633303642E0,9.503019908E0
1.124653266E1,2.402393818E0,5.168496966E-1,1.264846039E1,1.288495944E1
1.124890818E1,-1.435693540E-2,-4.689932466E-1,6.915257454E0,6.931157655E0
1.125128376E1,-4.230510235E0,-7.896314859E-1,1.143769264E1,1.222053795E1
1.125365928E1,5.962913990E0,-7.800601721E-1,9.676574707E0,1.139302134E1
1.125603485E1,-5.125426292E0,6.843472719E-1,9.609575272E0,1.091248197E1
1.125841037E1,3.761517286E0,-2.344966233E-1,1.089691448E1,1.153025352E1
1.126078589E1,-3.684946775E0,-5.934200287E-1,7.862815380E0,8.703725971E0
1.126316146E1,6.412764788E-1,-6.508477330E-1,1.273460197E1,1.276733824E1
1.126553698E1,3.129812002E0,-3.062812984E-1,8.260024071E0,8.838412134E0
1.126791256E1,-4.589433670E0,-1.579262912E-1,1.078205872E1,1.171924197E1
1.127028808E1,5.178068161E0,-3.876372576E-1,9.523433685E0,1.084704760E1
1.127266360E1,-5.661418438E0,1.004985496E-1,9.044869423E0,1.067105532E1
1.127503917E1,4.311866283E0,-7.609176040E-1,1.194018459E1,1.271767253E1
1.127741469E1,-1.722832322E0,-2.105683982E-1,7.982456207E0,8.168971622E0
1.127979026E1,-1.244267821E0,-3.493520916E-1,1.208854008E1,1.215742779E1
1.128216579E1,3.622733593E0,-6.699903607E-1,7.944170952E0,8.756879460E0
1.128454131E1,-4.953142643E0,-5.264210105E-1,1.118405342E1,1.224311202E1
1.128691688E1,5.958128452E0,-1.292124242E-1,1.038963604E1,1.197750089E1
1.128929240E1,-5.297709465E0,7.034898400E-1,8.202595711E0,9.789954031E0
1.129166792E1,2.096112728E0,-1.019342422E0,1.174875927E1,1.197773317E1
1.129404349E1,-1.052841991E-1,-9.284151793E-1,8.202595711E0,8.255641459E0
1.129641902E1,-1.507478237E0,2.344966233E-1,1.226560879E1,1.236012291E1
1.129879459E1,4.230510235E0,-3.541377485E-1,7.877171993E0,8.948322133E0
1.130117011E1,-6.436692715E0,-4.211367965E-1,1.040399265E1,1.224138197E1
1.130354563E1,5.383851051E0,-5.072783828E-1,1.097348499E1,1.223358314E1
1.130592120E1,-3.661018610E0,6.747759581E-1,8.518448830E0,9.296362209E0
1.130829672E1,8.757730722E-1,-5.264210105E-1,1.179661560E1,1.184078702E1
1.131067224E1,6.029912829E-1,-7.944171429E-1,7.542177200E0,7.607833726E0
1.131304782E1,-3.661018610E0,-5.072783828E-1,1.183968639E1,1.240316744E1
1.131542334E1,5.910272121E0,-5.024927258E-1,9.370293617E0,1.108991515E1
1.131779891E1,-6.120840549E0,1.000199914E0,9.485149384E0,1.133283494E1
1.132017443E1,3.397808075E0,-6.317051649E-1,1.056670475E1,1.111752672E1
1.132254995E1,-3.292523861E0,-5.790630579E-1,8.456234932E0,9.093070803E0
1.132492553E1,7.609176040E-1,-3.062812984E-1,1.273938751E1,1.276576664E1
1.132730105E1,2.349751949E0,7.657032460E-2,7.609176159E0,7.964091854E0
1.132967657E1,-5.536991596E0,-1.627119333E-1,1.083470058E1,1.216862720E1
1.133205214E1,5.340780258E0,-8.231309652E-1,9.681360245E0,1.108738989E1
1.133442766E1,-5.268995285E0,-4.785645381E-2,9.293723106E0,1.068353363E1
1.133680323E1,3.919443607E0,4.307080805E-2,1.205982590E1,1.268082387E1
1.133917876E1,-2.483749866E0,2.249253243E-1,7.345965385E0,7.757758197E0
1.134155428E1,-2.086541414E0,-9.667003751E-1,1.187318611E1,1.209382955E1
1.134392985E1,4.388436794E0,-8.566305041E-1,8.762516975E0,9.837372467E0
1.134630537E1,-4.450650215E0,3.254238665E-1,1.106441212E1,1.193044021E1
1.134868094E1,4.651647091E0,-2.105683982E-1,9.466006279E0,1.054928598E1
1.135105641E1,-5.871986866E0,-2.105683982E-1,8.666803360E0,1.047081894E1
1.135343198E1,3.206382275E0,-7.848458290E-1,1.250010586E1,1.292863166E1
1.135580756E1,1.866401732E-1,-4.019941986E-1,8.039883614E0,8.052090561E0
1.135818308E1,-2.469393015E0,9.092725813E-2,1.163390350E1,1.189343854E1
1.136055860E1,4.096512318E0,-2.775674164E-1,8.121239662E0,9.100164311E0
1.136293417E1,-5.891129494E0,-6.652047038E-1,1.019342422E1,1.179210759E1
1.136530964E1,5.938985825E0,-7.657032609E-1,1.121276665E1,1.271156914E1
1.136768526E1,-4.024727821E0,1.531406492E-1,8.288737297E0,9.215478939E0
1.137006073E1,1.306481123E0,-1.004985496E-1,1.229432297E1,1.236395447E1
1.137243631E1,2.823530734E-1,-3.637090325E-1,7.499105930E0,7.513228153E0
1.137481183E1,-2.924029350E0,-7.226324677E-1,1.158604717E1,1.197115844E1
1.137718740E1,5.757131100E0,-6.652047038E-1,9.394221306E0,1.103804556E1
1.137956297E1,-5.790630817E0,1.100698411E-1,9.394221306E0,1.103607333E1
1.138193849E1,4.134797573E0,-2.919243574E-1,1.118405342E1,1.192748178E1
1.138431402E1,-3.306880951E0,-3.397808075E-1,8.212167740E0,8.859492740E0
1.138668959E1,1.076770186E0,-4.211367965E-1,1.243789196E1,1.249151499E1
1.138906511E1,2.053041935E0,-3.062812984E-1,7.680960655E0,7.956503378E0
1.139144068E1,-4.862215519E0,-2.632105052E-1,1.105005455E1,1.207535197E1
1.139381620E1,5.685346603E0,-7.896314859E-1,9.623932838E0,1.120565782E1
1.139619172E1,-5.283352375E0,2.105683982E-1,9.399007797E0,1.078422454E1
1.139856730E1,3.804588079E0,-3.014956415E-1,1.157647610E1,1.218936376E1
1.140094282E1,-2.775674343E0,-4.785645287E-3,7.671389580E0,8.158100823E0
1.140331839E1,-1.134197950E0,-6.317051649E-1,1.206461143E1,1.213426164E1
1.140569391E1,4.005585194E0,-6.317051649E-1,8.614161491E0,9.520900291E0
1.140806943E1,-4.890929699E0,-2.201396823E-1,1.067677498E1,1.174577280E1
1.141044501E1,4.972285271E0,-2.488535494E-1,9.623932838E0,1.083538796E1
1.141282047E1,-5.757131100E0,1.483550072E-1,8.858229637E0,1.056573708E1
1.141519605E1,3.488735437E0,-6.843472719E-1,1.238046455E1,1.288081941E1
1.141757162E1,-6.412764788E-1,-2.584248483E-1,7.680960655E0,7.712015010E0
1.141994714E1,-2.541177750E0,-2.440679073E-1,1.176790142E1,1.204162187E1
1.142232261E1,4.292723656E0,-7.369893789E-1,8.293522835E0,9.367665170E0
1.142469823E1,-5.312066078E0,-3.206382394E-1,1.065284634E1,1.190814805E1
1.142707376E1,5.393422127E0,-3.684946895E-1,1.067677498E1,1.196738545E1
1.142944933E1,-4.685146809E0,4.115654826E-1,8.221738815E0,9.471904556E0
1.143182485E1,1.397408366E0,-3.541377485E-1,1.208854008E1,1.217419258E1
1.143420037E1,7.752745152E-1,-8.853443861E-1,7.963313580E0,8.049798036E0
1.143657594E1,-2.641676188E0,-4.307080805E-1,1.187318611E1,1.217113433E1
1.143895146E1,5.240281582E0,-4.354937077E-1,8.805587769E0,1.025614849E1
1.144132704E1,-6.321837425E0,2.727817893E-1,9.580862045E0,1.148185333E1
1.144370256E1,4.575077057E0,-5.982056856E-1,1.120798111E1,1.212056190E1
1.144607808E1,-2.813959360E0,-1.962114573E-1,8.523234367E0,8.977883397E0
1.144845365E1,7.896314859E-1,-4.498506486E-1,1.223689461E1,1.227059384E1
1.145082917E1,1.804188251E0,-3.732803464E-1,7.432106972E0,7.657065202E0
1.145320474E1,-4.508078098E0,-5.264210105E-1,1.129412270E1,1.217197990E1
1.145558026E1,6.283552170E0,-6.269195080E-1,9.868000984E0,1.171552386E1
1.145795579E1,-5.422136307E0,2.249253243E-1,9.131011009E0,1.062193559E1
1.146033136E1,3.555734396E0,-8.614161611E-2,1.137069321E1,1.191399729E1
1.146270688E1,-2.641676188E0,-2.823530734E-1,7.896314621E0,8.331264066E0
1.146508245E1,-1.818545163E-1,-8.135597110E-1,1.236132145E1,1.238939944E1
1.146745797E1,3.962514400E0,-4.211367965E-1,8.264809608E0,9.175290428E0
1.146983349E1,-5.316852093E0,5.742774159E-2,1.055234814E1,1.181627121E1
1.147220907E1,5.063212872E0,-4.498506486E-1,9.695717812E0,1.094739394E1
1.147458459E1,-4.986642361E0,-2.057827413E-1,9.236295700E0,1.049848117E1
1.147696016E1,3.460021496E0,-5.024927258E-1,1.223210907E1,1.272197862E1
1.147933568E1,-6.556333899E-1,2.584248483E-1,7.628318787E0,7.660801920E0
1.148171120E1,-3.201596737E0,-2.009970993E-1,1.149033451E1,1.192972794E1
1.148408678E1,5.005784988E0,-9.379864931E-1,8.604590416E0,9.998833844E0
1.148646230E1,-5.130211830E0,-2.679961324E-1,1.054277611E1,1.172778851E1
1.148883782E1,5.173282623E0,-2.105683982E-1,1.051884842E1,1.172405067E1
1.149121339E1,-4.914857864E0,7.417750359E-1,8.087740898E0,9.493029594E0
1.149358891E1,1.148554921E0,-3.972085714E-1,1.228953743E1,1.234948109E1
1.149596448E1,1.641476393E0,-7.034898400E-1,7.781459332E0,7.983761772E0
1.149834001E1,-3.608376503E0,-5.790630579E-1,1.134197903E1,1.191621514E1
1.150071552E1,5.455635548E0,-2.775674164E-1,9.265008926E0,1.075552850E1
1.150309110E1,-6.417550564E0,4.259224236E-1,9.212367058E0,1.123539372E1
1.150546662E1,4.536791801E0,-3.110669553E-1,1.174875927E1,1.259811839E1
1.150784214E1,-2.636890650E0,5.264209956E-2,7.886743546E0,8.316049978E0
1.151021771E1,-7.848458290E-1,-7.369893789E-1,1.182054424E1,1.186947356E1
1.151259323E1,3.225524902E0,-6.029912829E-1,8.279166222E0,8.905739874E0
1.151496881E1,-4.828716278E0,-1.339980662E-1,1.106919765E1,1.207731730E1
1.151734433E1,5.651846886E0,-3.014956415E-1,9.877572060E0,1.138423044E1
1.151971980E1,-5.733202934E0,5.551348329E-1,8.666803360E0,1.040630919E1
1.152209542E1,2.761317253E0,-4.259224236E-1,1.188754272E1,1.221146817E1
1.152447094E1,-5.407779217E-1,-9.236295223E-1,7.925028801E0,7.996975288E0
1.152684652E1,-1.966900229E0,-9.044869542E-1,1.192582798E1,1.212073291E1
1.152922204E1,5.034498692E0,-1.052841991E-1,8.915657043E0,1.023944346E1
1.153159756E1,-6.441478729E0,7.130611539E-1,9.719645500E0,1.168214933E1
1.153397313E1,4.823930264E0,-8.470591903E-1,1.071506023E1,1.178135511E1
1.153634865E1,-3.273381472E0,-8.566305041E-1,8.700303078E0,9.335101270E0
1.153872417E1,1.775474429E0,-1.196411327E-1,1.261496067E1,1.273985307E1
1.154109974E1,1.239482164E0,-8.087740541E-1,7.039684296E0,7.193579532E0
1.154347527E1,-4.565505505E0,4.689932466E-1,1.192104244E1,1.277399891E1
1.154585084E1,5.929414749E0,-7.561319470E-1,9.236295700E0,1.100176591E1
1.154822636E1,-5.479563713E0,-4.019941986E-1,9.040083885E0,1.057876810E1
1.155060193E1,3.818944931E0,-5.886343718E-1,1.212203979E1,1.272299806E1
1.155297745E1,-2.167897224E0,-6.364908218E-1,7.561319351E0,7.891669612E0
1.155535297E1,-4.689932466E-1,1.914258115E-2,1.285902882E1,1.286759275E1
1.155772849E1,3.617947817E0,-4.019941986E-1,7.877171993E0,8.677613978E0
1.156010407E1,-5.661418438E0,-5.407779217E-1,1.033220863E1,1.179400843E1
1.156247959E1,5.522634506E0,-7.130611539E-1,1.057149029E1,1.194840387E1
1.156485516E1,-4.508078098E0,-1.100698411E-1,8.824729919E0,9.910133282E0
1.156723068E1,2.641676188E0,-2.488535494E-1,1.230389404E1,1.258674659E1
1.156960626E1,-7.704889178E-1,-1.339980662E-1,7.403393269E0,7.444584645E0
1.157198178E1,-3.215953588E0,-5.647061467E-1,1.180618668E1,1.224937935E1
1.157435730E1,5.441278458E0,-1.435693622E0,8.829515457E0,1.047039019E1
1.157673287E1,-5.106283665E0,6.269195080E-1,1.071984577E1,1.189042700E1
1.157910834E1,3.761517286E0,-7.800601721E-1,9.973284721E0,1.068755886E1
1.158148391E1,-4.465006828E0,1.531406492E-1,8.757730484E0,9.831458756E0
1.158385948E1,1.158126116E0,-9.523434043E-1,1.232303619E1,1.241392102E1
1.158623500E1,2.120040894E0,1.196411327E-1,8.350951195E0,8.616685746E0
1.158861058E1,-4.718646049E0,-4.163511395E-1,1.064806080E1,1.165419099E1
1.159098610E1,5.125426292E0,-1.071984529E0,9.384650230E0,1.074666485E1
1.159336167E1,-5.905486107E0,-5.264209956E-2,9.633503914E0,1.129964314E1
1.159573719E1,4.656432629E0,-1.148554832E-1,1.195454216E1,1.282991172E1
1.159811271E1,-2.890529871E0,1.962114573E-1,7.465606689E0,8.008055014E0
1.160048829E1,-1.722832322E0,-1.062413216E0,1.205982590E1,1.222850251E1
1.160286381E1,3.876372576E0,-8.231309652E-1,8.652446747E0,9.516755941E0
1.160523933E1,-4.441078663E0,3.397808075E-1,1.105484104E1,1.191839507E1
1.160761490E1,4.981856823E0,-4.354937077E-1,9.657432556E0,1.087541060E1
1.160999042E1,-5.718846321E0,-5.264209956E-2,8.733802795E0,1.043969759E1
1.161236599E1,2.919243574E0,-7.465606928E-1,1.229910851E1,1.266283562E1
1.161474152E1,2.871387079E-2,-6.652047038E-1,8.140382767E0,8.167567164E0
1.161711704E1,-2.201396942E0,4.785645306E-1,1.187797165E1,1.208972221E1
1.161949261E1,4.072584152E0,-6.987041831E-1,8.063812256E0,9.060860738E0
1.162186813E1,-5.699703693E0,-5.647061467E-1,1.026999474E1,1.175917969E1
1.162424370E1,5.685346603E0,-7.657032609E-1,1.104526901E1,1.244618154E1
1.162661922E1,-3.790230989E0,8.949156404E-1,8.499305725E0,9.349059994E0
1.162899474E1,1.081555843E0,-4.307080805E-1,1.177747345E1,1.183487023E1
1.163137027E1,4.737788737E-1,-1.153340459E0,7.680960655E0,7.781504817E0
1.163374584E1,-2.713460922E0,-4.498506486E-1,1.190668583E1,1.222024563E1
1.163612141E1,5.680561066E0,-3.445664644E-1,9.250652313E0,1.086103440E1
1.163849693E1,-5.929414749E0,4.833501875E-1,9.499505997E0,1.120857711E1
1.164087245E1,4.163511276E0,-7.178468257E-2,1.099741268E1,1.175938199E1
1.164324802E1,-3.512663603E0,-3.637090325E-1,7.939385414E0,8.689357318E0
1.164562355E1,1.282552958E0,-8.183453679E-1,1.270110226E1,1.279189704E1
1.164799912E1,2.196611166E0,-3.589234054E-1,7.968099594E0,8.273121404E0
1.165037464E1,-4.555934429E0,4.307080805E-2,1.113141060E1,1.202774690E1
1.165275016E1,5.307280540E0,-3.062812984E-1,9.198010445E0,1.062376727E1
1.165512573E1,-5.503491879E0,1.292124242E-1,9.518648148E0,1.099589838E1
1.165750126E1,4.211368084E0,-4.881358147E-1,1.151904774E1,1.227445960E1
1.165987678E1,-2.397608280E0,-9.571290761E-2,7.862815380E0,8.220799969E0
1.166225235E1,-1.272981644E0,-3.349951804E-1,1.206939697E1,1.214096567E1
1.166462787E1,3.689732552E0,-5.599204898E-1,8.322237015E0,9.120705356E0
1.166700344E1,-4.742574692E0,-6.221338734E-2,1.088734341E1,1.187561079E1
1.166937896E1,5.225924492E0,-1.770688742E-1,9.805787086E0,1.111283495E1
1.167175448E1,-5.948556900E0,2.967100143E-1,8.537590981E0,1.040979470E1
1.167413006E1,3.038884640E0,-7.944171429E-1,1.213161087E1,1.253163600E1
1.167650558E1,-5.216353536E-1,-2.967100143E-1,8.279166222E0,8.300887519E0
1.167888115E1,-2.110469580E0,-2.009970993E-1,1.171047401E1,1.190082700E1
1.168125667E1,3.895515203E0,-1.339980662E-1,8.092526436E0,8.982314752E0
1.168363219E1,-6.044270039E0,-9.092725813E-2,1.033699417E1,1.197476165E1
1.168600777E1,5.469992638E0,-5.982056856E-1,1.060977554E1,1.195182022E1
1.168838329E1,-4.646861553E0,7.178468257E-2,8.489734650E0,9.678536550E0
1.169075886E1,1.464407444E0,-2.679961324E-1,1.233260822E1,1.242213897E1
1.169313438E1,3.828516230E-2,-4.115654826E-1,7.412964344E0,7.424479259E0
1.169550990E1,-3.172882795E0,-3.637090325E-1,1.178704453E1,1.221203866E1
1.169788547E1,5.211567879E0,-5.072783828E-1,9.068798065E0,1.047190859E1
1.170026099E1,-6.302694798E0,1.148554832E-1,9.293723106E0,1.122989059E1
1.170263657E1,4.134797573E0,-3.924229145E-1,1.116012478E1,1.190793566E1
1.170501209E1,-3.416950703E0,-1.914258152E-1,8.394021988E0,9.064866302E0
1.170738761E1,6.173482537E-1,-3.349951804E-1,1.215553856E1,1.217581448E1
1.170976318E1,1.665404558E0,-2.632105052E-1,7.676175117E0,7.859167675E0
1.171213870E1,-5.067998409E0,-5.264210105E-1,1.096391296E1,1.209004195E1
1.171451422E1,5.986842155E0,-6.987041831E-1,9.968499184E0,1.164909621E1
1.171688980E1,-5.685346603E0,3.110669553E-1,9.107083321E0,1.074052584E1
1.171926532E1,3.493520975E0,-1.387837082E-1,1.147597694E1,1.199674942E1
1.172164089E1,-2.809173822E0,-9.571290575E-3,7.604390144E0,8.106682345E0
1.172401641E1,-1.095912814E0,-8.614161611E-1,1.195454216E1,1.203553659E1
1.172639193E1,4.335794449E0,-6.556333899E-1,8.805587769E0,9.837039422E0
1.172876750E1,-5.312066078E0,-9.571290761E-2,1.042792130E1,1.170336488E1
1.173114303E1,4.943571568E0,-2.440679073E-1,9.810572624E0,1.098843957E1
1.173351860E1,-5.479563713E0,7.657032460E-2,8.676374435E0,1.026211259E1
1.173589412E1,3.244667530E0,-6.029912829E-1,1.241396427E1,1.284515375E1
1.173826964E1,-8.614161611E-2,-3.349951804E-1,7.566105366E0,7.574007694E0
1.174064521E1,-3.187239647E0,-2.488535494E-1,1.156690502E1,1.200057150E1
1.174302073E1,5.029713154E0,-6.699903607E-1,8.729017258E0,1.009666498E1
1.174539626E1,-5.412564754E0,-4.307080805E-2,1.015035343E1,1.150336416E1
1.174777183E1,5.101497650E0,-3.445664644E-1,1.088255692E1,1.202389493E1
1.175014735E1,-4.000799656E0,2.105683982E-1,8.082955360E0,9.021358229E0
1.175252292E1,6.221339107E-1,-6.556333899E-1,1.208375454E1,1.211750921E1
1.175489844E1,2.397608280E0,-7.034898400E-1,8.178668022E0,8.551843897E0
1.175727402E1,-3.570091486E0,-2.344966233E-1,1.139462185E1,1.194311304E1
1.175964954E1,5.479563713E0,-2.057827413E-1,9.059226990E0,1.058950229E1
1.176202506E1,-6.321837425E0,3.397808075E-1,9.030512810E0,1.102865545E1
1.176440063E1,4.378865242E0,-8.662018180E-1,1.185882950E1,1.267109322E1
1.176677615E1,-1.622333765E0,-2.775674164E-1,8.193024635E0,8.356713660E0
1.176915167E1,-7.178468108E-1,-2.105683982E-1,1.197846985E1,1.200180749E1
1.177152724E1,3.359523058E0,-3.158525825E-1,7.853243828E0,8.547490664E0
1.177390276E1,-5.355136871E0,-3.110669553E-1,1.065763187E1,1.193144462E1
1.177627834E1,6.135197163E0,-5.647061467E-1,1.048534870E1,1.216149969E1
1.177865386E1,-4.843072891E0,2.775674164E-1,8.398807526E0,9.699091017E0
1.178102943E1,2.335394859E0,-2.919243574E-1,1.204068375E1,1.226855142E1
1.178340495E1,-4.785645306E-1,-5.694918036E-1,7.657032490E0,7.693080753E0
1.178578047E1,-2.005185366E0,-3.493520916E-1,1.205504036E1,1.222566208E1
1.178815605E1,5.206781864E0,-3.780659735E-1,8.599804878E0,1.006032580E1
1.179053157E1,-6.283552170E0,2.584248483E-1,9.623932838E0,1.149651663E1
1.179290709E1,4.680361271E0,-5.407779217E-1,1.091605663E1,1.188942870E1
1.179528261E1,-3.364308596E0,-1.148554832E-1,8.537590981E0,9.177266688E0
1.179765818E1,1.330409408E0,-3.254238665E-1,1.225603771E1,1.233232948E1
1.180003376E1,1.344766378E0,-6.699903309E-2,7.441678524E0,7.562503867E0
1.180240928E1,-4.795216560E0,-3.349951655E-2,1.104526901E1,1.204131187E1
1.180478480E1,5.977271080E0,-9.379864931E-1,9.638289452E0,1.137999173E1
1.180716037E1,-5.469992638E0,2.344966233E-1,9.317651749E0,1.080714774E1
1.180953589E1,3.881158352E0,-2.105683982E-1,1.155254745E1,1.218889174E1
1.181191146E1,-2.857030153E0,-5.742774159E-2,7.623532772E0,8.141509146E0
1.181428698E1,-1.062413216E0,-6.747759581E-1,1.213639641E1,1.220148197E1
1.181666250E1,4.240081787E0,-4.498506486E-1,8.685946465E0,9.676069716E0
1.181903803E1,-5.297709465E0,4.785645381E-2,1.026042366E1,1.154748066E1
1.182141360E1,4.852644444E0,-2.919243574E-1,1.001635551E1,1.113376647E1
1.182378917E1,-5.321637630E0,-1.914258115E-2,8.628518105E0,1.013762882E1
1.182616464E1,3.163311481E0,-4.881358147E-1,1.259581852E1,1.299613251E1
1.182854021E1,-1.674975902E-1,-2.153540403E-1,7.441678524E0,7.446677921E0
1.183091579E1,-3.555734396E0,-1.435693651E-1,1.146640587E1,1.200592865E1
1.183329131E1,5.039284706E0,-8.422735929E-1,9.054440498E0,1.039647574E1
1.183566688E1,-5.350351334E0,1.914258115E-2,1.004028416E1,1.137690344E1
1.183804240E1,4.809573650E0,-3.349951804E-1,1.108833981E1,1.209113312E1
1.184041792E1,-4.024727821E0,2.440679073E-1,7.929814339E0,8.896064221E0
1.184279349E1,2.057827413E-1,-5.359922647E-1,1.224646664E1,1.225991759E1
1.184516902E1,2.627319336E0,-7.848458290E-1,8.202595711E0,8.648778310E0
1.184754454E1,-4.000799656E0,-3.589234054E-1,1.118405342E1,1.188352956E1
1.184992011E1,5.422136307E0,-3.780659735E-1,9.547362328E0,1.098611048E1
1.185229563E1,-6.144768715E0,3.254238665E-1,9.006584167E0,1.090791647E1
1.185467120E1,3.991228104E0,-7.944171429E-1,1.213639641E1,1.280051242E1
1.185704672E1,-1.119840980E0,-3.206382394E-1,7.987242222E0,8.071734077E0
1.185942230E1,-1.397408366E0,-4.211367965E-1,1.200718403E1,1.209556012E1
1.186179782E1,4.024727821E0,-6.795616150E-1,8.202595711E0,9.162031130E0
1.186417334E1,-5.383851051E0,-3.732803464E-1,1.064327526E1,1.193333560E1
1.186654891E1,5.953342915E0,-5.694918036E-1,1.082512951E1,1.236729727E1
1.186892443E1,-4.536791801E0,2.488535494E-1,8.327022552E0,9.485974517E0
1.187129995E1,1.914258122E0,-4.067798555E-1,1.233739376E1,1.249164276E1
1.187367553E1,4.163511395E-1,-9.188438654E-1,7.585247993E0,7.652033027E0
1.187605105E1,-2.569891453E0,-6.125625968E-1,1.199761295E1,1.228504341E1
1.187842662E1,5.795416355E0,-6.699903607E-1,9.231510162E0,1.092046325E1
1.188080214E1,-6.135197163E0,2.727817893E-1,9.317651749E0,1.115946631E1
1.188317766E1,4.297509670E0,-7.130611539E-1,1.144726372E1,1.224813832E1
1.188555323E1,-2.316252232E0,-5.359922647E-1,8.489734650E0,8.816343150E0
1.188792876E1,4.307080805E-1,-6.364908218E-1,1.229910851E1,1.232309620E1
1.189030433E1,2.885744095E0,-4.977070987E-1,7.666603565E0,8.206828959E0
1.189267985E1,-5.460421085E0,-4.594219327E-1,1.090170002E1,1.220140690E1
1.189505537E1,6.235695839E0,-9.284151793E-1,1.049970531E1,1.224702695E1
1.189743094E1,-5.029713154E0,1.148554832E-1,8.757730484E0,1.009995294E1
1.189980646E1,2.842673302E0,-4.354937077E-1,1.201196957E1,1.235143146E1
1.190218204E1,-1.373480201E0,-6.891329288E-1,7.618747234E0,7.772172250E0
1.190455756E1,-2.177468538E0,-8.709874153E-1,1.213161087E1,1.235621182E1
1.190693308E1,5.426921844E0,-6.699903607E-1,9.174081802E0,1.068008168E1
1.190930865E1,-6.096911907E0,1.914258152E-1,9.695717812E0,1.145495188E1
1.191168417E1,4.369294167E0,-2.584248483E-1,1.080120182E1,1.165433291E1
1.191405974E1,-4.278367043E0,-4.259224236E-1,8.159524918E0,9.222997416E0
1.191643526E1,1.636690736E0,-8.518448472E-1,1.275374508E1,1.288652047E1
1.191881079E1,1.665404558E0,-5.120640397E-1,7.690532207E0,7.885433885E0
1.192118636E1,-5.158925533E0,-1.196411327E-1,1.113141060E1,1.226935730E1
1.192356188E1,5.345565796E0,-8.183453679E-1,9.710074425E0,1.111441893E1
1.192593745E1,-5.508277893E0,4.307080805E-2,9.365508080E0,1.086534500E1
1.192831297E1,3.818944931E0,-5.072783828E-1,1.187318611E1,1.248255664E1
1.193068849E1,-2.383251429E0,-1.052841991E-1,7.441678524E0,7.814700979E0
1.193306407E1,-2.187039852E0,-3.110669553E-1,1.209332561E1,1.229343038E1
1.193543959E1,4.642076015E0,-8.805587292E-1,8.738588333E0,9.934142110E0
1.193781511E1,-5.469992638E0,-3.254238665E-1,1.021735287E1,1.159400792E1
1.194019068E1,5.000999451E0,-3.302095234E-1,1.068156052E1,1.179893084E1
1.194256620E1,-5.178068161E0,1.627119333E-1,8.212167740E0,9.709714931E0
1.194494178E1,1.966900229E0,-6.843472719E-1,1.253360462E1,1.270544263E1
1.194731730E1,1.363908887E0,-4.689932466E-1,7.819744587E0,7.951641813E0
1.194969287E1,-4.048655987E0,-3.732803464E-1,1.116969585E1,1.188667569E1
1.195206839E1,5.479563713E0,-6.125625968E-1,9.394221306E0,1.089276115E1
1.195444391E1,-5.871986866E0,1.100698411E-1,9.274580956E0,1.097771365E1
1.195681948E1,4.713860512E0,-5.359922647E-1,1.187797165E1,1.279038620E1
1.195919501E1,-2.306680918E0,-1.292124242E-1,7.685746193E0,8.025469908E0
1.196157052E1,-1.277767301E0,-7.274180651E-1,1.186840057E1,1.195912867E1
1.196394610E1,4.388436794E0,-7.896314859E-1,8.719446182E0,9.793397628E0
1.196632162E1,-4.876572609E0,6.221338734E-2,1.062891865E1,1.169438936E1
1.196869719E1,5.637490273E0,-3.349951804E-1,1.015992451E1,1.162400896E1
1.197107271E1,-5.173282623E0,3.254238665E-1,8.307880402E0,9.792325085E0
1.197344829E1,2.325823545E0,-1.124626637E0,1.223689461E1,1.250663144E1
1.197582381E1,1.488335729E0,-6.460621357E-1,8.188239098E0,8.347442665E0
1.197819933E1,-3.168097258E0,-2.727817893E-1,1.155733299E1,1.198679257E1
1.198057490E1,5.517848969E0,-3.110669553E-1,8.958727837E0,1.052626355E1
1.198295042E1,-6.369693756E0,3.445664644E-1,9.226723671E0,1.121713664E1
1.198532599E1,4.967499733E0,-1.071984529E0,1.185882950E1,1.290182319E1
1.198770152E1,-1.875972986E0,-3.541377485E-1,7.968099594E0,8.193613326E0
1.199007704E1,-6.652047038E-1,-2.823530734E-1,1.214596748E1,1.216744619E1
1.199245261E1,3.483949661E0,-4.498506486E-1,7.968099594E0,8.708092902E0
1.199482813E1,-5.364708424E0,-2.297109663E-1,1.061456108E1,1.189545167E1
1.199720365E1,5.881557941E0,-6.029912829E-1,1.078684425E1,1.230090774E1
1.199957922E1,-4.828716278E0,2.153540403E-1,8.126026154E0,9.454902395E0
1.200195474E1,1.708475351E0,-6.699903607E-1,1.227517986E1,1.241160005E1
1.200433032E1,5.216353536E-1,-5.551348329E-1,7.743174076E0,7.780554151E0
1.200670584E1,-3.125026464E0,-1.722832322E-1,1.173918819E1,1.214923913E1
1.200908136E1,5.335994720E0,-4.737788737E-1,9.059226990E0,1.052458549E1
1.201145693E1,-6.738188744E0,2.967100143E-1,8.977870941E0,1.122913136E1
1.201383245E1,4.187439442E0,-8.374879360E-1,1.188754272E1,1.263129871E1
1.201620803E1,-2.182254314E0,-1.674975902E-1,8.140382767E0,8.429479280E0
1.201858355E1,-8.422735929E-1,-2.632105052E-1,1.196889877E1,1.200138502E1
1.202095907E1,2.976671457E0,-2.297109663E-1,7.891529083E0,8.437391265E0
1.202333464E1,-6.096911907E0,-2.057827413E-1,1.030349445E1,1.197400014E1
1.202571016E1,5.881557941E0,-6.795616150E-1,1.087298584E1,1.238048258E1
1.202808573E1,-4.881358147E0,2.919243574E-1,8.264809608E0,9.603122151E0
1.203046126E1,1.737189293E0,-2.775674164E-1,1.195932770E1,1.208802669E1
1.203283672E1,-2.201396823E-1,-5.455635786E-1,7.570890903E0,7.593713859E0
1.203521235E1,-3.239881754E0,-4.833501875E-1,1.171047401E1,1.216000258E1
1.203758787E1,5.843272686E0,-4.689932466E-1,9.442078590E0,1.111380396E1
1.203996344E1,-6.441478729E0,6.364908218E-1,8.910871506E0,1.101369147E1
1.204233896E1,3.818944931E0,-1.627119333E-1,1.151426220E1,1.213214942E1
1.204471448E1,-2.589034081E0,-4.785645306E-1,7.853243828E0,8.282847343E0
1.204709006E1,-1.914258152E-1,-6.843472719E-1,1.212203979E1,1.214285073E1
1.204946558E1,3.790230989E0,-3.828516304E-1,8.303094864E0,9.135305722E0
1.205184115E1,-6.058627129E0,3.349951804E-1,1.028913784E1,1.194510536E1
1.205421667E1,5.493920803E0,-5.551348329E-1,1.045184898E1,1.182084970E1
1.205659219E1,-4.302295208E0,1.531406492E-1,8.676374435E0,9.685694062E0
1.205896776E1,2.483749866E0,-5.886343718E-1,1.206461143E1,1.233168086E1
1.206134323E1,3.828516304E-1,-3.541377485E-1,7.365108013E0,7.383549618E0
1.206371886E1,-3.641875982E0,-3.302095234E-1,1.150947666E1,1.207643789E1
1.206609438E1,6.135197163E0,-5.742774606E-1,9.556933403E0,1.137125388E1
1.206846990E1,-5.680561066E0,4.450650215E-1,9.097511292E0,1.073459681E1
1.207084547E1,4.158725739E0,-2.632105052E-1,1.144726372E1,1.218212322E1
1.207322099E1,-2.718246460E0,-4.594219327E-1,7.853243828E0,8.323062594E0
1.207559657E1,1.004985496E-1,-5.694918036E-1,1.238046455E1,1.239396319E1
1.207797209E1,4.173082829E0,-4.546363056E-1,8.169096947E0,9.184522818E0
1.208034761E1,-5.728417397E0,2.536391914E-1,1.018385315E1,1.168717090E1
1.208272318E1,5.254638672E0,-6.508477330E-1,1.023649502E1,1.152478462E1
1.208509870E1,-4.402793884E0,-9.571290761E-2,8.910871506E0,9.939687417E0
1.208747428E1,3.000599623E0,-5.455635786E-1,1.236132145E1,1.273198750E1
1.208984980E1,3.254238665E-1,-1.292124242E-1,7.322037220E0,7.330404190E0
1.209222532E1,-4.163511276E0,-6.699903309E-2,1.133719349E1,1.207771796E1
1.209460089E1,5.781059742E0,-1.048056364E0,9.595218658E0,1.125110195E1
1.209697641E1,-5.493920803E0,2.153540403E-1,9.418149948E0,1.090555325E1
1.209935198E1,4.354937077E0,-4.163511395E-1,1.133240795E1,1.214752218E1
1.210172751E1,-3.431307554E0,-6.077769399E-1,7.508677483E0,8.277892357E0
1.210410302E1,-3.493520916E-1,3.349951804E-1,1.298824120E1,1.299725656E1
1.210647860E1,3.546163082E0,-9.619147182E-1,7.637889862E0,8.475724988E0
1.210885412E1,-5.809773445E0,-3.349951655E-2,1.077727318E1,1.224353735E1
1.211122964E1,5.173282623E0,-9.714859724E-1,9.858428955E0,1.117565477E1
1.211360521E1,-4.943571568E0,1.215553880E0,9.064012527E0,1.039580657E1
1.211598073E1,2.148754835E0,-1.301695466E0,1.218425274E1,1.244056161E1
1.211835631E1,1.722832322E-1,-3.541377485E-1,7.657032490E0,7.667153423E0
1.212073183E1,-3.742374659E0,-1.962114573E-1,1.161954689E1,1.220892038E1
1.212310740E1,5.187639713E0,-4.689932466E-1,9.068798065E0,1.045823402E1
1.212548292E1,-6.254838467E0,3.684946895E-1,9.662218094E0,1.151595637E1
1.212785844E1,4.436293125E0,-5.647061467E-1,1.139940739E1,1.224524718E1
1.213023402E1,-3.101098061E0,-2.153540403E-1,7.771887779E0,8.370509315E0
1.213260954E1,-1.100698471E0,-3.493520916E-1,1.219861031E1,1.225314969E1
1.213498511E1,3.713660717E0,-1.081555843E0,8.398807526E0,9.246675447E0
1.213736063E1,-5.178068161E0,4.594219327E-1,1.075813103E1,1.194825684E1
1.213973615E1,4.914857864E0,-6.460621357E-1,9.839286804E0,1.101747652E1
1.214211172E1,-5.694917679E0,3.349951804E-1,8.638090134E0,1.035185540E1
1.214448724E1,2.656033039E0,-8.853443861E-1,1.250489140E1,1.281447053E1
1.214686282E1,1.019342422E0,2.823530734E-1,7.594819069E0,7.668119647E0
1.214923834E1,-4.235296249E0,-7.322037220E-1,1.123669529E1,1.203067652E1
1.215161386E1,5.661418438E0,-5.264210105E-1,9.647860527E0,1.119866021E1
1.215398943E1,-6.068198204E0,2.009970993E-1,8.953942299E0,1.081834146E1
1.215636495E1,4.575077057E0,-5.503492355E-1,1.235175037E1,1.318332096E1
1.215874052E1,-2.153540373E0,3.828516230E-2,7.556533813E0,7.857506294E0
1.216111605E1,-1.856830359E0,-3.445664644E-1,1.179661560E1,1.194682739E1
1.216349157E1,4.637290478E0,-9.332008362E-1,8.920442581E0,1.009701058E1
1.216586714E1,-5.446064472E0,-3.254238665E-1,1.000678444E1,1.139742312E1
1.216824266E1,5.886343479E0,-5.264209956E-2,1.138504982E1,1.281683152E1
1.217061823E1,-4.541577339E0,2.823530734E-1,7.546962738E0,8.812621321E0
1.217299376E1,3.876372576E-1,-6.699903607E-1,1.220818138E1,1.223269563E1
1.217536928E1,3.005385160E0,-1.244267821E0,8.652446747E0,9.243666863E0
1.217774485E1,-4.043870449E0,2.919243574E-1,1.091605663E1,1.164467262E1
1.218012037E1,5.245067120E0,-2.392822653E-1,9.714859962E0,1.104293843E1
1.218249594E1,-6.192625046E0,-4.307080805E-2,8.513663292E0,1.052772163E1
1.218487146E1,3.555734396E0,-1.071984529E0,1.279681587E1,1.332482249E1
1.218724704E1,5.838487148E-1,-4.354937077E-1,7.781459332E0,7.815474613E0
1.218962256E1,-3.302095175E0,-9.571290761E-2,1.143290615E1,1.190060236E1
1.219199808E1,4.847858906E0,-2.967100143E-1,9.212367058E0,1.041429208E1
1.219437365E1,-6.159125328E0,2.392822690E-2,9.327222824E0,1.117732003E1
1.219674917E1,4.977071285E0,-9.427721500E-1,1.183011532E1,1.286902041E1
1.219912464E1,-2.689532757E0,-3.589234054E-1,7.982456207E0,8.431015334E0
1.220150026E1,-9.427721500E-1,-3.158525825E-1,1.198325539E1,1.202443312E1
1.220387579E1,3.263810158E0,-6.795616150E-1,8.528019905E0,9.156494102E0
1.220625136E1,-5.216353416E0,-6.699903309E-2,1.067677498E1,1.188311221E1
1.220862688E1,5.493920803E0,-5.647061467E-1,1.035613632E1,1.173676354E1
1.221100240E1,-5.383851051E0,5.742774159E-2,8.341380119E0,9.928130357E0
1.221337797E1,1.880758643E0,-8.183453679E-1,1.244746304E1,1.261531919E1
1.221575349E1,8.183453679E-1,-8.997012973E-1,8.054241180E0,8.145548021E0
1.221812907E1,-3.397808075E0,4.354937077E-1,1.154297638E1,1.204055888E1
1.222050459E1,4.843072891E0,-6.269195080E-1,8.891729355E0,1.014451744E1
1.222288016E1,-6.819544315E0,-1.674975902E-1,9.169296265E0,1.142848346E1
1.222525568E1,4.857429981E0,-9.140582681E-1,1.211725426E1,1.308655720E1
1.222763120E1,-2.301895380E0,-1.914258152E-1,7.872386456E0,8.204257108E0
1.223000678E1,-1.316052437E0,-1.818545163E-1,1.205025482E1,1.212327127E1
1.223238230E1,3.077169895E0,-3.397808075E-1,8.188239098E0,8.753952540E0
1.223475782E1,-5.565705299E0,-1.962114573E-1,1.032742214E1,1.173333808E1
1.223713339E1,5.647061348E0,-8.757730722E-1,1.067198944E1,1.210568622E1
1.223950891E1,-4.867001057E0,1.914258152E-1,8.322237015E0,9.642819715E0
1.224188438E1,1.579262972E0,-3.254238665E-1,1.207896900E1,1.218611769E1
1.224426001E1,3.254238665E-1,-4.642075896E-1,7.771887779E0,7.792536752E0
1.224663552E1,-3.354737282E0,-2.057827413E-1,1.151426220E1,1.199478398E1
1.224901110E1,5.517848969E0,-6.029912829E-1,9.245866776E0,1.078407660E1
1.225138662E1,-6.350551128E0,2.823530734E-1,9.044869423E0,1.105526507E1
1.225376219E1,4.206582069E0,-5.312066078E-1,1.183490086E1,1.257149122E1
1.225613771E1,-2.177468538E0,-3.349951655E-2,8.121239662E0,8.408152300E0
1.225851329E1,-5.742774606E-1,-2.871387303E-1,1.192582798E1,1.194309911E1
1.226088881E1,3.297309637E0,-5.264210105E-1,7.987242222E0,8.657101607E0
1.226326433E1,-5.618347645E0,-3.110669553E-1,1.067677498E1,1.206880760E1
1.226563990E1,6.259624004E0,-6.077769399E-1,1.062891865E1,1.235014968E1
1.226801537E1,-4.857429981E0,8.805587292E-1,8.427521706E0,9.766940759E0
1.227039094E1,2.009970903E0,-3.684946895E-1,1.178704453E1,1.196286713E1
1.227276652E1,-2.249253243E-1,-9.044869542E-1,7.647460938E0,7.704047433E0
1.227514204E1,-2.373680115E0,-4.881358147E-1,1.196889877E1,1.221176366E1
1.227751761E1,5.843272686E0,-5.120640397E-1,9.178867340E0,1.089300927E1
1.227989313E1,-6.374479294E0,6.173482537E-1,9.265008926E0,1.126301450E1
1.228226865E1,4.177868366E0,-2.392822653E-1,1.126062298E1,1.201305415E1
1.228464422E1,-2.885744095E0,-6.173482537E-1,8.025527000E0,8.550890099E0
1.228701974E1,8.470591903E-1,-6.460621357E-1,1.253839111E1,1.258356695E1
1.228939532E1,3.053241730E0,-3.732803464E-1,7.838887215E0,8.420794264E0
1.229177079E1,-5.642275810E0,0.000000000E0,1.071506023E1,1.210982213E1
1.229414641E1,5.809773445E0,-7.178468108E-1,1.024606609E1,1.180045092E1
1.229652193E1,-4.766502857E0,3.589234054E-1,8.939585686E0,1.013728601E1
1.229889745E1,2.904886723E0,-7.944171429E-1,1.170090294E1,1.208224296E1
1.230127302E1,-5.599204898E-1,4.450650215E-1,7.910671711E0,7.942941568E0
1.230364855E1,-3.249453068E0,-1.258624673E0,1.136112213E1,1.188352546E1
1.230602412E1,5.929414749E0,-3.254238665E-1,9.556933403E0,1.125161482E1
1.230839959E1,-5.915057659E0,6.987041831E-1,9.317651749E0,1.105869471E1
1.231077516E1,4.316651821E0,-7.561319470E-1,1.077248764E1,1.162977680E1
1.231315073E1,-3.747160196E0,-6.269195080E-1,8.293522835E0,9.122321997E0
1.231552626E1,1.292124271E0,2.009970993E-1,1.289252853E1,1.295867574E1
1.231790183E1,2.589034081E0,-2.679961324E-1,7.384250641E0,7.829564287E0
1.232027735E1,-5.627918720E0,-1.024128079E0,1.038006496E1,1.185192204E1
1.232265287E1,6.053841114E0,1.483550072E-1,1.070070267E1,1.229536657E1
1.232502844E1,-5.450850010E0,6.221339107E-1,8.384450912E0,1.001987193E1
1.232740396E1,2.751745939E0,-1.052842021E0,1.159083271E1,1.195943080E1
1.232977954E1,-1.531406492E-1,-6.747759581E-1,8.130811691E0,8.160200574E0
1.233215506E1,-2.904886723E0,5.264210105E-1,1.186361504E1,1.222541810E1
1.233453058E1,5.259424210E0,-4.833501875E-1,8.681160927E0,1.016158085E1
1.233690615E1,-6.101697922E0,-1.866401732E-1,9.504291534E0,1.129588906E1
1.233928162E1,4.843072891E0,-4.546363056E-1,1.156211948E1,1.254370982E1
1.234165724E1,-3.029313564E0,4.833501875E-1,7.657032490E0,8.248667445E0
1.234403277E1,-8.231309652E-1,-5.455635786E-1,1.160997581E1,1.165189781E1
1.234640829E1,3.885943890E0,-5.694918036E-1,8.977870941E0,9.799339134E0
1.234878386E1,-5.154139996E0,-4.785645381E-2,1.009292603E1,1.133289924E1
1.235115938E1,5.422136307E0,-3.445664644E-1,1.018385315E1,1.154249337E1
1.235353490E1,-5.288137913E0,1.531406492E-1,8.437092781E0,9.958533488E0
1.235591047E1,2.813959360E0,-5.599204898E-1,1.253360462E1,1.285780397E1
1.235828599E1,7.465606928E-1,-1.818545163E-1,7.451249599E0,7.490763948E0
1.236066157E1,-4.000799656E0,-1.196411327E-1,1.111705399E1,1.181565069E1
1.236303709E1,5.493920803E0,-6.891329288E-1,9.576076508E0,1.106161432E1
1.236541266E1,-5.599205017E0,2.775674164E-1,9.355937004E0,1.090695639E1
1.236778818E1,4.407579422E0,-5.216353536E-1,1.171047401E1,1.252334067E1
1.237016376E1,-2.431107759E0,-4.307080805E-2,7.551748276E0,7.933539062E0
1.237253928E1,-1.780260086E0,-6.891329288E-1,1.180140114E1,1.195480234E1
1.237491480E1,4.752145767E0,-8.279166222E-1,9.145368576E0,1.033954069E1
1.237729037E1,-5.364708424E0,1.579262912E-1,1.011206818E1,1.144809853E1
1.237966589E1,5.158925533E0,-2.201396823E-1,1.038963604E1,1.160204771E1
1.238204141E1,-5.211567879E0,3.158525825E-1,8.173882484E0,9.699100859E0
1.238441698E1,1.818545222E0,-1.071984529E0,1.228953743E1,1.246952236E1
1.238679250E1,2.009970903E0,-7.034898400E-1,8.178668022E0,8.451360340E0
1.238916808E1,-4.206582069E0,-2.344966233E-1,1.120319557E1,1.196920684E1
1.239154360E1,5.359922886E0,-4.881358147E-1,9.408578873E0,1.083920690E1
1.239391912E1,-6.226124287E0,1.339980662E-1,9.131011009E0,1.105250837E1
1.239629469E1,4.426722050E0,-8.039883971E-1,1.236610699E1,1.315913627E1
1.239867021E1,-1.517049551E0,-3.349951804E-1,7.566105366E0,7.723963459E0
1.240104579E1,-2.225325108E0,-5.886343718E-1,1.181575775E1,1.203788576E1
1.240342126E1,4.498506546E0,-8.279166222E-1,9.011369705E0,1.010578008E1
1.240579688E1,-5.522634506E0,6.699903309E-2,1.024606609E1,1.163983897E1
1.240817240E1,5.278566837E0,-5.312066078E-1,1.073420238E1,1.197366064E1
1.241054792E1,-4.603790760E0,8.135596663E-2,8.102097511E0,9.319092887E0
1.241292349E1,8.901300430E-1,-1.024128079E0,1.222732353E1,1.230238231E1
1.241529902E1,2.206182480E0,-7.465606928E-1,8.260024071E0,8.582108811E0
1.241767459E1,-4.091726780E0,-1.674975902E-1,1.114576817E1,1.187427604E1
1.242005011E1,5.273781300E0,-2.632105052E-1,9.504291534E0,1.087260808E1
1.242242563E1,-6.546762943E0,5.264210105E-1,8.853444099E0,1.102364262E1
1.242480120E1,3.857230186E0,-1.234696507E0,1.189232826E1,1.256304787E1
1.242717672E1,-9.188438654E-1,-5.168496966E-1,8.236095428E0,8.303293055E0
1.242955230E1,-2.009970903E0,-2.536391914E-1,1.178704453E1,1.195988020E1
1.243192782E1,4.211368084E0,-3.541377485E-1,8.432307243E0,9.432117479E0
1.243430334E1,-6.326622963E0,-3.349951655E-2,9.982855797E0,1.181882778E1
1.243667891E1,5.436492920E0,-7.274180651E-1,1.133719349E1,1.259430619E1
1.243905443E1,-3.862015724E0,1.148554832E-1,8.092526436E0,8.967571653E0
1.244143000E1,4.402793646E-1,-4.163511395E-1,1.216032505E1,1.217541373E1
1.244380552E1,1.670190215E0,-6.556333899E-1,7.963313580E0,8.162950059E0
1.244618105E1,-4.096512318E0,-1.100698411E-1,1.143769264E1,1.214966426E1
1.244855662E1,5.809773445E0,-4.354937077E-1,9.662218094E0,1.128280022E1
1.245093214E1,-6.278766632E0,6.077769399E-1,8.743373871E0,1.078141409E1
1.245330771E1,3.220739365E0,-9.044869542E-1,1.198325539E1,1.244144961E1
1.245568323E1,-7.369893789E-1,-4.211367965E-1,8.212167740E0,8.255919606E0
1.245805876E1,-1.732403636E0,-3.062812984E-1,1.184447193E1,1.197441213E1
1.246043433E1,4.493721008E0,-1.914258152E-1,8.480163574E0,9.599132596E0
1.246280980E1,-6.565905571E0,1.674975902E-1,9.714859962E0,1.172679306E1
1.246518542E1,5.536991596E0,-8.757730722E-1,1.147597694E1,1.277197327E1
1.246756094E1,-3.474378586E0,-1.866401732E-1,8.236095428E0,8.940884130E0
1.246993646E1,9.762716293E-1,-3.541377485E-1,1.228953743E1,1.233333897E1
1.247231204E1,1.569691658E0,-2.057827413E-1,7.728816986E0,7.889289603E0
1.247468756E1,-4.685146809E0,-1.962114573E-1,1.117448139E1,1.211850378E1
1.247706313E1,6.206982136E0,-7.465606928E-1,1.003549862E1,1.182350255E1
1.247943865E1,-5.661418438E0,1.244267747E-1,8.623732567E0,1.031677780E1
1.248181422E1,3.354737282E0,-5.982056856E-1,1.217946720E1,1.264719469E1
1.248418974E1,-1.311266780E0,-4.833501875E-1,7.695317745E0,7.821186813E0
1.248656521E1,-1.737189293E0,-3.158525825E-1,1.211246777E1,1.224048467E1
1.248894084E1,4.957928658E0,-4.881358147E-1,8.743373871E0,1.006309693E1
1.249131636E1,-6.412764549E0,1.579262912E-1,9.437292099E0,1.141100224E1
1.249369193E1,4.957928658E0,-9.571290612E-1,1.143290615E1,1.249833972E1
1.249606745E1,-3.014956474E0,-1.292124242E-1,8.470592499E0,8.992085168E0
1.249844297E1,7.369893789E-1,-5.072783828E-1,1.213639641E1,1.216933040E1
1.250081855E1,2.062613010E0,-2.249253243E-1,7.642675400E0,7.919308751E0
1.250319407E1,-5.441278458E0,-2.823530734E-1,1.072941685E1,1.203360380E1
1.250556964E1,6.293123722E0,-9.714859724E-1,1.041356373E1,1.220612554E1
1.250794516E1,-5.197210789E0,2.775674164E-1,8.647661209E0,1.009307129E1
1.251032068E1,2.914458036E0,-3.924229145E-1,1.203589821E1,1.238995186E1
1.251269626E1,-1.339980721E0,-2.727817893E-1,7.484749317E0,7.608641835E0
1.251507178E1,-2.493321180E0,-6.364908218E-1,1.173440266E1,1.201324173E1
1.251744735E1,5.723631859E0,-7.082754970E-1,9.456435204E0,1.107636143E1
1.251982287E1,-6.240481377E0,2.919243574E-1,9.164510727E0,1.109130671E1
1.252219839E1,4.364508629E0,-2.775674164E-1,1.125583744E1,1.207558925E1
1.252457396E1,-3.565305710E0,-1.387837082E-1,8.106883049E0,8.857325696E0
1.252694943E1,8.135597110E-1,-4.737788737E-1,1.230389404E1,1.233986039E1
1.252932506E1,2.483749866E0,-1.048056364E0,7.695317745E0,8.153854962E0
1.253170058E1,-5.039284706E0,5.694918036E-1,1.142333508E1,1.249845172E1
1.253407605E1,5.350351334E0,-2.344966233E-1,9.413364410E0,1.083017440E1
1.253645167E1,-5.369493961E0,-1.004985496E-1,8.796015739E0,1.030589434E1
1.253882719E1,3.321237803E0,-8.374879360E-1,1.227517986E1,1.274409853E1
1.254120277E1,-3.302095234E-1,-3.684946895E-1,7.298109055E0,7.314863118E0
1.254357829E1,-3.349951744E0,9.571290575E-3,1.180140114E1,1.226765410E1
1.254595381E1,5.465207100E0,-2.488535494E-1,9.207581520E0,1.071027423E1
1.254832938E1,-5.905486107E0,-4.929214716E-1,9.442078590E0,1.114767177E1
1.255070490E1,4.986642361E0,9.571290575E-3,1.151904774E1,1.255209761E1
1.255308047E1,-3.929014683E0,1.770688742E-1,7.475177765E0,8.446703048E0
1.255545599E1,1.818545163E-1,-7.322037220E-1,1.215553856E1,1.217892898E1
1.255783157E1,3.235096216E0,-9.188438654E-1,8.317451477E0,8.971628651E0
1.256020709E1,-4.876572609E0,-3.206382394E-1,1.077727318E1,1.183357032E1
1.256258261E1,5.479563713E0,4.785645381E-2,1.018863869E1,1.156876255E1
1.256495818E1,-5.493920803E0,5.072783828E-1,8.628518105E0,1.024167085E1
1.256733370E1,2.967100143E0,-6.317051649E-1,1.219861031E1,1.257015625E1
1.256970928E1,-2.153540403E-1,-1.153340459E0,7.494320393E0,7.585605429E0
1.257208480E1,-2.794816732E0,-9.571290761E-2,1.192582798E1,1.224930751E1
1.257446032E1,5.316852093E0,-6.125625968E-1,9.016156197E0,1.048499984E1
1.257683589E1,-6.216553211E0,5.024927258E-1,9.719645500E0,1.154857313E1
1.257921141E1,4.680361271E0,-3.972085714E-1,1.122233772E1,1.216570673E1
1.258158693E1,-3.522234917E0,-5.647061467E-1,7.613961697E0,8.408177244E0
1.258396250E1,2.536391914E-1,-8.949156404E-1,1.271545982E1,1.274943628E1
1.258633803E1,3.412165165E0,-5.359922647E-1,8.341380119E0,9.028221371E0
1.258871360E1,-5.063212872E0,2.440679073E-1,1.065763187E1,1.180172915E1
1.259108912E1,5.082355499E0,-3.493520916E-1,9.805787086E0,1.105015134E1
1.259346469E1,-5.580062389E0,9.571290761E-2,8.657232285E0,1.030019068E1
1.259584021E1,3.804588079E0,-9.571290612E-1,1.257188988E1,1.316979125E1
1.259821579E1,-3.206382394E-1,-7.465606928E-1,7.484749317E0,7.528720614E0
1.260059131E1,-3.034099102E0,-2.344966233E-1,1.204546928E1,1.242393160E1
1.260296683E1,5.058426857E0,-1.387837082E-1,8.738588333E0,1.009801313E1
1.260534240E1,-6.087340832E0,6.699903309E-2,9.748359680E0,1.149307286E1
1.260771792E1,5.029713154E0,-1.043270707E0,1.149990559E1,1.259500920E1
1.261009344E1,-2.947957516E0,-2.249253243E-1,7.963313580E0,8.494433947E0
1.261246902E1,-2.967100143E-1,-3.732803464E-1,1.220818138E1,1.221749024E1
1.261484448E1,2.895315409E0,-5.790630579E-1,8.307880402E0,8.816974657E0
1.261722011E1,-4.843072891E0,2.871387079E-2,1.088255692E1,1.191160042E1
1.261959563E1,5.580062389E0,-5.168496966E-1,9.930213928E0,1.140234092E1
1.262197120E1,-5.766702652E0,-6.699903309E-2,8.542376518E0,1.030686882E1
1.262434672E1,3.220739365E0,-8.709874153E-1,1.253360462E1,1.297008196E1
1.262672224E1,-6.699903309E-2,-2.344966233E-1,7.848458290E0,7.852246498E0
1.262909782E1,-2.904886723E0,-1.674975902E-1,1.145204926E1,1.181591530E1
1.263147334E1,4.771288395E0,-3.302095234E-1,8.829515457E0,1.004164202E1
1.263384891E1,-6.379265308E0,-4.785645381E-2,9.604789734E0,1.153036435E1
1.263622443E1,5.465207100E0,-8.279166222E-1,1.151904774E1,1.277663474E1
1.263859995E1,-3.517449379E0,-8.135596663E-2,8.169096947E0,8.894560914E0
1.264097552E1,1.339980662E-1,-2.584248483E-1,1.211246777E1,1.211596526E1
1.264335105E1,1.976471543E0,-5.838487148E-1,7.858029366E0,8.123788808E0
1.264572662E1,-4.436293125E0,-2.775674164E-1,1.126540947E1,1.211062306E1
1.264810214E1,5.972485542E0,-5.934200287E-1,9.911071777E0,1.158671975E1
1.265047766E1,-6.039484501E0,5.312066078E-1,8.513663292E0,1.045179488E1
1.265285323E1,2.885744095E0,-6.269195080E-1,1.196889877E1,1.232781752E1
1.265522876E1,-9.140582681E-1,-5.934200287E-1,8.063812256E0,8.137119757E0
1.265760433E1,-1.698904037E0,-3.206382394E-1,1.194018459E1,1.206470439E1
1.265997985E1,4.503292084E0,-3.972085714E-1,8.437092781E0,9.571935480E0
1.266235542E1,-6.652047157E0,2.344966233E-1,9.839286804E0,1.187923755E1
1.266473094E1,5.321637630E0,-8.949156404E-1,1.113619614E1,1.237479557E1
1.266710646E1,-3.699303865E0,4.785645287E-3,8.504091263E0,9.273857892E0
1.266948204E1,1.282552958E0,-4.402793646E-1,1.202632618E1,1.210253318E1
1.267185756E1,8.614161611E-1,-4.354937077E-1,7.489534855E0,7.551478326E0
1.267423313E1,-4.378865242E0,-5.503492355E-1,1.147119141E1,1.229087374E1
1.267660865E1,6.240481377E0,-6.364908218E-1,1.004506969E1,1.184281020E1
1.267898417E1,-5.881557941E0,3.732803464E-1,8.791230202E0,1.058384573E1
1.268135974E1,3.445664644E0,-2.440679073E-1,1.168175983E1,1.218177683E1
1.268373527E1,-2.555534601E0,-5.503492355E-1,7.618747234E0,8.054747097E0
1.268611084E1,-6.029912829E-1,-1.244267821E0,1.233260822E1,1.240987617E1
1.268848636E1,4.441078663E0,-1.962114573E-1,8.690732002E0,9.761685375E0
1.269086193E1,-6.058627129E0,6.508477330E-1,1.026999474E1,1.194166476E1
1.269323745E1,4.957928658E0,-6.412764788E-1,9.978070259E0,1.116038432E1
1.269561297E1,-4.465006828E0,-3.637090325E-1,8.939585686E0,9.999238094E0
1.269798855E1,2.904886723E0,-7.274180651E-1,1.242832088E1,1.278400031E1
1.270036407E1,2.967100143E-1,-2.679961324E-1,7.393822193E0,7.404624594E0
1.270273964E1,-4.034298897E0,-4.067798555E-1,1.149033451E1,1.218477840E1
1.270511516E1,5.919843197E0,-8.039883971E-1,9.710074425E0,1.140072305E1
1.270749068E1,-5.532206059E0,3.349951804E-1,9.494720459E0,1.099396390E1
1.270986626E1,4.465006828E0,-2.536391914E-1,1.110748291E1,1.197400499E1
1.271224178E1,-3.488735437E0,-5.264209956E-2,7.752745152E0,8.501711800E0
1.271461735E1,-4.785645381E-2,-8.183453679E-1,1.225603771E1,1.228342134E1
1.271699287E1,3.790230989E0,-6.699903607E-1,8.542376518E0,9.369468214E0
1.271936839E1,-5.063212872E0,1.435693540E-2,1.057149029E1,1.172146482E1
1.272174396E1,5.268995285E0,-2.488535494E-1,9.911071777E0,1.122735869E1
1.272411948E1,-5.589633465E0,1.292124242E-1,8.695517540E0,1.033792646E1
1.272649506E1,3.460021496E0,-7.130611539E-1,1.242353535E1,1.291605340E1
1.272887058E1,-1.674975902E-1,-2.632105052E-1,7.570890903E0,7.577316430E0
1.273124610E1,-3.278167009E0,-1.244267747E-1,1.158126163E1,1.203692162E1
1.273362167E1,5.111069202E0,-7.657032609E-1,9.044869423E0,1.041724497E1
1.273599719E1,-5.546562672E0,2.679961324E-1,1.002114105E1,1.145685155E1
1.273837277E1,4.957928658E0,-4.354937077E-1,1.105005455E1,1.211917559E1
1.274074829E1,-3.919443607E0,1.722832322E-1,8.030312538E0,8.937429114E0
1.274312381E1,-5.264209956E-2,-7.657032609E-1,1.215553856E1,1.217974508E1
1.274549938E1,2.962314367E0,-5.551348329E-1,8.470592499E0,8.990796315E0
1.274787490E1,-4.450650215E0,-1.052841991E-1,1.083948612E1,1.171809846E1
1.275025047E1,5.249852657E0,-2.201396823E-1,9.671789169E0,1.100694872E1
1.275262599E1,-6.417550564E0,3.014956415E-1,8.604590416E0,1.073847434E1
1.275500157E1,3.718446493E0,-9.858429432E-1,1.238525009E1,1.296893020E1
1.275737709E1,-8.997012973E-1,-2.967100143E-1,7.891529083E0,7.948190393E0
1.275975261E1,-2.210968018E0,-1.866401732E-1,1.169611740E1,1.190472076E1
1.276212818E1,4.058227062E0,-5.120640397E-1,8.422736168E0,9.363434254E0
1.276450370E1,-6.025127411E0,-1.866401732E-1,1.027478027E1,1.191251882E1
1.276687922E1,5.661418438E0,-6.029912829E-1,1.105962658E1,1.243907542E1
1.276925480E1,-4.350151539E0,2.009970993E-1,8.073383331E0,9.172989516E0
1.277163032E1,6.939185858E-1,-3.732803464E-1,1.217468166E1,1.220015307E1
1.277400589E1,1.162911773E0,-8.518448472E-1,7.810173035E0,7.942090799E0
1.277638136E1,-3.651447296E0,-3.828516304E-1,1.166261768E1,1.222686771E1
1.277875698E1,5.771488190E0,-5.599204898E-1,9.418149948E0,1.106006941E1
1.278113250E1,-6.561119556E0,5.024927258E-1,8.930013657E0,1.109260712E1
1.278350808E1,3.598805189E0,-8.470591903E-1,1.176311588E1,1.233044214E1
1.278588360E1,-1.651047587E0,-4.450650215E-1,8.255238533E0,8.430480665E0
1.278825912E1,-8.757730722E-1,-4.498506486E-1,1.201196957E1,1.205225112E1
1.279063469E1,3.670589924E0,-3.541377485E-1,7.987242222E0,8.797424751E0
1.279301021E1,-6.288337708E0,-4.785645381E-2,1.034656525E1,1.210772042E1
1.279538573E1,5.886343479E0,-9.332008362E-1,1.076770210E1,1.230704318E1
1.279776131E1,-4.512863636E0,1.100698411E-1,8.542376518E0,9.661793319E0
1.280013683E1,2.129612207E0,-4.259224236E-1,1.215553856E1,1.234802720E1
1.280251240E1,-1.100698411E-1,-4.977070987E-1,7.331608772E0,7.349307104E0
1.280488792E1,-3.345165968E0,-6.077769399E-1,1.184447193E1,1.232278554E1
1.280726349E1,6.168696880E0,-5.790630579E-1,9.542576790E0,1.137756156E1
1.280963902E1,-6.092126369E0,3.589234054E-1,9.073583603E0,1.093493252E1
1.281201454E1,4.000799656E0,-5.120640397E-1,1.123669529E1,1.193867365E1
1.281439011E1,-2.880958557E0,-4.737788737E-1,8.240880966E0,8.742797477E0
1.281676563E1,6.173482537E-1,-5.120640397E-1,1.243310642E1,1.245895115E1
1.281914120E1,3.206382275E0,-6.364908218E-1,7.905886173E0,8.555059558E0
1.282151672E1,-5.599205017E0,5.647061467E-1,1.067677498E1,1.206911404E1
1.282389224E1,5.661418438E0,-8.422735929E-1,9.748359680E0,1.130449468E1
1.282626782E1,-4.905286312E0,1.148554832E-1,8.968298912E0,1.022278881E1
1.282864334E1,3.426522017E0,-1.914258152E-1,1.235175037E1,1.281965032E1
1.283101891E1,-1.100698471E0,-6.652047038E-1,6.982256413E0,7.099714011E0
1.283339443E1,-2.857030153E0,-1.435693540E-2,1.212203979E1,1.245418308E1
1.283577000E1,5.929414749E0,-8.518448472E-1,9.059226990E0,1.086062579E1
1.283814553E1,-5.934200287E0,6.508477330E-1,9.585647583E0,1.129260711E1
1.284052105E1,4.790431023E0,-3.302095234E-1,1.121276665E1,1.219768025E1
1.284289662E1,-4.024727821E0,-5.455635786E-1,7.537391186E0,8.562028938E0
1.284527214E1,1.057627559E0,-6.699903607E-1,1.287817192E1,1.293888616E1
1.284764771E1,3.598805189E0,-4.498506486E-1,8.226524353E0,8.990520971E0
1.285002323E1,-5.594419479E0,3.302095234E-1,1.038006496E1,1.179628400E1
1.285239876E1,5.412564754E0,-2.297109663E-1,1.020299530E1,1.155204473E1
1.285477433E1,-5.182853699E0,-1.004985496E-1,8.585447311E0,1.002905668E1
1.285714985E1,3.335594654E0,-9.571290612E-1,1.247139168E1,1.294518822E1
1.285952542E1,3.876372576E-1,-3.445664644E-1,7.551748276E0,7.569537021E0
1.286190094E1,-4.034298897E0,4.785645287E-3,1.147597694E1,1.216444151E1
1.286427652E1,5.632704735E0,-7.417750359E-1,9.623932838E0,1.117576289E1
1.286665204E1,-5.694917679E0,4.019941986E-1,9.327222824E0,1.093575660E1
1.286902756E1,4.417150497E0,-6.269195080E-1,1.141376400E1,1.225472379E1
1.287140313E1,-2.703889608E0,-2.679961324E-1,7.566105366E0,8.039203403E0
1.287377865E1,-1.631905079E0,-6.317051649E-1,1.222253799E1,1.234716974E1
1.287615417E1,4.756931305E0,-5.455635786E-1,9.025727272E0,1.021713208E1
1.287852974E1,-5.986842155E0,2.679961324E-1,9.767501831E0,1.145941503E1
1.288090526E1,4.608576298E0,-3.589234054E-1,1.060499001E1,1.156864791E1
1.288328084E1,-4.924428940E0,-2.153540403E-1,8.274380684E0,9.631290331E0
1.288565636E1,1.808973908E0,-7.800601721E-1,1.265324593E1,1.280568284E1
1.288803193E1,1.698904037E0,-2.967100143E-1,7.795815945E0,7.984300721E0
1.289040745E1,-5.278566837E0,1.866401732E-1,1.083470058E1,1.205358201E1
1.289278297E1,4.895715237E0,-6.508477330E-1,9.705288887E0,1.088964016E1
1.289515855E1,-5.809773445E0,5.742774159E-2,9.389435768E0,1.104166063E1
1.289753407E1,3.952943087E0,-6.508477330E-1,1.194497108E1,1.259887678E1
1.289990964E1,-1.856830359E0,-9.571290575E-3,7.451249599E0,7.679129585E0
1.290228516E1,-3.230310678E0,-9.571290761E-2,1.172961617E1,1.216667430E1
1.290466073E1,4.809573650E0,-9.762716293E-1,9.049654961E0,1.029472486E1
1.290703626E1,-5.857629776E0,2.488535494E-1,9.896714211E0,1.150298687E1
1.290941178E1,4.809573650E0,-3.876372576E-1,1.088734341E1,1.190867364E1
1.291178735E1,-4.704289436E0,1.674975902E-1,7.872386456E0,9.172396800E0
1.291416287E1,7.657032460E-2,-8.709874153E-1,1.239003563E1,1.242084800E1
1.291653844E1,3.101098061E0,-4.211367965E-1,8.451449394E0,9.012278416E0
1.291891396E1,-5.134997368E0,1.914258115E-2,1.050449181E1,1.169242971E1
1.292128954E1,5.048855782E0,-2.584248483E-1,9.791430473E0,1.101952081E1
1.292366506E1,-6.068198204E0,1.435693651E-1,8.638090134E0,1.055747331E1
1.292604058E1,3.718446493E0,-9.044869542E-1,1.255753326E1,1.312770287E1
1.292841615E1,-3.589234054E-1,-2.727817893E-1,7.518248558E0,7.531752605E0
1.293079167E1,-3.192025423E0,4.785645287E-3,1.153819084E1,1.197158708E1
1.293316724E1,4.972285271E0,-1.019342422E0,9.059226990E0,1.038423196E1
1.293554277E1,-5.589633465E0,6.843472719E-1,1.002114105E1,1.149502507E1
1.293791829E1,4.929214478E0,-3.110669553E-1,1.087298584E1,1.194218318E1
1.294029386E1,-3.680161238E0,-2.679961324E-1,7.671389580E0,8.512674477E0
1.294266938E1,-1.722832322E-1,-1.019342422E0,1.256710434E1,1.260955400E1
1.294504495E1,3.996013880E0,-6.843472719E-1,8.566305161E0,9.477238111E0
1.294742047E1,-4.914857864E0,8.374879360E-1,1.046620655E1,1.159304505E1
1.294979599E1,5.020142078E0,-7.896314859E-1,9.566504478E0,1.083251367E1
1.295217157E1,-5.469992638E0,-2.201396823E-1,8.915657043E0,1.046222832E1
1.295454709E1,3.479164124E0,-7.800601721E-1,1.246660614E1,1.296647005E1
1.295692266E1,6.364908218E-1,-8.614161611E-2,7.791030407E0,7.817460953E0
1.295929818E1,-3.675375462E0,-4.785645381E-2,1.132283688E1,1.190450797E1
1.296167365E1,5.091926575E0,-4.546363056E-1,8.949156761E0,1.030639690E1
1.296404928E1,-6.144768715E0,-1.674975902E-1,9.346364975E0,1.118663382E1
1.296642480E1,5.316852093E0,-7.992027402E-1,1.181575775E1,1.298151657E1
1.296880037E1,-2.900100946E0,3.828516230E-2,7.843672752E0,8.362730027E0
1.297117589E1,-1.028913736E0,-2.201396823E-1,1.190668583E1,1.195308715E1
1.297355146E1,3.235096216E0,-8.135597110E-1,8.350951195E0,8.992558745E0
1.297592698E1,-5.115854740E0,-1.052841991E-1,1.086341476E1,1.200819865E1
1.297830250E1,5.838487148E0,-4.833501875E-1,1.020778179E1,1.176946765E1
1.298067808E1,-5.623133183E0,5.168496966E-1,8.274380684E0,1.001759133E1
1.298305360E1,1.622333765E0,-5.407779217E-1,1.205504036E1,1.217573019E1
1.298542917E1,7.369893789E-1,-5.694918036E-1,7.843672752E0,7.898776899E0
1.298780469E1,-3.460021496E0,-2.632105052E-1,1.151426220E1,1.202577492E1
1.299018021E1,5.312066078E0,-3.828516304E-1,9.202795982E0,1.063278305E1
1.299255579E1,-6.900900364E0,5.216353536E-1,9.092725754E0,1.142681893E1
1.299493131E1,4.307080746E0,-8.183453679E-1,1.185404301E1,1.263878828E1
1.299730688E1,-2.100898266E0,-2.871387079E-2,8.082955360E0,8.351572628E0
1.299968240E1,-1.138983607E0,-1.387837082E-1,1.165783215E1,1.171416215E1
1.300205792E1,3.168097258E0,-5.599204898E-1,8.078168869E0,8.695237976E0
1.300443349E1,-5.977271080E0,-1.100698411E-1,1.055713367E1,1.213231043E1
1.300680902E1,6.010770321E0,-4.402793646E-1,1.081555843E1,1.238141793E1
1.300918459E1,-4.996213913E0,4.737788737E-1,8.197810173E0,9.612008714E0
1.301156011E1,1.397408366E0,-5.264209956E-2,1.209332561E1,1.217390840E1
1.301393568E1,2.632105052E-1,-2.967100143E-1,7.566105366E0,7.576494375E0
1.301631120E1,-3.584448338E0,-3.684946895E-1,1.132283688E1,1.188236900E1
1.301868672E1,5.867201328E0,-7.609176040E-1,9.537791252E0,1.122374755E1
1.302106230E1,-6.474977970E0,5.647061467E-1,8.949156761E0,1.106036344E1
1.302343782E1,3.847658873E0,-4.929214716E-1,1.173440266E1,1.235895044E1
1.302581339E1,-2.014756680E0,-1.100698411E-1,8.250452042E0,8.493604579E0
1.302818891E1,-1.033699393E0,-3.158525825E-1,1.172004509E1,1.176978140E1
1.303056443E1,3.948157310E0,-5.694918036E-1,8.188239098E0,9.108212041E0
1.303294000E1,-6.211767673E0,-1.914258115E-2,1.031306553E1,1.203934154E1
1.303531553E1,5.982056618E0,-6.077769399E-1,1.084427261E1,1.239970333E1
1.303769110E1,-4.522434711E0,3.972085714E-1,8.389236450E0,9.538840526E0
1.304006662E1,1.641476393E0,-1.435693651E-1,1.213161087E1,1.224299960E1
1.304244219E1,5.455635786E-1,-2.775674164E-1,7.369893551E0,7.395269721E0
1.304481771E1,-3.895515203E0,-5.790630579E-1,1.139462185E1,1.205602587E1
1.304719323E1,6.417550564E0,-5.742774606E-1,1.009292603E1,1.197421837E1
1.304956881E1,-6.106483459E0,5.742774606E-1,8.652446747E0,1.060583658E1
1.305194433E1,3.713660717E0,-4.977070987E-1,1.153340530E1,1.212676487E1
1.305431990E1,-2.105684042E0,-4.354937077E-1,8.102097511E0,8.382573837E0
1.305669542E1,-4.689932466E-1,-3.828516304E-1,1.228475189E1,1.229966093E1
1.305907094E1,4.316651821E0,-4.594219327E-1,8.202595711E0,9.280470239E0
1.306144652E1,-6.254838467E0,1.531406492E-1,1.004985523E1,1.183832955E1
1.306382204E1,5.383851051E0,-8.039883971E-1,1.085862923E1,1.214669001E1
1.306619761E1,-3.842873096E0,4.307080805E-2,8.815158844E0,9.616473063E0
1.306857313E1,1.890329838E0,-6.269195080E-1,1.206461143E1,1.222788715E1
1.307094865E1,9.619147182E-1,-1.148554832E-1,7.532605648E0,7.594644136E0
1.307332422E1,-4.670789719E0,-1.674975902E-1,1.133719349E1,1.226280100E1
1.307569974E1,6.283552170E0,-9.523434043E-1,9.858428955E0,1.172939075E1
1.307807532E1,-5.761917114E0,2.536391914E-1,9.097511292E0,1.077166344E1
1.308045084E1,3.962514400E0,-4.498506486E-1,1.167218876E1,1.233466158E1
1.308282641E1,-2.646461725E0,-2.057827413E-1,7.623532772E0,8.072444371E0
1.308520193E1,-1.234696507E0,-7.130611539E-1,1.237567902E1,1.245754241E1
1.308757750E1,4.838287354E0,-4.354937077E-1,8.714659691E0,9.977172586E0
1.308995303E1,-6.053841114E0,2.249253243E-1,9.887143135E0,1.159548115E1
1.309232855E1,4.694717884E0,-6.508477330E-1,1.042792130E1,1.145449786E1
1.309470412E1,-4.527220249E0,-2.392822653E-1,8.824729919E0,9.921130850E0
1.309707964E1,2.531606436E0,-5.694918036E-1,1.248096275E1,1.274785407E1
1.309945521E1,6.939185858E-1,-2.009970993E-1,7.436892986E0,7.471900704E0
1.310183073E1,-4.852644444E0,7.657032460E-2,1.138504982E1,1.237632338E1
1.310420626E1,5.584847927E0,-1.100698471E0,9.499505997E0,1.107441546E1
1.310658183E1,-5.618347645E0,1.387837082E-1,9.513862610E0,1.104982683E1
1.310895735E1,4.321437836E0,-5.551348329E-1,1.163868904E1,1.242747288E1
1.311133292E1,-2.799602509E0,-2.871387079E-2,7.527820110E0,8.031604715E0
1.311370844E1,-1.890329838E0,-7.561319470E-1,1.210289669E1,1.227294548E1
1.311608396E1,4.737788677E0,-6.795616150E-1,9.001798630E0,1.019513728E1
1.311845954E1,-5.608776093E0,-4.785645287E-3,9.978070259E0,1.144640897E1
1.312083506E1,4.867001057E0,-4.115654826E-1,1.044706345E1,1.153248542E1
1.312321063E1,-5.182853699E0,-9.571290575E-3,8.537590981E0,9.987618526E0
1.312558615E1,2.297109842E0,-8.901300430E-1,1.258624744E1,1.282507972E1
1.312796172E1,1.229910851E0,-3.780659735E-1,7.628318787E0,7.736075367E0
1.313033724E1,-4.393222332E0,-1.818545163E-1,1.128933716E1,1.211538720E1
1.313271276E1,5.235496044E0,-8.709874153E-1,9.360722542E0,1.076067676E1
1.313508834E1,-5.838487148E0,1.914258115E-2,9.513862610E0,1.116252124E1
1.313746386E1,4.733003139E0,-6.460621357E-1,1.186361504E1,1.278921721E1
1.313983943E1,-2.493321180E0,-4.785645381E-2,7.594819069E0,7.993761157E0
1.314221495E1,-1.660618901E0,-1.387837082E-1,1.203111267E1,1.214597004E1
1.314459047E1,4.067798615E0,-8.279166222E-1,8.355736732E0,9.330100098E0
1.314696605E1,-5.345565796E0,-3.302095234E-1,1.050927734E1,1.179529662E1
1.314934157E1,5.800201893E0,-6.460621357E-1,1.064806080E1,1.214252597E1
1.315171714E1,-5.297709465E0,2.009970993E-1,8.288737297E0,9.839171276E0
1.315409266E1,1.847259045E0,-8.566305041E-1,1.224646664E1,1.241459330E1
1.315646818E1,1.359123230E0,-4.115654826E-1,8.149953842E0,8.272747411E0
1.315884376E1,-3.651447296E0,-3.349951804E-1,1.123669529E1,1.181983968E1
1.316121928E1,5.455635548E0,-8.470591903E-1,9.049654961E0,1.060083598E1
1.316359480E1,-6.307480335E0,4.307080805E-2,9.537791252E0,1.143484260E1
1.316597037E1,4.986642361E0,-6.412764788E-1,1.197846985E1,1.299082667E1
1.316834594E1,-2.311466694E0,2.632105052E-1,7.862815380E0,8.199757542E0
1.317072146E1,-1.430907965E0,-2.919243574E-1,1.181097221E1,1.190091518E1
1.317309704E1,3.680161238E0,-1.220339537E0,8.135597229E0,9.012255966E0
1.317547256E1,-5.000999451E0,-3.110669553E-1,1.110748291E1,1.218535739E1
1.317784808E1,6.039484501E0,-6.173482537E-1,1.050449181E1,1.213263533E1
1.318022365E1,-5.206781864E0,6.077769399E-1,8.394021988E0,9.896442559E0
1.318259917E1,1.713261008E0,-3.302095234E-1,1.216511059E1,1.228959793E1
1.318497474E1,8.279166222E-1,-8.518448472E-1,7.690532207E0,7.781733175E0
1.318735027E1,-3.014956474E0,-8.949156404E-1,1.173440266E1,1.214854075E1
1.318972579E1,5.977271080E0,-4.642075896E-1,9.556933403E0,1.128176557E1
1.319210136E1,-6.604190350E0,5.647061467E-1,9.116654396E0,1.127153985E1
1.319447688E1,4.345366001E0,-6.460621357E-1,1.171525955E1,1.251187070E1
1.319685245E1,-2.120040894E0,-1.770688742E-1,8.169096947E0,8.441568083E0
1.319922797E1,-5.647061467E-1,-8.518448472E-1,1.191147137E1,1.195523663E1
1.320160349E1,3.862015724E0,-6.173482537E-1,8.212167740E0,9.095932240E0
1.320397907E1,-5.776273727E0,-7.657032460E-2,1.057627583E1,1.205109172E1
1.320635459E1,6.068198204E0,-5.455635786E-1,1.068156052E1,1.229700793E1
1.320873016E1,-4.871787071E0,3.110669553E-1,8.432307243E0,9.743453051E0
1.321110568E1,1.904686809E0,-6.652047038E-1,1.209811115E1,1.226517927E1
1.321348126E1,5.168496966E-1,-6.460621357E-1,7.728816986E0,7.772975099E0
1.321585678E1,-3.048455954E0,-4.163511395E-1,1.202154064E1,1.240902379E1
1.321823230E1,5.814558983E0,-4.833501875E-1,9.025727272E0,1.074739393E1
1.322060787E1,-6.532405853E0,5.886343718E-1,9.126225471E0,1.123863017E1
1.322298339E1,3.933800459E0,-9.140582681E-1,1.148076344E1,1.217038281E1
1.322535896E1,-2.234896421E0,-4.259224236E-1,8.293522835E0,8.599924008E0
1.322773448E1,-6.221338734E-2,-4.307080805E-1,1.218425274E1,1.219202177E1
1.323011000E1,3.263810158E0,-2.488535494E-1,7.853243828E0,8.508103399E0
1.323248558E1,-6.326622963E0,3.445664644E-1,1.049491978E1,1.225920981E1
1.323486110E1,5.651846886E0,-1.076770186E0,1.033699417E1,1.183031089E1
1.323723667E1,-4.613361835E0,7.657032460E-2,8.752944946E0,9.894595276E0
1.323961219E1,2.632104874E0,-4.402793646E-1,1.213639641E1,1.242634056E1
1.324198777E1,-3.589234054E-1,-1.052841991E-1,7.312466145E0,7.322026488E0
1.324436329E1,-3.948157310E0,-4.115654826E-1,1.160519028E1,1.226530773E1
1.324673881E1,6.039484501E0,-7.274180651E-1,9.700503349E0,1.145007752E1
1.324911438E1,-6.049055576E0,2.632105052E-1,9.064012527E0,1.090030624E1
1.325148990E1,4.029513359E0,-5.120640397E-1,1.129890823E1,1.200685283E1
1.325386547E1,-3.129812002E0,-3.110669553E-1,8.102097511E0,8.691171952E0
1.325624099E1,-1.196411327E-1,-4.689932466E-1,1.235653591E1,1.236601182E1
1.325861652E1,3.546163082E0,-4.211367965E-1,8.054241180E0,8.810415983E0
1.326099209E1,-5.891129494E0,-9.092725813E-2,1.045663452E1,1.200228645E1
1.326336761E1,5.359922886E0,-5.982056856E-1,1.026520920E1,1.159573815E1
1.326574318E1,-4.828716278E0,1.531406492E-1,8.906085968E0,1.013204423E1
1.326811865E1,2.718246460E0,-5.216353536E-1,1.208375454E1,1.239669678E1
1.327049428E1,-2.440679073E-1,-1.674975902E-1,7.393822193E0,7.399745348E0
1.327286980E1,-3.857230186E0,-5.934200287E-1,1.151904774E1,1.216218865E1
1.327524532E1,5.982056618E0,-7.513462901E-1,9.566504478E0,1.130785261E1
1.327762089E1,-5.895915031E0,3.445664644E-1,9.317651749E0,1.103173487E1
1.327999641E1,4.374079704E0,-3.349951804E-1,1.114576817E1,1.197801916E1
1.328237198E1,-3.790230989E0,-1.627119333E-1,7.996813297E0,8.851064853E0
1.328474750E1,2.727817893E-1,-1.028913736E0,1.237089348E1,1.241660496E1
1.328712308E1,3.608376503E0,-4.354937077E-1,8.379665375E0,9.133938228E0
1.328949860E1,-5.158925533E0,1.914258115E-2,1.069113159E1,1.187076972E1
1.329187412E1,5.288137913E0,-1.627119333E-1,9.681360245E0,1.103266124E1
1.329424969E1,-5.699703693E0,2.392822653E-1,8.748159409E0,1.044385806E1
1.329662521E1,3.603590965E0,-9.379864931E-1,1.207896900E1,1.263990422E1
1.329900079E1,-4.594219327E-1,-4.498506486E-1,7.867600918E0,7.893831663E0
1.330137631E1,-2.947957516E0,-2.967100143E-1,1.187797165E1,1.224192390E1
1.330375183E1,5.067998409E0,-6.412764788E-1,8.561519623E0,9.969727261E0
1.330612740E1,-5.800201893E0,2.105683982E-1,1.017906761E1,1.171751247E1
1.330850292E1,5.072783947E0,-5.694918036E-1,1.086820030E1,1.200729927E1
1.331087849E1,-3.948157310E0,2.871387079E-2,8.025527000E0,8.944151959E0
1.331325402E1,3.637090325E-1,-8.231309652E-1,1.218425274E1,1.221744014E1
1.331562959E1,2.718246460E0,-5.072783828E-1,8.250452042E0,8.701502977E0
1.331800511E1,-4.441078663E0,-9.571290761E-2,1.110748291E1,1.196279722E1
1.332038063E1,5.441278458E0,-2.153540403E-1,9.504291534E0,1.095378684E1
1.332275620E1,-6.355337143E0,4.546363056E-1,8.824729919E0,1.088452399E1
1.332513172E1,3.842873096E0,-1.220339537E0,1.201675510E1,1.267514518E1
1.332750730E1,-1.019342422E0,-3.158525825E-1,8.226524353E0,8.295452053E0
1.332988282E1,-1.880758643E0,-1.339980662E-1,1.175833035E1,1.190854907E1
1.333225839E1,4.053441525E0,-2.919243574E-1,8.236095428E0,9.184164411E0
1.333463391E1,-6.211767673E0,6.699903309E-2,1.021256733E1,1.195353830E1
1.333700943E1,5.498706341E0,-8.327022791E-1,1.077248764E1,1.212335162E1
1.333938500E1,-4.149154663E0,1.914258115E-2,8.499305725E0,9.458015049E0
1.334176053E1,1.167697430E0,-3.302095234E-1,1.232303619E1,1.238264013E1
1.334413610E1,1.052842021E0,-3.780659735E-1,7.580461979E0,7.662559234E0
1.334651162E1,-3.957728624E0,-1.770688742E-1,1.157647610E1,1.223559431E1
1.334888714E1,5.680561066E0,-6.747759581E-1,9.322437286E0,1.093763839E1
1.335126271E1,-6.197410583E0,2.823530734E-1,9.083154678E0,1.099960545E1
1.335363823E1,3.962514400E0,-4.689932466E-1,1.175354481E1,1.241238456E1
1.335601381E1,-2.000399828E0,-1.531406492E-1,8.092526436E0,8.337507760E0
1.335838933E1,-1.028913736E0,-2.823530734E-1,1.177268696E1,1.182093672E1
1.336076490E1,3.541377544E0,-5.072783828E-1,7.934599876E0,8.703824531E0
1.336314042E1,-5.919843197E0,-3.589234054E-1,1.070070267E1,1.223431269E1
1.336551594E1,6.106483459E0,-5.934200287E-1,1.074377346E1,1.237214435E1
1.336789152E1,-4.785645485E0,8.566305041E-1,8.307880402E0,9.625855562E0
1.337026704E1,1.588834286E0,-2.632105052E-1,1.182054424E1,1.192975022E1
1.337264261E1,-2.057827413E-1,-8.949156404E-1,7.503891945E0,7.559868707E0
1.337501813E1,-2.933600664E0,-6.460621357E-1,1.201675510E1,1.238651736E1
1.337739370E1,5.915057659E0,-5.216353536E-1,9.446864128E0,1.115810255E1
1.337976922E1,-6.484549522E0,5.886343718E-1,9.174081802E0,1.124987333E1
1.338214474E1,3.976871252E0,-4.307080805E-2,1.117448139E1,1.186112956E1
1.338452032E1,-3.235096216E0,-2.153540403E-1,8.044670105E0,8.673461938E0
1.338689584E1,3.780659735E-1,-9.810572863E-1,1.212203979E1,1.216754930E1
1.338927141E1,3.125026464E0,-5.120640397E-1,8.173882484E0,8.765863041E0
1.339164693E1,-5.824130535E0,9.092725813E-2,1.082991505E1,1.229698435E1
1.339402245E1,5.522634506E0,-5.312066078E-1,9.896714211E0,1.134577562E1
1.339639803E1,-5.201996326E0,3.732803464E-1,9.116654396E0,1.050302296E1
1.339877355E1,2.986242771E0,-6.987041831E-1,1.183968639E1,1.223045409E1
1.340114912E1,-8.087740541E-1,-3.541377485E-1,7.637889862E0,7.688750910E0
1.340352464E1,-3.081955671E0,-5.694918036E-1,1.179661560E1,1.220585562E1
1.340590021E1,5.637490273E0,-5.024927258E-1,9.087940216E0,1.070628100E1
1.340827573E1,-5.948556900E0,2.632105052E-1,9.695717812E0,1.137811728E1
1.341065126E1,4.436293125E0,-2.584248483E-1,1.073898792E1,1.162210573E1
1.341302683E1,-4.182653904E0,-1.435693651E-1,8.350951195E0,9.340963103E0
1.341540235E1,1.301695466E0,-8.997012973E-1,1.241396427E1,1.251440700E1
1.341777792E1,2.431107759E0,-3.254238665E-1,7.896314621E0,8.268492621E0
1.342015344E1,-4.886143684E0,-3.828516230E-2,1.103091240E1,1.206469619E1
1.342252902E1,5.331208706E0,-4.019941986E-1,9.355937004E0,1.077575718E1
1.342490454E1,-5.709274769E0,2.153540403E-1,9.202795982E0,1.083206581E1
1.342728006E1,4.086941242E0,-7.082754970E-1,1.183968639E1,1.254523482E1
1.342965563E1,-1.694118381E0,-2.153540403E-1,7.814958572E0,7.999374472E0
1.343203115E1,-2.148754835E0,-3.972085714E-1,1.199761295E1,1.219498416E1
1.343440672E1,4.536791801E0,-5.838487148E-1,8.461020470E0,9.618327638E0
1.343678224E1,-5.426921844E0,4.785645381E-2,1.052363396E1,1.184063523E1
1.343915782E1,5.163711071E0,-4.019941986E-1,1.031785107E1,1.154485002E1
1.344153334E1,-5.067998409E0,1.962114573E-1,8.341380119E0,9.762260451E0
1.344390886E1,1.674975872E0,-8.853443861E-1,1.227996540E1,1.242525368E1
1.344628443E1,1.383051515E0,-4.211367965E-1,8.121239662E0,8.248922435E0
1.344865995E1,-3.723232031E0,-2.679961324E-1,1.139940739E1,1.199503095E1
1.345103552E1,5.182853699E0,-2.440679073E-1,8.839086533E0,1.024943864E1
1.345341105E1,-6.570691109E0,3.397808075E-1,9.446864128E0,1.151228364E1
1.345578657E1,4.584648132E0,-8.470591903E-1,1.142333508E1,1.233811542E1
1.345816214E1,-2.560320139E0,-3.397808075E-1,8.322237015E0,8.713800499E0
1.346053766E1,-7.178468108E-1,-3.589234054E-1,1.214596748E1,1.217245481E1
1.346291323E1,2.900100946E0,-4.450650215E-1,7.733603001E0,8.271474097E0
1.346528876E1,-5.340780258E0,-2.871387303E-1,1.099741268E1,1.222904199E1
1.346766433E1,5.723631859E0,-5.790630579E-1,1.019820976E1,1.170891789E1
1.347003985E1,-5.465207100E0,2.584248483E-1,8.580661774E0,1.017659219E1
1.347241537E1,2.263610125E0,-7.082754970E-1,1.185882950E1,1.209369348E1
1.347479094E1,-4.785645306E-1,-6.029912829E-1,8.073383331E0,8.110002522E0
1.347716646E1,-2.440679073E0,-3.158525825E-1,1.193539906E1,1.218648546E1
1.347954204E1,4.819144726E0,-4.307080805E-1,8.590232849E0,9.859095584E0
1.348191756E1,-6.728617191E0,2.057827413E-1,9.777072906E0,1.187045873E1
1.348429308E1,4.780859470E0,-1.076770186E0,1.097348499E1,1.201804577E1
1.348666865E1,-3.373879910E0,-1.244267747E-1,8.839086533E0,9.461923610E0
1.348904417E1,8.327022791E-1,-4.546363056E-1,1.219382381E1,1.223067563E1
1.349141974E1,1.411765337E0,-2.057827413E-1,7.546962738E0,7.680629823E0
1.349379527E1,-5.091926575E0,-3.110669553E-1,1.128933716E1,1.238844673E1
1.349617084E1,6.288337708E0,-7.513462901E-1,9.958928108E0,1.180203209E1
1.349854636E1,-5.709274769E0,2.823530734E-1,8.824729919E0,1.051434258E1
1.350092188E1,3.125026464E0,-6.795616150E-1,1.160519028E1,1.203777537E1
1.350329745E1,-1.962114573E0,-5.216353536E-1,8.164310455E0,8.412963940E0
1.350567297E1,-1.153340459E0,-5.216353536E-1,1.239003563E1,1.245452852E1
1.350804855E1,4.622933388E0,-4.354937077E-1,8.298309326E0,9.509106454E0
1.351042407E1,-6.230910301E0,2.392822653E-1,1.020778179E1,1.196161813E1
1.351279964E1,5.010570526E0,-6.125625968E-1,1.023170948E1,1.140915986E1
1.351517516E1,-4.254438877E0,-4.737788737E-1,8.819944382E0,9.803883694E0
1.351755073E1,2.694318295E0,-2.009970993E-1,1.286859989E1,1.314916781E1
1.351992626E1,2.871387303E-1,-2.105683982E-1,6.762116909E0,6.771485272E0
1.352230178E1,-4.436293125E0,-2.392822653E-1,1.185404301E1,1.265923727E1
1.352467735E1,5.795416355E0,-1.555334687E0,9.140582085E0,1.093417384E1
1.352705287E1,-4.800002098E0,1.473978758E0,1.015513897E1,1.132870165E1
1.352942844E1,3.895515203E0,-9.140582681E-1,1.035613632E1,1.110225656E1
1.353180396E1,-3.345165968E0,-7.226324677E-1,8.551948547E0,9.211305933E0
1.353417948E1,8.709874153E-1,-6.221338734E-2,1.301695538E1,1.304621082E1
1.353655506E1,2.971885681E0,-3.828516304E-1,6.991827965E0,7.606861256E0
1.353893058E1,-5.111069202E0,-4.163511395E-1,1.166740322E1,1.274459394E1
1.354130615E1,5.398207664E0,-4.785645381E-2,9.111868858E0,1.059099100E1
1.354368167E1,-5.221138954E0,-1.627119333E-1,9.025727272E0,1.042835174E1
1.354605724E1,3.704089403E0,-5.551348329E-1,1.252881908E1,1.307668768E1
1.354843277E1,-8.087740541E-1,2.153540403E-1,7.508677483E0,7.555179043E0
1.355080829E1,-2.675175667E0,-7.034898400E-1,1.153819084E1,1.186513003E1
1.355318386E1,4.675575256E0,-9.714859724E-1,8.834300995E0,1.004239329E1
1.355555938E1,-4.910071850E0,1.004985496E-1,1.080120182E1,1.186527987E1
1.355793495E1,5.020142078E0,-3.254238665E-1,1.013599682E1,1.131574826E1
1.356031047E1,-4.895715237E0,3.876372576E-1,8.451449394E0,9.774726962E0
1.356268605E1,1.507478237E0,-1.205982566E0,1.202154064E1,1.217556257E1
1.356506157E1,1.282552958E0,-7.848458290E-1,8.317451477E0,8.452273312E0
1.356743709E1,-2.947957516E0,4.833501875E-1,1.178704453E1,1.215970804E1
1.356981266E1,4.532006264E0,-8.087740541E-1,8.039883614E0,9.264606023E0
1.357218818E1,-6.431907177E0,-5.599204898E-1,1.026042366E1,1.212267440E1
1.357456376E1,5.364708424E0,-1.292124242E-1,1.174875927E1,1.291627410E1
1.357693928E1,-3.287738323E0,2.297109663E-1,7.685746193E0,8.362576454E0
1.357931480E1,-3.541377485E-1,-1.009771109E0,1.195454216E1,1.200233850E1
1.358169037E1,2.053041935E0,-8.901300430E-1,8.092526436E0,8.396207286E0
1.358406589E1,-4.005585194E0,-1.866401732E-1,1.174875927E1,1.241422135E1
1.358644146E1,5.580062389E0,-3.158525825E-1,9.049654961E0,1.063640513E1
1.358881698E1,-6.278766632E0,3.158525825E-1,9.303294182E0,1.122826594E1
1.359119250E1,3.522234917E0,-1.057627559E0,1.139462185E1,1.197339225E1
1.359356808E1,-2.335394859E0,-5.312066078E-1,8.470592499E0,8.802680665E0
1.359594360E1,-1.244267747E-1,-1.914258152E-1,1.250010586E1,1.250219070E1
1.359831917E1,2.536391973E0,-8.614161611E-2,7.379465103E0,7.803666435E0
1.360069469E1,-5.580062389E0,-5.407779217E-1,1.095912743E1,1.230983391E1
1.360307027E1,5.690132141E0,-8.087740541E-1,9.729216576E0,1.129997232E1
1.360544579E1,-5.096712112E0,-9.092725813E-2,9.265008926E0,1.057474031E1
1.360782136E1,3.192025423E0,-3.684946895E-1,1.193061352E1,1.235574172E1
1.361019688E1,-1.899901152E0,8.614161611E-2,7.781459332E0,8.010502737E0
1.361257240E1,-2.163111687E0,-2.919243574E-1,1.189711380E1,1.209568472E1
1.361494797E1,4.527220249E0,-8.039883971E-1,8.293522835E0,9.482860409E0
1.361732349E1,-5.245067120E0,-5.647061467E-1,1.069591713E1,1.192611694E1
1.361969907E1,5.245067120E0,-2.632105052E-1,1.030349445E1,1.156468793E1
1.362207459E1,-5.474778175E0,3.541377485E-1,8.317451477E0,9.963865148E0
1.362445011E1,2.411965132E0,-5.551348329E-1,1.216989613E1,1.241902259E1
1.362682568E1,1.914258152E-1,-3.110669553E-1,8.293522835E0,8.301561751E0
1.362920120E1,-2.718246460E0,-5.838487148E-1,1.130848026E1,1.164523375E1
1.363157678E1,4.809573650E0,-4.259224236E-1,8.547162056E0,9.816689249E0
1.363395230E1,-6.005984783E0,-1.674975902E-1,1.022692394E1,1.186127657E1
1.363632787E1,5.575276852E0,-3.589234054E-1,1.093519974E1,1.227970404E1
1.363870339E1,-4.125226021E0,3.302095234E-1,8.250452042E0,9.230194307E0
1.364107891E1,9.379864931E-1,-3.254238665E-1,1.208375454E1,1.212447290E1
1.364345448E1,1.182054400E0,-6.795616150E-1,7.743174076E0,7.862302549E0
1.364583000E1,-3.115455151E0,-5.694918036E-1,1.182054424E1,1.223746902E1
1.364820558E1,5.824130535E0,-3.302095234E-1,9.111868858E0,1.081922774E1
1.365058110E1,-6.211767673E0,4.546363056E-1,9.451649666E0,1.131929473E1
1.365295667E1,4.144368649E0,-4.019941986E-1,1.112662506E1,1.188020101E1
1.365533219E1,-2.464607239E0,-3.780659735E-1,8.590232849E0,8.944793073E0
1.365770771E1,7.226324677E-1,-4.642075896E-1,1.239482117E1,1.242454338E1
1.366008329E1,2.589034081E0,-2.775674164E-1,7.604390144E0,8.037841166E0
1.366245881E1,-5.072783947E0,-4.067798555E-1,1.109312534E1,1.220475468E1
1.366483438E1,6.317051888E0,-7.322037220E-1,1.004028416E1,1.188480428E1
1.366720990E1,-5.168497086E0,2.249253243E-1,9.107083321E0,1.047391618E1
1.366958547E1,3.684946775E0,-2.488535494E-1,1.156690502E1,1.214224249E1
1.367196099E1,-2.158325911E0,-2.344966233E-1,7.877171993E0,8.170874985E0
1.367433652E1,-1.019342422E0,-1.081555843E0,1.203111267E1,1.212256137E1
1.367671209E1,4.699503899E0,-5.312066078E-1,8.824729919E0,1.001216138E1
1.367908761E1,-5.091926575E0,0.000000000E0,1.075334454E1,1.189798869E1
1.368146318E1,5.115854740E0,-1.052841991E-1,9.623932838E0,1.089968521E1
1.368383870E1,-5.436492920E0,2.009970993E-1,8.733802795E0,1.028956590E1
1.368621422E1,3.172882795E0,-1.153340459E0,1.208375454E1,1.254649366E1
1.368858980E1,1.914258152E-1,-4.402793646E-1,8.216953278E0,8.230966585E0
1.369096532E1,-2.928814888E0,-1.579262912E-1,1.186840057E1,1.222545825E1
1.369334089E1,4.862215519E0,-4.642075896E-1,8.173882484E0,9.522026219E0
1.369571641E1,-5.737988472E0,4.785645381E-2,1.049491978E1,1.196119321E1
1.369809198E1,5.077569485E0,-4.259224236E-1,1.069591713E1,1.184760588E1
1.370046750E1,-4.273581028E0,4.785645381E-2,8.087740898E0,9.147531792E0
1.370284308E1,7.226324677E-1,-8.327022791E-1,1.220818138E1,1.225786618E1
1.370521860E1,1.928615093E0,-6.747759581E-1,8.068597794E0,8.323289562E0
1.370759412E1,-3.842873096E0,-1.244267747E-1,1.160519028E1,1.222553054E1
1.370996969E1,5.221138954E0,-1.387837082E-1,8.776873589E0,1.021337666E1
1.371234521E1,-6.747759819E0,4.450650215E-1,9.245866776E0,1.145497263E1
1.371472079E1,4.302295208E0,-1.234696507E0,1.144247818E1,1.228676224E1
1.371709631E1,-2.086541414E0,-2.823530734E-1,8.729017258E0,8.979371950E0
1.371947188E1,-7.704889178E-1,-2.871387303E-1,1.187797165E1,1.190639796E1
1.372184740E1,2.785245657E0,-1.339980662E-1,7.690532207E0,8.180454418E0
1.372422292E1,-5.680561066E0,-1.435693651E-1,1.098305607E1,1.236595758E1
1.372659849E1,6.020341873E0,-5.312066078E-1,1.013599682E1,1.180106471E1
1.372897402E1,-5.522634506E0,1.339980662E-1,8.513663292E0,1.014888713E1
1.373134959E1,2.330609322E0,-7.369893789E-1,1.183011532E1,1.208000503E1
1.373372511E1,-7.561319470E-1,-5.503492355E-1,8.020741463E0,8.075079778E0
1.373610063E1,-2.225325108E0,-1.244267747E-1,1.225603771E1,1.245704677E1
1.373847620E1,4.776073933E0,-1.387837082E-1,8.188239098E0,9.480369331E0
1.374085172E1,-6.666403770E0,-1.387837082E-1,9.762716293E0,1.182247138E1
1.374322724E1,4.953142643E0,-7.848458290E-1,1.084427261E1,1.194771332E1
1.374560282E1,-3.560520172E0,-1.770688742E-1,8.714659691E0,9.415622699E0
1.374797839E1,1.138983607E0,-2.823530734E-1,1.218903828E1,1.224539346E1
1.375035391E1,1.119840980E0,0.000000000E0,7.527820110E0,7.610658279E0
1.375272943E1,-4.953142643E0,-3.254238665E-1,1.111705399E1,1.217490912E1
1.375510500E1,6.221338749E0,-1.244267821E0,9.537791252E0,1.145524859E1
1.375748052E1,-5.632704735E0,1.435693540E-2,9.576076508E0,1.110985194E1
1.375985610E1,3.905086517E0,-2.153540403E-1,1.142333508E1,1.207429759E1
1.376223162E1,-3.062813044E0,5.264209956E-2,7.814958572E0,8.393877079E0
1.376460719E1,-9.906286001E-1,-5.455635786E-1,1.214596748E1,1.219850445E1
1.376698271E1,4.153940201E0,-5.120640397E-1,8.417949677E0,9.401026834E0
1.376935823E1,-5.417350292E0,-5.264210105E-1,1.045663452E1,1.178838449E1
1.377173381E1,5.374279499E0,-2.775674164E-1,1.025563812E1,1.158179766E1
1.377410933E1,-5.546562672E0,1.244267747E-1,8.561519623E0,1.020193402E1
1.377648490E1,3.139383316E0,-4.785645306E-1,1.238046455E1,1.278126184E1
1.377886042E1,-3.302095234E-1,-2.297109663E-1,7.757531166E0,7.767953093E0
1.378123599E1,-3.359523058E0,-7.034898400E-1,1.147119141E1,1.197370141E1
1.378361152E1,5.331208706E0,-6.508477330E-1,8.997013092E0,1.047815030E1
1.378598704E1,-5.694917679E0,-4.307080805E-2,1.018385315E1,1.166811071E1
1.378836261E1,5.029713154E0,-1.196411327E-1,1.093041420E1,1.203271719E1
1.379073813E1,-4.359723091E0,4.833501875E-1,8.001599312E0,9.125042706E0
1.379311370E1,1.627119333E-1,-1.311266780E0,1.185882950E1,1.193221408E1
1.379548922E1,2.790031195E0,-8.566305041E-1,8.614161491E0,9.095156298E0
1.379786480E1,-4.130012035E0,7.992027402E-1,1.158604717E1,1.232607859E1
1.380024032E1,4.742574692E0,-1.387837172E0,8.279166222E0,9.641716655E0
1.380261584E1,-6.336194515E0,3.062812984E-1,1.001156998E1,1.185211806E1
1.380499141E1,4.819144726E0,-1.483550072E-1,1.209811115E1,1.302345801E1
1.380736693E1,-1.919043779E0,-6.699903309E-2,7.762316704E0,7.996297800E0
1.380974251E1,-1.871187329E0,-1.062413216E0,1.166261768E1,1.185945678E1
1.381211802E1,4.278367043E0,-2.632105052E-1,8.437092781E0,9.463521486E0
1.381449360E1,-5.757131100E0,9.571290761E-2,1.073420238E1,1.218100243E1
1.381686912E1,5.484349728E0,-8.327022791E-1,1.004985523E1,1.147915830E1
1.381924464E1,-4.991427898E0,3.397808075E-1,8.877371788E0,1.019007033E1
1.382162021E1,1.722832322E0,-2.440679073E-1,1.230389404E1,1.242632403E1
1.382399573E1,5.694918036E-1,-4.546363056E-1,7.513463020E0,7.548717881E0
1.382637131E1,-3.771088600E0,-2.440679073E-1,1.167697430E1,1.227323947E1
1.382874683E1,5.814558983E0,-1.019342422E0,8.939585686E0,1.071281230E1
1.383112240E1,-6.474977970E0,5.264209956E-2,9.437292099E0,1.144511219E1
1.383349792E1,4.364508629E0,2.584248483E-1,1.230867958E1,1.306213275E1
1.383587344E1,-2.450250387E0,-1.148554832E-1,7.322037220E0,7.721991181E0
1.383824902E1,-1.727617979E0,-1.048056364E0,1.182532978E1,1.199672916E1
1.384062454E1,4.747360229E0,-6.747759581E-1,8.657232285E0,9.896485365E0
1.384300011E1,-6.005984783E0,5.168496966E-1,1.037527943E1,1.199939207E1
1.384537563E1,5.187639713E0,-3.732803464E-1,1.038963604E1,1.161875557E1
1.384775120E1,-4.761716843E0,1.435693540E-2,8.585447311E0,9.817538334E0
1.385012672E1,1.579262972E0,-5.455635786E-1,1.196411324E1,1.208022006E1
1.385250224E1,1.435693622E0,-5.264210105E-1,7.771887779E0,7.920894830E0
1.385487782E1,-4.488935471E0,-2.584248483E-1,1.149990559E1,1.234767806E1
1.385725334E1,5.929414749E0,-4.259224236E-1,9.767501831E0,1.143431070E1
1.385962891E1,-6.096911907E0,3.924229145E-1,8.681160927E0,1.061550214E1
1.386200443E1,3.416950703E0,-7.561319470E-1,1.153340530E1,1.205266467E1
1.386438001E1,-1.751546144E0,-5.599204898E-1,8.207381248E0,8.410857971E0
1.386675547E1,-1.105484009E0,-4.785645381E-2,1.225125217E1,1.230112048E1
1.386913105E1,4.067798615E0,-6.221338734E-2,7.843672752E0,8.835952598E0
1.387150662E1,-6.671189308E0,-1.531406492E-1,9.992427826E0,1.201569110E1
1.387388214E1,5.374279499E0,-7.800601721E-1,1.093998528E1,1.221370754E1
1.387625771E1,-3.914657831E0,-4.785645287E-3,8.695517540E0,9.536068064E0
1.387863323E1,1.560120344E0,-3.349951804E-1,1.205504036E1,1.216018895E1
1.388100881E1,5.024927258E-1,2.871387079E-2,7.422535896E0,7.439580805E0
1.388338433E1,-4.632504463E0,-1.244267747E-1,1.124148083E1,1.215921341E1
1.388575985E1,6.206982136E0,-8.231309652E-1,9.643074989E0,1.149752439E1
1.388813542E1,-5.795416355E0,5.264209956E-2,8.992227554E0,1.069812032E1
1.389051094E1,3.785445452E0,-1.674975902E-1,1.176311588E1,1.235833921E1
1.389288652E1,-2.842673302E0,-1.435693540E-2,7.652246952E0,8.163202866E0
1.389526198E1,-1.048056364E0,-4.977070987E-1,1.194018459E1,1.199642208E1
1.389763761E1,4.302295208E0,-4.498506486E-1,8.508877754E0,9.545318764E0
1.390001313E1,-5.828916073E0,-1.100698411E-1,1.012642574E1,1.168472834E1
1.390238865E1,5.283352375E0,-2.105683982E-1,1.050449181E1,1.176020831E1
1.390476422E1,-4.996213913E0,1.818545163E-1,8.260024071E0,9.655217355E0
1.390713974E1,2.541177750E0,-3.349951804E-1,1.225125217E1,1.251650854E1
1.390951532E1,3.780659735E-1,-1.818545163E-1,7.580461979E0,7.592062220E0
1.391189084E1,-4.000799656E0,-6.077769399E-1,1.125583744E1,1.196117332E1
1.391426641E1,5.996413708E0,-5.934200287E-1,9.533005714E0,1.127773571E1
1.391664193E1,-5.565705299E0,8.470591903E-1,9.614361763E0,1.114138846E1
1.391901745E1,4.144368649E0,-2.249253243E-1,1.082991505E1,1.159799305E1
1.392139302E1,-3.249453068E0,-3.014956415E-1,7.934599876E0,8.579494161E0
1.392376855E1,-1.100698411E-1,-8.087740541E-1,1.219382381E1,1.222111165E1
1.392614412E1,4.106083870E0,-5.647061467E-1,8.374878883E0,9.344378743E0
1.392851964E1,-5.053641319E0,2.392822653E-1,1.086820030E1,1.198809094E1
1.393089521E1,5.288137913E0,-9.571290575E-3,9.566504478E0,1.093080519E1
1.393327073E1,-5.670989513E0,1.722832322E-1,8.542376518E0,1.025485252E1
1.393564626E1,3.651447296E0,-1.162911773E0,1.238046455E1,1.295998973E1
1.393802183E1,1.100698411E-1,-4.594219327E-1,7.953742504E0,7.967760269E0
1.394039735E1,-2.737389088E0,-6.221338734E-2,1.172483063E1,1.204029994E1
1.394277292E1,4.843072891E0,-3.397808075E-1,8.379665375E0,9.684502972E0
1.394514844E1,-5.886343479E0,1.292124242E-1,1.015513897E1,1.173850855E1
1.394752402E1,5.201996326E0,-7.800601721E-1,1.095434189E1,1.215182562E1
1.394989954E1,-3.536591768E0,-2.440679073E-1,8.341380119E0,9.063425002E0
1.395227506E1,5.503492355E-1,-4.307080805E-1,1.225603771E1,1.227594616E1
1.395465063E1,2.143969059E0,-5.216353536E-1,7.757531166E0,8.065233819E0
1.395702615E1,-4.421936035E0,-7.657032460E-2,1.134197903E1,1.217373688E1
1.395940172E1,5.603990555E0,-4.737788737E-1,9.466006279E0,1.101065173E1
1.396177719E1,-6.226124287E0,6.221338734E-2,8.796015739E0,1.077675216E1
1.396415282E1,3.579662561E0,-7.800601721E-1,1.215075302E1,1.269107076E1
1.396652834E1,-1.220339537E0,-3.589234054E-1,8.169096947E0,8.267538903E0
1.396890386E1,-1.880758643E0,-3.158525825E-1,1.172483063E1,1.187891700E1
1.397127943E1,3.871587038E0,-4.402793646E-1,8.159524918E0,9.042172250E0
1.397365495E1,-6.206982136E0,-5.168496966E-1,1.042792130E1,1.214641113E1
1.397603052E1,5.857629776E0,-6.269195080E-1,1.115055370E1,1.261109442E1
1.397840605E1,-4.795216560E0,2.297109663E-1,8.116454124E0,9.429936190E0
1.398078162E1,1.268195987E0,-1.531406492E-1,1.228475189E1,1.235098790E1
1.398315714E1,2.679961324E-1,-3.876372576E-1,7.580461979E0,7.595096338E0
1.398553266E1,-3.617947817E0,-9.188438654E-1,1.149033451E1,1.208145718E1
1.398790823E1,5.910272121E0,-6.221339107E-1,9.729216576E0,1.140070271E1
1.399028376E1,-6.398407936E0,3.924229145E-1,9.150154114E0,1.117223971E1
1.399265933E1,3.656233072E0,-4.211367965E-1,1.146640587E1,1.204258527E1
1.399503485E1,-2.522035122E0,-4.785645306E-1,8.480163574E0,8.860183938E0
1.399741042E1,-2.679961324E-1,-4.546363056E-1,1.212203979E1,1.213352236E1
1.399978594E1,3.488735437E0,-3.972085714E-1,7.977670670E0,8.716207829E0
1.400216146E1,-6.034698486E0,-2.775674164E-1,1.064327526E1,1.223821628E1
1.400453704E1,5.728417397E0,-5.694918036E-1,1.039442158E1,1.188204893E1
1.400691256E1,-4.704289436E0,2.297109663E-1,8.829515457E0,1.000716990E1
1.400928813E1,2.555534601E0,-4.450650215E-1,1.213639641E1,1.241051803E1
1.401166365E1,-3.972085714E-1,-3.780659735E-1,7.585247993E0,7.605044093E0
1.401403917E1,-3.101098061E0,-8.374879360E-1,1.166261768E1,1.209689408E1
1.401641474E1,6.005984783E0,-5.934200287E-1,9.351150513E0,1.112960091E1
1.401879027E1,-5.824130535E0,2.775674164E-1,9.848857880E0,1.144541575E1
1.402116584E1,4.522434711E0,-9.571290761E-2,1.082991505E1,1.173663651E1
1.402354136E1,-3.895515203E0,2.871387079E-2,8.116454124E0,9.002926788E0
1.402591693E1,1.019342422E0,-1.177268744E0,1.231346512E1,1.241154478E1
1.402829240E1,3.034099102E0,-6.891329288E-1,8.365307808E0,8.925191106E0
1.403066802E1,-4.838287354E0,-7.178468257E-2,1.133240795E1,1.232224198E1
1.403304355E1,5.694917679E0,-4.067798555E-1,9.355937004E0,1.096043404E1
1.403541912E1,-5.551348686E0,1.387837082E-1,9.360722542E0,1.088392667E1
1.403779464E1,3.632304668E0,-9.810572863E-1,1.183011532E1,1.241401382E1
1.404017016E1,-7.752745152E-1,-4.881358147E-1,8.130811691E0,8.182262884E0
1.404254573E1,-2.411965132E0,-4.115654826E-1,1.202154064E1,1.226802353E1
1.404492126E1,5.158925533E0,-7.226324677E-1,8.499305725E0,9.968696412E0
1.404729683E1,-5.733202934E0,9.092725813E-2,1.033699417E1,1.182080083E1
1.404967235E1,4.900500774E0,-6.843472719E-1,1.050927734E1,1.161585767E1
1.405204787E1,-4.268795490E0,-3.110669553E-1,8.556734085E0,9.567501021E0
1.405442344E1,1.450050473E0,-7.848458290E-1,1.261974621E1,1.272700372E1
1.405679896E1,1.990828395E0,-3.876372576E-1,7.910671711E0,8.166540716E0
1.405917454E1,-4.484149456E0,-1.914258152E-1,1.127019501E1,1.213101544E1
1.406155006E1,5.469992638E0,-4.163511395E-1,9.274580956E0,1.077552874E1
1.406392563E1,-6.264409542E0,-1.196411327E-1,8.963513374E0,1.093625681E1
1.406630115E1,4.220939159E0,-9.954141974E-1,1.217468166E1,1.292401062E1
1.406867667E1,-1.952543259E0,-4.211367965E-1,8.135597229E0,8.377214552E0
1.407105224E1,-1.646261930E0,-2.536391914E-1,1.206461143E1,1.217905416E1
1.407342777E1,3.718446493E0,-5.551348329E-1,8.054241180E0,8.888521812E0
1.407580334E1,-5.637490273E0,-9.092725813E-2,1.074855900E1,1.213758975E1
1.407817886E1,5.259424210E0,-5.934200287E-1,1.029392338E1,1.157491032E1
1.408055443E1,-5.106283665E0,-6.221338734E-2,8.341380119E0,9.780420526E0
1.408292995E1,1.483550072E0,-6.029912829E-1,1.242353535E1,1.252632228E1
1.408530547E1,7.513462901E-1,-6.125625968E-1,7.939385414E0,7.998349513E0
1.408768105E1,-3.689732552E0,-1.818545163E-1,1.156211948E1,1.213794893E1
1.409005657E1,5.053641319E0,-4.259224236E-1,9.001798630E0,1.033213817E1
1.409243214E1,-6.661618233E0,-1.292124242E-1,9.226723671E0,1.138096143E1
1.409480766E1,4.512863636E0,-6.604190469E-1,1.195454216E1,1.279504474E1
1.409718323E1,-2.670390129E0,-1.435693540E-2,7.958528042E0,8.394602918E0
1.409955876E1,-7.752745152E-1,-1.770688742E-1,1.197368431E1,1.200006333E1
1.410193428E1,2.718246460E0,-3.493520916E-1,7.858029366E0,8.322231444E0
1.410430985E1,-5.407779217E0,-7.704889178E-1,1.067198944E1,1.198870668E1
1.410668537E1,6.125626087E0,-5.312066078E-1,1.068634605E1,1.232896863E1
1.410906094E1,-5.402993679E0,4.019941986E-1,8.341380119E0,9.946484923E0
1.411143646E1,2.388036966E0,-4.785645381E-2,1.199282742E1,1.222836539E1
1.411381204E1,-7.417750359E-1,-3.158525825E-1,7.685746193E0,7.727916123E0
1.411618756E1,-2.215753794E0,-5.503492355E-1,1.159561825E1,1.181824064E1
1.411856308E1,5.450850010E0,-6.795616150E-1,8.958727837E0,1.050868090E1
1.412093865E1,-6.226124287E0,1.818545163E-1,9.705288887E0,1.153214321E1
1.412331417E1,4.737788677E0,-2.344966233E-1,1.113141060E1,1.209999720E1
1.412568974E1,-3.220739365E0,-6.221338734E-2,8.336593628E0,8.937327670E0
1.412806526E1,7.944171429E-1,-3.397808075E-1,1.209811115E1,1.212892588E1
1.413044084E1,2.507678032E0,-4.402793646E-1,7.781459332E0,8.187393014E0
1.413281636E1,-5.048855782E0,-6.604190469E-1,1.081077290E1,1.194989157E1
1.413519188E1,6.513263226E0,-5.599204898E-1,1.022692394E1,1.213779560E1
1.413756745E1,-5.331208706E0,1.220339537E0,8.886942863E0,1.043497812E1
1.413994297E1,2.837887764E0,-7.561319470E-1,1.100219822E1,1.138743642E1
1.414231855E1,-1.100698471E0,-7.513462901E-1,8.341380119E0,8.447169980E0
1.414469407E1,-1.378265858E0,-2.249253243E-1,1.214118195E1,1.222123182E1
1.414706964E1,5.168497086E0,-1.435693651E-1,8.331808090E0,9.805763629E0
1.414944516E1,-6.144768715E0,1.914258115E-2,9.848857880E0,1.160855506E1
1.415182073E1,5.024927616E0,-7.034898400E-1,1.066720295E1,1.181245166E1
1.415419626E1,-3.814159393E0,-2.057827413E-1,8.537590981E0,9.353107407E0
1.415657178E1,2.301895380E0,-4.785645381E-2,1.280638695E1,1.301170854E1
1.415894735E1,6.939185858E-1,6.699903309E-2,7.063612461E0,7.097931591E0
1.416132287E1,-4.359723091E0,-7.369893789E-1,1.109312534E1,1.194184947E1
1.416369844E1,5.924628735E0,-8.231309652E-1,9.504291534E0,1.122988548E1
1.416607396E1,-5.044070244E0,7.800601721E-1,9.877572060E0,1.111834377E1
1.416844954E1,3.933800459E0,-2.153540403E-1,1.076770210E1,1.146580010E1
1.417082506E1,-3.517449379E0,-2.488535494E-1,7.834101200E0,8.591130300E0
1.417320058E1,-3.541377485E-1,-6.652047038E-1,1.243310642E1,1.245592414E1
1.417557615E1,3.479164124E0,-6.269195080E-1,8.231309891E0,8.958352169E0
1.417795167E1,-4.737788677E0,4.259224236E-1,1.113619614E1,1.210962080E1
1.418032724E1,4.737788677E0,-2.392822690E-2,9.145368576E0,1.029975633E1
1.418270276E1,-6.178267956E0,-1.770688742E-1,8.523234367E0,1.052843162E1
1.418507834E1,3.771088600E0,-5.982056856E-1,1.249532032E1,1.306567982E1
1.418745386E1,-1.143769264E0,-1.579262912E-1,7.695317745E0,7.781456422E0
1.418982933E1,-2.244467735E0,-1.435693540E-2,1.190190029E1,1.211169155E1
1.419220495E1,3.747160196E0,-1.435693651E-1,8.015955925E0,8.849710226E0
1.419458047E1,-5.781059742E0,-3.014956415E-1,1.042792130E1,1.192699014E1
1.419695605E1,5.541777134E0,-4.737788737E-1,1.063370419E1,1.200047603E1
1.419933157E1,-4.809573650E0,2.057827413E-1,8.269595146E0,9.568727664E0
1.420170714E1,1.445264935E0,-1.292124242E-1,1.218903828E1,1.227510247E1
1.420408266E1,1.531406492E-1,-4.785645306E-1,7.585247993E0,7.601872348E0
1.420645818E1,-2.909672260E0,-2.727817893E-1,1.172961617E1,1.208819664E1
1.420883376E1,5.225924492E0,-4.115654826E-1,8.714659691E0,1.016980661E1
1.421120928E1,-6.355337143E0,0.000000000E0,9.499505997E0,1.142938863E1
1.421358485E1,4.393222332E0,-3.349951804E-1,1.136112213E1,1.218555375E1
1.421596037E1,-3.081955671E0,-9.092725813E-2,8.307880402E0,8.861579729E0
1.421833594E1,5.312066078E-1,-3.732803464E-1,1.228953743E1,1.230667497E1
1.422071146E1,1.971685886E0,-3.924229145E-1,7.642675400E0,7.902659568E0
1.422308704E1,-4.914857864E0,-6.843472719E-1,1.108355427E1,1.214369525E1
1.422546256E1,6.254838467E0,-8.039883971E-1,1.004985523E1,1.186461090E1
1.422783808E1,-5.508277893E0,3.110669553E-1,9.241081238E0,1.076268881E1
1.423021365E1,3.517449379E0,-1.196411327E-1,1.139462185E1,1.192577759E1
1.423258917E1,-2.545963287E0,-2.249253243E-1,7.896314621E0,8.299656924E0
1.423496474E1,-9.188438654E-1,-1.100698471E0,1.191625690E1,1.200220770E1
1.423734026E1,4.445864677E0,-8.422735929E-1,8.877371788E0,9.964078853E0
1.423971579E1,-5.355136871E0,-5.264209956E-2,1.064806080E1,1.191895385E1
1.424209136E1,5.048855782E0,-2.009970993E-1,9.681360245E0,1.092062639E1
1.424446688E1,-5.479563713E0,-1.052841991E-1,8.767302513E0,1.033935668E1
1.424684245E1,2.967100143E0,-7.178468108E-1,1.255753326E1,1.292325922E1
1.424921797E1,-5.264209956E-2,-5.072783828E-1,7.680960655E0,7.697873676E0
1.425159355E1,-3.349951744E0,-3.924229145E-1,1.175354481E1,1.222791838E1
1.425396907E1,4.953142643E0,-8.231309652E-1,8.633303642E0,9.987246788E0
1.425634464E1,-5.766702652E0,-1.770688742E-1,1.035135078E1,1.185059813E1
1.425872016E1,4.881358147E0,-4.211367965E-1,1.093041420E1,1.197827067E1
1.426109568E1,-4.412364960E0,4.546363056E-1,8.183453560E0,9.308306552E0
1.426347126E1,2.536391914E-1,-4.833501875E-1,1.216032505E1,1.217257021E1
1.426584678E1,2.134397745E0,-8.518448472E-1,8.059026718E0,8.380286691E0
1.426822235E1,-4.230510235E0,-6.987041831E-1,1.109791183E1,1.189743886E1
1.427059787E1,5.297709465E0,-5.072783828E-1,9.528220177E0,1.091375447E1
1.427297344E1,-6.623332977E0,3.110669553E-1,9.231510162E0,1.136600555E1
1.427534896E1,4.173082829E0,-1.627119333E-1,1.216511059E1,1.286199872E1
1.427772448E1,-2.507678032E0,-2.871387079E-2,7.647460938E0,8.048163293E0
1.428010006E1,-1.526620865E0,-1.148554921E0,1.189711380E1,1.204952557E1
1.428247558E1,3.838087559E0,-3.828516304E-1,8.451449394E0,9.290020901E0
1.428485115E1,-5.714060307E0,2.632105052E-1,1.070070267E1,1.213362281E1
1.428722667E1,5.489135265E0,-3.732803464E-1,1.021735287E1,1.160449240E1
1.428960224E1,-5.484349728E0,-2.536391914E-1,8.097311974E0,9.783091841E0
1.429197776E1,2.316252232E0,-3.637090325E-1,1.274417305E1,1.295805755E1
1.429435334E1,0.000000000E0,-5.647061467E-1,7.594819069E0,7.615784249E0
1.429672886E1,-2.746960402E0,8.135596663E-2,1.200718403E1,1.231766530E1
1.429910438E1,5.115854740E0,-5.407779217E-1,8.494520187E0,9.930824925E0
1.430147995E1,-6.431907177E0,2.201396823E-1,9.667003632E0,1.161330490E1
1.430385547E1,4.867001057E0,-1.009771109E0,1.118883896E1,1.224326158E1
1.430623105E1,-2.823530674E0,1.627119333E-1,8.714659691E0,9.162100969E0
1.430860657E1,1.914258152E-1,-3.876372576E-1,1.223210907E1,1.223974668E1
1.431098214E1,2.378465652E0,-2.153540403E-1,7.379465103E0,7.756286575E0
1.431335766E1,-4.977071285E0,-3.206382394E-1,1.187797165E1,1.288255634E1
1.431573318E1,6.307480335E0,-5.742774606E-1,9.293723106E0,1.124666137E1
1.431810870E1,-5.647061348E0,-1.435693540E-2,8.776873589E0,1.043661909E1
1.432048428E1,2.947957516E0,-8.614161611E-1,1.228953743E1,1.266748679E1
1.432285985E1,-4.019941986E-1,-1.292124242E-1,7.848458290E0,7.859808695E0
1.432523537E1,-2.713460922E0,-4.067798555E-1,1.176790142E1,1.208353607E1
1.432761094E1,5.407779217E0,-4.163511395E-1,9.073583603E0,1.057106162E1
1.432998646E1,-6.125626087E0,-2.297109663E-1,9.466006279E0,1.127747033E1
1.433236198E1,4.756931305E0,-5.407779217E-1,1.119841003E1,1.217888433E1
1.433473756E1,-3.574877024E0,-3.876372576E-1,8.269595146E0,9.017550236E0
1.433711308E1,9.475577474E-1,-4.498506486E-1,1.254317665E1,1.258695800E1
1.433948865E1,2.091326952E0,-3.589234054E-1,7.709674358E0,7.996346237E0
1.434186417E1,-5.412564754E0,-1.914258115E-2,1.103091240E1,1.228728009E1
1.434423974E1,5.838487148E0,-9.188438654E-1,9.705288887E0,1.136331108E1
1.434661526E1,-5.297709465E0,-2.392822653E-1,9.198010445E0,1.061726790E1
1.434899079E1,3.278167009E0,-4.642075896E-1,1.223689461E1,1.267688673E1
1.435136636E1,-1.660618901E0,-1.435693651E-1,7.379465103E0,7.565366647E0
1.435374188E1,-2.785245657E0,-3.014956415E-1,1.195932770E1,1.228307828E1
1.435611745E1,5.264209747E0,-7.322037220E-1,8.968298912E0,1.042489386E1
1.435849297E1,-6.005984783E0,-5.024927258E-1,9.724431038E0,1.144066917E1
1.436086855E1,4.603790760E0,-3.349951804E-1,1.105962658E1,1.198425848E1
1.436324407E1,-4.546362877E0,-3.349951655E-2,8.164310455E0,9.344865052E0
1.436561964E1,1.158126116E0,-6.221339107E-1,1.260538960E1,1.267375846E1
1.436799516E1,1.847259045E0,-4.833501875E-1,7.896314621E0,8.123901647E0
1.437037068E1,-4.895715237E0,-4.689932466E-1,1.092562866E1,1.198154180E1
1.437274626E1,5.383851051E0,-6.699903607E-1,9.638289452E0,1.106035093E1
1.437512178E1,-5.900700569E0,1.387837082E-1,9.274580956E0,1.099342440E1
1.437749735E1,3.943371773E0,-4.498506486E-1,1.194018459E1,1.258254961E1
1.437987287E1,-1.986042738E0,-2.057827413E-1,7.709674358E0,7.964031078E0
1.438224844E1,-2.273181438E0,-7.369893789E-1,1.171047401E1,1.195180776E1
1.438462391E1,4.790431023E0,-9.954141974E-1,8.944371223E0,1.019513881E1
1.438699948E1,-5.249852657E0,5.072783828E-1,1.069113159E1,1.192134971E1
1.438937506E1,4.833501816E0,-1.962114573E-1,9.887143135E0,1.100712670E1
1.439175058E1,-5.072783947E0,-3.924229145E-1,8.159524918E0,9.615871234E0
1.439412615E1,1.966900229E0,-6.795616150E-1,1.284945774E1,1.301687615E1
1.439650167E1,1.746760488E0,-4.498506486E-1,7.752745152E0,7.959811254E0
1.439887724E1,-3.842873096E0,1.292124242E-1,1.133719349E1,1.197147968E1
1.440125276E1,5.187639713E0,-1.244267747E-1,8.987442017E0,1.037791895E1
1.440362829E1,-6.230910301E0,-3.924229145E-1,8.997013092E0,1.095100377E1
1.440600386E1,5.178068161E0,-6.891329288E-1,1.222732353E1,1.329641812E1
1.440837938E1,-2.354537487E0,-7.178468257E-2,7.743174076E0,8.093561922E0
1.441075495E1,-8.327022791E-1,5.264209956E-2,1.203111267E1,1.206000980E1
1.441313047E1,3.249453068E0,-3.876372576E-1,7.987242222E0,8.631642149E0
1.441550605E1,-4.847858906E0,-4.354937077E-1,1.068156052E1,1.173827610E1
1.441788157E1,6.053841114E0,-6.604190469E-1,1.040399265E1,1.205521500E1
1.442025709E1,-5.139782906E0,3.254238665E-1,8.398807526E0,9.852067644E0
1.442263266E1,2.344966173E0,-2.440679073E-1,1.225125217E1,1.247604165E1
1.442500818E1,6.221338734E-2,-6.125625968E-1,7.738388538E0,7.762844879E0
1.442738376E1,-2.273181438E0,-2.344966233E-1,1.180140114E1,1.202062442E1
1.442975928E1,5.364708424E0,-3.924229145E-1,8.690732002E0,1.022071010E1
1.443213485E1,-6.474977970E0,-7.178468257E-2,9.418149948E0,1.142943748E1
1.443451037E1,5.111069202E0,-5.934200287E-1,1.157169056E1,1.266409089E1
1.443688589E1,-2.880958557E0,1.052841991E-1,8.346165657E0,8.830033304E0
1.443926146E1,5.551348329E-1,-2.009970993E-1,1.203589821E1,1.205037013E1
1.444163698E1,2.254039049E0,-2.536391914E-1,7.680960655E0,8.008881411E0
1.444401256E1,-4.910071850E0,-7.130611539E-1,1.082991505E1,1.191236004E1
1.444638808E1,6.556334019E0,-8.183453679E-1,1.038963604E1,1.231258470E1
1.444876365E1,-5.398207664E0,3.684946895E-1,8.819944382E0,1.034735972E1
1.445113917E1,3.172882795E0,-7.178468257E-2,1.180140114E1,1.222069585E1
1.445351474E1,-1.813759565E0,-2.775674164E-1,7.652246952E0,7.869158204E0
1.445589026E1,-1.454836130E0,-6.125625968E-1,1.207418346E1,1.217693260E1
1.445826579E1,5.077569485E0,-7.944171429E-1,8.633303642E0,1.004722560E1
1.446064136E1,-6.250052929E0,-9.092725813E-2,9.848857880E0,1.166496596E1
1.446301688E1,4.804787636E0,-3.732803464E-1,1.091127110E1,1.192816664E1
1.446539245E1,-4.235296249E0,-4.785645287E-3,8.441878319E0,9.444737517E0
1.446776797E1,1.536192179E0,-4.067798555E-1,1.234217930E1,1.244406469E1
1.447014355E1,1.215553880E0,-3.014956415E-1,7.609176159E0,7.711551898E0
1.447251907E1,-5.106283665E0,-7.944171429E-1,1.084905815E1,1.201695861E1
1.447489464E1,6.082555294E0,-1.067198873E0,1.014078236E1,1.187315708E1
1.447727016E1,-5.632704735E0,1.119840980E0,9.403793335E0,1.101874474E1
1.447964568E1,3.134597778E0,-4.833501875E-1,1.121755219E1,1.165730705E1
1.448202126E1,-2.660818815E0,-1.076770186E0,7.858029366E0,8.365884072E0
1.448439678E1,-1.071984529E0,-2.392822653E-1,1.262453270E1,1.267222288E1
1.448677235E1,4.302295208E0,-1.627119333E-1,8.020741463E0,9.103214424E0
1.448914787E1,-6.369693756E0,-4.259224236E-1,9.944570541E0,1.181731322E1
1.449152339E1,5.168497086E0,-5.838487148E-1,1.095434189E1,1.212649363E1
1.449389896E1,-4.776073933E0,5.742774159E-2,8.379665375E0,9.645360125E0
1.449627448E1,2.316252232E0,-4.402793646E-1,1.242832088E1,1.264998144E1
1.449865006E1,1.435693651E-1,-2.057827413E-1,7.752745152E0,7.756804502E0
1.450102558E1,-3.996013880E0,-1.052841991E-1,1.129412270E1,1.198066856E1
1.450340115E1,5.608776093E0,-8.039883971E-1,8.963513374E0,1.060421325E1
1.450577667E1,-5.795416355E0,-2.297109663E-1,9.638289452E0,1.124883289E1
1.450815224E1,4.632504463E0,-4.211367965E-1,1.164826107E1,1.254270464E1
1.451052776E1,-3.187239647E0,2.632105052E-1,7.838887215E0,8.466163777E0
1.451290329E1,-7.465606928E-1,-2.201396823E-1,1.206939697E1,1.209446806E1
1.451527886E1,3.728017569E0,-7.896314859E-1,8.288737297E0,9.122762677E0
1.451765438E1,-4.704289436E0,-4.019941986E-1,1.072463131E1,1.171792026E1
1.452002995E1,5.670989513E0,-4.546363056E-1,1.002114105E1,1.152345800E1
1.452240547E1,-5.666203976E0,3.302095234E-1,8.580661774E0,1.028798631E1
1.452478105E1,3.201596737E0,-5.742774606E-1,1.240917778E1,1.282839466E1
1.452715657E1,1.148554832E-1,-3.828516304E-1,7.896314621E0,7.906424713E0
1.452953209E1,-2.464607239E0,-3.062812984E-1,1.166740322E1,1.192880526E1
1.453190766E1,5.020142078E0,-5.407779217E-1,8.547162056E0,9.927146945E0
1.453428323E1,-5.876772404E0,-1.292124242E-1,9.987641335E0,1.158905213E1
1.453665876E1,5.656632900E0,-5.359922647E-1,1.127498055E1,1.262576611E1
1.453903428E1,-3.742374659E0,1.866401732E-1,8.087740898E0,8.913571421E0
1.454140985E1,5.407779217E-1,-3.302095234E-1,1.231825066E1,1.233453600E1
1.454378537E1,1.957328916E0,-9.762716293E-1,7.791030407E0,8.092243050E0
1.454616094E1,-3.780659676E0,-2.488535494E-1,1.174397373E1,1.234002572E1
1.454853646E1,5.876772404E0,-4.259224236E-1,9.379864693E0,1.107699081E1
1.455091198E1,-6.527620316E0,5.742774606E-1,8.781659126E0,1.095705976E1
1.455328756E1,3.316452265E0,-7.322037220E-1,1.185882950E1,1.233559139E1
1.455566308E1,-1.292124271E0,-8.901300430E-1,8.135597229E0,8.285521040E0
1.455803865E1,-1.359123230E0,-3.014956415E-1,1.220818138E1,1.228730272E1
1.456041417E1,3.838087559E0,-1.579262912E-1,8.106883049E0,8.970920220E0
1.456278974E1,-6.771687984E0,2.057827413E-1,1.012164021E1,1.217972517E1
1.456516527E1,5.326423168E0,-8.518448472E-1,1.082034397E1,1.209033776E1
1.456754084E1,-4.517649174E0,-4.450650215E-1,8.360522270E0,9.513441520E0
1.456991636E1,1.330409408E0,-3.541377485E-1,1.259103298E1,1.266607730E1
1.457229188E1,3.828516230E-2,-3.062812984E-1,7.398607731E0,7.405043575E0
1.457466740E1,-4.421936035E0,-2.775674164E-1,1.160997581E1,1.242666892E1
1.457704297E1,5.623133183E0,-5.072783828E-1,9.552147865E0,1.109596715E1
1.457941855E1,-6.604190350E0,1.196411327E-1,8.819944382E0,1.101912261E1
1.458179407E1,3.632304668E0,-5.694918036E-1,1.164347458E1,1.221017847E1
1.458416964E1,-3.182454109E0,-8.901300430E-1,8.030312538E0,8.683678087E0
1.458654516E1,-4.163511395E-1,-1.627119333E-1,1.270588779E1,1.271374878E1
1.458892068E1,2.986242771E0,-6.699903309E-2,7.714460373E0,8.272546984E0
1.459129626E1,-6.494120598E0,-6.221339107E-1,1.022692394E1,1.213056579E1
1.459367178E1,5.479563713E0,-9.475577474E-1,1.081555843E1,1.216140569E1
1.459604735E1,-4.622933388E0,9.284151793E-1,8.906085968E0,1.007729305E1
1.459842287E1,1.995614052E0,-5.359922647E-1,1.173440266E1,1.191494729E1
1.460079839E1,-7.657032609E-1,-1.004985452E0,7.532605648E0,7.637829868E0
1.460317396E1,-3.034099102E0,-3.206382394E-1,1.202632618E1,1.240729977E1
1.460554948E1,5.857629776E0,-8.518448472E-1,9.083154678E0,1.084164033E1
1.460792506E1,-6.273981094E0,3.589234054E-1,9.676574707E0,1.153810049E1
1.461030058E1,4.354937077E0,-9.092725813E-2,1.126540947E1,1.207821159E1
1.461267615E1,-3.780659676E0,-5.216353536E-1,7.695317745E0,8.589726784E0
1.461505167E1,7.992027402E-1,-7.417750359E-1,1.265803146E1,1.270490912E1
1.461742724E1,3.148954630E0,-4.594219327E-1,8.068597794E0,8.673479932E0
1.461980277E1,-4.943571568E0,-9.571290575E-3,1.075813103E1,1.183961041E1
1.462217834E1,5.536991596E0,-3.493520916E-1,9.681360245E0,1.115836274E1
1.462455386E1,-5.522634506E0,-2.201396823E-1,8.791230202E0,1.038429978E1
1.462692938E1,4.197010994E0,-5.407779217E-1,1.263410378E1,1.332396038E1
1.462930495E1,-9.236295223E-1,-1.196411327E-1,7.623532772E0,7.680212069E0
1.463168047E1,-2.469393015E0,6.699903309E-2,1.171047401E1,1.196819086E1
1.463405605E1,5.005784988E0,-5.647061467E-1,8.614161491E0,9.979005691E0
1.463643157E1,-5.359922886E0,-3.684946895E-1,1.003071213E1,1.137891680E1
1.463880714E1,5.766702652E0,-5.886343718E-1,1.115055370E1,1.256726692E1
1.464118266E1,-4.235296249E0,3.349951804E-1,8.097311974E0,9.144201293E0
1.464355823E1,9.188438654E-1,-2.727817893E-1,1.238046455E1,1.241751129E1
1.464593376E1,2.158325911E0,-6.412764788E-1,8.001599312E0,8.312352122E0
1.464830928E1,-3.876372576E0,-3.732803464E-1,1.131805134E1,1.196928940E1
1.465068485E1,5.881557941E0,-5.503492355E-1,9.389435768E0,1.109311102E1
1.465306037E1,-6.312266350E0,3.732803464E-1,8.953942299E0,1.096162065E1
1.465543594E1,4.163511276E0,-5.359922647E-1,1.209332561E1,1.280119675E1
1.465781146E1,-1.450050473E0,-1.627119333E-1,7.886743546E0,8.020588838E0
1.466018704E1,-1.607976794E0,-2.871387303E-1,1.177268696E1,1.188546155E1
1.466256256E1,4.096512318E0,-8.135597110E-1,8.379665375E0,9.362803232E0
1.466493808E1,-5.556134224E0,-1.435693540E-2,1.056191921E1,1.193419336E1
1.466731365E1,5.618347645E0,-3.206382394E-1,1.049491978E1,1.190848354E1
1.466968917E1,-5.029713154E0,4.977070987E-1,8.197810173E0,9.630670714E0
1.467206474E1,1.296909928E0,-5.742774606E-1,1.210768223E1,1.219047739E1
1.467444027E1,8.614161611E-1,-1.081555843E0,7.771887779E0,7.893924277E0
1.467681584E1,-3.153740168E0,1.387837082E-1,1.206461143E1,1.247077331E1
1.467919136E1,5.134997368E0,-1.196411327E-1,8.590232849E0,1.000872681E1
1.468156693E1,-7.111468792E0,-1.148554832E-1,8.858229637E0,1.136021181E1
1.468394245E1,4.383651257E0,-7.944171429E-1,1.221296692E1,1.300015607E1
1.468631797E1,-1.966900229E0,1.100698411E-1,8.193024635E0,8.426533365E0
1.468869355E1,-1.086341500E0,-2.727817893E-1,1.175833035E1,1.181155706E1
1.469106907E1,2.770888567E0,-2.584248483E-1,7.953742504E0,8.426542985E0
1.469344464E1,-5.781059742E0,-7.130611539E-1,1.045663452E1,1.196955778E1
1.469582016E1,6.288337708E0,-9.092726111E-1,1.081555843E1,1.254377423E1
1.469819573E1,-5.158925533E0,9.858429432E-1,8.575876236E0,1.005644332E1
1.470057126E1,1.674975872E0,-2.871387303E-1,1.172004509E1,1.184261161E1
1.470294683E1,-8.135597110E-1,-1.253839016E0,7.575676441E0,7.721713879E0
1.470532235E1,-2.210968018E0,-2.105683982E-1,1.223689461E1,1.243681262E1
1.470769787E1,5.446064472E0,-3.110669553E-1,8.738588333E0,1.030142257E1
1.471007344E1,-6.733402729E0,3.206382394E-1,9.212367058E0,1.141530674E1
1.471244896E1,4.469792843E0,-7.322037220E-1,1.153340530E1,1.239090829E1
1.471482454E1,-3.282952785E0,-4.546363056E-1,8.145168304E0,8.793647700E0
1.471720006E1,1.110269666E0,-4.307080805E-1,1.240917778E1,1.246619033E1
1.471957563E1,2.014756680E0,-2.392822653E-1,7.767102242E0,8.027725563E0
1.472195115E1,-5.331208706E0,3.349951655E-2,1.097348499E1,1.220001153E1
1.472432667E1,6.111268997E0,-9.044869542E-1,9.781859398E0,1.156937676E1
1.472670224E1,-5.182853699E0,7.178468257E-2,9.111868858E0,1.048299955E1
1.472907777E1,3.713660717E0,-4.833501875E-1,1.192104244E1,1.249544542E1
1.473145334E1,-1.866401672E0,-2.440679073E-1,7.609176159E0,7.838532143E0
1.473382886E1,-2.076970100E0,-4.163511395E-1,1.191147137E1,1.209835952E1
1.473620443E1,5.240281582E0,-8.997012973E-1,8.891729355E0,1.036015755E1
1.473857995E1,-5.388636589E0,4.785645381E-2,1.020299530E1,1.153866576E1
1.474095547E1,5.020142078E0,-1.435693651E-1,1.033699417E1,1.149242738E1
1.474333105E1,-5.072783947E0,-1.962114573E-1,8.164310455E0,9.613927456E0
1.474570657E1,2.407179594E0,-7.417750359E-1,1.276331615E1,1.300949588E1
1.474808214E1,1.473978758E0,-3.828516304E-1,7.709674358E0,7.858642851E0
1.475045766E1,-4.096512318E0,1.435693540E-2,1.130848026E1,1.202760762E1
1.475283323E1,5.393422127E0,-5.694918036E-1,9.059226990E0,1.055854710E1
1.475520876E1,-5.814558983E0,-2.201396823E-1,9.480362892E0,1.112361624E1
1.475758433E1,4.924428940E0,-6.364908218E-1,1.198325539E1,1.297125787E1
1.475995985E1,-2.550748825E0,6.221338734E-2,7.814958572E0,8.220934713E0
1.476233537E1,-1.196411371E0,-1.196411327E-1,1.199282742E1,1.205295082E1
1.476471094E1,3.694518089E0,-9.188438654E-1,8.221738815E0,9.060393320E0
1.476708646E1,-4.852644444E0,-1.387837082E-1,1.099262714E1,1.201687441E1
1.476946204E1,5.852844238E0,-5.551348329E-1,9.963713646E0,1.156890444E1
1.477183756E1,-5.757131100E0,2.392822653E-1,8.389236450E0,1.017748018E1
1.477421313E1,2.660818815E0,-6.556333899E-1,1.261974621E1,1.291386101E1
1.477658865E1,4.211367965E-1,-3.876372576E-1,7.987242222E0,8.007724843E0
1.477896417E1,-3.000599623E0,-2.440679073E-1,1.141854954E1,1.180874425E1
1.478133974E1,5.063212872E0,-6.460621357E-1,8.796015739E0,1.016973027E1
1.478371527E1,-6.451049805E0,-1.004985496E-1,9.686145782E0,1.163819418E1
1.478609084E1,5.359922886E0,-6.364908218E-1,1.156690502E1,1.276429339E1
1.478846636E1,-3.431307554E0,5.264209956E-2,8.097311974E0,8.794492818E0
1.479084193E1,-8.135596663E-2,-1.244267747E-1,1.207418346E1,1.207509864E1
1.479321745E1,2.048256159E0,-6.556333899E-1,7.647460938E0,7.944108964E0
1.479559302E1,-4.627718925E0,-4.785645306E-1,1.131805134E1,1.223695602E1
1.479796855E1,6.005984783E0,-7.369893789E-1,1.008814049E1,1.176374027E1
1.480034407E1,-6.010770321E0,4.929214716E-1,8.561519623E0,1.047243762E1
1.480271964E1,2.665604353E0,-3.014956415E-1,1.204546928E1,1.234057035E1
1.480509516E1,-1.191625714E0,-8.853443861E-1,7.738388538E0,7.879496411E0
1.480747073E1,-1.737189293E0,-3.589234054E-1,1.220339584E1,1.233164720E1
1.480984626E1,4.541577339E0,-4.307080805E-1,8.350951195E0,9.515766918E0
1.481222183E1,-6.805187702E0,1.627119333E-1,9.805787086E0,1.193693911E1
1.481459730E1,5.125426292E0,-7.561319470E-1,1.111226845E1,1.226067862E1
1.481697287E1,-3.847658873E0,-1.435693540E-2,8.666803360E0,9.482518938E0
1.481934844E1,1.182054400E0,-4.067798555E-1,1.202632618E1,1.209112252E1
1.482172396E1,9.810572863E-1,-5.024927258E-1,7.436892986E0,7.518134717E0
1.482409954E1,-4.685146809E0,-4.785645306E-1,1.140897846E1,1.234278794E1
1.482647506E1,6.288337708E0,-7.274180651E-1,1.002114105E1,1.185308382E1
1.482885063E1,-5.824130535E0,3.349951804E-1,8.920442581E0,1.065865911E1
1.483122615E1,3.330809116E0,-1.770688742E-1,1.162911797E1,1.209801750E1
1.483360172E1,-2.388036966E0,-7.944171429E-1,7.724031448E0,8.123698724E0
1.483597724E1,-7.848458290E-1,-5.503492355E-1,1.244746304E1,1.248431829E1
1.483835277E1,4.589433670E0,-5.072783828E-1,8.432307243E0,9.613742155E0
1.484072834E1,-6.082555294E0,3.014956415E-1,1.014556789E1,1.183304384E1
1.484310386E1,5.111069202E0,-2.488535494E-1,1.039442158E1,1.158572209E1
1.484547943E1,-4.565505505E0,-5.503492355E-1,8.350951195E0,9.533368274E0
1.484785495E1,2.636890650E0,-7.130611539E-1,1.273938751E1,1.302895401E1
1.485023052E1,1.004985452E0,-2.727817893E-1,7.503891945E0,7.575803587E0
1.485260605E1,-4.412364960E0,1.004985496E-1,1.122233772E1,1.205901855E1
1.485498162E1,5.948556900E0,-7.944171429E-1,9.556933403E0,1.128500792E1
1.485735714E1,-5.594419479E0,8.614161611E-2,9.221938133E0,1.078652366E1
1.485973266E1,4.670789719E0,-5.694918036E-1,1.161954689E1,1.253612649E1
1.486210823E1,-2.641676188E0,-1.435693651E-1,7.604390144E0,8.051447988E0
1.486448376E1,-1.124626637E0,-4.211367965E-1,1.212682533E1,1.218614106E1
1.486685933E1,4.675575256E0,-5.455635786E-1,8.757730484E0,9.942659947E0
1.486923485E1,-5.493920803E0,-4.785645287E-3,1.003549862E1,1.144090998E1
1.487161042E1,5.436492920E0,-5.312066078E-1,1.042313576E1,1.176772683E1
1.487398594E1,-5.053641319E0,3.349951655E-2,8.537590981E0,9.921233419E0
1.487636146E1,2.608176708E0,-4.881358147E-1,1.242832088E1,1.270842328E1
1.487873704E1,9.523434043E-1,-2.775674164E-1,7.527820110E0,7.592896499E0
1.488111256E1,-4.340580463E0,-2.823530734E-1,1.112183952E1,1.194218055E1
1.488348813E1,5.781059742E0,-9.762716293E-1,9.556933403E0,1.121199064E1
1.488586365E1,-5.670989513E0,4.498506486E-1,9.628718376E0,1.118368031E1
1.488823922E1,4.192225456E0,-2.871387303E-1,1.126062298E1,1.201910283E1
1.489061474E1,-2.794816732E0,1.866401732E-1,7.752745152E0,8.243233134E0
1.489299032E1,-1.636690736E0,-4.689932466E-1,1.173918819E1,1.186200871E1
1.489536584E1,4.575077057E0,-1.354337573E0,8.671588898E0,9.897576186E0
1.489774136E1,-5.288137913E0,4.115654826E-1,1.075334454E1,1.199033809E1
1.490011693E1,4.910071850E0,-2.871387079E-2,9.911071777E0,1.106069500E1
1.490249245E1,-5.804987907E0,1.244267747E-1,8.078168869E0,9.948375692E0
1.490486802E1,2.033899307E0,-9.332008362E-1,1.265803146E1,1.285431331E1
1.490724355E1,1.612762451E0,-4.115654826E-1,8.274380684E0,8.440128232E0
1.490961912E1,-4.345366001E0,8.614161611E-2,1.077727318E1,1.162063868E1
1.491199464E1,4.962714195E0,-1.052841991E-1,9.265008926E0,1.051094702E1
1.491437021E1,-6.719046116E0,1.387837082E-1,8.925228119E0,1.117249026E1
1.491674573E1,4.780859470E0,-9.810572863E-1,1.220339584E1,1.314313360E1
1.491912126E1,-2.220539331E0,-1.770688742E-1,7.834101200E0,8.144647931E0
1.492149683E1,-2.172683001E0,1.914258115E-2,1.173918819E1,1.193857015E1
1.492387235E1,3.905086517E0,-8.327022791E-1,8.437092781E0,9.334218146E0
1.492624792E1,-5.828916073E0,2.105683982E-1,1.035135078E1,1.188154303E1
1.492862344E1,5.637490273E0,-4.785645306E-1,1.078684425E1,1.218057181E1
1.493099902E1,-4.986642361E0,9.571290761E-2,7.791030407E0,9.250725258E0
1.493337454E1,6.987041831E-1,-5.982056856E-1,1.250010586E1,1.253390139E1
1.493575011E1,2.167897224E0,-5.407779217E-1,8.226524353E0,8.524548203E0
1.493812563E1,-4.398007870E0,-7.178468257E-2,1.076291656E1,1.162703742E1
1.494050115E1,5.460421085E0,-4.163511395E-1,9.753145218E0,1.118540962E1
1.494287672E1,-6.455835342E0,1.770688742E-1,8.709874153E0,1.084301946E1
1.494525224E1,3.976871252E0,-1.014556766E0,1.240439224E1,1.306574825E1
1.494762782E1,-4.881358147E-1,-2.440679073E-1,7.862815380E0,7.881732768E0
1.495000334E1,-2.751745939E0,-3.349951655E-2,1.148076344E1,1.180597971E1
1.495237891E1,4.852644444E0,-2.679961324E-1,8.805587769E0,1.005775104E1
1.495475443E1,-6.422336102E0,9.571290575E-3,9.408578873E0,1.139156921E1
1.495712995E1,5.785845280E0,-1.148554921E0,1.181575775E1,1.320633618E1
1.495950552E1,-3.192025423E0,-1.914258115E-2,8.245666504E0,8.841968606E0
1.496188094E1,-1.627119333E-1,-4.785645381E-2,1.192104244E1,1.192224888E1
1.496425662E1,2.986242771E0,-5.407779217E-1,8.159524918E0,8.705626544E0
1.496663214E1,-5.087141037E0,-2.009970993E-1,1.067677498E1,1.182847952E1
1.496900771E1,6.340980053E0,-7.704889178E-1,1.045663452E1,1.225328065E1
1.497138323E1,-5.331208706E0,2.919243574E-1,8.336593628E0,9.899787847E0
1.497375881E1,2.177468538E0,-5.647061467E-1,1.228953743E1,1.249371812E1
1.497613433E1,1.024128079E0,-4.929214716E-1,8.121239662E0,8.200386793E0
1.497850985E1,-3.464807272E0,-2.775674164E-1,1.127019501E1,1.179403360E1
1.498088542E1,5.824130535E0,-6.556333899E-1,9.533005714E0,1.119055627E1
1.498326094E1,-6.594619274E0,4.881358147E-1,9.016156197E0,1.118116061E1
1.498563652E1,4.651647091E0,-8.039883971E-1,1.213161087E1,1.301768798E1
1.498801204E1,-1.813759565E0,-1.100698411E-1,7.814958572E0,8.023429231E0
1.499038761E1,-1.507478237E0,-2.536391914E-1,1.166740322E1,1.176712035E1
1.499276313E1,4.273581028E0,-1.057627559E0,8.599804878E0,9.661196344E0
1.499513870E1,-5.934200287E0,1.004985496E-1,1.033699417E1,1.191965945E1
1.499751422E1,5.723631859E0,-2.009970993E-1,1.112183952E1,1.250982318E1
1.499988974E1,-4.613361835E0,4.833501875E-1,7.752745152E0,9.034477971E0
1.500226532E1,4.785645306E-1,-8.039883971E-1,1.205982590E1,1.209606639E1
1.500464084E1,2.105684042E0,-1.052842021E0,8.063812256E0,8.400443423E0
1.500701641E1,-4.264009953E0,1.435693540E-2,1.142333508E1,1.219321825E1
1.500939193E1,5.527420521E0,-3.110669553E-1,9.729216576E0,1.119405179E1
1.501176751E1,-6.652047157E0,6.652047038E-1,8.508877754E0,1.082096249E1
1.501414303E1,2.976671457E0,-1.024128079E0,1.223210907E1,1.263067312E1
1.501651860E1,-4.594219327E-1,-5.359922647E-1,8.102097511E0,8.132794126E0
1.501889412E1,-2.679961443E0,-3.541377485E-1,1.142812061E1,1.174348958E1
1.502126964E1,4.680361271E0,-5.503492355E-1,8.891729355E0,1.006337502E1
1.502364521E1,-7.130611420E0,3.541377485E-1,9.504291534E0,1.188707661E1
1.502602063E1,5.120640278E0,-7.992027402E-1,1.176790142E1,1.285858413E1
1.502839631E1,-3.316452265E0,-3.349951655E-2,7.905886173E0,8.573389880E0
1.503077183E1,-5.168496966E-1,-3.110669553E-1,1.192104244E1,1.193629545E1
1.503314740E1,2.636890650E0,-1.009771109E0,8.001599312E0,8.485188362E0
1.503552292E1,-5.479563713E0,-1.004985496E-1,1.088734341E1,1.218892796E1
1.503789849E1,5.886343479E0,-2.871387303E-1,1.051884842E1,1.205726587E1
1.504027402E1,-5.613562107E0,6.269195080E-1,8.020741463E0,9.810066320E0
1.504264954E1,1.674975872E0,-7.752745152E-1,1.202632618E1,1.216713262E1
1.504502511E1,4.737788737E-1,-1.186840057E0,7.915457249E0,8.017949813E0
1.504740063E1,-3.105883837E0,-2.153540403E-1,1.176790142E1,1.217277272E1
1.504977620E1,5.441278458E0,-3.254238665E-1,9.202795982E0,1.069602103E1
1.505215172E1,-6.943971157E0,6.747759581E-1,8.939585686E0,1.133976412E1
1.505452724E1,4.149154663E0,-1.038485050E0,1.179183006E1,1.254357173E1
1.505690282E1,-1.746760488E0,-3.972085714E-1,8.207381248E0,8.400598420E0
1.505927834E1,-9.140582681E-1,-5.455635786E-1,1.173440266E1,1.178258664E1
1.506165391E1,3.862015724E0,-7.178468108E-1,8.207381248E0,9.098987661E0
1.506402943E1,-6.360122681E0,5.742774159E-2,1.038006496E1,1.217375074E1
1.506640501E1,6.005984783E0,-6.029912829E-1,1.114576817E1,1.267531458E1
1.506878053E1,-4.264009953E0,1.244267747E-1,8.188239098E0,9.232796024E0
1.507115610E1,1.311266780E0,-5.742774606E-1,1.212682533E1,1.221102403E1
1.507353162E1,1.229910851E0,-1.076770186E0,7.791030407E0,7.960670169E0
1.507590719E1,-3.967299938E0,-3.589234054E-1,1.160519028E1,1.226983032E1
1.507828271E1,6.139982700E0,-5.120640397E-1,1.000678444E1,1.175148212E1
1.508065823E1,-6.187839508E0,7.034898400E-1,8.427521706E0,1.047890156E1
1.508303381E1,3.230310678E0,-5.120640397E-1,1.194018459E1,1.238002927E1
1.508540933E1,-1.148554921E0,-1.282552958E0,7.704888821E0,7.894899128E0
1.508778490E1,-1.454836130E0,-5.647061467E-1,1.220818138E1,1.230752346E1
1.509016042E1,4.847858906E0,-3.206382394E-1,8.915657043E0,1.015349621E1
1.509253599E1,-6.881757736E0,6.077769399E-1,9.466006279E0,1.171892731E1
1.509491152E1,5.010570526E0,-6.508477330E-1,1.146640587E1,1.253027866E1
1.509728704E1,-3.158525944E0,-6.317051649E-1,8.011170387E0,8.634476737E0
1.509966261E1,6.699903607E-1,-9.092726111E-1,1.233260822E1,1.238421937E1
1.510203818E1,2.431107759E0,-3.397808075E-1,8.154739380E0,8.516191067E0
1.510441370E1,-5.718846321E0,6.699903309E-2,1.070548820E1,1.213742847E1
1.510678922E1,6.063412666E0,-5.312066078E-1,1.055713367E1,1.218606684E1
1.510916480E1,-5.412564754E0,-8.614161611E-2,8.331808090E0,9.935909805E0
1.511154026E1,2.732603550E0,-9.954141974E-1,1.240917778E1,1.274541740E1
1.511391589E1,-3.780659735E-1,-3.445664644E-1,7.963313580E0,7.979725753E0
1.511629141E1,-3.163311481E0,-9.571290761E-2,1.142333508E1,1.185361906E1
1.511866698E1,5.589633465E0,-3.637090325E-1,9.461220741E0,1.099504363E1
1.512104250E1,-6.762116909E0,2.727817893E-1,8.776873589E0,1.108305666E1
1.512341803E1,4.326223373E0,-1.292124271E0,1.189232826E1,1.272058431E1
1.512579360E1,-2.210968018E0,6.699903309E-2,8.537590981E0,8.819485710E0
1.512816912E1,-1.210768223E0,-3.924229145E-1,1.149990559E1,1.157012463E1
1.513054464E1,3.833301783E0,-2.201396823E-1,8.394021988E0,9.230507525E0
1.513292021E1,-6.613761902E0,-2.105683982E-1,9.963713646E0,1.196084341E1
1.513529579E1,5.752345562E0,-7.800601721E-1,1.148554897E1,1.286918057E1
1.513767131E1,-4.101297855E0,2.153540403E-1,8.159524918E0,9.134816273E0
1.514004678E1,9.906286001E-1,-1.962114573E-1,1.205982590E1,1.210203473E1
1.514242240E1,1.325623751E0,-4.929214716E-1,7.566105366E0,7.697155339E0
1.514479792E1,-5.168497086E0,-2.584248483E-1,1.106441212E1,1.221480090E1
1.514717349E1,6.436692715E0,-5.599204898E-1,1.055234814E1,1.237322008E1
1.514954902E1,-5.747560024E0,4.881358147E-1,8.293522835E0,1.010223954E1
1.515192459E1,2.608176708E0,-6.843472719E-1,1.206939697E1,1.236694223E1
1.515430011E1,-5.934200287E-1,-3.158525825E-1,7.858029366E0,7.886731623E0
1.515667568E1,-2.799602509E0,-2.344966233E-1,1.150947666E1,1.184739701E1
1.515905120E1,5.776273727E0,-3.732803464E-1,9.322437286E0,1.097326357E1
1.516142678E1,-6.795616150E0,4.785645306E-1,8.638090134E0,1.100118285E1
1.516380230E1,4.096512318E0,-1.033699393E0,1.205504036E1,1.277395576E1
1.516617782E1,-1.746760488E0,1.100698411E-1,8.370093346E0,8.551125668E0
1.516855339E1,-1.167697430E0,-2.153540403E-1,1.136590767E1,1.142776233E1
1.517092891E1,4.096512318E0,-1.244267747E-1,8.523234367E0,9.457400239E0
1.517330448E1,-6.690331936E0,-9.571290575E-3,9.600004196E0,1.170131247E1
1.517568000E1,5.867201328E0,-1.344766378E0,1.151426220E1,1.299271650E1
1.517805558E1,-3.565305710E0,5.503492355E-1,8.475378036E0,9.211206324E0
1.518043105E1,5.503492355E-1,-2.823530734E-1,1.162911797E1,1.164555676E1
1.518280662E1,1.665404558E0,-7.322037220E-1,7.719245911E0,7.930728344E0
1.518518219E1,-5.058426857E0,-4.450650215E-1,1.113619614E1,1.223930674E1
1.518755771E1,6.704689026E0,-5.694918036E-1,1.069591713E1,1.263644804E1
1.518993329E1,-5.474778175E0,7.322037220E-1,8.183453560E0,9.873106427E0
1.519230881E1,2.158325911E0,-5.024927258E-1,1.201196957E1,1.221467488E1
1.519468438E1,-2.249253243E-1,-1.124626637E0,7.680960655E0,7.766114412E0
1.519705990E1,-2.641676188E0,-3.637090325E-1,1.195932770E1,1.225301009E1
1.519943547E1,5.867201328E0,-3.972085714E-1,9.341579437E0,1.103842980E1
1.520181099E1,-6.857829571E0,7.369893789E-1,8.781659126E0,1.116649080E1
1.520418646E1,3.876372576E0,-1.229910851E0,1.183011532E1,1.250961924E1
1.520656209E1,-1.622333765E0,-3.302095234E-1,8.398807526E0,8.560430657E0
1.520893761E1,-8.279166222E-1,-4.594219327E-1,1.156211948E1,1.160082417E1
1.521131318E1,4.058227062E0,-3.828516304E-1,8.379665375E0,9.318507072E0
1.521368870E1,-6.766902447E0,7.178468257E-2,9.954142570E0,1.203665552E1
1.521606428E1,5.862415314E0,-1.043270707E0,1.153340530E1,1.297982145E1
1.521843980E1,-3.838087559E0,4.307080805E-2,8.188239098E0,9.043231210E0
1.522081537E1,8.757730722E-1,-3.110669553E-1,1.204068375E1,1.207649809E1
1.522319089E1,1.574477315E0,-5.503492355E-1,7.752745152E0,7.930127394E0
1.522556641E1,-4.972285271E0,-4.019941986E-1,1.110269737E1,1.217189834E1
1.522794198E1,6.403193474E0,-6.795616150E-1,1.039442158E1,1.222729286E1
1.523031750E1,-5.680561066E0,3.732803464E-1,8.260024071E0,1.003175508E1
1.523269308E1,2.488535643E0,-8.470591903E-1,1.220818138E1,1.248799470E1
1.523506860E1,-2.967100143E-1,-3.732803464E-1,8.068597794E0,8.082675634E0
1.523744417E1,-2.723032236E0,-2.057827413E-1,1.141376400E1,1.173589621E1
1.523981969E1,5.479563713E0,-4.019941986E-1,9.164510727E0,1.068529245E1
1.524219527E1,-6.886543751E0,3.924229145E-1,8.920442581E0,1.127620399E1
1.524457079E1,4.484149456E0,-1.253839016E0,1.191625690E1,1.279362682E1
1.524694631E1,-2.005185366E0,-7.178468257E-2,8.374878883E0,8.611882355E0
1.524932188E1,-6.795616150E-1,1.914258152E-1,1.164826107E1,1.166963726E1
1.525169740E1,3.359523058E0,-4.402793646E-1,7.814958572E0,8.517852933E0
1.525407297E1,-6.326622963E0,-2.153540403E-1,1.021256733E1,1.201536795E1
1.525644849E1,6.278766632E0,-7.417750359E-1,1.125105190E1,1.290578589E1
1.525882402E1,-4.388436794E0,2.392822653E-1,8.121239662E0,9.234184704E0
1.526119954E1,1.201196909E0,-3.684946895E-1,1.205504036E1,1.212034077E1
1.526357511E1,1.024128079E0,-6.364908218E-1,7.786244869E0,7.879058830E0
1.526595068E1,-4.086941242E0,-2.775674164E-1,1.148076344E1,1.218967028E1
1.526832615E1,6.431907177E0,-5.216353536E-1,9.958928108E0,1.186683540E1
1.527070178E1,-6.010770321E0,7.274180651E-1,8.422736168E0,1.037308929E1
1.527307730E1,3.058027267E0,-2.488535494E-1,1.199282742E1,1.237906977E1
1.527545287E1,-9.858429432E-1,-7.274180651E-1,7.532605648E0,7.631590345E0
1.527782839E1,-1.808973908E0,-6.891329288E-1,1.201675510E1,1.217167589E1
1.528020396E1,5.359922886E0,-3.828516304E-1,9.169296265E0,1.062785692E1
1.528257948E1,-6.790830612E0,6.795616150E-1,9.288937569E0,1.152655827E1
1.528495506E1,4.761716843E0,-7.752745152E-1,1.129412270E1,1.228137636E1
1.528733058E1,-2.938386202E0,-1.244267747E-1,8.312665939E0,8.817596640E0
1.528970610E1,4.546363056E-1,-7.082754970E-1,1.195932770E1,1.198890601E1
1.529208167E1,2.809173822E0,-4.642075896E-1,7.800601959E0,8.303995254E0
1.529445719E1,-5.675775528E0,-1.004985496E-1,1.074855900E1,1.215549457E1
1.529683277E1,6.178267956E0,-5.168496966E-1,1.066241741E1,1.233390748E1
1.529920829E1,-5.206781864E0,3.732803464E-1,8.370093346E0,9.864500910E0
1.530158386E1,2.359323025E0,-8.135597110E-1,1.207418346E1,1.232940351E1
1.530395938E1,-2.297109663E-1,-5.024927258E-1,7.752745152E0,7.772407828E0
1.530633490E1,-2.967100143E0,-4.163511395E-1,1.180140114E1,1.217579978E1
1.530871047E1,5.848058701E0,-5.072783828E-1,9.312865257E0,1.100847770E1
1.531108599E1,-6.570691109E0,5.551348329E-1,9.001798630E0,1.115860811E1
1.531346157E1,4.024727821E0,-9.667003751E-1,1.156211948E1,1.228069829E1
1.531583709E1,-2.311466694E0,-3.397808075E-1,8.408378601E0,8.726921563E0
1.531821266E1,-1.627119333E-1,-4.546363056E-1,1.202632618E1,1.203601640E1
1.532058818E1,3.603590965E0,-2.440679073E-1,8.063812256E0,8.835751529E0
1.532296376E1,-6.431907177E0,3.541377485E-1,1.031306553E1,1.215952976E1
1.532533928E1,5.800201893E0,-1.177268744E0,1.056191921E1,1.210712357E1
1.532771485E1,-4.364508629E0,6.699903309E-2,8.781659126E0,9.806679430E0
1.533009037E1,2.483749866E0,-5.024927258E-1,1.213639641E1,1.239813011E1
1.533246589E1,2.488535494E-1,-1.483550072E-1,7.269395351E0,7.275166395E0
1.533484146E1,-4.254438877E0,-4.450650215E-1,1.140419292E1,1.218006360E1
1.533721698E1,6.427121639E0,-7.465606928E-1,9.997213364E0,1.190838026E1
1.533959256E1,-5.848058701E0,3.397808075E-1,8.796015739E0,1.056811878E1
1.534196808E1,3.862015724E0,-5.694918036E-1,1.158604717E1,1.222603678E1
1.534434365E1,-2.330609322E0,-2.536391914E-1,7.920242786E0,8.259922424E0
1.534671917E1,-9.140582681E-1,-4.019941986E-1,1.217946720E1,1.222033237E1
1.534909474E1,4.642076015E0,-4.402793646E-1,8.370093346E0,9.581293142E0
1.535147027E1,-6.269195557E0,2.153540403E-1,9.920642853E0,1.173747609E1
1.535384579E1,5.134997368E0,-8.231309652E-1,1.082991505E1,1.201385877E1
1.535622136E1,-3.991228104E0,1.292124242E-1,8.700303078E0,9.572976093E0
1.535859688E1,1.919043779E0,-4.259224236E-1,1.204546928E1,1.220481336E1
1.536097245E1,1.138983607E0,-1.914258115E-2,7.479963779E0,7.566208313E0
1.536334797E1,-5.020142078E0,1.914258115E-2,1.100698376E1,1.209776361E1
1.536572355E1,6.168696880E0,-1.115055323E0,9.781859398E0,1.161812992E1
1.536809907E1,-5.484349728E0,3.349951804E-1,9.054440498E0,1.059118532E1
1.537047459E1,3.938585997E0,-2.584248483E-1,1.172483063E1,1.237137407E1
1.537285016E1,-2.359323025E0,4.785645381E-2,7.475177765E0,7.838812282E0
1.537522568E1,-1.885544300E0,-5.312066078E-1,1.185404301E1,1.201481558E1
1.537760126E1,5.120640278E0,-5.216353536E-1,9.049654961E0,1.041101893E1
1.537997678E1,-5.809773445E0,1.531406492E-1,9.590433121E0,1.121397909E1
1.538235235E1,4.929214478E0,-3.684946895E-1,1.060499001E1,1.170037421E1
1.538472787E1,-4.517649174E0,7.178468257E-2,8.384450912E0,9.524354267E0
1.538710344E1,1.861616015E0,-4.307080805E-1,1.228953743E1,1.243719638E1
1.538947896E1,1.636690736E0,-2.775674164E-1,7.613961697E0,7.792830869E0
1.539185454E1,-4.795216560E0,-2.536391914E-1,1.103569794E1,1.203515948E1
1.539423006E1,5.800201893E0,-6.556333899E-1,9.777072906E0,1.138698168E1
1.539660563E1,-5.527420521E0,4.019941986E-1,9.217152596E0,1.075499321E1
1.539898115E1,4.024727821E0,-5.216353536E-1,1.173918819E1,1.242091289E1
1.540135667E1,-2.043470621E0,-2.297109663E-1,7.623532772E0,7.895998432E0
1.540373224E1,-2.053041935E0,-9.571290612E-1,1.200239849E1,1.221428044E1
1.540610777E1,5.182853699E0,-7.274180651E-1,9.226723671E0,1.060771131E1
1.540848334E1,-5.527420521E0,2.871387303E-1,9.978070259E0,1.141037740E1
1.541085886E1,4.809573650E0,-3.062812984E-1,1.032263660E1,1.139221811E1
1.541323443E1,-5.072783947E0,-3.110669553E-1,8.336593628E0,9.763641377E0
1.541560995E1,2.234896421E0,-1.263410330E0,1.271067429E1,1.296735164E1
1.541798552E1,1.713261008E0,-4.929214716E-1,8.059026718E0,8.253856462E0
1.542036105E1,-4.369294167E0,0.000000000E0,1.117926693E1,1.200278054E1
1.542273657E1,5.048855782E0,-4.115654826E-1,9.188439369E0,1.049227091E1
1.542511214E1,-6.144768715E0,-7.178468257E-2,9.298508644E0,1.114565380E1
1.542748766E1,4.589433670E0,-1.215553880E0,1.192104244E1,1.283166885E1
1.542986323E1,-2.062613010E0,-4.019941986E-1,8.183453560E0,8.448957565E0
1.543223876E1,-1.603191137E0,-3.493520916E-1,1.202632618E1,1.213774238E1
1.543461433E1,3.613162279E0,-6.173482537E-1,8.288737297E0,9.063069375E0
1.543698985E1,-5.599205017E0,-8.614161611E-2,1.075813103E1,1.212830987E1
1.543936542E1,5.479563713E0,-9.236295223E-1,1.030827999E1,1.171065098E1
1.544174094E1,-5.273781300E0,-5.742774159E-2,8.628518105E0,1.011273414E1
1.544411646E1,1.895115495E0,-7.465606928E-1,1.247617722E1,1.264135331E1
1.544649204E1,6.364908218E-1,-3.684946895E-1,7.968099594E0,8.001969760E0
1.544886756E1,-3.732803345E0,-3.206382394E-1,1.143769264E1,1.203567375E1
1.545124313E1,5.158925533E0,-7.369893789E-1,8.944371223E0,1.035178451E1
1.545361865E1,-6.685546398E0,-1.244267747E-1,9.623932838E0,1.171887776E1
1.545599422E1,4.981856823E0,-7.800601721E-1,1.201675510E1,1.303187609E1
1.545836974E1,-2.952743053E0,-1.435693540E-2,7.905886173E0,8.439308849E0
1.546074532E1,-8.470591903E-1,-1.435693651E-1,1.215075302E1,1.218108864E1
1.546312084E1,2.727817774E0,-7.178468108E-1,7.834101200E0,8.326429935E0
1.546549636E1,-5.398207664E0,-5.982056856E-1,1.100219822E1,1.226975394E1
1.546787193E1,6.106483459E0,-5.264210105E-1,1.067677498E1,1.231096191E1
1.547024745E1,-5.608776093E0,4.689932466E-1,8.274380684E0,1.000718240E1
1.547262302E1,1.971685886E0,-3.541377485E-1,1.205982590E1,1.222507094E1
1.547499855E1,-2.871387303E-1,-5.886343718E-1,7.795815945E0,7.823278425E0
1.547737412E1,-2.780459881E0,-7.274180651E-1,1.179661560E1,1.214167344E1
1.547974964E1,5.685346603E0,-4.546363056E-1,9.188439369E0,1.081467883E1
1.548212521E1,-6.819544315E0,5.503492355E-1,9.226723671E0,1.148657907E1
1.548450073E1,4.388436794E0,-6.747759581E-1,1.130848026E1,1.214888579E1
1.548687626E1,-2.785245657E0,-1.100698411E-1,8.628518105E0,9.067581454E0
1.548925183E1,2.584248483E-1,-5.886343718E-1,1.206461143E1,1.208172682E1
1.549162735E1,2.756531715E0,-4.067798555E-1,7.719245911E0,8.206746882E0
1.549400287E1,-5.603990555E0,-3.493520916E-1,1.112183952E1,1.245881501E1
1.549637844E1,6.192625046E0,-5.838487148E-1,1.046142101E1,1.217090029E1
1.549875402E1,-5.259424210E0,3.684946895E-1,8.595019341E0,1.008323801E1
1.550112954E1,2.699103832E0,-3.014956415E-1,1.216032505E1,1.245991840E1
1.550350511E1,-1.100698471E0,-5.503492355E-1,7.451249599E0,7.552187895E0
1.550588063E1,-2.335394859E0,-9.954141974E-1,1.208375454E1,1.234755208E1
1.550825615E1,5.642275810E0,-5.599204898E-1,9.327222824E0,1.091539614E1
1.551063172E1,-6.345765591E0,3.158525825E-1,9.451649666E0,1.138868672E1
1.551300724E1,4.450650215E0,-2.584248483E-1,1.092562866E1,1.180018781E1
1.551538282E1,-3.909872293E0,-2.679961324E-1,8.413164139E0,9.281177409E0
1.551775834E1,1.062413216E0,-1.091127157E0,1.222732353E1,1.232179861E1
1.552013391E1,2.340180635E0,-4.881358147E-1,8.020741463E0,8.369409513E0
1.552250943E1,-5.412564754E0,-5.264209956E-2,1.119362450E1,1.243365826E1
1.552488501E1,5.603990555E0,-6.556333899E-1,9.686145782E0,1.120963806E1
1.552726052E1,-5.513063431E0,2.823530734E-1,9.293723106E0,1.080957357E1
1.552963605E1,3.311666489E0,-8.470591903E-1,1.170568848E1,1.219458023E1
1.553201162E1,-1.622333765E0,-3.110669553E-1,7.838887215E0,8.011047513E0
1.553438714E1,-2.416750908E0,-5.072783828E-1,1.198804188E1,1.223973710E1
1.553676271E1,4.943571568E0,-4.689932466E-1,8.872586250E0,1.016767630E1
1.553913823E1,-6.068198204E0,9.571290761E-2,9.992427826E0,1.169105659E1
1.554151381E1,4.603790760E0,-6.939185858E-1,1.038006496E1,1.137638611E1
1.554388933E1,-4.646861553E0,-1.722832322E-1,8.662017822E0,9.831254069E0
1.554626485E1,1.990828395E0,-5.503492355E-1,1.260538960E1,1.277349321E1
1.554864042E1,1.239482164E0,1.148554832E-1,7.556533813E0,7.658375225E0
1.555101594E1,-4.981856823E0,-4.163511395E-1,1.097827053E1,1.206294614E1
1.555339152E1,5.551348686E0,-9.714859724E-1,9.528220177E0,1.107015072E1
1.555576704E1,-5.570491314E0,9.571290761E-2,9.513862610E0,1.102511298E1
1.555814261E1,4.431507587E0,-4.115654826E-1,1.162433243E1,1.244719848E1
1.556051813E1,-2.751745939E0,3.637090325E-1,7.834101200E0,8.311289406E0
1.556289370E1,-1.698904037E0,-3.541377485E-1,1.168175983E1,1.180996195E1
1.556526922E1,4.216153622E0,-9.954141974E-1,8.432307243E0,9.480010877E0
1.556764480E1,-5.053641319E0,-2.249253243E-1,1.082991505E1,1.195311432E1
1.557002032E1,5.666203976E0,-2.297109663E-1,1.017428207E1,1.164794619E1
1.557239589E1,-5.704489231E0,5.742774606E-1,8.379665375E0,1.015331393E1
1.557477141E1,2.277967215E0,-6.987041831E-1,1.205504036E1,1.228825945E1
1.557714693E1,8.470591903E-1,-3.445664644E-1,8.260024071E0,8.310489334E0
1.557952251E1,-2.971885681E0,-5.072783828E-1,1.134197903E1,1.173583930E1
1.558189803E1,5.216353416E0,-4.737788737E-1,8.638090134E0,1.010204982E1
1.558427360E1,-6.388836384E0,1.100698411E-1,9.805787086E0,1.170396540E1
1.558664912E1,5.326423168E0,-4.402793646E-1,1.141376400E1,1.260312018E1
1.558902469E1,-3.292523861E0,1.244267747E-1,8.025527000E0,8.675556410E0
1.559140021E1,-3.828516230E-2,-4.498506486E-1,1.190190029E1,1.191046019E1
1.559377573E1,2.469393015E0,-6.508477330E-1,7.982456207E0,8.380997061E0
1.559615131E1,-4.402793884E0,-3.110669553E-1,1.126540947E1,1.209920688E1
1.559852683E1,6.034698486E0,-4.546363056E-1,9.820143700E0,1.153514206E1
1.560090240E1,-5.972485542E0,5.503492355E-1,8.580661774E0,1.046906034E1
1.560327792E1,3.043670416E0,-6.460621357E-1,1.179183006E1,1.219543284E1
1.560565349E1,-1.033699393E0,-5.551348329E-1,8.231309891E0,8.314515719E0
1.560802902E1,-1.368694544E0,-3.637090325E-1,1.194497108E1,1.202863015E1
1.561040459E1,4.173082829E0,-2.871387303E-1,7.992027760E0,9.020508669E0
1.561278011E1,-6.551548481E0,1.339980662E-1,1.021735287E1,1.213816471E1
1.561515568E1,5.541777134E0,-8.853443861E-1,1.061934662E1,1.201106370E1
1.561753120E1,-4.240081787E0,1.148554832E-1,8.671588898E0,9.653390045E0
1.561990672E1,1.871187329E0,-3.206382394E-1,1.215075302E1,1.229816856E1
1.562228230E1,4.785645381E-2,-2.105683982E-1,7.326822758E0,7.330004162E0
1.562465782E1,-3.933800459E0,-4.642075896E-1,1.150947666E1,1.217203055E1
1.562703339E1,5.919843197E0,-6.364908218E-1,9.470791817E0,1.118684771E1
1.562940891E1,-6.005984783E0,1.627119333E-1,9.327222824E0,1.109483727E1
1.563178448E1,3.962514400E0,-3.637090325E-1,1.109791183E1,1.178971805E1
1.563416001E1,-3.469592810E0,-2.632105052E-1,8.135597229E0,8.848462935E0
1.563653558E1,4.259224236E-1,-4.833501875E-1,1.253839111E1,1.255493086E1
1.563891110E1,2.780459881E0,-3.014956415E-1,7.767102242E0,8.255285216E0
1.564128662E1,-5.446064472E0,-1.962114573E-1,1.080120182E1,1.209810225E1
1.564366219E1,5.374279499E0,-6.412764788E-1,9.647860527E0,1.106233829E1
1.564603771E1,-5.283352375E0,1.196411327E-1,9.288937569E0,1.068702426E1
1.564841329E1,3.670589924E0,-4.211367965E-1,1.190668583E1,1.246674593E1
1.565078881E1,-1.708475351E0,4.307080805E-2,7.623532772E0,7.812745679E0
1.565316438E1,-2.388036966E0,-4.929214716E-1,1.172004509E1,1.197101287E1
1.565553990E1,4.838287354E0,-7.130611539E-1,8.647661209E0,9.934763465E0
1.565791547E1,-5.288137913E0,-9.571290761E-2,1.053799057E1,1.179079339E1
1.566029099E1,5.221138954E0,-2.344966233E-1,1.019342422E1,1.145518128E1
1.566266652E1,-5.235496044E0,2.823530734E-1,8.307880402E0,9.824002181E0
1.566504209E1,2.234896421E0,-7.226324677E-1,1.239482117E1,1.261540929E1
1.566741761E1,1.095912814E0,-3.302095234E-1,8.097311974E0,8.177806822E0
1.566979318E1,-3.220739365E0,-2.536391914E-1,1.129412270E1,1.174711464E1
1.567216870E1,5.173282623E0,-4.450650215E-1,8.642875671E0,1.008267008E1
1.567454428E1,-6.101697922E0,-1.052841991E-1,9.839286804E0,1.157814178E1
1.567691980E1,5.436492920E0,-3.972085714E-1,1.148076344E1,1.270909749E1
1.567929537E1,-3.268595695E0,1.292124242E-1,7.982456207E0,8.626703934E0
1.568167089E1,1.004985496E-1,-3.062812984E-1,1.208375454E1,1.208805327E1
1.568404646E1,2.344966173E0,-6.221339107E-1,7.824530125E0,8.192019814E0
1.568642198E1,-3.847658873E0,-4.354937077E-1,1.154776192E1,1.217969371E1
1.568879750E1,6.163911343E0,-3.732803464E-1,9.451649666E0,1.129012058E1
1.569117308E1,-6.029912949E0,4.594219327E-1,8.819944382E0,1.069403280E1
1.569354860E1,3.464807272E0,-5.024927258E-1,1.173918819E1,1.225013991E1
1.569592417E1,-1.373480201E0,-4.881358147E-1,8.255238533E0,8.382940276E0
1.569829969E1,-6.556333899E-1,-4.259224236E-1,1.214596748E1,1.217110476E1
1.570067527E1,3.761517286E0,-2.871387303E-1,7.910671711E0,8.764142164E0
1.570305079E1,-6.005984783E0,-1.339980662E-1,1.062413216E1,1.220499868E1
1.570542636E1,5.986842155E0,-7.178468108E-1,1.025563812E1,1.189687759E1
1.570780188E1,-4.804787636E0,2.057827413E-1,8.738588333E0,9.974530406E0
1.571017740E1,2.550748825E0,-3.397808075E-1,1.208375454E1,1.235471142E1
1.571255297E1,-8.183453679E-1,-3.780659735E-1,7.460821152E0,7.515083185E0
1.571492849E1,-2.833101988E0,-7.657032609E-1,1.186361504E1,1.222121639E1
1.571730407E1,5.551348686E0,-5.886343718E-1,9.164510727E0,1.073090022E1
1.571967959E1,-5.991627693E0,6.699903309E-2,9.767501831E0,1.145897828E1
1.572205516E1,4.402793884E0,-2.679961324E-1,1.054756260E1,1.143273776E1
1.572443068E1,-4.393222332E0,-3.110669553E-1,8.465806961E0,9.542905879E0
1.572680626E1,1.660618901E0,-6.029912829E-1,1.264846039E1,1.277124911E1
1.572918178E1,1.373480201E0,-3.732803464E-1,7.623532772E0,7.755258732E0
1.573155730E1,-4.809573650E0,-2.919243574E-1,1.125105190E1,1.223941941E1
1.573393287E1,5.335994720E0,-7.752745152E-1,9.178867340E0,1.064544484E1
1.573630839E1,-5.733202934E0,-5.742774159E-2,9.872786522E0,1.141686592E1
1.573868396E1,4.283152580E0,-4.737788737E-1,1.152861977E1,1.230767794E1
1.574105948E1,-3.105883837E0,1.914258115E-2,7.872386456E0,8.462939758E0
1.574343506E1,-1.292124271E0,-7.274180651E-1,1.202632618E1,1.211739426E1
1.574581058E1,3.594019651E0,-8.422735929E-1,8.432307243E0,9.204901276E0
1.574818615E1,-4.752145767E0,-3.445664644E-1,1.100698376E1,1.199396960E1
1.575056167E1,5.283352375E0,-3.397808075E-1,9.662218094E0,1.101760962E1
1.575293724E1,-6.178267956E0,1.339980662E-1,8.666803360E0,1.064436146E1
1.575531277E1,3.297309637E0,-8.997012973E-1,1.234696484E1,1.281129400E1
1.575768829E1,-5.742774606E-1,-4.163511395E-1,7.996813297E0,8.028210622E0
1.576006386E1,-2.134397745E0,-3.876372576E-1,1.184925747E1,1.204619521E1
1.576243938E1,4.192225456E0,-5.264210105E-1,8.102097511E0,9.137606768E0
1.576481495E1,-5.824130535E0,-5.264210105E-1,1.045184898E1,1.197659228E1
1.576719047E1,5.800201893E0,-5.312066078E-1,1.093519974E1,1.238963743E1
1.576956605E1,-4.555934429E0,2.297109663E-1,8.202595711E0,9.385727571E0
1.577194157E1,1.493121386E0,-3.876372576E-1,1.217946720E1,1.227677056E1
1.577431714E1,5.694918036E-1,-7.561319470E-1,7.704888821E0,7.762819602E0
1.577669266E1,-2.742174864E0,-4.833501875E-1,1.196411324E1,1.228385753E1
1.577906818E1,5.680561066E0,-4.307080805E-1,8.872586250E0,1.054405379E1
1.578144376E1,-6.312266350E0,2.392822653E-1,9.528220177E0,1.143192644E1
1.578381928E1,4.594219685E0,-4.354937077E-1,1.113141060E1,1.205009590E1
1.578619485E1,-2.876172781E0,-1.962114573E-1,8.480163574E0,8.956787541E0
1.578857037E1,8.183453679E-1,-3.828516304E-1,1.225603771E1,1.228929310E1
1.579094594E1,2.268395901E0,-2.105683982E-1,7.575676441E0,7.910804798E0
1.579332146E1,-4.890929699E0,-3.876372576E-1,1.102134132E1,1.206405490E1
1.579569704E1,6.455835342E0,-6.843472719E-1,9.949356079E0,1.188006008E1
1.579807256E1,-5.326423168E0,3.589234054E-1,9.159725189E0,1.060189489E1
1.580044813E1,3.785445452E0,-9.092725813E-2,1.161476135E1,1.221640480E1
1.580282365E1,-2.407179594E0,-2.392822653E-1,7.743174076E0,8.112244719E0
1.580519917E1,-7.848458290E-1,-8.470591903E-1,1.223689461E1,1.229126039E1
1.580757474E1,4.493721008E0,-4.546363056E-1,8.618947029E0,9.730697332E0
1.580995027E1,-5.254638672E0,1.435693540E-2,1.055234814E1,1.178827744E1
1.581232584E1,5.111069202E0,-1.052841991E-1,9.748359680E0,1.100748062E1
1.581470136E1,-5.441278458E0,6.221338734E-2,8.657232285E0,1.022541210E1
1.581707693E1,3.321237803E0,-6.173482537E-1,1.245224857E1,1.290233444E1
1.581945245E1,-3.397808075E-1,-3.637090325E-1,7.824530125E0,7.840344822E0
1.582182802E1,-3.220739365E0,-3.062812984E-1,1.159561825E1,1.203849379E1
1.582420355E1,4.938786030E0,-7.226324677E-1,8.709874153E0,1.003871072E1
1.582657907E1,-5.599205017E0,-5.264209956E-2,1.038485050E1,1.179826207E1
1.582895464E1,5.020142078E0,-2.775674164E-1,1.063370419E1,1.176242045E1
1.583133016E1,-4.747360229E0,2.632105052E-1,8.106883049E0,9.398311640E0
1.583370573E1,7.896314859E-1,-7.465606928E-1,1.231825066E1,1.236608952E1
1.583608126E1,1.746760488E0,-7.609176040E-1,8.245666504E0,8.462929983E0
1.583845683E1,-3.771088600E0,-2.919243574E-1,1.148554897E1,1.209231840E1
1.584083230E1,5.024927616E0,-2.344966233E-1,8.839086533E0,1.017026730E1
1.584320792E1,-6.757331371E0,8.135596663E-2,9.360722542E0,1.154518396E1
1.584558344E1,4.522434711E0,-7.752745152E-1,1.171525955E1,1.258176350E1
1.584795902E1,-2.646461725E0,-1.435693651E-1,8.231309891E0,8.647475605E0
1.585033454E1,-6.173482537E-1,-2.823530734E-1,1.205025482E1,1.206936135E1
1.585271006E1,2.364108801E0,-4.689932466E-1,7.666603565E0,8.036527566E0
1.585508563E1,-5.010570526E0,-5.790630579E-1,1.119841003E1,1.228191835E1
1.585746115E1,6.005984783E0,-5.503492355E-1,1.006421185E1,1.173299184E1
1.585983672E1,-5.795416355E0,3.349951804E-1,8.685946465E0,1.044723593E1
1.586221224E1,2.804388046E0,-3.493520916E-1,1.172004509E1,1.205595687E1
1.586458782E1,-1.526620865E0,-7.034898400E-1,8.035098076E0,8.209035894E0
1.586696334E1,-1.143769264E0,-4.354937077E-1,1.234217930E1,1.240271151E1
1.586933891E1,4.249652863E0,-3.684946895E-1,7.996813297E0,9.063352619E0
1.587171443E1,-6.082555294E0,8.614161611E-2,1.037527943E1,1.202710782E1
1.587409001E1,5.292923450E0,-6.029912829E-1,1.016471100E1,1.147606147E1
1.587646552E1,-4.350151539E0,2.871387079E-2,8.953942299E0,9.954784055E0
1.587884105E1,2.560320139E0,-4.019941986E-1,1.220339584E1,1.247556446E1
1.588121662E1,-7.178468257E-2,-1.387837082E-1,7.389036179E0,7.390688033E0
1.588359214E1,-3.546163082E0,-4.833501875E-1,1.158126163E1,1.212165505E1
1.588596771E1,5.962913990E0,-7.178468108E-1,9.279366493E0,1.105342887E1
1.588834323E1,-5.522634506E0,6.221338734E-2,9.805787086E0,1.125419134E1
1.589071881E1,4.670789719E0,-5.264209956E-2,1.068634605E1,1.166263434E1
1.589309433E1,-4.273581028E0,-1.435693540E-2,8.226524353E0,9.270350795E0
1.589546990E1,1.383051515E0,-6.939185858E-1,1.248096275E1,1.257651723E1
1.589784542E1,2.397608280E0,-4.211367965E-1,7.996813297E0,8.359121041E0
1.590022099E1,-4.158725739E0,-1.435693651E-1,1.121276665E1,1.196000618E1
1.590259652E1,5.340780258E0,-3.972085714E-1,9.011369705E0,1.048267582E1
1.590497204E1,-5.781059742E0,-1.674975902E-1,9.504291534E0,1.112565795E1
1.590734761E1,4.838287354E0,-4.450650215E-1,1.183490086E1,1.279343526E1
1.590972313E1,-2.517249346E0,8.135596663E-2,7.891529083E0,8.283682414E0
1.591209870E1,-1.038485050E0,-3.110669553E-1,1.203111267E1,1.207985455E1
1.591447422E1,3.369094372E0,-7.992027402E-1,8.054241180E0,8.767001933E0
1.591684980E1,-4.498506546E0,-3.541377485E-1,1.129890823E1,1.216664711E1
1.591922532E1,5.742774487E0,-3.732803464E-1,9.791430473E0,1.135741642E1
1.592160089E1,-6.144768715E0,4.642075896E-1,8.571090698E0,1.055638513E1
1.592397641E1,2.842673302E0,-5.264210105E-1,1.202154064E1,1.236427717E1
1.592635193E1,-7.513462901E-1,-5.838487148E-1,8.221738815E0,8.276617045E0
1.592872751E1,-1.904686809E0,-4.354937077E-1,1.185404301E1,1.201398444E1
1.593110302E1,4.029513359E0,-4.115654826E-1,8.111668587E0,9.066726604E0
1.593347860E1,-6.460621357E0,-3.110669553E-1,1.039442158E1,1.224256472E1
1.593585412E1,5.656632900E0,-6.508477330E-1,1.083470058E1,1.223976451E1
1.593822969E1,-4.847858906E0,1.914258152E-1,8.451449394E0,9.745018044E0
1.594060521E1,1.306481123E0,-2.009970993E-1,1.221296692E1,1.228429297E1
1.594298079E1,-2.632105052E-1,-5.312066078E-1,7.456035137E0,7.479566846E0
1.594535631E1,-3.483949661E0,-8.470591903E-1,1.181097221E1,1.234319566E1
1.594773188E1,5.551348686E0,-6.221339107E-1,9.375079155E0,1.091314034E1
1.595010740E1,-6.403193474E0,1.818545163E-1,9.528220177E0,1.148132995E1
1.595248292E1,3.890729666E0,-1.627119333E-1,1.092562866E1,1.159886262E1
1.595485849E1,-3.996013880E0,-4.163511395E-1,8.298309326E0,9.219729544E0
1.595723402E1,7.944171429E-1,-7.082754970E-1,1.259581852E1,1.264070397E1
1.595960959E1,1.938186288E0,-4.929214716E-1,7.680960655E0,7.937045688E0
1.596198511E1,-5.216353416E0,-2.632105052E-1,1.123190975E1,1.238690516E1
1.596436068E1,5.532206059E0,-6.795616150E-1,9.470791817E0,1.098922224E1
1.596673620E1,-5.694917679E0,1.531406492E-1,9.384650230E0,1.097848803E1
1.596911178E1,3.694518089E0,-3.684946895E-1,1.165783215E1,1.223479884E1
1.597148724E1,-2.632104874E0,-1.722832322E-1,7.676175117E0,8.116730993E0
1.597386287E1,-1.555334687E0,-7.226324677E-1,1.209332561E1,1.221432717E1
1.597623839E1,4.326223373E0,-7.034898400E-1,8.532805443E0,9.592699065E0
1.597861391E1,-5.087141037E0,-1.914258152E-1,1.079641533E1,1.193642458E1
1.598098948E1,5.115854740E0,-6.221338734E-2,9.729216576E0,1.099242900E1
1.598336501E1,-5.891129494E0,2.057827413E-1,8.671588898E0,1.048542833E1
1.598574058E1,3.302095175E0,-8.374879360E-1,1.239960670E1,1.285906159E1
1.598811610E1,-2.871387079E-2,-4.354937077E-1,7.910671711E0,7.922701949E0
1.599049167E1,-2.584248543E0,-2.105683982E-1,1.179183006E1,1.207352210E1
1.599286719E1,4.718646049E0,-4.546363056E-1,8.322237015E0,9.577679450E0
1.599524276E1,-5.647061348E0,-3.158525825E-1,1.030827999E1,1.175796331E1
1.599761829E1,5.661418438E0,-3.876372576E-1,1.097827053E1,1.235816917E1
1.599999386E1,-4.163511276E0,2.823530734E-1,8.164310455E0,9.168997471E0
1.600236938E1,1.062413216E0,-3.828516304E-1,1.214118195E1,1.219358833E1
1.600474490E1,1.459621787E0,-8.327022791E-1,7.814958572E0,7.993589077E0
1.600712047E1,-2.967100143E0,-2.536391914E-1,1.203589821E1,1.239882502E1
1.600949599E1,5.651846886E0,-2.679961324E-1,8.604590416E0,1.029826060E1
1.601187157E1,-6.503692150E0,3.541377485E-1,9.317651749E0,1.136846776E1
1.601424709E1,4.536791801E0,-6.317051649E-1,1.136112213E1,1.224976030E1
1.601662266E1,-2.435893536E0,-2.536391914E-1,8.566305161E0,8.909517061E0
1.601899818E1,3.684946895E-1,-3.445664644E-1,1.231346512E1,1.232379558E1
1.602137370E1,2.277967215E0,-1.818545163E-1,7.355536938E0,7.702345704E0
1.602374928E1,-5.297709465E0,-2.919243574E-1,1.111705399E1,1.231827239E1
1.602612485E1,6.393621922E0,-7.322037220E-1,9.954142570E0,1.185324757E1
1.602850037E1,-5.541777134E0,1.818545163E-1,8.997013092E0,1.056837781E1
1.603087589E1,3.273381472E0,-1.483550072E-1,1.152383423E1,1.198064234E1
1.603325146E1,-2.474178553E0,-2.297109663E-1,7.810173035E0,8.195921514E0
1.603562698E1,-1.148554921E0,-5.838487148E-1,1.226560879E1,1.233309437E1
1.603800256E1,4.153940201E0,-4.546363056E-1,8.260024071E0,9.256884520E0
1.604037808E1,-5.690132141E0,-1.914258115E-2,1.049970531E1,1.194243618E1
1.604275365E1,4.943571568E0,-3.014956415E-1,9.848857880E0,1.102405556E1
1.604512917E1,-5.417350292E0,-3.349951655E-2,8.705088615E0,1.025316411E1
1.604750474E1,2.981456995E0,-4.019941986E-1,1.242832088E1,1.278725323E1
1.604988027E1,-7.465606928E-1,-1.722832322E-1,7.561319351E0,7.600038468E0
1.605225579E1,-3.483949661E0,-2.392822653E-1,1.156211948E1,1.207798693E1
1.605463136E1,4.910071850E0,-7.896314859E-1,8.638090134E0,9.967393070E0
1.605700688E1,-5.637490273E0,-8.135596663E-2,1.034177971E1,1.177880821E1
1.605938245E1,4.843072891E0,-2.392822653E-1,1.044227791E1,1.151320020E1
1.606175797E1,-5.020142078E0,3.493520916E-1,8.164310455E0,9.590612002E0
1.606413355E1,9.571290612E-1,-5.599204898E-1,1.215075302E1,1.220124608E1
1.606650907E1,1.636690736E0,-6.460621357E-1,8.159524918E0,8.347095287E0
1.606888464E1,-3.723232031E0,-3.158525825E-1,1.130369377E1,1.190528087E1
1.607126016E1,5.087141037E0,-3.158525825E-1,8.709874153E0,1.009161407E1
1.607363573E1,-6.551548481E0,4.785645287E-3,9.427721024E0,1.148062429E1
1.607601126E1,4.938786030E0,-5.455635786E-1,1.169133186E1,1.270340458E1
1.607838683E1,-2.885744095E0,8.135596663E-2,8.039883614E0,8.542474249E0
1.608076235E1,-2.584248483E-1,-2.009970993E-1,1.215553856E1,1.215994658E1
1.608313787E1,2.397608280E0,-5.838487148E-1,7.484749317E0,7.881045434E0
1.608551344E1,-4.436293125E0,-7.034898400E-1,1.137547874E1,1.223017217E1
1.608788896E1,6.297909260E0,-5.072783828E-1,9.887143135E0,1.173356688E1
1.609026454E1,-5.828916073E0,4.498506486E-1,8.724231720E0,1.050194493E1
1.609264006E1,3.259024382E0,-7.657032460E-2,1.170090294E1,1.214653171E1
1.609501563E1,-1.627119422E0,-5.982056856E-1,7.920242786E0,8.107750209E0
1.609739115E1,-5.647061467E-1,-6.125625968E-1,1.219382381E1,1.222225287E1
1.609976672E1,4.182653904E0,-5.934200287E-1,8.154739380E0,9.184035897E0
1.610214224E1,-5.766702652E0,-1.292124242E-1,1.064806080E1,1.211002701E1
1.610451776E1,5.785845280E0,-5.599204898E-1,1.009771156E1,1.165132161E1
1.610689334E1,-4.522434711E0,1.722832322E-1,8.968298912E0,1.004552052E1
1.610926886E1,2.799602509E0,-3.732803464E-1,1.202632618E1,1.235352718E1
1.611164443E1,-4.307080805E-1,-4.450650215E-1,7.566105366E0,7.591412433E0
1.611401995E1,-2.818745136E0,-7.369893789E-1,1.176311588E1,1.211855490E1
1.611639552E1,5.900700569E0,-7.034898400E-1,9.020941734E0,1.080234025E1
1.611877105E1,-5.508277893E0,2.392822690E-2,1.024128056E1,1.162865105E1
1.612114662E1,4.785645485E0,-4.785645381E-2,1.049970531E1,1.153899929E1
1.612352209E1,-4.551148891E0,1.914258115E-2,8.312665939E0,9.477011010E0
1.612589766E1,1.928615093E0,-9.092726111E-1,1.251446247E1,1.269480617E1
1.612827323E1,1.708475351E0,-5.503492355E-1,8.001599312E0,8.200449003E0
1.613064876E1,-3.876372576E0,-1.962114573E-1,1.156211948E1,1.219620311E1
1.613302433E1,5.240281582E0,-4.354937077E-1,8.666803360E0,1.013724254E1
1.613539985E1,-5.962913990E0,-1.770688742E-1,9.810572624E0,1.148194373E1
1.613777542E1,4.733003139E0,-4.594219327E-1,1.167218876E1,1.260366525E1
1.614015094E1,-3.139383316E0,-2.871387079E-2,7.982456207E0,8.577654644E0
1.614252652E1,-6.747759581E-1,-5.072783828E-1,1.212682533E1,1.215617319E1
1.614490204E1,2.737389088E0,-8.853443861E-1,8.102097511E0,8.597739109E0
1.614727761E1,-4.302295208E0,-3.397808075E-1,1.149990559E1,1.228303804E1
1.614965313E1,5.407779217E0,-3.397808075E-1,9.332008362E0,1.079101048E1
1.615202865E1,-6.546762943E0,2.536391914E-1,8.800801277E0,1.097171550E1
1.615440417E1,3.455235958E0,-7.657032609E-1,1.204068375E1,1.255002080E1
1.615677980E1,-1.521835208E0,-3.493520916E-1,8.408378601E0,8.552126050E0
1.615915532E1,-1.277767301E0,-3.732803464E-1,1.205025482E1,1.212355842E1
1.616153084E1,3.192025423E0,-2.440679073E-1,7.786244869E0,8.418681881E0
1.616390641E1,-5.948556900E0,-3.828516304E-1,1.071027374E1,1.225731896E1
1.616628193E1,5.958128452E0,-6.508477330E-1,1.044227791E1,1.204010238E1
1.616865751E1,-5.292923450E0,1.435693651E-1,8.566305161E0,1.007061244E1
1.617103302E1,2.167897224E0,-2.344966233E-1,1.211725426E1,1.231188929E1
1.617340860E1,-1.138983607E0,-5.024927258E-1,7.657032490E0,7.757572375E0
1.617578407E1,-2.124826431E0,-5.694918036E-1,1.213639641E1,1.233415283E1
1.617815964E1,4.852644444E0,-4.546363056E-1,8.595019341E0,9.880749452E0
1.618053521E1,-6.005984783E0,9.571290575E-3,1.003071213E1,1.169132715E1
1.618291073E1,4.642076015E0,-3.493520916E-1,1.029870892E1,1.130196098E1
1.618528631E1,-4.412364960E0,-3.110669553E-1,8.614161491E0,9.683465567E0
1.618766183E1,2.301895380E0,-5.168496966E-1,1.254796219E1,1.276781935E1
1.619003740E1,5.503492355E-1,-2.584248483E-1,7.647460938E0,7.671592173E0
1.619241292E1,-3.943371773E0,-1.962114573E-1,1.153340530E1,1.219049293E1
1.619478849E1,5.704489231E0,-7.992027402E-1,8.973084450E0,1.066284047E1
1.619716402E1,-5.393422127E0,-2.392822653E-1,9.997213364E0,1.136180150E1
1.619953954E1,4.871787071E0,-3.972085714E-1,1.113141060E1,1.215731820E1
1.620191511E1,-3.890729666E0,1.052841991E-1,7.972885132E0,8.872190227E0
1.620429063E1,4.785645306E-1,-6.508477330E-1,1.233739376E1,1.236381461E1
1.620666620E1,2.799602509E0,-7.178468108E-1,8.269595146E0,8.760096012E0
1.620904172E1,-3.952943087E0,-4.546363056E-1,1.121276665E1,1.189783968E1
1.621141730E1,5.479563713E0,-4.785645306E-1,9.102297783E0,1.063515244E1
1.621379282E1,-6.125626087E0,-1.579262912E-1,9.288937569E0,1.112800956E1
1.621616839E1,4.800002098E0,-7.226324677E-1,1.212682533E1,1.306223987E1
1.621854391E1,-2.033899307E0,-2.057827413E-1,7.958528042E0,8.216888798E0
1.622091948E1,-9.714859724E-1,-2.919243574E-1,1.208375454E1,1.212625781E1
1.622329500E1,3.460021496E0,-7.369893789E-1,7.771887779E0,8.539153456E0
1.622567058E1,-4.704289436E0,-8.183453679E-1,1.114576817E1,1.212551757E1
1.622804610E1,6.092126369E0,-6.604190469E-1,1.027478027E1,1.196333008E1
1.623042162E1,-5.522634506E0,3.589234054E-1,8.585447311E0,1.021460833E1
1.623279719E1,2.512463808E0,-4.019941986E-1,1.201675510E1,1.228317862E1
1.623517271E1,-6.795616150E-1,-8.997012973E-1,7.992027760E0,8.071169316E0
1.623754829E1,-1.569691658E0,-5.264210105E-1,1.219861031E1,1.231044859E1
1.623992381E1,4.426722050E0,-4.594219327E-1,8.197810173E0,9.327970211E0
1.624229938E1,-6.364908218E0,-8.135596663E-2,1.018863869E1,1.201361868E1
1.624467490E1,5.201996326E0,-6.939185858E-1,1.069113159E1,1.190976841E1
1.624705047E1,-4.216153622E0,1.435693540E-2,8.623732567E0,9.599214596E0
1.624942599E1,1.665404558E0,-4.307080805E-1,1.225125217E1,1.237142925E1
1.625180157E1,4.785645381E-2,-3.732803464E-1,7.499105930E0,7.508543015E0
1.625417709E1,-3.905086517E0,-6.508477330E-1,1.152383423E1,1.218491111E1
1.625655261E1,5.776273727E0,-7.322037220E-1,9.399007797E0,1.105634696E1
1.625892818E1,-5.972485542E0,5.742774159E-2,9.700503349E0,1.139182368E1
1.626130370E1,3.986442566E0,-3.349951655E-2,1.090648556E1,1.161224671E1
1.626367928E1,-4.287938118E0,-1.579262912E-1,8.020741463E0,9.096353535E0
1.626605480E1,7.609176040E-1,-7.369893789E-1,1.253360462E1,1.257829057E1
1.626843037E1,2.196611166E0,-5.312066078E-1,8.001599312E0,8.314618008E0
1.627080589E1,-4.852644444E0,-1.435693651E-1,1.112183952E1,1.213524143E1
1.627318146E1,5.120640278E0,-3.780659735E-1,9.169296265E0,1.050903824E1
1.627555698E1,-5.919843197E0,-4.785645381E-2,9.442078590E0,1.114449110E1
1.627793256E1,4.101297855E0,-3.541377485E-1,1.178225899E1,1.248069247E1
1.628030808E1,-2.699103832E0,4.785645381E-2,7.896314621E0,8.345012662E0
1.628268360E1,-1.540977836E0,-4.450650215E-1,1.184925747E1,1.195732404E1
1.628505917E1,3.651447296E0,-8.709874153E-1,8.303094864E0,9.112248392E0
1.628743469E1,-4.704289436E0,-1.722832322E-1,1.130369377E1,1.224473411E1
1.628981026E1,5.379065514E0,-1.483550072E-1,9.461220741E0,1.088444086E1
1.629218579E1,-6.250052929E0,5.072783828E-1,8.580661774E0,1.062771139E1
1.629456136E1,3.053241730E0,-7.322037220E-1,1.213639641E1,1.253596925E1
1.629693688E1,-2.823530734E-1,-5.455635786E-1,8.202595711E0,8.225566198E0
1.629931245E1,-1.780260086E0,-2.727817893E-1,1.199282742E1,1.212730990E1
1.630168797E1,4.120440483E0,-2.153540403E-1,7.896314621E0,8.909331722E0
1.630406355E1,-6.029912949E0,-9.092725813E-2,1.043749237E1,1.205443341E1
1.630643907E1,6.082555294E0,-5.312066078E-1,1.069113159E1,1.231178111E1
1.630881459E1,-4.450650215E0,3.828516230E-2,8.379665375E0,9.488337309E0
1.631119016E1,1.813759565E0,-2.249253243E-1,1.221296692E1,1.234896255E1
1.631356568E1,2.249253243E-1,-5.216353536E-1,7.633104324E0,7.654212988E0
1.631594126E1,-2.641676188E0,-5.072783828E-1,1.204068375E1,1.233749770E1
1.631831678E1,5.699703693E0,-4.115654826E-1,8.824729919E0,1.051341365E1
1.632069235E1,-6.005984783E0,8.135596663E-2,9.638289452E0,1.135672028E1
1.632306787E1,4.599005222E0,-3.972085714E-1,1.109312534E1,1.201524255E1
1.632544344E1,-3.412165165E0,-3.254238665E-1,8.374878883E0,9.049163946E0
1.632781896E1,1.339980721E0,-4.115654826E-1,1.257667542E1,1.265455250E1
1.633019454E1,1.560120344E0,-2.488535494E-1,7.594819069E0,7.757395199E0
1.633257006E1,-4.637290478E0,-1.435693651E-1,1.130369377E1,1.221877932E1
1.633494563E1,5.953342915E0,-8.087740541E-1,9.298508644E0,1.107062195E1
1.633732115E1,-5.589633465E0,-1.196411327E-1,9.523433685E0,1.104328327E1
1.633969667E1,4.058227062E0,-3.302095234E-1,1.153340530E1,1.223101317E1
1.634207224E1,-3.129812002E0,-1.052841991E-1,7.819744587E0,8.423491754E0
1.634444776E1,-8.805587292E-1,-5.694918036E-1,1.223210907E1,1.227697833E1
1.634682334E1,3.589233875E0,-6.269195080E-1,8.374878883E0,9.133138792E0
1.634919886E1,-4.934000492E0,-2.775674164E-1,1.083948612E1,1.191284449E1
1.635157443E1,5.048855782E0,-2.679961324E-1,9.504291534E0,1.076542262E1
1.635394995E1,-6.269195557E0,3.349951655E-2,8.767302513E0,1.077819690E1
1.635632553E1,3.656233072E0,-5.934200287E-1,1.236132145E1,1.290435801E1
1.635870105E1,-1.440479279E0,-1.531406492E-1,7.805387497E0,7.938671588E0
1.636107662E1,-2.536391973E0,-1.674975902E-1,1.182054424E1,1.209076531E1
1.636345209E1,3.804588079E0,-6.508477330E-1,8.039883614E0,8.918420362E0
1.636582766E1,-5.594419479E0,-4.115654826E-1,1.080120182E1,1.217098501E1
1.636820323E1,5.259424210E0,-4.259224236E-1,1.037049294E1,1.163572416E1
1.637057876E1,-5.589633465E0,5.024927258E-1,8.221738815E0,9.954571330E0
1.637295433E1,1.344766378E0,-3.014956415E-1,1.211725426E1,1.219537400E1
1.637532985E1,2.871387079E-2,-8.566305041E-1,7.867600918E0,7.914150903E0
1.637770542E1,-2.852244616E0,-4.163511395E-1,1.191625690E1,1.225992766E1
1.638008094E1,4.613361835E0,-3.637090325E-1,8.437092781E0,9.622885549E0
1.638245652E1,-6.786045074E0,2.392822690E-2,9.801001549E0,1.192101555E1
1.638483204E1,4.723432064E0,-5.790630579E-1,1.110748291E1,1.208396876E1
1.638720756E1,-3.608376503E0,1.435693651E-1,8.480163574E0,9.217058500E0
1.638958313E1,7.178468108E-1,-3.349951804E-1,1.220339584E1,1.222907993E1
1.639195865E1,1.019342422E0,-4.402793646E-1,7.403393269E0,7.486196416E0
1.639433422E1,-4.393222332E0,-5.694918036E-1,1.148076344E1,1.230579751E1
1.639670974E1,6.154339790E0,-6.556333899E-1,9.533005714E0,1.136591181E1
1.639908532E1,-5.857629776E0,2.153540403E-1,9.379864693E0,1.106074435E1
1.640146084E1,3.732803345E0,0.000000000E0,1.111705399E1,1.172700772E1
1.640383641E1,-3.239881754E0,-4.211367965E-1,7.996813297E0,8.638472833E0
1.640621193E1,4.163511395E-1,-6.508477330E-1,1.263888931E1,1.266248294E1
1.640858750E1,3.230310678E0,-4.259224236E-1,7.810173035E0,8.462571703E0
1.641096302E1,-5.067998409E0,-1.148554832E-1,1.100698376E1,1.211822970E1
1.641333860E1,5.608776093E0,-4.354937077E-1,9.403793335E0,1.095807251E1
1.641571412E1,-5.249852657E0,-1.483550072E-1,9.245866776E0,1.063339149E1
1.641808964E1,4.096512318E0,-4.546363056E-1,1.201675510E1,1.270395649E1
1.642046521E1,-1.598405480E0,-5.264209956E-2,7.838887215E0,8.000363994E0
1.642284073E1,-1.799402595E0,-3.637090325E-1,1.194018459E1,1.208048600E1
1.642521631E1,4.589433670E0,-9.858429432E-1,8.303094864E0,9.538143008E0
1.642759183E1,-4.637290478E0,-2.009970993E-1,1.114098263E1,1.206923182E1
1.642996740E1,5.484349728E0,-2.536391914E-1,9.810572624E0,1.124232004E1
1.643234292E1,-5.733202934E0,3.206382394E-1,8.417949677E0,1.018991175E1
1.643471849E1,2.818745136E0,-6.891329288E-1,1.234696484E1,1.268336584E1
1.643709402E1,2.919243574E-1,-4.977070987E-1,8.154739380E0,8.175127310E0
1.643946959E1,-2.368894339E0,-3.254238665E-1,1.172961617E1,1.197085864E1
1.644184511E1,4.431507587E0,-3.445664644E-1,8.102097511E0,9.241264504E0
1.644422068E1,-6.101697922E0,-3.302095234E-1,1.030827999E1,1.198333811E1
1.644659620E1,5.704489231E0,-5.503492355E-1,1.094477081E1,1.235443604E1
1.644897172E1,-4.388436794E0,3.110669553E-1,8.255238533E0,9.354362800E0
1.645134730E1,1.028913736E0,-9.571290761E-2,1.225125217E1,1.229475515E1
1.645372282E1,4.402793646E-1,-6.221339107E-1,7.379465103E0,7.418719683E0
1.645609839E1,-3.196810961E0,-6.604190469E-1,1.185404301E1,1.229528728E1
1.645847391E1,5.465207100E0,-4.737788737E-1,9.006584167E0,1.054568696E1
1.646084948E1,-6.331408501E0,3.014956415E-1,9.552147865E0,1.146390693E1
1.646322500E1,4.024727821E0,-1.196411327E-1,1.098784161E1,1.170236776E1
1.646560058E1,-3.555734396E0,-2.153540403E-1,8.350951195E0,9.078987296E0
1.646797610E1,7.944171429E-1,-4.402793646E-1,1.229910851E1,1.233259967E1
1.647035162E1,1.775474429E0,-3.589234054E-1,7.743174076E0,7.952224860E0
1.647272719E1,-5.111069202E0,-2.392822653E-1,1.105962658E1,1.218587808E1
1.647510271E1,5.733202934E0,-7.130611539E-1,9.547362328E0,1.115930999E1
1.647747829E1,-5.632704735E0,2.536391914E-1,9.437292099E0,1.099336971E1
1.647985381E1,3.704089403E0,-1.244267747E-1,1.139940739E1,1.198675307E1
1.648222938E1,-3.096312523E0,-6.221338734E-2,7.762316704E0,8.357307123E0
1.648460490E1,-8.901300430E-1,-7.226324677E-1,1.213639641E1,1.219043260E1
1.648698047E1,3.809373617E0,-6.604190469E-1,8.475378036E0,9.315552240E0
1.648935599E1,-4.895715237E0,-1.483550072E-1,1.093519974E1,1.198201278E1
1.649173157E1,5.077569485E0,-1.770688742E-1,9.499505997E0,1.077282133E1
1.649410709E1,-6.020341873E0,5.742774159E-2,8.757730484E0,1.062758945E1
1.649648266E1,3.785445452E0,-6.699903607E-1,1.240917778E1,1.299100372E1
1.649885818E1,-1.019342422E0,-2.727817893E-1,7.881958008E0,7.952278347E0
1.650123370E1,-2.167897224E0,-1.914258152E-1,1.186840057E1,1.206629000E1
1.650360928E1,4.101297855E0,-6.652047038E-1,8.035098076E0,9.045769314E0
1.650598480E1,-5.173282623E0,-4.354937077E-1,1.085862923E1,1.203587706E1
1.650836037E1,5.728417397E0,-4.642075896E-1,1.050927734E1,1.197811191E1
1.651073589E1,-5.015356064E0,2.919243574E-1,8.279166222E0,9.684193802E0
1.651311146E1,1.852044702E0,-4.259224236E-1,1.220818138E1,1.235520830E1
1.651548698E1,4.881358147E-1,-8.709874153E-1,8.030312538E0,8.092145273E0
1.651786256E1,-2.191825628E0,-4.642075896E-1,1.204068375E1,1.224735291E1
1.652023808E1,4.919643402E0,-3.014956415E-1,8.370093346E0,9.713508812E0
1.652261360E1,-6.297909260E0,-2.392822690E-2,9.934999466E0,1.176301186E1
1.652498917E1,5.307280540E0,-7.226324677E-1,1.107876873E1,1.230563046E1
1.652736469E1,-3.450450182E0,-4.307080805E-2,8.561519623E0,9.230768105E0
1.652974026E1,1.411765337E0,-3.876372576E-1,1.218425274E1,1.227189304E1
1.653211579E1,8.949156404E-1,-4.354937077E-1,7.513463020E0,7.579093305E0
1.653449136E1,-3.780659676E0,-6.508477330E-1,1.152861977E1,1.215014667E1
1.653686688E1,6.216553211E0,-7.513462901E-1,9.327222824E0,1.123419515E1
1.653924245E1,-5.623133183E0,3.828516230E-2,9.652647018E0,1.117115424E1
1.654161797E1,4.182653904E0,-1.770688742E-1,1.106441212E1,1.182992657E1
1.654399355E1,-3.474378586E0,-3.828516304E-1,7.996813297E0,8.727365286E0
1.654636907E1,9.619147182E-1,-6.939185858E-1,1.277288723E1,1.282783891E1
1.654874464E1,2.660818815E0,-4.642075896E-1,7.757531166E0,8.214300655E0
1.655112016E1,-4.713860512E0,-1.531406492E-1,1.117448139E1,1.212901345E1
1.655349573E1,5.575276852E0,-5.838487148E-1,9.217152596E0,1.078797911E1
1.655587126E1,-5.431707382E0,-2.488535494E-1,9.422935486E0,1.087920431E1
1.655824678E1,4.268795490E0,-4.785645306E-1,1.195454216E1,1.270286256E1
1.656062235E1,-2.340180635E0,4.785645287E-3,7.881958008E0,8.222027143E0
1.656299787E1,-1.406979680E0,-4.785645306E-1,1.195454216E1,1.204656358E1
1.656537344E1,3.957728624E0,-1.019342422E0,8.317451477E0,9.267290538E0
1.656774896E1,-4.608576298E0,-2.297109663E-1,1.118883896E1,1.210296905E1
1.657012454E1,5.374279499E0,-2.536391914E-1,9.542576790E0,1.095481560E1
1.657250006E1,-6.240481377E0,2.057827413E-1,8.561519623E0,1.059648869E1
1.657487563E1,3.129812002E0,-7.561319470E-1,1.239482117E1,1.280621140E1
1.657725115E1,-4.498506486E-1,-4.737788737E-1,8.231309891E0,8.257196531E0
1.657962667E1,-1.981257200E0,-4.019941986E-1,1.185404301E1,1.202519501E1
1.658200224E1,3.780659676E0,-3.589234054E-1,7.905886173E0,8.770704064E0
1.658437776E1,-5.982056618E0,-4.259224236E-1,1.058106136E1,1.216245332E1
1.658675334E1,5.948556900E0,-6.077769399E-1,1.066241741E1,1.222464180E1
1.658912886E1,-4.900500774E0,2.201396823E-1,8.441878319E0,9.763640656E0
1.659150443E1,1.703689694E0,-1.627119333E-1,1.215075302E1,1.227068999E1
1.659387995E1,-3.445664644E-1,-7.561319470E-1,7.609176159E0,7.654412021E0
1.659625552E1,-2.416750908E0,-5.886343718E-1,1.206461143E1,1.231836127E1
1.659863105E1,5.072783947E0,-4.737788737E-1,8.604590416E0,9.999828980E0
1.660100662E1,-6.211767673E0,8.614161611E-2,9.824930191E0,1.162423035E1
1.660338214E1,4.445864677E0,-3.110669553E-1,1.075813103E1,1.164473523E1
1.660575771E1,-3.929014683E0,-2.440679073E-1,8.427521706E0,9.301604572E0
1.660813323E1,1.540977836E0,-4.450650215E-1,1.244267750E1,1.254563346E1
1.661050876E1,8.279166222E-1,-2.679961324E-1,7.609176159E0,7.658774685E0
1.661288433E1,-4.311866283E0,-3.493520916E-1,1.123669529E1,1.204066272E1
1.661525985E1,5.781059742E0,-9.092726111E-1,9.174081802E0,1.088169129E1
1.661763542E1,-5.584847927E0,1.244267747E-1,9.906285286E0,1.137279634E1
1.662001094E1,4.235296249E0,-1.818545163E-1,1.100219822E1,1.179063913E1
1.662238652E1,-3.862015724E0,-4.785645287E-3,7.929814339E0,8.820268919E0
1.662476204E1,3.062812984E-1,-7.178468108E-1,1.238525009E1,1.240981596E1
1.662713761E1,2.900100946E0,-6.125625968E-1,8.298309326E0,8.811796418E0
1.662951313E1,-4.316651821E0,-2.967100143E-1,1.108833981E1,1.190263834E1
1.663188870E1,5.120640278E0,-2.536391914E-1,9.183652878E0,1.051783104E1
1.663426422E1,-6.202196121E0,-1.818545163E-1,9.131011009E0,1.103973142E1
1.663663980E1,4.546362877E0,-6.269195080E-1,1.219382381E1,1.302888263E1
1.663901532E1,-2.277967215E0,-7.657032460E-2,7.896314621E0,8.218684946E0
1.664139084E1,-1.186840057E0,-2.488535494E-1,1.212203979E1,1.218254350E1
1.664376641E1,3.211168051E0,-7.944171429E-1,7.781459332E0,8.455401124E0
1.664614193E1,-4.608576298E0,-5.838487148E-1,1.141376400E1,1.232289996E1
1.664851750E1,5.809773445E0,-5.168496966E-1,9.939785004E0,1.152475280E1
1.665089303E1,-5.843272686E0,3.493520916E-1,8.609375954E0,1.041091912E1
1.665326860E1,2.679961443E0,-3.924229145E-1,1.206939697E1,1.236958093E1
1.665564412E1,-9.284151793E-1,-8.087740541E-1,8.015955925E0,8.109970383E0
1.665801969E1,-1.339980721E0,-5.264210105E-1,1.223689461E1,1.232129283E1
1.666039521E1,3.866801500E0,-3.684946895E-1,7.992027760E0,8.885969271E0
1.666277079E1,-6.154339790E0,-2.249253243E-1,1.054756260E1,1.221382685E1
1.666514631E1,5.613562107E0,-8.087740541E-1,1.041835022E1,1.186204941E1
1.666752188E1,-4.718646049E0,1.292124242E-1,8.896514893E0,1.007126078E1
1.666989740E1,2.206182480E0,-3.541377485E-1,1.203111267E1,1.223684301E1
1.667227292E1,-8.374879360E-1,-3.780659735E-1,7.508677483E0,7.564691498E0
1.667464849E1,-2.962314367E0,-7.896314859E-1,1.189711380E1,1.228576986E1
1.667702402E1,5.331208706E0,-7.704889178E-1,8.977870941E0,1.046984270E1
1.667939959E1,-5.814558983E0,-6.699903309E-2,1.010728264E1,1.166064953E1
1.668177511E1,4.364508629E0,-1.483550072E-1,1.048534870E1,1.135841020E1
1.668415068E1,-4.857429981E0,-1.722832322E-1,8.202595711E0,9.534510157E0
1.668652620E1,1.837687731E0,-6.412764788E-1,1.283031464E1,1.297710697E1
1.668890178E1,1.000199914E0,-3.780659735E-1,7.566105366E0,7.641288121E0
1.669127730E1,-4.187439442E0,-2.105683982E-1,1.143769264E1,1.218194570E1
1.669365287E1,5.096712112E0,-6.412764788E-1,8.767302513E0,1.016136326E1
1.669602839E1,-5.814558983E0,-1.387837082E-1,9.973284721E0,1.154533521E1
1.669840391E1,4.622933388E0,-3.924229145E-1,1.120319557E1,1.212588553E1
1.670077948E1,-3.885943890E0,2.105683982E-1,7.953742504E0,8.854768138E0
1.670315500E1,-2.440679073E-1,-4.019941986E-1,1.228953743E1,1.229853238E1
1.670553058E1,2.392822742E0,-8.566305041E-1,7.982456207E0,8.377292140E0
1.670790610E1,-3.948157310E0,-2.775674164E-1,1.151904774E1,1.218004313E1
1.671028167E1,5.201996326E0,-1.627119333E-1,9.049654961E0,1.043951607E1
1.671265719E1,-6.675975323E0,3.110669553E-1,8.953942299E0,1.117311469E1
1.671503276E1,4.144368649E0,-5.742774606E-1,1.180140114E1,1.252112834E1
1.671740829E1,-2.081755638E0,-1.579262912E-1,8.312665939E0,8.570826230E0
1.671978386E1,-5.312066078E-1,-2.584248483E-1,1.201196957E1,1.202648647E1
1.672215938E1,2.574677229E0,-3.110669553E-1,7.570890903E0,8.002756685E0
1.672453495E1,-5.154139996E0,-4.546363056E-1,1.109791183E1,1.224481524E1
1.672691047E1,6.240481377E0,-5.312066078E-1,9.982855797E0,1.178487158E1
1.672928605E1,-5.493920803E0,3.493520916E-1,8.939585686E0,1.049863824E1
1.673166157E1,3.000599623E0,-3.349951655E-2,1.169133186E1,1.207029250E1
1.673403709E1,-1.866401672E0,-4.929214716E-1,7.738388538E0,7.975530324E0
1.673641266E1,-6.891329288E-1,-5.503492355E-1,1.250489140E1,1.253595219E1
1.673878818E1,4.158725739E0,-3.684946895E-1,7.972885132E0,8.999871412E0
1.674116376E1,-5.627918720E0,-3.349951655E-2,1.043749237E1,1.185815493E1
1.674353928E1,5.331208706E0,-4.019941986E-1,9.992427826E0,1.133278428E1
1.674591485E1,-4.809573650E0,-1.435693540E-2,8.915657043E0,1.013020954E1
1.674829037E1,3.235096216E0,-3.589234054E-1,1.213161087E1,1.256067896E1
1.675066594E1,-8.853443861E-1,-1.052841991E-1,7.671389580E0,7.723026449E0
1.675304146E1,-2.761317253E0,-3.445664644E-1,1.168654537E1,1.201328189E1
1.675541704E1,5.201996326E0,-9.284151793E-1,8.484949112E0,9.995853238E0
1.675779256E1,-5.230710506E0,-1.244267747E-1,1.070548820E1,1.191567422E1
1.676016808E1,5.058426857E0,-6.699903309E-2,1.013599682E1,1.132830979E1
1.676254365E1,-5.431707382E0,3.254238665E-1,8.226524353E0,9.863318342E0
1.676491917E1,2.038684845E0,-7.082754970E-1,1.245224857E1,1.263789479E1
1.676729474E1,9.140582681E-1,-5.264210105E-1,8.116454124E0,8.184708251E0
1.676967027E1,-3.062813044E0,-2.823530734E-1,1.151904774E1,1.192262588E1
1.677204584E1,4.608576298E0,-2.871387303E-1,8.312665939E0,9.509039865E0
1.677442136E1,-6.288337708E0,-2.584248483E-1,9.906285286E0,1.173645869E1
1.677679693E1,5.426921844E0,-4.307080805E-1,1.133240795E1,1.257220983E1
1.677917245E1,-4.072584152E0,2.775674164E-1,8.073383331E0,9.046684683E0
1.678154802E1,4.402793646E-1,-3.828516230E-2,1.218425274E1,1.219226503E1
1.678392355E1,1.048056364E0,-7.513462901E-1,7.494320393E0,7.604458004E0
1.678629907E1,-3.450450182E0,-5.072783828E-1,1.183011532E1,1.233347341E1
1.678867464E1,5.551348686E0,-3.828516304E-1,8.973084450E0,1.055842281E1
1.679105016E1,-6.407979012E0,3.445664644E-1,9.245866776E0,1.125464231E1
1.679342573E1,3.838087559E0,-1.148554832E-1,1.124626637E1,1.188371217E1
1.679580126E1,-3.053241730E0,-2.584248483E-1,8.216953278E0,8.769685834E0
1.679817683E1,5.216353536E-1,-3.876372576E-1,1.231825066E1,1.233538266E1
1.680055235E1,2.009970903E0,-2.057827413E-1,7.575676441E0,7.840484877E0
1.680292792E1,-5.106283665E0,-2.249253243E-1,1.099262714E1,1.212281221E1
1.680530344E1,6.005984783E0,-6.843472719E-1,9.628718376E0,1.136892264E1
1.680767902E1,-5.493920803E0,2.919243574E-1,9.317651749E0,1.082067557E1
1.681005454E1,3.665804386E0,-9.571290575E-3,1.131805134E1,1.189691134E1
1.681243011E1,-3.062813044E0,-1.100698411E-1,7.590033531E0,8.185447337E0
1.681480563E1,-6.221339107E-1,-6.747759581E-1,1.241396427E1,1.244784649E1
1.681718120E1,3.938585997E0,-4.929214716E-1,8.212167740E0,9.121136454E0
1.681955672E1,-4.718646049E0,-1.148554832E-1,1.076770210E1,1.175679467E1
1.682193230E1,5.082355499E0,-3.349951655E-2,9.475577354E0,1.075258229E1
1.682430782E1,-5.938985825E0,3.349951655E-2,8.642875671E0,1.048675234E1
1.682668334E1,4.211368084E0,-5.503492355E-1,1.250010586E1,1.320193743E1
1.682905891E1,-1.249053478E0,-1.674975902E-1,7.714460373E0,7.816718549E0
1.683143443E1,-1.794616938E0,-8.135596663E-2,1.191625690E1,1.205091064E1
1.683381000E1,4.039084435E0,-6.747759581E-1,7.896314621E0,8.895016035E0
1.683618547E1,-4.795216560E0,-4.594219327E-1,1.101177025E1,1.201932837E1
1.683856110E1,5.900700569E0,-4.546363056E-1,1.018385315E1,1.177861734E1
1.684093662E1,-5.297709465E0,3.732803464E-1,8.336593628E0,9.884526145E0
1.684331219E1,2.459821701E0,-3.780659735E-1,1.223210907E1,1.248271401E1
1.684568766E1,-4.785645381E-2,-8.087740541E-1,7.901100159E0,7.942530417E0
1.684806323E1,-1.588834286E0,-4.354937077E-1,1.204068375E1,1.215286445E1
1.685043881E1,4.579862595E0,-3.302095234E-1,8.260024071E0,9.450512016E0
1.685281433E1,-6.058627129E0,-1.674975902E-1,1.013599682E1,1.180988779E1
1.685518990E1,5.728417397E0,-7.896314859E-1,1.078684425E1,1.223904787E1
1.685756542E1,-3.991228104E0,1.435693651E-1,8.709874153E0,9.581879863E0
1.685994099E1,2.048256159E0,-2.536391914E-1,1.202632618E1,1.220213946E1
1.686231652E1,-8.614161611E-2,-5.024927258E-1,7.465606689E0,7.482994224E0
1.686469209E1,-2.976671457E0,-6.604190469E-1,1.191625690E1,1.230015873E1
1.686706761E1,5.723631859E0,-6.747759581E-1,9.073583603E0,1.074919549E1
1.686944318E1,-5.584847927E0,-4.785645381E-2,9.954142570E0,1.141392881E1
1.687181870E1,4.350151539E0,4.785645287E-3,1.062891865E1,1.148467470E1
1.687419428E1,-4.536791801E0,-1.770688742E-1,8.164310455E0,9.341830573E0
1.687656980E1,1.895115495E0,-7.369893789E-1,1.276331615E1,1.292427388E1
1.687894532E1,1.311266780E0,-6.317051649E-1,7.805387497E0,7.939933624E0
1.688132089E1,-4.096512318E0,-2.823530734E-1,1.153340530E1,1.224257221E1
1.688369641E1,5.015356064E0,-7.178468108E-1,8.853444099E0,1.020061630E1
1.688607198E1,-5.685346603E0,-1.627119333E-1,1.009292603E1,1.158519732E1
1.688844751E1,4.532006264E0,-4.259224236E-1,1.125583744E1,1.214143184E1
1.689082308E1,-3.914657831E0,1.722832322E-1,7.992027760E0,8.900940128E0
1.689319860E1,-2.009970993E-1,-5.838487148E-1,1.230867958E1,1.232415807E1
1.689557417E1,2.335394859E0,-1.086341500E0,8.030312538E0,8.433274955E0
1.689794969E1,-3.842873096E0,-4.019941986E-1,1.173440266E1,1.235416847E1
1.690032526E1,5.010570526E0,-2.536391914E-1,9.001798630E0,1.030546110E1
1.690270079E1,-6.709474564E0,2.536391914E-1,9.279366493E0,1.145373408E1
1.690507636E1,4.192225456E0,-6.412764788E-1,1.167697430E1,1.242327326E1
1.690745188E1,-2.426322222E0,-4.354937077E-1,8.260024071E0,8.620016934E0
1.690982745E1,-3.302095234E-1,-5.455635786E-1,1.225125217E1,1.226783835E1
1.691220297E1,2.426322222E0,-5.742774606E-1,7.700103283E0,8.093727491E0
1.691457855E1,-4.957928658E0,-4.642075896E-1,1.141376400E1,1.245273279E1
1.691695407E1,6.159125328E0,-5.359922647E-1,9.911071777E0,1.168124378E1
1.691932959E1,-5.637490273E0,1.339980662E-1,8.872586250E0,1.051294625E1
1.692170516E1,3.101098061E0,-2.727817893E-1,1.177268696E1,1.217733047E1
1.692408068E1,-2.057827473E0,-8.949156404E-1,7.896314621E0,8.208977555E0
1.692645626E1,-3.349951804E-1,-6.795616150E-1,1.267238903E1,1.269501751E1
1.692883178E1,3.775874138E0,-4.737788737E-1,7.992027760E0,8.851790759E0
1.693120735E1,-5.460421085E0,-5.264209956E-2,1.081555843E1,1.211590995E1
1.693358287E1,5.446064472E0,-3.062812984E-1,9.743574142E0,1.116649737E1
1.693595844E1,-5.111069202E0,-1.866401732E-1,8.752944946E0,1.013764806E1
1.693833396E1,3.393022537E0,-7.274180651E-1,1.242353535E1,1.289906855E1
1.694070954E1,-7.609176040E-1,-4.450650215E-1,7.714460373E0,7.764662087E0
1.694308506E1,-2.493321180E0,-3.541377485E-1,1.199761295E1,1.225906932E1
1.694546058E1,5.024927616E0,-7.130611539E-1,8.484949112E0,9.886997279E0
1.694783615E1,-5.278566837E0,-8.614161611E-2,1.061456108E1,1.185493970E1
1.695021167E1,5.264209747E0,-2.584248483E-1,1.037527943E1,1.163722952E1
1.695258724E1,-5.182853699E0,-5.742774159E-2,8.059026718E0,9.581919539E0
1.695496276E1,2.206182480E0,-7.082754970E-1,1.275374508E1,1.296251939E1
1.695733834E1,1.019342422E0,-4.402793646E-1,8.087740898E0,8.163605682E0
1.695971386E1,-3.086741209E0,-2.440679073E-1,1.149033451E1,1.190022385E1
1.696208943E1,4.756931305E0,-3.158525825E-1,8.370093346E0,9.632581217E0
1.696446495E1,-6.302694798E0,-4.642075896E-1,9.939785004E0,1.177874256E1
1.696684053E1,5.613562107E0,-6.221339107E-1,1.139940739E1,1.272185595E1
1.696921605E1,-3.890729666E0,1.866401732E-1,8.245666504E0,9.119409410E0
1.697159162E1,4.115654826E-1,-8.614161611E-2,1.223689461E1,1.224411680E1
1.697396714E1,1.215553880E0,-5.407779217E-1,7.537391186E0,7.653906054E0
1.697634271E1,-3.756731510E0,-6.221339107E-1,1.177268696E1,1.237320656E1
1.697871823E1,5.752345562E0,-7.417750359E-1,9.131011009E0,1.081735049E1
1.698109376E1,-6.455835342E0,8.614161611E-2,9.418149948E0,1.141870303E1
1.698346933E1,3.771088600E0,-3.732803464E-1,1.153819084E1,1.214455826E1
1.698584485E1,-2.780459881E0,-2.967100143E-1,8.288737297E0,8.747694551E0
1.698822042E1,-8.135596663E-2,-4.546363056E-1,1.234217930E1,1.235081790E1
1.699059594E1,2.373680115E0,-4.498506486E-1,7.604390144E0,7.978939300E0
1.699297152E1,-5.479563713E0,-5.599204898E-1,1.099262714E1,1.229540487E1
1.699534704E1,5.919843197E0,-9.475577474E-1,9.915857315E0,1.158734808E1
1.699772261E1,-5.469992638E0,4.259224236E-1,9.413364410E0,1.089557979E1
1.700009813E1,3.125026464E0,-1.579262912E-1,1.139940739E1,1.182104986E1
1.700247370E1,-2.689532757E0,-2.823530734E-1,7.676175117E0,8.138610087E0
1.700484922E1,-1.349551916E0,-1.004985452E0,1.229432297E1,1.240893482E1
1.700722474E1,4.393222332E0,-7.657032609E-1,8.666803360E0,9.746803805E0
1.700960032E1,-5.283352375E0,-1.531406492E-1,1.063848972E1,1.187917202E1
1.701197584E1,4.886143684E0,-1.196411327E-1,9.767501831E0,1.092212462E1
1.701435141E1,-5.929414749E0,5.264209956E-2,8.604590416E0,1.044986635E1
1.701672693E1,3.479164124E0,-6.843472719E-1,1.253360462E1,1.302551953E1
1.701910250E1,-7.178468108E-1,-4.546363056E-1,7.695317745E0,7.742087148E0
1.702147802E1,-2.651247501E0,-2.727817893E-1,1.185404301E1,1.214997361E1
1.702385355E1,4.398007870E0,-8.135597110E-1,8.240880966E0,9.376378391E0
1.702622912E1,-5.173282623E0,-2.823530734E-1,1.085862923E1,1.203130937E1
1.702860469E1,5.450850010E0,-3.206382394E-1,1.041356373E1,1.175826876E1
1.703098021E1,-5.130211830E0,4.737788737E-1,8.154739380E0,9.645896236E0
1.703335579E1,1.689332843E0,-2.871387303E-1,1.234217930E1,1.246056515E1
1.703573126E1,7.274180651E-1,-1.052842021E0,7.680960655E0,7.786833114E0
1.703810683E1,-2.431107759E0,-4.163511395E-1,1.194497108E1,1.219696550E1
1.704048240E1,4.929214478E0,-2.153540403E-1,8.480163574E0,9.811050248E0
1.704285792E1,-6.451049805E0,2.727817893E-1,9.772287369E0,1.171273042E1
1.704523349E1,5.163711071E0,-5.312066078E-1,1.101177025E1,1.217395484E1
1.704760902E1,-3.407379389E0,-7.178468257E-2,8.451449394E0,9.112759418E0
1.704998459E1,1.272981644E0,-3.445664644E-1,1.212682533E1,1.219832369E1
1.705236011E1,9.810572863E-1,-3.876372576E-1,7.417750359E0,7.492379891E0
1.705473568E1,-3.828516245E0,-4.067798555E-1,1.157647610E1,1.219991005E1
1.705711120E1,6.044270039E0,-4.498506486E-1,9.394221306E0,1.117975670E1
1.705948678E1,-5.699703693E0,2.488535494E-1,9.360722542E0,1.096228429E1
1.706186230E1,4.058227062E0,4.785645287E-3,1.106919765E1,1.178967203E1
1.706423787E1,-3.598805189E0,-2.392822653E-1,7.963313580E0,8.742025964E0
1.706661339E1,9.619147182E-1,-5.168496966E-1,1.269153118E1,1.273842130E1
1.706898896E1,2.388036966E0,-3.158525825E-1,7.819744587E0,8.182352279E0
1.707136448E1,-4.814359188E0,-1.435693540E-2,1.102134132E1,1.202697905E1
1.707374006E1,5.345565796E0,-4.737788737E-1,9.154939651E0,1.061190181E1
1.707611558E1,-5.661418438E0,-7.178468257E-2,9.523433685E0,1.107937728E1
1.707849110E1,4.230510235E0,-4.067798555E-1,1.163868904E1,1.239039020E1
1.708086667E1,-2.890529871E0,1.387837082E-1,7.910671711E0,8.423369324E0
1.708324219E1,-1.263410330E0,-2.823530734E-1,1.198325539E1,1.205298049E1
1.708561777E1,3.335594654E0,-8.901300430E-1,8.039883614E0,8.749757237E0
1.708799329E1,-4.555934429E0,-2.679961324E-1,1.124626637E1,1.213700406E1
1.709036886E1,5.187639713E0,-1.818545163E-1,9.499505997E0,1.082521552E1
1.709274438E1,-6.532405853E0,3.254238665E-1,8.532805443E0,1.075113927E1
1.709511995E1,3.340380430E0,-6.269195080E-1,1.217468166E1,1.264017575E1
1.709749547E1,-1.272981644E0,-1.579262912E-1,8.274380684E0,8.373219135E0
1.709987099E1,-1.387837172E0,-3.302095234E-1,1.174875927E1,1.183505280E1
1.710224657E1,3.014956474E0,-2.871387303E-1,7.623532772E0,8.203088633E0
1.710462209E1,-5.661418438E0,-4.689932466E-1,1.095434189E1,1.233974147E1
1.710699766E1,5.977271080E0,-5.790630579E-1,1.029392338E1,1.191754765E1
1.710937318E1,-5.359922886E0,3.302095234E-1,8.614161491E0,1.015094034E1
1.711174876E1,2.287538528E0,-3.828516230E-2,1.193061352E1,1.214799725E1
1.711412428E1,-1.450050473E0,-5.455635786E-1,7.527820110E0,7.685594421E0
1.711649985E1,-1.454836130E0,-6.029912829E-1,1.230867958E1,1.240901848E1
1.711887537E1,4.445864677E0,-4.450650215E-1,8.197810173E0,9.336374416E0
1.712125094E1,-5.881557941E0,4.785645287E-3,1.015992451E1,1.173954057E1
1.712362646E1,5.005784988E0,-4.354937077E-1,1.023170948E1,1.139892175E1
1.712600204E1,-4.742574692E0,2.392822690E-2,8.815158844E0,1.000997566E1
1.712837756E1,2.876172781E0,-3.493520916E-1,1.205504036E1,1.239832306E1
1.713075313E1,-6.604190469E-1,-9.571290761E-2,7.714460373E0,7.743268891E0
1.713312865E1,-2.962314367E0,-3.589234054E-1,1.162911797E1,1.200585345E1
1.713550422E1,5.288137913E0,-9.667003751E-1,8.561519623E0,1.010932888E1
1.713787974E1,-5.158925533E0,-1.244267747E-1,1.062413216E1,1.181110404E1
1.714025526E1,5.101497650E0,-2.392822690E-2,1.022692394E1,1.142872802E1
1.714263084E1,-5.283352375E0,4.546363056E-1,8.260024071E0,9.815727387E0
1.714500636E1,2.153540373E0,-5.790630579E-1,1.233260822E1,1.253260850E1
1.714738193E1,1.024128079E0,-7.417750359E-1,7.953742504E0,8.053638206E0
1.714975745E1,-2.770888567E0,-4.689932466E-1,1.169611740E1,1.202900413E1
1.715213302E1,4.828716278E0,-3.637090325E-1,8.355736732E0,9.657490435E0
1.715450855E1,-6.044270039E0,-4.785645381E-2,1.005464077E1,1.173163635E1
1.715688412E1,5.513063431E0,-4.259224236E-1,1.107876873E1,1.238201901E1
1.715925964E1,-3.976871252E0,2.153540403E-1,8.193024635E0,9.109749447E0
1.716163521E1,9.188438654E-1,-4.163511395E-1,1.224646664E1,1.228794399E1
1.716401073E1,9.475577474E-1,-1.009771109E0,7.590033531E0,7.715316739E0
1.716638631E1,-3.029313564E0,-5.694918036E-1,1.216511059E1,1.254954092E1
1.716876183E1,5.455635548E0,-3.924229145E-1,8.920442581E0,1.046385449E1
1.717113740E1,-6.331408501E0,3.828516304E-1,9.485149384E0,1.141058140E1
1.717351292E1,4.082155228E0,-2.153540403E-1,1.096391296E1,1.170118610E1
1.717588844E1,-3.565305710E0,-6.412764788E-1,8.116454124E0,8.888164483E0
1.717826402E1,9.332008362E-1,-8.662018180E-1,1.268674564E1,1.275047781E1
1.718063954E1,1.732403636E0,-3.780659735E-1,7.920242786E0,8.116304703E0
1.718301511E1,-4.876572609E0,-2.488535494E-1,1.127976608E1,1.229129820E1
1.718539063E1,5.570491314E0,-7.034898400E-1,9.408578873E0,1.095657920E1
1.718776620E1,-5.871986866E0,1.435693540E-2,9.542576790E0,1.120451729E1
1.719014172E1,4.067798615E0,-5.264210105E-1,1.138504982E1,1.210138273E1
1.719251730E1,-3.522234917E0,-4.115654826E-1,7.915457249E0,8.673522261E0
1.719489282E1,-4.689932466E-1,-8.183453679E-1,1.255753326E1,1.259290616E1
1.719726839E1,3.144168854E0,-5.024927258E-1,8.317451477E0,8.906081955E0
1.719964391E1,-4.814359188E0,-2.967100143E-1,1.099262714E1,1.200433017E1
1.720201948E1,5.096712112E0,-2.057827413E-1,9.461220741E0,1.074865195E1
1.720439501E1,-6.369693756E0,-5.264209956E-2,8.910871506E0,1.095351089E1
1.720677047E1,4.082155228E0,-8.709874153E-1,1.226082325E1,1.295184918E1
1.720914610E1,-1.794616938E0,-3.589234054E-1,8.111668587E0,8.315566320E0
1.721152162E1,-1.727617979E0,-3.254238665E-1,1.190668583E1,1.203576886E1
1.721389719E1,3.436093330E0,-7.226324677E-1,7.905886173E0,8.650547453E0
1.721627271E1,-5.053641319E0,-4.307080805E-1,1.130848026E1,1.239380998E1
1.721864829E1,5.718846321E0,-4.689932466E-1,1.003071213E1,1.155596572E1
1.722102381E1,-5.642275810E0,3.732803464E-1,8.413164139E0,1.013686073E1
1.722339938E1,2.368894339E0,-5.168496966E-1,1.219861031E1,1.243723793E1
1.722577490E1,-4.977070987E-1,-6.747759581E-1,8.059026718E0,8.102527173E0
1.722815047E1,-1.560120344E0,-4.163511395E-1,1.197846985E1,1.208681363E1
1.723052599E1,4.211368084E0,-3.397808075E-1,8.269595146E0,9.286402749E0
1.723290157E1,-6.125626087E0,-1.339980662E-1,1.030349445E1,1.198762897E1
1.723527709E1,5.690132141E0,-8.039883971E-1,1.054756260E1,1.201145611E1
1.723765266E1,-4.254438877E0,2.584248483E-1,8.815158844E0,9.791529962E0
1.724002818E1,2.321038008E0,-2.153540403E-1,1.205504036E1,1.227833836E1
1.724240376E1,-4.594219327E-1,-2.009970993E-1,7.451249599E0,7.468104776E0
1.724477928E1,-2.770888567E0,-5.694918036E-1,1.184447193E1,1.217758842E1
1.724715480E1,5.747560024E0,-7.800601721E-1,8.848658562E0,1.058025040E1
1.724953037E1,-5.469992638E0,-8.614161611E-2,1.016471100E1,1.154337860E1
1.725190589E1,4.924428940E0,-7.178468257E-2,1.052841949E1,1.162337173E1
1.725428146E1,-4.704289436E0,8.135596663E-2,8.240880966E0,9.489419213E0
1.725665698E1,2.201396942E0,-5.886343718E-1,1.261017513E1,1.281441203E1
1.725903256E1,1.229910851E0,-3.972085714E-1,7.704888821E0,7.812539094E0
1.726140808E1,-3.512663603E0,-2.823530734E-1,1.139462185E1,1.192710929E1
1.726378365E1,5.278566837E0,-6.987041831E-1,8.705088615E0,1.020441195E1
1.726615917E1,-5.350351334E0,-7.657032460E-2,1.030349445E1,1.161008701E1
1.726853474E1,5.020142078E0,-2.967100143E-1,1.101177025E1,1.210574026E1
1.727091026E1,-3.938585997E0,3.493520916E-1,8.025527000E0,8.946708343E0
1.727328584E1,4.929214716E-1,-5.216353536E-1,1.232303619E1,1.234391737E1
1.727566136E1,1.986042738E0,-9.619147182E-1,7.834101200E0,8.138967213E0
1.727803693E1,-3.168097258E0,-4.833501875E-1,1.171525955E1,1.214568952E1
1.728041245E1,5.067998409E0,-2.105683982E-1,8.810373306E0,1.016620011E1
1.728278797E1,-6.580262184E0,2.775674164E-1,9.327222824E0,1.141814257E1
1.728516355E1,4.555934429E0,-6.699903607E-1,1.143290615E1,1.232545207E1
1.728753907E1,-2.928814888E0,-1.100698411E-1,8.408378601E0,8.904543937E0
1.728991464E1,4.019941986E-1,-4.881358147E-1,1.213161087E1,1.214808043E1
1.729229016E1,1.349551916E0,-4.833501875E-1,7.489534855E0,7.625486878E0
1.729466573E1,-4.532006264E0,-5.838487148E-1,1.145204926E1,1.233001996E1
1.729704126E1,5.867201328E0,-5.886343718E-1,9.585647583E0,1.125411842E1
1.729941683E1,-5.958128452E0,8.135596663E-2,9.212367058E0,1.097149125E1
1.730179235E1,3.522234917E0,-2.009970993E-1,1.132283688E1,1.185972907E1
1.730416792E1,-3.560520172E0,-3.828516304E-1,7.925028801E0,8.696548785E0
1.730654344E1,4.307080805E-1,-8.087740541E-1,1.266760349E1,1.270070089E1
1.730891902E1,2.392822742E0,-4.402793646E-1,7.877171993E0,8.244348683E0
1.731129454E1,-4.986642361E0,-1.962114573E-1,1.104048347E1,1.211599671E1
1.731367011E1,5.058426857E0,-6.077769399E-1,9.198010445E0,1.051477395E1
1.731604563E1,-5.819344521E0,-1.531406492E-1,9.523433685E0,1.116172083E1
1.731842115E1,4.197010994E0,-5.551348329E-1,1.179661560E1,1.253328431E1
1.732079672E1,-2.909672260E0,4.785645287E-3,7.901100159E0,8.419833685E0
1.732317224E1,-1.191625714E0,-4.642075896E-1,1.211246777E1,1.217979211E1
1.732554782E1,3.168097258E0,-9.762716293E-1,8.097311974E0,8.749651863E0
1.732792334E1,-4.268795490E0,-4.737788737E-1,1.135155106E1,1.213691858E1
1.733029891E1,5.230710506E0,-2.967100143E-1,9.375079155E0,1.073966845E1
1.733267443E1,-6.412764549E0,2.440679073E-1,8.772088051E0,1.086888435E1
1.733505000E1,3.766302824E0,-8.183453679E-1,1.203111267E1,1.263338427E1
1.733742552E1,-1.550549030E0,-2.297109663E-1,8.417949677E0,8.562642476E0
1.733980110E1,-7.944171429E-1,-3.924229145E-1,1.187797165E1,1.191097413E1
1.734217662E1,2.775674343E0,-3.924229145E-1,7.575676441E0,8.077700003E0
1.734455219E1,-5.149354458E0,-5.551348329E-1,1.126540947E1,1.239893046E1
1.734692771E1,6.345765591E0,-7.034898400E-1,9.958928108E0,1.182978816E1
1.734930323E1,-5.398207664E0,2.201396823E-1,8.963513374E0,1.046583391E1
1.735167881E1,3.043670416E0,-9.571290761E-2,1.178225899E1,1.216941730E1
1.735405428E1,-1.938186288E0,-4.689932466E-1,7.752745152E0,8.005097010E0
1.735642990E1,-5.886343718E-1,-7.226324677E-1,1.240917778E1,1.244413039E1
1.735880542E1,4.096512318E0,-4.737788737E-1,8.063812256E0,9.057093777E0
1.736118099E1,-5.264209747E0,-1.100698411E-1,1.072463131E1,1.194745732E1
1.736355652E1,5.331208706E0,-4.929214716E-1,9.748359680E0,1.112183772E1
1.736593209E1,-5.034498692E0,-3.828516230E-2,9.164510727E0,1.045638081E1
1.736830761E1,3.675375462E0,-4.594219327E-1,1.208854008E1,1.264326914E1
1.737068318E1,-1.349551916E0,-1.435693540E-2,7.886743546E0,8.001388645E0
1.737305870E1,-2.120040894E0,-4.642075896E-1,1.194975662E1,1.214523550E1
1.737543428E1,4.579862595E0,-1.091127157E0,8.197810173E0,9.453559726E0
1.737780980E1,-4.723432064E0,-3.158525825E-1,1.116969585E1,1.213147472E1
1.738018532E1,5.292923450E0,-2.057827413E-1,9.872786522E0,1.120398585E1
1.738256089E1,-5.876772404E0,4.594219327E-1,8.451449394E0,1.030410206E1
1.738493646E1,2.780459881E0,-5.934200287E-1,1.226560879E1,1.259080075E1
1.738731198E1,-3.158525825E-1,-5.024927258E-1,8.097311974E0,8.119034610E0
1.738968750E1,-2.100898266E0,-6.699903607E-1,1.184925747E1,1.205269941E1
1.739206308E1,3.986442566E0,-5.742774606E-1,8.087740898E0,9.035102200E0
1.739443860E1,-5.967699528E0,-3.158525825E-1,1.077248764E1,1.231907831E1
1.739681417E1,5.747560024E0,-5.216353536E-1,1.062413216E1,1.209043977E1
1.739918969E1,-5.115854740E0,3.014956415E-1,8.441878319E0,9.875635620E0
1.740156527E1,1.660618901E0,-2.249253243E-1,1.209332561E1,1.220888082E1
1.740394079E1,-6.364908218E-1,-9.044869542E-1,7.508677483E0,7.589693983E0
1.740631636E1,-2.311466694E0,-7.848458290E-1,1.234217930E1,1.258126588E1
1.740869188E1,4.814359188E0,-3.780659735E-1,8.662017822E0,9.917234545E0
1.741106745E1,-6.259624004E0,1.674975902E-1,9.982855797E0,1.178424193E1
1.741344297E1,4.426722050E0,-8.614161611E-2,1.040877819E1,1.131131964E1
1.741581855E1,-4.723432064E0,-7.657032460E-2,8.456234932E0,9.686309034E0
1.741819407E1,1.942971945E0,-7.226324677E-1,1.229432297E1,1.246786730E1
1.742056964E1,2.249253243E-1,-5.359922647E-1,7.666603565E0,7.688607763E0
1.742294516E1,-3.952943087E0,-3.780659735E-1,1.169133186E1,1.234730471E1
1.742532068E1,5.326423168E0,-5.982056856E-1,8.752944946E0,1.026365817E1
1.742769626E1,-5.867201328E0,1.100698411E-1,1.009771156E1,1.167903873E1
1.743007178E1,4.522434711E0,-6.699903309E-2,1.071506023E1,1.163053827E1
1.743244735E1,-4.656432629E0,1.579262912E-1,7.886743546E0,9.160132602E0
1.743482287E1,8.614161611E-1,-8.518448472E-1,1.250967693E1,1.256820172E1
1.743719844E1,1.986042738E0,-4.163511395E-1,8.169096947E0,8.417354629E0
1.743957396E1,-3.828516245E0,-2.201396823E-1,1.123669529E1,1.187305012E1
1.744194954E1,4.890929699E0,-5.264209956E-2,8.599804878E0,9.893462915E0
1.744432506E1,-6.513263226E0,3.828516230E-2,9.499505997E0,1.151801536E1
1.744670063E1,5.154139996E0,-6.556333899E-1,1.151426220E1,1.263223053E1
1.744907615E1,-3.125026464E0,6.699903309E-2,8.130811691E0,8.710934395E0
1.745145167E1,-1.387837082E-1,-8.614161611E-2,1.198804188E1,1.198915466E1
1.745382724E1,1.919043779E0,-5.168496966E-1,7.374679565E0,7.637785106E0
1.745620282E1,-3.967299938E0,-5.024927258E-1,1.161954689E1,1.228844326E1
1.745857834E1,6.034698486E0,-4.307080805E-1,9.375079155E0,1.115774191E1
1.746095386E1,-6.068198204E0,4.067798555E-1,8.863015175E0,1.074902495E1
1.746332943E1,3.574877024E0,-2.823530734E-1,1.150469112E1,1.205061770E1
1.746570495E1,-2.158325911E0,-3.637090325E-1,8.260024071E0,8.545095239E0
1.746808052E1,2.105683982E-1,-4.785645306E-1,1.221296692E1,1.222415330E1
1.747045605E1,2.871387243E0,-2.584248483E-1,7.666603565E0,8.190754442E0
1.747283162E1,-5.288137913E0,-2.201396823E-1,1.090648556E1,1.212288296E1
1.747520714E1,6.029912949E0,-8.566305041E-1,9.710074425E0,1.146207709E1
1.747758271E1,-5.111069202E0,2.057827413E-1,9.317651749E0,1.062939363E1
1.747995823E1,3.579662561E0,-1.962114573E-1,1.154776192E1,1.209145518E1
1.748233381E1,-2.330609322E0,-1.914258115E-2,7.805387497E0,8.145930286E0
1.748470933E1,-1.191625714E0,-6.460621357E-1,1.210289669E1,1.217856627E1
1.748708490E1,4.321437836E0,-7.513462901E-1,8.365307808E0,9.445513270E0
1.748946042E1,-4.972285271E0,-4.019941986E-1,1.086341476E1,1.195403700E1
1.749183599E1,5.187639713E0,-2.775674164E-1,9.671789169E0,1.097871373E1
1.749421152E1,-5.814558983E0,1.339980662E-1,8.810373306E0,1.055697539E1
1.749658704E1,3.574877024E0,-7.226324677E-1,1.234696484E1,1.287437315E1
1.749896261E1,-9.762716293E-1,-2.488535494E-1,7.867600918E0,7.931845850E0
1.750133813E1,-2.091326952E0,-2.488535494E-1,1.185404301E1,1.203968073E1
1.750371370E1,3.842873096E0,-6.795616150E-1,7.901100159E0,8.812313053E0
1.750608922E1,-5.264209747E0,-4.689932466E-1,1.105484104E1,1.225321874E1
1.750846480E1,5.690132141E0,-4.307080805E-1,1.031306553E1,1.178653613E1
1.751084032E1,-5.426921844E0,3.589234054E-1,8.370093346E0,9.981922126E0
1.751321589E1,2.005185366E0,-6.125625968E-1,1.221296692E1,1.239163275E1
1.751559141E1,-3.445664644E-1,-6.125625968E-1,7.996813297E0,8.027638625E0
1.751796698E1,-1.866401672E0,-4.450650215E-1,1.205025482E1,1.220205636E1
1.752034251E1,4.086941242E0,-2.536391914E-1,8.260024071E0,9.219296026E0
1.752271808E1,-6.226124287E0,-6.699903309E-2,1.026999474E1,1.201007512E1
1.752509360E1,5.278566837E0,-7.944171429E-1,1.042792130E1,1.171477311E1
1.752746917E1,-4.455435753E0,1.722832322E-1,9.044869423E0,1.008415847E1
1.752984469E1,2.172683001E0,-3.206382394E-1,1.198325539E1,1.218284737E1
1.753222026E1,-6.317051649E-1,-1.866401732E-1,7.647460938E0,7.675776492E0
1.753459579E1,-3.096312523E0,-6.269195080E-1,1.186361504E1,1.227703307E1
1.753697131E1,5.402993679E0,-6.173482537E-1,8.762516975E0,1.031286397E1
1.753934688E1,-5.551348686E0,-1.483550072E-1,1.029870892E1,1.170055070E1
1.754172235E1,4.622933388E0,-1.196411327E-1,1.043270683E1,1.141171324E1
1.754409797E1,-4.934000492E0,1.579262912E-1,8.317451477E0,9.672088742E0
1.754647349E1,2.335394859E0,-6.795616150E-1,1.261017513E1,1.284260059E1
1.754884907E1,7.226324677E-1,-3.254238665E-1,7.824530125E0,7.864564200E0
1.755122459E1,-3.278167009E0,-2.153540403E-1,1.158604717E1,1.204280887E1
1.755360016E1,4.771288395E0,-6.939185858E-1,8.307880402E0,9.605602153E0
1.755597568E1,-5.469992638E0,-2.967100143E-1,1.058106136E1,1.191502060E1
1.755835126E1,5.417350292E0,-3.637090325E-1,1.089691448E1,1.217467510E1
1.756072678E1,-4.388436794E0,4.163511395E-1,8.121239662E0,9.240468571E0
1.756310235E1,9.379864931E-1,-4.259224236E-1,1.216511059E1,1.220865038E1
1.756547787E1,1.272981644E0,-8.662018180E-1,7.891529083E0,8.040337003E0
1.756785344E1,-2.651247501E0,-5.742774606E-1,1.187318611E1,1.217914021E1
1.757022896E1,5.015356064E0,-2.775674164E-1,8.575876236E0,9.938636392E0
1.757260454E1,-6.350551128E0,1.387837082E-1,9.805787086E0,1.168341649E1
1.757498006E1,4.934000492E0,-7.609176040E-1,1.091127110E1,1.199913303E1
1.757735558E1,-3.455235958E0,3.828516230E-2,8.709874153E0,9.370273691E0
1.757973115E1,1.344766378E0,-4.594219327E-1,1.209332561E1,1.217653438E1
1.758210662E1,6.987041831E-1,-3.349951804E-1,7.523034573E0,7.562834025E0
1.758448224E1,-3.871587038E0,-5.934200287E-1,1.153819084E1,1.218487511E1
1.758685776E1,5.881557941E0,-7.082754970E-1,9.231510162E0,1.096882664E1
1.758923334E1,-5.699703693E0,-1.052841991E-1,9.801001549E0,1.133831285E1
1.759160886E1,4.177868366E0,-2.201396823E-1,1.088255692E1,1.165903472E1
1.759398443E1,-4.235296249E0,-7.657032460E-2,8.169096947E0,9.202050981E0
1.759635995E1,1.277767301E0,-8.470591903E-1,1.261496067E1,1.270777051E1
1.759873553E1,1.651047587E0,-4.307080805E-1,7.862815380E0,8.045827073E0
1.760111105E1,-4.086941242E0,-2.967100143E-1,1.131326580E1,1.203250218E1
1.760348662E1,4.823930264E0,-5.886343718E-1,8.595019341E0,9.873760736E0
1.760586214E1,-5.924628735E0,-2.823530734E-1,1.014556789E1,1.175216988E1
1.760823771E1,4.756931305E0,-4.737788737E-1,1.124626637E1,1.222012148E1
1.761061323E1,-3.833301783E0,2.297109663E-1,8.054241180E0,8.922879058E0
1.761298876E1,-1.770688742E-1,-5.168496966E-1,1.218903828E1,1.220127621E1
1.761536433E1,1.942971945E0,-9.092726111E-1,7.853243828E0,8.140967711E0
1.761773985E1,-3.737588882E0,-5.790630579E-1,1.166261768E1,1.226056834E1
1.762011542E1,5.130211830E0,-3.493520916E-1,8.920442581E0,1.029637879E1
1.762249094E1,-6.675975323E0,2.153540403E-1,9.298508644E0,1.144889894E1
1.762486652E1,4.163511276E0,-7.034898400E-1,1.133719349E1,1.209800315E1
1.762724204E1,-2.713460922E0,-1.435693651E-1,8.585447311E0,9.005186721E0
1.762961761E1,1.435693651E-1,-4.881358147E-1,1.205504036E1,1.206577336E1
1.763199313E1,1.727617979E0,-3.780659735E-1,7.494320393E0,7.700158174E0
1.763436870E1,-4.733003139E0,-6.843472719E-1,1.141376400E1,1.237512257E1
1.763674422E1,6.211767673E0,-6.364908218E-1,9.671789169E0,1.151237091E1
1.763911980E1,-5.800201893E0,7.657032460E-2,9.260223389E0,1.092702806E1
1.764149526E1,3.565305710E0,-2.153540403E-1,1.139940739E1,1.194588929E1
1.764387089E1,-3.067598581E0,-3.254238665E-1,7.958528042E0,8.535468959E0
1.764624641E1,2.727817893E-1,-9.332008362E-1,1.258146191E1,1.261897212E1
1.764862193E1,3.091526747E0,-5.072783828E-1,8.001599312E0,8.593047220E0
1.765099750E1,-4.747360229E0,-2.105683982E-1,1.105962658E1,1.203732147E1
1.765337302E1,5.211567879E0,-4.163511395E-1,9.159725189E0,1.054676982E1
1.765574860E1,-5.670989513E0,-2.297109663E-1,9.485149384E0,1.105354911E1
1.765812417E1,4.354937077E0,-7.034898400E-1,1.194975662E1,1.273801626E1
1.766049969E1,-2.244467735E0,-1.148554832E-1,8.006384850E0,8.315829818E0
1.766287521E1,-1.253839016E0,-5.503492355E-1,1.214596748E1,1.222290975E1
1.766525079E1,3.440878868E0,-8.566305041E-1,7.881958008E0,8.642842428E0
1.766762631E1,-4.469792843E0,-5.216353536E-1,1.149512005E1,1.234459138E1
1.767000188E1,5.532206059E0,-4.737788737E-1,9.547362328E0,1.104454153E1
1.767237740E1,-6.245266914E0,1.722832322E-1,8.834300995E0,1.082025482E1
1.767475297E1,3.383451223E0,-8.422735929E-1,1.216032505E1,1.265032301E1
1.767712849E1,-1.344766378E0,-3.637090325E-1,8.437092781E0,8.551328287E0
1.767950407E1,-1.081555843E0,-5.503492355E-1,1.199282742E1,1.205406806E1
1.768187959E1,3.077169895E0,-3.637090325E-1,7.757531166E0,8.353475242E0
1.768425516E1,-5.742774487E0,-5.072783828E-1,1.098784161E1,1.240844282E1
1.768663068E1,6.063412666E0,-8.279166222E-1,1.008814049E1,1.179919479E1
1.768900626E1,-5.532206059E0,7.178468257E-2,8.958727837E0,1.052944734E1
1.769138178E1,2.646461725E0,-3.302095234E-1,1.195454216E1,1.224842342E1
1.769375735E1,-1.899901152E0,-4.450650215E-1,7.771887779E0,8.013110938E0
1.769613287E1,-1.497906923E0,-8.662018180E-1,1.234217930E1,1.246288171E1
1.769850839E1,4.220939159E0,-4.977070987E-1,8.422736168E0,9.434326913E0
1.770088396E1,-5.704489231E0,-1.962114573E-1,1.052841949E1,1.197611429E1
1.770325948E1,4.867001057E0,-3.828516304E-1,9.844072342E0,1.098817705E1
1.770563506E1,-5.355136871E0,-7.657032460E-2,8.886942863E0,1.037598706E1
1.770801058E1,3.206382275E0,-5.407779217E-1,1.241396427E1,1.283276420E1
1.771038615E1,-1.081555843E0,-1.579262912E-1,7.637889862E0,7.715702515E0
1.771276167E1,-2.790031195E0,-4.594219327E-1,1.186840057E1,1.220058502E1
1.771513724E1,4.575077057E0,-8.470591903E-1,8.360522270E0,9.568028636E0
1.771751277E1,-5.187639713E0,-2.249253243E-1,1.090648556E1,1.207947120E1
1.771988834E1,5.235496044E0,-2.297109663E-1,1.015992451E1,1.143185252E1
1.772226386E1,-5.508277893E0,3.732803464E-1,8.298309326E0,9.967065829E0
1.772463943E1,2.196611166E0,-7.465606928E-1,1.224168110E1,1.245958304E1
1.772701495E1,4.833501875E-1,-4.737788737E-1,8.350951195E0,8.378333944E0
1.772939052E1,-2.220539331E0,-4.259224236E-1,1.160519028E1,1.182339402E1
1.773176605E1,4.436293125E0,-2.536391914E-1,8.159524918E0,9.291010516E0
1.773414157E1,-6.010770321E0,-1.866401732E-1,1.026520920E1,1.189700442E1
1.773651714E1,5.895915031E0,-6.460621357E-1,1.073898792E1,1.226805086E1
1.773889266E1,-4.235296249E0,1.866401732E-1,8.518448830E0,9.515069066E0
1.774126823E1,1.813759565E0,-1.962114573E-1,1.207896900E1,1.221596148E1
1.774364376E1,1.148554832E-1,-4.498506486E-1,7.518248558E0,7.532570529E0
1.774601933E1,-2.483749866E0,-7.896314859E-1,1.203589821E1,1.231484377E1
1.774839485E1,5.536991596E0,-4.115654826E-1,8.776873589E0,1.038562334E1
1.775077042E1,-5.728417397E0,7.178468257E-2,9.786644936E0,1.134012072E1
1.775314594E1,4.632504463E0,-2.871387303E-1,1.050927734E1,1.148857940E1
1.775552152E1,-4.010370731E0,-9.092725813E-2,8.528019905E0,9.424354868E0
1.775789704E1,2.325823545E0,-4.881358147E-1,1.239960670E1,1.262529121E1
1.776027261E1,8.757730722E-1,-2.201396823E-1,7.623532772E0,7.676828244E0
1.776264813E1,-3.838087559E0,-2.201396823E-1,1.140419292E1,1.203474112E1
1.776502370E1,5.527420521E0,-8.327022791E-1,8.618947029E0,1.027287781E1
1.776739922E1,-5.369493961E0,-5.264209956E-2,1.026520920E1,1.158485030E1
1.776977480E1,4.948357105E0,-1.627119333E-1,1.078684425E1,1.186881301E1
1.777215032E1,-4.407579422E0,3.876372576E-1,7.814958572E0,8.980567716E0
1.777452589E1,7.082754970E-1,-6.508477330E-1,1.217946720E1,1.221739245E1
1.777690141E1,2.043470621E0,-5.024927258E-1,8.140382767E0,8.407978515E0
1.777927693E1,-3.522234917E0,-3.732803464E-1,1.117926693E1,1.172695553E1
1.778165250E1,4.890929699E0,-1.387837082E-1,8.609375954E0,9.902616248E0
1.778402802E1,-6.541976929E0,6.221338734E-2,9.523433685E0,1.155409546E1
1.778640360E1,4.953142643E0,-5.072783828E-1,1.129890823E1,1.234731876E1
1.778877912E1,-3.493520975E0,1.866401732E-1,8.293522835E0,9.001224604E0
1.779115469E1,3.349951655E-2,-1.387837082E-1,1.194497108E1,1.194582426E1
1.779353021E1,1.234696507E0,-4.785645306E-1,7.451249599E0,7.567999740E0
1.779590579E1,-4.029513359E0,-6.795616150E-1,1.162433243E1,1.232168358E1
1.779828131E1,5.613562107E0,-3.014956415E-1,9.351150513E0,1.091086592E1
1.780065688E1,-6.355337143E0,3.589234054E-1,9.087940216E0,1.109548528E1
1.780303240E1,3.503092289E0,-2.201396823E-1,1.118883896E1,1.172647578E1
1.780540797E1,-3.273381472E0,-2.871387303E-1,8.183453560E0,8.818525221E0
1.780778349E1,5.551348329E-1,-5.024927258E-1,1.234696484E1,1.236964892E1
1.781015907E1,1.942971945E0,-2.584248483E-1,7.690532207E0,7.936385135E0
1.781253459E1,-5.067998409E0,-2.536391914E-1,1.102134132E1,1.213337980E1
1.781491016E1,5.527420521E0,-7.609176040E-1,9.255437851E0,1.080715055E1
1.781728568E1,-5.584847927E0,1.196411327E-1,9.647860527E0,1.114836549E1
1.781966126E1,4.153940201E0,-1.674975902E-1,1.142333508E1,1.215630943E1
1.782203678E1,-3.345165968E0,2.057827413E-1,7.704888821E0,8.402249320E0
1.782441230E1,-5.359922647E-1,-6.269195080E-1,1.221775246E1,1.224556209E1
1.782678787E1,3.306880951E0,-6.317051649E-1,8.130811691E0,8.800262030E0
1.782916339E1,-4.192225456E0,-4.785645306E-1,1.113141060E1,1.190428831E1
1.783153896E1,5.268995285E0,-1.962114573E-1,9.207581520E0,1.061038961E1
1.783391448E1,-6.240481377E0,1.244267747E-1,9.178867340E0,1.110003133E1
1.783629006E1,4.575077057E0,-5.503492355E-1,1.179661560E1,1.266468926E1
1.783866558E1,-2.057827473E0,-4.785645287E-3,8.087740898E0,8.345431663E0
1.784104115E1,-5.312066078E-1,-2.871387303E-1,1.208854008E1,1.210361228E1
1.784341667E1,2.785245657E0,-5.359922647E-1,7.460821152E0,7.981775074E0
1.784579224E1,-4.273581028E0,-7.082754970E-1,1.147119141E1,1.226186696E1
1.784816776E1,6.187839508E0,-3.732803464E-1,9.887143135E0,1.166980271E1
1.785054334E1,-5.613562107E0,3.828516304E-1,8.805587769E0,1.044973831E1
1.785291886E1,3.479164124E0,-2.392822653E-1,1.162911797E1,1.214076701E1
1.785529443E1,-1.847259045E0,-5.647061467E-1,8.126026154E0,8.352458324E0
1.785766995E1,1.387837082E-1,-6.125625968E-1,1.239960670E1,1.241550403E1
1.786004552E1,3.373879910E0,-3.493520916E-1,7.901100159E0,8.598400796E0
1.786242105E1,-5.091926575E0,-1.866401732E-1,1.089691448E1,1.202935144E1
1.786479657E1,5.790630817E0,-7.130611539E-1,9.571290970E0,1.120934754E1
1.786717214E1,-5.034498692E0,5.742774159E-2,9.413364410E0,1.067524728E1
1.786954766E1,3.852444410E0,-3.158525825E-1,1.165304661E1,1.227740144E1
1.787192323E1,-2.277967215E0,3.828516230E-2,7.877171993E0,8.200026768E0
1.787429876E1,-1.272981644E0,-6.125625968E-1,1.205504036E1,1.213753324E1
1.787667433E1,4.192225456E0,-6.269195080E-1,8.360522270E0,9.373692708E0
1.787904985E1,-4.713860512E0,-4.019941986E-1,1.093519974E1,1.191472507E1
1.788142542E1,5.048855782E0,-1.196411327E-1,9.523433685E0,1.077965899E1
1.788380094E1,-6.116054535E0,1.914258152E-1,8.791230202E0,1.071113885E1
1.788617652E1,3.728017569E0,-6.843472719E-1,1.226560879E1,1.283789722E1
1.788855204E1,-1.320838094E0,-1.579262912E-1,8.044670105E0,8.153911398E0
1.789092761E1,-1.761117458E0,-2.201396823E-1,1.195454216E1,1.208557299E1
1.789330313E1,3.244667530E0,-5.168496966E-1,7.685746193E0,8.358570185E0
1.789567870E1,-5.249852657E0,-6.652047038E-1,1.125105190E1,1.243340738E1
1.789805422E1,5.733202934E0,-3.445664644E-1,1.020299530E1,1.170852062E1
1.790042980E1,-5.747560024E0,4.498506486E-1,8.508877754E0,1.027802571E1
1.790280532E1,2.182254314E0,-1.483550072E-1,1.192582798E1,1.212475221E1
1.790518089E1,-1.397408366E0,-6.652047038E-1,7.776673794E0,7.929180458E0
1.790755641E1,-1.564906001E0,-7.178468108E-1,1.231825066E1,1.243798754E1
1.790993193E1,3.866801500E0,-4.211367965E-1,8.078168869E0,8.965841975E0
1.791230750E1,-6.273981094E0,-1.627119333E-1,1.055234814E1,1.227767751E1
1.791468308E1,5.058426857E0,-5.790630579E-1,1.004506969E1,1.126172373E1
1.791705860E1,-5.120640278E0,1.148554832E-1,8.997013092E0,1.035279640E1
1.791943412E1,2.502892494E0,-4.833501875E-1,1.210289669E1,1.236843590E1
1.792180969E1,-1.177268744E0,-3.062812984E-1,7.513463020E0,7.611300578E0
1.792418521E1,-2.933600664E0,-8.231309652E-1,1.192104244E1,1.230425985E1
1.792656079E1,5.058426857E0,-7.034898400E-1,8.772088051E0,1.015047334E1
1.792893631E1,-5.599205017E0,-2.679961324E-1,1.045663452E1,1.186440577E1
1.793131188E1,4.618147850E0,-1.339980662E-1,1.012642574E1,1.113057696E1
1.793368740E1,-5.489135265E0,2.392822690E-2,8.494520187E0,1.011375557E1
1.793606297E1,2.498106956E0,-9.284151793E-1,1.241874981E1,1.270148967E1
1.793843849E1,4.546363056E-1,-4.689932466E-1,8.054241180E0,8.080683748E0
1.794081407E1,-3.014956474E0,-4.163511395E-1,1.152861977E1,1.192360619E1
1.794318959E1,4.536791801E0,-5.407779217E-1,8.226524353E0,9.410134087E0
1.794556516E1,-5.680561066E0,-5.455635786E-1,1.055234814E1,1.199660222E1
1.794794068E1,5.565705299E0,-5.024927258E-1,1.095434189E1,1.229744610E1
1.795031626E1,-4.383651257E0,1.387837082E-1,8.149953842E0,9.255128680E0
1.795269178E1,1.019342422E0,-5.647061467E-1,1.232782269E1,1.238277692E1
1.795506735E1,1.100698471E0,-8.949156404E-1,7.853243828E0,7.980341456E0
1.795744287E1,-2.632104874E0,-6.412764788E-1,1.207418346E1,1.237437344E1
1.795981844E1,5.316852093E0,-4.642075896E-1,8.642875671E0,1.015793802E1
1.796219396E1,-6.360122681E0,8.135596663E-2,9.930213928E0,1.179266416E1
1.796456948E1,4.843072891E0,-7.704889178E-1,1.077248764E1,1.183619441E1
1.796694506E1,-3.235096216E0,-2.488535494E-1,8.863015175E0,9.438263273E0
1.796932058E1,1.277767301E0,-6.460621357E-1,1.241396427E1,1.249626322E1
1.797169615E1,1.215553880E0,-3.732803464E-1,7.470392227E0,7.577840687E0
1.797407162E1,-4.259224415E0,-7.034898400E-1,1.162433243E1,1.240004012E1
1.797644724E1,6.312266350E0,-7.704889178E-1,9.403793335E0,1.135207861E1
1.797882276E1,-5.670989513E0,-1.244267747E-1,9.724431038E0,1.125789337E1
1.798119834E1,4.168296814E0,-1.435693651E-1,1.102134132E1,1.178411113E1
1.798357386E1,-3.871587038E0,-1.435693651E-1,8.087740898E0,8.967795225E0
1.798594938E1,6.843472719E-1,-1.024128079E0,1.259103298E1,1.265113754E1
1.798832495E1,2.675175667E0,-5.647061467E-1,8.087740898E0,8.537388987E0
1.799070052E1,-4.551148891E0,-3.493520916E-1,1.116969585E1,1.206636269E1
1.799307605E1,5.111069202E0,-4.594219327E-1,9.011369705E0,1.037009551E1
1.799545162E1,-6.106483459E0,-1.962114573E-1,9.604789734E0,1.138330466E1
1.799782714E1,4.474578381E0,-4.594219327E-1,1.179183006E1,1.262062504E1
1.800020271E1,-2.971885681E0,-9.571290575E-3,7.996813297E0,8.531190950E0
1.800257823E1,-1.158126116E0,-4.402793646E-1,1.213639641E1,1.219947621E1
1.800495376E1,2.890529871E0,-9.044869542E-1,7.896314621E0,8.457248026E0
1.800732933E1,-4.441078663E0,-5.407779217E-1,1.160997581E1,1.244215250E1
1.800970485E1,5.383851051E0,-3.062812984E-1,9.389435768E0,1.082779592E1
1.801208042E1,-6.589833736E0,3.924229145E-1,8.977870941E0,1.114370096E1
1.801445594E1,3.259024382E0,-5.455635786E-1,1.175833035E1,1.221381235E1
1.801683152E1,-1.689332843E0,-4.067798555E-1,8.293522835E0,8.473596422E0
1.801920704E1,-1.100698471E0,-5.694918036E-1,1.212203979E1,1.218522494E1
1.802158261E1,3.034099102E0,-3.780659735E-1,7.676175117E0,8.262708737E0
1.802395813E1,-5.800201893E0,-4.737788737E-1,1.107876873E1,1.251422890E1
1.802633370E1,6.082555294E0,-6.269195080E-1,1.010249710E1,1.180893537E1
1.802870922E1,-5.603990555E0,2.584248483E-1,8.781659126E0,1.042060605E1
1.803108480E1,2.632104874E0,-1.387837082E-1,1.179661560E1,1.208748843E1
1.803346032E1,-1.756331801E0,-4.642075896E-1,7.709674358E0,7.920812382E0
1.803583589E1,-1.564906001E0,-9.714859724E-1,1.216989613E1,1.230849656E1
1.803821141E1,4.613361835E0,-4.450650215E-1,8.580661774E0,9.752381595E0
1.804058698E1,-5.642275810E0,-4.785645381E-2,1.050927734E1,1.192822186E1
1.804296251E1,4.857429981E0,-1.339980662E-1,9.805787086E0,1.094376726E1
1.804533808E1,-5.225924492E0,-6.221338734E-2,8.786444664E0,1.022329532E1
1.804771360E1,3.225524902E0,-6.795616150E-1,1.233260822E1,1.276554113E1
1.805008917E1,-4.211367965E-1,-3.302095234E-1,7.743174076E0,7.761645399E0
1.805246469E1,-3.043670416E0,-3.828516304E-1,1.180140114E1,1.219358740E1
1.805484021E1,4.957928658E0,-6.891329288E-1,8.303094864E0,9.695222797E0
1.805721579E1,-5.235496044E0,-1.914258152E-1,1.069591713E1,1.191006742E1
1.805959131E1,5.216353416E0,-2.536391914E-1,1.027956581E1,1.153014090E1
1.806196688E1,-4.962714195E0,3.302095234E-1,8.298309326E0,9.674683880E0
1.806434240E1,1.698904037E0,-8.087740541E-1,1.210289669E1,1.224828554E1
1.806671797E1,1.148554921E0,-6.029912829E-1,8.216953278E0,8.318719737E0
1.806909349E1,-2.780459881E0,-3.397808075E-1,1.162911797E1,1.196172198E1
1.807146907E1,4.881358147E0,-1.722832322E-1,8.322237015E0,9.649713353E0
1.807384459E1,-6.302694798E0,-6.221338734E-2,1.001156998E1,1.183044233E1
1.807622016E1,5.513063431E0,-7.274180651E-1,1.094477081E1,1.227644141E1
1.807859568E1,-3.622733593E0,9.571290761E-2,8.518448830E0,9.257285245E0
1.808097126E1,1.119840980E0,-2.344966233E-1,1.227996540E1,1.233314975E1
1.808334678E1,1.052842021E0,-3.924229145E-1,7.365108013E0,7.450321343E0
1.808572230E1,-3.503092289E0,-6.556333899E-1,1.174875927E1,1.227741239E1
1.808809787E1,6.025127411E0,-4.402793646E-1,9.221938133E0,1.102452490E1
1.809047344E1,-5.857629776E0,1.339980662E-1,9.413364410E0,1.108788580E1
1.809284896E1,4.130012035E0,-2.249253243E-1,1.100698376E1,1.175845578E1
1.809522454E1,-3.244667530E0,-3.206382394E-1,8.283951759E0,8.902501503E0
1.809760006E1,1.052842021E0,-4.402793646E-1,1.260538960E1,1.265694154E1
1.809997563E1,2.187039852E0,-2.871387303E-1,7.609176159E0,7.922446199E0
1.810235115E1,-4.823930264E0,-1.627119333E-1,1.117926693E1,1.217673139E1
1.810472667E1,5.771488190E0,-7.417750359E-1,9.049654961E0,1.075902231E1
1.810710224E1,-5.446064472E0,9.571290575E-3,9.820143700E0,1.122919998E1
1.810947776E1,4.244867325E0,-1.866401732E-1,1.146162033E1,1.222384857E1
1.811185334E1,-3.091526747E0,2.249253243E-1,7.786244869E0,8.380557153E0
1.811422881E1,-9.667003751E-1,-5.312066078E-1,1.204546928E1,1.209586790E1
1.811660443E1,3.747160196E0,-7.130611539E-1,8.312665939E0,9.146041809E0
1.811897995E1,-4.718646049E0,-3.541377485E-1,1.105484104E1,1.202499665E1
1.812135553E1,5.125426292E0,-9.571290761E-2,9.327222824E0,1.064313118E1
1.812373105E1,-6.360122681E0,2.823530734E-1,8.920442581E0,1.095925087E1
1.812610662E1,3.818944931E0,-6.029912829E-1,1.201196957E1,1.261884907E1
1.812848209E1,-1.502692580E0,-1.579262912E-1,8.001599312E0,8.143010331E0
1.813085771E1,-1.875972986E0,-1.722832322E-1,1.185882950E1,1.200753069E1
1.813323323E1,3.431307554E0,-4.163511395E-1,7.704888821E0,8.444674745E0
1.813560881E1,-5.450850010E0,-6.077769399E-1,1.102134132E1,1.231061019E1
1.813798433E1,5.795416355E0,-2.871387303E-1,1.030827999E1,1.182919844E1
1.814035990E1,-5.656632900E0,4.929214716E-1,8.365307808E0,1.011033343E1
1.814273542E1,2.086541414E0,-9.092725813E-2,1.183968639E1,1.202248297E1
1.814511099E1,-9.427721500E-1,-5.934200287E-1,7.791030407E0,7.870268195E0
1.814748652E1,-1.785045743E0,-5.838487148E-1,1.218903828E1,1.233287970E1
1.814986204E1,4.331008911E0,-3.732803464E-1,8.126026154E0,9.215708191E0
1.815223761E1,-6.326622963E0,0.000000000E0,1.026520920E1,1.205822035E1
1.815461318E1,5.201996326E0,-4.402793646E-1,1.031306553E1,1.155914929E1
1.815698870E1,-4.565505505E0,1.339980662E-1,8.781659126E0,9.898451041E0
1.815936422E1,2.110469580E0,-3.972085714E-1,1.215553856E1,1.234378281E1
1.816173980E1,-2.440679073E-1,-2.488535494E-1,7.446464062E0,7.454617646E0
1.816411532E1,-3.493520975E0,-7.322037220E-1,1.158604717E1,1.212341949E1
1.816649089E1,5.752345562E0,-6.987041831E-1,9.107083321E0,1.079428708E1
1.816886641E1,-5.771488190E0,-1.052841991E-1,1.010249710E1,1.163536026E1
1.817124198E1,4.560719967E0,-1.435693540E-2,1.050449181E1,1.145184356E1
1.817361751E1,-4.843072891E0,1.818545163E-1,8.250452042E0,9.568614580E0
1.817599302E1,1.655833244E0,-9.236295223E-1,1.236132145E1,1.250588434E1
1.817836860E1,1.679761529E0,-6.508477330E-1,7.972885132E0,8.173866826E0
1.818074417E1,-3.957728624E0,-4.642075896E-1,1.148554897E1,1.215717647E1
1.818311969E1,5.221138954E0,-4.402793646E-1,8.772088051E0,1.021781125E1
1.818549526E1,-6.063412666E0,-2.249253243E-1,9.834501266E0,1.155564709E1
1.818787079E1,4.929214478E0,-4.689932466E-1,1.155733299E1,1.257334705E1
1.819024636E1,-3.316452265E0,2.871387079E-2,7.977670670E0,8.639612805E0
1.819262188E1,-3.493520916E-1,-5.647061467E-1,1.205982590E1,1.207809342E1
1.819499745E1,2.545963287E0,-9.619147182E-1,7.929814339E0,8.383863336E0
1.819737297E1,-3.967299938E0,-4.450650215E-1,1.166261768E1,1.232697055E1
1.819974855E1,5.647061348E0,-4.402793646E-1,9.231510162E0,1.083069378E1
1.820212407E1,-6.546762943E0,2.919243574E-1,8.963513374E0,1.110359838E1
1.820449959E1,3.661018610E0,-6.747759581E-1,1.171525955E1,1.229250529E1
1.820687516E1,-1.665404558E0,-5.838487148E-1,8.465806961E0,8.647793890E0
1.820925068E1,-6.747759581E-1,-5.312066078E-1,1.219382381E1,1.222402725E1
1.821162626E1,3.144168854E0,-3.541377485E-1,7.633104324E0,8.262898581E0
1.821400178E1,-5.790630817E0,-3.780659735E-1,1.091127110E1,1.235840508E1
1.821637735E1,6.240481377E0,-7.752745152E-1,1.026999474E1,1.204231914E1
1.821875287E1,-5.345565796E0,6.699903309E-2,8.791230202E0,1.028908601E1
1.822112844E1,2.723032236E0,-2.871387303E-1,1.202632618E1,1.233409399E1
1.822350396E1,-1.531406522E0,-4.402793646E-1,7.666603565E0,7.830444565E0
1.822587954E1,-1.928615093E0,-8.279166222E-1,1.219382381E1,1.237312981E1
1.822825506E1,4.867001057E0,-5.359922647E-1,8.618947029E0,9.912680510E0
1.823063063E1,-5.852844238E0,-1.387837082E-1,1.026042366E1,1.181318502E1
1.823300615E1,4.752145767E0,-3.254238665E-1,1.013121128E1,1.119509857E1
1.823538172E1,-4.938786030E0,-2.249253243E-1,8.690732002E0,9.998550974E0
1.823775724E1,2.665604353E0,-4.785645306E-1,1.253839111E1,1.282753765E1
1.824013282E1,-1.914258115E-2,-2.536391914E-1,7.546962738E0,7.551247966E0
1.824250834E1,-3.641875982E0,-2.584248483E-1,1.169611740E1,1.225272240E1
1.824488391E1,5.245067120E0,-7.561319470E-1,8.456234932E0,9.979497674E0
1.824725943E1,-5.522634506E0,-2.153540403E-1,1.037049294E1,1.175129750E1
1.824963501E1,5.005784988E0,-3.062812984E-1,1.081077290E1,1.191740333E1
1.825201053E1,-4.575077057E0,3.302095234E-1,8.006384850E0,9.227272986E0
1.825438605E1,7.752745152E-1,-5.551348329E-1,1.223689461E1,1.227398936E1
1.825676162E1,1.952543259E0,-6.747759581E-1,8.054241180E0,8.314959336E0
1.825913719E1,-3.507878065E0,-2.871387303E-1,1.148076344E1,1.200814666E1
1.826151271E1,5.206781864E0,-1.627119333E-1,8.662017822E0,1.010779923E1
1.826388823E1,-6.589833736E0,1.004985496E-1,9.470791817E0,1.153828004E1
1.826626381E1,5.077569485E0,-6.460621357E-1,1.167218876E1,1.274515981E1
1.826863933E1,-2.871387243E0,-4.307080805E-2,8.116454124E0,8.609503316E0
1.827101490E1,-4.307080805E-2,-2.488535494E-1,1.218903828E1,1.219165441E1
1.827339042E1,2.172683001E0,-4.689932466E-1,7.551748276E0,7.872065047E0
1.827576599E1,-4.331008911E0,-6.747759581E-1,1.146162033E1,1.227117359E1
1.827814152E1,6.116054535E0,-4.689932466E-1,9.714859962E0,1.148932469E1
1.828051709E1,-5.785845280E0,2.584248483E-1,8.930013657E0,1.064368042E1
1.828289261E1,3.464807272E0,-2.967100143E-1,1.150947666E1,1.202335142E1
1.828526818E1,-2.029113531E0,-6.125625968E-1,8.188239098E0,8.458120014E0
1.828764370E1,-6.221338734E-2,-5.312066078E-1,1.246660614E1,1.247807355E1
1.829001928E1,3.388236761E0,-3.445664644E-1,7.743174076E0,8.459055454E0
1.829239480E1,-5.489135265E0,-2.057827413E-1,1.080120182E1,1.211771073E1
1.829477037E1,5.704489231E0,-7.178468108E-1,9.810572624E0,1.137118449E1
1.829714589E1,-4.881358147E0,-6.699903309E-2,9.317651749E0,1.051906747E1
1.829952146E1,3.493520975E0,-4.259224236E-1,1.194497108E1,1.245264763E1
1.830189698E1,-1.598405480E0,-8.614161611E-2,7.628318787E0,7.794457516E0
1.830427256E1,-2.096112728E0,-5.072783828E-1,1.192104244E1,1.211454798E1
1.830664808E1,5.024927616E0,-7.896314859E-1,8.537590981E0,9.938001569E0
1.830902365E1,-5.178068161E0,-5.216353536E-1,1.060499001E1,1.181314126E1
1.831139917E1,5.134997368E0,-2.967100143E-1,1.011206818E1,1.134504992E1
1.831377469E1,-5.450850010E0,1.196411327E-1,8.446663857E0,1.005346757E1
1.831615026E1,2.885744095E0,-6.508477330E-1,1.255274773E1,1.289661185E1
1.831852579E1,1.866401732E-1,-3.924229145E-1,7.824530125E0,7.836587393E0
1.832090136E1,-2.895315409E0,-2.632105052E-1,1.172004509E1,1.207524691E1
1.832327688E1,4.656432629E0,-6.029912829E-1,8.178668022E0,9.430618958E0
1.832565245E1,-5.747560024E0,-5.551348329E-1,1.040399265E1,1.189897828E1
1.832802797E1,5.493920803E0,-4.642075896E-1,1.108833981E1,1.238345405E1
1.833040355E1,-4.522434711E0,3.062812984E-1,8.078168869E0,9.262992833E0
1.833277907E1,8.279166222E-1,-1.531406492E-1,1.218425274E1,1.221330884E1
1.833515459E1,9.906286001E-1,-7.178468108E-1,7.685746193E0,7.782502400E0
1.833753016E1,-3.254238844E0,-6.604190469E-1,1.166261768E1,1.212612366E1
1.833990573E1,5.460421085E0,-5.312066078E-1,8.949156761E0,1.049694173E1
1.834228126E1,-6.642475605E0,2.105683982E-1,9.523433685E0,1.161303623E1
1.834465683E1,4.316651821E0,-4.163511395E-1,1.116012478E1,1.197310387E1
1.834703235E1,-3.062813044E0,-1.387837082E-1,8.499305725E0,9.035390554E0
1.834940792E1,2.775674164E-1,-4.115654826E-1,1.213161087E1,1.214176314E1
1.835178344E1,1.995614052E0,-4.211367965E-1,7.546962738E0,7.817702873E0
1.835415902E1,-5.067998409E0,-5.599204898E-1,1.117926693E1,1.228715296E1
1.835653454E1,6.364908218E0,-6.269195080E-1,9.858428955E0,1.175132785E1
1.835891011E1,-5.857629776E0,2.919243574E-1,8.997013092E0,1.073979939E1
1.836128563E1,3.455235958E0,4.785645381E-2,1.159561825E1,1.209955819E1
1.836366115E1,-2.766103029E0,-1.483550072E-1,7.714460373E0,8.196720931E0
1.836603672E1,-6.173482537E-1,-9.332008362E-1,1.210768223E1,1.215927430E1
1.836841224E1,4.163511276E0,-5.790630579E-1,8.403593063E0,9.396303345E0
1.837078782E1,-5.264209747E0,-3.349951655E-2,1.075813103E1,1.197707851E1
1.837316339E1,5.249852657E0,-1.244267747E-1,9.499505997E0,1.085435623E1
1.837553891E1,-5.532206059E0,4.785645287E-3,8.843872070E0,1.043165375E1
1.837791443E1,3.641875982E0,-6.077769399E-1,1.235653591E1,1.289638062E1
1.838029001E1,-6.412764788E-1,-3.397808075E-1,7.724031448E0,7.758050550E0
1.838266552E1,-2.627319336E0,-3.828516304E-1,1.177747345E1,1.207303869E1
1.838504110E1,5.010570526E0,-7.896314859E-1,8.398807526E0,9.811692144E0
1.838741662E1,-5.139782906E0,-1.292124242E-1,1.067677498E1,1.185021469E1
1.838979219E1,5.422136307E0,-3.110669553E-1,1.030827999E1,1.165147893E1
1.839216771E1,-4.991427898E0,1.818545163E-1,8.240880966E0,9.636365634E0
1.839454329E1,1.895115495E0,-7.944171429E-1,1.238525009E1,1.255456017E1
1.839691881E1,1.383051515E0,-6.795616150E-1,8.073383331E0,8.219133403E0
1.839929438E1,-2.900100946E0,-3.589234054E-1,1.180618668E1,1.216246091E1
1.840166990E1,5.115854740E0,-2.823530734E-1,8.484949112E0,9.911914770E0
1.840404547E1,-6.417550564E0,2.871387079E-2,9.786644936E0,1.170317046E1
1.840642099E1,5.355136871E0,-7.896314859E-1,1.135633659E1,1.258043678E1
1.840879657E1,-3.359523058E0,-2.009970993E-1,8.298309326E0,8.954816173E0
1.841117209E1,5.072783828E-1,-4.354937077E-1,1.225125217E1,1.226948108E1
1.841354766E1,1.588834286E0,-6.317051649E-1,7.652246952E0,7.840939307E0
1.841592318E1,-4.039084435E0,-6.460621357E-1,1.170090294E1,1.239527043E1
1.841829876E1,5.828916073E0,-5.168496966E-1,9.561718941E0,1.121025715E1
1.842067428E1,-6.192625046E0,2.201396823E-1,9.073583603E0,1.098758326E1
1.842304985E1,3.440878868E0,-4.929214716E-1,1.144247818E1,1.195880119E1
1.842542537E1,-2.651247501E0,-7.274180651E-1,8.269595146E0,8.714611537E0
1.842780089E1,-1.674975902E-1,-5.455635786E-1,1.261974621E1,1.263264380E1
1.843017646E1,2.723032236E0,-4.259224236E-1,7.762316704E0,8.237103561E0
1.843255204E1,-5.862415314E0,-2.009970993E-1,1.092562866E1,1.240071267E1
1.843492756E1,5.388636589E0,-7.944171429E-1,9.791430473E0,1.120449078E1
1.843730313E1,-5.489135265E0,-1.339980662E-1,9.274580956E0,1.077805239E1
1.843967865E1,3.043670416E0,-4.929214716E-1,1.201196957E1,1.240138355E1
1.844205417E1,-2.096112728E0,-2.249253243E-1,7.680960655E0,7.965013280E0
1.844442974E1,-2.622533560E0,-6.269195080E-1,1.194497108E1,1.224553162E1
1.844680527E1,4.589433670E0,-8.039883971E-1,8.810373306E0,9.966542859E0
1.844918084E1,-5.709274769E0,-3.732803464E-1,1.052363396E1,1.197839840E1
1.845155636E1,4.622933388E0,-2.727817893E-1,1.012642574E1,1.113509862E1
1.845393193E1,-5.795416355E0,2.392822690E-2,8.599804878E0,1.037034557E1
1.845630745E1,2.541177750E0,-7.896314859E-1,1.259103298E1,1.286915746E1
1.845868303E1,-4.785645287E-3,-4.689932466E-1,7.853243828E0,7.867236884E0
1.846105855E1,-3.503092289E0,-3.589234054E-1,1.174397373E1,1.226056282E1
1.846343412E1,4.493721008E0,-6.460621357E-1,8.532805443E0,9.665386361E0
1.846580964E1,-5.910272121E0,-4.929214716E-1,1.028435135E1,1.187190679E1
1.846818521E1,5.106283665E0,-4.307080805E-1,1.114098263E1,1.226299866E1
1.847056073E1,-4.484149456E0,2.153540403E-1,8.145168304E0,9.300416142E0
1.847293631E1,5.264210105E-1,-4.163511395E-1,1.220818138E1,1.222661687E1
1.847531183E1,1.268195987E0,-9.188438654E-1,7.752745152E0,7.909339574E0
1.847768740E1,-3.503092289E0,-6.364908218E-1,1.189711380E1,1.241845775E1
1.848006292E1,5.402993679E0,-4.929214716E-1,8.882157326E0,1.040807528E1
1.848243849E1,-6.628118515E0,1.531406492E-1,9.389435768E0,1.149421207E1
1.848481402E1,4.388436794E0,-5.551348329E-1,1.153819084E1,1.235703848E1
1.848718959E1,-2.713460922E0,-2.584248483E-1,8.441878319E0,8.871018156E0
1.848956511E1,2.679961324E-1,-4.498506486E-1,1.219382381E1,1.220506152E1
1.849194068E1,2.158325911E0,-3.780659735E-1,7.633104324E0,7.941384403E0
1.849431620E1,-4.948357105E0,-5.503492355E-1,1.117448139E1,1.223348506E1
1.849669167E1,6.460621357E0,-7.704889178E-1,9.939785004E0,1.187992455E1
1.849906730E1,-5.608776093E0,1.435693651E-1,9.073583603E0,1.066812546E1
1.850144282E1,3.431307554E0,-1.531406492E-1,1.161954689E1,1.211656690E1
1.850381839E1,-2.474178553E0,-4.737788737E-1,7.886743546E0,8.279296449E0
1.850619391E1,-4.450650215E-1,-7.800601721E-1,1.250010586E1,1.253232713E1
1.850856948E1,4.096512318E0,-5.407779217E-1,8.298309326E0,9.270155964E0
1.851094500E1,-5.326423168E0,-9.092725813E-2,1.075813103E1,1.200485047E1
1.851332058E1,5.288137913E0,-2.967100143E-1,9.848857880E0,1.118268487E1
1.851569610E1,-5.297709465E0,-1.483550072E-1,8.915657043E0,1.037191763E1
1.851807167E1,3.598805189E0,-5.359922647E-1,1.236132145E1,1.288568797E1
1.852044719E1,-1.004985452E0,-3.206382394E-1,7.671389580E0,7.743579452E0
1.852282276E1,-2.742174864E0,-3.876372576E-1,1.178704453E1,1.210802231E1
1.852519829E1,4.823930264E0,-8.518448472E-1,8.528019905E0,9.834788576E0
1.852757386E1,-5.182853699E0,-1.866401732E-1,1.071984577E1,1.190848019E1
1.852994938E1,5.197210789E0,-3.062812984E-1,1.022692394E1,1.147583468E1
1.853232490E1,-5.474778175E0,2.440679073E-1,8.269595146E0,9.920633503E0
1.853470047E1,1.765903115E0,-7.322037220E-1,1.237089348E1,1.251772909E1
1.853707605E1,7.992027402E-1,-7.274180651E-1,8.130811691E0,8.202314358E0
1.853945157E1,-3.163311481E0,-3.397808075E-1,1.168654537E1,1.211186746E1
1.854182714E1,4.599005222E0,-2.632105052E-1,8.398807526E0,9.579149057E0
1.854420266E1,-6.733402729E0,-4.307080805E-2,9.844072342E0,1.192670649E1
1.854657823E1,5.139782906E0,-6.173482537E-1,1.132762241E1,1.245445771E1
1.854895376E1,-3.981656790E0,4.307080805E-2,8.236095428E0,9.148153573E0
1.855132933E1,2.344966233E-1,-2.440679073E-1,1.215075302E1,1.215546613E1
1.855370485E1,9.762716293E-1,-5.312066078E-1,7.594819069E0,7.675712569E0
1.855608042E1,-4.158725739E0,-5.599204898E-1,1.167218876E1,1.240356808E1
1.855845594E1,5.546562672E0,-4.019941986E-1,9.365508080E0,1.089213929E1
1.856083152E1,-6.498906136E0,3.349951804E-1,9.030512810E0,1.113095523E1
1.856320704E1,3.474378586E0,-2.536391914E-1,1.130369377E1,1.182831908E1
1.856558256E1,-3.110669374E0,-4.977070987E-1,8.059026718E0,8.652854324E0
1.856795813E1,1.962114573E-1,-3.445664644E-1,1.259103298E1,1.259727496E1
1.857033365E1,2.282752752E0,-2.249253243E-1,7.489534855E0,7.832923073E0
1.857270922E1,-5.580062389E0,2.392822690E-2,1.087298584E1,1.222127202E1
1.857508474E1,5.632704735E0,-6.221339107E-1,9.585647583E0,1.113548620E1
1.857746032E1,-5.450850010E0,1.435693651E-1,9.097511292E0,1.060646452E1
1.857983584E1,3.541377544E0,-2.488535494E-1,1.165783215E1,1.218639952E1
1.858221141E1,-2.378465652E0,2.871387079E-2,7.637889862E0,7.999705300E0
1.858458693E1,-1.660618901E0,-4.498506486E-1,1.186361504E1,1.198771798E1
1.858696251E1,4.560719967E0,-6.364908218E-1,8.547162056E0,9.708721151E0
1.858933802E1,-5.082355499E0,-1.004985496E-1,1.052841949E1,1.169136666E1
1.859171360E1,5.134997368E0,-3.828516230E-2,9.753145218E0,1.102240924E1
1.859408912E1,-5.680561066E0,1.866401732E-1,8.451449394E0,1.018482231E1
1.859646469E1,3.517449379E0,-5.551348329E-1,1.249532032E1,1.299283090E1
1.859883990E1,-1.244267747E-1,-2.297109663E-1,7.594819069E0,7.599310879E0
1.860121579E1,-2.555534601E0,4.785645287E-3,1.174875927E1,1.202348221E1
1.860359131E1,4.661218643E0,-3.876372576E-1,7.948956966E0,9.222968000E0
1.860596688E1,-5.479563713E0,-4.163511395E-1,1.033699417E1,1.170693877E1
1.860834240E1,5.910272121E0,-3.972085714E-1,1.097348499E1,1.247022310E1
1.861071797E1,-4.421936035E0,5.024927258E-1,7.948956966E0,9.109990894E0
1.861309349E1,1.402194023E0,-1.052841991E-1,1.207896900E1,1.216053967E1
1.861546907E1,1.057627559E0,-6.652047038E-1,7.714460373E0,7.814983826E0
1.861784459E1,-2.799602509E0,-3.589234054E-1,1.168175983E1,1.201790801E1
1.862022016E1,5.661418438E0,-4.642075896E-1,8.709874153E0,1.039851216E1
1.862259568E1,-6.412764549E0,2.632105052E-1,9.446864128E0,1.142086121E1
1.862497126E1,4.900500774E0,-4.498506486E-1,1.128933716E1,1.231529159E1
1.862734672E1,-2.809173822E0,-3.349951655E-2,8.389236450E0,8.847138973E0
1.862972235E1,5.168496966E-1,-3.349951804E-1,1.200718403E1,1.202297067E1
1.863209787E1,2.110469580E0,-3.493520916E-1,7.508677483E0,7.807455813E0
1.863447344E1,-4.847858906E0,-4.546363056E-1,1.121755219E1,1.222873285E1
1.863684896E1,6.537191391E0,-6.317051649E-1,9.738788605E0,1.174640056E1
1.863922448E1,-5.771488190E0,3.445664644E-1,9.035298347E0,1.072685500E1
1.864160006E1,3.469592810E0,9.571290575E-3,1.152861977E1,1.203940362E1
1.864397558E1,-2.560320139E0,-2.775674164E-1,7.637889862E0,8.060374956E0
1.864635115E1,-5.790630579E-1,-7.369893789E-1,1.229432297E1,1.232999775E1
1.864872667E1,4.029513359E0,-4.689932466E-1,8.221738815E0,9.168092589E0
1.865110224E1,-5.460421085E0,5.264209956E-2,1.069591713E1,1.200923032E1
1.865347776E1,5.144568920E0,-1.339980662E-1,9.576076508E0,1.087132863E1
1.865585329E1,-5.513063431E0,-3.828516230E-2,8.796015739E0,1.038100318E1
1.865822886E1,3.431307554E0,-5.024927258E-1,1.227517986E1,1.275564233E1
1.866060443E1,-9.667003751E-1,-1.866401732E-1,7.575676441E0,7.639385951E0
1.866297995E1,-3.120240688E0,-2.967100143E-1,1.156211948E1,1.197942176E1
1.866535553E1,4.938786030E0,-7.704889178E-1,8.662017822E0,1.000079064E1
1.866773105E1,-5.584847927E0,4.307080805E-2,1.049013424E1,1.188424578E1
1.867010657E1,4.986642361E0,-2.249253243E-1,1.038963604E1,1.152656629E1
1.867248214E1,-5.379065514E0,3.589234054E-1,8.044670105E0,9.684001699E0
1.867485771E1,1.325623751E0,-6.508477330E-1,1.232303619E1,1.241120873E1
1.867723323E1,1.330409408E0,-6.699903607E-1,8.164310455E0,8.299086786E0
1.867960881E1,-3.728017569E0,-2.249253243E-1,1.153340530E1,1.212304187E1
1.868198433E1,4.914857864E0,-2.009970993E-1,8.638090134E0,9.940464215E0
1.868435990E1,-6.920042992E0,9.092725813E-2,9.456435204E0,1.171833732E1
1.868673542E1,4.871787071E0,-6.508477330E-1,1.171047401E1,1.270012259E1
1.868911099E1,-3.182454109E0,-1.483550072E-1,8.097311974E0,8.701521968E0
1.869148652E1,-3.254238665E-1,-2.392822653E-1,1.209811115E1,1.210485234E1
1.869386209E1,1.928615093E0,-5.694918036E-1,7.714460373E0,7.972250368E0
1.869623761E1,-4.584648132E0,-4.881358147E-1,1.137069321E1,1.226987934E1
1.869861313E1,5.785845280E0,-4.546363056E-1,9.772287369E0,1.136575119E1
1.870098870E1,-6.130411625E0,2.919243574E-1,8.695517540E0,1.064326979E1
1.870336428E1,3.134597778E0,-3.445664644E-1,1.181575775E1,1.222933197E1
1.870573980E1,-1.919043779E0,-6.699903607E-1,8.140382767E0,8.390318689E0
1.870811537E1,-6.508477330E-1,-5.024927258E-1,1.242832088E1,1.245549123E1
1.871049089E1,3.527020693E0,-3.876372576E-1,7.896314621E0,8.656900265E0
1.871286641E1,-6.063412666E0,-7.657032460E-2,1.073420238E1,1.232858212E1
1.871524198E1,5.656632900E0,-7.944171429E-1,1.015992451E1,1.165558494E1
1.871761750E1,-4.814359188E0,2.871387079E-2,9.020941734E0,1.022527597E1
1.871999308E1,2.828316450E0,-4.737788737E-1,1.219382381E1,1.252649910E1
1.872236860E1,-1.081555843E0,-2.871387303E-1,7.561319351E0,7.643674641E0
1.872474417E1,-2.737389088E0,-6.412764788E-1,1.189232826E1,1.222014755E1
1.872711969E1,5.446064472E0,-8.183453679E-1,8.944371223E0,1.050386043E1
1.872949526E1,-5.580062389E0,-2.153540403E-1,1.028913784E1,1.170682840E1
1.873187079E1,4.771288395E0,-2.344966233E-1,1.050449181E1,1.153969366E1
1.873424636E1,-4.900500774E0,-1.244267747E-1,8.293522835E0,9.633945758E0
1.873662188E1,2.306680918E0,-7.561319470E-1,1.277767277E1,1.300620751E1
1.873899745E1,1.105484009E0,-5.024927258E-1,7.714460373E0,7.809448936E0
1.874137292E1,-3.809373617E0,-2.392822653E-1,1.154776192E1,1.216221150E1
1.874374855E1,5.273781300E0,-6.508477330E-1,8.824729919E0,1.030107908E1
1.874612407E1,-5.814558983E0,-2.919243574E-1,9.997213364E0,1.156886300E1
1.874849964E1,5.000999451E0,-5.120640397E-1,1.149033451E1,1.254192937E1
1.875087516E1,-3.584448338E0,1.339980662E-1,7.953742504E0,8.725150153E0
1.875325073E1,-1.387837082E-1,-4.259224236E-1,1.230867958E1,1.231682848E1
1.875562626E1,2.531606436E0,-1.028913736E0,8.015955925E0,8.468957670E0
1.875800183E1,-3.938585997E0,-3.206382394E-1,1.164826107E1,1.230029489E1
1.876037735E1,5.575276852E0,-3.445664644E-1,9.260223389E0,1.081453537E1
1.876275292E1,-6.647261143E0,2.775674164E-1,8.915657043E0,1.112439054E1
1.876512844E1,3.842873096E0,-6.843472719E-1,1.205982590E1,1.267578027E1
1.876750402E1,-1.627119422E0,-4.354937077E-1,8.279166222E0,8.448773030E0
1.876987954E1,-8.757730722E-1,-4.450650215E-1,1.205025482E1,1.209023170E1
1.877225511E1,3.120240688E0,-4.067798555E-1,7.733603001E0,8.349250695E0
1.877463063E1,-5.666203976E0,-4.450650215E-1,1.077727318E1,1.218415231E1
1.877700620E1,6.226124287E0,-7.561319470E-1,1.049013424E1,1.222208147E1
1.877938172E1,-5.355136871E0,2.201396823E-1,8.657232285E0,1.018202451E1
1.878175724E1,2.526820660E0,-1.866401732E-1,1.195932770E1,1.222477714E1
1.878413282E1,-1.450050473E0,-6.269195080E-1,7.590033531E0,7.752695238E0
1.878650834E1,-1.694118381E0,-6.987041831E-1,1.228475189E1,1.242068250E1
1.878888391E1,4.776073933E0,-6.077769399E-1,8.451449394E0,9.726626953E0
1.879125948E1,-6.068198204E0,9.571290575E-3,1.010249710E1,1.178488730E1
1.879363501E1,4.699503899E0,-3.780659735E-1,1.052841949E1,1.153585228E1
1.879601052E1,-4.575077057E0,-3.349951804E-1,8.537590981E0,9.691956025E0
1.879838610E1,2.354537487E0,-5.694918036E-1,1.256710434E1,1.279844831E1
1.880076162E1,1.196411327E-1,-3.780659735E-1,7.546962738E0,7.557373515E0
1.880313719E1,-4.043870449E0,-2.919243574E-1,1.160519028E1,1.229302849E1
1.880551271E1,5.484349728E0,-9.284151793E-1,8.858229637E0,1.045984125E1
1.880788829E1,-5.785845280E0,-2.392822653E-1,1.006899738E1,1.161541949E1
1.881026381E1,4.618147850E0,-4.785645306E-1,1.114098263E1,1.206970619E1
1.881263938E1,-4.297509670E0,-1.196411327E-1,7.992027760E0,9.074988214E0
1.881501490E1,4.307080805E-1,-6.891329288E-1,1.250489140E1,1.253126979E1
1.881739047E1,2.311466694E0,-7.130611539E-1,8.154739380E0,8.505945499E0
1.881976599E1,-4.206582069E0,-4.402793646E-1,1.117926693E1,1.195262263E1
1.882214157E1,5.111069202E0,-4.354937077E-1,9.169296265E0,1.050660160E1
1.882451709E1,-6.441478729E0,-2.584248483E-1,9.183652878E0,1.122046843E1
1.882689266E1,4.709074974E0,-7.609176040E-1,1.212203979E1,1.302682738E1
1.882926818E1,-2.651247501E0,-1.770688742E-1,8.025527000E0,8.453966544E0
1.883164376E1,-9.523434043E-1,-2.009970993E-1,1.213639641E1,1.217536347E1
1.883401928E1,2.847458839E0,-5.886343718E-1,7.752745152E0,8.280070631E0
1.883639485E1,-4.910071850E0,-6.221339107E-1,1.105962658E1,1.211656702E1
1.883877037E1,5.905486107E0,-6.699903607E-1,1.010728264E1,1.172522134E1
1.884114594E1,-5.833701611E0,1.531406492E-1,8.690732002E0,1.046825436E1
1.884352146E1,2.828316450E0,-3.493520916E-1,1.217468166E1,1.250377121E1
1.884589704E1,-1.076770186E0,-6.460621357E-1,7.881958008E0,7.981359054E0
1.884827256E1,-1.584048629E0,-3.684946895E-1,1.219382381E1,1.230180221E1
1.885064813E1,4.345366001E0,-3.924229145E-1,8.126026154E0,9.223258777E0
1.885302365E1,-6.245266914E0,-2.201396823E-1,1.013121128E1,1.190349790E1
1.885539922E1,5.479563713E0,-6.939185858E-1,1.075813103E1,1.209316024E1
1.885777474E1,-4.417150497E0,2.727817893E-1,8.681160927E0,9.744135850E0
1.886015032E1,2.110469580E0,-2.823530734E-1,1.210768223E1,1.229348502E1
1.886252584E1,-2.009970993E-1,-2.823530734E-1,7.317251682E0,7.325455295E0
1.886490136E1,-3.483949661E0,-6.843472719E-1,1.172004509E1,1.224604807E1
1.886727693E1,5.996413708E0,-7.609176040E-1,9.260223389E0,1.105837737E1
1.886965250E1,-5.828916073E0,2.201396823E-1,9.781859398E0,1.138900774E1
1.887202803E1,4.378865242E0,9.571290761E-2,1.074855900E1,1.160668524E1
1.887440355E1,-4.321437836E0,-2.871387079E-2,8.015955925E0,9.106656842E0
1.887677912E1,1.272981644E0,-6.604190469E-1,1.259103298E1,1.267244046E1
1.887915464E1,2.225325108E0,-5.790630579E-1,7.704888821E0,8.040690120E0
1.888153021E1,-4.646861553E0,-1.004985496E-1,1.119841003E1,1.212467771E1
1.888390573E1,5.345565796E0,-4.354937077E-1,9.241081238E0,1.068467645E1
1.888628131E1,-5.843272686E0,1.627119333E-1,9.312865257E0,1.099544315E1
1.888865683E1,4.311866283E0,-3.254238665E-1,1.173440266E1,1.250577056E1
1.889103240E1,-2.617748022E0,-5.742774159E-2,7.704888821E0,8.137641820E0
1.889340792E1,-1.272981644E0,-4.402793646E-1,1.204546928E1,1.212054695E1
1.889578349E1,3.723232031E0,-8.374879360E-1,8.240880966E0,9.081627712E0
1.889815902E1,-4.646861553E0,-1.483550072E-1,1.113141060E1,1.206331768E1
1.890053459E1,5.417350292E0,-1.244267747E-1,9.604789734E0,1.102792601E1
1.890291011E1,-6.221338749E0,5.407779217E-1,8.417949677E0,1.048138222E1
1.890528568E1,3.187239647E0,-5.216353536E-1,1.221775246E1,1.263740777E1
1.890766120E1,-5.024927258E-1,-6.173482537E-1,7.853243828E0,7.893481895E0
1.891003678E1,-2.005185366E0,-4.642075896E-1,1.173918819E1,1.191825476E1
1.891241230E1,4.302295208E0,-5.024927258E-1,8.245666504E0,9.314142961E0
1.891478787E1,-6.077769279E0,-2.871387079E-2,1.020778179E1,1.188018994E1
1.891716339E1,5.848058701E0,-4.498506486E-1,1.091127110E1,1.238781632E1
1.891953896E1,-4.632504463E0,2.153540403E-1,8.106883049E0,9.339594624E0
1.892191448E1,1.612762451E0,-2.823530734E-1,1.217946720E1,1.228902548E1
1.892429006E1,3.637090325E-1,-8.901300430E-1,7.609176159E0,7.669692143E0
1.892666558E1,-2.761317253E0,-4.498506486E-1,1.188754272E1,1.221232618E1
1.892904115E1,5.551348686E0,-4.211367965E-1,8.973084450E0,1.055988035E1
1.893141667E1,-6.340980053E0,3.876372576E-1,9.365508080E0,1.131684728E1
1.893379224E1,4.374079704E0,-2.679961324E-1,1.124626637E1,1.206991725E1
1.893616776E1,-3.402593851E0,-5.551348329E-1,8.054241180E0,8.761085583E0
1.893854334E1,1.162911773E0,-4.833501875E-1,1.259103298E1,1.265385723E1
1.894091886E1,1.832902193E0,-3.589234054E-1,7.590033531E0,7.816454789E0
1.894329443E1,-5.010570526E0,-1.148554832E-1,1.094477081E1,1.203773305E1
1.894566995E1,5.915057659E0,-8.566305041E-1,9.710074425E0,1.140207298E1
1.894804552E1,-5.556134224E0,1.674975902E-1,9.207581520E0,1.075538193E1
1.895042105E1,3.876372576E0,-2.440679073E-1,1.157169056E1,1.220614009E1
1.895279652E1,-2.976671457E0,-1.866401732E-1,7.618747234E0,8.181730681E0
1.895517214E1,-1.095912814E0,-5.647061467E-1,1.220818138E1,1.227027345E1
1.895754771E1,3.948157310E0,-6.939185858E-1,8.427521706E0,9.332341145E0
1.895992323E1,-5.168497086E0,-1.531406492E-1,1.073420238E1,1.191469324E1
1.896229876E1,5.020142078E0,-1.914258152E-1,9.786644936E0,1.100076767E1
1.896467433E1,-6.116054535E0,-2.392822690E-2,8.556734085E0,1.051781317E1
1.896704985E1,3.512663603E0,-6.221339107E-1,1.271545982E1,1.320639143E1
1.896942542E1,-1.105484009E0,-2.823530734E-1,7.618747234E0,7.703708689E0
1.897180094E1,-2.612962246E0,-1.244267747E-1,1.193061352E1,1.221403261E1
1.897417652E1,4.053441525E0,-6.173482537E-1,8.044670105E0,9.029298099E0
1.897655204E1,-5.565705299E0,-5.503492355E-1,1.060020447E1,1.198516977E1
1.897892761E1,5.364708424E0,-5.934200287E-1,1.058584690E1,1.188244076E1
1.898130313E1,-5.245067120E0,4.498506486E-1,8.427521706E0,9.936609925E0
1.898367870E1,1.497906923E0,-3.110669553E-1,1.219861031E1,1.229416858E1
1.898605422E1,7.178468257E-2,-8.374879360E-1,7.795815945E0,7.841000276E0
1.898842980E1,-2.679961443E0,-4.642075896E-1,1.185882950E1,1.216673823E1
1.899080532E1,4.809573650E0,-5.407779217E-1,8.623732567E0,9.889044587E0
1.899318089E1,-6.652047157E0,-2.392822690E-2,9.738788605E0,1.179382497E1
1.899555641E1,4.900500774E0,-7.082754970E-1,1.124626637E1,1.228800509E1
1.899793198E1,-3.799802303E0,1.435693540E-2,8.394021988E0,9.214027827E0
1.900030751E1,1.014556766E0,-4.211367965E-1,1.234217930E1,1.239096733E1
1.900268308E1,7.369893789E-1,-6.556333899E-1,7.446464062E0,7.511513530E0
1.900505860E1,-4.058227062E0,-6.364908218E-1,1.161476135E1,1.231978120E1
1.900743417E1,5.967699528E0,-7.513462901E-1,9.590433121E0,1.132052854E1
1.900980969E1,-5.924628735E0,1.292124242E-1,9.432506561E0,1.113957367E1
1.901218527E1,3.943371773E0,-9.571290761E-2,1.131805134E1,1.198572601E1
1.901456079E1,-3.689732552E0,-4.067798555E-1,8.001599312E0,8.820724897E0
1.901693636E1,8.374879360E-1,-7.657032609E-1,1.262931824E1,1.268019584E1
1.901931188E1,2.550748825E0,-6.460621357E-1,7.915457249E0,8.341353566E0
1.902168745E1,-4.809573650E0,-2.153540403E-1,1.116491032E1,1.215868407E1
1.902406297E1,5.345565796E0,-5.694918036E-1,9.456435204E0,1.087766341E1
1.902643855E1,-5.608776093E0,-9.571290761E-2,9.365508080E0,1.091697173E1
1.902881407E1,4.149154663E0,-5.359922647E-1,1.187318611E1,1.258869813E1
1.903118964E1,-2.598605394E0,-2.009970993E-1,7.800601959E0,8.224508542E0
1.903356516E1,-1.167697430E0,-6.221339107E-1,1.225603771E1,1.232724739E1
1.903594073E1,3.641875982E0,-1.057627559E0,8.240880966E0,9.071601613E0
1.903831626E1,-4.484149456E0,-3.254238665E-1,1.123669529E1,1.210276076E1
1.904069183E1,5.264209747E0,-2.727817893E-1,9.671789169E0,1.101498161E1
1.904306735E1,-6.288337708E0,3.397808075E-1,8.652446747E0,1.070156422E1
1.904544292E1,3.479164124E0,-6.987041831E-1,1.220339584E1,1.270888039E1
1.904781844E1,-1.024128079E0,-7.130611539E-1,8.054241180E0,8.150343276E0
1.905019396E1,-1.550549030E0,-5.120640397E-1,1.213161087E1,1.224101279E1
1.905256954E1,3.675375462E0,-5.024927258E-1,7.886743546E0,8.715595647E0
1.905494511E1,-5.757131100E0,-3.158525825E-1,1.075813103E1,1.220580618E1
1.905732063E1,5.938985825E0,-5.551348329E-1,1.051406288E1,1.208822756E1
1.905969620E1,-5.249852657E0,2.153540403E-1,8.427521706E0,9.931286542E0
1.906207172E1,2.115255117E0,-2.967100143E-1,1.220339584E1,1.238891485E1
1.906444724E1,-9.188438654E-1,-8.757730722E-1,7.613961697E0,7.719045617E0
1.906682282E1,-1.842473388E0,-5.455635786E-1,1.235653591E1,1.250505208E1
1.906919839E1,4.570291042E0,-4.259224236E-1,8.398807526E0,9.571255820E0
1.907157391E1,-6.159125328E0,1.722832322E-1,1.009771156E1,1.182912867E1
1.907394948E1,4.728217602E0,-3.589234054E-1,1.051884842E1,1.153824249E1
1.907632500E1,-4.646861553E0,-4.546363056E-1,8.331808090E0,9.550866061E0
1.907870053E1,2.306680918E0,-5.216353536E-1,1.266760349E1,1.288646804E1
1.908107610E1,-7.178468257E-2,-2.440679073E-1,7.575676441E0,7.579946947E0
1.908345162E1,-3.742374659E0,-1.674975902E-1,1.160040379E1,1.219027446E1
1.908582719E1,5.283352375E0,-7.944171429E-1,8.776873589E0,1.027513605E1
1.908820271E1,-5.675775528E0,-2.105683982E-1,9.982855797E0,1.148547678E1
1.909057829E1,4.819144726E0,-4.163511395E-1,1.102612686E1,1.204047249E1
1.909295381E1,-4.637290478E0,-4.307080805E-2,7.968099594E0,9.219377919E0
1.909532938E1,1.067198873E0,-6.460621357E-1,1.260060406E1,1.266220882E1
1.909770490E1,1.713261008E0,-5.312066078E-1,8.188239098E0,8.382404384E0
1.910008047E1,-3.718446493E0,-3.349951804E-1,1.127019501E1,1.187250444E1
1.910245599E1,5.058426857E0,-3.541377485E-1,8.796015739E0,1.015297930E1
1.910483157E1,-6.393621922E0,-3.014956415E-1,9.422935486E0,1.139126920E1
1.910720709E1,5.120640278E0,-7.130611539E-1,1.183490086E1,1.291488642E1
1.910958266E1,-3.148954630E0,9.571290575E-3,8.092526436E0,8.683604723E0
1.911195818E1,-1.962114573E-1,-1.483550072E-1,1.217946720E1,1.218195097E1
1.911433376E1,1.928615093E0,-7.800601721E-1,7.518248558E0,7.800776335E0
1.911670922E1,-3.952943087E0,-6.125625968E-1,1.168175983E1,1.234765179E1
1.911908485E1,5.982056618E0,-6.077769399E-1,9.461220741E0,1.121022266E1
1.912146037E1,-6.116054535E0,2.919243574E-1,8.901300430E0,1.080391097E1
1.912383594E1,3.617947817E0,-3.206382394E-1,1.172004509E1,1.226995567E1
1.912621146E1,-2.292324066E0,-5.168496966E-1,8.049455643E0,8.385440917E0
1.912858704E1,3.349951655E-2,-4.785645306E-1,1.232782269E1,1.233715358E1
1.913096256E1,2.852244616E0,-4.115654826E-1,7.752745152E0,8.271018249E0
1.913333813E1,-5.374279499E0,-2.057827413E-1,1.087777138E1,1.213470794E1
1.913571365E1,5.919843197E0,-7.609176040E-1,9.934999466E0,1.158998505E1
1.913808922E1,-5.192425251E0,2.679961324E-1,9.188439369E0,1.055748644E1
1.914046474E1,3.407379389E0,-1.770688742E-1,1.163868904E1,1.212850651E1
1.914284032E1,-2.392822742E0,-9.571290761E-2,7.556533813E0,7.926913959E0
1.914521584E1,-1.296909928E0,-5.934200287E-1,1.219382381E1,1.227694840E1
1.914759141E1,4.335794449E0,-7.465606928E-1,8.422736168E0,9.502576015E0
1.914996693E1,-4.996213913E0,-1.244267747E-1,1.071984577E1,1.182762566E1
1.915234250E1,4.962714195E0,-1.004985496E-1,9.700503349E0,1.089671498E1
1.915471802E1,-5.905486107E0,1.914258152E-1,8.571090698E0,1.041033168E1
1.915709360E1,3.694518089E0,-5.886343718E-1,1.242832088E1,1.297918003E1
1.915946912E1,-9.188438654E-1,-2.249253243E-1,7.724031448E0,7.781743202E0
1.916184469E1,-2.306680918E0,-9.092725813E-2,1.179183006E1,1.201566897E1
1.916422021E1,4.029513359E0,-7.178468108E-1,7.982456207E0,8.970612524E0
1.916659579E1,-5.139782906E0,-2.632105052E-1,1.096391296E1,1.211173132E1
1.916897131E1,5.560919762E0,-3.349951804E-1,1.019342422E1,1.161645160E1
1.917134688E1,-5.422136307E0,5.407779217E-1,8.269595146E0,9.903444187E0
1.917372240E1,2.072184324E0,-2.727817893E-1,1.216032505E1,1.233863295E1
1.917609792E1,-1.196411327E-1,-9.762716293E-1,7.714460373E0,7.776909357E0
1.917847349E1,-1.794616938E0,-3.972085714E-1,1.209332561E1,1.223220949E1
1.918084907E1,4.450650215E0,-3.014956415E-1,8.288737297E0,9.412882286E0
1.918322459E1,-6.235695839E0,1.866401732E-1,1.009771156E1,1.186939409E1
1.918560011E1,5.412564754E0,-5.599204898E-1,1.063848972E1,1.194934441E1
1.918797568E1,-4.220939159E0,1.914258115E-2,8.441878319E0,9.438326302E0
1.919035120E1,2.096112728E0,-4.689932466E-1,1.233260822E1,1.251826141E1
1.919272678E1,-4.785645287E-3,-4.737788737E-1,7.422535896E0,7.437642668E0
1.919510230E1,-3.158525944E0,-5.024927258E-1,1.189711380E1,1.231950088E1
1.919747787E1,5.613562107E0,-5.551348329E-1,8.886942863E0,1.052606326E1
1.919985344E1,-5.608776093E0,-3.349951655E-2,9.915857315E0,1.139226570E1
1.920222896E1,4.546362877E0,-1.627119333E-1,1.065763187E1,1.158796823E1
1.920460454E1,-4.551148891E0,-3.206382394E-1,8.049455643E0,9.252540260E0
1.920698006E1,2.048256159E0,-7.226324677E-1,1.285902882E1,1.304117223E1
1.920935558E1,1.119840980E0,-4.354937077E-1,7.704888821E0,7.798013230E0
1.921173115E1,-3.895515203E0,-1.052841991E-1,1.142812061E1,1.207427282E1
1.921410667E1,5.020142078E0,-4.689932466E-1,8.676374435E0,1.003500147E1
1.921648224E1,-5.819344521E0,-2.440679073E-1,9.877572060E0,1.146694247E1
1.921885777E1,4.981856823E0,-6.173482537E-1,1.126062298E1,1.232889477E1
1.922123334E1,-3.919443607E0,9.571290761E-2,8.030312538E0,8.936281028E0
1.922360886E1,2.105683982E-1,-4.307080805E-1,1.236132145E1,1.237061504E1
1.922598443E1,1.933400750E0,-7.992027402E-1,7.810173035E0,8.085515835E0
1.922835995E1,-3.732803345E0,-3.637090325E-1,1.167697430E1,1.226449484E1
1.923073552E1,5.235496044E0,-4.019941986E-1,8.949156761E0,1.037590598E1
1.923311105E1,-6.575476646E0,9.092725813E-2,9.193224907E0,1.130312103E1
1.923548662E1,4.378865242E0,-7.226324677E-1,1.171047401E1,1.252325278E1
1.923786214E1,-2.627319336E0,-1.148554832E-1,8.456234932E0,8.855727407E0
1.924023766E1,-4.785645381E-2,-3.637090325E-1,1.205025482E1,1.205583741E1
1.924261323E1,1.899901152E0,-4.354937077E-1,7.590033531E0,7.836318534E0
1.924498881E1,-4.938786030E0,-5.647061467E-1,1.124626637E1,1.229589393E1
1.924736433E1,6.250052929E0,-7.992027402E-1,9.786644936E0,1.163960075E1
1.924973990E1,-5.766702652E0,1.866401732E-1,9.154939651E0,1.082139612E1
1.925211542E1,3.354737282E0,-3.828516230E-2,1.148076344E1,1.196092208E1
1.925449099E1,-2.947957516E0,-3.589234054E-1,7.829315662E0,8.373617096E0
1.925686652E1,-1.722832322E-1,-6.987041831E-1,1.258624744E1,1.260680347E1
1.925924209E1,3.316452265E0,-6.077769399E-1,7.987242222E0,8.669733949E0
1.926161761E1,-5.178068161E0,-1.435693651E-1,1.089691448E1,1.206547750E1
1.926399318E1,5.144568920E0,-4.259224236E-1,9.556933403E0,1.086199684E1
1.926636870E1,-5.594419479E0,1.914258115E-2,9.198010445E0,1.076574623E1
1.926874428E1,3.809373617E0,-4.785645306E-1,1.191147137E1,1.251493114E1
1.927111980E1,-2.100898266E0,-1.627119333E-1,7.848458290E0,8.126410415E0
1.927349537E1,-1.866401672E0,-4.785645306E-1,1.207896900E1,1.223167901E1
1.927587089E1,3.957728624E0,-8.949156404E-1,8.188239098E0,9.138476316E0
1.927824646E1,-4.819144726E0,-2.009970993E-1,1.119362450E1,1.218859242E1
1.928062198E1,5.154139996E0,-1.674975902E-1,9.724431038E0,1.100716919E1
1.928299756E1,-6.202196121E0,3.541377485E-1,8.494520187E0,1.052375995E1
1.928537308E1,3.043670416E0,-7.800601721E-1,1.227996540E1,1.267556601E1
1.928774865E1,-8.470591903E-1,-4.067798555E-1,8.207381248E0,8.260997886E0
1.929012417E1,-1.727617979E0,-4.163511395E-1,1.184925747E1,1.198177427E1
1.929249974E1,3.364308596E0,-3.780659735E-1,7.872386456E0,8.569479256E0
1.929487526E1,-5.891129494E0,-3.493520916E-1,1.078205872E1,1.229147037E1
1.929725084E1,5.886343479E0,-6.987041831E-1,1.047099209E1,1.203241050E1
1.929962636E1,-5.359922886E0,2.249253243E-1,8.556734085E0,1.009935953E1
1.930200193E1,2.067398787E0,-2.201396823E-1,1.203589821E1,1.221414937E1
1.930437745E1,-1.330409408E0,-6.556333899E-1,7.642675400E0,7.785263746E0
1.930675303E1,-1.741974831E0,-7.274180651E-1,1.230389404E1,1.244786817E1
1.930912855E1,4.378865242E0,-4.498506486E-1,8.384450912E0,9.469733023E0
1.931150412E1,-5.948556900E0,4.785645287E-3,1.027478027E1,1.187250865E1
1.931387964E1,4.771288395E0,-3.493520916E-1,1.019820976E1,1.126457821E1
1.931625521E1,-5.010570526E0,-1.770688742E-1,8.709874153E0,1.004982976E1
1.931863073E1,2.813959360E0,-5.982056856E-1,1.237567902E1,1.270565419E1
1.932100626E1,-6.460621357E-1,-2.775674164E-1,7.824530125E0,7.856062094E0
1.932338183E1,-3.134597778E0,-3.972085714E-1,1.171525955E1,1.213386930E1
1.932575740E1,4.862215519E0,-8.805587292E-1,8.571090698E0,9.893438188E0
1.932813292E1,-5.197210789E0,-1.770688742E-1,1.063848972E1,1.184144488E1
1.933050844E1,5.024927616E0,-1.962114573E-1,1.025085258E1,1.141789714E1
1.933288402E1,-5.359922886E0,2.297109663E-1,8.149953842E0,9.757217231E0
1.933525959E1,2.105684042E0,-8.374879360E-1,1.252881908E1,1.273210898E1
1.933763511E1,6.173482537E-1,-4.881358147E-1,8.173882484E0,8.211683768E0
1.934001068E1,-2.517249346E0,-3.637090325E-1,1.157169056E1,1.184790492E1
1.934238620E1,4.259224415E0,-2.584248483E-1,8.207381248E0,9.250345019E0
1.934476172E1,-6.044270039E0,-2.775674164E-1,1.030349445E1,1.194873390E1
1.934713730E1,5.886343479E0,-7.034898400E-1,1.089691448E1,1.240510712E1
1.934951282E1,-4.412364960E0,1.722832322E-1,8.360522270E0,9.454997551E0
1.935188839E1,1.488335729E0,-1.483550072E-1,1.218425274E1,1.227571453E1
1.935426391E1,-7.178468257E-2,-6.508477330E-1,7.484749317E0,7.513336686E0
1.935663948E1,-2.392822742E0,-7.082754970E-1,1.220339584E1,1.245592730E1
1.935901500E1,5.221138954E0,-4.498506486E-1,8.671588898E0,1.013208328E1
1.936139058E1,-5.958128452E0,1.004985496E-1,9.839286804E0,1.150308478E1
1.936376610E1,4.575077057E0,-3.637090325E-1,1.064327526E1,1.159063944E1
1.936614167E1,-4.220939159E0,-1.579262912E-1,8.532805443E0,9.521031290E0
1.936851724E1,2.191825628E0,-4.689932466E-1,1.246182060E1,1.266179399E1
1.937089276E1,3.972085714E-1,-2.297109663E-1,7.604390144E0,7.618221003E0
1.937326829E1,-3.847658873E0,-2.440679073E-1,1.161476135E1,1.223792177E1
1.937564386E1,5.379065514E0,-8.709874153E-1,8.695517540E0,1.026182197E1
1.937801938E1,-5.498706341E0,-1.052841991E-1,1.032263660E1,1.169631064E1
1.938039495E1,4.756931305E0,-2.392822653E-1,1.075334454E1,1.176095532E1
1.938277047E1,-4.780859470E0,2.632105052E-1,8.059026718E0,9.374103087E0
1.938514605E1,1.110269666E0,-6.939185858E-1,1.233260822E1,1.240191305E1
1.938752157E1,1.627119422E0,-6.556333899E-1,8.331808090E0,8.514481711E0
1.938989714E1,-3.407379389E0,-4.259224236E-1,1.140897846E1,1.191454715E1
1.939227266E1,4.670789719E0,-3.254238665E-1,8.604590416E0,9.795976394E0
1.939464823E1,-6.455835342E0,-1.100698411E-1,9.777072906E0,1.171670090E1
1.939702376E1,5.173282623E0,-6.843472719E-1,1.147119141E1,1.260235758E1
1.939939933E1,-3.708875179E0,1.052841991E-1,8.264809608E0,9.059465642E0
1.940177485E1,4.211367965E-1,-2.344966233E-1,1.220818138E1,1.221769362E1
1.940415042E1,9.523434043E-1,-7.609176040E-1,7.412964344E0,7.512522474E0
1.940652594E1,-3.507878065E0,-7.322037220E-1,1.189711380E1,1.242508139E1
1.940890152E1,5.666203976E0,-5.551348329E-1,9.284152031E0,1.089079984E1
1.941127698E1,-6.183053493E0,1.722832322E-1,9.288937569E0,1.115993697E1
1.941365261E1,3.828516245E0,-3.637090325E-1,1.122233772E1,1.186299645E1
1.941602813E1,-3.359523058E0,-4.259224236E-1,8.298309326E0,8.962686135E0
1.941840370E1,1.095912814E0,-6.460621357E-1,1.241396427E1,1.247897953E1
1.942077922E1,1.670190215E0,-3.972085714E-1,7.709674358E0,7.898505474E0
1.942315480E1,-4.689932346E0,-3.302095234E-1,1.132762241E1,1.226456413E1
1.942553032E1,5.685346603E0,-8.662018180E-1,9.169296265E0,1.082356067E1
1.942790589E1,-5.422136307E0,2.392822690E-2,9.762716293E0,1.116739737E1
1.943028141E1,4.235296249E0,-3.110669553E-1,1.127019501E1,1.204374495E1
1.943265698E1,-3.656233072E0,3.349951655E-2,7.858029366E0,8.667051864E0
1.943503251E1,3.828516230E-2,-8.422735929E-1,1.239003563E1,1.241869049E1
1.943740808E1,2.938386202E0,-7.369893789E-1,8.288737297E0,8.824989110E0
1.943978360E1,-4.115654945E0,-3.684946895E-1,1.124626637E1,1.198135681E1
1.944215912E1,5.034498692E0,-2.775674164E-1,9.011369705E0,1.032608371E1
1.944453469E1,-6.379265308E0,3.349951655E-2,9.284152031E0,1.126461837E1
1.944691026E1,4.704289436E0,-7.465606928E-1,1.192582798E1,1.284184819E1
1.944928579E1,-2.560320139E0,-1.339980662E-1,8.082955360E0,8.479820874E0
1.945166136E1,-6.987041831E-1,-2.344966233E-1,1.212203979E1,1.214442362E1
1.945403688E1,2.335394859E0,-7.034898400E-1,7.604390144E0,7.985969983E0
1.945641245E1,-4.388436794E0,-6.029912829E-1,1.161954689E1,1.243526622E1
1.945878797E1,5.804987907E0,-4.785645306E-1,9.671789169E0,1.129027964E1
1.946116355E1,-6.111268997E0,3.828516304E-1,8.762516975E0,1.068999008E1
1.946353907E1,3.196810961E0,-3.397808075E-1,1.173440266E1,1.216680965E1
1.946591464E1,-2.249253273E0,-5.694918036E-1,8.035098076E0,8.363388206E0
1.946829016E1,-2.775674164E-1,-5.216353536E-1,1.238525009E1,1.239933736E1
1.947066573E1,2.914458036E0,-3.589234054E-1,7.776673794E0,8.312613726E0
1.947304126E1,-5.608776093E0,-1.579262912E-1,1.090170002E1,1.226092873E1
1.947541683E1,5.589633465E0,-7.609176040E-1,9.700503349E0,1.122153123E1
1.947779235E1,-5.254638672E0,1.483550072E-1,9.265008926E0,1.065240007E1
1.948016792E1,3.326023579E0,-2.871387303E-1,1.173918819E1,1.220464751E1
1.948254344E1,-2.316252232E0,-7.657032460E-2,7.695317745E0,8.036715910E0
1.948491902E1,-1.631905079E0,-6.077769399E-1,1.207418346E1,1.219911527E1
1.948729454E1,4.307080746E0,-7.417750359E-1,8.403593063E0,9.472146068E0
1.948967011E1,-5.058426857E0,-2.536391914E-1,1.086820030E1,1.199040420E1
1.949204563E1,5.072783947E0,-2.249253243E-1,9.647860527E0,1.090251994E1
1.949442120E1,-5.958128452E0,1.722832322E-1,8.714659691E0,1.055813761E1
1.949679672E1,3.675375462E0,-7.130611539E-1,1.245703506E1,1.300748106E1
1.949917230E1,-8.853443861E-1,-2.632105052E-1,7.771887779E0,7.826579975E0
1.950154782E1,-2.048256159E0,-2.344966233E-1,1.188754272E1,1.206499126E1
1.950392339E1,3.924229145E0,-6.795616150E-1,7.810173035E0,8.766993852E0
1.950629886E1,-5.115854740E0,-4.833501875E-1,1.113619614E1,1.226460197E1
1.950867448E1,5.886343479E0,-3.924229145E-1,1.033699417E1,1.190195294E1
1.951105000E1,-5.230710506E0,4.354937077E-1,8.331808090E0,9.847284561E0
1.951342553E1,2.225325108E0,-3.828516304E-1,1.207896900E1,1.228821140E1
1.951580110E1,-2.871387303E-1,-8.614161611E-1,7.829315662E0,7.881793590E0
1.951817662E1,-1.512263894E0,-5.694918036E-1,1.235175037E1,1.245700607E1
1.952055219E1,4.579862595E0,-3.924229145E-1,8.097311974E0,9.311047112E0
1.952292777E1,-6.144768715E0,-4.785645287E-3,1.038006496E1,1.206250198E1
1.952530329E1,5.388636589E0,-7.130611539E-1,1.043270683E1,1.176381028E1
1.952767881E1,-4.240081787E0,1.914258115E-2,8.920442581E0,9.876889988E0
1.953005438E1,2.402393818E0,-5.216353536E-1,1.217468166E1,1.242040551E1
1.953242985E1,-4.307080805E-1,-4.019941986E-1,7.470392227E0,7.493588514E0
1.953480547E1,-3.091526747E0,-7.034898400E-1,1.183011532E1,1.224761463E1
1.953718099E1,5.570491314E0,-6.604190469E-1,8.925228119E0,1.054164237E1
1.953955657E1,-5.575276852E0,-1.100698411E-1,1.016949654E1,1.159803807E1
1.954193209E1,4.527220249E0,-1.339980662E-1,1.042792130E1,1.136904663E1
1.954430766E1,-5.101497650E0,1.435693540E-2,8.202595711E0,9.659609764E0
1.954668323E1,2.148754835E0,-8.853443861E-1,1.275374508E1,1.296375700E1
1.954905876E1,7.561319470E-1,-4.881358147E-1,7.824530125E0,7.876121112E0
1.955143428E1,-3.689732552E0,-2.488535494E-1,1.157647610E1,1.215281256E1
1.955380985E1,4.666004181E0,-5.982056856E-1,8.437092781E0,9.659916131E0
1.955618537E1,-5.991627693E0,-4.067798555E-1,1.030349445E1,1.192589914E1
1.955856094E1,5.096712112E0,-4.163511395E-1,1.108833981E1,1.221069622E1
1.956093646E1,-4.479363918E0,2.919243574E-1,8.059026718E0,9.224848648E0
1.956331204E1,4.402793646E-1,-4.354937077E-1,1.222732353E1,1.224299561E1
1.956568756E1,1.177268744E0,-8.901300430E-1,7.795815945E0,7.934295144E0
1.956806313E1,-3.345165968E0,-4.642075896E-1,1.189711380E1,1.236717190E1
1.957043865E1,5.044070244E0,-2.967100143E-1,8.738588333E0,1.009423635E1
1.957281422E1,-6.805187702E0,2.967100143E-1,9.475577354E0,1.166984073E1
1.957518974E1,4.321437836E0,-5.934200287E-1,1.119362450E1,1.201350081E1
1.957756526E1,-3.239881754E0,-1.148554832E-1,8.451449394E0,9.051907115E0
1.957994084E1,5.838487148E-1,-4.642075896E-1,1.216511059E1,1.218795650E1
1.958231641E1,1.244267821E0,-3.110669553E-1,7.393822193E0,7.504236916E0
1.958469193E1,-4.618147850E0,-5.024927258E-1,1.145683479E1,1.236280114E1
1.958706750E1,6.144768715E0,-6.508477330E-1,9.427721024E0,1.127225395E1
1.958944302E1,-5.857629776E0,1.531406492E-1,9.422935486E0,1.109626026E1
1.959181860E1,3.871587038E0,-3.349951655E-2,1.116969585E1,1.182169251E1
1.959419412E1,-3.579662561E0,-2.344966233E-1,7.920242786E0,8.694781108E0
1.959656969E1,6.460621357E-1,-8.518448472E-1,1.263888931E1,1.268402771E1
1.959894521E1,2.785245657E0,-4.163511395E-1,7.877171993E0,8.365451587E0
1.960132079E1,-4.551148891E0,-1.196411327E-1,1.109791183E1,1.199545403E1
1.960369631E1,5.302495003E0,-3.828516304E-1,9.083154678E0,1.052457731E1
1.960607188E1,-5.742774487E0,-1.387837082E-1,9.408578873E0,1.102361448E1
1.960844735E1,4.718646049E0,-4.689932466E-1,1.170568848E1,1.262967608E1
1.961082297E1,-2.612962246E0,3.349951655E-2,7.848458290E0,8.272060895E0
1.961319849E1,-8.422735929E-1,-3.589234054E-1,1.202632618E1,1.206112649E1
1.961557402E1,3.273381472E0,-8.327022791E-1,7.848458290E0,8.544396812E0
1.961794959E1,-4.134797573E0,-3.062812984E-1,1.148554897E1,1.221098663E1
1.962032516E1,5.666203976E0,-2.823530734E-1,9.269794464E0,1.086805779E1
1.962270068E1,-6.240481377E0,4.354937077E-1,8.685946465E0,1.070415473E1
1.962507626E1,3.680161238E0,-5.599204898E-1,1.191147137E1,1.247959326E1
1.962745178E1,-1.344766378E0,-3.349951804E-1,8.274380684E0,8.389636112E0
1.962982735E1,-7.561319470E-1,-3.493520916E-1,1.190668583E1,1.193578442E1
1.963220287E1,3.053241730E0,-3.110669553E-1,7.628318787E0,8.222547976E0
1.963457844E1,-5.484349728E0,-4.019941986E-1,1.088255692E1,1.219301998E1
1.963695396E1,6.254838467E0,-5.359922647E-1,1.015035343E1,1.193482160E1
1.963932954E1,-5.422136307E0,3.684946895E-1,8.695517540E0,1.025413944E1
1.964170506E1,2.904886723E0,2.392822690E-2,1.177747345E1,1.213045013E1
1.964408063E1,-2.043470621E0,-3.206382394E-1,7.556533813E0,7.834525151E0
1.964645615E1,-1.143769264E0,-7.848458290E-1,1.226560879E1,1.234379804E1
1.964883172E1,4.273581028E0,-3.206382394E-1,8.365307808E0,9.399184986E0
1.965120724E1,-5.556134224E0,1.052841991E-1,1.047577763E1,1.185848343E1
1.965358282E1,4.886143684E0,-1.483550072E-1,9.734002113E0,1.089252985E1
1.965595834E1,-5.359922886E0,-1.914258115E-2,8.796015739E0,1.030043847E1
1.965833391E1,3.555734396E0,-4.737788737E-1,1.232782269E1,1.283911701E1
1.966070943E1,-1.067198873E0,-8.135596663E-2,7.494320393E0,7.570361311E0
1.966308501E1,-2.708675146E0,-1.818545163E-1,1.185404301E1,1.216093449E1
1.966546052E1,4.541577339E0,-7.800601721E-1,8.178668022E0,9.387493234E0
1.966783610E1,-5.087141037E0,-1.148554832E-1,1.090170002E1,1.203076303E1
1.967021162E1,5.340780258E0,-2.057827413E-1,1.015035343E1,1.147152802E1
1.967258719E1,-5.575276852E0,3.972085714E-1,8.317451477E0,1.002105213E1
1.967496271E1,2.230110645E0,-5.982056856E-1,1.217946720E1,1.239639725E1
1.967733829E1,4.067798555E-1,-5.407779217E-1,8.207381248E0,8.235230268E0
1.967971381E1,-2.316252232E0,-3.732803464E-1,1.173918819E1,1.197133669E1
1.968208938E1,4.445864677E0,-2.775674164E-1,8.106883049E0,9.250097793E0
1.968446490E1,-6.245266914E0,-1.100698411E-1,1.025085258E1,1.200397655E1
1.968684047E1,5.785845280E0,-6.987041831E-1,1.090648556E1,1.236590556E1
1.968921594E1,-4.302295208E0,1.722832322E-1,8.398807526E0,9.438188037E0
1.969159157E1,1.617548108E0,-1.531406492E-1,1.212203979E1,1.223044409E1
1.969396709E1,3.828516230E-2,-5.072783828E-1,7.465606689E0,7.482919240E0
1.969634266E1,-2.909672260E0,-7.322037220E-1,1.193061352E1,1.230210770E1
1.969871818E1,5.627918720E0,-5.120640397E-1,8.992227554E0,1.062053836E1
1.970109376E1,-6.025127411E0,1.004985496E-1,9.676574707E0,1.139948939E1
1.970346928E1,4.316651821E0,-3.158525825E-1,1.076770210E1,1.160502712E1
1.970584485E1,-4.000799656E0,-1.770688742E-1,8.413164139E0,9.317675788E0
1.970822037E1,1.775474429E0,-4.642075896E-1,1.259103298E1,1.272406813E1
1.971059594E1,1.028913736E0,-2.823530734E-1,7.542177200E0,7.617271405E0
1.971297146E1,-4.393222332E0,-2.009970993E-1,1.140419292E1,1.222278277E1
1.971534704E1,5.489135265E0,-9.619147182E-1,8.915657043E0,1.051402998E1
1.971772256E1,-5.685346603E0,-4.307080805E-2,1.015035343E1,1.163420371E1
1.972009813E1,4.517649174E0,-3.014956415E-1,1.111705399E1,1.200370539E1
1.972247365E1,-4.264009953E0,1.962114573E-1,7.963313580E0,9.035189150E0
1.972484922E1,4.785645287E-3,-6.364908218E-1,1.235653591E1,1.237291894E1
1.972722474E1,2.364108801E0,-7.800601721E-1,8.035098076E0,8.411914490E0
1.972960032E1,-4.120440483E0,-5.120640397E-1,1.141854954E1,1.215004168E1
1.973197584E1,4.986642361E0,-3.445664644E-1,9.111868858E0,1.039285727E1
1.973435141E1,-6.661618233E0,1.004985496E-1,9.288937569E0,1.143116873E1
1.973672693E1,4.493721008E0,-6.604190469E-1,1.188275719E1,1.272122636E1
1.973910250E1,-2.766103029E0,-1.579262912E-1,8.130811691E0,8.589899036E0
1.974147803E1,-6.412764788E-1,-3.349951804E-1,1.214118195E1,1.216271994E1
1.974385360E1,2.244467735E0,-8.183453679E-1,7.642675400E0,8.007359853E0
1.974622912E1,-4.646861553E0,-7.417750359E-1,1.154776192E1,1.246973768E1
1.974860469E1,5.905486107E0,-5.455635786E-1,1.005942631E1,1.167751957E1
1.975098021E1,-6.072983742E0,2.823530734E-1,8.671588898E0,1.059043478E1
1.975335579E1,3.048455954E0,-2.057827413E-1,1.194975662E1,1.233418475E1
1.975573131E1,-2.201396942E0,-6.939185858E-1,7.843672752E0,8.176238362E0
1.975810688E1,-5.503492355E-1,-7.369893789E-1,1.247617722E1,1.251003739E1
1.976048240E1,3.498306751E0,-5.886343718E-1,7.963313580E0,8.717740746E0
1.976285797E1,-5.895915031E0,-2.919243574E-1,1.083948612E1,1.234266962E1
1.976523349E1,5.656632900E0,-8.039883971E-1,1.010728264E1,1.161038567E1
1.976760907E1,-5.206781864E0,1.052841991E-1,9.207581520E0,1.057833728E1
1.976998459E1,3.129812002E0,-5.024927258E-1,1.204546928E1,1.245558318E1
1.977236016E1,-1.617548108E0,-4.019941986E-1,7.561319351E0,7.742842601E0
1.977473568E1,-2.411965132E0,-8.422735929E-1,1.216032505E1,1.242580001E1
1.977711126E1,5.221138954E0,-8.757730722E-1,8.839086533E0,1.030323838E1
1.977948678E1,-5.493920803E0,-2.488535494E-1,1.065763187E1,1.199292337E1
1.978186235E1,4.957928658E0,-1.387837082E-1,1.015035343E1,1.129734448E1
1.978423787E1,-5.584847927E0,2.392822690E-2,8.446663857E0,1.012606682E1
1.978661344E1,2.804388046E0,-9.810572863E-1,1.274417305E1,1.308590893E1
1.978898896E1,4.450650215E-1,-5.742774606E-1,7.853243828E0,7.886781098E0
1.979136454E1,-3.168097258E0,-2.775674164E-1,1.173440266E1,1.215771729E1
1.979374006E1,4.713860512E0,-6.029912829E-1,8.346165657E0,9.604299068E0
1.979611563E1,-6.034698486E0,-3.924229145E-1,1.031306553E1,1.195537127E1
1.979849115E1,5.465207100E0,-4.977070987E-1,1.109312534E1,1.237633350E1
1.980086672E1,-4.335794449E0,1.292124242E-1,8.169096947E0,9.249321828E0
1.980324224E1,6.939185858E-1,-4.594219327E-1,1.227996540E1,1.230813315E1
1.980561782E1,1.158126116E0,-8.949156404E-1,7.724031448E0,7.861475174E0
1.980799334E1,-3.263810158E0,-4.785645306E-1,1.192104244E1,1.236902315E1
1.981036891E1,5.292923450E0,-3.445664644E-1,8.786444664E0,1.026330232E1
1.981274443E1,-6.857829571E0,2.967100143E-1,9.442078590E0,1.167350467E1
1.981512000E1,4.402793884E0,-6.508477330E-1,1.136112213E1,1.220177417E1
1.981749553E1,-3.062813044E0,-1.818545163E-1,8.480163574E0,9.018152197E0
1.981987110E1,3.924229145E-1,-3.637090325E-1,1.216032505E1,1.217209043E1
1.982224662E1,1.526620865E0,-2.727817893E-1,7.436892986E0,7.596865042E0
1.982462219E1,-5.010570526E0,-4.737788737E-1,1.137069321E1,1.243474758E1
1.982699771E1,6.206982136E0,-6.364908218E-1,9.719645500E0,1.155003275E1
1.982937329E1,-6.053841114E0,2.440679073E-1,9.135796547E0,1.096226892E1
1.983174881E1,3.503092289E0,-4.307080805E-2,1.146640587E1,1.198966114E1
1.983412438E1,-3.316452265E0,-2.775674164E-1,7.800601959E0,8.480877916E0
1.983649990E1,-2.105683982E-1,-7.800601721E-1,1.252403355E1,1.255006969E1
1.983887547E1,3.254238844E0,-3.876372576E-1,7.992027760E0,8.637872470E0
1.984125099E1,-5.230710506E0,-2.392822690E-2,1.088734341E1,1.207870653E1
1.984362657E1,5.101497650E0,-2.919243574E-1,9.355937004E0,1.066039658E1
1.984600209E1,-5.982056618E0,-1.004985496E-1,9.006584167E0,1.081266201E1
1.984837766E1,4.077369690E0,-5.503492355E-1,1.218903828E1,1.286469906E1
1.985075318E1,-1.828116536E0,-1.531406492E-1,7.762316704E0,7.976153380E0
1.985312876E1,-2.048256159E0,-2.632105052E-1,1.198804188E1,1.216461184E1
1.985550428E1,4.048655987E0,-8.087740541E-1,8.097311974E0,9.089124929E0
1.985787985E1,-4.843072891E0,-3.158525825E-1,1.097827053E1,1.200323047E1
1.986025537E1,5.637490273E0,-3.254238665E-1,1.014556789E1,1.161119051E1
1.986263094E1,-5.867201328E0,3.828516304E-1,8.322237015E0,1.018971323E1
1.986500646E1,2.732603550E0,-6.747759581E-1,1.220818138E1,1.252845311E1
1.986738204E1,-6.221338734E-2,-5.312066078E-1,8.250452042E0,8.267769340E0
1.986975756E1,-1.832902193E0,-4.211367965E-1,1.167218876E1,1.182272714E1
1.987213313E1,4.302295208E0,-3.062812984E-1,7.939385414E0,9.035341335E0
1.987450865E1,-6.130411625E0,-2.344966233E-1,1.048534870E1,1.214822920E1
1.987688422E1,6.159125328E0,-7.274180651E-1,1.064806080E1,1.232254684E1
1.987925974E1,-4.579862595E0,2.105683982E-1,8.336593628E0,9.514109194E0
1.988163532E1,2.029113531E0,-1.722832322E-1,1.221296692E1,1.238158084E1
1.988401084E1,-2.919243574E-1,-5.264210105E-1,7.269395351E0,7.294274994E0
1.988638641E1,-2.512463808E0,-7.226324677E-1,1.210289669E1,1.238203458E1
1.988876193E1,5.551348686E0,-4.785645306E-1,8.829515457E0,1.044063405E1
1.989113750E1,-5.934200287E0,1.722832322E-1,9.729216576E0,1.139745892E1
1.989351302E1,4.455435753E0,-2.153540403E-1,1.056670475E1,1.146963532E1
1.989588860E1,-4.259224415E0,-2.105683982E-1,8.283951759E0,9.317144864E0
1.989826412E1,2.153540373E0,-5.120640397E-1,1.256231880E1,1.275585353E1
1.990063969E1,7.513462901E-1,-2.919243574E-1,7.527820110E0,7.570853102E0
1.990301521E1,-4.144368649E0,-2.344966233E-1,1.142333508E1,1.215415009E1
1.990539079E1,5.417350292E0,-7.034898400E-1,8.867800713E0,1.041539589E1
1.990776631E1,-5.546562672E0,7.178468257E-2,9.997213364E0,1.143301297E1
1.991014188E1,4.670789719E0,-1.196411327E-1,1.086341476E1,1.182558121E1
1.991251740E1,-4.426722050E0,3.206382394E-1,7.901100159E0,9.062343003E0
1.991489297E1,4.642075896E-1,-6.364908218E-1,1.220339584E1,1.222879713E1
1.991726849E1,2.072184324E0,-5.838487148E-1,7.996813297E0,8.281536700E0
1.991964407E1,-3.804588079E0,-3.206382394E-1,1.137069321E1,1.199459726E1
1.992201959E1,5.067998409E0,-1.531406492E-1,8.805587769E0,1.016102534E1
1.992439516E1,-6.733402729E0,2.201396823E-1,9.332008362E0,1.150971563E1
1.992677068E1,4.819144726E0,-6.269195080E-1,1.167218876E1,1.264346370E1
1.992914626E1,-2.952743053E0,0.000000000E0,8.102097511E0,8.623379594E0
1.993152178E1,-1.722832322E-1,-1.866401732E-1,1.205982590E1,1.206250043E1
1.993389735E1,1.899901152E0,-5.216353536E-1,7.441678524E0,7.698071647E0
1.993627287E1,-4.350151539E0,-6.029912829E-1,1.166740322E1,1.246658393E1
1.993864844E1,5.982056618E0,-4.259224236E-1,9.600004196E0,1.131929732E1
1.994102396E1,-6.111268997E0,3.589234054E-1,8.934800148E0,1.083083969E1
1.994339954E1,3.402593851E0,-3.254238665E-1,1.158604717E1,1.207973653E1
1.994577506E1,-2.517249346E0,-5.551348329E-1,7.968099594E0,8.374683880E0
1.994815063E1,7.178468257E-2,-5.312066078E-1,1.256710434E1,1.257853111E1
1.995052615E1,2.947957516E0,-4.019941986E-1,7.671389580E0,8.228138972E0
1.995290172E1,-5.532206059E0,-1.531406492E-1,1.089212894E1,1.221749683E1
1.995527724E1,5.694917679E0,-8.327022791E-1,9.676574707E0,1.125884446E1
1.995765282E1,-5.273781300E0,7.178468257E-2,9.308079720E0,1.069851720E1
1.996002834E1,3.617947817E0,-3.876372576E-1,1.183968639E1,1.238620131E1
1.996240391E1,-2.263610125E0,-1.483550072E-1,7.714460373E0,8.041071996E0
1.996477943E1,-1.646261930E0,-6.987041831E-1,1.209811115E1,1.222958132E1
1.996715501E1,4.455435753E0,-7.609176040E-1,8.456234932E0,9.588420755E0
1.996953052E1,-4.996213913E0,-3.349951804E-1,1.086341476E1,1.196194615E1
1.997190610E1,5.130211830E0,-2.536391914E-1,9.690931320E0,1.096802426E1
1.997428162E1,-6.005984783E0,9.092725813E-2,8.743373871E0,1.060786065E1
1.997665719E1,3.589233875E0,-8.901300430E-1,1.250010586E1,1.303562725E1
1.997903271E1,-6.843472719E-1,-3.684946895E-1,7.853243828E0,7.891613152E0
1.998140829E1,-2.239681959E0,-2.919243574E-1,1.204546928E1,1.225539577E1
1.998378381E1,4.000799656E0,-5.312066078E-1,7.886743546E0,8.859418835E0
1.998615938E1,-5.556134224E0,-5.599204898E-1,1.086341476E1,1.221466000E1
1.998853490E1,5.766702652E0,-5.599204898E-1,1.071984577E1,1.218537910E1
1.999091047E1,-5.091926575E0,2.440679073E-1,8.327022552E0,9.763533683E0
1.999328599E1,1.794616938E0,-4.115654826E-1,1.219861031E1,1.233677954E1
1.999566157E1,-1.531406492E-1,-7.657032609E-1,7.886743546E0,7.925306133E0
1.999803709E1,-2.163111687E0,-4.498506486E-1,1.220339584E1,1.240178567E1
2.000041266E1,4.728217602E0,-3.637090325E-1,8.255238533E0,9.520361820E0
2.000278818E1,-6.431907177E0,9.092725813E-2,1.017906761E1,1.204122565E1
2.000516376E1,5.010570526E0,-7.657032609E-1,1.067677498E1,1.181886807E1
2.000753928E1,-4.010370731E0,-2.392822690E-2,8.848658562E0,9.715060695E0
2.000991485E1,1.727617979E0,-4.211367965E-1,1.236610699E1,1.249330309E1
2.001229037E1,2.009970993E-1,-2.201396823E-1,7.389036179E0,7.395046786E0
2.001466594E1,-3.986442566E0,-4.307080805E-1,1.165783215E1,1.232810951E1
2.001704141E1,5.938985825E0,-7.561319470E-1,9.131011009E0,1.091872933E1
2.001941704E1,-5.910272121E0,-1.052841991E-1,9.968499184E0,1.158936484E1
2.002179256E1,4.359723091E0,-2.009970993E-1,1.083948612E1,1.168512065E1
2.002416813E1,-4.364508629E0,-4.785645381E-2,8.178668022E0,9.270481995E0
2.002654365E1,1.143769264E0,-7.561319470E-1,1.265324593E1,1.272731614E1
2.002891922E1,1.962114573E0,-4.450650215E-1,7.838887215E0,8.092967888E0
2.003129474E1,-4.417150497E0,-2.153540403E-1,1.135155106E1,1.218258213E1
2.003367032E1,5.182853699E0,-5.647061467E-1,8.848658562E0,1.027032735E1
2.003604584E1,-6.053841114E0,-2.488535494E-1,9.686145782E0,1.142507507E1
2.003842141E1,4.766502857E0,-4.211367965E-1,1.175354481E1,1.269026088E1
2.004079693E1,-3.187239647E0,4.785645381E-2,7.915457249E0,8.533185235E0
2.004317250E1,-7.130611539E-1,-2.584248483E-1,1.220339584E1,1.222694196E1
2.004554803E1,2.684746981E0,-8.662018180E-1,7.714460373E0,8.214077598E0
2.004792360E1,-4.249652863E0,-6.317051649E-1,1.150469112E1,1.228073771E1
2.005029912E1,5.694917679E0,-4.402793646E-1,9.451649666E0,1.104353271E1
2.005267464E1,-6.508477688E0,3.445664644E-1,8.877371788E0,1.101302582E1
2.005505021E1,3.560520172E0,-6.029912829E-1,1.183490086E1,1.237359207E1
2.005742579E1,-1.670190215E0,-4.546363056E-1,8.341380119E0,8.519087499E0
2.005980131E1,-9.667003751E-1,-5.312066078E-1,1.208375454E1,1.213399414E1
2.006217688E1,3.297309637E0,-4.642075896E-1,7.714460373E0,8.402418603E0
2.006455240E1,-5.886343479E0,-4.402793646E-1,1.094477081E1,1.243506709E1
2.006692797E1,6.216553211E0,-7.465606928E-1,1.030349445E1,1.205673607E1
2.006930349E1,-5.393422127E0,2.536391914E-1,8.551948547E0,1.011381031E1
2.007167907E1,2.608176708E0,-2.201396823E-1,1.213639641E1,1.241544059E1
2.007405459E1,-1.416550994E0,-5.886343718E-1,7.546962738E0,7.701282602E0
2.007643016E1,-1.852044702E0,-7.992027402E-1,1.225125217E1,1.241619807E1
2.007880563E1,4.910071850E0,-5.551348329E-1,8.642875671E0,9.955715952E0
2.008118126E1,-5.958128452E0,5.264209956E-2,1.023649502E1,1.184431915E1
2.008355678E1,4.828716278E0,-2.488535494E-1,1.016471100E1,1.125609962E1
2.008593235E1,-4.929214478E0,-2.440679073E-1,8.547162056E0,9.869686100E0
2.008830792E1,2.813959360E0,-6.173482537E-1,1.252881908E1,1.285576889E1
2.009068344E1,1.148554832E-1,-3.876372576E-1,7.513463020E0,7.524332594E0
2.009305896E1,-3.751945972E0,-3.206382394E-1,1.166261768E1,1.225547056E1
2.009543454E1,5.369493961E0,-8.470591903E-1,8.810373306E0,1.035237424E1
2.009781006E1,-5.594419479E0,-5.264209956E-2,1.028435135E1,1.170761219E1
2.010018563E1,4.972285271E0,-2.488535494E-1,1.075813103E1,1.185423688E1
2.010256115E1,-4.560719967E0,2.009970993E-1,8.011170387E0,9.220597455E0
2.010493672E1,8.374879360E-1,-7.034898400E-1,1.239003563E1,1.243821800E1
2.010731224E1,2.062613010E0,-6.412764788E-1,8.169096947E0,8.449837447E0
2.010968782E1,-3.790230989E0,-2.679961324E-1,1.141376400E1,1.202961685E1
2.011206334E1,5.154139996E0,-2.249253243E-1,8.867800713E0,1.025931966E1
2.011443886E1,-6.671189308E0,1.292124242E-1,9.384650230E0,1.151490871E1
2.011681443E1,4.900500774E0,-6.556333899E-1,1.175354481E1,1.275110107E1
2.011919000E1,-2.770888567E0,-9.571290761E-2,8.020741463E0,8.486417267E0
2.012156552E1,-4.067798555E-1,-2.392822653E-1,1.218903828E1,1.219817117E1
2.012394110E1,2.282752752E0,-5.120640397E-1,7.561319351E0,7.914968101E0
2.012631662E1,-4.613361835E0,-5.551348329E-1,1.143769264E1,1.234552936E1
2.012869219E1,6.005984783E0,-4.450650215E-1,9.810572624E0,1.151161463E1
2.013106771E1,-6.106483459E0,4.546363056E-1,8.695517540E0,1.063521790E1
2.013344329E1,3.115455151E0,-2.584248483E-1,1.175833035E1,1.216680635E1
2.013581886E1,-2.033899307E0,-5.790630579E-1,7.814958572E0,8.096026056E0
2.013819438E1,-6.747759581E-1,-4.259224236E-1,1.245703506E1,1.248256605E1
2.014056995E1,3.488735437E0,-3.637090325E-1,7.834101200E0,8.583513315E0
2.014294547E1,-6.096911907E0,-4.307080805E-2,1.058584690E1,1.221615097E1
2.014532099E1,5.469992638E0,-6.412764788E-1,1.006899738E1,1.147679238E1
2.014769657E1,-5.111069202E0,1.962114573E-1,8.953942299E0,1.031186744E1
2.015007209E1,2.737389088E0,-3.445664644E-1,1.204068375E1,1.235273614E1
2.015244766E1,-1.502692580E0,-1.674975902E-1,7.523034573E0,7.673473113E0
2.015482323E1,-2.842673302E0,-6.221339107E-1,1.177747345E1,1.213164140E1
2.015719876E1,5.106283665E0,-6.891329288E-1,8.925228119E0,1.030576218E1
2.015957433E1,-5.690132141E0,-3.349951655E-2,1.012642574E1,1.161564567E1
2.016194985E1,4.637290478E0,-4.785645381E-2,1.031306553E1,1.130778819E1
2.016432542E1,-5.484349728E0,1.244267747E-1,8.240880966E0,9.899782475E0
2.016670094E1,2.421536446E0,-7.896314859E-1,1.257667542E1,1.283199599E1
2.016907646E1,5.838487148E-1,-4.115654826E-1,7.714460373E0,7.747461798E0
2.017145204E1,-3.651447296E0,-1.579262912E-1,1.154297638E1,1.210777898E1
2.017382761E1,4.905286312E0,-4.594219327E-1,8.528019905E0,9.848859112E0
2.017620313E1,-6.005984783E0,-2.392822653E-1,1.009771156E1,1.175129304E1
2.017857870E1,5.240281582E0,-4.833501875E-1,1.117448139E1,1.235164818E1
2.018095422E1,-3.967299938E0,1.770688742E-1,8.068597794E0,8.992946822E0
2.018332980E1,4.211367965E-1,-4.833501875E-1,1.219861031E1,1.221544420E1
2.018570532E1,1.789831281E0,-8.949156404E-1,7.810173035E0,8.062454518E0
2.018808089E1,-3.474378586E0,-3.206382394E-1,1.183490086E1,1.233851667E1
2.019045641E1,5.656632900E0,-4.354937077E-1,9.044869423E0,1.067692903E1
2.019283198E1,-6.575476646E0,2.679961324E-1,9.198010445E0,1.130982366E1
2.019520751E1,4.340580463E0,-7.704889178E-1,1.161954689E1,1.242771748E1
2.019758308E1,-2.220539331E0,-4.163511395E-1,8.489734650E0,8.785199919E0
2.019995860E1,8.135596663E-2,-4.785645306E-1,1.228475189E1,1.229433902E1
2.020233417E1,2.526820660E0,-3.302095234E-1,7.537391186E0,7.956514743E0
2.020470969E1,-5.264209747E0,-3.158525825E-1,1.110269737E1,1.229152375E1
2.020708526E1,6.431907177E0,-8.231309652E-1,1.006421185E1,1.197227358E1
2.020946079E1,-5.503491879E0,-9.571290575E-3,8.920442581E0,1.048154618E1
2.021183636E1,3.383451223E0,-3.158525825E-1,1.189711380E1,1.237290676E1
2.021421188E1,-2.234896421E0,-4.594219327E-1,7.762316704E0,8.090697815E0
2.021658745E1,-1.014556766E0,-6.843472719E-1,1.249053383E1,1.255034230E1
2.021896297E1,4.273581028E0,-4.929214716E-1,8.145168304E0,9.211418625E0
2.022133855E1,-5.623133183E0,-3.828516230E-2,1.056191921E1,1.196558523E1
2.022371407E1,5.077569485E0,-4.450650215E-1,9.987641335E0,1.121306266E1
2.022608964E1,-5.259424210E0,-1.722832322E-1,8.738588333E0,1.020069363E1
2.022846516E1,3.220739365E0,-4.019941986E-1,1.254317665E1,1.295631282E1
2.023084073E1,-7.657032609E-1,-1.387837082E-1,7.623532772E0,7.663146503E0
2.023321626E1,-3.287738323E0,-1.292124242E-1,1.170090294E1,1.215471302E1
2.023559183E1,4.905286312E0,-8.901300430E-1,8.484949112E0,9.841164907E0
2.023796735E1,-5.479563713E0,-1.914258152E-1,1.062891865E1,1.195977316E1
2.024034292E1,5.039284706E0,-2.297109663E-1,1.041835022E1,1.157536949E1
2.024271844E1,-5.268995285E0,4.450650215E-1,8.106883049E0,9.678943484E0
2.024509402E1,1.268195987E0,-5.503492355E-1,1.232303619E1,1.240033977E1
2.024746954E1,1.167697430E0,-5.647061467E-1,7.987242222E0,8.091875470E0
2.024984511E1,-3.407379389E0,-1.818545163E-1,1.156690502E1,1.205970966E1
2.025222063E1,4.823930264E0,-1.962114573E-1,8.528019905E0,9.799792122E0
2.025459620E1,-6.714260101E0,9.092725813E-2,9.513862610E0,1.164487605E1
2.025697172E1,5.158925533E0,-5.407779217E-1,1.160997581E1,1.271607219E1
2.025934730E1,-3.498306751E0,1.627119333E-1,7.972885132E0,8.708129686E0
2.026172282E1,2.057827413E-1,-1.435693540E-2,1.216511059E1,1.216685943E1
2.026409839E1,1.426122308E0,-4.929214716E-1,7.561319351E0,7.710405096E0
2.026647391E1,-4.029513359E0,-6.317051649E-1,1.150947666E1,1.221081825E1
2.026884948E1,5.967699528E0,-4.354937077E-1,9.566504478E0,1.128366520E1
2.027122500E1,-6.135197163E0,4.307080805E-1,8.934800148E0,1.084697227E1
2.027360058E1,3.670589924E0,-1.435693651E-1,1.147597694E1,1.204955972E1
2.027597610E1,-2.665604353E0,-4.642075896E-1,7.905886173E0,8.356073925E0
2.027835167E1,1.674975902E-1,-5.359922647E-1,1.249053383E1,1.250315074E1
2.028072714E1,2.962314367E0,-4.019941986E-1,7.733603001E0,8.291291885E0
2.028310277E1,-5.546562672E0,-2.297109663E-1,1.094477081E1,1.227212829E1
2.028547829E1,5.776273727E0,-6.891329288E-1,9.815358162E0,1.140971070E1
2.028785386E1,-5.230710506E0,1.914258152E-1,9.092725754E0,1.049164610E1
2.029022938E1,3.436093330E0,-3.541377485E-1,1.185882950E1,1.235167956E1
2.029260490E1,-1.995614052E0,-2.249253243E-1,7.618747234E0,7.878983200E0
2.029498047E1,-1.899901152E0,-7.513462901E-1,1.191625690E1,1.209013334E1
2.029735605E1,4.867001057E0,-8.374879360E-1,8.638090134E0,9.950160124E0
2.029973157E1,-5.355136871E0,-1.722832322E-1,1.067198944E1,1.194146268E1
2.030210714E1,5.000999451E0,-2.105683982E-1,9.858428955E0,1.105635365E1
2.030448271E1,-5.733202934E0,5.742774159E-2,8.441878319E0,1.020481374E1
2.030685823E1,3.153740168E0,-8.518448472E-1,1.268674564E1,1.310058135E1
2.030923376E1,4.307080805E-2,-4.737788737E-1,7.652246952E0,7.667020603E0
2.031160933E1,-3.110669374E0,-2.297109663E-1,1.166740322E1,1.207714076E1
2.031398485E1,4.670789719E0,-6.269195080E-1,8.350951195E0,9.588935839E0
2.031636042E1,-5.828916073E0,-3.302095234E-1,1.031785107E1,1.185509812E1
2.031873594E1,5.383851051E0,-4.929214716E-1,1.091605663E1,1.218150714E1
2.032111152E1,-4.503292084E0,2.632105052E-1,8.102097511E0,9.273235867E0
2.032348704E1,8.039883971E-1,-4.259224236E-1,1.221296692E1,1.224681053E1
2.032586261E1,1.172483087E0,-9.284151793E-1,7.690532207E0,7.834599988E0
2.032823813E1,-3.263810158E0,-3.158525825E-1,1.194018459E1,1.238225455E1
2.033061370E1,5.345565796E0,-3.493520916E-1,8.685946465E0,1.020503731E1
2.033298922E1,-6.819544315E0,3.158525825E-1,9.332008362E0,1.156253984E1
2.033536480E1,4.460221291E0,-6.269195080E-1,1.134197903E1,1.220356875E1
2.033774037E1,-2.790031195E0,-1.962114573E-1,8.403593063E0,8.856813726E0
2.034011589E1,2.775674164E-1,-3.828516304E-1,1.215553856E1,1.216473332E1
2.034249146E1,1.895115495E0,-2.249253243E-1,7.446464062E0,7.687124375E0
2.034486698E1,-5.120640278E0,-3.349951804E-1,1.108355427E1,1.221385909E1
2.034724256E1,6.288337708E0,-6.364908218E-1,9.891928673E0,1.173876333E1
2.034961808E1,-5.742774487E0,2.392822653E-1,8.944371223E0,1.063195614E1
2.035199365E1,3.527020693E0,-8.135596663E-2,1.147597694E1,1.200602101E1
2.035436917E1,-2.809173822E0,-2.488535494E-1,7.838887215E0,8.330758574E0
2.035674474E1,-5.072783828E-1,-5.694918036E-1,1.234696484E1,1.237049688E1
2.035912026E1,3.905086517E0,-4.354937077E-1,8.082955360E0,8.987409128E0
2.036149584E1,-5.508277893E0,-2.392822690E-2,1.061934662E1,1.196295200E1
2.036387136E1,5.268995285E0,-3.876372576E-1,9.820143700E0,1.115113430E1
2.036624693E1,-5.340780258E0,1.914258115E-2,8.901300430E0,1.038062857E1
2.036862245E1,3.627519131E0,-3.972085714E-1,1.228953743E1,1.281988299E1
2.037099803E1,-1.105484009E0,-8.614161611E-2,7.637889862E0,7.717958073E0
2.037337355E1,-2.617748022E0,-2.727817893E-1,1.177747345E1,1.206796982E1
2.037574912E1,4.795216560E0,-8.614161611E-1,8.432307243E0,9.738580241E0
2.037812464E1,-5.249852657E0,-1.148554832E-1,1.082034397E1,1.202721865E1
2.038050021E1,5.379065514E0,-3.062812984E-1,1.023649502E1,1.156779946E1
2.038287573E1,-5.407779217E0,3.828516304E-1,8.283951759E0,9.900227683E0
2.038525131E1,2.038684845E0,-7.226324677E-1,1.242832088E1,1.261513351E1
2.038762683E1,9.044869542E-1,-6.987041831E-1,8.102097511E0,8.182314359E0
2.039000240E1,-2.866601467E0,-3.732803464E-1,1.180618668E1,1.215494903E1
2.039237792E1,4.924428940E0,-3.684946895E-1,8.461020470E0,9.796665561E0
2.039475349E1,-6.522834301E0,-1.004985496E-1,9.915857315E0,1.186935944E1
2.039712902E1,5.546562672E0,-7.561319470E-1,1.149990559E1,1.278999302E1
2.039950459E1,-3.617947817E0,-2.392822690E-2,8.173882484E0,8.938818369E0
2.040188006E1,6.604190469E-1,-3.493520916E-1,1.226560879E1,1.228834241E1
2.040425568E1,1.244267821E0,-6.939185858E-1,7.637889862E0,7.769625921E0
2.040663120E1,-3.704089403E0,-6.556333899E-1,1.181097221E1,1.239553138E1
2.040900678E1,5.934200287E0,-5.742774606E-1,9.437292099E0,1.116275100E1
2.041138230E1,-6.250052929E0,2.440679073E-1,9.178867340E0,1.110740007E1
2.041375787E1,3.809373617E0,-3.972085714E-1,1.146640587E1,1.208915074E1
2.041613339E1,-2.794816732E0,-6.604190469E-1,8.193024635E0,8.681751353E0
2.041850896E1,4.737788737E-1,-5.838487148E-1,1.269153118E1,1.271378423E1
2.042088448E1,2.450250387E0,-3.924229145E-1,7.609176159E0,8.003579482E0
2.042326006E1,-5.493920803E0,-1.292124242E-1,1.107876873E1,1.236684997E1
2.042563558E1,5.781059742E0,-8.135597110E-1,9.676574707E0,1.130126671E1
2.042801115E1,-5.446064472E0,3.349951655E-2,9.332008362E0,1.080495815E1
2.043038667E1,3.603590965E0,-4.689932466E-1,1.178704453E1,1.233451422E1
2.043276224E1,-2.488535643E0,-1.914258152E-1,7.685746193E0,8.080850700E0
2.043513776E1,-1.765903115E0,-6.652047038E-1,1.213639641E1,1.228222410E1
2.043751334E1,4.340580463E0,-7.322037220E-1,8.480163574E0,9.554576668E0
2.043988886E1,-5.369493961E0,-1.962114573E-1,1.071027374E1,1.198248422E1
2.044226443E1,4.929214478E0,-2.392822653E-1,9.824930191E0,1.099471076E1
2.044463995E1,-6.001199245E0,8.135596663E-2,8.513663292E0,1.041650008E1
2.044701552E1,3.235096216E0,-7.657032609E-1,1.266281700E1,1.309194727E1
2.044939110E1,-5.742774606E-1,-3.828516304E-1,7.776673794E0,7.807241848E0
2.045176662E1,-2.957528830E0,-2.488535494E-1,1.175833035E1,1.212712816E1
2.045414214E1,4.240081787E0,-7.274180651E-1,8.279166222E0,9.330167412E0
2.045651771E1,-5.800201893E0,-4.498506486E-1,1.060977554E1,1.210008449E1
2.045889329E1,5.340780258E0,-5.120640397E-1,1.077727318E1,1.203892688E1
2.046126881E1,-4.967499733E0,3.397808075E-1,8.197810173E0,9.591433481E0
2.046364438E1,1.105484009E0,-4.785645306E-1,1.224646664E1,1.230557045E1
2.046601990E1,4.929214716E-1,-9.619147182E-1,7.786244869E0,7.860907115E0
2.046839547E1,-3.058027267E0,-6.173482537E-1,1.202154064E1,1.241974593E1
2.047077099E1,5.039284706E0,-5.407779217E-1,8.738588333E0,1.010196798E1
2.047314657E1,-6.824330330E0,2.871387079E-2,9.676574707E0,1.184096309E1
2.047552209E1,4.551148891E0,-7.322037220E-1,1.130848026E1,1.221191240E1
2.047789766E1,-3.426522017E0,-2.632105052E-1,8.561519623E0,9.225505469E0
2.048027318E1,6.699903607E-1,-6.412764788E-1,1.229432297E1,1.232925382E1
2.048264876E1,1.277767301E0,-5.790630579E-1,7.499105930E0,7.629193473E0
2.048502428E1,-4.771288395E0,-7.848458290E-1,1.155733299E1,1.252809330E1
2.048739985E1,6.154339790E0,-8.805587292E-1,9.743574142E0,1.155804997E1
2.048977537E1,-5.962913990E0,4.785645287E-3,9.399007797E0,1.113093499E1
2.049215094E1,3.646661758E0,-3.732803464E-1,1.144726372E1,1.201987216E1
2.049452646E1,-3.287738323E0,-5.455635786E-1,7.944170952E0,8.614912362E0
2.049690204E1,9.571290575E-3,-1.091127157E0,1.273938751E1,1.278603317E1
2.049927756E1,3.206382275E0,-6.987041831E-1,8.015955925E0,8.661675601E0
2.050165313E1,-5.245067120E0,-3.014956415E-1,1.104048347E1,1.222676998E1
2.050402865E1,5.173282623E0,-4.929214716E-1,9.576076508E0,1.089527723E1
2.050640422E1,-5.785845280E0,-2.057827413E-1,9.131011009E0,1.081173965E1
2.050877974E1,3.866801500E0,-7.848458290E-1,1.222732353E1,1.284817410E1
2.051115532E1,-1.837687731E0,-4.019941986E-1,7.805387497E0,8.028870998E0
2.051353084E1,-2.148754835E0,-5.694918036E-1,1.201196957E1,1.221592735E1
2.051590641E1,4.144368649E0,-9.188438654E-1,8.379665375E0,9.393554031E0
2.051828193E1,-5.149354458E0,-2.823530734E-1,1.102134132E1,1.216821841E1
2.052065751E1,5.230710506E0,-3.828516304E-1,9.954142570E0,1.125130491E1
2.052303302E1,-6.029912949E0,2.105683982E-1,8.379665375E0,1.032584045E1
2.052540860E1,2.440679073E0,-9.188438654E-1,1.241874981E1,1.268962313E1
2.052778412E1,8.135596663E-2,-5.790630579E-1,8.164310455E0,8.185224373E0
2.053015969E1,-2.555534601E0,-3.158525825E-1,1.192104244E1,1.219597363E1
2.053253521E1,4.278367043E0,-2.488535494E-1,8.092526436E0,9.157255962E0
2.053491079E1,-6.503692150E0,1.914258115E-2,1.027478027E1,1.216015985E1
2.053728631E1,5.522634506E0,-7.082754970E-1,1.084905815E1,1.219439252E1
2.053966188E1,-4.474578381E0,-2.871387079E-2,8.307880402E0,9.436289151E0
2.054203740E1,1.306481123E0,-3.062812984E-1,1.232782269E1,1.240064165E1
2.054441297E1,3.924229145E-1,-4.546363056E-1,7.403393269E0,7.427713094E0
2.054678849E1,-3.378665686E0,-3.732803464E-1,1.189711380E1,1.237319833E1
2.054916407E1,5.608776093E0,-3.541377485E-1,9.006584167E0,1.061613589E1
2.055153959E1,-6.364908218E0,3.158525825E-1,9.145368576E0,1.114672983E1
2.055391516E1,4.173082829E0,-3.254238665E-1,1.116969585E1,1.192822814E1
2.055629068E1,-3.431307554E0,-3.493520916E-1,8.216953278E0,8.911466747E0
2.055866626E1,1.057627559E0,-3.158525825E-1,1.249532032E1,1.254397739E1
2.056104178E1,1.828116536E0,-2.105683982E-1,7.518248558E0,7.740181555E0
2.056341735E1,-5.115854740E0,6.699903309E-2,1.117926693E1,1.229440798E1
2.056579287E1,5.929414749E0,-6.795616150E-1,9.384650230E0,1.112166459E1
2.056816844E1,-5.623133183E0,1.196411327E-1,9.207581520E0,1.078950871E1
2.057054402E1,4.048655987E0,-3.828516304E-1,1.158604717E1,1.227903415E1
2.057291948E1,-2.785245657E0,-8.135596663E-2,7.704888821E0,8.193260883E0
2.057529506E1,-1.024128079E0,-4.737788737E-1,1.216511059E1,1.221733278E1
2.057767063E1,4.130012035E0,-5.264210105E-1,8.317451477E0,9.301296553E0
2.058004615E1,-5.077569485E0,-1.531406492E-1,1.074377346E1,1.188418412E1
2.058242172E1,5.307280540E0,-2.297109663E-1,9.695717812E0,1.105562923E1
2.058479724E1,-5.785845280E0,2.871387079E-2,8.595019341E0,1.036104182E1
2.058717282E1,3.828516245E0,-6.412764788E-1,1.251446247E1,1.310269221E1
2.058954834E1,-7.465606928E-1,-2.392822653E-1,7.685746193E0,7.725626409E0
2.059192391E1,-2.335394859E0,-7.657032460E-2,1.184925747E1,1.207745150E1
2.059429948E1,4.421936035E0,-5.599204898E-1,7.977670670E0,9.138394748E0
2.059667500E1,-5.503491879E0,-4.737788737E-1,1.041835022E1,1.179215462E1
2.059905058E1,5.781059742E0,-5.647061467E-1,1.086341476E1,1.231881996E1
2.060142610E1,-4.833501816E0,3.254238665E-1,8.097311974E0,9.435841335E0
2.060380167E1,1.560120344E0,-3.445664644E-1,1.212682533E1,1.223162271E1
2.060617719E1,6.125625968E-1,-7.944171429E-1,7.805387497E0,7.869587379E0
2.060855277E1,-2.646461725E0,-3.876372576E-1,1.188754272E1,1.218473202E1
2.061092829E1,5.235496044E0,-3.254238665E-1,8.590232849E0,1.006520839E1
2.061330386E1,-6.699903488E0,1.292124242E-1,9.451649666E0,1.158615916E1
2.061567938E1,4.876572609E0,-6.891329288E-1,1.127019501E1,1.229931543E1
2.061805495E1,-3.244667530E0,-4.785645287E-3,8.475378036E0,9.075236809E0
2.062043047E1,8.901300430E-1,-3.541377485E-1,1.204546928E1,1.208350426E1
2.062280605E1,1.210768223E0,-2.632105052E-1,7.374679565E0,7.478043738E0
2.062518157E1,-4.642076015E0,-5.742774606E-1,1.131326580E1,1.224208509E1
2.062755714E1,6.264409542E0,-6.412764788E-1,9.609575272E0,1.148903822E1
2.062993266E1,-5.910272121E0,2.536391914E-1,9.202795982E0,1.094016011E1
2.063230823E1,3.751945972E0,3.828516230E-2,1.114576817E1,1.176038742E1
2.063468376E1,-3.479164124E0,-1.674975902E-1,7.848458290E0,8.586671996E0
2.063705933E1,3.589234054E-1,-6.460621357E-1,1.243310642E1,1.245505350E1
2.063943485E1,2.976671457E0,-3.876372576E-1,7.757531166E0,8.318060195E0
2.064181042E1,-5.201996326E0,-2.871387079E-2,1.084905815E1,1.203177680E1
2.064418594E1,5.331208706E0,-2.679961324E-1,9.595218658E0,1.098006509E1
2.064656152E1,-5.623133183E0,1.148554832E-1,9.011369705E0,1.062250453E1
2.064893704E1,4.010370731E0,-2.679961324E-1,1.184925747E1,1.251238578E1
2.065131261E1,-2.038684845E0,5.264209956E-2,7.618747234E0,7.886971314E0
2.065368813E1,-1.770688772E0,-2.536391914E-1,1.195454216E1,1.208762797E1
2.065606370E1,4.177868366E0,-7.944171429E-1,8.197810173E0,9.235246305E0
2.065843922E1,-4.828716278E0,-6.699903309E-2,1.099741268E1,1.201099810E1
2.066081480E1,5.522634506E0,-1.818545163E-1,9.906285286E0,1.134314996E1
2.066319032E1,-6.068198204E0,4.833501875E-1,8.245666504E0,1.024927670E1
2.066556589E1,3.029313564E0,-7.609176040E-1,1.222253799E1,1.261531495E1
2.066794141E1,-4.307080805E-2,-5.168496966E-1,8.250452042E0,8.266737421E0
2.067031698E1,-1.885544300E0,-2.584248483E-1,1.184925747E1,1.200112342E1
2.067269250E1,4.197010994E0,-2.009970993E-1,7.915457249E0,8.961571546E0
2.067506808E1,-6.096911907E0,-1.579262912E-1,1.034656525E1,1.201035753E1
2.067744360E1,6.034698486E0,-6.221339107E-1,1.089212894E1,1.246768260E1
2.067981917E1,-4.450650215E0,1.435693651E-1,8.250452042E0,9.375439104E0
2.068219474E1,1.871187329E0,-2.440679073E-1,1.219861031E1,1.234370303E1
2.068457026E1,-1.196411327E-1,-5.455635786E-1,7.523034573E0,7.543739311E0
2.068694579E1,-2.469393015E0,-5.647061467E-1,1.212682533E1,1.238857084E1
2.068932136E1,5.369493961E0,-4.881358147E-1,8.695517540E0,1.023141081E1
2.069169693E1,-6.135197163E0,1.244267747E-1,9.868000984E0,1.162039456E1
2.069407245E1,4.560719967E0,-3.732803464E-1,1.083470058E1,1.176138774E1
2.069644803E1,-3.933800459E0,-3.637090325E-1,8.437092781E0,9.316201206E0
2.069882355E1,1.875972986E0,-5.599204898E-1,1.252403355E1,1.267612724E1
2.070119912E1,8.709874153E-1,-3.541377485E-1,7.585247993E0,7.643299009E0
2.070357464E1,-4.278367043E0,-2.679961324E-1,1.150947666E1,1.228186873E1
2.070595021E1,5.675775528E0,-9.092726111E-1,9.121439934E0,1.078155235E1
2.070832573E1,-5.560919762E0,-5.264209956E-2,9.858428955E0,1.131879946E1
2.071070131E1,4.426722050E0,-3.349951804E-1,1.116012478E1,1.201068170E1
2.071307683E1,-4.058227062E0,-2.392822690E-2,7.867600918E0,8.852622417E0
2.071545240E1,3.062812984E-1,-7.513462901E-1,1.246182060E1,1.248820652E1
2.071782792E1,2.478964329E0,-6.125625968E-1,8.126026154E0,8.517793031E0
2.072020349E1,-4.216153622E0,-3.062812984E-1,1.135633659E1,1.211759631E1
2.072257902E1,5.029713154E0,-3.158525825E-1,9.040083885E0,1.034992241E1
2.072495459E1,-6.484549522E0,-1.387837082E-1,9.188439369E0,1.124704679E1
2.072733011E1,4.637290478E0,-7.226324677E-1,1.221296692E1,1.308370061E1
2.072970568E1,-2.646461725E0,-6.221338734E-2,7.891529083E0,8.323692777E0
2.073208120E1,-8.566305041E-1,-1.818545163E-1,1.215075302E1,1.218226932E1
2.073445678E1,2.364108801E0,-7.034898400E-1,7.628318787E0,8.017178799E0
2.073683230E1,-4.484149456E0,-6.604190469E-1,1.151904774E1,1.237869987E1
2.073920782E1,5.819344521E0,-5.647061467E-1,9.891928673E0,1.149060123E1
2.074158339E1,-6.053841114E0,3.637090325E-1,8.772088051E0,1.066446460E1
2.074395896E1,3.072384357E0,-3.445664644E-1,1.183968639E1,1.223668442E1
2.074633448E1,-1.899901152E0,-6.795616150E-1,8.011170387E0,8.261372728E0
2.074871006E1,-5.934200287E-1,-6.125625968E-1,1.235653591E1,1.238593396E1
2.075108552E1,3.282952785E0,-4.115654826E-1,7.987242222E0,8.645415169E0
2.075346115E1,-5.771488190E0,-2.584248483E-1,1.069113159E1,1.215224893E1
2.075583667E1,5.556134224E0,-7.609176040E-1,1.021256733E1,1.165101517E1
2.075821224E1,-5.087141037E0,2.057827413E-1,9.011369705E0,1.035017557E1
2.076058776E1,3.072384357E0,-3.924229145E-1,1.192104244E1,1.231685002E1
2.076296334E1,-1.818545222E0,-3.254238665E-1,7.570890903E0,7.793035127E0
2.076533886E1,-2.081755638E0,-8.327022791E-1,1.205025482E1,1.225706902E1
2.076771443E1,4.761716843E0,-7.992027402E-1,8.772088051E0,1.001310147E1
2.077009000E1,-5.335994720E0,-2.249253243E-1,1.060020447E1,1.186961523E1
2.077246552E1,4.814359188E0,-1.579262912E-1,1.004985523E1,1.114462136E1
2.077484110E1,-5.699703693E0,-9.571290575E-3,8.437092781E0,1.018190790E1
2.077721657E1,3.034099102E0,-8.757730722E-1,1.272503090E1,1.311103151E1
2.077959219E1,-2.249253243E-1,-5.455635786E-1,7.724031448E0,7.746540701E0
2.078196771E1,-2.938386202E0,-3.924229145E-1,1.172483063E1,1.209379024E1
2.078434323E1,4.350151539E0,-7.417750359E-1,8.360522270E0,9.453696697E0
2.078671881E1,-5.603990555E0,-4.019941986E-1,1.063848972E1,1.203095063E1
2.078909438E1,5.292923450E0,-5.072783828E-1,1.075813103E1,1.200040638E1
2.079146990E1,-4.953142643E0,2.584248483E-1,8.121239662E0,9.516035892E0
2.079384547E1,1.301695466E0,-6.077769399E-1,1.237567902E1,1.245878144E1
2.079622099E1,4.689932466E-1,-9.954141974E-1,7.791030407E0,7.868351726E0
2.079859657E1,-2.636890650E0,-4.546363056E-1,1.202632618E1,1.232040616E1
2.080097209E1,4.618147850E0,-3.302095234E-1,8.475378036E0,9.657554595E0
2.080334766E1,-6.580262184E0,7.178468257E-2,9.762716293E0,1.177351404E1
2.080572318E1,4.809573650E0,-6.604190469E-1,1.097827053E1,1.200377340E1
2.080809876E1,-3.790230989E0,-1.435693651E-1,8.542376518E0,9.346585456E0
2.081047428E1,1.296909928E0,-4.977070987E-1,1.231825066E1,1.239632958E1
2.081284985E1,2.823530734E-1,-3.589234054E-1,7.417750359E0,7.431794511E0
2.081522537E1,-4.010370731E0,-5.072783828E-1,1.155733299E1,1.224386992E1
2.081760094E1,5.795416355E0,-6.460621357E-1,9.298508644E0,1.097572367E1
2.081997646E1,-5.795416355E0,-3.828516230E-2,9.614361763E0,1.122605312E1
2.082235204E1,3.986442566E0,-1.100698411E-1,1.099262714E1,1.169366030E1
2.082472756E1,-4.278367043E0,-2.153540403E-1,8.015955925E0,9.088803623E0
2.082710313E1,1.296909928E0,-7.130611539E-1,1.272503090E1,1.281080961E1
2.082947865E1,1.641476393E0,-3.684946895E-1,7.671389580E0,7.853690290E0
2.083185422E1,-4.321437836E0,-1.244267747E-1,1.131326580E1,1.211116386E1
2.083422974E1,5.106283665E0,-4.402793646E-1,8.886942863E0,1.025893426E1
2.083660532E1,-5.876772404E0,-3.014956415E-1,9.619147301E0,1.127631803E1
2.083898089E1,4.704289436E0,-4.450650215E-1,1.164826107E1,1.257021909E1
2.084135641E1,-3.464807272E0,1.866401732E-1,7.872386456E0,8.603150149E0
2.084373198E1,-2.392822653E-1,-3.493520916E-1,1.220818138E1,1.221552273E1
2.084610751E1,2.378465652E0,-7.992027402E-1,7.719245911E0,8.116808567E0
2.084848302E1,-3.756731510E0,-3.732803464E-1,1.152383423E1,1.212646384E1
2.085085860E1,5.393422127E0,-3.349951804E-1,9.131011009E0,1.061021141E1
2.085323417E1,-6.417550564E0,1.866401732E-1,8.953942299E0,1.101784337E1
2.085560969E1,4.173082829E0,-5.838487148E-1,1.184447193E1,1.257167511E1
2.085798526E1,-2.124826431E0,-1.435693651E-1,8.264809608E0,8.534786312E0
2.086036079E1,-2.392822690E-2,-3.397808075E-1,1.211725426E1,1.212204085E1
2.086273636E1,2.277967215E0,-3.397808075E-1,7.441678524E0,7.789939979E0
2.086511188E1,-4.847858906E0,-5.599204898E-1,1.117448139E1,1.219361642E1
2.086748745E1,6.446264267E0,-6.795616150E-1,1.001635551E1,1.193077972E1
2.086986297E1,-5.575276852E0,2.919243574E-1,8.949156761E0,1.054781203E1
2.087223849E1,3.531806231E0,5.264209956E-2,1.166740322E1,1.219035374E1
2.087461407E1,-2.675175667E0,-2.871387303E-1,7.628318787E0,8.088897391E0
2.087698964E1,-9.092725813E-2,-7.800601721E-1,1.257188988E1,1.259639539E1
2.087936516E1,3.632304668E0,-5.455635786E-1,8.035098076E0,8.834821895E0
2.088174073E1,-5.077569485E0,-1.004985496E-1,1.082991505E1,1.196155808E1
2.088411626E1,5.221138954E0,-3.349951804E-1,9.590433121E0,1.092469319E1
2.088649183E1,-5.469992638E0,-1.914258115E-2,8.997013092E0,1.052936040E1
2.088886735E1,4.024727821E0,-4.594219327E-1,1.210289669E1,1.276282143E1
2.089124292E1,-1.828116536E0,-1.339980662E-1,7.714460373E0,7.929241098E0
2.089361844E1,-1.694118381E0,-4.115654826E-1,1.199761295E1,1.212361909E1
2.089599402E1,3.962514400E0,-9.188438654E-1,8.178668022E0,9.134353017E0
2.089836954E1,-4.646861553E0,-2.488535494E-1,1.117448139E1,1.210472159E1
2.090074511E1,5.340780258E0,-1.722832322E-1,9.714859962E0,1.108747579E1
2.090312063E1,-6.092126369E0,3.924229145E-1,8.499305725E0,1.046452088E1
2.090549620E1,3.077169895E0,-6.604190469E-1,1.222732353E1,1.262586903E1
2.090787172E1,-6.699903607E-1,-5.647061467E-1,8.035098076E0,8.082733523E0
2.091024730E1,-1.689332843E0,-4.450650215E-1,1.198325539E1,1.210992725E1
2.091262287E1,3.684946775E0,-3.684946895E-1,7.886743546E0,8.712941227E0
2.091499839E1,-5.977271080E0,-3.254238665E-1,1.050927734E1,1.209456822E1
2.091737396E1,5.905486107E0,-6.364908218E-1,1.067198944E1,1.221356808E1
2.091974948E1,-5.111069202E0,2.297109663E-1,8.417949677E0,9.850770136E0
2.092212506E1,2.129612207E0,-2.009970993E-1,1.205025482E1,1.223863919E1
2.092450058E1,-1.148554921E0,-6.891329288E-1,7.503891945E0,7.622498076E0
2.092687615E1,-2.000399828E0,-7.322037220E-1,1.233739376E1,1.251994435E1
2.092925162E1,4.752145767E0,-4.642075896E-1,8.417949677E0,9.677822836E0
2.093162724E1,-6.049055576E0,4.307080805E-2,1.020299530E1,1.186145192E1
2.093400277E1,4.670789719E0,-2.632105052E-1,1.041835022E1,1.142048938E1
2.093637834E1,-4.852644444E0,-2.823530734E-1,8.370093346E0,9.679170624E0
2.093875386E1,2.632104874E0,-6.317051649E-1,1.265324593E1,1.293953863E1
2.094112943E1,-2.488535494E-1,-2.679961324E-1,7.546962738E0,7.555818724E0
2.094350495E1,-3.594019651E0,-3.349951804E-1,1.164347458E1,1.219014763E1
2.094588052E1,5.106283665E0,-9.092726111E-1,8.633303642E0,1.007148655E1
2.094825605E1,-5.532206059E0,-1.866401732E-1,1.039920712E1,1.178064714E1
2.095063162E1,4.895715237E0,-3.589234054E-1,1.063370419E1,1.171206721E1
2.095300714E1,-5.053641319E0,1.627119333E-1,7.972885132E0,9.441009643E0
2.095538271E1,1.397408366E0,-6.747759581E-1,1.255753326E1,1.265305159E1
2.095775823E1,1.210768223E0,-6.891329288E-1,7.958528042E0,8.079544076E0
2.096013381E1,-3.239881754E0,-3.972085714E-1,1.157647610E1,1.202785963E1
2.096250933E1,4.742574692E0,-3.254238665E-1,8.547162056E0,9.780178659E0
2.096488485E1,-6.460621357E0,-1.770688742E-1,9.738788605E0,1.168824132E1
2.096726042E1,5.441278458E0,-7.226324677E-1,1.146162033E1,1.270820403E1
2.096963599E1,-3.747160196E0,5.264209956E-2,8.121239662E0,8.944188861E0
2.097201152E1,7.465606928E-1,-2.201396823E-1,1.225603771E1,1.228072778E1
2.097438709E1,9.523434043E-1,-6.795616150E-1,7.322037220E0,7.414916790E0
2.097676261E1,-3.349951744E0,-6.843472719E-1,1.197846985E1,1.245689559E1
2.097913818E1,5.795416355E0,-5.694918036E-1,9.164510727E0,1.085815033E1
2.098151376E1,-6.130411625E0,2.297109663E-1,9.288937569E0,1.113189449E1
2.098388922E1,4.067798615E0,-2.105683982E-1,1.123190975E1,1.194768267E1
2.098626485E1,-3.297309637E0,-4.211367965E-1,8.063812256E0,8.722079749E0
2.098864037E1,1.167697430E0,-5.407779217E-1,1.265324593E1,1.271851369E1
2.099101594E1,1.832902193E0,-3.780659735E-1,7.546962738E0,7.775545698E0
2.099339146E1,-4.699503899E0,-2.440679073E-1,1.129412270E1,1.223528151E1
2.099576704E1,5.857629776E0,-7.848458290E-1,9.370293617E0,1.107836685E1
2.099814256E1,-5.345565796E0,1.435693651E-1,9.643074989E0,1.102653985E1
2.100051813E1,4.264009953E0,-2.440679073E-1,1.132762241E1,1.210604723E1
2.100289365E1,-3.383451223E0,4.785645287E-3,7.800601959E0,8.502773430E0
2.100526922E1,-2.919243574E-1,-6.747759581E-1,1.237089348E1,1.239272157E1
2.100764474E1,3.378665686E0,-7.896314859E-1,8.202595711E0,8.906260500E0
2.101002032E1,-4.283152580E0,-3.349951804E-1,1.123669529E1,1.203000161E1
2.101239584E1,5.173282623E0,-1.914258152E-1,9.212367058E0,1.056727040E1
2.101477141E1,-6.441478729E0,9.092725813E-2,8.949156761E0,1.102670951E1
2.101714693E1,4.460221291E0,-7.704889178E-1,1.227996540E1,1.308758104E1
2.101952250E1,-2.115255117E0,-2.297109663E-1,7.939385414E0,8.219544519E0
2.102189797E1,-1.148554921E0,-2.871387303E-1,1.211725426E1,1.217495289E1
2.102427360E1,2.675175667E0,-6.747759581E-1,7.609176159E0,8.093914335E0
2.102664912E1,-4.900500774E0,-5.934200287E-1,1.141376400E1,1.243547602E1
2.102902469E1,5.757131100E0,-5.455635786E-1,1.002592659E1,1.157416961E1
2.103140021E1,-6.120840549E0,3.206382394E-1,8.590232849E0,1.055270573E1
2.103377579E1,2.617748022E0,-3.302095234E-1,1.195932770E1,1.224692459E1
2.103615131E1,-1.890329838E0,-7.704889178E-1,7.867600918E0,8.128108284E0
2.103852688E1,-1.033699393E0,-5.503492355E-1,1.253839111E1,1.259296115E1
2.104090240E1,3.254238844E0,-4.163511395E-1,7.848458290E0,8.506569006E0
2.104327797E1,-6.211767673E0,-1.292124242E-1,1.066720295E1,1.234471434E1
2.104565349E1,5.273781300E0,-8.518448472E-1,1.026999474E1,1.157632069E1
2.104802907E1,-5.240281582E0,9.571290761E-2,8.915657043E0,1.034208163E1
2.105040459E1,2.723032236E0,-4.307080805E-1,1.203111267E1,1.234293669E1
2.105278016E1,-1.990828395E0,-2.009970993E-1,7.604390144E0,7.863240235E0
2.105515573E1,-2.517249346E0,-5.694918036E-1,1.206461143E1,1.233757327E1
2.105753126E1,4.613361835E0,-8.087740541E-1,8.547162056E0,9.746343012E0
2.105990678E1,-5.560919762E0,-2.967100143E-1,1.055713367E1,1.193586766E1
2.106228235E1,4.742574692E0,-2.488535494E-1,1.002592659E1,1.109383373E1
2.106465792E1,-5.938985825E0,6.221338734E-2,8.417949677E0,1.030229586E1
2.106703344E1,2.976671457E0,-7.513462901E-1,1.267717457E1,1.304361335E1
2.106940902E1,-3.732803464E-1,-3.158525825E-1,7.724031448E0,7.739493710E0
2.107178454E1,-2.770888567E0,-1.627119333E-1,1.180140114E1,1.212342227E1
2.107416011E1,4.197010994E0,-6.077769399E-1,8.054241180E0,9.102477415E0
2.107653563E1,-5.498706341E0,-4.594219327E-1,1.073420238E1,1.206938030E1
2.107891120E1,5.728417397E0,-4.977070987E-1,1.072941685E1,1.217303841E1
2.108128672E1,-4.890929699E0,3.972085714E-1,8.183453560E0,9.541901285E0
2.108366230E1,1.670190215E0,-2.440679073E-1,1.234696484E1,1.246180746E1
2.108603782E1,2.823530734E-1,-8.949156404E-1,7.585247993E0,7.643074276E0
2.108841339E1,-2.081755638E0,-4.929214716E-1,1.220818138E1,1.239420714E1
2.109078891E1,5.063212872E0,-4.450650215E-1,8.384450912E0,9.804755201E0
2.109316448E1,-6.202196121E0,6.699903309E-2,1.001156998E1,1.177723478E1
2.109554000E1,5.245067120E0,-6.221339107E-1,1.084427261E1,1.206217344E1
2.109791558E1,-3.637090445E0,1.435693540E-2,8.628518105E0,9.363757670E0
2.110029110E1,2.000399828E0,-4.833501875E-1,1.234217930E1,1.251257834E1
2.110266667E1,3.397808075E-1,-3.445664644E-1,7.499105930E0,7.514703374E0
2.110504219E1,-3.469592810E0,-5.503492355E-1,1.167697430E1,1.219396110E1
2.110741776E1,6.077769279E0,-7.609176040E-1,9.116654396E0,1.098324462E1
2.110979329E1,-5.498706341E0,-6.221338734E-2,1.000678444E1,1.141820374E1
2.111216886E1,4.508078098E0,-5.264209956E-2,1.064806080E1,1.156316298E1
2.111454438E1,-4.536791801E0,4.307080805E-2,8.154739380E0,9.331886696E0
2.111691995E1,1.670190215E0,-7.704889178E-1,1.260060406E1,1.273414352E1
2.111929553E1,1.502692580E0,-5.312066078E-1,7.834101200E0,7.994586110E0
2.112167105E1,-3.976871252E0,-2.488535494E-1,1.154776192E1,1.221590104E1
2.112404662E1,4.843072891E0,-5.551348329E-1,8.585447311E0,9.872863579E0
2.112642214E1,-6.058627129E0,-1.339980662E-1,1.003549862E1,1.172331654E1
2.112879771E1,4.847858906E0,-4.163511395E-1,1.129412270E1,1.229765391E1
2.113117323E1,-4.029513359E0,2.536391914E-1,7.886743546E0,8.860137386E0
2.113354881E1,-1.004985496E-1,-3.110669553E-1,1.226082325E1,1.226518036E1
2.113592433E1,1.560120344E0,-9.954141974E-1,7.537391186E0,7.761255749E0
2.113829990E1,-3.771088600E0,-4.115654826E-1,1.193539906E1,1.252374728E1
2.114067542E1,5.087141037E0,-3.732803464E-1,8.843872070E0,1.020942777E1
2.114305099E1,-6.929614544E0,3.014956415E-1,9.260223389E0,1.156988308E1
2.114542652E1,3.962514400E0,-6.077769399E-1,1.145683479E1,1.213795603E1
2.114780209E1,-2.861815929E0,-2.919243574E-1,8.331808090E0,8.814433408E0
2.115017761E1,1.148554832E-1,-5.264210105E-1,1.214118195E1,1.215313169E1
2.115255318E1,1.593619823E0,-3.206382394E-1,7.393822193E0,7.570405514E0
2.115492870E1,-5.044070244E0,-3.876372576E-1,1.136590767E1,1.244093101E1
2.115730428E1,6.053841114E0,-6.795616150E-1,9.552147865E0,1.132935678E1
2.115967980E1,-5.848058701E0,1.004985496E-1,9.312865257E0,1.099724283E1
2.116205537E1,3.531806231E0,-1.531406492E-1,1.132762241E1,1.186642898E1
2.116443094E1,-3.330809116E0,-3.780659735E-1,7.829315662E0,8.516772099E0
2.116680646E1,1.722832322E-1,-8.279166222E-1,1.259103298E1,1.261939931E1
2.116918204E1,3.014956474E0,-3.349951804E-1,7.862815380E0,8.427695415E0
2.117155756E1,-4.689932346E0,-1.148554832E-1,1.101177025E1,1.196945033E1
2.117393308E1,5.235496044E0,-3.158525825E-1,9.145368576E0,1.054267272E1
2.117630865E1,-5.809773445E0,-1.483550072E-1,9.154939651E0,1.084381836E1
2.117868422E1,4.589433670E0,-6.364908218E-1,1.200239849E1,1.286567493E1
2.118105974E1,-2.234896421E0,-1.914258115E-2,7.896314621E0,8.206516499E0
2.118343532E1,-1.009771109E0,-2.727817893E-1,1.198804188E1,1.203358615E1
2.118581084E1,3.335594654E0,-8.183453679E-1,7.709674358E0,8.440080542E0
2.118818641E1,-4.096512318E0,-2.967100143E-1,1.152861977E1,1.223840364E1
2.119056193E1,5.843272686E0,-3.014956415E-1,9.384650230E0,1.105922218E1
2.119293750E1,-6.096911907E0,4.307080805E-1,8.671588898E0,1.060916105E1
2.119531302E1,3.732803345E0,-6.699903607E-1,1.200718403E1,1.259186945E1
2.119768860E1,-1.162911773E0,-3.206382394E-1,8.269595146E0,8.357115325E0
2.120006412E1,-4.737788737E-1,-4.211367965E-1,1.194497108E1,1.196177900E1
2.120243969E1,3.196810961E0,-2.727817893E-1,7.714460373E0,8.355052906E0
2.120481521E1,-5.288137913E0,-3.254238665E-1,1.096869946E1,1.218124259E1
2.120719079E1,6.561119556E0,-7.657032609E-1,1.005942631E1,1.203439442E1
2.120956631E1,-5.115854740E0,2.201396823E-1,8.925228119E0,1.028980700E1
2.121194188E1,3.249453068E0,-1.914258115E-2,1.175354481E1,1.219447117E1
2.121431740E1,-2.019542217E0,-3.062812984E-1,7.704888821E0,7.971052047E0
2.121669297E1,-7.896314859E-1,-7.752745152E-1,1.241874981E1,1.246795554E1
2.121906849E1,4.359723091E0,-5.407779217E-1,8.231309891E0,9.330278062E0
2.122144407E1,-5.168497086E0,-1.339980662E-1,1.066720295E1,1.185413583E1
2.122381964E1,5.125426292E0,-3.397808075E-1,9.834501266E0,1.109517286E1
2.122619516E1,-5.498706341E0,6.221338734E-2,8.738588333E0,1.032485196E1
2.122857073E1,3.675375462E0,-5.312066078E-1,1.234696484E1,1.289333572E1
2.123094626E1,-1.330409408E0,-1.627119333E-1,7.695317745E0,7.811170179E0
2.123332183E1,-2.388036966E0,-3.206382394E-1,1.191147137E1,1.215272313E1
2.123569735E1,4.139583111E0,-8.949156404E-1,8.025527000E0,9.074475520E0
2.123807292E1,-5.120640278E0,-2.536391914E-1,1.113619614E1,1.225969633E1
2.124044844E1,5.268995285E0,-3.062812984E-1,1.007378292E1,1.137265237E1
2.124282402E1,-5.977271080E0,4.211367965E-1,8.260024071E0,1.020456385E1
2.124519954E1,2.311466694E0,-6.987041831E-1,1.230389404E1,1.253861533E1
2.124757511E1,-3.972085714E-1,-5.982056856E-1,8.059026718E0,8.090953982E0
2.124995063E1,-2.043470621E0,-4.977070987E-1,1.191147137E1,1.209572795E1
2.125232620E1,3.723232031E0,-2.679961324E-1,7.958528042E0,8.790474804E0
2.125470172E1,-6.364908218E0,-2.392822653E-1,1.059063339E1,1.235843147E1
2.125707730E1,5.699703693E0,-7.704889178E-1,1.054756260E1,1.201379841E1
2.125945282E1,-4.934000492E0,1.531406492E-1,8.623732567E0,9.936628015E0
2.126182839E1,1.976471543E0,-1.818545163E-1,1.199282742E1,1.215596233E1
2.126420391E1,-1.038485050E0,-4.689932466E-1,7.412964344E0,7.500029749E0
2.126657948E1,-2.455035925E0,-7.704889178E-1,1.220339584E1,1.247171699E1
2.126895495E1,5.077569485E0,-5.455635786E-1,8.681160927E0,1.007183730E1
2.127133058E1,-5.915057659E0,-2.871387079E-2,1.008335495E1,1.169028565E1
2.127370610E1,4.546362877E0,-2.679961324E-1,1.029870892E1,1.126075675E1
2.127608167E1,-4.938786030E0,-1.292124242E-1,8.542376518E0,9.868155850E0
2.127845719E1,2.794816732E0,-6.364908218E-1,1.250010586E1,1.282453771E1
2.128083277E1,-2.871387079E-2,-3.062812984E-1,7.633104324E0,7.639300645E0
2.128320829E1,-3.436093330E0,-2.679961324E-1,1.171047401E1,1.220711927E1
2.128558386E1,5.067998409E0,-8.997012973E-1,8.374878883E0,9.830191586E0
2.128795943E1,-5.240281582E0,-1.579262912E-1,1.070548820E1,1.192027556E1
2.129033495E1,5.187639713E0,-3.206382394E-1,1.058584690E1,1.179298814E1
2.129271052E1,-4.943571568E0,4.163511395E-1,8.135597229E0,9.528913390E0
2.129508605E1,1.488335729E0,-4.450650215E-1,1.251446247E1,1.261051137E1
2.129746162E1,1.215553880E0,-8.135597110E-1,7.795815945E0,7.931847003E0
2.129983714E1,-2.986242771E0,-6.747759581E-1,1.186361504E1,1.225227857E1
2.130221271E1,5.101497650E0,-4.498506486E-1,8.575876236E0,9.988658423E0
2.130458823E1,-6.403193474E0,-4.785645381E-2,1.008335495E1,1.194475717E1
2.130696381E1,5.374279499E0,-6.317051649E-1,1.117448139E1,1.241575475E1
2.130933933E1,-3.704089403E0,3.349951655E-2,8.312665939E0,9.100649183E0
2.131171490E1,1.067198873E0,-4.115654826E-1,1.232303619E1,1.237600584E1
2.131409042E1,8.901300430E-1,-8.566305041E-1,7.326822758E0,7.430240847E0
2.131646599E1,-3.460021496E0,-8.422735929E-1,1.211246777E1,1.262509600E1
2.131884152E1,5.948556900E0,-5.647061467E-1,9.308079720E0,1.106094798E1
2.132121709E1,-5.977271080E0,2.871387303E-1,9.566504478E0,1.128398095E1
2.132359266E1,4.034298897E0,-1.914258152E-1,1.105484104E1,1.176952513E1
2.132596818E1,-3.718446493E0,-6.317051649E-1,8.049455643E0,8.889298728E0
2.132834370E1,1.325623751E0,-9.571290612E-1,1.288774300E1,1.299104668E1
2.133071928E1,2.062613010E0,-5.694918036E-1,7.747959614E0,8.038007932E0
2.133309485E1,-4.785645485E0,-1.866401732E-1,1.137547874E1,1.234255865E1
2.133547037E1,5.498706341E0,-6.604190469E-1,9.126225471E0,1.067520099E1
2.133784594E1,-5.733202934E0,-8.135596663E-2,9.815358162E0,1.136738715E1
2.134022146E1,4.431507587E0,-6.604190469E-1,1.138026428E1,1.223048764E1
2.134259704E1,-3.359523058E0,-2.201396823E-1,7.901100159E0,8.588494651E0
2.134497256E1,-6.173482537E-1,-7.465606928E-1,1.256710434E1,1.260438746E1
2.134734813E1,3.201596737E0,-6.939185858E-1,7.996813297E0,8.641803491E0
2.134972365E1,-4.646861553E0,-3.445664644E-1,1.125105190E1,1.217777555E1
2.135209922E1,5.163711071E0,-2.679961324E-1,9.375079155E0,1.070643933E1
2.135447474E1,-6.632904530E0,1.052841991E-1,8.858229637E0,1.106683060E1
2.135685032E1,4.206582069E0,-9.906286001E-1,1.227996540E1,1.301822676E1
2.135922584E1,-1.966900229E0,-2.344966233E-1,8.054241180E0,8.294244159E0
2.136160141E1,-1.292124271E0,-2.153540403E-1,1.208375454E1,1.215455002E1
2.136397693E1,2.818745136E0,-4.259224236E-1,7.561319351E0,8.080859137E0
2.136635251E1,-5.297709465E0,-5.312066078E-1,1.122233772E1,1.242130307E1
2.136872803E1,5.905486107E0,-5.455635786E-1,1.004028416E1,1.166103390E1
2.137110360E1,-5.862415314E0,3.014956415E-1,8.609375954E0,1.042018077E1
2.137347912E1,2.502892494E0,-3.014956415E-1,1.188754272E1,1.215191518E1
2.137585469E1,-1.588834286E0,-5.264210105E-1,7.738388538E0,7.917333556E0
2.137823027E1,-1.378265858E0,-4.546363056E-1,1.238525009E1,1.246999321E1
2.138060579E1,3.962514400E0,-3.158525825E-1,7.814958572E0,8.767831015E0
2.138298136E1,-6.245266914E0,0.000000000E0,1.052841949E1,1.224136332E1
2.138535688E1,5.268995285E0,-5.647061467E-1,1.002592659E1,1.134021201E1
2.138773245E1,-4.895715237E0,2.488535494E-1,8.977870941E0,1.022898443E1
2.139010797E1,2.799602509E0,-3.302095234E-1,1.196411324E1,1.229173780E1
2.139248355E1,-1.124626637E0,-4.785645381E-2,7.436892986E0,7.521599072E0
2.139485907E1,-2.976671457E0,-4.594219327E-1,1.199761295E1,1.236989725E1
2.139723464E1,5.264209747E0,-7.322037220E-1,8.551948547E0,1.006895479E1
2.139961016E1,-5.589633465E0,-1.387837082E-1,1.050449181E1,1.189989963E1
2.140198573E1,4.828716278E0,-1.148554832E-1,1.023170948E1,1.131448503E1
2.140436120E1,-5.407779217E0,2.105683982E-1,8.255238533E0,9.871037349E0
2.140673683E1,2.431107759E0,-8.183453679E-1,1.255753326E1,1.281684890E1
2.140911235E1,5.551348329E-1,-4.067798555E-1,7.781459332E0,7.811834219E0
2.141148787E1,-3.230310678E0,-2.249253243E-1,1.171047401E1,1.214992593E1
2.141386344E1,4.613361835E0,-5.024927258E-1,8.183453560E0,9.407684015E0
2.141623902E1,-6.010770321E0,-3.684946895E-1,1.034177971E1,1.196735375E1
2.141861454E1,5.541777134E0,-4.642075896E-1,1.116491032E1,1.247325158E1
2.142099011E1,-4.345366001E0,2.297109663E-1,8.121239662E0,9.213550155E0
2.142336568E1,9.044869542E-1,-2.871387303E-1,1.221775246E1,1.225455101E1
2.142574115E1,8.662018180E-1,-8.901300430E-1,7.523034573E0,7.624872869E0
2.142811678E1,-3.081955671E0,-6.508477330E-1,1.217468166E1,1.257556866E1
2.143049230E1,5.575276852E0,-4.642075896E-1,8.762516975E0,1.039619663E1
2.143286787E1,-6.551548481E0,1.770688742E-1,9.571290970E0,1.160016171E1
2.143524339E1,4.474578381E0,-5.790630579E-1,1.112662506E1,1.200662113E1
2.143761896E1,-3.172882795E0,-2.057827413E-1,8.604590416E0,9.173249588E0
2.143999448E1,9.810572863E-1,-6.029912829E-1,1.222253799E1,1.227666514E1
2.144237006E1,1.469193101E0,-3.924229145E-1,7.403393269E0,7.557959778E0
2.144474558E1,-4.694717884E0,-5.694918036E-1,1.158604717E1,1.251403956E1
2.144712115E1,6.273981094E0,-7.226324677E-1,9.556933403E0,1.145513040E1
2.144949667E1,-5.828916073E0,1.339980662E-1,9.379864693E0,1.104427814E1
2.145187224E1,3.991228104E0,-4.785645381E-2,1.127976608E1,1.196517091E1
2.145424776E1,-3.737588882E0,-1.435693651E-1,7.709674358E0,8.569087555E0
2.145662334E1,1.866401732E-1,-9.810572863E-1,1.249532032E1,1.253516405E1
2.145899886E1,3.148954630E0,-5.455635786E-1,8.159524918E0,8.763070339E0
2.146137443E1,-4.886143684E0,-1.148554832E-1,1.107398319E1,1.210457334E1
2.146374995E1,5.096712112E0,-2.297109663E-1,9.087940216E0,1.042208707E1
2.146612553E1,-6.264409542E0,2.871387079E-2,9.178867340E0,1.111284199E1
2.146850105E1,4.359723091E0,-4.977070987E-1,1.209332561E1,1.286481334E1
2.147087662E1,-2.287538528E0,-1.244267747E-1,7.666603565E0,8.001570144E0
2.147325219E1,-1.765903115E0,-2.679961324E-1,1.200239849E1,1.213457067E1
2.147562771E1,3.455235958E0,-7.034898400E-1,7.910671711E0,8.660963018E0
2.147800329E1,-4.957928658E0,-2.057827413E-1,1.131805134E1,1.235806171E1
2.148037881E1,5.551348686E0,-2.584248483E-1,9.700503349E0,1.117962526E1
2.148275438E1,-6.269195557E0,4.929214716E-1,8.475378036E0,1.055356894E1
2.148512990E1,2.694318295E0,-6.699903607E-1,1.205025482E1,1.236595647E1
2.148750547E1,-6.891329288E-1,-5.168496966E-1,8.102097511E0,8.147761771E0
2.148988099E1,-1.689332843E0,-3.972085714E-1,1.196889877E1,1.209405465E1
2.149225657E1,3.890729666E0,-1.722832322E-1,7.795815945E0,8.714482491E0
2.149463209E1,-6.384050846E0,2.871387079E-2,1.055713367E1,1.233734174E1
2.149700766E1,5.919843197E0,-7.944171429E-1,1.038006496E1,1.197586701E1
2.149938318E1,-4.728217602E0,1.531406492E-1,8.571090698E0,9.789948391E0
2.150175876E1,2.244467735E0,-3.493520916E-1,1.220818138E1,1.241770409E1
2.150413428E1,-4.977070987E-1,-4.067798555E-1,7.307680130E0,7.335896066E0
2.150650985E1,-2.804388046E0,-6.269195080E-1,1.200718403E1,1.234625808E1
2.150888537E1,5.675775528E0,-5.742774606E-1,8.949156761E0,1.061280496E1
2.151126094E1,-5.881557941E0,1.435693540E-2,9.748359680E0,1.138522931E1
2.151363646E1,4.666004181E0,-3.349951804E-1,1.060499001E1,1.159092877E1
2.151601204E1,-4.259224415E0,-1.914258152E-1,8.408378601E0,9.427537704E0
2.151838756E1,2.287538528E0,-5.647061467E-1,1.268196011E1,1.289898592E1
2.152076313E1,1.138983607E0,-3.014956415E-1,7.398607731E0,7.491834197E0
2.152313865E1,-4.177868366E0,-8.614161611E-2,1.153340530E1,1.226708777E1
2.152551422E1,5.632704735E0,-8.805587292E-1,8.748159409E0,1.044188869E1
2.152788980E1,-5.599205017E0,-5.264209956E-2,1.010728264E1,1.155469733E1
2.153026532E1,5.005784988E0,-4.259224236E-1,1.120319557E1,1.227806517E1
2.153264089E1,-3.818944931E0,1.292124242E-1,7.738388538E0,8.630393584E0
2.153501641E1,9.571290575E-3,-6.029912829E-1,1.236132145E1,1.237602352E1
2.153739198E1,2.962314367E0,-7.178468108E-1,8.035098076E0,8.593800762E0
2.153976750E1,-4.182653904E0,-2.775674164E-1,1.123190975E1,1.198863771E1
2.154214308E1,5.446064472E0,-2.536391914E-1,9.145368576E0,1.064714598E1
2.154451860E1,-6.594619274E0,1.866401732E-1,8.963513374E0,1.112961859E1
2.154689417E1,4.570291042E0,-6.508477330E-1,1.215075302E1,1.299815225E1
2.154926969E1,-2.033899307E0,-1.339980662E-1,7.901100159E0,8.159784653E0
2.155164526E1,-9.332008362E-1,-1.435693651E-1,1.196411324E1,1.200131166E1
2.155402079E1,2.852244616E0,-4.211367965E-1,7.566105366E0,8.096826907E0
2.155639636E1,-5.130211830E0,-5.455635786E-1,1.114098263E1,1.227754890E1
2.155877188E1,6.163911343E0,-4.211367965E-1,1.020778179E1,1.193188872E1
2.156114745E1,-5.790630817E0,4.785645306E-1,8.461020470E0,1.026398055E1
2.156352303E1,2.770888567E0,-1.339980662E-1,1.187797165E1,1.219762229E1
2.156589855E1,-1.588834286E0,-5.886343718E-1,7.633104324E0,7.818898032E0
2.156827412E1,-1.201196909E0,-4.689932466E-1,1.239003563E1,1.245695836E1
2.157064964E1,4.211368084E0,-3.349951804E-1,8.020741463E0,9.065326057E0
2.157302521E1,-6.297909260E0,1.292124242E-1,1.030827999E1,1.208060401E1
2.157540073E1,5.278566837E0,-4.833501875E-1,1.030827999E1,1.159126963E1
2.157777631E1,-4.823930264E0,1.818545163E-1,8.824729919E0,1.005878881E1
2.158015183E1,2.746960402E0,-4.067798555E-1,1.218903828E1,1.250135654E1
2.158252740E1,-6.125625968E-1,-1.962114573E-1,7.312466145E0,7.340701124E0
2.158490292E1,-3.373879910E0,-4.546363056E-1,1.182054424E1,1.230101728E1
2.158727849E1,5.666203976E0,-6.987041831E-1,9.040083885E0,1.069192086E1
2.158965402E1,-5.761917114E0,0.000000000E0,9.949356079E0,1.149736384E1
2.159202959E1,4.737788677E0,-7.178468257E-2,1.052841949E1,1.154553644E1
2.159440511E1,-5.029713154E0,-9.571290575E-3,8.159524918E0,9.585194463E0
2.159678068E1,2.005185366E0,-8.614161611E-1,1.273460197E1,1.292025130E1
2.159915620E1,1.359123230E0,-4.594219327E-1,7.791030407E0,7.922022423E0
2.160153178E1,-3.809373617E0,-1.627119333E-1,1.146640587E1,1.208371905E1
2.160390730E1,5.015356064E0,-5.503492355E-1,8.662017822E0,1.002433207E1
2.160628287E1,-6.111268997E0,-2.871387303E-1,9.906285286E0,1.164321887E1
2.160865844E1,5.316852093E0,-5.120640397E-1,1.160040379E1,1.277108037E1
2.161103396E1,-3.684946775E0,5.264209956E-2,7.848458290E0,8.670634432E0
2.161340954E1,-3.828516230E-2,-2.823530734E-1,1.229432297E1,1.229762441E1
2.161578506E1,1.947757602E0,-9.332008362E-1,7.628318787E0,7.928169460E0
2.161816063E1,-3.823730469E0,-6.508477330E-1,1.178225899E1,1.240427927E1
2.162053615E1,5.800201893E0,-5.024927258E-1,9.485149384E0,1.112937104E1
2.162291172E1,-6.632904530E0,3.158525825E-1,8.944371223E0,1.113988159E1
2.162528724E1,3.751945972E0,-5.838487148E-1,1.173440266E1,1.233345789E1
2.162766282E1,-2.172683001E0,-4.737788737E-1,8.303094864E0,8.595719991E0
2.163003834E1,-2.967100143E-1,-5.790630579E-1,1.221296692E1,1.223028666E1
2.163241391E1,2.727817774E0,-3.924229145E-1,7.637889862E0,8.119873589E0
2.163478943E1,-5.694917679E0,-4.833501875E-1,1.110269737E1,1.248741782E1
2.163716500E1,6.183053493E0,-7.561319470E-1,1.029870892E1,1.203599981E1
2.163954052E1,-5.656632900E0,2.344966233E-1,8.719446182E0,1.039621211E1
2.164191610E1,3.062813044E0,-1.818545163E-1,1.197368431E1,1.236054250E1
2.164429167E1,-2.301895380E0,-4.737788737E-1,7.551748276E0,7.908987975E0
2.164666719E1,-1.339980721E0,-8.614161611E-1,1.233260822E1,1.243506380E1
2.164904271E1,4.441078663E0,-5.934200287E-1,8.566305161E0,9.667311473E0
2.165141829E1,-5.766702652E0,-5.742774159E-2,1.039442158E1,1.188705840E1
2.165379386E1,4.867001057E0,-3.445664644E-1,1.003071213E1,1.115444356E1
2.165616938E1,-5.388636589E0,-1.627119333E-1,8.705088615E0,1.023926009E1
2.165854495E1,3.345165968E0,-5.503492355E-1,1.264367485E1,1.309028393E1
2.166092047E1,-6.604190469E-1,-2.919243574E-1,7.499105930E0,7.533788085E0
2.166329605E1,-3.220739365E0,-2.679961324E-1,1.172483063E1,1.216209839E1
2.166567157E1,4.929214478E0,-9.284151793E-1,8.633303642E0,9.984640298E0
2.166804714E1,-5.383851051E0,-1.435693651E-1,1.055234814E1,1.184729992E1
2.167042266E1,5.307280540E0,-3.302095234E-1,1.064806080E1,1.190199411E1
2.167279823E1,-5.134997368E0,3.014956415E-1,8.078168869E0,9.576842375E0
2.167517381E1,1.507478237E0,-6.891329288E-1,1.250010586E1,1.260952185E1
2.167754933E1,1.320838094E0,-7.800601721E-1,8.049455643E0,8.194317744E0
2.167992485E1,-2.971885681E0,-4.450650215E-1,1.165304661E1,1.203427117E1
2.168230042E1,5.087141037E0,-3.110669553E-1,8.604590416E0,1.000073711E1
2.168467594E1,-6.632904530E0,3.828516230E-2,9.724431038E0,1.177121265E1
2.168705152E1,5.412564754E0,-7.848458290E-1,1.155733299E1,1.278607782E1
2.168942709E1,-3.273381472E0,-7.178468257E-2,8.135597229E0,8.769727565E0
2.169180261E1,6.891329288E-1,-3.110669553E-1,1.231346512E1,1.233665636E1
2.169417818E1,1.277767301E0,-6.221339107E-1,7.403393269E0,7.538565631E0
2.169655370E1,-3.996013880E0,-7.657032609E-1,1.181097221E1,1.249213725E1
2.169892928E1,6.135197163E0,-5.982056856E-1,9.671789169E0,1.146917608E1
2.170130480E1,-6.087340832E0,3.110669553E-1,9.068798065E0,1.092682842E1
2.170368037E1,3.699303865E0,-2.584248483E-1,1.149033451E1,1.207391484E1
2.170605589E1,-3.005385160E0,-6.699903607E-1,7.968099594E0,8.542355541E0
2.170843146E1,3.732803464E-1,-6.939185858E-1,1.267238903E1,1.269686201E1
2.171080698E1,2.775674343E0,-5.455635786E-1,7.728816986E0,8.230225980E0
2.171318256E1,-5.599205017E0,-2.440679073E-1,1.114098263E1,1.247125334E1
2.171555802E1,5.450850010E0,-8.135597110E-1,9.743574142E0,1.119423433E1
2.171793365E1,-5.489135265E0,7.657032460E-2,9.332008362E0,1.082695013E1
2.172030917E1,3.584448338E0,-5.264210105E-1,1.199761295E1,1.253268150E1
2.172268474E1,-2.531606436E0,-2.344966233E-1,7.566105366E0,7.981852555E0
2.172506026E1,-1.990828395E0,-6.843472719E-1,1.218903828E1,1.236949405E1
2.172743584E1,4.278367043E0,-8.566305041E-1,8.614161491E0,9.656190686E0
2.172981136E1,-5.383851051E0,-3.062812984E-1,1.082512951E1,1.209392778E1
2.173218693E1,4.800002098E0,-2.249253243E-1,9.848857880E0,1.095858627E1
2.173456251E1,-6.235695839E0,1.339980662E-1,8.657232285E0,1.067002947E1
2.173693802E1,3.115455151E0,-9.427721500E-1,1.251924801E1,1.293547258E1
2.173931360E1,-6.077769399E-1,-4.354937077E-1,7.791030407E0,7.826825818E0
2.174168907E1,-2.794816732E0,-2.823530734E-1,1.183490086E1,1.216370018E1
2.174406469E1,4.053441525E0,-5.934200287E-1,8.116454124E0,9.091719479E0
2.174644021E1,-5.953342915E0,-4.307080805E-1,1.063848972E1,1.219857635E1
2.174881579E1,5.522634506E0,-4.833501875E-1,1.073898792E1,1.208548637E1
2.175119131E1,-4.991427898E0,3.445664644E-1,8.164310455E0,9.575439610E0
2.175356678E1,1.349551916E0,-3.397808075E-1,1.223210907E1,1.231102082E1
2.175594240E1,1.914258152E-1,-7.800601721E-1,7.680960655E0,7.722842372E0
2.175831797E1,-2.679961443E0,-4.354937077E-1,1.209811115E1,1.239903793E1
2.176069349E1,5.182853699E0,-3.397808075E-1,8.523234367E0,9.981129572E0
2.176306907E1,-6.699903488E0,2.632105052E-1,9.681360245E0,1.177653271E1
2.176544459E1,4.776073933E0,-5.934200287E-1,1.101655579E1,1.202196036E1
2.176782016E1,-3.421736479E0,-4.307080805E-2,8.556734085E0,9.215629866E0
2.177019568E1,1.397408366E0,-3.397808075E-1,1.227996540E1,1.236388901E1
2.177257126E1,1.052842021E0,-1.148554832E-1,7.312466145E0,7.388763714E0
2.177494683E1,-4.393222332E0,-3.445664644E-1,1.142812061E1,1.224830883E1
2.177732235E1,6.417550564E0,-7.704889178E-1,9.547362328E0,1.152955922E1
2.177969792E1,-5.704489231E0,1.914258152E-1,9.341579437E0,1.094728038E1
2.178207344E1,4.201796532E0,-9.571290575E-3,1.122712421E1,1.198763963E1
2.178444902E1,-3.603590965E0,-4.785645381E-2,7.858029366E0,8.645043875E0
2.178682454E1,6.221339107E-1,-7.896314859E-1,1.254317665E1,1.258339577E1
2.178920011E1,3.129812002E0,-4.977070987E-1,8.030312538E0,8.633038572E0
2.179157563E1,-4.723432064E0,-1.579262912E-1,1.096869946E1,1.194353879E1
2.179395120E1,5.374279499E0,-4.259224236E-1,9.308079720E0,1.075660904E1
2.179632672E1,-5.804987907E0,-6.699903309E-2,9.346364975E0,1.100258659E1
2.179870230E1,4.493721008E0,-5.312066078E-1,1.207896900E1,1.289872866E1
2.180107782E1,-2.244467735E0,-7.178468257E-2,7.623532772E0,7.947392049E0
2.180345339E1,-1.646261930E0,-2.440679073E-1,1.215075302E1,1.226419775E1
2.180582891E1,3.651447296E0,-9.092726111E-1,8.011170387E0,8.850914925E0
2.180820448E1,-4.785645485E0,-4.737788737E-1,1.127019501E1,1.225333280E1
2.181058006E1,5.594419479E0,-4.498506486E-1,9.925428391E0,1.140236921E1
2.181295558E1,-6.154339790E0,4.163511395E-1,8.422736168E0,1.043991049E1
2.181533115E1,2.593819857E0,-6.604190469E-1,1.223210907E1,1.252152335E1
2.181770667E1,-6.412764788E-1,-6.747759581E-1,7.992027760E0,8.046059024E0
2.182008224E1,-2.043470621E0,-4.642075896E-1,1.206939697E1,1.224996343E1
2.182245777E1,4.000799656E0,-3.637090325E-1,7.982456207E0,8.936346527E0
2.182483334E1,-6.632904530E0,-1.387837082E-1,1.044706345E1,1.237561385E1
2.182720881E1,5.704489231E0,-7.609176040E-1,1.072463131E1,1.217119180E1
2.182958443E1,-4.871787071E0,1.339980662E-1,8.355736732E0,9.673189810E0
2.183195995E1,1.698904037E0,-2.967100143E-1,1.225603771E1,1.237678360E1
2.183433552E1,-6.412764788E-1,-5.551348329E-1,7.345965385E0,7.394769614E0
2.183671105E1,-3.043670416E0,-6.699903607E-1,1.196889877E1,1.236799719E1
2.183908662E1,5.436492920E0,-5.120640397E-1,9.006584167E0,1.053262661E1
2.184146219E1,-6.302694798E0,2.105683982E-1,9.647860527E0,1.152603633E1
2.184383771E1,4.331008911E0,-2.009970993E-1,1.066720295E1,1.151465400E1
2.184621323E1,-4.359723091E0,-2.440679073E-1,8.303094864E0,9.381265314E0
2.184858881E1,1.938186288E0,-4.402793646E-1,1.265803146E1,1.281312501E1
2.185096438E1,9.810572863E-1,-2.775674164E-1,7.350750923E0,7.421122301E0
2.185333990E1,-4.474578381E0,-2.105683982E-1,1.128455162E1,1.214114064E1
2.185571547E1,5.766702652E0,-7.130611539E-1,9.260223389E0,1.093229404E1
2.185809099E1,-5.398207664E0,2.009970993E-1,9.786644936E0,1.117852696E1
2.186046657E1,4.666004181E0,-1.962114573E-1,1.098784161E1,1.193912715E1
2.186284209E1,-3.809373617E0,2.823530734E-1,7.901100159E0,8.776014718E0
2.186521766E1,2.249253243E-1,-6.269195080E-1,1.226082325E1,1.227890086E1
2.186759318E1,3.125026464E0,-7.034898400E-1,8.054241180E0,8.667842255E0
2.186996876E1,-3.967299938E0,-1.818545163E-1,1.130848026E1,1.198558575E1
2.187234428E1,5.489135265E0,-1.339980662E-1,9.030512810E0,1.056876166E1
2.187471985E1,-6.312266350E0,2.823530734E-1,9.001798630E0,1.099803657E1
2.187709537E1,4.886143684E0,-6.556333899E-1,1.201675510E1,1.298871273E1
2.187947094E1,-1.794616938E0,-1.531406492E-1,7.824530125E0,8.029157719E0
2.188184646E1,-6.795616150E-1,-1.483550072E-1,1.211246777E1,1.213242303E1
2.188422204E1,3.081955671E0,-4.642075896E-1,7.580461979E0,8.196178577E0
2.188659761E1,-4.670789719E0,-4.737788737E-1,1.120319557E1,1.214711217E1
2.188897313E1,6.312266350E0,-4.402793646E-1,1.018863869E1,1.199361958E1
2.189134870E1,-5.575276852E0,4.929214716E-1,8.489734650E0,1.016869106E1
2.189372422E1,2.976671457E0,-2.201396823E-1,1.183490086E1,1.220548699E1
2.189609974E1,-1.402194023E0,-7.274180651E-1,7.829315662E0,7.987081373E0
2.189847532E1,-8.374879360E-1,-5.216353536E-1,1.238525009E1,1.242448829E1
2.190085089E1,4.043870449E0,-4.259224236E-1,7.968099594E0,8.945664272E0
2.190322641E1,-6.072983742E0,-9.571290575E-3,1.053320503E1,1.215852094E1
2.190560198E1,5.407779217E0,-5.790630579E-1,1.027956581E1,1.162965448E1
2.190797750E1,-4.766502857E0,9.571290761E-2,8.896514893E0,1.009339822E1
2.191035303E1,2.799602509E0,-4.594219327E-1,1.211725426E1,1.244494650E1
2.191272860E1,-1.186840057E0,-2.536391914E-1,7.389036179E0,7.488042322E0
2.191510417E1,-3.043670416E0,-6.987041831E-1,1.179661560E1,1.220296098E1
2.191747969E1,5.187639713E0,-7.561319470E-1,9.020941734E0,1.043363461E1
2.191985527E1,-5.747560024E0,-1.100698411E-1,1.024128056E1,1.174437691E1
2.192223084E1,4.512863636E0,-6.699903309E-2,1.020299530E1,1.115668141E1
2.192460636E1,-5.685346603E0,2.057827413E-1,8.274380684E0,1.004145847E1
2.192698193E1,2.134397745E0,-9.667003751E-1,1.255274773E1,1.276955907E1
2.192935745E1,4.929214716E-1,-5.886343718E-1,7.877171993E0,7.914499391E0
2.193173302E1,-3.732803345E0,-3.062812984E-1,1.159083271E1,1.218092903E1
2.193410855E1,4.484149456E0,-4.737788737E-1,8.513663292E0,9.634029552E0
2.193648412E1,-6.302694798E0,-2.105683982E-1,1.012642574E1,1.192949283E1
2.193885964E1,5.020142078E0,-4.594219327E-1,1.123669529E1,1.231568983E1
2.194123521E1,-4.412364960E0,1.770688742E-1,7.996813297E0,9.135061075E0
2.194361068E1,3.445664644E-1,-4.450650215E-1,1.221775246E1,1.223071069E1
2.194598631E1,1.067198873E0,-8.327022791E-1,7.762316704E0,7.879458556E0
2.194836183E1,-3.574877024E0,-3.876372576E-1,1.180140114E1,1.233706113E1
2.195073740E1,5.230710506E0,-4.115654826E-1,8.886942863E0,1.032024573E1
2.195311297E1,-6.843472958E0,2.201396823E-1,9.245866776E0,1.150511347E1
2.195548849E1,4.201796532E0,-5.886343718E-1,1.149033451E1,1.224864775E1
2.195786407E1,-2.770888567E0,-2.727817893E-1,8.413164139E0,8.861916507E0
2.196023959E1,3.302095234E-1,-4.067798555E-1,1.220818138E1,1.221941900E1
2.196261516E1,1.780260086E0,-2.632105052E-1,7.436892986E0,7.651534685E0
2.196499068E1,-5.091926575E0,-3.924229145E-1,1.123190975E1,1.233845649E1
2.196736626E1,6.321837425E0,-6.939185858E-1,9.791430473E0,1.167558402E1
2.196974178E1,-5.757131100E0,1.866401732E-1,9.083154678E0,1.075560747E1
2.197211735E1,3.675375462E0,-2.297109663E-1,1.160997581E1,1.218001192E1
2.197449287E1,-2.880958557E0,-3.493520916E-1,7.829315662E0,8.349859450E0
2.197686844E1,-3.206382394E-1,-7.704889178E-1,1.259581852E1,1.262343480E1
2.197924396E1,3.780659676E0,-4.354937077E-1,8.035098076E0,8.890772938E0
2.198161954E1,-5.178068161E0,-8.135596663E-2,1.092084217E1,1.208651324E1
2.198399506E1,5.302495003E0,-3.828516304E-1,9.571290970E0,1.094863642E1
2.198637063E1,-5.450850010E0,-1.866401732E-1,8.934800148E0,1.046791546E1
2.198874615E1,4.043870449E0,-5.455635786E-1,1.254317665E1,1.319021639E1
2.199112172E1,-1.320838094E0,-1.674975902E-1,7.537391186E0,7.654079605E0
2.199349730E1,-2.335394859E0,-2.057827413E-1,1.195454216E1,1.218226145E1
2.199587282E1,4.417150497E0,-8.757730722E-1,8.288737297E0,9.432993320E0
2.199824839E1,-4.977071285E0,-3.445664644E-1,1.097348499E1,1.205434932E1
2.200062391E1,5.536991596E0,-4.067798555E-1,1.014556789E1,1.156530560E1
2.200299948E1,-5.618347645E0,2.823530734E-1,8.403593063E0,1.011266186E1
2.200537500E1,2.373680115E0,-6.317051649E-1,1.239482117E1,1.263586168E1
2.200775058E1,2.632105052E-1,-6.652047038E-1,8.035098076E0,8.066881563E0
2.201012610E1,-2.569891453E0,-4.546363056E-1,1.182054424E1,1.210521798E1
2.201250167E1,4.599005222E0,-4.354937077E-1,8.327022552E0,9.522594625E0
2.201487719E1,-6.508477688E0,-1.387837082E-1,1.015992451E1,1.206663204E1
2.201725277E1,5.503491879E0,-6.987041831E-1,1.119362450E1,1.249295160E1
2.201962829E1,-4.264009953E0,8.614161611E-2,8.264809608E0,9.300337581E0
2.202200386E1,1.057627559E0,-1.818545163E-1,1.218903828E1,1.223618818E1
2.202437943E1,2.057827413E-1,-6.029912829E-1,7.513463020E0,7.540429138E0
2.202675495E1,-3.493520975E0,-8.183453679E-1,1.179661560E1,1.233022780E1
2.202913053E1,5.632704735E0,-5.120640397E-1,9.346364975E0,1.092447301E1
2.203150605E1,-6.393621922E0,3.062812984E-1,9.470791817E0,1.143101514E1
2.203388162E1,3.905086517E0,-1.579262912E-1,1.107876873E1,1.174792569E1
2.203625714E1,-3.876372576E0,-5.024927258E-1,8.188239098E0,9.073368878E0
2.203863271E1,1.024128079E0,-5.694918036E-1,1.264846039E1,1.270262608E1
2.204100823E1,1.674975872E0,-4.163511395E-1,7.551748276E0,7.746469807E0
2.204338381E1,-5.268995285E0,-1.531406492E-1,1.112662506E1,1.231208953E1
2.204575933E1,5.541777134E0,-7.752745152E-1,9.585647583E0,1.109941368E1
2.204813490E1,-5.747560024E0,1.292124242E-1,9.332008362E0,1.096072635E1
2.205051042E1,3.814159393E0,-3.445664644E-1,1.160519028E1,1.222076018E1
2.205288599E1,-3.340380430E0,-1.244267747E-1,7.752745152E0,8.442670243E0
2.205526152E1,-1.110269666E0,-6.556333899E-1,1.235175037E1,1.241886835E1
2.205763709E1,3.541377544E0,-7.800601721E-1,8.293522835E0,9.051650114E0
2.206001266E1,-5.039284706E0,-2.727817893E-1,1.107398319E1,1.216971257E1
2.206238818E1,5.005784988E0,-1.866401732E-1,9.571290970E0,1.080288520E1
2.206476376E1,-6.489335060E0,1.148554832E-1,8.657232285E0,1.081999686E1
2.206713928E1,3.785445452E0,-8.949156404E-1,1.244746304E1,1.304108152E1
2.206951485E1,-1.330409408E0,-3.972085714E-1,7.814958572E0,7.937338429E0
2.207189037E1,-2.019542217E0,-2.153540403E-1,1.202632618E1,1.219661631E1
2.207426594E1,3.622733593E0,-5.312066078E-1,7.925028801E0,8.729974836E0
2.207664146E1,-5.594419479E0,-5.072783828E-1,1.078684425E1,1.216186127E1
2.207901704E1,5.838487148E0,-4.737788737E-1,1.060499001E1,1.211520580E1
2.208139256E1,-5.345565796E0,3.445664644E-1,8.303094864E0,9.881051768E0
2.208376813E1,2.072184324E0,-2.727817893E-1,1.203589821E1,1.221602241E1
2.208614360E1,-6.125625968E-1,-8.279166222E-1,7.714460373E0,7.782902910E0
2.208851922E1,-1.923829436E0,-4.307080805E-1,1.227517986E1,1.243248446E1
2.209089474E1,4.795216560E0,-4.450650215E-1,8.202595711E0,9.511822177E0
2.209327032E1,-6.470192432E0,1.339980662E-1,1.010249710E1,1.199757447E1
2.209564589E1,5.101497650E0,-5.503492355E-1,1.069591713E1,1.186300155E1
2.209802141E1,-3.991228104E0,-5.742774159E-2,8.566305161E0,9.450649915E0
2.210039698E1,1.919043779E0,-4.019941986E-1,1.241396427E1,1.256784935E1
2.210277261E1,3.445664644E-1,-2.249253243E-1,7.211967468E0,7.223696575E0
2.210514808E1,-3.962514400E0,-3.254238665E-1,1.172483063E1,1.238059265E1
2.210752360E1,6.058627129E0,-7.226324677E-1,9.226723671E0,1.106171732E1
2.210989917E1,-5.790630817E0,1.579262912E-1,9.643074989E0,1.124923292E1
2.211227469E1,4.359723091E0,3.828516230E-2,1.096869946E1,1.180343251E1
2.211465026E1,-4.331008911E0,-8.135596663E-2,7.862815380E0,8.977088764E0
2.211702579E1,1.249053478E0,-6.604190469E-1,1.269153118E1,1.276993546E1
2.211940136E1,2.196611166E0,-4.115654826E-1,7.743174076E0,8.059232689E0
2.212177688E1,-4.551148891E0,4.785645287E-3,1.121755219E1,1.210563737E1
2.212415245E1,5.163711071E0,-4.307080805E-1,8.958727837E0,1.034931041E1
2.212652797E1,-6.034698486E0,-6.221338734E-2,9.403793335E0,1.117375431E1
2.212890355E1,4.685146809E0,-3.828516304E-1,1.191625690E1,1.280993187E1
2.213127912E1,-3.043670416E0,9.092725813E-2,7.743174076E0,8.320393148E0
2.213365464E1,-1.038485050E0,-1.914258152E-1,1.206939697E1,1.211550405E1
2.213603021E1,2.924029350E0,-9.044869542E-1,7.929814339E0,8.499999985E0
2.213840573E1,-4.498506546E0,-2.488535494E-1,1.139462185E1,1.225299540E1
2.214078131E1,5.513063431E0,-2.727817893E-1,9.489934921E0,1.097848547E1
2.214315683E1,-6.518048763E0,4.785645306E-1,8.618947029E0,1.081666453E1
2.214553240E1,3.254238844E0,-6.221339107E-1,1.207896900E1,1.252511929E1
2.214790792E1,-1.268195987E0,-5.551348329E-1,8.159524918E0,8.276130897E0
2.215028349E1,-1.320838094E0,-3.493520916E-1,1.204068375E1,1.211795054E1
2.215265902E1,3.469592810E0,-2.488535494E-1,7.719245911E0,8.466803398E0
2.215503459E1,-6.082555294E0,-2.919243574E-1,1.074377346E1,1.234954926E1
2.215741016E1,5.996413708E0,-6.652047038E-1,1.057627583E1,1.217608660E1
2.215978568E1,-5.111069202E0,2.775674164E-1,8.451449394E0,9.880641119E0
2.216216115E1,2.383251429E0,-1.770688742E-1,1.211725426E1,1.235067170E1
2.216453678E1,-1.215553880E0,-6.508477330E-1,7.546962738E0,7.671885073E0
2.216691235E1,-2.024327993E0,-7.178468108E-1,1.213161087E1,1.232027557E1
2.216928787E1,5.048855782E0,-5.407779217E-1,8.657232285E0,1.003648625E1
2.217166344E1,-5.915057659E0,6.699903309E-2,1.009771156E1,1.170282764E1
2.217403896E1,4.618147850E0,-2.392822653E-1,1.044227791E1,1.142040776E1
2.217641454E1,-4.642076015E0,-3.062812984E-1,8.384450912E0,9.588623210E0
2.217879006E1,2.593819857E0,-5.886343718E-1,1.268196011E1,1.295787421E1
2.218116563E1,3.397808075E-1,-3.110669553E-1,7.503891945E0,7.518018886E0
2.218354115E1,-3.838087559E0,-2.105683982E-1,1.159561825E1,1.221612122E1
2.218591672E1,5.393422127E0,-8.422735929E-1,8.925228119E0,1.046222367E1
2.218829224E1,-5.570491314E0,-5.742774159E-2,1.010728264E1,1.154083332E1
2.219066782E1,4.905286312E0,-3.302095234E-1,1.091605663E1,1.197209942E1
2.219304334E1,-4.412364960E0,1.244267747E-1,7.896314621E0,9.046337997E0
2.219541891E1,7.369893789E-1,-6.173482537E-1,1.251924801E1,1.255610779E1
2.219779448E1,2.062613010E0,-6.939185858E-1,7.996813297E0,8.287636475E0
2.220017000E1,-3.708875179E0,-2.632105052E-1,1.139940739E1,1.199047637E1
2.220254558E1,5.292923450E0,-1.531406492E-1,8.896514893E0,1.035308978E1
2.220492110E1,-6.589833736E0,3.493520916E-1,9.265008926E0,1.137489982E1
2.220729667E1,4.996213913E0,-6.077769399E-1,1.170090294E1,1.273745170E1
2.220967219E1,-2.809173822E0,-3.014956415E-1,7.843672752E0,8.336999426E0
2.221204776E1,-1.339980662E-1,-3.014956415E-1,1.231346512E1,1.231788449E1
2.221442329E1,2.344966173E0,-5.503492355E-1,7.613961697E0,7.985872736E0
2.221679886E1,-4.560719967E0,-3.349951804E-1,1.140419292E1,1.228690379E1
2.221917438E1,6.058627129E0,-4.115654826E-1,9.853643417E0,1.157456856E1
2.222154995E1,-5.967699528E0,4.354937077E-1,8.633303642E0,1.050414319E1
2.222392547E1,3.273381472E0,-4.402793646E-1,1.185404301E1,1.230557629E1
2.222630105E1,-1.737189293E0,-6.747759581E-1,7.934599876E0,8.150522954E0
2.222867662E1,-5.359922647E-1,-3.349951804E-1,1.245703506E1,1.247306025E1
2.223105214E1,3.488735437E0,-2.201396823E-1,7.814958572E0,8.561151437E0
2.223342771E1,-5.982056618E0,1.292124242E-1,1.074377346E1,1.229757559E1
2.223580323E1,5.637490273E0,-6.125625968E-1,1.000199890E1,1.149767418E1
2.223817881E1,-5.039284706E0,-1.674975902E-1,8.834300995E0,1.017188871E1
2.224055433E1,3.014956474E0,-5.742774606E-1,1.251924801E1,1.288997005E1
2.224292990E1,-1.277767301E0,-1.770688742E-1,7.389036179E0,7.500793179E0
2.224530542E1,-2.871387243E0,-2.967100143E-1,1.190190029E1,1.224696420E1
2.224768099E1,5.106283665E0,-7.369893789E-1,8.848658562E0,1.024285334E1
2.225005652E1,-5.733202934E0,-2.297109663E-1,1.025085258E1,1.174744065E1
2.225243209E1,4.728217602E0,-4.067798555E-1,1.033699417E1,1.137431141E1
2.225480766E1,-5.197210789E0,-9.092725813E-2,8.374878883E0,9.856868877E0
2.225718318E1,2.163111687E0,-7.417750359E-1,1.283988667E1,1.304193130E1
2.225955876E1,5.838487148E-1,-3.637090325E-1,7.585247993E0,7.616373855E0
2.226193428E1,-3.799802303E0,-1.483550072E-1,1.170090294E1,1.230331810E1
2.226430985E1,4.886143684E0,-5.599204898E-1,8.590232849E0,9.898485311E0
2.226668537E1,-6.187839508E0,-4.402793646E-1,9.829715729E0,1.162353281E1
2.226906094E1,5.020142078E0,-5.934200287E-1,1.156690502E1,1.262328268E1
2.227143646E1,-3.924229145E0,1.674975902E-1,7.910671711E0,8.832120739E0
2.227381204E1,-4.307080805E-2,-2.584248483E-1,1.233260822E1,1.233539071E1
2.227618756E1,1.899901152E0,-7.752745152E-1,7.719245911E0,7.987329490E0
2.227856313E1,-4.115654945E0,-5.072783828E-1,1.151904774E1,1.224272877E1
2.228093865E1,5.675775528E0,-7.082754970E-1,9.394221306E0,1.099852154E1
2.228331422E1,-6.575476646E0,1.052841991E-1,8.977870941E0,1.112879798E1
2.228568974E1,3.842873096E0,-5.647061467E-1,1.200239849E1,1.261523429E1
2.228806532E1,-1.981257200E0,-2.775674164E-1,8.082955360E0,8.326859619E0
2.229044084E1,-7.322037220E-1,-3.493520916E-1,1.214596748E1,1.217303147E1
2.229281641E1,3.139383316E0,-4.402793646E-1,7.657032490E0,8.287322853E0
2.229519198E1,-5.565705299E0,-6.077769399E-1,1.093041420E1,1.228089666E1
2.229756750E1,6.302694798E0,-7.704889178E-1,1.036092186E1,1.215180302E1
2.229994308E1,-5.206781864E0,7.417750359E-1,8.695517540E0,1.016232419E1
2.230231860E1,2.474178553E0,-3.014956415E-1,1.176311588E1,1.202428187E1
2.230469417E1,-1.296909928E0,-1.004985452E0,7.532605648E0,7.709222981E0
2.230706969E1,-1.196411371E0,-6.269195080E-1,1.267717457E1,1.274892871E1
2.230944526E1,4.957928658E0,-2.632105052E-1,8.288737297E0,9.661961619E0
2.231182079E1,-6.144768715E0,2.392822653E-1,1.008335495E1,1.181056669E1
2.231419636E1,4.900500774E0,-5.168496966E-1,1.042313576E1,1.152925845E1
2.231657188E1,-4.359723091E0,-4.594219327E-1,8.599804878E0,9.652714535E0
2.231894745E1,2.952743053E0,-6.125625968E-1,1.281117249E1,1.316130939E1
2.232132302E1,-1.435693540E-2,-2.297109663E-1,7.393822193E0,7.397403590E0
2.232369855E1,-3.833301783E0,-5.264209956E-2,1.160040379E1,1.221746053E1
2.232607412E1,5.522634506E0,-8.566305041E-1,8.906085968E0,1.051435566E1
2.232844964E1,-5.589633465E0,-2.632105052E-1,1.007378292E1,1.152364458E1
2.233082521E1,4.957928658E0,-5.024927258E-1,1.097348499E1,1.205200931E1
2.233320073E1,-4.374079704E0,9.571290575E-3,8.001599312E0,9.119114892E0
2.233557631E1,5.551348329E-1,-5.551348329E-1,1.261974621E1,1.264414266E1
2.233795183E1,2.258824587E0,-7.130611539E-1,7.958528042E0,8.303548237E0
2.234032740E1,-4.244867325E0,-3.397808075E-1,1.138504982E1,1.215539835E1
2.234270292E1,5.259424210E0,-4.594219327E-1,9.145368576E0,1.055984744E1
2.234507849E1,-6.666403770E0,9.571290575E-3,9.083154678E0,1.126697518E1
2.234745407E1,4.522434711E0,-7.896314859E-1,1.231346512E1,1.314143663E1
2.234982959E1,-2.560320139E0,-2.775674164E-1,7.767102242E0,8.182918802E0
2.235220516E1,-1.143769264E0,-2.057827413E-1,1.230867958E1,1.236341974E1
2.235458068E1,2.766103029E0,-7.082754970E-1,7.709674358E0,8.221438977E0
2.235695626E1,-5.067998409E0,-6.652047038E-1,1.118405342E1,1.229675388E1
2.235933167E1,5.766702652E0,-6.460621357E-1,1.028913784E1,1.181264633E1
2.236170735E1,-5.977271080E0,3.972085714E-1,8.489734650E0,1.039043496E1
2.236408287E1,2.526820660E0,-3.062812984E-1,1.206461143E1,1.233018572E1
2.236645844E1,-1.531406522E0,-8.374879360E-1,7.657032490E0,7.853453923E0
2.236883396E1,-1.493121386E0,-5.120640397E-1,1.249532032E1,1.259462786E1
2.237120954E1,4.034298897E0,-5.072783828E-1,8.126026154E0,9.086539495E0
2.237358506E1,-6.470192432E0,4.307080805E-2,1.029392338E1,1.215854036E1
2.237596063E1,5.158925533E0,-6.652047038E-1,1.066241741E1,1.186356418E1
2.237833615E1,-4.608576298E0,9.092725813E-2,8.599804878E0,9.757247932E0
2.238071172E1,2.129612207E0,-4.737788737E-1,1.227039433E1,1.246283641E1
2.238308730E1,-5.407779217E-1,-4.019941986E-1,7.331608772E0,7.362508220E0
2.238546282E1,-3.412165165E0,-4.737788737E-1,1.192104244E1,1.240881100E1
2.238783839E1,5.627918720E0,-6.173482537E-1,9.116654396E0,1.073163433E1
2.239021391E1,-5.876772404E0,7.178468257E-2,9.872786522E0,1.148971369E1
2.239258948E1,4.421936035E0,-4.307080805E-2,1.071506023E1,1.159171640E1
2.239496501E1,-4.756931305E0,-1.962114573E-1,8.087740898E0,9.385011839E0
2.239734052E1,1.823330879E0,-7.465606928E-1,1.291645622E1,1.306586123E1
2.239971610E1,1.497906923E0,-3.780659735E-1,7.546962738E0,7.703460625E0
2.240209167E1,-4.106083870E0,-3.828516230E-2,1.131805134E1,1.203992012E1
2.240446719E1,5.182853699E0,-5.216353536E-1,9.030512810E0,1.042517326E1
2.240684276E1,-5.848058701E0,-8.614161611E-2,9.681360245E0,1.131087738E1
2.240921834E1,5.058426857E0,-3.924229145E-1,1.149990559E1,1.256938767E1
2.241159381E1,-3.412165165E0,2.057827413E-1,7.910671711E0,8.617653078E0
2.241396943E1,-2.249253243E-1,-1.292124242E-1,1.227517986E1,1.227792034E1
2.241634495E1,2.493321180E0,-7.800601721E-1,7.580461979E0,8.018013981E0
2.241872052E1,-4.005585194E0,-3.684946895E-1,1.149512005E1,1.217859951E1
2.242109605E1,5.824130535E0,-4.354937077E-1,9.485149384E0,1.113903991E1
2.242347162E1,-6.412764549E0,4.498506486E-1,8.700303078E0,1.081763322E1
2.242584714E1,3.871587038E0,-4.689932466E-1,1.187318611E1,1.249726727E1
2.242822271E1,-1.718046665E0,-1.866401732E-1,8.193024635E0,8.373301116E0
2.243059823E1,-5.264210105E-1,-2.584248483E-1,1.210289669E1,1.211709581E1
2.243297381E1,2.813959360E0,-1.818545163E-1,7.503891945E0,8.016223092E0
2.243534933E1,-5.431707382E0,-3.158525825E-1,1.098784161E1,1.226115293E1
2.243772490E1,6.312266350E0,-6.460621357E-1,1.018385315E1,1.199887360E1
2.244010047E1,-5.517848969E0,3.732803464E-1,8.700303078E0,1.030928073E1
2.244247599E1,3.000599623E0,-5.742774159E-2,1.167218876E1,1.205184162E1
2.244485157E1,-2.330609322E0,-4.067798555E-1,7.633104324E0,7.991338517E0
2.244722709E1,-1.019342422E0,-5.790630579E-1,1.248096275E1,1.253590062E1
2.244960266E1,4.120440483E0,-4.067798555E-1,8.054241180E0,9.056174723E0
2.245197818E1,-5.699703693E0,2.392822690E-2,1.045663452E1,1.190917295E1
2.245435376E1,4.977071285E0,-1.627119333E-1,9.949356079E0,1.112597861E1
2.245672928E1,-5.436492920E0,-2.392822690E-2,8.666803360E0,1.023081171E1
2.245910485E1,3.397808075E0,-5.359922647E-1,1.234217930E1,1.281256326E1
2.246148037E1,-1.167697430E0,-1.052841991E-1,7.633104324E0,7.722621555E0
2.246385594E1,-2.871387243E0,-1.052841991E-1,1.183011532E1,1.217405347E1
2.246623146E1,4.412364960E0,-7.322037220E-1,8.159524918E0,9.304995095E0
2.246860704E1,-5.441278458E0,-2.297109663E-1,1.072463131E1,1.202821662E1
2.247098256E1,5.316852093E0,-4.211367965E-1,1.022692394E1,1.153413394E1
2.247335813E1,-5.709274769E0,4.259224236E-1,8.111668587E0,9.928564627E0
2.247573370E1,2.005185366E0,-5.024927258E-1,1.249053383E1,1.266043848E1
2.247810922E1,1.004985496E-1,-4.833501875E-1,7.743174076E0,7.758896322E0
2.248048480E1,-2.703889608E0,-3.349951804E-1,1.175833035E1,1.206986219E1
2.248286032E1,4.383651257E0,-3.780659735E-1,8.164310455E0,9.274443241E0
2.248523589E1,-6.407979012E0,-1.674975902E-1,1.004985523E1,1.192014432E1
2.248761141E1,5.541777134E0,-6.125625968E-1,1.096391296E1,1.230015911E1
2.248998698E1,-4.445864677E0,3.158525825E-1,8.240880966E0,9.368969777E0
2.249236251E1,1.354337573E0,-1.100698411E-1,1.215553856E1,1.223124946E1
2.249473808E1,-1.100698411E-1,-5.838487148E-1,7.235895634E0,7.260246574E0
2.249711365E1,-2.890529871E0,-5.742774606E-1,1.205982590E1,1.241468317E1
2.249948917E1,5.465207100E0,-4.881358147E-1,8.920442581E0,1.047287263E1
2.250186474E1,-6.092126369E0,2.679961324E-1,9.590433121E0,1.136495636E1
2.250424026E1,4.326223373E0,-5.742774159E-2,1.080598736E1,1.163996862E1
2.250661584E1,-4.110869408E0,-2.105683982E-1,8.164310455E0,9.143279037E0
2.250899136E1,2.081755638E0,-4.546363056E-1,1.254796219E1,1.272759819E1
2.251136693E1,9.140582681E-1,-2.727817893E-1,7.441678524E0,7.502565673E0
2.251374245E1,-4.168296814E0,-1.004985496E-1,1.135633659E1,1.209756914E1
2.251611802E1,5.718846321E0,-7.609176040E-1,9.188439369E0,1.084949846E1
2.251849355E1,-5.388636589E0,1.818545163E-1,9.877572060E0,1.125330641E1
2.252086912E1,4.661218643E0,-1.196411327E-1,1.093998528E1,1.189220548E1
2.252324464E1,-4.302295208E0,3.062812984E-1,7.867600918E0,8.972329491E0
2.252562021E1,7.369893789E-1,-5.407779217E-1,1.237089348E1,1.240462009E1
2.252799573E1,2.268395901E0,-7.369893789E-1,7.896314621E0,8.248670069E0
2.253037131E1,-3.795016766E0,-2.392822653E-1,1.152383423E1,1.213499747E1
2.253274688E1,5.182853699E0,-2.536391914E-1,8.920442581E0,1.031991285E1
2.253512240E1,-6.513263226E0,1.244267747E-1,9.265008926E0,1.132600858E1
2.253749797E1,4.905286312E0,-5.886343718E-1,1.192582798E1,1.290866752E1
2.253987349E1,-2.895315409E0,9.571290575E-3,7.977670670E0,8.486823448E0
2.254224907E1,-1.148554832E-1,-1.627119333E-1,1.223210907E1,1.223373039E1
2.254462459E1,1.718046665E0,-7.226324677E-1,7.345965385E0,7.578726111E0
2.254700016E1,-4.177868366E0,-5.694918036E-1,1.183968639E1,1.256809766E1
2.254937568E1,5.943771362E0,-5.216353536E-1,9.643074989E0,1.133972736E1
2.255175126E1,-6.226124287E0,3.828516304E-1,9.044869423E0,1.098730458E1
2.255412672E1,3.436093330E0,-1.627119333E-1,1.164347458E1,1.214099307E1
2.255650235E1,-2.976671457E0,-7.800601721E-1,7.800601959E0,8.385610160E0
2.255887787E1,3.637090325E-1,-6.125625968E-1,1.287338543E1,1.289308224E1
2.256125344E1,2.541177750E0,-2.105683982E-1,7.728816986E0,8.138583133E0
2.256362902E1,-5.680561066E0,-4.307080805E-2,1.087777138E1,1.227177816E1
2.256600454E1,5.541777134E0,-7.704889178E-1,9.729216576E0,1.122330620E1
2.256838011E1,-5.536991596E0,-4.785645287E-3,9.303294182E0,1.082633740E1
2.257075563E1,3.842873096E0,-6.221339107E-1,1.185882950E1,1.248144869E1
2.257313120E1,-2.828316450E0,-1.292124242E-1,7.757531166E0,8.258048170E0
2.257550672E1,-1.555334687E0,-4.354937077E-1,1.227517986E1,1.238098386E1
2.257788230E1,3.919443607E0,-7.082754970E-1,8.269595146E0,9.178774224E0
2.258025782E1,-5.201996326E0,-4.163511395E-1,1.080120182E1,1.199583573E1
2.258263339E1,5.120640278E0,-6.747759581E-1,9.848857880E0,1.112098381E1
2.258500891E1,-6.058627129E0,1.435693540E-2,8.872586250E0,1.074383337E1
2.258738448E1,3.737588882E0,-2.871387303E-1,1.259103298E1,1.313720407E1
2.258976006E1,-1.579262972E0,-1.770688742E-1,7.312466145E0,7.483153482E0
2.259213558E1,-2.359323025E0,-5.647061467E-1,1.217946720E1,1.241872455E1
2.259451115E1,4.230510235E0,-1.009771109E0,7.992027760E0,9.098865987E0
2.259688667E1,-5.039284706E0,-1.579262912E-1,1.126540947E1,1.234215466E1
2.259926224E1,5.111069202E0,-3.589234054E-1,9.882357597E0,1.113161471E1
2.260163777E1,-5.603990555E0,4.307080805E-1,8.470592499E0,1.016568526E1
2.260401334E1,2.301895380E0,-9.140582681E-1,1.236610699E1,1.261169405E1
2.260638886E1,8.135596663E-2,-9.092726111E-1,7.824530125E0,7.877605420E0
2.260876443E1,-1.885544300E0,-4.785645381E-2,1.232782269E1,1.247127819E1
2.261113995E1,4.082155228E0,-2.201396823E-1,7.853243828E0,8.853580711E0
2.261351547E1,-6.412764549E0,-4.546363056E-1,1.020778179E1,1.206354228E1
2.261589110E1,5.814558983E0,-8.374879360E-1,1.101655579E1,1.248499033E1
2.261826662E1,-3.900300980E0,7.369893789E-1,8.700303078E0,9.562989842E0
2.262064219E1,1.655833244E0,-4.115654826E-1,1.190668583E1,1.202831398E1
2.262301771E1,-3.302095234E-1,-8.183453679E-1,7.226324558E0,7.280006462E0
2.262539329E1,-2.703889608E0,-6.460621357E-1,1.227039433E1,1.258137481E1
2.262776881E1,6.049055576E0,-7.226324677E-1,8.848658562E0,1.074299909E1
2.263014438E1,-5.785845280E0,6.173482537E-1,1.010728264E1,1.166251632E1
2.263251990E1,4.340580463E0,-3.110669553E-1,1.031785107E1,1.119801108E1
2.263489547E1,-4.493721008E0,-5.072783828E-1,8.331808090E0,9.479972886E0
2.263727099E1,2.794816732E0,-5.982056856E-1,1.289731407E1,1.321020669E1
2.263964657E1,9.714859724E-1,5.742774159E-2,7.633104324E0,7.694892109E0
2.264202214E1,-4.029513359E0,-3.828516304E-1,1.120798111E1,1.191647573E1
2.264439766E1,5.364708424E0,-1.024128079E0,9.150154114E0,1.065618389E1
2.264677323E1,-5.149354458E0,-1.914258152E-1,1.021735287E1,1.144319863E1
2.264914876E1,5.015356064E0,-3.302095234E-1,1.083470058E1,1.194376706E1
2.265152433E1,-4.383651257E0,4.546363056E-1,8.193024635E0,9.303157807E0
2.265389985E1,7.561319470E-1,-4.067798555E-1,1.227039433E1,1.230039765E1
2.265627542E1,1.521835208E0,-1.325623751E0,7.436892986E0,7.705883338E0
2.265865094E1,-3.043670416E0,-5.838487148E-1,1.229432297E1,1.267892685E1
2.266102652E1,5.278566837E0,-4.211367965E-1,8.805587769E0,1.027516423E1
2.266340204E1,-6.690331936E0,3.589234054E-1,9.499505997E0,1.162454221E1
2.266577761E1,4.493721008E0,-4.881358147E-1,1.134197903E1,1.220951651E1
2.266815318E1,-3.168097258E0,-2.679961324E-1,8.226524353E0,8.819544495E0
2.267052870E1,7.369893789E-1,-7.561319470E-1,1.234696484E1,1.239203089E1
2.267290428E1,1.430907965E0,-7.034898400E-1,7.546962738E0,7.713562220E0
2.267527980E1,-4.541577339E0,-3.445664644E-1,1.162911797E1,1.248923678E1
2.267765537E1,5.958128452E0,-6.508477330E-1,9.422935486E0,1.116756959E1
2.268003089E1,-6.053841114E0,2.057827413E-1,9.432506561E0,1.120997408E1
2.268240646E1,3.804588079E0,-1.244267747E-1,1.139462185E1,1.201364972E1
2.268478198E1,-3.814159393E0,-5.072783828E-1,7.690532207E0,8.599385377E0
2.268715756E1,4.115654826E-1,-8.614161611E-1,1.286381435E1,1.289919159E1
2.268953313E1,2.641676188E0,-4.929214716E-1,7.934599876E0,8.377308628E0
2.269190865E1,-4.919643402E0,-3.828516230E-2,1.112183952E1,1.216140088E1
2.269428422E1,5.082355499E0,-2.009970993E-1,9.288937569E0,1.059033042E1
2.269665974E1,-6.273981094E0,-9.571290761E-2,9.078369141E0,1.103579567E1
2.269903532E1,4.493721008E0,-6.795616150E-1,1.208854008E1,1.291464803E1
2.270141084E1,-2.627319336E0,-1.100698411E-1,7.834101200E0,8.263659230E0
2.270378641E1,-1.148554921E0,-2.632105052E-1,1.224168110E1,1.229826062E1
2.270616193E1,2.943171740E0,-7.178468108E-1,7.805387497E0,8.372672089E0
2.270853751E1,-4.512863636E0,-2.584248483E-1,1.152383423E1,1.237867024E1
2.271091302E1,5.489135265E0,-4.307080805E-1,9.504291534E0,1.098397346E1
2.271328860E1,-6.336194515E0,2.967100143E-1,8.733802795E0,1.079419793E1
2.271566417E1,3.431307554E0,-6.460621357E-1,1.215075302E1,1.264247076E1
2.271803969E1,-1.502692580E0,-3.828516304E-1,8.159524918E0,8.305570856E0
2.272041526E1,-9.667003751E-1,-4.450650215E-1,1.221296692E1,1.225924767E1
2.272279079E1,3.058027267E0,-2.871387303E-1,7.594819069E0,8.192390134E0
2.272516636E1,-5.661418438E0,-1.914258152E-1,1.097827053E1,1.235357140E1
2.272754188E1,6.144768715E0,-6.652047038E-1,1.014078236E1,1.187586404E1
2.272991745E1,-5.517848969E0,1.244267747E-1,8.772088051E0,1.036396006E1
2.273229297E1,3.053241730E0,-3.349951804E-1,1.194018459E1,1.232893000E1
2.273466855E1,-1.966900229E0,-4.594219327E-1,7.676175117E0,7.937469966E0
2.273704407E1,-1.138983607E0,-6.652047038E-1,1.249532032E1,1.256474476E1
2.273941964E1,4.072584152E0,-4.115654826E-1,8.197810173E0,9.162937272E0
2.274179516E1,-5.398207664E0,-6.699903309E-2,1.068156052E1,1.196832778E1
2.274417073E1,4.962714195E0,-2.823530734E-1,9.781859398E0,1.097237571E1
2.274654626E1,-5.484349728E0,-3.684946895E-1,8.724231720E0,1.031145477E1
2.274892183E1,3.704089403E0,-6.077769399E-1,1.257667542E1,1.312487850E1
2.275129740E1,-1.091127157E0,-2.344966233E-1,7.724031448E0,7.804243010E0
2.275367292E1,-2.579462767E0,-1.866401732E-1,1.205025482E1,1.232465432E1
2.275604849E1,4.331008911E0,-7.226324677E-1,7.953742504E0,9.085254850E0
2.275842402E1,-5.206781864E0,-3.110669553E-1,1.091127110E1,1.209393141E1
2.276079959E1,5.584847927E0,-6.125625968E-1,1.031785107E1,1.174835350E1
2.276317511E1,-5.484349728E0,3.014956415E-1,8.350951195E0,9.995367798E0
2.276555068E1,2.292324066E0,-5.503492355E-1,1.240439224E1,1.262642391E1
2.276792626E1,1.148554832E-1,-4.689932466E-1,7.925028801E0,7.939724677E0
2.277030178E1,-2.349751949E0,-3.684946895E-1,1.186361504E1,1.209968943E1
2.277267735E1,4.407579422E0,-3.924229145E-1,8.020741463E0,9.160406417E0
2.277505287E1,-6.283552170E0,-1.674975902E-1,1.030827999E1,1.207359597E1
2.277742844E1,5.819344521E0,-7.130611539E-1,1.102134132E1,1.248371705E1
2.277980396E1,-4.484149456E0,2.488535494E-1,8.264809608E0,9.406200205E0
2.278217954E1,1.627119422E0,-1.100698411E-1,1.218425274E1,1.229291047E1
2.278455506E1,-2.057827413E-1,-4.402793646E-1,7.398607731E0,7.414552502E0
2.278693063E1,-2.909672260E0,-6.269195080E-1,1.193061352E1,1.229629048E1
2.278930615E1,5.508277893E0,-5.551348329E-1,8.934800148E0,1.051094447E1
2.279168172E1,-6.082555294E0,1.962114573E-1,9.767501831E0,1.150826094E1
2.279405724E1,4.421936035E0,-1.770688742E-1,1.061456108E1,1.150016429E1
2.279643282E1,-4.350151539E0,-3.828516230E-2,8.312665939E0,9.382201191E0
2.279880834E1,1.976471543E0,-5.024927258E-1,1.249532032E1,1.266064645E1
2.280118391E1,6.652047038E-1,-1.818545163E-1,7.451249599E0,7.483093542E0
2.280355948E1,-4.192225456E0,-5.264209956E-2,1.148554897E1,1.222682954E1
2.280593501E1,5.225924492E0,-7.848458290E-1,8.690732002E0,1.017128765E1
2.280831058E1,-5.627918720E0,1.196411327E-1,1.023170948E1,1.167799906E1
2.281068610E1,4.785645485E0,-2.297109663E-1,1.070548820E1,1.172871040E1
2.281306167E1,-4.675575256E0,7.274180651E-1,8.020741463E0,9.312488101E0
2.281543719E1,5.886343718E-1,-3.493520916E-1,1.221775246E1,1.223691188E1
2.281781277E1,1.507478237E0,-1.201196909E0,7.475177765E0,7.719692174E0
2.282018834E1,-3.388236761E0,5.264209956E-2,1.220339584E1,1.266514073E1
2.282256386E1,4.733003139E0,-3.732803464E-1,8.121239662E0,9.407188240E0
2.282493943E1,-6.360122681E0,8.614161611E-1,1.024128056E1,1.208623290E1
2.282731490E1,4.297509670E0,-1.024128079E0,1.048056316E1,1.137363759E1
2.282969052E1,-3.182454109E0,2.727817893E-1,8.628518105E0,9.200747184E0
2.283206605E1,4.546363056E-1,-1.100698411E-1,1.199761295E1,1.200672837E1
2.283444162E1,1.115055323E0,-2.440679073E-1,7.164111137E0,7.254474888E0
2.283681714E1,-4.412364960E0,-6.125625968E-1,1.170568848E1,1.252466926E1
2.283919271E1,5.982056618E0,-4.594219327E-1,9.384650230E0,1.113856947E1
2.284156823E1,-6.192625046E0,3.014956415E-1,9.260223389E0,1.114411243E1
2.284394376E1,3.708875179E0,-1.339980662E-1,1.125105190E1,1.184735749E1
2.284631933E1,-3.292523861E0,-2.488535494E-1,7.948956966E0,8.607471076E0
2.284869490E1,4.067798555E-1,-5.312066078E-1,1.255753326E1,1.257534461E1
2.285107042E1,2.493321180E0,-4.402793646E-1,7.575676441E0,7.987575976E0
2.285344599E1,-5.369493961E0,-2.201396823E-1,1.116491032E1,1.239093012E1
2.285582157E1,5.704489231E0,-7.369893789E-1,9.576076508E0,1.117074716E1
2.285819709E1,-5.589633465E0,2.249253243E-1,9.504291534E0,1.102842469E1
2.286057266E1,3.876372576E0,-4.115654826E-1,1.154776192E1,1.218796356E1
2.286294813E1,-2.809173822E0,-5.264209956E-2,7.695317745E0,8.192200190E0
2.286532376E1,-1.253839016E0,-6.939185858E-1,1.227996540E1,1.236329994E1
2.286769928E1,4.010370731E0,-7.848458290E-1,8.260024071E0,9.215587557E0
2.287007485E1,-4.852644444E0,-2.775674164E-1,1.114098263E1,1.215510986E1
2.287245037E1,5.168497086E0,-1.866401732E-1,9.590433121E0,1.089608205E1
2.287482594E1,-6.312266350E0,2.727817893E-1,8.729017258E0,1.077566047E1
2.287720152E1,3.732803345E0,-9.619147182E-1,1.236610699E1,1.295298046E1
2.287957704E1,-1.134197950E0,-3.349951804E-1,8.049455643E0,8.135868909E0
2.288195261E1,-1.718046665E0,-3.780659735E-1,1.200239849E1,1.213063015E1
2.288432813E1,3.440878868E0,-5.886343718E-1,7.743174076E0,8.493696638E0
2.288670370E1,-5.460421085E0,-4.929214716E-1,1.110269737E1,1.238261115E1
2.288907922E1,5.905486107E0,-5.551348329E-1,1.049013424E1,1.205096914E1
2.289145480E1,-5.388636589E0,2.727817893E-1,8.432307243E0,1.001077518E1
2.289383032E1,2.120040894E0,-4.402793646E-1,1.203111267E1,1.222440556E1
2.289620589E1,-8.327022791E-1,-7.992027402E-1,7.872386456E0,7.956543635E0
2.289858141E1,-1.665404558E0,-5.838487148E-1,1.245224857E1,1.257668264E1
2.290095698E1,4.340580463E0,-4.019941986E-1,8.154739380E0,9.246729825E0
2.290333256E1,-6.264409542E0,4.785645381E-2,1.044227791E1,1.217728562E1
2.290570808E1,5.120640278E0,-6.652047038E-1,1.035613632E1,1.157207906E1
2.290808365E1,-4.656432629E0,4.785645381E-2,8.925228119E0,1.006699320E1
2.291045917E1,2.622533560E0,-5.886343718E-1,1.222253799E1,1.251457581E1
2.291283474E1,-8.662018180E-1,-2.536391914E-1,7.527820110E0,7.581735556E0
2.291521027E1,-3.163311481E0,-4.546363056E-1,1.197368431E1,1.239283461E1
2.291758584E1,5.197210789E0,-7.226324677E-1,8.719446182E0,1.017653867E1
2.291996136E1,-5.651846886E0,-1.770688742E-1,1.039920712E1,1.183715486E1
2.292233693E1,4.718646049E0,-1.627119333E-1,1.029870892E1,1.132940868E1
2.292471245E1,-5.398207664E0,1.722832322E-1,8.346165657E0,9.941267961E0
2.292708802E1,2.344966173E0,-8.518448472E-1,1.258146191E1,1.282644494E1
2.292946360E1,3.876372576E-1,-3.876372576E-1,7.858029366E0,7.877128334E0
2.293183912E1,-3.168097258E0,-2.153540403E-1,1.160997581E1,1.203639298E1
2.293421469E1,4.369294167E0,-5.934200287E-1,8.202595711E0,9.312650280E0
2.293659021E1,-6.001199245E0,-3.637090325E-1,1.059541893E1,1.218234702E1
2.293896579E1,5.560919762E0,-4.115654826E-1,1.095912743E1,1.229616561E1
2.294134131E1,-4.709074974E0,3.158525825E-1,8.188239098E0,9.451053353E0
2.294371688E1,1.067198873E0,-2.009970993E-1,1.223210907E1,1.228022009E1
2.294609240E1,2.392822653E-1,-7.896314859E-1,7.427321434E0,7.473009940E0
2.294846792E1,-2.718246460E0,-7.034898400E-1,1.224168110E1,1.255955883E1
2.295084355E1,5.216353416E0,-4.594219327E-1,8.705088615E0,1.015873906E1
2.295321907E1,-6.565905571E0,2.009970993E-1,9.868000984E0,1.185449110E1
2.295559464E1,4.584648132E0,-4.019941986E-1,1.088734341E1,1.182010340E1
2.295797016E1,-3.823730469E0,-4.307080805E-2,8.547162056E0,9.363586332E0
2.296034573E1,1.502692580E0,-6.412764788E-1,1.228953743E1,1.239766312E1
2.296272126E1,6.939185858E-1,-4.737788737E-1,7.350750923E0,7.398616665E0
2.296509678E1,-4.091726780E0,-7.130611539E-1,1.181575775E1,1.252448863E1
2.296747235E1,6.044270039E0,-6.747759581E-1,9.236295700E0,1.105882820E1
2.296984792E1,-5.833701611E0,6.317051649E-1,9.762716293E0,1.139042384E1
2.297222344E1,4.072584152E0,-5.599204898E-1,1.046620655E1,1.124459569E1
2.297459902E1,-4.278367043E0,-3.349951804E-1,8.398807526E0,9.431681408E0
2.297697459E1,1.789831281E0,-6.699903607E-1,1.270588779E1,1.284881192E1
2.297935011E1,1.674975872E0,-1.052841991E-1,7.829315662E0,8.007172577E0
2.298172568E1,-4.340580463E0,-3.014956415E-1,1.120319557E1,1.201844954E1
2.298410120E1,5.283352375E0,-1.004985452E0,8.886942863E0,1.038756764E1
2.298647678E1,-5.647061348E0,-2.392822653E-1,9.973284721E0,1.146354945E1
2.298885230E1,5.278566837E0,-4.785645287E-3,1.155733299E1,1.270571669E1
2.299122787E1,-4.029513359E0,2.967100143E-1,7.503891945E0,8.522523632E0
2.299360339E1,-4.307080805E-2,-1.071984529E0,1.233739376E1,1.238395295E1
2.299597896E1,2.550748825E0,-9.427721500E-1,7.953742504E0,8.405781268E0
2.299835443E1,-3.373879910E0,4.450650215E-1,1.210289669E1,1.257224152E1
2.300073006E1,5.230710506E0,-5.790630579E-1,8.207381248E0,9.749705297E0
2.300310563E1,-6.532405853E0,-2.967100143E-1,9.695717812E0,1.169475553E1
2.300548115E1,4.900500774E0,-5.312066078E-1,1.163868904E1,1.263946877E1
2.300785672E1,-2.512463808E0,2.009970993E-1,8.317451477E0,8.690965038E0
2.301023224E1,1.674975902E-1,-4.259224236E-1,1.206461143E1,1.207328930E1
2.301260782E1,1.631905079E0,-6.556333899E-1,7.207181931E0,7.418654912E0
2.301498323E1,-4.192225456E0,-7.417750359E-1,1.190190029E1,1.264041989E1
2.301735891E1,6.608976364E0,-5.599204898E-1,9.533005714E0,1.161336633E1
2.301973443E1,-5.996413708E0,8.997012973E-1,9.389435768E0,1.117711697E1
2.302211001E1,3.608376503E0,-7.417750359E-1,1.083470058E1,1.144383449E1
2.302448553E1,-3.172882795E0,-6.317051649E-1,8.394021988E0,8.995879156E0
2.302686110E1,1.306481123E0,6.221338734E-2,1.282074356E1,1.288728943E1
2.302923667E1,2.029113531E0,-4.211367965E-1,7.154539585E0,7.448630384E0
2.303161219E1,-4.838287354E0,-8.901300430E-1,1.141376400E1,1.242881188E1
2.303398777E1,5.800201893E0,-3.684946895E-1,9.346364975E0,1.100602874E1
2.303636329E1,-5.709274769E0,7.561319470E-1,9.662218094E0,1.124837821E1
2.303873886E1,4.220939159E0,-5.599204898E-1,1.113141060E1,1.191797551E1
2.304111438E1,-3.378665686E0,-4.402793646E-1,8.054241180E0,8.745286086E0
2.304348995E1,3.206382394E-1,-4.259224236E-1,1.237089348E1,1.238237555E1
2.304586547E1,2.225325108E0,-6.077769399E-1,7.604390144E0,7.946585060E0
2.304824105E1,-3.885943890E0,1.435693651E-1,1.177268696E1,1.239827933E1
2.305061657E1,5.034498692E0,-2.105683982E-1,8.815158844E0,1.015369596E1
2.305299214E1,-6.340980053E0,-1.722832322E-1,9.073583603E0,1.107102655E1
2.305536771E1,4.374079704E0,-6.508477330E-1,1.176790142E1,1.257138337E1
2.305774323E1,-2.751745939E0,-1.292124242E-1,8.374878883E0,8.816314302E0
2.306011881E1,3.110669553E-1,2.249253243E-1,1.225603771E1,1.226204773E1
2.306249433E1,1.316052437E0,-2.727817893E-1,7.125825882E0,7.251468708E0
2.306486990E1,-4.814359188E0,-9.332008362E-1,1.138983536E1,1.240069626E1
2.306724542E1,6.355337143E0,-7.226324677E-1,9.734002113E0,1.164745917E1
2.306962099E1,-5.685346603E0,8.374879360E-1,9.533005714E0,1.113116122E1
2.307199657E1,3.421736479E0,-1.674975902E-1,1.077727318E1,1.130866717E1
2.307437209E1,-3.862015724E0,-5.072783828E-1,8.011170387E0,8.907937347E0
2.307674766E1,9.858429432E-1,-6.843472719E-1,1.283988667E1,1.289584844E1
2.307912313E1,2.383251429E0,1.148554832E-1,7.929814339E0,8.281004444E0
2.308149876E1,-4.627718925E0,-1.148554832E-1,1.085862923E1,1.180418582E1
2.308387428E1,4.852644444E0,-7.944171429E-1,8.882157326E0,1.015243692E1
2.308624985E1,-5.627918720E0,-2.105683982E-1,9.949356079E0,1.143273784E1
2.308862537E1,5.125426292E0,-5.264209956E-2,1.149033451E1,1.258175477E1
2.309100094E1,-3.799802303E0,4.307080805E-1,7.680960655E0,8.580277594E0
2.309337641E1,-3.732803464E-1,-7.561319470E-1,1.210768223E1,1.213701127E1
2.309575204E1,2.163111687E0,-9.523434043E-1,7.886743546E0,8.233269939E0
2.309812761E1,-2.679961443E0,3.349951655E-2,1.201196957E1,1.230734449E1
2.310050313E1,4.680361271E0,-1.531406492E-1,8.307880402E0,9.536776733E0
2.310287870E1,-6.551548481E0,-4.307080805E-2,9.580862045E0,1.160678940E1
2.310525422E1,4.819144726E0,-6.317051649E-1,1.135633659E1,1.235271582E1
2.310762980E1,-2.785245657E0,-2.392822690E-2,8.575876236E0,9.016863043E0
2.311000532E1,9.810572863E-1,-3.637090325E-1,1.206461143E1,1.210989706E1
2.311238089E1,6.699903607E-1,-3.828516230E-2,7.570890903E0,7.600575104E0
2.311475641E1,-3.708875179E0,-4.163511395E-1,1.149990559E1,1.209036525E1
2.311713198E1,5.838487148E0,-1.004985452E0,8.858229637E0,1.065674248E1
2.311950750E1,-5.484349728E0,-9.571290761E-2,1.022692394E1,1.160505175E1
2.312188308E1,4.536791801E0,-1.579262912E-1,1.081555843E1,1.172960889E1
2.312425865E1,-4.527220249E0,1.866401732E-1,8.006384850E0,9.199606301E0
2.312663417E1,1.493121386E0,-7.561319470E-1,1.252403355E1,1.263536953E1
2.312900974E1,1.330409408E0,-4.402793646E-1,7.996813297E0,8.118673415E0
2.313138527E1,-3.187239647E0,-4.498506486E-1,1.147597694E1,1.191884680E1
2.313376084E1,4.541577339E0,-4.067798555E-1,8.341380119E0,9.506314579E0
2.313613636E1,-6.039484501E0,-2.823530734E-1,1.034177971E1,1.197946175E1
2.313851193E1,5.379065514E0,-5.120640397E-1,1.096869946E1,1.222738415E1
2.314088745E1,-4.398007870E0,1.674975902E-1,8.322237015E0,9.414359118E0
2.314326303E1,1.000199914E0,-3.972085714E-1,1.219382381E1,1.224122191E1
2.314563855E1,1.387837082E-1,-7.800601721E-1,7.633104324E0,7.674114699E0
2.314801412E1,-2.603390932E0,-6.891329288E-1,1.218425274E1,1.247832374E1
2.315038969E1,4.752145767E0,-4.019941986E-1,8.470592499E0,9.720875784E0
2.315276521E1,-6.340980053E0,4.307080805E-2,1.006421185E1,1.189530341E1
2.315514079E1,4.388436794E0,-4.546363056E-1,1.041835022E1,1.131402196E1
2.315751631E1,-4.417150497E0,-1.818545163E-1,8.767302513E0,9.818853443E0
2.315989188E1,1.885544300E0,-6.652047038E-1,1.233739376E1,1.249836227E1
2.316226740E1,-3.589234054E-1,-2.871387303E-1,7.566105366E0,7.580054424E0
2.316464297E1,-3.780659676E0,-6.077769399E-1,1.173918819E1,1.234792776E1
2.316701849E1,5.024927616E0,-7.992027402E-1,8.819944382E0,1.018233969E1
2.316939407E1,-5.666203976E0,-2.153540403E-1,1.044706345E1,1.188668917E1
2.317176959E1,4.431507587E0,-1.292124242E-1,1.027956581E1,1.119483937E1
2.317414516E1,-5.594419479E0,2.153540403E-1,8.317451477E0,1.002616107E1
2.317652073E1,1.818545222E0,-9.475577474E-1,1.250489140E1,1.267190914E1
2.317889626E1,4.354937077E-1,-5.790630579E-1,8.126026154E0,8.158263899E0
2.318127183E1,-3.096312523E0,-4.737788737E-1,1.168175983E1,1.209442560E1
2.318364735E1,4.058227062E0,-3.828516304E-1,8.164310455E0,9.125335472E0
2.318602292E1,-6.278766632E0,-3.541377485E-1,1.039442158E1,1.214875812E1
2.318839844E1,5.417350292E0,-5.407779217E-1,1.091127110E1,1.219409537E1
2.319077402E1,-4.780859470E0,2.153540403E-1,8.288737297E0,9.571110731E0
2.319314959E1,1.263410330E0,-3.780659735E-1,1.218425274E1,1.225541327E1
2.319552511E1,-2.440679073E-1,-6.939185858E-1,7.637889862E0,7.673229678E0
2.319790068E1,-2.440679073E0,-6.604190469E-1,1.228475189E1,1.254225644E1
2.320027620E1,4.761716843E0,-3.637090325E-1,8.374878883E0,9.640789794E0
2.320265178E1,-6.211767673E0,1.100698411E-1,1.017428207E1,1.192116558E1
2.320502730E1,4.541577339E0,-3.780659735E-1,1.037049294E1,1.132766447E1
2.320740287E1,-4.292723656E0,-1.579262912E-1,8.757730484E0,9.754499491E0
2.320977839E1,2.249253273E0,-5.312066078E-1,1.239960670E1,1.261315057E1
2.321215396E1,-1.004985496E-1,-1.435693651E-1,7.542177200E0,7.544212950E0
2.321452948E1,-3.445664644E0,-4.977070987E-1,1.175354481E1,1.225830872E1
2.321690506E1,5.288137913E0,-7.513462901E-1,8.647661209E0,1.016420032E1
2.321928063E1,-5.297709465E0,-1.579262912E-1,1.048056316E1,1.174448256E1
2.322165615E1,4.857429981E0,-8.135596663E-2,1.035135078E1,1.143467131E1
2.322403172E1,-5.206781864E0,3.493520916E-1,8.197810173E0,9.717855520E0
2.322640724E1,2.153540373E0,-8.087740541E-1,1.246182060E1,1.267236459E1
2.322878282E1,8.374879360E-1,-3.780659735E-1,8.106883049E0,8.158791129E0
2.323115834E1,-2.589034081E0,-3.924229145E-1,1.165304661E1,1.194364218E1
2.323353391E1,4.369294167E0,-4.163511395E-1,8.073383331E0,9.189319790E0
2.323590943E1,-5.814558983E0,-3.541377485E-1,1.064806080E1,1.213736827E1
2.323828500E1,6.001199245E0,-3.589234054E-1,1.076770210E1,1.233234069E1
2.324066058E1,-4.780859470E0,6.939185858E-1,8.303094864E0,9.606223222E0
2.324303610E1,1.459621787E0,-4.307080805E-1,1.195454216E1,1.205102002E1
2.324541167E1,9.571290575E-3,-1.071984529E0,7.709674358E0,7.783850021E0
2.324778719E1,-2.057827473E0,-6.987041831E-1,1.248096275E1,1.266875182E1
2.325016277E1,5.005784988E0,-3.876372576E-1,8.446663857E0,9.826203555E0
2.325253829E1,-6.336194515E0,3.972085714E-1,1.007856941E1,1.191145235E1
2.325491386E1,4.656432629E0,-1.818545163E-1,1.053799057E1,1.152235571E1
2.325728938E1,-4.393222332E0,-2.632105052E-1,8.370093346E0,9.456645539E0
2.325966495E1,2.076970100E0,-9.188438654E-1,1.250489140E1,1.270946056E1
2.326204052E1,2.727817893E-1,-3.062812984E-1,7.757531166E0,7.768365847E0
2.326441605E1,-3.833301783E0,-2.727817893E-1,1.168175983E1,1.229764714E1
2.326679162E1,5.163711071E0,-5.838487148E-1,8.752944946E0,1.017933380E1
2.326916714E1,-5.915057659E0,4.785645287E-3,1.031785107E1,1.189310643E1
2.327154271E1,4.565505505E0,-4.211367965E-1,1.042792130E1,1.139134493E1
2.327391823E1,-4.910071850E0,4.785645287E-3,8.432307243E0,9.757696138E0
2.327629381E1,1.292124271E0,-7.322037220E-1,1.261017513E1,1.269733139E1
2.327866933E1,1.172483087E0,-3.828516304E-1,7.920242786E0,8.015705693E0
2.328104490E1,-3.756731510E0,-3.110669553E-1,1.158604717E1,1.218385339E1
2.328342047E1,4.627718925E0,-2.871387303E-1,8.403593063E0,9.597843897E0
2.328579599E1,-6.503692150E0,-3.445664644E-1,9.987641335E0,1.192349433E1
2.328817157E1,5.340780258E0,-5.216353536E-1,1.141376400E1,1.261229741E1
2.329054709E1,-4.130012035E0,2.153540403E-1,8.159524918E0,9.147744184E0
2.329292266E1,3.349951804E-1,-1.818545163E-1,1.219861031E1,1.220456416E1
2.329529818E1,9.954141974E-1,-5.886343718E-1,7.408178806E0,7.497896577E0
2.329767376E1,-3.517449379E0,-7.082754970E-1,1.195454216E1,1.248139345E1
2.330004928E1,5.670989513E0,-4.450650215E-1,9.064012527E0,1.070114611E1
2.330242485E1,-6.460621357E0,2.679961324E-1,9.284152031E0,1.131401472E1
2.330480037E1,4.024727821E0,-3.637090325E-1,1.113619614E1,1.184675410E1
2.330717594E1,-3.278167009E0,-2.919243574E-1,8.456234932E0,9.074111967E0
2.330955152E1,1.172483087E0,-5.072783828E-1,1.245224857E1,1.251760930E1
2.331192704E1,1.555334687E0,-2.584248483E-1,7.446464062E0,7.611548884E0
2.331430261E1,-4.694717884E0,-2.105683982E-1,1.132762241E1,1.226375736E1
2.331667813E1,5.929414749E0,-8.135597110E-1,9.188439369E0,1.096573102E1
2.331905370E1,-5.546562672E0,6.221338734E-2,9.676574707E0,1.115366873E1
2.332142922E1,4.508078098E0,-2.440679073E-1,1.121276665E1,1.208753379E1
2.332380480E1,-3.670589924E0,1.196411327E-1,7.862815380E0,8.678214683E0
2.332618032E1,3.828516304E-1,-7.226324677E-1,1.240439224E1,1.243132012E1
2.332855589E1,3.005385160E0,-5.168496966E-1,8.073383331E0,8.630121203E0
2.333093146E1,-3.976871252E0,-4.067798555E-1,1.116969585E1,1.186351888E1
2.333330698E1,5.302495003E0,-2.823530734E-1,8.953942299E0,1.041005568E1
2.333568256E1,-6.020341873E0,9.571290575E-3,9.461220741E0,1.121424566E1
2.333805808E1,5.044070244E0,-5.072783828E-1,1.179183006E1,1.283538983E1
2.334043365E1,-2.589034081E0,0.000000000E0,8.049455643E0,8.455580028E0
2.334280917E1,-3.062812984E-1,-2.871387303E-1,1.208854008E1,1.209582813E1
2.334518474E1,2.392822742E0,-6.987041831E-1,7.546962738E0,7.947983064E0
2.334756027E1,-3.833301783E0,-7.082754970E-1,1.184925747E1,1.247400334E1
2.334993584E1,6.001199245E0,-3.493520916E-1,9.432506561E0,1.118519644E1
2.335231141E1,-6.072983742E0,4.307080805E-1,9.011369705E0,1.087526666E1
2.335468693E1,3.661018610E0,-2.584248483E-1,1.147119141E1,1.204400569E1
2.335706251E1,-2.335394859E0,-5.072783828E-1,8.183453560E0,8.525274932E0
2.335943803E1,3.541377485E-1,-7.130611539E-1,1.236132145E1,1.238693415E1
2.336181360E1,2.545963287E0,-3.541377485E-1,7.695317745E0,8.113276638E0
2.336418912E1,-5.221138954E0,-2.632105052E-1,1.118405342E1,1.234555072E1
2.336656469E1,5.838487148E0,-6.795616150E-1,9.566504478E0,1.122798932E1
2.336894021E1,-5.599205017E0,1.387837082E-1,9.288937569E0,1.084687600E1
2.337131579E1,3.694518089E0,-3.302095234E-1,1.157647610E1,1.215620422E1
2.337369131E1,-3.048455954E0,-2.297109663E-1,7.738388538E0,8.320367059E0
2.337606688E1,-8.566305041E-1,-9.092726111E-1,1.232303619E1,1.238619447E1
2.337844245E1,3.546163082E0,-6.317051649E-1,8.303094864E0,9.050729713E0
2.338081797E1,-4.977071285E0,-2.919243574E-1,1.106441212E1,1.213580133E1
2.338319355E1,4.962714195E0,-1.148554832E-1,9.370293617E0,1.060396749E1
2.338556907E1,-6.561119556E0,2.488535494E-1,8.939585686E0,1.109172710E1
2.338794464E1,3.996013880E0,-6.795616150E-1,1.204068375E1,1.270464466E1
2.339032016E1,-2.167897224E0,-3.924229145E-1,7.905886173E0,8.207119489E0
2.339269573E1,-1.756331801E0,-5.934200287E-1,1.214596748E1,1.228663399E1
2.339507131E1,3.110669374E0,-5.790630579E-1,7.843672752E0,8.457823611E0
2.339744683E1,-5.182853699E0,-5.599204898E-1,1.137069321E1,1.250872285E1
2.339982240E1,5.479563713E0,-3.637090325E-1,9.987641335E0,1.139784551E1
2.340219792E1,-6.197410583E0,7.417750359E-1,8.571090698E0,1.060291111E1
2.340457349E1,2.512463808E0,-4.354937077E-1,1.174397373E1,1.201761408E1
2.340694902E1,-1.493121386E0,-8.709874153E-1,7.929814339E0,8.116032651E0
2.340932459E1,-1.397408366E0,-6.939185858E-1,1.229910851E1,1.239767491E1
2.341170011E1,3.751945972E0,-3.876372576E-1,8.106883049E0,8.941415659E0
2.341407568E1,-6.379265308E0,-1.435693540E-2,1.074377346E1,1.249495499E1
2.341645120E1,5.388636589E0,-5.886343718E-1,1.025563812E1,1.160008655E1
2.341882678E1,-5.101497650E0,2.009970993E-1,8.800801277E0,1.017446712E1
2.342120235E1,2.579462767E0,-5.072783828E-1,1.208375454E1,1.236640947E1
2.342357787E1,-1.244267821E0,-4.354937077E-1,7.527820110E0,7.642377431E0
2.342595344E1,-2.627319336E0,-8.279166222E-1,1.216511059E1,1.247309779E1
2.342832896E1,5.230710506E0,-5.407779217E-1,8.733802795E0,1.019470865E1
2.343070454E1,-5.747560024E0,-1.100698411E-1,1.042792130E1,1.190748102E1
2.343308006E1,4.814359188E0,-6.699903309E-2,1.026042366E1,1.133396828E1
2.343545563E1,-5.426921844E0,1.914258115E-2,8.322237015E0,9.935364919E0
2.343783115E1,2.794816732E0,-9.906286001E-1,1.266760349E1,1.301001629E1
2.344020672E1,3.493520916E-1,-4.977070987E-1,7.843672752E0,7.867207985E0
2.344258230E1,-3.192025423E0,-2.201396823E-1,1.168175983E1,1.211201885E1
2.344495782E1,4.742574692E0,-5.503492355E-1,8.298309326E0,9.573757708E0
2.344733339E1,-5.771488190E0,-2.632105052E-1,1.057149029E1,1.204723049E1
2.344970891E1,5.498706341E0,-5.264210105E-1,1.093519974E1,1.225118296E1
2.345208443E1,-4.393222332E0,2.440679073E-1,8.092526436E0,9.211349289E0
2.345446000E1,1.057627559E0,-5.551348329E-1,1.230389404E1,1.236173772E1
2.345683558E1,1.234696507E0,-7.896314859E-1,7.848458290E0,7.984127434E0
2.345921110E1,-2.885744095E0,-4.307080805E-1,1.188754272E1,1.224037175E1
2.346158667E1,5.245067120E0,-2.823530734E-1,8.566305161E0,1.004848429E1
2.346396224E1,-6.580262184E0,2.440679073E-1,9.777072906E0,1.178772981E1
2.346633777E1,4.996213913E0,-8.422735929E-1,1.106919765E1,1.217368946E1
2.346871334E1,-3.244667530E0,-2.392822690E-2,8.633303642E0,9.222926418E0
2.347108886E1,1.100698471E0,-4.642075896E-1,1.226560879E1,1.232364332E1
2.347346443E1,1.105484009E0,-2.201396823E-1,7.264609337E0,7.351537607E0
2.347583995E1,-4.302295208E0,-3.110669553E-1,1.160519028E1,1.238091063E1
2.347821553E1,6.178267956E0,-6.747759581E-1,9.178867340E0,1.108503149E1
2.348059110E1,-5.948556900E0,-1.914258115E-2,9.571290970E0,1.126921943E1
2.348296662E1,4.182653904E0,-2.775674164E-1,1.128455162E1,1.203797087E1
2.348534214E1,-3.665804386E0,-1.004985496E-1,7.920242786E0,8.728027701E0
2.348771771E1,7.034898400E-1,-5.359922647E-1,1.259103298E1,1.262205598E1
2.349009329E1,2.440679073E0,-3.110669553E-1,7.570890903E0,7.960657389E0
2.349246881E1,-4.804787636E0,-6.221338734E-2,1.120798111E1,1.219461747E1
2.349484438E1,5.407779217E0,-6.077769399E-1,9.011369705E0,1.052702488E1
2.349721990E1,-5.895915031E0,-1.100698411E-1,9.542576790E0,1.121760675E1
2.349959542E1,4.474578381E0,-3.302095234E-1,1.184447193E1,1.266579667E1
2.350197099E1,-2.900100946E0,2.153540403E-1,7.657032490E0,8.190672098E0
2.350434657E1,-1.306481123E0,-1.196411327E-1,1.216989613E1,1.224040762E1
2.350672214E1,3.268595695E0,-7.130611539E-1,7.700103283E0,8.395460952E0
2.350909766E1,-4.718646049E0,-5.264210105E-1,1.129890823E1,1.225594007E1
2.351147323E1,5.556134224E0,-3.493520916E-1,9.647860527E0,1.113884586E1
2.351384876E1,-6.489335060E0,4.689932466E-1,8.590232849E0,1.077606257E1
2.351622433E1,3.335594654E0,-4.929214716E-1,1.209332561E1,1.255458831E1
2.351859985E1,-1.349551916E0,-2.440679073E-1,8.049455643E0,8.165451345E0
2.352097542E1,-1.430907965E0,-3.445664644E-1,1.193539906E1,1.202580452E1
2.352335094E1,3.436093330E0,-3.349951804E-1,7.556533813E0,8.307837409E0
2.352572652E1,-5.919843197E0,-3.972085714E-1,1.092562866E1,1.243268594E1
2.352810209E1,6.125626087E0,-4.881358147E-1,1.028435135E1,1.198037788E1
2.353047761E1,-5.446064472E0,4.115654826E-1,8.370093346E0,9.994371766E0
2.353285318E1,2.421536446E0,-7.657032460E-2,1.216511059E1,1.240401618E1
2.353522870E1,-1.316052437E0,-5.168496966E-1,7.360322475E0,7.494896568E0
2.353760428E1,-1.713261008E0,-7.848458290E-1,1.236132145E1,1.250413988E1
2.353997980E1,4.881358147E0,-4.211367965E-1,8.389236450E0,9.715158350E0
2.354235537E1,-6.082555294E0,1.818545163E-1,1.017428207E1,1.185523368E1
2.354473089E1,4.905286312E0,-1.435693651E-1,1.024606609E1,1.136064771E1
2.354710646E1,-4.776073933E0,0.000000000E0,8.504091263E0,9.753484014E0
2.354948204E1,2.689532757E0,-6.556333899E-1,1.245703506E1,1.276092333E1
2.355185756E1,9.571290761E-2,-3.828516304E-1,7.456035137E0,7.466471476E0
2.355423313E1,-3.488735437E0,-3.349951804E-1,1.176311588E1,1.227413508E1
2.355660865E1,5.446064472E0,-6.795616150E-1,8.623732567E0,1.022204410E1
2.355898422E1,-5.527420521E0,8.135596663E-2,1.038006496E1,1.176030378E1
2.356135974E1,5.120640278E0,-1.818545163E-1,1.056670475E1,1.174347807E1
2.356373532E1,-4.876572609E0,3.158525825E-1,7.987242222E0,9.363587004E0
2.356611084E1,1.550549030E0,-8.183453679E-1,1.245703506E1,1.257980978E1
2.356848641E1,1.746760488E0,-5.647061467E-1,8.068597794E0,8.274801242E0
2.357086198E1,-3.345165968E0,-3.541377485E-1,1.158604717E1,1.206449493E1
2.357323750E1,5.044070244E0,-2.823530734E-1,8.441878319E0,9.838072852E0
2.357561308E1,-6.331408501E0,-1.004985496E-1,1.006899738E1,1.189460137E1
2.357798860E1,5.479563713E0,-5.264210105E-1,1.148076344E1,1.273226871E1
2.358036417E1,-3.354737282E0,1.435693651E-1,7.953742504E0,8.633475211E0
2.358273969E1,3.206382394E-1,-1.292124242E-1,1.237567902E1,1.238050628E1
2.358511527E1,1.512263894E0,-6.173482537E-1,7.250252724E0,7.431973191E0
2.358749079E1,-3.732803345E0,-7.513462901E-1,1.185882950E1,1.245512662E1
2.358986636E1,6.082555294E0,-4.498506486E-1,9.552147865E0,1.133328608E1
2.359224193E1,-6.259624004E0,5.312066078E-1,9.059226990E0,1.102427625E1
2.359461745E1,3.771088600E0,-9.571290575E-3,1.147119141E1,1.207515769E1
2.359699302E1,-2.885744095E0,-3.014956415E-1,7.910671711E0,8.425980389E0
2.359936855E1,4.019941986E-1,-6.747759581E-1,1.241874981E1,1.244356335E1
2.360174412E1,2.617748022E0,-4.307080805E-1,7.618747234E0,8.067429800E0
2.360411964E1,-5.326423168E0,-2.009970993E-1,1.121276665E1,1.241520517E1
2.360649521E1,5.843272686E0,-6.269195080E-1,9.705288887E0,1.134590217E1
2.360887073E1,-5.694917679E0,3.302095234E-1,9.145368576E0,1.077863127E1
2.361124631E1,3.627519131E0,-2.536391914E-1,1.180140114E1,1.234893909E1
2.361362183E1,-2.742174864E0,-1.914258152E-1,7.499105930E0,7.987036783E0
2.361599740E1,-1.287338614E0,-9.284151793E-1,1.235653591E1,1.245805664E1
2.361837297E1,4.216153622E0,-5.312066078E-1,8.518448830E0,9.519564186E0
2.362074849E1,-5.278566837E0,1.674975902E-1,1.080120182E1,1.202319775E1
2.362312407E1,4.828716278E0,-1.674975902E-1,9.422935486E0,1.058944142E1
2.362549959E1,-6.197410583E0,-4.785645381E-2,8.800801277E0,1.076402765E1
2.362787516E1,3.790230989E0,-9.667003751E-1,1.260060406E1,1.319377062E1
2.363025068E1,-1.004985452E0,-3.445664644E-1,7.604390144E0,7.678246628E0
2.363262626E1,-2.565105915E0,-1.339980662E-1,1.212682533E1,1.239587095E1
2.363500178E1,3.929014683E0,-5.168496966E-1,7.929814339E0,8.864888349E0
2.363737735E1,-5.580062389E0,-3.397808075E-1,1.095912743E1,1.230264285E1
2.363975292E1,5.608776093E0,-6.604190469E-1,1.033699417E1,1.177913287E1
2.364212844E1,-5.245067120E0,1.914258152E-1,8.379665375E0,9.887677418E0
2.364450402E1,1.789831281E0,-6.556333899E-1,1.230389404E1,1.245066905E1
2.364687954E1,9.092725813E-2,-7.226324677E-1,7.728816986E0,7.763058512E0
2.364925511E1,-2.431107759E0,-4.211367965E-1,1.224646664E1,1.249254122E1
2.365163068E1,4.761716843E0,-3.972085714E-1,8.269595146E0,9.550807600E0
2.365400620E1,-6.608976364E0,1.052841991E-1,1.004028416E1,1.202068880E1
2.365638178E1,5.120640278E0,-9.810572863E-1,1.076291656E1,1.195925597E1
2.365875730E1,-3.799802303E0,-9.092725813E-2,8.781659126E0,9.568923781E0
2.366113287E1,1.655833244E0,-5.072783828E-1,1.236132145E1,1.248204242E1
2.366350839E1,3.397808075E-1,-2.919243574E-1,7.317251682E0,7.330951030E0
2.366588396E1,-3.924229145E0,-4.785645306E-1,1.188275719E1,1.252311929E1
2.366825943E1,6.010770321E0,-7.992027402E-1,9.035298347E0,1.088139242E1
2.367063506E1,-5.867201328E0,-1.004985496E-1,9.853643417E0,1.146858492E1
2.367301058E1,4.340580463E0,-3.780659735E-1,1.087298584E1,1.171347061E1
2.367538615E1,-4.024727821E0,-1.435693651E-1,8.221738815E0,9.155109794E0
2.367776172E1,1.210768223E0,-7.704889178E-1,1.285424328E1,1.293410929E1
2.368013724E1,2.024327993E0,-4.354937077E-1,7.590033531E0,7.867411747E0
2.368251282E1,-4.579862595E0,-1.818545163E-1,1.142333508E1,1.230856599E1
2.368488834E1,5.359922886E0,-7.130611539E-1,8.853444099E0,1.037403981E1
2.368726391E1,-5.742774487E0,-1.962114573E-1,9.930213928E0,1.147288570E1
2.368963943E1,4.747360229E0,-4.977070987E-1,1.154297638E1,1.249101458E1
2.369201501E1,-3.134597778E0,1.435693651E-1,7.805387497E0,8.412513856E0
2.369439053E1,-7.704889178E-1,-2.919243574E-1,1.218903828E1,1.221685422E1
2.369676610E1,2.971885681E0,-7.130611539E-1,7.791030407E0,8.369033129E0
2.369914162E1,-4.484149456E0,-5.216353536E-1,1.138026428E1,1.224296185E1
2.370151719E1,5.675775528E0,-4.977070987E-1,9.499505997E0,1.107712753E1
2.370389277E1,-6.431907177E0,3.397808075E-1,8.853444099E0,1.094844068E1
2.370626829E1,3.656233072E0,-5.790630579E-1,1.201196957E1,1.256943782E1
2.370864386E1,-1.622333765E0,-2.297109663E-1,8.178668022E0,8.341183644E0
2.371101938E1,-1.143769264E0,-3.397808075E-1,1.209332561E1,1.215204442E1
2.371339495E1,3.278167009E0,-3.828516304E-1,7.623532772E0,8.307298372E0
2.371577047E1,-5.718846321E0,-6.221339107E-1,1.099741268E1,1.241109743E1
2.371814605E1,6.273981094E0,-4.785645306E-1,1.038963604E1,1.214645627E1
2.372052162E1,-5.594419479E0,7.561319470E-1,8.547162056E0,1.024320477E1
2.372289714E1,2.306680918E0,-3.110669553E-1,1.165304661E1,1.188322493E1
2.372527271E1,-1.574477315E0,-6.747759581E-1,7.767102242E0,7.953752488E0
2.372764823E1,-1.411765337E0,-7.369893789E-1,1.256710434E1,1.266761012E1
2.373002381E1,4.570291042E0,-3.924229145E-1,8.130811691E0,9.335505059E0
2.373239933E1,-6.288337708E0,1.962114573E-1,1.041835022E1,1.217060850E1
2.373477490E1,4.838287354E0,-2.249253243E-1,1.009292603E1,1.119494402E1
2.373715042E1,-4.981856823E0,-5.264209956E-2,8.618947029E0,9.955295901E0
2.373952599E1,2.785245657E0,-7.178468108E-1,1.227039433E1,1.260299466E1
2.374190157E1,-4.833501875E-1,-4.546363056E-1,7.561319351E0,7.590380221E0
2.374427709E1,-3.416950703E0,-2.057827413E-1,1.196411324E1,1.244419158E1
2.374665266E1,5.168497086E0,-7.130611539E-1,8.633303642E0,1.008740552E1
2.374902818E1,-5.953342915E0,7.657032460E-2,1.032742214E1,1.192072997E1
2.375140376E1,4.843072891E0,-4.211367965E-1,1.055234814E1,1.161829430E1
2.375377928E1,-4.962714195E0,-1.579262912E-1,8.274380684E0,9.649810806E0
2.375615485E1,1.483550072E0,-7.465606928E-1,1.261017513E1,1.271907192E1
2.375853037E1,1.512263894E0,-4.881358147E-1,7.862815380E0,8.021788102E0
2.376090594E1,-3.981656790E0,-2.871387303E-1,1.157647610E1,1.224544153E1
2.376328152E1,5.149354458E0,-3.349951804E-1,8.786444664E0,1.018968512E1
2.376565704E1,-6.618547440E0,-8.614161611E-2,9.485149384E0,1.156635852E1
2.376803261E1,5.206781864E0,-9.044869542E-1,1.178225899E1,1.291318322E1
2.377040813E1,-3.187239647E0,-1.722832322E-1,8.149953842E0,8.752709621E0
2.377278370E1,-1.674975902E-1,-3.589234054E-1,1.235653591E1,1.236288240E1
2.377515922E1,2.076970100E0,-5.694918036E-1,7.585247993E0,7.885056299E0
2.377753480E1,-4.383651257E0,-5.838487148E-1,1.164347458E1,1.245503023E1
2.377991032E1,5.977271080E0,-6.269195080E-1,9.729216576E0,1.143584071E1
2.378228589E1,-6.216553211E0,3.014956415E-1,8.824729919E0,1.079871713E1
2.378466146E1,3.426522017E0,-5.551348329E-1,1.173918819E1,1.224164071E1
2.378703698E1,-2.005185366E0,-6.652047038E-1,8.193024635E0,8.461023480E0
2.378941256E1,-4.498506486E-1,-4.737788737E-1,1.231825066E1,1.233556368E1
2.379178808E1,3.302095175E0,-3.589234054E-1,7.896314621E0,8.566472036E0
2.379416365E1,-6.034698486E0,-1.818545163E-1,1.073420238E1,1.231559003E1
2.379653917E1,5.723631859E0,-8.662018180E-1,1.015035343E1,1.168503068E1
2.379891469E1,-4.996213913E0,8.135596663E-2,9.049654961E0,1.033755422E1
2.380129027E1,3.129812002E0,-4.498506486E-1,1.197368431E1,1.238415135E1
2.380366584E1,-1.622333765E0,-1.722832322E-1,7.523034573E0,7.697902152E0
2.380604141E1,-2.459821701E0,-6.317051649E-1,1.191147137E1,1.217920048E1
2.380841693E1,5.048855782E0,-6.317051649E-1,8.858229637E0,1.021558752E1
2.381079251E1,-5.737988472E0,-1.579262912E-1,1.027478027E1,1.176947586E1
2.381316803E1,4.756931305E0,-2.536391914E-1,1.021256733E1,1.126895114E1
2.381554360E1,-5.417350292E0,4.785645287E-3,8.604590416E0,1.016792424E1
2.381791912E1,2.790031195E0,-6.460621357E-1,1.261974621E1,1.294062072E1
2.382029469E1,9.571290761E-2,-2.727817893E-1,7.446464062E0,7.452073395E0
2.382267027E1,-3.584448338E0,-9.571290761E-2,1.164347458E1,1.218310023E1
2.382504579E1,4.790431023E0,-5.503492355E-1,8.528019905E0,9.796848328E0
2.382742136E1,-5.781059742E0,-2.919243574E-1,1.026999474E1,1.178892122E1
2.382979688E1,5.206781864E0,-3.206382394E-1,1.111226845E1,1.227582569E1
2.383217245E1,-4.575077057E0,4.546363056E-1,7.805387497E0,9.058813290E0
2.383454797E1,6.221339107E-1,-2.249253243E-1,1.228953743E1,1.230733002E1
2.383692355E1,1.306481123E0,-6.412764788E-1,7.690532207E0,7.827030988E0
2.383929907E1,-3.613162279E0,-5.790630579E-1,1.147597694E1,1.204526058E1
2.384167464E1,5.369493961E0,-3.876372576E-1,9.140582085E0,1.060810864E1
2.384405021E1,-6.762116909E0,3.924229145E-1,9.284152031E0,1.149241923E1
2.384642573E1,4.517649174E0,-5.072783828E-1,1.144247818E1,1.231246492E1
2.384880131E1,-2.976671457E0,2.871387079E-2,8.283951759E0,8.802570886E0
2.385117683E1,1.100698411E-1,-4.067798555E-1,1.208854008E1,1.209588304E1
2.385355240E1,1.981257200E0,-3.110669553E-1,7.513463020E0,7.776520385E0
2.385592792E1,-5.048855782E0,-6.269195080E-1,1.126062298E1,1.235660158E1
2.385830349E1,6.259624004E0,-5.024927258E-1,1.007856941E1,1.187488749E1
2.386067907E1,-5.934200287E0,3.493520916E-1,8.824729919E0,1.064014277E1
2.386305459E1,3.426522017E0,-1.914258115E-2,1.159083271E1,1.208672092E1
2.386543016E1,-2.895315409E0,-2.823530734E-1,7.680960655E0,8.213387313E0
2.386780568E1,-2.775674164E-1,-6.987041831E-1,1.241396427E1,1.243670938E1
2.387018126E1,3.656233072E0,-4.929214716E-1,8.039883614E0,8.845944855E0
2.387255678E1,-5.680561066E0,-2.536391914E-1,1.074377346E1,1.215573013E1
2.387493235E1,5.307280540E0,-3.732803464E-1,9.978070259E0,1.130789331E1
2.387730787E1,-5.316852093E0,3.828516230E-2,8.824729919E0,1.030272974E1
2.387968344E1,3.412165165E0,-4.833501875E-1,1.227039433E1,1.274515890E1
2.388205896E1,-1.268195987E0,-1.722832322E-1,7.518248558E0,7.626405703E0
2.388443454E1,-2.641676188E0,-6.125625968E-1,1.169611740E1,1.200636699E1
2.388681006E1,4.929214478E0,-9.044869542E-1,8.733802795E0,1.006948674E1
2.388918563E1,-5.446064472E0,-8.614161611E-2,1.066720295E1,1.197732263E1
2.389156120E1,5.254638672E0,-2.057827413E-1,1.027956581E1,1.154655998E1
2.389393672E1,-5.603990555E0,3.541377485E-1,8.240880966E0,9.972073144E0
2.389631230E1,2.167897224E0,-8.183453679E-1,1.233260822E1,1.254841397E1
2.389868782E1,8.662018180E-1,-6.747759581E-1,8.159524918E0,8.233072031E0
2.390106339E1,-3.215953588E0,-4.450650215E-1,1.158126163E1,1.202772054E1
2.390343891E1,4.862215519E0,-3.397808075E-1,8.470592499E0,9.772795303E0
2.390581448E1,-6.484549522E0,-9.571290761E-2,9.743574142E0,1.170451966E1
2.390819006E1,5.379065514E0,-5.407779217E-1,1.158604717E1,1.278527574E1
2.391056558E1,-3.885943890E0,1.052841991E-1,7.977670670E0,8.874394288E0
2.391294115E1,3.828516304E-1,-2.584248483E-1,1.210289669E1,1.211170785E1
2.391531667E1,1.292124271E0,-6.173482537E-1,7.657032490E0,7.789791432E0
2.391769224E1,-3.890729666E0,-6.125625968E-1,1.169133186E1,1.233694658E1
2.392006777E1,5.680561066E0,-3.541377485E-1,9.332008362E0,1.093071670E1
2.392244334E1,-6.470192432E0,4.689932466E-1,9.059226990E0,1.114239375E1
2.392481891E1,3.589233875E0,-3.780659735E-1,1.146162033E1,1.201641687E1
2.392719443E1,-2.737389088E0,-5.072783828E-1,8.149953842E0,8.612338707E0
2.392957001E1,1.387837082E-1,-4.115654826E-1,1.237089348E1,1.237851576E1
2.393194552E1,2.455035925E0,-1.818545163E-1,7.561319351E0,7.951969743E0
2.393432110E1,-5.776273727E0,-5.264209956E-2,1.089691448E1,1.233332293E1
2.393669662E1,5.680561066E0,-6.795616150E-1,9.767501831E0,1.131965857E1
2.393907214E1,-5.580062389E0,1.052841991E-1,8.882157326E0,1.049003812E1
2.394144771E1,3.330809116E0,-3.254238665E-1,1.206461143E1,1.252018527E1
2.394382329E1,-2.483749866E0,-2.344966233E-1,7.417750359E0,7.826047690E0
2.394619886E1,-1.737189293E0,-4.019941986E-1,1.220339584E1,1.233297596E1
2.394857438E1,4.259224415E0,-2.727817893E-1,8.480163574E0,9.493607152E0
2.395094995E1,-5.714060307E0,-2.057827413E-1,1.026042366E1,1.174602594E1
2.395332547E1,4.823930264E0,-6.652047038E-1,9.934999466E0,1.106422229E1
2.395570105E1,-5.426921844E0,-2.153540403E-1,8.796015739E0,1.033768596E1
2.395807657E1,3.388236761E0,1.244267747E-1,1.291645622E1,1.335404327E1
2.396045214E1,-1.086341500E0,-1.483550072E-1,6.848258495E0,6.935473414E0
2.396282766E1,-3.163311481E0,-7.896314859E-1,1.173440266E1,1.217892701E1
2.396520323E1,4.914857864E0,-9.140582681E-1,8.848658562E0,1.016317316E1
2.396757881E1,-5.154139996E0,4.115654826E-1,1.061934662E1,1.181122635E1
2.396995433E1,4.847858906E0,-3.014956415E-1,1.029392338E1,1.138233254E1
2.397232990E1,-5.221138954E0,7.657032460E-2,8.135597229E0,9.667165938E0
2.397470542E1,1.962114573E0,-8.805587292E-1,1.255753326E1,1.274036573E1
2.397708099E1,9.571290612E-1,-8.470591903E-1,7.958528042E0,8.060507050E0
2.397945652E1,-2.660818815E0,2.009970993E-1,1.203589821E1,1.232814675E1
2.398183209E1,4.498506546E0,-2.632105052E-1,8.130811691E0,9.296017409E0
2.398420761E1,-6.345765591E0,-6.412764788E-1,9.753145218E0,1.165348952E1
2.398658318E1,5.565705299E0,-7.034898400E-1,1.145683479E1,1.275660758E1
2.398895870E1,-3.574877024E0,7.465606928E-1,8.350951195E0,9.114575386E0
2.399133428E1,9.667003751E-1,-5.264210105E-1,1.181097221E1,1.186215382E1
2.399370985E1,6.077769399E-1,-8.135597110E-1,7.747959614E0,7.814227434E0
2.399608537E1,-2.986242771E0,-7.034898400E-1,1.184447193E1,1.223536102E1
2.399846094E1,5.824130535E0,-5.120640397E-1,9.126225471E0,1.083838998E1
2.400083646E1,-5.924628735E0,5.168496966E-1,9.820143700E0,1.148057409E1
2.400321204E1,4.158725739E0,-2.871387079E-2,1.068156052E1,1.146261573E1
2.400558761E1,-3.976871252E0,-4.689932466E-1,8.059026718E0,8.999076134E0
2.400796313E1,1.928615093E0,-8.518448472E-1,1.281595802E1,1.298822451E1
2.401033870E1,1.507478237E0,-4.115654826E-1,7.652246952E0,7.810170305E0
2.401271422E1,-4.168296814E0,-1.004985496E-1,1.147597694E1,1.220994861E1
2.401508980E1,5.187639713E0,-3.158525825E-1,8.824729919E0,1.024144652E1
2.401746532E1,-5.723631859E0,-5.742774159E-2,9.853643417E0,1.139550561E1
2.401984089E1,4.756931305E0,-4.498506486E-1,1.116012478E1,1.213998131E1
2.402221641E1,-3.751945972E0,0.000000000E0,7.953742504E0,8.794266223E0
2.402459198E1,-1.914258115E-2,-6.221339107E-1,1.228953743E1,1.230528940E1
2.402696756E1,2.196611166E0,-8.374879360E-1,8.025527000E0,8.362748967E0
2.402934308E1,-3.900300980E0,-2.344966233E-1,1.164347458E1,1.228160562E1
2.403171865E1,5.115854740E0,-1.818545163E-1,8.934800148E0,1.029736347E1
2.403409417E1,-6.814758778E0,2.967100143E-1,9.159725189E0,1.142057527E1
2.403646974E1,4.240081787E0,-8.518448472E-1,1.160997581E1,1.238932894E1
2.403884527E1,-2.512463808E0,-4.307080805E-1,8.389236450E0,8.767968525E0
2.404122084E1,-1.339980662E-1,-4.259224236E-1,1.231825066E1,1.232634028E1
2.404359636E1,1.732403636E0,-1.866401732E-1,7.398607731E0,7.601016594E0
2.404597193E1,-5.182853699E0,-3.924229145E-1,1.131805134E1,1.245448732E1
2.404834751E1,6.044270039E0,-5.934200287E-1,9.891928673E0,1.160756652E1
2.405072302E1,-5.962913990E0,-1.531406492E-1,8.901300430E0,1.071508025E1
2.405309860E1,3.192025423E0,-3.445664644E-1,1.183011532E1,1.225803332E1
2.405547412E1,-2.833101988E0,-4.115654826E-1,7.934599876E0,8.435266932E0
2.405784969E1,-3.110669553E-1,-6.556333899E-1,1.253839111E1,1.255937377E1
2.406022521E1,2.981456995E0,-3.780659735E-1,7.872386456E0,8.426534768E0
2.406260079E1,-5.508277893E0,-1.244267747E-1,1.101177025E1,1.231323237E1
2.406497636E1,5.163711071E0,-5.024927258E-1,9.432506561E0,1.076515634E1
2.406735188E1,-5.656632900E0,-2.967100143E-1,9.040083885E0,1.066811367E1
2.406972745E1,3.694518089E0,-6.556333899E-1,1.242353535E1,1.297780989E1
2.407210297E1,-2.033899307E0,-9.092725813E-2,7.580461979E0,7.849103004E0
2.407447855E1,-2.053041935E0,-2.967100143E-1,1.205982590E1,1.223692848E1
2.407685407E1,3.986442566E0,-7.369893789E-1,8.207381248E0,9.154014673E0
2.407922964E1,-4.953142643E0,-5.216353536E-1,1.089691448E1,1.198117151E1
2.408160516E1,5.379065514E0,-4.737788737E-1,1.004028416E1,1.140026834E1
2.408398073E1,-5.943771362E0,1.914258152E-1,8.465806961E0,1.034576964E1
2.408635631E1,2.995813847E0,-6.556333899E-1,1.252881908E1,1.289868456E1
2.408873183E1,-4.067798555E-1,-4.642075896E-1,7.953742504E0,7.977654941E0
2.409110740E1,-2.110469580E0,-4.594219327E-1,1.188275719E1,1.207746119E1
2.409348292E1,4.244867325E0,-4.402793646E-1,8.068597794E0,9.127705894E0
2.409585849E1,-5.962913990E0,-5.503492355E-1,1.045184898E1,1.204576169E1
2.409823402E1,5.958128452E0,-6.269195080E-1,1.096869946E1,1.249818749E1
2.410060959E1,-4.675575256E0,2.488535494E-1,8.260024071E0,9.494784343E0
2.410298516E1,1.890329838E0,-1.866401732E-1,1.233260822E1,1.247803699E1
2.410536068E1,-2.392822653E-1,-5.599204898E-1,7.422535896E0,7.447469778E0
2.410773626E1,-2.340180635E0,-7.752745152E-1,1.194497108E1,1.219671391E1
2.411011178E1,5.292923450E0,-6.412764788E-1,8.934800148E0,1.040465895E1
2.411248735E1,-6.034698486E0,1.004985496E-1,9.906285286E0,1.160009370E1
2.411486287E1,4.646861553E0,-2.584248483E-1,1.072463131E1,1.169092907E1
2.411723844E1,-4.048655987E0,-2.488535494E-1,8.355736732E0,9.288265701E0
2.411961396E1,1.952543259E0,-5.312066078E-1,1.266281700E1,1.282347613E1
2.412198954E1,8.374879360E-1,-5.312066078E-1,7.379465103E0,7.445809003E0
2.412436511E1,-4.053441525E0,-3.972085714E-1,1.176311588E1,1.244825522E1
2.412674063E1,5.862415314E0,-4.977070987E-1,9.102297783E0,1.083824020E1
2.412911620E1,-5.910272121E0,2.105683982E-1,9.676574707E0,1.134071222E1
2.413149172E1,4.488935471E0,-4.067798555E-1,1.119841003E1,1.207147045E1
2.413386730E1,-3.885943890E0,-3.397808075E-1,7.800601959E0,8.721548133E0
2.413624282E1,4.642075896E-1,-6.891329288E-1,1.268196011E1,1.270915044E1
2.413861839E1,2.589034081E0,-4.977070987E-1,8.035098076E0,8.456572055E0
2.414099396E1,-4.517649174E0,-1.914258152E-1,1.121276665E1,1.209015855E1
2.414336948E1,5.168497086E0,-1.962114573E-1,9.164510727E0,1.052331307E1
2.414574501E1,-6.479763508E0,6.221338734E-2,9.064012527E0,1.114215099E1
2.414812058E1,4.560719967E0,-7.178468108E-1,1.216989613E1,1.301621459E1
2.415049615E1,-2.603390932E0,-3.110669553E-1,7.695317745E0,8.129718457E0
2.415287167E1,-1.215553880E0,-3.254238665E-1,1.221296692E1,1.227762326E1
2.415524724E1,2.847458839E0,-6.699903607E-1,7.968099594E0,8.488081059E0
2.415762277E1,-4.967499733E0,-4.211367965E-1,1.123669529E1,1.229295452E1
2.415999834E1,5.608776093E0,-4.450650215E-1,9.963713646E0,1.144255399E1
2.416237386E1,-6.139982700E0,4.163511395E-1,8.571090698E0,1.055160327E1
2.416474943E1,2.555534601E0,-4.450650215E-1,1.198325539E1,1.226080135E1
2.416712501E1,-1.225125194E0,-8.566305041E-1,7.948956966E0,8.088304174E0
2.416950052E1,-1.488335729E0,-5.024927258E-1,1.230389404E1,1.240376761E1
2.417187610E1,3.694518089E0,-2.632105052E-1,7.958528042E0,8.778206666E0
2.417425162E1,-6.489335060E0,6.221338734E-2,1.052841949E1,1.236781942E1
2.417662719E1,5.321637630E0,-6.556333899E-1,1.042313576E1,1.172140952E1
2.417900271E1,-4.857429981E0,-8.614161611E-2,8.604590416E0,9.881347207E0
2.418137829E1,2.225325108E0,-4.833501875E-1,1.234696484E1,1.255520768E1
2.418375386E1,-9.619147182E-1,-3.062812984E-1,7.341179848E0,7.410263809E0
2.418612938E1,-3.139383316E0,-5.120640397E-1,1.188754272E1,1.230575513E1
2.418850495E1,5.292923450E0,-6.604190469E-1,9.092725754E0,1.054176710E1
2.419088047E1,-5.900700569E0,-4.785645287E-3,9.839286804E0,1.147300549E1
2.419325605E1,4.474578381E0,-1.100698411E-1,1.058106136E1,1.148881311E1
2.419563157E1,-4.919643402E0,-1.435693651E-1,8.149953842E0,9.520779957E0
2.419800714E1,2.177468538E0,-6.125625968E-1,1.291645622E1,1.311302572E1
2.420038266E1,8.231309652E-1,-3.158525825E-1,7.456035137E0,7.507980248E0
2.420275823E1,-3.948157310E0,-1.100698411E-1,1.162433243E1,1.227701779E1
2.420513381E1,5.178068161E0,-5.312066078E-1,8.829515457E0,1.024962992E1
2.420750933E1,-5.766702652E0,-1.914258152E-1,9.829715729E0,1.139801801E1
2.420988490E1,4.981856823E0,-4.833501875E-1,1.140897846E1,1.245862410E1
2.421226042E1,-3.847658873E0,1.579262912E-1,7.862815380E0,8.755186190E0
2.421463599E1,3.637090325E-1,-3.062812984E-1,1.235175037E1,1.236089923E1
2.421701152E1,2.196611166E0,-7.704889178E-1,7.891529083E0,8.227696218E0
2.421938709E1,-3.613162279E0,-2.440679073E-1,1.165783215E1,1.220735684E1
2.422176266E1,5.489135265E0,-2.297109663E-1,8.953942299E0,1.050506810E1
2.422413818E1,-6.551548481E0,3.780659735E-1,9.097511292E0,1.121741651E1
2.422651376E1,4.560719967E0,-8.135597110E-1,1.166740322E1,1.255349927E1
2.422888928E1,-2.124826431E0,-3.541377485E-1,8.240880966E0,8.517770836E0
2.423126485E1,-1.435693540E-2,-5.264210105E-1,1.240917778E1,1.242034695E1
2.423364037E1,2.656033039E0,-2.440679073E-1,7.465606689E0,7.927759071E0
2.423601594E1,-5.015356064E0,-8.135596663E-2,1.145204926E1,1.250239367E1
2.423839152E1,6.369693756E0,-4.115654826E-1,9.652647018E0,1.157220719E1
2.424076704E1,-5.728417397E0,-4.785645381E-2,8.695517540E0,1.041292857E1
2.424314261E1,3.474378586E0,-7.609176040E-1,1.210289669E1,1.261469026E1
2.424551813E1,-1.713261008E0,-4.929214716E-1,7.695317745E0,7.899123373E0
2.424789370E1,-7.896314859E-1,-2.536391914E-1,1.264846039E1,1.267562231E1
2.425026922E1,3.766302824E0,-1.148554832E-1,7.757531166E0,8.624240172E0
2.425264480E1,-5.900700569E0,-4.115654826E-1,1.042792130E1,1.198871119E1
2.425502032E1,5.680561066E0,-8.422735929E-1,1.045663452E1,1.192976967E1
2.425739589E1,-4.713860512E0,9.571290575E-3,8.714659691E0,9.907868896E0
2.425977146E1,2.823530674E0,-6.699903309E-2,1.233739376E1,1.265654373E1
2.426214698E1,-1.292124271E0,8.135596663E-2,7.274180889E0,7.388498598E0
2.426452256E1,-2.924029350E0,-7.609176040E-1,1.174875927E1,1.213104644E1
2.426689808E1,5.335994720E0,-1.043270707E0,8.810373306E0,1.035296727E1
2.426927365E1,-5.359922886E0,3.349951804E-1,1.065284634E1,1.192996774E1
2.427164917E1,4.393222332E0,1.914258115E-2,9.820143700E0,1.075806633E1
2.427402474E1,-5.661418438E0,1.004985496E-1,8.063812256E0,9.853264778E0
2.427640027E1,2.148754835E0,-8.709874153E-1,1.279681587E1,1.300516293E1
2.427877584E1,9.906286001E-1,-4.402793646E-1,7.896314621E0,7.970381141E0
2.428115141E1,-3.469592810E0,-1.770688742E-1,1.143769264E1,1.195367059E1
2.428352693E1,4.292723656E0,-4.785645287E-3,8.504091263E0,9.526125524E0
2.428590251E1,-6.537191391E0,6.699903309E-2,9.801001549E0,1.178129838E1
2.428827802E1,5.398207664E0,-5.599204898E-1,1.105962658E1,1.231947633E1
2.429065360E1,-4.216153622E0,-2.584248483E-1,8.145168304E0,9.175320238E0
2.429302912E1,6.460621357E-1,-2.775674164E-1,1.251924801E1,1.253897965E1
2.429540469E1,7.800601721E-1,-4.546363056E-1,7.240681171E0,7.296756257E0
2.429778026E1,-3.589233875E0,-3.493520916E-1,1.189711380E1,1.243165168E1
2.430015579E1,5.474778175E0,-3.349951804E-1,9.135796547E0,1.065589960E1
2.430253136E1,-6.455835342E0,3.828516304E-1,9.092725754E0,1.115804853E1
2.430490688E1,4.019941807E0,-3.732803464E-1,1.123190975E1,1.193545420E1
2.430728245E1,-3.139383316E0,-5.551348329E-1,8.145168304E0,8.746866239E0
2.430965797E1,8.566305041E-1,-4.498506486E-1,1.274417305E1,1.278085006E1
2.431203355E1,1.837687731E0,-1.914258152E-1,7.331608772E0,7.560835088E0
2.431440912E1,-5.005784988E0,-1.292124242E-1,1.133240795E1,1.238943296E1
2.431678464E1,5.977271080E0,-6.699903607E-1,9.461220741E0,1.121121557E1
2.431916021E1,-5.513063431E0,-4.785645287E-3,9.250652313E0,1.076886528E1
2.432153573E1,4.244867325E0,-4.833501875E-1,1.167697430E1,1.243399593E1
2.432391131E1,-3.086741209E0,-2.297109663E-1,7.695317745E0,8.294495381E0
2.432628683E1,-3.637090325E-1,-5.934200287E-1,1.249532032E1,1.251468983E1
2.432866240E1,3.565305710E0,-5.168496966E-1,8.173882484E0,8.932574841E0
2.433103797E1,-4.627718925E0,-2.584248483E-1,1.105005455E1,1.198274891E1
2.433341349E1,5.302495003E0,-3.493520916E-1,9.451649666E0,1.084307067E1
2.433578907E1,-5.871986866E0,-1.387837082E-1,8.810373306E0,1.058877559E1
2.433816459E1,4.369294167E0,-7.465606928E-1,1.251446247E1,1.327628921E1
2.434054016E1,-1.545763373E0,-1.627119333E-1,7.661818027E0,7.817884309E0
2.434291568E1,-1.478764415E0,-1.914258152E-1,1.210768223E1,1.219915394E1
2.434529126E1,3.483949661E0,-5.359922647E-1,7.795815945E0,8.555696301E0
2.434766678E1,-4.890929699E0,-5.216353536E-1,1.101655579E1,1.206473365E1
2.435004235E1,5.833701611E0,-6.221339107E-1,1.025085258E1,1.181097387E1
2.435241792E1,-5.584847927E0,3.828516304E-1,8.451449394E0,1.013726288E1
2.435479344E1,2.565105915E0,-3.828516304E-1,1.220818138E1,1.248062644E1
2.435716902E1,-8.949156404E-1,-7.034898400E-1,7.781459332E0,7.864278815E0
2.435954454E1,-1.473978758E0,-4.546363056E-1,1.225125217E1,1.234797503E1
2.436192011E1,3.881158352E0,-3.110669553E-1,8.015955925E0,8.911548810E0
2.436429563E1,-6.278766632E0,-2.009970993E-1,1.034656525E1,1.210432661E1
2.436667120E1,5.422136307E0,-8.374879360E-1,1.068634605E1,1.201244938E1
2.436904678E1,-4.694717884E0,2.488535494E-1,8.762516975E0,9.944043838E0
2.437142230E1,2.225325108E0,-3.254238665E-1,1.204546928E1,1.225362407E1
2.437379787E1,-1.253839016E0,-1.962114573E-1,7.494320393E0,7.601016337E0
2.437617339E1,-2.885744095E0,-7.034898400E-1,1.188275719E1,1.224836051E1
2.437854896E1,5.125426292E0,-7.561319470E-1,8.953942299E0,1.034479642E1
2.438092448E1,-5.747560024E0,-8.614161611E-2,1.026520920E1,1.176504936E1
2.438330006E1,4.331008911E0,-8.135596663E-2,1.025085258E1,1.112853250E1
2.438567558E1,-5.465207100E0,1.387837082E-1,8.360522270E0,9.989298383E0
2.438805115E1,2.316252232E0,-6.604190469E-1,1.256710434E1,1.279583093E1
2.439042672E1,1.339980662E-1,-4.546363056E-1,7.594819069E0,7.609594361E0
2.439280224E1,-3.598805189E0,-2.727817893E-1,1.157169056E1,1.212146159E1
2.439517782E1,4.555934429E0,-6.125625968E-1,8.590232849E0,9.742888271E0
2.439755334E1,-5.852844238E0,-6.221338734E-2,1.025563812E1,1.180837709E1
2.439992891E1,4.938786030E0,-3.110669553E-1,1.077727318E1,1.185908880E1
2.440230443E1,-4.857429981E0,4.067798555E-1,7.968099594E0,9.340808692E0
2.440468001E1,8.949156404E-1,-4.737788737E-1,1.229910851E1,1.234072163E1
2.440705558E1,9.236295223E-1,-9.714859724E-1,7.700103283E0,7.815911147E0
2.440943110E1,-2.957528830E0,-3.924229145E-1,1.200239849E1,1.236764093E1
2.441180667E1,4.833501816E0,-2.536391914E-1,8.537590981E0,9.814149601E0
2.441418219E1,-6.699903488E0,2.919243574E-1,9.576076508E0,1.169081553E1
2.441655776E1,4.857429981E0,-6.029912829E-1,1.127498055E1,1.229159920E1
2.441893329E1,-3.498306751E0,-1.770688742E-1,8.312665939E0,9.020527619E0
2.442130886E1,1.172483087E0,-4.833501875E-1,1.230867958E1,1.237384084E1
2.442368438E1,8.279166222E-1,-4.019941986E-1,7.336394310E0,7.393897940E0
2.442605995E1,-3.996013880E0,-4.977070987E-1,1.168175983E1,1.235634866E1
2.442843552E1,6.039484501E0,-6.891329288E-1,9.379864693E0,1.117730463E1
2.443081105E1,-5.809773445E0,7.657032460E-2,9.365508080E0,1.102143693E1
2.443318662E1,4.139583111E0,-2.249253243E-1,1.117448139E1,1.191871529E1
2.443556214E1,-3.761517286E0,-4.833501875E-1,7.886743546E0,8.751192116E0
2.443793771E1,1.234696507E0,-7.657032609E-1,1.289252853E1,1.297413076E1
2.444031323E1,2.234896421E0,-4.737788737E-1,7.604390144E0,7.940149741E0
2.444268881E1,-4.350151539E0,-1.004985496E-1,1.138504982E1,1.218824342E1
2.444506438E1,5.402993679E0,-3.972085714E-1,9.078369141E0,1.057198664E1
2.444743990E1,-5.795416355E0,-1.722832322E-1,9.466006279E0,1.110053184E1
2.444981547E1,4.867001057E0,-6.987041831E-1,1.173440266E1,1.272289639E1
2.445219099E1,-3.005385160E0,-1.579262912E-1,7.958528042E0,8.508551538E0
2.445456657E1,-4.498506486E-1,-4.211367965E-1,1.225125217E1,1.226673965E1
2.445694209E1,2.876172781E0,-8.805587292E-1,7.767102242E0,8.329203490E0
2.445931766E1,-4.197010994E0,-4.354937077E-1,1.158604717E1,1.233049249E1
2.446169323E1,5.661418438E0,-8.470591903E-1,9.509077072E0,1.109917631E1
2.446406876E1,-6.163911343E0,7.034898400E-1,9.030512810E0,1.095622483E1
2.446644433E1,3.603590965E0,-5.312066078E-1,1.175354481E1,1.230503409E1
2.446881980E1,-2.268395901E0,-1.497906923E0,7.613961697E0,8.084661887E0
2.447119542E1,1.004985496E-1,1.263410330E0,1.370130253E1,1.375979639E1
2.447357094E1,2.354537487E0,-1.789831281E0,6.072983742E0,6.754885219E0
2.447594652E1,-4.981856823E0,4.546363056E-1,1.216032505E1,1.314911012E1
2.447832204E1,5.245067120E0,-1.392622828E0,9.221938133E0,1.070019955E1
2.448069761E1,-5.168497086E0,8.039883971E-1,1.003071213E1,1.131260117E1
2.448307318E1,3.249453068E0,-7.369893789E-1,1.077727318E1,1.128059022E1
2.448544870E1,-2.234896421E0,4.402793646E-1,8.226524353E0,8.536059446E0
2.448782428E1,-1.445264935E0,-1.488335729E0,1.209332561E1,1.226998201E1
2.449019980E1,4.268795490E0,1.435693540E-2,8.504091263E0,9.515376465E0
2.449257537E1,-5.647061348E0,-4.307080805E-1,1.010728264E1,1.158585231E1
2.449495089E1,4.747360229E0,1.914258152E-1,1.049970531E1,1.152466419E1
2.449732646E1,-5.379065514E0,-2.057827413E-1,8.513663292E0,1.007269353E1
2.449970204E1,3.335594654E0,-1.770688742E-1,1.262453270E1,1.305895750E1
2.450207756E1,-1.287338614E0,-8.183453679E-1,7.168896675E0,7.329393521E0
2.450445313E1,-2.531606436E0,3.349951655E-2,1.229432297E1,1.255231176E1
2.450682865E1,4.187439442E0,-1.019342422E0,8.207381248E0,9.270103290E0
2.450920422E1,-5.474778175E0,5.120640397E-1,1.103091240E1,1.232543849E1
2.451157974E1,5.044070244E0,-5.551348329E-1,9.820143700E0,1.105377952E1
2.451395532E1,-5.828916073E0,-9.571290761E-2,8.350951195E0,1.018448867E1
2.451633084E1,2.483749866E0,-6.795616150E-1,1.271067429E1,1.296888809E1
2.451870636E1,5.742774159E-2,-5.742774159E-2,8.049455643E0,8.049865343E0
2.452108198E1,-2.904886723E0,-3.876372576E-1,1.168654537E1,1.204840123E1
2.452345745E1,4.230510235E0,-5.647061467E-1,8.178668022E0,9.225330373E0
2.452583308E1,-6.154339790E0,-2.153540403E-1,1.058106136E1,1.224259512E1
2.452820860E1,5.747560024E0,-5.742774606E-1,1.070548820E1,1.216436264E1
2.453058417E1,-4.991427898E0,2.392822653E-1,8.398807526E0,9.773002421E0
2.453295969E1,1.502692580E0,-3.206382394E-1,1.229910851E1,1.239471516E1
2.453533526E1,-1.674975902E-1,-9.188438654E-1,7.412964344E0,7.471570776E0
2.453771084E1,-2.627319336E0,-7.369893789E-1,1.243310642E1,1.272902571E1
2.454008636E1,5.340780258E0,-4.833501875E-1,8.695517540E0,1.021614342E1
2.454246193E1,-6.384050846E0,2.584248483E-1,9.872786522E0,1.175988105E1
2.454483745E1,4.508078098E0,-1.100698411E-1,1.074377346E1,1.165176174E1
2.454721302E1,-4.220939159E0,-2.344966233E-1,8.322237015E0,9.334395802E0
2.454958855E1,1.919043779E0,-7.561319470E-1,1.252403355E1,1.269274914E1
2.455196412E1,8.566305041E-1,-6.412764788E-1,7.513463020E0,7.589280460E0
2.455433969E1,-4.216153622E0,-3.349951804E-1,1.180618668E1,1.254090176E1
2.455671521E1,5.714060307E0,-7.082754970E-1,9.102297783E0,1.077051365E1
2.455909079E1,-5.833701611E0,1.818545163E-1,9.853643417E0,1.145248594E1
2.456146631E1,4.589433670E0,-2.057827413E-1,1.106441212E1,1.198025306E1
2.456384183E1,-4.130012035E0,7.178468257E-2,7.819744587E0,8.843673324E0
2.456621740E1,4.833501875E-1,-8.470591903E-1,1.240917778E1,1.244744270E1
2.456859297E1,2.746960402E0,-6.412764788E-1,8.092526436E0,8.570064824E0
2.457096823E1,-4.230510235E0,-2.153540403E-1,1.128455162E1,1.205341028E1
2.457334407E1,5.335994720E0,-2.392822653E-1,9.044869423E0,1.050427335E1
2.457571964E1,-6.556334019E0,1.770688742E-1,9.121439934E0,1.123465779E1
2.457809516E1,4.919643402E0,-7.130611539E-1,1.207418346E1,1.305745970E1
2.458047073E1,-2.431107759E0,-1.483550072E-1,7.872386456E0,8.240555967E0
2.458284626E1,-7.178468108E-1,-1.387837082E-1,1.205025482E1,1.207241510E1
2.458522183E1,2.727817774E0,-6.077769399E-1,7.566105366E0,8.065750617E0
2.458759740E1,-4.584648132E0,-4.833501875E-1,1.153819084E1,1.242507440E1
2.458997287E1,6.211767673E0,-5.024927258E-1,9.858428955E0,1.166306898E1
2.459234844E1,-6.010770321E0,4.785645306E-1,8.556734085E0,1.046785948E1
2.459472402E1,3.062813044E0,-4.402793646E-1,1.195454216E1,1.234851197E1
2.459709959E1,-1.507478237E0,-6.269195080E-1,7.920242786E0,8.086764773E0
2.459947511E1,-5.982056856E-1,-5.072783828E-1,1.240439224E1,1.242916443E1
2.460185068E1,3.680161238E0,-3.302095234E-1,7.786244869E0,8.618482130E0
2.460422620E1,-5.986842155E0,8.135596663E-2,1.077727318E1,1.232876778E1
2.460660178E1,5.704489231E0,-7.561319470E-1,1.006421185E1,1.159315716E1
2.460897735E1,-5.010570526E0,6.221338734E-2,8.891729355E0,1.020649491E1
2.461135287E1,3.101098061E0,-5.647061467E-1,1.213639641E1,1.253905180E1
2.461372844E1,-1.507478237E0,-3.397808075E-1,7.465606689E0,7.623858923E0
2.461610396E1,-2.421536446E0,-7.322037220E-1,1.213161087E1,1.239257614E1
2.461847954E1,5.082355499E0,-5.551348329E-1,8.695517540E0,1.008714714E1
2.462085506E1,-5.637490273E0,-6.221338734E-2,1.025085258E1,1.169893781E1
2.462323063E1,4.699503899E0,-9.092725813E-2,1.018385315E1,1.121625916E1
2.462560615E1,-5.575276852E0,1.435693651E-1,8.188239098E0,9.907148109E0
2.462798172E1,2.622533560E0,-9.332008362E-1,1.275374508E1,1.305398635E1
2.463035730E1,8.614161611E-2,-5.886343718E-1,7.633104324E0,7.656251852E0
2.463273282E1,-3.450450182E0,-2.632105052E-1,1.174397373E1,1.224319424E1
2.463510839E1,4.541577339E0,-5.694918036E-1,8.465806961E0,9.623935429E0
2.463748391E1,-6.072983742E0,-1.004985496E-1,1.031785107E1,1.197285606E1
2.463985948E1,5.087141037E0,-4.737788737E-1,1.085384369E1,1.199622412E1
2.464223500E1,-4.622933388E0,2.009970993E-1,8.025527000E0,9.263962250E0
2.464461058E1,6.699903607E-1,-7.178468108E-1,1.238525009E1,1.242411409E1
2.464698615E1,1.110269666E0,-6.652047038E-1,7.757531166E0,7.864762286E0
2.464936167E1,-3.378665686E0,-2.775674164E-1,1.184925747E1,1.232466341E1
2.465173724E1,4.957928658E0,-2.105683982E-1,8.671588898E0,9.991088511E0
2.465411276E1,-6.853044033E0,4.115654826E-1,9.504291534E0,1.172455356E1
2.465648834E1,4.584648132E0,-6.747759581E-1,1.115533924E1,1.207956600E1
2.465886386E1,-3.340380430E0,-1.770688742E-1,8.317451477E0,8.964903451E0
2.466123943E1,6.891329288E-1,-4.785645306E-1,1.238046455E1,1.240886098E1
2.466361500E1,1.359123230E0,-3.110669553E-1,7.235895634E0,7.369000219E0
2.466599047E1,-4.718646049E0,-3.541377485E-1,1.159561825E1,1.252395292E1
2.466836610E1,6.197410583E0,-5.264210105E-1,9.638289452E0,1.147090409E1
2.467074162E1,-5.742774487E0,3.541377485E-1,9.154939651E0,1.081285311E1
2.467311719E1,3.847658873E0,-9.571290575E-3,1.132283688E1,1.195872925E1
2.467549271E1,-3.345165968E0,-2.297109663E-1,7.757531166E0,8.451165143E0
2.467786829E1,5.216353536E-1,-7.082754970E-1,1.268674564E1,1.271720381E1
2.468024386E1,3.077169895E0,-3.397808075E-1,7.776673794E0,8.370249749E0
2.468261938E1,-4.924428940E0,0.000000000E0,1.107398319E1,1.211953399E1
2.468499495E1,5.355136871E0,-2.727817893E-1,9.317651749E0,1.075037371E1
2.468737047E1,-5.656632900E0,1.196411327E-1,9.274580956E0,1.086414569E1
2.468974605E1,4.364508629E0,-5.551348329E-1,1.192104244E1,1.270702023E1
2.469212157E1,-2.249253273E0,-3.349951655E-2,7.676175117E0,7.998995371E0
2.469449714E1,-1.354337573E0,-4.019941986E-1,1.212682533E1,1.220883787E1
2.469687261E1,3.785445452E0,-6.987041831E-1,8.097311974E0,8.965726184E0
2.469924823E1,-4.546362877E0,-1.339980662E-1,1.118405342E1,1.207354222E1
2.470162381E1,5.407779217E0,-1.818545163E-1,9.571290970E0,1.099485143E1
2.470399933E1,-6.130411625E0,4.929214716E-1,8.614161491E0,1.058436094E1
2.470637490E1,3.426522017E0,-6.699903607E-1,1.207418346E1,1.256884428E1
2.470875042E1,-9.619147182E-1,-4.354937077E-1,8.063812256E0,8.132650416E0
2.471112599E1,-1.536192179E0,-4.642075896E-1,1.205982590E1,1.216613233E1
2.471350152E1,3.603590965E0,-3.493520916E-1,7.896314621E0,8.686754246E0
2.471587709E1,-5.876772404E0,-1.674975902E-1,1.081555843E1,1.231019145E1
2.471825266E1,5.958128452E0,-6.269195080E-1,1.036570740E1,1.197247729E1
2.472062818E1,-5.379065514E0,2.297109663E-1,8.614161491E0,1.015829174E1
2.472300376E1,2.306680918E0,-3.637090325E-1,1.203589821E1,1.226033877E1
2.472537928E1,-1.320838094E0,-7.034898400E-1,7.570890903E0,7.717376516E0
2.472775485E1,-1.875972986E0,-6.891329288E-1,1.241874981E1,1.257853432E1
2.473013037E1,4.603790760E0,-4.259224236E-1,8.331808090E0,9.528658107E0
2.473250594E1,-6.206982136E0,9.571290761E-2,1.035135078E1,1.207005598E1
2.473488146E1,4.704289436E0,-3.972085714E-1,1.022213840E1,1.125967261E1
2.473725704E1,-4.962714195E0,-2.440679073E-1,8.652446747E0,9.977621762E0
2.473963261E1,2.775674343E0,-7.226324677E-1,1.263888931E1,1.296025034E1
2.474200813E1,-5.120640397E-1,-2.632105052E-1,7.503891945E0,7.525947360E0
2.474438370E1,-3.555734396E0,-2.727817893E-1,1.178704453E1,1.231470973E1
2.474675922E1,4.924428940E0,-9.140582681E-1,8.657232285E0,1.000165855E1
2.474913480E1,-5.613562107E0,-1.196411327E-1,1.049013424E1,1.189829021E1
2.475151032E1,5.029713154E0,-4.402793646E-1,1.050927734E1,1.165919254E1
2.475388589E1,-5.273781300E0,2.297109663E-1,8.159524918E0,9.718198558E0
2.475626146E1,1.521835208E0,-7.944171429E-1,1.251924801E1,1.263640185E1
2.475863698E1,9.379864931E-1,-5.072783828E-1,7.925028801E0,7.996451183E0
2.476101256E1,-3.211168051E0,-3.876372576E-1,1.161476135E1,1.205672195E1
2.476338808E1,4.699503899E0,-3.014956415E-1,8.461020470E0,9.683238296E0
2.476576365E1,-6.589833736E0,-2.871387079E-2,9.896714211E0,1.188998256E1
2.476813917E1,5.388636589E0,-7.082754970E-1,1.123669529E1,1.248208234E1
2.477051474E1,-3.972085476E0,9.571290761E-2,8.236095428E0,9.144391281E0
2.477289032E1,7.944171429E-1,-2.679961324E-1,1.218903828E1,1.221783838E1
2.477526584E1,6.652047038E-1,-7.322037220E-1,7.369893551E0,7.435990219E0
2.477764141E1,-3.388236761E0,-6.364908218E-1,1.211246777E1,1.259353581E1
2.478001693E1,5.776273727E0,-4.402793646E-1,9.068798065E0,1.076114689E1
2.478239250E1,-6.288337708E0,3.397808075E-1,9.389435768E0,1.130575721E1
2.478476802E1,4.110869408E0,-1.914258152E-1,1.105962658E1,1.180047589E1
2.478714360E1,-3.550948858E0,-3.972085714E-1,8.216953278E0,8.960208346E0
2.478951917E1,1.325623751E0,-7.178468108E-1,1.268196011E1,1.277124483E1
2.479189469E1,1.694118381E0,-3.589234054E-1,7.628318787E0,7.822410793E0
2.479427026E1,-4.713860512E0,-1.627119333E-1,1.131326580E1,1.225711790E1
2.479664579E1,5.733202934E0,-6.891329288E-1,9.293723106E0,1.094156338E1
2.479902136E1,-5.647061348E0,1.627119333E-1,9.647860527E0,1.118020527E1
2.480139688E1,4.388436794E0,-4.019941986E-1,1.119841003E1,1.203429949E1
2.480377245E1,-3.589233875E0,-8.614161611E-2,7.838887215E0,8.621958765E0
2.480614803E1,-4.785645381E-2,-8.087740541E-1,1.261017513E1,1.263617516E1
2.480852355E1,3.062813044E0,-4.881358147E-1,8.039883614E0,8.617356255E0
2.481089912E1,-4.407579422E0,-2.536391914E-1,1.116969585E1,1.201054514E1
2.481327464E1,5.192425251E0,-1.531406492E-1,9.236295700E0,1.059688116E1
2.481565021E1,-6.527620316E0,1.339980662E-1,9.006584167E0,1.112413326E1
2.481802573E1,4.618147850E0,-9.236295223E-1,1.199282742E1,1.288442046E1
2.482040131E1,-2.407179594E0,-1.866401732E-1,8.092526436E0,8.445018192E0
2.482277683E1,-7.992027402E-1,-1.818545163E-1,1.204546928E1,1.207332292E1
2.482515240E1,2.469393015E0,-4.546363056E-1,7.537391186E0,7.944612131E0
2.482752797E1,-4.766502857E0,-5.838487148E-1,1.136590767E1,1.233873113E1
2.482990349E1,5.905486107E0,-4.833501875E-1,9.911071777E0,1.154719608E1
2.483227907E1,-6.039484501E0,4.402793646E-1,8.628518105E0,1.054137295E1
2.483465459E1,2.914458036E0,-2.871387303E-1,1.173918819E1,1.209896912E1
2.483703016E1,-2.033899307E0,-5.742774606E-1,8.001599312E0,8.275997374E0
2.483940568E1,-6.987041831E-1,-5.647061467E-1,1.242832088E1,1.246074799E1
2.484178126E1,3.340380430E0,-3.110669553E-1,7.738388538E0,8.434308581E0
2.484415683E1,-6.111268997E0,-2.392822690E-2,1.077248764E1,1.238526024E1
2.484653235E1,5.388636589E0,-7.369893789E-1,9.906285286E0,1.130110817E1
2.484890792E1,-5.283352375E0,2.105683982E-1,9.140582085E0,1.055975342E1
2.485128344E1,3.024527788E0,-4.354937077E-1,1.182532978E1,1.221375649E1
2.485365902E1,-2.048256159E0,-1.148554832E-1,7.532605648E0,7.806964386E0
2.485603454E1,-2.292324066E0,-5.982056856E-1,1.213639641E1,1.236546471E1
2.485841011E1,4.532006264E0,-6.221339107E-1,8.489734650E0,9.643740239E0
2.486078568E1,-5.479563713E0,-2.392822653E-1,1.058106136E1,1.191812628E1
2.486316120E1,4.871787071E0,-2.632105052E-1,1.003549862E1,1.115862095E1
2.486553678E1,-5.862415314E0,1.435693651E-1,8.599804878E0,1.040889857E1
2.486791230E1,3.302095175E0,-7.561319470E-1,1.244267750E1,1.289557255E1
2.487028787E1,-6.795616150E-1,-2.679961324E-1,7.757531166E0,7.791849312E0
2.487266339E1,-2.522035122E0,-2.488535494E-1,1.184925747E1,1.211723945E1
2.487503891E1,4.077369690E0,-6.604190469E-1,8.078168869E0,9.072921756E0
2.487741454E1,-5.393422127E0,-4.737788737E-1,1.084905815E1,1.212499614E1
2.487979006E1,5.704489231E0,-3.876372576E-1,1.060020447E1,1.204391111E1
2.488216563E1,-5.216353416E0,4.642075896E-1,8.312665939E0,9.824777182E0
2.488454115E1,1.899901152E0,-3.876372576E-1,1.215075302E1,1.230449861E1
2.488691672E1,-1.244267747E-1,-8.470591903E-1,7.714460373E0,7.761822604E0
2.488929224E1,-1.928615093E0,-5.790630579E-1,1.223689461E1,1.240147007E1
2.489166782E1,4.704289436E0,-3.684946895E-1,8.288737297E0,9.537782416E0
2.489404334E1,-6.403193474E0,1.196411327E-1,1.015513897E1,1.200591721E1
2.489641891E1,5.240281582E0,-5.838487148E-1,1.059063339E1,1.183059365E1
2.489879448E1,-4.287938118E0,1.196411327E-1,8.834300995E0,9.820672145E0
2.490117000E1,2.311466694E0,-5.455635786E-1,1.205982590E1,1.229145714E1
2.490354558E1,-2.967100143E-1,-3.445664644E-1,7.456035137E0,7.469887740E0
2.490592110E1,-3.297309637E0,-7.274180651E-1,1.197368431E1,1.244067940E1
2.490829667E1,5.670989513E0,-4.881358147E-1,9.016156197E0,1.066252649E1
2.491067219E1,-5.790630817E0,-4.785645287E-3,9.987641335E0,1.154488664E1
2.491304776E1,4.536791801E0,-4.785645287E-3,1.052363396E1,1.145990290E1
2.491542334E1,-4.981856823E0,8.614161611E-2,8.087740898E0,9.499361590E0
2.491779886E1,2.139183521E0,-9.954141974E-1,1.266281700E1,1.288075658E1
2.492017443E1,1.014556766E0,-4.498506486E-1,7.810173035E0,7.888630671E0
2.492254995E1,-3.689732552E0,-1.004985496E-1,1.152861977E1,1.210509397E1
2.492492553E1,4.881358147E0,-4.163511395E-1,8.508877754E0,9.818452335E0
2.492730105E1,-6.154339790E0,-3.684946895E-1,1.004985523E1,1.179030435E1
2.492967662E1,5.417350292E0,-3.876372576E-1,1.134676456E1,1.257962690E1
2.493205219E1,-4.034298897E0,3.254238665E-1,7.934599876E0,8.907263524E0
2.493442771E1,3.828516304E-1,-1.004985496E-1,1.228475189E1,1.229112706E1
2.493680329E1,1.507478237E0,-5.934200287E-1,7.446464062E0,7.620660404E0
2.493917881E1,-3.646661758E0,-3.876372576E-1,1.170568848E1,1.226668445E1
2.494155438E1,5.599205017E0,-7.657032609E-1,8.925228119E0,1.056395264E1
2.494392990E1,-6.570691109E0,1.770688742E-1,9.513862610E0,1.156368958E1
2.494630547E1,4.622933388E0,-4.259224236E-1,1.165304661E1,1.254378006E1
2.494868105E1,-2.871387243E0,1.435693540E-2,8.236095428E0,8.722289764E0
2.495105657E1,7.657032460E-2,-3.110669553E-1,1.223210907E1,1.223630328E1
2.495343214E1,2.273181438E0,-2.679961324E-1,7.336394310E0,7.685171257E0
2.495580766E1,-5.125426292E0,-2.440679073E-1,1.114098263E1,1.226584925E1
2.495818323E1,6.369693756E0,-8.279166222E-1,9.829715729E0,1.174230624E1
2.496055881E1,-6.020341873E0,1.579262912E-1,9.006584167E0,1.083457500E1
2.496293433E1,3.603590965E0,-2.823530734E-1,1.183968639E1,1.237916657E1
2.496530990E1,-2.593819857E0,-3.110669553E-1,7.690532207E0,8.122127168E0
2.496768537E1,-8.231309652E-1,-6.364908218E-1,1.251446247E1,1.255764453E1
2.497006099E1,3.981656790E0,-4.402793646E-1,7.958528042E0,8.909860005E0
2.497243652E1,-5.642275810E0,-1.387837082E-1,1.057149029E1,1.198377838E1
2.497481209E1,5.187639713E0,-7.609176040E-1,9.925428391E0,1.122518286E1
2.497718761E1,-5.455635548E0,-2.392822690E-2,8.910871506E0,1.044835694E1
2.497956318E1,3.728017569E0,-1.387837082E-1,1.270110226E1,1.323764988E1
2.498193876E1,-1.531406522E0,-9.571290761E-2,6.939185619E0,7.106804061E0
2.498431428E1,-3.034099102E0,-7.704889178E-1,1.205504036E1,1.245485482E1
2.498668985E1,5.197210789E0,-1.000199914E0,8.571090698E0,1.007347982E1
2.498906537E1,-5.316852093E0,1.435693540E-2,1.076770210E1,1.200885219E1
2.499144094E1,4.948357105E0,-1.722832322E-1,1.017428207E1,1.131511976E1
2.499381646E1,-5.651846886E0,4.498506486E-1,8.236095428E0,9.998950282E0
2.499619204E1,2.009970903E0,-9.619147182E-1,1.234217930E1,1.254171650E1
2.499856761E1,9.667003751E-1,-7.704889178E-1,8.063812256E0,8.158016357E0
2.500094313E1,-3.096312523E0,-1.105484009E0,1.183968639E1,1.228769385E1
2.500331870E1,4.144368649E0,8.327022791E-1,8.336593628E0,9.347083925E0
2.500569422E1,-6.336194515E0,-1.914258152E-1,1.070070267E1,1.243740497E1
2.500806980E1,4.752145767E0,-9.619147182E-1,9.585647583E0,1.074210449E1
2.501044532E1,-2.809173822E0,1.627119333E-1,9.710074425E0,1.010957359E1
2.501282089E1,-1.004985496E-1,-9.810572863E-1,1.132283688E1,1.136570316E1
2.501519641E1,1.684547186E0,1.627119333E-1,8.183453560E0,8.356619326E0
2.501757198E1,-4.067798615E0,-5.647061467E-1,1.157647610E1,1.228334960E1
2.501994756E1,5.647061348E0,-4.115654826E-1,9.269794464E0,1.086221789E1
2.502232303E1,-6.436692715E0,2.967100143E-1,8.963513374E0,1.103918575E1
2.502469865E1,4.106083870E0,-9.619147182E-1,1.150947666E1,1.225778356E1
2.502707417E1,-3.201596737E0,-4.354937077E-1,8.283951759E0,8.891778966E0
2.502944974E1,1.196411371E0,-6.699903309E-2,1.273938751E1,1.279561969E1
2.503182532E1,1.526620865E0,-1.866401732E-1,6.900900364E0,7.070207327E0
2.503420084E1,-5.321637630E0,-5.790630579E-1,1.156211948E1,1.274118315E1
2.503657641E1,6.317051888E0,-1.028913736E0,9.628718376E0,1.156183487E1
2.503895193E1,-5.393422127E0,3.397808075E-1,9.566504478E0,1.098737736E1
2.504132750E1,3.675375462E0,-2.584248483E-1,1.122233772E1,1.181169049E1
2.504370303E1,-3.268595695E0,8.614161611E-2,7.920242786E0,8.568627894E0
2.504607860E1,-5.072783828E-1,-7.752745152E-1,1.229432297E1,1.232918323E1
2.504845417E1,3.857230186E0,-7.800601721E-1,8.298309326E0,9.184152452E0
2.505082969E1,-4.996213913E0,-3.014956415E-1,1.098305607E1,1.206982078E1
2.505320527E1,5.178068161E0,-1.435693651E-1,9.619147301E0,1.092524585E1
2.505558079E1,-6.379265308E0,2.871387303E-1,8.791230202E0,1.086568925E1
2.505795636E1,4.268795490E0,-6.891329288E-1,1.231346512E1,1.305062996E1
2.506033188E1,-1.732403636E0,-3.062812984E-1,7.704888821E0,7.903185581E0
2.506270745E1,-1.545763373E0,-2.249253243E-1,1.206939697E1,1.217005830E1
2.506508297E1,3.464807272E0,-6.556333899E-1,7.843672752E0,8.599880628E0
2.506745855E1,-5.230710506E0,-4.689932466E-1,1.109791183E1,1.227778214E1
2.506983412E1,5.986842155E0,-4.594219327E-1,1.038485050E1,1.199576873E1
2.507220964E1,-5.690132141E0,5.024927258E-1,8.274380684E0,1.005462473E1
2.507458521E1,2.531606436E0,-3.062812984E-1,1.225125217E1,1.251383311E1
2.507696073E1,-9.427721500E-1,-6.891329288E-1,7.613961697E0,7.702995277E0
2.507933631E1,-1.617548108E0,-4.881358147E-1,1.229432297E1,1.240987976E1
2.508171188E1,4.469792843E0,-4.689932466E-1,8.183453560E0,9.336375897E0
2.508408740E1,-6.541976929E0,1.148554832E-1,1.028913784E1,1.219331831E1
2.508646297E1,5.321637630E0,-6.412764788E-1,1.070070267E1,1.196812852E1
2.508883849E1,-4.488935471E0,9.571290761E-2,8.585447311E0,9.688632935E0
2.509121407E1,2.220539331E0,-5.168496966E-1,1.232782269E1,1.253687125E1
2.509358959E1,-4.354937077E-1,-3.637090325E-1,7.245467186E0,7.267649811E0
2.509596516E1,-3.565305710E0,-5.407779217E-1,1.202154064E1,1.255074838E1
2.509834068E1,5.848058701E0,-6.652047038E-1,9.073583603E0,1.081536903E1
2.510071626E1,-6.058627129E0,1.100698411E-1,9.834501266E0,1.155147147E1
2.510309183E1,4.455435753E0,-1.483550072E-1,1.073420238E1,1.162308125E1
2.510546735E1,-4.871787071E0,-1.148554832E-1,8.092526436E0,9.446506506E0
2.510784292E1,1.775474429E0,-8.805587292E-1,1.270110226E1,1.285479256E1
2.511021844E1,1.435693622E0,-4.307080805E-1,7.628318787E0,7.774186333E0
2.511259402E1,-4.378865242E0,-6.221338734E-2,1.142812061E1,1.223847507E1
2.511496954E1,5.053641319E0,-4.354937077E-1,8.762516975E0,1.012475427E1
2.511734511E1,-6.240481377E0,-8.135596663E-2,9.667003632E0,1.150657142E1
2.511972068E1,4.905286312E0,-6.173482537E-1,1.156211948E1,1.257479859E1
2.512209620E1,-3.498306751E0,1.914258115E-2,7.838887215E0,8.584093972E0
2.512447178E1,-5.742774606E-1,-5.982056856E-1,1.228953743E1,1.231748249E1
2.512684730E1,2.550748825E0,-6.604190469E-1,7.891529083E0,8.319777891E0
2.512922287E1,-4.402793884E0,-2.201396823E-1,1.152383423E1,1.233822559E1
2.513159839E1,5.580062389E0,-3.493520916E-1,9.274580956E0,1.082945036E1
2.513397396E1,-6.776473522E0,5.742774606E-1,8.834300995E0,1.114877850E1
2.513634954E1,3.704089403E0,-8.709874153E-1,1.185404301E1,1.244978847E1
2.513872506E1,-1.655833244E0,-5.359922647E-1,8.116454124E0,8.300957716E0
2.514110063E1,-1.004985452E0,-5.216353536E-1,1.222732353E1,1.227963924E1
2.514347615E1,3.402593851E0,-3.828516304E-1,7.781459332E0,8.501489847E0
2.514585172E1,-6.005984783E0,-1.770688742E-1,1.093519974E1,1.247725130E1
2.514822724E1,6.192625046E0,-5.934200287E-1,1.040399265E1,1.212203842E1
2.515060282E1,-5.388636589E0,3.206382394E-1,8.446663857E0,1.002428768E1
2.515297839E1,2.684746981E0,-3.876372576E-1,1.209811115E1,1.239848468E1
2.515535391E1,-1.191625714E0,-7.609176040E-1,7.513463020E0,7.645331517E0
2.515772948E1,-1.875972986E0,-5.838487148E-1,1.248574829E1,1.263938544E1
2.516010501E1,5.221138954E0,-4.737788737E-1,8.475378036E0,9.965781016E0
2.516248058E1,-6.393621922E0,3.349951804E-1,1.014078236E1,1.199275155E1
2.516485610E1,4.910071850E0,-2.775674164E-1,1.054277611E1,1.163339922E1
2.516723167E1,-4.536791801E0,-2.632105052E-1,8.350951195E0,9.507373216E0
2.516960724E1,2.426322222E0,-8.087740541E-1,1.270110226E1,1.295604699E1
2.517198277E1,7.082754970E-1,-3.254238665E-1,7.374679565E0,7.415757113E0
2.517435834E1,-4.264009953E0,-1.674975902E-1,1.168654537E1,1.244126919E1
2.517673386E1,5.737988472E0,-7.944171429E-1,9.241081238E0,1.090656650E1
2.517910943E1,-5.781059742E0,1.914258152E-1,9.815358162E0,1.139291672E1
2.518148495E1,4.742574692E0,-4.498506486E-1,1.108355427E1,1.206397760E1
2.518386052E1,-3.976871252E0,-9.092725813E-2,7.891529083E0,8.837420664E0
2.518623610E1,2.153540403E-1,-7.657032609E-1,1.268196011E1,1.270687967E1
2.518861162E1,2.952743053E0,-4.977070987E-1,7.987242222E0,8.530090398E0
2.519098719E1,-4.689932346E0,-1.722832322E-1,1.123669529E1,1.217737525E1
2.519336271E1,5.326423168E0,-3.541377485E-1,9.284152031E0,1.070941998E1
2.519573829E1,-6.522834301E0,1.292124242E-1,9.006584167E0,1.112126888E1
2.519811381E1,4.541577339E0,-8.327022791E-1,1.233739376E1,1.317310148E1
2.520048938E1,-2.134397745E0,-1.674975902E-1,7.666603565E0,7.959932123E0
2.520286495E1,-1.521835208E0,-1.004985496E-1,1.204546928E1,1.214163962E1
2.520524047E1,3.201596737E0,-5.599204898E-1,7.881958008E0,8.525784108E0
2.520761605E1,-5.369493961E0,-5.886343718E-1,1.108355427E1,1.232976606E1
2.520999157E1,5.924628735E0,-5.120640397E-1,1.030349445E1,1.189644624E1
2.521236714E1,-5.828916073E0,5.359922647E-1,8.384450912E0,1.022558396E1
2.521474266E1,2.340180635E0,-2.249253243E-1,1.208854008E1,1.231502489E1
2.521711823E1,-1.057627559E0,-5.694918036E-1,7.590033531E0,7.684497770E0
2.521949381E1,-2.043470621E0,-6.843472719E-1,1.203111267E1,1.222259283E1
2.522186933E1,4.694717884E0,-5.455635786E-1,8.537590981E0,9.758507846E0
2.522424490E1,-6.766902447E0,2.105683982E-1,1.005464077E1,1.212151429E1
2.522662042E1,5.134997368E0,-5.647061467E-1,1.075334454E1,1.192985791E1
2.522899599E1,-4.460221291E0,1.818545163E-1,8.537590981E0,9.634163419E0
2.523137152E1,1.751546144E0,-4.977070987E-1,1.231825066E1,1.245210526E1
2.523374709E1,2.057827413E-1,-4.211367965E-1,7.125825882E0,7.141225192E0
2.523612266E1,-4.197010994E0,-7.082754970E-1,1.183011532E1,1.257251701E1
2.523849818E1,6.111268997E0,-6.173482537E-1,9.437292099E0,1.126016029E1
2.524087376E1,-6.221338749E0,2.584248483E-1,9.360722542E0,1.124255157E1
2.524324928E1,4.115654945E0,-1.052841991E-1,1.114576817E1,1.188182850E1
2.524562485E1,-4.240081787E0,3.349951655E-2,7.910671711E0,8.975418803E0
2.524800037E1,9.475577474E-1,-6.939185858E-1,1.259581852E1,1.265045584E1
2.525037594E1,2.340180635E0,-6.699903607E-1,7.427321434E0,7.816037114E0
2.525275152E1,-5.120640278E0,-6.269195080E-1,1.131326580E1,1.243398440E1
2.525512704E1,5.685346603E0,-4.881358147E-1,9.820143700E0,1.135766987E1
2.525750261E1,-5.895915031E0,5.647061467E-1,9.016156197E0,1.078757524E1
2.525987813E1,3.713660717E0,-4.689932466E-1,1.180618668E1,1.238536533E1
2.526225365E1,-2.220539331E0,-3.206382394E-1,7.384250641E0,7.717561877E0
2.526462922E1,-1.679761529E0,-1.009771109E0,1.225603771E1,1.241175640E1
2.526700474E1,4.670789719E0,-7.800601721E-1,8.623732567E0,9.838370488E0
2.526938037E1,-5.532206059E0,7.274180651E-1,1.070070267E1,1.206811827E1
2.527175589E1,4.876572609E0,-5.168496966E-1,9.710074425E0,1.087812665E1
2.527413146E1,-5.781059742E0,-3.876372576E-1,8.618947029E0,1.038543029E1
2.527650698E1,3.134597778E0,-9.284151793E-1,1.278724384E1,1.319853261E1
2.527888256E1,3.110669553E-1,-4.642075896E-1,7.680960655E0,7.701260152E0
2.528125808E1,-3.287738323E0,1.339980662E-1,1.185404301E1,1.230225647E1
2.528363365E1,4.622933388E0,-3.828516304E-1,8.298309326E0,9.506841019E0
2.528600922E1,-6.532405853E0,-3.876372576E-1,9.829715729E0,1.180872136E1
2.528838474E1,5.871986866E0,-1.000199914E0,1.164347458E1,1.307865168E1
2.529076032E1,-4.072584152E0,4.785645287E-3,8.092526436E0,9.059522542E0
2.529313584E1,6.508477330E-1,-2.057827413E-1,1.239003563E1,1.240882477E1
2.529551141E1,9.140582681E-1,-5.312066078E-1,7.518248558E0,7.592216037E0
2.529788693E1,-3.909872293E0,-6.364908218E-1,1.178225899E1,1.243035996E1
2.530026251E1,6.044270039E0,-7.322037220E-1,9.552147865E0,1.132752627E1
2.530263802E1,-6.589833736E0,3.014956415E-1,8.958727837E0,1.112544888E1
2.530501360E1,3.684946775E0,-4.833501875E-1,1.159083271E1,1.217209362E1
2.530738917E1,-2.809173822E0,-4.785645306E-1,8.097311974E0,8.584109900E0
2.530976469E1,-8.614161611E-2,-5.216353536E-1,1.253839111E1,1.254953288E1
2.531214026E1,2.785245657E0,-3.828516304E-1,7.709674358E0,8.206293162E0
2.531451579E1,-6.092126369E0,-1.770688742E-1,1.091127110E1,1.249804761E1
2.531689136E1,5.785845280E0,-8.997012973E-1,1.029870892E1,1.184689298E1
2.531926693E1,-5.522634506E0,2.679961324E-1,8.925228119E0,1.049909571E1
2.532164245E1,3.230310678E0,-4.642075896E-1,1.207896900E1,1.251206969E1
2.532401802E1,-2.134397745E0,-2.440679073E-1,7.422535896E0,7.727176846E0
2.532639355E1,-2.407179594E0,-7.082754970E-1,1.206461143E1,1.232278446E1
2.532876912E1,5.000999451E0,-6.699903607E-1,9.020941734E0,1.033616333E1
2.533114459E1,-5.991627693E0,4.307080805E-2,1.013121128E1,1.177042478E1
2.533352021E1,4.670789719E0,-2.775674164E-1,1.026520920E1,1.128130490E1
2.533589573E1,-5.474778175E0,-6.699903309E-2,8.480163574E0,1.009410022E1
2.533827131E1,2.679961443E0,-7.178468108E-1,1.274895859E1,1.304735385E1
2.534064688E1,2.775674164E-1,-3.110669553E-1,7.384250641E0,7.396009995E0
2.534302240E1,-3.909872293E0,-3.349951655E-2,1.161476135E1,1.225523989E1
2.534539797E1,4.957928658E0,-6.317051649E-1,8.824729919E0,1.014179304E1
2.534777349E1,-5.953342915E0,-1.196411327E-1,9.891928673E0,1.154585894E1
2.535014907E1,5.134997368E0,-4.498506486E-1,1.134676456E1,1.246272962E1
2.535252459E1,-4.072584152E0,3.206382394E-1,7.881958008E0,8.877725643E0
2.535490016E1,8.614161611E-2,-3.110669553E-1,1.214118195E1,1.214547167E1
2.535727573E1,2.177468538E0,-6.891329288E-1,7.891529083E0,8.215382201E0
2.535965120E1,-4.058227062E0,-3.445664644E-1,1.133719349E1,1.204657168E1
2.536202683E1,5.723631859E0,-3.924229145E-1,9.375079155E0,1.099118131E1
2.536440235E1,-6.613761902E0,4.689932466E-1,8.901300430E0,1.109932207E1
2.536677792E1,4.177868366E0,-5.982056856E-1,1.190190029E1,1.262805071E1
2.536915349E1,-1.818545222E0,-1.052841991E-1,8.015955925E0,8.220324865E0
2.537152902E1,-7.848458290E-1,-2.584248483E-1,1.205982590E1,1.208810022E1
2.537390459E1,3.335594654E0,-4.019941986E-1,7.503891945E0,8.221689933E0
2.537628011E1,-5.718846321E0,-2.919243574E-1,1.080120182E1,1.222523553E1
2.537865568E1,6.407979012E0,-6.221339107E-1,1.059063339E1,1.239398085E1
2.538103120E1,-5.283352375E0,5.407779217E-1,8.283951759E0,9.840229155E0
2.538340678E1,2.876172781E0,1.244267747E-1,1.232782269E1,1.265950489E1
2.538578235E1,-1.794616938E0,-8.470591903E-1,6.556334019E0,6.850085765E0
2.538815787E1,-1.028913736E0,2.679961324E-1,1.295474148E1,1.299830036E1
2.539053339E1,4.369294167E0,-1.143769264E0,7.283751965E0,8.570413195E0
2.539290896E1,-6.183053493E0,3.397808075E-1,1.104048347E1,1.265851006E1
2.539528454E1,5.412564754E0,-2.488535494E-1,1.015992451E1,1.151441928E1
2.539766006E1,-4.493721008E0,4.785645306E-1,8.489734650E0,9.617595694E0
2.540003563E1,1.971685886E0,-9.906286001E-1,1.228953743E1,1.248605704E1
2.540241120E1,8.422735929E-1,-3.397808075E-1,7.293323517E0,7.349656028E0
2.540478672E1,-4.024727821E0,-3.254238665E-1,1.162911797E1,1.231018763E1
2.540716230E1,5.862415314E0,-7.752745152E-1,9.164510727E0,1.090675115E1
2.540953782E1,-6.087340832E0,7.417750359E-1,9.571290970E0,1.136730221E1
2.541191339E1,4.455435753E0,-5.886343718E-1,1.113619614E1,1.200884102E1
2.541428891E1,-3.761517286E0,-2.919243574E-1,7.613961697E0,8.497449314E0
2.541666448E1,1.435693540E-2,-1.100698471E0,1.257667542E1,1.262475773E1
2.541904006E1,3.603590965E0,-4.594219327E-1,8.226524353E0,8.992921621E0
2.542141558E1,-5.489135265E0,5.982056856E-1,1.083470058E1,1.216055890E1
2.542379115E1,5.087141037E0,-7.704889178E-1,9.245866776E0,1.058105427E1
2.542616667E1,-6.101697922E0,-3.014956415E-1,8.930013657E0,1.081973942E1
2.542854224E1,4.297509670E0,-8.614161611E-1,1.264846039E1,1.338634294E1
2.543091776E1,-1.062413216E0,6.221338734E-2,7.465606689E0,7.541079206E0
2.543329334E1,-3.235096216E0,-3.158525825E-1,1.163390350E1,1.207945864E1
2.543566891E1,4.661218643E0,-6.173482537E-1,8.652446747E0,9.847482562E0
2.543804443E1,-5.766702652E0,-1.435693651E-1,1.008814049E1,1.162093155E1
2.544042000E1,5.603990555E0,-5.503492355E-1,1.093041420E1,1.229559063E1
2.544279552E1,-5.048855782E0,2.057827413E-1,7.939385414E0,9.411011210E0
2.544517110E1,1.076770186E0,-4.307080805E-1,1.232303619E1,1.237748620E1
2.544754667E1,1.454836130E0,-7.704889178E-1,7.905886173E0,8.075471350E0
2.544992219E1,-3.885943890E0,-2.871387303E-1,1.143769264E1,1.208320411E1
2.545229776E1,5.618347645E0,-4.067798555E-1,9.241081238E0,1.082260978E1
2.545467329E1,-6.896114826E0,4.259224236E-1,8.886942863E0,1.125680075E1
2.545704886E1,4.421936035E0,-7.657032609E-1,1.216511059E1,1.296648508E1
2.545942438E1,-1.995614052E0,-3.206382394E-1,7.752745152E0,8.011887525E0
2.546179995E1,-9.810572863E-1,-2.488535494E-1,1.213161087E1,1.217375800E1
2.546417547E1,3.622733593E0,-3.062812984E-1,7.925028801E0,8.719179343E0
2.546655105E1,-6.149554253E0,3.349951655E-2,1.038963604E1,1.207322147E1
2.546892662E1,6.020341873E0,-7.609176040E-1,1.076291656E1,1.235572276E1
2.547130214E1,-4.890929699E0,6.699903309E-2,8.389236450E0,9.711074627E0
2.547367771E1,2.282752752E0,-4.546363056E-1,1.247617722E1,1.269144012E1
2.547605323E1,-1.339980662E-1,-4.689932466E-1,7.403393269E0,7.419443513E0
2.547842881E1,-3.072384357E0,-2.297109663E-1,1.197846985E1,1.236834883E1
2.548080433E1,5.900700569E0,-5.407779217E-1,9.217152596E0,1.095749104E1
2.548317990E1,-6.623332977E0,5.120640397E-1,9.025727272E0,1.120689529E1
2.548555542E1,4.431507587E0,-7.513462901E-1,1.156211948E1,1.240505493E1
2.548793099E1,-2.837887764E0,-4.929214716E-1,8.260024071E0,8.747832657E0
2.549030657E1,2.297109663E-1,-5.359922647E-1,1.239482117E1,1.240853120E1
2.549268209E1,3.115455151E0,-3.254238665E-1,7.810173035E0,8.414913209E0
2.549505766E1,-6.005984783E0,-4.785645287E-3,1.084427261E1,1.239637546E1
2.549743318E1,6.092126369E0,-9.475577474E-1,1.041356373E1,1.210182544E1
2.549980876E1,-5.015356064E0,1.244267747E-1,8.757730484E0,1.009292434E1
2.550218433E1,3.091526747E0,-5.838487148E-1,1.219861031E1,1.259779784E1
2.550455980E1,-1.038485050E0,-3.780659735E-1,7.369893551E0,7.452296024E0
2.550693542E1,-3.038884640E0,-6.891329288E-1,1.206939697E1,1.246515412E1
2.550931094E1,5.915057659E0,-6.939185858E-1,9.437292099E0,1.115938673E1
2.551168652E1,-6.331408501E0,2.536391914E-1,9.547362328E0,1.145876057E1
2.551406204E1,4.512863636E0,-4.450650215E-1,1.107876873E1,1.197092885E1
2.551643761E1,-4.153940201E0,-4.019941986E-1,8.169096947E0,9.173383424E0
2.551881318E1,1.306481123E0,-8.757730722E-1,1.282074356E1,1.291686250E1
2.552118870E1,2.210968018E0,-5.407779217E-1,7.637889862E0,7.969829476E0
2.552356428E1,-5.426921844E0,-4.307080805E-2,1.116969585E1,1.241835099E1
2.552593980E1,5.498706341E0,-7.465606928E-1,9.676574707E0,1.115478473E1
2.552831537E1,-5.747560024E0,1.148554832E-1,9.351150513E0,1.097686904E1
2.553069089E1,3.929014683E0,-7.417750359E-1,1.201675510E1,1.266450906E1
2.553306646E1,-2.182254314E0,-1.866401732E-1,7.503891945E0,7.816998322E0
2.553544204E1,-2.440679073E0,-6.795616150E-1,1.212203979E1,1.238396411E1
2.553781756E1,4.680361271E0,-7.322037220E-1,8.839086533E0,1.002852704E1
2.554019313E1,-5.881557941E0,2.392822690E-2,1.041835022E1,1.196391732E1
2.554256865E1,5.058426857E0,-2.919243574E-1,1.035613632E1,1.152920039E1
2.554494422E1,-5.819344521E0,2.009970993E-1,8.255238533E0,1.010218460E1
2.554731974E1,2.239681959E0,-1.234696507E0,1.261017513E1,1.286690202E1
2.554969532E1,7.034898400E-1,-4.259224236E-1,7.891529083E0,7.934263617E0
2.555207084E1,-3.680161238E0,-2.009970993E-1,1.154776192E1,1.212166622E1
2.555444641E1,4.857429981E0,-3.684946895E-1,8.815158844E0,1.007161555E1
2.555682198E1,-6.690331936E0,1.339980662E-1,9.609575272E0,1.170992886E1
2.555919750E1,5.168497086E0,-7.800601721E-1,1.152861977E1,1.265823565E1
2.556157308E1,-3.627519131E0,-1.770688742E-1,7.987242222E0,8.774182967E0
2.556394860E1,-1.770688742E-1,-5.551348329E-1,1.236610699E1,1.237982755E1
2.556632417E1,2.139183521E0,-5.982056856E-1,7.719245911E0,8.032478672E0
2.556869974E1,-4.584648132E0,-5.264209956E-2,1.162433243E1,1.249587428E1
2.557107526E1,5.709274769E0,-4.546363056E-1,9.312865257E0,1.093306782E1
2.557345084E1,-6.565905571E0,5.934200287E-1,8.805587769E0,1.100007451E1
2.557582636E1,3.373879910E0,-1.000199914E0,1.197846985E1,1.248467883E1
2.557820193E1,-1.277767301E0,-5.551348329E-1,7.992027760E0,8.112544093E0
2.558057745E1,-1.502692580E0,-4.977070987E-1,1.228475189E1,1.238632013E1
2.558295303E1,4.024727821E0,-4.067798555E-1,7.987242222E0,8.953208486E0
2.558532860E1,-6.652047157E0,2.009970993E-1,1.044227791E1,1.238270161E1
2.558770412E1,5.795416355E0,-8.327022791E-1,1.071027374E1,1.220615449E1
2.559007969E1,-4.709074974E0,2.871387079E-2,8.384450912E0,9.616404146E0
2.559245521E1,1.990828395E0,-5.694918036E-1,1.235653591E1,1.252883468E1
2.559483079E1,-7.657032460E-2,-3.876372576E-1,7.274180889E0,7.284904479E0
2.559720636E1,-3.799802303E0,-5.216353536E-1,1.187318611E1,1.247730538E1
2.559958188E1,6.049055576E0,-6.460621357E-1,9.446864128E0,1.123617869E1
2.560195745E1,-6.503692150E0,4.115654826E-1,9.145368576E0,1.122965557E1
2.560433297E1,4.072584152E0,-4.785645306E-1,1.130848026E1,1.202899379E1
2.560670855E1,-3.474378586E0,-4.259224236E-1,8.006384850E0,8.738129939E0
2.560908407E1,4.163511395E-1,-6.221339107E-1,1.260060406E1,1.262282145E1
2.561145959E1,2.804388046E0,-4.259224236E-1,7.613961697E0,8.125171687E0
2.561383516E1,-6.005984783E0,5.742774159E-2,1.085862923E1,1.240906845E1
2.561621073E1,5.508277893E0,-7.609176040E-1,9.925428391E0,1.137691741E1
2.561858631E1,-5.446064472E0,1.914258152E-1,9.049654961E0,1.056373594E1
2.562096183E1,3.416950703E0,-6.317051649E-1,1.200718403E1,1.249988287E1
2.562333740E1,-1.722832322E0,-1.483550072E-1,7.408178806E0,7.607317112E0
2.562571292E1,-2.904886723E0,-6.364908218E-1,1.189232826E1,1.225850558E1
2.562808849E1,5.340780258E0,-6.364908218E-1,9.006584167E0,1.049035808E1
2.563046402E1,-6.025127411E0,2.249253243E-1,9.934999466E0,1.162140121E1
2.563283959E1,4.766502857E0,-1.339980662E-1,1.053320503E1,1.156226246E1
2.563521516E1,-5.268995285E0,1.962114573E-1,8.087740898E0,9.654654996E0
2.563759068E1,1.818545222E0,-1.081555843E0,1.259103298E1,1.276757539E1
2.563996626E1,1.607976794E0,-4.067798555E-1,7.843672752E0,8.017123017E0
2.564234178E1,-4.311866283E0,-4.307080805E-2,1.130848026E1,1.210271754E1
2.564471735E1,5.178068161E0,-3.158525825E-1,8.958727837E0,1.035234066E1
2.564709292E1,-6.317051888E0,2.201396823E-1,9.427721024E0,1.135057398E1
2.564946844E1,4.833501816E0,-5.742774606E-1,1.177268696E1,1.273925793E1
2.565184402E1,-2.871387243E0,-1.435693540E-2,7.704888821E0,8.222553287E0
2.565421954E1,-1.062413216E0,-4.354937077E-1,1.216032505E1,1.221441288E1
2.565659511E1,3.464807272E0,-5.790630579E-1,8.059026718E0,8.791365941E0
2.565897063E1,-4.943571568E0,0.000000000E0,1.117448139E1,1.221916258E1
2.566134620E1,5.886343479E0,-3.972085714E-1,9.824930191E0,1.146019491E1
2.566372178E1,-6.183053493E0,5.072783828E-1,8.408378601E0,1.044932115E1
2.566609730E1,2.991028309E0,-1.071984529E0,1.223689461E1,1.264266549E1
2.566847287E1,-7.178468257E-2,-4.833501875E-1,8.116454124E0,8.131150472E0
2.567084839E1,-2.158325911E0,-2.344966233E-1,1.183490086E1,1.203238288E1
2.567322396E1,4.642076015E0,-2.153540403E-1,8.322237015E0,9.531782416E0
2.567559948E1,-6.766902447E0,3.493520916E-1,1.004506969E1,1.211678343E1
2.567797506E1,5.599205017E0,-9.523434043E-1,1.088734341E1,1.227975168E1
2.568035063E1,-3.952943087E0,-1.196411327E-1,8.384450912E0,9.270333875E0
2.568272615E1,1.368694544E0,-6.412764788E-1,1.248574829E1,1.257690227E1
2.568510172E1,8.135597110E-1,-2.488535494E-1,7.298109055E0,7.347530419E0
2.568747724E1,-4.177868366E0,-1.052841991E-1,1.173440266E1,1.245639894E1
2.568985282E1,5.943771362E0,-4.307080805E-1,9.513862610E0,1.122619745E1
2.569222834E1,-6.589833736E0,3.445664644E-1,8.666803360E0,1.089303058E1
2.569460391E1,3.728017569E0,-1.225125194E0,1.163390350E1,1.227789711E1
2.569697943E1,-2.464607239E0,-4.307080805E-1,8.255238533E0,8.626051329E0
2.569935500E1,-2.201396823E-1,5.072783828E-1,1.266760349E1,1.267966763E1
2.570173058E1,2.517249346E0,-5.216353536E-1,7.192824841E0,7.638414554E0
2.570410605E1,-6.235695839E0,-7.274180651E-1,1.092084217E1,1.259673900E1
2.570648167E1,6.135197163E0,-5.168496966E-1,1.057149029E1,1.223373143E1
2.570885719E1,-5.417350292E0,8.949156404E-1,8.595019341E0,1.019916250E1
2.571123277E1,2.234896421E0,-5.407779217E-1,1.190190029E1,1.212198141E1
2.571360834E1,-1.665404558E0,-8.039883971E-1,7.408178806E0,7.635514581E0
2.571598381E1,-2.699103832E0,-6.508477330E-1,1.206939697E1,1.238463191E1
2.571835943E1,5.498706341E0,-7.417750359E-1,9.183652878E0,1.072965432E1
2.572073495E1,-6.508477688E0,7.609176040E-1,9.968499184E0,1.192938613E1
2.572311053E1,4.163511276E0,-2.153540403E-1,1.027478027E1,1.108838641E1
2.572548605E1,-5.020142078E0,-4.163511395E-1,8.212167740E0,9.634047630E0
2.572786162E1,2.158325911E0,-9.762716293E-1,1.286859989E1,1.308481334E1
2.573023719E1,1.076770186E0,-3.254238665E-1,7.475177765E0,7.559339743E0
2.573261271E1,-4.555934429E0,7.178468257E-2,1.142333508E1,1.229854771E1
2.573498829E1,5.000999451E0,-3.014956415E-1,9.049654961E0,1.034394267E1
2.573736381E1,-6.240481377E0,8.614161611E-2,9.413364410E0,1.129435513E1
2.573973938E1,4.785645485E0,-6.987041831E-1,1.149033451E1,1.246669072E1
2.574211490E1,-3.416950703E0,-1.962114573E-1,7.968099594E0,8.672062164E0
2.574449042E1,-4.354937077E-1,-4.737788737E-1,1.217946720E1,1.219645614E1
2.574686605E1,2.718246460E0,-6.269195080E-1,7.891529083E0,8.370073068E0
2.574924157E1,-4.541577339E0,-9.571290761E-2,1.145683479E1,1.232453444E1
2.575161714E1,5.694917679E0,-2.871387303E-1,9.399007797E0,1.099344730E1
2.575399266E1,-6.484549522E0,4.402793646E-1,8.590232849E0,1.077196959E1
2.575636823E1,3.627519131E0,-9.379864931E-1,1.206461143E1,1.263303458E1
2.575874376E1,-1.062413216E0,-3.445664644E-1,8.073383331E0,8.150274002E0
2.576111933E1,-1.253839016E0,-3.780659735E-1,1.205982590E1,1.213072326E1
2.576349490E1,3.799802303E0,-1.770688742E-1,7.704888821E0,8.592738950E0
2.576587042E1,-6.163911343E0,8.135596663E-2,1.065284634E1,1.230786565E1
2.576824599E1,6.125626087E0,-8.039883971E-1,1.039920712E1,1.209599938E1
2.577062152E1,-4.852644444E0,6.221338734E-2,8.413164139E0,9.712536200E0
2.577299709E1,2.579462767E0,-3.780659735E-1,1.228475189E1,1.255833154E1
2.577537261E1,-5.647061467E-1,-3.110669553E-1,7.384250641E0,7.412341952E0
2.577774818E1,-2.589034081E0,-4.019941986E-1,1.195454216E1,1.223829135E1
2.578012376E1,5.608776093E0,-4.737788737E-1,8.834300995E0,1.047509951E1
2.578249928E1,-6.154339790E0,1.244267747E-1,9.585647583E0,1.139192784E1
2.578487485E1,4.800002098E0,-3.828516304E-1,1.093519974E1,1.194843876E1
2.578725037E1,-3.938585997E0,-2.057827413E-1,8.216953278E0,9.114446081E0
2.578962594E1,1.837687731E0,-4.785645306E-1,1.256710434E1,1.270976914E1
2.579200152E1,1.277767301E0,-2.249253243E-1,7.408178806E0,7.520930388E0
2.579437704E1,-4.613361835E0,-3.828516230E-2,1.139940739E1,1.229760391E1
2.579675261E1,5.804987907E0,-7.657032609E-1,9.193224907E0,1.089952156E1
2.579912813E1,-5.752345562E0,3.349951655E-2,9.580862045E0,1.117512949E1
2.580150370E1,4.608576298E0,-5.120640397E-1,1.159561825E1,1.248837650E1
2.580387922E1,-3.464807272E0,1.435693540E-2,7.666603565E0,8.413198309E0
2.580625480E1,-5.503492355E-1,-5.790630579E-1,1.243789196E1,1.246352096E1
2.580863032E1,3.412165165E0,-5.647061467E-1,8.121239662E0,8.827020890E0
2.581100589E1,-4.981856823E0,-2.392822653E-1,1.097348499E1,1.205377643E1
2.581338146E1,5.369493961E0,-4.881358147E-1,9.489934921E0,1.091460521E1
2.581575698E1,-6.240481377E0,1.148554832E-1,8.882157326E0,1.085585180E1
2.581813256E1,3.991228104E0,-7.561319470E-1,1.251446247E1,1.315725687E1
2.582050808E1,-1.497906923E0,-2.536391914E-1,7.585247993E0,7.735893298E0
2.582288365E1,-2.258824587E0,-2.440679073E-1,1.196411324E1,1.217792524E1
2.582525922E1,3.938585997E0,-7.609176040E-1,8.121239662E0,9.057924095E0
2.582763474E1,-5.623133183E0,-4.785645306E-1,1.081077290E1,1.219514089E1
2.583001032E1,5.809773445E0,-5.647061467E-1,1.068156052E1,1.217243179E1
2.583238584E1,-5.455635548E0,4.594219327E-1,8.178668022E0,9.842034259E0
2.583476141E1,1.808973908E0,-3.302095234E-1,1.226082325E1,1.239795192E1
2.583713698E1,-3.828516230E-2,-7.465606928E-1,7.695317745E0,7.731541491E0
2.583951251E1,-2.761317253E0,-7.274180651E-1,1.183968639E1,1.217917008E1
2.584188808E1,5.240281582E0,-5.551348329E-1,8.733802795E0,1.020039396E1
2.584426360E1,-6.853044033E0,2.536391914E-1,9.815358162E0,1.197371292E1
2.584663917E1,4.929214478E0,-6.029912829E-1,1.122712421E1,1.227636233E1
2.584901464E1,-3.637090445E0,2.392822690E-2,8.322237015E0,9.082325054E0
2.585139027E1,9.379864931E-1,-5.407779217E-1,1.228475189E1,1.233237157E1
2.585376584E1,1.411765337E0,-5.599204898E-1,7.365108013E0,7.520067045E0
2.585614136E1,-4.680361271E0,-6.747759581E-1,1.158126163E1,1.250946543E1
2.585851693E1,6.513263226E0,-6.795616150E-1,9.901499748E0,1.187114565E1
2.586089245E1,-6.139982700E0,3.349951804E-1,9.087940216E0,1.097279667E1
2.586326802E1,3.833301783E0,-1.579262912E-1,1.166740322E1,1.228199663E1
2.586564355E1,-3.058027267E0,-2.727817893E-1,7.709674358E0,8.298495007E0
2.586801907E1,-1.579262912E-1,-1.033699393E0,1.242353535E1,1.246746589E1
2.587039469E1,3.885943890E0,-6.077769399E-1,8.231309891E0,9.122741651E0
2.587277021E1,-5.536991596E0,0.000000000E0,1.086820030E1,1.219737897E1
2.587514579E1,5.364708424E0,-3.972085714E-1,9.762716293E0,1.114668114E1
2.587752131E1,-5.536991596E0,1.914258115E-2,8.949156761E0,1.052359488E1
2.587989688E1,3.622733593E0,-7.848458290E-1,1.246660614E1,1.300601593E1
2.588227240E1,-8.614161611E-1,-4.163511395E-1,7.556533813E0,7.616862172E0
2.588464797E1,-2.857030153E0,-5.647061467E-1,1.187797165E1,1.222978842E1
2.588702355E1,5.106283665E0,-7.704889178E-1,8.762516975E0,1.017101223E1
2.588939907E1,-5.666203976E0,4.307080805E-2,1.044227791E1,1.188060985E1
2.589177464E1,5.211567879E0,-3.349951804E-1,1.051884842E1,1.174388494E1
2.589415016E1,-5.125426292E0,2.632105052E-1,8.130811691E0,9.615059709E0
2.589652573E1,1.593619823E0,-9.284151793E-1,1.242353535E1,1.255968986E1
2.589890126E1,1.473978758E0,-6.412764788E-1,8.049455643E0,8.208385045E0
2.590127683E1,-3.847658873E0,-3.972085714E-1,1.151426220E1,1.214662453E1
2.590365240E1,5.283352375E0,-4.498506486E-1,8.839086533E0,1.030755202E1
2.590602792E1,-6.766902447E0,8.135596663E-2,9.604789734E0,1.174944992E1
2.590840349E1,5.063212872E0,-6.795616150E-1,1.183011532E1,1.288602177E1
2.591077902E1,-3.187239647E0,-6.221338734E-2,7.886743546E0,8.506649800E0
2.591315459E1,-5.551348329E-1,-4.450650215E-1,1.209811115E1,1.211901609E1
2.591553011E1,2.325823545E0,-6.604190469E-1,7.800601959E0,8.166700644E0
2.591790568E1,-4.766502857E0,-4.498506486E-1,1.142333508E1,1.238606069E1
2.592028126E1,5.828916073E0,-4.833501875E-1,9.743574142E0,1.136429175E1
2.592265678E1,-6.374479294E0,5.216353536E-1,8.638090134E0,1.074814825E1
2.592503235E1,2.837887764E0,-5.120640397E-1,1.204068375E1,1.238119064E1
2.592740787E1,-1.584048629E0,-6.795616150E-1,7.814958572E0,8.002786486E0
2.592978344E1,-1.483550072E0,-4.211367965E-1,1.219382381E1,1.229095669E1
2.593215896E1,3.938585997E0,-3.780659735E-1,8.106883049E0,9.020917154E0
2.593453454E1,-6.685546398E0,5.742774159E-2,1.026999474E1,1.225449389E1
2.593691011E1,5.345565796E0,-8.231309652E-1,1.060977554E1,1.190881839E1
2.593928563E1,-4.694717884E0,8.135596663E-2,8.633303642E0,9.827559544E0
2.594166120E1,2.110469580E0,-5.359922647E-1,1.229910851E1,1.249037388E1
2.594403672E1,-4.498506486E-1,-3.158525825E-1,7.245467186E0,7.266286755E0
2.594641230E1,-3.814159393E0,-5.934200287E-1,1.174875927E1,1.236662054E1
2.594878782E1,5.886343479E0,-6.987041831E-1,9.327222824E0,1.105143939E1
2.595116339E1,-6.221338749E0,1.722832322E-1,9.523433685E0,1.137675378E1
2.595353896E1,4.340580463E0,-3.349951804E-1,1.101655579E1,1.184556296E1
2.595591448E1,-4.216153622E0,-2.105683982E-1,8.006384850E0,9.051104285E0
2.595829006E1,1.229910851E0,-6.556333899E-1,1.276810169E1,1.284394630E1
2.596066558E1,2.273181438E0,-3.780659735E-1,7.537391186E0,7.881786195E0
2.596304115E1,-5.115854740E0,-6.699903309E-2,1.115055370E1,1.226830496E1
2.596541667E1,5.498706341E0,-7.082754970E-1,9.370293617E0,1.088759974E1
2.596779224E1,-5.685346603E0,5.264209956E-2,9.365508080E0,1.095621644E1
2.597016782E1,4.388436794E0,-5.072783828E-1,1.198804188E1,1.277610492E1
2.597254334E1,-2.407179594E0,5.264209956E-2,7.546962738E0,7.921737900E0
2.597491891E1,-1.741974831E0,-2.440679073E-1,1.201675510E1,1.214481160E1
2.597729443E1,4.206582069E0,-8.039883971E-1,8.250452042E0,9.295788775E0
2.597967001E1,-5.230710506E0,-3.014956415E-1,1.079641533E1,1.200057565E1
2.598204558E1,5.589633465E0,-5.982056856E-1,1.010728264E1,1.156542324E1
2.598442110E1,-5.871986866E0,4.450650215E-1,8.547162056E0,1.037941674E1
2.598679667E1,2.857030153E0,-6.173482537E-1,1.248574829E1,1.282332447E1
2.598917219E1,-4.785645287E-3,-1.818545163E-1,7.791030407E0,7.793153968E0
2.599154776E1,-3.005385160E0,-2.536391914E-1,1.153340530E1,1.192124619E1
2.599392329E1,4.919643402E0,-6.891329288E-1,8.336593628E0,9.704462309E0
2.599629886E1,-6.427121639E0,-4.737788737E-1,1.003549862E1,1.192659178E1
2.599867438E1,5.900700569E0,-1.914258152E-1,1.194975662E1,1.332860062E1
2.600104995E1,-4.378865242E0,5.120640397E-1,7.384250641E0,8.600222550E0
2.600342547E1,-1.148554832E-1,-1.177268744E0,1.216511059E1,1.222248212E1
2.600580105E1,2.067398787E0,-7.992027402E-1,8.255238533E0,8.547621073E0
2.600817657E1,-3.900300980E0,6.317051649E-1,1.184925747E1,1.249064857E1
2.601055214E1,5.532206059E0,-6.460621357E-1,8.843872070E0,1.045163974E1
2.601292771E1,-6.929614544E0,-1.770688742E-1,8.920442581E0,1.129713269E1
2.601530329E1,3.996013880E0,-4.833501875E-1,1.224646664E1,1.289099296E1
2.601767881E1,-1.751546144E0,-4.307080805E-1,7.829315662E0,8.034401477E0
2.602005438E1,-1.205982566E0,-9.571290575E-3,1.247139168E1,1.252956886E1
2.602242990E1,3.110669374E0,-1.148554832E-1,7.618747234E0,8.230113314E0
2.602480547E1,-6.355337143E0,-5.838487148E-1,1.041835022E1,1.221774164E1
2.602718099E1,6.106483459E0,-9.379864931E-1,1.084427261E1,1.248067336E1
2.602955657E1,-5.077569485E0,4.737788737E-1,8.666803360E0,1.005582711E1
2.603193214E1,2.172683001E0,-1.627119333E-1,1.189711380E1,1.209497182E1
2.603430766E1,-1.268195987E0,-1.100698411E-1,7.503891945E0,7.611099182E0
2.603668323E1,-3.144168854E0,-6.747759581E-1,1.165783215E1,1.209322830E1
2.603905876E1,5.723631859E0,-8.183453679E-1,9.293723106E0,1.094545294E1
2.604143433E1,-6.355337143E0,1.387837082E-1,9.714859962E0,1.160982667E1
2.604380990E1,4.388436794E0,-1.722832322E-1,1.075334454E1,1.161561353E1
2.604618542E1,-4.756931305E0,-5.742774159E-2,8.260024071E0,9.532034989E0
2.604856099E1,1.493121386E0,-6.125625968E-1,1.269153118E1,1.279373316E1
2.605093652E1,1.593619823E0,-3.110669553E-1,7.499105930E0,7.672872770E0
2.605331209E1,-5.024927616E0,-6.699903309E-2,1.118883896E1,1.226558208E1
2.605568761E1,5.417350292E0,-5.599204898E-1,9.379864693E0,1.084633841E1
2.605806318E1,-5.986842155E0,1.818545163E-1,9.293723106E0,1.105661066E1
2.606043870E1,4.302295208E0,-4.594219327E-1,1.176311588E1,1.253362309E1
2.606281428E1,-2.928814888E0,5.264209956E-2,7.666603565E0,8.207163826E0
2.606518985E1,-1.497906923E0,-4.498506486E-1,1.208375454E1,1.218454819E1
2.606756537E1,3.919443607E0,-7.944171429E-1,8.336593628E0,9.246184624E0
2.606994094E1,-5.221138954E0,-6.699903309E-2,1.080120182E1,1.199711389E1
2.607231646E1,5.426921844E0,-2.249253243E-1,9.896714211E0,1.128924374E1
2.607469204E1,-6.250052929E0,3.637090325E-1,8.398807526E0,1.047546723E1
2.607706756E1,3.129812002E0,-8.662018180E-1,1.250967693E1,1.292431993E1
2.607944313E1,-2.201396823E-1,-4.498506486E-1,7.853243828E0,7.869197272E0
2.608181870E1,-2.713460922E0,-2.679961324E-1,1.168175983E1,1.199575779E1
2.608419422E1,4.613361835E0,-4.833501875E-1,8.504091263E0,9.686914010E0
2.608656980E1,-6.436692715E0,-2.249253243E-1,1.001156998E1,1.190433274E1
2.608894532E1,5.766702652E0,-6.317051649E-1,1.131805134E1,1.271818371E1
2.609132089E1,-4.374079704E0,1.674975902E-1,8.054241180E0,9.166865860E0
2.609369646E1,7.226324677E-1,-2.632105052E-1,1.219861031E1,1.222282990E1
2.609607198E1,9.762716293E-1,-7.034898400E-1,7.523034573E0,7.618664806E0
2.609844756E1,-3.799802303E0,-5.934200287E-1,1.172004509E1,1.233491393E1
2.610082308E1,6.020341873E0,-6.699903607E-1,9.442078590E0,1.121812157E1
2.610319865E1,-6.838686943E0,4.977070987E-1,8.930013657E0,1.125879636E1
2.610557417E1,3.761517286E0,-4.642075896E-1,1.180140114E1,1.239506232E1
2.610794974E1,-2.593819857E0,-5.599204898E-1,7.987242222E0,8.416498721E0
2.611032532E1,-2.919243574E-1,-5.216353536E-1,1.228953743E1,1.230406654E1
2.611270084E1,3.081955671E0,-3.684946895E-1,7.767102242E0,8.364335976E0
2.611507641E1,-6.202196121E0,-1.579262912E-1,1.057627583E1,1.226172042E1
2.611745188E1,5.934200287E0,-7.896314859E-1,1.046142101E1,1.205319794E1
2.611982750E1,-5.321637630E0,3.254238665E-1,8.604590416E0,1.012248507E1
2.612220308E1,2.895315409E0,-3.684946895E-1,1.202154064E1,1.237077520E1
2.612457860E1,-1.579262972E0,-3.924229145E-1,7.422535896E0,7.598822699E0
2.612695417E1,-2.617748022E0,-6.221339107E-1,1.199282742E1,1.229095459E1
2.612932969E1,5.484349728E0,-5.599204898E-1,8.977870941E0,1.053535806E1
2.613170526E1,-6.302694798E0,2.153540403E-1,9.815358162E0,1.166668740E1
2.613408079E1,4.666004181E0,-1.052841991E-1,1.055713367E1,1.154277918E1
2.613645636E1,-4.876572609E0,-2.679961324E-1,8.130811691E0,9.484876441E0
2.613883193E1,2.210968018E0,-6.939185858E-1,1.278724384E1,1.299551875E1
2.614120745E1,1.263410330E0,-3.445664644E-1,7.441678524E0,7.556024812E0
2.614358302E1,-4.642076015E0,1.435693540E-2,1.131326580E1,1.222861639E1
2.614595855E1,5.532206059E0,-6.412764788E-1,9.327222824E0,1.086340761E1
2.614833412E1,-5.776273727E0,1.770688742E-1,9.461220741E0,1.108654092E1
2.615070969E1,4.814359188E0,-5.886343718E-1,1.162911797E1,1.260003688E1
2.615308521E1,-3.058027267E0,6.699903309E-2,7.676175117E0,8.263152187E0
2.615546079E1,-8.422735929E-1,-4.211367965E-1,1.212682533E1,1.216333316E1
2.615783626E1,3.938585997E0,-7.752745152E-1,8.542376518E0,9.438522491E0
2.616021188E1,-4.809573650E0,-7.657032460E-2,1.088734341E1,1.190260930E1
2.616258740E1,5.733202934E0,-2.297109663E-1,9.915857315E0,1.145629125E1
2.616496297E1,-6.139982700E0,2.775674164E-1,8.504091263E0,1.049266408E1
2.616733849E1,3.689732552E0,-8.853443861E-1,1.259581852E1,1.315494603E1
2.616971407E1,-1.770688742E-1,-4.307080805E-1,7.728816986E0,7.742833773E0
2.617208964E1,-2.349751949E0,-2.249253243E-1,1.181575775E1,1.204923470E1
2.617446516E1,4.752145767E0,-4.546363056E-1,8.480163574E0,9.731534196E0
2.617684073E1,-6.087340832E0,-2.536391914E-1,1.006899738E1,1.176880451E1
2.617921626E1,5.962913990E0,-6.604190469E-1,1.128933716E1,1.278442920E1
2.618159183E1,-4.354937077E0,1.770688742E-1,8.035098076E0,9.141095745E0
2.618396735E1,1.172483087E0,-3.541377485E-1,1.233739376E1,1.239804077E1
2.618634292E1,1.119840980E0,-7.752745152E-1,7.523034573E0,7.645334759E0
2.618871849E1,-3.522234917E0,-4.785645306E-1,1.181097221E1,1.233427045E1
2.619109402E1,6.025127411E0,-6.173482537E-1,9.308079720E0,1.110511717E1
2.619346959E1,-6.762116909E0,4.115654826E-1,8.925228119E0,1.120514651E1
2.619584511E1,4.072584152E0,-5.982056856E-1,1.189232826E1,1.258456448E1
2.619822068E1,-2.325823545E0,-4.594219327E-1,8.149953842E0,8.487771869E0
2.620059626E1,-3.493520916E-1,-4.833501875E-1,1.218425274E1,1.219883966E1
2.620297178E1,3.058027267E0,-3.637090325E-1,7.814958572E0,8.399844791E0
2.620534735E1,-6.173482418E0,-2.871387303E-1,1.064327526E1,1.230746286E1
2.620772287E1,6.072983742E0,-8.757730722E-1,1.051406288E1,1.217348053E1
2.621009844E1,-5.393422127E0,2.871387303E-1,8.599804878E0,1.015520038E1
2.621247396E1,2.660818815E0,-3.493520916E-1,1.204068375E1,1.233612860E1
2.621484954E1,-1.550549030E0,-3.780659735E-1,7.389036179E0,7.559430655E0
2.621722506E1,-2.699103832E0,-7.896314859E-1,1.209811115E1,1.242066717E1
2.621960063E1,5.613562107E0,-7.752745152E-1,9.193224907E0,1.079946824E1
2.622197615E1,-6.436692715E0,2.727817893E-1,9.762716293E0,1.169683942E1
2.622435172E1,4.536791801E0,-1.148554832E-1,1.073898792E1,1.165853907E1
2.622672730E1,-4.790431023E0,-4.785645287E-3,8.092526436E0,9.404107422E0
2.622910282E1,1.708475351E0,-6.125625968E-1,1.258624744E1,1.271643604E1
2.623147839E1,1.502692580E0,-7.465606928E-1,7.475177765E0,7.661182707E0
2.623385396E1,-5.010570526E0,-5.312066078E-1,1.132762241E1,1.239770249E1
2.623622948E1,5.891129494E0,-7.561319470E-1,9.911071777E0,1.155450068E1
2.623860506E1,-5.962913990E0,4.019941986E-1,9.250652313E0,1.101328792E1
2.624098058E1,4.048655987E0,-4.211367965E-1,1.175833035E1,1.244296203E1
2.624335615E1,-2.761317253E0,-8.614161611E-2,7.523034573E0,8.014258701E0
2.624573167E1,-1.493121386E0,-5.312066078E-1,1.194497108E1,1.204964423E1
2.624810724E1,4.522434711E0,-1.172483087E0,8.681160927E0,9.858483014E0
2.625048282E1,-5.565705299E0,-2.201396823E-1,1.056670475E1,1.194490629E1
2.625285834E1,5.541777134E0,-3.924229145E-1,1.043749237E1,1.182398142E1
2.625523391E1,-5.714060307E0,2.009970993E-1,8.374878883E0,1.014048723E1
2.625760943E1,2.737389088E0,-8.757730722E-1,1.276331615E1,1.308290934E1
2.625998500E1,7.513462901E-1,-6.077769399E-1,7.537391186E0,7.599090731E0
2.626236053E1,-3.522234917E0,-3.589234054E-1,1.153340530E1,1.206459294E1
2.626473610E1,5.412564754E0,-7.561319470E-1,9.126225471E0,1.063746136E1
2.626711167E1,-6.360122681E0,4.307080805E-2,9.523433685E0,1.145202186E1
2.626948719E1,5.326423168E0,-7.513462901E-1,1.177268696E1,1.294339458E1
2.627186276E1,-3.450450182E0,-3.828516230E-2,7.920242786E0,8.639289207E0
2.627423829E1,-2.871387303E-1,-3.062812984E-1,1.234217930E1,1.234931766E1
2.627661386E1,2.761317253E0,-8.997012973E-1,7.872386456E0,8.390995406E0
2.627898943E1,-4.943571568E0,-5.886343718E-1,1.106441212E1,1.213287294E1
2.628136495E1,6.293123722E0,-7.609176040E-1,1.034656525E1,1.213399416E1
2.628374053E1,-6.288337708E0,3.445664644E-1,8.422736168E0,1.051686273E1
2.628611605E1,3.014956474E0,-4.833501875E-1,1.233739376E1,1.270963708E1
2.628849162E1,-7.752745152E-1,-1.627119333E-1,7.891529083E0,7.931188878E0
2.629086714E1,-2.541177750E0,-5.312066078E-1,1.157647610E1,1.186400285E1
2.629324271E1,4.828716278E0,-1.110269666E0,8.614161491E0,9.937453287E0
2.629561829E1,-6.680760860E0,-2.871387079E-2,1.015513897E1,1.215566689E1
2.629799381E1,5.522634506E0,-7.369893789E-1,1.132283688E1,1.261940094E1
2.630036938E1,-4.369294167E0,6.029912829E-1,8.240880966E0,9.347002145E0
2.630274490E1,3.684946895E-1,-3.780659735E-1,1.212203979E1,1.213353085E1
2.630512047E1,1.229910851E0,-8.709874153E-1,7.302894592E0,7.456780083E0
2.630749605E1,-4.388436794E0,-6.460621357E-1,1.171047401E1,1.252241891E1
2.630987157E1,6.273981094E0,-6.269195080E-1,9.997213364E0,1.181948146E1
2.631224714E1,-6.680760860E0,6.508477330E-1,8.685946465E0,1.097733276E1
2.631462266E1,3.172882795E0,-1.818545163E-1,1.191147137E1,1.232815503E1
2.631699823E1,-2.273181438E0,-6.987041831E-1,7.666603565E0,8.026976493E0
2.631937376E1,-9.906286001E-1,-7.417750359E-1,1.238046455E1,1.244216532E1
2.632174933E1,4.335794449E0,-6.221339107E-1,8.365307808E0,9.442697646E0
2.632412490E1,-6.790830612E0,2.967100143E-1,1.014078236E1,1.220814826E1
2.632650042E1,5.235496044E0,-6.460621357E-1,1.073898792E1,1.196468456E1
2.632887599E1,-4.555934429E0,7.178468257E-2,8.556734085E0,9.694296765E0
2.633125152E1,2.182254314E0,-6.317051649E-1,1.228953743E1,1.249776042E1
2.633362709E1,2.057827413E-1,-4.307080805E-1,7.259823799E0,7.275499817E0
2.633600261E1,-4.388436794E0,-4.833501875E-1,1.172483063E1,1.252851380E1
2.633837818E1,6.297909260E0,-7.034898400E-1,9.743574142E0,1.162307171E1
2.634075376E1,-6.293123722E0,3.924229145E-1,9.059226990E0,1.103752670E1
2.634312928E1,4.173082829E0,-2.057827413E-1,1.156690502E1,1.229838439E1
2.634550485E1,-3.646661758E0,-3.493520916E-1,7.508677483E0,8.354664949E0
2.634788037E1,-1.052841991E-1,-9.571290612E-1,1.267717457E1,1.271369088E1
2.635025594E1,3.976871252E0,-5.024927258E-1,8.154739380E0,9.086681366E0
2.635263152E1,-5.867201328E0,1.627119333E-1,1.052363396E1,1.204978831E1
2.635500704E1,5.235496044E0,-2.344966233E-1,1.007856941E1,1.135970813E1
2.635738261E1,-5.613562107E0,6.699903309E-2,8.542376518E0,1.022197461E1
2.635975813E1,3.536591768E0,-7.657032609E-1,1.246182060E1,1.297654636E1
2.636213370E1,-5.694918036E-1,-2.679961324E-1,7.322037220E0,7.349038841E0
2.636450922E1,-3.579662561E0,-1.579262912E-1,1.170568848E1,1.224181635E1
2.636688480E1,5.312066078E0,-7.369893789E-1,9.097511292E0,1.056058289E1
2.636926032E1,-6.034698486E0,4.211367965E-1,9.710074425E0,1.144030102E1
2.637163589E1,5.029713154E0,-2.823530734E-1,1.104526901E1,1.213983959E1
2.637401146E1,-4.613361835E0,1.148554832E-1,7.714460373E0,8.989393642E0
2.637638698E1,3.158525825E-1,-7.896314859E-1,1.236610699E1,1.239531697E1
2.637876256E1,2.770888567E0,-3.637090325E-1,8.111668587E0,8.579584779E0
2.638113808E1,-4.847858906E0,5.742774159E-2,1.093998528E1,1.196613186E1
2.638351365E1,5.393422127E0,-1.387837082E-1,9.370293617E0,1.081252356E1
2.638588922E1,-6.805187702E0,4.259224236E-1,8.551948547E0,1.093745005E1
2.638826474E1,4.230510235E0,-7.082754970E-1,1.234217930E1,1.306630249E1
2.639064032E1,-1.483550072E0,-1.100698411E-1,7.518248558E0,7.664013150E0
2.639301584E1,-2.244467735E0,-4.785645287E-3,1.171047401E1,1.192362612E1
2.639539141E1,3.957728624E0,-4.211367965E-1,8.331808090E0,9.233634069E0
2.639776693E1,-6.015556335E0,1.292124242E-1,1.024128056E1,1.187802346E1
2.640014250E1,5.785845280E0,-4.211367965E-1,1.071506023E1,1.218465747E1
2.640251808E1,-5.063212872E0,4.402793646E-1,8.039883614E0,9.511556078E0
2.640489360E1,1.119840980E0,-4.785645306E-1,1.198325539E1,1.204497727E1
2.640726912E1,1.033699393E0,-6.029912829E-1,7.810173035E0,7.901324937E0
2.640964469E1,-3.608376503E0,-1.052841991E-1,1.158126163E1,1.213083207E1
2.641202027E1,5.651846886E0,-2.632105052E-1,8.920442581E0,1.056347239E1
2.641439584E1,-7.173682213E0,5.503492355E-1,8.886942863E0,1.143426229E1
2.641677136E1,4.393222332E0,-8.662018180E-1,1.192104244E1,1.273428290E1
2.641914693E1,-2.239681959E0,-1.148554832E-1,8.097311974E0,8.402132364E0
2.642152245E1,-5.168496966E-1,-3.254238665E-1,1.193061352E1,1.194623678E1
2.642389803E1,2.947957516E0,-1.866401732E-1,7.695317745E0,8.242766724E0
2.642627355E1,-6.125626087E0,-2.392822653E-1,1.056670475E1,1.221621055E1
2.642864912E1,6.441478729E0,-7.274180651E-1,1.065284634E1,1.247016120E1
2.643102469E1,-5.422136307E0,3.349951804E-1,8.341380119E0,9.954416417E0
2.643340021E1,2.565105915E0,-2.679961324E-1,1.212682533E1,1.239804351E1
2.643577579E1,-1.100698471E0,-4.594219327E-1,7.398607731E0,7.494131170E0
2.643815131E1,-2.550748825E0,-5.742774606E-1,1.207418346E1,1.235402851E1
2.644052688E1,5.838487148E0,-6.221339107E-1,9.011369705E0,1.075545288E1
2.644290240E1,-6.699903488E0,4.115654826E-1,9.446864128E0,1.158884527E1
2.644527797E1,4.565505505E0,-4.642075896E-1,1.114098263E1,1.204910051E1
2.644765349E1,-3.804588079E0,-2.632105052E-1,8.260024071E0,9.097921074E0
2.645002907E1,1.325623751E0,-5.216353536E-1,1.244746304E1,1.252871573E1
2.645240464E1,2.081755638E0,-2.679961324E-1,7.475177765E0,7.764265006E0
2.645478016E1,-5.623133183E0,-1.292124242E-1,1.101655579E1,1.236935019E1
2.645715573E1,6.168696880E0,-9.379864931E-1,1.015992451E1,1.192294871E1
2.645953120E1,-5.565705299E0,4.163511395E-1,9.011369705E0,1.059977395E1
2.646190683E1,3.756731510E0,-3.589234054E-1,1.191147137E1,1.249499931E1
2.646428240E1,-2.316252232E0,-1.722832322E-1,7.374679565E0,7.731791811E0
2.646665792E1,-2.057827473E0,-7.992027402E-1,1.215553856E1,1.235437156E1
2.646903349E1,5.312066078E0,-6.077769399E-1,8.982656479E0,1.045349493E1
2.647140902E1,-6.044270039E0,1.962114573E-1,9.982855797E0,1.167172263E1
2.647378459E1,4.962714195E0,-1.292124242E-1,1.060499001E1,1.170944239E1
2.647616016E1,-5.335994720E0,-3.828516230E-2,8.121239662E0,9.717450235E0
2.647853568E1,2.435893536E0,-7.896314859E-1,1.281595802E1,1.306927218E1
2.648091126E1,1.067198873E0,-4.067798555E-1,7.570890903E0,7.656550944E0
2.648328678E1,-4.431507587E0,3.828516230E-2,1.138504982E1,1.221716353E1
2.648566235E1,5.187639713E0,-6.221339107E-1,9.250652313E0,1.062418113E1
2.648803787E1,-6.187839508E0,1.866401732E-1,9.403793335E0,1.125857546E1
2.649041344E1,4.704289436E0,-6.173482537E-1,1.172004509E1,1.264400707E1
2.649278902E1,-3.211168051E0,3.828516230E-2,7.623532772E0,8.272322402E0
2.649516454E1,-1.244267821E0,-4.259224236E-1,1.216989613E1,1.224075096E1
2.649754006E1,3.493520975E0,-7.848458290E-1,8.346165657E0,9.081803398E0
2.649991558E1,-5.259424210E0,-7.178468257E-2,1.090648556E1,1.210859708E1
2.650229120E1,5.536991596E0,-3.445664644E-1,9.982855797E0,1.142078858E1
2.650466672E1,-6.455835342E0,3.445664644E-1,8.360522270E0,1.056857931E1
2.650704230E1,2.952743053E0,-9.523434043E-1,1.267238903E1,1.304665065E1
2.650941787E1,-2.249253243E-1,-4.259224236E-1,7.810173035E0,7.825011447E0
2.651179339E1,-2.847458839E0,-1.962114573E-1,1.183490086E1,1.217421041E1
2.651416896E1,4.776073933E0,-3.780659735E-1,8.580661774E0,9.827592409E0
2.651654448E1,-6.943971157E0,1.004985496E-1,9.662218094E0,1.189904592E1
2.651892006E1,5.580062389E0,-8.374879360E-1,1.163390350E1,1.293005000E1
2.652129558E1,-3.885943890E0,-7.178468257E-2,8.015955925E0,8.908493831E0
2.652367115E1,5.264210105E-1,-4.354937077E-1,1.224646664E1,1.226550932E1
2.652604672E1,1.550549030E0,-6.891329288E-1,7.676175117E0,7.861473839E0
2.652842224E1,-4.402793884E0,-3.541377485E-1,1.161954689E1,1.243076335E1
2.653079782E1,6.221338749E0,-6.747759581E-1,9.796216011E0,1.162438070E1
2.653317339E1,-6.431907177E0,4.498506486E-1,8.599804878E0,1.074841567E1
2.653554891E1,3.431307554E0,-8.422735929E-1,1.210289669E1,1.260806903E1
2.653792448E1,-1.459621787E0,-6.987041831E-1,7.972885132E0,8.135452085E0
2.654030001E1,-1.229910851E0,-5.072783828E-1,1.220818138E1,1.228046028E1
2.654267558E1,4.297509670E0,-4.402793646E-1,8.279166222E0,9.338470357E0
2.654505110E1,-6.652047157E0,1.627119333E-1,1.023170948E1,1.220508441E1
2.654742667E1,5.795416355E0,-1.009771109E0,1.083948612E1,1.233292130E1
2.654980219E1,-4.450650215E0,-2.297109663E-1,8.523234367E0,9.618034027E0
2.655217777E1,2.196611166E0,-7.657032609E-1,1.242353535E1,1.263944748E1
2.655455334E1,2.440679073E-1,-7.609176040E-1,7.211967468E0,7.256103604E0
2.655692886E1,-3.751945972E0,6.747759581E-1,1.238525009E1,1.295865892E1
2.655930443E1,5.737988472E0,-1.024128079E0,8.638090134E0,1.042065023E1
2.656167995E1,-6.259624004E0,-3.206382394E-1,9.241081238E0,1.116616693E1
2.656405552E1,4.934000492E0,-9.714859724E-1,1.186840057E1,1.288980520E1
2.656643110E1,-3.713660717E0,2.201396823E-1,7.948956966E0,8.776426052E0
2.656880662E1,5.551348329E-1,-5.694918036E-1,1.291167068E1,1.293614067E1
2.657118219E1,2.273181438E0,-6.364908218E-1,7.068397999E0,7.452162417E0
2.657355771E1,-4.402793884E0,5.742774159E-2,1.149512005E1,1.230957663E1
2.657593329E1,5.039284706E0,-6.699903607E-1,9.265008926E0,1.056804939E1
2.657830881E1,-5.828916073E0,-1.435693540E-2,9.370293617E0,1.103534645E1
2.658068438E1,3.689732552E0,-7.992027402E-1,1.200718403E1,1.258671203E1
2.658305995E1,-9.188438654E-1,-2.919243574E-1,7.700103283E0,7.760224510E0
2.658543547E1,-2.991028309E0,-1.483550072E-1,1.191625690E1,1.228679935E1
2.658781105E1,4.857429981E0,-5.312066078E-1,8.824729919E0,1.008725258E1
2.659018657E1,-6.005984783E0,1.339980662E-1,1.010249710E1,1.175373372E1
2.659256214E1,5.187639713E0,-7.417750359E-1,1.049970531E1,1.173480497E1
2.659493771E1,-5.077569485E0,-1.962114573E-1,8.279166222E0,9.714154834E0
2.659731323E1,1.938186288E0,-8.087740541E-1,1.275853062E1,1.293022757E1
2.659968881E1,1.105484009E0,-2.967100143E-1,7.685746193E0,7.770510039E0
2.660206433E1,-4.268795490E0,-1.052841991E-1,1.140897846E1,1.218189186E1
2.660443990E1,5.331208706E0,-5.647061467E-1,9.145368576E0,1.060087004E1
2.660681542E1,-6.508477688E0,4.785645381E-2,9.427721024E0,1.145619901E1
2.660919099E1,4.594219685E0,-6.843472719E-1,1.144726372E1,1.235374568E1
2.661156652E1,-2.947957516E0,-9.571290575E-3,8.240880966E0,8.752294798E0
2.661394209E1,-7.034898400E-1,-4.450650215E-1,1.192582798E1,1.195484646E1
2.661631766E1,3.014956474E0,-5.790630579E-1,8.025527000E0,8.592692256E0
2.661869318E1,-5.489135265E0,-1.722832322E-1,1.104048347E1,1.233095953E1
2.662106876E1,5.996413708E0,-6.508477330E-1,1.014556789E1,1.180309824E1
2.662344428E1,-6.264409542E0,1.196411327E-1,8.293522835E0,1.039421291E1
2.662581985E1,2.981456995E0,-8.039883971E-1,1.253360462E1,1.290839758E1
2.662819542E1,-7.513462901E-1,-5.312066078E-1,7.867600918E0,7.921227551E0
2.663057094E1,-2.373680115E0,-2.632105052E-1,1.173918819E1,1.197965678E1
2.663294652E1,4.876572609E0,-4.163511395E-1,8.595019341E0,9.890837485E0
2.663532204E1,-6.972685337E0,1.818545163E-1,9.633503914E0,1.189351964E1
2.663769761E1,5.584847927E0,-9.571290612E-1,1.141376400E1,1.274286589E1
2.664007318E1,-3.986442566E0,-6.221338734E-2,8.245666504E0,9.158963420E0
2.664244870E1,1.239482164E0,-3.589234054E-1,1.216032505E1,1.222859957E1
2.664482428E1,1.024128079E0,-3.732803464E-1,7.412964344E0,7.492677553E0
2.664719980E1,-4.622933388E0,-4.929214716E-1,1.155733299E1,1.245738458E1
2.664957537E1,6.537191391E0,-6.843472719E-1,9.930213928E0,1.190849911E1
2.665195089E1,-6.168696880E0,3.828516304E-1,8.738588333E0,1.070337903E1
2.665432646E1,3.828516245E0,-3.445664644E-1,1.169611740E1,1.231159717E1
2.665670198E1,-2.718246460E0,-5.168496966E-1,7.714460373E0,8.195663260E0
2.665907756E1,-3.541377485E-1,-5.647061467E-1,1.240439224E1,1.242228858E1
2.666145313E1,4.220939159E0,-6.364908218E-1,8.140382767E0,9.191696228E0
2.666382865E1,-6.106483459E0,3.828516230E-2,1.037527943E1,1.203897957E1
2.666620417E1,5.532206059E0,-4.642075896E-1,1.051884842E1,1.189398859E1
2.666857974E1,-4.699503899E0,6.029912829E-1,8.676374435E0,9.885767989E0
2.667095532E1,2.775674343E0,-5.407779217E-1,1.200239849E1,1.233103314E1
2.667333084E1,-2.009970993E-1,-4.881358147E-1,7.073183537E0,7.092855684E0
2.667570641E1,-3.455235958E0,-8.614161611E-1,1.198804188E1,1.250575233E1
2.667808198E1,6.379265308E0,-7.417750359E-1,9.475577354E0,1.144691322E1
2.668045751E1,-6.034698486E0,7.226324677E-1,9.456435204E0,1.124117210E1
2.668283308E1,4.536791801E0,-6.699903309E-2,1.105005455E1,1.194532018E1
2.668520865E1,-4.254438877E0,-3.876372576E-1,7.542177200E0,8.668041862E0
2.668758417E1,1.172483087E0,-1.076770186E0,1.290688515E1,1.300468511E1
2.668995974E1,3.330809116E0,-4.594219327E-1,8.001599312E0,8.679340380E0
2.669233526E1,-5.254638672E0,1.100698411E-1,1.079641533E1,1.200774446E1
2.669471084E1,5.374279499E0,-1.674975902E-1,9.753145218E0,1.113709016E1
2.669708636E1,-6.116054535E0,3.062812984E-1,8.705088615E0,1.064323725E1
2.669946193E1,4.369294167E0,-6.795616150E-1,1.228953743E1,1.306082944E1
2.670183745E1,-1.780260086E0,-5.312066078E-1,7.259823799E0,7.493767279E0
2.670421302E1,-2.627319336E0,-5.886343718E-1,1.218903828E1,1.248286631E1
2.670658860E1,4.804787636E0,-6.891329288E-1,8.733802795E0,9.992006790E0
2.670896412E1,-5.991627693E0,2.632105052E-1,1.028913784E1,1.190946009E1
2.671133969E1,5.134997368E0,-2.584248483E-1,1.051884842E1,1.170816610E1
2.671371521E1,-5.513063431E0,4.450650215E-1,8.015955925E0,9.738968152E0
2.671609079E1,1.349551916E0,-7.657032609E-1,1.216989613E1,1.226841325E1
2.671846636E1,1.115055323E0,-8.853443861E-1,7.834101200E0,7.962432082E0
2.672084188E1,-4.273581028E0,-4.977070987E-1,1.163868904E1,1.240847653E1
2.672321745E1,5.455635548E0,-2.919243574E-1,9.260223389E0,1.075178665E1
2.672559297E1,-7.326822758E0,5.790630579E-1,9.016156197E0,1.163222757E1
2.672796855E1,4.402793884E0,-5.694918036E-1,1.207896900E1,1.286897071E1
2.673034407E1,-2.828316450E0,-1.674975902E-1,7.499105930E0,8.016484213E0
2.673271964E1,-1.148554921E0,-7.417750359E-1,1.187318611E1,1.195165081E1
2.673509521E1,3.278167009E0,-6.556333899E-1,8.178668022E0,8.835544392E0
2.673747073E1,-5.905486107E0,-1.914258115E-2,1.088255692E1,1.238164681E1
2.673984631E1,5.733202934E0,-4.546363056E-1,1.033220863E1,1.182500932E1
2.674222183E1,-5.737988472E0,5.120640397E-1,8.322237015E0,1.012157844E1
2.674459740E1,2.148754835E0,-3.589234054E-1,1.223210907E1,1.242459117E1
2.674697297E1,-4.833501875E-1,-8.805587292E-1,7.293323517E0,7.362172166E0
2.674934849E1,-2.794816732E0,-5.120640397E-1,1.222732353E1,1.255311320E1
2.675172407E1,5.704489231E0,-5.168496966E-1,8.925228119E0,1.060509443E1
2.675409959E1,-7.101897717E0,5.934200287E-1,9.288937569E0,1.170783753E1
2.675647516E1,4.551148891E0,-8.470591903E-1,1.160040379E1,1.248998933E1
2.675885068E1,-2.976671457E0,-1.579262912E-1,8.260024071E0,8.781429914E0
2.676122626E1,6.556333899E-1,-5.599204898E-1,1.222253799E1,1.225290990E1
2.676360183E1,2.330609322E0,-3.302095234E-1,7.446464062E0,7.809648210E0
2.676597735E1,-5.699703693E0,-2.201396823E-1,1.114576817E1,1.252051244E1
2.676835292E1,6.494120598E0,-7.800601721E-1,1.033699417E1,1.223256084E1
2.677072844E1,-5.675775528E0,3.637090325E-1,8.556734085E0,1.027445426E1
2.677310402E1,3.263810158E0,-4.259224236E-1,1.208375454E1,1.252401655E1
2.677547959E1,-1.832902193E0,-5.024927258E-1,7.503891945E0,7.740828361E0
2.677785511E1,-2.000399828E0,-7.944171429E-1,1.231346512E1,1.250016485E1
2.678023068E1,5.407779217E0,-6.125625968E-1,8.877371788E0,1.041283049E1
2.678260620E1,-6.527620316E0,2.153540403E-1,9.901499748E0,1.186153032E1
2.678498178E1,4.594219685E0,-5.407779217E-1,1.071984577E1,1.167537531E1
2.678735730E1,-4.441078663E0,-3.254238665E-1,8.547162056E0,9.637585776E0
2.678973287E1,1.957328916E0,-7.609176040E-1,1.267238903E1,1.284521607E1
2.679210844E1,1.143769264E0,-3.254238665E-1,7.355536938E0,7.451042374E0
2.679448396E1,-5.273781300E0,-1.579262912E-1,1.137069321E1,1.253516549E1
2.679685954E1,5.675775528E0,-1.052842021E0,9.724431038E0,1.130873393E1
2.679923506E1,-6.044270039E0,2.009970993E-1,9.442078590E0,1.121278058E1
2.680161063E1,4.264009953E0,-6.412764788E-1,1.171525955E1,1.248360216E1
2.680398620E1,-3.345165968E0,-1.148554832E-1,7.580461979E0,8.286539142E0
2.680636172E1,-1.770688772E0,-7.896314859E-1,1.232782269E1,1.247934569E1
2.680873730E1,4.264009953E0,-7.034898400E-1,8.642875671E0,9.663124686E0
2.681111282E1,-5.991627693E0,-1.292124242E-1,1.052841949E1,1.211461577E1
2.681348839E1,5.058426857E0,-3.541377485E-1,1.024606609E1,1.143218991E1
2.681586391E1,-6.240481377E0,5.264209956E-2,8.398807526E0,1.046357238E1
2.681823948E1,2.818745136E0,-9.762716293E-1,1.273938751E1,1.308397587E1
2.682061506E1,-1.100698411E-1,-3.684946895E-1,7.609176159E0,7.618888733E0
2.682299058E1,-3.972085476E0,-1.292124242E-1,1.150947666E1,1.217629713E1
2.682536615E1,4.886143684E0,-6.412764788E-1,8.958727837E0,1.022469755E1
2.682774167E1,-6.647261143E0,1.435693540E-2,9.705288887E0,1.176345694E1
2.683011724E1,5.044070244E0,-6.843472719E-1,1.157647610E1,1.264617629E1
2.683249276E1,-3.914657831E0,6.221338734E-2,7.819744587E0,8.745102735E0
2.683486834E1,-6.364908218E-1,-5.742774606E-1,1.216511059E1,1.219527904E1
2.683724391E1,2.775674343E0,-7.800601721E-1,8.197810173E0,8.690049112E0
2.683961943E1,-5.005784988E0,-1.387837082E-1,1.118883896E1,1.225835476E1
2.684199500E1,5.761917114E0,-3.732803464E-1,9.743574142E0,1.132591118E1
2.684437053E1,-6.628118515E0,4.929214716E-1,8.480163574E0,1.077441882E1
2.684674610E1,3.163311481E0,-1.100698471E0,1.232782269E1,1.277471287E1
2.684912162E1,-4.019941986E-1,-3.493520916E-1,8.049455643E0,8.067055371E0
2.685149719E1,-2.378465652E0,-2.967100143E-1,1.171525955E1,1.195794473E1
2.685387277E1,4.742574692E0,-2.775674164E-1,8.370093346E0,9.624319248E0
2.685624823E1,-6.795616150E0,1.770688742E-1,9.834501266E0,1.195529872E1
2.685862386E1,5.752345562E0,-8.805587292E-1,1.138983536E1,1.279035623E1
2.686099938E1,-3.871587038E0,1.914258115E-2,8.030312538E0,8.914901687E0
2.686337495E1,9.619147182E-1,-3.541377485E-1,1.228475189E1,1.232744185E1
2.686575047E1,1.512263894E0,-4.067798555E-1,7.609176159E0,7.768653278E0
2.686812605E1,-4.402793884E0,-3.541377485E-1,1.150469112E1,1.232347051E1
2.687050162E1,6.508477688E0,-6.795616150E-1,9.681360245E0,1.168549622E1
2.687287714E1,-6.340980053E0,4.259224236E-1,8.671588898E0,1.075108794E1
2.687525271E1,3.579662561E0,-7.657032609E-1,1.199761295E1,1.254364389E1
2.687762823E1,-1.526620865E0,-4.642075896E-1,8.001599312E0,8.159145268E0
2.688000381E1,-1.201196909E0,-3.828516304E-1,1.206461143E1,1.213030496E1
2.688237938E1,4.488935471E0,-3.637090325E-1,8.231309891E0,9.382818790E0
2.688475490E1,-6.752545357E0,1.914258152E-1,1.009292603E1,1.214498532E1
2.688713047E1,5.623133183E0,-1.167697430E0,1.089212894E1,1.231347299E1
2.688950599E1,-4.297509670E0,6.699903309E-2,8.547162056E0,9.566977446E0
2.689188157E1,1.823330879E0,-5.120640397E-1,1.219861031E1,1.234474943E1
2.689425714E1,4.785645306E-1,-1.627119333E-1,7.255038261E0,7.272625341E0
2.689663266E1,-4.766502857E0,-3.158525825E-1,1.150947666E1,1.246143512E1
2.689900823E1,6.317051888E0,-9.667003751E-1,9.743574142E0,1.165233415E1
2.690138376E1,-6.393621922E0,2.488535494E-1,8.992227554E0,1.103632574E1
2.690375933E1,4.034298897E0,-5.168496966E-1,1.169611740E1,1.238312818E1
2.690613485E1,-3.316452265E0,-3.397808075E-1,7.805387497E0,8.487542671E0
2.690851042E1,-7.752745152E-1,-4.259224236E-1,1.212682533E1,1.215904409E1
2.691088599E1,4.048655987E0,-5.838487148E-1,8.298309326E0,9.251725909E0
2.691326152E1,-6.451049805E0,2.392822690E-2,1.021256733E1,1.207945146E1
2.691563709E1,6.025127411E0,-6.699903309E-2,1.060020447E1,1.219307114E1
2.691801261E1,-6.474977970E0,3.732803464E-1,7.972885132E0,1.027772228E1
2.692038818E1,1.971685886E0,-1.545763373E0,1.255753326E1,1.280502133E1
2.692276370E1,1.292124271E0,-3.110669553E-1,7.542177200E0,7.658380031E0
2.692513928E1,-4.259224415E0,2.727817893E-1,1.165783215E1,1.241452588E1
2.692751485E1,5.556134224E0,-4.594219327E-1,9.475577354E0,1.099401029E1
2.692989037E1,-6.656832695E0,4.594219327E-1,8.800801277E0,1.104439193E1
2.693226594E1,4.398007870E0,-1.234696507E0,1.153340530E1,1.240509519E1
2.693464146E1,-2.268395901E0,-1.196411327E-1,7.996813297E0,8.313179709E0
2.693701704E1,-1.100698471E0,-4.354937077E-1,1.202154064E1,1.207967844E1
2.693939261E1,4.455435753E0,-1.962114573E-1,8.580661774E0,9.670427248E0
2.694176813E1,-6.226124287E0,4.259224236E-1,9.863214493E0,1.167171940E1
2.694414370E1,5.455635548E0,-6.891329288E-1,1.053799057E1,1.188646746E1
2.694651922E1,-4.575077057E0,-3.110669553E-1,8.288737297E0,9.472658481E0
2.694889480E1,2.670390129E0,-5.982056856E-1,1.285424328E1,1.314231349E1
2.695127037E1,1.641476393E0,-1.531406492E-1,7.360322475E0,7.542694727E0
2.695364589E1,-4.881358147E0,2.536391914E-1,1.101655579E1,1.205224011E1
2.695602141E1,5.962913990E0,-8.614161611E-1,9.700503349E0,1.141920077E1
2.695839698E1,-5.245067120E0,1.292124242E-1,9.236295700E0,1.062245655E1
2.696077256E1,4.780859470E0,-7.082754970E-1,1.207896900E1,1.300998707E1
2.696314808E1,-1.560120344E0,4.785645381E-2,7.307680130E0,7.472513273E0
2.696552365E1,-2.450250387E0,-3.254238665E-1,1.180140114E1,1.205747471E1
2.696789922E1,5.699703693E0,-9.284151793E-1,9.231510162E0,1.088895573E1
2.697027474E1,-5.685346603E0,1.866401732E-1,9.748359680E0,1.128665216E1
2.697265032E1,5.656632900E0,-5.216353536E-1,1.100698376E1,1.238641557E1
2.697502584E1,-4.646861553E0,1.052841991E-1,7.920242786E0,9.183390052E0
2.697740141E1,1.038485050E0,-9.284151793E-1,1.254796219E1,1.262504499E1
2.697977693E1,3.163311481E0,-4.163511395E-1,8.126026154E0,8.729959270E0
2.698215251E1,-5.082355499E0,-1.435693540E-2,1.064327526E1,1.179448396E1
2.698452808E1,5.541777134E0,-3.732803464E-1,9.863214493E0,1.131961272E1
2.698690360E1,-6.135197163E0,1.722832322E-1,8.676374435E0,1.062778430E1
2.698927917E1,3.957728624E0,-9.379864931E-1,1.247617722E1,1.312244003E1
2.699165469E1,-1.014556766E0,-3.110669553E-1,7.403393269E0,7.479058762E0
2.699403027E1,-3.297309637E0,-2.727817893E-1,1.180140114E1,1.225641585E1
2.699640579E1,4.910071850E0,-7.226324677E-1,9.140582085E0,1.040102130E1
2.699878136E1,-6.436692715E0,3.110669553E-1,9.767501831E0,1.170178908E1
2.700115693E1,5.010570526E0,-6.460621357E-1,1.128933716E1,1.236819901E1
2.700353245E1,-4.445864677E0,-5.264209956E-2,7.743174076E0,8.928898515E0
2.700590802E1,-4.594219327E-1,-9.092726111E-1,1.234696484E1,1.238892190E1
2.700828355E1,2.952743053E0,-5.551348329E-1,8.461020470E0,8.978626488E0
2.701065912E1,-5.594419479E0,9.571290575E-3,1.073898792E1,1.210881838E1
2.701303469E1,5.216353416E0,-2.632105052E-1,9.934999466E0,1.122425219E1
2.701541021E1,-6.776473522E0,2.679961324E-1,8.355736732E0,1.076154039E1
2.701778579E1,3.072384357E0,-1.306481123E0,1.264367485E1,1.307703913E1
2.702016131E1,-4.498506486E-1,-3.397808075E-1,7.704888821E0,7.725485638E0
2.702253688E1,-3.479164124E0,-1.292124242E-1,1.147597694E1,1.199246954E1
2.702491240E1,4.670789719E0,-4.402793646E-1,9.016156197E0,1.016371955E1
2.702728797E1,-7.049255371E0,2.823530734E-1,9.351150513E0,1.171391226E1
2.702966355E1,5.106283665E0,-1.000199914E0,1.163868904E1,1.274886722E1
2.703203907E1,-3.488735437E0,-2.919243574E-1,8.025527000E0,8.755888214E0
2.703441464E1,-5.694918036E-1,-5.120640397E-1,1.216511059E1,1.218919383E1
2.703679016E1,2.943171740E0,-5.647061467E-1,8.226524353E0,8.755390103E0
2.703916573E1,-5.608776093E0,2.871387079E-2,1.068634605E1,1.206885188E1
2.704154126E1,5.862415314E0,-7.130611539E-1,1.038963604E1,1.195077012E1
2.704391683E1,-5.723631859E0,9.571290761E-2,8.336593628E0,1.011276006E1
2.704629240E1,2.402393818E0,-1.043270707E0,1.247139168E1,1.274345009E1
2.704866792E1,7.417750359E-1,-3.780659735E-1,7.929814339E0,7.973400751E0
2.705104349E1,-3.641875982E0,-2.775674164E-1,1.138504982E1,1.195657408E1
2.705341902E1,5.623133183E0,-5.216353536E-1,9.202795982E0,1.079736931E1
2.705579459E1,-6.790830612E0,1.722832322E-1,9.040083885E0,1.130788126E1
2.705817016E1,5.173282623E0,-1.067198873E0,1.227039433E1,1.335905474E1
2.706054568E1,-2.397608280E0,-1.866401732E-1,7.671389580E0,8.039501110E0
2.706292126E1,-8.614161611E-1,-4.019941986E-1,1.204068375E1,1.207814978E1
2.706529678E1,3.742374659E0,-7.848458290E-1,8.303094864E0,9.141265524E0
2.706767235E1,-5.757131100E0,-3.206382394E-1,1.057627583E1,1.204595275E1
2.707004787E1,6.321837425E0,-7.417750359E-1,1.097827053E1,1.269008599E1
2.707242344E1,-5.144568920E0,-6.029912829E-1,7.781459332E0,9.347796381E0
2.707479902E1,2.876172781E0,1.378265858E0,1.338544941E1,1.376016870E1
2.707717454E1,-1.052842021E0,-2.665604353E0,5.881557941E0,6.542678863E0
2.707955011E1,-2.785245657E0,2.268395901E0,1.382094383E1,1.428011561E1
2.708192563E1,5.685346603E0,-3.440878868E0,7.585247993E0,1.008458232E1
2.708430120E1,-6.771687984E0,2.143969059E0,1.016471100E1,1.240055286E1
2.708667678E1,4.924428940E0,-1.330409408E0,1.149512005E1,1.257607946E1
2.708905230E1,-4.345366001E0,-8.279166222E-1,6.762116909E0,8.080462654E0
2.709142787E1,1.584048629E0,8.853443861E-1,1.463928890E1,1.475133297E1
2.709380339E1,2.100898266E0,-1.569691658E0,6.245266914E0,6.773556249E0
2.709617896E1,-5.560919762E0,1.014556766E0,1.109791183E1,1.245458956E1
2.709855448E1,5.225924492E0,-1.694118381E0,1.039920712E1,1.176111527E1
2.710093006E1,-4.981856823E0,1.115055323E0,9.370293617E0,1.067073794E1
2.710330563E1,2.555534601E0,-1.186840057E0,1.152383423E1,1.186330906E1
2.710568115E1,-9.427721500E-1,-3.828516304E-1,7.513463020E0,7.582052575E0
2.710805672E1,-3.148954630E0,2.153540403E-1,1.228953743E1,1.268838141E1
2.711043224E1,5.197210789E0,-1.143769264E0,8.614161491E0,1.012536352E1
2.711280782E1,-6.953542709E0,3.014956415E-1,9.265008926E0,1.158805619E1
2.711518334E1,4.675575256E0,-2.057827413E-1,1.188754272E1,1.277564177E1
2.711755891E1,-3.603590965E0,5.264209956E-2,7.599604607E0,8.410863761E0
2.711993448E1,-4.259224236E-1,-1.071984529E0,1.236132145E1,1.241502431E1
2.712231001E1,3.139383316E0,-4.019941986E-1,8.068597794E0,8.667156240E0
2.712468558E1,-6.369693756E0,1.914258152E-1,1.048534870E1,1.226997065E1
2.712706110E1,5.589633465E0,-7.465606928E-1,1.079162979E1,1.217623212E1
2.712943667E1,-5.331208706E0,5.264210105E-1,8.513663292E0,1.005889497E1
2.713181224E1,2.474178553E0,-7.848458290E-1,1.202632618E1,1.230325420E1
2.713418776E1,-2.727817893E-1,-3.541377485E-1,7.369893551E0,7.383437844E0
2.713656334E1,-4.268795490E0,-7.800601721E-1,1.178225899E1,1.255598406E1
2.713893886E1,6.321837425E0,-4.689932466E-1,1.002592659E1,1.186190487E1
2.714131443E1,-6.565905571E0,8.709874153E-1,8.700303078E0,1.093457858E1
2.714368995E1,3.895515203E0,-6.987041831E-1,1.182054424E1,1.246549207E1
2.714606552E1,-2.943171740E0,-5.024927258E-1,7.250252724E0,7.840977196E0
2.714844110E1,-1.009771109E0,-1.071984529E0,1.256231880E1,1.264834543E1
2.715081662E1,5.245067120E0,2.009970993E-1,8.834300995E0,1.027599158E1
2.715319219E1,-7.111468792E0,1.866401732E-1,8.977870941E0,1.145469291E1
2.715556771E1,5.024927616E0,-1.584048629E0,1.156211948E1,1.270597161E1
2.715794329E1,-3.230310678E0,1.019342422E0,8.853444099E0,9.479316351E0
2.716031881E1,7.034898400E-1,-1.253839016E0,1.108355427E1,1.117641201E1
2.716269438E1,2.115255117E0,-6.843472719E-1,7.915457249E0,8.221745487E0
2.716506995E1,-5.431707382E0,-2.344966233E-1,1.129412270E1,1.253457782E1
2.716744547E1,6.647261143E0,-4.115654826E-1,1.053799057E1,1.246614263E1
2.716982105E1,-5.546562672E0,8.231309652E-1,8.307880402E0,1.002311223E1
2.717219657E1,2.713460922E0,-1.115055323E0,1.188754272E1,1.224417782E1
2.717457214E1,-5.359922647E-1,-5.838487148E-1,7.556533813E0,7.597984621E0
2.717694771E1,-2.833101988E0,-7.513462901E-1,1.207896900E1,1.242950040E1
2.717932323E1,6.101697922E0,-4.737788737E-1,9.446864128E0,1.125603953E1
2.718169881E1,-6.814758778E0,6.556333899E-1,9.040083885E0,1.133992544E1
2.718407433E1,4.493721008E0,-4.067798555E-1,1.152383423E1,1.237569205E1
2.718644990E1,-3.426522017E0,-4.929214716E-1,7.566105366E0,8.320455223E0
2.718882547E1,3.014956415E-1,-1.272981644E0,1.269153118E1,1.275877524E1
2.719120099E1,3.828516245E0,-2.679961324E-1,8.336593628E0,9.177589655E0
2.719357657E1,-6.431907177E0,3.302095234E-1,1.007856941E1,1.196060323E1
2.719595209E1,5.206781864E0,-4.546363056E-1,1.065284634E1,1.186593471E1
2.719832766E1,-5.058426857E0,3.828516230E-2,8.518448830E0,9.907225569E0
2.720070318E1,2.517249346E0,-1.435693622E0,1.222253799E1,1.256137713E1
2.720307876E1,4.642075896E-1,-1.483550072E-1,7.642675400E0,7.658197253E0
2.720545433E1,-4.632504463E0,-3.014956415E-1,1.147597694E1,1.237937979E1
2.720782985E1,5.675775528E0,-6.029912829E-1,9.734002113E0,1.128400742E1
2.721020542E1,-6.460621357E0,4.163511395E-1,8.987442017E0,1.107642048E1
2.721258094E1,4.043870449E0,-1.229910851E0,1.169133186E1,1.243192703E1
2.721495652E1,-2.904886723E0,-1.818545163E-1,7.819744587E0,8.343850630E0
2.721733204E1,-1.483550072E0,-7.513462901E-1,1.237567902E1,1.248690807E1
2.721970761E1,4.498506546E0,-2.392822653E-1,8.671588898E0,9.771912359E0
2.722208318E1,-6.886543751E0,3.206382394E-1,9.738788605E0,1.193194440E1
2.722445870E1,4.938786030E0,-5.551348329E-1,1.074377346E1,1.183758634E1
2.722683428E1,-5.039284706E0,-2.679961324E-1,8.173882484E0,9.606173387E0
2.722920980E1,1.871187329E0,-1.158126116E0,1.268674564E1,1.287618395E1
2.723158537E1,1.363908887E0,-3.828516230E-2,7.561319351E0,7.683440866E0
2.723396094E1,-5.551348686E0,-1.435693540E-2,1.096869946E1,1.229349609E1
2.723633646E1,5.402993679E0,-7.657032609E-1,1.002592659E1,1.141480820E1
2.723871204E1,-5.891129494E0,2.775674164E-1,9.011369705E0,1.076973697E1
2.724108756E1,3.976871252E0,-7.752745152E-1,1.197368431E1,1.264063572E1
2.724346313E1,-1.986042738E0,3.349951655E-2,7.331608772E0,7.595918323E0
2.724583870E1,-3.024527788E0,-8.327022791E-1,1.181097221E1,1.222048387E1
2.724821422E1,5.623133183E0,-5.694918036E-1,9.547362328E0,1.109486706E1
2.725058980E1,-6.412764549E0,3.780659735E-1,9.322437286E0,1.132140981E1
2.725296532E1,4.910071850E0,-3.876372576E-1,1.129412270E1,1.232137475E1
2.725534089E1,-4.608576298E0,4.785645287E-3,7.685746193E0,8.961567549E0
2.725771641E1,7.322037220E-1,-1.335195065E0,1.256231880E1,1.265427682E1
2.726009198E1,3.455235958E0,-1.914258152E-1,8.374878883E0,9.061671793E0
2.726246756E1,-5.517848969E0,6.221338734E-2,1.042792130E1,1.179796890E1
2.726484308E1,5.584847927E0,-3.062812984E-1,1.011206818E1,1.155587545E1
2.726721865E1,-5.680561066E0,8.135596663E-2,8.609375954E0,1.031487989E1
2.726959417E1,3.799802303E0,-1.354337573E0,1.237089348E1,1.301198422E1
2.727196974E1,-1.435693651E-1,-4.785645381E-2,7.609176159E0,7.610680930E0
2.727434526E1,-3.455235958E0,-1.722832322E-1,1.159561825E1,1.210069005E1
2.727672084E1,5.603990555E0,-5.694918036E-1,9.384650230E0,1.094535020E1
2.727909641E1,-6.092126369E0,3.254238665E-1,9.284152031E0,1.110924765E1
2.728147193E1,5.173282623E0,-1.244267821E0,1.146162033E1,1.263644713E1
2.728384750E1,-2.909672260E0,-1.818545163E-1,7.925028801E0,8.444249240E0
2.728622302E1,-6.029912829E-1,-6.269195080E-1,1.232303619E1,1.235369773E1
2.728859860E1,4.311866283E0,-2.871387303E-1,8.561519623E0,9.590321045E0
2.729097417E1,-6.010770321E0,1.483550072E-1,1.006421185E1,1.172346916E1
2.729334969E1,5.493920803E0,-9.523434043E-1,1.044227791E1,1.183770635E1
2.729572526E1,-5.082355499E0,-3.828516230E-2,8.556734085E0,9.952361598E0
2.729810079E1,2.756531715E0,-9.236295223E-1,1.267717457E1,1.300624133E1
2.730047636E1,1.086341500E0,3.349951655E-2,7.604390144E0,7.681667107E0
2.730285188E1,-4.814359188E0,-1.914258115E-2,1.113141060E1,1.212793151E1
2.730522745E1,5.498706341E0,-4.689932466E-1,9.499505997E0,1.098618861E1
2.730760303E1,-6.034698486E0,-5.264209956E-2,8.863015175E0,1.072256476E1
2.730997855E1,4.445864677E0,-9.954141974E-1,1.229910851E1,1.311581611E1
2.731235412E1,-2.105684042E0,1.100698411E-1,7.345965385E0,7.642593022E0
2.731472964E1,-2.761317253E0,-4.642075896E-1,1.181575775E1,1.214300181E1
2.731710521E1,4.747360229E0,-6.125625968E-1,9.145368576E0,1.032232670E1
2.731948073E1,-6.307480335E0,2.823530734E-1,9.556933403E0,1.145421353E1
2.732185631E1,5.316852093E0,-6.173482537E-1,1.118405342E1,1.239891471E1
2.732423188E1,-4.823930264E0,1.818545163E-1,7.637889862E0,9.035526315E0
2.732660740E1,1.292124242E-1,-1.057627559E0,1.223210907E1,1.227842678E1
2.732898297E1,3.005385160E0,-1.244267747E-1,8.480163574E0,8.997832863E0
2.733135849E1,-5.670989513E0,0.000000000E0,1.039442158E1,1.184078215E1
2.733373407E1,5.288137913E0,-2.105683982E-1,1.007856941E1,1.138359798E1
2.733610959E1,-6.431907177E0,2.967100143E-1,8.298309326E0,1.050330445E1
2.733848516E1,3.187239647E0,-1.143769264E0,1.242353535E1,1.287675950E1
2.734086073E1,-2.201396823E-1,3.828516230E-2,7.575676441E0,7.578970958E0
2.734323626E1,-3.780659676E0,-1.579262912E-1,1.127976608E1,1.189753971E1
2.734561183E1,4.895715237E0,-4.450650215E-1,9.150154114E0,1.038708000E1
2.734798735E1,-6.527620316E0,2.057827413E-1,9.236295700E0,1.131199946E1
2.735036292E1,5.091926575E0,-8.039883971E-1,1.192104244E1,1.298789307E1
2.735273849E1,-3.211168051E0,1.866401732E-1,7.417750359E0,8.085137920E0
2.735511402E1,-1.339980721E0,-8.087740541E-1,1.186840057E1,1.197115684E1
2.735748959E1,4.134797573E0,-4.929214716E-1,8.915657043E0,9.840145480E0
2.735986511E1,-5.867201328E0,1.627119333E-1,9.963713646E0,1.156400087E1
2.736224068E1,5.647061348E0,-5.120640397E-1,1.060020447E1,1.202147438E1
2.736461620E1,-5.393422127E0,1.148554832E-1,8.149953842E0,9.773635027E0
2.736699178E1,1.909472466E0,-1.306481123E0,1.248096275E1,1.269359718E1
2.736936735E1,1.923829436E0,-1.004985496E-1,8.044670105E0,8.272118033E0
2.737174287E1,-4.436293125E0,-2.201396823E-1,1.090170002E1,1.177184019E1
2.737411844E1,5.632704735E0,-3.014956415E-1,9.786644936E0,1.129587010E1
2.737649396E1,-6.412764549E0,2.632105052E-1,8.681160927E0,1.079608188E1
2.737886954E1,4.622933388E0,-1.335195065E0,1.218425274E1,1.310001045E1
2.738124511E1,-1.320838094E0,-2.009970993E-1,7.853243828E0,7.966081328E0
2.738362063E1,-2.000399828E0,-3.924229145E-1,1.189711380E1,1.207049759E1
2.738599620E1,4.747360229E0,-5.120640397E-1,8.681160927E0,9.907683572E0
2.738837172E1,-6.144768715E0,8.135596663E-2,9.949356079E0,1.169420744E1
2.739074730E1,5.804987907E0,-8.662018180E-1,1.131805134E1,1.274937160E1
2.739312282E1,-4.096512318E0,6.221338734E-2,7.891529083E0,8.891654230E0
2.739549839E1,4.977070987E-1,-9.810572863E-1,1.221775246E1,1.226717819E1
2.739787396E1,2.823530674E0,-3.780659735E-1,8.336593628E0,8.809883805E0
2.740024948E1,-5.000999451E0,-1.052841991E-1,1.095912743E1,1.204672380E1
2.740262506E1,5.881557941E0,-4.307080805E-1,1.001156998E1,1.161937032E1
2.740500058E1,-6.264409542E0,2.967100143E-1,8.465806961E0,1.053568941E1
2.740737615E1,3.383451223E0,-1.344766378E0,1.253839111E1,1.305631612E1
2.740975172E1,-1.148554832E-1,-7.178468257E-2,7.891529083E0,7.892691309E0
2.741212724E1,-3.158525944E0,-3.206382394E-1,1.160040379E1,1.202698894E1
2.741450282E1,4.967499733E0,-3.828516304E-1,8.992227554E0,1.028021329E1
2.741687834E1,-6.843472958E0,5.742774159E-2,9.442078590E0,1.166144366E1
2.741925391E1,5.422136307E0,-8.614161611E-1,1.192104244E1,1.312451343E1
2.742162943E1,-3.560520172E0,1.387837082E-1,7.795815945E0,8.571540763E0
2.742400500E1,-7.800601721E-1,-6.556333899E-1,1.205504036E1,1.209803071E1
2.742638058E1,3.019742250E0,-4.307080805E-1,8.274380684E0,8.818714669E0
2.742875610E1,-5.752345562E0,-1.435693540E-2,1.074855900E1,1.219102974E1
2.743113167E1,5.924628735E0,-5.072783828E-1,1.047099209E1,1.204160423E1
2.743350719E1,-6.111268997E0,4.307080805E-1,8.154739380E0,1.019965159E1
2.743588277E1,1.856830359E0,-1.138983607E0,1.221775246E1,1.241042214E1
2.743825834E1,6.173482537E-1,-1.674975902E-1,8.145168304E0,8.170247305E0
2.744063386E1,-3.909872293E0,-2.584248483E-1,1.130848026E1,1.196810806E1
2.744300943E1,5.350351334E0,-1.962114573E-1,9.375079155E0,1.079615059E1
2.744538495E1,-7.355536938E0,6.269195080E-1,8.848658562E0,1.152370210E1
2.744776053E1,4.393222332E0,-1.392622828E0,1.202154064E1,1.287467437E1
2.745013605E1,-2.234896421E0,-1.914258152E-1,8.188239098E0,8.489915511E0
2.745251162E1,-1.268195987E0,-4.594219327E-1,1.184925747E1,1.192578266E1
2.745488719E1,3.560520172E0,-2.392822653E-1,8.293522835E0,9.028681017E0
2.745726271E1,-6.594619274E0,-1.004985496E-1,1.018863869E1,1.213702853E1
2.745963829E1,5.843272686E0,-7.992027402E-1,1.124626637E1,1.269886089E1
2.746201381E1,-4.790431023E0,1.674975902E-1,8.092526436E0,9.405597745E0
2.746438938E1,1.134197950E0,-9.284151793E-1,1.217468166E1,1.226259489E1
2.746676495E1,1.325623751E0,-3.397808075E-1,7.934599876E0,8.051745433E0
2.746914047E1,-4.465006828E0,-2.488535494E-1,1.136590767E1,1.221401127E1
2.747151605E1,6.058627129E0,-5.599204898E-1,9.820143700E0,1.155230262E1
2.747389157E1,-6.628118515E0,3.349951804E-1,8.551948547E0,1.082497117E1
2.747626714E1,3.608376503E0,-1.172483087E0,1.214118195E1,1.272019641E1
2.747864266E1,-8.327022791E-1,-2.201396823E-1,8.063812256E0,8.109680799E0
2.748101823E1,-2.220539331E0,-5.024927258E-1,1.172961617E1,1.194852247E1
2.748339381E1,4.914857864E0,-2.392822653E-1,8.590232849E0,9.899756776E0
2.748576933E1,-7.058826923E0,2.297109663E-1,9.437292099E0,1.178737828E1
2.748814490E1,5.556134224E0,-1.277767301E0,1.162433243E1,1.294713950E1
2.749052042E1,-3.550948858E0,-1.914258115E-2,8.283951759E0,9.012960722E0
2.749289599E1,6.508477330E-1,-5.551348329E-1,1.212203979E1,1.215218607E1
2.749527157E1,2.076970100E0,-1.579262912E-1,7.661818027E0,7.939911901E0
2.749764709E1,-5.527420521E0,-3.637090325E-1,1.099741268E1,1.231372192E1
2.750002266E1,6.403193474E0,-7.992027402E-1,1.062413216E1,1.243027738E1
2.750239818E1,-5.757131100E0,3.732803464E-1,8.092526436E0,9.938454650E0
2.750477376E1,2.675175667E0,-8.135597110E-1,1.215075302E1,1.246832961E1
2.750714928E1,-4.881358147E-1,-2.919243574E-1,7.848458290E0,7.869040217E0
2.750952485E1,-3.019742250E0,-3.493520916E-1,1.177268696E1,1.215882595E1
2.751190042E1,5.680561066E0,-3.302095234E-1,9.087940216E0,1.072233509E1
2.751427594E1,-7.255038261E0,4.546363056E-1,8.877371788E0,1.147388357E1
2.751665146E1,4.541577339E0,-1.244267821E0,1.179183006E1,1.269729827E1
2.751902704E1,-2.545963287E0,-4.307080805E-2,8.365307808E0,8.744264342E0
2.752140261E1,-4.929214716E-1,-4.642075896E-1,1.186361504E1,1.188292144E1
2.752377818E1,3.244667530E0,2.392822690E-2,7.944170952E0,8.581275666E0
2.752615370E1,-6.757331371E0,2.297109663E-1,1.023170948E1,1.226385638E1
2.752852928E1,5.919843197E0,-1.057627559E0,1.065284634E1,1.223299859E1
2.753090480E1,-4.934000492E0,5.264209956E-2,8.427521706E0,9.765769511E0
2.753328037E1,2.115255117E0,-5.982056856E-1,1.231346512E1,1.250814045E1
2.753565589E1,2.871387079E-2,2.392822690E-2,7.355536938E0,7.355631903E0
2.753803146E1,-4.441078663E0,-3.589234054E-1,1.145683479E1,1.229272424E1
2.754040704E1,6.015556335E0,-7.369893789E-1,9.791430473E0,1.151530208E1
2.754278256E1,-6.498906136E0,2.297109663E-1,8.642875671E0,1.081609208E1
2.754515813E1,3.905086517E0,-6.508477330E-1,1.203589821E1,1.267028607E1
2.754753365E1,-2.330609322E0,-1.196411327E-1,7.719245911E0,8.064292358E0
2.754990922E1,-1.512263894E0,-4.785645306E-1,1.192104244E1,1.202610573E1
2.755228474E1,4.321437836E0,-4.737788737E-1,8.260024071E0,9.334199968E0
2.755466027E1,-6.833901405E0,-1.148554832E-1,9.868000984E0,1.200386786E1
2.755703584E1,5.642275810E0,-7.226324677E-1,1.149990559E1,1.282985980E1
2.755941141E1,-4.240081787E0,3.254238665E-1,8.202595711E0,9.239413978E0
2.756178698E1,1.215553880E0,-5.120640397E-1,1.205025482E1,1.212222843E1
2.756416251E1,1.430907965E0,5.264209956E-2,7.523034573E0,7.658088402E0
2.756653808E1,-5.216353416E0,-4.594219327E-1,1.083470058E1,1.203379193E1
2.756891360E1,6.484549522E0,-1.052842021E0,1.034656525E1,1.225598920E1
2.757128917E1,-5.871986866E0,2.584248483E-1,8.714659691E0,1.051153208E1
2.757366474E1,3.665804386E0,-5.647061467E-1,1.224168110E1,1.279123805E1
2.757604027E1,-1.641476393E0,-3.828516230E-2,7.460821152E0,7.639356174E0
2.757841584E1,-2.268395901E0,-6.556333899E-1,1.192582798E1,1.215733721E1
2.758079136E1,5.795416355E0,-7.082754970E-1,9.078369141E0,1.079376168E1
2.758316693E1,-6.666403770E0,8.614161611E-2,9.241081238E0,1.139499636E1
2.758554251E1,4.948357105E0,-6.029912829E-1,1.169611740E1,1.271412595E1
2.758791802E1,-3.335594654E0,0.000000000E0,8.039883614E0,8.704362137E0
2.759029360E1,4.115654826E-1,-6.317051649E-1,1.227996540E1,1.230308855E1
2.759266912E1,3.081955671E0,-3.302095234E-1,7.872386456E0,8.460612129E0
2.759504469E1,-6.082555294E0,-4.833501875E-1,1.060020447E1,1.223092151E1
2.759742021E1,6.455835342E0,-7.417750359E-1,1.095434189E1,1.273678320E1
2.759979579E1,-5.111069202E0,4.163511395E-1,8.365307808E0,9.811969801E0
2.760217136E1,2.670390129E0,-5.168496966E-1,1.209332561E1,1.239542825E1
2.760454688E1,-3.637090325E-1,1.914258115E-2,7.360322475E0,7.369328168E0
2.760692245E1,-3.823730469E0,-1.009771109E0,1.145683479E1,1.212021517E1
2.760929797E1,6.570691109E0,-6.221339107E-1,1.006421185E1,1.203533931E1
2.761167355E1,-6.632904530E0,5.264210105E-1,8.772088051E0,1.101008948E1
2.761404912E1,4.197010994E0,-5.359922647E-1,1.167218876E1,1.241540090E1
2.761642464E1,-3.077169895E0,-2.153540403E-1,7.910671711E0,8.490823214E0
2.761880021E1,-5.886343718E-1,-8.853443861E-1,1.225603771E1,1.230206428E1
2.762117573E1,4.622933388E0,-2.967100143E-1,8.394021988E0,9.587447787E0
2.762355131E1,-6.833901405E0,3.684946895E-1,9.834501266E0,1.198146118E1
2.762592688E1,5.173282623E0,-7.322037220E-1,1.082991505E1,1.202439334E1
2.762830240E1,-4.359723091E0,6.699903309E-2,8.614161491E0,9.654814991E0
2.763067797E1,1.981257200E0,-6.795616150E-1,1.225603771E1,1.243373011E1
2.763305349E1,1.119840980E0,6.221338734E-2,7.360322475E0,7.445284499E0
2.763542907E1,-5.455635548E0,-4.067798555E-1,1.101655579E1,1.230015977E1
2.763780459E1,6.336194515E0,-6.891329288E-1,1.038006496E1,1.218064094E1
2.764018016E1,-6.087340832E0,5.407779217E-1,8.456234932E0,1.043341116E1
2.764255573E1,3.766302824E0,-5.120640397E-1,1.184925747E1,1.244396035E1
2.764493126E1,-2.373680115E0,-8.614161611E-2,7.389036179E0,7.761419542E0
2.764730683E1,-2.287538528E0,-1.028913736E0,1.192104244E1,1.218206669E1
2.764968235E1,5.694917679E0,-3.206382394E-1,9.336793900E0,1.094123469E1
2.765205792E1,-6.680760860E0,4.546363056E-1,9.188439369E0,1.136955047E1
2.765443339E1,4.804787636E0,-2.153540403E-1,1.107398319E1,1.207333696E1
2.765680902E1,-4.402793884E0,-3.828516230E-2,7.982456207E0,9.116230956E0
2.765918459E1,1.024128079E0,-1.162911773E0,1.223210907E1,1.232987001E1
2.766156011E1,2.842673302E0,-2.632105052E-1,7.929814339E0,8.428049995E0
2.766393568E1,-5.915057659E0,1.004985496E-1,1.075813103E1,1.227743419E1
2.766631120E1,5.599205017E0,-5.982056856E-1,1.018385315E1,1.163700184E1
2.766868678E1,-5.460421085E0,3.206382394E-1,8.666803360E0,1.024853589E1
2.767106235E1,3.273381472E0,-1.033699393E0,1.214118195E1,1.261712565E1
2.767343787E1,-4.833501875E-1,-2.249253243E-1,7.427321434E0,7.446430184E0
2.767581344E1,-3.761517286E0,-7.704889178E-1,1.167697430E1,1.229204597E1
2.767818896E1,6.111268997E0,-7.082754970E-1,9.705288887E0,1.149094841E1
2.768056454E1,-6.412764549E0,4.163511395E-1,9.183652878E0,1.120876343E1
2.768294006E1,4.689932346E0,-4.881358147E-1,1.151904774E1,1.244677479E1
2.768531563E1,-3.651447296E0,-1.483550072E-1,7.704888821E0,8.527625010E0
2.768769120E1,-4.546363056E-1,-1.555334687E0,1.225603771E1,1.236269471E1
2.769006672E1,4.465006828E0,-5.312066078E-1,8.858229637E0,9.934117915E0
2.769244230E1,-6.068198204E0,6.077769399E-1,1.019820976E1,1.188258830E1
2.769481782E1,5.058426857E0,-6.077769399E-1,1.030349445E1,1.149430611E1
2.769719339E1,-5.283352375E0,-2.153540403E-1,8.528019905E0,1.003430681E1
2.769956896E1,2.785245657E0,-1.339980721E0,1.242832088E1,1.280688493E1
2.770194448E1,1.119840980E0,-3.828516304E-1,7.771887779E0,7.861479431E0
2.770432006E1,-4.900500774E0,-2.871387303E-1,1.143290615E1,1.244221441E1
2.770669558E1,5.718846321E0,-6.652047038E-1,9.623932838E0,1.121462366E1
2.770907115E1,-6.197410583E0,3.062812984E-1,9.245866776E0,1.113497906E1
2.771144667E1,4.264009953E0,-1.277767301E0,1.187797165E1,1.268466321E1
2.771382224E1,-2.258824587E0,-3.828516304E-1,7.771887779E0,8.102536858E0
2.771619782E1,-2.081755638E0,-6.891329288E-1,1.220339584E1,1.239884998E1
2.771857334E1,4.886143684E0,-5.168496966E-1,8.853444099E0,1.012546326E1
2.772094891E1,-6.522834301E0,1.531406492E-1,9.882357597E0,1.184195132E1
2.772332443E1,5.020142078E0,-8.566305041E-1,1.077248764E1,1.191562555E1
2.772570000E1,-4.867001057E0,-2.584248483E-1,8.537590981E0,9.830815960E0
2.772807558E1,1.622333765E0,-9.858429432E-1,1.282552910E1,1.296526320E1
2.773045110E1,1.847259045E0,-1.770688742E-1,7.604390144E0,7.827545518E0
2.773282667E1,-5.565705299E0,-7.178468257E-2,1.109791183E1,1.241554975E1
2.773520219E1,5.340780258E0,-9.571290612E-1,9.705288887E0,1.111902254E1
2.773757776E1,-6.058627129E0,-7.657032460E-2,9.159725189E0,1.098241282E1
2.773995329E1,4.182653904E0,-8.327022791E-1,1.249053383E1,1.319853863E1
2.774232886E1,-1.737189293E0,1.052841991E-1,7.412964344E0,7.614522425E0
2.774470443E1,-3.187239647E0,-2.201396823E-1,1.183490086E1,1.225854136E1
2.774707995E1,5.005784988E0,-7.034898400E-1,8.982656479E0,1.030732258E1
2.774945553E1,-6.336194515E0,-8.135596663E-2,9.647860527E0,1.154275498E1
2.775183105E1,5.379065514E0,-8.087740541E-1,1.145683479E1,1.268256775E1
2.775420657E1,-4.431507587E0,1.483550072E-1,7.925028801E0,9.081098513E0
2.775658219E1,-1.435693540E-2,-9.140582681E-1,1.227039433E1,1.230440106E1
2.775895771E1,3.211168051E0,-1.483550072E-1,8.590232849E0,9.172006861E0
2.776133329E1,-5.637490273E0,-6.221338734E-2,1.052363396E1,1.193867827E1
2.776370881E1,5.575276852E0,-5.024927258E-1,9.911071777E0,1.138268662E1
2.776608438E1,-6.116054535E0,1.100698411E-1,8.657232285E0,1.060027874E1
2.776845990E1,3.493520975E0,-9.619147182E-1,1.261017513E1,1.312046057E1
2.777083547E1,-1.531406492E-1,0.000000000E0,7.336394310E0,7.337992473E0
2.777321105E1,-3.933800459E0,-2.249253243E-1,1.148076344E1,1.213809320E1
2.777558657E1,5.331208706E0,-7.944171429E-1,9.288937569E0,1.073951796E1
2.777796214E1,-6.336194515E0,1.196411327E-1,9.422935486E0,1.135576453E1
2.778033766E1,5.221138954E0,-6.508477330E-1,1.190668583E1,1.301741381E1
2.778271323E1,-3.211168051E0,2.823530734E-1,7.542177200E0,8.202180224E0
2.778508876E1,-1.335195065E0,-3.924229145E-1,1.189711380E1,1.197823269E1
2.778746433E1,4.139583111E0,-8.087740541E-1,8.484949112E0,9.475474934E0
2.778983990E1,-5.838487148E0,-2.440679073E-1,1.031785107E1,1.185772120E1
2.779221542E1,5.996413708E0,-4.594219327E-1,1.092562866E1,1.247146373E1
2.779459099E1,-5.536991596E0,4.402793646E-1,7.992027760E0,9.732657888E0
2.779696652E1,1.703689694E0,-9.379864931E-1,1.227039433E1,1.242356447E1
2.779934209E1,1.679761529E0,-2.344966233E-1,8.092526436E0,8.268347572E0
2.780171766E1,-4.460221291E0,-5.742774606E-1,1.098305607E1,1.186806173E1
2.780409318E1,5.804987907E0,-4.929214716E-1,9.585647583E0,1.121719643E1
2.780646876E1,-6.608976364E0,2.679961324E-1,8.843872070E0,1.104375225E1
2.780884428E1,4.450650215E0,-8.327022791E-1,1.245224857E1,1.324991226E1
2.781121985E1,-1.679761529E0,2.392822690E-2,7.441678524E0,7.628941644E0
2.781359537E1,-2.478964329E0,-5.024927258E-1,1.166740322E1,1.193842791E1
2.781597094E1,4.843072891E0,-7.657032609E-1,8.867800713E0,1.013309163E1
2.781834652E1,-6.130411625E0,-1.435693540E-2,9.906285286E0,1.164974854E1
2.782072204E1,5.675775528E0,-5.694918036E-1,1.130848026E1,1.266572045E1
2.782309761E1,-4.579862595E0,3.397808075E-1,7.810173035E0,9.060319819E0
2.782547313E1,1.770688742E-1,-7.896314859E-1,1.202154064E1,1.204874727E1
2.782784870E1,2.804388046E0,-5.886343718E-1,8.322237015E0,8.801744808E0
2.783022428E1,-5.072783947E0,-3.158525825E-1,1.093519974E1,1.205866880E1
2.783259980E1,5.871986866E0,-4.450650215E-1,9.930213928E0,1.154501890E1
2.783497537E1,-6.585047722E0,5.599204898E-1,8.513663292E0,1.077770046E1
2.783735089E1,3.139383316E0,-1.129412293E0,1.221296692E1,1.266048422E1
2.783972646E1,-1.052841991E-1,-6.699903309E-2,7.891529083E0,7.892515753E0
2.784210198E1,-3.244667530E0,-3.828516304E-1,1.143290615E1,1.189057550E1
2.784447756E1,5.067998409E0,-5.407779217E-1,8.805587769E0,1.017425302E1
2.784685313E1,-6.872186661E0,1.435693651E-1,9.461220741E0,1.169453973E1
2.784922865E1,5.312066078E0,-6.412764788E-1,1.201675510E1,1.315415086E1
2.785160422E1,-3.407379389E0,2.344966233E-1,7.580461979E0,8.314362680E0
2.785397974E1,-8.566305041E-1,-3.062812984E-1,1.185404301E1,1.188890069E1
2.785635532E1,3.115455151E0,-6.173482537E-1,8.111668587E0,8.711276997E0
2.785873089E1,-5.680561066E0,-4.402793646E-1,1.058106136E1,1.201754881E1
2.786110641E1,6.149554253E0,-3.924229145E-1,1.085384369E1,1.248106310E1
2.786348198E1,-5.666203976E0,1.091127157E0,8.035098076E0,9.892382274E0
2.786585745E1,1.464407444E0,-7.322037220E-1,1.185882950E1,1.197131774E1
2.786823308E1,8.853443861E-1,-6.412764788E-1,7.972885132E0,8.047482061E0
2.787060860E1,-3.761517286E0,-5.982056856E-1,1.132762241E1,1.195081135E1
2.787298417E1,5.958128452E0,-2.967100143E-1,9.528220177E0,1.124163294E1
2.787535974E1,-7.135396957E0,7.322037220E-1,8.796015739E0,1.134988568E1
2.787773527E1,4.182653904E0,-7.800601721E-1,1.205025482E1,1.277934775E1
2.788011084E1,-1.732403636E0,-4.785645381E-2,7.853243828E0,8.042198158E0
2.788248636E1,-1.636690736E0,-8.374879360E-1,1.166261768E1,1.180664194E1
2.788486193E1,4.575077057E0,-3.110669553E-1,8.585447311E0,9.733344660E0
2.788723750E1,-6.503692150E0,2.153540403E-1,9.939785004E0,1.188039203E1
2.788961303E1,5.766702652E0,-4.402793646E-1,1.112662506E1,1.253995577E1
2.789198860E1,-4.555934429E0,3.397808075E-1,7.982456207E0,9.197369005E0
2.789436412E1,9.379864931E-1,-1.100698471E0,1.204068375E1,1.212721818E1
2.789673969E1,2.148754835E0,-3.876372576E-1,8.116454124E0,8.405012644E0
2.789911521E1,-4.512863636E0,-1.722832322E-1,1.138026428E1,1.224361200E1
2.790149079E1,6.235695839E0,-3.158525825E-1,9.686145782E0,1.152410888E1
2.790386636E1,-6.675975323E0,7.513462901E-1,8.508877754E0,1.084131765E1
2.790624188E1,3.469592810E0,-1.277767301E0,1.185404301E1,1.241729033E1
2.790861745E1,-4.498506486E-1,-2.823530734E-1,8.221738815E0,8.238876016E0
2.791099297E1,-2.230110645E0,-4.785645306E-1,1.167697430E1,1.189765297E1
2.791336855E1,4.957928658E0,-1.962114573E-1,8.585447311E0,9.916121270E0
2.791574412E1,-7.140182972E0,2.823530734E-1,9.585647583E0,1.195602675E1
2.791811964E1,5.422136307E0,-1.162911773E0,1.162433243E1,1.287932569E1
2.792049521E1,-3.373879910E0,-5.264209956E-2,8.154739380E0,8.825282499E0
2.792287073E1,3.110669553E-1,-5.168496966E-1,1.217946720E1,1.219439697E1
2.792524631E1,2.124826431E0,-1.962114573E-1,7.762316704E0,8.050276201E0
2.792762183E1,-5.690132141E0,-3.541377485E-1,1.088255692E1,1.228548177E1
2.792999740E1,6.216553211E0,-7.704889178E-1,1.055234814E1,1.227156217E1
2.793237297E1,-5.828916073E0,3.014956415E-1,8.408378601E0,1.023562372E1
2.793474849E1,2.502892494E0,-8.901300430E-1,1.220818138E1,1.249385829E1
2.793712407E1,-4.785645306E-1,-3.541377485E-1,7.795815945E0,7.818515447E0
2.793949959E1,-3.268595695E0,-3.876372576E-1,1.178225899E1,1.223338086E1
2.794187516E1,5.580062389E0,-4.259224236E-1,9.198010445E0,1.076670341E1
2.794425073E1,-7.269395351E0,5.120640397E-1,8.920442581E0,1.151870714E1
2.794662626E1,4.326223373E0,-1.296909928E0,1.166261768E1,1.250659167E1
2.794900183E1,-2.478964329E0,-1.387837082E-1,8.394021988E0,8.753521017E0
2.795137735E1,-7.274180651E-1,-5.407779217E-1,1.210289669E1,1.213679060E1
2.795375292E1,3.330809116E0,-4.307080805E-2,7.805387497E0,8.486472674E0
2.795612844E1,-6.872186661E0,2.488535494E-1,1.035613632E1,1.243134897E1
2.795850402E1,5.824130535E0,-1.115055323E0,1.070548820E1,1.223810944E1
2.796087959E1,-4.809573650E0,1.435693540E-2,8.513663292E0,9.778275281E0
2.796325511E1,1.947757602E0,-5.072783828E-1,1.231346512E1,1.247687919E1
2.796563063E1,2.967100143E-1,-8.135596663E-2,7.427321434E0,7.433690827E0
2.796800620E1,-4.465006828E0,-3.349951804E-1,1.147119141E1,1.231408706E1
2.797038178E1,6.058627129E0,-7.944171429E-1,9.714859962E0,1.147678376E1
2.797275735E1,-6.216553211E0,1.770688742E-1,8.886942863E0,1.084687239E1
2.797513287E1,4.024727821E0,-6.173482537E-1,1.205504036E1,1.272413262E1
2.797750844E1,-2.134397745E0,-1.244267747E-1,7.695317745E0,7.986804803E0
2.797988396E1,-1.440479279E0,-3.732803464E-1,1.191147137E1,1.200406052E1
2.798225948E1,4.637290478E0,-4.354937077E-1,8.571090698E0,9.754881522E0
2.798463511E1,-6.652047157E0,-1.866401732E-1,9.710074425E0,1.177158066E1
2.798701063E1,5.795416355E0,-8.279166222E-1,1.156211948E1,1.295974165E1
2.798938620E1,-3.909872293E0,1.627119333E-1,8.312665939E0,9.187708721E0
2.799176172E1,1.129412293E0,-5.407779217E-1,1.204546928E1,1.211038163E1
2.799413730E1,1.665404558E0,-1.722832322E-1,7.652246952E0,7.833271173E0
2.799651282E1,-5.249852657E0,-8.518448472E-1,1.088734341E1,1.211696493E1
2.799888839E1,6.862615108E0,-7.896314859E-1,1.083470058E1,1.284950352E1
2.800126396E1,-6.049055576E0,3.541377485E-1,8.489734650E0,1.043034426E1
2.800363948E1,3.220739365E0,-5.264210105E-1,1.198804188E1,1.242430800E1
2.800601506E1,-1.469193101E0,-3.924229145E-1,7.843672752E0,7.989726301E0
2.800839058E1,-2.474178553E0,-1.143769264E0,1.196889877E1,1.227535358E1
2.801076610E1,6.058627129E0,-5.216353536E-1,9.413364410E0,1.120671654E1
2.801314172E1,-7.073183537E0,4.546363056E-1,9.159725189E0,1.158176088E1
2.801551724E1,4.546362877E0,-6.364908218E-1,1.158126163E1,1.245793550E1
2.801789277E1,-3.460021496E0,-2.775674164E-1,8.274380684E0,8.972968746E0
2.802026834E1,1.770688742E-1,-1.134197950E0,1.216989613E1,1.222391632E1
2.802264391E1,3.402593851E0,-3.445664644E-1,8.188239098E0,8.873760786E0
2.802501943E1,-6.522834301E0,0.000000000E0,1.070548820E1,1.253614155E1
2.802739501E1,5.804987907E0,-7.752745152E-1,1.056670475E1,1.208114996E1
2.802977058E1,-5.350351334E0,2.823530734E-1,8.738588333E0,1.025031262E1
2.803214610E1,2.378465652E0,-1.249053478E0,1.190668583E1,1.220599856E1
2.803452167E1,7.657032460E-2,-2.967100143E-1,7.728816986E0,7.734889259E0
2.803689719E1,-4.120440483E0,-4.929214716E-1,1.187797165E1,1.258201939E1
2.803927277E1,5.986842155E0,-3.972085714E-1,9.528220177E0,1.125997484E1
2.804164829E1,-6.838686943E0,5.694918036E-1,8.877371788E0,1.122050310E1
2.804402386E1,3.914657831E0,-9.667003751E-1,1.151426220E1,1.219988892E1
2.804639943E1,-2.723032236E0,-4.642075896E-1,8.106883049E0,8.564575063E0
2.804877495E1,-8.039883971E-1,-6.556333899E-1,1.257667542E1,1.261939052E1
2.805115052E1,4.264009953E0,-2.775674164E-1,8.183453560E0,9.231886953E0
2.805352605E1,-6.996613503E0,3.254238665E-1,9.978070259E0,1.219099616E1
2.805590162E1,5.111069202E0,-9.954141974E-1,1.072941685E1,1.192620072E1
2.805827719E1,-4.354937077E0,-9.571290761E-2,8.690732002E0,9.721289042E0
2.806065271E1,2.005185366E0,-6.747759581E-1,1.240917778E1,1.258823991E1
2.806302829E1,1.086341500E0,4.307080805E-2,7.245467186E0,7.326580901E0
2.806540381E1,-5.460421085E0,-4.785645381E-2,1.124626637E1,1.250187969E1
2.806777938E1,6.101697922E0,-1.038485050E0,9.978070259E0,1.174185057E1
2.807015490E1,-5.752345562E0,1.339980662E-1,8.953942299E0,1.064333207E1
2.807253047E1,3.972085476E0,-6.604190469E-1,1.207418346E1,1.272790331E1
2.807490605E1,-1.990828395E0,3.349951655E-2,7.427321434E0,7.689578896E0
2.807728157E1,-2.603390932E0,-7.274180651E-1,1.183490086E1,1.213967296E1
2.807965714E1,5.666203976E0,-5.503492355E-1,9.456435204E0,1.103779500E1
2.808203266E1,-6.422336102E0,5.742774159E-2,9.198010445E0,1.121842659E1
2.808440823E1,4.953142643E0,-5.599204898E-1,1.120319557E1,1.226208482E1
2.808678376E1,-4.063013077E0,-1.579262912E-1,8.288737297E0,9.232344337E0
2.808915933E1,1.024128079E0,-7.178468108E-1,1.249532032E1,1.255775347E1
2.809153490E1,2.770888567E0,-2.249253243E-1,7.743174076E0,8.227099101E0
2.809391042E1,-5.934200287E0,-1.579262912E-1,1.067677498E1,1.221610403E1
2.809628599E1,5.886343479E0,-8.997012973E-1,1.030827999E1,1.190458476E1
2.809866152E1,-5.144568920E0,1.292124242E-1,8.915657043E0,1.029428122E1
2.810103709E1,3.302095175E0,-7.178468108E-1,1.223210907E1,1.269029664E1
2.810341266E1,-6.843472719E-1,9.571290575E-3,7.355536938E0,7.387309824E0
2.810578818E1,-3.847658873E0,-4.977070987E-1,1.152383423E1,1.215939746E1
2.810816376E1,6.077769279E0,-8.422735929E-1,9.595218658E0,1.138933384E1
2.811053928E1,-6.264409542E0,1.435693651E-1,9.293723106E0,1.120877907E1
2.811291485E1,4.742574692E0,-5.503492355E-1,1.152383423E1,1.247371854E1
2.811529037E1,-3.857230186E0,1.914258115E-2,7.848458290E0,8.745106556E0
2.811766594E1,-4.019941986E-1,-9.858429432E-1,1.217468166E1,1.222114394E1
2.812004152E1,4.043870449E0,-3.541377485E-1,8.465806961E0,9.388726711E0
2.812241704E1,-6.154339790E0,9.092725813E-2,1.025563812E1,1.196086449E1
2.812479261E1,5.316852093E0,-3.445664644E-1,1.023170948E1,1.153583639E1
2.812716813E1,-5.618347645E0,1.531406492E-1,8.494520187E0,1.018558567E1
2.812954370E1,2.675175667E0,-9.667003751E-1,1.225125217E1,1.257713220E1
2.813191928E1,4.881358147E-1,-1.004985496E-1,7.580461979E0,7.596826992E0
2.813429480E1,-4.747360229E0,-1.627119333E-1,1.149033451E1,1.243349072E1
2.813667037E1,5.541777134E0,-5.407779217E-1,9.427721024E0,1.094923094E1
2.813904589E1,-6.345765591E0,4.785645306E-1,9.226723671E0,1.120848762E1
2.814142146E1,4.426722050E0,-6.604190469E-1,1.153819084E1,1.237585833E1
2.814379698E1,-2.976671457E0,7.657032460E-2,7.613961697E0,8.175502963E0
2.814617256E1,-1.823330879E0,-8.374879360E-1,1.181097221E1,1.198019141E1
2.814854813E1,4.680361271E0,-2.871387303E-1,9.016156197E0,1.016264251E1
2.815092365E1,-6.187839508E0,2.536391914E-1,9.958928108E0,1.172748650E1
2.815329922E1,5.297709465E0,-1.579262912E-1,1.047099209E1,1.173594230E1
2.815567474E1,-5.632704735E0,3.589234054E-1,8.063812256E0,9.842827680E0
2.815805032E1,1.962114573E0,-1.316052437E0,1.229432297E1,1.251927573E1
2.816042589E1,1.751546144E0,-1.722832322E-1,8.035098076E0,8.225593991E0
2.816280141E1,-4.718646049E0,-2.871387079E-2,1.120798111E1,1.216080941E1
2.816517698E1,5.603990555E0,-2.488535494E-1,9.384650230E0,1.093335713E1
2.816755251E1,-6.455835342E0,4.450650215E-1,8.934800148E0,1.103206900E1
2.816992808E1,4.177868366E0,-1.158126116E0,1.177747345E1,1.255008849E1
2.817230365E1,-1.344766378E0,-2.344966233E-1,7.915457249E0,8.032300339E0
2.817467917E1,-2.359323025E0,-2.823530734E-1,1.207896900E1,1.231046793E1
2.817705474E1,4.890929699E0,-3.589234054E-1,8.427521706E0,9.750545699E0
2.817943026E1,-6.417550564E0,2.488535494E-1,9.973284721E0,1.186226334E1
2.818180584E1,5.666203976E0,-4.977070987E-1,1.102612686E1,1.240681480E1
2.818418136E1,-4.613361835E0,1.531406492E-1,7.905886173E0,9.154758089E0
2.818655693E1,8.901300430E-1,-1.426122308E0,1.201196957E1,1.212903826E1
2.818893245E1,2.713460922E0,-3.828516304E-1,8.566305161E0,8.993944054E0
2.819130802E1,-4.819144726E0,7.417750359E-1,1.127498055E1,1.228411871E1
2.819368360E1,5.436492920E0,-8.231309652E-1,8.781659126E0,1.036101042E1
2.819605912E1,-6.364908218E0,-1.722832322E-1,9.217152596E0,1.120257292E1
2.819843469E1,4.374079704E0,-7.992027402E-1,1.239960670E1,1.317275767E1
2.820081021E1,-8.279166222E-1,2.967100143E-1,7.690532207E0,7.740656846E0
2.820318579E1,-3.096312523E0,-2.488535494E-1,1.152383423E1,1.193515122E1
2.820556136E1,4.680361271E0,-7.704889178E-1,8.609375954E0,9.829587433E0
2.820793688E1,-5.962913990E0,-3.206382394E-1,1.011206818E1,1.174363977E1
2.821031245E1,5.862415314E0,-5.838487148E-1,1.157169056E1,1.298509973E1
2.821268797E1,-4.225724697E0,6.987041831E-1,7.776673794E0,8.878152513E0
2.821506355E1,-9.571290761E-2,-5.264210105E-1,1.170568848E1,1.171791034E1
2.821743912E1,2.589034081E0,-8.135597110E-1,8.183453560E0,8.621710331E0
2.821981464E1,-4.790431023E0,-5.982056856E-1,1.102134132E1,1.203229172E1
2.822219021E1,6.211767673E0,-3.876372576E-1,1.016949654E1,1.192287633E1
2.822456573E1,-6.671189308E0,6.173482537E-1,8.379665375E0,1.072868480E1
2.822694131E1,3.062813044E0,-6.652047038E-1,1.225603771E1,1.265044590E1
2.822931688E1,-3.397808075E-1,-2.871387079E-2,7.829315662E0,7.836737792E0
2.823169240E1,-3.096312523E0,-9.619147182E-1,1.139940739E1,1.185153661E1
2.823406797E1,5.426921844E0,-4.402793646E-1,9.068798065E0,1.057773251E1
2.823644349E1,-7.188039303E0,-5.742774159E-2,9.437292099E0,1.186312308E1
2.823881907E1,5.627918720E0,-3.637090325E-1,1.191147137E1,1.317910860E1
2.824119459E1,-3.852444410E0,7.082754970E-1,7.834101200E0,8.758774100E0
2.824357016E1,-4.785645306E-1,-7.848458290E-1,1.158126163E1,1.161768600E1
2.824594568E1,2.857030153E0,-1.660618901E0,7.968099594E0,8.626174562E0
2.824832126E1,-4.977071285E0,1.402194023E0,1.187318611E1,1.295028707E1
2.825069683E1,5.493920803E0,-1.320838094E0,8.882157326E0,1.052713151E1
2.825307235E1,-6.178267956E0,9.092725813E-2,9.083154678E0,1.098557971E1
2.825544792E1,3.024527788E0,-2.153540403E-1,1.241874981E1,1.278356337E1
2.825782344E1,4.785645287E-3,-1.914258115E-2,7.503891945E0,7.503917887E0
2.826019902E1,-3.445664644E0,-6.747759581E-1,1.151904774E1,1.204227504E1
2.826257459E1,5.508277893E0,-8.039883971E-1,8.791230202E0,1.040544334E1
2.826495011E1,-6.704689026E0,1.196411327E-1,9.580862045E0,1.169444682E1
2.826732568E1,5.192425251E0,-7.657032609E-1,1.183968639E1,1.295089786E1
2.826970120E1,-3.168097258E0,6.556333899E-1,8.164310455E0,8.781950842E0
2.827207678E1,-4.977070987E-1,-5.742774606E-1,1.154297638E1,1.156796484E1
2.827445235E1,2.943171740E0,-1.110269666E0,7.872386456E0,8.477583802E0
2.827682787E1,-5.364708424E0,-4.929214716E-1,1.126062298E1,1.248297632E1
2.827920344E1,6.613761902E0,-1.100698411E-1,1.059541893E1,1.249067109E1
2.828157896E1,-6.106483459E0,9.667003751E-1,8.063812256E0,1.016113763E1
2.828395454E1,2.067398787E0,-1.301695466E0,1.181097221E1,1.206099554E1
2.828633006E1,-1.435693540E-2,-6.556333899E-1,7.968099594E0,7.995040488E0
2.828870563E1,-2.426322222E0,-1.435693651E-1,1.234217930E1,1.257923056E1
2.829108120E1,5.489135265E0,-1.483550072E-1,8.427521706E0,1.005861508E1
2.829345672E1,-7.293323517E0,1.148554832E-1,9.298508644E0,1.181812264E1
2.829583230E1,4.847858906E0,-1.091127157E0,1.151904774E1,1.254514867E1
2.829820782E1,-2.885744095E0,-2.679961324E-1,8.542376518E0,9.020617356E0
2.830058339E1,4.594219327E-1,-1.674975902E-1,1.226082325E1,1.227057092E1
2.830295896E1,2.187039852E0,1.339980662E-1,7.255038261E0,7.578699029E0
2.830533448E1,-6.096911907E0,-6.891329288E-1,1.087298584E1,1.248475310E1
2.830771000E1,6.608976364E0,-8.518448472E-1,1.073420238E1,1.263437015E1
2.831008558E1,-5.556134224E0,2.584248483E-1,8.465806961E0,1.012952607E1
2.831246115E1,3.014956474E0,-4.115654826E-1,1.210768223E1,1.248420272E1
2.831483672E1,-1.617548108E0,-4.785645287E-3,7.537391186E0,7.709004519E0
2.831721224E1,-2.919243574E0,-1.119840980E0,1.178704453E1,1.219468923E1
2.831958782E1,6.072983742E0,-4.689932466E-1,9.518648148E0,1.130069683E1
2.832196334E1,-6.695117950E0,3.062812984E-1,9.408578873E0,1.155161326E1
2.832433886E1,4.570291042E0,-1.627119333E-1,1.110748291E1,1.201208608E1
2.832671443E1,-4.369294167E0,4.785645287E-3,7.992027760E0,9.108417103E0
2.832909000E1,7.752745152E-1,-1.048056364E0,1.236610699E1,1.243463207E1
2.833146553E1,2.799602509E0,-3.924229145E-1,7.996813297E0,8.481791843E0
2.833384110E1,-5.742774487E0,-6.221338734E-2,1.109791183E1,1.249587838E1
2.833621667E1,5.642275810E0,-5.264210105E-1,9.820143700E0,1.133788418E1
2.833859219E1,-5.843272686E0,3.254238665E-1,8.977870941E0,1.071689801E1
2.834096777E1,3.555734396E0,-7.178468108E-1,1.214118195E1,1.267149755E1
2.834334329E1,-1.244267821E0,-1.244267747E-1,7.532605648E0,7.635694617E0
2.834571886E1,-3.230310678E0,-7.513462901E-1,1.165783215E1,1.212041578E1
2.834809443E1,5.647061348E0,-5.216353536E-1,9.298508644E0,1.089144932E1
2.835046995E1,-6.350551128E0,2.488535494E-1,9.743574142E0,1.163308492E1
2.835284553E1,5.063212872E0,-1.914258152E-1,1.085384369E1,1.197825911E1
2.835522105E1,-4.900500774E0,2.057827413E-1,8.039883614E0,9.417907565E0
2.835759662E1,9.475577474E-1,-1.306481123E0,1.228475189E1,1.239031427E1
2.835997219E1,2.756531715E0,-3.302095234E-1,8.293522835E0,8.745857673E0
2.836234771E1,-5.106283665E0,-1.579262912E-1,1.113619614E1,1.225209933E1
2.836472329E1,5.623133183E0,-2.440679073E-1,9.379864693E0,1.093896968E1
2.836709881E1,-6.474977970E0,2.775674164E-1,8.896514893E0,1.100683245E1
2.836947438E1,4.000799656E0,-1.081555843E0,1.207896900E1,1.277018610E1
2.837184990E1,-1.158126116E0,-3.684946895E-1,7.977670670E0,8.069713362E0
2.837422547E1,-2.598605394E0,-4.115654826E-1,1.198325539E1,1.226868150E1
2.837660105E1,4.871787071E0,-5.216353536E-1,8.528019905E0,9.835320849E0
2.837897657E1,-6.297909260E0,8.614161611E-2,1.021735287E1,1.200272390E1
2.838135214E1,5.321637630E0,-8.566305041E-1,1.097827053E1,1.223012947E1
2.838372766E1,-4.532006264E0,-1.292124242E-1,8.317451477E0,9.472896901E0
2.838610323E1,9.714859724E-1,-8.183453679E-1,1.243789196E1,1.250258495E1
2.838847881E1,2.019542217E0,-3.589234054E-1,7.968099594E0,8.227878701E0
2.839085433E1,-4.838287354E0,-2.775674164E-1,1.108833981E1,1.210113002E1
2.839322990E1,5.565705299E0,-5.264210105E-1,9.499505997E0,1.102246836E1
2.839560542E1,-6.632904530E0,-5.742774159E-2,8.858229637E0,1.106647879E1
2.839798099E1,4.350151539E0,-9.954141974E-1,1.248096275E1,1.325477646E1
2.840035652E1,-1.765903115E0,-1.339980662E-1,7.767102242E0,7.966445037E0
2.840273209E1,-2.282752752E0,-3.254238665E-1,1.184447193E1,1.206682958E1
2.840510766E1,4.307080746E0,-5.407779217E-1,8.365307808E0,9.424529698E0
2.840748318E1,-6.307480335E0,-1.914258152E-1,1.026999474E1,1.205378546E1
2.840985876E1,5.704489231E0,-6.699903607E-1,1.110269737E1,1.250039893E1
2.841223428E1,-4.814359188E0,5.264209956E-2,8.102097511E0,9.424691489E0
2.841460985E1,9.475577474E-1,-8.135597110E-1,1.227996540E1,1.234330974E1
2.841698542E1,1.598405480E0,-6.508477330E-1,7.858029366E0,8.045317170E0
2.841936094E1,-4.364508629E0,-2.153540403E-1,1.160997581E1,1.240511392E1
2.842173652E1,6.005984783E0,-3.110669553E-1,9.571290970E0,1.130390316E1
2.842411204E1,-7.063612461E0,6.508477330E-1,8.513663292E0,1.108154711E1
2.842648756E1,3.742374659E0,-8.566305041E-1,1.192582798E1,1.252854967E1
2.842886313E1,-1.177268744E0,-3.254238665E-1,8.097311974E0,8.188914677E0
2.843123870E1,-1.986042738E0,-6.556333899E-1,1.177747345E1,1.196173490E1
2.843361417E1,4.637290478E0,-2.679961324E-1,8.322237015E0,9.530787682E0
2.843598980E1,-7.034898758E0,1.292124242E-1,1.000199890E1,1.222891976E1
2.843836537E1,5.833701611E0,-5.886343718E-1,1.130369377E1,1.273389405E1
2.844074089E1,-4.512863636E0,3.014956415E-1,8.049455643E0,9.233123738E0
2.844311646E1,1.014556766E0,-6.125625968E-1,1.186840057E1,1.192742598E1
2.844549204E1,1.359123230E0,-3.828516304E-1,7.733603001E0,7.861450674E0
2.844786756E1,-4.584648132E0,-3.684946895E-1,1.149033451E1,1.237669479E1
2.845024313E1,6.269195557E0,-3.684946895E-1,9.753145218E0,1.160010530E1
2.845261865E1,-6.652047157E0,6.556333899E-1,8.523234367E0,1.083167164E1
2.845499422E1,3.302095175E0,-7.657032609E-1,1.181097221E1,1.228776622E1
2.845736974E1,-1.517049551E0,-3.732803464E-1,8.092526436E0,8.241951327E0
2.845974532E1,-1.469193101E0,-3.110669553E-1,1.213639641E1,1.222895780E1
2.846212089E1,4.575077057E0,-1.627119333E-1,8.164310455E0,9.360222778E0
2.846449641E1,-7.087540627E0,4.450650215E-1,9.911071777E0,1.219264773E1
2.846687198E1,5.350351334E0,-9.523434043E-1,1.077248764E1,1.206564160E1
2.846924751E1,-3.933800459E0,0.000000000E0,8.705088615E0,9.552662134E0
2.847162308E1,1.526620865E0,-5.647061467E-1,1.229432297E1,1.240160641E1
2.847399865E1,1.172483087E0,-1.435693540E-2,7.326822758E0,7.420057576E0
2.847637417E1,-5.216353416E0,-2.249253243E-1,1.130369377E1,1.245128215E1
2.847874974E1,6.427121639E0,-6.125625968E-1,9.944570541E0,1.185654287E1
2.848112527E1,-6.211767673E0,9.571290761E-2,8.623732567E0,1.062845153E1
2.848350084E1,3.799802303E0,-7.130611539E-1,1.199761295E1,1.260514460E1
2.848587636E1,-2.325823545E0,-2.584248483E-1,7.762316704E0,8.107391638E0
2.848825193E1,-1.598405480E0,-6.173482537E-1,1.216989613E1,1.228993046E1
2.849062751E1,4.948357105E0,-4.067798555E-1,8.561519623E0,9.897036230E0
2.849300302E1,-6.776473522E0,-6.221338734E-2,9.753145218E0,1.187637594E1
2.849537860E1,5.168497086E0,-8.087740541E-1,1.105005455E1,1.222584080E1
2.849775412E1,-4.326223373E0,-1.435693651E-1,8.461020470E0,9.503982756E0
2.850012969E1,1.569691658E0,-6.412764788E-1,1.239003563E1,1.250552479E1
2.850250521E1,1.521835208E0,-7.178468257E-2,7.561319351E0,7.713279832E0
2.850488079E1,-5.527420521E0,-1.866401732E-1,1.108355427E1,1.238678277E1
2.850725636E1,6.106483459E0,-1.043270707E0,9.858428955E0,1.164328886E1
2.850963188E1,-5.891129494E0,1.148554832E-1,9.121439934E0,1.085906372E1
2.851200745E1,3.972085476E0,-6.077769399E-1,1.199761295E1,1.265265081E1
2.851438297E1,-2.234896421E0,1.914258115E-2,7.475177765E0,7.802141441E0
2.851675855E1,-2.493321180E0,-5.886343718E-1,1.183011532E1,1.210432854E1
2.851913412E1,5.335994720E0,-4.977070987E-1,9.073583603E0,1.053804875E1
2.852150964E1,-6.364908218E0,-1.339980662E-1,9.509077072E0,1.144345048E1
2.852388516E1,5.082355499E0,-4.163511395E-1,1.114576817E1,1.225690963E1
2.852626073E1,-4.790431023E0,2.392822690E-2,8.078168869E0,9.391784400E0
2.852863631E1,1.383051515E0,-6.843472719E-1,1.251924801E1,1.261398959E1
2.853101183E1,1.990828395E0,-1.914258152E-1,7.791030407E0,8.043643226E0
2.853338740E1,-5.556134224E0,-4.067798555E-1,1.089212894E1,1.223415589E1
2.853576297E1,5.900700569E0,-6.029912829E-1,1.004506969E1,1.166556003E1
2.853813849E1,-6.049055576E0,3.876372576E-1,8.877371788E0,1.074937514E1
2.854051407E1,3.684946775E0,-5.551348329E-1,1.199761295E1,1.256303005E1
2.854288959E1,-1.670190215E0,5.742774159E-2,7.594819069E0,7.776510142E0
2.854526516E1,-3.206382275E0,-9.236295223E-1,1.160997581E1,1.207996346E1
2.854764073E1,5.742774487E0,-6.125625968E-1,9.346364975E0,1.098677523E1
2.855001626E1,-6.513263226E0,2.871387303E-1,9.863214493E0,1.182319951E1
2.855239178E1,5.058426857E0,-2.392822653E-1,1.090170002E1,1.202048259E1
2.855476735E1,-4.957928658E0,3.062812984E-1,8.001599312E0,9.418091970E0
2.855714292E1,5.312066078E-1,-1.526620865E0,1.215075302E1,1.225779551E1
2.855951849E1,3.125026464E0,-2.584248483E-1,8.470592499E0,9.032359110E0
2.856189402E1,-5.446064472E0,-4.785645287E-3,1.093041420E1,1.221202668E1
2.856426959E1,5.479563713E0,-1.100698411E-1,9.533005714E0,1.099617805E1
2.856664511E1,-6.561119556E0,3.110669553E-1,8.580661774E0,1.080614681E1
2.856902068E1,3.641875982E0,-1.454836130E0,1.227996540E1,1.289097976E1
2.857139620E1,-3.062812984E-1,-3.780659735E-1,7.872386456E0,7.887408359E0
2.857377178E1,-3.383451223E0,-2.823530734E-1,1.197368431E1,1.244574551E1
2.857614730E1,5.211567879E0,-4.450650215E-1,8.772088051E0,1.021313132E1
2.857852287E1,-6.594619274E0,3.780659735E-1,9.767501831E0,1.179135400E1
2.858089844E1,5.168497086E0,-7.752745152E-1,1.131805134E1,1.246646296E1
2.858327396E1,-3.756731510E0,-3.445664644E-1,7.848458290E0,8.708045430E0
2.858564954E1,-3.732803464E-1,-9.762716293E-1,1.229432297E1,1.233867180E1
2.858802506E1,3.761517286E0,-4.737788737E-1,8.389236450E0,9.206126598E0
2.859040063E1,-5.733202934E0,-5.264209956E-2,1.078684425E1,1.221590750E1
2.859277620E1,5.666203976E0,-2.488535494E-1,1.019820976E1,1.166924496E1
2.859515172E1,-6.063412666E0,3.254238665E-1,8.250452042E0,1.024406329E1
2.859752730E1,2.756531715E0,-1.617548108E0,1.217946720E1,1.259183665E1
2.859990287E1,9.284151793E-1,-3.780659735E-1,8.212167740E0,8.273124417E0
2.860227839E1,-3.952943087E0,-3.493520916E-1,1.167697430E1,1.233286401E1
2.860465391E1,5.498706341E0,-3.062812984E-1,8.939585686E0,1.049979866E1
2.860702948E1,-6.900900364E0,3.206382394E-1,9.260223389E0,1.155322344E1
2.860940506E1,4.823930264E0,-1.086341500E0,1.189711380E1,1.288377886E1
2.861178058E1,-2.440679073E0,-3.493520916E-1,7.920242786E0,8.295131525E0
2.861415615E1,-1.426122308E0,-6.029912829E-1,1.220339584E1,1.230123138E1
2.861653167E1,4.015156269E0,-5.120640397E-1,8.288737297E0,9.224253651E0
2.861890724E1,-6.187839508E0,1.531406492E-1,1.039442158E1,1.209780186E1
2.862128282E1,5.589633465E0,-8.949156404E-1,1.078684425E1,1.218199020E1
2.862365834E1,-4.986642361E0,-3.349951655E-2,8.298309326E0,9.681408055E0
2.862603391E1,1.459621787E0,-7.800601721E-1,1.244267750E1,1.255225928E1
2.862840943E1,1.651047587E0,-2.488535494E-1,7.958528042E0,8.131792842E0
2.863078501E1,-4.852644444E0,-1.770688742E-1,1.108833981E1,1.210499034E1
2.863316058E1,5.570491314E0,-7.322037220E-1,9.499505997E0,1.103662584E1
2.863553610E1,-6.518048763E0,7.178468257E-2,8.977870941E0,1.109469600E1
2.863791167E1,4.359723091E0,-8.183453679E-1,1.250967693E1,1.327286297E1
2.864028719E1,-1.469193101E0,6.269195080E-1,7.700103283E0,7.864041391E0
2.864266276E1,-3.010170937E0,-5.551348329E-1,1.113619614E1,1.154920639E1
2.864503829E1,4.704289436E0,-8.853443861E-1,9.064012527E0,1.025039008E1
2.864741386E1,-6.168696880E0,-1.387837082E-1,9.896714211E0,1.166263411E1
2.864978943E1,5.613562107E0,-4.785645306E-1,1.123669529E1,1.256998109E1
2.865216495E1,-4.675575256E0,7.034898400E-1,8.149953842E0,9.422189213E0
2.865454052E1,4.785645287E-3,-3.445664644E-1,1.194975662E1,1.195472427E1
2.865691610E1,2.277967215E0,-6.029912829E-1,7.676175117E0,8.029719643E0
2.865929162E1,-4.828716278E0,-6.508477330E-1,1.105484104E1,1.208096081E1
2.866166719E1,6.345765591E0,-4.354937077E-1,1.036092186E1,1.215759423E1
2.866404271E1,-6.618547440E0,7.944171429E-1,8.221738815E0,1.058457642E1
2.866641829E1,2.981456995E0,-4.594219327E-1,1.209332561E1,1.246389501E1
2.866879381E1,-4.785645306E-1,-9.571290575E-3,7.977670670E0,7.992017576E0
2.867116938E1,-2.890529871E0,-9.619147182E-1,1.127976608E1,1.168390199E1
2.867354495E1,5.766702652E0,-4.498506486E-1,9.111868858E0,1.079274660E1
2.867592047E1,-7.054041386E0,4.115654826E-1,9.418149948E0,1.177414262E1
2.867829605E1,5.417350292E0,-5.168496966E-1,1.152383423E1,1.274415839E1
2.868067157E1,-3.550948858E0,2.775674164E-1,8.030312538E0,8.784770966E0
2.868304714E1,-2.392822690E-2,-6.412764788E-1,1.176790142E1,1.178538552E1
2.868542271E1,3.144168854E0,-5.312066078E-1,8.020741463E0,8.631353999E0
2.868779823E1,-5.340780258E0,-3.637090325E-1,1.093041420E1,1.217087395E1
2.869017376E1,6.388836384E0,-4.642075896E-1,1.043749237E1,1.224638583E1
2.869254933E1,-5.848058701E0,6.412764788E-1,8.207381248E0,1.009812522E1
2.869492490E1,2.426322222E0,-8.709874153E-1,1.189711380E1,1.217320728E1
2.869730042E1,4.785645306E-1,-5.838487148E-1,8.078168869E0,8.113366478E0
2.869967599E1,-3.067598581E0,-4.546363056E-1,1.190668583E1,1.230390274E1
2.870205152E1,5.924628735E0,-3.589234054E-1,8.906085968E0,1.070272951E1
2.870442709E1,-7.255038261E0,6.029912829E-1,9.068798065E0,1.162937131E1
2.870680266E1,4.584648132E0,-1.258624673E0,1.162433243E1,1.255899036E1
2.870917818E1,-2.014756680E0,-2.105683982E-1,8.532805443E0,8.769968771E0
2.871155376E1,-6.412764788E-1,-5.982056856E-1,1.205025482E1,1.208212427E1
2.871392928E1,3.646661758E0,-1.674975902E-1,7.795815945E0,8.608190499E0
2.871630485E1,-6.699903488E0,3.349951655E-2,1.034177971E1,1.232242819E1
2.871868042E1,6.063412666E0,-9.140582681E-1,1.088734341E1,1.249538803E1
2.872105594E1,-4.747360229E0,4.785645287E-3,8.355736732E0,9.610191902E0
2.872343152E1,1.847259045E0,-6.077769399E-1,1.219382381E1,1.234791877E1
2.872580704E1,3.397808075E-1,-1.962114573E-1,7.546962738E0,7.557155318E0
2.872818261E1,-4.417150497E0,-4.450650215E-1,1.143769264E1,1.226907146E1
2.873055818E1,6.187839508E0,-6.556333899E-1,9.896714211E0,1.169034495E1
2.873293370E1,-6.752545357E0,2.871387303E-1,8.561519623E0,1.090774659E1
2.873530928E1,3.775874138E0,-7.082754970E-1,1.180618668E1,1.241551141E1
2.873768480E1,-2.206182480E0,-2.105683982E-1,8.164310455E0,8.459760363E0
2.874006037E1,-1.588834286E0,-4.642075896E-1,1.181097221E1,1.192639710E1
2.874243589E1,4.369294167E0,-2.584248483E-1,8.384450912E0,9.458146331E0
2.874481146E1,-7.106683254E0,-8.135596663E-2,9.690931320E0,1.201772506E1
2.874718698E1,5.565705299E0,-7.513462901E-1,1.155733299E1,1.284965146E1
2.874956256E1,-4.302295208E0,2.679961324E-1,8.279166222E0,9.334139452E0
2.875193813E1,9.858429432E-1,-4.881358147E-1,1.191147137E1,1.196216172E1
2.875431365E1,1.138983607E0,-2.775674164E-1,7.513463020E0,7.604370709E0
2.875668922E1,-5.249852657E0,-7.992027402E-1,1.119841003E1,1.239371071E1
2.875906480E1,6.738188744E0,-5.599204898E-1,1.054277611E1,1.252464876E1
2.876144032E1,-6.360122681E0,5.168496966E-1,8.384450912E0,1.053647528E1
2.876381589E1,3.220739365E0,-2.967100143E-1,1.200239849E1,1.243055785E1
2.876619141E1,-1.890329838E0,-1.052841991E-1,7.628318787E0,7.859750579E0
2.876856698E1,-2.091326952E0,-1.052842021E0,1.173918819E1,1.197040785E1
2.877094250E1,5.843272686E0,-5.742774606E-1,9.159725189E0,1.087999062E1
2.877331808E1,-6.967899323E0,3.062812984E-1,9.451649666E0,1.174645098E1
2.877569365E1,4.910071850E0,-5.934200287E-1,1.124148083E1,1.228136165E1
2.877806917E1,-3.756731510E0,-1.244267747E-1,8.508877754E0,9.302124182E0
2.878044474E1,8.662018180E-1,-7.034898400E-1,1.207418346E1,1.212563853E1
2.878282021E1,2.790031195E0,-2.488535494E-1,7.800601959E0,8.288280466E0
2.878519584E1,-5.915057659E0,-5.024927258E-1,1.066720295E1,1.220776904E1
2.878757136E1,6.537191391E0,-7.369893789E-1,1.078205872E1,1.263055085E1
2.878994693E1,-5.608776093E0,3.972085714E-1,8.604590416E0,1.027886765E1
2.879232250E1,3.125026464E0,-5.264210105E-1,1.200718403E1,1.241834843E1
2.879469803E1,-1.076770186E0,-2.057827413E-1,7.580461979E0,7.659320099E0
2.879707360E1,-3.148954630E0,-1.253839016E0,1.167218876E1,1.215434153E1
2.879944912E1,6.446264267E0,-5.359922647E-1,9.829715729E0,1.176711188E1
2.880182469E1,-6.723831654E0,3.206382394E-1,9.064012527E0,1.129021896E1
2.880420027E1,4.512863636E0,-2.727817893E-1,1.136112213E1,1.222765080E1
2.880657579E1,-3.842873096E0,-6.221338734E-2,8.059026718E0,8.928575238E0
2.880895136E1,2.440679073E-1,-1.086341500E0,1.212682533E1,1.217783230E1
2.881132688E1,3.637090445E0,-5.264210105E-1,8.183453560E0,8.970755718E0
2.881370245E1,-6.269195557E0,-1.148554832E-1,1.077727318E1,1.246858540E1
2.881607797E1,5.575276852E0,-6.029912829E-1,1.026520920E1,1.169708640E1
2.881845349E1,-5.450850010E0,3.349951804E-1,8.867800713E0,1.041450321E1
2.882082912E1,2.742174864E0,-8.518448472E-1,1.205504036E1,1.239230248E1
2.882320464E1,-6.221338734E-2,-2.249253243E-1,7.456035137E0,7.459686446E0
2.882558021E1,-4.402793884E0,-7.513462901E-1,1.154297638E1,1.237697131E1
2.882795573E1,6.321837425E0,-5.982056856E-1,9.925428391E0,1.178293712E1
2.883033131E1,-6.570691109E0,4.546363056E-1,9.054440498E0,1.119658736E1
2.883270688E1,4.273581028E0,-2.440679073E-1,1.149990559E1,1.227073317E1
2.883508240E1,-3.594019651E0,1.052841991E-1,7.752745152E0,8.545941692E0
2.883745797E1,-8.662018180E-1,-1.306481123E0,1.206939697E1,1.217076587E1
2.883983349E1,4.627718925E0,-3.349951804E-1,8.695517540E0,9.855964159E0
2.884220907E1,-6.312266350E0,1.100698411E-1,1.037049294E1,1.214100266E1
2.884458459E1,5.292923450E0,-2.775674164E-1,1.030827999E1,1.159106202E1
2.884696016E1,-5.556134224E0,1.483550072E-1,8.523234367E0,1.017537030E1
2.884933573E1,2.646461725E0,-1.024128079E0,1.229432297E1,1.261756614E1
2.885171126E1,9.427721500E-1,-2.775674164E-1,7.637889862E0,7.700858689E0
2.885408683E1,-4.680361271E0,-2.153540403E-1,1.153340530E1,1.244875885E1
2.885646235E1,5.800201893E0,-6.460621357E-1,9.351150513E0,1.102287413E1
2.885883792E1,-6.082555294E0,3.254238665E-1,9.260223389E0,1.108400274E1
2.886121349E1,4.479363918E0,-7.178468108E-1,1.177747345E1,1.262097009E1
2.886358902E1,-2.555534601E0,-8.135596663E-2,7.700103283E0,8.113505189E0
2.886596459E1,-1.866401672E0,-8.805587292E-1,1.190668583E1,1.208420483E1
2.886834011E1,5.063212872E0,-5.072783828E-1,8.958727837E0,1.030302191E1
2.887071568E1,-6.120840549E0,3.349951655E-2,1.024606609E1,1.193514481E1
2.887309120E1,5.292923450E0,-2.679961324E-1,1.038006496E1,1.165472476E1
2.887546678E1,-5.436492920E0,8.135596663E-2,8.216953278E0,9.852938406E0
2.887784235E1,1.895115495E0,-1.392622828E0,1.253839111E1,1.275704169E1
2.888021787E1,1.976471543E0,-3.062812984E-1,8.030312538E0,8.275636982E0
2.888259344E1,-4.752145767E0,-1.818545163E-1,1.131326580E1,1.227216132E1
2.888496896E1,5.460421085E0,-3.254238665E-1,9.221938133E0,1.072223121E1
2.888734454E1,-6.637690067E0,2.344966233E-1,8.958727837E0,1.115225190E1
2.888972011E1,4.278367043E0,-1.215553880E0,1.192104244E1,1.272372778E1
2.889209563E1,-1.713261008E0,-3.924229145E-1,7.977670670E0,8.168995553E0
2.889447120E1,-2.316252232E0,-4.067798555E-1,1.221296692E1,1.243732508E1
2.889684672E1,4.450650215E0,-6.029912829E-1,8.279166222E0,9.418942571E0
2.889922224E1,-6.340980053E0,5.264209956E-2,1.043270683E1,1.220869244E1
2.890159782E1,5.249852657E0,-8.470591903E-1,1.064806080E1,1.190208641E1
2.890397339E1,-5.010570526E0,-2.392822690E-2,8.360522270E0,9.747036585E0
2.890634896E1,1.268195987E0,-8.374879360E-1,1.244267750E1,1.253514780E1
2.890872448E1,1.507478237E0,-3.062812984E-1,7.905886173E0,8.054150176E0
2.891110006E1,-4.843072891E0,-2.440679073E-1,1.115055370E1,1.215934916E1
2.891347563E1,5.249852657E0,-6.843472719E-1,9.265008926E0,1.067097346E1
2.891585115E1,-6.661618233E0,-2.392822690E-2,9.236295700E0,1.138801512E1
2.891822672E1,4.555934429E0,-8.279166222E-1,1.235175037E1,1.319119865E1
2.892060224E1,-2.191825628E0,-9.571290575E-3,7.724031448E0,8.029000748E0
2.892297782E1,-2.163111687E0,-1.866401732E-1,1.167218876E1,1.187239981E1
2.892535334E1,3.943371773E0,-3.206382394E-1,8.236095428E0,9.137081467E0
2.892772891E1,-6.183053493E0,-4.067798555E-1,1.015513897E1,1.189632161E1
2.893010443E1,5.819344521E0,-7.130611539E-1,1.099741268E1,1.246259654E1
2.893248001E1,-4.938786030E0,2.249253243E-1,8.307880402E0,9.667630300E0
2.893485558E1,1.229910851E0,-5.312066078E-1,1.206939697E1,1.214352521E1
2.893723110E1,1.162911773E0,-3.206382394E-1,7.867600918E0,7.959542504E0
2.893960667E1,-4.125226021E0,-2.584248483E-1,1.144247818E1,1.216612428E1
2.894198219E1,5.824130535E0,-4.498506486E-1,9.212367058E0,1.090827983E1
2.894435777E1,-6.752545357E0,3.254238665E-1,8.858229637E0,1.114320429E1
2.894673334E1,4.402793884E0,-7.513462901E-1,1.204546928E1,1.284688466E1
2.894910886E1,-1.765903115E0,6.699903309E-2,8.106883049E0,8.297255899E0
2.895148443E1,-1.440479279E0,-3.589234054E-1,1.167697430E1,1.177096153E1
2.895385995E1,4.019941807E0,-2.488535494E-1,7.982456207E0,8.940999235E0
2.895623552E1,-6.283552170E0,-3.302095234E-1,1.027478027E1,1.204836818E1
2.895861110E1,6.518048763E0,-5.599204898E-1,1.117926693E1,1.295277884E1
2.896098662E1,-4.857429981E0,4.642075896E-1,8.102097511E0,9.458017699E0
2.896336219E1,1.751546144E0,-2.057827413E-1,1.205025482E1,1.217862479E1
2.896573771E1,5.455635786E-1,-5.264209956E-2,7.518248558E0,7.538200859E0
2.896811329E1,-3.790230989E0,-5.455635786E-1,1.160519028E1,1.222063550E1
2.897048881E1,6.336194515E0,-7.896314859E-1,9.341579437E0,1.131529872E1
2.897286438E1,-6.388836384E0,2.344966233E-1,9.140582085E0,1.115448160E1
2.897523995E1,4.211368084E0,-4.546363056E-1,1.185404301E1,1.258811546E1
2.897761547E1,-2.373680115E0,-9.092725813E-2,8.092526436E0,8.433955725E0
2.897999105E1,-8.949156404E-1,-3.589234054E-1,1.173918819E1,1.177871977E1
2.898236657E1,4.139583111E0,-1.148554832E-1,8.240880966E0,9.222876949E0
2.898474214E1,-6.661618233E0,-2.536391914E-1,9.978070259E0,1.200014068E1
2.898711771E1,5.910272121E0,-8.853443861E-1,1.093041420E1,1.245749196E1
2.898949323E1,-4.680361271E0,1.962114573E-1,8.796015739E0,9.965649675E0
2.899186881E1,1.976471543E0,-5.024927258E-1,1.216989613E1,1.233958307E1
2.899424433E1,3.780659735E-1,-5.742774159E-2,7.355536938E0,7.365470485E0
2.899661990E1,-4.642076015E0,-6.173482537E-1,1.140897846E1,1.233267117E1
2.899899542E1,6.427121639E0,-5.886343718E-1,9.934999466E0,1.184730338E1
2.900137099E1,-6.465406895E0,2.105683982E-1,8.733802795E0,1.086853885E1
2.900374652E1,3.876372576E0,-5.647061467E-1,1.163390350E1,1.227570235E1
2.900612209E1,-2.837887764E0,-2.919243574E-1,8.106883049E0,8.594206162E0
2.900849766E1,-9.667003751E-1,-6.652047038E-1,1.220818138E1,1.226444860E1
2.901087318E1,4.316651821E0,-3.397808075E-1,8.173882484E0,9.249934530E0
2.901324876E1,-6.704689026E0,-8.135596663E-2,1.018863869E1,1.219704194E1
2.901562433E1,5.273781300E0,-6.412764788E-1,1.060499001E1,1.186127387E1
2.901799985E1,-4.780859470E0,2.871387079E-2,8.709874153E0,9.935761145E0
2.902037542E1,2.234896421E0,-6.173482537E-1,1.223689461E1,1.245461643E1
2.902275094E1,4.211367965E-1,-2.871387079E-2,7.422535896E0,7.434528890E0
2.902512652E1,-4.780859470E0,-3.014956415E-1,1.132283688E1,1.229447648E1
2.902750204E1,6.010770321E0,-8.422735929E-1,9.623932838E0,1.137799929E1
2.902987761E1,-6.221338749E0,8.135596663E-2,9.274580956E0,1.116823740E1
2.903225318E1,4.474578381E0,-4.881358147E-1,1.167218876E1,1.251000075E1
2.903462870E1,-3.345165968E0,7.178468257E-2,7.881958008E0,8.562741993E0
2.903700428E1,-1.196411371E0,-7.417750359E-1,1.194018459E1,1.202287979E1
2.903937980E1,4.297509670E0,-4.019941986E-1,8.671588898E0,9.686415370E0
2.904175537E1,-5.986842155E0,-4.115654826E-1,1.028435135E1,1.190712173E1
2.904413094E1,5.508277893E0,-4.211367965E-1,1.051884842E1,1.188127323E1
2.904650646E1,-5.670989513E0,1.339980662E-1,8.413164139E0,1.014689156E1
2.904888204E1,2.785245657E0,-6.508477330E-1,1.235175037E1,1.267860140E1
2.905125756E1,2.775674164E-1,-1.674975902E-1,7.791030407E0,7.797772369E0
2.905363313E1,-4.220939159E0,-6.939185858E-1,1.139940739E1,1.217556320E1
2.905600865E1,5.699703693E0,-5.264210105E-1,9.231510162E0,1.086206800E1
2.905838422E1,-6.206982136E0,2.009970993E-1,9.724431038E0,1.153826616E1
2.906075980E1,4.780859470E0,-4.689932466E-1,1.144726372E1,1.241436340E1
2.906313532E1,-3.503092289E0,1.100698411E-1,7.877171993E0,8.621694124E0
2.906551089E1,-8.183453679E-1,-1.196411371E0,1.194975662E1,1.203734907E1
2.906788641E1,3.929014683E0,-5.599204898E-1,8.537590981E0,9.414941693E0
2.907026198E1,-5.096712112E0,-4.785645381E-2,1.125583744E1,1.235607709E1
2.907263751E1,5.513063431E0,-1.148554832E-1,9.389435768E0,1.088891933E1
2.907501308E1,-6.455835342E0,3.541377485E-1,8.551948547E0,1.072096299E1
2.907738865E1,3.206382275E0,-1.545763373E0,1.233739376E1,1.284062134E1
2.907976417E1,1.244267747E-1,-3.397808075E-1,8.365307808E0,8.373130104E0
2.908213974E1,-2.622533560E0,-1.196411327E-1,1.190668583E1,1.219266844E1
2.908451526E1,4.512863636E0,-4.785645381E-2,7.881958008E0,9.082592718E0
2.908689084E1,-6.652047157E0,-2.919243574E-1,1.013121128E1,1.212338209E1
2.908926641E1,5.685346603E0,-9.092726111E-1,1.134676456E1,1.272395413E1
2.909164193E1,-3.823730469E0,-7.657032460E-2,8.269595146E0,9.111146009E0
2.909401750E1,6.699903607E-1,-4.929214716E-1,1.227039433E1,1.229855421E1
2.909639302E1,1.454836130E0,-3.589234054E-1,7.575676441E0,7.722450888E0
2.909876860E1,-4.249652863E0,-3.445664644E-1,1.151426220E1,1.227829424E1
2.910114412E1,5.881557941E0,-6.508477330E-1,9.461220741E0,1.115934696E1
2.910351969E1,-6.441478729E0,1.004985496E-1,8.906085968E0,1.099186588E1
2.910589526E1,3.981656790E0,-6.029912829E-1,1.209332561E1,1.274620389E1
2.910827073E1,-2.038684845E0,-2.249253243E-1,8.106883049E0,8.362319060E0
2.911064636E1,-1.239482164E0,-4.402793646E-1,1.183011532E1,1.190301602E1
2.911302188E1,3.627519131E0,-2.057827413E-1,7.992027760E0,8.779165637E0
2.911539745E1,-6.460621357E0,-5.790630579E-1,1.041835022E1,1.227261030E1
2.911777302E1,6.163911343E0,-6.699903607E-1,1.091127110E1,1.254984171E1
2.912014855E1,-5.441278458E0,2.967100143E-1,8.394021988E0,1.000775465E1
2.912252412E1,2.139183521E0,-4.115654826E-1,1.208375454E1,1.227854291E1
2.912489964E1,-6.604190469E-1,-1.914258152E-1,7.580461979E0,7.611583342E0
2.912727521E1,-3.622733593E0,-1.186840057E0,1.161954689E1,1.222892710E1
2.912965079E1,6.001199245E0,-4.163511395E-1,9.528220177E0,1.126830601E1
2.913202626E1,-6.809973240E0,2.488535494E-1,9.332008362E0,1.155526043E1
2.913440188E1,4.211368084E0,-2.057827413E-1,1.110748291E1,1.188083096E1
2.913677740E1,-4.086941242E0,-6.221338734E-2,8.092526436E0,9.066197844E0
2.913915297E1,2.536391914E-1,-1.071984529E0,1.227996540E1,1.232927548E1
2.914152844E1,2.727817774E0,-4.785645306E-1,8.001599312E0,8.467325750E0
2.914390407E1,-5.881557941E0,-2.153540403E-1,1.135633659E1,1.279083586E1
2.914627964E1,5.608776093E0,-5.886343718E-1,9.571290970E0,1.110920657E1
2.914865516E1,-6.068198204E0,3.254238665E-1,9.087940216E0,1.093250143E1
2.915103068E1,3.268595695E0,-8.470591903E-1,1.190190029E1,1.237159883E1
2.915340626E1,-1.416550994E0,-2.823530734E-1,7.877171993E0,8.008506639E0
2.915578183E1,-2.909672260E0,-6.795616150E-1,1.188275719E1,1.225266971E1
2.915815735E1,5.192425251E0,-5.647061467E-1,8.647661209E0,1.010258469E1
2.916053292E1,-6.297909260E0,-4.785645287E-3,1.026042366E1,1.203910203E1
2.916290849E1,4.867001057E0,-4.115654826E-1,1.061934662E1,1.168878129E1
2.916528402E1,-4.943571568E0,0.000000000E0,8.355736732E0,9.708616595E0
2.916765954E1,1.698904037E0,-9.379864931E-1,1.250489140E1,1.265458029E1
2.917003511E1,1.588834286E0,-2.440679073E-1,7.810173035E0,7.973880258E0
2.917241068E1,-4.517649174E0,-3.828516304E-1,1.134676456E1,1.221903415E1
2.917478626E1,5.388636589E0,-6.412764788E-1,9.068798065E0,1.056843121E1
2.917716178E1,-6.183053493E0,-2.297109663E-1,9.609575272E0,1.142921058E1
2.917953735E1,4.962714195E0,-5.551348329E-1,1.199282742E1,1.299094363E1
2.918191287E1,-2.708675146E0,2.871387079E-2,7.905886173E0,8.357079736E0
2.918428844E1,-1.263410330E0,-3.445664644E-1,1.198804188E1,1.205935652E1
2.918666396E1,3.766302824E0,-5.312066078E-1,7.996813297E0,8.855294480E0
2.918903954E1,-5.178068161E0,-8.518448472E-1,1.095434189E1,1.214642481E1
2.919141511E1,6.226124287E0,-4.259224236E-1,1.040877819E1,1.213625548E1
2.919379063E1,-5.962913990E0,4.067798555E-1,8.312665939E0,1.023827271E1
2.919616620E1,2.636890650E0,-7.465606928E-1,1.216032505E1,1.246531389E1
2.919854172E1,1.531406492E-1,-3.302095234E-1,8.283951759E0,8.291944714E0
2.920091730E1,-2.651247501E0,-6.508477330E-1,1.158126163E1,1.189866955E1
2.920329282E1,5.259424210E0,-3.541377485E-1,8.398807526E0,9.915993365E0
2.920566839E1,-6.671189308E0,-1.435693651E-1,9.949356079E0,1.197977735E1
2.920804396E1,5.675775528E0,-4.546363056E-1,1.141854954E1,1.275948257E1
2.921041948E1,-3.986442566E0,2.775674164E-1,8.145168304E0,9.072625569E0
2.921279506E1,6.556333899E-1,-4.689932466E-1,1.207896900E1,1.210583752E1
2.921517063E1,1.569691658E0,-3.972085714E-1,7.508677483E0,7.681272296E0
2.921754615E1,-4.498506546E0,-8.757730722E-1,1.149990559E1,1.237947366E1
2.921992172E1,6.403193474E0,-2.632105052E-1,9.872786522E0,1.177038997E1
2.922229724E1,-6.613761902E0,5.455635786E-1,8.724231720E0,1.096137333E1
2.922467282E1,3.512663603E0,-1.292124242E-1,1.158604717E1,1.210751793E1
2.922704834E1,-2.411965132E0,-1.866401732E-1,7.920242786E0,8.281464614E0
2.922942391E1,-1.019342422E0,-9.810572863E-1,1.190190029E1,1.198568992E1
2.923179943E1,3.967299938E0,-2.871387303E-1,8.082955360E0,9.008667205E0
2.923417500E1,-6.369693756E0,1.100698411E-1,1.086820030E1,1.259773359E1
2.923655058E1,5.532206059E0,-3.158525825E-1,9.887143135E0,1.133404897E1
2.923892610E1,-5.474778175E0,5.407779217E-1,8.839086533E0,1.041129615E1
2.924130167E1,2.258824587E0,-8.470591903E-1,1.164347458E1,1.189076524E1
2.924367719E1,-2.249253243E-1,-2.632105052E-1,7.834101200E0,7.841748069E0
2.924605276E1,-3.661018610E0,-3.493520916E-1,1.189232826E1,1.244799484E1
2.924842834E1,5.790630817E0,-2.488535494E-1,8.609375954E0,1.037856867E1
2.925080386E1,-6.632904530E0,3.684946895E-1,9.695717812E0,1.175321891E1
2.925317943E1,4.326223373E0,-5.168496966E-1,1.056670475E1,1.142972404E1
2.925555495E1,-3.948157310E0,-1.100698411E-1,8.504091263E0,9.376546791E0
2.925793053E1,9.762716293E-1,-5.647061467E-1,1.247139168E1,1.252228452E1
2.926030605E1,2.301895380E0,2.823530734E-1,7.604390144E0,7.950169499E0
2.926268162E1,-5.249852657E0,-2.775674164E-1,1.069113159E1,1.191378577E1
2.926505719E1,5.527420521E0,-9.571290612E-1,9.332008362E0,1.088828975E1
2.926743271E1,-5.670989513E0,-4.307080805E-2,9.418149948E0,1.099379487E1
2.926980829E1,4.613361835E0,4.307080805E-2,1.219382381E1,1.303741929E1
2.927218381E1,-2.555534601E0,2.823530734E-1,7.221538544E0,7.665578862E0
2.927455938E1,-2.163111687E0,-1.272981644E0,1.170090294E1,1.196706581E1
2.927693495E1,4.838287354E0,-7.130611539E-1,8.494520187E0,9.801752595E0
2.927931047E1,-4.905286312E0,3.972085714E-1,1.135633659E1,1.237683276E1
2.928168605E1,5.292923450E0,-3.445664644E-1,9.346364975E0,1.074654842E1
2.928406157E1,-5.977271080E0,2.871387079E-2,8.360522270E0,1.027749613E1
2.928643714E1,2.914458036E0,-9.379864931E-1,1.248096275E1,1.285100446E1
2.928881271E1,5.264210105E-1,-3.828516304E-1,8.102097511E0,8.128202663E0
2.929118823E1,-2.890529871E0,-4.163511395E-1,1.165304661E1,1.201340944E1
2.929356381E1,4.771288395E0,-9.092725813E-2,8.169096947E0,9.460845926E0
2.929593933E1,-6.345765591E0,-1.292124242E-1,1.015035343E1,1.197142897E1
2.929831490E1,5.527420521E0,-8.422735929E-1,1.098784161E1,1.232860355E1
2.930069042E1,-3.890729666E0,-2.871387079E-2,8.408378601E0,9.264957232E0
2.930306599E1,1.028913736E0,-4.354937077E-1,1.217946720E1,1.223060667E1
2.930544157E1,1.182054400E0,-3.110669553E-1,7.470392227E0,7.569727557E0
2.930781709E1,-3.818944931E0,-5.742774606E-1,1.155733299E1,1.218548649E1
2.931019266E1,5.828916073E0,-4.067798555E-1,9.308079720E0,1.099009010E1
2.931256818E1,-6.221338749E0,-4.785645381E-2,9.140582085E0,1.105701528E1
2.931494376E1,4.259224415E0,-3.254238665E-1,1.163868904E1,1.239782142E1
2.931731928E1,-2.933600664E0,-1.627119333E-1,8.111668587E0,8.627378240E0
2.931969485E1,5.742774159E-2,-4.498506486E-1,1.228953743E1,1.229790201E1
2.932207042E1,2.818745136E0,-1.052841991E-1,7.714460373E0,8.213970279E0
2.932444594E1,-5.618347645E0,-7.178468108E-1,1.085862923E1,1.224707977E1
2.932682152E1,6.178267956E0,-5.168496966E-1,1.004028416E1,1.180023027E1
2.932919704E1,-5.752345562E0,4.689932466E-1,9.073583603E0,1.075357399E1
2.933157261E1,3.393022537E0,-2.584248483E-1,1.183011532E1,1.230979341E1
2.933394818E1,-1.866401672E0,4.785645287E-3,7.661818027E0,7.885869235E0
2.933632370E1,-2.263610125E0,-9.714859724E-1,1.176311588E1,1.201826157E1
2.933869928E1,5.154139996E0,-4.642075896E-1,8.743373871E0,1.016008043E1
2.934107480E1,-5.948556900E0,-2.392822690E-2,1.063848972E1,1.218865724E1
2.934345037E1,5.101497650E0,-9.571290761E-2,1.006421185E1,1.128374048E1
2.934582594E1,-5.580062389E0,2.201396823E-1,8.403593063E0,1.008989267E1
2.934820146E1,2.301895380E0,-7.944171429E-1,1.260538960E1,1.283844491E1
2.935057704E1,6.604190469E-1,-2.440679073E-1,7.886743546E0,7.918108752E0
2.935295256E1,-3.847658873E0,-4.163511395E-1,1.149033451E1,1.212458718E1
2.935532813E1,5.115854740E0,-4.067798555E-1,8.590232849E0,1.000647490E1
2.935770365E1,-6.326622963E0,-1.004985496E-1,1.003071213E1,1.185965614E1
2.936007922E1,4.948357105E0,-4.067798555E-1,1.154297638E1,1.256550881E1
2.936245480E1,-3.895515203E0,2.392822653E-1,7.925028801E0,8.833933224E0
2.936483032E1,-3.541377485E-1,-7.465606928E-1,1.200718403E1,1.203558203E1
2.936720584E1,2.541177750E0,-7.082754970E-1,8.193024635E0,8.607258054E0
2.936958141E1,-4.527220249E0,-3.876372576E-1,1.177268696E1,1.261911820E1
2.937195698E1,5.666203976E0,-3.062812984E-1,9.121439934E0,1.074245513E1
2.937433256E1,-6.958328247E0,2.392822653E-1,8.958727837E0,1.134611795E1
2.937670808E1,3.598805189E0,-9.379864931E-1,1.192582798E1,1.249226122E1
2.937908365E1,-1.607976794E0,-3.493520916E-1,8.642875671E0,8.798121170E0
2.938145917E1,-1.320838094E0,-6.173482537E-1,1.214596748E1,1.223316223E1
2.938383474E1,3.440878868E0,-2.679961324E-1,7.561319351E0,8.311739869E0
2.938621027E1,-6.192625046E0,-3.062812984E-1,1.093998528E1,1.257480382E1
2.938858584E1,6.106483459E0,-5.312066078E-1,1.032263660E1,1.200533828E1
2.939096141E1,-5.527420521E0,1.435693540E-2,8.432307243E0,1.008247932E1
2.939333693E1,2.143969059E0,-8.135597110E-1,1.218425274E1,1.239816509E1
2.939571251E1,-6.029912829E-1,-6.317051649E-1,8.078168869E0,8.125236131E0
2.939808803E1,-2.550748825E0,-6.795616150E-1,1.219861031E1,1.248095417E1
2.940046360E1,5.173282623E0,-3.445664644E-1,8.604590416E0,1.004592233E1
2.940283912E1,-6.589833736E0,9.571290761E-2,9.882357597E0,1.187838631E1
2.940521469E1,4.733003139E0,-3.397808075E-1,1.076770210E1,1.176691031E1
2.940759027E1,-4.153940201E0,-3.206382394E-1,8.336593628E0,9.319700714E0
2.940996579E1,1.162911773E0,-1.024128079E0,1.227996540E1,1.237734836E1
2.941234131E1,1.497906923E0,-3.924229145E-1,8.025527000E0,8.173542961E0
2.941471688E1,-4.871787071E0,-3.828516304E-1,1.169611740E1,1.267596335E1
2.941709245E1,6.025127411E0,-5.359922647E-1,9.131011009E0,1.095284484E1
2.941946802E1,-6.364908218E0,2.871387303E-1,9.489934921E0,1.143037051E1
2.942184355E1,4.039084435E0,-6.029912829E-1,1.134197903E1,1.205480360E1
2.942421912E1,-2.904886723E0,-2.009970993E-1,8.121239662E0,8.627473579E0
2.942659464E1,-9.475577474E-1,-8.183453679E-1,1.214118195E1,1.220556651E1
2.942897021E1,3.948157310E0,-2.488535494E-1,8.216953278E0,9.119659829E0
2.943134573E1,-5.642275810E0,-2.105683982E-1,1.079162979E1,1.217944535E1
2.943372131E1,5.149354458E0,-4.642075896E-1,9.643074989E0,1.094167424E1
2.943609688E1,-5.647061348E0,-1.004985496E-1,8.915657043E0,1.055406757E1
2.943847240E1,3.426522017E0,-5.120640397E-1,1.259581852E1,1.306361003E1
2.944084797E1,-6.269195080E-1,4.307080805E-1,7.628318787E0,7.666145383E0
2.944322349E1,-3.259024382E0,-7.513462901E-1,1.105484104E1,1.154968708E1
2.944559907E1,4.819144726E0,-7.752745152E-1,8.528019905E0,9.826104516E0
2.944797459E1,-5.551348686E0,-2.775674164E-1,1.078205872E1,1.213042893E1
2.945035016E1,5.517848969E0,-2.775674164E-1,1.067198944E1,1.201728170E1
2.945272573E1,-5.072783947E0,5.024927258E-1,8.202595711E0,9.657546909E0
2.945510126E1,9.714859724E-1,-3.924229145E-1,1.231825066E1,1.236272947E1
2.945747683E1,1.607976794E0,-5.838487148E-1,7.700103283E0,7.887842497E0
2.945985235E1,-3.661018610E0,-1.052842021E0,1.140419292E1,1.202360802E1
2.946222792E1,5.623133183E0,-3.062812984E-1,9.049654961E0,1.065878464E1
2.946460349E1,-6.924828529E0,3.684946895E-1,9.437292099E0,1.171117076E1
2.946697902E1,4.646861553E0,-4.546363056E-1,1.149033451E1,1.240273372E1
2.946935459E1,-2.723032236E0,1.004985496E-1,8.427521706E0,8.857094705E0
2.947173011E1,-4.019941986E-1,-7.944171429E-1,1.175833035E1,1.179199010E1
2.947410568E1,2.890529871E0,-4.498506486E-1,7.858029366E0,8.384876508E0
2.947648126E1,-5.465207100E0,-6.795616150E-1,1.129412270E1,1.256532929E1
2.947885678E1,6.331408501E0,-3.014956415E-1,9.949356079E0,1.179691992E1
2.948123235E1,-6.034698486E0,4.019941986E-1,8.724231720E0,1.061562077E1
2.948360787E1,2.809173822E0,-3.062812984E-1,1.191147137E1,1.224207564E1
2.948598344E1,-1.497906923E0,-3.972085714E-1,7.843672752E0,7.995292493E0
2.948835896E1,-1.880758643E0,-1.019342422E0,1.192104244E1,1.211146420E1
2.949073454E1,4.689932346E0,-3.206382394E-1,8.394021988E0,9.620700568E0
2.949311011E1,-6.498906136E0,8.135596663E-2,1.051406288E1,1.236074100E1
2.949548563E1,4.910071850E0,-2.536391914E-1,1.020778179E1,1.133013449E1
2.949786120E1,-4.838287354E0,4.307080805E-2,8.585447311E0,9.854987831E0
2.950023672E1,1.832902193E0,-6.891329288E-1,1.241396427E1,1.256745573E1
2.950261230E1,4.785645306E-1,-2.057827413E-1,7.590033531E0,7.607889297E0
2.950498787E1,-4.374079704E0,-5.886343718E-1,1.136590767E1,1.219274050E1
2.950736339E1,5.776273727E0,-6.269195080E-1,9.097511292E0,1.079458558E1
2.950973896E1,-6.331408501E0,2.392822653E-1,9.844072342E0,1.170682493E1
2.951211448E1,4.340580463E0,-2.201396823E-1,1.107876873E1,1.190076539E1
2.951449006E1,-4.043870449E0,1.435693540E-2,7.948956966E0,8.918464620E0
2.951686563E1,-2.871387079E-2,-8.901300430E-1,1.225603771E1,1.228835287E1
2.951924115E1,2.943171740E0,-2.632105052E-1,8.269595146E0,8.781670885E0
2.952161672E1,-4.957928658E0,-2.727817893E-1,1.113619614E1,1.219304436E1
2.952399224E1,5.321637630E0,-2.249253243E-1,9.078369141E0,1.052555009E1
2.952636782E1,-6.460621357E0,-3.349951655E-2,8.944371223E0,1.103369961E1
2.952874334E1,4.220939159E0,-4.881358147E-1,1.241874981E1,1.312554573E1
2.953111891E1,-1.914258122E0,4.307080805E-2,7.724031448E0,7.957820120E0
2.953349448E1,-2.029113531E0,-2.488535494E-1,1.177268696E1,1.194886555E1
2.953587001E1,3.909872293E0,-4.977070987E-1,7.992027760E0,8.911078578E0
2.953824558E1,-5.292923450E0,-6.508477330E-1,1.098784161E1,1.221357051E1
2.954062110E1,5.833701611E0,-2.344966233E-1,1.028913784E1,1.183019107E1
2.954299667E1,-5.838487148E0,6.364908218E-1,8.231309891E0,1.011175135E1
2.954537224E1,2.067398787E0,-4.019941986E-1,1.214118195E1,1.232250121E1
2.954774776E1,3.014956415E-1,-5.072783828E-1,8.001599312E0,8.023329890E0
2.955012334E1,-2.498106956E0,-7.992027402E-1,1.163868904E1,1.193056352E1
2.955249886E1,5.000999451E0,-2.297109663E-1,8.427521706E0,9.802340778E0
2.955487443E1,-6.623332977E0,1.435693651E-1,1.016949654E1,1.213704296E1
2.955724995E1,5.469992638E0,-4.737788737E-1,1.089691448E1,1.220196833E1
2.955962552E1,-3.890729666E0,2.632105052E-1,8.456234932E0,9.312087109E0
2.956200110E1,9.523434043E-1,-7.274180651E-1,1.195932770E1,1.201921853E1
2.956437662E1,1.426122308E0,-4.402793646E-1,7.767102242E0,7.909206533E0
2.956675219E1,-4.000799656E0,-6.077769399E-1,1.174397373E1,1.242162267E1
2.956912771E1,6.163911343E0,-2.584248483E-1,9.131011009E0,1.101979802E1
2.957150329E1,-6.278766632E0,2.488535494E-1,9.379864693E0,1.129011515E1
2.957387881E1,3.914657831E0,-5.312066078E-1,1.116969585E1,1.184773531E1
2.957625438E1,-2.727817774E0,-4.402793646E-1,8.341380119E0,8.787118869E0
2.957862995E1,1.770688742E-1,-7.417750359E-1,1.258146191E1,1.260455343E1
2.958100547E1,3.081955671E0,-2.392822653E-1,7.666603565E0,8.266348468E0
2.958338105E1,-5.536991596E0,-1.100698411E-1,1.099262714E1,1.230886846E1
2.958575657E1,5.757131100E0,-3.780659735E-1,9.518648148E0,1.113068529E1
2.958813214E1,-5.714060307E0,-2.871387079E-2,8.968298912E0,1.063398773E1
2.959050766E1,3.450450182E0,-8.709874153E-1,1.204068375E1,1.255556811E1
2.959288323E1,-1.435693622E0,-2.727817893E-1,8.092526436E0,8.223418401E0
2.959525881E1,-2.431107759E0,-5.312066078E-1,1.206461143E1,1.231857599E1
2.959763433E1,4.862215519E0,-5.886343718E-1,8.245666504E0,9.590549842E0
2.960000990E1,-5.871986866E0,-2.297109663E-1,1.070548820E1,1.221230832E1
2.960238542E1,5.130211830E0,-2.775674164E-1,1.018863869E1,1.141071757E1
2.960476099E1,-5.575276852E0,-5.742774159E-2,8.193024635E0,9.910230199E0
2.960713657E1,2.048256159E0,-9.379864931E-1,1.267238903E1,1.287107671E1
2.960951209E1,6.221339107E-1,-3.158525825E-1,8.063812256E0,8.093941040E0
2.961188766E1,-3.699303865E0,-4.450650215E-1,1.150947666E1,1.209756112E1
2.961426318E1,4.977071285E0,-3.637090325E-1,8.451449394E0,9.814811241E0
2.961663876E1,-6.656832695E0,-4.450650215E-1,9.872786522E0,1.191567951E1
2.961901428E1,5.288137913E0,-4.354937077E-1,1.165304661E1,1.280420058E1
2.962138985E1,-4.058227062E0,2.488535494E-1,8.025527000E0,8.996678199E0
2.962376542E1,-2.679961324E-1,-4.402793646E-1,1.199761295E1,1.200867955E1
2.962614094E1,2.100898266E0,-6.460621357E-1,7.767102242E0,8.072115400E0
2.962851652E1,-4.340580463E0,-8.422735929E-1,1.158604717E1,1.240107063E1
2.963089204E1,5.876772404E0,-3.206382394E-1,9.461220741E0,1.114243962E1
2.963326761E1,-6.867401123E0,4.737788737E-1,9.020941734E0,1.134738095E1
2.963564313E1,3.555734396E0,-2.967100143E-1,1.173918819E1,1.226946712E1
2.963801870E1,-1.995614052E0,-2.967100143E-1,8.116454124E0,8.363452626E0
2.964039428E1,-1.119840980E0,-9.906286001E-1,1.179661560E1,1.189098518E1
2.964276980E1,3.823730469E0,-3.589234054E-1,8.116454124E0,8.979229826E0
2.964514537E1,-6.163911343E0,-1.004985496E-1,1.093041420E1,1.254901819E1
2.964752089E1,6.125626087E0,-4.785645306E-1,1.005464077E1,1.178338321E1
2.964989646E1,-5.517848969E0,4.259224236E-1,8.772088051E0,1.037196201E1
2.965227204E1,2.459821701E0,-6.029912829E-1,1.194497108E1,1.221051414E1
2.965464756E1,-4.307080805E-1,-4.785645306E-1,8.025527000E0,8.051311514E0
2.965702313E1,-2.651247501E0,-8.853443861E-1,1.181575775E1,1.214187297E1
2.965939865E1,5.589633465E0,-3.589234054E-1,8.815158844E0,1.044413011E1
2.966177422E1,-6.278766632E0,7.178468257E-2,1.004506969E1,1.184615924E1
2.966414980E1,4.737788677E0,-2.679961324E-1,1.062413216E1,1.163574869E1
2.966652532E1,-4.149154663E0,-2.584248483E-1,8.355736732E0,9.332770444E0
2.966890089E1,1.579262972E0,-7.465606928E-1,1.269153118E1,1.281118215E1
2.967127641E1,1.708475351E0,-2.775674164E-1,7.652246952E0,7.845560217E0
2.967365198E1,-4.790431023E0,-4.163511395E-1,1.113141060E1,1.212558780E1
2.967602756E1,5.690132141E0,-7.369893789E-1,9.274580956E0,1.090589790E1
2.967840308E1,-5.871986866E0,-9.571290761E-2,9.748359680E0,1.138068131E1
2.968077865E1,4.359723091E0,-4.307080805E-1,1.171525955E1,1.250759774E1
2.968315417E1,-3.077169895E0,1.244267747E-1,7.853243828E0,8.435513927E0
2.968552974E1,-1.406979680E0,-5.647061467E-1,1.207418346E1,1.216899302E1
2.968790521E1,3.981656790E0,-5.599204898E-1,8.149953842E0,9.087840743E0
2.969028079E1,-5.355136871E0,-8.039883971E-1,1.097348499E1,1.223688119E1
2.969265641E1,5.503491879E0,-3.302095234E-1,1.004985523E1,1.146285529E1
2.969503193E1,-6.460621357E0,3.349951804E-1,8.585447311E0,1.074996538E1
2.969740750E1,2.943171740E0,-7.848458290E-1,1.235653591E1,1.272643794E1
2.969978303E1,-5.599204898E-1,-1.914258152E-1,8.188239098E0,8.209592823E0
2.970215860E1,-2.813959360E0,-6.412764788E-1,1.152383423E1,1.187974571E1
2.970453412E1,4.527220249E0,-4.977070987E-1,8.226524353E0,9.403145137E0
2.970690969E1,-6.451049805E0,-5.551348329E-1,1.035135078E1,1.220961430E1
2.970928527E1,5.589633465E0,-3.637090325E-1,1.118405342E1,1.250837070E1
2.971166079E1,-4.934000492E0,3.445664644E-1,8.145168304E0,9.529263015E0
2.971403636E1,6.795616150E-1,-3.684946895E-1,1.220818138E1,1.223263197E1
2.971641188E1,1.033699393E0,-6.029912829E-1,7.680960655E0,7.773627822E0
2.971878745E1,-3.651447296E0,-1.019342422E0,1.161954689E1,1.222235641E1
2.972116297E1,5.637490273E0,-3.972085714E-1,9.111868858E0,1.072218379E1
2.972353855E1,-6.982256413E0,3.541377485E-1,9.523433685E0,1.181410628E1
2.972591412E1,4.168296814E0,-3.206382394E-1,1.126062298E1,1.201162508E1
2.972828964E1,-2.833101988E0,-9.092725813E-2,8.355736732E0,8.823438728E0
2.973066521E1,-3.589234054E-1,-1.000199914E0,1.183011532E1,1.187774618E1
2.973304073E1,2.991028309E0,-3.780659735E-1,7.953742504E0,8.505951096E0
2.973541631E1,-5.613562107E0,-2.727817893E-1,1.124148083E1,1.256810967E1
2.973779188E1,6.302694798E0,-4.785645306E-1,9.667003632E0,1.155006255E1
2.974016740E1,-6.010770321E0,3.972085714E-1,8.843872070E0,1.070052371E1
2.974254292E1,3.014956474E0,-5.599204898E-1,1.181575775E1,1.220719479E1
2.974491849E1,-1.258624673E0,-4.785645306E-1,8.063812256E0,8.175465013E0
2.974729407E1,-1.770688772E0,-7.896314859E-1,1.211246777E1,1.226665121E1
2.974966964E1,4.953142643E0,-2.392822653E-1,8.398807526E0,9.753504288E0
2.975204516E1,-6.130411625E0,-1.435693540E-2,1.033699417E1,1.201813635E1
2.975442068E1,5.230710506E0,-1.962114573E-1,1.018863869E1,1.145457069E1
2.975679626E1,-4.914857864E0,-2.009970993E-1,8.322237015E0,9.667256932E0
2.975917183E1,2.411965132E0,-9.427721500E-1,1.267238903E1,1.293428927E1
2.976154735E1,8.566305041E-1,-4.354937077E-1,7.915457249E0,7.973577243E0
2.976392292E1,-4.000799656E0,-3.589234054E-1,1.164347458E1,1.231688776E1
2.976629849E1,5.752345562E0,-6.173482537E-1,8.666803360E0,1.042036846E1
2.976867402E1,-6.039484501E0,-7.657032460E-2,1.003549862E1,1.171291888E1
2.977104959E1,4.713860512E0,-5.216353536E-1,1.122712421E1,1.218773574E1
2.977342511E1,-3.617947817E0,-4.785645287E-3,7.968099594E0,8.751010253E0
2.977580063E1,-2.057827413E-1,-7.944171429E-1,1.239003563E1,1.241718277E1
2.977817620E1,3.220739365E0,-5.886343718E-1,8.078168869E0,8.716447944E0
2.978055178E1,-4.737788677E0,-4.594219327E-1,1.126062298E1,1.222535643E1
2.978292735E1,5.412564754E0,-3.014956415E-1,9.346364975E0,1.080468857E1
2.978530287E1,-6.431907177E0,-3.828516230E-2,8.934800148E0,1.100915752E1
2.978767844E1,4.091726780E0,-7.465606928E-1,1.232782269E1,1.301056467E1
2.979005396E1,-1.555334687E0,-8.614161611E-2,8.035098076E0,8.184698373E0
2.979242954E1,-1.966900229E0,-3.924229145E-1,1.189232826E1,1.206027213E1
2.979480511E1,3.952943087E0,-4.689932466E-1,7.800601959E0,8.757574130E0
2.979718063E1,-5.670989513E0,-8.518448472E-1,1.092562866E1,1.233917029E1
2.979955620E1,5.948556900E0,-3.445664644E-1,1.071984577E1,1.226454845E1
2.980193172E1,-5.599205017E0,5.072783828E-1,8.288737297E0,1.001556759E1
2.980430730E1,1.713261008E0,-1.866401732E-1,1.215553856E1,1.227710127E1
2.980668282E1,1.244267747E-1,-4.977070987E-1,7.680960655E0,7.698074497E0
2.980905839E1,-2.928814888E0,-9.427721500E-1,1.171047401E1,1.210793036E1
2.981143396E1,5.335994720E0,-4.115654826E-1,8.748159409E0,1.025536537E1
2.981380948E1,-6.824330330E0,3.110669553E-1,9.925428391E0,1.204916494E1
2.981618506E1,4.613361835E0,-2.679961324E-1,1.092562866E1,1.186272696E1
2.981856058E1,-3.771088600E0,1.531406492E-1,8.542376518E0,9.338991266E0
2.982093615E1,5.216353536E-1,-8.039883971E-1,1.199282742E1,1.203106023E1
2.982331167E1,1.899901152E0,-2.775674164E-1,7.834101200E0,8.065966134E0
2.982568719E1,-5.058426857E0,-3.684946895E-1,1.143769264E1,1.251176581E1
2.982806282E1,6.159125328E0,-4.019941986E-1,9.336793900E0,1.119250394E1
2.983043834E1,-6.374479294E0,3.397808075E-1,9.131011009E0,1.114113097E1
2.983281391E1,3.388236761E0,-4.594219327E-1,1.147119141E1,1.196993940E1
2.983518943E1,-2.522035122E0,-3.254238665E-1,8.164310455E0,8.551171093E0
2.983756501E1,-8.135597110E-1,-7.274180651E-1,1.241396427E1,1.246184278E1
2.983994053E1,3.775874138E0,-1.531406492E-1,7.982456207E0,8.831776982E0
2.984231610E1,-5.867201328E0,-5.264209956E-2,1.074855900E1,1.224574796E1
2.984469167E1,5.359922886E0,-8.135596663E-2,9.647860527E0,1.103705599E1
2.984706719E1,-5.800201893E0,6.221338734E-2,8.652446747E0,1.041686360E1
2.984944277E1,3.058027267E0,-9.762716293E-1,1.210768223E1,1.252599721E1
2.985181834E1,-6.077769399E-1,-3.206382394E-1,8.293522835E0,8.321942243E0
2.985419386E1,-3.077169895E0,-2.871387303E-1,1.187318611E1,1.226882112E1
2.985656943E1,4.991427898E0,-3.541377485E-1,8.006384850E0,9.441502231E0
2.985894495E1,-5.948556900E0,1.483550072E-1,1.065763187E1,1.220624658E1
2.986132053E1,5.240281582E0,-1.579262912E-1,1.024128056E1,1.150518662E1
2.986369605E1,-5.067998409E0,9.571290761E-2,7.896314621E0,9.383259212E0
2.986607162E1,1.124626637E0,-1.138983607E0,1.239003563E1,1.249300011E1
2.986844719E1,1.837687731E0,-5.407779217E-1,8.389236450E0,8.605162705E0
2.987082271E1,-3.670589924E0,1.962114573E-1,1.172483063E1,1.228752956E1
2.987319829E1,4.991427898E0,-1.004985496E-1,8.140382767E0,9.549360398E0
2.987557381E1,-6.738188744E0,-4.115654826E-1,9.442078590E0,1.160712806E1
2.987794938E1,5.278566837E0,-6.029912829E-1,1.197846985E1,1.310383937E1
2.988032495E1,-2.962314367E0,5.264209956E-2,7.915457249E0,8.451777390E0
2.988270047E1,-5.168496966E-1,-1.818545163E-1,1.214596748E1,1.215831941E1
2.988507605E1,2.541177750E0,-3.014956415E-1,7.609176159E0,8.027954023E0
2.988745157E1,-4.761716843E0,-6.412764788E-1,1.138504982E1,1.235736793E1
2.988982714E1,6.096911907E0,-5.982056856E-1,9.839286804E0,1.159058884E1
2.989220271E1,-5.958128452E0,-4.785645287E-3,8.762516975E0,1.059627393E1
2.989457823E1,3.081955671E0,-2.392822653E-1,1.212682533E1,1.251461543E1
2.989695381E1,-1.545763373E0,-3.110669553E-1,7.767102242E0,7.925529906E0
2.989932933E1,-1.363908887E0,-3.876372576E-1,1.216511059E1,1.224746609E1
2.990170490E1,4.331008911E0,-1.579262912E-1,7.896314621E0,9.007461546E0
2.990408042E1,-6.202196121E0,-3.589234054E-1,1.039920712E1,1.211361100E1
2.990645599E1,5.412564754E0,-8.997012973E-1,1.022692394E1,1.160583013E1
2.990883152E1,-4.709074974E0,1.579262912E-1,9.135796547E0,1.027925612E1
2.991120709E1,2.120040894E0,-3.637090325E-1,1.219861031E1,1.238680552E1
2.991358266E1,-2.392822690E-2,2.871387079E-2,7.570890903E0,7.570983167E0
2.991595818E1,-3.857230186E0,-4.546363056E-1,1.157647610E1,1.221063953E1
2.991833376E1,5.972485542E0,-4.402793646E-1,8.786444664E0,1.063325159E1
2.992070928E1,-6.221338749E0,-4.929214716E-1,9.652647018E0,1.149441699E1
2.992308485E1,4.546362877E0,-1.244267747E-1,1.126062298E1,1.214440313E1
2.992546042E1,-4.421936035E0,2.297109663E-1,7.934599876E0,9.086482302E0
2.992783594E1,5.694918036E-1,-6.412764788E-1,1.248574829E1,1.251516947E1
2.993021152E1,2.397608280E0,-2.392822653E-1,7.934599876E0,8.292385463E0
2.993258704E1,-4.957928658E0,-5.886343718E-1,1.094955635E1,1.203413193E1
2.993496261E1,5.431707382E0,-4.163511395E-1,9.236295700E0,1.072315027E1
2.993733813E1,-6.369693756E0,1.770688742E-1,9.312865257E0,1.128422843E1
2.993971370E1,3.967299938E0,-2.871387303E-1,1.189711380E1,1.254445034E1
2.994208928E1,-2.292324066E0,4.785645381E-2,7.824530125E0,8.153545949E0
2.994446480E1,-2.254039049E0,-8.614161611E-1,1.160040379E1,1.184871714E1
2.994684037E1,4.331008911E0,-7.417750359E-1,8.437092781E0,9.512749497E0
2.994921589E1,-5.603990555E0,-1.292124242E-1,1.131326580E1,1.262582231E1
2.995159146E1,5.407779217E0,-8.135596663E-2,9.647860527E0,1.106037556E1
2.995396704E1,-6.264409542E0,5.934200287E-1,8.451449394E0,1.053669640E1
2.995634256E1,2.129612207E0,-5.599204898E-1,1.233260822E1,1.252764881E1
2.995871813E1,5.551348329E-1,-4.977070987E-1,7.862815380E0,7.898085384E0
2.996109365E1,-3.321237803E0,-1.033699393E0,1.143769264E1,1.195491397E1
2.996346922E1,5.039284706E0,-3.110669553E-1,8.676374435E0,1.003845737E1
2.996584474E1,-6.838686943E0,1.004985496E-1,1.018385315E1,1.226737967E1
2.996822032E1,5.455635548E0,-3.541377485E-1,1.116012478E1,1.242729890E1
2.997059589E1,-4.096512318E0,2.584248483E-1,8.140382767E0,9.116689540E0
2.997297141E1,2.009970993E-1,-3.876372576E-1,1.213639641E1,1.214424885E1
2.997534693E1,2.091326952E0,-6.556333899E-1,7.652246952E0,7.959923805E0
2.997772251E1,-4.417150497E0,-1.004985452E0,1.138983536E1,1.225763288E1
2.998009808E1,6.163911343E0,-3.206382394E-1,9.791430473E0,1.157448585E1
2.998247365E1,-6.541976929E0,4.881358147E-1,9.011369705E0,1.114632328E1
2.998484917E1,3.608376503E0,-1.339980662E-1,1.168175983E1,1.222709488E1
2.998722474E1,-1.952543259E0,-3.062812984E-1,8.006384850E0,8.246722487E0
2.998960027E1,-9.523434043E-1,-6.508477330E-1,1.207418346E1,1.212915772E1
2.999197584E1,4.273581028E0,-4.977070987E-1,8.015955925E0,9.097623676E0
2.999435136E1,-6.163911343E0,-6.460621357E-1,1.064327526E1,1.231627004E1
2.999672693E1,6.015556335E0,-4.929214716E-1,1.064327526E1,1.223557101E1
2.999910251E1,-5.067998409E0,1.129412293E0,8.858229637E0,1.026783387E1
3.000147802E1,2.234896421E0,-7.800601721E-1,1.168654537E1,1.192386676E1
3.000385360E1,8.135596663E-2,-7.130611539E-1,7.853243828E0,7.885969415E0
3.000622912E1,-3.000599623E0,-7.848458290E-1,1.172483063E1,1.212811751E1
3.000860469E1,5.871986866E0,-4.211367965E-1,8.796015739E0,1.058430342E1
3.001098021E1,-6.355337143E0,1.148554832E-1,1.000199890E1,1.185088537E1
