"Time (s)","Acceleration x (m/s^2)","Acceleration y (m/s^2)","Acceleration z (m/s^2)","Absolute acceleration (m/s^2)"
4.808493000E-3,3.857230186E0,-6.843472719E-1,9.456435204E0,1.023575706E1
7.183962000E-3,-5.149354458E0,3.110669553E-1,9.265008926E0,1.060438609E1
9.559431000E-3,3.421736479E0,-9.906286001E-1,1.106919765E1,1.162827426E1
1.193536800E-2,-1.875972986E0,-4.642075896E-1,8.336593628E0,8.557660700E0
1.431099300E-2,-2.780459881E0,-1.914258152E-1,1.118405342E1,1.152608572E1
1.668656600E-2,4.857429981E0,-2.823530734E-1,1.023649502E1,1.133402751E1
1.906213900E-2,-5.245067120E0,-5.264209956E-2,8.628518105E0,1.009776336E1
2.143771200E-2,1.607976794E0,-1.019342422E0,1.130848026E1,1.146762287E1
2.381328500E-2,1.363908887E0,-5.551348329E-1,8.805587769E0,8.927866379E0
2.618885800E-2,-4.350151539E0,2.967100143E-1,1.002114105E1,1.092863776E1
2.856443100E-2,4.264009953E0,-3.062812984E-1,1.087777138E1,1.168766441E1
3.094005600E-2,-4.201796532E0,-4.546363056E-1,8.063812256E0,9.104221898E0
3.331562900E-2,-6.556333899E-1,-5.407779217E-1,1.160997581E1,1.164104095E1
3.569120200E-2,4.149154663E0,-4.881358147E-1,9.633503914E0,1.050038850E1
3.806677500E-2,-5.316852093E0,1.435693651E-1,8.997013092E0,1.045159188E1
4.044234800E-2,3.144168854E0,-7.034898400E-1,1.118405342E1,1.163888941E1
4.281792000E-2,-1.679761529E0,-4.067798555E-1,8.288737297E0,8.467008600E0
4.519349300E-2,-2.646461725E0,-3.349951655E-2,1.117448139E1,1.148363689E1
4.756906600E-2,4.795216560E0,-3.397808075E-1,1.016949654E1,1.124847601E1
4.994469100E-2,-5.192425251E0,-3.062812984E-1,8.484949112E0,9.952358999E0
5.232026400E-2,1.584048629E0,-5.503492355E-1,1.160040379E1,1.172098385E1
5.469583700E-2,1.746760488E0,-5.551348329E-1,8.762516975E0,8.952153407E0
5.707141000E-2,-4.555934429E0,2.344966233E-1,9.829715729E0,1.083673560E1
5.944698300E-2,4.096512318E0,-7.752745152E-1,1.066720295E1,1.145302067E1
6.182255600E-2,-3.780659676E0,-4.067798555E-1,8.456234932E0,9.271826501E0
6.419812900E-2,-4.689932466E-1,-3.254238665E-1,1.180618668E1,1.181997882E1
6.657375400E-2,4.192225456E0,-3.493520916E-1,9.317651749E0,1.022327909E1
6.894932700E-2,-5.498706341E0,9.092725813E-2,8.973084450E0,1.052427117E1
7.132490000E-2,3.096312523E0,-1.062413216E0,1.116012478E1,1.163031634E1
7.370047300E-2,-1.186840057E0,-5.168496966E-1,8.633303642E0,8.729814128E0
7.607604500E-2,-2.670390129E0,3.349951655E-2,1.092084217E1,1.124263756E1
7.845161800E-2,4.579862595E0,-4.354937077E-1,1.017906761E1,1.117041689E1
8.082713900E-2,-5.288137913E0,-4.977070987E-1,8.422736168E0,9.957640257E0
8.320271200E-2,1.703689694E0,-5.599204898E-1,1.197846985E1,1.211196968E1
8.557838900E-2,2.287538528E0,-5.024927258E-1,8.642875671E0,8.954587167E0
8.795396200E-2,-4.814359188E0,7.178468257E-2,9.623932838E0,1.076119374E1
9.032953500E-2,3.881158352E0,-1.048056364E0,1.093041420E1,1.164627695E1
9.270510800E-2,-3.402593851E0,-3.828516304E-1,8.614161491E0,9.269735621E0
9.508068100E-2,-3.062812984E-1,-3.493520916E-1,1.170568848E1,1.171490494E1
9.745625400E-2,4.134797573E0,-4.307080805E-1,9.418149948E0,1.029483409E1
9.983182700E-2,-5.632704735E0,-1.722832322E-1,8.934800148E0,1.056350784E1
1.022074520E-1,3.206382275E0,-8.374879360E-1,1.146162033E1,1.193109442E1
1.045830250E-1,-5.216353536E-1,-6.652047038E-1,8.441878319E0,8.484097494E0
1.069585980E-1,-2.947957516E0,-3.349951655E-2,1.089212894E1,1.128406171E1
1.093341700E-1,4.378865242E0,-8.662018180E-1,1.006899738E1,1.101405805E1
1.117096910E-1,-4.905286312E0,-4.115654826E-1,8.834300995E0,1.011316439E1
1.140853160E-1,1.727617979E0,-5.120640397E-1,1.205025482E1,1.218423222E1
1.164608890E-1,2.627319336E0,-4.115654826E-1,8.647661209E0,9.047333167E0
1.188365140E-1,-5.010570526E0,1.052841991E-1,9.585647583E0,1.081672507E1
1.212120870E-1,3.929014683E0,-1.239482164E0,1.089691448E1,1.164973037E1
1.235876600E-1,-2.981456995E0,-5.120640397E-1,8.901300430E0,9.401300162E0
1.259632330E-1,-4.115654826E-1,-2.057827413E-1,1.152861977E1,1.153779903E1
1.283388060E-1,4.086941242E0,-4.689932466E-1,9.513862610E0,1.036516402E1
1.307143790E-1,-5.771488190E0,-2.775674164E-1,8.729017258E0,1.046818331E1
1.330899520E-1,3.086741209E0,-8.518448472E-1,1.167697430E1,1.210806920E1
1.354655250E-1,1.818545163E-1,-5.503492355E-1,8.719446182E0,8.738689666E0
1.378411500E-1,-3.426522017E0,-2.297109663E-1,1.047099209E1,1.101977747E1
1.402167230E-1,4.268795490E0,-9.092726111E-1,1.040877819E1,1.128680890E1
1.425922950E-1,-4.804787636E0,-3.397808075E-1,8.819944382E0,1.004952009E1
1.449678680E-1,1.598405480E0,-4.354937077E-1,1.202154064E1,1.213515530E1
1.473434410E-1,2.665604353E0,-4.642075896E-1,8.714659691E0,9.125033084E0
1.497190140E-1,-5.288137913E0,3.828516230E-2,9.399007797E0,1.078458232E1
1.520945870E-1,3.737588882E0,-1.143769264E0,1.115055370E1,1.181577872E1
1.544702120E-1,-2.493321180E0,-5.264210105E-1,8.891729355E0,9.249682184E0
1.568457850E-1,-1.038485050E0,-1.866401732E-1,1.136590767E1,1.141477739E1
1.592213580E-1,4.039084435E0,-6.173482537E-1,9.561718941E0,1.039816287E1
1.615969310E-1,-5.675775528E0,-3.780659735E-1,8.781659126E0,1.046302531E1
1.639725040E-1,3.053241730E0,-6.939185858E-1,1.199282742E1,1.239482624E1
1.663480770E-1,4.163511395E-1,-3.349951804E-1,8.408378601E0,8.425342767E0
1.687236500E-1,-3.967299938E0,-7.178468257E-2,1.025563812E1,1.099648740E1
1.710992230E-1,4.125226021E0,-1.129412293E0,1.046142101E1,1.130196405E1
1.734748480E-1,-4.340580463E0,-3.684946895E-1,9.049654961E0,1.004353932E1
1.758504200E-1,1.383051515E0,-3.397808075E-1,1.174875927E1,1.183476349E1
1.782259930E-1,2.842673302E0,-4.546363056E-1,8.757730484E0,9.218748771E0
1.806015660E-1,-5.651846886E0,-2.153540403E-1,9.174081802E0,1.077745459E1
1.829771390E-1,3.809373617E0,-8.374879360E-1,1.153819084E1,1.217959611E1
1.853527120E-1,-1.684547186E0,-3.972085714E-1,8.638090134E0,8.809771565E0
1.877283370E-1,-1.780260086E0,-3.732803464E-1,1.090648556E1,1.105712853E1
1.901039100E-1,4.010370731E0,-7.800601721E-1,9.801001549E0,1.061843673E1
1.924794830E-1,-5.316852093E0,-1.292124242E-1,8.963513374E0,1.042258049E1
1.948550560E-1,3.096312523E0,-5.647061467E-1,1.178704453E1,1.220001897E1
1.972306290E-1,8.039883971E-1,-4.019941986E-1,8.264809608E0,8.313547651E0
1.996062020E-1,-4.354937077E0,-3.493520916E-1,1.002592659E1,1.093648608E1
2.019817750E-1,4.321437836E0,-7.561319470E-1,1.092562866E1,1.177352633E1
2.043573480E-1,-3.637090445E0,-2.488535494E-1,8.872586250E0,9.592348084E0
2.067329730E-1,8.901300430E-1,-4.115654826E-1,1.146640587E1,1.150826578E1
2.091085450E-1,3.014956474E0,-8.662018180E-1,9.025727272E0,9.555313753E0
2.114841180E-1,-5.388636589E0,-9.092725813E-2,9.255437851E0,1.071021951E1
2.138596910E-1,4.067798615E0,-7.226324677E-1,1.148076344E1,1.220152090E1
2.162352640E-1,-1.287338614E0,-2.775674164E-1,8.542376518E0,8.643291095E0
2.186108370E-1,-2.344966173E0,-5.647061467E-1,1.075334454E1,1.102053438E1
2.209864100E-1,4.354937077E0,-8.279166222E-1,1.008814049E1,1.101914250E1
2.233619830E-1,-4.823930264E0,-1.339980662E-1,9.131011009E0,1.032780813E1
2.257376080E-1,2.914458036E0,-5.455635786E-1,1.163390350E1,1.200580759E1
2.281131810E-1,1.033699393E0,-7.704889178E-1,8.360522270E0,8.459345142E0
2.304887540E-1,-4.503292084E0,-3.254238665E-1,9.887143135E0,1.086927503E1
2.328643270E-1,4.402793884E0,-6.699903607E-1,1.110748291E1,1.196702376E1
2.352399000E-1,-3.326023579E0,-1.627119333E-1,8.925228119E0,9.526206222E0
2.376154730E-1,1.962114573E-1,-3.876372576E-1,1.126062298E1,1.126900135E1
2.399910450E-1,3.225524902E0,-1.038485050E0,9.049654961E0,9.663266373E0
2.423666180E-1,-5.441278458E0,-1.674975902E-1,9.245866776E0,1.072947432E1
2.447422430E-1,4.173082829E0,-6.029912829E-1,1.172004509E1,1.245542756E1
2.471178160E-1,-1.406979680E0,-2.584248483E-1,8.207381248E0,8.331115302E0
2.494933890E-1,-2.861815929E0,-4.115654826E-1,1.072941685E1,1.111214482E1
2.518689620E-1,4.244867325E0,-8.470591903E-1,1.015035343E1,1.103476700E1
2.542445350E-1,-4.642076015E0,-2.871387079E-2,9.178867340E0,1.028597588E1
2.566201080E-1,2.727817774E0,-4.977070987E-1,1.141854954E1,1.175040321E1
2.589957330E-1,8.422735929E-1,-7.609176040E-1,8.350951195E0,8.427740282E0
2.613713060E-1,-4.857429981E0,-1.531406492E-1,9.868000984E0,1.099979643E1
2.637468790E-1,4.498506546E0,-7.178468108E-1,1.119362450E1,1.208507735E1
2.661224520E-1,-3.239881754E0,-1.004985496E-1,8.819944382E0,9.396720313E0
2.684980250E-1,-2.344966233E-1,-4.546363056E-1,1.117448139E1,1.118618421E1
2.708735980E-1,3.148954630E0,-8.422735929E-1,9.198010445E0,9.758521210E0
2.732491700E-1,-5.393422127E0,7.657032460E-2,9.202795982E0,1.066706704E1
2.756247430E-1,4.153940201E0,-5.120640397E-1,1.154776192E1,1.228284308E1
2.780003680E-1,-1.607976794E0,-3.876372576E-1,8.188239098E0,8.353628645E0
2.803759410E-1,-3.043670416E0,-5.312066078E-1,1.061934662E1,1.105968502E1
2.827515140E-1,4.354937077E0,-5.455635786E-1,1.046620655E1,1.134921126E1
2.851270870E-1,-4.455435753E0,1.531406492E-1,9.049654961E0,1.008814228E1
2.875026600E-1,2.388036966E0,-2.967100143E-1,1.133240795E1,1.158508642E1
2.898781810E-1,9.188438654E-1,-8.997012973E-1,8.283951759E0,8.383173219E0
2.922538060E-1,-4.910071850E0,-1.818545163E-1,9.906285286E0,1.105786439E1
2.946293790E-1,4.862215519E0,-5.407779217E-1,1.132283688E1,1.233451318E1
2.970050040E-1,-3.239881754E0,9.571290575E-3,8.523234367E0,9.118248158E0
2.993805770E-1,-4.642075896E-1,-2.967100143E-1,1.116491032E1,1.117849488E1
3.017561500E-1,3.359523058E0,-8.901300430E-1,9.121439934E0,9.761116388E0
3.041317230E-1,-4.938786030E0,6.221338734E-2,9.456435204E0,1.066862900E1
3.065072950E-1,4.240081787E0,-5.359922647E-1,1.133719349E1,1.211600336E1
3.088828680E-1,-1.464407444E0,-5.599204898E-1,8.078168869E0,8.228901044E0
3.112584410E-1,-3.192025423E0,-3.924229145E-1,1.069113159E1,1.116437713E1
3.136340660E-1,4.756931305E0,-6.221339107E-1,1.057627583E1,1.161348597E1
3.160096390E-1,-4.264009953E0,1.292124242E-1,9.116654396E0,1.006537948E1
3.183852120E-1,2.139183521E0,-4.833501875E-1,1.112183952E1,1.133600670E1
3.207607850E-1,1.325623751E0,-9.284151793E-1,8.532805443E0,8.684929579E0
3.231363580E-1,-4.694717884E0,-5.264209956E-2,9.877572060E0,1.093661634E1
3.255119310E-1,4.910071850E0,-5.503492355E-1,1.112662506E1,1.217429567E1
3.278875040E-1,-3.335594654E0,-4.354937077E-1,8.456234932E0,9.100755776E0
3.302630770E-1,-6.795616150E-1,-6.412764788E-1,1.136112213E1,1.139947962E1
3.326387020E-1,3.680161238E0,-6.891329288E-1,9.346364975E0,1.006841741E1
3.350142750E-1,-4.881358147E0,1.722832322E-1,9.365508080E0,1.056267393E1
3.373898480E-1,3.828516245E0,-5.694918036E-1,1.127976608E1,1.192539225E1
3.397654200E-1,-1.454836130E0,-7.465606928E-1,8.044670105E0,8.209178895E0
3.421409930E-1,-3.278167009E0,-1.914258152E-1,1.085384369E1,1.133970659E1
3.445165660E-1,4.857429981E0,-7.417750359E-1,1.052363396E1,1.161428981E1
3.468921390E-1,-4.589433670E0,-1.674975902E-1,8.930013657E0,1.004171802E1
3.492677120E-1,1.775474429E0,-7.465606928E-1,1.136590767E1,1.152794515E1
3.516433370E-1,1.277767301E0,-6.412764788E-1,8.532805443E0,8.651745114E0
3.540189100E-1,-4.800002098E0,7.657032460E-2,1.020299530E1,1.127594769E1
3.563944830E-1,4.675575256E0,-5.024927258E-1,1.100219822E1,1.196502689E1
3.587700560E-1,-3.651447296E0,-5.359922647E-1,8.413164139E0,9.187039016E0
3.611456290E-1,-9.762716293E-1,-5.647061467E-1,1.155733299E1,1.161223257E1
3.635212020E-1,3.651447296E0,-7.561319470E-1,9.466006279E0,1.017399026E1
3.658967750E-1,-5.091926575E0,2.392822653E-1,9.446864128E0,1.073444056E1
3.682724000E-1,3.598805189E0,-6.364908218E-1,1.122712421E1,1.180698257E1
3.706479730E-1,-1.904686809E0,-8.231309652E-1,8.126026154E0,8.386756076E0
3.730235450E-1,-3.196810961E0,-1.674975902E-1,1.119841003E1,1.164697570E1
3.753991180E-1,4.876572609E0,-4.642075896E-1,1.036570740E1,1.146491775E1
3.777746910E-1,-5.010570526E0,-8.135596663E-2,8.791230202E0,1.011919781E1
3.801502640E-1,1.622333765E0,-8.374879360E-1,1.138983536E1,1.153523742E1
3.825258370E-1,1.129412293E0,-6.173482537E-1,8.614161491E0,8.709791570E0
3.849013580E-1,-4.488935471E0,1.148554832E-1,1.015992451E1,1.110800610E1
3.872770350E-1,4.536791801E0,-4.115654826E-1,1.099741268E1,1.190356886E1
3.896526080E-1,-3.986442566E0,-4.977070987E-1,8.202595711E0,9.133565190E0
3.920281810E-1,-7.322037220E-1,-5.072783828E-1,1.148076344E1,1.151526737E1
3.944037540E-1,3.881158352E0,-6.987041831E-1,9.470791817E0,1.025901922E1
3.967793270E-1,-5.115854740E0,3.254238665E-1,9.312865257E0,1.063049057E1
3.991549000E-1,3.483949661E0,-8.087740541E-1,1.108833981E1,1.165089268E1
4.015304730E-1,-1.832902193E0,-6.125625968E-1,8.193024635E0,8.417862915E0
4.039060980E-1,-2.837887764E0,-1.674975902E-1,1.135633659E1,1.170675204E1
4.062816700E-1,5.082355499E0,-3.637090325E-1,1.016949654E1,1.137458929E1
4.086572430E-1,-5.111069202E0,2.871387079E-2,8.676374435E0,1.006992186E1
4.110328160E-1,1.593619823E0,-1.158126116E0,1.127498055E1,1.144578816E1
4.134083890E-1,1.521835208E0,-5.647061467E-1,8.934800148E0,9.081053304E0
4.157839620E-1,-4.211368084E0,1.770688742E-1,9.987641335E0,1.084066206E1
4.181595350E-1,4.441078663E0,-3.876372576E-1,1.094955635E1,1.182227671E1
4.205351600E-1,-4.086941242E0,-6.364908218E-1,8.015955925E0,9.020186177E0
4.229107330E-1,-4.737788737E-1,-5.599204898E-1,1.168175983E1,1.170476357E1
4.252863060E-1,4.335794449E0,-6.843472719E-1,9.638289452E0,1.059075390E1
4.276618790E-1,-5.225924492E0,-4.785645287E-3,9.011369705E0,1.041705782E1
4.300374520E-1,3.431307554E0,-8.039883971E-1,1.123669529E1,1.177639970E1
4.324129730E-1,-1.574477315E0,-5.407779217E-1,8.216953278E0,8.383897706E0
4.347885980E-1,-2.603390932E0,-1.914258152E-1,1.129412270E1,1.159187197E1
4.371641700E-1,4.981856823E0,-5.503492355E-1,1.027956581E1,1.143640044E1
4.395397950E-1,-5.029713154E0,-4.977070987E-1,8.590232849E0,9.966836367E0
4.419153680E-1,1.727617979E0,-5.359922647E-1,1.175354481E1,1.189192025E1
4.442909410E-1,1.799402595E0,-6.843472719E-1,8.575876236E0,8.789302253E0
4.466665140E-1,-4.498506546E0,2.392822690E-2,9.911071777E0,1.088423068E1
4.490420870E-1,4.297509670E0,-9.236295223E-1,1.087298584E1,1.172789418E1
4.514176600E-1,-3.737588882E0,-4.642075896E-1,8.542376518E0,9.335805049E0
4.537932330E-1,-4.019941986E-1,-4.307080805E-1,1.183011532E1,1.184477679E1
4.561688060E-1,4.091726780E0,-4.594219327E-1,9.322437286E0,1.019122826E1
4.585444310E-1,-5.469992638E0,-1.100698411E-1,8.968298912E0,1.050539481E1
4.609200040E-1,3.254238844E0,-9.236295223E-1,1.128455162E1,1.178067346E1
4.632955770E-1,-1.363908887E0,-6.221339107E-1,8.504091263E0,8.635210841E0
4.656711500E-1,-2.617748022E0,-6.699903309E-2,1.122233772E1,1.152379961E1
4.680467230E-1,4.493721008E0,-4.737788737E-1,1.014078236E1,1.110195756E1
4.704222950E-1,-5.292923450E0,-4.929214716E-1,8.551948547E0,1.006945054E1
4.727978680E-1,1.765903115E0,-5.694918036E-1,1.197846985E1,1.212132314E1
4.751734930E-1,1.990828395E0,-5.072783828E-1,8.666803360E0,8.906975330E0
4.775490660E-1,-4.771288395E0,-4.785645381E-2,9.815358162E0,1.091369502E1
4.799246390E-1,4.015156269E0,-8.901300430E-1,1.091605663E1,1.166508053E1
4.823002120E-1,-3.766302824E0,-3.972085714E-1,8.566305161E0,9.366130242E0
4.846757850E-1,-2.823530734E-1,-3.541377485E-1,1.186361504E1,1.187225752E1
4.870513580E-1,3.890729666E0,-4.163511395E-1,9.298508644E0,1.008827976E1
4.894269310E-1,-5.656632900E0,-1.674975902E-1,8.973084450E0,1.060857181E1
4.918025040E-1,3.182454109E0,-7.369893789E-1,1.144726372E1,1.190424353E1
4.941781290E-1,-9.619147182E-1,-5.312066078E-1,8.523234367E0,8.593775914E0
4.965537020E-1,-2.790031195E0,-5.264209956E-2,1.095434189E1,1.130418734E1
4.989292750E-1,4.331008911E0,-7.034898400E-1,1.008335495E1,1.099666237E1
5.013048480E-1,-5.182853699E0,-3.206382394E-1,8.690732002E0,1.012391249E1
5.036804200E-1,1.856830359E0,-4.642075896E-1,1.199282742E1,1.214459621E1
5.060559930E-1,2.234896421E0,-3.397808075E-1,8.542376518E0,8.836425159E0
5.084315660E-1,-4.890929699E0,1.435693651E-1,9.705288887E0,1.086896673E1
5.108071910E-1,3.943371773E0,-1.162911773E0,1.079162979E1,1.154823875E1
5.131827640E-1,-3.345165968E0,-4.067798555E-1,8.800801277E0,9.423890297E0
5.155583370E-1,-1.004985496E-1,-1.435693651E-1,1.159561825E1,1.159694247E1
5.179339100E-1,3.967299938E0,-4.067798555E-1,9.260223389E0,1.008249353E1
5.203094830E-1,-5.766702652E0,-2.344966233E-1,8.762516975E0,1.049245214E1
5.226850560E-1,3.326023579E0,-7.369893789E-1,1.172961617E1,1.221431462E1
5.250606290E-1,-1.339980662E-1,-4.737788737E-1,8.504091263E0,8.518332590E0
5.274362020E-1,-3.067598581E0,-2.632105052E-1,1.047099209E1,1.091426205E1
5.298118270E-1,4.345366001E0,-8.135597110E-1,1.031785107E1,1.122506729E1
5.321874000E-1,-4.723432064E0,-2.344966233E-1,8.733802795E0,9.932024486E0
5.345629730E-1,2.043470621E0,-4.450650215E-1,1.179661560E1,1.198056738E1
5.369385450E-1,2.368894339E0,-4.546363056E-1,8.499305725E0,8.834961934E0
5.393141180E-1,-4.972285271E0,-3.637090325E-1,9.466006279E0,1.069865318E1
5.416896910E-1,4.216153622E0,-6.556333899E-1,1.130848026E1,1.208666755E1
5.440652640E-1,-2.718246460E0,-2.967100143E-1,8.556734085E0,8.983017247E0
5.464408370E-1,-5.838487148E-1,-2.679961324E-1,1.118883896E1,1.120726633E1
5.488164100E-1,3.905086517E0,-9.667003751E-1,9.399007797E0,1.022377415E1
5.511919830E-1,-5.292923450E0,-1.339980662E-1,9.078369141E0,1.050950905E1
5.535676080E-1,3.522234917E0,-6.221339107E-1,1.162433243E1,1.216216649E1
5.559431810E-1,6.221338734E-2,-3.349951804E-1,8.365307808E0,8.372243845E0
5.583187540E-1,-3.536591768E0,-2.009970993E-1,1.035613632E1,1.094520172E1
5.606943270E-1,4.484149456E0,-1.028913736E0,1.035135078E1,1.132769716E1
5.630699000E-1,-4.345366001E0,-3.780659735E-1,8.925228119E0,9.934024187E0
5.654454730E-1,1.890329838E0,-3.445664644E-1,1.184447193E1,1.199931616E1
5.678210980E-1,2.507678032E0,-5.503492355E-1,8.566305161E0,8.942757824E0
5.701966700E-1,-5.355136871E0,-3.780659735E-1,9.317651749E0,1.075356029E1
5.725722430E-1,4.082155228E0,-7.226324677E-1,1.154297638E1,1.226484785E1
5.749478160E-1,-2.072184324E0,-2.727817893E-1,8.666803360E0,8.915258732E0
5.773233890E-1,-1.268195987E0,-2.536391914E-1,1.104526901E1,1.112072936E1
5.796989620E-1,3.938585997E0,-9.858429432E-1,9.662218094E0,1.048059180E1
5.820745350E-1,-5.297709465E0,-1.435693651E-1,9.083154678E0,1.051617976E1
5.844501600E-1,3.445664644E0,-6.029912829E-1,1.174875927E1,1.225844801E1
5.868257330E-1,2.297109663E-1,-3.445664644E-1,8.322237015E0,8.332533955E0
5.892012540E-1,-4.139583111E0,-3.349951804E-1,1.026042366E1,1.106908595E1
5.915768790E-1,4.340580463E0,-8.518448472E-1,1.069591713E1,1.157449444E1
5.939524520E-1,-3.948157310E0,-3.349951804E-1,9.040083885E0,9.870323428E0
5.963280250E-1,1.210768223E0,-4.115654826E-1,1.155733299E1,1.162786703E1
5.987035980E-1,2.522035122E0,-7.609176040E-1,8.805587769E0,9.191193214E0
6.010791700E-1,-5.503491879E0,-1.674975902E-1,9.288937569E0,1.079818686E1
6.034547430E-1,4.082155228E0,-6.699903607E-1,1.151426220E1,1.223483193E1
6.058303680E-1,-1.933400750E0,-1.531406492E-1,8.599804878E0,8.815788930E0
6.082059410E-1,-2.014756680E0,-4.163511395E-1,1.087777138E1,1.107061439E1
6.105815140E-1,4.048655987E0,-8.997012973E-1,9.848857880E0,1.068649050E1
6.129570870E-1,-5.211567879E0,-1.387837082E-1,9.097511292E0,1.048543811E1
6.153326600E-1,3.163311481E0,-4.689932466E-1,1.181097221E1,1.223623957E1
6.177082330E-1,4.211367965E-1,-5.647061467E-1,8.269595146E0,8.299545356E0
6.200838060E-1,-4.575077057E0,-4.402793646E-1,1.005464077E1,1.105535965E1
6.224594310E-1,4.383651257E0,-6.891329288E-1,1.114576817E1,1.199664330E1
6.248350040E-1,-3.594019651E0,-1.004985496E-1,8.982656479E0,9.675494542E0
6.272105770E-1,5.934200287E-1,-1.962114573E-1,1.122233772E1,1.123972910E1
6.295861500E-1,2.646461725E0,-1.004985452E0,8.781659126E0,9.226662042E0
6.319617230E-1,-5.513063431E0,-1.579262912E-1,9.437292099E0,1.093074980E1
6.343372950E-1,4.331008911E0,-5.790630579E-1,1.172961617E1,1.251706226E1
6.367128680E-1,-1.756331801E0,-1.483550072E-1,8.322237015E0,8.506840749E0
6.390884410E-1,-2.727817774E0,-3.493520916E-1,1.074855900E1,1.109479866E1
6.414640660E-1,4.187439442E0,-7.944171429E-1,9.954142570E0,1.082823633E1
6.438396390E-1,-4.694717884E0,-2.392822690E-2,9.250652313E0,1.037378990E1
6.462152120E-1,2.823530674E0,-4.929214716E-1,1.143290615E1,1.178671456E1
6.485907850E-1,8.183453679E-1,-6.939185858E-1,8.283951759E0,8.353147245E0
6.509663580E-1,-4.819144726E0,-8.614161611E-2,9.911071777E0,1.102093100E1
6.533419310E-1,4.527220249E0,-6.843472719E-1,1.112183952E1,1.202744232E1
6.557175040E-1,-3.163311481E0,-6.221338734E-2,8.848658562E0,9.397295801E0
6.580930770E-1,-1.627119333E-1,-5.838487148E-1,1.110269737E1,1.111922855E1
6.604687020E-1,3.306880951E0,-8.135597110E-1,9.279366493E0,9.884532540E0
6.628442750E-1,-5.369493961E0,1.292124242E-1,9.245866776E0,1.069271779E1
6.652198480E-1,4.053441525E0,-5.168496966E-1,1.149990559E1,1.220431687E1
6.675954200E-1,-1.306481123E0,-5.359922647E-1,8.169096947E0,8.290254855E0
6.699709930E-1,-3.024527788E0,-4.307080805E-1,1.066241741E1,1.109145720E1
6.723465660E-1,4.460221291E0,-6.221339107E-1,1.039920712E1,1.133243721E1
6.747220870E-1,-4.407579422E0,3.828516230E-2,9.083154678E0,1.009613396E1
6.770977120E-1,2.129612207E0,-6.364908218E-1,1.130369377E1,1.152015024E1
6.794733370E-1,1.584048629E0,-7.896314859E-1,8.508877754E0,8.691014243E0
6.818489100E-1,-4.953142643E0,1.914258115E-2,9.762716293E0,1.094735666E1
6.842244830E-1,4.689932346E0,-7.513462901E-1,1.125583744E1,1.221694983E1
6.866000560E-1,-3.215953588E0,-2.871387303E-1,8.547162056E0,9.136672553E0
6.889756290E-1,-6.317051649E-1,-6.029912829E-1,1.119841003E1,1.123241012E1
6.913512020E-1,3.704089403E0,-6.939185858E-1,9.461220741E0,1.018412977E1
6.937267750E-1,-5.182853699E0,9.092725813E-2,9.241081238E0,1.059565112E1
6.961023480E-1,3.885943890E0,-5.934200287E-1,1.141854954E1,1.207625690E1
6.984779730E-1,-1.158126116E0,-7.609176040E-1,8.145168304E0,8.262204210E0
7.008535450E-1,-3.483949661E0,-1.387837082E-1,1.082991505E1,1.137735585E1
7.032291180E-1,4.627718925E0,-7.800601721E-1,1.031785107E1,1.133500450E1
7.056046910E-1,-4.383651257E0,-1.004985496E-1,9.126225471E0,1.012494393E1
7.079802640E-1,1.866401672E0,-7.369893789E-1,1.143290615E1,1.160766779E1
7.103558370E-1,1.430907965E0,-6.604190469E-1,8.322237015E0,8.470140486E0
7.127314100E-1,-5.072783947E0,1.244267747E-1,9.911071777E0,1.113453918E1
7.151070350E-1,4.680361271E0,-5.694918036E-1,1.122233772E1,1.217254971E1
7.174826080E-1,-3.378665686E0,-4.833501875E-1,8.394021988E0,9.061380378E0
7.198581810E-1,-7.992027402E-1,-4.450650215E-1,1.137547874E1,1.141220069E1
7.222337540E-1,3.364308596E0,-6.604190469E-1,9.255437851E0,9.870048402E0
7.246093270E-1,-5.173282623E0,2.297109663E-1,9.413364410E0,1.074369814E1
7.269849000E-1,3.723232031E0,-5.312066078E-1,1.131805134E1,1.192656377E1
7.293604730E-1,-1.579262972E0,-6.891329288E-1,8.068597794E0,8.250530049E0
7.317360450E-1,-3.388236761E0,-3.110669553E-1,1.088734341E1,1.140662779E1
7.341116180E-1,4.637290478E0,-6.460621357E-1,1.041356373E1,1.141771294E1
7.364872430E-1,-4.800002098E0,2.249253243E-1,9.006584167E0,1.020828927E1
7.388628160E-1,2.009970903E0,-6.652047038E-1,1.123190975E1,1.142971028E1
7.412383890E-1,7.082754970E-1,-8.135597110E-1,8.370093346E0,8.439312543E0
7.436139620E-1,-4.694717884E0,1.004985496E-1,1.041835022E1,1.142770744E1
7.459895350E-1,4.790431023E0,-3.732803464E-1,1.093519974E1,1.194429407E1
7.483651080E-1,-4.086941242E0,-1.244267747E-1,8.346165657E0,9.293925538E0
7.507406810E-1,-5.790630579E-1,-8.566305041E-1,1.122233772E1,1.126987106E1
7.531162020E-1,3.388236761E0,-5.886343718E-1,9.480362892E0,1.008483611E1
7.554918790E-1,-4.967499733E0,3.637090325E-1,9.384650230E0,1.062449988E1
7.578674520E-1,3.948157310E0,-3.397808075E-1,1.124148083E1,1.191949195E1
7.602430250E-1,-2.440679073E0,-6.795616150E-1,7.939385414E0,8.333820197E0
7.626185980E-1,-2.560320139E0,-5.886343718E-1,1.111705399E1,1.142324905E1
7.649941700E-1,5.101497650E0,-5.455635786E-1,1.048056316E1,1.166898119E1
7.673697430E-1,-4.957928658E0,2.823530734E-1,8.757730484E0,1.006770198E1
7.697453160E-1,2.153540373E0,-6.604190469E-1,1.122233772E1,1.144616763E1
7.721208890E-1,5.312066078E-1,-7.944171429E-1,8.427521706E0,8.481532948E0
7.744965140E-1,-3.895515203E0,5.264209956E-2,1.056191921E1,1.125752847E1
7.768720870E-1,5.072783947E0,-3.541377485E-1,1.076291656E1,1.190373570E1
7.792476600E-1,-4.206582069E0,-2.297109663E-1,8.350951195E0,9.353421069E0
7.816232330E-1,-1.579262912E-1,-9.714859724E-1,1.125583744E1,1.129878764E1
7.839987540E-1,3.761517286E0,-6.077769399E-1,9.561718941E0,1.029295265E1
7.863743790E-1,-4.723432064E0,3.445664644E-1,9.303294182E0,1.043938787E1
7.887499520E-1,3.890729666E0,-3.302095234E-1,1.129890823E1,1.195458669E1
7.911255770E-1,-2.435893536E0,-7.609176040E-1,7.929814339E0,8.330337830E0
7.935011500E-1,-2.124826431E0,-4.977070987E-1,1.130369377E1,1.151243209E1
7.958767230E-1,5.273781300E0,-5.742774606E-1,1.031785107E1,1.160175049E1
7.982522950E-1,-4.943571568E0,-9.571290761E-2,8.729017258E0,1.003213851E1
8.006278680E-1,2.249253273E0,-7.082754970E-1,1.139462185E1,1.163607329E1
8.030034410E-1,7.369893789E-1,-6.508477330E-1,8.379665375E0,8.437152832E0
8.053790140E-1,-3.838087559E0,1.196411327E-1,1.050449181E1,1.118434523E1
8.077545870E-1,4.804787636E0,-6.221339107E-1,1.068156052E1,1.172897139E1
8.101302120E-1,-4.216153622E0,-6.939185858E-1,8.374878883E0,9.401918457E0
8.125057850E-1,1.627119333E-1,-4.259224236E-1,1.193539906E1,1.194410464E1
8.148813580E-1,3.818944931E0,-5.455635786E-1,9.044869423E0,9.833190880E0
8.172569310E-1,-5.201996326E0,2.536391914E-1,9.241081238E0,1.060767086E1
8.196325040E-1,3.632304668E0,-1.158126116E0,1.112662506E1,1.176166139E1
8.220080770E-1,-2.187039852E0,-4.115654826E-1,8.494520187E0,8.781195971E0
8.243836500E-1,-1.856830359E0,-1.770688742E-1,1.130848026E1,1.146127821E1
8.267592230E-1,4.699503899E0,-4.211367965E-1,1.006899738E1,1.111968531E1
8.291348480E-1,-5.359922886E0,-3.110669553E-1,8.623732567E0,1.015845950E1
8.315104200E-1,2.378465652E0,-5.838487148E-1,1.158604717E1,1.184206347E1
8.338859930E-1,9.619147182E-1,-6.747759581E-1,8.551948547E0,8.632289759E0
8.362615660E-1,-4.082155228E0,1.004985496E-1,1.024128056E1,1.102533077E1
8.386372430E-1,4.407579422E0,-9.188438654E-1,1.063370419E1,1.154758395E1
8.410127120E-1,-4.264009953E0,-3.541377485E-1,8.642875671E0,9.643987468E0
8.433882850E-1,3.780659735E-1,-3.684946895E-1,1.183011532E1,1.184188966E1
8.457638580E-1,3.689732552E0,-4.211367965E-1,9.102297783E0,9.830732802E0
8.481394830E-1,-5.383851051E0,-1.435693651E-1,9.116654396E0,1.058866619E1
8.505150560E-1,3.661018610E0,-8.566305041E-1,1.130369377E1,1.191261373E1
8.528906290E-1,-2.038684845E0,-5.072783828E-1,8.384450912E0,8.643644160E0
8.552662020E-1,-1.919043779E0,-9.092725813E-2,1.138504982E1,1.154601040E1
8.576417750E-1,4.522434711E0,-5.886343718E-1,9.920642853E0,1.091870234E1
8.600173480E-1,-5.383851051E0,-4.259224236E-1,8.599804878E0,1.015499414E1
8.623929200E-1,2.402393818E0,-5.503492355E-1,1.187318611E1,1.212629081E1
8.647684930E-1,1.205982566E0,-4.785645306E-1,8.513663292E0,8.611961484E0
8.671440660E-1,-4.259224415E0,2.871387079E-2,1.002592659E1,1.089316396E1
8.695196910E-1,4.115654945E0,-1.129412293E0,1.063848972E1,1.146261974E1
8.718952640E-1,-4.163511276E0,-4.211367965E-1,8.791230202E0,9.736421869E0
8.742708370E-1,6.125625968E-1,-3.924229145E-1,1.183011532E1,1.185246207E1
8.766464100E-1,3.536591768E0,-4.354937077E-1,9.044869423E0,9.721460743E0
8.790219830E-1,-5.694917679E0,-2.775674164E-1,9.121439934E0,1.075684887E1
8.813975560E-1,3.641875982E0,-7.752745152E-1,1.150947666E1,1.209679149E1
8.837731290E-1,-1.713261008E0,-5.934200287E-1,8.499305725E0,8.690547073E0
8.861487540E-1,-2.148754835E0,-3.397808075E-1,1.112183952E1,1.133260397E1
8.885243270E-1,4.273581028E0,-9.092726111E-1,9.968499184E0,1.088399042E1
8.908999000E-1,-5.335994720E0,-2.392822653E-1,8.906085968E0,1.038501146E1
8.932754730E-1,2.364108801E0,-6.364908218E-1,1.183968639E1,1.209017390E1
8.956510450E-1,1.320838094E0,-4.642075896E-1,8.537590981E0,8.651621912E0
8.980266180E-1,-4.565505505E0,-3.780659735E-1,9.949356079E0,1.095337668E1
9.004021910E-1,4.158725739E0,-8.470591903E-1,1.089212894E1,1.168978109E1
9.027777640E-1,-3.948157310E0,-4.115654826E-1,8.666803360E0,9.532618359E0
9.051533370E-1,5.120640397E-1,-3.445664644E-1,1.178225899E1,1.179841356E1
9.075289620E-1,3.278167009E0,-6.891329288E-1,9.006584167E0,9.609362180E0
9.099045350E-1,-5.632704735E0,-3.254238665E-1,9.078369141E0,1.068878148E1
9.122801080E-1,3.550948858E0,-6.173482537E-1,1.174397373E1,1.228459506E1
9.146556810E-1,-1.220339537E0,-3.637090325E-1,8.484949112E0,8.579969363E0
9.170312540E-1,-2.416750908E0,-1.722832322E-1,1.087298584E1,1.113966730E1
9.194068270E-1,4.130012035E0,-1.167697430E0,9.853643417E0,1.074778141E1
9.217824000E-1,-5.192425251E0,-2.249253243E-1,9.068798065E0,1.045251021E1
9.241579730E-1,2.775674343E0,-5.024927258E-1,1.188754272E1,1.221763230E1
9.265335980E-1,1.325623751E0,-3.349951804E-1,8.374878883E0,8.485758446E0
9.289091700E-1,-4.814359188E0,-1.627119333E-1,9.887143135E0,1.099818753E1
9.312847430E-1,4.235296249E0,-8.374879360E-1,1.089212894E1,1.171655211E1
9.336603160E-1,-3.393022537E0,-4.594219327E-1,8.901300430E0,9.537128488E0
9.360358890E-1,3.780659735E-1,-2.344966233E-1,1.160997581E1,1.161849650E1
9.384114620E-1,3.388236761E0,-7.274180651E-1,8.968298912E0,9.614555152E0
9.407870350E-1,-5.627918720E0,-1.531406492E-1,9.159725189E0,1.075162717E1
9.431626080E-1,3.890729666E0,-5.886343718E-1,1.162433243E1,1.227230101E1
9.455382330E-1,-8.422735929E-1,-1.722832322E-1,8.437092781E0,8.480780678E0
9.479138060E-1,-2.718246460E0,-2.201396823E-1,1.068156052E1,1.102420339E1
9.502893790E-1,4.307080746E0,-8.949156404E-1,9.920642853E0,1.085223356E1
9.526649520E-1,-4.852644444E0,-2.153540403E-1,9.049654961E0,1.027087096E1
9.550405250E-1,2.746960402E0,-3.684946895E-1,1.189232826E1,1.221102171E1
9.574160980E-1,1.473978758E0,-4.402793646E-1,8.274380684E0,8.416165101E0
9.597916700E-1,-5.000999451E0,-3.876372576E-1,9.652647018E0,1.087813645E1
9.621672430E-1,4.240081787E0,-6.747759581E-1,1.140419292E1,1.218561580E1
9.645428680E-1,-2.971885681E0,-1.435693651E-1,8.901300430E0,9.385407078E0
9.669184410E-1,-6.699903309E-2,-1.483550072E-1,1.113141060E1,1.113260077E1
9.692940140E-1,3.091526747E0,-9.475577474E-1,8.934800148E0,9.501897547E0
9.716695870E-1,-5.642275810E0,-2.632105052E-1,9.303294182E0,1.088374194E1
9.740451600E-1,4.000799656E0,-6.269195080E-1,1.180140114E1,1.247687841E1
9.764207330E-1,-8.566305041E-1,-2.440679073E-1,8.202595711E0,8.250815800E0
9.787963060E-1,-3.488735437E0,-3.972085714E-1,1.070548820E1,1.126661117E1
9.811718790E-1,4.163511276E0,-8.374879360E-1,1.013121128E1,1.098533815E1
9.835475040E-1,-4.536791801E0,-1.339980662E-1,9.207581520E0,1.026547577E1
9.859230770E-1,2.153540373E0,-5.599204898E-1,1.155254745E1,1.176488843E1
9.882986500E-1,1.564906001E0,-8.374879360E-1,8.417949677E0,8.603033976E0
9.906742230E-1,-5.292923450E0,-1.627119333E-1,9.695717812E0,1.104755438E1
9.930497950E-1,4.235296249E0,-7.417750359E-1,1.135633659E1,1.214307808E1
9.954253680E-1,-2.861815929E0,-1.052841991E-1,8.781659126E0,9.236807467E0
9.978009410E-1,-9.427721500E-1,-5.503492355E-1,1.097348499E1,1.102765054E1
1.000176514E0,3.570091486E0,-9.236295223E-1,9.494720459E0,1.018569395E1
1.002552139E0,-5.498706341E0,8.135596663E-2,9.174081802E0,1.069608186E1
1.004927712E0,3.632304668E0,-5.216353536E-1,1.153819084E1,1.210766652E1
1.007303285E0,-7.082754970E-1,-5.647061467E-1,8.240880966E0,8.290516649E0
1.009678858E0,-3.670589924E0,-4.977070987E-1,1.045663452E1,1.109333801E1
1.012054431E0,4.388436794E0,-6.317051649E-1,1.071506023E1,1.159611766E1
1.014430004E0,-4.287938118E0,-4.785645381E-2,9.073583603E0,1.003586683E1
1.016805577E0,1.603191137E0,-5.120640397E-1,1.130848026E1,1.143302922E1
1.019181150E0,1.933400750E0,-8.566305041E-1,8.638090134E0,8.893169032E0
1.021556775E0,-5.335994720E0,5.264209956E-2,9.456435204E0,1.085816640E1
1.023932348E0,4.460221291E0,-6.699903607E-1,1.147119141E1,1.232601693E1
1.026307920E0,-2.593819857E0,-1.627119333E-1,8.504091263E0,8.892353166E0
1.028683493E0,-1.416550994E0,-7.082754970E-1,1.093998528E1,1.105402862E1
1.031059066E0,3.962514400E0,-6.173482537E-1,9.839286804E0,1.062516842E1
1.033434639E0,-5.058426857E0,1.579262912E-1,9.121439934E0,1.043136086E1
1.035810212E0,3.675375462E0,-3.206382394E-1,1.142812061E1,1.200887732E1
1.038185785E0,-4.977070987E-1,-6.508477330E-1,8.188239098E0,8.229129641E0
1.040561358E0,-3.885943890E0,-3.541377485E-1,1.036570740E1,1.107582337E1
1.042936983E0,4.814359188E0,-5.934200287E-1,1.090170002E1,1.193219448E1
1.045312556E0,-3.871587038E0,1.818545163E-1,8.886942863E0,9.695360268E0
1.047688129E0,1.201196909E0,-4.307080805E-1,1.120798111E1,1.128039113E1
1.050063702E0,2.373680115E0,-8.709874153E-1,8.709874153E0,9.069447840E0
1.052439275E0,-5.101497650E0,1.962114573E-1,9.542576790E0,1.082240957E1
1.054814848E0,4.780859470E0,-5.216353536E-1,1.130369377E1,1.228422621E1
1.057190420E0,-2.565105915E0,-3.349951804E-1,8.346165657E0,8.737875674E0
1.059566045E0,-1.703689694E0,-4.594219327E-1,1.106919765E1,1.120895909E1
1.061941566E0,4.201796532E0,-5.264210105E-1,9.805787086E0,1.068108953E1
1.064317191E0,-4.800002098E0,2.249253243E-1,9.245866776E0,1.042001267E1
1.066692764E0,3.378665686E0,-5.216353536E-1,1.127498055E1,1.178187895E1
1.069068337E0,-1.531406492E-1,-7.465606928E-1,8.269595146E0,8.304637789E0
1.071443910E0,-4.240081787E0,-9.092725813E-2,1.037049294E1,1.120418159E1
1.073819483E0,4.914857864E0,-6.508477330E-1,1.082991505E1,1.191077204E1
1.076195056E0,-4.034298897E0,3.349951655E-2,8.867800713E0,9.742411369E0
1.078570681E0,6.508477330E-1,-7.465606928E-1,1.122712421E1,1.127072641E1
1.080946254E0,2.517249346E0,-7.369893789E-1,8.858229637E0,9.238394337E0
1.083321827E0,-5.158925533E0,1.531406492E-1,9.614361763E0,1.091209956E1
1.085697400E0,4.460221291E0,-4.929214716E-1,1.125583744E1,1.211736036E1
1.088072973E0,-2.871387243E0,-4.785645306E-1,8.173882484E0,8.676764580E0
1.090448545E0,-2.383251429E0,-7.417750359E-1,1.104048347E1,1.131911626E1
1.092824118E0,4.364508629E0,-6.795616150E-1,1.018385315E1,1.110052271E1
1.095199691E0,-4.900500774E0,1.483550072E-1,9.064012527E0,1.030501044E1
1.097575264E0,2.679961443E0,-5.742774606E-1,1.131326580E1,1.164053139E1
1.099950889E0,-2.105683982E-1,-9.571290612E-1,8.193024635E0,8.251429438E0
1.102326462E0,-4.493721008E0,-8.614161611E-2,1.053799057E1,1.145644771E1
1.104702035E0,4.847858906E0,-6.029912829E-1,1.097348499E1,1.201177370E1
1.107077608E0,-4.287938118E0,-4.019941986E-1,8.528019905E0,9.553802182E0
1.109453181E0,2.871387079E-2,-7.082754970E-1,1.148076344E1,1.150262612E1
1.111828754E0,2.703889608E0,-7.130611539E-1,9.025727272E0,9.448980263E0
1.114204327E0,-5.245067120E0,1.004985496E-1,9.662218094E0,1.099451170E1
1.116579900E0,4.067798615E0,-6.077769399E-1,1.127498055E1,1.200173174E1
1.118955473E0,-2.545963287E0,-7.848458290E-1,8.044670105E0,8.474351252E0
1.121331098E0,-2.761317253E0,-4.163511395E-1,1.116491032E1,1.150884198E1
1.123706670E0,4.584648132E0,-7.848458290E-1,1.022692394E1,1.123498798E1
1.126082243E0,-4.991427898E0,1.531406492E-1,9.078369141E0,1.036120605E1
1.128457816E0,2.368894339E0,-9.044869542E-1,1.125105190E1,1.153325305E1
1.130833389E0,4.211367965E-1,-7.130611539E-1,8.403593063E0,8.444299189E0
1.133208962E0,-4.455435753E0,0.000000000E0,1.042313576E1,1.133546059E1
1.135584535E0,4.986642361E0,-5.168496966E-1,1.093998528E1,1.203399408E1
1.137960108E0,-4.153940201E0,-5.838487148E-1,8.293522835E0,9.294009873E0
1.140335733E0,-1.579262912E-1,-4.737788737E-1,1.158604717E1,1.159680543E1
1.142711306E0,3.431307554E0,-6.891329288E-1,9.178867340E0,9.823460764E0
1.145086879E0,-4.924428940E0,2.775674164E-1,9.461220741E0,1.066966457E1
1.147462452E0,4.000799656E0,-7.800601721E-1,1.118405342E1,1.190369450E1
1.149838025E0,-1.909472466E0,-6.987041831E-1,8.154739380E0,8.404406403E0
1.152213598E0,-2.679961443E0,-1.531406492E-1,1.133719349E1,1.165064812E1
1.154589170E0,5.139782906E0,-5.359922647E-1,1.019820976E1,1.143276600E1
1.156964743E0,-4.871787071E0,-1.770688742E-1,8.796015739E0,1.005661750E1
1.159340316E0,2.220539331E0,-6.221339107E-1,1.147119141E1,1.170068707E1
1.161715941E0,1.196411371E0,-5.982056856E-1,8.398807526E0,8.504658610E0
1.164091514E0,-4.273581028E0,6.699903309E-2,1.030349445E1,1.115481876E1
1.166467087E0,4.934000492E0,-5.312066078E-1,1.087777138E1,1.195627247E1
1.168842660E0,-3.761517286E0,-6.652047038E-1,8.331808090E0,9.165726138E0
1.171218233E0,-3.493520916E-1,-3.349951804E-1,1.177268696E1,1.178263243E1
1.173593806E0,3.996013880E0,-6.939185858E-1,9.284152031E0,1.013139323E1
1.175969379E0,-5.082355499E0,1.387837082E-1,9.260223389E0,1.056415333E1
1.178344952E0,3.795016766E0,-7.752745152E-1,1.131805134E1,1.196250346E1
1.180720577E0,-1.550549030E0,-4.594219327E-1,8.236095428E0,8.393362777E0
1.183096150E0,-2.780459881E0,-2.584248483E-1,1.115533924E1,1.149953626E1
1.185471723E0,5.163711071E0,-4.354937077E-1,1.026999474E1,1.150331946E1
1.187847295E0,-4.881358147E0,-3.349951804E-1,8.666803360E0,9.952555431E0
1.190222868E0,1.890329838E0,-6.556333899E-1,1.159561825E1,1.176696922E1
1.192598441E0,1.435693622E0,-7.274180651E-1,8.484949112E0,8.636244244E0
1.194974014E0,-4.374079704E0,1.627119333E-1,1.021735287E1,1.111545537E1
1.197349639E0,4.599005222E0,-6.747759581E-1,1.094477081E1,1.189092847E1
1.199725212E0,-3.876372576E0,-6.604190469E-1,8.274380684E0,9.161211348E0
1.202100785E0,-5.790630579E-1,-3.493520916E-1,1.182532978E1,1.184465218E1
1.204476358E0,4.173082829E0,-5.934200287E-1,9.284152031E0,1.019618784E1
1.206851931E0,-5.326423168E0,-7.657032460E-2,9.126225471E0,1.056714901E1
1.209227504E0,3.416950703E0,-8.566305041E-1,1.129890823E1,1.183531559E1
1.211603077E0,-1.560120344E0,-4.498506486E-1,8.293522835E0,8.450968116E0
1.213978650E0,-2.799602509E0,-2.009970993E-1,1.115533924E1,1.150303297E1
1.216354223E0,4.814359188E0,-4.689932466E-1,1.030349445E1,1.138244293E1
1.218729795E0,-5.134997368E0,-4.929214716E-1,8.609375954E0,1.003655936E1
1.221105420E0,1.674975872E0,-3.972085714E-1,1.178225899E1,1.190734839E1
1.223480993E0,1.703689694E0,-6.891329288E-1,8.556734085E0,8.751866142E0
1.225856566E0,-4.694717884E0,-1.052841991E-1,9.920642853E0,1.097591069E1
1.228232139E0,4.378865242E0,-6.987041831E-1,1.099262714E1,1.185329068E1
1.230607712E0,-3.761517286E0,-3.014956415E-1,8.480163574E0,9.281868678E0
1.232983285E0,-5.982056856E-1,-4.450650215E-1,1.163868904E1,1.166254756E1
1.235358858E0,4.173082829E0,-5.312066078E-1,9.480362892E0,1.037179258E1
1.237734431E0,-5.316852093E0,-2.153540403E-1,8.977870941E0,1.043635282E1
1.240110056E0,3.378665686E0,-5.120640397E-1,1.149512005E1,1.199230488E1
1.242485629E0,-1.373480201E0,-4.450650215E-1,8.173882484E0,8.300414785E0
1.244861202E0,-2.689532757E0,-2.201396823E-1,1.094955635E1,1.127718193E1
1.247236775E0,4.776073933E0,-7.274180651E-1,1.027478027E1,1.135390369E1
1.249612348E0,-4.895715237E0,-2.009970993E-1,8.647661209E0,9.939339611E0
1.251987920E0,1.852044702E0,-4.402793646E-1,1.171047401E1,1.186419475E1
1.254363493E0,1.765903115E0,-4.977070987E-1,8.547162056E0,8.741859378E0
1.256739066E0,-4.517649174E0,-1.722832322E-1,9.781859398E0,1.077606648E1
1.259114639E0,4.426722050E0,-6.795616150E-1,1.107398319E1,1.194532443E1
1.261490264E0,-3.665804386E0,-3.828516304E-1,8.370093346E0,9.145663441E0
1.263865837E0,-5.742774159E-2,-4.019941986E-1,1.175833035E1,1.176534019E1
1.266241410E0,3.938585997E0,-6.556333899E-1,9.245866776E0,1.007116514E1
1.268616983E0,-5.264209747E0,-3.302095234E-1,9.044869423E0,1.047046348E1
1.270992556E0,3.584448338E0,-5.838487148E-1,1.168654537E1,1.223783036E1
1.273368129E0,-1.335195065E0,-4.929214716E-1,8.221738815E0,8.344022207E0
1.275743702E0,-2.344966173E0,-1.579262912E-1,1.100698376E1,1.125510988E1
1.278119327E0,4.512863636E0,-1.143769264E0,9.978070259E0,1.101072352E1
1.280494848E0,-5.024927616E0,-2.871387303E-1,8.953942299E0,1.027158356E1
1.282870473E0,2.354537487E0,-5.694918036E-1,1.177268696E1,1.201933134E1
1.285246045E0,1.488335729E0,-4.546363056E-1,8.542376518E0,8.682973799E0
1.287621618E0,-4.632504463E0,-3.014956415E-1,9.877572060E0,1.091409305E1
1.289997191E0,4.374079704E0,-9.044869542E-1,1.092562866E1,1.180339068E1
1.292372764E0,-3.838087559E0,-4.785645306E-1,8.738588333E0,9.556299816E0
1.294748337E0,5.168496966E-1,-4.307080805E-1,1.177747345E1,1.179667427E1
1.297123910E0,3.297309637E0,-6.987041831E-1,8.953942299E0,9.567315249E0
1.299499483E0,-5.570491314E0,-3.780659735E-1,9.145368576E0,1.071499294E1
1.301875108E0,3.646661758E0,-7.561319470E-1,1.174875927E1,1.232490251E1
1.304250681E0,-1.421336651E0,-4.211367965E-1,8.542376518E0,8.670049057E0
1.306626254E0,-2.316252232E0,-1.483550072E-1,1.093519974E1,1.117880257E1
1.309001827E0,4.034298897E0,-1.110269666E0,9.757930756E0,1.061722558E1
1.311377400E0,-5.249852657E0,-2.871387303E-1,9.078369141E0,1.049095743E1
1.313752973E0,2.928814888E0,-6.556333899E-1,1.194497108E1,1.231625536E1
1.316128545E0,9.762716293E-1,-3.924229145E-1,8.274380684E0,8.341011794E0
1.318504118E0,-4.761716843E0,-3.110669553E-1,1.009292603E1,1.116413300E1
1.320879743E0,4.287938118E0,-8.135597110E-1,1.089691448E1,1.173844274E1
1.323255316E0,-3.708875179E0,-2.679961324E-1,8.910871506E0,9.655630897E0
1.325630889E0,6.747759581E-1,-4.307080805E-1,1.147119141E1,1.149908972E1
1.328006462E0,2.976671457E0,-8.039883971E-1,8.949156761E0,9.465430632E0
1.330382035E0,-5.608776093E0,4.785645287E-3,9.217152596E0,1.078954559E1
1.332757608E0,3.943371773E0,-6.699903607E-1,1.153340530E1,1.220731362E1
1.335133181E0,-1.502692580E0,-1.914258152E-1,8.580661774E0,8.713350980E0
1.337508754E0,-2.282752752E0,-4.833501875E-1,1.073420238E1,1.098488454E1
1.339884327E0,4.268795490E0,-6.987041831E-1,9.997213364E0,1.089289115E1
1.342259952E0,-5.067998409E0,1.148554832E-1,8.963513374E0,1.029768769E1
1.344635525E0,3.077169895E0,-4.785645306E-1,1.164826107E1,1.205736225E1
1.347011098E0,7.848458290E-1,-6.173482537E-1,8.274380684E0,8.334415249E0
1.349386670E0,-4.326223373E0,-2.201396823E-1,1.005942631E1,1.095247588E1
1.351762243E0,4.407579422E0,-5.982056856E-1,1.102134132E1,1.188505663E1
1.354137816E0,-3.479164124E0,-7.178468257E-2,8.925228119E0,9.579636372E0
1.356513389E0,7.130611539E-1,-4.115654826E-1,1.127498055E1,1.130500016E1
1.358888962E0,3.129812002E0,-8.997012973E-1,8.982656479E0,9.554752902E0
1.361264587E0,-5.417350292E0,4.785645287E-3,9.260223389E0,1.072844091E1
1.363640160E0,4.264009953E0,-7.034898400E-1,1.164826107E1,1.242411626E1
1.366015733E0,-1.665404558E0,-2.392822653E-1,8.350951195E0,8.518756611E0
1.368391306E0,-2.378465652E0,-6.125625968E-1,1.081077290E1,1.108625917E1
1.370766879E0,4.321437836E0,-8.853443861E-1,1.004506969E1,1.097096554E1
1.373142452E0,-4.833501816E0,9.571290575E-3,9.150154114E0,1.034834053E1
1.375518025E0,3.072384357E0,-4.067798555E-1,1.149512005E1,1.190557854E1
1.377893598E0,3.684946895E-1,-7.130611539E-1,8.202595711E0,8.241772925E0
1.380269223E0,-4.675575256E0,-4.929214716E-1,1.007378292E1,1.111688256E1
1.382644795E0,4.704289436E0,-7.369893789E-1,1.121276665E1,1.218193861E1
1.385020368E0,-3.637090445E0,-6.699903309E-2,8.776873589E0,9.500864474E0
1.387395941E0,1.866401732E-1,-3.972085714E-1,1.138026428E1,1.138872356E1
1.389771514E0,2.837887764E0,-9.906286001E-1,8.819944382E0,9.318066907E0
1.392147087E0,-5.541777134E0,-1.196411327E-1,9.470791817E0,1.097367329E1
1.394522660E0,4.331008911E0,-6.412764788E-1,1.174875927E1,1.253803087E1
1.396898233E0,-2.067398787E0,-2.919243574E-1,8.121239662E0,8.385337872E0
1.399273806E0,-2.842673302E0,-6.269195080E-1,1.073420238E1,1.112191172E1
1.401649379E0,4.197010994E0,-7.034898400E-1,1.027956581E1,1.112561335E1
1.404025004E0,-4.780859470E0,1.052841991E-1,9.226723671E0,1.039231118E1
1.406400577E0,2.723032236E0,-3.684946895E-1,1.137069321E1,1.169800654E1
1.408776150E0,3.349951804E-1,-8.470591903E-1,8.159524918E0,8.210211807E0
1.411151723E0,-4.905286312E0,-2.440679073E-1,1.007856941E1,1.121155495E1
1.413527295E0,4.728217602E0,-6.269195080E-1,1.129890823E1,1.226435473E1
1.415902868E0,-3.656233072E0,3.349951655E-2,8.571090698E0,9.318409642E0
1.418278441E0,-1.339980662E-1,-4.450650215E-1,1.114576817E1,1.115545545E1
1.420654014E0,2.919243574E0,-8.566305041E-1,9.092725754E0,9.588193808E0
1.423029639E0,-5.206781864E0,2.201396823E-1,9.533005714E0,1.086449432E1
1.425405212E0,4.244867325E0,-4.259224236E-1,1.135155106E1,1.212674812E1
1.427780785E0,-1.923829436E0,-4.642075896E-1,7.977670670E0,8.219479162E0
1.430156358E0,-3.034099102E0,-4.115654826E-1,1.077727318E1,1.120378332E1
1.432531931E0,4.675575256E0,-6.077769399E-1,1.039920712E1,1.141813931E1
1.434907504E0,-4.445864677E0,2.105683982E-1,9.016156197E0,1.005490549E1
1.437283077E0,2.273181438E0,-3.589234054E-1,1.130369377E1,1.153558290E1
1.439658650E0,1.000199914E0,-8.614161611E-1,8.226524353E0,8.331754953E0
1.442034223E0,-4.742574692E0,1.914258115E-2,1.001635551E1,1.108240763E1
1.444409848E0,5.077569485E0,-5.407779217E-1,1.112662506E1,1.224238285E1
1.446785420E0,-3.503092289E0,-3.206382394E-1,8.365307808E0,9.074846510E0
1.449160993E0,-5.216353536E-1,-4.594219327E-1,1.135633659E1,1.137758994E1
1.451536566E0,3.613162279E0,-6.364908218E-1,9.221938133E0,9.924928471E0
1.453912139E0,-4.996213913E0,2.009970993E-1,9.389435768E0,1.063785962E1
1.456287712E0,3.996013880E0,-6.987041831E-1,1.125105190E1,1.196003693E1
1.458663285E0,-1.349551916E0,-7.513462901E-1,8.068597794E0,8.215113023E0
1.461038858E0,-3.287738323E0,-5.742774159E-2,1.099741268E1,1.147848452E1
1.463414431E0,4.934000492E0,-7.082754970E-1,1.026999474E1,1.141572630E1
1.465790056E0,-4.661218643E0,-2.009970993E-1,8.901300430E0,1.004990092E1
1.468165629E0,1.952543259E0,-5.982056856E-1,1.155254745E1,1.173165069E1
1.470541202E0,1.493121386E0,-6.077769399E-1,8.336593628E0,8.491030420E0
1.472916775E0,-4.934000492E0,9.571290575E-3,9.987641335E0,1.113990269E1
1.475292348E0,4.766502857E0,-5.934200287E-1,1.119841003E1,1.218507629E1
1.477667920E0,-3.479164124E0,-4.881358147E-1,8.365307808E0,9.073104997E0
1.480043493E0,-9.954141974E-1,-4.546363056E-1,1.137069321E1,1.142323105E1
1.482419066E0,3.799802303E0,-7.944171429E-1,9.418149948E0,1.018681229E1
1.484794639E0,-5.096712112E0,2.727817893E-1,9.370293617E0,1.067020556E1
1.487170264E0,3.632304668E0,-6.556333899E-1,1.126062298E1,1.185011064E1
1.489545837E0,-1.526620865E0,-8.518448472E-1,8.078168869E0,8.265169277E0
1.491921410E0,-3.383451223E0,-1.244267747E-1,1.117448139E1,1.167614057E1
1.494296983E0,5.034498692E0,-5.359922647E-1,1.033699417E1,1.151029597E1
1.496672556E0,-4.852644444E0,-1.100698411E-1,8.796015739E0,1.004640067E1
1.499048129E0,1.598405480E0,-8.757730722E-1,1.144726372E1,1.159145052E1
1.501423702E0,1.450050473E0,-5.982056856E-1,8.580661774E0,8.722858069E0
1.503799275E0,-4.699503899E0,1.196411327E-1,1.008814049E1,1.112970033E1
1.506174900E0,4.642076015E0,-6.077769399E-1,1.111705399E1,1.206263453E1
1.508550473E0,-3.699303865E0,-6.843472719E-1,8.202595711E0,9.024176232E0
1.510926045E0,-7.609176040E-1,-1.866401732E-1,1.165304661E1,1.167935467E1
1.513301618E0,4.024727821E0,-6.699903607E-1,9.241081238E0,1.010172775E1
1.515677191E0,-5.240281582E0,2.871387079E-2,9.169296265E0,1.056112539E1
1.518052764E0,3.699303865E0,-6.891329288E-1,1.138983536E1,1.199533671E1
1.520428337E0,-1.402194023E0,-4.929214716E-1,8.078168869E0,8.213764784E0
1.522803910E0,-2.995813847E0,-2.297109663E-1,1.110748291E1,1.150668694E1
1.525179483E0,5.091926575E0,-4.977070987E-1,1.028913784E1,1.149094366E1
1.527555108E0,-4.780859470E0,-3.397808075E-1,8.604590416E0,9.849418485E0
1.529930681E0,1.976471543E0,-3.445664644E-1,1.175354481E1,1.192354735E1
1.532306254E0,1.560120344E0,-6.460621357E-1,8.207381248E0,8.379288677E0
1.534681827E0,-4.378865242E0,1.052841991E-1,1.010249710E1,1.101117583E1
1.537057400E0,4.752145767E0,-7.465606928E-1,1.100698376E1,1.201224099E1
1.539432973E0,-3.498306751E0,-4.402793646E-1,8.307880402E0,9.025124532E0
1.541808545E0,-3.828516304E-1,-2.536391914E-1,1.171047401E1,1.171947566E1
1.544184118E0,4.287938118E0,-5.503492355E-1,9.236295700E0,1.019796332E1
1.546559743E0,-5.173282623E0,-6.221338734E-2,9.064012527E0,1.043662046E1
1.548935316E0,3.771088600E0,-6.364908218E-1,1.139940739E1,1.202383959E1
1.551310889E0,-1.435693622E0,-4.642075896E-1,8.250452042E0,8.387291801E0
1.553686462E0,-2.488535643E0,-2.584248483E-1,1.120319557E1,1.147916304E1
1.556062035E0,5.034498692E0,-5.503492355E-1,1.013599682E1,1.133082048E1
1.558437608E0,-4.972285271E0,-4.594219327E-1,8.666803360E0,1.000240820E1
1.560813181E0,2.043470621E0,-3.972085714E-1,1.181097221E1,1.199302345E1
1.563188754E0,1.483550072E0,-6.460621357E-1,8.389236450E0,8.543863606E0
1.565564327E0,-4.335794449E0,-1.004985496E-1,1.004506969E1,1.094132710E1
1.567939952E0,4.541577339E0,-7.944171429E-1,1.094477081E1,1.187623810E1
1.570315525E0,-3.996013880E0,-4.019941986E-1,8.475378036E0,9.378793053E0
1.572691098E0,-7.178468257E-2,-4.785645306E-1,1.174397373E1,1.175393960E1
1.575066670E0,3.866801500E0,-5.599204898E-1,9.217152596E0,1.001107221E1
1.577442243E0,-5.369493961E0,-2.919243574E-1,9.169296265E0,1.062980147E1
1.579817816E0,3.670589924E0,-6.699903607E-1,1.146640587E1,1.205821633E1
1.582193389E0,-2.000399828E0,-6.843472719E-1,8.221738815E0,8.489223746E0
1.584568962E0,-2.196611166E0,-2.297109663E-1,1.141854954E1,1.163018234E1
1.586944535E0,4.450650215E0,-6.556333899E-1,9.968499184E0,1.093659538E1
1.589320160E0,-5.407779217E0,-4.642075896E-1,8.647661209E0,1.020987802E1
1.591695733E0,2.292324066E0,-6.317051649E-1,1.191625690E1,1.215117195E1
1.594071306E0,1.038485050E0,-5.312066078E-1,8.513663292E0,8.593200469E0
1.596446879E0,-4.273581028E0,7.657032460E-2,1.020299530E1,1.106211874E1
1.598822452E0,4.091726780E0,-1.086341500E0,1.052841949E1,1.134768624E1
1.601198025E0,-4.441078663E0,-4.833501875E-1,8.642875671E0,9.729137010E0
1.603573598E0,7.752745152E-1,-4.546363056E-1,1.203589821E1,1.206940721E1
1.605949170E0,3.364308596E0,-4.881358147E-1,8.815158844E0,9.447956094E0
1.608324743E0,-5.661418438E0,-2.344966233E-1,9.265008926E0,1.086034243E1
1.610700368E0,3.675375462E0,-7.561319470E-1,1.135155106E1,1.195566107E1
1.613075941E0,-2.005185366E0,-5.599204898E-1,8.461020470E0,8.713388933E0
1.615451514E0,-1.636690736E0,-2.105683982E-1,1.134676456E1,1.146613107E1
1.617827087E0,4.297509670E0,-7.609176040E-1,9.705288887E0,1.064143869E1
1.620202660E0,-5.508277893E0,-2.632105052E-1,8.729017258E0,1.032502530E1
1.622578233E0,2.837887764E0,-6.077769399E-1,1.187318611E1,1.222274716E1
1.624953806E0,1.028913736E0,-4.259224236E-1,8.494520187E0,8.567201795E0
1.627329379E0,-4.153940201E0,-1.579262912E-1,1.005942631E1,1.088449436E1
1.629704952E0,4.364508629E0,-9.523434043E-1,1.059541893E1,1.149864322E1
1.632080525E0,-4.182653904E0,-4.354937077E-1,8.839086533E0,9.788447230E0
1.634456150E0,1.205982566E0,-3.541377485E-1,1.187797165E1,1.194428809E1
1.636831723E0,3.196810961E0,-5.216353536E-1,8.714659691E0,9.297149955E0
1.639207295E0,-5.632704735E0,-2.775674164E-1,9.236295700E0,1.082190208E1
1.641582868E0,3.890729666E0,-8.087740541E-1,1.158604717E1,1.224860734E1
1.643958441E0,-1.622333765E0,-3.589234054E-1,8.662017822E0,8.819940227E0
1.646334014E0,-1.694118381E0,-2.297109663E-1,1.101655579E1,1.114842166E1
1.648709587E0,4.024727821E0,-9.858429432E-1,9.614361763E0,1.046930143E1
1.651085212E0,-5.407779217E0,-2.632105052E-1,9.078369141E0,1.057024797E1
1.653460785E0,3.259024382E0,-6.508477330E-1,1.200239849E1,1.245401189E1
1.655836358E0,7.274180651E-1,-3.924229145E-1,8.169096947E0,8.210802501E0
1.658211931E0,-4.532006264E0,-2.105683982E-1,1.023170948E1,1.119246616E1
1.660587504E0,4.311866283E0,-8.949156404E-1,1.080120182E1,1.166443422E1
1.662963077E0,-3.818944931E0,-4.115654826E-1,8.968298912E0,9.756234515E0
1.665338650E0,8.853443861E-1,-4.594219327E-1,1.159561825E1,1.163843915E1
1.667714223E0,2.861815929E0,-8.231309652E-1,8.901300430E0,9.386196479E0
1.670089795E0,-5.685346603E0,-1.244267747E-1,9.293723106E0,1.089550078E1
1.672465368E0,3.967299938E0,-7.992027402E-1,1.160997581E1,1.229511009E1
1.674840993E0,-1.703689694E0,-3.158525825E-1,8.609375954E0,8.782008639E0
1.677216566E0,-2.301895380E0,-4.019941986E-1,1.084427261E1,1.109317674E1
1.679592139E0,4.120440483E0,-8.901300430E-1,9.963713646E0,1.081877770E1
1.681967712E0,-5.278566837E0,-1.387837082E-1,8.982656479E0,1.041972390E1
1.684343285E0,2.986242771E0,-5.072783828E-1,1.168175983E1,1.206807731E1
1.686718858E0,6.221339107E-1,-5.072783828E-1,8.341380119E0,8.379916721E0
1.689094431E0,-4.776073933E0,-3.780659735E-1,9.891928673E0,1.099109044E1
1.691470004E0,4.287938118E0,-7.417750359E-1,1.117926693E1,1.199635997E1
1.693845577E0,-3.565305710E0,-1.148554832E-1,8.949156761E0,9.633898656E0
1.696221202E0,3.397808075E-1,-2.201396823E-1,1.127498055E1,1.128224706E1
1.698596775E0,2.804388046E0,-9.858429432E-1,8.805587769E0,9.293807324E0
1.700972348E0,-5.723631859E0,-1.770688742E-1,9.308079720E0,1.092847945E1
1.703347920E0,4.287938118E0,-6.221339107E-1,1.184925747E1,1.261659092E1
1.705723493E0,-1.579262972E0,-1.962114573E-1,8.178668022E0,8.332057434E0
1.708099066E0,-2.933600664E0,-1.866401732E-1,1.077727318E1,1.117096525E1
1.710474639E0,4.158725739E0,-9.714859724E-1,9.987641335E0,1.086240140E1
1.712850212E0,-4.867001057E0,-2.775674164E-1,9.107083321E0,1.032974877E1
1.715225785E0,2.684746981E0,-4.929214716E-1,1.167697430E1,1.199177079E1
1.717601410E0,1.048056364E0,-6.317051649E-1,8.327022552E0,8.416458765E0
1.719976983E0,-5.197210789E0,-3.302095234E-1,9.753145218E0,1.105639543E1
1.722352556E0,4.445864677E0,-7.226324677E-1,1.131805134E1,1.218138730E1
1.724728129E0,-3.062813044E0,-1.387837082E-1,8.863015175E0,9.378332616E0
1.727103702E0,-4.689932466E-1,-4.115654826E-1,1.115533924E1,1.117277649E1
1.729479275E0,3.311666489E0,-9.714859724E-1,9.145368576E0,9.774900834E0
1.731854848E0,-5.517848969E0,-1.292124242E-1,9.260223389E0,1.078031031E1
1.734230420E0,4.110869408E0,-6.699903607E-1,1.169133186E1,1.241109887E1
1.736606045E0,-1.009771109E0,-3.828516304E-1,8.202595711E0,8.273378358E0
1.738981566E0,-3.589233875E0,-6.604190469E-1,1.041835022E1,1.103905677E1
1.741357191E0,4.450650215E0,-7.465606928E-1,1.074855900E1,1.165749376E1
1.743732764E0,-4.220939159E0,-1.435693540E-2,9.126225471E0,1.005507458E1
1.746108337E0,1.971685886E0,-2.775674164E-1,1.124148083E1,1.141645655E1
1.748483910E0,1.713261008E0,-9.667003751E-1,8.327022552E0,8.556230332E0
1.750859483E0,-5.302495003E0,-3.254238665E-1,9.714859962E0,1.107252717E1
1.753235056E0,4.862215519E0,-7.226324677E-1,1.154776192E1,1.255046385E1
1.755610629E0,-2.483749866E0,-1.100698411E-1,8.389236450E0,8.749880970E0
1.757986254E0,-1.497906923E0,-4.402793646E-1,1.105484104E1,1.116454574E1
1.760361827E0,3.957728624E0,-9.571290612E-1,9.537791252E0,1.037059178E1
1.762737400E0,-4.886143684E0,2.392822690E-2,9.370293617E0,1.056775166E1
1.765112973E0,3.718446493E0,-5.599204898E-1,1.150947666E1,1.210819591E1
1.767488545E0,-1.387837082E-1,-6.173482537E-1,8.073383331E0,8.098141651E0
1.769864118E0,-4.225724697E0,-3.684946895E-1,1.022692394E1,1.107169864E1
1.772239691E0,4.771288395E0,-7.082754970E-1,1.107398319E1,1.207890520E1
1.774615264E0,-3.651447296E0,-2.392822690E-2,8.891729355E0,9.612309339E0
1.776990837E0,8.135597110E-1,-4.307080805E-1,1.117926693E1,1.121710292E1
1.779366410E0,2.761317253E0,-9.092726111E-1,8.930013657E0,9.391314794E0
1.781742035E0,-5.412564754E0,8.614161611E-2,9.322437286E0,1.078012591E1
1.784117608E0,4.532006264E0,-6.077769399E-1,1.143290615E1,1.231339988E1
1.786493181E0,-1.914258122E0,-3.972085714E-1,8.226524353E0,8.455640824E0
1.788868754E0,-2.522035122E0,-4.977070987E-1,1.081077290E1,1.111220879E1
1.791244327E0,4.450650215E0,-5.934200287E-1,1.017906761E1,1.112536975E1
1.793619900E0,-4.622933388E0,1.148554832E-1,9.145368576E0,1.024804719E1
1.795995473E0,2.593819857E0,-4.546363056E-1,1.141376400E1,1.171360765E1
1.798371045E0,1.062413216E0,-7.513462901E-1,8.327022552E0,8.428080901E0
1.800746566E0,-4.905286312E0,-9.571290761E-2,9.805787086E0,1.096469129E1
1.803122243E0,4.675575256E0,-7.322037220E-1,1.138983536E1,1.233391567E1
1.805497816E0,-3.201596737E0,-4.785645287E-3,8.513663292E0,9.095752152E0
1.807873389E0,-5.599204898E-1,-5.982056856E-1,1.101655579E1,1.104698431E1
1.810248962E0,3.603590965E0,-8.231309652E-1,9.552147865E0,1.024240896E1
1.812624535E0,-5.273781300E0,1.722832322E-1,9.332008362E0,1.072048650E1
1.815000108E0,4.000799656E0,-4.354937077E-1,1.136590767E1,1.205735916E1
1.817375681E0,-1.129412293E0,-6.460621357E-1,8.183453560E0,8.286246471E0
1.819751254E0,-3.680161238E0,-4.163511395E-1,1.047577763E1,1.111120389E1
1.822126827E0,4.685146809E0,-6.364908218E-1,1.071027374E1,1.170750549E1
1.824502452E0,-4.144368649E0,5.264209956E-2,8.992227554E0,9.901450352E0
1.826878025E0,1.311266780E0,-5.216353536E-1,1.129890823E1,1.138669624E1
1.829253598E0,2.091326952E0,-8.614161611E-1,8.647661209E0,8.938553049E0
1.831629170E0,-5.297709465E0,1.627119333E-1,9.494720459E0,1.087390994E1
1.834004743E0,4.536791801E0,-6.269195080E-1,1.153819084E1,1.241391783E1
1.836380316E0,-2.636890650E0,-4.450650215E-1,8.207381248E0,8.632055499E0
1.838755889E0,-1.871187329E0,-4.833501875E-1,1.095912743E1,1.112822732E1
1.841131462E0,3.991228104E0,-6.077769399E-1,9.997213364E0,1.078163112E1
1.843507035E0,-4.924428940E0,1.627119333E-1,9.097511292E0,1.034607110E1
1.845882608E0,3.062813044E0,-5.647061467E-1,1.132283688E1,1.174335351E1
1.848258233E0,1.866401732E-1,-7.896314859E-1,8.221738815E0,8.261679102E0
1.850633806E0,-4.594219685E0,8.614161611E-2,1.015992451E1,1.115071033E1
1.853009379E0,4.646861553E0,-6.987041831E-1,1.101655579E1,1.197689489E1
1.855384952E0,-3.780659676E0,-2.392822653E-1,8.633303642E0,9.427861654E0
1.857760525E0,2.153540403E-1,-5.790630579E-1,1.131326580E1,1.133012244E1
1.860136098E0,3.005385160E0,-6.556333899E-1,9.116654396E0,9.621620575E0
1.862511670E0,-5.469992638E0,1.770688742E-1,9.312865257E0,1.080192724E1
1.864887243E0,4.134797573E0,-5.216353536E-1,1.151426220E1,1.224528025E1
1.867262868E0,-1.794616938E0,-6.747759581E-1,8.049455643E0,8.274642511E0
1.869638441E0,-3.014956474E0,-3.780659735E-1,1.084905815E1,1.126654158E1
1.872014014E0,4.488935471E0,-7.465606928E-1,1.032742214E1,1.128554574E1
1.874389587E0,-4.613361835E0,1.052841991E-1,9.140582085E0,1.023935706E1
1.876765160E0,2.091326952E0,-7.082754970E-1,1.120798111E1,1.142340331E1
1.879140733E0,1.201196909E0,-9.092726111E-1,8.475378036E0,8.608233475E0
1.881516306E0,-4.991427898E0,1.914258115E-2,9.978070259E0,1.115690840E1
1.883891879E0,4.862215519E0,-7.513462901E-1,1.123669529E1,1.226657988E1
1.886267452E0,-3.512663603E0,-5.072783828E-1,8.417949677E0,9.135535764E0
1.888643077E0,-7.609176040E-1,-4.833501875E-1,1.135633659E1,1.139205881E1
1.891018650E0,3.632304668E0,-7.417750359E-1,9.341579437E0,1.005032207E1
1.893394170E0,-5.048855782E0,5.264209956E-2,9.384650230E0,1.065670567E1
1.895769795E0,3.804588079E0,-6.795616150E-1,1.146640587E1,1.210021314E1
1.898145368E0,-1.062413216E0,-8.183453679E-1,8.078168869E0,8.188725374E0
1.900520941E0,-3.589233875E0,-1.531406492E-1,1.081555843E1,1.139659406E1
1.902896514E0,4.814359188E0,-8.518448472E-1,1.058106136E1,1.165600933E1
1.905272087E0,-4.426722050E0,-2.201396823E-1,8.901300430E0,9.943715550E0
1.907647660E0,1.732403636E0,-7.082754970E-1,1.149512005E1,1.164648709E1
1.910023181E0,1.794616938E0,-7.896314859E-1,8.542376518E0,8.764494533E0
1.912398858E0,-5.063212872E0,-9.571290575E-3,9.944570541E0,1.115933239E1
1.914774431E0,4.800002098E0,-7.226324677E-1,1.128455162E1,1.228427137E1
1.917150004E0,-3.239881754E0,-7.561319470E-1,8.255238533E0,8.900423166E0
1.919525577E0,-1.134197950E0,-3.684946895E-1,1.152383423E1,1.158537650E1
1.921901150E0,3.938585997E0,-7.944171429E-1,9.485149384E0,1.030104932E1
1.924276723E0,-5.067998409E0,-5.264209956E-2,9.332008362E0,1.061949901E1
1.926652295E0,3.565305710E0,-7.657032609E-1,1.144726372E1,1.201405647E1
1.929027868E0,-7.513462901E-1,-7.752745152E-1,8.173882484E0,8.244872752E0
1.931403441E0,-3.795016766E0,-2.057827413E-1,1.085862923E1,1.150453508E1
1.933779066E0,4.996213913E0,-7.417750359E-1,1.067198944E1,1.180693619E1
1.936154639E0,-4.455435753E0,-1.914258152E-1,8.800801277E0,9.866187446E0
1.938530212E0,1.416550994E0,-7.513462901E-1,1.145683479E1,1.156850040E1
1.940905785E0,1.765903115E0,-7.944171429E-1,8.647661209E0,8.861803247E0
1.943281358E0,-4.838287354E0,1.196411327E-1,1.011685371E1,1.121490382E1
1.945656931E0,4.713860512E0,-4.785645306E-1,1.116491032E1,1.212867377E1
1.948032452E0,-3.503092289E0,-6.508477330E-1,8.102097511E0,8.850945850E0
1.950408077E0,-1.354337573E0,-5.264210105E-1,1.143769264E1,1.152962108E1
1.952783650E0,4.153940201E0,-8.374879360E-1,9.772287369E0,1.065148842E1
1.955159223E0,-5.020142078E0,2.775674164E-1,9.217152596E0,1.049927484E1
1.957534848E0,3.416950703E0,-6.843472719E-1,1.119362450E1,1.172352817E1
1.959910420E0,-1.277767301E0,-8.183453679E-1,8.178668022E0,8.318232326E0
1.962285993E0,-3.388236761E0,-2.105683982E-1,1.109791183E1,1.160552172E1
1.964661566E0,5.211567879E0,-4.642075896E-1,1.046620655E1,1.170117122E1
1.967037139E0,-4.800002098E0,4.785645287E-3,8.609375954E0,9.857048106E0
1.969412660E0,1.167697430E0,-1.014556766E0,1.129890823E1,1.140430489E1
1.971788285E0,2.014756680E0,-6.843472719E-1,8.949156761E0,9.198640247E0
1.974163858E0,-4.527220249E0,1.914258152E-1,9.844072342E0,1.083688734E1
1.976539431E0,4.642076015E0,-5.407779217E-1,1.117926693E1,1.211681970E1
1.978915056E0,-3.613162279E0,-7.800601721E-1,8.025527000E0,8.835865502E0
1.981290629E0,-1.038485050E0,-2.823530734E-1,1.156211948E1,1.161209634E1
1.983666202E0,4.527220249E0,-6.221339107E-1,9.734002113E0,1.075330512E1
1.986041775E0,-5.106283665E0,-9.571290575E-3,8.915657043E0,1.027439366E1
1.988417348E0,3.354737282E0,-7.465606928E-1,1.138983536E1,1.189705697E1
1.990792868E0,-7.944171429E-1,-5.934200287E-1,8.197810173E0,8.257562447E0
1.993168493E0,-3.282952785E0,-1.531406492E-1,1.097348499E1,1.145506892E1
1.995544066E0,5.201996326E0,-5.072783828E-1,1.060499001E1,1.182302458E1
1.997919639E0,-4.656432629E0,-6.556333899E-1,8.365307808E0,9.596384459E0
2.000295264E0,1.258624673E0,-4.594219327E-1,1.184925747E1,1.192476864E1
2.002670837E0,2.579462767E0,-7.513462901E-1,8.657232285E0,9.064536405E0
2.005046410E0,-4.761716843E0,1.435693540E-2,9.657432556E0,1.076755111E1
2.007421983E0,4.484149456E0,-9.379864931E-1,1.127498055E1,1.217015207E1
2.009797556E0,-2.986242771E0,-6.125625968E-1,8.269595146E0,8.813573776E0
2.012173129E0,-1.373480201E0,-4.259224236E-1,1.162911797E1,1.171768930E1
2.014548702E0,4.780859470E0,-5.934200287E-1,9.834501266E0,1.095108121E1
2.016924275E0,-5.216353416E0,-3.349951804E-1,8.896514893E0,1.031845638E1
2.019299848E0,3.148954630E0,-7.417750359E-1,1.158126163E1,1.202463166E1
2.021675420E0,-2.440679073E-1,-7.657032609E-1,8.317451477E0,8.356187510E0
2.024051045E0,-3.407379389E0,-1.914258152E-1,1.085384369E1,1.137773268E1
2.026426618E0,4.972285271E0,-7.704889178E-1,1.059541893E1,1.172945763E1
2.028802191E0,-4.680361271E0,-6.747759581E-1,8.475378036E0,9.705314888E0
2.031177764E0,1.067198873E0,-5.407779217E-1,1.207418346E1,1.213331202E1
2.033553337E0,3.067598581E0,-7.082754970E-1,8.858229637E0,9.401066298E0
2.035928910E0,-5.015356064E0,-2.392822690E-2,9.556933403E0,1.079302298E1
2.038304483E0,4.053441525E0,-1.067198873E0,1.119841003E1,1.195716057E1
2.040680004E0,-2.847458839E0,-5.647061467E-1,8.456234932E0,8.940627724E0
2.043055629E0,-1.296909928E0,-5.216353536E-1,1.160997581E1,1.169382817E1
2.045431254E0,4.728217602E0,-5.120640397E-1,9.796216011E0,1.088963266E1
2.047806827E0,-5.474778175E0,-4.498506486E-1,8.729017258E0,1.031364649E1
2.050182400E0,2.866601467E0,-6.556333899E-1,1.182054424E1,1.218082613E1
2.052557973E0,2.153540403E-1,-6.939185858E-1,8.312665939E0,8.344358297E0
2.054933545E0,-3.665804386E0,-2.201396823E-1,1.044706345E1,1.107374002E1
2.057309118E0,4.642076015E0,-8.470591903E-1,1.085384369E1,1.183521448E1
2.059684691E0,-4.536791801E0,-3.684946895E-1,8.532805443E0,9.670937747E0
2.062060264E0,8.087740541E-1,-5.312066078E-1,1.172961617E1,1.176946011E1
2.064435837E0,3.273381472E0,-5.312066078E-1,9.044869423E0,9.633632212E0
2.066811358E0,-5.163711071E0,-2.679961324E-1,9.298508644E0,1.063945473E1
2.069187035E0,3.996013880E0,-7.082754970E-1,1.134676456E1,1.205067829E1
2.071562608E0,-2.641676188E0,-4.977070987E-1,8.279166222E0,8.704640071E0
2.073938181E0,-1.459621787E0,-2.344966233E-1,1.142333508E1,1.151859665E1
2.076313754E0,4.532006264E0,-6.987041831E-1,9.777072906E0,1.079900102E1
2.078689327E0,-5.245067120E0,-3.637090325E-1,8.786444664E0,1.023936635E1
2.081064900E0,2.857030153E0,-5.551348329E-1,1.183490086E1,1.218752125E1
2.083440473E0,4.929214716E-1,-4.785645306E-1,8.341380119E0,8.369624716E0
2.085816045E0,-3.881158352E0,-8.135596663E-2,1.025563812E1,1.096577048E1
2.088191618E0,4.450650215E0,-8.805587292E-1,1.063370419E1,1.156111308E1
2.090567243E0,-4.354937077E0,-3.684946895E-1,8.642875671E0,9.685069187E0
2.092942816E0,1.043270707E0,-5.503492355E-1,1.182054424E1,1.187924931E1
2.095318389E0,3.153740168E0,-4.402793646E-1,8.877371788E0,9.431206329E0
2.097693962E0,-5.388636589E0,-2.823530734E-1,9.212367058E0,1.067636803E1
2.100069535E0,4.024727821E0,-7.609176040E-1,1.145204926E1,1.216251873E1
2.102445108E0,-2.364108801E0,-4.354937077E-1,8.489734650E0,8.823506084E0
2.104820681E0,-1.426122308E0,-3.254238665E-1,1.119362450E1,1.128879776E1
2.107196254E0,4.287938118E0,-9.523434043E-1,9.853643417E0,1.078831126E1
2.109571827E0,-5.326423168E0,-2.153540403E-1,8.819944382E0,1.030575470E1
2.111947400E0,2.852244616E0,-6.987041831E-1,1.166261768E1,1.202664284E1
2.114323025E0,5.168496966E-1,-4.737788737E-1,8.590232849E0,8.618799245E0
2.116698598E0,-4.096512318E0,-4.833501875E-1,1.016949654E1,1.097422892E1
2.119074170E0,4.455435753E0,-8.087740541E-1,1.075334454E1,1.166788078E1
2.121449743E0,-4.393222332E0,-2.775674164E-1,8.662017822E0,9.716377868E0
2.123825316E0,1.153340459E0,-4.833501875E-1,1.168175983E1,1.174850350E1
2.126200889E0,2.785245657E0,-7.513462901E-1,8.848658562E0,9.307033521E0
2.128576462E0,-5.278566837E0,-2.632105052E-1,9.293723106E0,1.069139078E1
2.130952035E0,3.986442566E0,-6.891329288E-1,1.154297638E1,1.223139126E1
2.133327608E0,-2.321038008E0,-3.493520916E-1,8.523234367E0,8.840519691E0
2.135703233E0,-1.574477315E0,-3.206382394E-1,1.093041420E1,1.104788406E1
2.138078806E0,4.077369690E0,-8.901300430E-1,9.796216011E0,1.064815116E1
2.140454379E0,-5.513063431E0,-7.657032460E-2,8.896514893E0,1.046650413E1
2.142829952E0,3.196810961E0,-6.843472719E-1,1.172004509E1,1.216747256E1
2.145205525E0,7.178468257E-2,-3.302095234E-1,8.346165657E0,8.353003804E0
2.147581098E0,-4.110869408E0,-4.307080805E-1,1.010728264E1,1.091979483E1
2.149956670E0,4.388436794E0,-7.417750359E-1,1.077727318E1,1.166011256E1
2.152332243E0,-4.345366001E0,-9.092725813E-2,8.839086533E0,9.849869247E0
2.154707816E0,1.450050473E0,-2.536391914E-1,1.153819084E1,1.163171643E1
2.157083441E0,2.206182480E0,-8.853443861E-1,8.590232849E0,8.913090161E0
2.159459014E0,-5.465207100E0,-1.818545163E-1,9.399007797E0,1.087395546E1
2.161834587E0,4.168296814E0,-6.412764788E-1,1.156211948E1,1.230725562E1
2.164210160E0,-2.335394859E0,-1.100698411E-1,8.537590981E0,8.851928845E0
2.166585733E0,-1.598405480E0,-2.727817893E-1,1.093519974E1,1.105476835E1
2.168961306E0,3.871587038E0,-8.853443861E-1,9.580862045E0,1.037140002E1
2.171336879E0,-5.460421085E0,-4.785645287E-3,9.054440498E0,1.057351002E1
2.173712452E0,3.498306751E0,-5.838487148E-1,1.174397373E1,1.226784205E1
2.176088025E0,-2.057827413E-1,-3.828516304E-1,8.169096947E0,8.180651981E0
2.178463545E0,-4.139583111E0,-4.689932466E-1,1.013121128E1,1.095433910E1
2.180839223E0,4.412364960E0,-6.987041831E-1,1.092562866E1,1.180366527E1
2.183214795E0,-4.153940201E0,-3.828516230E-2,8.920442581E0,9.840273410E0
2.185590368E0,1.469193101E0,-2.201396823E-1,1.133240795E1,1.142936830E1
2.187965941E0,2.091326952E0,-8.662018180E-1,8.585447311E0,8.878843368E0
2.190341514E0,-5.493920803E0,-1.770688742E-1,9.418149948E0,1.090486440E1
2.192717087E0,4.445864677E0,-6.795616150E-1,1.158126163E1,1.242389382E1
2.195092660E0,-2.359323025E0,-1.100698411E-1,8.456234932E0,8.779887797E0
2.197468233E0,-1.813759565E0,-2.727817893E-1,1.094477081E1,1.109739347E1
2.199843806E0,3.929014683E0,-9.332008362E-1,9.619147301E0,1.043245009E1
2.202219431E0,-5.139782906E0,4.785645381E-2,9.274580956E0,1.060365552E1
2.204594952E0,3.522234917E0,-5.216353536E-1,1.150947666E1,1.204766763E1
2.206970577E0,-3.302095234E-1,-6.173482537E-1,8.063812256E0,8.094147595E0
2.209346150E0,-4.244867325E0,-1.483550072E-1,1.027956581E1,1.112251685E1
2.211721723E0,4.599005222E0,-7.513462901E-1,1.085384369E1,1.181191319E1
2.214097295E0,-3.924229145E0,5.742774159E-2,8.930013657E0,9.754384462E0
2.216472868E0,1.038485050E0,-4.211367965E-1,1.124148083E1,1.129719871E1
2.218848441E0,2.364108801E0,-8.757730722E-1,8.767302513E0,9.122586380E0
2.221224014E0,-5.383851051E0,2.440679073E-1,9.466006279E0,1.089269003E1
2.223599587E0,4.498506546E0,-5.407779217E-1,1.136590767E1,1.223572062E1
2.225975160E0,-2.574677229E0,-4.067798555E-1,8.212167740E0,8.615923147E0
2.228350785E0,-1.856830359E0,-2.153540403E-1,1.110269737E1,1.125895578E1
2.230726358E0,4.110869408E0,-6.460621357E-1,9.748359680E0,1.059939432E1
2.233101931E0,-4.938786030E0,2.632105052E-1,9.159725189E0,1.040968072E1
2.235477504E0,3.273381472E0,-2.536391914E-1,1.140419292E1,1.186739126E1
2.237853025E0,-2.344966233E-1,-6.317051649E-1,7.996813297E0,8.025151898E0
2.240228598E0,-4.273581028E0,-1.004985496E-1,1.012164021E1,1.098731975E1
2.242604223E0,4.852644444E0,-6.364908218E-1,1.098784161E1,1.202854695E1
2.244979795E0,-3.981656790E0,2.440679073E-1,8.752944946E0,9.619106256E0
2.247355368E0,7.896314859E-1,-1.674975902E-1,1.106919765E1,1.109859045E1
2.249730993E0,2.445464849E0,-8.901300430E-1,8.676374435E0,9.058261597E0
2.252106566E0,-5.192425251E0,2.344966233E-1,9.523433685E0,1.084951878E1
2.254482139E0,4.651647091E0,-3.589234054E-1,1.133240795E1,1.225520774E1
2.256857712E0,-2.545963287E0,-4.259224236E-1,8.020741463E0,8.425890611E0
2.259233285E0,-2.273181438E0,-2.297109663E-1,1.098305607E1,1.121818352E1
2.261608806E0,4.331008911E0,-6.699903607E-1,9.891928673E0,1.081927808E1
2.263984431E0,-4.737788677E0,2.679961324E-1,9.221938133E0,1.037123939E1
2.266360004E0,3.072384357E0,-3.780659735E-1,1.127976608E1,1.169682018E1
2.268735577E0,-4.785645381E-2,-8.709874153E-1,8.035098076E0,8.082308483E0
2.271111150E0,-4.316651821E0,-4.307080805E-2,1.037049294E1,1.123309671E1
2.273486723E0,4.962714195E0,-6.460621357E-1,1.095912743E1,1.204775508E1
2.275862348E0,-4.091726780E0,-2.488535494E-1,8.537590981E0,9.470724148E0
2.278237920E0,4.259224236E-1,-5.216353536E-1,1.139940739E1,1.141928203E1
2.280613493E0,2.924029350E0,-8.327022791E-1,8.949156761E0,9.451494457E0
2.282989066E0,-5.000999451E0,8.135596663E-2,9.667003632E0,1.088428103E1
2.285364639E0,4.426722050E0,-5.168496966E-1,1.131326580E1,1.215948127E1
2.287740212E0,-2.584248543E0,-8.470591903E-1,7.968099594E0,8.419409774E0
2.290115785E0,-2.344966173E0,-4.402793646E-1,1.120319557E1,1.145444470E1
2.292491358E0,4.723432064E0,-9.188438654E-1,1.017906761E1,1.125915192E1
2.294866983E0,-4.771288395E0,1.292124242E-1,9.164510727E0,1.033296403E1
2.297242556E0,2.665604353E0,-7.896314859E-1,1.129412270E1,1.163125840E1
2.299618129E0,2.392822653E-1,-9.523434043E-1,8.312665939E0,8.370461695E0
2.301993702E0,-4.287938118E0,-9.092725813E-2,1.058584690E1,1.142168270E1
2.304369275E0,5.206781864E0,-5.599204898E-1,1.092562866E1,1.211583468E1
2.306744848E0,-4.278367043E0,-4.737788737E-1,8.475378036E0,9.505836304E0
2.309120420E0,1.196411327E-1,-7.992027402E-1,1.140419292E1,1.143278860E1
2.311495993E0,3.105883837E0,-8.709874153E-1,9.202795982E0,9.751747914E0
2.313871566E0,-4.972285271E0,1.674975902E-1,9.772287369E0,1.096582312E1
2.316247139E0,4.225724697E0,-4.929214716E-1,1.128933716E1,1.206436299E1
2.318622764E0,-2.723032236E0,-9.284151793E-1,8.025527000E0,8.525605136E0
2.320998337E0,-2.397608280E0,-3.876372576E-1,1.140897846E1,1.166462934E1
2.323373910E0,4.876572609E0,-7.800601721E-1,1.025563812E1,1.138277504E1
2.325749483E0,-5.082355499E0,-7.657032460E-2,8.910871506E0,1.025864667E1
2.328125056E0,2.373680115E0,-7.848458290E-1,1.146162033E1,1.173111593E1
2.330500629E0,3.014956415E-1,-7.609176040E-1,8.461020470E0,8.500515432E0
2.332876202E0,-4.254438877E0,-7.178468257E-2,1.058584690E1,1.140901213E1
2.335251775E0,5.010570526E0,-5.072783828E-1,1.090648556E1,1.201310016E1
2.337627348E0,-4.374079704E0,-5.838487148E-1,8.245666504E0,9.352244045E0
2.340002920E0,-3.349951655E-2,-4.689932466E-1,1.168175983E1,1.169121849E1
2.342378545E0,3.354737282E0,-8.709874153E-1,9.188439369E0,9.820402199E0
2.344754118E0,-5.005784988E0,2.632105052E-1,9.489934921E0,1.073247539E1
2.347129691E0,3.976871252E0,-6.699903607E-1,1.122712421E1,1.192948910E1
2.349505264E0,-2.483749866E0,-8.709874153E-1,8.169096947E0,8.582643963E0
2.351880837E0,-2.292324066E0,-3.206382394E-1,1.162433243E1,1.185253825E1
2.354256410E0,5.087141037E0,-4.929214716E-1,9.963713646E0,1.119810543E1
2.356631983E0,-5.144568920E0,2.297109663E-1,8.796015739E0,1.019260759E1
2.359007556E0,2.201396942E0,-1.033699393E0,1.134676456E1,1.160447108E1
2.361383129E0,8.709874153E-1,-9.284151793E-1,8.551948547E0,8.646178218E0
2.363758702E0,-3.823730469E0,-2.392822690E-2,1.062891865E1,1.129581333E1
2.366134327E0,5.015356064E0,-4.642075896E-1,1.086341476E1,1.197426680E1
2.368509900E0,-4.493721008E0,-5.312066078E-1,8.264809608E0,9.422461824E0
2.370885420E0,4.785645287E-3,-6.652047038E-1,1.152383423E1,1.154301848E1
2.373261045E0,4.053441525E0,-8.518448472E-1,9.504291534E0,1.036762197E1
2.375636618E0,-4.986642361E0,8.135596663E-2,9.265008926E0,1.052205357E1
2.378012191E0,3.876372576E0,-7.513462901E-1,1.121276665E1,1.188767940E1
2.380387764E0,-2.072184324E0,-7.561319470E-1,8.236095428E0,8.526368002E0
2.382763337E0,-2.249253273E0,-3.397808075E-1,1.133719349E1,1.156315474E1
2.385138910E0,5.201996326E0,-4.498506486E-1,1.019820976E1,1.145716430E1
2.387514483E0,-5.072783947E0,-1.579262912E-1,8.580661774E0,9.969244413E0
2.389890108E0,1.981257200E0,-9.379864931E-1,1.144726372E1,1.165525827E1
2.392265681E0,1.517049551E0,-8.183453679E-1,8.796015739E0,8.963315311E0
2.394641254E0,-4.177868366E0,6.699903309E-2,1.010249710E1,1.093249837E1
2.397016827E0,4.656432629E0,-5.742774606E-1,1.086820030E1,1.183764914E1
2.399392400E0,-4.321437836E0,-8.135597110E-1,8.149953842E0,9.260585943E0
2.401767920E0,-1.770688742E-1,-4.977070987E-1,1.198325539E1,1.199489372E1
2.404143545E0,4.326223373E0,-5.455635786E-1,9.375079155E0,1.033953372E1
2.406519118E0,-5.441278458E0,2.871387303E-1,9.064012527E0,1.057574031E1
2.408894691E0,3.239881754E0,-8.662018180E-1,1.104526901E1,1.154318444E1
2.411270316E0,-1.531406522E0,-9.858429432E-1,8.283951759E0,8.481801047E0
2.413645889E0,-2.498106956E0,-2.727817893E-1,1.146162033E1,1.173386931E1
2.416021462E0,5.067998409E0,-4.929214716E-1,1.016471100E1,1.136876990E1
2.418397035E0,-5.402993679E0,2.201396823E-1,8.609375954E0,1.016671808E1
2.420772608E0,1.263410330E0,-1.201196909E0,1.115055370E1,1.128600583E1
2.423148181E0,2.330609322E0,-6.939185858E-1,9.226723671E0,9.541786652E0
2.425523754E0,-4.555934429E0,1.196411327E-1,9.710074425E0,1.072643454E1
2.427899327E0,4.350151539E0,-5.359922647E-1,1.105484104E1,1.189204005E1
2.430274900E0,-3.814159393E0,-8.087740541E-1,8.173882484E0,9.056173707E0
2.432650473E0,-7.609176040E-1,-4.546363056E-1,1.178225899E1,1.181555401E1
2.435026045E0,4.723432064E0,-4.211367965E-1,9.590433121E0,1.069881181E1
2.437401670E0,-5.407779217E0,3.493520916E-1,8.810373306E0,1.034353908E1
2.439777243E0,2.880958557E0,-7.848458290E-1,1.103091240E1,1.142790154E1
2.442152816E0,-2.153540403E-1,-1.019342422E0,8.513663292E0,8.577173135E0
2.444528389E0,-3.067598581E0,-1.914258115E-2,1.085862923E1,1.128363222E1
2.446903962E0,5.106283665E0,-3.828516304E-1,1.041356373E1,1.160443957E1
2.449279535E0,-4.929214478E0,-1.674975902E-1,8.283951759E0,9.641009675E0
2.451655108E0,5.790630579E-1,-7.657032609E-1,1.144247818E1,1.148267923E1
2.454030681E0,3.881158352E0,-4.881358147E-1,9.480362892E0,1.025567878E1
2.456406254E0,-4.934000492E0,-8.135596663E-2,9.059226990E0,1.031603477E1
2.458781879E0,3.962514400E0,-5.886343718E-1,1.121276665E1,1.190689492E1
2.461157452E0,-2.292324066E0,-5.168496966E-1,8.341380119E0,8.666054785E0
2.463533025E0,-1.775474429E0,-2.440679073E-1,1.116491032E1,1.130783361E1
2.465908598E0,5.125426292E0,-3.924229145E-1,1.009771156E1,1.133083268E1
2.468284170E0,-5.216353416E0,-4.546363056E-1,8.441878319E0,9.933898866E0
2.470659743E0,2.321038008E0,-5.264210105E-1,1.183490086E1,1.207183560E1
2.473035316E0,1.665404558E0,-4.163511395E-1,8.599804878E0,8.769467747E0
2.475410889E0,-4.283152580E0,1.818545163E-1,9.839286804E0,1.073266192E1
2.477786462E0,4.359723091E0,-1.038485050E0,1.082991505E1,1.172060991E1
2.480162035E0,-3.780659676E0,-4.067798555E-1,8.575876236E0,9.381071935E0
2.482537660E0,4.785645381E-2,-5.024927258E-1,1.181575775E1,1.182653459E1
2.484913233E0,4.278367043E0,-4.259224236E-1,9.375079155E0,1.031396837E1
2.487288754E0,-5.651846886E0,-3.732803464E-1,8.963513374E0,1.060317327E1
2.489664379E0,3.440878868E0,-7.130611539E-1,1.160040379E1,1.212095176E1
2.492039952E0,-7.896314859E-1,-4.402793646E-1,8.475378036E0,8.523461542E0
2.494415525E0,-3.081955671E0,-1.722832322E-1,1.065763187E1,1.109564101E1
2.496791098E0,4.618147850E0,-8.614161611E-1,1.046620655E1,1.147217534E1
2.499166670E0,-4.876572609E0,-3.397808075E-1,8.647661209E0,9.933703025E0
2.501542243E0,1.201196909E0,-5.647061467E-1,1.183490086E1,1.190909927E1
2.503917816E0,2.608176708E0,-4.785645306E-1,8.901300430E0,9.287882380E0
2.506293389E0,-5.254638672E0,-1.770688742E-1,9.408578873E0,1.077793753E1
2.508669014E0,3.943371773E0,-7.752745152E-1,1.125105190E1,1.194727586E1
2.511044587E0,-3.192025423E0,-4.737788737E-1,8.389236450E0,8.988480458E0
2.513420160E0,-1.416550994E0,-3.493520916E-1,1.152383423E1,1.161582623E1
2.515795733E0,4.283152580E0,-6.221339107E-1,9.767501831E0,1.068347035E1
2.518171306E0,-5.675775528E0,-3.493520916E-1,8.743373871E0,1.042991186E1
2.520546879E0,2.627319336E0,-5.647061467E-1,1.183011532E1,1.213150149E1
2.522922452E0,2.488535494E-1,-4.019941986E-1,8.494520187E0,8.507667168E0
2.525298025E0,-4.149154663E0,-4.785645287E-3,1.009771156E1,1.091692659E1
2.527673598E0,4.201796532E0,-8.374879360E-1,1.065284634E1,1.148214332E1
2.530049223E0,-4.618147850E0,-3.206382394E-1,8.638090134E0,9.800341811E0
2.532424795E0,4.881358147E-1,-5.216353536E-1,1.170090294E1,1.172269208E1
2.534800368E0,3.244667530E0,-3.349951804E-1,9.111868858E0,9.678132219E0
2.537175941E0,-5.680561066E0,-1.579262912E-1,9.092725754E0,1.072247063E1
2.539551514E0,3.594019651E0,-6.795616150E-1,1.139462185E1,1.196729662E1
2.541927087E0,-2.158325911E0,-3.254238665E-1,8.518448830E0,8.793647815E0
2.544302660E0,-2.234896421E0,-1.962114573E-1,1.098305607E1,1.120985199E1
2.546678233E0,4.374079704E0,-7.609176040E-1,1.005464077E1,1.099124060E1
2.549053806E0,-5.422136307E0,-1.531406492E-1,8.738588333E0,1.028522923E1
2.551429379E0,2.191825628E0,-5.551348329E-1,1.166740322E1,1.188446769E1
2.553805004E0,1.225125194E0,-3.589234054E-1,8.638090134E0,8.731916107E0
2.556180525E0,-4.618147850E0,-2.249253243E-1,9.772287369E0,1.081089642E1
2.558556150E0,4.292723656E0,-7.848458290E-1,1.101177025E1,1.184493746E1
2.560931723E0,-4.005585194E0,-9.571290761E-2,8.647661209E0,9.530787905E0
2.563307295E0,1.244267747E-1,-4.067798555E-1,1.144726372E1,1.145516471E1
2.565682868E0,3.565305710E0,-7.561319470E-1,9.269794464E0,9.960533607E0
2.568058441E0,-5.402993679E0,-1.100698411E-1,9.078369141E0,1.056509547E1
2.570434014E0,3.570091486E0,-5.982056856E-1,1.148076344E1,1.203791229E1
2.572809587E0,-1.325623751E0,-5.359922647E-1,8.422736168E0,8.543245905E0
2.575185160E0,-2.593819857E0,-8.614161611E-2,1.084427261E1,1.115049642E1
2.577560785E0,4.474578381E0,-7.561319470E-1,1.007856941E1,1.105310584E1
2.579936358E0,-5.182853699E0,-3.302095234E-1,8.614161491E0,1.005856794E1
2.582311931E0,2.105684042E0,-5.982056856E-1,1.198325539E1,1.218155019E1
2.584687504E0,2.014756680E0,-3.254238665E-1,8.532805443E0,8.773477868E0
2.587063077E0,-4.910071850E0,-1.770688742E-1,9.547362328E0,1.073742457E1
2.589438650E0,4.158725739E0,-8.997012973E-1,1.110748291E1,1.189456341E1
2.591814223E0,-3.393022537E0,-3.541377485E-1,8.738588333E0,9.380881704E0
2.594189795E0,-8.614161611E-2,-3.445664644E-1,1.138026428E1,1.138580527E1
2.596565368E0,3.594019651E0,-7.513462901E-1,9.255437851E0,9.957139565E0
2.598940941E0,-5.627918720E0,-1.866401732E-1,9.016156197E0,1.063011647E1
2.601316514E0,3.498306751E0,-7.465606928E-1,1.162911797E1,1.216683556E1
2.603692139E0,-8.853443861E-1,-3.254238665E-1,8.456234932E0,8.508680544E0
2.606067712E0,-2.995813847E0,-3.254238665E-1,1.065763187E1,1.107546471E1
2.608443285E0,4.283152580E0,-9.140582681E-1,1.021735287E1,1.111643820E1
2.610818858E0,-5.201996326E0,-2.536391914E-1,8.877371788E0,1.029236749E1
2.613194431E0,2.244467735E0,-5.647061467E-1,1.183490086E1,1.205907985E1
2.615570004E0,1.488335729E0,-4.259224236E-1,8.389236450E0,8.530875768E0
2.617945577E0,-5.091926575E0,-3.397808075E-1,9.710074425E0,1.096944450E1
2.620321150E0,4.077369690E0,-8.087740541E-1,1.144726372E1,1.217862495E1
2.622696723E0,-3.388236761E0,-2.344966233E-1,8.719446182E0,9.357557306E0
2.625072348E0,-9.571290761E-2,-2.488535494E-1,1.122712421E1,1.123028972E1
2.627447920E0,3.105883837E0,-8.805587292E-1,9.087940216E0,9.644301709E0
2.629823493E0,-5.800201893E0,-1.292124242E-1,9.212367058E0,1.088699888E1
2.632199066E0,3.876372576E0,-7.369893789E-1,1.172961617E1,1.237551264E1
2.634574639E0,-1.177268744E0,-2.536391914E-1,8.312665939E0,8.399446979E0
2.636950212E0,-3.043670416E0,-2.153540403E-1,1.065284634E1,1.108122024E1
2.639325785E0,4.163511276E0,-8.614161611E-1,1.010728264E1,1.096512774E1
2.641701358E0,-4.910071850E0,-4.785645381E-2,9.049654961E0,1.029598712E1
2.644076931E0,2.569891453E0,-5.072783828E-1,1.159083271E1,1.188314253E1
2.646452504E0,1.186840057E0,-7.274180651E-1,8.283951759E0,8.400094232E0
2.648828077E0,-4.962714195E0,-3.349951655E-2,9.896714211E0,1.107134168E1
2.651203702E0,4.398007870E0,-7.130611539E-1,1.117448139E1,1.202996109E1
2.653579275E0,-3.254238844E0,-8.135596663E-2,8.839086533E0,9.419455397E0
2.655954848E0,3.349951655E-2,-4.450650215E-1,1.105005455E1,1.105906464E1
2.658330420E0,3.369094372E0,-9.044869542E-1,9.207581520E0,9.846240449E0
2.660705993E0,-5.474778175E0,1.627119333E-1,9.288937569E0,1.078350743E1
2.663081566E0,4.235296249E0,-6.269195080E-1,1.149512005E1,1.226656216E1
2.665457139E0,-1.430907965E0,-4.450650215E-1,8.303094864E0,8.437236799E0
2.667832712E0,-2.617748022E0,-4.737788737E-1,1.080120182E1,1.112398453E1
2.670208285E0,4.469792843E0,-7.178468108E-1,1.019820976E1,1.115785976E1
2.672583858E0,-4.632504463E0,1.914258115E-2,9.083154678E0,1.019628182E1
2.674959483E0,2.919243574E0,-3.780659735E-1,1.137069321E1,1.174553451E1
2.677335056E0,7.274180651E-1,-8.470591903E-1,8.183453560E0,8.259271062E0
2.679710629E0,-4.551148891E0,-1.435693651E-1,1.010728264E1,1.108560917E1
2.682086202E0,4.871787071E0,-8.566305041E-1,1.111226845E1,1.216349601E1
2.684461775E0,-3.579662561E0,-1.004985496E-1,8.757730484E0,9.461602784E0
2.686837348E0,4.498506486E-1,-6.221339107E-1,1.124626637E1,1.127244088E1
2.689212920E0,2.890529871E0,-9.571290612E-1,8.949156761E0,9.452971264E0
2.691588493E0,-5.221138954E0,8.614161611E-2,9.518648148E0,1.085690448E1
2.693964066E0,4.603790760E0,-5.599204898E-1,1.141854954E1,1.232443402E1
2.696339639E0,-2.421536446E0,-6.364908218E-1,8.159524918E0,8.535034048E0
2.698715212E0,-2.268395901E0,-5.216353536E-1,1.106919765E1,1.131127138E1
2.701090837E0,4.378865242E0,-8.422735929E-1,1.003071213E1,1.097720690E1
2.703466410E0,-4.828716278E0,9.092725813E-2,9.231510162E0,1.041851950E1
2.705841983E0,3.077169895E0,-6.125625968E-1,1.136590767E1,1.179101627E1
2.708217556E0,-1.770688742E-1,-1.019342422E0,8.183453560E0,8.248595306E0
2.710593129E0,-4.216153622E0,-7.178468257E-2,1.056670475E1,1.137700987E1
2.712968702E0,4.938786030E0,-6.508477330E-1,1.082512951E1,1.191631819E1
2.715344275E0,-4.316651821E0,-1.579262912E-1,8.556734085E0,9.585203277E0
2.717719848E0,8.183453679E-1,-8.422735929E-1,1.141376400E1,1.147401946E1
2.720095420E0,2.421536446E0,-7.896314859E-1,8.786444664E0,9.148167383E0
2.722470993E0,-5.020142078E0,8.135596663E-2,9.805787086E0,1.101643798E1
2.724846618E0,4.608576298E0,-4.977070987E-1,1.127976608E1,1.219507322E1
2.727222191E0,-3.077169895E0,-7.561319470E-1,8.092526436E0,8.690782140E0
2.729597764E0,-1.713261008E0,-2.823530734E-1,1.139462185E1,1.152616127E1
2.731973337E0,4.398007870E0,-8.087740541E-1,9.710074425E0,1.069028222E1
2.734348910E0,-4.924428940E0,1.962114573E-1,9.135796547E0,1.038033130E1
2.736724483E0,3.335594654E0,-7.800601721E-1,1.127019501E1,1.177930308E1
2.739100056E0,-7.369893789E-1,-7.561319470E-1,8.193024635E0,8.260783349E0
2.741475629E0,-3.560520172E0,-1.196411327E-1,1.095912743E1,1.152363189E1
2.743851202E0,5.312066078E0,-5.120640397E-1,1.054277611E1,1.181653010E1
2.746226775E0,-4.766502857E0,-3.349951804E-1,8.508877754E0,9.758727985E0
2.748602348E0,1.402194023E0,-5.407779217E-1,1.164826107E1,1.174481055E1
2.750977973E0,2.086541414E0,-7.752745152E-1,8.556734085E0,8.841515925E0
2.753353545E0,-4.599005222E0,1.100698411E-1,9.949356079E0,1.096141646E1
2.755729118E0,4.694717884E0,-6.604190469E-1,1.112183952E1,1.209015483E1
2.758104691E0,-3.474378586E0,-7.848458290E-1,8.140382767E0,8.885556883E0
2.760480264E0,-8.231309652E-1,-3.302095234E-1,1.173918819E1,1.177264296E1
2.762855837E0,4.493721008E0,-6.604190469E-1,9.413364410E0,1.045184727E1
2.765231410E0,-5.144568920E0,3.828516230E-2,8.987442017E0,1.035577950E1
2.767606983E0,3.512663603E0,-9.188438654E-1,1.143769264E1,1.200016219E1
2.769982556E0,-1.277767301E0,-6.173482537E-1,8.264809608E0,8.385754945E0
2.772358129E0,-2.775674343E0,-2.919243574E-1,1.112183952E1,1.146668663E1
2.774733754E0,5.154139996E0,-5.838487148E-1,1.046142101E1,1.167678757E1
2.777109327E0,-5.053641319E0,-5.838487148E-1,8.480163574E0,9.889051732E0
2.779484900E0,1.990828395E0,-5.120640397E-1,1.183968639E1,1.201681244E1
2.781860473E0,1.502692580E0,-7.369893789E-1,8.394021988E0,8.559254843E0
2.784236045E0,-4.350151539E0,-6.699903309E-2,1.021256733E1,1.110066839E1
2.786611618E0,4.642076015E0,-9.954141974E-1,1.096869946E1,1.195207459E1
2.788987191E0,-3.924229145E0,-5.694918036E-1,8.422736168E0,9.309477958E0
2.791362764E0,-1.292124242E-1,-5.312066078E-1,1.182054424E1,1.183317973E1
2.793738337E0,3.871587038E0,-6.125625968E-1,9.288937569E0,1.008210198E1
2.796113910E0,-5.321637630E0,-2.775674164E-1,9.092725754E0,1.053919031E1
2.798489535E0,3.775874138E0,-8.757730722E-1,1.145683479E1,1.209476198E1
2.800865108E0,-2.057827473E0,-6.652047038E-1,8.288737297E0,8.566231212E0
2.803240681E0,-2.120040894E0,-3.445664644E-1,1.139940739E1,1.159999087E1
2.805616254E0,4.632504463E0,-7.226324677E-1,1.004985523E1,1.108971981E1
2.807991827E0,-5.312066078E0,-5.264210105E-1,8.700303078E0,1.020737178E1
2.810367400E0,2.507678032E0,-6.173482537E-1,1.185882950E1,1.213677902E1
2.812742973E0,7.465606928E-1,-6.460621357E-1,8.389236450E0,8.447131902E0
2.815118545E0,-4.101297855E0,-1.627119333E-1,1.033220863E1,1.111762810E1
2.817494118E0,4.479363918E0,-8.614161611E-1,1.082034397E1,1.174251177E1
2.819869691E0,-4.498506546E0,-3.828516304E-1,8.580661774E0,9.695921462E0
2.822245316E0,8.805587292E-1,-6.077769399E-1,1.175354481E1,1.180214354E1
2.824620889E0,3.158525944E0,-5.551348329E-1,9.020941734E0,9.574019563E0
2.826996462E0,-5.316852093E0,-3.349951804E-1,9.308079720E0,1.072480704E1
2.829372035E0,4.034298897E0,-7.752745152E-1,1.154297638E1,1.225222110E1
2.831747608E0,-2.732603550E0,-4.402793646E-1,8.518448830E0,8.956837530E0
2.834123181E0,-1.076770186E0,-2.009970993E-1,1.133240795E1,1.138522305E1
2.836498754E0,4.067798615E0,-9.379864931E-1,9.509077072E0,1.038505421E1
2.838874327E0,-5.407779217E0,-2.440679073E-1,8.915657043E0,1.043036844E1
2.841249900E0,3.316452265E0,-6.939185858E-1,1.173440266E1,1.221378665E1
2.843625473E0,-2.584248483E-1,-3.924229145E-1,8.470592499E0,8.483614585E0
2.846001045E0,-3.455235958E0,-2.871387303E-1,1.056670475E1,1.112098707E1
2.848376670E0,4.455435753E0,-8.997012973E-1,1.045663452E1,1.140182335E1
2.850752243E0,-4.819144726E0,-1.914258152E-1,8.834300995E0,1.006507197E1
2.853127816E0,2.191825628E0,-5.072783828E-1,1.165304661E1,1.186823181E1
2.855503389E0,1.694118381E0,-6.556333899E-1,8.408378601E0,8.602367286E0
2.857878962E0,-4.905286312E0,-2.536391914E-1,9.872786522E0,1.102715196E1
2.860254535E0,4.421936035E0,-7.657032609E-1,1.123190975E1,1.209527248E1
2.862630108E0,-3.330809116E0,-3.158525825E-1,8.762516975E0,9.379539219E0
2.865005681E0,8.135596663E-2,-2.823530734E-1,1.131805134E1,1.132186505E1
2.867381254E0,3.215953588E0,-1.004985452E0,9.064012527E0,9.669988435E0
2.869756827E0,-5.474778175E0,-2.392822690E-2,9.269794464E0,1.076581897E1
2.872132400E0,4.063013077E0,-8.135597110E-1,1.154297638E1,1.226418600E1
2.874508025E0,-1.646261930E0,-3.732803464E-1,8.432307243E0,8.599611736E0
2.876883598E0,-2.421536446E0,-4.881358147E-1,1.097348499E1,1.124808820E1
2.879259170E0,4.316651821E0,-8.614161611E-1,9.868000984E0,1.080522856E1
2.881634743E0,-5.168497086E0,-3.828516230E-2,8.997013092E0,1.037598537E1
2.884010316E0,3.292523861E0,-4.785645306E-1,1.155254745E1,1.202210839E1
2.886385889E0,-7.657032460E-2,-8.662018180E-1,8.159524918E0,8.205730649E0
2.888761462E0,-4.350151539E0,-1.244267747E-1,1.043270683E1,1.130401134E1
2.891137035E0,4.527220249E0,-8.087740541E-1,1.077248764E1,1.171308365E1
2.893512608E0,-4.149154663E0,-6.699903309E-2,9.001798630E0,9.912232436E0
2.895888181E0,1.225125194E0,-4.929214716E-1,1.125105190E1,1.132828638E1
2.898263806E0,1.986042738E0,-9.427721500E-1,8.633303642E0,8.908822417E0
2.900639379E0,-5.383851051E0,8.614161611E-2,9.777072906E0,1.116173943E1
2.903014952E0,4.579862595E0,-6.460621357E-1,1.133240795E1,1.223993495E1
2.905390525E0,-3.364308596E0,-3.541377485E-1,8.480163574E0,9.130014245E0
2.907766098E0,-1.167697430E0,-5.647061467E-1,1.117926693E1,1.125426228E1
2.910141670E0,3.503092289E0,-7.800601721E-1,9.394221306E0,1.005641802E1
2.912517243E0,-5.235496044E0,1.292124242E-1,9.427721024E0,1.078466682E1
2.914892816E0,3.842873096E0,-3.972085714E-1,1.133240795E1,1.197284086E1
2.917268337E0,-2.029113531E0,-7.417750359E-1,8.011170387E0,8.297372048E0
2.919643962E0,-3.239881754E0,-3.924229145E-1,1.106441212E1,1.153568572E1
2.922019587E0,4.766502857E0,-8.231309652E-1,1.029392338E1,1.137373960E1
2.924395160E0,-4.867001057E0,2.105683982E-1,8.997013092E0,1.023124054E1
2.926770733E0,2.440679073E0,-5.599204898E-1,1.129412270E1,1.156838938E1
2.929146306E0,9.092725813E-2,-9.379864931E-1,8.221738815E0,8.275571012E0
2.931521879E0,-4.249652863E0,-6.699903309E-2,1.065763187E1,1.147384659E1
2.933897452E0,5.139782906E0,-4.642075896E-1,1.078205872E1,1.195347845E1
2.936273025E0,-4.436293125E0,-4.785645381E-2,8.465806961E0,9.557869764E0
2.938648598E0,3.445664644E-1,-8.949156404E-1,1.124148083E1,1.128230877E1
2.941024170E0,2.847458839E0,-7.369893789E-1,9.035298347E0,9.501988814E0
2.943399743E0,-4.761716843E0,2.871387303E-1,9.748359680E0,1.085296791E1
2.945775316E0,4.565505505E0,-3.732803464E-1,1.128933716E1,1.218328003E1
2.948150941E0,-3.388236761E0,-7.513462901E-1,7.948956966E0,8.673556736E0
2.950526462E0,-1.378265858E0,-3.397808075E-1,1.160040379E1,1.168693440E1
2.952902087E0,4.780859470E0,-7.034898400E-1,9.781859398E0,1.091037527E1
2.955277660E0,-5.101497650E0,3.828516230E-2,8.906085968E0,1.026377666E1
2.957653233E0,3.345165968E0,-7.178468108E-1,1.143290615E1,1.193385028E1
2.960028806E0,-9.284151793E-1,-6.221339107E-1,8.159524918E0,8.235705934E0
2.962404379E0,-3.043670416E0,-1.387837082E-1,1.116491032E1,1.157317644E1
2.964779952E0,5.278566837E0,-5.120640397E-1,1.039920712E1,1.167343078E1
2.967155525E0,-4.929214478E0,-4.881358147E-1,8.508877754E0,9.845630126E0
2.969531098E0,1.789831281E0,-4.642075896E-1,1.178704453E1,1.193119455E1
2.971906618E0,1.871187329E0,-6.987041831E-1,8.422736168E0,8.656327981E0
2.974282295E0,-4.417150497E0,1.052841991E-1,1.002592659E1,1.095634553E1
2.976657868E0,4.613361835E0,-8.614161611E-1,1.100219822E1,1.196133399E1
2.979033441E0,-3.785445452E0,-5.407779217E-1,8.283951759E0,9.123918828E0
2.981409014E0,-1.483550072E-1,-4.163511395E-1,1.183011532E1,1.183836923E1
2.983784587E0,4.163511276E0,-5.024927258E-1,9.154939651E0,1.006976887E1
2.986160160E0,-5.398207664E0,-1.004985496E-1,8.987442017E0,1.048450571E1
2.988535733E0,3.689732552E0,-7.800601721E-1,1.143290615E1,1.203885224E1
2.990911254E0,-1.885544300E0,-5.312066078E-1,8.322237015E0,8.549683427E0
2.993286879E0,-2.014756680E0,-1.914258152E-1,1.136112213E1,1.153997333E1
2.995662452E0,4.603790760E0,-6.125625968E-1,9.791430473E0,1.083707677E1
2.998038025E0,-5.383851051E0,-3.972085714E-1,8.614161491E0,1.016599257E1
3.000413650E0,2.622533560E0,-5.934200287E-1,1.193061352E1,1.222985562E1
3.002789223E0,7.513462901E-1,-4.785645306E-1,8.327022552E0,8.374535799E0
3.005164795E0,-4.005585194E0,2.392822690E-2,1.026999474E1,1.102352381E1
3.007540368E0,4.201796532E0,-8.901300430E-1,1.056191921E1,1.140182279E1
3.009915941E0,-4.584648132E0,-4.402793646E-1,8.532805443E0,9.696474263E0
3.012291514E0,1.143769264E0,-4.881358147E-1,1.192582798E1,1.199049030E1
3.014667087E0,2.900100946E0,-4.785645306E-1,8.618947029E0,9.106363566E0
3.017042660E0,-5.608776093E0,-2.009970993E-1,9.394221306E0,1.094304176E1
3.019418233E0,4.019941807E0,-7.800601721E-1,1.127498055E1,1.199556636E1
3.021793806E0,-2.861815929E0,-3.493520916E-1,8.551948547E0,9.024846883E0
3.024169379E0,-1.009771109E0,-1.962114573E-1,1.128455162E1,1.133133893E1
3.026544952E0,3.723232031E0,-8.470591903E-1,9.336793900E0,1.008740236E1
3.028920577E0,-5.642275810E0,-2.057827413E-1,8.963513374E0,1.059349776E1
3.031296150E0,3.340380430E0,-7.322037220E-1,1.172961617E1,1.221794414E1
3.033671723E0,-4.737788737E-1,-3.445664644E-1,8.480163574E0,8.500374504E0
3.036047295E0,-3.507878065E0,-3.924229145E-1,1.051406288E1,1.109074941E1
3.038422868E0,4.369294167E0,-8.757730722E-1,1.028435135E1,1.120828232E1
3.040798441E0,-4.938786030E0,-9.571290575E-3,8.839086533E0,1.012527283E1
3.043174014E0,2.244467735E0,-5.312066078E-1,1.170568848E1,1.193075683E1
3.045549587E0,1.521835208E0,-7.752745152E-1,8.336593628E0,8.509748897E0
3.047925160E0,-5.010570526E0,-2.105683982E-1,9.949356079E0,1.114180607E1
3.050300733E0,4.326223373E0,-7.896314859E-1,1.124626637E1,1.207552209E1
3.052676358E0,-3.292523861E0,-2.632105052E-1,8.729017258E0,9.333045346E0
3.055051879E0,4.785645381E-2,-3.206382394E-1,1.125105190E1,1.125572157E1
3.057427504E0,3.273381472E0,-1.033699393E0,9.087940216E0,9.714639369E0
3.059803077E0,-5.556134224E0,-5.264209956E-2,9.245866776E0,1.078700381E1
3.062178650E0,4.225724697E0,-8.279166222E-1,1.163868904E1,1.240972513E1
3.064554223E0,-1.593619823E0,-3.014956415E-1,8.312665939E0,8.469411950E0
3.066929795E0,-2.569891453E0,-4.833501875E-1,1.082991505E1,1.114114130E1
3.069305368E0,4.302295208E0,-9.044869542E-1,1.014556789E1,1.105714197E1
3.071680941E0,-4.986642361E0,-4.785645381E-2,9.025727272E0,1.031177216E1
3.074056514E0,3.297309637E0,-4.450650215E-1,1.151904774E1,1.198994556E1
3.076432139E0,1.435693651E-1,-8.662018180E-1,8.159524918E0,8.206629310E0
3.078807712E0,-4.465006828E0,-1.722832322E-1,1.039442158E1,1.131414899E1
3.081183285E0,4.737788677E0,-8.614161611E-1,1.093998528E1,1.195290580E1
3.083558858E0,-3.842873096E0,-1.052841991E-1,8.915657043E0,9.709155417E0
3.085934379E0,9.906286001E-1,-4.594219327E-1,1.130369377E1,1.135631571E1
3.088310004E0,2.383251429E0,-1.172483087E0,8.733802795E0,9.128741163E0
3.090685577E0,-5.235496044E0,7.657032460E-2,9.753145218E0,1.106978426E1
3.093061150E0,4.694717884E0,-6.317051649E-1,1.139462185E1,1.234005002E1
3.095436723E0,-2.833101988E0,-4.402793646E-1,8.264809608E0,8.747993522E0
3.097812295E0,-1.622333765E0,-5.024927258E-1,1.124626637E1,1.137378446E1
3.100187868E0,4.168296814E0,-8.518448472E-1,9.633503914E0,1.053113174E1
3.102563493E0,-5.024927616E0,6.221338734E-2,9.408578873E0,1.066654229E1
3.104939066E0,3.651447296E0,-5.312066078E-1,1.142333508E1,1.200449216E1
3.107314639E0,-1.052842021E0,-9.332008362E-1,7.987242222E0,8.110202120E0
3.109690212E0,-3.637090445E0,-1.292124242E-1,1.097348499E1,1.156124974E1
3.112065785E0,5.015356064E0,-8.901300430E-1,1.054277611E1,1.170881104E1
3.114441358E0,-4.503292084E0,-1.818545163E-1,8.800801277E0,9.887710239E0
3.116816931E0,1.770688772E0,-5.838487148E-1,1.158126163E1,1.173038103E1
3.119192504E0,1.469193101E0,-8.279166222E-1,8.408378601E0,8.575826782E0
3.121568025E0,-4.800002098E0,9.571290575E-3,1.018863869E1,1.126270261E1
3.123943650E0,4.948357105E0,-5.647061467E-1,1.118405342E1,1.224288291E1
3.126319223E0,-3.761517286E0,-6.460621357E-1,8.250452042E0,9.090454745E0
3.128694848E0,-4.642075896E-1,-4.211367965E-1,1.160040379E1,1.161732383E1
3.131070420E0,3.579662561E0,-8.901300430E-1,9.054440498E0,9.776973370E0
3.133445993E0,-5.048855782E0,1.818545163E-1,9.537791252E0,1.079321443E1
3.135821566E0,4.015156269E0,-7.274180651E-1,1.128455162E1,1.199965509E1
3.138197139E0,-2.230110645E0,-9.284151793E-1,8.049455643E0,8.404111159E0
3.140572712E0,-2.416750908E0,-2.775674164E-1,1.158604717E1,1.183867466E1
3.142948285E0,5.072783947E0,-6.412764788E-1,9.939785004E0,1.117782172E1
3.145323858E0,-5.158925533E0,1.100698411E-1,8.800801277E0,1.020199643E1
3.147699431E0,2.545963287E0,-9.571290612E-1,1.133719349E1,1.165890138E1
3.150075004E0,9.092725813E-2,-7.561319470E-1,8.322237015E0,8.357010962E0
3.152450577E0,-3.641875982E0,-8.614161611E-2,1.094477081E1,1.153510681E1
3.154826202E0,5.158925533E0,-4.498506486E-1,1.057627583E1,1.177601327E1
3.157201775E0,-4.876572609E0,-5.838487148E-1,8.264809608E0,9.613995922E0
3.159577348E0,9.667003751E-1,-4.450650215E-1,1.177747345E1,1.182545869E1
3.161952920E0,2.751745939E0,-7.226324677E-1,8.705088615E0,9.158213319E0
3.164328493E0,-4.819144726E0,7.657032460E-2,9.662218094E0,1.079761443E1
3.166704066E0,4.335794449E0,-7.848458290E-1,1.119841003E1,1.203409672E1
3.169079639E0,-3.316452265E0,-5.024927258E-1,8.135597229E0,8.799960047E0
3.171455212E0,-1.019342422E0,-3.637090325E-1,1.168175983E1,1.173178827E1
3.173830785E0,4.584648132E0,-5.168496966E-1,9.489934921E0,1.055201388E1
3.176206306E0,-5.493920803E0,-1.292124242E-1,8.796015739E0,1.037158399E1
3.178581983E0,3.373879910E0,-5.886343718E-1,1.152383423E1,1.202199282E1
3.180957556E0,-1.253839016E0,-5.264210105E-1,8.193024635E0,8.305111922E0
3.183333129E0,-2.718246460E0,-1.148554832E-1,1.107398319E1,1.140329599E1
3.185708702E0,4.766502857E0,-6.747759581E-1,1.008335495E1,1.117358130E1
3.188084275E0,-5.178068161E0,-2.775674164E-1,8.494520187E0,9.952201101E0
3.190459848E0,2.057827473E0,-4.498506486E-1,1.176790142E1,1.195493720E1
3.192835420E0,1.469193101E0,-4.737788737E-1,8.374878883E0,8.515960962E0
3.195210993E0,-4.484149456E0,-4.785645381E-2,9.915857315E0,1.088274381E1
3.197586566E0,4.398007870E0,-7.226324677E-1,1.083948612E1,1.172003116E1
3.199962139E0,-4.254438877E0,-2.632105052E-1,8.465806961E0,9.478365757E0
3.202337712E0,5.599204898E-1,-4.546363056E-1,1.163868904E1,1.166101572E1
3.204713285E0,3.412165165E0,-4.259224236E-1,8.915657043E0,9.555795181E0
3.207088910E0,-5.584847927E0,-1.100698411E-1,9.078369141E0,1.065924144E1
3.209464483E0,3.852444410E0,-7.800601721E-1,1.137069321E1,1.203089713E1
3.211840056E0,-2.349751949E0,-4.307080805E-1,8.580661774E0,8.906997258E0
3.214215629E0,-1.387837172E0,-1.818545163E-1,1.114576817E1,1.123331256E1
3.216591202E0,4.106083870E0,-8.374879360E-1,9.466006279E0,1.035212952E1
3.218966775E0,-5.637490273E0,-1.004985496E-1,8.824729919E0,1.047221346E1
3.221342348E0,3.292523861E0,-6.747759581E-1,1.170568848E1,1.217863616E1
3.223717920E0,-1.100698411E-1,-3.684946895E-1,8.365307808E0,8.374143444E0
3.226093493E0,-3.603590965E0,-2.584248483E-1,1.046142101E1,1.106769989E1
3.228469066E0,4.417150497E0,-8.949156404E-1,1.045184898E1,1.138214565E1
3.230844639E0,-4.819144726E0,-1.818545163E-1,8.829515457E0,1.006069432E1
3.233220264E0,2.244467735E0,-4.737788737E-1,1.164826107E1,1.187198753E1
3.235595837E0,1.698904037E0,-8.327022791E-1,8.461020470E0,8.669978974E0
3.237971410E0,-5.106283665E0,-2.488535494E-1,9.925428391E0,1.116468493E1
3.240346983E0,4.335794449E0,-7.609176040E-1,1.124148083E1,1.207265506E1
3.242722556E0,-3.187239647E0,-3.062812984E-1,8.776873589E0,9.342687771E0
3.245098129E0,5.742774159E-2,-3.014956415E-1,1.130369377E1,1.130785968E1
3.247473702E0,3.278167009E0,-1.057627559E0,8.987442017E0,9.624919168E0
3.249849275E0,-5.556134224E0,-8.614161611E-2,9.241081238E0,1.078311784E1
3.252224848E0,4.354937077E0,-8.327022791E-1,1.168654537E1,1.249936849E1
3.254600420E0,-1.832902193E0,-3.876372576E-1,8.350951195E0,8.558514997E0
3.256975993E0,-2.282752752E0,-5.216353536E-1,1.102134132E1,1.126734344E1
3.259351618E0,4.311866283E0,-9.044869542E-1,9.887143135E0,1.082431923E1
3.261727191E0,-5.029713154E0,-1.435693540E-2,9.188439369E0,1.047500065E1
3.264102764E0,3.603590965E0,-4.354937077E-1,1.152383423E1,1.208198154E1
3.266478337E0,-3.349951804E-1,-8.614161611E-1,8.092526436E0,8.145136198E0
3.268853910E0,-4.077369690E0,-2.919243574E-1,1.065284634E1,1.141022780E1
3.271229483E0,4.881358147E0,-8.757730722E-1,1.080120182E1,1.188531012E1
3.273605056E0,-4.177868366E0,0.000000000E0,8.949156761E0,9.876334888E0
3.275980629E0,1.569691658E0,-4.211367965E-1,1.141854954E1,1.153362743E1
3.278356202E0,1.694118381E0,-1.100698471E0,8.437092781E0,8.675604233E0
3.280731775E0,-5.005784988E0,8.614161611E-2,1.004985523E1,1.122786239E1
3.283107348E0,4.867001057E0,-5.647061467E-1,1.127976608E1,1.229795573E1
3.285482973E0,-3.517449379E0,-4.163511395E-1,8.317451477E0,9.040232158E0
3.287858545E0,-8.566305041E-1,-6.364908218E-1,1.136590767E1,1.141590091E1
3.290234118E0,3.723232031E0,-8.422735929E-1,9.312865257E0,1.006485672E1
3.292609691E0,-5.154139996E0,2.105683982E-1,9.480362892E0,1.079290409E1
3.294985264E0,4.015156269E0,-4.354937077E-1,1.139462185E1,1.208919111E1
3.297360837E0,-2.143969059E0,-9.092726111E-1,7.920242786E0,8.255520929E0
3.299736410E0,-2.799602509E0,-1.866401732E-1,1.131326580E1,1.165601097E1
3.302111983E0,4.852644444E0,-7.274180651E-1,1.012164021E1,1.124832857E1
3.304487556E0,-4.934000492E0,-9.571290575E-3,8.824729919E0,1.011040606E1
3.306863129E0,2.589034081E0,-6.699903607E-1,1.147597694E1,1.178346432E1
3.309238702E0,1.435693651E-1,-7.369893789E-1,8.279166222E0,8.313143739E0
3.311614327E0,-4.082155228E0,-1.148554832E-1,1.067198944E1,1.142665925E1
3.313989900E0,5.125426292E0,-4.402793646E-1,1.076291656E1,1.192913298E1
3.316365473E0,-4.627718925E0,-4.642075896E-1,8.317451477E0,9.529494751E0
3.318741045E0,7.704889178E-1,-4.546363056E-1,1.169611740E1,1.173028174E1
3.321116618E0,2.536391973E0,-8.279166222E-1,8.614161491E0,9.017899333E0
3.323492191E0,-4.780859470E0,2.775674164E-1,9.887143135E0,1.098586639E1
3.325867764E0,4.407579422E0,-6.747759581E-1,1.115533924E1,1.201347879E1
3.328243337E0,-3.450450182E0,-7.369893789E-1,8.035098076E0,8.775623106E0
3.330618910E0,-1.071984529E0,-3.397808075E-1,1.181575775E1,1.186915048E1
3.332994483E0,4.508078098E0,-5.934200287E-1,9.341579437E0,1.038941874E1
3.335370056E0,-5.350351334E0,-2.871387079E-2,8.891729355E0,1.037737610E1
3.337745629E0,3.330809116E0,-8.374879360E-1,1.149990559E1,1.200181253E1
3.340121254E0,-1.502692580E0,-6.987041831E-1,8.197810173E0,8.363633430E0
3.342496827E0,-2.560320139E0,-2.488535494E-1,1.139940739E1,1.168604536E1
3.344872400E0,4.886143684E0,-6.317051649E-1,1.015513897E1,1.128717409E1
3.347247973E0,-5.446064472E0,-5.742774606E-1,8.489734650E0,1.010272276E1
3.349623545E0,2.263610125E0,-5.982056856E-1,1.185404301E1,1.208305079E1
3.351999118E0,1.048056364E0,-6.891329288E-1,8.394021988E0,8.487221658E0
3.354374691E0,-4.173082829E0,-3.349951655E-2,1.034177971E1,1.115204690E1
3.356750264E0,4.378865242E0,-1.067198873E0,1.068634605E1,1.159790353E1
3.359125837E0,-4.479363918E0,-5.790630579E-1,8.480163574E0,9.607975301E0
3.361501410E0,8.039883971E-1,-5.647061467E-1,1.202154064E1,1.206162219E1
3.363876983E0,3.153740168E0,-5.790630579E-1,8.776873589E0,9.344244274E0
3.366252556E0,-5.441278458E0,-1.387837082E-1,9.413364410E0,1.087373909E1
3.368628181E0,3.924229145E0,-9.667003751E-1,1.127498055E1,1.197744840E1
3.371003754E0,-2.952743053E0,-6.125625968E-1,8.504091263E0,9.022942573E0
3.373379327E0,-8.757730722E-1,-3.014956415E-1,1.161954689E1,1.165640373E1
3.375754900E0,4.072584152E0,-7.178468108E-1,9.312865257E0,1.018973528E1
3.378130420E0,-5.833701611E0,-3.637090325E-1,8.743373871E0,1.051717383E1
3.380506045E0,3.340380430E0,-7.322037220E-1,1.195932770E1,1.243864071E1
3.382881618E0,-6.077769399E-1,-4.354937077E-1,8.475378036E0,8.508294802E0
3.385257191E0,-3.034099102E0,-8.135596663E-2,1.075334454E1,1.117348624E1
3.387632764E0,4.130012035E0,-1.038485050E0,9.968499184E0,1.084003813E1
3.390008337E0,-5.221138954E0,-3.972085714E-1,8.867800713E0,1.029834725E1
3.392383962E0,2.703889608E0,-5.120640397E-1,1.196889877E1,1.228119564E1
3.394759535E0,1.172483087E0,-4.594219327E-1,8.231309891E0,8.327079177E0
3.397135108E0,-4.929214478E0,-6.221338734E-2,1.016471100E1,1.129700737E1
3.399510681E0,4.206582069E0,-9.619147182E-1,1.076291656E1,1.159573135E1
3.401886254E0,-3.689732552E0,-3.493520916E-1,9.020941734E0,9.752618262E0
3.404261827E0,7.848458290E-1,-4.115654826E-1,1.151904774E1,1.155308746E1
3.406637400E0,2.804388046E0,-8.853443861E-1,8.676374435E0,9.161217187E0
3.409012973E0,-5.704489231E0,-5.742774159E-2,9.451649666E0,1.103984496E1
3.411388545E0,4.316651821E0,-8.805587292E-1,1.160997581E1,1.241774557E1
3.413764118E0,-2.153540373E0,-2.201396823E-1,8.561519623E0,8.830957812E0
3.416139691E0,-1.641476393E0,-3.780659735E-1,1.097827053E1,1.110674581E1
3.418515316E0,4.015156269E0,-1.024128079E0,9.580862045E0,1.043854567E1
3.420890889E0,-5.297709465E0,6.699903309E-2,9.126225471E0,1.055263976E1
3.423266462E0,3.809373617E0,-4.689932466E-1,1.156690502E1,1.218706584E1
3.425642035E0,-6.317051649E-1,-5.647061467E-1,8.202595711E0,8.246242832E0
3.428017608E0,-3.708875179E0,-5.264210105E-1,1.060977554E1,1.125167593E1
3.430393181E0,4.847858906E0,-7.848458290E-1,1.054756260E1,1.163480966E1
3.432768754E0,-4.273581028E0,5.264209956E-2,9.097511292E0,1.005141670E1
3.435144327E0,2.215753794E0,-3.637090325E-1,1.141376400E1,1.163253445E1
3.437519900E0,1.359123230E0,-1.100698471E0,8.140382767E0,8.326138641E0
3.439895473E0,-4.809573650E0,-1.914258115E-2,1.005942631E1,1.115008622E1
3.442271045E0,5.000999451E0,-7.992027402E-1,1.134676456E1,1.242569059E1
3.444646618E0,-3.383451223E0,-1.866401732E-1,8.451449394E0,9.105469433E0
3.447022191E0,-1.674975902E-1,-6.604190469E-1,1.127498055E1,1.129554758E1
3.449397816E0,3.460021496E0,-9.140582681E-1,9.164510727E0,9.838470823E0
3.451773389E0,-5.072783947E0,1.292124242E-1,9.585647583E0,1.084594267E1
3.454148962E0,4.541577339E0,-4.833501875E-1,1.130848026E1,1.219595334E1
3.456524535E0,-2.330609322E0,-7.369893789E-1,7.992027760E0,8.357475747E0
3.458900056E0,-2.455035925E0,-3.828516304E-1,1.117448139E1,1.144739320E1
3.461275681E0,4.862215519E0,-9.188438654E-1,1.004028416E1,1.119342306E1
3.463651254E0,-4.819144726E0,1.387837082E-1,9.059226990E0,1.026221275E1
3.466026827E0,2.938386202E0,-5.551348329E-1,1.138026428E1,1.176659268E1
3.468402400E0,-3.062812984E-1,-1.057627559E0,8.106883049E0,8.181316340E0
3.470777973E0,-3.933800459E0,-1.483550072E-1,1.083948612E1,1.153218343E1
3.473153598E0,5.182853699E0,-5.503492355E-1,1.063848972E1,1.184661641E1
3.475529170E0,-4.795216560E0,-9.571290575E-3,8.475378036E0,9.737875863E0
3.477904743E0,7.130611539E-1,-9.714859724E-1,1.134197903E1,1.140581998E1
3.480280316E0,2.292324066E0,-9.044869542E-1,8.752944946E0,9.093233281E0
3.482655889E0,-4.833501816E0,1.579262912E-1,1.000678444E1,1.111410884E1
3.485031462E0,4.527220249E0,-4.307080805E-1,1.118883896E1,1.207772122E1
3.487407035E0,-4.005585194E0,-7.513462901E-1,7.944170952E0,8.928554536E0
3.489782608E0,-1.167697430E0,-3.445664644E-1,1.164826107E1,1.171171334E1
3.492158181E0,4.297509670E0,-8.231309652E-1,9.509077072E0,1.046750595E1
3.494533754E0,-5.364708424E0,9.092725813E-2,9.001798630E0,1.047953925E1
3.496909327E0,3.282952785E0,-7.178468108E-1,1.146640587E1,1.194870481E1
3.499284900E0,-1.689332843E0,-6.891329288E-1,8.039883614E0,8.244299738E0
3.501660525E0,-2.866601467E0,-2.392822653E-1,1.127498055E1,1.163614396E1
3.504036098E0,4.981856823E0,-5.120640397E-1,1.022692394E1,1.138732103E1
3.506411670E0,-5.297709465E0,-3.493520916E-1,8.451449394E0,9.980719880E0
3.508787243E0,2.053041935E0,-4.785645306E-1,1.167697430E1,1.186573782E1
3.511162816E0,1.024128079E0,-7.800601721E-1,8.384450912E0,8.482708842E0
3.513538389E0,-4.220939159E0,1.292124242E-1,1.034177971E1,1.117073994E1
3.515913962E0,4.570291042E0,-6.939185858E-1,1.084427261E1,1.178844060E1
3.518289535E0,-4.374079704E0,-5.982056856E-1,8.226524353E0,9.336280107E0
3.520665108E0,3.302095234E-1,-4.067798555E-1,1.201196957E1,1.202339058E1
3.523040681E0,3.771088600E0,-5.551348329E-1,8.886942863E0,9.669903690E0
3.525416254E0,-5.312066078E0,2.584248483E-1,9.288937569E0,1.070369985E1
3.527791879E0,3.694518089E0,-1.024128079E0,1.117448139E1,1.181386205E1
3.530167452E0,-2.522035122E0,-6.317051649E-1,8.288737297E0,8.686937237E0
3.532543025E0,-1.220339537E0,-2.632105052E-1,1.172961617E1,1.179586384E1
3.534918598E0,4.728217602E0,-4.211367965E-1,9.566504478E0,1.067948528E1
3.537294170E0,-5.675775528E0,1.914258115E-2,8.638090134E0,1.033592741E1
3.539669743E0,2.880958557E0,-8.805587292E-1,1.153819084E1,1.192498024E1
3.542045316E0,2.775674164E-1,-7.513462901E-1,8.561519623E0,8.598905929E0
3.544420889E0,-3.278167009E0,-1.196411327E-1,1.063848972E1,1.113275153E1
3.546796462E0,4.603790760E0,-6.843472719E-1,1.044706345E1,1.143697317E1
3.549172035E0,-5.072783947E0,-5.264210105E-1,8.398807526E0,9.825997349E0
3.551547608E0,1.741974831E0,-5.838487148E-1,1.201196957E1,1.215165703E1
3.553923181E0,2.742174864E0,-4.737788737E-1,8.652446747E0,9.088939658E0
3.556298806E0,-5.024927616E0,2.967100143E-1,9.681360245E0,1.091176753E1
3.558674379E0,3.909872293E0,-9.523434043E-1,1.082991505E1,1.155340293E1
3.561049952E0,-3.292523861E0,-7.369893789E-1,8.456234932E0,9.104492075E0
3.563425473E0,-1.770688742E-1,-2.632105052E-1,1.206461143E1,1.206878131E1
3.565801098E0,4.149154663E0,-5.072783828E-1,8.987442017E0,9.911958927E0
3.568176670E0,-6.025127411E0,9.571290575E-3,8.858229637E0,1.071309872E1
3.570552243E0,3.302095175E0,-9.571290612E-1,1.163868904E1,1.213585643E1
3.572927816E0,-5.886343718E-1,-3.541377485E-1,8.719446182E0,8.746464754E0
3.575303389E0,-2.890529871E0,-3.349951804E-1,1.054756260E1,1.094159319E1
3.577678962E0,4.316651821E0,-8.374879360E-1,1.026042366E1,1.116293701E1
3.580054535E0,-5.350351334E0,-1.387837082E-1,8.815158844E0,1.031273706E1
3.582430108E0,2.464607239E0,-5.647061467E-1,1.172004509E1,1.198968885E1
3.584805733E0,1.435693622E0,-5.359922647E-1,8.427521706E0,8.565723903E0
3.587181306E0,-4.977071285E0,-3.541377485E-1,9.839286804E0,1.103214471E1
3.589556879E0,4.254438877E0,-8.183453679E-1,1.128455162E1,1.208764016E1
3.591932452E0,-3.527020693E0,-2.871387303E-1,8.729017258E0,9.419026802E0
3.594308025E0,1.722832322E-1,-1.531406492E-1,1.129412270E1,1.129647472E1
3.596683598E0,2.928814888E0,-9.379864931E-1,8.843872070E0,9.363324650E0
3.599059170E0,-5.723631859E0,-2.344966233E-1,9.341579437E0,1.095810461E1
3.601434743E0,4.187439442E0,-8.949156404E-1,1.179661560E1,1.254972760E1
3.603810316E0,-1.775474429E0,-2.967100143E-1,8.346165657E0,8.538081017E0
3.606185889E0,-2.555534601E0,-1.483550072E-1,1.095434189E1,1.124946099E1
3.608561462E0,4.067798615E0,-1.033699393E0,9.719645500E0,1.058711616E1
3.610937035E0,-5.149354458E0,-1.770688742E-1,9.097511292E0,1.045523392E1
3.613312660E0,3.201596737E0,-5.838487148E-1,1.172483063E1,1.216810397E1
3.615688233E0,3.397808075E-1,-6.556333899E-1,8.102097511E0,8.135680071E0
3.618063806E0,-4.646861553E0,-2.536391914E-1,1.033699417E1,1.133627380E1
3.620439379E0,4.632504463E0,-8.949156404E-1,1.099741268E1,1.196678977E1
3.622814952E0,-3.929014683E0,-1.196411327E-1,8.886942863E0,9.717470033E0
3.625190525E0,9.619147182E-1,-3.589234054E-1,1.134197903E1,1.138835344E1
3.627566098E0,2.397608280E0,-1.158126116E0,8.633303642E0,9.034584293E0
3.629941670E0,-5.446064472E0,9.571290761E-2,9.753145218E0,1.117106176E1
3.632317243E0,4.579862595E0,-7.369893789E-1,1.145204926E1,1.235587823E1
3.634692816E0,-2.646461725E0,-4.594219327E-1,8.240880966E0,8.667580243E0
3.637068389E0,-1.871187329E0,-5.886343718E-1,1.123190975E1,1.140191340E1
3.639443962E0,4.130012035E0,-8.614161611E-1,9.643074989E0,1.052558466E1
3.641819587E0,-5.192425251E0,4.785645287E-3,9.370293617E0,1.071278234E1
3.644195160E0,3.608376503E0,-4.833501875E-1,1.153340530E1,1.209435597E1
3.646570733E0,-8.709874153E-1,-9.523434043E-1,8.035098076E0,8.138081969E0
3.648946306E0,-3.967299938E0,-3.397808075E-1,1.081555843E1,1.152524291E1
3.651321879E0,4.862215519E0,-8.997012973E-1,1.071027374E1,1.179663366E1
3.653697452E0,-4.527220249E0,-7.657032460E-2,8.839086533E0,9.931315972E0
3.656073025E0,1.488335729E0,-7.800601721E-1,1.138026428E1,1.150365387E1
3.658448598E0,1.588834286E0,-1.052842021E0,8.628518105E0,8.836526206E0
3.660824170E0,-5.024927616E0,-7.657032460E-2,1.013121128E1,1.130916454E1
3.663199743E0,4.823930264E0,-6.077769399E-1,1.127976608E1,1.228302971E1
3.665575316E0,-3.728017569E0,-3.924229145E-1,8.293522835E0,9.101353292E0
3.667950889E0,-1.110269666E0,-8.757730722E-1,1.134197903E1,1.142979289E1
3.670326514E0,3.742374659E0,-9.667003751E-1,9.494720459E0,1.025132159E1
3.672702087E0,-5.130211830E0,1.052841991E-1,9.547362328E0,1.083892456E1
3.675077660E0,3.890729666E0,-5.790630579E-1,1.142333508E1,1.208162554E1
3.677453233E0,-2.330609322E0,-1.091127157E0,7.968099594E0,8.373345175E0
3.679828806E0,-2.943171740E0,-3.302095234E-1,1.140419292E1,1.178248337E1
3.682204379E0,5.005784988E0,-7.417750359E-1,1.021735287E1,1.140186007E1
3.684579952E0,-5.058426857E0,8.614161611E-2,8.738588333E0,1.009742684E1
3.686955525E0,2.086541414E0,-9.858429432E-1,1.145204926E1,1.168225036E1
3.689331098E0,4.689932466E-1,-8.757730722E-1,8.317451477E0,8.376570433E0
3.691706670E0,-4.197010994E0,-8.614161611E-2,1.073420238E1,1.152585886E1
3.694082243E0,5.067998409E0,-5.503492355E-1,1.083948612E1,1.197839520E1
3.696457868E0,-4.599005222E0,-5.647061467E-1,8.202595711E0,9.420844891E0
3.698833441E0,1.435693651E-1,-4.977070987E-1,1.168175983E1,1.169323896E1
3.701209014E0,3.235096216E0,-7.752745152E-1,8.982656479E0,9.578883835E0
3.703584587E0,-5.015356064E0,2.344966233E-1,9.528220177E0,1.077013300E1
3.705960108E0,4.149154663E0,-7.752745152E-1,1.138504982E1,1.214231833E1
3.708335733E0,-2.885744095E0,-6.939185858E-1,7.963313580E0,8.498435453E0
3.710711306E0,-1.780260086E0,-2.727817893E-1,1.160519028E1,1.174411245E1
3.713086879E0,4.957928658E0,-5.168496966E-1,9.882357597E0,1.106838660E1
3.715462452E0,-5.302495003E0,-5.264209956E-2,8.690732002E0,1.018076850E1
3.717838025E0,2.981456995E0,-7.417750359E-1,1.143290615E1,1.183852436E1
3.720213598E0,-3.397808075E-1,-6.604190469E-1,8.322237015E0,8.355311678E0
3.722589170E0,-3.235096216E0,-6.221338734E-2,1.087777138E1,1.134881616E1
3.724964743E0,5.058426857E0,-5.742774606E-1,1.042313576E1,1.159996706E1
3.727340368E0,-4.881358147E0,-5.072783828E-1,8.288737297E0,9.632660831E0
3.729715941E0,1.493121386E0,-3.972085714E-1,1.194975662E1,1.204922692E1
3.732091514E0,2.612962246E0,-5.694918036E-1,8.547162056E0,8.955773100E0
3.734467087E0,-4.622933388E0,1.435693651E-1,9.710074425E0,1.075535544E1
3.736842660E0,4.378865242E0,-8.901300430E-1,1.105484104E1,1.192377049E1
3.739218233E0,-3.536591768E0,-4.115654826E-1,8.298309326E0,9.029884006E0
3.741593806E0,-1.292124242E-1,-4.594219327E-1,1.174397373E1,1.175366681E1
3.743969379E0,4.326223373E0,-5.359922647E-1,9.298508644E0,1.026965235E1
3.746344952E0,-5.465207100E0,-2.057827413E-1,8.925228119E0,1.046759438E1
3.748720525E0,3.704089403E0,-6.747759581E-1,1.145683479E1,1.205962953E1
3.751096098E0,-1.373480201E0,-4.354937077E-1,8.508877754E0,8.630011777E0
3.753471723E0,-2.043470621E0,-1.339980662E-1,1.105962658E1,1.124762498E1
3.755847295E0,4.555934429E0,-9.044869542E-1,9.734002113E0,1.078542685E1
3.758222868E0,-5.268995285E0,-2.105683982E-1,8.743373871E0,1.021044744E1
3.760598441E0,2.670390129E0,-6.221339107E-1,1.187318611E1,1.218567120E1
3.762974014E0,1.186840057E0,-4.642075896E-1,8.355736732E0,8.452361466E0
3.765349587E0,-4.173082829E0,-2.536391914E-1,1.012642574E1,1.095552151E1
3.767725160E0,4.541577339E0,-8.614161611E-1,1.077248764E1,1.172239107E1
3.770100733E0,-4.345366001E0,-1.292124242E-1,8.628518105E0,9.661792081E0
3.772476306E0,1.296909928E0,-4.019941986E-1,1.161476135E1,1.169385548E1
3.774851879E0,2.775674343E0,-7.274180651E-1,8.700303078E0,9.161265128E0
3.777227452E0,-5.283352375E0,-5.264209956E-2,9.413364410E0,1.079481417E1
3.779603025E0,4.101297855E0,-6.508477330E-1,1.138504982E1,1.211872957E1
3.781978598E0,-2.541177750E0,-3.014956415E-1,8.461020470E0,8.839533436E0
3.784354223E0,-9.332008362E-1,-1.962114573E-1,1.113141060E1,1.117218263E1
3.786729795E0,3.871587038E0,-9.044869542E-1,9.375079155E0,1.018328984E1
3.789105368E0,-5.536991596E0,1.339980662E-1,8.896514893E0,1.047970461E1
3.791480941E0,3.689732552E0,-7.130611539E-1,1.160040379E1,1.219393089E1
3.793856514E0,-7.513462901E-1,-3.349951804E-1,8.255238533E0,8.296125979E0
3.796232087E0,-3.172882795E0,-2.488535494E-1,1.056191921E1,1.103101313E1
3.798607660E0,4.517649174E0,-7.417750359E-1,1.029392338E1,1.126606598E1
3.800983233E0,-4.780859470E0,9.571290575E-3,8.743373871E0,9.965103890E0
3.803358806E0,2.775674343E0,-2.536391914E-1,1.151426220E1,1.184681117E1
3.805734379E0,7.944171429E-1,-6.699903607E-1,8.106883049E0,8.173220813E0
3.808109952E0,-4.651647091E0,-9.571290761E-2,1.009292603E1,1.111369144E1
3.810485525E0,4.809573650E0,-7.896314859E-1,1.097827053E1,1.201157527E1
3.812861150E0,-3.603590965E0,-5.264209956E-2,8.791230202E0,9.501282413E0
3.815236723E0,6.747759581E-1,-2.153540403E-1,1.124148083E1,1.126377340E1
3.817612295E0,2.679961443E0,-9.714859724E-1,8.599804878E0,9.059946041E0
3.819987868E0,-5.182853699E0,1.722832322E-1,9.494720459E0,1.081856601E1
3.822363441E0,4.723432064E0,-6.077769399E-1,1.140897846E1,1.236304950E1
3.824739014E0,-2.608176708E0,-2.919243574E-1,8.169096947E0,8.580323449E0
3.827114587E0,-1.660618901E0,-5.264210105E-1,1.105962658E1,1.119598653E1
3.829490160E0,4.177868366E0,-7.130611539E-1,9.623932838E0,1.051585106E1
3.831865733E0,-4.943571568E0,1.292124242E-1,9.231510162E0,1.047264893E1
3.834241306E0,3.790230989E0,-4.594219327E-1,1.133240795E1,1.195827703E1
3.836616879E0,-1.110269666E0,-9.284151793E-1,7.886743546E0,8.018439825E0
3.838992452E0,-3.493520975E0,-8.135596663E-2,1.096391296E1,1.150733223E1
3.841368077E0,4.972285271E0,-7.848458290E-1,1.046620655E1,1.161383155E1
3.843743650E0,-4.541577339E0,-4.785645381E-2,8.714659691E0,9.827182124E0
3.846119223E0,1.942971945E0,-6.843472719E-1,1.141376400E1,1.159816709E1
3.848494795E0,1.191625714E0,-7.896314859E-1,8.417949677E0,8.538463942E0
3.850870368E0,-4.666004181E0,-3.349951655E-2,1.025085258E1,1.126289021E1
3.853245941E0,4.996213913E0,-6.029912829E-1,1.104048347E1,1.213334362E1
3.855621514E0,-4.101297855E0,-5.790630579E-1,8.317451477E0,9.291714438E0
3.857997087E0,-4.307080805E-2,-4.307080805E-1,1.160040379E1,1.160847675E1
3.860372660E0,3.129812002E0,-9.284151793E-1,8.843872070E0,9.427181504E0
3.862748233E0,-5.020142078E0,1.483550072E-1,9.647860527E0,1.087681242E1
3.865123806E0,4.163511276E0,-7.752745152E-1,1.128933716E1,1.205757066E1
3.867499327E0,-2.880958557E0,-8.757730722E-1,8.078168869E0,8.621120168E0
3.869875004E0,-2.038684845E0,-3.541377485E-1,1.169611740E1,1.187774439E1
3.872250577E0,4.632504463E0,-7.369893789E-1,9.710074425E0,1.078372831E1
3.874626150E0,-5.364708424E0,-1.292124242E-1,8.934800148E0,1.042244914E1
3.877001723E0,2.924029350E0,-8.279166222E-1,1.160997581E1,1.200112211E1
3.879377295E0,-8.662018180E-1,-6.843472719E-1,8.164310455E0,8.238604371E0
3.881752868E0,-3.450450182E0,-2.584248483E-1,1.105484104E1,1.158369114E1
3.884128441E0,4.819144726E0,-7.322037220E-1,1.053799057E1,1.161075034E1
3.886504014E0,-5.173282623E0,-5.694918036E-1,8.504091263E0,9.970292986E0
3.888879587E0,1.531406522E0,-5.312066078E-1,1.182532978E1,1.193590427E1
3.891255160E0,1.493121386E0,-8.279166222E-1,8.499305725E0,8.669086181E0
3.893630733E0,-4.618147850E0,-1.435693540E-2,1.020778179E1,1.120385223E1
3.896006306E0,4.316651821E0,-9.332008362E-1,1.102612686E1,1.187770265E1
3.898381879E0,-4.292723656E0,-5.790630579E-1,8.480163574E0,9.522392801E0
3.900757504E0,-8.135596663E-2,-6.364908218E-1,1.186840057E1,1.188573395E1
3.903133077E0,3.560520172E0,-6.364908218E-1,9.083154678E0,9.776815605E0
3.905508650E0,-5.513063431E0,-1.674975902E-1,9.188439369E0,1.071677852E1
3.907884223E0,3.622733593E0,-9.427721500E-1,1.149033451E1,1.208473439E1
3.910259795E0,-2.689532757E0,-6.795616150E-1,8.398807526E0,8.845075369E0
3.912635368E0,-1.569691658E0,-2.679961324E-1,1.153340530E1,1.164281717E1
3.915010941E0,4.240081787E0,-7.848458290E-1,9.571290970E0,1.049780393E1
3.917386514E0,-5.651846886E0,-3.541377485E-1,8.729017258E0,1.040502422E1
3.919762087E0,2.967100143E0,-7.130611539E-1,1.183011532E1,1.221735519E1
3.922137660E0,-2.871387303E-1,-5.551348329E-1,8.456234932E0,8.479300240E0
3.924513233E0,-3.359523058E0,-1.483550072E-1,1.080120182E1,1.131257553E1
3.926888858E0,4.259224415E0,-1.048056364E0,1.027956581E1,1.117626449E1
3.929264379E0,-5.020142078E0,-2.871387303E-1,8.767302513E0,1.010692181E1
3.931640004E0,2.311466694E0,-6.939185858E-1,1.193539906E1,1.217695167E1
3.934015577E0,1.660618901E0,-6.317051649E-1,8.346165657E0,8.533181571E0
3.936391150E0,-4.957928658E0,-3.828516304E-1,9.968499184E0,1.113995547E1
3.938766723E0,4.206582069E0,-9.284151793E-1,1.122233772E1,1.202073839E1
3.941142295E0,-3.641875982E0,-4.354937077E-1,8.877371788E0,9.605240512E0
3.943517868E0,6.317051649E-1,-3.972085714E-1,1.154776192E1,1.157184650E1
3.945893441E0,2.766103029E0,-9.667003751E-1,8.776873589E0,9.253072223E0
3.948269014E0,-5.723631859E0,-3.493520916E-1,9.351150513E0,1.096932197E1
3.950644587E0,4.168296814E0,-9.667003751E-1,1.173918819E1,1.249470878E1
3.953020108E0,-2.072184324E0,-4.977070987E-1,8.614161491E0,8.873862656E0
3.955395733E0,-1.890329838E0,-4.642075896E-1,1.128455162E1,1.145119823E1
3.957771358E0,3.718446493E0,-1.225125194E0,9.494720459E0,1.027022359E1
3.960146931E0,-5.455635548E0,-1.962114573E-1,9.221938133E0,1.071665065E1
3.962522504E0,3.608376503E0,-8.135597110E-1,1.181097221E1,1.237664434E1
3.964898077E0,-8.327022791E-1,-7.800601721E-1,8.202595711E0,8.281573724E0
3.967273650E0,-3.885943890E0,-5.694918036E-1,1.086341476E1,1.155156531E1
3.969649223E0,4.316651821E0,-9.954141974E-1,1.067677498E1,1.155931902E1
3.972024795E0,-4.627718925E0,-2.775674164E-1,9.087940216E0,1.020213132E1
3.974400368E0,1.904686809E0,-5.647061467E-1,1.149512005E1,1.166552655E1
3.976775941E0,9.571290612E-1,-1.311266780E0,8.327022552E0,8.483797569E0
3.979151514E0,-5.221138954E0,-1.818545163E-1,1.028435135E1,1.153521763E1
3.981527087E0,4.627718925E0,-1.014556766E0,1.138983536E1,1.233586062E1
3.983902660E0,-3.804588079E0,-4.067798555E-1,8.566305161E0,9.382001088E0
3.986278233E0,-3.637090325E-1,-7.896314859E-1,1.150469112E1,1.153749193E1
3.988653858E0,2.943171740E0,-1.000199914E0,8.982656479E0,9.505302582E0
3.991029431E0,-5.446064472E0,-5.264209956E-2,9.609575272E0,1.104564739E1
3.993405004E0,4.331008911E0,-7.369893789E-1,1.155254745E1,1.235969839E1
3.995780577E0,-2.656033039E0,-8.374879360E-1,8.102097511E0,8.567373088E0
3.998156150E0,-2.455035925E0,-4.546363056E-1,1.137547874E1,1.164626173E1
4.000531723E0,4.311866283E0,-9.619147182E-1,9.872786522E0,1.081616311E1
4.002907295E0,-4.929214478E0,6.221338734E-2,9.111868858E0,1.035988320E1
4.005282868E0,3.048455954E0,-8.470591903E-1,1.143290615E1,1.186262770E1
4.007658441E0,-5.647061467E-1,-8.709874153E-1,8.121239662E0,8.187310044E0
4.010034014E0,-3.890729666E0,-1.579262912E-1,1.104526901E1,1.171156205E1
4.012409587E0,5.187639713E0,-6.987041831E-1,1.062413216E1,1.184364713E1
4.014785160E0,-4.642076015E0,-2.871387303E-1,8.547162056E0,9.730637060E0
4.017160785E0,1.493121386E0,-6.604190469E-1,1.156211948E1,1.167682199E1
4.019536358E0,1.832902193E0,-7.609176040E-1,8.451449394E0,8.681331863E0
4.021911931E0,-4.474578381E0,7.657032460E-2,1.017906761E1,1.111940341E1
4.024287452E0,4.943571568E0,-6.699903607E-1,1.114576817E1,1.221130357E1
4.026663077E0,-3.756731510E0,-7.322037220E-1,8.126026154E0,8.982285621E0
4.029038650E0,-2.297109663E-1,-3.014956415E-1,1.172483063E1,1.173095563E1
4.031414223E0,4.010370731E0,-7.800601721E-1,9.154939651E0,1.002519263E1
4.033789795E0,-4.881358147E0,1.674975902E-1,9.221938133E0,1.043550937E1
4.036165368E0,4.086941242E0,-8.757730722E-1,1.134676456E1,1.209211037E1
4.038540941E0,-2.076970100E0,-5.886343718E-1,8.092526436E0,8.375516661E0
4.040916514E0,-1.871187329E0,-3.110669553E-1,1.148076344E1,1.163640983E1
4.043292087E0,5.149354458E0,-5.982056856E-1,9.891928673E0,1.116798792E1
4.045667712E0,-5.067998409E0,-3.349951804E-1,8.657232285E0,1.003715600E1
4.048043285E0,3.053241730E0,-5.934200287E-1,1.166261768E1,1.207025615E1
4.050418858E0,4.307080805E-2,-6.795616150E-1,8.274380684E0,8.302351160E0
4.052794431E0,-3.220739365E0,-1.004985496E-1,1.067198944E1,1.114785274E1
4.055170004E0,4.852644444E0,-8.853443861E-1,1.047099209E1,1.157469948E1
4.057545525E0,-4.570291042E0,-3.732803464E-1,8.551948547E0,9.703747853E0
4.059921150E0,1.545763373E0,-5.407779217E-1,1.170568848E1,1.181968561E1
4.062296723E0,2.488535643E0,-6.173482537E-1,8.671588898E0,9.042697746E0
4.064672295E0,-4.685146809E0,-1.770688742E-1,9.719645500E0,1.079136056E1
4.067047868E0,4.374079704E0,-9.044869542E-1,1.119362450E1,1.205188364E1
4.069423441E0,-3.747160196E0,-4.067798555E-1,8.441878319E0,9.245106216E0
4.071799014E0,1.435693651E-1,-5.072783828E-1,1.164826107E1,1.166018565E1
4.074174587E0,3.756731510E0,-7.848458290E-1,9.035298347E0,9.816599760E0
4.076550160E0,-5.422136307E0,-1.483550072E-1,9.064012527E0,1.056304381E1
4.078925785E0,3.747160196E0,-7.609176040E-1,1.157169056E1,1.218705163E1
4.081301358E0,-1.981257200E0,-5.407779217E-1,8.312665939E0,8.562606839E0
4.083676931E0,-1.631905079E0,-2.392822653E-1,1.121755219E1,1.133815890E1
4.086052452E0,4.297509670E0,-9.571290612E-1,9.643074989E0,1.060064058E1
4.088428077E0,-5.446064472E0,-6.221338734E-2,8.772088051E0,1.032535798E1
4.090803650E0,3.139383316E0,-7.896314859E-1,1.162433243E1,1.206666275E1
4.093179223E0,5.742774159E-2,-5.168496966E-1,8.384450912E0,8.400562401E0
4.095554795E0,-3.436093330E0,-2.823530734E-1,1.053799057E1,1.108763753E1
4.097930368E0,4.541577339E0,-8.231309652E-1,1.033220863E1,1.131627167E1
4.100305941E0,-4.838287354E0,-1.292124242E-1,8.700303078E0,9.955952692E0
4.102681514E0,2.478964329E0,-3.589234054E-1,1.160040379E1,1.186774866E1
4.105057087E0,1.406979680E0,-7.657032609E-1,8.212167740E0,8.366934462E0
4.107432712E0,-4.685146809E0,-1.435693651E-1,1.001635551E1,1.105886932E1
4.109808285E0,4.579862595E0,-7.417750359E-1,1.101655579E1,1.195365521E1
4.112183858E0,-3.445664644E0,-1.100698411E-1,8.810373306E0,9.460834953E0
4.114559431E0,7.369893789E-1,-3.302095234E-1,1.125583744E1,1.128477152E1
4.116935004E0,2.727817774E0,-1.062413216E0,8.614161491E0,9.097993727E0
4.119310577E0,-5.197210789E0,1.770688742E-1,9.590433121E0,1.090957198E1
4.121686150E0,4.800002098E0,-7.322037220E-1,1.138983536E1,1.238161911E1
4.124061723E0,-2.536391973E0,-4.594219327E-1,8.350951195E0,8.739721884E0
4.126437295E0,-1.158126116E0,-5.120640397E-1,1.140419292E1,1.147427915E1
4.128812868E0,4.034298897E0,-7.896314859E-1,9.202795982E0,1.007921323E1
4.131188441E0,-4.991427898E0,0.000000000E0,9.250652313E0,1.051137102E1
4.133564014E0,4.110869408E0,-6.317051649E-1,1.157647610E1,1.230093889E1
4.135939639E0,-1.502692580E0,-8.662018180E-1,7.939385414E0,8.126637148E0
4.138315212E0,-2.895315409E0,-2.967100143E-1,1.122712421E1,1.159824152E1
4.140690785E0,4.756931305E0,-9.762716293E-1,1.015035343E1,1.125216319E1
4.143066358E0,-4.694717884E0,2.392822690E-2,8.987442017E0,1.013977626E1
4.145441931E0,2.804388046E0,-8.518448472E-1,1.138504982E1,1.175625754E1
4.147817504E0,6.699903309E-2,-9.236295223E-1,8.212167740E0,8.264216802E0
4.150193077E0,-4.211368084E0,-1.914258152E-1,1.086820030E1,1.165718846E1
4.152568650E0,5.106283665E0,-7.178468108E-1,1.069113159E1,1.186969804E1
4.154944223E0,-4.627718925E0,-4.881358147E-1,8.580661774E0,9.761240469E0
4.157319795E0,1.071984529E0,-6.699903607E-1,1.158604717E1,1.165480703E1
4.159695368E0,1.832902193E0,-9.188438654E-1,8.456234932E0,8.701247826E0
4.162070941E0,-4.694717884E0,9.571290575E-3,1.024606609E1,1.127041872E1
4.164446514E0,4.469792843E0,-7.992027402E-1,1.115533924E1,1.204405939E1
4.166822087E0,-3.981656790E0,-7.896314859E-1,8.202595711E0,9.152031745E0
4.169197712E0,-5.934200287E-1,-3.684946895E-1,1.197368431E1,1.199404234E1
4.171573285E0,3.627519131E0,-8.949156404E-1,8.925228119E0,9.675715272E0
4.173948858E0,-5.302495003E0,-2.871387079E-2,9.336793900E0,1.073745771E1
4.176324431E0,3.737588882E0,-8.949156404E-1,1.146640587E1,1.209334148E1
4.178700004E0,-2.742174864E0,-5.599204898E-1,8.283951759E0,8.743963100E0
4.181075577E0,-1.842473388E0,-4.019941986E-1,1.166740322E1,1.181882420E1
4.183451150E0,4.450650215E0,-6.699903607E-1,9.609575272E0,1.061136708E1
4.185826723E0,-5.460421085E0,-2.967100143E-1,8.719446182E0,1.029237470E1
4.188202295E0,2.991028309E0,-6.221339107E-1,1.170568848E1,1.209778673E1
4.190577868E0,-1.148554921E0,-6.412764788E-1,8.264809608E0,8.368840529E0
4.192953441E0,-2.904886723E0,-7.657032460E-2,1.117448139E1,1.154613633E1
4.195329014E0,4.441078663E0,-8.997012973E-1,9.997213364E0,1.097619775E1
4.197704587E0,-5.288137913E0,-1.627119333E-1,8.633303642E0,1.012545355E1
4.200080212E0,2.206182480E0,-5.264210105E-1,1.172004509E1,1.193749627E1
4.202455785E0,1.086341500E0,-5.120640397E-1,8.475378036E0,8.560045578E0
4.204831358E0,-4.278367043E0,-2.105683982E-1,1.031306553E1,1.116727739E1
4.207206931E0,4.359723091E0,-8.279166222E-1,1.074377346E1,1.162416877E1
4.209582504E0,-4.555934429E0,-2.057827413E-1,8.628518105E0,9.759621393E0
4.211958077E0,1.540977836E0,-4.019941986E-1,1.169611740E1,1.180404059E1
4.214333650E0,2.306680918E0,-6.652047038E-1,8.461020470E0,8.795006625E0
4.216709223E0,-5.182853699E0,-1.914258152E-1,9.753145218E0,1.104637759E1
4.219084795E0,4.139583111E0,-7.178468108E-1,1.129412270E1,1.205025559E1
4.221460368E0,-3.201596737E0,-3.397808075E-1,8.618947029E0,9.200647833E0
4.223835889E0,1.914258115E-2,-2.249253243E-1,1.133719349E1,1.133944064E1
4.226211514E0,3.168097258E0,-1.024128079E0,8.786444664E0,9.396131565E0
4.228587087E0,-5.551348686E0,6.221338734E-2,9.317651749E0,1.084619642E1
4.230962712E0,4.173082829E0,-9.092726111E-1,1.153340530E1,1.229881437E1
4.233338285E0,-2.072184324E0,-3.924229145E-1,8.432307243E0,8.692050912E0
4.235713858E0,-1.952543259E0,-4.546363056E-1,1.123669529E1,1.141413336E1
4.238089431E0,3.962514400E0,-9.044869542E-1,9.422935486E0,1.026213088E1
4.240465004E0,-5.335994720E0,-3.828516230E-2,9.035298347E0,1.049337513E1
4.242840577E0,3.751945972E0,-6.125625968E-1,1.170568848E1,1.230753729E1
4.245216150E0,-1.177268744E0,-7.752745152E-1,8.087740898E0,8.209662910E0
4.247591723E0,-3.479164124E0,-3.637090325E-1,1.099741268E1,1.154036191E1
4.249967295E0,4.493721008E0,-9.332008362E-1,1.014078236E1,1.113103136E1
4.252342868E0,-4.804787636E0,-4.785645287E-3,8.982656479E0,1.018695855E1
4.254718441E0,2.512463808E0,-7.034898400E-1,1.147597694E1,1.176883253E1
4.257094014E0,1.196411327E-1,-9.523434043E-1,8.102097511E0,8.158753339E0
4.259469587E0,-4.469792843E0,-1.004985496E-1,1.078684425E1,1.167669290E1
4.261845212E0,4.900500774E0,-7.226324677E-1,1.068156052E1,1.177424480E1
4.264220785E0,-4.532006264E0,-2.392822653E-1,8.551948547E0,9.681537106E0
4.266596358E0,9.714859724E-1,-7.274180651E-1,1.155254745E1,1.161612133E1
4.268971931E0,1.823330879E0,-7.848458290E-1,8.341380119E0,8.574330339E0
4.271347504E0,-4.852644444E0,6.221338734E-2,1.013599682E1,1.123790283E1
4.273723077E0,4.680361271E0,-6.508477330E-1,1.114098263E1,1.210168907E1
4.276098650E0,-3.924229145E0,-6.508477330E-1,8.145168304E0,9.064598384E0
4.278474223E0,-5.312066078E-1,-3.110669553E-1,1.168654537E1,1.170274694E1
4.280849795E0,3.584448338E0,-8.374879360E-1,8.934800148E0,9.663348778E0
4.283225368E0,-5.091926575E0,1.818545163E-1,9.308079720E0,1.061136821E1
4.285600941E0,3.938585997E0,-8.422735929E-1,1.137069321E1,1.206294112E1
4.287976514E0,-2.713460922E0,-5.503492355E-1,8.173882484E0,8.630070065E0
4.290352087E0,-1.741974831E0,-2.440679073E-1,1.155733299E1,1.169042306E1
4.292727712E0,4.800002098E0,-5.359922647E-1,9.518648148E0,1.067389200E1
4.295103285E0,-5.312066078E0,-1.292124242E-1,8.685946465E0,1.018235768E1
4.297478858E0,3.239881754E0,-6.269195080E-1,1.158604717E1,1.204683987E1
4.299854431E0,-1.024128079E0,-5.407779217E-1,8.173882484E0,8.255521422E0
4.302230004E0,-2.651247501E0,-5.742774159E-2,1.118883896E1,1.149880553E1
4.304605577E0,4.814359188E0,-7.992027402E-1,9.944570541E0,1.107751157E1
4.306981150E0,-4.919643402E0,-1.627119333E-1,8.499305725E0,9.821790274E0
4.309356723E0,2.450250387E0,-4.498506486E-1,1.177747345E1,1.203806352E1
4.311732295E0,1.153340459E0,-6.173482537E-1,8.279166222E0,8.381879646E0
4.314107868E0,-3.842873096E0,-1.148554832E-1,1.035613632E1,1.104673820E1
4.316483441E0,4.675575256E0,-8.374879360E-1,1.071506023E1,1.172070415E1
4.318859014E0,-4.431507587E0,-1.674975902E-1,8.461020470E0,9.552757839E0
4.321234587E0,1.651047587E0,-5.264210105E-1,1.166740322E1,1.179539635E1
4.323610212E0,2.756531715E0,-6.460621357E-1,8.580661774E0,9.035685910E0
4.325985785E0,-4.862215519E0,-1.866401732E-1,9.734002113E0,1.088240651E1
4.328361358E0,4.417150497E0,-7.178468108E-1,1.112662506E1,1.199284403E1
4.330736931E0,-3.311666489E0,-4.259224236E-1,8.652446747E0,9.274339844E0
4.333112504E0,3.493520916E-1,-3.445664644E-1,1.155733299E1,1.156774476E1
4.335488077E0,3.555734396E0,-9.379864931E-1,8.863015175E0,9.595629409E0
4.337863650E0,-5.431707382E0,3.828516230E-2,9.207581520E0,1.069039140E1
4.340239223E0,4.010370731E0,-8.901300430E-1,1.163390350E1,1.233787322E1
4.342614795E0,-1.722832322E0,-3.876372576E-1,8.513663292E0,8.694876451E0
4.344990368E0,-1.684547186E0,-4.881358147E-1,1.114576817E1,1.128291291E1
4.347365941E0,4.173082829E0,-9.140582681E-1,9.422935486E0,1.034610245E1
4.349741514E0,-5.379065514E0,3.349951655E-2,8.987442017E0,1.047423420E1
4.352117087E0,3.833301783E0,-6.556333899E-1,1.169611740E1,1.232571377E1
4.354492660E0,-8.039883971E-1,-7.082754970E-1,8.106883049E0,8.177383707E0
4.356868285E0,-3.393022537E0,-3.493520916E-1,1.087777138E1,1.140002452E1
4.359243858E0,4.479363918E0,-8.279166222E-1,1.022692394E1,1.119554020E1
4.361619431E0,-4.613361835E0,-4.307080805E-2,9.006584167E0,1.011946248E1
4.363995004E0,2.612962246E0,-6.077769399E-1,1.141376400E1,1.172480163E1
4.366370577E0,5.407779217E-1,-9.188438654E-1,8.092526436E0,8.162456672E0
4.368746150E0,-4.680361271E0,-2.871387079E-2,1.054277611E1,1.153502207E1
4.371121723E0,4.895715237E0,-8.566305041E-1,1.090170002E1,1.198118971E1
4.373497295E0,-4.182653904E0,-2.919243574E-1,8.609375954E0,9.576072672E0
4.375872868E0,9.140582681E-1,-5.838487148E-1,1.139940739E1,1.145088951E1
4.378248441E0,2.215753794E0,-7.992027402E-1,8.513663292E0,8.833501715E0
4.380624014E0,-5.039284706E0,3.828516230E-2,9.997213364E0,1.119554068E1
4.382999587E0,4.890929699E0,-7.274180651E-1,1.122712421E1,1.226778906E1
4.385375160E0,-3.460021496E0,-6.412764788E-1,8.264809608E0,8.982764727E0
4.387750785E0,-7.178468108E-1,-2.823530734E-1,1.165783215E1,1.168332477E1
4.390126358E0,3.742374659E0,-8.422735929E-1,8.949156761E0,9.736642112E0
4.392501931E0,-4.862215519E0,1.962114573E-1,9.456435204E0,1.063502729E1
4.394877504E0,4.139583111E0,-9.236295223E-1,1.136112213E1,1.212700853E1
4.397253077E0,-2.201396942E0,-6.269195080E-1,8.059026718E0,8.377773464E0
4.399628650E0,-2.196611166E0,-3.206382394E-1,1.162911797E1,1.183910023E1
4.402004223E0,5.063212872E0,-7.848458290E-1,9.724431038E0,1.099166350E1
4.404379795E0,-5.063212872E0,-4.785645381E-2,8.843872070E0,1.019080409E1
4.406755368E0,3.153740168E0,-8.327022791E-1,1.153819084E1,1.199038440E1
4.409130941E0,-6.269195080E-1,-6.987041831E-1,8.183453560E0,8.237118900E0
4.411506514E0,-2.991028309E0,-2.392822653E-1,1.126540947E1,1.165817125E1
4.413882087E0,5.115854740E0,-7.800601721E-1,1.028435135E1,1.151296427E1
4.416257660E0,-4.914857864E0,-4.689932466E-1,8.566305161E0,9.887232504E0
4.418633285E0,1.986042738E0,-6.029912829E-1,1.180618668E1,1.198724356E1
4.421008858E0,1.473978758E0,-8.422735929E-1,8.461020470E0,8.629652691E0
4.423384431E0,-4.106083870E0,-1.148554832E-1,1.043270683E1,1.121224725E1
4.425760004E0,4.555934429E0,-1.062413216E0,1.080120182E1,1.177077827E1
4.428135577E0,-4.340580463E0,-4.163511395E-1,8.623732567E0,9.663475069E0
4.430511150E0,7.896314859E-1,-6.891329288E-1,1.183968639E1,1.188598317E1
4.432886723E0,3.163311481E0,-7.369893789E-1,8.786444664E0,9.367566531E0
4.435262295E0,-5.216353416E0,-3.397808075E-1,9.561718941E0,1.089735119E1
4.437637868E0,4.072584152E0,-9.140582681E-1,1.153819084E1,1.226993448E1
4.440013441E0,-3.249453068E0,-5.838487148E-1,8.441878319E0,9.064498558E0
4.442389014E0,-4.737788737E-1,-3.110669553E-1,1.168654537E1,1.170028084E1
4.444764587E0,3.694518089E0,-1.052842021E0,9.183652878E0,9.954768727E0
4.447140160E0,-5.599205017E0,-2.105683982E-1,9.078369141E0,1.066828112E1
4.449515733E0,3.536591768E0,-8.709874153E-1,1.168175983E1,1.223640524E1
4.451891306E0,-1.540977836E0,-5.503492355E-1,8.614161491E0,8.768196803E0
4.454266931E0,-2.522035122E0,-5.216353536E-1,1.116491032E1,1.145809700E1
4.456642504E0,4.106083870E0,-1.091127157E0,9.839286804E0,1.071737132E1
4.459018077E0,-5.527420521E0,-1.196411327E-1,8.949156761E0,1.051922518E1
4.461393650E0,3.043670416E0,-7.800601721E-1,1.176790142E1,1.218014480E1
4.463769223E0,-1.770688742E-1,-7.274180651E-1,8.288737297E0,8.322478982E0
4.466144795E0,-4.063013077E0,-4.211367965E-1,1.075813103E1,1.150751123E1
4.468520368E0,4.321437836E0,-8.805587292E-1,1.053799057E1,1.142363576E1
4.470895941E0,-4.737788677E0,-3.158525825E-1,8.939585686E0,1.012238098E1
4.473271514E0,1.909472466E0,-5.072783828E-1,1.155733299E1,1.172498880E1
4.475647087E0,1.344766378E0,-9.762716293E-1,8.370093346E0,8.533461520E0
4.478022660E0,-5.125426292E0,-5.264209956E-2,1.005942631E1,1.129003204E1
4.480398233E0,4.532006264E0,-9.523434043E-1,1.119362450E1,1.211376358E1
4.482773806E0,-3.627519131E0,-1.914258152E-1,8.724231720E0,9.450278196E0
4.485149431E0,7.657032460E-2,-6.029912829E-1,1.137069321E1,1.138692783E1
4.487525004E0,2.952743053E0,-9.332008362E-1,8.772088051E0,9.302638556E0
4.489900577E0,-5.398207664E0,-6.221338734E-2,9.456435204E0,1.088892480E1
4.492276150E0,4.570291042E0,-6.747759581E-1,1.153340530E1,1.242426339E1
4.494651723E0,-2.684746981E0,-5.838487148E-1,8.331808090E0,8.773127819E0
4.497027295E0,-1.737189293E0,-4.737788737E-1,1.134197903E1,1.148402287E1
4.499402868E0,4.158725739E0,-8.327022791E-1,9.394221306E0,1.030726864E1
4.501778441E0,-5.029713154E0,1.196411327E-1,9.250652313E0,1.053028474E1
4.504154014E0,3.694518089E0,-7.992027402E-1,1.158126163E1,1.218252067E1
4.506529587E0,-1.234696507E0,-7.752745152E-1,7.992027760E0,8.123917389E0
4.508905160E0,-3.287738323E0,-1.818545163E-1,1.126540947E1,1.173676893E1
4.511280733E0,5.125426292E0,-8.709874153E-1,1.026999474E1,1.151092549E1
4.513656306E0,-4.709074974E0,-6.221338734E-2,8.705088615E0,9.897364569E0
4.516031879E0,2.373680115E0,-8.087740541E-1,1.142812061E1,1.170001767E1
4.518407504E0,5.742774606E-1,-7.034898400E-1,8.279166222E0,8.328822599E0
4.520783077E0,-4.153940201E0,-2.057827413E-1,1.071027374E1,1.148945296E1
4.523158650E0,5.048855782E0,-7.082754970E-1,1.073898792E1,1.188774413E1
4.525534223E0,-4.383651257E0,-5.312066078E-1,8.417949677E0,9.505811673E0
4.527909795E0,7.178468108E-1,-5.216353536E-1,1.177747345E1,1.181085468E1
4.530285368E0,2.555534601E0,-8.279166222E-1,8.456234932E0,8.872660946E0
4.532660941E0,-4.780859470E0,1.244267747E-1,9.839286804E0,1.094000293E1
4.535036514E0,4.326223373E0,-1.004985452E0,1.120798111E1,1.205591328E1
4.537412087E0,-3.517449379E0,-5.168496966E-1,8.183453560E0,8.922359324E0
4.539787660E0,-9.188438654E-1,-4.785645306E-1,1.177268696E1,1.181818329E1
4.542163233E0,4.130012035E0,-7.082754970E-1,9.193224907E0,1.010316969E1
4.544538806E0,-5.412564754E0,-7.657032460E-2,9.044869423E0,1.054093844E1
4.546914379E0,3.584448338E0,-8.662018180E-1,1.149990559E1,1.207668845E1
4.549290004E0,-2.134397745E0,-5.599204898E-1,8.221738815E0,8.512705436E0
4.551665577E0,-2.062613010E0,-2.919243574E-1,1.145683479E1,1.164468358E1
4.554041098E0,4.488935471E0,-7.992027402E-1,9.609575272E0,1.063640934E1
4.556416723E0,-5.379065514E0,-1.435693651E-1,8.757730484E0,1.027875485E1
4.558792295E0,2.737389088E0,-6.221339107E-1,1.167218876E1,1.200501312E1
4.561167868E0,-8.135596663E-2,-5.838487148E-1,8.183453560E0,8.204657841E0
4.563543441E0,-3.474378586E0,-8.614161611E-2,1.077727318E1,1.132379548E1
4.565919014E0,4.450650215E0,-8.518448472E-1,1.043749237E1,1.137871583E1
4.568294535E0,-4.986642361E0,-8.614161611E-2,8.432307243E0,9.796827438E0
4.570670160E0,1.957328916E0,-5.982056856E-1,1.168654537E1,1.186441441E1
4.573045681E0,1.856830359E0,-5.120640397E-1,8.394021988E0,8.612179381E0
4.575421306E0,-4.766502857E0,-1.627119333E-1,9.887143135E0,1.097732317E1
4.577796879E0,4.369294167E0,-7.226324677E-1,1.102134132E1,1.187783203E1
4.580172452E0,-3.909872293E0,-2.727817893E-1,8.513663292E0,9.372511611E0
4.582548025E0,9.714859724E-1,-2.105683982E-1,1.156211948E1,1.160477191E1
4.584923598E0,2.866601467E0,-8.997012973E-1,8.647661209E0,9.154720683E0
4.587299223E0,-5.321637630E0,1.435693651E-1,9.403793335E0,1.080609866E1
4.589674795E0,4.144368649E0,-7.226324677E-1,1.135155106E1,1.210601919E1
4.592050368E0,-2.230110645E0,-2.632105052E-1,8.638090134E0,8.925204447E0
4.594425941E0,-1.048056364E0,-3.876372576E-1,1.119841003E1,1.125402471E1
4.596801514E0,3.924229145E0,-8.231309652E-1,9.159725189E0,9.998884163E0
4.599177087E0,-5.398207664E0,8.135596663E-2,8.977870941E0,1.047613628E1
4.601552660E0,4.168296814E0,-6.508477330E-1,1.176311588E1,1.249676744E1
4.603928233E0,-1.205982566E0,-4.211367965E-1,8.063812256E0,8.164362697E0
4.606303806E0,-2.813959360E0,-4.450650215E-1,1.089691448E1,1.126317874E1
4.608679379E0,4.536791801E0,-7.944171429E-1,1.005942631E1,1.106370806E1
4.611054952E0,-4.771288395E0,-6.699903309E-2,8.968298912E0,1.015874339E1
4.613430525E0,3.163311481E0,-5.886343718E-1,1.141376400E1,1.185862718E1
4.615806098E0,1.962114573E-1,-8.853443861E-1,8.145168304E0,8.195492684E0
4.618181670E0,-4.297509670E0,-1.148554832E-1,1.061934662E1,1.145653978E1
4.620557243E0,4.890929699E0,-8.949156404E-1,1.078205872E1,1.187328335E1
4.622932868E0,-4.130012035E0,-1.579262912E-1,8.685946465E0,9.619127097E0
4.625308441E0,1.320838094E0,-6.699903607E-1,1.144247818E1,1.153792907E1
4.627684014E0,1.962114573E0,-7.848458290E-1,8.408378601E0,8.669873544E0
4.630059587E0,-5.044070244E0,-6.699903309E-2,1.000199890E1,1.120210317E1
4.632435160E0,4.929214478E0,-6.987041831E-1,1.125105190E1,1.230331304E1
4.634810733E0,-3.613162279E0,-5.886343718E-1,8.336593628E0,9.104956090E0
4.637186306E0,-6.173482537E-1,-4.881358147E-1,1.155733299E1,1.158409864E1
4.639561879E0,3.507878065E0,-8.757730722E-1,8.997013092E0,9.696310204E0
4.641937452E0,-5.048855782E0,1.196411327E-1,9.379864693E0,1.065303339E1
4.644313025E0,4.158725739E0,-8.997012973E-1,1.140897846E1,1.217658621E1
4.646688598E0,-2.383251429E0,-6.508477330E-1,8.092526436E0,8.461233613E0
4.649064170E0,-2.263610125E0,-3.541377485E-1,1.152861977E1,1.175408091E1
4.651439795E0,4.814359188E0,-8.327022791E-1,9.777072906E0,1.092989488E1
4.653815368E0,-5.082355499E0,-5.742774159E-2,8.815158844E0,1.017549315E1
4.656190941E0,3.086741209E0,-8.614161611E-1,1.156690502E1,1.200263725E1
4.658566514E0,-6.939185858E-1,-6.125625968E-1,8.202595711E0,8.254655192E0
4.660942087E0,-3.278167009E0,-2.632105052E-1,1.099741268E1,1.147862119E1
4.663317660E0,5.058426857E0,-7.513462901E-1,1.057149029E1,1.174344968E1
4.665693233E0,-4.819144726E0,-3.158525825E-1,8.494520187E0,9.771427324E0
4.668068806E0,1.780260086E0,-5.024927258E-1,1.165304661E1,1.179895420E1
4.670444379E0,1.569691658E0,-7.992027402E-1,8.475378036E0,8.656482529E0
4.672819952E0,-4.244867325E0,-2.871387079E-2,1.028913784E1,1.113041242E1
4.675195525E0,4.656432629E0,-9.714859724E-1,1.087298584E1,1.186793878E1
4.677571098E0,-4.177868366E0,-2.919243574E-1,8.489734650E0,9.466540991E0
4.679946670E0,3.780659735E-1,-5.024927258E-1,1.169133186E1,1.170823102E1
4.682322243E0,3.431307554E0,-6.652047038E-1,8.915657043E0,9.576288913E0
4.684697816E0,-5.029713154E0,-1.052841991E-1,9.384650230E0,1.064804015E1
4.687073441E0,4.039084435E0,-8.183453679E-1,1.135633659E1,1.208098808E1
4.689449014E0,-3.081955671E0,-4.977070987E-1,8.384450912E0,8.946797205E0
4.691824587E0,-7.034898400E-1,-2.919243574E-1,1.168175983E1,1.170656357E1
4.694200160E0,4.125226021E0,-8.231309652E-1,9.221938133E0,1.013603361E1
4.696575733E0,-5.460421085E0,-1.674975902E-1,8.896514893E0,1.043993444E1
4.698951306E0,3.440878868E0,-7.130611539E-1,1.172483063E1,1.224008811E1
4.701326879E0,-1.000199914E0,-5.216353536E-1,8.422736168E0,8.497940213E0
4.703702452E0,-2.522035122E0,-3.110669553E-1,1.095912743E1,1.124988434E1
4.706078025E0,4.292723656E0,-9.523434043E-1,1.001635551E1,1.093900417E1
4.708453598E0,-5.307280540E0,-2.871387079E-2,8.805587769E0,1.028136310E1
4.710829170E0,2.885744095E0,-7.274180651E-1,1.165783215E1,1.203169591E1
4.713204743E0,5.886343718E-1,-6.412764788E-1,8.303094864E0,8.348599300E0
4.715580316E0,-4.192225456E0,-3.589234054E-1,1.058584690E1,1.139138863E1
4.717955941E0,4.359723091E0,-8.518448472E-1,1.066241741E1,1.155075626E1
4.720331462E0,-4.555934429E0,-3.589234054E-1,8.743373871E0,9.865695676E0
4.722707087E0,1.684547186E0,-4.689932466E-1,1.165783215E1,1.178824432E1
4.725082608E0,1.942971945E0,-9.714859724E-1,8.346165657E0,8.624233656E0
4.727458233E0,-5.235496044E0,-3.828516230E-2,9.891928673E0,1.119205689E1
4.729833806E0,4.302295208E0,-9.523434043E-1,1.127976608E1,1.210990606E1
4.732209379E0,-3.230310678E0,-2.871387303E-1,8.714659691E0,9.298529414E0
4.734584952E0,-2.823530734E-1,-6.364908218E-1,1.135633659E1,1.137766341E1
4.736960525E0,3.187239647E0,-9.714859724E-1,8.915657043E0,9.517942114E0
4.739336045E0,-5.580062389E0,-2.392822690E-2,9.265008926E0,1.081563957E1
4.741711670E0,4.359723091E0,-7.130611539E-1,1.170568848E1,1.251154604E1
4.744087243E0,-2.254039049E0,-6.652047038E-1,8.231309891E0,8.560236670E0
4.746462816E0,-2.239681959E0,-4.833501875E-1,1.133719349E1,1.156640648E1
4.748838389E0,4.125226021E0,-8.709874153E-1,9.576076508E0,1.046314246E1
4.751213962E0,-4.981856823E0,-5.264209956E-2,9.174081802E0,1.043960945E1
4.753589535E0,3.460021496E0,-7.848458290E-1,1.145204926E1,1.198904349E1
4.755965160E0,-9.092726111E-1,-7.322037220E-1,8.054241180E0,8.138408933E0
4.758340733E0,-3.747160196E0,-2.488535494E-1,1.102134132E1,1.164358631E1
4.760716306E0,4.967499733E0,-9.140582681E-1,1.044706345E1,1.160399460E1
4.763091879E0,-4.589433670E0,-4.307080805E-2,8.772088051E0,9.900216426E0
4.765467452E0,2.210968018E0,-8.709874153E-1,1.138983536E1,1.163509124E1
4.767843025E0,8.327022791E-1,-7.609176040E-1,8.216953278E0,8.294016509E0
4.770218598E0,-4.369294167E0,-1.292124242E-1,1.053320503E1,1.140420254E1
4.772594170E0,5.044070244E0,-7.561319470E-1,1.094955635E1,1.207920380E1
4.774969743E0,-4.101297855E0,-5.120640397E-1,8.394021988E0,9.356412711E0
4.777345316E0,5.742774606E-1,-5.503492355E-1,1.176790142E1,1.179475234E1
4.779720889E0,2.813959360E0,-8.614161611E-1,8.499305725E0,8.994365063E0
4.782096462E0,-4.752145767E0,1.435693651E-1,9.767501831E0,1.086313001E1
4.784472035E0,4.450650215E0,-1.009771109E0,1.128455162E1,1.217247018E1
4.786847608E0,-3.201596737E0,-5.790630579E-1,8.193024635E0,8.815394964E0
4.789223181E0,-1.086341500E0,-4.642075896E-1,1.177747345E1,1.183657499E1
4.791598806E0,4.484149456E0,-8.231309652E-1,9.288937569E0,1.034743940E1
4.793974379E0,-5.216353416E0,-6.699903309E-2,9.059226990E0,1.045391914E1
4.796349952E0,3.627519131E0,-9.188438654E-1,1.147597694E1,1.207067587E1
4.798725525E0,-1.732403636E0,-5.551348329E-1,8.288737297E0,8.486021625E0
4.801101098E0,-2.258824587E0,-3.637090325E-1,1.145683479E1,1.168304910E1
4.803476670E0,4.857429981E0,-9.475577474E-1,9.872786522E0,1.104374961E1
4.805852243E0,-5.072783947E0,-2.727817893E-1,8.772088051E0,1.013691648E1
4.808227816E0,2.526820660E0,-6.077769399E-1,1.171525955E1,1.200006341E1
4.810603389E0,2.871387303E-1,-7.848458290E-1,8.303094864E0,8.345047390E0
4.812978962E0,-3.598805189E0,-1.483550072E-1,1.073898792E1,1.132692675E1
4.815354535E0,4.594219685E0,-1.028913736E0,1.037527943E1,1.139350434E1
4.817730108E0,-4.780859470E0,-2.297109663E-1,8.695517540E0,9.925795167E0
4.820105681E0,1.373480201E0,-6.508477330E-1,1.177747345E1,1.187513922E1
4.822481254E0,2.301895380E0,-6.364908218E-1,8.537590981E0,8.865342783E0
4.824856879E0,-4.876572609E0,-2.297109663E-1,9.815358162E0,1.096243510E1
4.827232452E0,4.201796532E0,-8.422735929E-1,1.118883896E1,1.198142880E1
4.829608025E0,-3.881158352E0,-4.929214716E-1,8.537590981E0,9.391316281E0
4.831983598E0,3.206382394E-1,-2.727817893E-1,1.176790142E1,1.177542877E1
4.834359170E0,3.278167009E0,-8.805587292E-1,8.810373306E0,9.441633355E0
4.836734743E0,-5.642275810E0,-1.292124242E-1,9.245866776E0,1.083226775E1
4.839110316E0,3.823730469E0,-7.800601721E-1,1.158604717E1,1.222562463E1
4.841485889E0,-1.986042738E0,-4.307080805E-1,8.590232849E0,8.827342500E0
4.843861462E0,-1.732403636E0,-3.206382394E-1,1.125105190E1,1.138816053E1
4.846237035E0,3.919443607E0,-9.858429432E-1,9.365508080E0,1.020032676E1
4.848612608E0,-5.580062389E0,-3.828516230E-2,9.016156197E0,1.060328414E1
4.850988181E0,3.617947817E0,-7.465606928E-1,1.179183006E1,1.235694766E1
4.853363754E0,-5.934200287E-1,-5.216353536E-1,8.116454124E0,8.154819331E0
4.855739327E0,-3.570091486E0,-5.359922647E-1,1.080120182E1,1.138853817E1
4.858114900E0,4.359723091E0,-7.417750359E-1,1.039442158E1,1.129607965E1
4.860490525E0,-4.814359188E0,-8.135596663E-2,8.877371788E0,1.009912883E1
4.862866098E0,2.622533560E0,-4.354937077E-1,1.139462185E1,1.170063007E1
4.865241670E0,8.997012973E-1,-1.024128079E0,8.250452042E0,8.362311860E0
4.867617243E0,-4.795216560E0,-1.244267747E-1,1.035613632E1,1.141311278E1
4.869992816E0,4.704289436E0,-8.518448472E-1,1.103569794E1,1.202674552E1
4.872368389E0,-3.699303865E0,-1.579262912E-1,8.705088615E0,9.459828624E0
4.874743962E0,5.216353536E-1,-8.039883971E-1,1.138026428E1,1.142054797E1
4.877119535E0,2.842673302E0,-8.327022791E-1,8.738588333E0,9.226977330E0
4.879495108E0,-5.307280540E0,-3.349951655E-2,9.504291534E0,1.088576624E1
4.881870681E0,4.871787071E0,-7.226324677E-1,1.152861977E1,1.253656973E1
4.884246254E0,-2.890529871E0,-4.785645306E-1,8.236095428E0,8.741707777E0
4.886621827E0,-1.507478237E0,-6.173482537E-1,1.118405342E1,1.130206443E1
4.888997400E0,4.163511276E0,-7.800601721E-1,9.547362328E0,1.044487661E1
4.891372920E0,-4.871787071E0,3.828516230E-2,9.212367058E0,1.042129943E1
4.893748598E0,3.795016766E0,-8.279166222E-1,1.136112213E1,1.200677701E1
4.896124170E0,-1.138983607E0,-7.178468108E-1,8.063812256E0,8.175430007E0
4.898499743E0,-3.335594654E0,-3.206382394E-1,1.112662506E1,1.162027477E1
4.900875316E0,5.197210789E0,-8.183453679E-1,1.035135078E1,1.161168171E1
4.903250889E0,-4.622933388E0,-1.387837082E-1,8.738588333E0,9.887047086E0
4.905626462E0,2.325823545E0,-8.039883971E-1,1.136590767E1,1.162926092E1
4.908002035E0,8.039883971E-1,-6.317051649E-1,8.269595146E0,8.332565790E0
4.910377608E0,-4.211368084E0,-2.009970993E-1,1.043749237E1,1.125687647E1
4.912753181E0,5.082355499E0,-7.369893789E-1,1.098784161E1,1.212873258E1
4.915128754E0,-4.139583111E0,-5.216353536E-1,8.389236450E0,9.369500520E0
4.917504327E0,4.402793646E-1,-6.699903607E-1,1.163868904E1,1.166626828E1
4.919879900E0,3.000599623E0,-8.183453679E-1,8.796015739E0,9.329693464E0
4.922255473E0,-4.881358147E0,1.435693651E-1,9.600004196E0,1.077071725E1
4.924631045E0,4.244867325E0,-1.062413216E0,1.125583744E1,1.207648529E1
4.927006618E0,-3.163311481E0,-5.694918036E-1,8.245666504E0,8.849964776E0
4.929382243E0,-1.287338614E0,-5.072783828E-1,1.181575775E1,1.189649962E1
4.931757764E0,4.565505505E0,-7.944171429E-1,9.422935486E0,1.050079294E1
4.934133389E0,-5.431707382E0,-1.579262912E-1,8.867800713E0,1.040030169E1
4.936508962E0,3.254238844E0,-8.757730722E-1,1.158604717E1,1.206621473E1
4.938884535E0,-1.411765337E0,-6.364908218E-1,8.255238533E0,8.399235987E0
4.941260108E0,-2.679961443E0,-3.254238665E-1,1.131326580E1,1.163091042E1
4.943635681E0,4.680361271E0,-8.614161611E-1,1.009292603E1,1.115862784E1
4.946011254E0,-5.154139996E0,-2.967100143E-1,8.647661209E0,1.007150636E1
4.948386775E0,2.081755638E0,-7.417750359E-1,1.180618668E1,1.201124392E1
4.950762400E0,1.081555843E0,-7.561319470E-1,8.307880402E0,8.412037526E0
4.953137973E0,-4.153940201E0,-6.699903309E-2,1.042313576E1,1.122058230E1
4.955513545E0,4.431507587E0,-1.019342422E0,1.079162979E1,1.171053338E1
4.957889118E0,-4.484149456E0,-2.967100143E-1,8.585447311E0,9.690487021E0
4.960264691E0,1.009771109E0,-6.173482537E-1,1.171525955E1,1.177489121E1
4.962640264E0,2.971885681E0,-6.795616150E-1,8.843872070E0,9.354570096E0
4.965015837E0,-5.182853699E0,-1.483550072E-1,9.489934921E0,1.081401158E1
4.967391410E0,4.000799656E0,-8.853443861E-1,1.126062298E1,1.198298220E1
4.969767035E0,-3.019742250E0,-5.359922647E-1,8.451449394E0,8.990724544E0
4.972142608E0,-4.402793646E-1,-2.297109663E-1,1.164826107E1,1.165884210E1
4.974518181E0,3.929014683E0,-8.231309652E-1,9.092725754E0,9.939434722E0
4.976893754E0,-5.565705299E0,-1.292124242E-1,8.896514893E0,1.049484390E1
4.979269327E0,3.608376503E0,-7.848458290E-1,1.177268696E1,1.233825442E1
4.981644848E0,-8.470591903E-1,-3.924229145E-1,8.441878319E0,8.493339424E0
4.984020473E0,-2.512463808E0,-2.775674164E-1,1.093998528E1,1.122821428E1
4.986396045E0,4.350151539E0,-9.810572863E-1,9.925428391E0,1.088119573E1
4.988771618E0,-5.091926575E0,-1.292124242E-1,8.815158844E0,1.018093500E1
4.991147191E0,3.163311481E0,-5.455635786E-1,1.175354481E1,1.218400569E1
4.993522764E0,8.231309652E-1,-5.264210105E-1,8.111668587E0,8.170301765E0
4.995898337E0,-4.259224415E0,-3.254238665E-1,1.030827999E1,1.115829421E1
4.998273910E0,4.575077057E0,-8.901300430E-1,1.081077290E1,1.177270029E1
5.000649483E0,-3.838087559E0,-3.110669553E-1,8.920442581E0,9.716067857E0
5.003025108E0,1.536192179E0,-3.397808075E-1,1.147597694E1,1.158332354E1
5.005400681E0,2.330609322E0,-9.427721500E-1,8.417949677E0,8.785353487E0
5.007776254E0,-5.221138954E0,-1.004985496E-1,9.657432556E0,1.097890685E1
5.010151827E0,4.642076015E0,-8.470591903E-1,1.147597694E1,1.240824024E1
5.012527400E0,-2.737389088E0,-2.249253243E-1,8.542376518E0,8.973075671E0
5.014902973E0,-8.231309652E-1,-5.982056856E-1,1.122712421E1,1.127314121E1
5.017278545E0,3.661018610E0,-1.048056364E0,9.198010445E0,9.955143170E0
5.019654118E0,-5.259424210E0,-8.135596663E-2,9.260223389E0,1.064987789E1
5.022029691E0,4.311866283E0,-6.364908218E-1,1.154297638E1,1.233846081E1
5.024405264E0,-1.646261930E0,-5.455635786E-1,8.183453560E0,8.365209509E0
5.026780837E0,-3.110669374E0,-7.178468108E-1,1.086820030E1,1.132737153E1
5.029156410E0,4.512863636E0,-8.087740541E-1,1.038963604E1,1.135625778E1
5.031531983E0,-4.699503899E0,4.785645287E-3,9.111868858E0,1.025239064E1
5.033907556E0,2.746960402E0,-5.694918036E-1,1.130369377E1,1.164661347E1
5.036283129E0,1.722832322E-1,-1.052842021E0,8.092526436E0,8.162545066E0
5.038658754E0,-4.498506546E0,-2.536391914E-1,1.053799057E1,1.146080884E1
5.041034275E0,5.015356064E0,-8.374879360E-1,1.109312534E1,1.220297555E1
5.043409900E0,-4.206582069E0,-1.244267747E-1,8.575876236E0,9.552825129E0
5.045785473E0,5.407779217E-1,-6.987041831E-1,1.137069321E1,1.140496788E1
5.048161045E0,2.378465652E0,-1.033699393E0,8.748159409E0,9.124468551E0
5.050536618E0,-4.948357105E0,-1.100698411E-1,9.891928673E0,1.106113042E1
5.052912191E0,4.670789719E0,-6.843472719E-1,1.129412270E1,1.224098915E1
5.055287764E0,-3.297309637E0,-6.364908218E-1,8.226524353E0,8.885554251E0
5.057663337E0,-1.765903115E0,-6.747759581E-1,1.139462185E1,1.155037417E1
5.060038910E0,4.393222332E0,-8.422735929E-1,9.748359680E0,1.072568617E1
5.062414483E0,-5.120640278E0,1.627119333E-1,9.116654396E0,1.045757235E1
5.064790056E0,3.493520975E0,-6.939185858E-1,1.134676456E1,1.189265647E1
5.067165629E0,-1.363908887E0,-9.140582681E-1,8.020741463E0,8.187065627E0
5.069541202E0,-3.211168051E0,-4.833501875E-1,1.126062298E1,1.171950756E1
5.071916775E0,5.235496044E0,-6.412764788E-1,1.052841949E1,1.177579175E1
5.074292348E0,-4.962714195E0,-6.699903309E-2,8.547162056E0,9.883673420E0
5.076667973E0,1.603191137E0,-1.033699393E0,1.141376400E1,1.157206831E1
5.079043545E0,1.454836130E0,-7.417750359E-1,8.575876236E0,8.729973172E0
5.081419118E0,-4.240081787E0,4.307080805E-2,1.033220863E1,1.116846829E1
5.083794691E0,4.881358147E0,-6.412764788E-1,1.096391296E1,1.201858063E1
5.086170264E0,-4.345366001E0,-7.130611539E-1,8.178668022E0,9.288771313E0
5.088545837E0,-1.004985496E-1,-6.412764788E-1,1.176311588E1,1.178101145E1
5.090921410E0,3.876372576E0,-7.657032609E-1,9.221938133E0,1.003278171E1
5.093296983E0,-5.144568920E0,1.818545163E-1,9.231510162E0,1.056978904E1
5.095672556E0,3.766302824E0,-1.095912814E0,1.125105190E1,1.191521006E1
5.098048129E0,-2.388036966E0,-6.077769399E-1,8.307880402E0,8.665621162E0
5.100423702E0,-1.914258122E0,-4.498506486E-1,1.172483063E1,1.188858288E1
5.102799275E0,4.900500774E0,-6.699903607E-1,9.872786522E0,1.104245030E1
5.105174848E0,-5.508277893E0,-3.445664644E-1,8.609375954E0,1.022649528E1
5.107550420E0,2.660818815E0,-9.427721500E-1,1.165783215E1,1.199474162E1
5.109925993E0,4.067798555E-1,-7.369893789E-1,8.513663292E0,8.555178890E0
5.112301618E0,-3.713660717E0,-2.392822690E-2,1.060020447E1,1.123192696E1
5.114677139E0,4.488935471E0,-9.475577474E-1,1.063848972E1,1.158558893E1
5.117052764E0,-4.766502857E0,-4.929214716E-1,8.484949112E0,9.744582213E0
5.119428337E0,1.009771109E0,-6.987041831E-1,1.201675510E1,1.207933063E1
5.121803910E0,3.053241730E0,-6.412764788E-1,8.767302513E0,9.305864492E0
5.124179431E0,-5.331208706E0,-1.531406492E-1,9.456435204E0,1.085676771E1
5.126555056E0,3.909872293E0,-1.033699393E0,1.127498055E1,1.197834805E1
5.128930629E0,-3.153740168E0,-4.785645306E-1,8.508877754E0,9.087139357E0
5.131306202E0,-8.662018180E-1,-4.498506486E-1,1.172483063E1,1.176538671E1
5.133681775E0,4.077369690E0,-6.795616150E-1,9.461220741E0,1.032479760E1
5.136057348E0,-5.670989513E0,-2.871387303E-1,8.762516975E0,1.044146898E1
5.138432920E0,3.148954630E0,-9.475577474E-1,1.179183006E1,1.224177427E1
5.140808493E0,-5.359922647E-1,-6.364908218E-1,8.394021988E0,8.435165286E0
5.143184066E0,-3.201596737E0,-1.292124242E-1,1.079641533E1,1.126186048E1
5.145559639E0,4.106083870E0,-1.000199914E0,1.023170948E1,1.107014921E1
5.147935264E0,-5.154139996E0,-3.493520916E-1,8.714659691E0,1.013076994E1
5.150310837E0,2.081755638E0,-6.508477330E-1,1.199761295E1,1.219426201E1
5.152686410E0,1.990828395E0,-5.359922647E-1,8.398807526E0,8.648158952E0
5.155061983E0,-5.134997368E0,-2.105683982E-1,9.714859962E0,1.099049776E1
5.157437556E0,4.101297855E0,-9.619147182E-1,1.113141060E1,1.190185809E1
5.159813129E0,-3.498306751E0,-4.402793646E-1,8.738588333E0,9.423105757E0
5.162188702E0,5.742774159E-2,-3.684946895E-1,1.151904774E1,1.152508339E1
5.164564275E0,3.474378586E0,-9.188438654E-1,9.016156197E0,9.706011187E0
5.166939848E0,-5.675775528E0,-1.339980662E-1,9.020941734E0,1.065878854E1
5.169315420E0,3.785445452E0,-7.274180651E-1,1.170090294E1,1.231949122E1
5.171690993E0,-1.086341500E0,-3.206382394E-1,8.250452042E0,8.327839193E0
5.174066566E0,-2.646461725E0,-4.450650215E-1,1.077727318E1,1.110637023E1
5.176442139E0,4.302295208E0,-9.571290612E-1,1.004985523E1,1.097385212E1
5.178817712E0,-5.120640278E0,-1.292124242E-1,8.815158844E0,1.019532629E1
5.181193285E0,3.005385160E0,-5.312066078E-1,1.174397373E1,1.213406113E1
5.183568858E0,1.062413216E0,-4.307080805E-1,8.178668022E0,8.258622277E0
5.185944483E0,-4.622933388E0,-2.727817893E-1,9.805787086E0,1.084432494E1
5.188320056E0,4.402793884E0,-9.092726111E-1,1.110748291E1,1.198280215E1
5.190695629E0,-3.426522017E0,-3.206382394E-1,8.920442581E0,9.561284320E0
5.193071202E0,7.657032609E-1,-2.727817893E-1,1.133240795E1,1.136152197E1
5.195446775E0,2.914458036E0,-8.518448472E-1,8.623732567E0,9.142672950E0
5.197822348E0,-5.503491879E0,-8.614161611E-2,9.241081238E0,1.075608784E1
5.200197920E0,4.488935471E0,-7.800601721E-1,1.174397373E1,1.259682319E1
5.202573493E0,-1.775474429E0,-2.201396823E-1,8.164310455E0,8.358034227E0
5.204949066E0,-1.981257200E0,-3.589234054E-1,1.094955635E1,1.113314827E1
5.207324639E0,4.120440483E0,-1.028913736E0,9.686145782E0,1.057629961E1
5.209700212E0,-4.929214478E0,-5.264209956E-2,9.159725189E0,1.040194655E1
5.212075785E0,3.608376503E0,-5.120640397E-1,1.151426220E1,1.207728548E1
5.214451358E0,8.135596663E-2,-5.982056856E-1,8.049455643E0,8.072063242E0
5.216826931E0,-4.364508629E0,-4.402793646E-1,1.022213840E1,1.112361879E1
5.219202504E0,4.771288395E0,-7.178468108E-1,1.103569794E1,1.204438151E1
5.221578077E0,-3.909872293E0,-4.785645381E-2,8.767302513E0,9.599738796E0
5.223953650E0,1.225125194E0,-5.216353536E-1,1.128455162E1,1.136284033E1
5.226329275E0,2.273181438E0,-1.081555843E0,8.542376518E0,8.905577661E0
5.228704848E0,-5.273781300E0,-5.742774159E-2,9.600004196E0,1.095336239E1
5.231080420E0,4.694717884E0,-7.322037220E-1,1.159561825E1,1.253135511E1
5.233455993E0,-2.723032236E0,-1.914258152E-1,8.159524918E0,8.604033663E0
5.235831566E0,-1.674975872E0,-4.785645306E-1,1.112183952E1,1.125743677E1
5.238207139E0,3.823730469E0,-1.009771109E0,9.614361763E0,1.039598502E1
5.240582712E0,-4.948357105E0,-3.828516230E-2,9.408578873E0,1.063057196E1
5.242958285E0,3.814159393E0,-5.838487148E-1,1.141854954E1,1.205288201E1
5.245333858E0,-9.427721500E-1,-6.029912829E-1,7.920242786E0,7.998916402E0
5.247709431E0,-4.019941807E0,-4.546363056E-1,1.055234814E1,1.130126884E1
5.250085004E0,4.986642361E0,-7.657032609E-1,1.096391296E1,1.206898053E1
5.252460577E0,-4.297509670E0,1.914258115E-2,8.748159409E0,9.746755811E0
5.254836150E0,1.646261930E0,-4.881358147E-1,1.131326580E1,1.144283348E1
5.257211723E0,1.493121386E0,-1.062413216E0,8.279166222E0,8.479547549E0
5.259587295E0,-4.910071850E0,-1.914258115E-2,9.925428391E0,1.107354057E1
5.261962868E0,5.020142078E0,-6.556333899E-1,1.134197903E1,1.242063484E1
5.264338441E0,-3.297309637E0,-2.057827413E-1,8.231309891E0,8.869558044E0
5.266714066E0,-1.129412293E0,-7.992027402E-1,1.107398319E1,1.116008068E1
5.269089639E0,3.866801500E0,-7.369893789E-1,9.533005714E0,1.031375320E1
5.271465212E0,-4.804787636E0,1.914258152E-1,9.351150513E0,1.051506747E1
5.273840785E0,4.063013077E0,-7.896314859E-1,1.129890823E1,1.203315920E1
5.276216358E0,-1.560120344E0,-6.412764788E-1,7.953742504E0,8.130635328E0
5.278591931E0,-3.172882795E0,-3.780659735E-1,1.101177025E1,1.146600205E1
5.280967504E0,5.268995285E0,-6.652047038E-1,1.063370419E1,1.188614628E1
5.283343077E0,-4.589433670E0,1.052841991E-1,8.733802795E0,9.866777460E0
5.285718650E0,2.019542217E0,-9.475577474E-1,1.116969585E1,1.139028191E1
5.288094223E0,1.320838094E0,-5.790630579E-1,8.523234367E0,8.644388433E0
5.290469743E0,-4.297509670E0,-1.914258115E-2,1.019342422E1,1.106231681E1
5.292845368E0,5.111069202E0,-6.604190469E-1,1.102612686E1,1.217105810E1
5.295220889E0,-3.785445452E0,-5.072783828E-1,8.365307808E0,9.195939503E0
5.297596514E0,-3.541377485E-1,-6.604190469E-1,1.152383423E1,1.154817398E1
5.299972087E0,3.962514400E0,-7.369893789E-1,9.355937004E0,1.018716010E1
5.302347660E0,-4.886143684E0,2.344966233E-1,9.178867340E0,1.040100930E1
5.304723285E0,3.938585997E0,-8.757730722E-1,1.127498055E1,1.197516699E1
5.307098858E0,-2.024327993E0,-6.077769399E-1,8.121239662E0,8.391771582E0
5.309474431E0,-2.388036966E0,-5.599204898E-1,1.133719349E1,1.159949084E1
5.311850004E0,5.168497086E0,-5.694918036E-1,1.029870892E1,1.153694450E1
5.314225577E0,-5.120640278E0,-1.435693540E-2,8.690732002E0,1.008711979E1
5.316601150E0,2.287538528E0,-1.024128079E0,1.129890823E1,1.157354734E1
5.318976723E0,6.699903607E-1,-6.556333899E-1,8.551948547E0,8.603171868E0
5.321352295E0,-3.957728624E0,0.000000000E0,1.041356373E1,1.114028390E1
5.323727868E0,4.742574692E0,-6.891329288E-1,1.079641533E1,1.181226070E1
5.326103441E0,-4.560719967E0,-5.551348329E-1,8.394021988E0,9.569114193E0
5.328479014E0,2.775674164E-1,-8.087740541E-1,1.181575775E1,1.184665735E1
5.330854587E0,3.402593851E0,-6.939185858E-1,9.087940216E0,9.728814177E0
5.333230160E0,-5.125426292E0,2.392822653E-1,9.332008362E0,1.064958359E1
5.335605733E0,3.742374659E0,-1.134197950E0,1.118405342E1,1.184798818E1
5.337981306E0,-2.967100143E0,-5.168496966E-1,8.298309326E0,8.827953021E0
5.340356931E0,-1.459621787E0,-4.450650215E-1,1.169611740E1,1.179524230E1
5.342732504E0,4.599005222E0,-5.503492355E-1,9.671789169E0,1.072367656E1
5.345108077E0,-5.565705299E0,-2.536391914E-1,8.676374435E0,1.031120176E1
5.347483650E0,2.660818815E0,-9.954141974E-1,1.152383423E1,1.186884837E1
5.349859223E0,-1.962114573E-1,-6.364908218E-1,8.551948547E0,8.577846085E0
5.352234795E0,-3.397808075E0,-7.657032460E-2,1.065763187E1,1.118642391E1
5.354610368E0,4.465006828E0,-8.135597110E-1,1.042792130E1,1.137276167E1
5.356985941E0,-5.029713154E0,-4.115654826E-1,8.513663292E0,9.896962322E0
5.359361514E0,1.430907965E0,-7.752745152E-1,1.195932770E1,1.206955124E1
5.361737087E0,2.579462767E0,-6.221339107E-1,8.623732567E0,9.022718113E0
5.364112660E0,-5.000999451E0,-2.392822690E-2,9.585647583E0,1.081180871E1
5.366488233E0,3.909872293E0,-1.110269666E0,1.097348499E1,1.170201577E1
5.368863806E0,-3.369094372E0,-4.977070987E-1,8.676374435E0,9.320835938E0
5.371239379E0,-2.392822653E-1,-3.780659735E-1,1.178225899E1,1.179075132E1
5.373614952E0,3.895515203E0,-5.359922647E-1,9.102297783E0,9.915349280E0
5.375990473E0,-5.675775528E0,-2.249253243E-1,8.877371788E0,1.053910571E1
5.378366098E0,3.436093330E0,-1.048056364E0,1.175354481E1,1.229027970E1
5.380741670E0,-7.944171429E-1,-5.455635786E-1,8.633303642E0,8.686925232E0
5.383117295E0,-2.455035925E0,-2.009970993E-1,1.093519974E1,1.120920133E1
5.385492868E0,4.125226021E0,-8.566305041E-1,1.000678444E1,1.085757986E1
5.387868441E0,-5.221138954E0,-3.445664644E-1,8.733802795E0,1.018127346E1
5.390244014E0,2.785245657E0,-7.896314859E-1,1.211246777E1,1.245363347E1
5.392619587E0,1.344766378E0,-6.125625968E-1,8.226524353E0,8.358189545E0
5.394995160E0,-4.522434711E0,-2.201396823E-1,1.012164021E1,1.108821346E1
5.397370733E0,4.173082829E0,-1.052842021E0,1.088255692E1,1.170269805E1
5.399746306E0,-3.833301783E0,-4.881358147E-1,8.963513374E0,9.760996422E0
5.402121879E0,1.071984529E0,-4.354937077E-1,1.165783215E1,1.171511229E1
5.404497400E0,2.818745136E0,-7.561319470E-1,8.676374435E0,9.154044626E0
5.406873025E0,-5.575276852E0,-1.962114573E-1,9.293723106E0,1.083953413E1
5.409248598E0,4.000799656E0,-1.095912814E0,1.163390350E1,1.235132112E1
5.411624170E0,-1.923829436E0,-4.977070987E-1,8.599804878E0,8.826407876E0
5.413999743E0,-1.569691658E0,-4.067798555E-1,1.129890823E1,1.141467166E1
5.416375316E0,3.771088600E0,-1.095912814E0,9.499505997E0,1.027923870E1
5.418750889E0,-5.474778175E0,-2.632105052E-1,9.102297783E0,1.062517298E1
5.421126462E0,3.608376503E0,-7.130611539E-1,1.183490086E1,1.239329316E1
5.423502087E0,-5.024927258E-1,-4.642075896E-1,8.121239662E0,8.150001305E0
5.425877660E0,-3.876372576E0,-4.115654826E-1,1.064327526E1,1.133467947E1
5.428253233E0,4.216153622E0,-1.225125194E0,1.053320503E1,1.141162965E1
5.430628806E0,-4.292723656E0,-3.684946895E-1,9.303294182E0,1.025253858E1
5.433004379E0,1.981257200E0,-5.312066078E-1,1.145204926E1,1.163430242E1
5.435379952E0,1.268195987E0,-8.039883971E-1,8.279166222E0,8.414232688E0
5.437755525E0,-5.335994720E0,-4.402793646E-1,9.829715729E0,1.119330143E1
5.440131098E0,4.766502857E0,-9.475577474E-1,1.178225899E1,1.274515759E1
5.442506670E0,-3.330809116E0,-3.110669553E-1,8.571090698E0,9.200796040E0
5.444882243E0,-2.871387303E-1,-3.349951804E-1,1.136590767E1,1.137446823E1
5.447257816E0,2.799602509E0,-1.287338614E0,8.791230202E0,9.315618250E0
5.449633389E0,-5.173282623E0,-1.770688742E-1,9.681360245E0,1.097829416E1
5.452008962E0,4.498506546E0,-7.417750359E-1,1.158604717E1,1.245083453E1
5.454384535E0,-1.966900229E0,-3.780659735E-1,8.049455643E0,8.294900032E0
5.456760108E0,-2.866601467E0,-5.407779217E-1,1.100698376E1,1.138698978E1
5.459135681E0,4.354937077E0,-1.076770186E0,1.017428207E1,1.111939417E1
5.461511306E0,-4.488935471E0,-9.571290761E-2,9.269794464E0,1.029994136E1
5.463886879E0,3.158525944E0,-5.838487148E-1,1.140419292E1,1.184790200E1
5.466262452E0,-5.742774159E-2,-1.004985452E0,7.939385414E0,8.002945361E0
5.468638025E0,-4.187439442E0,-3.684946895E-1,1.055713367E1,1.136325256E1
5.471013598E0,5.278566837E0,-7.657032609E-1,1.115533924E1,1.236491662E1
5.473389170E0,-3.981656790E0,-7.657032460E-2,8.537590981E0,9.420717253E0
5.475764743E0,9.714859724E-1,-4.929214716E-1,1.136112213E1,1.141323147E1
5.478140316E0,2.234896421E0,-1.148554921E0,8.446663857E0,8.812495148E0
5.480515889E0,-4.517649174E0,-8.135596663E-2,9.992427826E0,1.096651206E1
5.482891462E0,4.991427898E0,-6.795616150E-1,1.130369377E1,1.237536461E1
5.485266931E0,-3.192025423E0,-3.637090325E-1,8.039883614E0,8.658004336E0
5.487642608E0,-1.335195065E0,-8.518448472E-1,1.119362450E1,1.130511454E1
5.490018181E0,4.517649174E0,-8.374879360E-1,9.934999466E0,1.094599262E1
5.492393754E0,-4.790431023E0,2.632105052E-1,9.111868858E0,1.029775040E1
5.494769327E0,3.905086517E0,-4.833501875E-1,1.125105190E1,1.191929096E1
5.497144900E0,-1.703689694E0,-9.236295223E-1,7.810173035E0,8.047015155E0
5.499520473E0,-2.780459881E0,-5.359922647E-1,1.119841003E1,1.155087149E1
5.501896045E0,5.364708424E0,-6.364908218E-1,1.063848972E1,1.193158332E1
5.504271670E0,-4.780859470E0,5.264209956E-2,8.461020470E0,9.718449252E0
5.506647243E0,1.885544300E0,-8.662018180E-1,1.125105190E1,1.144079332E1
5.509022816E0,9.523434043E-1,-8.757730722E-1,8.413164139E0,8.512065981E0
5.511398389E0,-4.048655987E0,5.264209956E-2,1.049970531E1,1.125336386E1
5.513773962E0,4.972285271E0,-7.322037220E-1,1.091127110E1,1.201314197E1
5.516149535E0,-4.455435753E0,-5.120640397E-1,8.240880966E0,9.382176529E0
5.518525108E0,8.135596663E-2,-8.183453679E-1,1.149033451E1,1.151972635E1
5.520900681E0,3.651447296E0,-6.699903607E-1,9.437292099E0,1.014122461E1
5.523276254E0,-5.048855782E0,1.435693651E-1,9.154939651E0,1.045583459E1
5.525651827E0,3.756731510E0,-8.087740541E-1,1.112183952E1,1.176700733E1
5.528027400E0,-2.933600664E0,-6.556333899E-1,8.164310455E0,8.700105356E0
5.530402973E0,-1.555334687E0,-5.216353536E-1,1.180618668E1,1.191961464E1
5.532778545E0,4.747360229E0,-6.604190469E-1,9.719645500E0,1.083720864E1
5.535154118E0,-5.469992638E0,-1.579262912E-1,8.609375954E0,1.020132905E1
5.537529691E0,2.670390129E0,-9.523434043E-1,1.146640587E1,1.181170627E1
5.539905264E0,-2.009970993E-1,-6.412764788E-1,8.556734085E0,8.583084152E0
5.542280837E0,-3.235096216E0,-2.871387079E-2,1.067198944E1,1.115159319E1
5.544656410E0,4.465006828E0,-6.460621357E-1,1.044227791E1,1.137518572E1
5.547032035E0,-5.101497650E0,-4.833501875E-1,8.322237015E0,9.773358410E0
5.549407608E0,1.579262972E0,-8.279166222E-1,1.180618668E1,1.194008213E1
5.551783181E0,2.478964329E0,-5.551348329E-1,8.733802795E0,9.095754509E0
5.554158754E0,-4.795216560E0,1.674975902E-1,9.638289452E0,1.076655845E1
5.556534327E0,3.948157310E0,-1.129412293E0,1.078684425E1,1.154207638E1
5.558909900E0,-3.656233072E0,-4.881358147E-1,8.595019341E0,9.353110409E0
5.561285473E0,3.254238665E-1,-2.488535494E-1,1.193539906E1,1.194242770E1
5.563661045E0,3.756731510E0,-5.072783828E-1,8.934800148E0,9.705720822E0
5.566036618E0,-5.618347645E0,-8.135596663E-2,8.877371788E0,1.050619717E1
5.568412191E0,3.617947817E0,-1.014556766E0,1.150469112E1,1.210275959E1
5.570787764E0,-1.038485050E0,-4.259224236E-1,8.752944946E0,8.824619331E0
5.573163337E0,-1.976471543E0,-1.292124242E-1,1.094955635E1,1.112726021E1
5.575538910E0,4.182653904E0,-6.699903607E-1,9.695717812E0,1.058066277E1
5.577914483E0,-5.249852657E0,-2.584248483E-1,8.681160927E0,1.014841324E1
5.580290056E0,3.244667530E0,-6.364908218E-1,1.204546928E1,1.249104952E1
5.582665629E0,8.853443861E-1,-4.546363056E-1,7.996813297E0,8.058508036E0
5.585041202E0,-3.890729666E0,-1.339980662E-1,1.034177971E1,1.105025522E1
5.587416827E0,4.307080746E0,-9.762716293E-1,1.062891865E1,1.150990714E1
5.589792400E0,-4.063013077E0,-3.349951804E-1,8.891729355E0,9.781776319E0
5.592167973E0,1.942971945E0,-3.110669553E-1,1.165783215E1,1.182273035E1
5.594543545E0,2.388036966E0,-5.551348329E-1,8.374878883E0,8.726367603E0
5.596919118E0,-5.216353416E0,-1.339980662E-1,9.394221306E0,1.074614779E1
5.599294691E0,4.445864677E0,-1.076770186E0,1.141376400E1,1.229630658E1
5.601670264E0,-2.550748825E0,-3.397808075E-1,8.743373871E0,9.114184396E0
5.604045837E0,-3.780659735E-1,-2.584248483E-1,1.143769264E1,1.144685679E1
5.606421410E0,3.378665686E0,-1.057627559E0,8.925228119E0,9.601752696E0
5.608796983E0,-5.402993679E0,-2.392822653E-1,9.284152031E0,1.074453701E1
5.611172556E0,4.316651821E0,-5.790630579E-1,1.190190029E1,1.267375349E1
5.613548129E0,-1.435693622E0,-3.924229145E-1,7.929814339E0,8.068281562E0
5.615923702E0,-2.928814888E0,-2.392822653E-1,1.105962658E1,1.144336282E1
5.618299275E0,4.034298897E0,-1.258624673E0,9.868000984E0,1.073485664E1
5.620674848E0,-4.508078098E0,-2.201396823E-1,9.446864128E0,1.046969300E1
5.623050420E0,2.957528830E0,-5.647061467E-1,1.150947666E1,1.189680305E1
5.625425993E0,1.435693540E-2,-5.694918036E-1,7.963313580E0,7.983663959E0
5.627801618E0,-4.728217602E0,-4.737788737E-1,1.029870892E1,1.134213002E1
5.630177191E0,4.709074974E0,-9.810572863E-1,1.121755219E1,1.220538150E1
5.632552764E0,-4.163511276E0,-2.632105052E-1,8.839086533E0,9.774126900E0
5.634928337E0,9.954141974E-1,-6.987041831E-1,1.142333508E1,1.148789020E1
5.637303910E0,1.641476393E0,-9.810572863E-1,8.489734650E0,8.702442908E0
5.639679483E0,-5.201996326E0,-2.153540403E-1,9.853643417E0,1.114456961E1
5.642055056E0,4.594219685E0,-6.652047038E-1,1.154776192E1,1.244588916E1
5.644430629E0,-3.512663603E0,-3.158525825E-1,8.298309326E0,9.016679329E0
5.646806202E0,-1.435693622E0,-8.087740541E-1,1.123190975E1,1.135214201E1
5.649181775E0,3.445664644E0,-9.714859724E-1,9.528220177E0,1.017857404E1
5.651557348E0,-5.115854740E0,1.100698411E-1,9.379864693E0,1.068484659E1
5.653932920E0,3.775874138E0,-8.231309652E-1,1.121276665E1,1.186005506E1
5.656308493E0,-2.301895380E0,-7.178468108E-1,8.082955360E0,8.434938870E0
5.658684066E0,-2.943171740E0,-6.221339107E-1,1.141376400E1,1.180352994E1
5.661059639E0,4.795216560E0,-6.891329288E-1,1.028913784E1,1.137257067E1
5.663435212E0,-5.096712112E0,4.785645381E-2,8.767302513E0,1.014122073E1
5.665810785E0,2.349751949E0,-8.231309652E-1,1.129890823E1,1.156997001E1
5.668186358E0,-3.062812984E-1,-7.704889178E-1,8.178668022E0,8.220588302E0
5.670561983E0,-3.646661758E0,-2.297109663E-1,1.090648556E1,1.150227527E1
5.672937556E0,4.977071285E0,-7.274180651E-1,1.073420238E1,1.185425984E1
5.675313077E0,-4.828716278E0,-2.009970993E-1,8.518448830E0,9.793920114E0
5.677688702E0,8.518448472E-1,-8.614161611E-1,1.144247818E1,1.150643230E1
5.680064275E0,2.287538528E0,-7.274180651E-1,8.882157326E0,9.200798244E0
5.682439848E0,-4.517649174E0,1.818545163E-1,9.853643417E0,1.084142582E1
5.684815420E0,4.354937077E0,-7.034898400E-1,1.086341476E1,1.172493732E1
5.687190993E0,-4.058227062E0,-5.216353536E-1,8.408378601E0,9.351050263E0
5.689566566E0,-1.148554832E-1,-7.944171429E-1,1.181097221E1,1.183821587E1
5.691942139E0,4.010370731E0,-6.221339107E-1,9.193224907E0,1.004915460E1
5.694317712E0,-5.235496044E0,2.105683982E-1,9.174081802E0,1.056496734E1
5.696693285E0,3.594019651E0,-1.162911773E0,1.100219822E1,1.163261392E1
5.699068858E0,-2.464607239E0,-6.699903607E-1,8.575876236E0,8.948118749E0
5.701444431E0,-1.177268744E0,-1.148554832E-1,1.190190029E1,1.196053444E1
5.703820004E0,4.431507587E0,-6.412764788E-1,9.298508644E0,1.032045338E1
5.706195577E0,-5.556134224E0,4.785645287E-3,8.633303642E0,1.026667338E1
5.708571150E0,2.986242771E0,-1.277767301E0,1.153819084E1,1.198666689E1
5.710946723E0,-1.770688742E-1,-5.982056856E-1,8.824729919E0,8.846754296E0
5.713322295E0,-2.751745939E0,-1.244267747E-1,1.095434189E1,1.129536161E1
5.715697920E0,4.340580463E0,-5.694918036E-1,9.973284721E0,1.089180278E1
5.718073493E0,-5.297709465E0,-3.445664644E-1,8.580661774E0,1.009020357E1
5.720449066E0,2.780459881E0,-1.024128079E0,1.186840057E1,1.223269094E1
5.722824639E0,1.162911773E0,-6.987041831E-1,8.327022552E0,8.436815508E0
5.725200212E0,-4.158725739E0,6.221338734E-2,1.058584690E1,1.137361090E1
5.727575785E0,4.139583111E0,-1.100698471E0,1.038963604E1,1.123798125E1
5.729951358E0,-4.043870449E0,-5.407779217E-1,8.934800148E0,9.822218825E0
5.732326931E0,1.703689694E0,-3.158525825E-1,1.194497108E1,1.206998988E1
5.734702504E0,2.182254314E0,-6.556333899E-1,8.073383331E0,8.388778663E0
5.737078077E0,-5.359922886E0,-4.307080805E-2,9.676574707E0,1.106194949E1
5.739453650E0,4.398007870E0,-1.234696507E0,1.125105190E1,1.214302753E1
5.741829223E0,-2.995813847E0,-3.828516304E-1,8.949156761E0,9.445045405E0
5.744204795E0,1.531406492E-1,-2.249253243E-1,1.153819084E1,1.154139902E1
5.746580368E0,2.828316450E0,-9.523434043E-1,8.480163574E0,8.989966971E0
5.748955941E0,-5.441278458E0,-3.206382394E-1,9.427721024E0,1.089000660E1
5.751331514E0,4.622933388E0,-6.077769399E-1,1.178704453E1,1.267577708E1
5.753707087E0,-2.407179594E0,-3.684946895E-1,8.159524918E0,8.515171684E0
5.756082660E0,-1.737189293E0,-3.876372576E-1,1.134676456E1,1.148551938E1
5.758458233E0,3.742374659E0,-1.038485050E0,9.245866776E0,1.002845311E1
5.760833858E0,-4.704289436E0,3.828516230E-2,9.418149948E0,1.052774208E1
5.763209431E0,4.115654945E0,-4.785645306E-1,1.139940739E1,1.212906132E1
5.765585004E0,-1.751546144E0,-5.599204898E-1,7.992027760E0,8.200849502E0
5.767960577E0,-3.014956474E0,-6.939185858E-1,1.107398319E1,1.149802545E1
5.770336150E0,4.962714195E0,-7.130611539E-1,1.041835022E1,1.156196392E1
5.772711723E0,-4.594219685E0,1.244267747E-1,8.819944382E0,9.945539474E0
5.775087295E0,3.010170937E0,-2.488535494E-1,1.129890823E1,1.169565665E1
5.777462868E0,-6.556333899E-1,-9.762716293E-1,7.982456207E0,8.068616272E0
5.779838441E0,-3.235096216E0,-5.503492355E-1,1.099741268E1,1.147657691E1
5.782214014E0,5.278566837E0,-5.790630579E-1,1.071506023E1,1.195872475E1
5.784589587E0,-4.512863636E0,2.392822690E-2,8.528019905E0,9.648504250E0
5.786965160E0,1.655833244E0,-5.120640397E-1,1.131326580E1,1.144526000E1
5.789340733E0,1.258624673E0,-1.057627559E0,8.236095428E0,8.398570118E0
5.791716306E0,-3.699303865E0,-1.627119333E-1,1.062891865E1,1.125545361E1
5.794091879E0,5.020142078E0,-7.513462901E-1,1.083948612E1,1.196916067E1
5.796467452E0,-4.326223373E0,-2.440679073E-1,8.379665375E0,9.433693318E0
5.798843025E0,8.279166222E-1,-8.183453679E-1,1.149033451E1,1.154915245E1
5.801218598E0,3.125026464E0,-6.843472719E-1,8.882157326E0,9.440701264E0
5.803594170E0,-4.393222332E0,9.092725813E-2,9.748359680E0,1.069295033E1
5.805969795E0,4.297509670E0,-9.762716293E-1,1.076291656E1,1.163022221E1
5.808345368E0,-3.527020693E0,-6.843472719E-1,8.504091263E0,9.231888992E0
5.810720941E0,4.402793646E-1,-2.871387303E-1,1.213639641E1,1.214777397E1
5.813096514E0,3.771088600E0,-7.704889178E-1,8.499305725E0,9.330217586E0
5.815472087E0,-5.182853699E0,-4.785645287E-3,9.221938133E0,1.057856977E1
5.817847660E0,3.876372576E0,-1.134197950E0,1.130369377E1,1.200358956E1
5.820223233E0,-2.129612207E0,-6.460621357E-1,8.829515457E0,9.105656904E0
5.822598806E0,-5.982056856E-1,-1.674975902E-1,1.149033451E1,1.150711487E1
5.824974379E0,3.833301783E0,-6.604190469E-1,8.925228119E0,9.736018326E0
5.827349952E0,-5.493920803E0,-8.614161611E-2,8.858229637E0,1.042395407E1
5.829725525E0,3.976871252E0,-1.182054400E0,1.150469112E1,1.222990905E1
5.832101098E0,-1.201196909E0,-5.790630579E-1,8.662017822E0,8.764059607E0
5.834476670E0,-1.947757602E0,-8.135596663E-2,1.142333508E1,1.158848406E1
5.836852243E0,3.871587038E0,-9.523434043E-1,9.107083321E0,9.941584922E0
5.839227816E0,-5.115854740E0,-3.780659735E-1,9.011369705E0,1.036917005E1
5.841603389E0,3.799802303E0,-5.455635786E-1,1.196889877E1,1.256943416E1
5.843978962E0,-7.609176040E-1,-5.742774606E-1,7.920242786E0,7.977407850E0
5.846354535E0,-3.345165968E0,-2.775674164E-1,1.108355427E1,1.158068885E1
5.848730108E0,4.249652863E0,-1.119840980E0,9.954142570E0,1.088110967E1
5.851105733E0,-4.536791801E0,-1.387837082E-1,9.178867340E0,1.023979230E1
5.853481306E0,3.072384357E0,-4.594219327E-1,1.150469112E1,1.191673328E1
5.855856827E0,-4.450650215E-1,-7.417750359E-1,7.977670670E0,8.024434085E0
5.858232452E0,-4.039084435E0,-6.508477330E-1,1.081555843E1,1.156348175E1
5.860608025E0,4.948357105E0,-7.657032609E-1,1.081077290E1,1.191408201E1
5.862983545E0,-4.469792843E0,-8.135596663E-2,8.772088051E0,9.845567308E0
5.865359170E0,1.923829436E0,-3.828516304E-1,1.135633659E1,1.152449894E1
5.867734743E0,2.584248483E-1,-1.182054400E0,7.987242222E0,8.078370771E0
5.870110316E0,-3.905086517E0,-3.158525825E-1,1.095912743E1,1.163838208E1
5.872485889E0,4.914857864E0,-6.652047038E-1,1.089691448E1,1.197251312E1
5.874861462E0,-4.522434711E0,-8.135596663E-2,8.461020470E0,9.594159781E0
5.877237035E0,7.465606928E-1,-7.130611539E-1,1.141854954E1,1.146512462E1
5.879612608E0,1.923829436E0,-1.019342422E0,8.441878319E0,8.718112653E0
5.881988181E0,-4.244867325E0,-1.435693540E-2,1.049013424E1,1.131644914E1
5.884363754E0,4.570291042E0,-7.657032609E-1,1.090170002E1,1.184571336E1
5.886739327E0,-4.412364960E0,-4.211367965E-1,8.437092781E0,9.530522301E0
5.889114900E0,3.637090325E-1,-7.800601721E-1,1.172961617E1,1.176115103E1
5.891490473E0,3.254238844E0,-7.417750359E-1,8.877371788E0,9.484093553E0
5.893866098E0,-4.867001057E0,1.100698411E-1,9.738788605E0,1.088778298E1
5.896241670E0,3.914657831E0,-8.949156404E-1,1.093041420E1,1.164471445E1
5.898617243E0,-3.546163082E0,-7.513462901E-1,8.547162056E0,9.284060160E0
5.900992816E0,1.818545163E-1,-2.919243574E-1,1.215553856E1,1.216040331E1
5.903368389E0,3.617947817E0,-8.709874153E-1,8.489734650E0,9.269506994E0
5.905743962E0,-5.436492920E0,-4.785645287E-3,9.422935486E0,1.087874953E1
5.908119535E0,3.728017569E0,-1.153340459E0,1.133719349E1,1.199000690E1
5.910495108E0,-2.287538528E0,-6.412764788E-1,8.920442581E0,9.231379306E0
5.912870681E0,-7.130611539E-1,-1.148554832E-1,1.160040379E1,1.162286608E1
5.915246254E0,3.632304668E0,-7.752745152E-1,8.834300995E0,9.583295980E0
5.917621827E0,-5.556134224E0,-1.818545163E-1,9.064012527E0,1.063296862E1
5.919997400E0,4.058227062E0,-1.033699393E0,1.168654537E1,1.241422910E1
5.922372973E0,-1.689332843E0,-6.699903607E-1,8.642875671E0,8.831875928E0
5.924748545E0,-1.718046665E0,-1.435693651E-1,1.162433243E1,1.175148505E1
5.927124118E0,3.699303865E0,-1.009771109E0,8.896514893E0,9.687748140E0
5.929499691E0,-5.044070244E0,-3.254238665E-1,9.312865257E0,1.059613159E1
5.931875264E0,3.976871252E0,-5.503492355E-1,1.171525955E1,1.238409042E1
5.934250837E0,-1.488335729E0,-5.024927258E-1,8.102097511E0,8.252976812E0
5.936626410E0,-2.804388046E0,-3.589234054E-1,1.138504982E1,1.173084727E1
5.939001983E0,4.273581028E0,-1.119840980E0,9.528220177E0,1.050259579E1
5.941377608E0,-4.651647091E0,-7.657032460E-2,9.250652313E0,1.035462466E1
5.943753181E0,3.431307554E0,-5.264210105E-1,1.155254745E1,1.206284972E1
5.946128754E0,-1.383051515E0,-6.556333899E-1,7.958528042E0,8.104372599E0
5.948504327E0,-3.206382275E0,-6.269195080E-1,1.127019501E1,1.173418983E1
5.950879900E0,4.991427898E0,-7.561319470E-1,1.023170948E1,1.140938065E1
5.953255473E0,-4.823930264E0,1.914258115E-2,8.848658562E0,1.007816590E1
5.955631045E0,2.550748825E0,-4.450650215E-1,1.129890823E1,1.159179579E1
5.958006618E0,-7.944171429E-1,-9.523434043E-1,7.968099594E0,8.064035447E0
5.960382191E0,-3.034099102E0,-4.259224236E-1,1.149990559E1,1.190105020E1
5.962757764E0,5.000999451E0,-6.029912829E-1,1.021256733E1,1.138727911E1
5.965133337E0,-5.058426857E0,1.244267747E-1,8.499305725E0,9.891479267E0
5.967508910E0,1.866401672E0,-7.609176040E-1,1.123190975E1,1.141132102E1
5.969884483E0,5.647061467E-1,-8.518448472E-1,8.379665375E0,8.441760745E0
5.972260056E0,-3.440878868E0,-7.178468257E-2,1.105005455E1,1.157361249E1
5.974635629E0,4.608576298E0,-7.465606928E-1,1.019342422E1,1.121170040E1
5.977011202E0,-5.111069202E0,-1.770688742E-1,8.470592499E0,9.894711671E0
5.979386775E0,1.971685886E0,-6.891329288E-1,1.161476135E1,1.180106481E1
5.981762348E0,1.517049551E0,-6.269195080E-1,8.303094864E0,8.463796532E0
5.984137973E0,-4.115654945E0,-3.349951655E-2,1.052363396E1,1.129984998E1
5.986513545E0,4.235296249E0,-1.048056364E0,1.033220863E1,1.121564495E1
5.988889118E0,-4.436293125E0,-4.977070987E-1,8.685946465E0,9.765965136E0
5.991264691E0,1.995614052E0,-2.201396823E-1,1.187797165E1,1.204645788E1
5.993640264E0,1.808973908E0,-6.987041831E-1,8.039883614E0,8.270447549E0
5.996015837E0,-4.919643402E0,2.297109663E-1,1.029870892E1,1.141573754E1
5.998391410E0,4.149154663E0,-1.320838094E0,1.045663452E1,1.132701652E1
6.000766983E0,-3.493520975E0,-5.216353536E-1,9.174081802E0,9.830593531E0
6.003142556E0,1.172483087E0,-3.062812984E-1,1.169133186E1,1.175396808E1
6.005518129E0,2.115255117E0,-6.939185858E-1,7.810173035E0,8.121245597E0
6.007893702E0,-5.359922886E0,-1.339980662E-1,1.003549862E1,1.137795945E1
6.010269275E0,4.627718925E0,-1.153340459E0,1.122712421E1,1.219812669E1
6.012644848E0,-3.206382275E0,-6.029912829E-1,8.748159409E0,9.336743480E0
6.015020420E0,1.674975902E-1,-3.684946895E-1,1.174397373E1,1.175094731E1
6.017395993E0,2.603390932E0,-9.667003751E-1,8.121239662E0,8.582930013E0
6.019771566E0,-4.957928658E0,-2.440679073E-1,1.004506969E1,1.120464417E1
6.022147139E0,4.512863636E0,-7.465606928E-1,1.131326580E1,1.220300267E1
6.024522712E0,-3.278167009E0,-5.455635786E-1,8.484949112E0,9.112539711E0
6.026898285E0,-8.805587292E-1,-7.944171429E-1,1.138504982E1,1.144665199E1
6.029273858E0,3.493520975E0,-1.052842021E0,8.925228119E0,9.642243624E0
6.031649379E0,-4.895715237E0,1.292124242E-1,9.934999466E0,1.107650387E1
6.034025056E0,4.211368084E0,-5.838487148E-1,1.108355427E1,1.187104358E1
6.036400629E0,-3.426522017E0,-7.034898400E-1,8.255238533E0,8.965763454E0
6.038776202E0,-1.162911773E0,-1.067198873E0,1.149512005E1,1.160297644E1
6.041151775E0,4.359723091E0,-7.992027402E-1,9.590433121E0,1.056514637E1
6.043527348E0,-5.077569485E0,2.488535494E-1,9.212367058E0,1.052194596E1
6.045902920E0,3.431307554E0,-4.307080805E-1,1.114576817E1,1.166994126E1
6.048278493E0,-2.861815929E0,-9.475577474E-1,8.283951759E0,8.815424712E0
6.050654066E0,-1.143769264E0,-6.604190469E-1,1.171047401E1,1.178471735E1
6.053029639E0,4.441078663E0,-8.518448472E-1,9.547362328E0,1.056413493E1
6.055405212E0,-5.532206059E0,1.962114573E-1,8.973084450E0,1.054324653E1
6.057780785E0,3.058027267E0,-9.188438654E-1,1.122712421E1,1.167236578E1
6.060156358E0,-1.473978758E0,-7.896314859E-1,8.657232285E0,8.817244586E0
6.062531931E0,-1.966900229E0,-2.201396823E-1,1.182532978E1,1.198981161E1
6.064907504E0,4.316651821E0,-9.236295223E-1,9.226723671E0,1.022834318E1
6.067283077E0,-5.551348686E0,-1.627119333E-1,8.781659126E0,1.039045160E1
6.069658650E0,3.326023579E0,-7.465606928E-1,1.180618668E1,1.228844293E1
6.072034223E0,-7.848458290E-1,-5.886343718E-1,8.370093346E0,8.427392005E0
6.074409795E0,-2.828316450E0,-2.488535494E-1,1.128933716E1,1.164089496E1
6.076785368E0,4.149154663E0,-1.081555843E0,9.566504478E0,1.048347535E1
6.079160993E0,-5.101497650E0,-3.445664644E-1,9.001798630E0,1.035260271E1
6.081536566E0,3.488735437E0,-4.354937077E-1,1.188754272E1,1.239655604E1
6.083912139E0,-6.029912829E-1,-6.269195080E-1,7.977670670E0,8.024952079E0
6.086287712E0,-3.766302824E0,6.699903309E-2,1.116491032E1,1.178324014E1
6.088663285E0,4.374079704E0,-1.392622828E0,9.724431038E0,1.075344273E1
6.091038858E0,-4.321437836E0,-3.158525825E-1,9.332008362E0,1.028887593E1
6.093414431E0,2.751745939E0,-4.546363056E-1,1.174875927E1,1.207526995E1
6.095790004E0,-1.196411327E-1,-6.795616150E-1,7.724031448E0,7.754790765E0
6.098165577E0,-4.307080746E0,-4.594219327E-1,1.093041420E1,1.175737928E1
6.100541150E0,4.895715237E0,-9.092726111E-1,1.064806080E1,1.175482893E1
6.102916723E0,-4.345366001E0,-3.110669553E-1,8.853444099E0,9.867240787E0
6.105292295E0,1.823330879E0,-6.269195080E-1,1.134676456E1,1.150941483E1
6.107667868E0,5.838487148E-1,-9.571290612E-1,8.011170387E0,8.089241394E0
6.110043441E0,-4.034298897E0,-1.770688742E-1,1.117926693E1,1.188624962E1
6.112419014E0,4.905286312E0,-7.561319470E-1,1.053799057E1,1.164829664E1
6.114794587E0,-4.565505505E0,-2.727817893E-1,8.556734085E0,9.702368196E0
6.117170160E0,1.095912814E0,-9.954141974E-1,1.138983536E1,1.148565295E1
6.119545733E0,1.785045743E0,-9.810572863E-1,8.523234367E0,8.763240598E0
6.121921306E0,-4.158725739E0,8.614161611E-2,1.075334454E1,1.152982389E1
6.124296879E0,4.599005222E0,-5.694918036E-1,1.047577763E1,1.145500270E1
6.126672504E0,-4.709074974E0,-1.866401732E-1,8.403593063E0,9.634863675E0
6.129048025E0,9.667003751E-1,-1.277767301E0,1.139462185E1,1.150672004E1
6.131423650E0,2.847458839E0,-8.183453679E-1,9.001798630E0,9.476818535E0
6.133799223E0,-4.651647091E0,1.052841991E-1,1.011206818E1,1.113116473E1
6.136174743E0,4.201796532E0,-4.977070987E-1,1.070070267E1,1.150686074E1
6.138550368E0,-4.173082829E0,-5.216353536E-1,8.499305725E0,9.482875173E0
6.140925941E0,9.858429432E-1,-8.231309652E-1,1.173440266E1,1.180447528E1
6.143301514E0,3.153740168E0,-9.140582681E-1,8.561519623E0,9.169580024E0
6.145677087E0,-5.197210789E0,1.292124242E-1,9.824930191E0,1.111561735E1
6.148052660E0,3.967299938E0,-8.183453679E-1,1.098305607E1,1.170626664E1
6.150428233E0,-3.019742250E0,-5.168496966E-1,8.910871506E0,9.422823773E0
6.152803806E0,2.057827413E-1,-3.254238665E-1,1.156690502E1,1.157331150E1
6.155179379E0,3.287738323E0,-9.523434043E-1,8.389236450E0,9.060655024E0
6.157554900E0,-5.355136871E0,-2.488535494E-1,9.580862045E0,1.097872199E1
6.159930525E0,4.570291042E0,-6.891329288E-1,1.159561825E1,1.248282127E1
6.162306098E0,-2.689532757E0,-3.732803464E-1,8.484949112E0,8.908831916E0
6.164681618E0,-6.269195080E-1,4.785645287E-3,1.142812061E1,1.144530435E1
6.167057191E0,3.254238844E0,-1.335195065E0,8.475378036E0,9.176320024E0
6.169432816E0,-4.804787636E0,-3.541377485E-1,9.820143700E0,1.093830974E1
6.171808389E0,4.517649174E0,-5.599204898E-1,1.164826107E1,1.250618451E1
6.174183962E0,-2.340180635E0,-2.584248483E-1,8.020741463E0,8.359157997E0
6.176559535E0,-2.024327993E0,-4.307080805E-2,1.149512005E1,1.167208395E1
6.178935160E0,4.086941242E0,-1.435693622E0,8.848658562E0,9.852058832E0
6.181310733E0,-4.541577339E0,-1.483550072E-1,9.585647583E0,1.060813714E1
6.183686306E0,4.015156269E0,-5.359922647E-1,1.167697430E1,1.235963172E1
6.186061879E0,-2.292324066E0,-3.924229145E-1,7.814958572E0,8.153669288E0
6.188437452E0,-2.478964329E0,-5.407779217E-1,1.132762241E1,1.160830455E1
6.190813025E0,4.890929699E0,-8.422735929E-1,9.882357597E0,1.105855369E1
6.193188598E0,-4.910071850E0,-3.828516230E-2,8.949156761E0,1.020772639E1
6.195564170E0,3.239881754E0,-7.657032609E-1,1.127019501E1,1.175161396E1
6.197939743E0,-1.603191137E0,-7.465606928E-1,8.154739380E0,8.344300393E0
6.200315316E0,-2.426322222E0,-5.264209956E-2,1.183490086E1,1.208117085E1
6.202690889E0,4.752145767E0,-6.747759581E-1,9.485149384E0,1.063044076E1
6.205066462E0,-5.254638672E0,-1.435693540E-2,8.657232285E0,1.012714691E1
6.207442035E0,2.665604353E0,-1.091127157E0,1.138983536E1,1.174837668E1
6.209817608E0,-3.349951804E-1,-7.369893789E-1,8.571090698E0,8.609237531E0
6.212193181E0,-2.818745136E0,2.775674164E-1,1.132283688E1,1.167171807E1
6.214568754E0,4.345366001E0,-4.211367965E-1,9.552147865E0,1.050252783E1
6.216944327E0,-5.536991596E0,-2.153540403E-1,8.384450912E0,1.005005823E1
6.219319900E0,2.904886723E0,-1.024128079E0,1.164347458E1,1.204399043E1
6.221695473E0,7.178468108E-1,-6.604190469E-1,8.537590981E0,8.593131973E0
6.224071045E0,-3.689732552E0,1.914258152E-1,1.092562866E1,1.153343539E1
6.226446618E0,4.086941242E0,-6.364908218E-1,9.805787086E0,1.064244660E1
6.228822191E0,-4.804787636E0,-3.445664644E-1,8.714659691E0,9.957409492E0
6.231197764E0,2.727817774E0,-4.929214716E-1,1.190668583E1,1.222510241E1
6.233573389E0,1.071984529E0,-7.417750359E-1,7.920242786E0,8.026806764E0
6.235948962E0,-4.345366001E0,4.785645287E-3,1.080598736E1,1.164695631E1
6.238324535E0,4.398007870E0,-8.039883971E-1,1.030349445E1,1.123169037E1
6.240700108E0,-3.909872293E0,-2.009970993E-1,8.973084450E0,9.789981906E0
6.243075681E0,2.115255117E0,-3.397808075E-1,1.145204926E1,1.165071617E1
6.245451254E0,1.335195065E0,-8.279166222E-1,7.925028801E0,8.079249550E0
6.247826827E0,-4.508078098E0,-4.259224236E-1,1.046620655E1,1.140375629E1
6.250202400E0,5.125426292E0,-6.699903607E-1,1.104048347E1,1.219061759E1
6.252577973E0,-3.842873096E0,-1.866401732E-1,8.647661209E0,9.464911652E0
6.254953545E0,1.416550994E0,-1.244267747E-1,1.136590767E1,1.145451683E1
6.257329118E0,1.507478237E0,-8.853443861E-1,7.996813297E0,8.185679460E0
6.259704691E0,-4.173082829E0,-4.929214716E-1,1.036092186E1,1.118062134E1
6.262080264E0,5.106283665E0,-7.226324677E-1,1.123669529E1,1.236364233E1
6.264455837E0,-3.761517286E0,-2.775674164E-1,8.417949677E0,9.224312046E0
6.266831410E0,3.828516304E-1,-4.785645306E-1,1.132283688E1,1.133941067E1
6.269206983E0,2.440679073E0,-9.906286001E-1,8.441878319E0,8.843278177E0
6.271582660E0,-4.321437836E0,-9.571290575E-3,1.031306553E1,1.118187092E1
6.273958129E0,4.584648132E0,-8.518448472E-1,1.093998528E1,1.189234695E1
6.276333702E0,-3.919443607E0,-5.216353536E-1,8.475378036E0,9.352335243E0
6.278709327E0,-9.571290575E-3,-5.599204898E-1,1.174875927E1,1.176209790E1
6.281084900E0,3.259024382E0,-7.226324677E-1,8.618947029E0,9.242818049E0
6.283460473E0,-4.890929699E0,5.264209956E-2,9.815358162E0,1.096655007E1
6.285836045E0,3.804588079E0,-9.044869542E-1,1.101655579E1,1.169005939E1
6.288211618E0,-3.594019651E0,-7.609176040E-1,8.508877754E0,9.268062014E0
6.290587191E0,1.531406492E-1,-1.962114573E-1,1.211725426E1,1.211981030E1
6.292962764E0,3.263810158E0,-8.327022791E-1,8.274380684E0,8.933712864E0
6.295338337E0,-5.656632900E0,1.962114573E-1,9.724431038E0,1.125169115E1
6.297713910E0,3.555734396E0,-1.402194023E0,1.103569794E1,1.167887084E1
6.300089483E0,-2.718246460E0,-7.848458290E-1,9.107083321E0,9.536446581E0
6.302465056E0,-4.019941986E-1,1.004985496E-1,1.196889877E1,1.197606935E1
6.304840629E0,2.885744095E0,-7.513462901E-1,8.097311974E0,8.628933968E0
6.307216202E0,-6.001199245E0,-3.254238665E-1,9.513862610E0,1.125317177E1
6.309591775E0,4.053441525E0,-1.129412293E0,1.160997581E1,1.234898776E1
6.311967348E0,-2.483749866E0,-6.795616150E-1,8.939585686E0,9.303064528E0
6.314342920E0,-1.253839016E0,-1.866401732E-1,1.160997581E1,1.167897621E1
6.316718441E0,2.904886723E0,-9.906286001E-1,8.494520187E0,9.031975703E0
6.319094066E0,-5.407779217E0,-4.354937077E-1,9.695717812E0,1.111038589E1
6.321469587E0,4.115654945E0,-7.034898400E-1,1.179183006E1,1.250922739E1
6.323845212E0,-2.560320139E0,-6.269195080E-1,8.365307808E0,8.770783432E0
6.326220785E0,-1.990828395E0,-3.780659735E-1,1.160997581E1,1.178549405E1
6.328596410E0,3.541377544E0,-1.354337573E0,8.872586250E0,9.648749761E0
6.330971931E0,-4.857429981E0,-2.297109663E-1,9.695717812E0,1.084685839E1
6.333347504E0,4.005585194E0,-6.317051649E-1,1.160040379E1,1.228874006E1
6.335723129E0,-2.737389088E0,-5.264210105E-1,8.135597229E0,8.599904672E0
6.338098702E0,-2.014756680E0,-7.704889178E-1,1.149990559E1,1.170045837E1
6.340474275E0,4.474578381E0,-9.619147182E-1,9.499505997E0,1.054456001E1
6.342849848E0,-4.900500774E0,-8.614161611E-2,9.269794464E0,1.048577215E1
6.345225420E0,3.522234917E0,-7.800601721E-1,1.124148083E1,1.180616466E1
6.347600993E0,-2.421536446E0,-8.279166222E-1,8.346165657E0,8.729705944E0
6.349976566E0,-1.469193101E0,-3.684946895E-1,1.200718403E1,1.210234626E1
6.352352139E0,4.560719967E0,-8.374879360E-1,8.977870941E0,1.010463850E1
6.354727712E0,-5.211567879E0,3.349951655E-2,9.126225471E0,1.050949824E1
6.357103285E0,3.326023579E0,-1.110269666E0,1.134676456E1,1.187620300E1
6.359478858E0,-1.574477315E0,-8.853443861E-1,8.738588333E0,8.923325588E0
6.361854431E0,-1.387837172E0,-9.571290761E-2,1.178704453E1,1.186885300E1
6.364230004E0,4.307080746E0,-7.322037220E-1,8.863015175E0,9.881300766E0
6.366605577E0,-5.580062389E0,2.105683982E-1,9.064012527E0,1.064602078E1
6.368981150E0,3.651447296E0,-1.478764415E0,1.137547874E1,1.203832747E1
6.371356723E0,-1.004985452E0,-7.992027402E-1,8.781659126E0,8.875035650E0
6.373732295E0,-1.756331801E0,-5.264209956E-2,1.187318611E1,1.200250062E1
6.376107868E0,4.168296814E0,-7.800601721E-1,8.547162056E0,9.541340127E0
6.378483441E0,-5.450850010E0,8.135596663E-2,9.150154114E0,1.065099549E1
6.380859014E0,3.996013880E0,-1.119840980E0,1.148554897E1,1.221228914E1
6.383234639E0,-1.134197950E0,-8.470591903E-1,8.336593628E0,8.455927364E0
6.385610212E0,-2.459821701E0,-7.178468257E-2,1.198325539E1,1.223332684E1
6.387985785E0,4.326223373E0,-9.571290612E-1,8.776873589E0,9.831877476E0
6.390361358E0,-4.924428940E0,7.178468257E-2,9.293723106E0,1.051800564E1
6.392736931E0,3.498306751E0,-8.757730722E-1,1.125105190E1,1.181487611E1
6.395112504E0,-1.330409408E0,-7.752745152E-1,8.250452042E0,8.392913598E0
6.397488077E0,-2.842673302E0,-4.450650215E-1,1.179661560E1,1.214244679E1
6.399863650E0,4.804787636E0,-8.614161611E-1,9.303294182E0,1.050615556E1
6.402239223E0,-5.101497650E0,1.962114573E-1,9.083154678E0,1.041957178E1
6.404614795E0,3.062813044E0,-6.269195080E-1,1.124148083E1,1.166810794E1
6.406990368E0,-1.703689694E0,-7.992027402E-1,8.145168304E0,8.359727884E0
6.409365941E0,-2.378465652E0,-6.556333899E-1,1.194018459E1,1.219241412E1
6.411741514E0,4.886143684E0,-8.135597110E-1,9.408578873E0,1.063285643E1
6.414117087E0,-5.436492920E0,2.153540403E-1,8.925228119E0,1.045282400E1
6.416492660E0,2.703889608E0,-5.312066078E-1,1.114098263E1,1.147670220E1
6.418868233E0,-1.316052437E0,-8.374879360E-1,8.389236450E0,8.533033943E0
6.421243806E0,-2.163111687E0,-5.790630579E-1,1.164347458E1,1.185684893E1
6.423619379E0,4.642076015E0,-8.231309652E-1,9.427721024E0,1.054079399E1
6.425994952E0,-5.733202934E0,1.866401732E-1,8.786444664E0,1.049314349E1
6.428370525E0,2.833101988E0,-8.279166222E-1,1.116491032E1,1.154846895E1
6.430746098E0,-5.982056856E-1,-6.460621357E-1,8.690732002E0,8.735220035E0
6.433121618E0,-2.569891453E0,-2.679961324E-1,1.151904774E1,1.180527953E1
6.435497295E0,4.302295208E0,-8.566305041E-1,9.236295700E0,1.022510235E1
6.437872816E0,-5.412564754E0,-2.057827413E-1,8.824729919E0,1.035442234E1
6.440248389E0,3.603590965E0,-5.072783828E-1,1.172961617E1,1.228116829E1
6.442624014E0,-8.279166222E-1,-5.551348329E-1,8.260024071E0,8.319953021E0
6.444999587E0,-2.914458036E0,1.914258115E-2,1.131326580E1,1.168265446E1
6.447375160E0,4.130012035E0,-1.162911773E0,9.164510727E0,1.011917092E1
6.449750733E0,-4.546362877E0,-3.206382394E-1,9.308079720E0,1.036400368E1
6.452126306E0,3.651447296E0,-3.062812984E-1,1.174397373E1,1.230234915E1
6.454501879E0,-8.279166222E-1,-2.297109663E-1,7.867600918E0,7.914376619E0
6.456877452E0,-3.383451223E0,-3.445664644E-1,1.124148083E1,1.174467366E1
6.459253025E0,4.833501816E0,-1.172483087E0,9.580862045E0,1.079492353E1
6.461628598E0,-4.268795490E0,-1.818545163E-1,8.973084450E0,9.938406841E0
6.464004170E0,3.584448338E0,-3.589234054E-1,1.157647610E1,1.212402139E1
6.466379691E0,-1.402194023E0,-4.594219327E-1,7.992027760E0,8.127098148E0
6.468755316E0,-2.632104874E0,-4.450650215E-1,1.134197903E1,1.165189028E1
6.471130889E0,5.029713154E0,-7.465606928E-1,9.757930756E0,1.100329859E1
6.473506462E0,-4.479363918E0,-1.387837082E-1,8.796015739E0,9.871871906E0
6.475882035E0,3.034099102E0,-6.699903607E-1,1.129890823E1,1.171836045E1
6.478257608E0,-1.043270707E0,-8.566305041E-1,8.317451477E0,8.426282019E0
6.480633181E0,-2.005185366E0,-2.392822690E-2,1.188754272E1,1.205549721E1
6.483008754E0,4.804787636E0,-7.896314859E-1,9.135796547E0,1.035240458E1
6.485384327E0,-5.134997368E0,0.000000000E0,8.786444664E0,1.017692526E1
6.487759900E0,3.115455151E0,-1.148554921E0,1.141854954E1,1.189153114E1
6.490135473E0,-5.647061467E-1,-7.752745152E-1,8.843872070E0,8.895730257E0
6.492511045E0,-1.923829436E0,8.135596663E-2,1.167218876E1,1.182995050E1
6.494886670E0,4.206582069E0,-6.221339107E-1,8.815158844E0,9.787206382E0
6.497262243E0,-5.508277893E0,-1.770688742E-1,8.858229637E0,1.043267516E1
6.499637816E0,3.814159393E0,-1.220339537E0,1.168654537E1,1.235363846E1
6.502013389E0,-8.949156404E-1,-8.279166222E-1,8.700303078E0,8.785305548E0
6.504388962E0,-2.158325911E0,1.435693540E-2,1.168175983E1,1.187948188E1
6.506764483E0,3.771088600E0,-7.561319470E-1,8.551948547E0,9.377028778E0
6.509140108E0,-5.115854740E0,-1.292124242E-1,9.360722542E0,1.066826097E1
6.511515681E0,3.799802303E0,-1.062413216E0,1.149990559E1,1.215792120E1
6.513891202E0,-1.488335729E0,-8.327022791E-1,8.556734085E0,8.725034930E0
6.516266827E0,-2.416750908E0,-2.105683982E-1,1.183968639E1,1.208566084E1
6.518642400E0,4.063013077E0,-9.762716293E-1,8.604590416E0,9.565571482E0
6.521017973E0,-4.972285271E0,1.052841991E-1,9.647860527E0,1.085430414E1
6.523393545E0,3.498306751E0,-8.039883971E-1,1.139462185E1,1.194662942E1
6.525769118E0,-2.488535643E0,-7.896314859E-1,8.403593063E0,8.799812720E0
6.528144691E0,-1.832902193E0,-7.034898400E-1,1.188275719E1,1.204385099E1
6.530520212E0,4.254438877E0,-8.949156404E-1,8.872586250E0,9.880481311E0
6.532895837E0,-5.230710506E0,4.307080805E-2,9.647860527E0,1.097467085E1
6.535271358E0,3.340380430E0,-4.546363056E-1,1.120798111E1,1.170400257E1
6.537646983E0,-3.249453068E0,-5.886343718E-1,8.437092781E0,9.060351553E0
6.540022556E0,-8.087740541E-1,-9.044869542E-1,1.150947666E1,1.157325646E1
6.542398129E0,3.818944931E0,-9.906286001E-1,8.968298912E0,9.797758457E0
6.544773702E0,-5.479563713E0,-4.785645287E-3,9.801001549E0,1.122876987E1
6.547149223E0,3.527020693E0,-6.747759581E-1,1.091127110E1,1.148699414E1
6.549524848E0,-3.096312523E0,-6.173482537E-1,9.030512810E0,9.566526627E0
6.551900473E0,-3.876372576E-1,-5.359922647E-1,1.141376400E1,1.143291559E1
6.554276045E0,3.192025423E0,-9.523434043E-1,8.427521706E0,9.061959300E0
6.556651618E0,-5.402993679E0,-2.871387303E-1,9.963713646E0,1.133800595E1
6.559027191E0,4.201796532E0,-7.704889178E-1,1.135155106E1,1.212874514E1
6.561402764E0,-3.206382275E0,-2.727817893E-1,8.796015739E0,9.366172649E0
6.563778337E0,-1.914258115E-2,-1.052841991E-1,1.125583744E1,1.125634611E1
6.566153910E0,2.292324066E0,-1.062413216E0,8.250452042E0,8.628640122E0
6.568529483E0,-4.809573650E0,-7.369893789E-1,1.025085258E1,1.134703180E1
6.570905056E0,4.685146809E0,-4.881358147E-1,1.147597694E1,1.240511685E1
6.573280629E0,-3.550948858E0,9.571290761E-2,8.413164139E0,9.132345240E0
6.575656150E0,-1.722832322E-1,-6.317051649E-1,1.106441212E1,1.108376959E1
6.578031775E0,2.206182480E0,-1.210768223E0,8.260024071E0,8.634882655E0
6.580407348E0,-3.981656790E0,-2.009970993E-1,1.118883896E1,1.187788314E1
6.582782920E0,4.814359188E0,-5.790630579E-1,1.053320503E1,1.159576546E1
6.585158493E0,-4.517649174E0,-1.339980662E-1,8.403593063E0,9.541880628E0
6.587534066E0,7.657032609E-1,-7.465606928E-1,1.129890823E1,1.134940446E1
6.589909639E0,2.076970100E0,-9.188438654E-1,8.604590416E0,8.899272727E0
6.592285212E0,-3.795016766E0,-9.571290761E-2,1.111705399E1,1.174734874E1
6.594660785E0,4.560719967E0,-5.790630579E-1,1.016949654E1,1.116038263E1
6.597036358E0,-4.981856823E0,-2.201396823E-1,8.432307243E0,9.796487347E0
6.599411931E0,1.952543259E0,-9.236295223E-1,1.144726372E1,1.164926450E1
6.601787504E0,1.521835208E0,-8.327022791E-1,8.628518105E0,8.801176067E0
6.604163077E0,-3.857230186E0,-1.435693540E-2,1.122712421E1,1.187125726E1
6.606538650E0,4.240081787E0,-6.795616150E-1,9.657432556E0,1.056911071E1
6.608914223E0,-4.733003139E0,-3.302095234E-1,8.910871506E0,1.009524581E1
6.611289795E0,2.641676188E0,-6.699903607E-1,1.151426220E1,1.183239512E1
6.613665420E0,5.982056856E-1,-8.901300430E-1,8.303094864E0,8.372070583E0
6.616040993E0,-3.943371773E0,-2.775674164E-1,1.149990559E1,1.216038869E1
6.618416566E0,4.642076015E0,-9.188438654E-1,9.595218658E0,1.069866183E1
6.620792139E0,-4.570291042E0,-9.571290575E-3,9.049654961E0,1.013823982E1
6.623167712E0,2.670390129E0,-6.125625968E-1,1.141376400E1,1.173798215E1
6.625543285E0,-6.939185858E-1,-8.135597110E-1,8.231309891E0,8.300473777E0
6.627918858E0,-3.244667530E0,-6.604190469E-1,1.155733299E1,1.202231120E1
6.630294431E0,4.943571568E0,-7.657032609E-1,9.528220177E0,1.076160681E1
6.632670004E0,-4.914857864E0,2.727817893E-1,9.092725754E0,1.033962762E1
6.635045577E0,2.517249346E0,-4.450650215E-1,1.111705399E1,1.140716952E1
6.637421150E0,-1.665404558E0,-9.092726111E-1,8.346165657E0,8.559137234E0
6.639796723E0,-2.024327993E0,-7.465606928E-1,1.170090294E1,1.189816735E1
6.642172295E0,4.642076015E0,-7.561319470E-1,9.212367058E0,1.034351546E1
6.644547868E0,-5.417350292E0,6.843472719E-1,9.279366493E0,1.076673850E1
6.646923441E0,2.565105915E0,-7.513462901E-1,1.081077290E1,1.113629652E1
6.649299014E0,-1.808973908E0,-9.619147182E-1,8.714659691E0,8.952260053E0
6.651674587E0,-1.244267821E0,-2.871387303E-1,1.189232826E1,1.196069072E1
6.654050160E0,3.991228104E0,-7.178468108E-1,8.370093346E0,9.300734833E0
6.656425733E0,-5.824130535E0,1.483550072E-1,9.566504478E0,1.120091575E1
6.658801306E0,3.608376503E0,-7.513462901E-1,1.123669529E1,1.182574409E1
6.661176879E0,-2.282752752E0,-4.689932466E-1,8.772088051E0,9.076367311E0
6.663552504E0,-7.848458290E-1,-3.062812984E-1,1.139462185E1,1.142572529E1
6.665928077E0,3.273381472E0,-7.944171429E-1,8.149953842E0,8.818609442E0
6.668303650E0,-5.178068161E0,-1.722832322E-1,1.018385315E1,1.142597639E1
6.670679223E0,4.479363918E0,-4.402793646E-1,1.115055370E1,1.202469937E1
6.673054795E0,-3.263810158E0,-3.349951804E-1,8.504091263E0,9.115056046E0
6.675430368E0,-3.158525825E-1,-5.551348329E-1,1.111226845E1,1.113060859E1
6.677805941E0,2.641676188E0,-1.000199914E0,8.279166222E0,8.747768074E0
6.680181514E0,-4.220939159E0,1.435693540E-2,1.106919765E1,1.184667338E1
6.682557087E0,4.661218643E0,-4.929214716E-1,1.032263660E1,1.133696420E1
6.684932660E0,-4.268795490E0,-1.100698411E-1,8.484949112E0,9.498899502E0
6.687308233E0,6.795616150E-1,-8.997012973E-1,1.118405342E1,1.124074363E1
6.689683806E0,2.230110645E0,-1.014556766E0,8.590232849E0,8.932794598E0
6.692059379E0,-3.747160196E0,-1.627119333E-1,1.120798111E1,1.181890542E1
6.694434952E0,4.632504463E0,-5.216353536E-1,9.887143135E0,1.093104754E1
6.696810525E0,-4.962714195E0,-1.579262912E-1,8.480163574E0,9.826833017E0
6.699186098E0,2.110469580E0,-1.043270707E0,1.143290615E1,1.167278196E1
6.701561670E0,1.373480201E0,-9.044869542E-1,8.662017822E0,8.816750947E0
6.703937243E0,-3.594019651E0,-1.052841991E-1,1.139940739E1,1.195301430E1
6.706312816E0,4.565505505E0,-6.747759581E-1,9.322437286E0,1.040225937E1
6.708688389E0,-4.895715237E0,-2.584248483E-1,8.906085968E0,1.016627652E1
6.711063962E0,2.876172781E0,-8.662018180E-1,1.150469112E1,1.189035716E1
6.713439535E0,3.637090325E-1,-9.762716293E-1,8.350951195E0,8.415686330E0
6.715815108E0,-3.421736479E0,-2.775674164E-1,1.175354481E1,1.224463718E1
6.718190681E0,4.814359188E0,-9.667003751E-1,9.054440498E0,1.030026489E1
6.720566254E0,-4.646861553E0,0.000000000E0,9.322437286E0,1.041638897E1
6.722941827E0,3.062813044E0,-7.130611539E-1,1.143769264E1,1.186212852E1
6.725317452E0,-1.000199914E0,-9.236295223E-1,8.264809608E0,8.376190615E0
6.727692973E0,-2.622533560E0,-7.513462901E-1,1.172004509E1,1.203335616E1
6.730068598E0,4.996213913E0,-9.284151793E-1,9.178867340E0,1.049169738E1
6.732444170E0,-4.833501816E0,3.158525825E-1,9.566504478E0,1.072289656E1
6.734819743E0,2.976671457E0,-5.886343718E-1,1.112183952E1,1.152832936E1
6.737195316E0,-2.057827473E0,-9.762716293E-1,8.370093346E0,8.674458070E0
6.739570889E0,-1.258624673E0,-7.800601721E-1,1.192582798E1,1.201740417E1
6.741946462E0,4.560719967E0,-9.092726111E-1,8.714659691E0,9.877866006E0
6.744322035E0,-5.254638672E0,2.249253243E-1,9.877572060E0,1.119054283E1
6.746697608E0,3.316452265E0,-5.024927258E-1,1.098305607E1,1.148385280E1
6.749073181E0,-2.536391973E0,-7.130611539E-1,8.729017258E0,9.117975803E0
6.751448754E0,-3.972085714E-1,-8.087740541E-1,1.138983536E1,1.142542076E1
6.753824327E0,3.680161238E0,-9.523434043E-1,8.681160927E0,9.476977352E0
6.756199900E0,-5.513063431E0,9.571290761E-2,1.024128056E1,1.163128784E1
6.758575473E0,4.192225456E0,-6.508477330E-1,1.075334454E1,1.155996435E1
6.760951045E0,-3.120240688E0,-3.302095234E-1,8.858229637E0,9.397508850E0
6.763326618E0,1.435693540E-2,-5.886343718E-1,1.130848026E1,1.132379894E1
6.765702191E0,2.512463808E0,-1.009771109E0,8.169096947E0,8.606175515E0
6.768077764E0,-4.852644444E0,-4.498506486E-1,1.089212894E1,1.193268606E1
6.770453337E0,4.790431023E0,-6.125625968E-1,1.077727318E1,1.180987212E1
6.772828910E0,-4.019941807E0,-2.057827413E-1,8.662017822E0,9.551587900E0
6.775204483E0,4.833501875E-1,-2.057827413E-1,1.127019501E1,1.128243189E1
6.777580004E0,1.483550072E0,-1.143769264E0,8.245666504E0,8.455775839E0
6.779955629E0,-3.890729666E0,-7.226324677E-1,1.101177025E1,1.170124177E1
6.782331202E0,4.694717884E0,-5.982056856E-1,1.060499001E1,1.161309774E1
6.784706775E0,-4.546362877E0,1.579262912E-1,8.499305725E0,9.640153211E0
6.787082348E0,1.143769264E0,-5.168496966E-1,1.111226845E1,1.118292680E1
6.789457920E0,1.000199914E0,-1.062413216E0,8.580661774E0,8.703842725E0
6.791833545E0,-3.297309637E0,-5.312066078E-1,1.134197903E1,1.182349016E1
6.794209118E0,4.656432629E0,-6.747759581E-1,9.762716293E0,1.083735747E1
6.796584691E0,-5.216353416E0,-1.100698411E-1,8.614161491E0,1.007105936E1
6.798960264E0,2.660818815E0,-6.460621357E-1,1.149512005E1,1.181673127E1
6.801335837E0,8.614161611E-2,-7.800601721E-1,8.618947029E0,8.654603523E0
6.803711410E0,-3.010170937E0,-6.029912829E-1,1.132283688E1,1.173163938E1
6.806086983E0,4.455435753E0,-8.327022791E-1,9.226723671E0,1.027991880E1
6.808462556E0,-5.130211830E0,-2.775674164E-1,9.178867340E0,1.051892213E1
6.810838129E0,3.531806231E0,-4.498506486E-1,1.156211948E1,1.209787700E1
6.813213702E0,-1.229910851E0,-6.795616150E-1,8.590232849E0,8.704400329E0
6.815589275E0,-2.574677229E0,-7.657032609E-1,1.118883896E1,1.150675374E1
6.817964848E0,4.398007870E0,-1.048056364E0,8.997013092E0,1.006911813E1
6.820340368E0,-4.694717884E0,1.531406492E-1,1.003071213E1,1.107605588E1
6.822715993E0,3.603590965E0,-5.168496966E-1,1.096869946E1,1.155704846E1
6.825091566E0,-2.579462767E0,-6.556333899E-1,8.475378036E0,8.883440559E0
6.827467139E0,-1.540977836E0,-1.244267821E0,1.121755219E1,1.139106194E1
6.829842712E0,4.331008911E0,-7.992027402E-1,9.231510162E0,1.022825220E1
6.832218285E0,-4.905286312E0,3.924229145E-1,1.006899738E1,1.120716458E1
6.834593858E0,3.402593851E0,-8.518448472E-1,1.050927734E1,1.107917844E1
6.836969431E0,-3.445664644E0,-1.067198873E0,8.609375954E0,9.334499054E0
6.839345004E0,2.488535494E-1,-3.684946895E-1,1.210768223E1,1.211584439E1
6.841720577E0,3.163311481E0,-5.694918036E-1,8.293522835E0,8.894570336E0
6.844096150E0,-5.187639713E0,-1.244267747E-1,1.022213840E1,1.146382141E1
6.846471723E0,3.704089403E0,-1.234696507E0,1.047099209E1,1.117525969E1
6.848847295E0,-3.608376503E0,-7.513462901E-1,8.819944382E0,9.559096251E0
6.851222868E0,1.464407444E0,5.455635786E-1,1.208375454E1,1.218438560E1
6.853598441E0,1.296909928E0,-9.714859724E-1,7.671389580E0,7.840661862E0
6.855974014E0,-4.804787636E0,-8.518448472E-1,1.068634605E1,1.174774940E1
6.858349639E0,4.551148891E0,-8.709874153E-1,1.050927734E1,1.148549022E1
6.860725212E0,-3.972085476E0,4.307080805E-1,9.293723106E0,1.011613867E1
6.863100733E0,1.622333765E0,-6.317051649E-1,1.074855900E1,1.088864265E1
6.865476358E0,-1.579262912E-1,-1.143769264E0,8.341380119E0,8.420912726E0
6.867851931E0,-3.373879910E0,-7.322037220E-1,1.172483063E1,1.222255461E1
6.870227504E0,5.048855782E0,-3.158525825E-1,9.667003632E0,1.091062174E1
6.872603025E0,-5.044070244E0,2.105683982E-1,8.910871506E0,1.024161192E1
6.874978650E0,2.316252232E0,-8.853443861E-1,1.119841003E1,1.146966636E1
6.877354223E0,-1.081555843E0,-1.148554921E0,8.437092781E0,8.583325465E0
6.879729795E0,-1.698904037E0,-2.392822690E-2,1.232782269E1,1.244435855E1
6.882105368E0,4.498506546E0,-5.694918036E-1,8.379665375E0,9.527836788E0
6.884480941E0,-5.417350292E0,-1.722832322E-1,9.322437286E0,1.078356169E1
6.886856514E0,3.201596737E0,-1.177268744E0,1.151426220E1,1.200893073E1
6.889232087E0,-1.674975872E0,-8.518448472E-1,9.035298347E0,9.228640206E0
6.891607660E0,-4.259224236E-1,5.742774606E-1,1.157169056E1,1.159375810E1
6.893983233E0,3.034099102E0,-1.033699393E0,8.121239662E0,8.730912063E0
6.896358806E0,-5.101497650E0,-7.034898400E-1,1.002114105E1,1.126691813E1
6.898734379E0,4.551148891E0,-7.896314859E-1,1.132762241E1,1.223321314E1
6.901109952E0,-2.727817774E0,6.699903309E-2,9.073583603E0,9.474988025E0
6.903485525E0,2.536391914E-1,-5.072783828E-1,1.084427261E1,1.085909355E1
6.905861098E0,1.674975872E0,-1.124626637E0,8.303094864E0,8.544689202E0
6.908236670E0,-3.833301783E0,-8.901300430E-1,1.144726372E1,1.210480816E1
6.910612243E0,5.130211830E0,-1.100698411E-1,1.045184898E1,1.164355341E1
6.912987816E0,-4.522434711E0,9.571290575E-3,8.389236450E0,9.530571627E0
6.915363389E0,1.359123230E0,-1.048056364E0,1.116012478E1,1.129132513E1
6.917738962E0,5.694918036E-1,-1.316052437E0,8.494520187E0,8.614707664E0
6.920114587E0,-2.579462767E0,4.642075896E-1,1.233260822E1,1.260802690E1
6.922490160E0,4.378865242E0,-8.231309652E-1,8.566305161E0,9.655754217E0
6.924865733E0,-5.221138954E0,-4.977070987E-1,8.958727837E0,1.038107937E1
6.927241306E0,2.857030153E0,-8.566305041E-1,1.171525955E1,1.208899266E1
6.929616879E0,-7.465606928E-1,-8.374879360E-1,8.915657043E0,8.985971257E0
6.931992452E0,-1.679761529E0,1.292124242E-1,1.122712421E1,1.135282400E1
6.934368025E0,3.479164124E0,-7.130611539E-1,8.475378036E0,9.189399984E0
6.936743598E0,-5.321637630E0,-4.785645306E-1,9.547362328E0,1.094079424E1
6.939119170E0,4.110869408E0,-7.657032609E-1,1.144726372E1,1.218709955E1
6.941494743E0,-2.335394859E0,-5.264210105E-1,8.762516975E0,9.083660714E0
6.943870316E0,-4.642075896E-1,-9.092725813E-2,1.108355427E1,1.109364375E1
6.946245889E0,2.225325108E0,-8.566305041E-1,8.212167740E0,8.551349989E0
6.948621462E0,-4.364508629E0,-6.077769399E-1,1.071027374E1,1.158137695E1
6.950997035E0,4.594219685E0,-4.881358147E-1,1.066241741E1,1.162033890E1
6.953372608E0,-3.780659676E0,-2.344966233E-1,8.618947029E0,9.414596334E0
6.955748181E0,8.662018180E-1,-2.249253243E-1,1.123190975E1,1.126750610E1
6.958123754E0,8.757730722E-1,-9.571290612E-1,8.384450912E0,8.484226047E0
6.960499327E0,-3.196810961E0,-4.737788737E-1,1.123669529E1,1.169219345E1
6.962874900E0,4.694717884E0,-6.029912829E-1,9.657432556E0,1.075499782E1
6.965250473E0,-5.024927616E0,-2.871387079E-2,8.729017258E0,1.007206356E1
6.967626045E0,2.474178553E0,-5.599204898E-1,1.128933716E1,1.157083419E1
6.970001618E0,-3.062812984E-1,-6.987041831E-1,8.853444099E0,8.886251639E0
6.972377191E0,-2.277967215E0,-3.349951804E-1,1.115055370E1,1.138578958E1
6.974752764E0,4.125226021E0,-7.465606928E-1,8.776873589E0,9.726682506E0
6.977128337E0,-5.173282623E0,-3.062812984E-1,9.375079155E0,1.071208525E1
6.979503910E0,3.976871252E0,-5.072783828E-1,1.154297638E1,1.221937560E1
6.981879483E0,-1.990828395E0,-5.264210105E-1,8.571090698E0,8.814993621E0
6.984255056E0,-1.215553880E0,9.571290575E-3,1.116969585E1,1.123564721E1
6.986630629E0,3.297309637E0,-9.571290612E-1,8.312665939E0,8.993817982E0
6.989006254E0,-4.421936035E0,-5.407779217E-1,1.024128056E1,1.116824903E1
6.991381827E0,4.354937077E0,-5.551348329E-1,1.108355427E1,1.192136011E1
6.993757400E0,-3.144168854E0,-3.684946895E-1,8.513663292E0,9.083173937E0
6.996132973E0,-5.742774159E-2,-4.354937077E-1,1.106441212E1,1.107312820E1
6.998508545E0,2.407179594E0,-1.067198873E0,8.523234367E0,8.920703510E0
7.000884118E0,-3.742374659E0,-2.297109663E-1,1.100219822E1,1.162353220E1
7.003259691E0,4.436293125E0,-6.317051649E-1,1.017428207E1,1.111736317E1
7.005635264E0,-4.479363918E0,-3.589234054E-1,8.408378601E0,9.533853252E0
7.008010837E0,1.694118381E0,-7.034898400E-1,1.160519028E1,1.174927131E1
7.010386410E0,1.158126116E0,-8.087740541E-1,8.638090134E0,8.752826556E0
7.012761983E0,-3.354737282E0,-2.105683982E-1,1.108833981E1,1.158662509E1
7.015137556E0,4.091726780E0,-8.518448472E-1,9.346364975E0,1.023828140E1
7.017513129E0,-4.876572609E0,-5.551348329E-1,8.939585686E0,1.019830022E1
7.019888702E0,3.335594654E0,-5.072783828E-1,1.201675510E1,1.248142325E1
7.022264275E0,-7.800601721E-1,-5.072783828E-1,8.384450912E0,8.435925695E0
7.024639535E0,-2.837887764E0,-1.148554832E-1,1.112183952E1,1.147876793E1
7.027015420E0,3.852444410E0,-1.339980721E0,8.671588898E0,9.582970848E0
7.029390993E0,-4.393222332E0,-5.120640397E-1,9.920642853E0,1.086194120E1
7.031766566E0,3.799802303E0,-1.627119333E-1,1.185404301E1,1.244922923E1
7.034142139E0,-2.550748825E0,-3.062812984E-1,7.867600918E0,8.276428699E0
7.036517712E0,-1.914258122E0,-7.226324677E-1,1.126540947E1,1.144971757E1
7.038893285E0,3.933800459E0,-1.330409408E0,8.748159409E0,9.683752799E0
7.041268858E0,-4.354937077E0,3.349951655E-2,1.099262714E1,1.182389321E1
7.043644431E0,3.785445452E0,-3.302095234E-1,1.032742214E1,1.100428479E1
7.046020004E0,-4.235296249E0,-4.163511395E-1,8.456234932E0,9.466730788E0
7.048395577E0,4.833501875E-1,-1.172483087E0,1.148076344E1,1.155059622E1
7.050771150E0,2.694318295E0,-9.571290612E-1,8.958727837E0,9.403948722E0
7.053146723E0,-4.211368084E0,3.924229145E-1,1.107876873E1,1.185869864E1
7.055522348E0,3.584448338E0,-7.369893789E-1,9.504291534E0,1.018444799E1
7.057897920E0,-4.546362877E0,-8.518448472E-1,8.853444099E0,9.988920236E0
7.060273493E0,2.469393015E0,-4.546363056E-1,1.212203979E1,1.237935559E1
7.062649066E0,6.747759581E-1,-8.470591903E-1,8.336593628E0,8.406641730E0
7.065024639E0,-4.130012035E0,-9.571290575E-3,1.111226845E1,1.185493994E1
7.067400212E0,4.197010994E0,-9.140582681E-1,9.389435768E0,1.032530425E1
7.069775785E0,-4.345366001E0,-3.397808075E-1,9.198010445E0,1.017846024E1
7.072151358E0,2.766103029E0,-7.513462901E-1,1.167697430E1,1.202362574E1
7.074526931E0,-7.896314859E-1,-8.422735929E-1,8.346165657E0,8.425640858E0
7.076902504E0,-3.043670416E0,-2.967100143E-1,1.157169056E1,1.196895939E1
7.079278077E0,4.646861553E0,-9.332008362E-1,8.829515457E0,1.002120398E1
7.081653650E0,-4.838287354E0,-9.092725813E-2,9.662218094E0,1.080628293E1
7.084029223E0,3.144168854E0,-7.417750359E-1,1.131326580E1,1.176545839E1
7.086404795E0,-2.426322222E0,-8.662018180E-1,8.422736168E0,8.807941284E0
7.088780368E0,-9.714859724E-1,-3.924229145E-1,1.194497108E1,1.199083462E1
7.091155941E0,3.823730469E0,-8.374879360E-1,8.427521706E0,9.292223783E0
7.093531514E0,-5.020142078E0,-1.435693540E-2,1.013121128E1,1.130678887E1
7.095907087E0,3.603590965E0,-5.599204898E-1,1.074377346E1,1.134583831E1
7.098282660E0,-3.330809116E0,-6.987041831E-1,8.604590416E0,9.253186107E0
7.100658233E0,6.747759581E-1,-6.987041831E-1,1.155254745E1,1.159331112E1
7.103033806E0,2.507678032E0,-9.284151793E-1,8.394021988E0,8.809654306E0
7.105409379E0,-5.000999451E0,3.828516230E-2,1.091605663E1,1.200715427E1
7.107784952E0,4.359723091E0,-7.513462901E-1,9.934999466E0,1.087547337E1
7.110160525E0,-3.890729666E0,-2.488535494E-1,9.001798630E0,9.809795308E0
7.112536098E0,1.540977836E0,-6.795616150E-1,1.145204926E1,1.157522565E1
7.114911670E0,9.284151793E-1,-8.805587292E-1,8.145168304E0,8.245065502E0
7.117287243E0,-4.091726780E0,-3.828516304E-1,1.143769264E1,1.215358451E1
7.119662816E0,5.125426292E0,-6.699903607E-1,9.614361763E0,1.091580661E1
7.122038389E0,-4.709074974E0,-1.914258115E-2,8.944371223E0,1.010829017E1
7.124413962E0,2.244467735E0,-3.445664644E-1,1.136590767E1,1.159052279E1
7.126789535E0,-7.417750359E-1,-8.470591903E-1,8.240880966E0,8.317443031E0
7.129165160E0,-2.311466694E0,-5.647061467E-1,1.166261768E1,1.190287455E1
7.131540733E0,4.823930264E0,-7.130611539E-1,9.064012527E0,1.029247699E1
7.133916306E0,-5.268995285E0,1.866401732E-1,9.288937569E0,1.068089449E1
7.136291879E0,2.952743053E0,-4.642075896E-1,1.102134132E1,1.141946342E1
7.138667452E0,-1.627119422E0,-8.805587292E-1,8.666803360E0,8.862075478E0
7.141043025E0,-1.019342422E0,-3.206382394E-1,1.153340530E1,1.158280215E1
7.143418598E0,3.885943890E0,-7.657032609E-1,8.317451477E0,9.212321123E0
7.145794170E0,-5.465207100E0,1.435693540E-2,9.882357597E0,1.129290425E1
7.148169743E0,4.029513359E0,-6.699903607E-1,1.104526901E1,1.177641000E1
7.150545316E0,-2.627319336E0,-3.493520916E-1,8.772088051E0,9.163753737E0
7.152920889E0,-1.531406492E-1,-3.541377485E-1,1.117448139E1,1.118114037E1
7.155296462E0,2.469393015E0,-9.044869542E-1,8.202595711E0,8.613859466E0
7.157672035E0,-4.637290478E0,-4.450650215E-1,1.077248764E1,1.173665352E1
7.160047608E0,4.881358147E0,-4.833501875E-1,1.049970531E1,1.158900757E1
7.162423181E0,-4.101297855E0,-1.962114573E-1,8.729017258E0,9.646496013E0
7.164798754E0,9.379864931E-1,-9.092725813E-2,1.121276665E1,1.125229853E1
7.167174327E0,9.188438654E-1,-9.571290612E-1,8.240880966E0,8.347004803E0
7.169549900E0,-3.359523058E0,-6.221339107E-1,1.112662506E1,1.163938276E1
7.171925473E0,4.704289436E0,-6.029912829E-1,1.004985523E1,1.111276418E1
7.174301045E0,-4.914857864E0,-1.914258115E-2,8.690732002E0,9.984238429E0
7.176676618E0,2.062613010E0,-4.737788737E-1,1.115533924E1,1.135431338E1
7.179052191E0,-9.092725813E-2,-9.379864931E-1,8.752944946E0,8.803529500E0
7.181427712E0,-2.478964329E0,-3.254238665E-1,1.137547874E1,1.164700311E1
7.183803337E0,4.278367043E0,-7.226324677E-1,9.006584167E0,9.997258654E0
7.186178910E0,-5.379065514E0,-2.105683982E-1,9.016156197E0,1.050094079E1
7.188554483E0,3.574877024E0,-6.412764788E-1,1.168175983E1,1.223333536E1
7.190930056E0,-1.363908887E0,-5.934200287E-1,8.695517540E0,8.821815010E0
7.193305629E0,-1.703689694E0,-1.435693540E-2,1.118883896E1,1.131781260E1
7.195681202E0,3.565305710E0,-9.571290612E-1,8.518448830E0,9.283936197E0
7.198056775E0,-4.780859470E0,-6.364908218E-1,9.810572624E0,1.093202054E1
7.200432348E0,4.445864677E0,-4.737788737E-1,1.149033451E1,1.232955661E1
7.202807973E0,-2.785245657E0,-3.158525825E-1,8.590232849E0,9.036008888E0
7.205183545E0,-7.752745152E-1,-4.785645381E-2,1.102134132E1,1.104867890E1
7.207559118E0,2.962314367E0,-1.182054400E0,8.422736168E0,9.006389042E0
7.209934691E0,-3.972085476E0,-5.024927258E-1,1.060977554E1,1.134007491E1
7.212310264E0,4.436293125E0,-4.642075896E-1,1.093998528E1,1.181437528E1
7.214685837E0,-3.967299938E0,-2.297109663E-1,8.312665939E0,9.213720798E0
7.217061410E0,7.704889178E-1,-3.924229145E-1,1.129412270E1,1.132717336E1
7.219436983E0,2.163111687E0,-9.619147182E-1,8.575876236E0,8.896627749E0
7.221812556E0,-3.603590965E0,-3.876372576E-1,1.097348499E1,1.155653509E1
7.224188129E0,4.350151539E0,-6.077769399E-1,1.017428207E1,1.108193246E1
7.226563702E0,-4.618147850E0,-3.349951804E-1,8.456234932E0,9.640924259E0
7.228939275E0,2.550748825E0,-4.785645306E-1,1.169133186E1,1.197591685E1
7.231314848E0,6.173482537E-1,-6.939185858E-1,8.508877754E0,8.559418351E0
7.233690420E0,-3.326023579E0,-1.674975902E-1,1.107398319E1,1.156389173E1
7.236065993E0,4.230510235E0,-1.033699393E0,9.236295700E0,1.021150868E1
7.238441566E0,-4.407579422E0,-5.790630579E-1,9.150154114E0,1.017287524E1
7.240817139E0,3.598805189E0,1.244267747E-1,1.219382381E1,1.271440994E1
7.243192712E0,-1.244267821E0,-5.503492355E-1,7.867600918E0,7.984374170E0
7.245568285E0,-2.813959360E0,-8.135597110E-1,1.120319557E1,1.157980301E1
7.247943858E0,4.675575256E0,-1.143769264E0,9.049654961E0,1.025014473E1
7.250319431E0,-4.364508629E0,6.317051649E-1,1.036092186E1,1.126040358E1
7.252695004E0,3.158525944E0,-7.082754970E-1,1.054277611E1,1.102851161E1
7.255070525E0,-2.813959360E0,-8.183453679E-1,8.623732567E0,9.108063450E0
7.257446150E0,-8.374879360E-1,-5.838487148E-1,1.182532978E1,1.186931716E1
7.259821723E0,3.972085476E0,-9.667003751E-1,8.451449394E0,9.388235697E0
7.262197295E0,-4.742574692E0,4.115654826E-1,1.057627583E1,1.159823311E1
7.264572868E0,3.268595695E0,-6.843472719E-1,1.036570740E1,1.089035990E1
7.266948441E0,-3.723232031E0,-8.805587292E-1,8.451449394E0,9.277113629E0
7.269324014E0,1.153340459E0,-5.072783828E-1,1.211725426E1,1.218258496E1
7.271699587E0,2.172683001E0,-8.709874153E-1,8.250452042E0,8.576078905E0
7.274075160E0,-4.843072891E0,-1.435693540E-2,1.099262714E1,1.201221931E1
7.276450733E0,3.952943087E0,-6.412764788E-1,9.877572060E0,1.065849072E1
7.278826358E0,-4.302295208E0,-4.546363056E-1,8.772088051E0,9.780898067E0
7.281201931E0,1.976471543E0,-8.566305041E-1,1.160997581E1,1.180812407E1
7.283577504E0,4.259224236E-1,-9.523434043E-1,8.398807526E0,8.463352511E0
7.285953077E0,-4.115654945E0,-2.297109663E-1,1.166740322E1,1.237415374E1
7.288328650E0,4.622933388E0,-9.475577474E-1,9.044869423E0,1.020191363E1
7.290704223E0,-4.900500774E0,-5.742774159E-2,9.298508644E0,1.051096897E1
7.293079795E0,2.574677229E0,-6.652047038E-1,1.163390350E1,1.193395035E1
7.295455316E0,-1.502692580E0,-9.714859724E-1,8.283951759E0,8.475006002E0
7.297830941E0,-2.522035122E0,-7.226324677E-1,1.173918819E1,1.202877377E1
7.300206514E0,4.651647091E0,-9.379864931E-1,8.944371223E0,1.012518720E1
7.302582087E0,-5.297709465E0,-1.196411327E-1,9.719645500E0,1.107030028E1
7.304957660E0,3.043670416E0,-4.067798555E-1,1.118405342E1,1.159795027E1
7.307333233E0,-2.775674343E0,-8.183453679E-1,8.480163574E0,8.960314249E0
7.309708806E0,-6.891329288E-1,-8.614161611E-1,1.147119141E1,1.152411273E1
7.312084379E0,3.689732552E0,-1.081555843E0,8.652446747E0,9.468301012E0
7.314459952E0,-5.369493961E0,-9.092725813E-2,1.046142101E1,1.175929687E1
7.316835525E0,3.761517286E0,-6.317051649E-1,1.060499001E1,1.127004333E1
7.319211098E0,-3.273381472E0,-5.934200287E-1,8.939585686E0,9.538520106E0
7.321586670E0,4.689932466E-1,-6.795616150E-1,1.127498055E1,1.130517337E1
7.323962243E0,2.182254314E0,-9.858429432E-1,8.422736168E0,8.756517844E0
7.326337816E0,-4.694717884E0,-5.455635786E-1,1.106919765E1,1.203599403E1
7.328713389E0,4.914857864E0,-7.752745152E-1,1.019820976E1,1.134726226E1
7.331088910E0,-4.000799656E0,3.254238665E-1,9.040083885E0,9.891178657E0
7.333464535E0,1.186840057E0,-8.997012973E-1,1.097827053E1,1.107883006E1
7.335840108E0,6.508477330E-1,-1.249053478E0,8.341380119E0,8.459453863E0
7.338215681E0,-3.072384357E0,-2.727817893E-1,1.216032505E1,1.254541593E1
7.340591254E0,5.044070244E0,-5.599204898E-1,8.973084450E0,1.030885057E1
7.342966827E0,-4.948357105E0,8.614161611E-2,9.150154114E0,1.040283513E1
7.345342400E0,2.407179594E0,-1.172483087E0,1.129412270E1,1.160717182E1
7.347717973E0,-3.876372576E-1,-1.038485050E0,8.796015739E0,8.865585527E0
7.350093545E0,-1.593619823E0,6.029912829E-1,1.205982590E1,1.217959865E1
7.352469118E0,4.058227062E0,-1.000199914E0,7.977670670E0,9.006266489E0
7.354844691E0,-5.211567879E0,-8.709874153E-1,9.552147865E0,1.091616176E1
7.357220264E0,3.976871252E0,-3.062812984E-1,1.204068375E1,1.268413885E1
7.359595889E0,-2.134397745E0,-3.206382394E-1,8.446663857E0,8.718061305E0
7.361971410E0,-6.508477330E-1,-7.848458290E-1,1.083948612E1,1.088733416E1
7.364346983E0,2.933600664E0,-1.091127157E0,8.518448830E0,9.075270894E0
7.366722608E0,-4.613361835E0,-2.440679073E-1,1.133719349E1,1.224232955E1
7.369098181E0,4.780859470E0,-6.604190469E-1,1.004506969E1,1.114433469E1
7.371473754E0,-3.929014683E0,1.004985496E-1,8.934800148E0,9.761040417E0
7.373849327E0,7.752745152E-1,-7.992027402E-1,1.103569794E1,1.109172685E1
7.376224900E0,9.284151793E-1,-1.162911773E0,8.255238533E0,8.388282409E0
7.378600473E0,-3.129812002E0,-4.833501875E-1,1.211725426E1,1.252426450E1
7.380976045E0,4.833501816E0,-5.934200287E-1,9.107083321E0,1.032733527E1
7.383351618E0,-5.134997368E0,-4.785645381E-2,9.092725754E0,1.044261221E1
7.385727191E0,2.201396942E0,-4.881358147E-1,1.144726372E1,1.166723068E1
7.388102764E0,-8.422735929E-1,-1.048056364E0,8.623732567E0,8.727921306E0
7.390478337E0,-1.895115495E0,-4.307080805E-1,1.144247818E1,1.160634650E1
7.392853910E0,4.096512318E0,-7.657032609E-1,8.705088615E0,9.651232173E0
7.395229483E0,-5.594419479E0,-2.679961324E-1,9.647860527E0,1.115574130E1
7.397605056E0,3.426522017E0,-6.891329288E-1,1.128933716E1,1.181799860E1
7.399980629E0,-2.153540373E0,-6.317051649E-1,8.977870941E0,9.254131736E0
7.402356202E0,-6.221339107E-1,-3.110669553E-1,1.109791183E1,1.111968796E1
7.404731775E0,2.545963287E0,-7.944171429E-1,8.346165657E0,8.761935222E0
7.407107348E0,-4.938786030E0,-6.317051649E-1,1.056670475E1,1.168100630E1
7.409482920E0,4.680361271E0,-5.312066078E-1,1.071027374E1,1.170033870E1
7.411858493E0,-3.809373617E0,-9.092725813E-2,8.752944946E0,9.546394102E0
7.414234066E0,6.891329288E-1,-3.254238665E-1,1.113141060E1,1.115746866E1
7.416609639E0,7.800601721E-1,-1.024128079E0,8.298309326E0,8.397575237E0
7.418985212E0,-3.105883837E0,-6.029912829E-1,1.152861977E1,1.195488129E1
7.421360785E0,4.881358147E0,-6.173482537E-1,9.427721024E0,1.063441112E1
7.423736358E0,-4.996213913E0,4.307080805E-2,9.035298347E0,1.032475786E1
7.426111931E0,2.335394859E0,-2.249253243E-1,1.128455162E1,1.152587376E1
7.428487504E0,-5.694918036E-1,-7.896314859E-1,8.556734085E0,8.611941535E0
7.430863077E0,-1.818545222E0,-5.072783828E-1,1.116491032E1,1.132341205E1
7.433238650E0,4.354937077E0,-7.082754970E-1,8.810373306E0,9.853416104E0
7.435614223E0,-5.096712112E0,-2.440679073E-1,9.590433121E0,1.086335358E1
7.437989795E0,3.933800459E0,-5.120640397E-1,1.121755219E1,1.189833907E1
7.440365368E0,-1.895115495E0,7.178468257E-2,8.901300430E0,9.101085931E0
7.442740993E0,-6.939185858E-1,-5.694918036E-1,1.058106136E1,1.061907263E1
7.445116566E0,3.101098061E0,-9.762716293E-1,8.451449394E0,9.055214649E0
7.447492139E0,-4.125226021E0,-4.594219327E-1,1.105005455E1,1.180390884E1
7.449867712E0,5.096712112E0,-2.584248483E-1,1.028435135E1,1.148090329E1
7.452243285E0,-3.833301783E0,1.483550072E-1,8.657232285E0,9.469101467E0
7.454618858E0,8.518448472E-1,-9.858429432E-1,1.096869946E1,1.104580887E1
7.456994431E0,1.689332843E0,-1.038485050E0,8.551948547E0,8.778845061E0
7.459370004E0,-2.962314367E0,3.541377485E-1,1.204068375E1,1.240478879E1
7.461745577E0,4.627718925E0,-6.556333899E-1,8.628518105E0,9.813101562E0
7.464121150E0,-4.857429981E0,-5.599204898E-1,8.949156761E0,1.019782054E1
7.466496723E0,2.842673302E0,-5.503492355E-1,1.179661560E1,1.214676152E1
7.468872295E0,-5.647061467E-1,-5.503492355E-1,8.867800713E0,8.902789832E0
7.471247868E0,-1.756331801E0,-2.727817893E-1,1.082512951E1,1.097007476E1
7.473623441E0,3.713660717E0,-6.556333899E-1,8.762516975E0,9.539540597E0
7.475999014E0,-5.101497650E0,-5.168496966E-1,9.690931320E0,1.096387531E1
7.478374587E0,4.048655987E0,-6.987041831E-1,1.133240795E1,1.205418072E1
7.480750160E0,-2.565105915E0,-5.072783828E-1,8.752944946E0,9.135159820E0
7.483125733E0,-1.770688742E-1,-1.770688742E-1,1.125583744E1,1.125862262E1
7.485501306E0,1.837687731E0,-7.896314859E-1,8.140382767E0,8.382508316E0
7.487876879E0,-4.273581028E0,-6.652047038E-1,1.085384369E1,1.168383135E1
7.490252452E0,4.584648132E0,-5.694918036E-1,1.041356373E1,1.139234958E1
7.492628025E0,-4.230510235E0,-2.727817893E-1,8.676374435E0,9.656660919E0
7.495003598E0,1.071984529E0,-3.876372576E-1,1.141854954E1,1.147530771E1
7.497379170E0,5.742774159E-2,-1.033699393E0,8.432307243E0,8.495624628E0
7.499754743E0,-2.794816732E0,-2.679961324E-1,1.152383423E1,1.186092652E1
7.502130316E0,4.364508629E0,-6.604190469E-1,9.126225471E0,1.013770587E1
7.504505889E0,-5.431707382E0,-2.297109663E-1,9.078369141E0,1.058172946E1
7.506881462E0,2.660818815E0,-6.317051649E-1,1.163868904E1,1.195567191E1
7.509257035E0,-1.316052437E0,-8.183453679E-1,8.829515457E0,8.964486955E0
7.511632608E0,-1.426122308E0,-2.871387303E-1,1.124148083E1,1.133521789E1
7.514008181E0,3.287738323E0,-7.178468108E-1,8.542376518E0,9.181324736E0
7.516383754E0,-5.431707382E0,-1.866401732E-1,1.004985523E1,1.142531706E1
7.518759327E0,4.187439442E0,-6.795616150E-1,1.103091240E1,1.181852281E1
7.521134900E0,-3.081955671E0,-6.077769399E-1,8.604590416E0,9.160066582E0
7.523510473E0,8.614161611E-2,-3.637090325E-1,1.154776192E1,1.155380933E1
7.525886045E0,1.713261008E0,-9.427721500E-1,8.178668022E0,8.409202889E0
7.528261670E0,-3.981656790E0,-3.780659735E-1,1.121276665E1,1.190473270E1
7.530637191E0,4.723432064E0,-5.407779217E-1,9.882357597E0,1.096650550E1
7.533012816E0,-4.455435753E0,-2.009970993E-1,8.757730484E0,9.827977962E0
7.535388389E0,1.540977836E0,-6.604190469E-1,1.157169056E1,1.169250993E1
7.537763962E0,2.344966233E-1,-1.182054400E0,8.537590981E0,8.622221351E0
7.540139535E0,-2.182254314E0,1.196411327E-1,1.185882950E1,1.205853992E1
7.542515108E0,4.053441525E0,-6.747759581E-1,8.551948547E0,9.487967893E0
7.544890681E0,-5.254638672E0,-7.800601721E-1,9.399007797E0,1.079634517E1
7.547266254E0,3.455235958E0,-6.891329288E-1,1.171525955E1,1.223359580E1
7.549641827E0,-1.478764415E0,-2.009970993E-1,9.102297783E0,9.223826156E0
7.552017400E0,-1.167697430E0,-5.647061467E-1,1.070070267E1,1.077902815E1
7.554392973E0,2.818745136E0,-1.043270707E0,8.595019341E0,9.105388261E0
7.556768545E0,-4.465006828E0,-8.470591903E-1,1.072941685E1,1.165221786E1
7.559144118E0,4.766502857E0,-1.292124242E-1,1.097348499E1,1.196468212E1
7.561519691E0,-3.909872293E0,-1.770688742E-1,8.370093346E0,9.239963060E0
7.563895264E0,5.838487148E-1,-9.523434043E-1,1.118405342E1,1.123970143E1
7.566270837E0,1.196411371E0,-1.330409408E0,8.451449394E0,8.638772264E0
7.568646410E0,-3.144168854E0,4.498506486E-1,1.239482117E1,1.279530207E1
7.571021983E0,4.646861553E0,-8.805587292E-1,8.633303642E0,9.843913741E0
7.573397556E0,-5.125426292E0,-7.369893789E-1,8.867800713E0,1.026893556E1
7.575773129E0,2.603390932E0,-4.546363056E-1,1.195932770E1,1.224785114E1
7.578148702E0,-1.048056364E0,-8.949156404E-1,8.772088051E0,8.879686082E0
7.580524275E0,-1.296909928E0,-3.828516230E-2,1.116491032E1,1.124004731E1
7.582899848E0,3.326023579E0,-5.886343718E-1,8.556734085E0,9.199272877E0
7.585275420E0,-5.134997368E0,-6.891329288E-1,9.815358162E0,1.109884490E1
7.587650993E0,4.015156269E0,-7.034898400E-1,1.105005455E1,1.177794903E1
7.590026566E0,-2.842673302E0,-1.866401732E-1,9.087940216E0,9.523984640E0
7.592402139E0,2.297109663E-1,-2.249253243E-1,1.101177025E1,1.101646234E1
7.594777712E0,1.229910851E0,-7.848458290E-1,8.365307808E0,8.491586330E0
7.597153285E0,-3.866801500E0,-9.523434043E-1,1.093041420E1,1.163327410E1
7.599528858E0,4.881358147E0,-4.977070987E-1,1.000199890E1,1.114070697E1
7.601904431E0,-4.460221291E0,3.684946895E-1,9.025727272E0,1.007437914E1
7.604280004E0,1.622333765E0,-6.125625968E-1,1.100219822E1,1.113802341E1
7.606655577E0,-8.183453679E-1,-1.225125194E0,8.494520187E0,8.621339461E0
7.609031098E0,-1.406979680E0,1.244267747E-1,1.194018459E1,1.202343886E1
7.611406723E0,3.919443607E0,-4.977070987E-1,8.140382767E0,9.048512703E0
7.613782295E0,-5.335994720E0,-6.843472719E-1,9.690931320E0,1.108401194E1
7.616157868E0,3.565305710E0,-4.019941986E-1,1.122233772E1,1.178192973E1
7.618533441E0,-2.608176708E0,3.828516230E-2,8.901300430E0,9.275624014E0
7.620909014E0,8.614161611E-2,-6.699903607E-1,1.067677498E1,1.069812280E1
7.623284587E0,1.737189293E0,-8.805587292E-1,8.700303078E0,8.915631439E0
7.625660212E0,-4.163511276E0,-5.216353536E-1,1.101177025E1,1.178414246E1
7.628035733E0,4.747360229E0,-6.699903607E-1,9.446864128E0,1.059384529E1
7.630411358E0,-4.369294167E0,3.589234054E-1,9.403793335E0,1.037549452E1
7.632786931E0,1.804188251E0,-5.886343718E-1,1.103569794E1,1.119768791E1
7.635162504E0,-9.714859724E-1,-1.249053478E0,8.408378601E0,8.555977459E0
7.637538077E0,-1.909472466E0,-1.100698411E-1,1.186361504E1,1.201680333E1
7.639913650E0,4.173082829E0,-6.364908218E-1,8.355736732E0,9.361521094E0
7.642289223E0,-4.972285271E0,-7.322037220E-1,9.858428955E0,1.106563891E1
7.644664795E0,3.297309637E0,-4.785645306E-1,1.100698376E1,1.150021592E1
7.647040368E0,-3.029313564E0,-7.561319470E-1,8.690732002E0,9.234570858E0
7.649415941E0,8.805587292E-1,-2.727817893E-1,1.159561825E1,1.163220341E1
7.651791514E0,1.526620865E0,-5.982056856E-1,8.422736168E0,8.580845288E0
7.654167087E0,-4.197010994E0,-8.949156404E-1,1.078205872E1,1.160467860E1
7.656542608E0,4.369294167E0,-9.188438654E-1,9.528220177E0,1.052245149E1
7.658918181E0,-4.058227062E0,-3.493520916E-1,9.801001549E0,1.061371213E1
7.661293806E0,2.651247501E0,-3.924229145E-1,1.101177025E1,1.133323401E1
7.663669379E0,-1.454836130E0,-5.790630579E-1,8.839086533E0,8.976709471E0
7.666044952E0,-2.277967215E0,-4.307080805E-1,1.093998528E1,1.118292993E1
7.668420525E0,4.307080746E0,-1.095912814E0,8.915657043E0,9.961973196E0
7.670796098E0,-4.354937077E0,-7.082754970E-1,1.021735287E1,1.112930504E1
7.673171670E0,3.517449379E0,-3.637090325E-1,1.095434189E1,1.151096610E1
7.675547243E0,-3.570091486E0,-5.216353536E-1,8.465806961E0,9.202583559E0
7.677922816E0,6.173482537E-1,-6.317051649E-1,1.142812061E1,1.146220359E1
7.680298389E0,2.282752752E0,-8.231309652E-1,8.901300430E0,9.226139716E0
7.682673962E0,-3.838087559E0,-4.929214716E-1,1.076770210E1,1.144190964E1
7.685049535E0,4.005585194E0,-6.173482537E-1,9.576076508E0,1.039841685E1
7.687425108E0,-4.398007870E0,-6.508477330E-1,9.073583603E0,1.010425630E1
7.689800681E0,3.115455151E0,-2.632105052E-1,1.184925747E1,1.225480490E1
7.692176254E0,-7.082754970E-1,-3.445664644E-1,8.528019905E0,8.564315719E0
7.694551827E0,-2.813959360E0,-7.082754970E-1,1.083470058E1,1.121653949E1
7.696927400E0,4.364508629E0,-1.124626637E0,8.762516975E0,9.853701050E0
7.699302973E0,-4.120440483E0,-1.244267747E-1,1.063848972E1,1.140924955E1
7.701678545E0,3.828516245E0,-2.297109663E-1,1.054756260E1,1.122325178E1
7.704054118E0,-3.340380430E0,-2.249253243E-1,8.647661209E0,9.273121223E0
7.706429691E0,-2.105683982E-1,-6.221339107E-1,1.106441212E1,1.108388944E1
7.708805264E0,3.072384357E0,-1.067198873E0,8.781659126E0,9.364614038E0
7.711180837E0,-3.680161238E0,-2.392822653E-1,1.120319557E1,1.179459341E1
7.713556410E0,4.235296249E0,-2.201396823E-1,9.595218658E0,1.049068239E1
7.715931983E0,-4.780859470E0,-3.062812984E-1,8.590232849E0,9.835777850E0
7.718307556E0,2.517249346E0,-6.269195080E-1,1.170090294E1,1.198501990E1
7.720683181E0,5.982056856E-1,-7.130611539E-1,8.729017258E0,8.778499219E0
7.723058754E0,-2.914458036E0,-1.962114573E-1,1.107876873E1,1.145738544E1
7.725434275E0,4.249652863E0,-6.747759581E-1,8.781659126E0,9.779182433E0
7.727809848E0,-4.785645485E0,-4.163511395E-1,9.729216576E0,1.085050258E1
7.730185473E0,3.871587038E0,-3.206382394E-1,1.147597694E1,1.211569403E1
7.732561045E0,-2.081755638E0,-5.216353536E-1,8.623732567E0,8.886763942E0
7.734936618E0,-1.430907965E0,-3.206382394E-1,1.105484104E1,1.115167328E1
7.737312191E0,3.407379389E0,-1.186840057E0,8.523234367E0,9.255503644E0
7.739687764E0,-4.039084435E0,-3.302095234E-1,1.092084217E1,1.164852073E1
7.742063337E0,4.139583111E0,-4.211367965E-1,1.036570740E1,1.116966402E1
7.744438910E0,-4.264009953E0,-4.019941986E-1,8.408378601E0,9.436324015E0
7.746814483E0,8.901300430E-1,-6.652047038E-1,1.155733299E1,1.161063197E1
7.749190056E0,1.603191137E0,-1.033699393E0,8.824729919E0,9.028544424E0
7.751565629E0,-3.412165165E0,-3.493520916E-1,1.122712421E1,1.173938823E1
7.753941202E0,4.053441525E0,-5.264210105E-1,9.164510727E0,1.003472791E1
7.756316775E0,-5.374279499E0,-2.679961324E-1,9.006584167E0,1.049158045E1
7.758692348E0,3.105883837E0,-7.800601721E-1,1.173440266E1,1.216351980E1
7.761067920E0,-8.327022791E-1,-1.000199914E0,8.609375954E0,8.707189401E0
7.763443493E0,-2.474178553E0,-3.349951804E-1,1.137547874E1,1.164625682E1
7.765819066E0,3.751945972E0,-9.427721500E-1,8.427521706E0,9.273027553E0
7.768194639E0,-4.977071285E0,-3.972085714E-1,1.029870892E1,1.144519194E1
7.770570212E0,3.957728624E0,-4.833501875E-1,1.103569794E1,1.173387712E1
7.772945785E0,-3.072384357E0,-5.694918036E-1,8.504091263E0,9.059990881E0
7.775321306E0,-8.231309652E-1,-7.417750359E-1,1.131326580E1,1.136739890E1
7.777696879E0,2.732603550E0,-1.301695466E0,8.556734085E0,9.076300538E0
7.780072504E0,-3.790230989E0,3.541377485E-1,1.139940739E1,1.201822588E1
7.782448077E0,3.842873096E0,-6.604190469E-1,9.470791817E0,1.024205666E1
7.784823650E0,-4.685146809E0,-9.332008362E-1,8.542376518E0,9.787423614E0
7.787199223E0,1.971685886E0,-4.833501875E-1,1.209332561E1,1.226253225E1
7.789574795E0,7.896314859E-1,-4.307080805E-1,8.733802795E0,8.779996504E0
7.791950368E0,-3.306880951E0,-5.790630579E-1,1.061934662E1,1.113738292E1
7.794325941E0,4.043870449E0,-1.000199914E0,9.087940216E0,9.997196880E0
7.796701514E0,-4.733003139E0,-5.886343718E-1,9.671789169E0,1.078384509E1
7.799077087E0,3.991228104E0,-1.292124242E-1,1.174397373E1,1.240433459E1
7.801452660E0,-2.143969059E0,-3.684946895E-1,8.164310455E0,8.449163087E0
7.803828181E0,-1.564906001E0,-8.087740541E-1,1.107398319E1,1.121321319E1
7.806203806E0,3.689732552E0,-1.258624673E0,8.489734650E0,9.342047784E0
7.808579379E0,-4.024727821E0,5.168496966E-1,1.162433243E1,1.231221637E1
7.810954952E0,4.101297855E0,-7.130611539E-1,9.633503914E0,1.049445082E1
7.813330525E0,-3.871587038E0,-9.284151793E-1,8.532805443E0,9.415939128E0
7.815706098E0,1.148554921E0,-3.062812984E-1,1.185404301E1,1.191349328E1
7.818081670E0,1.708475351E0,-5.790630579E-1,8.618947029E0,8.805705533E0
7.820457243E0,-3.311666489E0,-3.876372576E-1,1.077248764E1,1.127669666E1
7.822832816E0,4.225724697E0,-8.279166222E-1,9.504291534E0,1.043425861E1
7.825208441E0,-4.594219685E0,-5.742774606E-1,8.934800148E0,1.006316564E1
7.827583962E0,3.077169895E0,-2.967100143E-1,1.205025482E1,1.244048442E1
7.829959535E0,-7.992027402E-1,-4.211367965E-1,8.312665939E0,8.361608472E0
7.832335108E0,-1.976471543E0,-5.359922647E-1,1.103091240E1,1.121939195E1
7.834710681E0,3.771088600E0,-1.158126116E0,8.542376518E0,9.409280627E0
7.837086254E0,-4.618147850E0,-4.737788737E-1,1.066720295E1,1.163361400E1
7.839461879E0,4.417150497E0,-4.115654826E-1,1.064806080E1,1.153524180E1
7.841837452E0,-3.426522017E0,-9.571290575E-3,8.800801277E0,9.444323579E0
7.844213025E0,-7.178468257E-2,-5.312066078E-1,1.114098263E1,1.115387051E1
7.846588598E0,1.727617979E0,-1.272981644E0,8.303094864E0,8.575927382E0
7.848964170E0,-3.330809116E0,-4.259224236E-1,1.170090294E1,1.217320126E1
7.851339743E0,4.551148891E0,-5.455635786E-1,9.451649666E0,1.050448843E1
7.853715316E0,-5.173282623E0,7.657032460E-2,8.934800148E0,1.032469708E1
7.856090889E0,2.067398787E0,-3.062812984E-1,1.138026428E1,1.157058171E1
7.858466462E0,-4.354937077E-1,-9.667003751E-1,8.609375954E0,8.674417485E0
7.860842035E0,-2.182254314E0,-7.513462901E-1,1.118405342E1,1.141971130E1
7.863217608E0,3.948157310E0,-7.896314859E-1,8.997013092E0,9.856860992E0
7.865593181E0,-5.536991596E0,-2.392822690E-2,9.915857315E0,1.135707158E1
7.867968754E0,3.742374659E0,-5.647061467E-1,1.090170002E1,1.153998806E1
7.870344327E0,-2.526820660E0,-5.551348329E-1,8.915657043E0,9.283422744E0
7.872719900E0,-7.561319470E-1,-3.589234054E-1,1.122233772E1,1.125350725E1
7.875095473E0,2.445464849E0,-1.081555843E0,8.427521706E0,8.841560013E0
7.877471045E0,-4.498506546E0,-5.694918036E-1,1.099262714E1,1.189111995E1
7.879846618E0,4.551148891E0,-5.168496966E-1,1.027956581E1,1.125386881E1
7.882222191E0,-4.240081787E0,4.785645287E-3,8.886942863E0,9.846627337E0
7.884597764E0,7.944171429E-1,-3.254238665E-1,1.136590767E1,1.139828305E1
7.886973337E0,6.460621357E-1,-1.292124271E0,8.303094864E0,8.427832802E0
7.889348910E0,-2.890529871E0,-5.455635786E-1,1.157169056E1,1.193971628E1
7.891724483E0,4.618147850E0,-7.369893789E-1,9.355937004E0,1.045963671E1
7.894100056E0,-5.426921844E0,-1.100698411E-1,9.212367058E0,1.069258168E1
7.896475629E0,2.732603550E0,-5.216353536E-1,1.137547874E1,1.171071058E1
7.898851202E0,-9.858429432E-1,-1.014556766E0,8.733802795E0,8.847628101E0
7.901226775E0,-1.560120344E0,-3.206382394E-1,1.146162033E1,1.157175548E1
7.903602348E0,3.718446493E0,-8.327022791E-1,8.614161491E0,9.419342631E0
7.905977920E0,-5.273781300E0,-4.785645306E-1,9.834501266E0,1.116956617E1
7.908353493E0,4.187439442E0,-6.077769399E-1,1.119362450E1,1.196667336E1
7.910729066E0,-2.766103029E0,-5.072783828E-1,8.676374435E0,9.120752747E0
7.913104639E0,-2.392822690E-2,-1.435693651E-1,1.152861977E1,1.152953852E1
7.915480212E0,2.091326952E0,-1.000199914E0,8.145168304E0,8.468637139E0
7.917855785E0,-3.986442566E0,-8.279166222E-1,1.080120182E1,1.154309885E1
7.920231358E0,4.819144726E0,-5.647061467E-1,1.039442158E1,1.147113982E1
7.922606931E0,-4.182653904E0,-2.536391914E-1,8.882157326E0,9.820979853E0
7.924982504E0,1.555334687E0,-2.105683982E-1,1.135155106E1,1.145954259E1
7.927358077E0,3.493520916E-1,-1.105484009E0,8.417949677E0,8.497412461E0
7.929733650E0,-2.584248543E0,-2.871387303E-1,1.139462185E1,1.168752310E1
7.932109223E0,4.450650215E0,-8.853443861E-1,9.226723671E0,1.028224449E1
7.934484743E0,-5.024927616E0,-6.029912829E-1,9.044869423E0,1.036451441E1
7.936860368E0,3.105883837E0,-5.264210105E-1,1.181575775E1,1.222848170E1
7.939235941E0,-9.284151793E-1,-3.445664644E-1,8.676374435E0,8.732706003E0
7.941611514E0,-1.899901152E0,-4.163511395E-1,1.094477081E1,1.111624850E1
7.943987087E0,3.751945972E0,-1.239482164E0,8.700303078E0,9.555557977E0
7.946362712E0,-4.914857864E0,-6.843472719E-1,1.002592659E1,1.118674944E1
7.948738233E0,4.441078663E0,-1.244267747E-1,1.170568848E1,1.252045544E1
7.951113858E0,-3.196810961E0,-3.397808075E-1,7.968099594E0,8.592186128E0
7.953489431E0,-6.891329288E-1,-6.604190469E-1,1.142812061E1,1.146791168E1
7.955864952E0,2.813959360E0,-1.464407444E0,8.307880402E0,8.892903531E0
7.958240577E0,-3.924229145E0,2.344966233E-1,1.179661560E1,1.243441606E1
7.960616150E0,4.177868366E0,-4.977070987E-1,9.623932838E0,1.050344609E1
7.962991723E0,-4.536791801E0,-7.130611539E-1,8.537590981E0,9.694400230E0
7.965367295E0,1.210768223E0,-6.077769399E-1,1.186361504E1,1.194071665E1
7.967742868E0,1.038485050E0,-1.201196909E0,8.489734650E0,8.636950830E0
7.970118441E0,-3.172882795E0,4.307080805E-1,1.154297638E1,1.197885631E1
7.972494014E0,3.823730469E0,-8.183453679E-1,8.973084450E0,9.788097281E0
7.974869587E0,-5.273781300E0,-8.949156404E-1,8.781659126E0,1.028256681E1
7.977245160E0,3.144168854E0,-2.488535494E-1,1.232303619E1,1.272025734E1
7.979620733E0,-9.954141974E-1,-5.024927258E-1,8.260024071E0,8.334947271E0
7.981996306E0,-2.502892494E0,-6.460621357E-1,1.106919765E1,1.136701385E1
7.984371879E0,3.785445452E0,-1.143769264E0,8.547162056E0,9.417631582E0
7.986747452E0,-5.096712112E0,-3.014956415E-1,1.049970531E1,1.167523814E1
7.989123025E0,4.311866283E0,-4.163511395E-1,1.082991505E1,1.166415874E1
7.991498598E0,-3.259024382E0,-1.770688742E-1,8.714659691E0,9.305798560E0
7.993874170E0,-6.795616150E-1,-5.216353536E-1,1.118883896E1,1.122158744E1
7.996249743E0,2.445464849E0,-1.330409408E0,8.183453560E0,8.644026821E0
7.998625316E0,-3.881158352E0,-3.302095234E-1,1.151904774E1,1.215980630E1
8.001000889E0,4.594219685E0,-5.120640397E-1,9.824930191E0,1.085809916E1
8.003376462E0,-4.761716843E0,-6.221338734E-2,8.681160927E0,9.901533863E0
8.005752035E0,1.383051515E0,-3.254238665E-1,1.148554897E1,1.157309671E1
8.008127608E0,1.000199914E0,-1.205982566E0,8.408378601E0,8.553106133E0
8.010503181E0,-2.823530674E0,-4.977070987E-1,1.128933716E1,1.164771099E1
8.012878754E0,4.484149456E0,-6.029912829E-1,9.336793900E0,1.037530314E1
8.015254327E0,-5.297709465E0,-1.244267747E-1,9.035298347E0,1.047462762E1
8.017629900E0,3.282952785E0,-5.551348329E-1,1.144247818E1,1.191705755E1
8.020005473E0,-6.843472719E-1,-7.561319470E-1,8.685946465E0,8.745612197E0
8.022381045E0,-1.794616938E0,-2.823530734E-1,1.124626637E1,1.139205339E1
8.024756618E0,3.981656790E0,-9.188438654E-1,8.561519623E0,9.486700327E0
8.027132191E0,-4.838287354E0,-3.732803464E-1,1.000678444E1,1.112133524E1
8.029507764E0,4.589433670E0,-3.780659735E-1,1.102612686E1,1.194911331E1
8.031883337E0,-2.866601467E0,-3.780659735E-1,8.575876236E0,9.050192875E0
8.034258910E0,-3.493520916E-1,-2.871387079E-2,1.131805134E1,1.132347815E1
8.036634483E0,2.804388046E0,-1.158126116E0,8.193024635E0,8.736790091E0
8.039010056E0,-3.718446493E0,-4.354937077E-1,1.093041420E1,1.155380689E1
8.041385629E0,4.565505505E0,-4.211367965E-1,1.028913784E1,1.126443759E1
8.043761202E0,-4.321437836E0,-1.818545163E-1,8.580661774E0,9.609144213E0
8.046136775E0,1.368694544E0,-3.924229145E-1,1.145683479E1,1.154497224E1
8.048512348E0,1.249053478E0,-1.095912814E0,8.518448830E0,8.679005124E0
8.050887920E0,-3.053241730E0,-1.531406492E-1,1.126540947E1,1.167283974E1
8.053263493E0,4.307080746E0,-5.312066078E-1,9.288937569E0,1.025268190E1
8.055639066E0,-5.240281582E0,-3.828516304E-1,8.757730484E0,1.021298045E1
8.058014639E0,3.196810961E0,-5.072783828E-1,1.182532978E1,1.226031631E1
8.060390160E0,-8.183453679E-1,-6.125625968E-1,8.518448830E0,8.579562491E0
8.062765785E0,-2.383251429E0,9.571290575E-3,1.118883896E1,1.143984686E1
8.065141358E0,3.713660717E0,-9.714859724E-1,8.571090698E0,9.391413987E0
8.067516931E0,-4.953142643E0,-6.843472719E-1,9.796216011E0,1.099853633E1
8.069892504E0,4.086941242E0,-3.637090325E-1,1.149990559E1,1.220996321E1
8.072268077E0,-2.794816732E0,-2.488535494E-1,8.513663292E0,8.964116873E0
8.074643702E0,-1.359123230E0,-7.657032460E-2,1.117448139E1,1.125709169E1
8.077019275E0,2.928814888E0,-1.330409408E0,8.312665939E0,8.913381000E0
8.079394848E0,-4.206582069E0,-4.307080805E-1,1.069113159E1,1.149700556E1
8.081770420E0,4.043870449E0,-4.307080805E-1,1.062891865E1,1.138034750E1
8.084145941E0,-4.493721008E0,-2.392822653E-1,8.279166222E0,9.423129938E0
8.086521566E0,6.891329288E-1,-3.206382394E-1,1.152861977E1,1.155364820E1
8.088897139E0,1.617548108E0,-1.019342422E0,8.504091263E0,8.716369030E0
8.091272712E0,-3.780659676E0,-3.684946895E-1,1.096869946E1,1.160782252E1
8.093648285E0,3.900300980E0,-6.460621357E-1,9.676574707E0,1.045303028E1
8.096023858E0,-5.053641319E0,-5.838487148E-1,8.657232285E0,1.004130672E1
8.098399431E0,2.679961443E0,-4.067798555E-1,1.197368431E1,1.227667623E1
8.100775004E0,-2.105683982E-1,-3.302095234E-1,8.408378601E0,8.417494169E0
8.103150577E0,-3.302095175E0,-5.168496966E-1,1.079641533E1,1.130192683E1
8.105526150E0,4.177868366E0,-1.105484009E0,8.977870941E0,9.963877037E0
8.107901723E0,-4.637290478E0,-4.307080805E-1,9.882357597E0,1.092478668E1
8.110277295E0,3.785445452E0,-5.742774159E-2,1.148076344E1,1.208887192E1
8.112652816E0,-2.344966173E0,-3.541377485E-1,8.212167740E0,8.547747006E0
8.115028441E0,-1.962114573E0,-7.130611539E-1,1.105962658E1,1.125494069E1
8.117404014E0,4.268795490E0,-1.464407444E0,8.834300995E0,9.920281154E0
8.119779587E0,-4.082155228E0,4.259224236E-1,1.095434189E1,1.169799160E1
8.122155160E0,3.522234917E0,-5.072783828E-1,1.011206818E1,1.071995303E1
8.124530733E0,-3.661018610E0,-9.954141974E-1,8.413164139E0,9.229043153E0
8.126906254E0,6.173482537E-1,-4.546363056E-1,1.191147137E1,1.193612010E1
8.129281879E0,3.038884640E0,-5.886343718E-1,8.642875671E0,9.180447165E0
8.131657452E0,-4.331008911E0,-2.632105052E-1,1.036570740E1,1.123720641E1
8.134033025E0,4.019941807E0,-1.057627559E0,1.004028416E1,1.086672969E1
8.136408598E0,-4.058227062E0,-7.274180651E-1,8.690732002E0,9.619104255E0
8.138784170E0,2.641676188E0,1.196411327E-1,1.241874981E1,1.269716952E1
8.141159743E0,5.216353536E-1,-8.135597110E-1,7.762316704E0,7.822246701E0
8.143535316E0,-3.704089403E0,-8.183453679E-1,1.109791183E1,1.172832531E1
8.145910889E0,4.733003139E0,-1.110269666E0,9.226723671E0,1.042911536E1
8.148286462E0,-4.182653904E0,2.057827413E-1,1.021256733E1,1.103782006E1
8.150662035E0,3.048455954E0,-5.120640397E-1,1.095434189E1,1.138213071E1
8.153037608E0,-1.478764415E0,-1.004985452E0,8.346165657E0,8.535526998E0
8.155413181E0,-2.057827473E0,-7.704889178E-1,1.148554897E1,1.169385062E1
8.157788754E0,4.570291042E0,-9.714859724E-1,9.001798630E0,1.014217550E1
8.160164327E0,-4.680361271E0,4.594219327E-1,1.017428207E1,1.120860678E1
8.162539900E0,3.436093330E0,-6.747759581E-1,1.075334454E1,1.130913253E1
8.164915473E0,-3.153740168E0,-1.201196909E0,8.283951759E0,8.944987860E0
8.167291045E0,1.818545163E-1,-9.571290761E-2,1.224168110E1,1.224340590E1
8.169666618E0,2.952743053E0,-6.221339107E-1,8.279166222E0,8.811942775E0
8.172042191E0,-4.680361271E0,-5.072783828E-1,1.043270683E1,1.144571906E1
8.174417764E0,3.991228104E0,-7.992027402E-1,1.015513897E1,1.094054269E1
8.176793337E0,-4.120440483E0,-6.508477330E-1,9.030512810E0,9.947451641E0
8.179168910E0,2.388036966E0,1.339980662E-1,1.192104244E1,1.215861542E1
8.181544483E0,1.004985496E-1,-6.795616150E-1,8.015955925E0,8.045337366E0
8.183920056E0,-3.881158352E0,-6.604190469E-1,1.110269737E1,1.178004382E1
8.186295629E0,4.637290478E0,-1.000199914E0,9.236295700E0,1.038335308E1
8.188671202E0,-4.311866283E0,2.392822653E-1,1.002114105E1,1.091204448E1
8.191046775E0,2.742174864E0,-3.302095234E-1,1.097348499E1,1.131573834E1
8.193422348E0,-1.861616015E0,-8.087740541E-1,8.293522835E0,8.538281482E0
8.195797920E0,-2.100898266E0,-7.752745152E-1,1.127019501E1,1.149052303E1
8.198173493E0,4.421936035E0,-9.044869542E-1,9.102297783E0,1.015989369E1
8.200549066E0,-4.733003139E0,6.077769399E-1,1.019342422E1,1.125507037E1
8.202924639E0,3.249453068E0,-6.891329288E-1,1.046620655E1,1.098067981E1
8.205300212E0,-3.359523058E0,-1.167697430E0,8.307880402E0,9.037189233E0
8.207675785E0,6.460621357E-1,4.785645381E-2,1.236610699E1,1.238306459E1
8.210051358E0,2.383251429E0,-6.556333899E-1,8.049455643E0,8.420420337E0
8.212426931E0,-4.618147850E0,-6.604190469E-1,1.051884842E1,1.150693769E1
8.214802504E0,4.206582069E0,-6.604190469E-1,9.987641335E0,1.085746128E1
8.217178077E0,-4.393222332E0,-4.833501875E-1,9.159725189E0,1.017028001E1
8.219553702E0,2.565105915E0,-1.531406492E-1,1.158126163E1,1.186291876E1
8.221929275E0,-2.632105052E-1,-5.503492355E-1,8.341380119E0,8.363658670E0
8.224304848E0,-3.541377544E0,-7.513462901E-1,1.100698376E1,1.158704309E1
8.226680420E0,4.637290478E0,-1.249053478E0,9.107083321E0,1.029580323E1
8.229055993E0,-4.264009953E0,-4.785645287E-3,1.034177971E1,1.118634039E1
8.231431566E0,3.134597778E0,-3.493520916E-1,1.079641533E1,1.124768128E1
8.233807087E0,-2.435893536E0,-6.460621357E-1,8.446663857E0,8.814596072E0
8.236182712E0,-1.593619823E0,-1.043270707E0,1.120798111E1,1.136867972E1
8.238558285E0,4.369294167E0,-1.177268744E0,9.102297783E0,1.016506361E1
8.240933858E0,-4.474578381E0,4.929214716E-1,1.059063339E1,1.150766436E1
8.243309431E0,3.182454109E0,-8.805587292E-1,1.018863869E1,1.071035742E1
8.245685004E0,-3.613162279E0,-1.263410330E0,8.494520187E0,9.317082190E0
8.248060577E0,1.349551916E0,-7.657032460E-2,1.245224857E1,1.252540011E1
8.250436150E0,1.938186288E0,-8.374879360E-1,7.977670670E0,8.252343997E0
8.252811723E0,-4.651647091E0,-7.848458290E-1,1.073420238E1,1.172505456E1
8.255187295E0,4.441078663E0,-9.332008362E-1,9.877572060E0,1.087016436E1
8.257562868E0,-4.287938118E0,-4.498506486E-1,9.379864693E0,1.032330570E1
8.259938441E0,2.474178553E0,-4.259224236E-1,1.137069321E1,1.164455381E1
8.262314014E0,-4.067798555E-1,-8.087740541E-1,8.676374435E0,8.723477441E0
8.264689587E0,-3.316452265E0,-3.924229145E-1,1.107876873E1,1.157116969E1
8.267065160E0,4.498506546E0,-1.330409408E0,9.064012527E0,1.020602143E1
8.269440733E0,-4.436293125E0,-4.546363056E-1,9.882357597E0,1.084197319E1
8.271816306E0,3.273381472E0,-4.115654826E-1,1.146162033E1,1.192699262E1
8.274191879E0,-2.373680115E0,-6.460621357E-1,8.293522835E0,8.650680585E0
8.276567452E0,-1.684547186E0,-4.594219327E-1,1.134197903E1,1.147559393E1
8.278943025E0,4.197010994E0,-1.143769264E0,8.949156761E0,9.950402813E0
8.281318598E0,-4.498506546E0,-4.594219327E-1,1.014556789E1,1.110766301E1
8.283694170E0,3.579662561E0,-4.307080805E-1,1.093041420E1,1.150971103E1
8.286069743E0,-3.684946775E0,-7.513462901E-1,8.484949112E0,9.281040643E0
8.288445316E0,8.422735929E-1,-4.067798555E-1,1.176790142E1,1.180501582E1
8.290820889E0,2.488535643E0,-8.805587292E-1,8.547162056E0,8.945511306E0
8.293196462E0,-4.555934429E0,-1.387837082E-1,1.067677498E1,1.160901905E1
8.295571983E0,4.230510235E0,-8.662018180E-1,9.920642853E0,1.081973554E1
8.297947608E0,-3.967299938E0,-6.987041831E-1,8.977870941E0,9.840214580E0
8.300323181E0,2.277967215E0,-2.344966233E-1,1.192104244E1,1.213900227E1
8.302698754E0,5.312066078E-1,-5.503492355E-1,8.173882484E0,8.209593145E0
8.305074327E0,-3.981656790E0,-1.962114573E-1,1.094477081E1,1.164818002E1
8.307449900E0,4.867001057E0,-1.282552958E0,9.375079155E0,1.064071194E1
8.309825473E0,-4.096512318E0,-3.589234054E-1,9.466006279E0,1.032063535E1
8.312201045E0,2.947957516E0,-2.679961324E-1,1.182532978E1,1.219018867E1
8.314576618E0,-1.373480201E0,-6.412764788E-1,7.939385414E0,8.082791853E0
8.316952191E0,-2.378465652E0,-3.589234054E-1,1.138504982E1,1.163637763E1
8.319327764E0,4.910071850E0,-1.004985452E0,9.236295700E0,1.050847085E1
8.321703337E0,-4.512863636E0,-4.259224236E-1,9.499505997E0,1.052558608E1
8.324078910E0,3.206382275E0,-3.110669553E-1,1.142333508E1,1.186887670E1
8.326454483E0,-2.483749866E0,-8.901300430E-1,8.327022552E0,8.735024298E0
8.328830056E0,-3.062812984E-1,-2.105683982E-1,1.164826107E1,1.165418951E1
8.331205629E0,3.589233875E0,-8.709874153E-1,8.614161491E0,9.372566195E0
8.333581202E0,-5.087141037E0,-1.483550072E-1,9.982855797E0,1.120528549E1
8.335956775E0,3.895515203E0,-8.470591903E-1,1.072463131E1,1.144160237E1
8.338332348E0,-2.957528830E0,-8.039883971E-1,8.815158844E0,9.332759483E0
8.340707920E0,7.752745152E-1,-6.221338734E-2,1.169611740E1,1.172194879E1
8.343083493E0,1.923829436E0,-6.364908218E-1,8.054241180E0,8.305241794E0
8.345459066E0,-4.847858906E0,-2.871387303E-1,1.054756260E1,1.161185865E1
8.347834639E0,4.804787636E0,-1.167697430E0,1.029870892E1,1.142422456E1
8.350210212E0,-3.799802303E0,-4.977070987E-1,8.934800148E0,9.721978378E0
8.352585785E0,1.603191137E0,-1.292124242E-1,1.180618668E1,1.191524072E1
8.354961358E0,2.201396823E-1,-7.944171429E-1,7.771887779E0,7.815484613E0
8.357336931E0,-3.613162279E0,-3.254238665E-1,1.125105190E1,1.182146401E1
8.359712504E0,4.890929699E0,-8.374879360E-1,9.753145218E0,1.094287078E1
8.362088077E0,-4.603790760E0,-3.541377485E-1,8.810373306E0,9.947008631E0
8.364463650E0,2.210968018E0,-2.392822653E-1,1.172961617E1,1.193857324E1
8.366839223E0,-8.470591903E-1,-1.004985452E0,7.987242222E0,8.094661410E0
8.369214795E0,-2.148754835E0,-4.307080805E-2,1.162433243E1,1.182134116E1
8.371590368E0,4.307080746E0,-7.322037220E-1,8.958727837E0,9.967239903E0
8.373965941E0,-5.498706341E0,-2.105683982E-1,9.006584167E0,1.055455678E1
8.376341514E0,3.254238844E0,-6.604190469E-1,1.156690502E1,1.203409804E1
8.378717139E0,-1.469193101E0,-8.231309652E-1,8.532805443E0,8.697404307E0
8.381092660E0,-1.387837172E0,5.742774159E-2,1.155254745E1,1.163575278E1
8.383468285E0,3.464807272E0,-7.226324677E-1,8.303094864E0,9.025988668E0
8.385843858E0,-5.541777134E0,-6.699903309E-2,9.705288887E0,1.117624333E1
8.388219431E0,4.421936035E0,-8.518448472E-1,1.126540947E1,1.213213124E1
8.390595004E0,-2.660818815E0,-6.987041831E-1,8.532805443E0,8.965317230E0
8.392970577E0,-5.934200287E-1,7.657032460E-2,1.174875927E1,1.176398549E1
8.395346150E0,2.689532757E0,-8.757730722E-1,7.843672752E0,8.338091339E0
8.397721723E0,-4.713860512E0,-3.541377485E-1,1.044227791E1,1.146241957E1
8.400097295E0,4.637290478E0,-5.455635786E-1,1.093998528E1,1.189476273E1
8.402472868E0,-3.742374659E0,-3.589234054E-1,8.384450912E0,9.188754605E0
8.404848441E0,1.914258152E-1,-4.067798555E-1,1.151426220E1,1.152303552E1
8.407223962E0,2.172683001E0,-1.263410330E0,8.197810173E0,8.574429935E0
8.409599587E0,-3.747160196E0,-6.699903309E-2,1.125583744E1,1.186337114E1
8.411975160E0,4.455435753E0,-5.120640397E-1,9.944570541E0,1.090906048E1
8.414350733E0,-4.967499733E0,-1.148554832E-1,8.398807526E0,9.758545651E0
8.416726254E0,1.775474429E0,-8.997012973E-1,1.155733299E1,1.172747704E1
8.419101879E0,1.426122308E0,-1.239482164E0,8.580661774E0,8.786233399E0
8.421477452E0,-3.584448338E0,-1.866401732E-1,1.151426220E1,1.206073540E1
8.423853025E0,4.335794449E0,-5.790630579E-1,9.322437286E0,1.029768248E1
8.426228598E0,-5.436492920E0,-4.067798555E-1,8.705088615E0,1.027129461E1
8.428604170E0,3.096312523E0,-8.327022791E-1,1.202632618E1,1.244640774E1
8.430979743E0,1.100698411E-1,-1.091127157E0,8.350951195E0,8.422651584E0
8.433355316E0,-3.498306751E0,-1.339980662E-1,1.150947666E1,1.203013544E1
8.435730889E0,4.264009953E0,-9.427721500E-1,9.078369141E0,1.007409482E1
8.438106410E0,-4.838287354E0,-4.689932466E-1,9.370293617E0,1.055610637E1
8.440482035E0,3.354737282E0,-5.838487148E-1,1.181575775E1,1.229663665E1
8.442857608E0,-1.316052437E0,-9.092726111E-1,8.216953278E0,8.371206118E0
8.445233181E0,-3.029313564E0,-5.790630579E-1,1.149512005E1,1.190167382E1
8.447608754E0,4.661218643E0,-1.196411371E0,9.150154114E0,1.033845635E1
8.449984327E0,-4.804787636E0,1.770688742E-1,9.844072342E0,1.095550537E1
8.452359900E0,3.153740168E0,-3.780659735E-1,1.117448139E1,1.161714446E1
8.454735473E0,-2.574677229E0,-1.067198873E0,8.111668587E0,8.577123266E0
8.457111045E0,-1.459621787E0,-8.183453679E-1,1.166740322E1,1.178679273E1
8.459486618E0,4.364508629E0,-9.762716293E-1,9.121439934E0,1.015887338E1
8.461862191E0,-5.091926575E0,3.637090325E-1,9.839286804E0,1.108474471E1
8.464237764E0,3.072384357E0,-4.115654826E-1,1.090170002E1,1.133384291E1
8.466613337E0,-3.053241730E0,-1.205982566E0,8.260024071E0,8.888457496E0
8.468988910E0,6.221338734E-2,-2.536391914E-1,1.221296692E1,1.221575885E1
8.471364483E0,3.378665686E0,-9.140582681E-1,8.408378601E0,9.107783212E0
8.473740056E0,-5.589633465E0,2.105683982E-1,1.001156998E1,1.146821149E1
8.476115629E0,3.828516245E0,-8.470591903E-1,1.080120182E1,1.149090974E1
8.478491202E0,-3.000599623E0,-7.609176040E-1,8.738588333E0,9.270680652E0
8.480866723E0,6.269195080E-1,-1.339980662E-1,1.200239849E1,1.201950719E1
8.483242348E0,2.239681959E0,-7.657032609E-1,7.953742504E0,8.298463507E0
8.485617920E0,-5.249852657E0,-2.392822690E-2,1.047099209E1,1.171337700E1
8.487993493E0,4.761716843E0,-8.757730722E-1,1.066720295E1,1.171452707E1
8.490369066E0,-3.603590965E0,-3.828516304E-1,8.733802795E0,9.455778894E0
8.492744639E0,9.762716293E-1,-2.057827413E-1,1.174397373E1,1.178627897E1
8.495120212E0,1.258624673E0,-9.571290612E-1,7.776673794E0,7.935797843E0
8.497495785E0,-4.053441525E0,-2.679961324E-1,1.121276665E1,1.192595262E1
8.499871358E0,4.934000492E0,-6.125625968E-1,1.028435135E1,1.142311151E1
8.502246931E0,-4.484149456E0,-1.770688742E-1,8.504091263E0,9.615535239E0
8.504622504E0,1.411765337E0,-6.747759581E-1,1.153819084E1,1.164380745E1
8.506998077E0,7.992027402E-1,-1.186840057E0,8.116454124E0,8.241610395E0
8.509373650E0,-3.110669374E0,2.297109663E-1,1.184447193E1,1.224828749E1
8.511749223E0,4.436293125E0,-5.982056856E-1,9.169296265E0,1.020365330E1
8.514124795E0,-5.297709465E0,-4.929214716E-1,8.571090698E0,1.008822546E1
8.516500368E0,2.560320139E0,-7.752745152E-1,1.194018459E1,1.223618805E1
8.518875941E0,2.297109663E-1,-9.092726111E-1,8.590232849E0,8.641275613E0
8.521251514E0,-2.986242771E0,-6.221338734E-2,1.126062298E1,1.165002774E1
8.523627087E0,4.010370731E0,-6.795616150E-1,9.078369141E0,9.947947710E0
8.526002660E0,-5.489135265E0,-3.589234054E-1,8.853444099E0,1.042319070E1
8.528378233E0,3.684946775E0,-8.135597110E-1,1.201196957E1,1.259079525E1
8.530753806E0,-1.115055323E0,-8.949156404E-1,8.355736732E0,8.477178700E0
8.533129379E0,-2.646461725E0,0.000000000E0,1.153819084E1,1.183780417E1
8.535504952E0,3.790230989E0,-1.105484009E0,8.508877754E0,9.380242347E0
8.537880525E0,-4.905286312E0,-4.163511395E-1,9.619147301E0,1.080570113E1
8.540256098E0,3.857230186E0,-5.264210105E-1,1.174397373E1,1.237239923E1
8.542631670E0,-2.349751949E0,-5.742774606E-1,8.207381248E0,8.556414891E0
8.545007243E0,-2.172683001E0,-2.967100143E-1,1.134197903E1,1.155201612E1
8.547382816E0,4.024727821E0,-1.272981644E0,8.681160927E0,9.653055026E0
8.549758389E0,-4.670789719E0,-5.264209956E-2,1.008335495E1,1.111274470E1
8.552133962E0,3.670589924E0,-5.264210105E-1,1.117448139E1,1.177367334E1
8.554509535E0,-3.369094372E0,-7.322037220E-1,8.130811691E0,8.831592039E0
8.556885108E0,-6.317051649E-1,-4.642075896E-1,1.168175983E1,1.170803369E1
8.559260681E0,3.775874138E0,-9.475577474E-1,8.623732567E0,9.461704634E0
8.561636254E0,-4.766502857E0,1.914258115E-2,1.014078236E1,1.120514983E1
8.564011827E0,3.704089403E0,-6.173482537E-1,1.078684425E1,1.142179522E1
8.566387400E0,-3.675375462E0,-8.518448472E-1,8.336593628E0,9.150563794E0
8.568762973E0,1.004985452E0,-2.536391914E-1,1.208854008E1,1.213289453E1
8.571138598E0,2.636890650E0,-9.092726111E-1,8.149953842E0,8.614041828E0
8.573514170E0,-4.991427898E0,2.823530734E-1,1.048056316E1,1.161190251E1
8.575889691E0,4.254438877E0,-8.853443861E-1,1.030827999E1,1.118681014E1
8.578265264E0,-3.412165165E0,-7.465606928E-1,8.685946465E0,9.361938366E0
8.580640889E0,1.560120344E0,-1.914258152E-1,1.196411324E1,1.206692276E1
8.583016410E0,1.722832322E0,-7.034898400E-1,7.795815945E0,8.014848433E0
8.585392035E0,-4.752145767E0,-9.571290575E-3,1.069113159E1,1.169971263E1
8.587767608E0,5.082355499E0,-1.019342422E0,1.028913784E1,1.152110038E1
8.590143129E0,-3.689732552E0,-3.206382394E-1,8.791230202E0,9.539531626E0
8.592518754E0,1.670190215E0,-2.775674164E-1,1.165783215E1,1.178013707E1
8.594894327E0,9.188438654E-1,-9.236295223E-1,7.881958008E0,7.988906532E0
8.597269900E0,-3.613162279E0,-2.249253243E-1,1.128455162E1,1.185101845E1
8.599645420E0,5.168497086E0,-6.747759581E-1,1.005942631E1,1.132963999E1
8.602021045E0,-4.431507587E0,-1.674975902E-1,8.595019341E0,9.671642694E0
8.604396618E0,1.899901152E0,-7.417750359E-1,1.162911797E1,1.180661845E1
8.606772191E0,6.412764788E-1,-1.148554921E0,8.044670105E0,8.151510966E0
8.609147764E0,-2.684746981E0,3.397808075E-1,1.198325539E1,1.228502043E1
8.611523337E0,4.532006264E0,-6.460621357E-1,9.150154114E0,1.023141229E1
8.613898910E0,-5.082355499E0,-5.694918036E-1,8.547162056E0,9.960353284E0
8.616274483E0,2.885744095E0,-6.556333899E-1,1.199761295E1,1.235718782E1
8.618650056E0,2.392822653E-1,-9.236295223E-1,8.542376518E0,8.595495569E0
8.621025629E0,-2.823530674E0,-6.221338734E-2,1.115533924E1,1.150729289E1
8.623401202E0,4.173082829E0,-6.460621357E-1,9.226723671E0,1.014713981E1
8.625776775E0,-5.364708424E0,-2.009970993E-1,8.810373306E0,1.031713013E1
8.628152348E0,3.737588882E0,-1.129412293E0,1.184925747E1,1.247597873E1
8.630527920E0,-7.657032609E-1,-9.810572863E-1,8.417949677E0,8.509444849E0
8.632903493E0,-2.766103029E0,1.244267747E-1,1.183011532E1,1.214983277E1
8.635279066E0,4.039084435E0,-8.805587292E-1,8.494520187E0,9.447034453E0
8.637654639E0,-5.139782906E0,-4.163511395E-1,9.403793335E0,1.072483313E1
8.640030212E0,3.857230186E0,-6.269195080E-1,1.189711380E1,1.252248256E1
8.642405785E0,-1.775474429E0,-7.226324677E-1,8.154739380E0,8.377009101E0
8.644781358E0,-2.665604353E0,-4.498506486E-1,1.151904774E1,1.183200207E1
8.647156931E0,4.369294167E0,-1.292124271E0,9.001798630E0,1.008923660E1
8.649532504E0,-4.886143684E0,6.699903309E-2,9.748359680E0,1.090455893E1
8.651908077E0,3.546163082E0,-4.259224236E-1,1.146640587E1,1.200979376E1
8.654283650E0,-2.847458839E0,-7.082754970E-1,8.020741463E0,8.540607100E0
8.656659223E0,-1.761117458E0,-8.662018180E-1,1.147119141E1,1.163787234E1
8.659034795E0,4.488935471E0,-1.052842021E0,9.245866776E0,1.033175060E1
8.661410368E0,-5.225924492E0,7.178468257E-2,9.690931320E0,1.101043095E1
8.663785941E0,3.373879910E0,-3.206382394E-1,1.116969585E1,1.167253100E1
8.666161514E0,-3.019742250E0,-7.657032609E-1,8.250452042E0,8.819019426E0
8.668537087E0,-8.231309652E-1,-7.561319470E-1,1.158126163E1,1.163507203E1
8.670912660E0,4.048655987E0,-1.057627559E0,8.982656479E0,9.909505980E0
8.673288233E0,-5.532206059E0,2.009970993E-1,9.700503349E0,1.116895111E1
8.675663806E0,3.675375462E0,-6.317051649E-1,1.109312534E1,1.170319897E1
8.678039379E0,-2.435893536E0,-9.284151793E-1,8.671588898E0,9.054942632E0
8.680414952E0,-7.417750359E-1,-2.105683982E-1,1.171525955E1,1.174060798E1
8.682790525E0,3.589233875E0,-9.714859724E-1,8.528019905E0,9.303413799E0
8.685166098E0,-5.498706341E0,-2.488535494E-1,9.533005714E0,1.100799244E1
8.687541670E0,4.374079704E0,-8.183453679E-1,1.168654537E1,1.250510316E1
8.689917243E0,-2.536391973E0,-5.503492355E-1,8.499305725E0,8.886752294E0
8.692292816E0,-8.853443861E-1,3.828516230E-2,1.158604717E1,1.161988767E1
8.694668389E0,3.268595695E0,-1.138983607E0,8.408378601E0,9.092955085E0
8.697043962E0,-4.938786030E0,-5.886343718E-1,9.777072906E0,1.096946911E1
8.699419535E0,4.666004181E0,-7.082754970E-1,1.176790142E1,1.267898864E1
8.701795108E0,-2.928814888E0,-5.694918036E-1,8.427521706E0,8.940100652E0
8.704170681E0,-1.086341500E0,-2.009970993E-1,1.139462185E1,1.144805419E1
8.706546254E0,3.450450182E0,-1.493121386E0,8.451449394E0,9.249973773E0
8.708921827E0,-4.431507587E0,-1.531406492E-1,1.028913784E1,1.120393096E1
8.711297400E0,4.235296249E0,-7.082754970E-1,1.133719349E1,1.212317387E1
8.713672973E0,-3.488735437E0,-6.221339107E-1,8.054241180E0,8.799382168E0
8.716048545E0,-7.944171429E-1,-7.657032609E-1,1.172483063E1,1.177663166E1
8.718424118E0,3.900300980E0,-1.244267821E0,8.757730484E0,9.667388136E0
8.720799691E0,-4.876572609E0,1.435693540E-2,1.030349445E1,1.139926158E1
8.723175264E0,3.857230186E0,-4.402793646E-1,1.109791183E1,1.175736866E1
8.725550837E0,-3.919443607E0,-7.657032609E-1,8.173882484E0,9.097290506E0
8.727926410E0,-2.871387079E-2,-9.140582681E-1,1.181097221E1,1.184632397E1
8.730301983E0,3.527020693E0,-1.110269666E0,8.858229637E0,9.599000261E0
8.732677556E0,-5.364708424E0,1.339980662E-1,1.010728264E1,1.144356650E1
8.735053129E0,3.656233072E0,-7.178468108E-1,1.090648556E1,1.152539681E1
8.737428702E0,-3.527020693E0,-1.052842021E0,8.513663292E0,9.275279723E0
8.739804275E0,1.722832322E-1,-1.770688742E-1,1.207896900E1,1.208149523E1
8.742179848E0,2.842673302E0,-9.810572863E-1,8.260024071E0,8.790407417E0
8.744555420E0,-5.714060307E0,-2.440679073E-1,9.920642853E0,1.145116627E1
8.746930993E0,4.115654945E0,-9.284151793E-1,1.128455162E1,1.204747590E1
8.749306566E0,-3.144168854E0,-4.785645306E-1,8.743373871E0,9.303838371E0
8.751682139E0,-3.254238665E-1,-2.105683982E-1,1.153819084E1,1.154469955E1
8.754057712E0,2.383251429E0,-1.215553880E0,8.193024635E0,8.618765067E0
8.756433285E0,-5.206781864E0,-3.924229145E-1,1.015513897E1,1.141890628E1
8.758808858E0,4.661218643E0,-5.934200287E-1,1.144247818E1,1.236969739E1
8.761184431E0,-3.632304668E0,3.828516230E-2,8.432307243E0,9.181443699E0
8.763560004E0,-6.939185858E-1,-4.785645306E-1,1.133240795E1,1.136371493E1
8.765935577E0,2.656033039E0,-1.354337573E0,8.106883049E0,8.637725079E0
8.768311150E0,-4.350151539E0,3.349951655E-2,1.093519974E1,1.176875244E1
8.770686723E0,4.546362877E0,-4.737788737E-1,1.072463131E1,1.165811299E1
8.773062295E0,-4.307080746E0,-2.009970993E-1,8.260024071E0,9.317689737E0
8.775437868E0,-9.092725813E-2,-7.944171429E-1,1.142333508E1,1.145128598E1
8.777813441E0,3.230310678E0,-1.153340459E0,8.547162056E0,9.209727494E0
8.780189014E0,-4.350151539E0,5.551348329E-1,1.075334454E1,1.161319989E1
8.782564587E0,3.933800459E0,-4.546363056E-1,1.029392338E1,1.102933990E1
8.784940160E0,-4.163511276E0,-7.752745152E-1,8.154739380E0,9.188887369E0
8.787315733E0,8.901300430E-1,-4.833501875E-1,1.195932770E1,1.200214472E1
8.789691306E0,3.330809116E0,-7.848458290E-1,8.370093346E0,9.042606646E0
8.792066879E0,-4.847858906E0,2.775674164E-1,1.001156998E1,1.112700827E1
8.794442452E0,3.957728624E0,-8.518448472E-1,1.060499001E1,1.135143465E1
8.796818025E0,-3.536591768E0,-7.848458290E-1,8.389236450E0,9.137984052E0
8.799193598E0,1.464407444E0,-8.135596663E-2,1.227996540E1,1.236724133E1
8.801569170E0,2.761317253E0,-5.838487148E-1,7.939385414E0,8.426125625E0
8.803944743E0,-5.335994720E0,-1.962114573E-1,9.973284721E0,1.131272499E1
8.806320316E0,4.575077057E0,-1.057627559E0,1.083470058E1,1.180849876E1
8.808695889E0,-2.904886723E0,-4.450650215E-1,8.949156761E0,9.419334185E0
8.811071410E0,9.714859724E-1,-1.339980662E-1,1.147597694E1,1.151780306E1
8.813447035E0,2.096112728E0,-7.752745152E-1,8.054241180E0,8.358560889E0
8.815822608E0,-4.938786030E0,-4.019941986E-1,1.014556789E1,1.129095898E1
8.818198181E0,5.197210789E0,-8.135597110E-1,1.124148083E1,1.241143709E1
8.820573754E0,-3.483949661E0,-3.684946895E-1,8.623732567E0,9.308193002E0
8.822949379E0,5.312066078E-1,7.657032460E-2,1.149512005E1,1.150764217E1
8.825324900E0,1.986042738E0,-1.100698471E0,7.953742504E0,8.271512722E0
8.827700525E0,-4.311866283E0,-4.977070987E-1,1.032742214E1,1.120247969E1
8.830076045E0,4.957928658E0,-6.604190469E-1,1.130848026E1,1.236523092E1
8.832451670E0,-3.890729666E0,-2.057827413E-1,8.226524353E0,9.102517608E0
8.834827191E0,-9.571290575E-3,-1.579262912E-1,1.151426220E1,1.151534916E1
8.837202764E0,2.627319336E0,-1.344766378E0,8.245666504E0,8.757980338E0
8.839578389E0,-4.225724697E0,3.828516230E-2,1.064327526E1,1.145152930E1
8.841953962E0,4.335794449E0,-6.125625968E-1,1.093998528E1,1.178378650E1
8.844329535E0,-4.292723656E0,-4.211367965E-1,8.097311974E0,9.174491473E0
8.846705108E0,2.344966233E-1,-6.747759581E-1,1.181097221E1,1.183255576E1
8.849080681E0,3.220739365E0,-9.858429432E-1,8.484949112E0,9.129042107E0
8.851456254E0,-4.790431023E0,2.201396823E-1,1.038485050E1,1.143861053E1
8.853831775E0,3.890729666E0,-5.886343718E-1,1.086341476E1,1.155413554E1
8.856207400E0,-4.110869408E0,-7.704889178E-1,8.121239662E0,9.134956711E0
8.858582973E0,8.757730722E-1,-2.392822653E-1,1.222732353E1,1.226098182E1
8.860958545E0,2.919243574E0,-8.853443861E-1,8.197810173E0,8.746994304E0
8.863334118E0,-5.465207100E0,2.153540403E-1,9.963713646E0,1.136619794E1
8.865709691E0,3.981656790E0,-1.004985452E0,1.092084217E1,1.166740675E1
8.868085264E0,-3.081955671E0,-6.508477330E-1,8.690732002E0,9.243964316E0
8.870460837E0,3.876372576E-1,-5.264209956E-2,1.185882950E1,1.186528006E1
8.872836410E0,2.723032236E0,-7.992027402E-1,8.073383331E0,8.557636823E0
8.875211983E0,-5.584847927E0,-4.307080805E-2,9.743574142E0,1.123074434E1
8.877587556E0,4.651647091E0,-1.019342422E0,1.137069321E1,1.232759278E1
8.879963077E0,-2.924029350E0,-4.594219327E-1,8.532805443E0,9.031599243E0
8.882338702E0,-1.866401732E-1,-1.866401732E-1,1.159083271E1,1.159383767E1
8.884714275E0,2.766103029E0,-1.048056364E0,8.092526436E0,8.616190122E0
8.887089848E0,-4.914857864E0,-1.387837082E-1,1.019820976E1,1.132159755E1
8.889465420E0,4.761716843E0,-6.077769399E-1,1.131805134E1,1.229396706E1
8.891840993E0,-3.249453068E0,-3.876372576E-1,8.331808090E0,8.951437535E0
8.894216566E0,-7.465606928E-1,-4.929214716E-1,1.155254745E1,1.158713412E1
8.896592139E0,3.517449379E0,-1.306481123E0,8.379665375E0,9.181401573E0
8.898967712E0,-4.460221291E0,1.579262912E-1,1.039920712E1,1.131644924E1
8.901343285E0,4.421936035E0,-5.407779217E-1,1.113141060E1,1.198975650E1
8.903718858E0,-3.637090445E0,-5.694918036E-1,8.092526436E0,8.890541712E0
8.906094431E0,-5.120640397E-1,-8.997012973E-1,1.164347458E1,1.168940427E1
8.908470004E0,4.225724697E0,-1.134197950E0,8.997013092E0,1.000446894E1
8.910845577E0,-4.776073933E0,2.967100143E-1,9.978070259E0,1.106620103E1
8.913221150E0,3.804588079E0,-4.354937077E-1,1.120319557E1,1.183960034E1
8.915596723E0,-3.330809116E0,-9.858429432E-1,7.948956966E0,8.674796397E0
8.917972295E0,-2.009970993E-1,-7.130611539E-1,1.198804188E1,1.201091188E1
8.920347868E0,4.177868366E0,-1.071984529E0,9.078369141E0,1.005089654E1
8.922723441E0,-5.374279499E0,2.009970993E-1,9.461220741E0,1.088292139E1
8.925099014E0,3.479164124E0,-8.901300430E-1,1.126540947E1,1.182397416E1
8.927474535E0,-2.364108801E0,-1.115055323E0,8.451449394E0,8.846431804E0
8.929850160E0,-6.747759581E-1,-1.435693651E-1,1.216511059E1,1.218465635E1
8.932225733E0,3.818944931E0,-9.475577474E-1,8.628518105E0,9.483329096E0
8.934601306E0,-5.919843197E0,-9.092725813E-2,9.241081238E0,1.097498946E1
8.936976879E0,3.895515203E0,-1.210768223E0,1.175354481E1,1.244133489E1
8.939352452E0,-1.765903115E0,-7.178468108E-1,8.551948547E0,8.761822973E0
8.941728025E0,-1.708475351E0,-1.100698411E-1,1.171525955E1,1.183969213E1
8.944103598E0,3.474378586E0,-1.019342422E0,8.676374435E0,9.401587040E0
8.946479170E0,-5.575276852E0,-4.259224236E-1,9.365508080E0,1.090769744E1
8.948854743E0,4.235296249E0,-7.465606928E-1,1.201675510E1,1.276313012E1
8.951230316E0,-2.124826431E0,-6.604190469E-1,8.126026154E0,8.425161229E0
8.953605889E0,-2.612962246E0,-1.674975902E-1,1.151904774E1,1.181287805E1
8.955981462E0,3.838087559E0,-1.363908887E0,8.901300430E0,9.788989371E0
8.958357035E0,-4.881358147E0,-1.292124242E-1,9.604789734E0,1.077480111E1
8.960732608E0,3.598805189E0,-6.317051649E-1,1.176790142E1,1.232209211E1
8.963108181E0,-2.096112728E0,-6.364908218E-1,7.948956966E0,8.245285076E0
8.965483754E0,-3.029313564E0,-5.934200287E-1,1.151426220E1,1.192086918E1
8.967859327E0,4.685146809E0,-1.129412293E0,9.533005714E0,1.068196474E1
8.970234900E0,-5.091926575E0,1.004985496E-1,9.336793900E0,1.063548478E1
8.972610473E0,3.153740168E0,-3.684946895E-1,1.156211948E1,1.199018233E1
8.974986045E0,-1.976471543E0,-9.044869542E-1,7.810173035E0,8.106993231E0
8.977361618E0,-2.598605394E0,-7.322037220E-1,1.152383423E1,1.183586193E1
8.979737191E0,4.905286312E0,-8.662018180E-1,1.000678444E1,1.117800851E1
8.982112764E0,-5.201996326E0,1.148554832E-1,8.633303642E0,1.008007388E1
8.984488337E0,2.478964329E0,-5.312066078E-1,1.159561825E1,1.186953273E1
8.986863910E0,-7.178468108E-1,-1.167697430E0,7.925028801E0,8.042692511E0
8.989239483E0,-2.612962246E0,-8.135596663E-2,1.177268696E1,1.205945060E1
8.991615056E0,4.637290478E0,-9.571290612E-1,9.681360245E0,1.077725824E1
8.993990629E0,-5.393422127E0,-2.201396823E-1,8.432307243E0,1.001205619E1
8.996366202E0,2.598605394E0,-6.843472719E-1,1.191625690E1,1.221549261E1
8.998741775E0,6.412764788E-1,-8.470591903E-1,8.231309891E0,8.299590792E0
9.001117348E0,-3.503092289E0,-9.571290761E-2,1.099262714E1,1.153770636E1
9.003492920E0,4.335794449E0,-1.119840980E0,1.002114105E1,1.097617535E1
9.005868493E0,-4.795216560E0,-4.833501875E-1,8.590232849E0,9.849864449E0
9.008244066E0,2.775674343E0,-4.211367965E-1,1.216989613E1,1.248951945E1
9.010619639E0,1.057627559E0,-4.354937077E-1,7.992027760E0,8.073458895E0
9.012995212E0,-4.421936035E0,-5.168496966E-1,1.060020447E1,1.149717299E1
9.015370785E0,4.541577339E0,-1.067198873E0,1.027478027E1,1.128432310E1
9.017746358E0,-4.063013077E0,-4.067798555E-1,9.073583603E0,9.950048468E0
9.020121931E0,2.321038008E0,-3.828516304E-1,1.157169056E1,1.180837903E1
9.022497504E0,8.901300430E-1,-7.800601721E-1,8.044670105E0,8.131269425E0
9.024873025E0,-4.622933388E0,-4.546363056E-1,1.054756260E1,1.152515874E1
9.027248650E0,4.981856823E0,-1.062413216E0,1.085384369E1,1.198972652E1
9.029624223E0,-3.900300980E0,-2.440679073E-1,8.776873589E0,9.607571330E0
9.031999795E0,1.344766378E0,-1.100698411E-1,1.160997581E1,1.168811578E1
9.034375368E0,1.301695466E0,-9.858429432E-1,7.958528042E0,8.124313263E0
9.036750941E0,-4.560719967E0,-5.886343718E-1,1.034656525E1,1.132245863E1
9.039126514E0,5.134997368E0,-7.274180651E-1,1.131805134E1,1.244972374E1
9.041502087E0,-4.015156269E0,-2.392822653E-1,8.346165657E0,9.264837670E0
9.043877660E0,1.531406492E-1,-2.488535494E-1,1.153819084E1,1.154189014E1
9.046253233E0,2.378465652E0,-1.272981644E0,8.250452042E0,8.680296079E0
9.048628806E0,-4.378865242E0,5.264209956E-2,1.042313576E1,1.130570613E1
9.051004379E0,4.450650215E0,-6.699903607E-1,1.106919765E1,1.194923894E1
9.053379952E0,-3.895515203E0,-4.307080805E-1,8.111668587E0,9.008868709E0
9.055755525E0,-5.647061467E-1,-6.987041831E-1,1.166740322E1,1.170193909E1
9.058131098E0,3.728017569E0,-9.810572863E-1,8.724231720E0,9.537966633E0
9.060506670E0,-4.991427898E0,3.110669553E-1,9.863214493E0,1.105866697E1
9.062882243E0,3.991228104E0,-3.589234054E-1,1.130369377E1,1.199300716E1
9.065257816E0,-3.675375462E0,-4.642075896E-1,7.800601959E0,8.635581300E0
9.067633337E0,-5.742774606E-1,-6.747759581E-1,1.174397373E1,1.177735268E1
9.070008962E0,4.163511276E0,-8.327022791E-1,9.064012527E0,1.000922286E1
9.072384535E0,-5.316852093E0,4.211367965E-1,9.269794464E0,1.069464173E1
9.074760108E0,3.493520975E0,-7.082754970E-1,1.126062298E1,1.181134932E1
9.077135681E0,-2.263610125E0,-8.949156404E-1,8.116454124E0,8.473584386E0
9.079511254E0,-1.062413216E0,5.264209956E-2,1.202632618E1,1.207327687E1
9.081886827E0,4.235296249E0,-7.082754970E-1,8.796015739E0,9.788221564E0
9.084262400E0,-5.718846321E0,1.244267747E-1,8.757730484E0,1.046033118E1
9.086637973E0,3.570091486E0,-9.427721500E-1,1.181575775E1,1.237927719E1
9.089013545E0,-7.561319470E-1,-5.503492355E-1,8.226524353E0,8.279512228E0
9.091389118E0,-2.359323025E0,1.100698411E-1,1.129890823E1,1.154312990E1
9.093764691E0,4.216153622E0,-9.140582681E-1,9.336793900E0,1.028528921E1
9.096140264E0,-5.158925533E0,-2.967100143E-1,8.599804878E0,1.003290553E1
9.098515837E0,3.742374659E0,-4.594219327E-1,1.220818138E1,1.277717219E1
9.100891410E0,-8.614161611E-2,-4.019941986E-1,7.915457249E0,7.926126618E0
9.103266983E0,-3.608376503E0,1.674975902E-1,1.088255692E1,1.146640665E1
9.105642556E0,4.455435753E0,-1.301695466E0,9.667003632E0,1.072363176E1
9.108018129E0,-4.130012035E0,-2.344966233E-1,9.140582085E0,1.003305681E1
9.110393702E0,2.943171740E0,-3.206382394E-1,1.177747345E1,1.214388528E1
9.112769275E0,6.364908218E-1,-6.077769399E-1,7.747959614E0,7.797781194E0
9.115144848E0,-4.417150497E0,3.349951655E-2,1.077248764E1,1.164297345E1
9.117520420E0,5.139782906E0,-1.167697430E0,1.037049294E1,1.163305675E1
9.119895993E0,-3.833301783E0,-2.967100143E-1,8.834300995E0,9.634682842E0
9.122271566E0,1.804188251E0,-3.684946895E-1,1.161954689E1,1.176455496E1
9.124647139E0,1.430907965E0,-8.853443861E-1,7.838887215E0,8.017448787E0
9.127022712E0,-4.407579422E0,-2.057827413E-1,1.058584690E1,1.146862056E1
9.129398285E0,5.096712112E0,-6.843472719E-1,1.096391296E1,1.211000384E1
9.131773858E0,-3.871587038E0,-2.584248483E-1,8.389236450E0,9.243119485E0
9.134149431E0,2.344966233E-1,-7.082754970E-1,1.154776192E1,1.157183858E1
9.136525004E0,2.794816732E0,-1.182054400E0,8.298309326E0,8.835733747E0
9.138900577E0,-4.536791801E0,2.488535494E-1,1.049970531E1,1.144063895E1
9.141276150E0,4.551148891E0,-6.460621357E-1,1.104048347E1,1.195920682E1
9.143651723E0,-3.991228104E0,-5.072783828E-1,8.030312538E0,8.981823456E0
9.146027295E0,-6.269195080E-1,-8.614161611E-1,1.170568848E1,1.175407200E1
9.148402868E0,3.967299938E0,-9.475577474E-1,9.049654961E0,9.926408685E0
9.150778441E0,-5.101497650E0,2.297109663E-1,9.489934921E0,1.077668364E1
9.153154014E0,3.656233072E0,-3.972085714E-1,1.151904774E1,1.209190951E1
9.155529587E0,-3.302095175E0,-7.896314859E-1,7.814958572E0,8.520617813E0
9.157905160E0,-1.129412293E0,-7.369893789E-1,1.186361504E1,1.194002040E1
9.160280733E0,4.326223373E0,-9.092726111E-1,9.437292099E0,1.042139470E1
9.162656306E0,-5.656632900E0,3.254238665E-1,8.906085968E0,1.055565080E1
9.165031879E0,2.928814888E0,-8.231309652E-1,1.143290615E1,1.183075840E1
9.167407452E0,-1.713261008E0,-1.014556766E0,8.260024071E0,8.496622056E0
9.169783025E0,-2.129612207E0,9.571290575E-3,1.205504036E1,1.224170486E1
9.172158598E0,4.225724697E0,-7.561319470E-1,9.164510727E0,1.012011569E1
9.174534170E0,-5.962913990E0,-6.221338734E-2,8.618947029E0,1.048076627E1
9.176909743E0,2.904886723E0,-1.033699393E0,1.193539906E1,1.232723213E1
9.179285316E0,-1.244267747E-1,-6.843472719E-1,8.307880402E0,8.336947282E0
9.181660889E0,-3.402593851E0,1.435693540E-2,1.125583744E1,1.175889993E1
9.184036462E0,4.010370731E0,-1.028913736E0,9.786644936E0,1.062638960E1
9.186412035E0,-5.139782906E0,-5.024927258E-1,8.633303642E0,1.006000989E1
9.188787608E0,2.775674343E0,-4.642075896E-1,1.237567902E1,1.269162274E1
9.191163181E0,7.561319470E-1,-6.652047038E-1,7.905886173E0,7.969772205E0
9.193538754E0,-4.613361835E0,2.201396823E-1,1.073420238E1,1.168566086E1
9.195914327E0,4.249652863E0,-1.387837172E0,1.034656525E1,1.127107155E1
9.198289900E0,-3.871587038E0,-5.312066078E-1,9.054440498E0,9.861757419E0
9.200665473E0,1.694118381E0,-3.876372576E-1,1.192582798E1,1.205179127E1
9.203041045E0,1.813759565E0,-7.848458290E-1,7.848458290E0,8.093454409E0
9.205416618E0,-5.326423168E0,-1.866401732E-1,1.021735287E1,1.152388467E1
9.207792191E0,4.910071850E0,-1.158126116E0,1.138026428E1,1.244831221E1
9.210167764E0,-3.311666489E0,-4.642075896E-1,8.614161491E0,9.240476277E0
9.212543337E0,5.264209956E-2,-5.790630579E-1,1.171047401E1,1.172490029E1
9.214918910E0,2.876172781E0,-1.119840980E0,8.470592499E0,9.015395220E0
9.217294483E0,-4.996213913E0,-1.196411327E-1,1.004985523E1,1.122390563E1
9.219670056E0,4.685146809E0,-8.805587292E-1,1.150947666E1,1.245768989E1
9.222045629E0,-2.876172781E0,-6.939185858E-1,8.255238533E0,8.769427353E0
9.224421202E0,-1.564906001E0,-8.757730722E-1,1.169133186E1,1.182806620E1
9.226796775E0,4.197010994E0,-1.215553880E0,9.164510727E0,1.015286804E1
9.229172348E0,-4.785645485E0,3.876372576E-1,9.623932838E0,1.075512662E1
9.231547920E0,3.536591768E0,-8.518448472E-1,1.135155106E1,1.192018592E1
9.233923493E0,-2.206182480E0,-1.100698471E0,7.929814339E0,8.304259973E0
9.236299066E0,-2.335394859E0,-7.274180651E-1,1.211246777E1,1.235698513E1
9.238674639E0,5.182853699E0,-1.000199914E0,9.595218658E0,1.095128273E1
9.241050212E0,-5.335994720E0,3.828516230E-2,8.796015739E0,1.028806096E1
9.243425785E0,2.665604353E0,-4.594219327E-1,1.169133186E1,1.200015649E1
9.245801358E0,-9.188438654E-1,-1.119840980E0,7.896314621E0,8.028082116E0
9.248176931E0,-2.890529871E0,-6.412764788E-1,1.152861977E1,1.190275061E1
9.250552504E0,4.943571568E0,-8.614161611E-1,1.034177971E1,1.149492693E1
9.252928077E0,-5.292923450E0,5.264209956E-2,8.389236450E0,9.919531141E0
9.255303650E0,1.679761529E0,-9.332008362E-1,1.150947666E1,1.166878381E1
9.257679223E0,1.115055323E0,-1.081555843E0,8.413164139E0,8.555375050E0
9.260054795E0,-3.919443607E0,7.178468257E-2,1.111226845E1,1.178345031E1
9.262430368E0,4.479363918E0,-5.934200287E-1,1.040399265E1,1.134283525E1
9.264805941E0,-5.077569485E0,-3.780659735E-1,8.164310455E0,9.621881883E0
9.267181462E0,1.162911773E0,-9.523434043E-1,1.193539906E1,1.202967466E1
9.269557087E0,2.699103832E0,-7.752745152E-1,8.585447311E0,9.033056936E0
9.271932660E0,-4.867001057E0,3.062812984E-1,1.004028416E1,1.116193592E1
9.274308233E0,3.890729666E0,-1.014556766E0,1.085384369E1,1.157467173E1
9.276683806E0,-3.771088600E0,-6.987041831E-1,8.437092781E0,9.267892498E0
9.279059379E0,4.881358147E-1,-1.148554832E-1,1.230389404E1,1.231410886E1
9.281434952E0,3.440878868E0,-6.412764788E-1,8.159524918E0,8.878554488E0
9.283810525E0,-5.857629776E0,2.249253243E-1,9.226723671E0,1.093136989E1
9.286186098E0,3.747160196E0,-1.282552958E0,1.142812061E1,1.209496145E1
9.288561670E0,-1.890329838E0,-4.929214716E-1,8.690732002E0,8.907588967E0
9.290937243E0,-1.138983607E0,-9.092725813E-2,1.156211948E1,1.161844045E1
9.293312816E0,3.771088600E0,-5.982056856E-1,8.762516975E0,9.558277199E0
9.295688389E0,-5.795416355E0,-2.871387079E-2,8.805587769E0,1.054163418E1
9.298063962E0,4.048655987E0,-9.475577474E-1,1.190668583E1,1.261184556E1
9.300439535E0,-9.188438654E-1,-5.982056856E-1,8.063812256E0,8.138009105E0
9.302815108E0,-2.723032236E0,-2.057827413E-1,1.137069321E1,1.169401193E1
9.305190681E0,4.201796532E0,-8.231309652E-1,9.475577354E0,1.039803851E1
9.307566254E0,-4.857429981E0,-1.435693540E-2,8.858229637E0,1.010262661E1
9.309941827E0,3.321237803E0,-5.503492355E-1,1.160997581E1,1.208821919E1
9.312317400E0,6.699903309E-2,-7.417750359E-1,7.963313580E0,7.998067407E0
9.314692973E0,-4.000799656E0,-4.594219327E-1,1.083948612E1,1.156338730E1
9.317068545E0,4.967499733E0,-8.853443861E-1,1.059541893E1,1.173553538E1
9.319444118E0,-4.321437836E0,9.571290761E-2,8.671588898E0,9.689191914E0
9.321819691E0,2.005185366E0,-2.679961324E-1,1.143290615E1,1.161050961E1
9.324195264E0,1.024128079E0,-1.048056364E0,7.939385414E0,8.073481357E0
9.326570837E0,-4.393222332E0,-4.881358147E-1,1.040877819E1,1.130846331E1
9.328946410E0,5.297709465E0,-7.322037220E-1,1.132762241E1,1.252664669E1
9.331321983E0,-3.909872293E0,1.674975902E-1,8.183453560E0,9.071056662E0
9.333697556E0,2.392822690E-2,-5.264210105E-1,1.147119141E1,1.148328890E1
9.336073129E0,2.708675146E0,-1.253839016E0,8.173882484E0,8.701803732E0
9.338448702E0,-4.421936035E0,6.699903309E-2,1.029392338E1,1.120369875E1
9.340824275E0,4.680361271E0,-7.369893789E-1,1.128455162E1,1.223887414E1
9.343199848E0,-3.493520975E0,-4.785645306E-1,7.982456207E0,8.726586957E0
9.345575420E0,-1.191625714E0,-8.422735929E-1,1.161476135E1,1.170607013E1
9.347950889E0,4.445864677E0,-9.906286001E-1,9.308079720E0,1.036278948E1
9.350326566E0,-4.929214478E0,2.584248483E-1,9.341579437E0,1.056546474E1
9.352702139E0,3.680161238E0,-4.977070987E-1,1.150947666E1,1.209377328E1
9.355077712E0,-2.378465652E0,-8.039883971E-1,7.858029366E0,8.249370989E0
9.357453285E0,-1.880758643E0,-8.566305041E-1,1.163868904E1,1.182075089E1
9.359828858E0,5.048855782E0,-8.231309652E-1,9.973284721E0,1.120869740E1
9.362204431E0,-5.115854740E0,1.818545163E-1,8.623732567E0,1.002864917E1
9.364580004E0,2.713460922E0,-8.901300430E-1,1.155733299E1,1.190492115E1
9.366955577E0,-4.163511395E-1,-1.071984529E0,8.164310455E0,8.244905355E0
9.369331150E0,-2.871387243E0,-7.657032460E-2,1.172004509E1,1.206690452E1
9.371706723E0,4.747360229E0,-8.327022791E-1,9.934999466E0,1.104241987E1
9.374082295E0,-5.206781864E0,-2.871387303E-1,8.355736732E0,9.849434622E0
9.376457868E0,2.014756680E0,-9.714859724E-1,1.195932770E1,1.216669834E1
9.378833441E0,1.808973908E0,-7.178468108E-1,8.403593063E0,8.626011072E0
9.381209014E0,-4.197010994E0,4.307080805E-2,1.052841949E1,1.133421252E1
9.383584587E0,4.192225456E0,-1.119840980E0,1.065284634E1,1.150269243E1
9.385960160E0,-4.264009953E0,-6.317051649E-1,8.537590981E0,9.564062528E0
9.388335733E0,1.411765337E0,-3.732803464E-1,1.234696484E1,1.243301895E1
9.390711306E0,2.823530674E0,-5.934200287E-1,8.049455643E0,8.550918602E0
9.393086879E0,-5.379065514E0,5.742774159E-2,9.762716293E0,1.114667095E1
9.395462452E0,3.957728624E0,-1.330409408E0,1.128455162E1,1.203223630E1
9.397838025E0,-2.627319336E0,-5.503492355E-1,8.815158844E0,9.214809636E0
9.400213598E0,-1.962114573E-1,-2.344966233E-1,1.174875927E1,1.175273721E1
9.402589170E0,3.469592810E0,-6.317051649E-1,8.575876236E0,9.272689949E0
9.404964743E0,-5.790630817E0,2.488535494E-1,9.131011009E0,1.081520667E1
9.407340316E0,4.000799656E0,-1.421336651E0,1.161476135E1,1.236645774E1
9.409715889E0,-1.445264935E0,-6.364908218E-1,8.537590981E0,8.682417351E0
9.412091462E0,-2.110469580E0,-1.052841991E-1,1.165304661E1,1.184308498E1
9.414467035E0,3.871587038E0,-8.327022791E-1,9.107083321E0,9.930838126E0
9.416842608E0,-5.316852093E0,-3.493520916E-1,8.877371788E0,1.035368016E1
9.419218181E0,3.469592810E0,-6.221339107E-1,1.209811115E1,1.260116734E1
9.421593754E0,-2.871387303E-1,-5.264210105E-1,7.915457249E0,7.938137766E0
9.423969327E0,-4.096512318E0,-3.493520916E-1,1.090170002E1,1.165120266E1
9.426344900E0,4.393222332E0,-1.057627559E0,1.034177971E1,1.128589323E1
9.428720473E0,-4.436293125E0,-3.828516230E-2,8.963513374E0,1.000133663E1
9.431096045E0,2.053041935E0,-5.359922647E-1,1.155733299E1,1.175049849E1
9.433471618E0,8.327022791E-1,-9.619147182E-1,7.968099594E0,8.069032417E0
9.435847191E0,-4.996213913E0,-3.876372576E-1,1.039442158E1,1.153934210E1
9.438222764E0,4.833501816E0,-8.374879360E-1,1.144247818E1,1.244967601E1
9.440598337E0,-3.914657831E0,5.264209956E-2,8.394021988E0,9.262122989E0
9.442973910E0,-2.297109663E-1,-5.216353536E-1,1.140419292E1,1.141842751E1
9.445349483E0,2.359323025E0,-1.268195987E0,8.283951759E0,8.706238163E0
9.447725056E0,-4.900500774E0,-1.627119333E-1,1.024606609E1,1.135884032E1
9.450100629E0,4.441078663E0,-8.327022791E-1,1.142333508E1,1.228450882E1
9.452476202E0,-3.369094372E0,-3.924229145E-1,8.035098076E0,8.721673791E0
9.454851775E0,-1.971685886E0,-9.714859724E-1,1.149033451E1,1.169868016E1
9.457227348E0,4.139583111E0,-1.028913736E0,9.547362328E0,1.045690868E1
9.459602920E0,-5.087141037E0,1.770688742E-1,9.327222824E0,1.062579140E1
9.461978441E0,3.555734396E0,-5.934200287E-1,1.155733299E1,1.210649992E1
9.464354066E0,-2.220539331E0,-8.374879360E-1,7.776673794E0,8.130734054E0
9.466729639E0,-2.890529871E0,-9.044869542E-1,1.143769264E1,1.183190908E1
9.469105212E0,5.010570526E0,-7.896314859E-1,1.040399265E1,1.157464462E1
9.471480785E0,-5.091926575E0,5.264209956E-2,8.518448830E0,9.924437410E0
9.473856358E0,2.163111687E0,-5.359922647E-1,1.161954689E1,1.183132325E1
9.476231931E0,4.785645287E-3,-1.091127157E0,7.929814339E0,8.004532268E0
9.478607504E0,-3.608376503E0,-2.919243574E-1,1.111226845E1,1.168709163E1
9.480983077E0,4.852644444E0,-9.332008362E-1,1.078205872E1,1.186051483E1
9.483358650E0,-4.752145767E0,-2.536391914E-1,8.145168304E0,9.433503535E0
9.485734223E0,7.752745152E-1,-8.949156404E-1,1.172483063E1,1.178446341E1
9.488109795E0,2.746960402E0,-8.422735929E-1,8.513663292E0,8.985414787E0
9.490485368E0,-4.656432629E0,1.962114573E-1,1.010728264E1,1.113005059E1
9.492860941E0,4.230510235E0,-7.992027402E-1,1.099741268E1,1.181012394E1
9.495236514E0,-3.756731510E0,-6.077769399E-1,8.130811691E0,8.977333859E0
9.497612087E0,-4.307080805E-2,-4.929214716E-1,1.218903828E1,1.219907705E1
9.499987660E0,4.125226021E0,-6.747759581E-1,8.705088615E0,9.656675417E0
9.502363233E0,-5.422136307E0,9.571290761E-2,8.992227554E0,1.050089898E1
9.504738806E0,3.570091486E0,-1.158126116E0,1.145683479E1,1.205594761E1
9.507114379E0,-1.679761529E0,-5.982056856E-1,8.499305725E0,8.684333402E0
9.509489952E0,-1.526620865E0,-1.435693540E-2,1.165304661E1,1.175262833E1
9.511865525E0,4.417150497E0,-4.689932466E-1,9.303294182E0,1.030933828E1
9.514241098E0,-5.541777134E0,-1.004985496E-1,8.398807526E0,1.006287045E1
9.516616670E0,3.153740168E0,-1.143769264E0,1.182532978E1,1.229197745E1
9.518992191E0,5.599204898E-1,-5.072783828E-1,8.551948547E0,8.585258661E0
9.521367816E0,-3.321237803E0,8.614161611E-2,1.082034397E1,1.131891711E1
9.523743389E0,4.240081787E0,-7.082754970E-1,1.010249710E1,1.097908901E1
9.526118962E0,-4.785645485E0,-4.498506486E-1,8.484949112E0,9.751878268E0
9.528494535E0,2.474178553E0,-5.216353536E-1,1.228475189E1,1.254228018E1
9.530870108E0,1.904686809E0,-5.934200287E-1,8.001599312E0,8.246549019E0
9.533245681E0,-4.924428940E0,-3.828516230E-2,9.992427826E0,1.114002154E1
9.535621202E0,4.144368649E0,-1.033699393E0,1.118405342E1,1.197194123E1
9.537996827E0,-3.235096216E0,-3.493520916E-1,8.767302513E0,9.351656953E0
9.540372400E0,5.599204898E-1,-2.584248483E-1,1.165783215E1,1.167413143E1
9.542747973E0,2.890529871E0,-7.274180651E-1,8.360522270E0,8.875958123E0
9.545123545E0,-5.623133183E0,-1.531406492E-1,9.255437851E0,1.083079908E1
9.547499118E0,4.393222332E0,-9.523434043E-1,1.197368431E1,1.278970197E1
9.549874691E0,-2.139183521E0,-3.254238665E-1,8.250452042E0,8.529476286E0
9.552250264E0,-1.727617979E0,-3.302095234E-1,1.144726372E1,1.158160390E1
9.554625837E0,3.675375462E0,-1.062413216E0,9.231510162E0,9.992891799E0
9.557001410E0,-5.029713154E0,-1.339980662E-1,9.245866776E0,1.052625395E1
9.559376983E0,3.871587038E0,-6.029912829E-1,1.173440266E1,1.237129704E1
9.561752556E0,-1.071984529E0,-4.067798555E-1,7.929814339E0,8.012276588E0
9.564128129E0,-3.833301783E0,-4.833501875E-1,1.093519974E1,1.159769043E1
9.566503702E0,4.627718925E0,-1.024128079E0,1.037049294E1,1.140226927E1
9.568879275E0,-4.417150497E0,1.435693540E-2,8.891729355E0,9.928457864E0
9.571254848E0,2.258824587E0,-6.508477330E-1,1.152861977E1,1.176583890E1
9.573630420E0,5.838487148E-1,-9.092726111E-1,7.853243828E0,7.927237515E0
9.576005993E0,-4.608576298E0,-3.684946895E-1,1.051884842E1,1.149003637E1
9.578381566E0,5.015356064E0,-7.752745152E-1,1.133719349E1,1.242122390E1
9.580757139E0,-4.029513359E0,-1.052841991E-1,8.293522835E0,9.221202941E0
9.583132712E0,2.105683982E-1,-1.674975902E-1,1.152383423E1,1.152697488E1
9.585508285E0,2.488535643E0,-1.253839016E0,8.341380119E0,8.794517850E0
9.587883858E0,-4.718646049E0,-2.536391914E-1,9.920642853E0,1.098858990E1
9.590259431E0,4.608576298E0,-7.274180651E-1,1.165304661E1,1.255235467E1
9.592635004E0,-2.976671457E0,-1.579262912E-1,7.834101200E0,8.382043623E0
9.595010577E0,-1.832902193E0,-6.125625968E-1,1.141854954E1,1.158093420E1
9.597386150E0,4.436293125E0,-1.004985452E0,9.461220741E0,1.049787552E1
9.599761723E0,-4.756931305E0,2.392822653E-1,9.054440498E0,1.023076459E1
9.602137295E0,3.656233072E0,-8.518448472E-1,1.131326580E1,1.191988519E1
9.604512868E0,-1.469193101E0,-6.508477330E-1,7.905886173E0,8.067537872E0
9.606888441E0,-2.809173822E0,-2.967100143E-1,1.169133186E1,1.202774855E1
9.609264014E0,5.235496044E0,-6.269195080E-1,1.000199890E1,1.130678685E1
9.611639587E0,-4.838287354E0,-9.571290761E-2,8.403593063E0,9.697348187E0
9.614015160E0,2.086541414E0,-1.162911773E0,1.156690502E1,1.181098263E1
9.616390733E0,1.138983607E0,-7.561319470E-1,8.374878883E0,8.485730109E0
9.618766306E0,-3.613162279E0,4.450650215E-1,1.079162979E1,1.138913070E1
9.621141879E0,4.551148891E0,-6.987041831E-1,1.055234814E1,1.151317484E1
9.623517452E0,-4.407579422E0,-6.939185858E-1,8.145168304E0,9.287197967E0
9.625893025E0,9.188438654E-1,-7.178468108E-1,1.209811115E1,1.215417095E1
9.628268598E0,3.517449379E0,-8.039883971E-1,8.642875671E0,9.365796674E0
9.630644170E0,-5.015356064E0,2.153540403E-1,9.533005714E0,1.077396732E1
9.633019743E0,3.723232031E0,-1.263410330E0,1.106441212E1,1.174222628E1
9.635395316E0,-3.024527788E0,-6.221339107E-1,8.461020470E0,9.006868842E0
9.637770889E0,-4.498506486E-1,-3.589234054E-1,1.227039433E1,1.228388247E1
9.640146462E0,4.158725739E0,-5.120640397E-1,8.772088051E0,9.721457613E0
9.642522035E0,-5.723631859E0,-2.488535494E-1,8.709874153E0,1.042515216E1
9.644897608E0,3.201596737E0,-1.282552958E0,1.175354481E1,1.224912157E1
9.647273181E0,-8.231309652E-1,-7.944171429E-1,8.446663857E0,8.523776950E0
9.649648754E0,-2.512463808E0,-1.674975902E-1,1.141854954E1,1.169289542E1
9.652024327E0,4.096512318E0,-6.125625968E-1,9.877572060E0,1.071088586E1
9.654399848E0,-5.575276852E0,-2.297109663E-1,8.379665375E0,1.006753549E1
9.656775473E0,2.411965132E0,-1.359123230E0,1.191625690E1,1.223364093E1
9.659151045E0,1.225125194E0,-7.226324677E-1,8.633303642E0,8.749689206E0
9.661526618E0,-4.378865242E0,7.178468257E-2,1.051406288E1,1.138969412E1
9.663902191E0,3.775874138E0,-8.853443861E-1,1.064327526E1,1.132785807E1
9.666277764E0,-4.512863636E0,-6.843472719E-1,8.480163574E0,9.630547421E0
9.668653337E0,1.115055323E0,-5.216353536E-1,1.231346512E1,1.237484849E1
9.671028910E0,2.565105915E0,-7.513462901E-1,8.288737297E0,8.709044470E0
9.673404483E0,-5.699703693E0,-9.092725813E-2,9.399007797E0,1.099255373E1
9.675780056E0,3.617947817E0,-1.186840057E0,1.168654537E1,1.229119516E1
9.678155629E0,-2.488535643E0,-4.594219327E-1,8.647661209E0,9.010323110E0
9.680531202E0,-1.167697430E0,-2.584248483E-1,1.164347458E1,1.170473413E1
9.682906775E0,3.421736479E0,-9.092726111E-1,9.054440498E0,9.722034250E0
9.685282348E0,-5.723631859E0,-2.632105052E-1,8.901300430E0,1.058595252E1
9.687657920E0,3.689732552E0,-8.518448472E-1,1.211725426E1,1.269518084E1
9.690033493E0,-8.518448472E-1,-3.732803464E-1,8.059026718E0,8.112514376E0
9.692409066E0,-3.292523861E0,4.785645381E-2,1.116491032E1,1.164037053E1
9.694784639E0,3.924229145E0,-1.325623751E0,9.772287369E0,1.061388021E1
9.697160212E0,-4.575077057E0,-4.354937077E-1,9.169296265E0,1.025655785E1
9.699535785E0,2.703889608E0,-5.455635786E-1,1.197368431E1,1.228730136E1
9.701911358E0,1.033699393E0,-4.881358147E-1,7.752745152E0,7.836572490E0
9.704286931E0,-5.039284706E0,1.052841991E-1,1.034177971E1,1.150468959E1
9.706662504E0,4.498506546E0,-1.349551916E0,1.105005455E1,1.200672966E1
9.709038077E0,-3.196810961E0,-3.014956415E-1,8.834300995E0,9.399753933E0
9.711413650E0,4.498506486E-1,-4.498506486E-1,1.162911797E1,1.164650660E1
9.713789170E0,2.971885681E0,-8.949156404E-1,8.475378036E0,9.025796993E0
9.716164795E0,-5.259424210E0,-2.440679073E-1,9.365508080E0,1.074401479E1
9.718540368E0,4.713860512E0,-6.843472719E-1,1.196411324E1,1.287745385E1
9.720915941E0,-1.947757602E0,2.871387079E-2,8.044670105E0,8.277155385E0
9.723291514E0,-2.249253273E0,-5.838487148E-1,1.123190975E1,1.146977839E1
9.725667087E0,4.197010994E0,-1.129412293E0,9.485149384E0,1.043352923E1
9.728042660E0,-4.316651821E0,-1.914258115E-2,9.298508644E0,1.025163950E1
9.730418181E0,3.622733593E0,-6.317051649E-1,1.159083271E1,1.216020777E1
9.732793806E0,-3.254238665E-1,-5.599204898E-1,7.838887215E0,7.865593710E0
9.735169379E0,-4.063013077E0,-6.508477330E-1,1.061456108E1,1.138422527E1
9.737544952E0,5.178068161E0,-9.092726111E-1,1.126062298E1,1.242742115E1
9.739920525E0,-3.967299938E0,2.536391914E-1,8.523234367E0,9.404750168E0
9.742296098E0,1.177268744E0,-7.465606928E-1,1.132762241E1,1.141307777E1
9.744671670E0,1.741974831E0,-1.119840980E0,8.207381248E0,8.464610274E0
9.747047191E0,-4.599005222E0,-1.866401732E-1,1.027478027E1,1.125863194E1
9.749422816E0,4.943571568E0,-8.374879360E-1,1.145204926E1,1.250158862E1
9.751798389E0,-3.536591768E0,-2.105683982E-1,8.126026154E0,8.864768549E0
9.754173962E0,-1.483550072E0,-1.019342422E0,1.137547874E1,1.151700901E1
9.756549535E0,3.914657831E0,-9.619147182E-1,9.513862610E0,1.033263798E1
9.758925108E0,-4.953142643E0,1.866401732E-1,9.279366493E0,1.052022334E1
9.761300681E0,3.704089403E0,-6.460621357E-1,1.146162033E1,1.206260400E1
9.763676254E0,-2.134397745E0,-3.780659735E-1,7.872386456E0,8.165357072E0
9.766051827E0,-3.349951744E0,-1.057627559E0,1.099262714E1,1.154030347E1
9.768427400E0,5.077569485E0,-8.279166222E-1,1.079162979E1,1.195518429E1
9.770802973E0,-5.044070244E0,9.571290575E-3,8.508877754E0,9.891599308E0
9.773178545E0,1.674975872E0,-3.589234054E-1,1.149990559E1,1.162678798E1
9.775554118E0,4.689932466E-1,-9.332008362E-1,8.159524918E0,8.226096605E0
9.777929691E0,-4.421936035E0,-4.402793646E-1,1.027956581E1,1.119896591E1
9.780305264E0,4.656432629E0,-8.231309652E-1,1.158126163E1,1.250941767E1
9.782680837E0,-4.106083870E0,-1.292124242E-1,8.006384850E0,8.998823198E0
9.785056410E0,-9.571290612E-1,-1.057627559E0,1.139940739E1,1.148830540E1
9.787431983E0,3.579662561E0,-8.805587292E-1,9.466006279E0,1.015847639E1
9.789807556E0,-5.139782906E0,2.823530734E-1,9.284152031E0,1.061567570E1
9.792183129E0,3.785445452E0,-6.173482537E-1,1.138504982E1,1.201374528E1
9.794558702E0,-2.426322222E0,-7.369893789E-1,7.862815380E0,8.261601453E0
9.796934275E0,-2.670390129E0,-7.848458290E-1,1.152861977E1,1.185984992E1
9.799309848E0,4.938786030E0,-6.173482537E-1,1.040399265E1,1.153324713E1
9.801685420E0,-4.991427898E0,1.818545163E-1,8.389236450E0,9.763539919E0
9.804060993E0,1.804188251E0,-1.081555843E0,1.146162033E1,1.165305106E1
9.806436566E0,1.043270707E0,-8.039883971E-1,8.274380684E0,8.378555175E0
9.808812139E0,-3.948157310E0,1.818545163E-1,1.056191921E1,1.127719622E1
9.811187712E0,4.752145767E0,-6.221339107E-1,1.100219822E1,1.200076271E1
9.813563285E0,-4.182653904E0,-4.211367965E-1,7.982456207E0,9.021726940E0
9.815938858E0,-8.135596663E-2,-9.906286001E-1,1.162911797E1,1.167151869E1
9.818314431E0,4.206582069E0,-5.934200287E-1,9.504291534E0,1.041052533E1
9.820690004E0,-4.890929699E0,3.349951804E-1,8.977870941E0,1.022915352E1
9.823065577E0,3.680161238E0,-8.327022791E-1,1.123190975E1,1.184874578E1
9.825441150E0,-1.856830359E0,-7.465606928E-1,8.035098076E0,8.280578056E0
9.827816723E0,-1.837687731E0,-3.158525825E-1,1.191147137E1,1.205653388E1
9.830192295E0,5.067998409E0,-5.934200287E-1,9.777072906E0,1.102850442E1
9.832567816E0,-4.991427898E0,-1.292124242E-1,8.446663857E0,9.812093488E0
9.834943441E0,2.182254314E0,-1.158126116E0,1.161954689E1,1.187928280E1
9.837319014E0,1.641476393E0,-6.364908218E-1,8.633303642E0,8.810987294E0
9.839694587E0,-3.804588079E0,1.148554832E-1,1.032263660E1,1.100204112E1
9.842070160E0,4.603790760E0,-5.694918036E-1,1.098305607E1,1.192253039E1
9.844445733E0,-4.144368649E0,-4.546363056E-1,8.097311974E0,9.107631243E0
9.846821306E0,3.589234054E-1,-1.124626637E0,1.180618668E1,1.186506026E1
9.849196879E0,4.163511276E0,-6.221339107E-1,9.360722542E0,1.026377140E1
9.851572452E0,-5.034498692E0,2.584248483E-1,9.040083885E0,1.035065588E1
9.853948025E0,3.550948858E0,-1.100698471E0,1.127019501E1,1.186752166E1
9.856323598E0,-1.794616938E0,-6.891329288E-1,8.384450912E0,8.602009722E0
9.858699170E0,-1.780260086E0,-3.206382394E-1,1.186840057E1,1.200545988E1
9.861074743E0,4.570291042E0,-7.082754970E-1,9.772287369E0,1.081142057E1
9.863450316E0,-5.278566837E0,-2.536391914E-1,8.489734650E0,1.000015975E1
9.865825889E0,2.191825628E0,-1.110269666E0,1.180140114E1,1.205445424E1
9.868201462E0,1.435693622E0,-5.694918036E-1,8.494520187E0,8.633794664E0
9.870577035E0,-4.220939159E0,9.571290575E-3,1.033699417E1,1.116556615E1
9.872952608E0,3.952943087E0,-1.258624673E0,1.070070267E1,1.147671263E1
9.875328181E0,-4.197010994E0,-5.072783828E-1,8.614161491E0,9.595624568E0
9.877703754E0,5.599204898E-1,-5.216353536E-1,1.221775246E1,1.224169471E1
9.880079327E0,3.297309637E0,-3.684946895E-1,8.599804878E0,9.217628932E0
9.882454900E0,-5.723631859E0,-1.866401732E-1,9.049654961E0,1.070939079E1
9.884830473E0,3.311666489E0,-1.354337573E0,1.160997581E1,1.214878198E1
9.887206045E0,-1.569691658E0,-5.838487148E-1,8.657232285E0,8.817736787E0
9.889581618E0,-2.110469580E0,-2.440679073E-1,1.127019501E1,1.146869419E1
9.891957139E0,3.862015724E0,-5.312066078E-1,9.762716293E0,1.051227736E1
9.894332712E0,-5.623133183E0,-1.962114573E-1,8.408378601E0,1.011726032E1
9.896708337E0,2.450250387E0,-1.249053478E0,1.198325539E1,1.229480668E1
9.899083858E0,1.186840057E0,-5.120640397E-1,8.494520187E0,8.592303074E0
9.901459483E0,-4.407579422E0,3.828516230E-2,1.026042366E1,1.116711761E1
9.903835056E0,3.756731510E0,-1.138983607E0,1.064806080E1,1.134863490E1
9.906210629E0,-4.211368084E0,-5.072783828E-1,8.585447311E0,9.576160924E0
9.908586202E0,8.374879360E-1,-3.445664644E-1,1.215553856E1,1.218922597E1
9.910961775E0,3.072384357E0,-3.876372576E-1,8.398807526E0,8.951523677E0
9.913337348E0,-5.757131100E0,-2.775674164E-1,8.930013657E0,1.062858156E1
9.915712920E0,3.536591768E0,-1.201196909E0,1.175354481E1,1.233272763E1
9.918088493E0,-1.517049551E0,-4.067798555E-1,8.676374435E0,8.817390914E0
9.920464066E0,-1.971685886E0,-2.679961324E-1,1.117926693E1,1.135497143E1
9.922839639E0,3.804588079E0,-8.422735929E-1,9.552147865E0,1.031638716E1
9.925215212E0,-5.379065514E0,-3.206382394E-1,8.767302513E0,1.029090608E1
9.927590785E0,3.034099102E0,-8.183453679E-1,1.222732353E1,1.262469355E1
9.929966358E0,8.757730722E-1,-4.402793646E-1,7.905886173E0,7.966420813E0
9.932341931E0,-4.402793884E0,-1.866401732E-1,1.030349445E1,1.120631190E1
9.934717504E0,3.976871252E0,-1.239482164E0,1.088255692E1,1.165254762E1
9.937093077E0,-3.646661758E0,-4.211367965E-1,8.882157326E0,9.610838514E0
9.939468598E0,1.048056364E0,-4.977070987E-1,1.176790142E1,1.182495828E1
9.941844223E0,2.751745939E0,-5.455635786E-1,8.547162056E0,8.995761477E0
9.944219743E0,-5.599205017E0,-1.435693651E-1,9.083154678E0,1.067124210E1
9.946595316E0,4.010370731E0,-1.330409408E0,1.185404301E1,1.258456985E1
9.948970941E0,-1.502692580E0,-3.924229145E-1,8.513663292E0,8.654163355E0
9.951346514E0,-1.828116536E0,-3.014956415E-1,1.133240795E1,1.148287332E1
9.953722035E0,3.771088600E0,-1.148554921E0,9.485149384E0,1.027172558E1
9.956097660E0,-5.125426292E0,-4.737788737E-1,8.896514893E0,1.027825074E1
9.958473181E0,3.388236761E0,-5.790630579E-1,1.225125217E1,1.272433268E1
9.960848806E0,3.493520916E-1,-2.153540403E-1,7.800601959E0,7.811390092E0
9.963224379E0,-4.498506546E0,-6.556333899E-1,1.020778179E1,1.117431096E1
9.965599900E0,4.335794449E0,-1.000199914E0,1.133719349E1,1.217914076E1
9.967975473E0,-3.617947817E0,-2.009970993E-1,8.810373306E0,9.526417167E0
9.970351045E0,1.124626637E0,-5.120640397E-1,1.139940739E1,1.146618871E1
9.972726618E0,2.134397745E0,-9.810572863E-1,8.475378036E0,8.794893973E0
9.975102191E0,-5.489135265E0,-3.302095234E-1,9.475577354E0,1.095564742E1
9.977477764E0,4.555934429E0,-7.465606928E-1,1.209811115E1,1.294906116E1
9.979853337E0,-2.258824587E0,1.292124242E-1,7.963313580E0,8.278487032E0
9.982228910E0,-2.067398787E0,-1.014556766E0,1.121755219E1,1.145150384E1
9.984604483E0,3.866801500E0,-8.853443861E-1,9.824930191E0,1.059552933E1
9.986980056E0,-4.867001057E0,3.349951655E-2,9.083154678E0,1.030497552E1
9.989355629E0,3.531806231E0,-6.221339107E-1,1.154297638E1,1.208722506E1
9.991731202E0,-6.317051649E-1,-5.838487148E-1,8.044670105E0,8.090528279E0
9.994106775E0,-4.264009953E0,-6.460621357E-1,1.048534870E1,1.133762385E1
9.996482348E0,4.771288395E0,-5.790630579E-1,1.139940739E1,1.237121642E1
9.998857920E0,-3.943371773E0,3.493520916E-1,8.384450912E0,9.272067996E0
1.000123349E1,9.475577474E-1,-9.571290612E-1,1.143769264E1,1.151671718E1
1.000360907E1,2.067398787E0,-8.997012973E-1,8.360522270E0,8.659210865E0
1.000598464E1,-5.039284706E0,6.221338734E-2,9.734002113E0,1.096125257E1
1.000836021E1,4.785645485E0,-6.652047038E-1,1.166740322E1,1.262826979E1
1.001073579E1,-2.904886723E0,-6.699903309E-2,7.953742504E0,8.467873143E0
1.001311136E1,-1.780260086E0,-8.374879360E-1,1.114576817E1,1.131807669E1
1.001548693E1,3.976871252E0,-5.838487148E-1,9.920642853E0,1.070399640E1
1.001786250E1,-4.651647091E0,2.057827413E-1,9.073583603E0,1.019853355E1
1.002023808E1,3.608376503E0,-6.747759581E-1,1.138504982E1,1.196223487E1
1.002261365E1,-6.556333899E-1,-6.460621357E-1,7.805387497E0,7.859473609E0
1.002498922E1,-3.847658873E0,-4.402793646E-1,1.066241741E1,1.134396182E1
1.002736480E1,5.034498692E0,-7.130611539E-1,1.115055370E1,1.225518181E1
1.002974037E1,-4.043870449E0,3.014956415E-1,8.422736168E0,9.348062494E0
1.003211594E1,1.105484009E0,-7.082754970E-1,1.129412270E1,1.137017839E1
1.003449151E1,1.942971945E0,-9.332008362E-1,8.379665375E0,8.652444485E0
1.003686709E1,-4.637290478E0,-1.818545163E-1,1.004985523E1,1.106964879E1
1.003924266E1,4.943571568E0,-6.699903607E-1,1.154776192E1,1.257929220E1
1.004161823E1,-3.081955671E0,-1.004985496E-1,7.948956966E0,8.526105065E0
1.004399381E1,-1.660618901E0,-1.004985452E0,1.113141060E1,1.129937843E1
1.004636938E1,4.182653904E0,-7.369893789E-1,9.853643417E0,1.072995972E1
1.004874495E1,-4.733003139E0,1.962114573E-1,9.131011009E0,1.028665056E1
1.005112052E1,3.617947817E0,-5.551348329E-1,1.144247818E1,1.201366006E1
1.005349610E1,-1.110269666E0,-7.465606928E-1,7.853243828E0,7.966397568E0
1.005587167E1,-3.785445452E0,-9.427721500E-1,1.064327526E1,1.133568370E1
1.005824724E1,5.187639713E0,-6.269195080E-1,1.117448139E1,1.233586917E1
1.006062282E1,-4.364508629E0,3.445664644E-1,8.384450912E0,9.458682716E0
1.006299839E1,8.518448472E-1,-1.115055323E0,1.144726372E1,1.153294562E1
1.006537396E1,1.741974831E0,-9.475577474E-1,8.398807526E0,8.629734054E0
1.006774954E1,-4.618147850E0,9.571290761E-2,1.008335495E1,1.109100976E1
1.007012511E1,4.651647091E0,-7.274180651E-1,1.144247818E1,1.237324794E1
1.007250068E1,-3.460021496E0,-5.072783828E-1,7.786244869E0,8.535495842E0
1.007487625E1,-1.727617979E0,-1.091127157E0,1.133719349E1,1.151986018E1
1.007725183E1,4.254438877E0,-6.460621357E-1,1.018385315E1,1.105570040E1
1.007962735E1,-4.934000492E0,6.699903607E-1,8.781659126E0,1.009508717E1
1.008200297E1,2.857030153E0,-1.272981644E0,1.123669529E1,1.166389406E1
1.008437854E1,-1.048056364E0,-8.518448472E-1,7.905886173E0,8.020417568E0
1.008675412E1,-3.354737282E0,-2.488535494E-1,1.143290615E1,1.191753051E1
1.008912969E1,4.977071285E0,-5.790630579E-1,1.065763187E1,1.177674275E1
1.009150526E1,-4.809573650E0,1.914258115E-2,8.116454124E0,9.434468331E0
1.009388084E1,6.604190469E-1,-1.397408366E0,1.127976608E1,1.138516694E1
1.009625641E1,2.354537487E0,-5.982056856E-1,9.178867340E0,9.494909292E0
1.009863198E1,-4.541577339E0,7.465606928E-1,9.719645500E0,1.075429153E1
1.010100756E1,4.029513359E0,-1.004985452E0,1.098784161E1,1.174647338E1
1.010338313E1,-3.321237803E0,-7.274180651E-1,7.934599876E0,8.632359630E0
1.010575870E1,-1.354337573E0,-4.594219327E-1,1.198325539E1,1.206829352E1
1.010813428E1,4.666004181E0,-5.072783828E-1,9.604789734E0,1.069022508E1
1.011050985E1,-5.139782906E0,1.339980662E-1,8.537590981E0,9.966232164E0
1.011288542E1,2.656033039E0,-1.268195987E0,1.143769264E1,1.181031945E1
1.011526099E1,-2.201396823E-1,-4.354937077E-1,8.350951195E0,8.365195880E0
1.011763657E1,-3.235096216E0,9.571290761E-2,1.088255692E1,1.135363614E1
1.012001214E1,4.800002098E0,-4.259224236E-1,1.058584690E1,1.163106120E1
1.012238771E1,-4.594219685E0,-6.029912829E-1,8.068597794E0,9.304446429E0
1.012476328E1,9.188438654E-1,-9.044869542E-1,1.170568848E1,1.177648137E1
1.012713886E1,3.148954630E0,-6.317051649E-1,9.092725754E0,9.643268549E0
1.012951443E1,-4.756931305E0,2.967100143E-1,9.284152031E0,1.043608697E1
1.013189000E1,4.063013077E0,-4.833501875E-1,1.147119141E1,1.217907775E1
1.013426558E1,-2.775674343E0,-6.699903607E-1,7.805387497E0,8.311277226E0
1.013664115E1,-1.526620865E0,-9.427721500E-1,1.160519028E1,1.174307592E1
1.013901672E1,4.943571568E0,-4.498506486E-1,1.023649502E1,1.137660299E1
1.014139230E1,-4.972285271E0,2.057827413E-1,8.528019905E0,9.873858965E0
1.014376787E1,2.493321180E0,-1.383051515E0,1.135155106E1,1.170415283E1
1.014614344E1,2.632105052E-1,-7.082754970E-1,8.480163574E0,8.513759933E0
1.014851901E1,-3.421736479E0,1.052841991E-1,1.079162979E1,1.132160054E1
1.015089459E1,4.776073933E0,-5.168496966E-1,1.084905815E1,1.186507811E1
1.015327016E1,-4.546362877E0,-6.508477330E-1,7.934599876E0,9.167927431E0
1.015564573E1,3.254238665E-1,-1.048056364E0,1.179183006E1,1.184278595E1
1.015802131E1,3.536591768E0,-5.647061467E-1,9.413364410E0,1.007163363E1
1.016039688E1,-5.058426857E0,1.674975902E-1,9.025727272E0,1.034792204E1
1.016277245E1,3.450450182E0,-1.062413216E0,1.136112213E1,1.192096575E1
1.016514802E1,-2.455035925E0,-5.934200287E-1,8.164310455E0,8.546070087E0
1.016752360E1,-1.852044702E0,-4.642075896E-1,1.186361504E1,1.201627729E1
1.016989917E1,4.666004181E0,-5.264210105E-1,9.887143135E0,1.094551568E1
1.017227474E1,-5.355136871E0,-2.967100143E-1,8.346165657E0,9.920887507E0
1.017465026E1,1.986042738E0,-1.172483087E0,1.174397373E1,1.196829150E1
1.017702589E1,1.000199914E0,-5.407779217E-1,8.743373871E0,8.816996500E0
1.017940146E1,-4.153940201E0,2.392822690E-2,1.009771156E1,1.091877148E1
1.018177704E1,4.240081787E0,-6.508477330E-1,1.116491032E1,1.196064876E1
1.018415261E1,-4.326223373E0,-5.551348329E-1,8.102097511E0,9.201541580E0
1.018652818E1,-3.828516230E-2,-1.019342422E0,1.179183006E1,1.183586841E1
1.018890375E1,3.737588882E0,-4.737788737E-1,9.600004196E0,1.031281327E1
1.019127933E1,-5.278566837E0,1.914258152E-1,8.786444664E0,1.025190331E1
1.019365490E1,3.172882795E0,-1.311266780E0,1.129890823E1,1.180897680E1
1.019603047E1,-1.775474429E0,-5.694918036E-1,8.437092781E0,8.640669243E0
1.019840599E1,-2.120040894E0,-7.657032460E-2,1.153340530E1,1.172688681E1
1.020078162E1,4.450650215E0,-4.450650215E-1,1.004028416E1,1.099152747E1
1.020315714E1,-5.240281582E0,-4.689932466E-1,8.159524918E0,9.708674091E0
1.020553276E1,1.952543259E0,-1.062413216E0,1.185404301E1,1.206065847E1
1.020790828E1,1.942971945E0,-4.881358147E-1,8.719446182E0,8.946628319E0
1.021028391E1,-4.350151539E0,1.052841991E-1,9.805787086E0,1.072792448E1
1.021265943E1,3.981656790E0,-1.014556766E0,1.094477081E1,1.169063404E1
1.021503500E1,-3.718446493E0,-5.168496966E-1,8.350951195E0,9.156001518E0
1.021741058E1,1.674975902E-1,-5.359922647E-1,1.216032505E1,1.217328421E1
1.021978615E1,4.106083870E0,-4.546363056E-1,8.977870941E0,9.882751922E0
1.022216167E1,-5.292923450E0,-2.871387079E-2,8.824729919E0,1.029037032E1
1.022453730E1,3.259024382E0,-1.311266780E0,1.158126163E1,1.210232546E1
1.022691287E1,-7.561319470E-1,-5.838487148E-1,8.666803360E0,8.719294428E0
1.022928844E1,-2.421536446E0,-2.201396823E-1,1.088255692E1,1.115088989E1
1.023166401E1,4.469792843E0,-6.125625968E-1,1.044706345E1,1.137960525E1
1.023403959E1,-4.953142643E0,-4.689932466E-1,8.279166222E0,9.659097786E0
1.023641516E1,1.852044702E0,-1.143769264E0,1.188754272E1,1.208519548E1
1.023879073E1,2.536391973E0,-5.072783828E-1,8.987442017E0,9.352257995E0
1.024116631E1,-4.718646049E0,0.000000000E0,9.509077072E0,1.061546830E1
1.024354188E1,3.857230186E0,-1.320838094E0,1.105484104E1,1.178271397E1
1.024591745E1,-3.148954630E0,-6.412764788E-1,8.595019341E0,9.176137981E0
1.024829302E1,-2.584248483E-1,-2.009970993E-1,1.197846985E1,1.198294301E1
1.025066860E1,3.857230186E0,-5.312066078E-1,9.126225471E0,9.922116535E0
1.025304417E1,-5.498706341E0,-6.029912829E-1,8.556734085E0,1.018906611E1
1.025541974E1,3.177668571E0,-9.762716293E-1,1.205982590E1,1.250959969E1
1.025779532E1,-6.221338734E-2,-4.689932466E-1,8.499305725E0,8.512462803E0
1.026017089E1,-3.369094372E0,-2.727817893E-1,1.039920712E1,1.093474807E1
1.026254641E1,3.909872293E0,-1.215553880E0,1.047577763E1,1.124751481E1
1.026492204E1,-4.651647091E0,-4.019941986E-1,8.824729919E0,9.983750705E0
1.026729761E1,1.737189293E0,-4.546363056E-1,1.208375454E1,1.221644975E1
1.026967318E1,2.273181438E0,-2.967100143E-1,8.331808090E0,8.641436034E0
1.027204875E1,-5.393422127E0,-4.642075896E-1,9.279366493E0,1.074295739E1
1.027442433E1,3.828516245E0,-1.177268744E0,1.157647610E1,1.224982845E1
1.027679990E1,-2.541177750E0,-5.216353536E-1,8.757730484E0,9.133867255E0
1.027917547E1,-1.115055323E0,-3.302095234E-1,1.131326580E1,1.137287869E1
1.028155104E1,3.651447296E0,-4.067798555E-1,9.489934921E0,1.017631574E1
1.028392662E1,-5.627918720E0,-2.057827413E-1,8.475378036E0,1.017584633E1
1.028630219E1,2.885744095E0,-1.292124271E0,1.187797165E1,1.229159528E1
1.028867776E1,4.785645306E-1,-3.589234054E-1,8.748159409E0,8.768588430E0
1.029105334E1,-3.833301783E0,-5.264209956E-2,1.021256733E1,1.090841442E1
1.029342891E1,3.838087559E0,-1.105484009E0,1.050449181E1,1.123820978E1
1.029580448E1,-4.460221291E0,-5.072783828E-1,8.633303642E0,9.730613398E0
1.029818006E1,1.540977836E0,2.392822690E-2,1.217946720E1,1.227658774E1
1.030055563E1,2.431107759E0,-5.407779217E-1,8.202595711E0,8.572356858E0
1.030293120E1,-5.465207100E0,-5.647061467E-1,9.207581520E0,1.072226371E1
1.030530678E1,3.986442566E0,-8.422735929E-1,1.187797165E1,1.255736277E1
1.030768235E1,-1.952543259E0,-2.392822653E-1,8.413164139E0,8.640081713E0
1.031005792E1,-1.550549030E0,-2.297109663E-1,1.094477081E1,1.105644507E1
1.031243349E1,3.670589924E0,-8.997012973E-1,9.638289452E0,1.035274439E1
1.031480907E1,-5.197210789E0,-3.732803464E-1,8.805587769E0,1.023175030E1
1.031718464E1,3.297309637E0,-6.747759581E-1,1.211725426E1,1.257598601E1
1.031956021E1,8.279166222E-1,-7.178468257E-2,8.111668587E0,8.154125719E0
1.032193578E1,-4.374079704E0,-3.254238665E-1,1.000678444E1,1.092585048E1
1.032431136E1,4.211368084E0,-1.177268744E0,1.089212894E1,1.173712298E1
1.032668693E1,-3.488735437E0,-3.541377485E-1,8.934800148E0,9.598298921E0
1.032906250E1,1.028913736E0,-4.019941986E-1,1.150947666E1,1.156236636E1
1.033143802E1,2.957528830E0,-4.402793646E-1,8.733802795E0,9.231475178E0
1.033381365E1,-5.426921844E0,-2.584248483E-1,8.805587769E0,1.034681787E1
1.033618922E1,3.919443607E0,-9.379864931E-1,1.192582798E1,1.258837678E1
1.033856480E1,-9.571290612E-1,-2.440679073E-1,8.470592499E0,8.527989356E0
1.034094037E1,-2.344966173E0,-4.546363056E-1,1.067677498E1,1.094070768E1
1.034331594E1,4.058227062E0,-1.019342422E0,1.000199890E1,1.084196697E1
1.034569151E1,-4.785645485E0,-2.775674164E-1,8.891729355E0,1.010159875E1
1.034806709E1,2.799602509E0,-5.312066078E-1,1.178704453E1,1.212659776E1
1.035044266E1,1.521835208E0,-1.244267747E-1,8.264809608E0,8.404673836E0
1.035281823E1,-4.900500774E0,-4.737788737E-1,9.422935486E0,1.063160794E1
1.035519381E1,4.058227062E0,-1.086341500E0,1.139462185E1,1.214441237E1
1.035756938E1,-2.723032236E0,-3.062812984E-1,8.896514893E0,9.308957516E0
1.035994495E1,-1.914258152E-1,-3.445664644E-1,1.123669529E1,1.124360667E1
1.036232053E1,3.158525944E0,-7.322037220E-1,8.997013092E0,9.563401749E0
1.036469610E1,-5.455635548E0,-3.589234054E-1,8.949156761E0,1.048714413E1
1.036707167E1,3.818944931E0,-8.279166222E-1,1.218425274E1,1.279553833E1
1.036944724E1,-6.556333899E-1,9.571290575E-3,8.092526436E0,8.119047411E0
1.037182282E1,-3.565305710E0,-4.929214716E-1,1.043270683E1,1.103611110E1
1.037419839E1,3.914657831E0,-1.119840980E0,1.054756260E1,1.130617825E1
1.037657396E1,-4.369294167E0,-2.919243574E-1,9.044869423E0,1.004915988E1
1.037894954E1,1.890329838E0,-4.785645306E-1,1.155733299E1,1.172067902E1
1.038132511E1,1.674975872E0,-5.024927258E-1,8.489734650E0,8.667966171E0
1.038370068E1,-5.450850010E0,-4.211367965E-1,9.375079155E0,1.085270617E1
1.038607625E1,4.072584152E0,-9.092726111E-1,1.185882950E1,1.257157728E1
1.038845183E1,-2.522035122E0,-1.292124242E-1,8.580661774E0,8.944557758E0
1.039082740E1,-1.421336651E0,-4.833501875E-1,1.101655579E1,1.111837788E1
1.039320297E1,3.354737282E0,-9.523434043E-1,9.561718941E0,1.017780376E1
1.039557855E1,-5.326423168E0,-1.483550072E-1,9.035298347E0,1.048949042E1
1.039795412E1,3.287738323E0,-6.508477330E-1,1.182054424E1,1.228650041E1
1.040032969E1,-1.244267747E-1,-2.057827413E-1,8.020741463E0,8.024345591E0
1.040270521E1,-4.249652863E0,-2.392822653E-1,1.026042366E1,1.110824465E1
1.040508078E1,4.106083870E0,-1.086341500E0,1.091605663E1,1.171325553E1
1.040745636E1,-3.814159393E0,-2.153540403E-1,9.073583603E0,9.845004248E0
1.040983193E1,1.071984529E0,-4.307080805E-1,1.138983536E1,1.144827541E1
1.041220745E1,2.306680918E0,-5.407779217E-1,8.566305161E0,8.887901986E0
1.041458313E1,-5.565705299E0,-3.062812984E-1,9.078369141E0,1.065305918E1
1.041695865E1,4.249652863E0,-8.374879360E-1,1.214596748E1,1.289517203E1
1.041933422E1,-1.799402595E0,-1.770688742E-1,8.140382767E0,8.338766976E0
1.042170980E1,-2.100898266E0,-2.249253243E-1,1.090648556E1,1.110926605E1
1.042408537E1,3.718446493E0,-1.167697430E0,9.719645500E0,1.047195637E1
1.042646094E1,-4.838287354E0,-3.349951804E-1,9.140582085E0,1.034753532E1
1.042883651E1,3.077169895E0,-5.551348329E-1,1.189711380E1,1.230115710E1
1.043121209E1,8.279166222E-1,-2.632105052E-1,8.044670105E0,8.091442566E0
1.043358766E1,-4.795216560E0,-1.435693540E-2,9.815358162E0,1.092408183E1
1.043596323E1,4.254438877E0,-1.359123230E0,1.113141060E1,1.199398883E1
1.043833881E1,-2.857030153E0,-2.775674164E-1,9.020941734E0,9.466628478E0
1.044071438E1,3.828516230E-2,-4.498506486E-1,1.138983536E1,1.139877980E1
1.044308995E1,3.177668571E0,-8.614161611E-1,8.872586250E0,9.463741444E0
1.044546553E1,-5.436492920E0,-4.833501875E-1,9.126225471E0,1.063377045E1
1.044784110E1,4.101297855E0,-7.034898400E-1,1.211725426E1,1.281184580E1
1.045021667E1,-7.896314859E-1,-1.244267747E-1,8.054241180E0,8.093812507E0
1.045259224E1,-3.469592810E0,-5.982056856E-1,1.049970531E1,1.107428264E1
1.045496782E1,4.130012035E0,-1.229910851E0,1.060499001E1,1.144707356E1
1.045734339E1,-3.967299938E0,-3.206382394E-1,9.198010445E0,1.002225892E1
1.045971896E1,1.880758643E0,-5.982056856E-1,1.142812061E1,1.159728606E1
1.046209454E1,1.789831281E0,-6.508477330E-1,8.523234367E0,8.733419884E0
1.046447011E1,-5.446064472E0,-5.551348329E-1,9.375079155E0,1.085633005E1
1.046684568E1,4.426722050E0,-9.906286001E-1,1.204546928E1,1.287130698E1
1.046922125E1,-2.354537487E0,-3.014956415E-1,8.384450912E0,8.713998135E0
1.047159683E1,-1.507478237E0,-3.732803464E-1,1.108355427E1,1.119182756E1
1.047397240E1,3.369094372E0,-1.210768223E0,9.394221306E0,1.005326566E1
1.047634797E1,-5.077569485E0,-4.737788737E-1,9.351150513E0,1.065130012E1
1.047872355E1,3.445664644E0,-5.168496966E-1,1.206939697E1,1.256224828E1
1.048109912E1,3.828516230E-2,-2.201396823E-1,7.791030407E0,7.794233897E0
1.048347469E1,-4.718646049E0,-8.614161611E-1,9.978070259E0,1.107111306E1
1.048585026E1,4.268795490E0,-1.014556766E0,1.159561825E1,1.239799592E1
1.048822584E1,-3.541377544E0,-1.339980662E-1,8.925228119E0,9.603072809E0
1.049060141E1,4.402793646E-1,-5.264210105E-1,1.105484104E1,1.107612186E1
1.049297698E1,2.402393818E0,-1.071984529E0,8.848658562E0,9.231435708E0
1.049535256E1,-5.532206059E0,-3.828516304E-1,9.456435204E0,1.096248357E1
1.049772813E1,4.173082829E0,-5.120640397E-1,1.207418346E1,1.278525464E1
1.050010370E1,-1.579262972E0,6.699903309E-2,7.767102242E0,7.926312991E0
1.050247928E1,-3.254238844E0,-1.105484009E0,1.061456108E1,1.115710860E1
1.050485485E1,4.149154663E0,-8.422735929E-1,1.071027374E1,1.151672145E1
1.050723042E1,-4.436293125E0,0.000000000E0,9.044869423E0,1.007424238E1
1.050960599E1,2.158325911E0,-5.359922647E-1,1.127019501E1,1.148751296E1
1.051198157E1,1.081555843E0,-6.508477330E-1,8.461020470E0,8.554661490E0
1.051435714E1,-5.240281582E0,-5.264210105E-1,9.590433121E0,1.094139285E1
1.051673271E1,4.584648132E0,-7.034898400E-1,1.189711380E1,1.276930747E1
1.051910829E1,-2.617748022E0,2.727817893E-1,8.135597229E0,8.550728442E0
1.052148386E1,-1.368694544E0,-9.762716293E-1,1.099741268E1,1.112517491E1
1.052385943E1,3.507878065E0,-9.140582681E-1,9.647860527E0,1.030640208E1
1.052623500E1,-4.876572609E0,-9.092725813E-2,9.154939651E0,1.037314553E1
1.052861058E1,3.646661758E0,-5.982056856E-1,1.156690502E1,1.214286967E1
1.053098615E1,-1.674975902E-1,-2.584248483E-1,8.078168869E0,8.084036809E0
1.053336167E1,-4.230510235E0,-6.364908218E-1,9.944570541E0,1.082574804E1
1.053573730E1,4.479363918E0,-7.992027402E-1,1.144726372E1,1.231841194E1
1.053811287E1,-3.412165165E0,-5.742774159E-2,8.752944946E0,9.394690750E0
1.054048844E1,7.178468108E-1,-6.125625968E-1,1.109312534E1,1.113319212E1
1.054286401E1,2.708675146E0,-9.523434043E-1,8.901300430E0,9.352915500E0
1.054523959E1,-5.245067120E0,-2.632105052E-1,9.260223389E0,1.064573840E1
1.054761516E1,4.369294167E0,-7.609176040E-1,1.180140114E1,1.260725172E1
1.054999073E1,-1.416550994E0,-1.531406492E-1,8.149953842E0,8.273561289E0
1.055236631E1,-2.727817774E0,-4.689932466E-1,1.067677498E1,1.102970845E1
1.055474188E1,4.101297855E0,-1.158126116E0,1.033699417E1,1.118102628E1
1.055711745E1,-4.192225456E0,-3.349951804E-1,9.293723106E0,1.020099335E1
1.055949302E1,2.411965132E0,-6.364908218E-1,1.157169056E1,1.183751320E1
1.056186860E1,1.435693622E0,-4.019941986E-1,8.360522270E0,8.492417097E0
1.056424417E1,-5.139782906E0,-4.259224236E-1,9.413364410E0,1.073360181E1
1.056661969E1,4.421936035E0,-1.100698471E0,1.189232826E1,1.273548299E1
1.056899532E1,-2.555534601E0,-2.632105052E-1,8.518448830E0,8.897415767E0
1.057137084E1,-9.619147182E-1,-7.848458290E-1,1.098305607E1,1.105299885E1
1.057374641E1,3.440878868E0,-9.332008362E-1,9.729216576E0,1.036186114E1
1.057612198E1,-5.111069202E0,-3.014956415E-1,9.059226990E0,1.040593685E1
1.057849750E1,3.584448338E0,-6.699903607E-1,1.180140114E1,1.235193207E1
1.058087313E1,-1.914258152E-1,-3.732803464E-1,8.173882484E0,8.184640305E0
1.058324870E1,-4.244867325E0,-5.838487148E-1,1.002592659E1,1.090316385E1
1.058562428E1,4.168296814E0,-1.100698471E0,1.113141060E1,1.193710758E1
1.058799985E1,-3.670589924E0,-2.009970993E-1,9.020941734E0,9.741202184E0
1.059037542E1,8.614161611E-1,-5.694918036E-1,1.133719349E1,1.138412557E1
1.059275099E1,2.388036966E0,-9.906286001E-1,8.666803360E0,9.044199581E0
1.059512657E1,-5.484349728E0,-3.684946895E-1,9.461220741E0,1.094205548E1
1.059750214E1,4.268795490E0,-6.604190469E-1,1.197368431E1,1.272901741E1
1.059987771E1,-1.756331801E0,1.483550072E-1,8.015955925E0,8.207451492E0
1.060225329E1,-2.732603550E0,-1.019342422E0,1.068156052E1,1.107257496E1
1.060462886E1,4.010370731E0,-8.279166222E-1,1.043270683E1,1.120758186E1
1.060700443E1,-4.460221291E0,-5.264209956E-2,9.140582085E0,1.017086948E1
1.060938000E1,2.670390129E0,-6.221339107E-1,1.135155106E1,1.167800263E1
1.061175558E1,8.757730722E-1,-7.322037220E-1,8.283951759E0,8.362234003E0
1.061413115E1,-4.948357105E0,-4.115654826E-1,9.839286804E0,1.102121540E1
1.061650672E1,4.565505505E0,-7.130611539E-1,1.177747345E1,1.265152867E1
1.061888230E1,-2.938386202E0,2.632105052E-1,8.279166222E0,8.789083375E0
1.062125787E1,-6.221339107E-1,-7.657032609E-1,1.101177025E1,1.105587790E1
1.062363344E1,3.349951744E0,-1.024128079E0,9.327222824E0,9.963337825E0
1.062600901E1,-4.934000492E0,-6.221338734E-2,9.274580956E0,1.050552632E1
1.062838459E1,4.048655987E0,-5.934200287E-1,1.156690502E1,1.226935428E1
1.063076016E1,-8.422735929E-1,-1.100698411E-1,8.020741463E0,8.065595687E0
1.063313573E1,-3.555734396E0,-4.594219327E-1,1.021256733E1,1.082362449E1
1.063551131E1,4.417150497E0,-8.997012973E-1,1.090648556E1,1.180136044E1
1.063788688E1,-3.713660717E0,-1.292124242E-1,9.078369141E0,9.809421901E0
1.064026245E1,1.737189293E0,-5.264210105E-1,1.118883896E1,1.133512519E1
1.064263802E1,2.038684845E0,-7.704889178E-1,8.441878319E0,8.718669544E0
1.064501360E1,-5.096712112E0,-3.302095234E-1,9.533005714E0,1.081497622E1
1.064738917E1,4.723432064E0,-6.939185858E-1,1.183011532E1,1.275711417E1
1.064976474E1,-2.306680918E0,2.488535494E-1,8.121239662E0,8.446137496E0
1.065214026E1,-1.741974831E0,-9.475577474E-1,1.076770210E1,1.094877850E1
1.065451589E1,3.871587038E0,-8.518448472E-1,9.973284721E0,1.073225205E1
1.065689146E1,-4.541577339E0,-6.699903309E-2,9.198010445E0,1.025835317E1
1.065926704E1,3.450450182E0,-6.652047038E-1,1.136112213E1,1.189214866E1
1.066164256E1,3.349951655E-2,-6.843472719E-1,8.145168304E0,8.173935412E0
1.066401818E1,-4.398007870E0,-6.556333899E-1,1.012642574E1,1.105969379E1
1.066639375E1,4.737788677E0,-7.130611539E-1,1.145683479E1,1.241829945E1
1.066876933E1,-3.479164124E0,3.014956415E-1,8.580661774E0,9.264083284E0
1.067114490E1,4.019941986E-1,-1.028913736E0,1.116491032E1,1.121942446E1
1.067352047E1,2.665604353E0,-1.033699393E0,8.896514893E0,9.344621888E0
1.067589604E1,-5.044070244E0,-1.627119333E-1,9.442078590E0,1.070616495E1
1.067827162E1,4.417150497E0,-7.322037220E-1,1.172961617E1,1.255512788E1
1.068064719E1,-2.057827473E0,-1.914258152E-1,8.015955925E0,8.278094415E0
1.068302276E1,-2.751745939E0,-8.279166222E-1,1.064327526E1,1.102437572E1
1.068539834E1,4.211368084E0,-7.848458290E-1,1.063848972E1,1.146861228E1
1.068777391E1,-4.436293125E0,-9.571290575E-3,9.049654961E0,1.007854370E1
1.069014948E1,2.584248543E0,-7.034898400E-1,1.124626637E1,1.156078482E1
1.069252506E1,7.226324677E-1,-8.853443861E-1,8.212167740E0,8.291304563E0
1.069490063E1,-4.852644444E0,-3.637090325E-1,9.939785004E0,1.106705780E1
1.069727610E1,4.728217602E0,-7.657032609E-1,1.168175983E1,1.262560319E1
1.069965178E1,-3.397808075E0,-8.614161611E-2,8.293522835E0,8.962981708E0
1.070202735E1,-4.594219327E-1,-2.440679073E-1,1.123190975E1,1.124395101E1
1.070440292E1,2.952743053E0,-1.095912814E0,9.059226990E0,9.591105780E0
1.070677849E1,-5.005784988E0,-2.679961324E-1,9.580862045E0,1.081307647E1
1.070915407E1,4.005585194E0,-6.364908218E-1,1.166261768E1,1.234773196E1
1.071152959E1,-1.268195987E0,-1.722832322E-1,7.939385414E0,8.041880584E0
1.071390516E1,-3.646661758E0,-6.460621357E-1,1.054277611E1,1.117433069E1
1.071628078E1,4.532006264E0,-8.709874153E-1,1.086341476E1,1.180302843E1
1.071865636E1,-4.201796532E0,3.349951655E-2,8.930013657E0,9.869212746E0
1.072103188E1,1.780260086E0,-7.896314859E-1,1.119362450E1,1.136178125E1
1.072340745E1,1.454836130E0,-7.322037220E-1,8.489734650E0,8.644551167E0
1.072578308E1,-5.010570526E0,-2.297109663E-1,9.695717812E0,1.091629644E1
1.072815860E1,4.718646049E0,-6.412764788E-1,1.167218876E1,1.260622253E1
1.073053417E1,-3.014956474E0,-8.614161611E-2,8.173882484E0,8.712619456E0
1.073290974E1,-1.435693622E0,-8.374879360E-1,1.098305607E1,1.110811068E1
1.073528532E1,3.718446493E0,-7.465606928E-1,9.887143135E0,1.058960795E1
1.073766089E1,-4.747360229E0,3.349951655E-2,9.140582085E0,1.029994137E1
1.074003646E1,3.426522017E0,-7.369893789E-1,1.137547874E1,1.190318122E1
1.074241204E1,-5.982056856E-1,-7.082754970E-1,8.035098076E0,8.088405610E0
1.074478761E1,-4.063013077E0,-5.742774606E-1,1.045184898E1,1.122849131E1
1.074716318E1,4.795216560E0,-7.513462901E-1,1.136590767E1,1.235890287E1
1.074953875E1,-4.072584152E0,-3.349951655E-2,8.532805443E0,9.454936944E0
1.075191433E1,8.805587292E-1,-6.843472719E-1,1.127019501E1,1.132523776E1
1.075428990E1,2.062613010E0,-1.038485050E0,8.719446182E0,9.020064598E0
1.075666547E1,-4.914857864E0,-2.536391914E-1,9.829715729E0,1.099288279E1
1.075904104E1,4.584648132E0,-7.274180651E-1,1.153819084E1,1.243696038E1
1.076141662E1,-2.699103832E0,-2.823530734E-1,8.111668587E0,8.553598776E0
1.076379219E1,-2.301895380E0,-1.110269666E0,1.093041420E1,1.122521161E1
1.076616776E1,4.220939159E0,-8.039883971E-1,1.038006496E1,1.123425447E1
1.076854334E1,-4.771288395E0,3.828516230E-2,9.073583603E0,1.025166221E1
1.077091891E1,2.904886723E0,-7.082754970E-1,1.138983536E1,1.177575350E1
1.077329448E1,-3.110669553E-1,-1.081555843E0,8.106883049E0,8.184624516E0
1.077567006E1,-4.283152580E0,-5.359922647E-1,1.049013424E1,1.134352679E1
1.077804563E1,4.895715237E0,-6.652047038E-1,1.137069321E1,1.239770902E1
1.078042120E1,-4.082155228E0,-7.657032460E-2,8.389236450E0,9.330012998E0
1.078279678E1,9.571290575E-3,-1.153340459E0,1.126062298E1,1.131953690E1
1.078517235E1,2.641676188E0,-7.417750359E-1,9.298508644E0,9.694892794E0
1.078754792E1,-4.814359188E0,6.221338734E-2,9.547362328E0,1.069271024E1
1.078992349E1,4.240081787E0,-6.987041831E-1,1.138504982E1,1.216905257E1
1.079229907E1,-2.632104874E0,-5.934200287E-1,8.011170387E0,8.453341018E0
1.079467464E1,-2.770888567E0,-8.901300430E-1,1.093998528E1,1.132048730E1
1.079705021E1,4.646861553E0,-6.173482537E-1,1.070070267E1,1.168244318E1
1.079942578E1,-4.579862595E0,4.881358147E-1,8.671588898E0,9.818852885E0
1.080180136E1,2.206182480E0,-9.762716293E-1,1.119841003E1,1.145533652E1
1.080417693E1,2.344966233E-1,-9.188438654E-1,8.269595146E0,8.323789197E0
1.080655250E1,-4.163511276E0,-1.531406492E-1,1.056191921E1,1.135396035E1
1.080892808E1,4.967499733E0,-5.838487148E-1,1.119841003E1,1.226463698E1
1.081130365E1,-4.010370731E0,-3.062812984E-1,8.121239662E0,9.062638429E0
1.081367922E1,-4.019941986E-1,-1.048056364E0,1.116491032E1,1.122119619E1
1.081605480E1,3.455235958E0,-5.599204898E-1,9.801001549E0,1.040729541E1
1.081843037E1,-4.685146809E0,6.652047038E-1,9.284152031E0,1.042058429E1
1.082080594E1,3.790230989E0,-8.949156404E-1,1.098305607E1,1.165307880E1
1.082318151E1,-2.096112728E0,-8.805587292E-1,7.958528042E0,8.276910102E0
1.082555709E1,-2.574677229E0,-4.354937077E-1,1.144726372E1,1.174131442E1
1.082793266E1,5.082355499E0,-5.455635786E-1,1.038485050E1,1.157467481E1
1.083030823E1,-4.804787636E0,1.052841991E-1,8.504091263E0,9.768143999E0
1.083268381E1,1.919043779E0,-1.196411371E0,1.116969585E1,1.139632549E1
1.083505938E1,1.052842021E0,-5.216353536E-1,8.676374435E0,8.755572689E0
1.083743495E1,-4.029513359E0,7.178468257E-2,1.027956581E1,1.104135880E1
1.083981052E1,4.833501816E0,-4.881358147E-1,1.103569794E1,1.205767993E1
1.084218610E1,-3.924229145E0,-6.556333899E-1,8.011170387E0,8.944734792E0
1.084456167E1,-5.934200287E-1,-1.095912814E0,1.128455162E1,1.135316156E1
1.084693724E1,3.933800459E0,-6.795616150E-1,9.963713646E0,1.073369366E1
1.084931282E1,-4.847858906E0,6.460621357E-1,8.977870941E0,1.022356586E1
1.085168839E1,3.407379389E0,-1.071984529E0,1.107398319E1,1.163582781E1
1.085406396E1,-1.813759565E0,-8.566305041E-1,8.035098076E0,8.281687067E0
1.085643948E1,-2.627319336E0,-4.737788737E-1,1.151904774E1,1.182437035E1
1.085881506E1,5.134997368E0,-6.173482537E-1,1.041356373E1,1.162719340E1
1.086119063E1,-4.910071850E0,-2.919243574E-1,8.322237015E0,9.667143028E0
1.086356620E1,1.339980721E0,-1.296909928E0,1.131805134E1,1.147064993E1
1.086594178E1,1.617548108E0,-6.460621357E-1,9.202795982E0,9.366179160E0
1.086831735E1,-4.278367043E0,5.120640397E-1,9.891928673E0,1.078966575E1
1.087069292E1,4.273581028E0,-1.028913736E0,1.082034397E1,1.167912676E1
1.087306849E1,-3.823730469E0,-8.614161611E-1,8.207381248E0,9.095276766E0
1.087544407E1,-6.747759581E-1,-6.317051649E-1,1.198325539E1,1.201885118E1
1.087781964E1,4.254438877E0,-5.934200287E-1,9.480362892E0,1.040815440E1
1.088019521E1,-5.259424210E0,-1.435693540E-2,8.776873589E0,1.023207013E1
1.088257078E1,2.962314367E0,-1.320838094E0,1.130848026E1,1.176442287E1
1.088494636E1,-1.143769264E0,-4.929214716E-1,8.580661774E0,8.670578769E0
1.088732193E1,-2.737389088E0,-8.135596663E-2,1.097827053E1,1.131469583E1
1.088969750E1,4.694717884E0,-4.307080805E-1,1.046142101E1,1.147463355E1
1.089207308E1,-4.948357105E0,-6.843472719E-1,8.264809608E0,9.657207003E0
1.089444865E1,1.478764415E0,-9.284151793E-1,1.168654537E1,1.181626175E1
1.089682422E1,2.321038008E0,-6.364908218E-1,9.035298347E0,9.350345139E0
1.089919980E1,-4.560719967E0,1.914258152E-1,9.623932838E0,1.065161461E1
1.090157537E1,4.067798615E0,-5.216353536E-1,1.116969585E1,1.189878962E1
1.090395094E1,-3.393022537E0,-6.939185858E-1,8.130811691E0,8.837659402E0
1.090632651E1,-8.757730722E-1,-8.757730722E-1,1.163390350E1,1.169964391E1
1.090870209E1,4.651647091E0,-4.546363056E-1,9.978070259E0,1.101845728E1
1.091107766E1,-5.082355499E0,1.100698411E-1,8.633303642E0,1.001880155E1
1.091345323E1,2.919243574E0,-1.335195065E0,1.123669529E1,1.168623335E1
1.091582881E1,-5.407779217E-1,-5.694918036E-1,8.719446182E0,8.754741767E0
1.091820438E1,-2.699103832E0,3.158525825E-1,1.087777138E1,1.121208431E1
1.092057995E1,4.632504463E0,-7.369893789E-1,1.032263660E1,1.133843364E1
1.092295552E1,-4.728217602E0,-6.987041831E-1,8.446663857E0,9.705171793E0
1.092533110E1,1.526620865E0,-7.274180651E-1,1.192582798E1,1.204512687E1
1.092770667E1,2.828316450E0,-5.407779217E-1,8.834300995E0,9.291753805E0
1.093008224E1,-4.685146809E0,1.914258115E-2,9.466006279E0,1.056201884E1
1.093245782E1,3.933800459E0,-1.354337573E0,1.109791183E1,1.185211641E1
1.093483339E1,-2.967100143E0,-4.594219327E-1,8.623732567E0,9.131457450E0
1.093720896E1,-5.599204898E-1,-3.684946895E-1,1.162433243E1,1.164364220E1
1.093958454E1,4.302295208E0,-3.397808075E-1,9.518648148E0,1.045130889E1
1.094196011E1,-5.402993679E0,-5.120640397E-1,8.556734085E0,1.013273154E1
1.094433568E1,3.005385160E0,-1.071984529E0,1.160519028E1,1.203586026E1
1.094671125E1,-4.785645287E-3,-6.221339107E-1,8.671588898E0,8.693878738E0
1.094908683E1,-3.306880951E0,-9.092725813E-2,1.049970531E1,1.100852129E1
1.095146240E1,4.163511276E0,-8.374879360E-1,1.046620655E1,1.129502952E1
1.095383797E1,-4.704289436E0,-5.455635786E-1,8.542376518E0,9.767301331E0
1.095621354E1,1.258624673E0,-8.135597110E-1,1.199282742E1,1.208610462E1
1.095858912E1,2.751745939E0,-5.072783828E-1,8.772088051E0,9.207549394E0
1.096096469E1,-5.173282623E0,-2.584248483E-1,9.265008926E0,1.061461384E1
1.096334026E1,3.665804386E0,-1.158126116E0,1.134197903E1,1.197580336E1
1.096571584E1,-2.938386202E0,-5.024927258E-1,8.585447311E0,9.088262647E0
1.096809141E1,-9.954141974E-1,-4.019941986E-1,1.148554897E1,1.153560939E1
1.097046698E1,3.857230186E0,-5.742774606E-1,9.547362328E0,1.031310558E1
1.097284250E1,-5.656632900E0,-3.302095234E-1,8.561519623E0,1.026674984E1
1.097521813E1,2.794816732E0,-1.143769264E0,1.174397373E1,1.212601038E1
1.097759370E1,-4.785645381E-2,-4.689932466E-1,8.690732002E0,8.703508927E0
1.097996922E1,-3.661018610E0,-1.579262912E-1,1.034177971E1,1.097180047E1
1.098234480E1,3.929014683E0,-1.162911773E0,1.040877819E1,1.118624976E1
1.098472042E1,-4.852644444E0,-4.833501875E-1,8.762516975E0,1.002813488E1
1.098709594E1,1.603191137E0,-5.072783828E-1,1.203589821E1,1.215279387E1
1.098947151E1,2.282752752E0,-1.770688742E-1,8.475378036E0,8.779199643E0
1.099184709E1,-5.441278458E0,-5.120640397E-1,9.202795982E0,1.070332541E1
1.099422266E1,3.823730469E0,-1.115055323E0,1.161954689E1,1.228324603E1
1.099659823E1,-2.536391973E0,-4.833501875E-1,8.671588898E0,9.047837623E0
1.099897381E1,-9.571290612E-1,-3.684946895E-1,1.116969585E1,1.121668355E1
1.100134938E1,3.579662561E0,-7.609176040E-1,9.470791817E0,1.015326929E1
1.100372495E1,-5.469992638E0,-3.206382394E-1,8.752944946E0,1.032655187E1
1.100610052E1,3.302095175E0,-9.140582681E-1,1.188754272E1,1.237145938E1
1.100847610E1,4.785645381E-2,-3.541377485E-1,8.417949677E0,8.425531469E0
1.101085167E1,-3.426522017E0,-4.402793646E-1,1.037049294E1,1.093078326E1
1.101322724E1,4.307080746E0,-1.048056364E0,1.053799057E1,1.143234936E1
1.101560282E1,-4.378865242E0,-3.876372576E-1,8.834300995E0,9.867603433E0
1.101797839E1,1.928615093E0,-5.359922647E-1,1.171047401E1,1.188032178E1
1.102035396E1,2.316252232E0,-4.977070987E-1,8.604590416E0,8.924780837E0
1.102272954E1,-5.044070244E0,-3.684946895E-1,9.327222824E0,1.061016110E1
1.102510511E1,4.139583111E0,-1.081555843E0,1.165783215E1,1.241817063E1
1.102748068E1,-2.206182480E0,-3.732803464E-1,8.863015175E0,9.141094975E0
1.102985625E1,-7.704889178E-1,-4.689932466E-1,1.112183952E1,1.115835661E1
1.103223183E1,3.766302824E0,-1.019342422E0,9.394221306E0,1.017229030E1
1.103460740E1,-5.326423168E0,-3.397808075E-1,9.054440498E0,1.051042946E1
1.103698297E1,3.804588079E0,-7.274180651E-1,1.193061352E1,1.254366639E1
1.103935854E1,-1.483550072E-1,-4.785645381E-2,8.202595711E0,8.204076782E0
1.104173412E1,-3.723232031E0,-6.077769399E-1,1.033699417E1,1.100387650E1
1.104410969E1,4.321437836E0,-1.095912814E0,1.075813103E1,1.164530949E1
1.104648526E1,-4.077369690E0,-3.014956415E-1,9.040083885E0,9.921640986E0
1.104886084E1,1.875972986E0,-4.594219327E-1,1.140897846E1,1.157130644E1
1.105123641E1,1.818545222E0,-6.029912829E-1,8.551948547E0,8.763933430E0
1.105361193E1,-5.359922886E0,-4.259224236E-1,9.432506561E0,1.085736447E1
1.105598756E1,4.393222332E0,-8.279166222E-1,1.182054424E1,1.263768628E1
1.105836313E1,-2.574677229E0,-1.244267747E-1,8.580661774E0,8.959475505E0
1.106073870E1,-1.153340459E0,-3.158525825E-1,1.104048347E1,1.110505436E1
1.106311428E1,3.354737282E0,-1.134197950E0,9.217152596E0,9.874035102E0
1.106548985E1,-5.345565796E0,-2.249253243E-1,9.255437851E0,1.069059376E1
1.106786542E1,3.694518089E0,-6.029912829E-1,1.183968639E1,1.241737639E1
1.107024099E1,-7.130611539E-1,-8.614161611E-2,8.015955925E0,8.048069705E0
1.107261657E1,-4.048655987E0,-2.009970993E-1,1.036570740E1,1.113013499E1
1.107499214E1,4.005585194E0,-1.115055323E0,1.061456108E1,1.139986702E1
1.107736771E1,-3.981656790E0,-2.201396823E-1,9.135796547E0,9.968190950E0
1.107974329E1,1.473978758E0,-4.354937077E-1,1.122233772E1,1.132709725E1
1.108211886E1,1.660618901E0,-7.082754970E-1,8.389236450E0,8.581293465E0
1.108449443E1,-5.599205017E0,-3.493520916E-1,9.523433685E0,1.105300560E1
1.108687000E1,4.575077057E0,-5.934200287E-1,1.170568848E1,1.258199587E1
1.108924558E1,-2.670390129E0,2.919243574E-1,8.178668022E0,8.608531459E0
1.109162110E1,-1.603191137E0,-9.762716293E-1,1.089691448E1,1.105739903E1
1.109399672E1,3.589233875E0,-7.752745152E-1,9.676574707E0,1.034986707E1
1.109637224E1,-4.934000492E0,4.307080805E-2,8.997013092E0,1.026121146E1
1.109874782E1,3.756731510E0,-6.125625968E-1,1.145683479E1,1.207258581E1
1.110112339E1,-7.417750359E-1,-6.460621357E-1,8.015955925E0,8.076086669E0
1.110349896E1,-3.952943087E0,-5.455635786E-1,1.036570740E1,1.110726287E1
1.110587454E1,4.675575256E0,-7.274180651E-1,1.115533924E1,1.211741452E1
1.110825011E1,-3.833301783E0,1.435693651E-1,8.551948547E0,9.372867153E0
1.111062568E1,1.383051515E0,-4.115654826E-1,1.119362450E1,1.128625035E1
1.111300125E1,2.062613010E0,-1.167697430E0,8.384450912E0,8.713030863E0
1.111537683E1,-4.986642361E0,-3.062812984E-1,9.705288887E0,1.091572456E1
1.111775240E1,4.895715237E0,-6.891329288E-1,1.157647610E1,1.258799947E1
1.112012797E1,-2.608176708E0,-1.052841991E-1,8.087740898E0,8.498542424E0
1.112250354E1,-1.607976794E0,-6.795616150E-1,1.101177025E1,1.114928147E1
1.112487912E1,3.976871252E0,-8.422735929E-1,9.700503349E0,1.051782748E1
1.112725469E1,-4.517649174E0,-7.178468257E-2,9.269794464E0,1.031229346E1
1.112963026E1,3.560520172E0,-7.226324677E-1,1.140419292E1,1.196892300E1
1.113200584E1,-3.684946895E-1,-7.609176040E-1,7.915457249E0,7.960480349E0
1.113438141E1,-4.048655987E0,-4.929214716E-1,1.045663452E1,1.122389382E1
1.113675698E1,4.981856823E0,-7.944171429E-1,1.124148083E1,1.232156188E1
1.113913256E1,-3.933800459E0,-2.871387079E-2,8.508877754E0,9.374252566E0
1.114150813E1,1.134197950E0,-4.163511395E-1,1.125583744E1,1.132049600E1
1.114388370E1,2.129612207E0,-1.143769264E0,8.585447311E0,8.919269130E0
1.114625928E1,-4.972285271E0,-2.919243574E-1,9.820143700E0,1.101108818E1
1.114863485E1,4.670789719E0,-6.508477330E-1,1.159561825E1,1.251791684E1
1.115101042E1,-2.507678032E0,-1.914258152E-1,7.996813297E0,8.382965816E0
1.115338599E1,-2.249253273E0,-7.034898400E-1,1.097827053E1,1.122837754E1
1.115576157E1,4.206582069E0,-8.374879360E-1,1.016471100E1,1.103259119E1
1.115813714E1,-4.685146809E0,1.100698411E-1,9.087940216E0,1.022513439E1
1.116051271E1,3.101098061E0,-7.513462901E-1,1.128455162E1,1.172699602E1
1.116288829E1,-2.009970993E-1,-6.795616150E-1,8.140382767E0,8.171170994E0
1.116526386E1,-4.316651821E0,-3.972085714E-1,1.038006496E1,1.124886689E1
1.116763943E1,4.881358147E0,-5.790630579E-1,1.121755219E1,1.224730372E1
1.117001500E1,-4.072584152E0,-3.349951655E-2,8.422736168E0,9.355722765E0
1.117239058E1,2.967100143E-1,-1.071984529E0,1.119841003E1,1.125351389E1
1.117476615E1,2.526820660E0,-5.742774606E-1,9.150154114E0,9.509991459E0
1.117714172E1,-4.934000492E0,2.009970993E-1,9.528220177E0,1.073180975E1
1.117951730E1,4.225724697E0,-7.417750359E-1,1.137547874E1,1.215765175E1
1.118189287E1,-2.483749866E0,-6.795616150E-1,7.953742504E0,8.360193611E0
1.118426844E1,-2.445464849E0,-5.694918036E-1,1.125105190E1,1.152782669E1
1.118664401E1,4.575077057E0,-6.795616150E-1,1.031306553E1,1.130276314E1
1.118901959E1,-4.814359188E0,2.009970993E-1,8.800801277E0,1.003357151E1
1.119139516E1,2.603390932E0,-8.566305041E-1,1.134197903E1,1.166841671E1
1.119377073E1,1.244267747E-1,-7.178468108E-1,8.183453560E0,8.215819998E0
1.119614631E1,-4.110869408E0,-3.014956415E-1,1.058106136E1,1.135557161E1
1.119852188E1,4.967499733E0,-6.508477330E-1,1.116491032E1,1.223743759E1
1.120089745E1,-4.067798615E0,-2.823530734E-1,8.260024071E0,9.211661439E0
1.120327303E1,-1.292124242E-1,-1.076770186E0,1.127498055E1,1.132701709E1
1.120564854E1,3.139383316E0,-6.508477330E-1,9.489934921E0,1.001689549E1
1.120802412E1,-4.795216560E0,1.770688742E-1,9.394221306E0,1.054878425E1
1.121039969E1,4.015156269E0,-6.556333899E-1,1.148076344E1,1.218028177E1
1.121277526E1,-2.364108801E0,-7.657032609E-1,7.858029366E0,8.241597989E0
1.121515084E1,-2.560320139E0,-9.523434043E-1,1.109791183E1,1.142916639E1
1.121752641E1,4.895715237E0,-6.843472719E-1,1.076770210E1,1.184819680E1
1.121990198E1,-4.790431023E0,2.392822690E-2,8.580661774E0,9.827337300E0
1.122227756E1,2.254039049E0,-5.120640397E-1,1.143290615E1,1.166422928E1
1.122465313E1,3.445664644E-1,-1.119840980E0,8.240880966E0,8.323754499E0
1.122702870E1,-4.139583111E0,-3.972085714E-1,1.046142101E1,1.125767527E1
1.122940428E1,4.867001057E0,-7.704889178E-1,1.135155106E1,1.237493692E1
1.123177985E1,-3.924229145E0,-3.206382394E-1,8.145168304E0,9.046886203E0
1.123415542E1,-5.934200287E-1,-1.177268744E0,1.133719349E1,1.141359125E1
1.123653099E1,3.598805189E0,-7.561319470E-1,9.786644936E0,1.045473832E1
1.123890657E1,-4.938786030E0,1.627119333E-1,9.255437851E0,1.049195942E1
1.124128214E1,3.742374659E0,-5.982056856E-1,1.146162033E1,1.207194925E1
1.124365766E1,-2.038684845E0,-8.470591903E-1,7.939385414E0,8.240605920E0
1.124603329E1,-2.880958557E0,-8.853443861E-1,1.102612686E1,1.143062686E1
1.124840886E1,5.044070244E0,-6.556333899E-1,1.084427261E1,1.197792755E1
1.125078443E1,-4.795216560E0,-9.571290575E-3,8.561519623E0,9.812941033E0
1.125316000E1,1.536192179E0,-1.057627559E0,1.133240795E1,1.148485666E1
1.125553547E1,1.320838094E0,-8.039883971E-1,8.743373871E0,8.879053849E0
1.125791115E1,-4.364508629E0,1.914258115E-2,1.009771156E1,1.100059457E1
1.126028672E1,4.670789719E0,-7.896314859E-1,1.116012478E1,1.212386818E1
1.126266230E1,-3.747160196E0,-6.891329288E-1,8.073383331E0,8.927241015E0
1.126503787E1,-9.762716293E-1,-7.896314859E-1,1.153340530E1,1.160155430E1
1.126741344E1,4.249652863E0,-5.599204898E-1,9.820143700E0,1.071486270E1
1.126978901E1,-5.058426857E0,1.292124242E-1,8.863015175E0,1.020575407E1
1.127216459E1,3.177668571E0,-1.296909928E0,1.134197903E1,1.184989625E1
1.127454016E1,-1.000199914E0,-5.503492355E-1,8.374878883E0,8.452329884E0
1.127691573E1,-2.995813847E0,-2.153540403E-1,1.094955635E1,1.135403286E1
1.127929131E1,4.905286312E0,-4.977070987E-1,1.064327526E1,1.172982755E1
1.128166688E1,-4.733003139E0,-3.397808075E-1,8.226524353E0,9.496971762E0
1.128404245E1,1.067198873E0,-1.272981644E0,1.134676456E1,1.146771389E1
1.128641803E1,2.684746981E0,-6.125625968E-1,9.480362892E0,9.872202381E0
1.128879360E1,-4.589433670E0,1.579262912E-1,9.379864693E0,1.044364418E1
1.129116917E1,4.192225456E0,-4.737788737E-1,1.131805134E1,1.207880403E1
1.129354474E1,-3.144168854E0,-7.034898400E-1,7.925028801E0,8.554927073E0
1.129592032E1,-1.488335729E0,-9.379864931E-1,1.137069321E1,1.150598218E1
1.129829589E1,4.934000492E0,-5.838487148E-1,1.037527943E1,1.150355003E1
1.130067141E1,-4.919643402E0,3.349951655E-2,8.566305161E0,9.878542277E0
1.130304704E1,2.478964329E0,-1.316052437E0,1.129412270E1,1.163763144E1
1.130542256E1,2.440679073E-1,-6.891329288E-1,8.757730484E0,8.788191883E0
1.130779818E1,-3.426522017E0,6.699903309E-2,1.047099209E1,1.101758673E1
1.131017370E1,4.704289436E0,-6.125625968E-1,1.077248764E1,1.177081399E1
1.131254928E1,-4.345366001E0,-8.470591903E-1,8.202595711E0,9.321067071E0
1.131492485E1,3.254238665E-1,-9.284151793E-1,1.176790142E1,1.180895251E1
1.131730042E1,3.771088600E0,-6.604190469E-1,9.346364975E0,1.010008915E1
1.131967599E1,-4.981856823E0,1.292124242E-1,9.140582085E0,1.041085175E1
1.132205157E1,3.560520172E0,-1.196411371E0,1.119362450E1,1.180702898E1
1.132442714E1,-2.081755638E0,-5.790630579E-1,8.317451477E0,8.593545231E0
1.132680271E1,-2.067398787E0,-4.881358147E-1,1.139940739E1,1.159564156E1
1.132917829E1,4.967499733E0,-6.364908218E-1,1.027478027E1,1.143032300E1
1.133155386E1,-5.111069202E0,-4.977070987E-1,8.360522270E0,9.811680456E0
1.133392943E1,1.899901152E0,-9.667003751E-1,1.153819084E1,1.173345567E1
1.133630500E1,1.545763373E0,-6.508477330E-1,9.011369705E0,9.166120834E0
1.133868058E1,-4.249652863E0,4.785645381E-2,9.820143700E0,1.070032999E1
1.134105615E1,4.297509670E0,-1.038485050E0,1.087777138E1,1.174193130E1
1.134343172E1,-3.708875179E0,-5.455635786E-1,8.427521706E0,9.223693231E0
1.134580730E1,-5.312066078E-1,-6.987041831E-1,1.183968639E1,1.187217511E1
1.134818287E1,4.144368649E0,-5.838487148E-1,9.399007797E0,1.028873259E1
1.135055844E1,-5.230710506E0,-2.153540403E-1,8.796015739E0,1.023604429E1
1.135293401E1,3.125026464E0,-1.172483087E0,1.153340530E1,1.200666252E1
1.135530959E1,-9.332008362E-1,-5.359922647E-1,8.480163574E0,8.548176750E0
1.135768516E1,-2.914458036E0,-2.009970993E-1,1.080120182E1,1.118929963E1
1.136006068E1,4.584648132E0,-6.221339107E-1,1.054277611E1,1.151330435E1
1.136243631E1,-4.948357105E0,-5.216353536E-1,8.346165657E0,9.716831925E0
1.136481188E1,1.196411371E0,-9.619147182E-1,1.171047401E1,1.181066813E1
1.136718745E1,2.617748022E0,-5.647061467E-1,9.059226990E0,9.446750308E0
1.136956303E1,-4.852644444E0,1.292124242E-1,9.408578873E0,1.058707752E1
1.137193860E1,3.847658873E0,-1.201196909E0,1.106919765E1,1.178025847E1
1.137431417E1,-3.177668571E0,-4.211367965E-1,8.384450912E0,8.976299396E0
1.137668974E1,-1.095912814E0,-4.546363056E-1,1.164347458E1,1.170376945E1
1.137906532E1,4.474578381E0,-3.924229145E-1,9.738788605E0,1.072473081E1
1.138144089E1,-5.379065514E0,-1.292124242E-1,8.475378036E0,1.003907737E1
1.138381646E1,2.574677229E0,-1.244267821E0,1.145683479E1,1.180831185E1
1.138619204E1,1.435693651E-1,-5.934200287E-1,8.910871506E0,8.931763011E0
1.138856761E1,-3.536591768E0,-5.264209956E-2,1.019820976E1,1.079415281E1
1.139094318E1,4.512863636E0,-4.450650215E-1,1.078684425E1,1.170128326E1
1.139331875E1,-4.608576298E0,-5.790630579E-1,8.126026154E0,9.359839238E0
1.139569428E1,5.264210105E-1,-1.091127157E0,1.157647610E1,1.163969400E1
1.139806985E1,3.613162279E0,-4.689932466E-1,9.643074989E0,1.030843303E1
1.140044547E1,-5.015356064E0,1.292124242E-1,8.882157326E0,1.020113773E1
1.140282099E1,3.464807272E0,-1.296909928E0,1.125105190E1,1.184369173E1
1.140519657E1,-2.148754835E0,-6.125625968E-1,8.494520187E0,8.783464777E0
1.140757214E1,-1.603191137E0,-1.244267747E-1,1.137069321E1,1.148383071E1
1.140994771E1,4.527220249E0,-5.359922647E-1,9.944570541E0,1.093972094E1
1.141232329E1,-5.268995285E0,-6.364908218E-1,8.331808090E0,9.878585827E0
1.141469886E1,2.220539331E0,-8.853443861E-1,1.176311588E1,1.200356301E1
1.141707443E1,1.651047587E0,-5.599204898E-1,8.800801277E0,8.971821009E0
1.141945000E1,-4.297509670E0,-9.092725813E-2,9.734002113E0,1.064084838E1
1.142182558E1,4.115654945E0,-1.344766378E0,1.085862923E1,1.169003169E1
1.142420115E1,-3.780659676E0,-4.067798555E-1,8.633303642E0,9.433598953E0
1.142657672E1,7.178468257E-2,-5.503492355E-1,1.166261768E1,1.167581640E1
1.142895230E1,3.909872293E0,-2.967100143E-1,9.399007797E0,1.018412911E1
1.143132787E1,-5.446064472E0,-3.972085714E-1,8.647661209E0,1.022738663E1
1.143370344E1,3.349951744E0,-1.186840057E0,1.149033451E1,1.202740841E1
1.143607901E1,-9.236295223E-1,-5.599204898E-1,8.805587769E0,8.871582632E0
1.143845459E1,-2.723032236E0,-2.392822653E-1,1.066241741E1,1.100723878E1
1.144083016E1,4.316651821E0,-8.039883971E-1,1.029392338E1,1.119127959E1
1.144320573E1,-4.929214478E0,-4.354937077E-1,8.662017822E0,9.975838957E0
1.144558131E1,1.540977836E0,-7.752745152E-1,1.192104244E1,1.204520304E1
1.144795688E1,2.550748825E0,-5.168496966E-1,8.776873589E0,9.154614310E0
1.145033245E1,-4.905286312E0,-2.344966233E-1,9.332008362E0,1.054529291E1
1.145270803E1,3.948157310E0,-1.071984529E0,1.137069321E1,1.208427743E1
1.145508360E1,-3.182454109E0,-4.115654826E-1,8.446663857E0,9.035680971E0
1.145745917E1,-7.465606928E-1,-3.972085714E-1,1.148554897E1,1.151663852E1
1.145983469E1,4.096512318E0,-5.024927258E-1,9.609575272E0,1.045838654E1
1.146221032E1,-5.446064472E0,-2.488535494E-1,8.628518105E0,1.020651121E1
1.146458589E1,2.809173822E0,-1.043270707E0,1.163390350E1,1.201364150E1
1.146696146E1,2.057827413E-1,-4.594219327E-1,8.815158844E0,8.829520966E0
1.146933704E1,-3.579662561E0,-4.785645381E-2,1.021256733E1,1.082186702E1
1.147171261E1,4.149154663E0,-9.954141974E-1,1.042313576E1,1.126268586E1
1.147408818E1,-4.622933388E0,-3.924229145E-1,8.662017822E0,9.826294398E0
1.147646375E1,1.167697430E0,-5.982056856E-1,1.196889877E1,1.204059405E1
1.147883933E1,3.019742250E0,-3.302095234E-1,8.843872070E0,9.351040305E0
1.148121490E1,-5.312066078E0,1.531406492E-1,9.102297783E0,1.054008174E1
1.148359047E1,3.507878065E0,-1.454836130E0,1.118883896E1,1.181574686E1
1.148596605E1,-2.249253273E0,-4.833501875E-1,8.800801277E0,9.096530702E0
1.148834162E1,-1.493121386E0,-9.571290575E-3,1.121755219E1,1.131649151E1
1.149071719E1,4.015156269E0,-4.498506486E-1,9.767501831E0,1.057014368E1
1.149309266E1,-5.565705299E0,-5.312066078E-1,8.394021988E0,1.008557688E1
1.149546829E1,2.316252232E0,-8.805587292E-1,1.189711380E1,1.215243699E1
1.149784386E1,1.588834286E0,-3.972085714E-1,8.791230202E0,8.942477145E0
1.150021943E1,-4.455435753E0,-2.392822653E-1,9.714859962E0,1.069049427E1
1.150259500E1,3.929014683E0,-1.067198873E0,1.085862923E1,1.159680553E1
1.150497058E1,-3.981656790E0,-3.110669553E-1,8.671588898E0,9.547083715E0
1.150734615E1,1.627119333E-1,-5.694918036E-1,1.169611740E1,1.171110406E1
1.150972172E1,3.670589924E0,-3.828516304E-1,9.255437851E0,9.964082274E0
1.151209730E1,-5.560919762E0,4.785645287E-3,8.786444664E0,1.039833935E1
1.151447287E1,3.105883837E0,-1.416550994E0,1.140419292E1,1.190414833E1
1.151684844E1,-7.896314859E-1,-4.785645306E-1,8.925228119E0,8.972861242E0
1.151922401E1,-2.861815929E0,-2.584248483E-1,1.037527943E1,1.076583471E1
1.152159959E1,4.163511276E0,-5.886343718E-1,1.056191921E1,1.136817725E1
1.152397516E1,-5.168497086E0,-5.216353536E-1,8.413164139E0,9.887709360E0
1.152635073E1,1.646261930E0,-8.997012973E-1,1.183490086E1,1.198267579E1
1.152872631E1,2.584248543E0,-4.977070987E-1,8.853444099E0,9.236315570E0
1.153110188E1,-5.130211830E0,-2.392822653E-1,9.341579437E0,1.066027372E1
1.153347745E1,3.680161238E0,-1.057627559E0,1.123190975E1,1.186667432E1
1.153585303E1,-2.866601467E0,-4.642075896E-1,8.681160927E0,9.153985345E0
1.153822860E1,-1.086341500E0,-4.307080805E-1,1.133240795E1,1.139250268E1
1.154060417E1,4.034298897E0,-7.322037220E-1,9.571290970E0,1.041255496E1
1.154297974E1,-5.513063431E0,-3.732803464E-1,8.767302513E0,1.036333923E1
1.154535532E1,2.641676188E0,-9.188438654E-1,1.188754272E1,1.221214146E1
1.154773089E1,7.657032609E-1,-4.307080805E-1,8.513663292E0,8.558871046E0
1.155010646E1,-4.039084435E0,-4.402793646E-1,9.863214493E0,1.066728874E1
1.155248198E1,4.106083870E0,-1.091127157E0,1.091127110E1,1.170924080E1
1.155485761E1,-4.235296249E0,-3.732803464E-1,8.681160927E0,9.666417515E0
1.155723318E1,8.901300430E-1,-5.934200287E-1,1.173440266E1,1.178306770E1
1.155960875E1,3.192025423E0,-4.929214716E-1,8.997013092E0,9.559196747E0
1.156198433E1,-5.460421085E0,-3.541377485E-1,8.886942863E0,1.043644410E1
1.156435990E1,3.555734396E0,-1.105484009E0,1.152383423E1,1.211049534E1
1.156673547E1,-1.325623751E0,-4.307080805E-1,8.796015739E0,8.905766709E0
1.156911105E1,-2.215753794E0,-3.110669553E-1,1.071027374E1,1.094149401E1
1.157148662E1,4.139583111E0,-8.901300430E-1,9.958928108E0,1.082167865E1
1.157386219E1,-5.130211830E0,-3.589234054E-1,8.666803360E0,1.007776661E1
1.157623776E1,2.464607239E0,-7.130611539E-1,1.207418346E1,1.234376974E1
1.157861334E1,1.842473388E0,-3.684946895E-1,8.417949677E0,8.625101349E0
1.158098891E1,-4.656432629E0,-1.148554832E-1,9.623932838E0,1.069184923E1
1.158336443E1,4.029513359E0,-1.311266780E0,1.096869946E1,1.175877401E1
1.158574000E1,-3.254238844E0,-4.115654826E-1,8.863015175E0,9.450528799E0
1.158811558E1,-1.914258115E-2,-4.115654826E-1,1.135633659E1,1.136380805E1
1.159049115E1,3.809373617E0,-3.876372576E-1,9.341579437E0,1.009587522E1
1.159286672E1,-5.613562107E0,-2.871387303E-1,8.599804878E0,1.027381001E1
1.159524230E1,3.249453068E0,-1.115055323E0,1.172483063E1,1.221777176E1
1.159761787E1,-9.571290575E-3,-2.967100143E-1,8.815158844E0,8.820156115E0
1.159999344E1,-3.158525944E0,-1.722832322E-1,1.017906761E1,1.065923942E1
1.160236901E1,4.201796532E0,-1.115055323E0,1.039442158E1,1.126687367E1
1.160474459E1,-4.718646049E0,-4.019941986E-1,8.733802795E0,9.935116061E0
1.160712016E1,1.976471543E0,-3.397808075E-1,1.187797165E1,1.204608240E1
1.160949573E1,2.474178553E0,-1.483550072E-1,8.499305725E0,8.853347758E0
1.161187131E1,-5.374279499E0,-4.689932466E-1,9.111868858E0,1.058909764E1
1.161424688E1,3.962514400E0,-1.014556766E0,1.159561825E1,1.229590210E1
1.161662245E1,-2.057827473E0,-4.402793646E-1,8.724231720E0,8.974448113E0
1.161899803E1,-1.335195065E0,-3.589234054E-1,1.097348499E1,1.106024162E1
1.162137360E1,3.862015724E0,-9.571290612E-1,9.537791252E0,1.033444355E1
1.162374917E1,-5.426921844E0,-2.967100143E-1,8.997013092E0,1.051122077E1
1.162612474E1,3.019742250E0,-7.800601721E-1,1.192582798E1,1.232691000E1
1.162850032E1,8.327022791E-1,-1.818545163E-1,8.427521706E0,8.470512750E0
1.163087589E1,-4.220939159E0,-3.110669553E-1,9.963713646E0,1.082537203E1
1.163325146E1,4.144368649E0,-1.311266780E0,1.075813103E1,1.160312868E1
1.163562698E1,-3.938585997E0,-5.072783828E-1,8.910871506E0,9.755686649E0
1.163800261E1,7.848458290E-1,-5.312066078E-1,1.155254745E1,1.159135523E1
1.164037818E1,3.144168854E0,-5.024927258E-1,8.968298912E0,9.516757961E0
1.164275375E1,-5.699703693E0,-3.397808075E-1,8.834300995E0,1.051888527E1
1.164512933E1,3.594019651E0,-1.210768223E0,1.181575775E1,1.240947494E1
1.164750490E1,-8.997012973E-1,-4.450650215E-1,8.824729919E0,8.881632927E0
1.164988047E1,-2.493321180E0,-4.929214716E-1,1.057149029E1,1.087271948E1
1.165225605E1,3.957728624E0,-1.205982566E0,1.008814049E1,1.090360437E1
1.165463162E1,-5.106283665E0,-5.168496966E-1,8.920442581E0,1.029152867E1
1.165700719E1,2.517249346E0,-5.024927258E-1,1.205025482E1,1.232062030E1
1.165938276E1,1.612762451E0,-2.967100143E-1,8.279166222E0,8.440001948E0
1.166175834E1,-5.134997368E0,-7.465606928E-1,9.480362892E0,1.080753586E1
1.166413386E1,4.115654945E0,-1.076770186E0,1.161476135E1,1.236934642E1
1.166650948E1,-2.885744095E0,-4.689932466E-1,8.767302513E0,9.241919011E0
1.166888506E1,-5.551348329E-1,-5.934200287E-1,1.107398319E1,1.110375728E1
1.167126058E1,3.460021496E0,-1.076770186E0,9.351150513E0,1.002871870E1
1.167363615E1,-5.551348686E0,-2.536391914E-1,9.245866776E0,1.078739345E1
1.167601172E1,3.412165165E0,-8.518448472E-1,1.185882950E1,1.236933094E1
1.167838724E1,-1.292124242E-1,-3.110669553E-1,8.279166222E0,8.286015437E0
1.168076287E1,-3.675375462E0,-4.833501875E-1,1.032263660E1,1.096808272E1
1.168313844E1,4.182653904E0,-1.177268744E0,1.060499001E1,1.146064433E1
1.168551401E1,-4.378865242E0,-3.780659735E-1,8.958727837E0,9.978787458E0
1.168788959E1,1.502692580E0,-6.221339107E-1,1.160040379E1,1.171385947E1
1.169026516E1,2.483749866E0,-5.886343718E-1,8.791230202E0,9.154301300E0
1.169264073E1,-5.441278458E0,-3.876372576E-1,9.198010445E0,1.069397821E1
1.169501631E1,3.890729666E0,-8.518448472E-1,1.188754272E1,1.253702872E1
1.169739183E1,-1.871187329E0,-2.919243574E-1,8.556734085E0,8.763803972E0
1.169976745E1,-1.718046665E0,-7.034898400E-1,1.075334454E1,1.091242416E1
1.170214303E1,3.948157310E0,-9.427721500E-1,9.944570541E0,1.074110091E1
1.170451860E1,-5.283352375E0,-2.105683982E-1,8.910871506E0,1.036155309E1
1.170689417E1,3.163311481E0,-7.417750359E-1,1.192582798E1,1.236050738E1
1.170926974E1,6.891329288E-1,-3.062812984E-1,8.312665939E0,8.346803427E0
1.171164532E1,-4.359723091E0,-4.259224236E-1,9.891928673E0,1.081844944E1
1.171402089E1,4.153940201E0,-1.048056364E0,1.110269737E1,1.190056849E1
1.171639646E1,-3.512663603E0,-3.684946895E-1,8.877371788E0,9.554178342E0
1.171877204E1,5.982056856E-1,-4.450650215E-1,1.147597694E1,1.150017303E1
1.172114761E1,2.976671457E0,-7.082754970E-1,8.824729919E0,9.340133045E0
1.172352318E1,-5.484349728E0,-3.254238665E-1,9.102297783E0,1.063183040E1
1.172589875E1,3.981656790E0,-8.949156404E-1,1.186361504E1,1.254590876E1
1.172827433E1,-1.081555843E0,-2.009970993E-1,8.403593063E0,8.475289921E0
1.173064990E1,-2.517249346E0,-3.684946895E-1,1.064327526E1,1.094310929E1
1.173302547E1,4.043870449E0,-1.167697430E0,1.003071213E1,1.087803251E1
1.173540105E1,-4.814359188E0,-3.302095234E-1,9.054440498E0,1.026011625E1
1.173777662E1,2.675175667E0,-6.269195080E-1,1.176311588E1,1.207975530E1
1.174015219E1,1.612762451E0,-3.493520916E-1,8.379665375E0,8.540599593E0
1.174252776E1,-4.972285271E0,-3.254238665E-1,9.580862045E0,1.079918696E1
1.174490334E1,4.101297855E0,-1.182054400E0,1.140419292E1,1.217676119E1
1.174727886E1,-2.632104874E0,-2.632105052E-1,8.982656479E0,9.364046842E0
1.174965443E1,-5.264210105E-1,-5.503492355E-1,1.099741268E1,1.102375113E1
1.175203000E1,3.440878868E0,-9.906286001E-1,9.202795982E0,9.874839052E0
1.175440563E1,-5.575276852E0,-2.488535494E-1,9.188439369E0,1.075049106E1
1.175678115E1,3.862015724E0,-7.561319470E-1,1.203111267E1,1.265837956E1
1.175915672E1,-4.498506486E-1,-1.435693540E-2,7.934599876E0,7.947354713E0
1.176153230E1,-3.833301783E0,-6.604190469E-1,1.025563812E1,1.096852174E1
1.176390787E1,4.168296814E0,-1.119840980E0,1.085862923E1,1.168497201E1
1.176628344E1,-4.216153622E0,-3.589234054E-1,9.049654961E0,9.990046661E0
1.176865901E1,1.718046665E0,-5.982056856E-1,1.128933716E1,1.143497564E1
1.177103459E1,1.818545222E0,-8.662018180E-1,8.547162056E0,8.781309215E0
1.177341016E1,-5.565705299E0,-4.307080805E-1,9.504291534E0,1.102243814E1
1.177578573E1,4.278367043E0,-8.183453679E-1,1.186840057E1,1.264250948E1
1.177816131E1,-2.306680918E0,-5.742774159E-2,8.394021988E0,8.705382239E0
1.178053688E1,-1.761117458E0,-5.790630579E-1,1.087298584E1,1.102989890E1
1.178291245E1,3.656233072E0,-1.239482164E0,9.499505997E0,1.025402216E1
1.178528803E1,-5.249852657E0,-1.770688742E-1,9.221938133E0,1.061303205E1
1.178766360E1,3.206382275E0,-6.269195080E-1,1.166740322E1,1.211619632E1
1.179003917E1,1.435693540E-2,-3.206382394E-1,8.097311974E0,8.103670539E0
1.179241474E1,-4.421936035E0,-5.599204898E-1,9.939785004E0,1.089340879E1
1.179479032E1,4.340580463E0,-8.327022791E-1,1.127019501E1,1.210583856E1
1.179716589E1,-3.617947817E0,-2.105683982E-1,8.858229637E0,9.570899527E0
1.179954146E1,7.178468108E-1,-8.039883971E-1,1.108833981E1,1.114060057E1
1.180191704E1,2.756531715E0,-7.513462901E-1,8.906085968E0,9.353146830E0
1.180429261E1,-5.417350292E0,-1.004985496E-1,9.145368576E0,1.062993653E1
1.180666818E1,4.326223373E0,-7.369893789E-1,1.180618668E1,1.259545179E1
1.180904375E1,-1.641476393E0,-1.387837082E-1,8.106883049E0,8.272560573E0
1.181141933E1,-2.407179594E0,-6.125625968E-1,1.064806080E1,1.093393549E1
1.181379485E1,4.091726780E0,-8.279166222E-1,1.030349445E1,1.111708918E1
1.181617047E1,-4.517649174E0,-1.818545163E-1,8.934800148E0,1.001363465E1
1.181854605E1,2.938386202E0,-4.689932466E-1,1.149990559E1,1.187863193E1
1.182092162E1,9.379864931E-1,-6.604190469E-1,8.149953842E0,8.230292802E0
1.182329719E1,-4.780859470E0,-4.546363056E-1,9.934999466E0,1.103483239E1
1.182567276E1,4.742574692E0,-7.465606928E-1,1.142333508E1,1.239120462E1
1.182804834E1,-3.077169895E0,-2.392822690E-2,8.571090698E0,9.106763579E0
1.183042386E1,-2.392822690E-2,-3.158525825E-1,1.111226845E1,1.111678215E1
1.183279943E1,3.211168051E0,-1.119840980E0,8.786444664E0,9.421637538E0
1.183517500E1,-5.297709465E0,-3.110669553E-1,9.446864128E0,1.083539247E1
1.183755058E1,4.350151539E0,-5.934200287E-1,1.190190029E1,1.268586600E1
1.183992615E1,-1.043270707E0,1.435693540E-2,7.872386456E0,7.941227134E0
1.184230172E1,-3.393022537E0,-5.886343718E-1,1.053320503E1,1.108185457E1
1.184467730E1,4.259224415E0,-1.052842021E0,1.063848972E1,1.150769015E1
1.184705287E1,-4.048655987E0,-9.092725813E-2,9.150154114E0,1.000625821E1
1.184942844E1,2.210968018E0,-5.694918036E-1,1.131805134E1,1.154603770E1
1.185180401E1,1.426122308E0,-8.805587292E-1,8.370093346E0,8.536256271E0
1.185417959E1,-5.307280540E0,-3.349951804E-1,9.786644936E0,1.113812675E1
1.185655516E1,4.723432064E0,-7.657032609E-1,1.170568848E1,1.264595804E1
1.185893073E1,-2.804388046E0,4.785645381E-2,8.336593628E0,8.795776024E0
1.186130631E1,-1.215553880E0,-6.221339107E-1,1.119362450E1,1.127660637E1
1.186368188E1,3.421736479E0,-1.129412293E0,9.279366493E0,9.954420886E0
1.186605745E1,-5.077569485E0,-1.148554832E-1,9.466006279E0,1.074244751E1
1.186843302E1,3.704089403E0,-6.604190469E-1,1.161954689E1,1.221352945E1
1.187080860E1,-8.566305041E-1,-5.982056856E-1,8.097311974E0,8.164442851E0
1.187318417E1,-4.120440483E0,-8.135597110E-1,1.047099209E1,1.128191404E1
1.187555974E1,4.613361835E0,-7.800601721E-1,1.123190975E1,1.216747295E1
1.187793532E1,-4.010370731E0,2.009970993E-1,8.757730484E0,9.634381997E0
1.188031089E1,1.004985452E0,-7.274180651E-1,1.117448139E1,1.124313867E1
1.188268646E1,1.976471543E0,-1.225125194E0,8.523234367E0,8.834754981E0
1.188506204E1,-5.245067120E0,-1.292124242E-1,9.863214493E0,1.117185862E1
1.188743761E1,4.589433670E0,-7.800601721E-1,1.162911797E1,1.252628356E1
1.188981318E1,-2.751745939E0,-2.392822653E-1,8.054241180E0,8.514702738E0
1.189218875E1,-2.110469580E0,-9.762716293E-1,1.093998528E1,1.118438492E1
1.189456433E1,3.900300980E0,-6.699903607E-1,1.029392338E1,1.102842207E1
1.189693990E1,-4.881358147E0,2.871387079E-2,9.111868858E0,1.033705161E1
1.189931547E1,3.158525944E0,-9.284151793E-1,1.127976608E1,1.175037718E1
1.190169105E1,-2.297109663E-1,-7.274180651E-1,8.102097511E0,8.137928990E0
1.190406662E1,-4.417150497E0,-3.876372576E-1,1.034177971E1,1.125228371E1
1.190644219E1,4.766502857E0,-7.896314859E-1,1.135155106E1,1.233696797E1
1.190881776E1,-3.986442566E0,-7.657032460E-2,8.542376518E0,9.427077168E0
1.191119334E1,5.024927258E-1,-7.800601721E-1,1.123669529E1,1.127494186E1
1.191356886E1,2.493321180E0,-9.619147182E-1,8.872586250E0,9.266321665E0
1.191594443E1,-5.144568920E0,-1.962114573E-1,9.595218658E0,1.088913722E1
1.191832000E1,4.517649174E0,-6.843472719E-1,1.174397373E1,1.260152389E1
1.192069558E1,-2.225325108E0,-3.014956415E-1,8.006384850E0,8.315357468E0
1.192307115E1,-2.641676188E0,-9.571290612E-1,1.073420238E1,1.109583931E1
1.192544672E1,4.445864677E0,-7.465606928E-1,1.051884842E1,1.144417920E1
1.192782230E1,-4.565505505E0,7.178468257E-2,8.982656479E0,1.007656246E1
1.193019787E1,2.713460922E0,-6.029912829E-1,1.139462185E1,1.172876275E1
1.193257344E1,4.163511395E-1,-1.081555843E0,8.164310455E0,8.246155257E0
1.193494901E1,-4.575077057E0,-4.689932466E-1,1.027956581E1,1.126147228E1
1.193732459E1,4.953142643E0,-7.944171429E-1,1.150947666E1,1.255518911E1
1.193970016E1,-3.651447296E0,-1.483550072E-1,8.327022552E0,9.093645097E0
1.194207573E1,-2.967100143E-1,-7.800601721E-1,1.127498055E1,1.130582668E1
1.194445131E1,3.139383316E0,-1.062413216E0,9.260223389E0,9.835455590E0
1.194682688E1,-4.867001057E0,-1.292124242E-1,9.590433121E0,1.075550104E1
1.194920245E1,4.173082829E0,-7.992027402E-1,1.141376400E1,1.217897179E1
1.195157802E1,-1.713261008E0,-7.561319470E-1,8.030312538E0,8.245781847E0
1.195395360E1,-3.345165968E0,-7.561319470E-1,1.093519974E1,1.146038674E1
1.195632917E1,4.843072891E0,-8.183453679E-1,1.082512951E1,1.188732405E1
1.195870474E1,-4.555934429E0,-7.178468257E-2,8.748159409E0,9.863669936E0
1.196108032E1,1.914258122E0,-5.312066078E-1,1.151426220E1,1.168438268E1
1.196345589E1,1.062413216E0,-1.167697430E0,8.260024071E0,8.409532495E0
1.196583146E1,-4.819144726E0,-4.019941986E-1,1.022213840E1,1.130830972E1
1.196820704E1,4.881358147E0,-7.752745152E-1,1.153819084E1,1.255223310E1
1.197058261E1,-3.306880951E0,-2.536391914E-1,8.126026154E0,8.776793008E0
1.197295818E1,-1.454836130E0,-1.182054400E0,1.098784161E1,1.114658979E1
1.197533375E1,3.895515203E0,-7.609176040E-1,1.012642574E1,1.087651289E1
1.197770933E1,-4.886143684E0,1.244267747E-1,9.145368576E0,1.036955392E1
1.198008485E1,3.527020693E0,-6.029912829E-1,1.136112213E1,1.191127909E1
1.198246047E1,-1.033699393E0,-9.284151793E-1,8.006384850E0,8.126049935E0
1.198483599E1,-3.933800459E0,-7.034898400E-1,1.067677498E1,1.140014070E1
1.198721157E1,5.053641319E0,-6.652047038E-1,1.107398319E1,1.219077076E1
1.198958714E1,-4.278367043E0,4.785645287E-3,8.504091263E0,9.519664682E0
1.199196271E1,7.800601721E-1,-6.652047038E-1,1.134197903E1,1.138821669E1
1.199433829E1,2.153540373E0,-9.475577474E-1,8.705088615E0,9.017436976E0
1.199671386E1,-4.795216560E0,-2.392822690E-2,9.858428955E0,1.096281423E1
1.199908943E1,4.608576298E0,-6.939185858E-1,1.146640587E1,1.237735683E1
1.200146500E1,-2.641676188E0,-4.402793646E-1,7.920242786E0,8.360774174E0
1.200384058E1,-2.402393818E0,-7.322037220E-1,1.093519974E1,1.121990248E1
1.200621615E1,4.565505505E0,-5.599204898E-1,1.044706345E1,1.141483623E1
1.200859172E1,-4.699503899E0,2.201396823E-1,8.848658562E0,1.002160450E1
1.201096730E1,2.823530674E0,-4.689932466E-1,1.128933716E1,1.164651938E1
1.201334287E1,2.727817893E-1,-9.379864931E-1,8.049455643E0,8.108511868E0
1.201571844E1,-4.259224415E0,-3.732803464E-1,1.037527943E1,1.122170905E1
1.201809396E1,5.192425251E0,-5.742774606E-1,1.125105190E1,1.240472666E1
1.202046959E1,-3.804588079E0,-1.914258115E-2,8.221738815E0,9.059373380E0
1.202284516E1,-3.445664644E-1,-1.081555843E0,1.104526901E1,1.110344346E1
1.202522073E1,3.541377544E0,-6.508477330E-1,9.595218658E0,1.024856960E1
1.202759631E1,-4.723432064E0,1.818545163E-1,9.279366493E0,1.041395814E1
1.202997188E1,4.182653904E0,-6.699903607E-1,1.131805134E1,1.208477417E1
1.203234745E1,-1.598405480E0,-8.805587292E-1,7.915457249E0,8.123099606E0
1.203472302E1,-3.139383316E0,-6.891329288E-1,1.078205872E1,1.125092983E1
1.203709860E1,5.144568920E0,-6.269195080E-1,1.089212894E1,1.206225893E1
1.203947417E1,-4.398007870E0,0.000000000E0,8.489734650E0,9.561279603E0
1.204184974E1,1.574477315E0,-6.269195080E-1,1.131805134E1,1.144422531E1
1.204422532E1,1.775474429E0,-1.009771109E0,8.470592499E0,8.713373883E0
1.204660089E1,-4.579862595E0,-1.674975902E-1,1.011685371E1,1.110648126E1
1.204897646E1,4.838287354E0,-7.417750359E-1,1.127976608E1,1.229603097E1
1.205135204E1,-3.024527788E0,-5.359922647E-1,7.992027760E0,8.561983635E0
1.205372761E1,-1.732403636E0,-1.014556766E0,1.113141060E1,1.131100569E1
1.205610313E1,4.575077057E0,-7.226324677E-1,1.024128056E1,1.123998911E1
1.205847870E1,-4.756931305E0,4.402793646E-1,8.997013092E0,1.018668179E1
1.206085428E1,2.876172781E0,-9.427721500E-1,1.117926693E1,1.158176145E1
1.206322985E1,-1.866401732E-1,-9.619147182E-1,8.054241180E0,8.113625298E0
1.206560547E1,-3.924229145E0,-3.876372576E-1,1.073420238E1,1.143559958E1
1.206798099E1,5.249852657E0,-7.034898400E-1,1.102612686E1,1.223238834E1
1.207035657E1,-4.211368084E0,-1.962114573E-1,8.322237015E0,9.329188014E0
1.207273214E1,-4.785645381E-2,-1.182054400E0,1.111226845E1,1.117506389E1
1.207510771E1,3.177668571E0,-5.455635786E-1,9.556933403E0,1.008613867E1
1.207748329E1,-4.876572609E0,1.914258152E-1,9.303294182E0,1.050565975E1
1.207985886E1,4.125226021E0,-5.216353536E-1,1.133719349E1,1.207565938E1
1.208223443E1,-2.206182480E0,-8.231309652E-1,7.800601959E0,8.148262186E0
1.208461000E1,-2.938386202E0,-7.752745152E-1,1.093998528E1,1.135422573E1
1.208698558E1,5.091926575E0,-5.982056856E-1,1.075334454E1,1.191301746E1
1.208936115E1,-4.761716843E0,1.387837082E-1,8.633303642E0,9.860382345E0
1.209173672E1,1.804188251E0,-5.790630579E-1,1.133719349E1,1.149444933E1
1.209411230E1,1.086341500E0,-9.188438654E-1,8.331808090E0,8.452422017E0
1.209648787E1,-4.450650215E0,-2.009970993E-1,1.026042366E1,1.118592781E1
1.209886344E1,4.871787071E0,-6.125625968E-1,1.130848026E1,1.232847387E1
1.210123901E1,-3.383451223E0,-1.579262912E-1,8.006384850E0,8.693381463E0
1.210361459E1,-1.526620865E0,-9.858429432E-1,1.094477081E1,1.109461427E1
1.210599016E1,4.235296249E0,-5.551348329E-1,1.019820976E1,1.105664467E1
1.210836573E1,-4.785645485E0,5.407779217E-1,8.915657043E0,1.013330074E1
1.211074131E1,3.192025423E0,-7.369893789E-1,1.110748291E1,1.158051623E1
1.211311688E1,-7.800601721E-1,-8.997012973E-1,8.073383331E0,8.160727585E0
1.211549245E1,-3.641875982E0,-3.062812984E-1,1.095912743E1,1.155246912E1
1.211786802E1,5.264209747E0,-5.742774606E-1,1.081077290E1,1.203804425E1
1.212024360E1,-4.369294167E0,-1.818545163E-1,8.221738815E0,9.312399891E0
1.212261917E1,4.019941986E-1,-1.076770186E0,1.120319557E1,1.126199913E1
1.212499474E1,2.766103029E0,-4.785645306E-1,9.446864128E0,9.855130229E0
1.212737032E1,-4.733003139E0,2.440679073E-1,9.432506561E0,1.055618624E1
1.212974589E1,4.331008911E0,-5.599204898E-1,1.128455162E1,1.210009316E1
1.213212141E1,-2.498106956E0,-8.470591903E-1,7.843672752E0,8.275339865E0
1.213449704E1,-2.464607239E0,-8.039883971E-1,1.111226845E1,1.141066152E1
1.213687261E1,5.024927616E0,-6.221339107E-1,1.067677498E1,1.181653384E1
1.213924813E1,-4.795216560E0,1.196411327E-1,8.590232849E0,9.838725337E0
1.214162370E1,2.177468538E0,-7.657032609E-1,1.134197903E1,1.157446150E1
1.214399928E1,7.657032609E-1,-8.853443861E-1,8.350951195E0,8.432586912E0
1.214637485E1,-4.302295208E0,-3.062812984E-1,1.041356373E1,1.127146227E1
1.214875042E1,4.938786030E0,-7.657032609E-1,1.127976608E1,1.233738351E1
1.215112594E1,-3.814159393E0,-5.790630579E-1,8.145168304E0,9.012596330E0
1.215350157E1,-9.619147182E-1,-9.044869542E-1,1.131326580E1,1.139005530E1
1.215587714E1,3.957728624E0,-7.369893789E-1,9.863214493E0,1.065315772E1
1.215825271E1,-5.015356064E0,8.135596663E-2,9.135796547E0,1.042224514E1
1.216062829E1,3.455235958E0,-7.848458290E-1,1.145204926E1,1.198766327E1
1.216300386E1,-1.253839016E0,-9.762716293E-1,8.063812256E0,8.218898142E0
1.216537943E1,-3.531806231E0,-5.694918036E-1,1.100698376E1,1.157374907E1
1.216775500E1,5.058426857E0,-6.843472719E-1,1.086820030E1,1.200723912E1
1.217013053E1,-4.661218643E0,-2.536391914E-1,8.446663857E0,9.650773150E0
1.217250615E1,7.513462901E-1,-1.239482164E0,1.139940739E1,1.149118471E1
1.217488172E1,2.172683001E0,-6.508477330E-1,9.279366493E0,9.552528289E0
1.217725730E1,-4.847858906E0,1.052841991E-1,9.619147301E0,1.077222426E1
1.217963287E1,4.259224415E0,-6.221339107E-1,1.135633659E1,1.214472824E1
1.218200844E1,-3.101098061E0,-8.183453679E-1,7.968099594E0,8.589360248E0
1.218438401E1,-2.273181438E0,-9.475577474E-1,1.128933716E1,1.155484111E1
1.218675959E1,4.651647091E0,-6.604190469E-1,1.052841949E1,1.152916263E1
1.218913516E1,-5.058426857E0,1.004985496E-1,8.743373871E0,1.010170129E1
1.219151073E1,2.373680115E0,-5.886343718E-1,1.140419292E1,1.166346706E1
1.219388631E1,-2.392822690E-2,-1.019342422E0,8.250452042E0,8.313217814E0
1.219626188E1,-4.201796532E0,-2.344966233E-1,1.063848972E1,1.144060953E1
1.219863745E1,4.852644444E0,-6.221339107E-1,1.116012478E1,1.218538443E1
1.220101302E1,-4.091726780E0,-3.206382394E-1,8.087740898E0,9.069541871E0
1.220338860E1,-6.173482537E-1,-1.062413216E0,1.125105190E1,1.131795077E1
1.220576412E1,3.541377544E0,-6.269195080E-1,9.796216011E0,1.043552735E1
1.220813969E1,-4.967499733E0,3.206382394E-1,9.212367058E0,1.047122578E1
1.221051526E1,3.661018610E0,-4.977070987E-1,1.129412270E1,1.188309628E1
1.221289084E1,-1.689332843E0,-9.092726111E-1,7.977670670E0,8.205111300E0
1.221526641E1,-3.192025423E0,-5.982056856E-1,1.092084217E1,1.139349244E1
1.221764198E1,5.154139996E0,-5.647061467E-1,1.087298584E1,1.204598992E1
1.222001756E1,-4.613361835E0,6.221338734E-2,8.408378601E0,9.591027506E0
1.222239313E1,1.115055323E0,-1.162911773E0,1.119841003E1,1.131371289E1
1.222476870E1,2.057827473E0,-6.604190469E-1,9.111868858E0,9.364665574E0
1.222714428E1,-4.570291042E0,1.627119333E-1,9.791430473E0,1.080676391E1
1.222951985E1,4.618147850E0,-5.551348329E-1,1.126062298E1,1.218347627E1
1.223189542E1,-3.014956474E0,-7.848458290E-1,7.953742504E0,8.542128853E0
1.223427099E1,-1.823330879E0,-7.752745152E-1,1.115533924E1,1.132992408E1
1.223664657E1,4.723432064E0,-6.029912829E-1,1.023649502E1,1.128982902E1
1.223902214E1,-4.828716278E0,1.914258152E-1,8.786444664E0,1.002769937E1
1.224139771E1,2.651247501E0,-1.134197950E0,1.127976608E1,1.164253586E1
1.224377329E1,2.392822653E-1,-6.269195080E-1,8.427521706E0,8.454194590E0
1.224614886E1,-4.072584152E0,-2.679961324E-1,1.036092186E1,1.113581903E1
1.224852443E1,4.972285271E0,-8.949156404E-1,1.105484104E1,1.215458783E1
1.225090000E1,-3.967299938E0,-4.211367965E-1,8.288737297E0,9.198912489E0
1.225327558E1,-2.967100143E-1,-8.757730722E-1,1.135633659E1,1.139391926E1
1.225565115E1,3.517449379E0,-6.987041831E-1,9.499505997E0,1.015387866E1
1.225802672E1,-5.072783947E0,1.627119333E-1,9.174081802E0,1.048443556E1
1.226040230E1,3.775874138E0,-8.709874153E-1,1.129890823E1,1.194492243E1
1.226277787E1,-1.641476393E0,-7.992027402E-1,8.078168869E0,8.281906909E0
1.226515344E1,-3.278167009E0,-6.077769399E-1,1.106441212E1,1.155582049E1
1.226752901E1,4.996213913E0,-6.077769399E-1,1.066720295E1,1.179494659E1
1.226990459E1,-4.728217602E0,-1.866401732E-1,8.379665375E0,9.623391712E0
1.227228011E1,1.119840980E0,-1.215553880E0,1.131326580E1,1.143335463E1
1.227465568E1,1.875972986E0,-5.312066078E-1,9.116654396E0,9.322813013E0
1.227703131E1,-4.737788677E0,1.100698411E-1,9.628718376E0,1.073177406E1
1.227940683E1,4.441078663E0,-6.317051649E-1,1.133240795E1,1.218793260E1
1.228178240E1,-3.182454109E0,-6.556333899E-1,7.944170952E0,8.582990237E0
1.228415797E1,-1.976471543E0,-1.019342422E0,1.105005455E1,1.127161055E1
1.228653355E1,4.546362877E0,-6.221339107E-1,1.049970531E1,1.145863333E1
1.228890912E1,-4.996213913E0,2.105683982E-1,8.800801277E0,1.012228214E1
1.229128469E1,2.751745939E0,-4.833501875E-1,1.140419292E1,1.174143728E1
1.229366026E1,-1.579262912E-1,-9.379864931E-1,8.049455643E0,8.105460846E0
1.229603584E1,-4.096512318E0,-4.307080805E-1,1.054277611E1,1.131888027E1
1.229841141E1,5.087141037E0,-5.934200287E-1,1.123190975E1,1.234451084E1
1.230078698E1,-3.972085476E0,-1.627119333E-1,8.149953842E0,9.067837991E0
1.230316256E1,-4.259224236E-1,-1.143769264E0,1.113141060E1,1.119812127E1
1.230553813E1,3.493520975E0,-6.029912829E-1,9.729216576E0,1.035499601E1
1.230791370E1,-4.737788677E0,5.359922647E-1,9.198010445E0,1.036037284E1
1.231028928E1,3.838087559E0,-7.992027402E-1,1.122712421E1,1.189192832E1
1.231266485E1,-1.636690736E0,-8.757730722E-1,7.977670670E0,8.190785332E0
1.231504042E1,-2.919243574E0,-4.642075896E-1,1.109312534E1,1.148019606E1
1.231741599E1,5.268995285E0,-5.742774606E-1,1.065284634E1,1.189853945E1
1.231979157E1,-4.555934429E0,1.914258115E-2,8.322237015E0,9.487704353E0
1.232216714E1,1.421336651E0,-1.158126116E0,1.125105190E1,1.139945713E1
1.232454271E1,2.091326952E0,-4.642075896E-1,9.126225471E0,9.374280157E0
1.232691829E1,-4.479363918E0,1.148554832E-1,9.676574707E0,1.066367624E1
1.232929386E1,4.795216560E0,-6.173482537E-1,1.132762241E1,1.231625959E1
1.233166943E1,-2.852244616E0,-7.130611539E-1,7.958528042E0,8.484216178E0
1.233404500E1,-1.703689694E0,-1.038485050E0,1.112183952E1,1.129939486E1
1.233642058E1,4.833501816E0,-6.269195080E-1,1.032742214E1,1.141978178E1
1.233879615E1,-4.733003139E0,4.259224236E-1,8.853444099E0,1.004819392E1
1.234117172E1,2.756531715E0,-8.757730722E-1,1.118405342E1,1.155199102E1
1.234354724E1,1.914258152E-1,-1.000199914E0,8.250452042E0,8.313062168E0
1.234592282E1,-3.809373617E0,-3.684946895E-1,1.071506023E1,1.137803285E1
1.234829839E1,5.254638672E0,-7.178468108E-1,1.102134132E1,1.223096465E1
1.235067396E1,-4.039084435E0,-4.833501875E-1,8.221738815E0,9.173048546E0
1.235304954E1,-2.153540403E-1,-1.095912814E0,1.131805134E1,1.137302459E1
1.235542511E1,3.656233072E0,-7.034898400E-1,9.714859962E0,1.040391476E1
1.235780068E1,-4.886143684E0,9.092725813E-2,9.241081238E0,1.045371945E1
1.236017625E1,3.914657831E0,-6.987041831E-1,1.150947666E1,1.217705985E1
1.236255183E1,-1.741974831E0,-1.052842021E0,7.915457249E0,8.172968621E0
1.236492740E1,-3.139383316E0,-6.699903607E-1,1.104526901E1,1.150228596E1
1.236730297E1,5.044070244E0,-7.034898400E-1,1.082034397E1,1.195898768E1
1.236967849E1,-4.622933388E0,-8.135596663E-2,8.547162056E0,9.717618593E0
1.237205412E1,1.258624673E0,-1.363908887E0,1.129890823E1,1.145031488E1
1.237442969E1,1.746760488E0,-7.082754970E-1,9.111868858E0,9.304782667E0
1.237680526E1,-4.804787636E0,-2.871387079E-2,9.858428955E0,1.096701555E1
1.237918084E1,4.532006264E0,-6.843472719E-1,1.132283688E1,1.221532017E1
1.238155641E1,-3.311666489E0,-7.752745152E-1,8.092526436E0,8.778221324E0
1.238393193E1,-1.986042738E0,-1.143769264E0,1.114098263E1,1.137427219E1
1.238630756E1,4.421936035E0,-7.274180651E-1,1.042792130E1,1.135007480E1
1.238868313E1,-4.991427898E0,1.531406492E-1,8.925228119E0,1.022729199E1
1.239105870E1,2.579462767E0,-6.077769399E-1,1.136112213E1,1.166610977E1
1.239343428E1,-2.536391914E-1,-1.129412293E0,8.197810173E0,8.279130184E0
1.239580985E1,-4.173082829E0,-3.780659735E-1,1.069113159E1,1.148293729E1
1.239818542E1,4.972285271E0,-6.987041831E-1,1.121276665E1,1.228568045E1
1.240056099E1,-4.187439442E0,-2.009970993E-1,8.202595711E0,9.211819869E0
1.240293657E1,-4.881358147E-1,-1.239482164E0,1.119362450E1,1.127261380E1
1.240531214E1,3.297309637E0,-6.269195080E-1,9.753145218E0,1.031451019E1
1.240768771E1,-4.996213913E0,2.105683982E-1,9.231510162E0,1.049891768E1
1.241006329E1,3.890729666E0,-6.077769399E-1,1.141376400E1,1.207398769E1
1.241243870E1,-1.775474429E0,-9.044869542E-1,7.872386456E0,8.120644962E0
1.241481443E1,-3.349951744E0,-5.934200287E-1,1.090648556E1,1.142478670E1
1.241718995E1,5.111069202E0,-5.838487148E-1,1.089212894E1,1.204584495E1
1.241956553E1,-4.584648132E0,5.742774159E-2,8.451449394E0,9.615055554E0
1.242194110E1,1.201196909E0,-1.162911773E0,1.127019501E1,1.139353033E1
1.242431667E1,2.014756680E0,-5.455635786E-1,9.054440498E0,9.291919976E0
1.242669224E1,-4.689932346E0,1.292124242E-1,9.647860527E0,1.072815800E1
1.242906782E1,4.656432629E0,-6.939185858E-1,1.124626637E1,1.219189874E1
1.243144339E1,-2.871387243E0,-7.896314859E-1,8.030312538E0,8.564712607E0
1.243381896E1,-2.000399828E0,-6.029912829E-1,1.125105190E1,1.144339840E1
1.243619454E1,4.622933388E0,-5.982056856E-1,1.017906761E1,1.119565901E1
1.243857011E1,-4.785645485E0,1.770688742E-1,8.719446182E0,9.947989637E0
1.244094568E1,2.718246460E0,-1.196411371E0,1.133240795E1,1.171510708E1
1.244332125E1,6.460621357E-1,-4.929214716E-1,8.571090698E0,8.609527491E0
1.244569683E1,-4.283152580E0,-9.092725813E-2,1.020778179E1,1.107034204E1
1.244807240E1,5.024927616E0,-9.044869542E-1,1.111226845E1,1.222908436E1
1.245044797E1,-3.718446493E0,-4.211367965E-1,8.274380684E0,9.081276134E0
1.245282355E1,-4.929214716E-1,-7.800601721E-1,1.129412270E1,1.133175507E1
1.245519912E1,3.728017569E0,-5.982056856E-1,9.600004196E0,1.031581531E1
1.245757469E1,-4.977071285E0,1.818545163E-1,9.188439369E0,1.045139836E1
1.245995026E1,3.732803345E0,-1.067198873E0,1.121276665E1,1.186586997E1
1.246232584E1,-1.095912814E0,-5.072783828E-1,8.154739380E0,8.243672156E0
1.246470141E1,-3.574877024E0,-4.450650215E-1,1.065763187E1,1.125001981E1
1.246707698E1,5.087141037E0,-6.269195080E-1,1.091605663E1,1.205953251E1
1.246945256E1,-4.527220249E0,-1.914258152E-1,8.528019905E0,9.657095346E0
1.247182813E1,9.714859724E-1,-1.028913736E0,1.117926693E1,1.126847184E1
1.247420365E1,2.191825628E0,-4.354937077E-1,9.083154678E0,9.354007337E0
1.247657922E1,-4.919643402E0,1.244267747E-1,9.442078590E0,1.064759228E1
1.247895480E1,4.412364960E0,-7.848458290E-1,1.133719349E1,1.219085328E1
1.248133037E1,-2.761317253E0,-6.891329288E-1,8.001599312E0,8.492665583E0
1.248370594E1,-2.344966173E0,-5.790630579E-1,1.111705399E1,1.137642605E1
1.248608151E1,4.474578381E0,-6.460621357E-1,1.025085258E1,1.120353635E1
1.248845709E1,-4.886143684E0,1.579262912E-1,8.786444664E0,1.005489685E1
1.249083266E1,2.440679073E0,-1.014556766E0,1.127498055E1,1.158064878E1
1.249320823E1,5.455635786E-1,-4.881358147E-1,8.475378036E0,8.506935350E0
1.249558381E1,-4.565505505E0,-1.722832322E-1,1.009771156E1,1.108319903E1
1.249795938E1,4.900500774E0,-7.274180651E-1,1.116012478E1,1.221034111E1
1.250033495E1,-3.809373617E0,-4.307080805E-1,8.216953278E0,9.067257467E0
1.250271053E1,-6.747759581E-1,-7.704889178E-1,1.127976608E1,1.132616875E1
1.250508610E1,3.503092289E0,-5.694918036E-1,9.614361763E0,1.024850860E1
1.250746167E1,-5.044070244E0,2.153540403E-1,9.016156197E0,1.033344543E1
1.250983724E1,3.661018610E0,-1.000199914E0,1.132283688E1,1.194194674E1
1.251221282E1,-1.201196909E0,-4.833501875E-1,8.173882484E0,8.275799435E0
1.251458839E1,-3.546163082E0,-3.637090325E-1,1.077727318E1,1.135152739E1
1.251696396E1,5.058426857E0,-6.604190469E-1,1.083470058E1,1.197558234E1
1.251933954E1,-4.546362877E0,-1.722832322E-1,8.446663857E0,9.594020389E0
1.252171511E1,1.177268744E0,-1.052842021E0,1.121276665E1,1.132345238E1
1.252409068E1,2.167897224E0,-4.689932466E-1,9.131011009E0,9.396546977E0
1.252646625E1,-4.771288395E0,1.339980662E-1,9.590433121E0,1.071258866E1
1.252884183E1,4.551148891E0,-9.379864931E-1,1.126062298E1,1.218172421E1
1.253121740E1,-2.579462767E0,-6.460621357E-1,8.102097511E0,8.527309572E0
1.253359297E1,-2.076970100E0,-6.412764788E-1,1.125583744E1,1.146380900E1
1.253596855E1,4.584648132E0,-7.082754970E-1,1.026042366E1,1.126041502E1
1.253834412E1,-4.804787636E0,1.196411327E-1,8.877371788E0,1.009495062E1
1.254071969E1,2.770888567E0,-1.196411371E0,1.121755219E1,1.161648401E1
1.254309521E1,3.924229145E-1,-5.455635786E-1,8.537590981E0,8.563999948E0
1.254547079E1,-4.311866283E0,-1.866401732E-1,1.026042366E1,1.113118678E1
1.254784636E1,4.957928658E0,-7.896314859E-1,1.116491032E1,1.224172361E1
1.255022193E1,-3.905086517E0,-5.407779217E-1,8.341380119E0,9.226091467E0
1.255259750E1,-3.110669553E-1,-8.757730722E-1,1.134676456E1,1.138476206E1
1.255497308E1,3.373879910E0,-6.604190469E-1,9.451649666E0,1.005747982E1
1.255734865E1,-5.106283665E0,1.579262912E-1,9.265008926E0,1.058014480E1
1.255972422E1,3.842873096E0,-9.427721500E-1,1.134676456E1,1.201688641E1
1.256209980E1,-1.564906001E0,-6.795616150E-1,8.188239098E0,8.364089568E0
1.256447537E1,-3.369094372E0,-6.269195080E-1,1.094955635E1,1.147329984E1
1.256685094E1,4.900500774E0,-6.699903607E-1,1.080598736E1,1.188415574E1
1.256922651E1,-4.766502857E0,9.571290575E-3,8.681160927E0,9.903645598E0
1.257160209E1,1.229910851E0,-1.186840057E0,1.121755219E1,1.134701490E1
1.257397766E1,1.689332843E0,-6.077769399E-1,8.982656479E0,9.160314169E0
1.257635323E1,-4.924428940E0,-2.871387079E-2,9.710074425E0,1.088744094E1
1.257872881E1,4.484149456E0,-9.714859724E-1,1.132283688E1,1.221711980E1
1.258110438E1,-3.144168854E0,-5.264210105E-1,8.240880966E0,8.836007920E0
1.258347995E1,-1.880758643E0,-6.029912829E-1,1.136112213E1,1.153151975E1
1.258585553E1,4.206582069E0,-7.130611539E-1,1.004985523E1,1.091803000E1
1.258823110E1,-5.053641319E0,1.244267747E-1,8.901300430E0,1.023659719E1
1.259060667E1,2.847458839E0,-1.172483087E0,1.132762241E1,1.173872940E1
1.259298224E1,-2.153540403E-1,-4.881358147E-1,8.489734650E0,8.506482725E0
1.259535782E1,-4.240081787E0,-2.344966233E-1,1.030827999E1,1.114871825E1
1.259773339E1,4.910071850E0,-8.374879360E-1,1.107876873E1,1.214698762E1
1.260010896E1,-4.173082829E0,-3.876372576E-1,8.346165657E0,9.339344951E0
1.260248454E1,7.657032460E-2,-8.135597110E-1,1.134676456E1,1.137615086E1
1.260486006E1,3.019742250E0,-6.364908218E-1,9.322437286E0,9.819969490E0
1.260723563E1,-5.053641319E0,2.009970993E-1,9.375079155E0,1.065231428E1
1.260961120E1,4.086941242E0,-9.523434043E-1,1.118883896E1,1.194990226E1
1.261198678E1,-1.981257200E0,-5.168496966E-1,8.130811691E0,8.384665316E0
1.261436235E1,-2.766103029E0,-5.694918036E-1,1.099741268E1,1.135423853E1
1.261673792E1,4.957928658E0,-5.838487148E-1,1.047577763E1,1.160447555E1
1.261911349E1,-4.771288395E0,3.349951655E-2,8.705088615E0,9.926977534E0
1.262148907E1,2.062613010E0,-1.115055323E0,1.120319557E1,1.144592992E1
1.262386464E1,1.210768223E0,-4.498506486E-1,8.815158844E0,8.909284525E0
1.262624021E1,-4.354937077E0,-1.435693540E-2,9.820143700E0,1.074248134E1
1.262861579E1,4.862215519E0,-7.465606928E-1,1.117448139E1,1.220932132E1
1.263099136E1,-3.464807272E0,-5.551348329E-1,8.159524918E0,8.882055561E0
1.263336693E1,-7.513462901E-1,-7.274180651E-1,1.135155106E1,1.139962147E1
1.263574250E1,4.063013077E0,-6.939185858E-1,9.690931320E0,1.053108485E1
1.263811808E1,-4.862215519E0,1.579262912E-1,8.982656479E0,1.021539025E1
1.264049360E1,3.694518089E0,-1.182054400E0,1.128455162E1,1.193263683E1
1.264286922E1,-9.332008362E-1,-6.173482537E-1,8.279166222E0,8.354434511E0
1.264524480E1,-3.177668571E0,-3.780659735E-1,1.086820030E1,1.132953173E1
1.264762037E1,5.163711071E0,-7.752745152E-1,1.069591713E1,1.190242017E1
1.264999594E1,-4.527220249E0,-3.828516304E-1,8.518448830E0,9.654339388E0
1.265237151E1,1.344766378E0,-9.140582681E-1,1.148554897E1,1.160007476E1
1.265474709E1,2.196611166E0,-6.939185858E-1,8.800801277E0,9.097292275E0
1.265712266E1,-4.704289436E0,4.307080805E-2,9.743574142E0,1.081986281E1
1.265949823E1,4.546362877E0,-9.810572863E-1,1.125105190E1,1.217448388E1
1.266187381E1,-3.053241730E0,-6.460621357E-1,8.121239662E0,8.700242238E0
1.266424938E1,-1.674975872E0,-8.231309652E-1,1.136112213E1,1.151339154E1
1.266662490E1,4.575077057E0,-7.465606928E-1,1.014078236E1,1.115007398E1
1.266900053E1,-5.178068161E0,-7.178468257E-2,8.776873589E0,1.019073368E1
1.267137604E1,2.852244616E0,-1.282552958E0,1.133719349E1,1.176062063E1
1.267375167E1,-4.642075896E-1,-5.694918036E-1,8.642875671E0,8.674048044E0
1.267612719E1,-3.842873096E0,-2.775674164E-1,1.049013424E1,1.117531358E1
1.267850276E1,4.771288395E0,-6.699903607E-1,1.092562866E1,1.194083086E1
1.268087834E1,-4.498506546E0,-7.034898400E-1,8.283951759E0,9.452794076E0
1.268325391E1,3.062812984E-1,-9.188438654E-1,1.152383423E1,1.156446443E1
1.268562948E1,2.904886723E0,-7.896314859E-1,9.389435768E0,9.860192128E0
1.268800506E1,-5.120640278E0,1.579262912E-1,9.370293617E0,1.067933987E1
1.269038063E1,3.905086517E0,-9.571290612E-1,1.128455162E1,1.197943663E1
1.269275620E1,-2.732603550E0,-6.939185858E-1,8.197810173E0,8.669067816E0
1.269513178E1,-2.258824587E0,-6.795616150E-1,1.149033451E1,1.172995651E1
1.269750735E1,4.694717884E0,-6.221339107E-1,1.023170948E1,1.127454236E1
1.269988292E1,-5.201996326E0,-1.627119333E-1,8.623732567E0,1.007253714E1
1.270225849E1,2.182254314E0,-1.148554921E0,1.137069321E1,1.163503658E1
1.270463407E1,5.264210105E-1,-5.455635786E-1,8.738588333E0,8.771412928E0
1.270700964E1,-4.043870449E0,4.785645287E-3,1.020299530E1,1.097515486E1
1.270938521E1,4.704289436E0,-6.269195080E-1,1.111226845E1,1.208328917E1
1.271176079E1,-4.168296814E0,-6.795616150E-1,8.092526436E0,9.128279489E0
1.271413636E1,-1.339980662E-1,-7.561319470E-1,1.155254745E1,1.157804144E1
1.271651193E1,3.718446493E0,-6.029912829E-1,9.504291534E0,1.022360017E1
1.271888750E1,-5.082355499E0,1.674975902E-1,9.025727272E0,1.035964023E1
1.272126308E1,3.747160196E0,-1.229910851E0,1.129412270E1,1.196290507E1
1.272363865E1,-1.832902193E0,-4.163511395E-1,8.398807526E0,8.606558347E0
1.272601417E1,-2.325823545E0,-3.110669553E-1,1.111705399E1,1.136200278E1
1.272838974E1,5.020142078E0,-4.307080805E-1,1.024606609E1,1.141793354E1
1.273076532E1,-4.867001057E0,-3.254238665E-1,8.422736168E0,9.733246351E0
1.273314089E1,1.914258122E0,-1.110269666E0,1.147119141E1,1.168269298E1
1.273551646E1,1.794616938E0,-5.790630579E-1,9.097511292E0,9.290892082E0
1.273789204E1,-4.216153622E0,1.483550072E-1,9.695717812E0,1.057378383E1
1.274026761E1,4.599005222E0,-6.843472719E-1,1.118883896E1,1.211648866E1
1.274264318E1,-3.527020693E0,-6.891329288E-1,8.087740898E0,8.850216494E0
1.274501875E1,-6.029912829E-1,-7.704889178E-1,1.160519028E1,1.164635965E1
1.274739433E1,4.555934429E0,-5.694918036E-1,9.810572624E0,1.083181401E1
1.274976990E1,-5.039284706E0,-1.914258115E-2,8.796015739E0,1.013729006E1
1.275214547E1,3.239881754E0,-1.316052437E0,1.129890823E1,1.182768596E1
1.275452104E1,-7.944171429E-1,-5.742774606E-1,8.724231720E0,8.779129359E0
1.275689662E1,-2.885744095E0,-1.148554832E-1,1.078684425E1,1.116676854E1
1.275927219E1,4.890929699E0,-4.498506486E-1,1.052363396E1,1.161337292E1
1.276164776E1,-4.857429981E0,-7.609176040E-1,8.159524918E0,9.526356518E0
1.276402334E1,1.205982566E0,-9.427721500E-1,1.170090294E1,1.180060773E1
1.276639891E1,2.823530674E0,-6.221339107E-1,9.336793900E0,9.774205666E0
1.276877448E1,-4.890929699E0,1.483550072E-1,9.303294182E0,1.051163570E1
1.277115006E1,3.972085476E0,-1.153340459E0,1.123669529E1,1.197376208E1
1.277352563E1,-3.005385160E0,-5.359922647E-1,8.288737297E0,8.833051208E0
1.277590120E1,-1.335195065E0,-5.264210105E-1,1.163868904E1,1.172684730E1
1.277827678E1,4.536791801E0,-6.077769399E-1,9.882357597E0,1.089095333E1
1.278065235E1,-5.355136871E0,-3.924229145E-1,8.614161491E0,1.015062879E1
1.278302792E1,2.512463808E0,-1.081555843E0,1.165304661E1,1.196978415E1
1.278540349E1,3.206382394E-1,-6.173482537E-1,8.743373871E0,8.771004184E0
1.278777907E1,-3.991228104E0,4.785645287E-3,1.024128056E1,1.099153093E1
1.279015464E1,4.388436794E0,-8.566305041E-1,1.079641533E1,1.168566546E1
1.279253016E1,-4.508078098E0,-4.737788737E-1,8.370093346E0,9.518702494E0
1.279490573E1,2.057827413E-1,-9.044869542E-1,1.178225899E1,1.181871694E1
1.279728131E1,3.503092289E0,-5.503492355E-1,9.279366493E0,9.933840264E0
1.279965688E1,-5.431707382E0,-9.571290575E-3,9.011369705E0,1.052180216E1
1.280203245E1,3.479164124E0,-1.182054400E0,1.129412270E1,1.187682799E1
1.280440802E1,-2.153540373E0,-4.689932466E-1,8.575876236E0,8.854566281E0
1.280678360E1,-2.225325108E0,-3.541377485E-1,1.102612686E1,1.125401968E1
1.280915917E1,4.551148891E0,-5.503492355E-1,1.027956581E1,1.125545707E1
1.281153474E1,-5.326423168E0,-4.833501875E-1,8.312665939E0,9.884575165E0
1.281391032E1,1.861616015E0,-8.901300430E-1,1.159561825E1,1.177778877E1
1.281628589E1,1.569691658E0,-5.647061467E-1,8.992227554E0,9.145653685E0
1.281866146E1,-4.445864677E0,9.092725813E-2,9.719645500E0,1.068856815E1
1.282103704E1,4.182653904E0,-1.100698471E0,1.092084217E1,1.174610252E1
1.282341261E1,-3.909872293E0,-4.498506486E-1,8.389236450E0,9.266539547E0
1.282578818E1,-2.344966233E-1,-5.312066078E-1,1.169611740E1,1.171052225E1
1.282816375E1,4.197010994E0,-4.019941986E-1,9.442078590E0,1.034066481E1
1.283053933E1,-5.388636589E0,-2.967100143E-1,8.585447311E0,1.014077643E1
1.283291490E1,3.287738323E0,-1.028913736E0,1.156690502E1,1.206901730E1
1.283529042E1,-7.944171429E-1,-4.929214716E-1,8.638090134E0,8.688536777E0
1.283766604E1,-2.818745136E0,-1.339980662E-1,1.050449181E1,1.087693099E1
1.284004162E1,4.637290478E0,-9.523434043E-1,1.036092186E1,1.139123008E1
1.284241719E1,-4.742574692E0,-3.637090325E-1,8.633303642E0,9.856887478E0
1.284479276E1,1.617548108E0,-5.407779217E-1,1.172004509E1,1.184349440E1
1.284716823E1,2.703889608E0,-4.163511395E-1,8.767302513E0,9.184223464E0
1.284954391E1,-4.895715237E0,-2.584248483E-1,9.298508644E0,1.051175885E1
1.285191948E1,4.158725739E0,-1.124626637E0,1.133240795E1,1.212366507E1
1.285429495E1,-2.837887764E0,-3.302095234E-1,8.499305725E0,8.966651722E0
1.285667058E1,-9.044869542E-1,-3.684946895E-1,1.130369377E1,1.134580882E1
1.285904615E1,4.398007870E0,-4.594219327E-1,9.671789169E0,1.063470956E1
1.286142172E1,-5.407779217E0,-3.828516304E-1,8.470592499E0,1.005691746E1
1.286379730E1,2.890529871E0,-9.379864931E-1,1.171047401E1,1.209835457E1
1.286617287E1,4.881358147E-1,-4.977070987E-1,8.834300995E0,8.861764102E0
1.286854844E1,-3.603590965E0,-4.785645381E-2,1.004985523E1,1.067650450E1
1.287092401E1,4.220939159E0,-9.284151793E-1,1.056670475E1,1.141637120E1
1.287329959E1,-4.584648132E0,-3.541377485E-1,8.480163574E0,9.646636009E0
1.287567511E1,8.614161611E-1,-6.029912829E-1,1.187797165E1,1.192442228E1
1.287805073E1,3.182454109E0,-4.546363056E-1,9.001798630E0,9.558613231E0
1.288042631E1,-5.379065514E0,-2.727817893E-1,8.930013657E0,1.042851378E1
1.288280188E1,3.522234917E0,-1.048056364E0,1.146640587E1,1.204088969E1
1.288517745E1,-2.397608280E0,-4.067798555E-1,8.580661774E0,8.918618267E0
1.288755302E1,-1.971685886E0,-2.249253243E-1,1.111705399E1,1.129278646E1
1.288992860E1,4.048655987E0,-6.221339107E-1,9.963713646E0,1.077284807E1
1.289230417E1,-5.565705299E0,-3.254238665E-1,8.513663292E0,1.017671061E1
1.289467974E1,2.062613010E0,-9.810572863E-1,1.179661560E1,1.201569746E1
1.289705526E1,1.095912814E0,-4.642075896E-1,8.796015739E0,8.876170710E0
1.289943084E1,-4.613361835E0,-2.153540403E-1,9.767501831E0,1.080433139E1
1.290180646E1,3.929014683E0,-1.071984529E0,1.100698376E1,1.173626851E1
1.290418204E1,-4.268795490E0,-3.014956415E-1,8.561519623E0,9.571474955E0
1.290655761E1,2.057827413E-1,-5.312066078E-1,1.161476135E1,1.162872342E1
1.290893318E1,3.388236761E0,-4.163511395E-1,9.212367058E0,9.824520519E0
1.291130870E1,-5.728417397E0,-2.440679073E-1,8.829515457E0,1.052780500E1
1.291368428E1,3.311666489E0,-1.071984529E0,1.159561825E1,1.210680174E1
1.291605985E1,-1.268195987E0,-4.977070987E-1,8.714659691E0,8.820506048E0
1.291843542E1,-2.684746981E0,-1.962114573E-1,1.068634605E1,1.102017955E1
1.292081094E1,4.086941242E0,-9.236295223E-1,1.018385315E1,1.101213173E1
1.292318657E1,-5.206781864E0,-3.637090325E-1,8.762516975E0,1.019924337E1
1.292556214E1,2.239681959E0,-6.795616150E-1,1.201196957E1,1.223786714E1
1.292793771E1,1.986042738E0,-3.445664644E-1,8.590232849E0,8.823558931E0
1.293031328E1,-4.857429981E0,-2.632105052E-1,9.537791252E0,1.070669733E1
1.293268886E1,4.082155228E0,-1.167697430E0,1.112183952E1,1.190473952E1
1.293506443E1,-3.273381472E0,-3.254238665E-1,8.776873589E0,9.373069771E0
1.293744000E1,-1.579262912E-1,-4.019941986E-1,1.129412270E1,1.130237796E1
1.293981558E1,3.924229145E0,-4.977070987E-1,9.370293617E0,1.017102203E1
1.294219115E1,-5.393422127E0,-2.584248483E-1,8.633303642E0,1.018281481E1
1.294456672E1,3.397808075E0,-1.028913736E0,1.181575775E1,1.233758057E1
1.294694230E1,-1.435693540E-2,-4.019941986E-1,8.709874153E0,8.719157827E0
1.294931787E1,-3.129812002E0,-3.684946895E-1,1.024128056E1,1.071519197E1
1.295169344E1,4.364508629E0,-1.009771109E0,1.047577763E1,1.139344066E1
1.295406901E1,-4.603790760E0,-2.919243574E-1,8.743373871E0,9.885681354E0
1.295644459E1,1.938186288E0,-6.125625968E-1,1.180140114E1,1.197517715E1
1.295882016E1,2.656033039E0,-4.163511395E-1,8.695517540E0,9.101641888E0
1.296119573E1,-5.149354458E0,-3.206382394E-1,9.207581520E0,1.055453541E1
1.296357125E1,4.034298897E0,-9.858429432E-1,1.162433243E1,1.234392799E1
1.296594688E1,-2.344966173E0,-4.307080805E-1,8.633303642E0,8.956467361E0
1.296832245E1,-1.115055323E0,-3.493520916E-1,1.096869946E1,1.103076439E1
1.297069797E1,3.991228104E0,-1.004985452E0,9.667003632E0,1.050670532E1
1.297307354E1,-5.522634506E0,-3.110669553E-1,8.843872070E0,1.043121890E1
1.297544912E1,3.120240688E0,-7.130611539E-1,1.193539906E1,1.235710762E1
1.297782469E1,4.546363056E-1,-3.302095234E-1,8.437092781E0,8.455783056E0
1.298020026E1,-4.144368649E0,-2.871387303E-1,1.013121128E1,1.094987133E1
1.298257584E1,4.139583111E0,-1.306481123E0,1.059541893E1,1.145015037E1
1.298495141E1,-4.354937077E0,-4.067798555E-1,8.977870941E0,9.986646756E0
1.298732698E1,8.853443861E-1,-4.402793646E-1,1.156690502E1,1.160909008E1
1.298970256E1,2.746960402E0,-4.067798555E-1,8.882157326E0,9.306125943E0
1.299207813E1,-5.694917679E0,-3.254238665E-1,8.934800148E0,1.060040762E1
1.299445370E1,3.617947817E0,-1.091127157E0,1.180618668E1,1.239621510E1
1.299682928E1,-1.641476393E0,-3.732803464E-1,8.724231720E0,8.885156277E0
1.299920485E1,-2.249253273E0,-4.067798555E-1,1.056191921E1,1.080642159E1
1.300158042E1,3.799802303E0,-1.038485050E0,9.891928673E0,1.064740352E1
1.300395599E1,-5.484349728E0,-2.775674164E-1,8.896514893E0,1.045481290E1
1.300633157E1,2.799602509E0,-5.886343718E-1,1.184447193E1,1.218506381E1
1.300870714E1,1.004985452E0,-3.062812984E-1,8.317451477E0,8.383543586E0
1.301108271E1,-4.761716843E0,-1.914258152E-1,9.805787086E0,1.090247915E1
1.301345828E1,4.067798615E0,-1.172483087E0,1.100219822E1,1.178855665E1
1.301583386E1,-3.426522017E0,-3.589234054E-1,8.949156761E0,9.589436161E0
1.301820943E1,1.818545163E-1,-4.019941986E-1,1.125105190E1,1.125969979E1
1.302058500E1,3.201596737E0,-7.896314859E-1,8.920442581E0,9.510417204E0
1.302296058E1,-5.637490273E0,-2.679961324E-1,9.040083885E0,1.065721517E1
1.302533610E1,3.976871252E0,-7.609176040E-1,1.199282742E1,1.265789911E1
1.302771167E1,-7.944171429E-1,-2.392822653E-1,8.250452042E0,8.292063283E0
1.303008724E1,-2.813959360E0,-1.722832322E-1,1.050449181E1,1.087623082E1
1.303246282E1,4.240081787E0,-1.229910851E0,1.000199890E1,1.093302137E1
1.303483839E1,-4.809573650E0,-4.019941986E-1,8.882157326E0,1.010872479E1
1.303721396E1,2.703889608E0,-4.546363056E-1,1.186840057E1,1.218099525E1
1.303958954E1,1.952543259E0,-2.297109663E-1,8.360522270E0,8.588569435E0
1.304196511E1,-5.201996326E0,-3.589234054E-1,9.284152031E0,1.064824261E1
1.304434068E1,4.307080746E0,-1.158126116E0,1.151426220E1,1.234789191E1
1.304671625E1,-2.215753794E0,-1.866401732E-1,8.934800148E0,9.207336918E0
1.304909178E1,-7.034898400E-1,-4.594219327E-1,1.077248764E1,1.080520506E1
1.305146740E1,3.842873096E0,-1.071984529E0,9.375079155E0,1.018866692E1
1.305384297E1,-5.388636589E0,-2.201396823E-1,9.083154678E0,1.056359620E1
1.305621854E1,3.842873096E0,-6.843472719E-1,1.195932770E1,1.258020365E1
1.305859407E1,3.349951655E-2,-2.536391914E-1,8.173882484E0,8.177885419E0
1.306096969E1,-3.751945972E0,-1.004985496E-1,1.021256733E1,1.088042876E1
1.306334521E1,4.287938118E0,-1.306481123E0,1.059063339E1,1.150020965E1
1.306572084E1,-4.077369690E0,-4.450650215E-1,9.025727272E0,9.913968895E0
1.306809641E1,1.622333765E0,-5.168496966E-1,1.149033451E1,1.161580336E1
1.307047198E1,2.589034081E0,-4.881358147E-1,8.853444099E0,9.237144930E0
1.307284756E1,-5.666203976E0,-3.349951804E-1,9.083154678E0,1.071082575E1
1.307522313E1,4.110869408E0,-1.057627559E0,1.181097221E1,1.255057321E1
1.307759870E1,-1.584048629E0,-3.158525825E-1,8.628518105E0,8.778399489E0
1.307997428E1,-1.995614052E0,-6.364908218E-1,1.073898792E1,1.094136452E1
1.308234985E1,4.024727821E0,-9.332008362E-1,9.915857315E0,1.074213778E1
1.308472542E1,-5.307280540E0,-2.009970993E-1,8.958727837E0,1.041472184E1
1.308710094E1,2.890529871E0,-6.699903607E-1,1.193539906E1,1.229869101E1
1.308947651E1,1.024128079E0,-4.833501875E-1,8.307880402E0,8.384708850E0
1.309185209E1,-4.795216560E0,-5.024927258E-1,9.772287369E0,1.089698129E1
1.309422766E1,4.192225456E0,-9.523434043E-1,1.144726372E1,1.222790084E1
1.309660323E1,-3.330809116E0,-2.967100143E-1,8.872586250E0,9.481830676E0
1.309897881E1,4.785645287E-3,-7.322037220E-1,1.111705399E1,1.114114153E1
1.310135438E1,3.263810158E0,-9.427721500E-1,9.245866776E0,9.850245099E0
1.310372995E1,-5.670989513E0,-1.292124242E-1,9.221938133E0,1.082686293E1
1.310610552E1,3.938585997E0,-7.992027402E-1,1.184447193E1,1.250770563E1
1.310848110E1,-9.954141974E-1,-2.871387303E-1,8.193024635E0,8.258265602E0
1.311085667E1,-3.225524902E0,-6.364908218E-1,1.056191921E1,1.106179320E1
1.311323224E1,4.230510235E0,-9.092726111E-1,1.058106136E1,1.143166012E1
1.311560782E1,-4.589433670E0,-2.727817893E-1,8.944371223E0,1.005679312E1
1.311798339E1,2.177468538E0,-5.551348329E-1,1.151426220E1,1.173148660E1
1.312035896E1,1.746760488E0,-8.566305041E-1,8.508877754E0,8.728458550E0
1.312273454E1,-5.302495003E0,-2.919243574E-1,9.734002113E0,1.108839349E1
1.312511011E1,4.388436794E0,-7.561319470E-1,1.169133186E1,1.251068958E1
1.312748568E1,-2.608176708E0,-1.004985496E-1,8.403593063E0,8.799605791E0
1.312986125E1,-1.004985452E0,-6.460621357E-1,1.110269737E1,1.116679368E1
1.313223683E1,3.818944931E0,-1.100698471E0,9.394221306E0,1.020035644E1
1.313461240E1,-5.254638672E0,-1.579262912E-1,9.279366493E0,1.066502746E1
1.313698797E1,3.670589924E0,-6.604190469E-1,1.183011532E1,1.240407240E1
1.313936349E1,-1.579262912E-1,-4.019941986E-1,8.145168304E0,8.156611230E0
1.314173907E1,-4.039084435E0,-6.460621357E-1,1.018863869E1,1.097906907E1
1.314411464E1,4.546362877E0,-8.374879360E-1,1.114098263E1,1.206201871E1
1.314649021E1,-3.924229145E0,-2.775674164E-1,8.834300995E0,9.670651070E0
1.314886579E1,1.182054400E0,-8.614161611E-1,1.127498055E1,1.136945367E1
1.315124136E1,2.493321180E0,-8.470591903E-1,8.886942863E0,9.268867959E0
1.315361693E1,-5.522634506E0,-2.153540403E-1,9.360722542E0,1.087055637E1
1.315599250E1,4.488935471E0,-8.662018180E-1,1.174397373E1,1.260245080E1
1.315836808E1,-2.129612207E0,-2.823530734E-1,8.360522270E0,8.632108899E0
1.316074365E1,-2.076970100E0,-7.944171429E-1,1.085862923E1,1.108398539E1
1.316311922E1,3.967299938E0,-8.805587292E-1,1.005942631E1,1.084928155E1
1.316549480E1,-5.010570526E0,-3.254238665E-1,8.953942299E0,1.026570993E1
1.316787037E1,3.168097258E0,-6.460621357E-1,1.163868904E1,1.207945856E1
1.317024594E1,3.158525825E-1,-8.087740541E-1,8.255238533E0,8.300773552E0
1.317262151E1,-4.718646049E0,-4.881358147E-1,1.024606609E1,1.129095955E1
1.317499709E1,4.484149456E0,-7.752745152E-1,1.124626637E1,1.213207130E1
1.317737266E1,-3.713660717E0,-9.092725813E-2,8.566305161E0,9.337083473E0
1.317974823E1,3.254238665E-1,-5.551348329E-1,1.132762241E1,1.134588493E1
1.318212381E1,2.732603550E0,-1.205982566E0,8.685946465E0,9.185160973E0
1.318449938E1,-5.546562672E0,-1.627119333E-1,9.686145782E0,1.116298584E1
1.318687495E1,4.302295208E0,-7.369893789E-1,1.169133186E1,1.247958886E1
1.318925052E1,-1.952543259E0,-1.722832322E-1,7.958528042E0,8.196357440E0
1.319162605E1,-2.847458839E0,-6.173482537E-1,1.077727318E1,1.116417296E1
1.319400162E1,4.082155228E0,-9.092726111E-1,1.030827999E1,1.112436085E1
1.319637719E1,-4.666004181E0,-1.292124242E-1,9.193224907E0,1.031036736E1
1.319875276E1,2.660818815E0,-5.359922647E-1,1.140897846E1,1.172740526E1
1.320112839E1,7.226324677E-1,-8.374879360E-1,8.102097511E0,8.177259187E0
1.320350391E1,-5.139782906E0,-3.397808075E-1,1.009292603E1,1.133137128E1
1.320587948E1,4.776073933E0,-7.082754970E-1,1.152861977E1,1.249886435E1
1.320825506E1,-3.431307554E0,-6.699903309E-2,8.370093346E0,9.046370710E0
1.321063063E1,-2.440679073E-1,-2.967100143E-1,1.130848026E1,1.131500472E1
1.321300620E1,3.062813044E0,-1.162911773E0,8.733802795E0,9.328049035E0
1.321538178E1,-5.273781300E0,-1.674975902E-1,9.647860527E0,1.099645567E1
1.321775735E1,4.278367043E0,-5.359922647E-1,1.168654537E1,1.245660688E1
1.322013292E1,-1.517049551E0,-1.483550072E-1,7.848458290E0,7.995107634E0
1.322250849E1,-3.383451223E0,-6.652047038E-1,1.053320503E1,1.108325980E1
1.322488407E1,4.603790760E0,-7.609176040E-1,1.071027374E1,1.168263021E1
1.322725964E1,-4.345366001E0,7.178468257E-2,8.910871506E0,9.914181243E0
1.322963521E1,2.153540373E0,-7.322037220E-1,1.123669529E1,1.146460551E1
1.323201078E1,1.301695466E0,-8.087740541E-1,8.312665939E0,8.452747576E0
1.323438636E1,-5.053641319E0,-1.627119333E-1,9.853643417E0,1.107519997E1
1.323676193E1,4.986642361E0,-6.699903607E-1,1.159083271E1,1.263577825E1
1.323913750E1,-3.192025423E0,-1.100698411E-1,8.212167740E0,8.811404012E0
1.324151308E1,-1.019342422E0,-9.379864931E-1,1.094477081E1,1.103208438E1
1.324388865E1,3.608376503E0,-6.221339107E-1,9.791430473E0,1.045368558E1
1.324626417E1,-4.962714195E0,9.092725813E-2,9.078369141E0,1.034667030E1
1.324863974E1,3.842873096E0,-8.327022791E-1,1.135633659E1,1.201779712E1
1.325101532E1,-1.115055323E0,-7.034898400E-1,8.025527000E0,8.133100882E0
1.325339089E1,-3.756731510E0,-3.732803464E-1,1.072941685E1,1.137421451E1
1.325576646E1,4.881358147E0,-7.561319470E-1,1.084905815E1,1.192063151E1
1.325814204E1,-4.388436794E0,5.264209956E-2,8.633303642E0,9.684786031E0
1.326051761E1,1.406979680E0,-8.901300430E-1,1.116969585E1,1.129309651E1
1.326289318E1,1.832902193E0,-7.561319470E-1,8.729017258E0,8.951369072E0
1.326526875E1,-5.020142078E0,-1.962114573E-1,9.695717812E0,1.092003980E1
1.326764433E1,4.814359188E0,-6.843472719E-1,1.151426220E1,1.249898474E1
1.327001990E1,-3.029313564E0,-5.359922647E-1,8.078168869E0,8.644121740E0
1.327239547E1,-1.737189293E0,-7.848458290E-1,1.105484104E1,1.121799091E1
1.327477105E1,4.077369690E0,-6.652047038E-1,1.000678444E1,1.082604155E1
1.327714662E1,-4.895715237E0,1.914258152E-1,8.992227554E0,1.024035292E1
1.327952219E1,3.536591768E0,-5.647061467E-1,1.143290615E1,1.198072274E1
1.328189776E1,-7.513462901E-1,-1.071984529E0,7.858029366E0,7.966322714E0
1.328427334E1,-3.967299938E0,-4.498506486E-1,1.073420238E1,1.145272611E1
1.328664891E1,5.187639713E0,-6.795616150E-1,1.114098263E1,1.230832660E1
1.328902443E1,-4.335794449E0,4.785645381E-2,8.432307243E0,9.481835750E0
1.329140006E1,9.667003751E-1,-6.987041831E-1,1.133240795E1,1.139500624E1
1.329377563E1,2.139183521E0,-9.667003751E-1,8.685946465E0,8.997570880E0
1.329615120E1,-4.809573650E0,-1.292124242E-1,9.934999466E0,1.103870051E1
1.329852678E1,4.766502857E0,-6.891329288E-1,1.132283688E1,1.230451497E1
1.330090235E1,-3.000599623E0,-5.216353536E-1,8.121239662E0,8.673536487E0
1.330327787E1,-1.923829436E0,-8.374879360E-1,1.117448139E1,1.136976429E1
1.330565344E1,4.421936035E0,-6.843472719E-1,1.016471100E1,1.110599834E1
1.330802901E1,-4.747360229E0,5.503492355E-1,8.997013092E0,1.018756880E1
1.331040459E1,2.952743053E0,-8.518448472E-1,1.116012478E1,1.157552229E1
1.331278016E1,-5.503492355E-1,-8.662018180E-1,8.044670105E0,8.109864793E0
1.331515573E1,-3.632304668E0,-3.589234054E-1,1.091605663E1,1.151011536E1
1.331753131E1,5.254638672E0,-6.125625968E-1,1.087298584E1,1.209166166E1
1.331990688E1,-4.589433670E0,-8.614161611E-2,8.379665375E0,9.554533666E0
1.332228245E1,6.221339107E-1,-1.067198873E0,1.118405342E1,1.125206714E1
1.332465803E1,2.565105915E0,-5.934200287E-1,9.332008362E0,9.696303200E0
1.332703360E1,-4.685146809E0,1.770688742E-1,9.528220177E0,1.061927181E1
1.332940917E1,4.460221291E0,-4.881358147E-1,1.125583744E1,1.211716663E1
1.333178474E1,-3.134597778E0,-5.455635786E-1,7.948956966E0,8.562082673E0
1.333416032E1,-1.871187329E0,-1.048056364E0,1.115055370E1,1.135493778E1
1.333653589E1,4.795216560E0,-6.029912829E-1,1.040399265E1,1.147173760E1
1.333891146E1,-4.924428940E0,5.264210105E-1,8.772088051E0,1.007356184E1
1.334128704E1,2.727817774E0,-9.379864931E-1,1.116969585E1,1.153615681E1
1.334366261E1,-6.508477330E-1,-8.039883971E-1,8.183453560E0,8.248570317E0
1.334603818E1,-3.445664644E0,-2.153540403E-1,1.099741268E1,1.152658093E1
1.334841375E1,5.053641319E0,-6.939185858E-1,1.082512951E1,1.196679750E1
1.335078933E1,-4.670789719E0,-4.402793646E-1,8.197810173E0,9.445327636E0
1.335316490E1,4.642075896E-1,-1.014556766E0,1.142812061E1,1.148245422E1
1.335554047E1,2.794816732E0,-7.513462901E-1,9.375079155E0,9.811606952E0
1.335791599E1,-4.756931305E0,3.684946895E-1,9.509077072E0,1.063892525E1
1.336029157E1,4.091726780E0,-7.034898400E-1,1.118405342E1,1.192980205E1
1.336266714E1,-3.172882795E0,-9.188438654E-1,8.087740898E0,8.736304260E0
1.336504271E1,-1.660618901E0,-8.566305041E-1,1.163390350E1,1.178300393E1
1.336741823E1,4.895715237E0,-6.747759581E-1,1.008335495E1,1.122930974E1
1.336979386E1,-5.326423168E0,1.004985496E-1,8.681160927E0,1.018545231E1
1.337216943E1,2.469393015E0,-1.244267821E0,1.133240795E1,1.166488638E1
1.337454500E1,-2.584248483E-1,-7.944171429E-1,8.609375954E0,8.649811345E0
1.337692058E1,-3.445664644E0,-1.722832322E-1,1.085384369E1,1.138895119E1
1.337929615E1,4.929214478E0,-6.939185858E-1,1.079162979E1,1.188435745E1
1.338167172E1,-4.881358147E0,-6.460621357E-1,8.221738815E0,9.583425420E0
1.338404730E1,5.934200287E-1,-1.182054400E0,1.151904774E1,1.159473418E1
1.338642282E1,3.043670416E0,-6.891329288E-1,9.552147865E0,1.004899809E1
1.338879844E1,-4.972285271E0,5.264209956E-2,9.336793900E0,1.057837948E1
1.339117401E1,3.938585997E0,-6.412764788E-1,1.137547874E1,1.205509070E1
1.339354959E1,-3.206382275E0,-9.714859724E-1,8.030312538E0,8.701183353E0
1.339592511E1,-1.411765337E0,-7.800601721E-1,1.165304661E1,1.176414342E1
1.339830073E1,4.637290478E0,-6.317051649E-1,1.007378292E1,1.110786283E1
1.340067631E1,-5.335994720E0,-3.828516230E-2,8.652446747E0,1.016558607E1
1.340305188E1,2.455035925E0,-1.435693622E0,1.129412270E1,1.164670018E1
1.340542745E1,-1.914258115E-2,-7.561319470E-1,9.006584167E0,9.038288573E0
1.340780303E1,-3.359523058E0,4.881358147E-1,1.059063339E1,1.112142920E1
1.341017860E1,4.292723656E0,-1.253839016E0,1.018863869E1,1.112690195E1
1.341255412E1,-4.828716278E0,-6.699903607E-1,8.580661774E0,9.868796505E0
1.341492969E1,1.272981644E0,-6.891329288E-1,1.211246777E1,1.219865820E1
1.341730521E1,2.981456995E0,-4.929214716E-1,8.815158844E0,9.318748995E0
1.341968084E1,-5.216353416E0,1.818545163E-1,9.341579437E0,1.070086540E1
1.342205641E1,3.699303865E0,-1.335195065E0,1.119841003E1,1.186895034E1
1.342443198E1,-2.928814888E0,-5.790630579E-1,8.489734650E0,8.999381373E0
1.342680756E1,-8.757730722E-1,-3.158525825E-1,1.162911797E1,1.166632444E1
1.342918313E1,4.369294167E0,-3.828516304E-1,9.662218094E0,1.061111518E1
1.343155870E1,-5.642275810E0,-3.445664644E-1,8.427521706E0,1.014776451E1
1.343393428E1,2.813959360E0,-1.162911773E0,1.153819084E1,1.193317137E1
1.343630985E1,4.737788737E-1,-4.881358147E-1,9.078369141E0,9.103819487E0
1.343868542E1,-3.603590965E0,-6.699903309E-2,1.019342422E1,1.081185711E1
1.344106094E1,4.335794449E0,-7.226324677E-1,1.054756260E1,1.142682755E1
1.344343657E1,-4.713860512E0,-4.450650215E-1,8.394021988E0,9.637332044E0
1.344581214E1,1.196411371E0,-7.034898400E-1,1.204068375E1,1.212041102E1
1.344818771E1,3.230310678E0,-5.503492355E-1,8.819944382E0,9.408996241E0
1.345056329E1,-5.211567879E0,-1.722832322E-1,9.140582085E0,1.052332467E1
1.345293886E1,3.833301783E0,-1.028913736E0,1.149033451E1,1.215650662E1
1.345531443E1,-2.397608280E0,-4.450650215E-1,8.499305725E0,8.842217264E0
1.345769000E1,-1.182054400E0,-2.297109663E-1,1.111705399E1,1.118207982E1
1.346006558E1,4.321437836E0,-5.742774606E-1,9.762716293E0,1.069183095E1
1.346244110E1,-5.436492920E0,-2.536391914E-1,8.504091263E0,1.009650218E1
1.346481667E1,2.924029350E0,-1.124626637E0,1.164347458E1,1.205757990E1
1.346719224E1,8.709874153E-1,-4.163511395E-1,8.810373306E0,8.863105841E0
1.346956782E1,-3.842873096E0,-1.435693651E-1,1.002114105E1,1.073366451E1
1.347194339E1,4.216153622E0,-1.143769264E0,1.052363396E1,1.139434207E1
1.347431896E1,-4.297509670E0,-4.977070987E-1,8.791230202E0,9.798062573E0
1.347669454E1,1.430907965E0,-2.679961324E-1,1.192104244E1,1.200960334E1
1.347907011E1,2.928814888E0,-3.158525825E-1,8.508877754E0,9.004372279E0
1.348144568E1,-5.532206059E0,-4.594219327E-1,9.016156197E0,1.058808032E1
1.348382125E1,4.019941807E0,-1.057627559E0,1.162433243E1,1.234518581E1
1.348619683E1,-1.966900229E0,-4.594219327E-1,8.700303078E0,8.931687336E0
1.348857240E1,-1.502692580E0,-2.871387303E-1,1.106441212E1,1.116967990E1
1.349094797E1,3.895515203E0,-9.810572863E-1,9.523433685E0,1.033601960E1
1.349332354E1,-5.522634506E0,-3.445664644E-1,8.858229637E0,1.044444590E1
1.349569912E1,3.345165968E0,-6.556333899E-1,1.202154064E1,1.249549638E1
1.349807469E1,4.546363056E-1,-8.135596663E-2,8.279166222E0,8.292038729E0
1.350045026E1,-4.278367043E0,-5.886343718E-1,9.987641335E0,1.088135536E1
1.350282578E1,4.235296249E0,-1.081555843E0,1.090648556E1,1.174984785E1
1.350520141E1,-4.177868366E0,-4.211367965E-1,8.767302513E0,9.720984191E0
1.350757698E1,1.344766378E0,-4.402793646E-1,1.153340530E1,1.161988298E1
1.350995256E1,2.306680918E0,-5.455635786E-1,8.676374435E0,8.994325423E0
1.351232813E1,-5.608776093E0,-2.632105052E-1,9.150154114E0,1.073559357E1
1.351470370E1,3.991228104E0,-1.009771109E0,1.175833035E1,1.245824514E1
1.351707922E1,-2.081755638E0,-4.067798555E-1,8.671588898E0,8.927240917E0
1.351945480E1,-1.497906923E0,-5.503492355E-1,1.097348499E1,1.108891259E1
1.352183037E1,3.661018610E0,-9.906286001E-1,9.513862610E0,1.024197169E1
1.352420594E1,-5.532206059E0,-2.679961324E-1,8.982656479E0,1.055297319E1
1.352658151E1,3.656233072E0,-4.259224236E-1,1.207896900E1,1.262738858E1
1.352895709E1,-2.536391914E-1,-1.004985496E-1,7.877171993E0,7.881895166E0
1.353133266E1,-4.029513359E0,-9.762716293E-1,1.032263660E1,1.112415887E1
1.353370823E1,4.402793884E0,-7.992027402E-1,1.112183952E1,1.198827066E1
1.353608381E1,-4.072584152E0,1.962114573E-1,8.953942299E0,9.838573235E0
1.353845938E1,1.574477315E0,-6.364908218E-1,1.097827053E1,1.110884887E1
1.354083495E1,1.880758643E0,-1.162911773E0,8.437092781E0,8.722049728E0
1.354321053E1,-5.125426292E0,-1.866401732E-1,1.003071213E1,1.126587835E1
1.354558610E1,4.709074974E0,-7.178468108E-1,1.160519028E1,1.254476514E1
1.354796167E1,-2.780459881E0,2.392822653E-1,8.236095428E0,8.696061238E0
1.355033724E1,-1.158126116E0,-8.183453679E-1,1.107876873E1,1.116915672E1
1.355271282E1,3.838087559E0,-1.004985452E0,9.446864128E0,1.024617752E1
1.355508839E1,-4.967499733E0,-1.579262912E-1,9.159725189E0,1.042120722E1
1.355746396E1,4.120440483E0,-5.407779217E-1,1.175354481E1,1.246660684E1
1.355983954E1,-1.009771109E0,-2.775674164E-1,7.996813297E0,8.065091709E0
1.356221511E1,-3.565305710E0,-6.364908218E-1,1.037527943E1,1.098921965E1
1.356459068E1,4.694717884E0,-7.944171429E-1,1.100219822E1,1.198832099E1
1.356696620E1,-4.139583111E0,-1.435693540E-2,8.910871506E0,9.825476347E0
1.356934178E1,2.177468538E0,-6.412764788E-1,1.121276665E1,1.144022468E1
1.357171735E1,1.296909928E0,-9.236295223E-1,8.298309326E0,8.449674818E0
1.357409292E1,-4.953142643E0,-2.679961324E-1,1.007856941E1,1.123312091E1
1.357646849E1,5.058426857E0,-7.130611539E-1,1.152861977E1,1.260972689E1
1.357884407E1,-3.273381472E0,-3.349951655E-2,8.360522270E0,8.978556739E0
1.358121964E1,-5.551348329E-1,-3.110669553E-1,1.129412270E1,1.131203540E1
1.358359521E1,3.182454109E0,-1.196411371E0,8.891729355E0,9.519572745E0
1.358597078E1,-4.900500774E0,-2.249253243E-1,9.690931320E0,1.086184372E1
1.358834636E1,4.412364960E0,-6.508477330E-1,1.155254745E1,1.238361498E1
1.359072193E1,-1.808973908E0,-2.153540403E-1,7.896314621E0,8.103736703E0
1.359309750E1,-3.282952785E0,-4.689932466E-1,1.079162979E1,1.128968588E1
1.359547308E1,4.589433670E0,-1.024128079E0,1.043749237E1,1.144783764E1
1.359784865E1,-4.594219685E0,-1.148554832E-1,8.939585686E0,1.005167839E1
1.360022422E1,2.579462767E0,-6.891329288E-1,1.126062298E1,1.157281998E1
1.360259980E1,2.440679073E-1,-6.747759581E-1,8.178668022E0,8.210085405E0
1.360497537E1,-4.661218643E0,-4.546363056E-1,1.038006496E1,1.138768642E1
1.360735094E1,4.886143684E0,-6.269195080E-1,1.123669529E1,1.226909733E1
1.360972651E1,-4.149154663E0,-1.292124242E-1,8.327022552E0,9.304379875E0
1.361210209E1,-9.571290575E-3,-7.992027402E-1,1.130848026E1,1.133669010E1
1.361447766E1,2.627319336E0,-9.044869542E-1,8.906085968E0,9.329483952E0
1.361685323E1,-4.977071285E0,6.221338734E-2,9.695717812E0,1.089871795E1
1.361922881E1,4.187439442E0,-8.949156404E-1,1.138026428E1,1.215919151E1
1.362160433E1,-2.933600664E0,-6.125625968E-1,8.068597794E0,8.607178176E0
1.362397990E1,-2.220539331E0,-7.752745152E-1,1.136590767E1,1.160670938E1
1.362635547E1,4.484149456E0,-7.130611539E-1,1.010249710E1,1.107594241E1
1.362873104E1,-5.249852657E0,1.627119333E-1,8.858229637E0,1.029833289E1
1.363110662E1,2.924029350E0,-6.939185858E-1,1.129890823E1,1.169174059E1
1.363348219E1,-1.143769264E0,-9.475577474E-1,8.054241180E0,8.190047302E0
1.363585776E1,-3.426522017E0,-5.072783828E-1,1.123669529E1,1.175847378E1
1.363823334E1,4.934000492E0,-6.317051649E-1,1.061456108E1,1.172230008E1
1.364060891E1,-4.953142643E0,-4.307080805E-2,8.370093346E0,9.725941587E0
1.364298448E1,1.067198873E0,-1.215553880E0,1.127498055E1,1.139042014E1
1.364536006E1,1.799402595E0,-8.518448472E-1,9.044869423E0,9.261379607E0
1.364773563E1,-4.302295208E0,4.354937077E-1,1.003071213E1,1.092312156E1
1.365011120E1,4.177868366E0,-9.810572863E-1,1.082034397E1,1.164031362E1
1.365248678E1,-4.144368649E0,-7.657032609E-1,8.307880402E0,9.315737746E0
1.365486235E1,-2.392822653E-1,-6.173482537E-1,1.201675510E1,1.203498143E1
1.365723792E1,4.015156269E0,-6.604190469E-1,9.164510727E0,1.002725735E1
1.365961349E1,-5.374279499E0,1.914258115E-2,9.059226990E0,1.053341541E1
1.366198907E1,3.488735437E0,-1.239482164E0,1.123669529E1,1.183093031E1
1.366436464E1,-2.182254314E0,-6.652047038E-1,8.551948547E0,8.851020006E0
1.366674021E1,-1.622333765E0,-1.387837082E-1,1.162911797E1,1.174255562E1
1.366911573E1,4.441078663E0,-5.072783828E-1,9.580862045E0,1.057229533E1
1.367149131E1,-5.484349728E0,-4.211367965E-1,8.422736168E0,1.005971832E1
1.367386688E1,2.689532757E0,-1.038485050E0,1.168654537E1,1.203691740E1
1.367624245E1,5.599204898E-1,-6.173482537E-1,8.776873589E0,8.816356380E0
1.367861802E1,-3.541377544E0,-9.571290575E-3,1.042792130E1,1.101285563E1
1.368099360E1,4.240081787E0,-6.939185858E-1,1.047577763E1,1.132262043E1
1.368336917E1,-4.843072891E0,-4.594219327E-1,8.489734650E0,9.784785024E0
1.368574469E1,1.828116536E0,-7.561319470E-1,1.193061352E1,1.209352242E1
1.368812032E1,2.402393818E0,-6.077769399E-1,8.499305725E0,8.853196410E0
1.369049584E1,-4.838287354E0,-2.009970993E-1,9.681360245E0,1.082488617E1
1.369287146E1,4.043870449E0,-9.284151793E-1,1.120798111E1,1.195130468E1
1.369524704E1,-3.488735437E0,-4.929214716E-1,8.719446182E0,9.404413233E0
1.369762261E1,3.684946895E-1,-3.589234054E-1,1.163868904E1,1.165005137E1
1.369999818E1,3.431307554E0,-6.508477330E-1,8.906085968E0,9.566391251E0
1.370237375E1,-5.632704735E0,-2.201396823E-1,8.987442017E0,1.060895556E1
1.370474933E1,3.799802303E0,-1.105484009E0,1.177268696E1,1.242001412E1
1.370712490E1,-1.603191137E0,-4.211367965E-1,8.738588333E0,8.894408585E0
1.370950047E1,-1.756331801E0,-2.775674164E-1,1.107398319E1,1.121583028E1
1.371187604E1,3.809373617E0,-9.284151793E-1,9.379864693E0,1.016637319E1
1.371425162E1,-5.465207100E0,-4.163511395E-1,8.953942299E0,1.049832937E1
1.371662719E1,3.627519131E0,-6.029912829E-1,1.211246777E1,1.265837150E1
1.371900276E1,-3.110669553E-1,-2.057827413E-1,7.982456207E0,7.991164889E0
1.372137828E1,-3.842873096E0,-5.790630579E-1,1.054277611E1,1.123624117E1
1.372375386E1,4.182653904E0,-1.138983607E0,1.059063339E1,1.144348692E1
1.372612943E1,-4.340580463E0,-2.727817893E-1,9.001798630E0,9.997371016E0
1.372850500E1,2.301895380E0,-4.689932466E-1,1.158126163E1,1.181711886E1
1.373088058E1,8.901300430E-1,-5.886343718E-1,8.145168304E0,8.214778672E0
1.373325615E1,-5.053641319E0,-4.354937077E-1,9.997213364E0,1.121040679E1
1.373563172E1,4.709074974E0,-9.954141974E-1,1.140419292E1,1.237828150E1
1.373800730E1,-3.689732552E0,-2.440679073E-1,8.729017258E0,9.479949247E0
1.374038287E1,4.307080805E-1,-6.364908218E-1,1.131805134E1,1.134411372E1
1.374275844E1,2.301895380E0,-9.236295223E-1,8.542376518E0,8.895167813E0
1.374513401E1,-5.106283665E0,-1.483550072E-1,9.743574142E0,1.100151713E1
1.374750959E1,4.632504463E0,-6.364908218E-1,1.155733299E1,1.246744417E1
1.374988516E1,-2.933600664E0,-3.349951804E-1,8.145168304E0,8.663832947E0
1.375226073E1,-1.612762451E0,-9.284151793E-1,1.125105190E1,1.140390838E1
1.375463631E1,3.976871252E0,-8.566305041E-1,9.590433121E0,1.041756825E1
1.375701188E1,-4.718646049E0,5.312066078E-1,9.265008926E0,1.041096496E1
1.375938745E1,3.589233875E0,-7.657032609E-1,1.112183952E1,1.171171276E1
1.376176302E1,-1.732403636E0,-9.906286001E-1,7.987242222E0,8.232776305E0
1.376413855E1,-2.646461725E0,-5.503492355E-1,1.154297638E1,1.185524979E1
1.376651417E1,5.173282623E0,-6.891329288E-1,1.015992451E1,1.142198859E1
1.376888974E1,-4.890929699E0,1.004985496E-1,8.580661774E0,9.877198477E0
1.377126532E1,2.636890650E0,-4.115654826E-1,1.145204926E1,1.175891196E1
1.377364084E1,-6.221338734E-2,-1.028913736E0,8.025527000E0,8.091453369E0
1.377601641E1,-3.345165968E0,-4.642075896E-1,1.108355427E1,1.158666472E1
1.377839198E1,5.359922886E0,-6.269195080E-1,1.078205872E1,1.205713861E1
1.378076756E1,-4.498506546E0,9.571290575E-3,8.327022552E0,9.464457583E0
1.378314313E1,1.162911773E0,-1.024128079E0,1.135633659E1,1.146156983E1
1.378551870E1,2.263610125E0,-9.858429432E-1,8.776873589E0,9.117528563E0
1.378789428E1,-3.972085476E0,4.594219327E-1,1.037049294E1,1.111465948E1
1.379026985E1,4.512863636E0,-8.662018180E-1,1.064806080E1,1.159730325E1
1.379264542E1,-4.067798615E0,-8.709874153E-1,8.350951195E0,9.329736894E0
1.379502099E1,4.498506486E-1,-4.115654826E-1,1.211725426E1,1.213258433E1
1.379739657E1,3.972085476E0,-3.493520916E-1,8.733802795E0,9.600980220E0
1.379977214E1,-5.149354458E0,-5.790630579E-1,9.049654961E0,1.042820312E1
1.380214771E1,3.823730469E0,-1.052842021E0,1.165783215E1,1.231399372E1
1.380452328E1,-2.526820660E0,-5.503492355E-1,8.489734650E0,8.874869089E0
1.380689886E1,-7.082754970E-1,-5.742774159E-2,1.162911797E1,1.165080842E1
1.380927443E1,3.895515203E0,-6.795616150E-1,9.068798065E0,9.893429185E0
1.381165000E1,-5.503491879E0,-4.689932466E-1,8.743373871E0,1.034190331E1
1.381402558E1,3.536591768E0,-9.858429432E-1,1.194018459E1,1.249189240E1
1.381640115E1,-7.848458290E-1,-5.982056856E-1,8.480163574E0,8.537388785E0
1.381877667E1,-2.660818815E0,-1.770688742E-1,1.093041420E1,1.125101172E1
1.382115224E1,3.967299938E0,-1.086341500E0,9.695717812E0,1.053216742E1
1.382352782E1,-5.364708424E0,-4.402793646E-1,8.791230202E0,1.030823316E1
1.382590339E1,3.120240688E0,-6.173482537E-1,1.215553856E1,1.256479759E1
1.382827896E1,4.019941986E-1,-1.627119333E-1,8.001599312E0,8.013343001E0
1.383065454E1,-4.450650215E0,-6.891329288E-1,1.037527943E1,1.131059745E1
1.383303011E1,4.254438877E0,-1.033699393E0,1.081555843E1,1.166812276E1
1.383540568E1,-4.374079704E0,-3.972085714E-1,8.781659126E0,9.818751699E0
1.383778125E1,1.885544300E0,-4.881358147E-1,1.164347458E1,1.180525536E1
1.384015683E1,1.277767301E0,-6.652047038E-1,8.226524353E0,8.351699797E0
1.384253240E1,-5.388636589E0,-4.259224236E-1,9.853643417E0,1.123891021E1
1.384490797E1,4.426722050E0,-1.004985452E0,1.160997581E1,1.246584944E1
1.384728355E1,-3.373879910E0,-3.206382394E-1,8.685946465E0,9.323708517E0
1.384965912E1,8.614161611E-2,-2.919243574E-1,1.138983536E1,1.139390143E1
1.385203469E1,2.411965132E0,-1.186840057E0,8.417949677E0,8.836743850E0
1.385441026E1,-5.647061348E0,-5.024927258E-1,9.623932838E0,1.116968594E1
1.385678584E1,4.699503899E0,-5.503492355E-1,1.209811115E1,1.299047784E1
1.385916141E1,-2.809173822E0,-1.483550072E-1,7.843672752E0,8.332866795E0
1.386153698E1,-1.952543259E0,-1.220339537E0,1.129890823E1,1.153113095E1
1.386391256E1,3.833301783E0,-1.033699393E0,9.614361763E0,1.040185989E1
1.386628813E1,-4.914857864E0,6.077769399E-1,9.432506561E0,1.065351588E1
1.386866370E1,3.603590965E0,-1.091127157E0,1.105962658E1,1.168296907E1
1.387103928E1,-1.770688772E0,-1.004985452E0,8.121239662E0,8.372566401E0
1.387341480E1,-2.857030153E0,-4.019941986E-1,1.168175983E1,1.203277746E1
1.387579037E1,4.943571568E0,-8.757730722E-1,9.906285286E0,1.110587081E1
1.387816594E1,-4.981856823E0,9.571290761E-2,8.805587769E0,1.011762988E1
1.388054146E1,2.560320139E0,-8.614161611E-1,1.131805134E1,1.163595991E1
1.388291709E1,-1.818545163E-1,-8.039883971E-1,8.164310455E0,8.205817060E0
1.388529266E1,-3.565305710E0,-3.206382394E-1,1.127019501E1,1.182503739E1
1.388766823E1,5.221138954E0,-7.465606928E-1,1.056191921E1,1.180558267E1
1.389004381E1,-4.637290478E0,-2.919243574E-1,8.331808090E0,9.539848471E0
1.389241938E1,1.292124271E0,-1.004985452E0,1.151426220E1,1.163003933E1
1.389479495E1,1.794616938E0,-8.805587292E-1,8.671588898E0,8.899016105E0
1.389717053E1,-4.043870449E0,2.632105052E-1,1.045184898E1,1.120996499E1
1.389954610E1,4.570291042E0,-6.460621357E-1,1.078684425E1,1.173290098E1
1.390192167E1,-4.244867325E0,-7.130611539E-1,8.197810173E0,9.259127737E0
1.390429724E1,4.881358147E-1,-8.039883971E-1,1.186361504E1,1.190084180E1
1.390667282E1,3.603590965E0,-7.704889178E-1,9.150154114E0,9.864321635E0
1.390904839E1,-4.852644444E0,1.244267747E-1,9.451649666E0,1.062531513E1
1.391142396E1,3.818944931E0,-8.949156404E-1,1.115533924E1,1.182483860E1
1.391379948E1,-3.196810961E0,-7.322037220E-1,8.365307808E0,8.985215486E0
1.391617506E1,-3.684946895E-1,-3.972085714E-1,1.211246777E1,1.212457993E1
1.391855068E1,4.235296249E0,-6.747759581E-1,8.910871506E0,9.889220794E0
1.392092620E1,-5.517848969E0,7.178468257E-2,8.987442017E0,1.054637019E1
1.392330178E1,3.402593851E0,-1.306481123E0,1.140897846E1,1.197703333E1
1.392567735E1,-1.713261008E0,-6.508477330E-1,8.791230202E0,8.980233544E0
1.392805287E1,-1.603191137E0,-5.742774159E-2,1.146640587E1,1.157808202E1
1.393042849E1,4.153940201E0,-4.642075896E-1,9.288937569E0,1.018602322E1
1.393280407E1,-5.828916073E0,-3.158525825E-1,8.480163574E0,1.029510562E1
1.393517964E1,3.302095175E0,-9.714859724E-1,1.189711380E1,1.238502864E1
1.393755521E1,-6.221338734E-2,-3.972085714E-1,8.652446747E0,8.661782718E0
1.393993079E1,-3.311666489E0,-1.722832322E-1,1.067198944E1,1.117533781E1
1.394230631E1,3.976871252E0,-1.033699393E0,9.949356079E0,1.076446588E1
1.394468193E1,-5.067998409E0,-3.445664644E-1,8.853444099E0,1.020719385E1
1.394705750E1,2.746960402E0,-1.818545163E-1,1.211725426E1,1.242604978E1
1.394943308E1,7.322037220E-1,-2.105683982E-1,7.767102242E0,7.804379448E0
1.395180865E1,-4.847858906E0,-5.551348329E-1,1.019820976E1,1.130545855E1
1.395418422E1,4.407579422E0,-8.997012973E-1,1.103091240E1,1.191290255E1
1.395655980E1,-3.981656790E0,-4.785645381E-2,8.695517540E0,9.563885524E0
1.395893537E1,1.392622828E0,-2.871387303E-1,1.133719349E1,1.142601432E1
1.396131094E1,1.593619823E0,-9.284151793E-1,8.106883049E0,8.314032214E0
1.396368651E1,-5.374279499E0,-2.392822653E-1,9.939785004E0,1.130218837E1
1.396606204E1,4.876572609E0,-4.977070987E-1,1.160519028E1,1.259798056E1
1.396843761E1,-3.335594654E0,2.297109663E-1,8.044670105E0,8.711812436E0
1.397081318E1,-5.503492355E-1,-8.662018180E-1,1.118883896E1,1.123580469E1
1.397318875E1,2.976671457E0,-8.949156404E-1,8.590232849E0,9.135291313E0
1.397556433E1,-4.962714195E0,2.009970993E-1,9.743574142E0,1.093646054E1
1.397793990E1,4.560719967E0,-5.407779217E-1,1.131805134E1,1.221437241E1
1.398031547E1,-2.981456995E0,-1.674975902E-1,7.944170952E0,8.486871825E0
1.398269105E1,-2.033899307E0,-7.704889178E-1,1.111226845E1,1.132311395E1
1.398506662E1,4.345366001E0,-8.757730722E-1,9.676574707E0,1.064355590E1
1.398744219E1,-4.890929699E0,2.584248483E-1,9.102297783E0,1.033633405E1
1.398981776E1,3.804588079E0,-4.642075896E-1,1.135155106E1,1.198115564E1
1.399219334E1,-1.933400750E0,-5.790630579E-1,7.752745152E0,8.011142857E0
1.399456891E1,-2.981456995E0,-7.992027402E-1,1.100219822E1,1.142699333E1
1.399694443E1,5.173282623E0,-6.317051649E-1,1.054756260E1,1.176490464E1
1.399932006E1,-4.847858906E0,1.483550072E-1,8.561519623E0,9.839886353E0
1.400169563E1,2.378465652E0,-3.254238665E-1,1.135633659E1,1.160729858E1
1.400407120E1,-7.657032460E-2,-1.110269666E0,7.963313580E0,8.040704255E0
1.400644678E1,-3.512663603E0,-3.349951804E-1,1.099262714E1,1.154508029E1
1.400882235E1,5.039284706E0,-7.082754970E-1,1.071984577E1,1.186638689E1
1.401119792E1,-4.666004181E0,-1.962114573E-1,8.173882484E0,9.413949693E0
1.401357349E1,9.523434043E-1,-9.762716293E-1,1.145204926E1,1.153297431E1
1.401594907E1,2.282752752E0,-8.614161611E-1,8.800801277E0,9.132748822E0
1.401832459E1,-4.484149456E0,1.100698411E-1,1.010249710E1,1.105351344E1
1.402070016E1,4.417150497E0,-5.599204898E-1,1.101655579E1,1.188230747E1
1.402307573E1,-4.311866283E0,-4.881358147E-1,8.097311974E0,9.186780101E0
1.402545131E1,1.339980662E-1,-1.105484009E0,1.158126163E1,1.163467539E1
1.402782688E1,3.718446493E0,-7.513462901E-1,9.360722542E0,1.010022238E1
1.403020245E1,-5.197210789E0,1.770688742E-1,9.250652313E0,1.061211202E1
1.403257803E1,3.574877024E0,-9.236295223E-1,1.126062298E1,1.185050493E1
1.403495360E1,-2.766103029E0,-9.188438654E-1,8.456234932E0,8.944468080E0
1.403732917E1,-9.523434043E-1,-3.110669553E-1,1.191147137E1,1.195352963E1
1.403970474E1,4.235296249E0,-7.417750359E-1,9.102297783E0,1.006676658E1
1.404208032E1,-5.771488190E0,-2.201396823E-1,8.642875671E0,1.039508717E1
1.404445589E1,3.220739365E0,-9.667003751E-1,1.202154064E1,1.248299287E1
1.404683146E1,-8.422735929E-1,-4.354937077E-1,8.499305725E0,8.552033523E0
1.404920704E1,-2.641676188E0,-2.488535494E-1,1.095912743E1,1.127576406E1
1.405158261E1,4.149154663E0,-1.138983607E0,9.777072906E0,1.068194377E1
1.405395818E1,-5.345565796E0,-4.259224236E-1,8.800801277E0,1.030585206E1
1.405633375E1,3.220739365E0,-5.024927258E-1,1.214596748E1,1.257577779E1
1.405870933E1,4.163511395E-1,-2.153540403E-1,8.068597794E0,8.082202422E0
1.406108490E1,-4.378865242E0,-7.369893789E-1,1.036570740E1,1.127676833E1
1.406346042E1,4.431507587E0,-8.757730722E-1,1.084905815E1,1.175190626E1
1.406583599E1,-4.086941242E0,-2.392822653E-1,8.843872070E0,9.745481923E0
1.406821157E1,1.995614052E0,-3.876372576E-1,1.143290615E1,1.161223842E1
1.407058714E1,1.450050473E0,-9.619147182E-1,8.240880966E0,8.422591371E0
1.407296271E1,-5.029713154E0,-3.110669553E-1,1.014556789E1,1.132816512E1
1.407533828E1,4.910071850E0,-8.518448472E-1,1.145683479E1,1.249373878E1
1.407771386E1,-3.268595695E0,2.057827413E-1,8.590232849E0,9.193376135E0
1.408008943E1,-3.349951655E-2,-7.561319470E-1,1.126540947E1,1.129080636E1
1.408246500E1,2.933600664E0,-1.100698471E0,8.494520187E0,9.053972785E0
1.408484058E1,-4.886143684E0,-7.178468257E-2,1.005942631E1,1.118354196E1
1.408721615E1,4.924428940E0,-7.369893789E-1,1.145683479E1,1.249208618E1
1.408959172E1,-2.885744095E0,-3.206382394E-1,8.154739380E0,8.656217547E0
1.409196730E1,-1.521835208E0,-8.422735929E-1,1.134676456E1,1.147930631E1
1.409434287E1,4.230510235E0,-9.044869542E-1,9.489934921E0,1.042948600E1
1.409671844E1,-4.733003139E0,2.105683982E-1,9.399007797E0,1.052554062E1
1.409909401E1,4.067798615E0,-5.503492355E-1,1.137547874E1,1.209344395E1
1.410146959E1,-1.899901152E0,-7.657032609E-1,7.920242786E0,8.180841746E0
1.410384516E1,-2.723032236E0,-9.379864931E-1,1.116012478E1,1.152575847E1
1.410622073E1,5.297709465E0,-8.327022791E-1,1.046620655E1,1.176012747E1
1.410859631E1,-4.699503899E0,3.780659735E-1,8.733802795E0,9.925098591E0
1.411097183E1,2.584248543E0,-7.800601721E-1,1.127019501E1,1.158896587E1
1.411334740E1,-3.637090325E-1,-1.115055323E0,8.102097511E0,8.186550966E0
1.411572297E1,-3.225524902E0,-3.254238665E-1,1.146162033E1,1.191128256E1
1.411809854E1,5.307280540E0,-7.848458290E-1,1.033699417E1,1.164631522E1
1.412047412E1,-4.914857864E0,-2.679961324E-1,8.350951195E0,9.693607977E0
1.412284969E1,1.320838094E0,-1.043270707E0,1.147119141E1,1.159401826E1
1.412522526E1,1.780260086E0,-9.284151793E-1,8.886942863E0,9.110929381E0
1.412760084E1,-4.048655987E0,1.866401732E-1,1.027956581E1,1.104970240E1
1.412997641E1,4.307080746E0,-7.274180651E-1,1.084905815E1,1.169538988E1
1.413235198E1,-4.393222332E0,-8.518448472E-1,8.078168869E0,9.234871649E0
1.413472756E1,3.254238665E-1,-7.561319470E-1,1.199761295E1,1.202582025E1
1.413710313E1,3.546163082E0,-7.369893789E-1,9.064012527E0,9.760878498E0
1.413947870E1,-5.216353416E0,9.571290761E-2,9.245866776E0,1.061628732E1
1.414185428E1,3.613162279E0,-1.292124271E0,1.119362450E1,1.183307890E1
1.414422985E1,-3.263810158E0,-6.939185858E-1,8.556734085E0,9.184316956E0
1.414660542E1,-5.168496966E-1,-1.148554832E-1,1.202632618E1,1.203797519E1
1.414898099E1,3.823730469E0,-5.359922647E-1,8.834300995E0,9.641217583E0
1.415135657E1,-5.824130535E0,-5.024927258E-1,8.752944946E0,1.052554230E1
1.415373214E1,3.426522017E0,-9.427721500E-1,1.201675510E1,1.253125196E1
1.415610766E1,-1.292124271E0,-5.742774606E-1,8.427521706E0,8.545320464E0
1.415848323E1,-2.239681959E0,-2.536391914E-1,1.105005455E1,1.127759787E1
1.416085881E1,3.871587038E0,-1.143769264E0,9.528220177E0,1.034815800E1
1.416323438E1,-5.484349728E0,-3.397808075E-1,8.944371223E0,1.049739584E1
1.416560995E1,3.340380430E0,-6.125625968E-1,1.216989613E1,1.263486233E1
1.416798552E1,1.483550072E-1,-1.483550072E-1,7.948956966E0,7.951725301E0
1.417036110E1,-3.924229145E0,-6.939185858E-1,1.068156052E1,1.140073824E1
1.417273667E1,4.359723091E0,-1.019342422E0,1.040399265E1,1.132648699E1
1.417511224E1,-4.421936035E0,-3.062812984E-1,8.781659126E0,9.836913314E0
1.417748782E1,2.483749866E0,-4.977070987E-1,1.171525955E1,1.198599316E1
1.417986339E1,1.086341500E0,-8.183453679E-1,8.154739380E0,8.267381771E0
1.418223896E1,-4.804787636E0,-5.024927258E-1,1.017906761E1,1.126729340E1
1.418461454E1,4.737788677E0,-8.853443861E-1,1.133240795E1,1.231478567E1
1.418699011E1,-3.412165165E0,6.221338734E-2,8.724231720E0,9.367975273E0
1.418936568E1,6.987041831E-1,-4.402793646E-1,1.125105190E1,1.128132095E1
1.419174125E1,2.493321180E0,-1.335195065E0,8.322237015E0,8.789711332E0
1.419411683E1,-5.130211830E0,-2.440679073E-1,1.006899738E1,1.130324515E1
1.419649240E1,5.005784988E0,-7.704889178E-1,1.161476135E1,1.267099908E1
1.419886797E1,-2.981456995E0,-3.589234054E-1,8.188239098E0,8.721534919E0
1.420124354E1,-1.048056364E0,-4.163511395E-1,1.151426220E1,1.156935627E1
1.420361912E1,3.622733593E0,-1.272981644E0,8.863015175E0,9.659074435E0
1.420599469E1,-4.838287354E0,-1.722832322E-1,9.844072342E0,1.097016255E1
1.420837021E1,4.249652863E0,-7.226324677E-1,1.156690502E1,1.234402847E1
1.421074578E1,-2.038684845E0,-7.322037220E-1,7.901100159E0,8.192663908E0
1.421312136E1,-2.775674343E0,-8.662018180E-1,1.135633659E1,1.172267267E1
1.421549693E1,4.847858906E0,-9.906286001E-1,1.017428207E1,1.131366858E1
1.421787250E1,-4.838287354E0,4.450650215E-1,9.035298347E0,1.025883637E1
1.422024808E1,2.761317253E0,-9.714859724E-1,1.123669529E1,1.161171731E1
1.422262365E1,-9.762716293E-1,-1.062413216E0,8.126026154E0,8.253128448E0
1.422499922E1,-3.388236761E0,-4.067798555E-1,1.153819084E1,1.203226770E1
1.422737474E1,5.115854740E0,-7.896314859E-1,1.028913784E1,1.151789239E1
1.422975037E1,-5.139782906E0,-1.914258152E-1,8.484949112E0,9.922115379E0
1.423212594E1,1.454836130E0,-1.105484009E0,1.148554897E1,1.162998187E1
1.423450151E1,9.427721500E-1,-8.901300430E-1,8.618947029E0,8.715927874E0
1.423687709E1,-4.106083870E0,9.571290575E-3,1.066241741E1,1.142572367E1
1.423925266E1,4.546362877E0,-6.652047038E-1,1.075813103E1,1.169826038E1
1.424162823E1,-4.914857864E0,-2.679961324E-1,8.260024071E0,9.615385973E0
1.424400381E1,4.067798555E-1,-1.253839016E0,1.148076344E1,1.155618930E1
1.424637938E1,2.914458036E0,-7.992027402E-1,9.293723106E0,9.772721210E0
1.424875495E1,-4.957928658E0,1.387837082E-1,9.623932838E0,1.082683706E1
1.425113047E1,3.948157310E0,-4.833501875E-1,1.125583744E1,1.193798350E1
1.425350605E1,-3.967299938E0,-7.609176040E-1,8.011170387E0,8.972029613E0
1.425588162E1,-4.067798555E-1,-5.742774606E-1,1.183490086E1,1.185580629E1
1.425825719E1,4.010370731E0,-6.652047038E-1,9.389435768E0,1.023167018E1
1.426063276E1,-5.374279499E0,-4.785645381E-2,8.772088051E0,1.028759929E1
1.426300834E1,3.369094372E0,-9.954141974E-1,1.161954689E1,1.213900804E1
1.426538391E1,-1.923829436E0,-5.982056856E-1,8.365307808E0,8.604495596E0
1.426775948E1,-1.588834286E0,-8.135596663E-2,1.148554897E1,1.159520799E1
1.427013506E1,4.311866283E0,-5.216353536E-1,9.370293617E0,1.032795705E1
1.427251063E1,-5.565705299E0,-1.674975902E-1,8.384450912E0,1.006499618E1
1.427488620E1,3.254238844E0,-1.062413216E0,1.186840057E1,1.235223561E1
1.427726178E1,1.196411327E-1,-4.019941986E-1,8.551948547E0,8.562227356E0
1.427963735E1,-3.105883837E0,-2.392822690E-2,1.060499001E1,1.105047058E1
1.428201292E1,4.283152580E0,-1.028913736E0,9.906285286E0,1.084151962E1
1.428438849E1,-4.833501816E0,-3.780659735E-1,8.757730484E0,1.001017067E1
1.428676407E1,3.029313564E0,-3.254238665E-1,1.204546928E1,1.242481274E1
1.428913964E1,1.306481123E0,-2.632105052E-1,7.858029366E0,7.970244551E0
1.429151521E1,-4.642076015E0,-2.871387303E-1,1.013599682E1,1.115211863E1
1.429389078E1,4.608576298E0,-1.038485050E0,1.086341476E1,1.184614735E1
1.429626631E1,-3.397808075E0,-2.009970993E-1,8.796015739E0,9.431616640E0
1.429864188E1,1.406979680E0,-2.440679073E-1,1.141854954E1,1.150749471E1
1.430101745E1,2.277967215E0,-8.422735929E-1,8.082955360E0,8.439948270E0
1.430339302E1,-5.340780258E0,-2.392822653E-1,9.748359680E0,1.111808015E1
1.430576860E1,5.044070244E0,-6.939185858E-1,1.175354481E1,1.280898057E1
1.430814417E1,-2.775674343E0,2.344966233E-1,8.231309891E0,8.689868770E0
1.431051974E1,-8.997012973E-1,-7.322037220E-1,1.111226845E1,1.117264941E1
1.431289532E1,3.450450182E0,-9.714859724E-1,8.743373871E0,9.449654920E0
1.431527089E1,-5.000999451E0,5.742774159E-2,9.580862045E0,1.080769221E1
1.431764646E1,4.527220249E0,-5.503492355E-1,1.144247818E1,1.231782913E1
1.432002204E1,-2.416750908E0,-4.402793646E-1,8.020741463E0,8.388493576E0
1.432239761E1,-2.584248543E0,-7.274180651E-1,1.113619614E1,1.145523208E1
1.432477318E1,4.517649174E0,-8.039883971E-1,9.858428955E0,1.087401365E1
1.432714875E1,-4.857429981E0,2.919243574E-1,9.068798065E0,1.029188730E1
1.432952433E1,3.172882795E0,-4.019941986E-1,1.137547874E1,1.181652661E1
1.433189990E1,-1.148554921E0,-9.140582681E-1,7.762316704E0,7.899888704E0
1.433427547E1,-3.694518089E0,-6.269195080E-1,1.094477081E1,1.156851331E1
1.433665105E1,5.134997368E0,-6.604190469E-1,1.066241741E1,1.185291088E1
1.433902662E1,-4.857429981E0,0.000000000E0,8.518448830E0,9.806048974E0
1.434140219E1,1.564906001E0,-2.344966233E-1,1.156211948E1,1.166989830E1
1.434377771E1,7.178468108E-1,-1.086341500E0,8.025527000E0,8.130468961E0
1.434615329E1,-4.278367043E0,-3.397808075E-1,1.061456108E1,1.144940097E1
1.434852886E1,4.876572609E0,-7.178468108E-1,1.111226845E1,1.215642935E1
1.435090443E1,-4.421936035E0,-1.483550072E-1,8.106883049E0,9.235641844E0
1.435328000E1,-1.196411327E-1,-9.523434043E-1,1.145204926E1,1.149220188E1
1.435565558E1,3.077169895E0,-8.949156404E-1,9.236295700E0,9.776451648E0
1.435803115E1,-4.900500774E0,2.392822653E-1,9.690931320E0,1.086215051E1
1.436040672E1,4.106083870E0,-5.359922647E-1,1.103091240E1,1.178253966E1
1.436278230E1,-3.641875982E0,-8.327022791E-1,8.049455643E0,8.874141643E0
1.436515787E1,-1.105484009E0,-7.417750359E-1,1.179661560E1,1.187149800E1
1.436753344E1,4.555934429E0,-6.317051649E-1,9.714859962E0,1.074867871E1
1.436990901E1,-5.292923450E0,1.627119333E-1,8.695517540E0,1.018103821E1
1.437228459E1,3.120240688E0,-1.177268744E0,1.138504982E1,1.186344061E1
1.437466016E1,-1.517049551E0,-8.231309652E-1,8.484949112E0,8.658714995E0
1.437703573E1,-2.043470621E0,2.871387079E-2,1.164826107E1,1.182618208E1
1.437941131E1,4.565505505E0,-5.455635786E-1,9.643074989E0,1.068318189E1
1.438178688E1,-5.455635548E0,-5.216353536E-1,8.283951759E0,9.932769977E0
1.438416245E1,2.612962246E0,-9.762716293E-1,1.209332561E1,1.241085019E1
1.438653797E1,1.004985452E0,-6.317051649E-1,8.542376518E0,8.624456142E0
1.438891355E1,-3.756731510E0,-8.135596663E-2,1.040877819E1,1.106626919E1
1.439128912E1,4.244867325E0,-1.153340459E0,1.040877819E1,1.130007771E1
1.439366469E1,-4.752145767E0,-4.642075896E-1,8.743373871E0,9.962176706E0
1.439604026E1,2.062613010E0,-5.790630579E-1,1.212682533E1,1.231460836E1
1.439841584E1,2.354537487E0,-4.977070987E-1,8.317451477E0,8.658611794E0
1.440079141E1,-5.144568920E0,-1.627119333E-1,9.762716293E0,1.103647108E1
1.440316698E1,4.225724697E0,-1.201196909E0,1.115533924E1,1.198921252E1
1.440554256E1,-3.168097258E0,-4.977070987E-1,8.800801277E0,9.366891465E0
1.440791813E1,2.679961324E-1,-3.493520916E-1,1.157169056E1,1.158006439E1
1.441029370E1,3.168097258E0,-8.231309652E-1,8.724231720E0,9.318079412E0
1.441266928E1,-5.718846321E0,-3.493520916E-1,9.150154114E0,1.079595158E1
1.441504485E1,4.259224415E0,-9.475577474E-1,1.205504036E1,1.282040781E1
1.441742042E1,-1.914258122E0,-3.972085714E-1,8.384450912E0,8.609365593E0
1.441979599E1,-1.919043779E0,-2.201396823E-1,1.127976608E1,1.144396406E1
1.442217157E1,3.780659676E0,-1.325623751E0,9.178867340E0,1.001510217E1
1.442454714E1,-5.402993679E0,-3.828516304E-1,9.169296265E0,1.064964366E1
1.442692271E1,3.689732552E0,-7.322037220E-1,1.205982590E1,1.263287969E1
1.442929823E1,-6.987041831E-1,-5.024927258E-1,7.896314621E0,7.943076927E0
1.443167381E1,-4.063013077E0,-1.004985496E-1,1.094955635E1,1.167951024E1
1.443404938E1,4.158725739E0,-1.426122308E0,1.011206818E1,1.102645670E1
1.443642495E1,-4.541577339E0,-3.924229145E-1,9.274580956E0,1.033430077E1
1.443880053E1,2.096112728E0,-6.125625968E-1,1.171525955E1,1.191705617E1
1.444117610E1,8.518448472E-1,-7.704889178E-1,7.977670670E0,8.059933134E0
1.444355167E1,-5.426921844E0,-5.407779217E-1,1.024606609E1,1.160714400E1
1.444592724E1,4.718646049E0,-9.140582681E-1,1.148554897E1,1.245066096E1
1.444830282E1,-3.857230186E0,-9.092725813E-2,8.470592499E0,9.307922956E0
1.445067839E1,-9.571290761E-2,-5.551348329E-1,1.137547874E1,1.138941844E1
1.445305396E1,2.416750908E0,-1.335195065E0,8.475378036E0,8.913779427E0
1.445542954E1,-5.264209747E0,-3.828516230E-2,1.021256733E1,1.148955619E1
1.445780511E1,4.445864677E0,-7.944171429E-1,1.143290615E1,1.229260568E1
1.446018068E1,-2.947957516E0,-4.737788737E-1,7.901100159E0,8.446437335E0
1.446255625E1,-2.306680918E0,-9.858429432E-1,1.138026428E1,1.165345778E1
1.446493183E1,4.297509670E0,-9.427721500E-1,9.901499748E0,1.083499451E1
1.446730740E1,-4.957928658E0,4.307080805E-1,9.212367058E0,1.047063861E1
1.446968297E1,3.148954630E0,-8.327022791E-1,1.129890823E1,1.175902358E1
1.447205855E1,-1.320838094E0,-1.134197950E0,7.858029366E0,8.048580233E0
1.447443412E1,-3.278167009E0,-3.924229145E-1,1.143290615E1,1.190007217E1
1.447680969E1,5.316852093E0,-7.322037220E-1,1.035613632E1,1.166424442E1
1.447918521E1,-5.010570526E0,2.392822690E-2,8.513663292E0,9.878707011E0
1.448156079E1,1.761117458E0,-1.124626637E0,1.139940739E1,1.158934030E1
1.448393636E1,1.229910851E0,-8.566305041E-1,8.547162056E0,8.677584672E0
1.448631193E1,-4.015156269E0,-3.828516230E-2,1.057149029E1,1.130837533E1
1.448868750E1,4.948357105E0,-5.934200287E-1,1.102612686E1,1.210015946E1
1.449106308E1,-4.283152580E0,-5.886343718E-1,8.025527000E0,9.115973348E0
1.449343865E1,2.871387303E-1,-9.140582681E-1,1.145683479E1,1.149682629E1
1.449581422E1,3.751945972E0,-8.374879360E-1,9.456435204E0,1.020796999E1
1.449818980E1,-4.756931305E0,1.722832322E-1,9.303294182E0,1.045032820E1
1.450056537E1,4.192225456E0,-6.939185858E-1,1.138026428E1,1.214770317E1
1.450294094E1,-2.933600664E0,-8.183453679E-1,8.039883614E0,8.597408361E0
1.450531646E1,-1.043270707E0,-6.269195080E-1,1.170090294E1,1.176403721E1
1.450769209E1,4.895715237E0,-6.939185858E-1,9.604789734E0,1.080284854E1
1.451006766E1,-5.182853699E0,-1.914258152E-1,8.580661774E0,1.002628410E1
1.451244323E1,3.072384357E0,-1.110269666E0,1.169611740E1,1.214378057E1
1.451481881E1,-6.652047038E-1,-7.274180651E-1,8.451449394E0,8.508738520E0
1.451719438E1,-2.603390932E0,-1.244267747E-1,1.105005455E1,1.135327406E1
1.451956995E1,4.723432064E0,-6.317051649E-1,1.020778179E1,1.126537487E1
1.452194547E1,-5.130211830E0,-4.881358147E-1,8.183453560E0,9.670897692E0
1.452432104E1,2.206182480E0,-9.714859724E-1,1.200718403E1,1.224677486E1
1.452669662E1,1.698904037E0,-6.556333899E-1,8.719446182E0,8.907573845E0
1.452907219E1,-4.268795490E0,-2.871387079E-2,1.004028416E1,1.091012124E1
1.453144776E1,4.139583111E0,-1.177268744E0,1.060977554E1,1.144942999E1
1.453382334E1,-4.254438877E0,-6.173482537E-1,8.504091263E0,9.528952578E0
1.453619891E1,1.158126116E0,-2.967100143E-1,1.226560879E1,1.232373530E1
1.453857448E1,2.971885681E0,-3.541377485E-1,8.331808090E0,8.853052812E0
1.454095006E1,-5.541777134E0,-5.120640397E-1,9.241081238E0,1.078754309E1
1.454332563E1,3.967299938E0,-1.024128079E0,1.181575775E1,1.250601609E1
1.454570120E1,-2.474178553E0,-5.312066078E-1,8.441878319E0,8.813004568E0
1.454807678E1,-8.327022791E-1,-2.344966233E-1,1.127976608E1,1.131289108E1
1.455045235E1,3.493520975E0,-8.087740541E-1,9.140582085E0,9.818810779E0
1.455282792E1,-5.656632900E0,-3.397808075E-1,8.944371223E0,1.058842403E1
1.455520349E1,3.876372576E0,-8.566305041E-1,1.212682533E1,1.276009298E1
1.455757907E1,-7.800601721E-1,-4.067798555E-1,8.039883614E0,8.087873159E0
1.455995464E1,-2.952743053E0,-1.435693540E-2,1.104526901E1,1.143314765E1
1.456233021E1,4.039084435E0,-1.110269666E0,9.657432556E0,1.052677089E1
1.456470579E1,-4.953142643E0,-4.259224236E-1,8.949156761E0,1.023730622E1
1.456708136E1,3.196810961E0,-5.647061467E-1,1.199761295E1,1.242904702E1
1.456945688E1,8.662018180E-1,-4.211367965E-1,7.829315662E0,7.888336043E0
1.457183245E1,-4.694717884E0,-2.536391914E-1,1.027478027E1,1.129937248E1
1.457420802E1,4.560719967E0,-1.004985452E0,1.100219822E1,1.195234404E1
1.457658360E1,-3.594019651E0,-8.135596663E-2,8.776873589E0,9.484572001E0
1.457895917E1,1.210768223E0,-4.067798555E-1,1.143769264E1,1.150878979E1
1.458133474E1,2.464607239E0,-1.043270707E0,8.178668022E0,8.605423477E0
1.458371032E1,-5.359922886E0,-1.052841991E-1,9.820143700E0,1.118816698E1
1.458608589E1,4.991427898E0,-7.513462901E-1,1.164347458E1,1.269052300E1
1.458846146E1,-2.574677229E0,-2.392822653E-1,8.111668587E0,8.513834982E0
1.459083704E1,-1.186840057E0,-5.264209956E-2,1.139940739E1,1.146114520E1
1.459321261E1,3.866801500E0,-1.249053478E0,8.848658562E0,9.737096424E0
1.459558818E1,-4.910071850E0,-2.297109663E-1,9.509077072E0,1.070439720E1
1.459796375E1,4.244867325E0,-6.173482537E-1,1.168175983E1,1.244441764E1
1.460033933E1,-1.105484009E0,-3.684946895E-1,7.781459332E0,7.868226773E0
1.460271490E1,-3.402593851E0,-7.274180651E-1,1.079641533E1,1.134325200E1
1.460509047E1,5.044070244E0,-9.571290612E-1,1.060020447E1,1.177807605E1
1.460746604E1,-4.426722050E0,7.178468257E-2,8.843872070E0,9.890151381E0
1.460984162E1,2.641676188E0,-4.163511395E-1,1.137069321E1,1.168094454E1
1.461221714E1,4.881358147E-1,-9.762716293E-1,7.977670670E0,8.051994298E0
1.461459271E1,-4.455435753E0,-5.120640397E-1,1.047099209E1,1.139099612E1
1.461696828E1,5.340780258E0,-7.322037220E-1,1.120798111E1,1.243699709E1
1.461934386E1,-3.929014683E0,-1.579262912E-1,8.322237015E0,9.204440560E0
1.462171943E1,8.614161611E-2,-6.652047038E-1,1.140897846E1,1.142867915E1
1.462409500E1,2.718246460E0,-1.138983607E0,8.700303078E0,9.185936050E0
1.462647052E1,-4.800002098E0,3.349951655E-2,9.944570541E0,1.104244654E1
1.462884615E1,4.445864677E0,-8.518448472E-1,1.138983536E1,1.225641472E1
1.463122172E1,-3.096312523E0,-7.322037220E-1,7.901100159E0,8.517667360E0
1.463359730E1,-2.038684845E0,-5.934200287E-1,1.152861977E1,1.172251922E1
1.463597287E1,4.599005222E0,-8.614161611E-1,9.992427826E0,1.103365310E1
1.463834844E1,-5.187639713E0,3.349951655E-2,8.791230202E0,1.020776452E1
1.464072401E1,2.986242771E0,-1.158126116E0,1.149033451E1,1.192839843E1
1.464309959E1,-1.201196909E0,-8.231309652E-1,8.197810173E0,8.326134171E0
1.464547516E1,-3.321237803E0,-2.823530734E-1,1.140419292E1,1.188132821E1
1.464785073E1,4.881358147E0,-6.460621357E-1,1.036570740E1,1.147575459E1
1.465022631E1,-5.201996326E0,-2.392822653E-1,8.245666504E0,9.752386266E0
1.465260183E1,1.378265858E0,-1.249053478E0,1.147597694E1,1.162573861E1
1.465497745E1,1.469193101E0,-8.422735929E-1,9.006584167E0,9.164415504E0
1.465735297E1,-4.407579422E0,4.785645381E-2,1.011206818E1,1.103100038E1
1.465972854E1,4.417150497E0,-5.886343718E-1,1.101655579E1,1.188369515E1
1.466210412E1,-4.532006264E0,-6.604190469E-1,7.992027760E0,9.211283396E0
1.466447969E1,-1.770688742E-1,-9.954141974E-1,1.171525955E1,1.175880560E1
1.466685526E1,3.771088600E0,-6.939185858E-1,9.662218094E0,1.039524366E1
1.466923084E1,-5.326423168E0,1.196411327E-1,8.987442017E0,1.044792859E1
1.467160641E1,3.527020693E0,-1.048056364E0,1.128933716E1,1.187381281E1
1.467398198E1,-2.675175667E0,-8.327022791E-1,8.245666504E0,8.708672346E0
1.467635756E1,-1.536192179E0,-3.349951804E-1,1.183490086E1,1.193888548E1
1.467873313E1,4.594219685E0,-6.699903607E-1,9.652647018E0,1.071117809E1
1.468110870E1,-5.642275810E0,1.722832322E-1,8.508877754E0,1.021107039E1
1.468348428E1,2.670390129E0,-1.378265858E0,1.143769264E1,1.182587896E1
1.468585985E1,1.770688742E-1,-6.364908218E-1,8.772088051E0,8.796931438E0
1.468823542E1,-3.306880951E0,-1.100698411E-1,1.059063339E1,1.109545369E1
1.469061099E1,4.532006264E0,-5.359922647E-1,1.059063339E1,1.153203729E1
1.469298657E1,-5.115854740E0,-5.216353536E-1,8.092526436E0,9.588172781E0
1.469536214E1,1.698904037E0,-8.374879360E-1,1.193539906E1,1.208475948E1
1.469773766E1,2.732603550E0,-5.168496966E-1,8.776873589E0,9.206941173E0
1.470011323E1,-4.823930264E0,-1.579262912E-1,9.389435768E0,1.055730780E1
1.470248881E1,3.991228104E0,-1.004985452E0,1.131805134E1,1.204317996E1
1.470486438E1,-3.168097258E0,-4.594219327E-1,8.561519623E0,9.140433633E0
1.470723995E1,1.052841991E-1,-3.589234054E-1,1.160040379E1,1.160643265E1
1.470961552E1,3.799802303E0,-6.460621357E-1,9.025727272E0,9.814257314E0
1.471199110E1,-5.580062389E0,-2.440679073E-1,8.815158844E0,1.043569312E1
1.471436667E1,3.780659676E0,-1.038485050E0,1.195932770E1,1.258560121E1
1.471674224E1,-9.954141974E-1,-3.876372576E-1,8.566305161E0,8.632652905E0
1.471911782E1,-2.364108801E0,-3.254238665E-1,1.083948612E1,1.109907070E1
1.472149339E1,4.177868366E0,-1.076770186E0,9.801001549E0,1.070857831E1
1.472386896E1,-5.254638672E0,-2.584248483E-1,9.035298347E0,1.045536356E1
1.472624454E1,3.211168051E0,-6.173482537E-1,1.198325539E1,1.242139802E1
1.472862011E1,5.790630579E-1,-5.312066078E-1,8.011170387E0,8.049617721E0
1.473099568E1,-4.321437836E0,-4.307080805E-1,1.040399265E1,1.127401426E1
1.473337125E1,4.321437836E0,-1.038485050E0,1.086341476E1,1.173742120E1
1.473574683E1,-4.000799656E0,-3.684946895E-1,8.786444664E0,9.661459313E0
1.473812240E1,1.263410330E0,-4.977070987E-1,1.162433243E1,1.170337654E1
1.474049797E1,2.115255117E0,-1.052842021E0,8.341380119E0,8.669567626E0
1.474287349E1,-5.546562672E0,-2.440679073E-1,9.738788605E0,1.121017083E1
1.474524907E1,4.469792843E0,-8.853443861E-1,1.178225899E1,1.263267626E1
1.474762464E1,-2.876172781E0,-2.775674164E-1,8.293522835E0,8.782478838E0
1.475000021E1,-1.177268744E0,-2.967100143E-1,1.141376400E1,1.147815347E1
1.475237579E1,3.359523058E0,-1.277767301E0,8.906085968E0,9.604033097E0
1.475475136E1,-5.460421085E0,-2.249253243E-1,9.475577354E0,1.093861765E1
1.475712693E1,4.096512318E0,-7.130611539E-1,1.175833035E1,1.247189648E1
1.475950250E1,-1.627119422E0,-4.498506486E-1,7.968099594E0,8.144967425E0
1.476187808E1,-3.393022537E0,-7.609176040E-1,1.090170002E1,1.144284322E1
1.476425365E1,4.359723091E0,-8.901300430E-1,1.038963604E1,1.130239152E1
1.476662922E1,-4.761716843E0,5.742774159E-2,9.020941734E0,1.020071738E1
1.476900480E1,2.732603550E0,-5.838487148E-1,1.138026428E1,1.171829410E1
1.477138037E1,1.100698411E-1,-1.000199914E0,7.910671711E0,7.974411712E0
1.477375594E1,-4.661218643E0,-4.307080805E-1,1.054277611E1,1.153527619E1
1.477613151E1,5.034498692E0,-7.704889178E-1,1.127976608E1,1.237630612E1
1.477850709E1,-4.043870449E0,-1.531406492E-1,8.307880402E0,9.241061467E0
1.478088266E1,5.455635786E-1,-3.349951804E-1,1.146162033E1,1.147948614E1
1.478325823E1,2.311466694E0,-1.239482164E0,8.408378601E0,8.807952373E0
1.478563375E1,-4.871787071E0,-8.135596663E-2,1.007856941E1,1.119457411E1
1.478800933E1,4.733003139E0,-7.848458290E-1,1.138026428E1,1.235021121E1
1.479038490E1,-2.962314367E0,-4.737788737E-1,7.786244869E0,8.344182524E0
1.479276047E1,-1.799402595E0,-8.135597110E-1,1.130848026E1,1.147961040E1
1.479513605E1,4.465006828E0,-8.327022791E-1,9.944570541E0,1.093271066E1
1.479751162E1,-4.833501816E0,2.249253243E-1,8.992227554E0,1.021143906E1
1.479988719E1,3.627519131E0,-5.982056856E-1,1.143769264E1,1.201405669E1
1.480226276E1,-1.225125194E0,-1.038485050E0,7.781459332E0,7.945469921E0
1.480463834E1,-3.163311481E0,-5.312066078E-1,1.107398319E1,1.152917273E1
1.480701391E1,5.335994720E0,-6.843472719E-1,1.072941685E1,1.200256459E1
1.480938948E1,-4.642076015E0,-9.571290575E-3,8.413164139E0,9.608865290E0
1.481176506E1,1.627119422E0,-1.076770186E0,1.142333508E1,1.158876766E1
1.481414063E1,1.493121386E0,-9.475577474E-1,8.484949112E0,8.667274000E0
1.481651620E1,-4.110869408E0,6.221338734E-2,1.038963604E1,1.117352473E1
1.481889178E1,4.981856823E0,-7.130611539E-1,1.105962658E1,1.215083099E1
1.482126735E1,-4.173082829E0,-5.982056856E-1,7.929814339E0,8.980780912E0
1.482364292E1,-3.014956415E-1,-1.000199914E0,1.154776192E1,1.159491720E1
1.482601839E1,4.043870449E0,-7.800601721E-1,9.738788605E0,1.057380658E1
1.482839407E1,-4.948357105E0,9.571290761E-2,9.011369705E0,1.028105943E1
1.483076954E1,3.804588079E0,-7.992027402E-1,1.150947666E1,1.214831958E1
1.483314516E1,-2.426322222E0,-9.188438654E-1,8.054241180E0,8.461803269E0
1.483552073E1,-1.808973908E0,-5.934200287E-1,1.168175983E1,1.183587964E1
1.483789631E1,4.967499733E0,-7.752745152E-1,9.958928108E0,1.115604559E1
1.484027188E1,-5.321637630E0,-3.732803464E-1,8.451449394E0,9.994306487E0
1.484264745E1,2.450250387E0,-1.071984529E0,1.178225899E1,1.208199092E1
1.484502303E1,2.488535494E-1,-7.561319470E-1,8.671588898E0,8.708049013E0
1.484739860E1,-3.594019651E0,-1.292124242E-1,1.049970531E1,1.109853525E1
1.484977417E1,4.527220249E0,-7.992027402E-1,1.070548820E1,1.165083370E1
1.485214974E1,-4.876572609E0,-6.364908218E-1,8.250452042E0,9.605000774E0
1.485452532E1,1.086341500E0,-9.284151793E-1,1.201675510E1,1.210142536E1
1.485690089E1,2.761317253E0,-6.795616150E-1,8.963513374E0,9.403789075E0
1.485927646E1,-5.048855782E0,-7.657032460E-2,9.360722542E0,1.063578555E1
1.486165204E1,3.828516245E0,-1.268195987E0,1.133719349E1,1.203319633E1
1.486402761E1,-3.412165165E0,-6.125625968E-1,8.484949112E0,9.165831412E0
1.486640318E1,-4.402793646E-1,-4.163511395E-1,1.175354481E1,1.176915501E1
1.486877875E1,3.924229145E0,-6.412764788E-1,9.303294182E0,1.011741531E1
1.487115428E1,-5.781059742E0,-1.722832322E-1,8.666803360E0,1.041939603E1
1.487352990E1,3.263810158E0,-1.186840057E0,1.176790142E1,1.226965973E1
1.487590542E1,-9.427721500E-1,-5.647061467E-1,8.705088615E0,8.774182592E0
1.487828099E1,-2.608176708E0,-2.153540403E-1,1.077727318E1,1.109047250E1
1.488065657E1,4.130012035E0,-9.523434043E-1,1.001635551E1,1.087618201E1
1.488303214E1,-5.379065514E0,-4.259224236E-1,8.623732567E0,1.017273410E1
1.488540771E1,2.809173822E0,-7.417750359E-1,1.216511059E1,1.250726203E1
1.488778329E1,1.172483087E0,-4.833501875E-1,8.221738815E0,8.318974284E0
1.489015886E1,-4.541577339E0,-2.201396823E-1,1.009292603E1,1.106984833E1
1.489253443E1,4.240081787E0,-1.229910851E0,1.084427261E1,1.170851070E1
1.489491000E1,-3.938585997E0,-4.402793646E-1,8.886942863E0,9.730573417E0
1.489728558E1,1.105484009E0,-4.929214716E-1,1.166740322E1,1.173001980E1
1.489966115E1,2.847458839E0,-7.274180651E-1,8.542376518E0,9.033789651E0
1.490203672E1,-5.532206059E0,-3.445664644E-1,9.322437286E0,1.084582255E1
1.490441230E1,4.321437836E0,-9.858429432E-1,1.193061352E1,1.272738191E1
1.490678787E1,-1.914258122E0,-3.206382394E-1,8.370093346E0,8.592185732E0
1.490916344E1,-1.445264935E0,-3.445664644E-1,1.106441212E1,1.116372394E1
1.491153901E1,3.876372576E0,-1.182054400E0,9.221938133E0,1.007311570E1
1.491391454E1,-5.350351334E0,-2.249253243E-1,9.111868858E0,1.056896423E1
1.491629011E1,3.938585997E0,-7.274180651E-1,1.193539906E1,1.258949353E1
1.491866568E1,-2.919243574E-1,-4.402793646E-1,7.829315662E0,7.847117273E0
1.492104125E1,-3.728017569E0,-2.632105052E-1,1.064327526E1,1.128036804E1
1.492341683E1,4.493721008E0,-1.191625714E0,1.040877819E1,1.139983174E1
1.492579240E1,-4.106083870E0,-2.297109663E-1,9.030512810E0,9.922845030E0
1.492816797E1,2.115255117E0,-5.503492355E-1,1.143769264E1,1.164465549E1
1.493054354E1,1.689332843E0,-8.997012973E-1,8.130811691E0,8.353047745E0
1.493291912E1,-5.264209747E0,-4.163511395E-1,9.868000984E0,1.119208184E1
1.493529469E1,5.034498692E0,-8.614161611E-1,1.166261768E1,1.273204092E1
1.493767026E1,-3.081955671E0,2.392822690E-2,8.317451477E0,8.870119638E0
1.494004578E1,-5.455635786E-1,-4.642075896E-1,1.117448139E1,1.119741768E1
1.494242141E1,3.340380430E0,-1.229910851E0,8.819944382E0,9.511164020E0
1.494479698E1,-5.134997368E0,-5.264209956E-2,9.595218658E0,1.088297709E1
1.494717256E1,4.455435753E0,-6.604190469E-1,1.158604717E1,1.243075018E1
1.494954813E1,-1.852044702E0,-3.254238665E-1,7.848458290E0,8.070580388E0
1.495192370E1,-3.038884640E0,-8.087740541E-1,1.078205872E1,1.123128334E1
1.495429922E1,4.709074974E0,-8.279166222E-1,1.043749237E1,1.148050870E1
1.495667474E1,-4.627718925E0,9.092725813E-2,8.910871506E0,1.004129878E1
1.495905037E1,2.775674343E0,-4.402793646E-1,1.133719349E1,1.168033262E1
1.496142594E1,1.722832322E-1,-9.427721500E-1,7.910671711E0,7.968514777E0
1.496380151E1,-4.618147850E0,-4.689932466E-1,1.029870892E1,1.129648837E1
1.496617709E1,5.230710506E0,-7.465606928E-1,1.132283688E1,1.249497180E1
1.496855266E1,-3.996013880E0,-1.339980662E-1,8.307880402E0,9.219921864E0
1.497092823E1,2.392822653E-1,-1.962114573E-1,1.136590767E1,1.137011926E1
1.497330375E1,2.565105915E0,-1.167697430E0,8.566305161E0,9.018030259E0
1.497567938E1,-4.972285271E0,-1.244267747E-1,9.805787086E0,1.099511543E1
1.497805495E1,4.599005222E0,-6.987041831E-1,1.151904774E1,1.242286188E1
1.498043053E1,-2.684746981E0,-3.589234054E-1,7.824530125E0,8.280094446E0
1.498280610E1,-2.474178553E0,-7.944171429E-1,1.113619614E1,1.143536281E1
1.498518167E1,4.656432629E0,-7.752745152E-1,1.016949654E1,1.121169368E1
1.498755724E1,-4.924428940E0,1.579262912E-1,8.800801277E0,1.008608171E1
1.498993282E1,3.139383316E0,-4.689932466E-1,1.141376400E1,1.184692749E1
1.499230839E1,-5.264210105E-1,-9.523434043E-1,7.953742504E0,8.027832638E0
1.499468396E1,-4.082155228E0,-5.455635786E-1,1.082034397E1,1.157762819E1
1.499705948E1,5.307280540E0,-6.652047038E-1,1.106441212E1,1.228946457E1
1.499943506E1,-4.445864677E0,-5.742774159E-2,8.193024635E0,9.321730706E0
1.500181063E1,4.211367965E-1,-8.805587292E-1,1.145204926E1,1.149357090E1
1.500418620E1,2.545963287E0,-9.044869542E-1,8.930013657E0,9.329800085E0
1.500656178E1,-4.795216560E0,1.914258152E-1,9.796216011E0,1.090855599E1
1.500893735E1,4.608576298E0,-7.226324677E-1,1.131805134E1,1.224170982E1
1.501131292E1,-3.302095175E0,-7.704889178E-1,7.853243828E0,8.554000487E0
1.501368849E1,-1.823330879E0,-7.034898400E-1,1.150469112E1,1.166950519E1
1.501606407E1,4.728217602E0,-6.699903607E-1,1.011685371E1,1.118729895E1
1.501843964E1,-5.134997368E0,1.483550072E-1,8.767302513E0,1.016148614E1
1.502081521E1,2.909672260E0,-1.229910851E0,1.138504982E1,1.181516960E1
1.502319078E1,-7.322037220E-1,-7.322037220E-1,8.422736168E0,8.486149252E0
1.502556636E1,-3.316452265E0,-2.440679073E-1,1.104048347E1,1.153042498E1
1.502794193E1,5.039284706E0,-5.742774606E-1,1.063370419E1,1.178133480E1
1.503031750E1,-4.986642361E0,-1.722832322E-1,8.327022552E0,9.707501642E0
1.503269302E1,1.033699393E0,-1.306481123E0,1.140897846E1,1.152997038E1
1.503506865E1,2.368894339E0,-7.896314859E-1,9.207581520E0,9.540164344E0
1.503744422E1,-4.689932346E0,9.571290761E-2,9.714859962E0,1.078810134E1
1.503981974E1,4.359723091E0,-6.221339107E-1,1.142812061E1,1.224729263E1
1.504219532E1,-3.689732552E0,-7.657032609E-1,7.982456207E0,8.827232572E0
1.504457089E1,-1.210768223E0,-8.135597110E-1,1.158604717E1,1.167751378E1
1.504694646E1,4.627718925E0,-6.412764788E-1,9.973284721E0,1.101332947E1
1.504932204E1,-5.316852093E0,7.178468257E-2,8.700303078E0,1.019653583E1
1.505169761E1,2.967100143E0,-1.234696507E0,1.149512005E1,1.193590984E1
1.505407318E1,-1.000199914E0,-7.082754970E-1,8.508877754E0,8.596688588E0
1.505644875E1,-2.938386202E0,-1.674975902E-1,1.101177025E1,1.139830044E1
1.505882433E1,4.843072891E0,-5.742774606E-1,1.042313576E1,1.150768911E1
1.506119990E1,-5.221138954E0,-4.498506486E-1,8.240880966E0,9.766001059E0
1.506357547E1,1.272981644E0,-1.067198873E0,1.172961617E1,1.184665738E1
1.506595104E1,2.550748825E0,-6.508477330E-1,9.250652313E0,9.617925481E0
1.506832662E1,-4.800002098E0,1.004985496E-1,9.370293617E0,1.052865246E1
1.507070219E1,3.981656790E0,-1.067198873E0,1.116969585E1,1.190607449E1
1.507307776E1,-3.608376503E0,-5.790630579E-1,8.327022552E0,9.093679102E0
1.507545334E1,-5.838487148E-1,-4.642075896E-1,1.191625690E1,1.193957900E1
1.507782891E1,4.326223373E0,-5.216353536E-1,9.360722542E0,1.032528153E1
1.508020448E1,-5.560919762E0,-9.571290761E-2,8.528019905E0,1.018136106E1
1.508258000E1,3.105883837E0,-1.201196909E0,1.158604717E1,1.205511831E1
1.508495558E1,-6.795616150E-1,-5.647061467E-1,8.709874153E0,8.754576220E0
1.508733115E1,-2.967100143E0,-1.244267747E-1,1.066720295E1,1.107286702E1
1.508970672E1,4.551148891E0,-5.982056856E-1,1.048534870E1,1.144610605E1
1.509208230E1,-5.192425251E0,-5.407779217E-1,8.154739380E0,9.682638850E0
1.509445787E1,1.555334687E0,-9.140582681E-1,1.186361504E1,1.199999709E1
1.509683344E1,2.498106956E0,-5.168496966E-1,9.025727272E0,9.379308331E0
1.509920901E1,-4.943571568E0,-1.818545163E-1,9.355937004E0,1.058326642E1
1.510158459E1,3.933800459E0,-1.095912814E0,1.126062298E1,1.197820691E1
1.510396016E1,-3.469592810E0,-4.115654826E-1,8.408378601E0,9.105399009E0
1.510633573E1,-4.163511395E-1,-3.924229145E-1,1.160519028E1,1.161928506E1
1.510871131E1,3.914657831E0,-6.269195080E-1,9.298508644E0,1.010840428E1
1.511108688E1,-5.618347645E0,-3.206382394E-1,8.633303642E0,1.030546316E1
1.511346245E1,3.292523861E0,-1.004985452E0,1.189232826E1,1.238055656E1
1.511583802E1,-6.077769399E-1,-5.168496966E-1,8.398807526E0,8.436616281E0
1.511821360E1,-3.024527788E0,-2.488535494E-1,1.061456108E1,1.103986428E1
1.512058912E1,4.254438877E0,-1.052842021E0,1.028435135E1,1.117929377E1
1.512296469E1,-5.158925533E0,-2.440679073E-1,8.633303642E0,1.006021936E1
1.512534026E1,2.115255117E0,-7.465606928E-1,1.177268696E1,1.198448227E1
1.512771584E1,1.957328916E0,-5.312066078E-1,8.432307243E0,8.672780545E0
1.513009141E1,-4.981856823E0,-4.211367965E-1,9.643074989E0,1.086209689E1
1.513246698E1,4.211368084E0,-1.038485050E0,1.137069321E1,1.216991111E1
1.513484256E1,-3.469592810E0,-4.450650215E-1,8.432307243E0,9.129072384E0
1.513721813E1,-1.339980662E-1,-4.019941986E-1,1.139462185E1,1.140249806E1
1.513959370E1,3.527020693E0,-9.667003751E-1,9.054440498E0,9.765105085E0
1.514196928E1,-5.699703693E0,-2.057827413E-1,9.059226990E0,1.070507181E1
1.514434485E1,3.689732552E0,-7.800601721E-1,1.190668583E1,1.248966723E1
1.514672042E1,-9.236295223E-1,-3.014956415E-1,8.274380684E0,8.331228410E0
1.514909599E1,-2.928814888E0,-5.359922647E-1,1.060499001E1,1.101503778E1
1.515147157E1,4.311866283E0,-1.000199914E0,1.017906761E1,1.109982019E1
1.515384714E1,-5.091926575E0,-1.674975902E-1,8.767302513E0,1.014008703E1
1.515622271E1,2.703889608E0,-6.412764788E-1,1.183490086E1,1.215677312E1
1.515859828E1,1.201196909E0,-5.742774606E-1,8.240880966E0,8.347741474E0
1.516097386E1,-4.833501816E0,-4.163511395E-1,9.853643417E0,1.098318609E1
1.516334938E1,4.469792843E0,-7.704889178E-1,1.136112213E1,1.223306165E1
1.516572495E1,-3.436093330E0,-2.584248483E-1,8.551948547E0,9.220051233E0
1.516810053E1,1.914258152E-1,-5.599204898E-1,1.123669529E1,1.125226536E1
1.517047610E1,3.215953588E0,-1.004985452E0,8.915657043E0,9.531069917E0
1.517285167E1,-5.551348686E0,3.349951655E-2,9.288937569E0,1.082141190E1
1.517522724E1,4.259224415E0,-8.614161611E-1,1.167218876E1,1.245483925E1
1.517760282E1,-1.540977836E0,-2.775674164E-1,8.245666504E0,8.393013312E0
1.517997839E1,-2.464607239E0,-7.561319470E-1,1.088255692E1,1.118374130E1
1.518235396E1,4.402793884E0,-7.130611539E-1,1.019342422E1,1.112649755E1
1.518472954E1,-5.034498692E0,-1.052841991E-1,8.752944946E0,1.009808433E1
1.518710511E1,3.163311481E0,-6.843472719E-1,1.174397373E1,1.218178106E1
1.518948068E1,6.604190469E-1,-8.374879360E-1,8.221738815E0,8.290628957E0
1.519185625E1,-4.455435753E0,-2.632105052E-1,1.028435135E1,1.121106909E1
1.519423183E1,4.752145767E0,-8.279166222E-1,1.116969585E1,1.216677611E1
1.519660740E1,-3.574877024E0,-8.614161611E-2,8.671588898E0,9.379958429E0
1.519898297E1,7.274180651E-1,-7.417750359E-1,1.124148083E1,1.128938698E1
1.520135855E1,2.938386202E0,-1.009771109E0,8.786444664E0,9.319622363E0
1.520373407E1,-5.312066078E0,-9.092725813E-2,9.542576790E0,1.092186273E1
1.520610964E1,4.776073933E0,-8.518448472E-1,1.175833035E1,1.271986063E1
1.520848521E1,-2.230110645E0,-4.115654826E-1,8.097311974E0,8.408878691E0
1.521086079E1,-1.928615093E0,-8.853443861E-1,1.101655579E1,1.121908607E1
1.521323636E1,4.283152580E0,-7.369893789E-1,1.011206818E1,1.100647410E1
1.521561193E1,-4.823930264E0,4.785645287E-3,8.992227554E0,1.020443445E1
1.521798750E1,3.536591768E0,-6.460621357E-1,1.157169056E1,1.211729755E1
1.522036308E1,-2.727817893E-1,-9.762716293E-1,7.934599876E0,7.999086910E0
1.522273865E1,-4.082155228E0,-5.024927258E-1,1.067198944E1,1.143712590E1
1.522511422E1,5.134997368E0,-9.092726111E-1,1.111705399E1,1.227940813E1
1.522748980E1,-4.134797573E0,-1.100698411E-1,8.508877754E0,9.460954866E0
1.522986537E1,1.249053478E0,-4.019941986E-1,1.154776192E1,1.162207121E1
1.523224094E1,2.076970100E0,-1.220339537E0,8.355736732E0,8.696054837E0
1.523461651E1,-5.048855782E0,-3.397808075E-1,9.968499184E0,1.117932787E1
1.523699209E1,4.948357105E0,-8.470591903E-1,1.166261768E1,1.269725949E1
1.523936766E1,-2.947957516E0,-2.632105052E-1,8.015955925E0,8.544898049E0
1.524174318E1,-1.741974831E0,-1.009771109E0,1.107398319E1,1.125554165E1
1.524411881E1,4.168296814E0,-9.332008362E-1,9.939785004E0,1.081872858E1
1.524649438E1,-4.890929699E0,1.579262912E-1,9.188439369E0,1.041026186E1
1.524886990E1,3.565305710E0,-6.652047038E-1,1.138026428E1,1.194421690E1
1.525124547E1,-9.762716293E-1,-9.284151793E-1,7.934599876E0,8.048163532E0
1.525362105E1,-3.981656790E0,-6.939185858E-1,1.067677498E1,1.141615687E1
1.525599662E1,5.340780258E0,-8.279166222E-1,1.105005455E1,1.230093839E1
1.525837219E1,-4.469792843E0,-1.052841991E-1,8.504091263E0,9.607793765E0
1.526074776E1,1.234696507E0,-4.546363056E-1,1.145204926E1,1.152738486E1
1.526312334E1,1.660618901E0,-1.119840980E0,8.389236450E0,8.625020995E0
1.526549891E1,-4.780859470E0,-1.004985496E-1,1.014556789E1,1.121602715E1
1.526787448E1,4.852644444E0,-8.039883971E-1,1.132283688E1,1.234508770E1
1.527025006E1,-3.287738323E0,-5.982056856E-1,7.925028801E0,8.600764781E0
1.527262563E1,-1.737189293E0,-7.417750359E-1,1.135155106E1,1.150763956E1
1.527500120E1,4.445864677E0,-7.609176040E-1,9.997213364E0,1.096763344E1
1.527737678E1,-5.024927616E0,2.105683982E-1,8.872586250E0,1.019887363E1
1.527975235E1,3.388236761E0,-5.790630579E-1,1.147119141E1,1.197512817E1
1.528212787E1,-8.997012973E-1,-1.048056364E0,7.915457249E0,8.035069883E0
1.528450349E1,-3.632304668E0,-4.307080805E-1,1.095912743E1,1.155342463E1
1.528687901E1,5.268995285E0,-7.082754970E-1,1.082512951E1,1.206015731E1
1.528925459E1,-4.608576298E0,-1.387837082E-1,8.250452042E0,9.451359442E0
1.529163016E1,9.236295223E-1,-1.153340459E0,1.134676456E1,1.144256753E1
1.529400573E1,2.469393015E0,-7.178468108E-1,9.135796547E0,9.490836868E0
1.529638131E1,-4.723432064E0,1.292124242E-1,9.638289452E0,1.073425032E1
1.529875688E1,4.570291042E0,-6.221339107E-1,1.134676456E1,1.224841528E1
1.530113245E1,-3.249453068E0,-5.216353536E-1,7.867600918E0,8.528199862E0
1.530350803E1,-1.737189293E0,-1.105484009E0,1.120319557E1,1.139085214E1
1.530588360E1,4.843072891E0,-7.226324677E-1,1.032742214E1,1.142948821E1
1.530825917E1,-5.111069202E0,1.627119333E-1,8.767302513E0,1.014963531E1
1.531063474E1,2.933600664E0,-7.274180651E-1,1.145683479E1,1.184880641E1
1.531301032E1,-6.556333899E-1,-1.028913736E0,8.078168869E0,8.169781570E0
1.531538589E1,-3.646661758E0,-2.919243574E-1,1.098305607E1,1.157630694E1
1.531776146E1,5.154139996E0,-7.609176040E-1,1.095912743E1,1.213452218E1
1.532013704E1,-4.622933388E0,-5.024927258E-1,8.073383331E0,9.316841228E0
1.532251261E1,4.402793646E-1,-9.140582681E-1,1.154776192E1,1.159224541E1
1.532488813E1,2.967100143E0,-7.848458290E-1,9.317651749E0,9.810112147E0
1.532726370E1,-5.015356064E0,1.818545163E-1,9.470791817E0,1.071833780E1
1.532963928E1,4.082155228E0,-1.028913736E0,1.137069321E1,1.212498737E1
1.533201485E1,-2.732603550E0,-6.747759581E-1,8.126026154E0,8.599694518E0
1.533439042E1,-2.091326952E0,-5.120640397E-1,1.154297638E1,1.174206803E1
1.533676599E1,4.833501816E0,-7.274180651E-1,9.963713646E0,1.109808391E1
1.533914157E1,-5.312066078E0,-3.062812984E-1,8.609375954E0,1.012092923E1
1.534151714E1,2.478964329E0,-9.667003751E-1,1.169611740E1,1.199495461E1
1.534389271E1,2.871387303E-1,-5.886343718E-1,8.456234932E0,8.481559308E0
1.534626828E1,-4.005585194E0,-4.307080805E-2,1.032263660E1,1.107264170E1
1.534864386E1,4.723432064E0,-7.944171429E-1,1.096869946E1,1.196888787E1
1.535101943E1,-4.383651257E0,-5.168496966E-1,8.236095428E0,9.344345876E0
1.535339500E1,5.742774159E-2,-6.939185858E-1,1.174875927E1,1.176937404E1
1.535577058E1,3.570091486E0,-7.322037220E-1,9.183652878E0,9.880341881E0
1.535814615E1,-5.221138954E0,7.657032460E-2,9.145368576E0,1.053109308E1
1.536052172E1,3.704089403E0,-1.134197950E0,1.127019501E1,1.191738137E1
1.536289730E1,-2.359323025E0,-3.589234054E-1,8.293522835E0,8.630049372E0
1.536527287E1,-2.191825628E0,-3.876372576E-1,1.127976608E1,1.149728164E1
1.536764839E1,4.833501816E0,-7.034898400E-1,1.013121128E1,1.124718097E1
1.537002396E1,-5.292923450E0,-3.014956415E-1,8.465806961E0,9.988785000E0
1.537239954E1,2.230110645E0,-6.652047038E-1,1.168654537E1,1.191600745E1
1.537477511E1,8.901300430E-1,-7.034898400E-1,8.437092781E0,8.513034949E0
1.537715068E1,-4.254438877E0,-3.349951655E-2,1.022692394E1,1.107661256E1
1.537952625E1,4.522434711E0,-9.906286001E-1,1.089212894E1,1.183521160E1
1.538190183E1,-4.139583111E0,-2.871387303E-1,8.346165657E0,9.320787421E0
1.538427740E1,-1.052841991E-1,-5.838487148E-1,1.159083271E1,1.160600564E1
1.538665297E1,3.785445452E0,-6.317051649E-1,9.221938133E0,9.988633121E0
1.538902854E1,-5.345565796E0,-1.674975902E-1,8.982656479E0,1.045424538E1
1.539140412E1,3.613162279E0,-9.188438654E-1,1.154776192E1,1.213466196E1
1.539377969E1,-2.053041935E0,-5.551348329E-1,8.126026154E0,8.399729574E0
1.539615526E1,-2.249253273E0,-2.871387303E-1,1.117448139E1,1.140222010E1
1.539853084E1,4.599005222E0,-8.135597110E-1,1.018385315E1,1.120373123E1
1.540090641E1,-5.312066078E0,-3.589234054E-1,8.499305725E0,1.002921083E1
1.540328198E1,2.225325108E0,-6.939185858E-1,1.172961617E1,1.195899202E1
1.540565750E1,1.119840980E0,-7.226324677E-1,8.532805443E0,8.636261357E0
1.540803308E1,-4.393222332E0,-2.632105052E-1,1.004506969E1,1.096690966E1
1.541040865E1,4.354937077E0,-1.004985452E0,1.092562866E1,1.180444130E1
1.541278422E1,-4.273581028E0,-2.919243574E-1,8.484949112E0,9.504897478E0
1.541515980E1,2.823530734E-1,-6.604190469E-1,1.163390350E1,1.165605368E1
1.541753537E1,3.483949661E0,-6.460621357E-1,9.068798065E0,9.736446984E0
1.541991094E1,-5.426921844E0,-3.158525825E-1,9.092725754E0,1.059381448E1
1.542228651E1,3.704089403E0,-9.044869542E-1,1.169611740E1,1.230193226E1
1.542466209E1,-2.053041935E0,-5.886343718E-1,8.279166222E0,8.550208473E0
1.542703766E1,-2.053041935E0,-3.349951804E-1,1.106441212E1,1.125826001E1
1.542941323E1,4.345366001E0,-1.028913736E0,9.863214493E0,1.082699724E1
1.543178881E1,-5.398207664E0,-1.722832322E-1,8.839086533E0,1.035856063E1
1.543416438E1,2.545963287E0,-7.465606928E-1,1.179661560E1,1.209129528E1
1.543653995E1,9.810572863E-1,-4.881358147E-1,8.489734650E0,8.560160302E0
1.543891552E1,-4.321437836E0,-5.312066078E-1,9.958928108E0,1.086909631E1
1.544129110E1,4.421936035E0,-8.374879360E-1,1.105484104E1,1.193584579E1
1.544366667E1,-4.359723091E0,-4.067798555E-1,8.355736732E0,9.433503677E0
1.544604224E1,8.662018180E-1,-5.790630579E-1,1.180618668E1,1.185207423E1
1.544841776E1,3.038884640E0,-7.609176040E-1,8.853444099E0,9.391341112E0
1.545079334E1,-5.493920803E0,-1.435693651E-1,9.207581520E0,1.072302828E1
1.545316891E1,3.885943890E0,-7.992027402E-1,1.172961617E1,1.238237378E1
1.545554448E1,-2.062613010E0,-4.354937077E-1,8.322237015E0,8.585083350E0
1.545792006E1,-1.770688772E0,-6.077769399E-1,1.096391296E1,1.112259498E1
1.546029563E1,4.173082829E0,-7.992027402E-1,1.001156998E1,1.087588519E1
1.546267120E1,-5.465207100E0,-9.571290761E-2,8.618947029E0,1.020607160E1
1.546504678E1,3.158525944E0,-8.135597110E-1,1.174875927E1,1.219309271E1
1.546742235E1,3.397808075E-1,-4.163511395E-1,8.374878883E0,8.392103168E0
1.546979792E1,-3.948157310E0,-4.546363056E-1,1.024606609E1,1.098983670E1
1.547217349E1,4.431507587E0,-7.752745152E-1,1.090170002E1,1.179348860E1
1.547454907E1,-4.374079704E0,-3.110669553E-1,8.532805443E0,9.593649182E0
1.547692464E1,1.545763373E0,-5.072783828E-1,1.160997581E1,1.172340625E1
1.547930021E1,2.435893536E0,-8.327022791E-1,8.566305161E0,8.944750109E0
1.548167578E1,-5.307280540E0,-8.614161611E-2,9.547362328E0,1.092367953E1
1.548405136E1,4.220939159E0,-8.518448472E-1,1.155254745E1,1.232896264E1
1.548642688E1,-2.445464849E0,-2.392822653E-1,8.408378601E0,8.760044808E0
1.548880245E1,-1.138983607E0,-7.704889178E-1,1.109791183E1,1.118278069E1
1.549117803E1,3.933800459E0,-8.039883971E-1,9.504291534E0,1.031759376E1
1.549355360E1,-5.489135265E0,-7.657032460E-2,8.886942863E0,1.044577534E1
1.549592917E1,3.933800459E0,-7.752745152E-1,1.187318611E1,1.253189471E1
1.549830474E1,-6.508477330E-1,-5.168496966E-1,8.145168304E0,8.187460112E0
1.550068032E1,-3.426522017E0,-5.886343718E-1,1.052363396E1,1.108306885E1
1.550305589E1,4.450650215E0,-7.130611539E-1,1.079641533E1,1.169954390E1
1.550543146E1,-4.426722050E0,-1.674975902E-1,8.729017258E0,9.788752006E0
1.550780704E1,2.134397745E0,-7.561319470E-1,1.136112213E1,1.158457964E1
1.551018261E1,1.674975872E0,-9.427721500E-1,8.484949112E0,8.699926720E0
1.551255818E1,-5.082355499E0,-1.531406492E-1,9.934999466E0,1.116055572E1
1.551493375E1,4.713860512E0,-9.044869542E-1,1.142812061E1,1.239518125E1
1.551730933E1,-3.153740168E0,-2.297109663E-1,8.394021988E0,8.969863394E0
1.551968490E1,-3.684946895E-1,-7.417750359E-1,1.132283688E1,1.135309004E1
1.552206047E1,3.407379389E0,-1.019342422E0,9.059226990E0,9.732362864E0
1.552443605E1,-5.326423168E0,-7.657032460E-2,9.370293617E0,1.077863856E1
1.552681157E1,4.388436794E0,-7.752745152E-1,1.172004509E1,1.253869551E1
1.552918714E1,-1.670190215E0,-5.982056856E-1,7.944170952E0,8.139854883E0
1.553156271E1,-3.010170937E0,-6.556333899E-1,1.091127110E1,1.133784905E1
1.553393829E1,4.603790760E0,-7.561319470E-1,1.048534870E1,1.147646123E1
1.553631386E1,-4.579862595E0,4.307080805E-2,8.925228119E0,1.003178416E1
1.553868943E1,2.608176708E0,-7.609176040E-1,1.141376400E1,1.173267190E1
1.554106500E1,7.513462901E-1,-1.076770186E0,8.082955360E0,8.188902408E0
1.554344058E1,-4.699503899E0,-2.057827413E-1,1.039920712E1,1.141364061E1
1.554581615E1,4.991427898E0,-8.231309652E-1,1.132283688E1,1.240155361E1
1.554819172E1,-3.876372576E0,-2.344966233E-1,8.331808090E0,9.192403335E0
1.555056730E1,1.196411327E-1,-9.954141974E-1,1.136590767E1,1.141004034E1
1.555294287E1,3.000599623E0,-7.561319470E-1,9.116654396E0,9.627498169E0
1.555531844E1,-5.111069202E0,7.657032460E-2,9.547362328E0,1.082963614E1
1.555769401E1,4.441078663E0,-8.518448472E-1,1.147119141E1,1.233033056E1
1.556006959E1,-2.364108801E0,-7.800601721E-1,8.015955925E0,8.393631734E0
1.556244516E1,-2.469393015E0,-5.503492355E-1,1.126540947E1,1.154600523E1
1.556482068E1,4.622933388E0,-8.374879360E-1,1.000678444E1,1.105480140E1
1.556719625E1,-4.890929699E0,1.292124242E-1,8.882157326E0,1.014054278E1
1.556957183E1,2.809173822E0,-9.714859724E-1,1.147119141E1,1.185004113E1
1.557194740E1,8.135596663E-2,-7.082754970E-1,8.159524918E0,8.190611690E0
1.557432297E1,-4.139583111E0,-2.536391914E-1,1.060977554E1,1.139156786E1
1.557669849E1,5.125426292E0,-7.704889178E-1,1.093519974E1,1.210133221E1
1.557907412E1,-4.350151539E0,-4.163511395E-1,8.298309326E0,9.378651521E0
1.558144969E1,5.359922647E-1,-7.704889178E-1,1.157647610E1,1.161446252E1
1.558382526E1,2.713460922E0,-7.034898400E-1,8.915657043E0,9.345946108E0
1.558620084E1,-4.809573650E0,1.148554832E-1,9.528220177E0,1.067390136E1
1.558857641E1,4.326223373E0,-1.052842021E0,1.130848026E1,1.215345263E1
1.559095198E1,-2.756531715E0,-5.742774606E-1,8.216953278E0,8.685999244E0
1.559332756E1,-1.847259045E0,-3.732803464E-1,1.152861977E1,1.168164277E1
1.559570313E1,4.603790760E0,-8.614161611E-1,9.700503349E0,1.077203288E1
1.559807870E1,-5.115854740E0,-2.057827413E-1,8.819944382E0,1.019832021E1
1.560045428E1,3.062813044E0,-9.906286001E-1,1.164826107E1,1.208487297E1
1.560282985E1,-5.742774606E-1,-6.173482537E-1,8.216953278E0,8.260098948E0
1.560520537E1,-3.565305710E0,-2.919243574E-1,1.085384369E1,1.142814716E1
1.560758094E1,4.981856823E0,-8.566305041E-1,1.073420238E1,1.186489840E1
1.560995651E1,-4.603790760E0,-5.072783828E-1,8.341380119E0,9.541008490E0
1.561233209E1,1.124626637E0,-7.561319470E-1,1.177268696E1,1.185042948E1
1.561470766E1,2.330609322E0,-8.805587292E-1,8.752944946E0,9.100613645E0
1.561708323E1,-4.752145767E0,7.657032460E-2,9.858428955E0,1.094428499E1
1.561945881E1,4.378865242E0,-1.172483087E0,1.115055370E1,1.203677803E1
1.562183438E1,-3.445664644E0,-5.455635786E-1,8.336593628E0,9.037092330E0
1.562420995E1,-1.038485050E0,-5.694918036E-1,1.166261768E1,1.172260310E1
1.562658553E1,4.402793884E0,-6.652047038E-1,9.652647018E0,1.063017807E1
1.562896110E1,-5.268995285E0,-3.254238665E-1,8.800801277E0,1.026266608E1
1.563133667E1,3.349951744E0,-9.236295223E-1,1.171047401E1,1.221517375E1
1.563371224E1,-1.316052437E0,-6.269195080E-1,8.197810173E0,8.326410614E0
1.563608782E1,-2.775674343E0,-2.584248483E-1,1.105484104E1,1.140090619E1
1.563846339E1,4.709074974E0,-9.762716293E-1,1.027478027E1,1.134458475E1
1.564083896E1,-5.010570526E0,-3.589234054E-1,8.580661774E0,9.942957281E0
1.564321454E1,1.847259045E0,-6.173482537E-1,1.185404301E1,1.201298549E1
1.564559006E1,1.550549030E0,-6.843472719E-1,8.518448830E0,8.685419043E0
1.564796563E1,-4.450650215E0,-2.440679073E-1,9.963713646E0,1.091528498E1
1.565034120E1,4.383651257E0,-9.667003751E-1,1.117926693E1,1.204686337E1
1.565271678E1,-4.043870449E0,-3.206382394E-1,8.341380119E0,9.275468688E0
1.565509235E1,3.828516230E-2,-6.747759581E-1,1.169611740E1,1.171562848E1
1.565746792E1,3.613162279E0,-7.657032609E-1,9.150154114E0,9.867449693E0
1.565984349E1,-5.326423168E0,-2.105683982E-1,9.092725754E0,1.054005619E1
1.566221907E1,3.661018610E0,-8.327022791E-1,1.157647610E1,1.217009651E1
1.566459464E1,-2.081755638E0,-6.364908218E-1,8.360522270E0,8.639280047E0
1.566697021E1,-1.933400750E0,-2.727817893E-1,1.134676456E1,1.151353614E1
1.566934578E1,4.359723091E0,-9.762716293E-1,9.690931320E0,1.067119682E1
1.567172136E1,-5.513063431E0,-2.009970993E-1,8.681160927E0,1.028575827E1
1.567409693E1,2.727817774E0,-7.417750359E-1,1.192582798E1,1.225628790E1
1.567647250E1,5.503492355E-1,-4.977070987E-1,8.365307808E0,8.398152854E0
1.567884808E1,-3.952943087E0,-4.498506486E-1,1.025085258E1,1.099582209E1
1.568122365E1,4.364508629E0,-1.033699393E0,1.078205872E1,1.167776777E1
1.568359917E1,-4.622933388E0,-3.254238665E-1,8.556734085E0,9.731141352E0
1.568597474E1,1.521835208E0,-6.364908218E-1,1.174875927E1,1.186399795E1
1.568835032E1,2.407179594E0,-7.034898400E-1,8.609375954E0,8.967205020E0
1.569072589E1,-5.321637630E0,-3.684946895E-1,9.446864128E0,1.084891042E1
1.569310146E1,4.106083870E0,-8.853443861E-1,1.173918819E1,1.246805113E1
1.569547704E1,-2.818745136E0,-4.402793646E-1,8.475378036E0,8.942661960E0
1.569785261E1,-8.039883971E-1,-5.838487148E-1,1.116491032E1,1.120903649E1
1.570022818E1,3.718446493E0,-1.028913736E0,9.288937569E0,1.005832337E1
1.570260375E1,-5.642275810E0,-6.699903309E-2,9.011369705E0,1.063224102E1
1.570497933E1,3.737588882E0,-8.566305041E-1,1.190668583E1,1.250889899E1
1.570735490E1,-8.374879360E-1,-4.115654826E-1,8.193024635E0,8.245994474E0
1.570973047E1,-3.211168051E0,-7.657032609E-1,1.062413216E1,1.112520048E1
1.571210604E1,4.335794449E0,-7.944171429E-1,1.046620655E1,1.135657042E1
1.571448162E1,-5.000999451E0,-1.674975902E-1,8.609375954E0,9.957881565E0
1.571685719E1,2.488535643E0,-6.699903607E-1,1.169611740E1,1.197667980E1
1.571923276E1,1.148554921E0,-9.619147182E-1,8.269595146E0,8.404205032E0
1.572160828E1,-4.934000492E0,-1.818545163E-1,1.002592659E1,1.117571635E1
1.572398386E1,4.383651257E0,-8.518448472E-1,1.124626637E1,1.210043574E1
1.572635943E1,-3.570091486E0,-2.105683982E-1,8.566305161E0,9.282859278E0
1.572873500E1,8.614161611E-2,-8.709874153E-1,1.137547874E1,1.140909971E1
1.573111058E1,3.096312523E0,-7.896314859E-1,8.977870941E0,9.529576893E0
1.573348615E1,-5.623133183E0,-3.828516230E-2,9.135796547E0,1.072771509E1
1.573586172E1,4.254438877E0,-8.566305041E-1,1.183011532E1,1.260101958E1
1.573823730E1,-2.143969059E0,-3.493520916E-1,8.164310455E0,8.448349864E0
1.574061287E1,-2.344966173E0,-6.412764788E-1,1.101655579E1,1.128160464E1
1.574298844E1,4.144368649E0,-7.274180651E-1,1.005942631E1,1.090398946E1
1.574536401E1,-5.029713154E0,4.307080805E-2,8.858229637E0,1.018666294E1
1.574773959E1,3.215953588E0,-7.609176040E-1,1.142333508E1,1.189175922E1
1.575011516E1,-2.153540403E-1,-8.039883971E-1,8.154739380E0,8.197106139E0
1.575249073E1,-4.273581028E0,-1.531406492E-1,1.070070267E1,1.152354045E1
1.575486631E1,4.886143684E0,-8.279166222E-1,1.082512951E1,1.190559847E1
1.575724188E1,-4.225724697E0,-1.435693540E-2,8.504091263E0,9.496132031E0
1.575961740E1,1.201196909E0,-9.332008362E-1,1.131805134E1,1.141980840E1
1.576199297E1,2.076970100E0,-6.987041831E-1,8.642875671E0,8.916349713E0
1.576436855E1,-5.053641319E0,6.699903309E-2,9.810572624E0,1.103590117E1
1.576674412E1,4.857429981E0,-7.704889178E-1,1.138504982E1,1.240192076E1
1.576911964E1,-3.163311481E0,-5.599204898E-1,8.092526436E0,8.706838381E0
1.577149526E1,-1.268195987E0,-5.790630579E-1,1.142333508E1,1.150809364E1
1.577387084E1,3.991228104E0,-7.274180651E-1,9.504291534E0,1.033395357E1
1.577624641E1,-4.981856823E0,2.344966233E-1,9.154939651E0,1.042529645E1
1.577862198E1,3.684946775E0,-9.284151793E-1,1.141854954E1,1.203428689E1
1.578099756E1,-1.258624673E0,-6.795616150E-1,7.881958008E0,8.010692985E0
1.578337313E1,-3.215953588E0,-3.014956415E-1,1.116012478E1,1.161816002E1
1.578574870E1,5.058426857E0,-8.087740541E-1,1.041356373E1,1.160534822E1
1.578812428E1,-4.833501816E0,-8.614161611E-2,8.551948547E0,9.823745932E0
1.579049985E1,2.086541414E0,-8.853443861E-1,1.143769264E1,1.166011590E1
1.579287542E1,9.858429432E-1,-6.077769399E-1,8.422736168E0,8.501985866E0
1.579525099E1,-4.354937077E0,9.571290575E-3,1.025085258E1,1.113757367E1
1.579762651E1,4.886143684E0,-8.231309652E-1,1.108355427E1,1.214072156E1
1.580000209E1,-4.039084435E0,-4.977070987E-1,8.202595711E0,9.156663793E0
1.580237766E1,-6.221338734E-2,-5.120640397E-1,1.167218876E1,1.168358124E1
1.580475323E1,3.393022537E0,-8.662018180E-1,8.858229637E0,9.525289488E0
1.580712875E1,-4.967499733E0,1.770688742E-1,9.399007797E0,1.063243879E1
1.580950438E1,4.058227062E0,-1.143769264E0,1.142812061E1,1.218110651E1
1.581187995E1,-2.531606436E0,-4.594219327E-1,8.207381248E0,8.601232854E0
1.581425553E1,-2.029113531E0,-3.876372576E-1,1.139462185E1,1.158037009E1
1.581663110E1,4.814359188E0,-6.939185858E-1,9.920642853E0,1.104892447E1
1.581900667E1,-5.149354458E0,-2.919243574E-1,8.542376518E0,9.978640576E0
1.582138224E1,2.890529871E0,-8.135597110E-1,1.172483063E1,1.210325145E1
1.582375782E1,-1.196411327E-1,-6.843472719E-1,8.202595711E0,8.231963410E0
1.582613339E1,-3.488735437E0,-6.699903309E-2,1.067198944E1,1.122796163E1
1.582850896E1,4.766502857E0,-9.379864931E-1,1.056670475E1,1.162990187E1
1.583088454E1,-4.570291042E0,-3.924229145E-1,8.398807526E0,9.569823604E0
1.583326011E1,1.191625714E0,-5.359922647E-1,1.174875927E1,1.182119300E1
1.583563563E1,2.579462767E0,-7.417750359E-1,8.705088615E0,9.109469039E0
1.583801120E1,-4.780859470E0,-8.135596663E-2,9.628718376E0,1.075060248E1
1.584038672E1,4.287938118E0,-1.004985452E0,1.130369377E1,1.213136027E1
1.584276235E1,-3.483949661E0,-3.493520916E-1,8.216953278E0,8.931868410E0
1.584513792E1,-5.551348329E-1,-5.694918036E-1,1.158604717E1,1.161331067E1
1.584751349E1,4.220939159E0,-7.034898400E-1,9.379864693E0,1.030985388E1
1.584988907E1,-5.292923450E0,-2.057827413E-1,8.772088051E0,1.024728813E1
1.585226464E1,3.498306751E0,-7.752745152E-1,1.163868904E1,1.217777826E1
1.585464021E1,-1.234696507E0,-6.556333899E-1,8.197810173E0,8.316154294E0
1.585701579E1,-2.507678032E0,-1.674975902E-1,1.109312534E1,1.137426633E1
1.585939136E1,4.603790760E0,-9.379864931E-1,1.004506969E1,1.108955063E1
1.586176693E1,-5.158925533E0,-1.818545163E-1,8.556734085E0,9.993261826E0
1.586414245E1,2.344966173E0,-7.082754970E-1,1.178704453E1,1.203889277E1
1.586651808E1,1.540977836E0,-4.450650215E-1,8.441878319E0,8.592904347E0
1.586889365E1,-4.393222332E0,-2.967100143E-1,9.896714211E0,1.083205389E1
1.587126922E1,4.383651257E0,-1.014556766E0,1.103091240E1,1.191330148E1
1.587364480E1,-4.153940201E0,-3.206382394E-1,8.504091263E0,9.469825567E0
1.587602032E1,8.662018180E-1,-4.737788737E-1,1.163390350E1,1.167572194E1
1.587839589E1,3.144168854E0,-6.029912829E-1,8.853444099E0,9.414503104E0
1.588077141E1,-5.417350292E0,-2.536391914E-1,9.107083321E0,1.059957469E1
1.588314704E1,3.952943087E0,-8.231309652E-1,1.173440266E1,1.240965388E1
1.588552261E1,-2.043470621E0,-4.689932466E-1,8.370093346E0,8.628684109E0
1.588789818E1,-1.646261930E0,-4.689932466E-1,1.102612686E1,1.115820804E1
1.589027375E1,4.134797573E0,-9.140582681E-1,9.714859962E0,1.059766755E1
1.589264933E1,-5.474778175E0,-8.135596663E-2,8.791230202E0,1.035690800E1
1.589502490E1,3.297309637E0,-8.327022791E-1,1.186361504E1,1.234143451E1
1.589740047E1,1.483550072E-1,-4.450650215E-1,8.293522835E0,8.306781151E0
1.589977605E1,-3.929014683E0,-5.694918036E-1,1.033699417E1,1.107316241E1
1.590215162E1,4.388436794E0,-7.657032609E-1,1.085384369E1,1.173245932E1
1.590452719E1,-4.589433670E0,-3.110669553E-1,8.551948547E0,9.710586389E0
1.590690276E1,1.722832322E0,-6.412764788E-1,1.172004509E1,1.186334032E1
1.590927834E1,2.120040894E0,-9.332008362E-1,8.638090134E0,8.943267767E0
1.591165391E1,-5.374279499E0,-2.344966233E-1,9.580862045E0,1.098775620E1
1.591402943E1,4.225724697E0,-9.332008362E-1,1.160997581E1,1.239028456E1
1.591640500E1,-2.751745939E0,-2.967100143E-1,8.599804878E0,9.034200933E0
1.591878058E1,-1.033699393E0,-8.901300430E-1,1.123669529E1,1.131919551E1
1.592115615E1,3.751945972E0,-8.709874153E-1,9.475577354E0,1.022850350E1
1.592353172E1,-5.594419479E0,-1.196411327E-1,8.968298912E0,1.057081968E1
1.592590724E1,3.933800459E0,-9.044869542E-1,1.189232826E1,1.255867645E1
1.592828287E1,-1.048056364E0,-6.412764788E-1,8.264809608E0,8.355640941E0
1.593065844E1,-3.378665686E0,-6.221339107E-1,1.078205872E1,1.131614875E1
1.593303401E1,4.345366001E0,-8.135597110E-1,1.059063339E1,1.147630606E1
1.593540959E1,-4.666004181E0,-2.009970993E-1,8.805587769E0,9.967465616E0
1.593778516E1,2.325823545E0,-7.992027402E-1,1.156211948E1,1.182077777E1
1.594016073E1,1.229910851E0,-1.004985452E0,8.355736732E0,8.505352009E0
1.594253631E1,-5.096712112E0,-1.531406492E-1,1.013121128E1,1.134201783E1
1.594491188E1,4.780859470E0,-9.714859724E-1,1.138983536E1,1.239067197E1
1.594728745E1,-3.555734396E0,-2.488535494E-1,8.451449394E0,9.172359132E0
1.594966297E1,-1.962114573E-1,-9.475577474E-1,1.127498055E1,1.131642836E1
1.595203854E1,3.263810158E0,-7.992027402E-1,9.241081238E0,9.833044504E0
1.595441412E1,-5.359922886E0,-1.435693540E-2,9.346364975E0,1.077420613E1
1.595678969E1,4.345366001E0,-8.949156404E-1,1.165304661E1,1.246902462E1
1.595916526E1,-1.856830359E0,-7.657032609E-1,8.054241180E0,8.300898834E0
1.596154084E1,-2.780459881E0,-5.455635786E-1,1.115533924E1,1.150956951E1
1.596391641E1,4.469792843E0,-8.231309652E-1,1.020778179E1,1.117387139E1
1.596629198E1,-4.771288395E0,3.828516230E-2,8.925228119E0,1.012059068E1
1.596866756E1,2.766103029E0,-1.115055323E0,1.148554897E1,1.186644469E1
1.597104313E1,4.977070987E-1,-7.274180651E-1,8.327022552E0,8.373538917E0
1.597341870E1,-4.517649174E0,-1.579262912E-1,1.042792130E1,1.136554606E1
1.597579428E1,5.039284706E0,-8.566305041E-1,1.107876873E1,1.220111973E1
1.597816985E1,-4.063013077E0,-3.349951804E-1,8.398807526E0,9.335966200E0
1.598054537E1,4.642075896E-1,-8.566305041E-1,1.144726372E1,1.148865315E1
1.598292099E1,2.799602509E0,-6.939185858E-1,9.025727272E0,9.475391812E0
1.598529657E1,-4.967499733E0,7.178468257E-2,9.523433685E0,1.074136843E1
1.598767214E1,4.498506546E0,-7.082754970E-1,1.146640587E1,1.233761236E1
1.599004766E1,-2.617748022E0,-7.848458290E-1,8.020741463E0,8.473540069E0
1.599242323E1,-2.005185366E0,-4.833501875E-1,1.139940739E1,1.158451054E1
1.599479881E1,4.646861553E0,-7.992027402E-1,9.848857880E0,1.091934288E1
1.599717438E1,-4.948357105E0,1.866401732E-1,8.877371788E0,1.016507759E1
1.599954995E1,3.148954630E0,-1.191625714E0,1.141854954E1,1.190458570E1
1.600192552E1,-3.972085714E-1,-6.173482537E-1,8.269595146E0,8.302114032E0
1.600430110E1,-3.608376503E0,-1.339980662E-1,1.085384369E1,1.143871755E1
1.600667667E1,5.134997368E0,-6.795616150E-1,1.075813103E1,1.194015851E1
1.600905224E1,-4.517649174E0,-5.264210105E-1,8.169096947E0,9.349888666E0
1.601142782E1,1.162911773E0,-8.087740541E-1,1.169611740E1,1.178158060E1
1.601380339E1,2.297109842E0,-7.322037220E-1,8.858229637E0,9.180472113E0
1.601617896E1,-4.728217602E0,1.483550072E-1,9.719645500E0,1.080969748E1
1.601855454E1,4.512863636E0,-1.028913736E0,1.136590767E1,1.227226380E1
1.602093011E1,-3.182454109E0,-6.508477330E-1,8.039883614E0,8.671294335E0
1.602330568E1,-1.158126116E0,-5.264210105E-1,1.167697430E1,1.174606759E1
1.602568120E1,4.388436794E0,-8.279166222E-1,9.523433685E0,1.051853662E1
1.602805678E1,-5.283352375E0,-6.221338734E-2,8.925228119E0,1.037195159E1
1.603043235E1,3.340380430E0,-1.091127157E0,1.150469112E1,1.202940638E1
1.603280792E1,-1.196411371E0,-5.694918036E-1,8.226524353E0,8.332552071E0
1.603518349E1,-3.086741209E0,-3.445664644E-1,1.096869946E1,1.139995899E1
1.603755907E1,4.867001057E0,-7.369893789E-1,1.048056316E1,1.157899205E1
1.603993464E1,-4.953142643E0,-4.642075896E-1,8.389236450E0,9.753378848E0
1.604231021E1,1.588834286E0,-8.183453679E-1,1.174875927E1,1.188391467E1
1.604468579E1,1.584048629E0,-7.561319470E-1,8.532805443E0,8.711470272E0
1.604706136E1,-4.618147850E0,1.579262912E-1,9.954142570E0,1.097438766E1
1.604943693E1,4.364508629E0,-1.086341500E0,1.105484104E1,1.193476367E1
1.605181250E1,-3.967299938E0,-4.163511395E-1,8.283951759E0,9.194382732E0
1.605418808E1,-4.402793646E-1,-4.737788737E-1,1.162433243E1,1.164231149E1
1.605656365E1,3.881158352E0,-5.694918036E-1,9.317651749E0,1.010971539E1
1.605893917E1,-5.374279499E0,-1.962114573E-1,8.824729919E0,1.033427488E1
1.606131480E1,3.527020693E0,-8.662018180E-1,1.159561825E1,1.215107169E1
1.606369032E1,-1.895115495E0,-5.024927258E-1,8.188239098E0,8.419692465E0
1.606606589E1,-2.316252232E0,-1.962114573E-1,1.117926693E1,1.141838572E1
1.606844146E1,4.536791801E0,-8.135597110E-1,1.000199890E1,1.101291702E1
1.607081704E1,-5.225924492E0,-2.009970993E-1,8.566305161E0,1.003654675E1
1.607319261E1,2.325823545E0,-6.029912829E-1,1.179183006E1,1.203413104E1
1.607556818E1,1.110269666E0,-5.312066078E-1,8.408378601E0,8.497982695E0
1.607794375E1,-4.211368084E0,-2.440679073E-1,9.958928108E0,1.081551845E1
1.608031933E1,4.378865242E0,-8.231309652E-1,1.103569794E1,1.190120306E1
1.608269490E1,-4.292723656E0,-2.009970993E-1,8.288737297E0,9.336543375E0
1.608507047E1,5.982056856E-1,-5.120640397E-1,1.160997581E1,1.163664892E1
1.608744604E1,3.426522017E0,-6.987041831E-1,9.001798630E0,9.657205560E0
1.608982162E1,-5.240281582E0,-1.004985496E-1,9.150154114E0,1.054495004E1
1.609219719E1,3.986442566E0,-6.939185858E-1,1.155254745E1,1.224069443E1
1.609457276E1,-2.340180635E0,-4.546363056E-1,8.260024071E0,8.597158672E0
1.609694834E1,-1.440479279E0,-4.019941986E-1,1.118405342E1,1.128360008E1
1.609932386E1,4.412364960E0,-9.332008362E-1,9.748359680E0,1.074105883E1
1.610169943E1,-5.316852093E0,-2.392822690E-2,8.705088615E0,1.020039492E1
1.610407500E1,3.034099102E0,-8.231309652E-1,1.170090294E1,1.211587519E1
1.610645058E1,4.785645306E-1,-5.024927258E-1,8.446663857E0,8.475119660E0
1.610882615E1,-3.708875179E0,-4.354937077E-1,1.029870892E1,1.095485350E1
1.611120172E1,4.589433670E0,-8.087740541E-1,1.079162979E1,1.175484115E1
1.611357730E1,-4.594219685E0,-3.158525825E-1,8.413164139E0,9.591034782E0
1.611595287E1,1.703689694E0,-5.934200287E-1,1.186840057E1,1.200473399E1
1.611832844E1,2.498106956E0,-7.896314859E-1,8.523234367E0,8.916814472E0
1.612070401E1,-5.192425251E0,-2.775674164E-1,9.547362328E0,1.087154318E1
1.612307959E1,4.220939159E0,-8.087740541E-1,1.162911797E1,1.239785576E1
1.612545516E1,-2.775674343E0,-3.780659735E-1,8.417949677E0,8.871819357E0
1.612783073E1,-7.752745152E-1,-6.460621357E-1,1.117926693E1,1.122472521E1
1.613020631E1,3.775874138E0,-1.019342422E0,9.384650230E0,1.016700273E1
1.613258188E1,-5.704489231E0,-1.435693540E-2,9.020941734E0,1.067327472E1
1.613495740E1,3.751945972E0,-9.044869542E-1,1.185882950E1,1.247104776E1
1.613733297E1,-9.427721500E-1,-4.115654826E-1,8.197810173E0,8.262100042E0
1.613970854E1,-3.263810158E0,-6.843472719E-1,1.075813103E1,1.126313327E1
1.614208412E1,4.311866283E0,-8.279166222E-1,1.049970531E1,1.138074903E1
1.614445969E1,-5.044070244E0,-2.488535494E-1,8.714659691E0,1.007223244E1
1.614683526E1,2.431107759E0,-6.699903607E-1,1.172004509E1,1.198827047E1
1.614921084E1,9.906286001E-1,-8.662018180E-1,8.279166222E0,8.383092743E0
1.615158641E1,-5.168497086E0,-2.536391914E-1,1.004506969E1,1.129960708E1
1.615396198E1,4.364508629E0,-8.614161611E-1,1.140897846E1,1.224564261E1
1.615633756E1,-3.527020693E0,-2.057827413E-1,8.618947029E0,9.314959441E0
1.615871313E1,-1.100698411E-1,-7.322037220E-1,1.129412270E1,1.131836760E1
1.616108870E1,2.943171740E0,-1.004985452E0,8.877371788E0,9.406380043E0
1.616346428E1,-5.728417397E0,-4.785645381E-2,9.451649666E0,1.105218248E1
1.616583985E1,4.273581028E0,-8.327022791E-1,1.187797165E1,1.265081414E1
1.616821542E1,-2.158325911E0,-4.163511395E-1,8.049455643E0,8.344186908E0
1.617059099E1,-2.617748022E0,-7.657032609E-1,1.098305607E1,1.131664380E1
1.617296651E1,4.149154663E0,-7.082754970E-1,1.018863869E1,1.102386034E1
1.617534209E1,-4.972285271E0,1.435693540E-2,8.930013657E0,1.022100635E1
1.617771766E1,3.005385160E0,-8.279166222E-1,1.151426220E1,1.192878954E1
1.618009323E1,1.148554832E-1,-8.327022791E-1,8.183453560E0,8.226511839E0
1.618246881E1,-4.460221291E0,-1.483550072E-1,1.043749237E1,1.135151224E1
1.618484438E1,4.800002098E0,-8.279166222E-1,1.097827053E1,1.201032431E1
1.618721995E1,-4.043870449E0,-6.221338734E-2,8.532805443E0,9.442749993E0
1.618959552E1,9.379864931E-1,-9.571290612E-1,1.129890823E1,1.137810362E1
1.619197110E1,2.507678032E0,-6.891329288E-1,8.901300430E0,9.273429929E0
1.619434667E1,-5.154139996E0,1.100698411E-1,9.542576790E0,1.084610742E1
1.619672224E1,4.680361271E0,-7.609176040E-1,1.148554897E1,1.242588477E1
1.619909782E1,-2.670390129E0,-6.795616150E-1,8.082955360E0,8.539728028E0
1.620147339E1,-1.737189293E0,-5.551348329E-1,1.138026428E1,1.152546817E1
1.620384896E1,4.283152580E0,-7.465606928E-1,9.767501831E0,1.069143774E1
1.620622454E1,-4.843072891E0,1.627119333E-1,8.939585686E0,1.016848182E1
1.620860006E1,3.436093330E0,-1.048056364E0,1.140897846E1,1.196118510E1
1.621097568E1,-4.594219327E-1,-6.412764788E-1,8.169096947E0,8.207097475E0
1.621335120E1,-3.756731510E0,-1.387837082E-1,1.086820030E1,1.150000306E1
1.621572678E1,5.120640278E0,-8.805587292E-1,1.071984577E1,1.191265856E1
1.621810235E1,-4.398007870E0,-3.349951804E-1,8.408378601E0,9.495026366E0
1.622047792E1,1.392622828E0,-8.279166222E-1,1.162433243E1,1.173669241E1
1.622285349E1,1.966900229E0,-6.508477330E-1,8.671588898E0,8.915646544E0
1.622522907E1,-4.838287354E0,4.785645287E-3,9.791430473E0,1.092159137E1
1.622760464E1,4.646861553E0,-1.076770186E0,1.141854954E1,1.237481434E1
1.622998021E1,-3.282952785E0,-6.029912829E-1,8.154739380E0,8.811421669E0
1.623235578E1,-1.215553880E0,-4.594219327E-1,1.156690502E1,1.163967059E1
1.623473136E1,4.000799656E0,-9.332008362E-1,9.451649666E0,1.030586935E1
1.623710693E1,-5.197210789E0,9.571290761E-2,9.092725754E0,1.047367283E1
1.623948250E1,3.546163082E0,-1.134197950E0,1.142812061E1,1.201930191E1
1.624185808E1,-1.488335729E0,-5.886343718E-1,8.202595711E0,8.357284850E0
1.624423360E1,-3.316452265E0,-3.684946895E-1,1.100698376E1,1.150166664E1
1.624660917E1,4.857429981E0,-7.130611539E-1,1.053799057E1,1.162550332E1
1.624898474E1,-4.972285271E0,-3.828516304E-1,8.432307243E0,9.796632158E0
1.625136032E1,1.622333765E0,-8.901300430E-1,1.168654537E1,1.183214440E1
1.625373589E1,1.186840057E0,-7.513462901E-1,8.532805443E0,8.647651664E0
1.625611146E1,-4.579862595E0,3.349951655E-2,9.982855797E0,1.098333617E1
1.625848704E1,4.393222332E0,-8.853443861E-1,1.120319557E1,1.206630963E1
1.626086261E1,-4.029513359E0,-5.359922647E-1,8.082955360E0,9.047565030E0
1.626323818E1,-5.647061467E-1,-6.077769399E-1,1.167697430E1,1.170640912E1
1.626561375E1,3.862015724E0,-8.135597110E-1,9.389435768E0,1.018521227E1
1.626798933E1,-5.345565796E0,3.349951655E-2,9.035298347E0,1.049822900E1
1.627036490E1,3.512663603E0,-1.076770186E0,1.142812061E1,1.200417346E1
1.627274047E1,-2.062613010E0,-4.498506486E-1,8.236095428E0,8.502352965E0
1.627511604E1,-2.478964329E0,-3.637090325E-1,1.116491032E1,1.144258584E1
1.627749162E1,4.828716278E0,-6.795616150E-1,1.028435135E1,1.138183586E1
1.627986719E1,-5.154139996E0,-4.019941986E-1,8.350951195E0,9.821667083E0
1.628224271E1,2.134397745E0,-7.896314859E-1,1.177268696E1,1.199063509E1
1.628461828E1,1.110269666E0,-7.609176040E-1,8.566305161E0,8.671405793E0
1.628699386E1,-4.153940201E0,0.000000000E0,1.013599682E1,1.095416134E1
1.628936943E1,4.599005222E0,-1.162911773E0,1.091605663E1,1.190224791E1
1.629174500E1,-4.177868366E0,-4.163511395E-1,8.470592499E0,9.454039858E0
1.629412058E1,3.254238665E-1,-5.838487148E-1,1.166740322E1,1.168653404E1
1.629649615E1,3.689732552E0,-5.599204898E-1,9.126225471E0,9.859798609E0
1.629887172E1,-5.221138954E0,-2.727817893E-1,8.968298912E0,1.038099645E1
1.630124730E1,3.919443607E0,-9.619147182E-1,1.170090294E1,1.237733605E1
1.630362287E1,-2.009970903E0,-5.168496966E-1,8.216953278E0,8.474988956E0
1.630599844E1,-1.856830359E0,-3.684946895E-1,1.114098263E1,1.130066818E1
1.630837401E1,4.646861553E0,-9.475577474E-1,9.982855797E0,1.105208568E1
1.631074959E1,-5.158925533E0,-2.153540403E-1,8.652446747E0,1.007599746E1
1.631312516E1,2.660818815E0,-6.317051649E-1,1.179661560E1,1.210946522E1
1.631550073E1,9.140582681E-1,-6.412764788E-1,8.398807526E0,8.472703576E0
1.631787625E1,-3.957728624E0,-3.349951804E-1,1.010249710E1,1.085524230E1
1.632025183E1,4.685146809E0,-9.044869542E-1,1.100698376E1,1.199676576E1
1.632262740E1,-4.316651821E0,-2.632105052E-1,8.312665939E0,9.370334985E0
1.632500297E1,8.039883971E-1,-5.886343718E-1,1.170568848E1,1.174802241E1
1.632737855E1,3.402593851E0,-6.269195080E-1,9.025727272E0,9.666148446E0
1.632975412E1,-5.187639713E0,-1.818545163E-1,9.092725754E0,1.047006870E1
1.633212969E1,3.957728624E0,-7.178468108E-1,1.164347458E1,1.231866146E1
1.633450526E1,-2.215753794E0,-5.647061467E-1,8.188239098E0,8.501512655E0
1.633688084E1,-1.536192179E0,-2.584248483E-1,1.122712421E1,1.133468076E1
1.633925641E1,4.364508629E0,-9.188438654E-1,9.786644936E0,1.075507456E1
1.634163198E1,-5.479563713E0,-1.004985496E-1,8.652446747E0,1.024209711E1
1.634400756E1,2.818745136E0,-7.657032609E-1,1.176311588E1,1.212033502E1
1.634638313E1,6.460621357E-1,-3.637090325E-1,8.513663292E0,8.545884576E0
1.634875870E1,-4.043870449E0,-4.929214716E-1,1.004506969E1,1.083970871E1
1.635113428E1,4.383651257E0,-8.231309652E-1,1.108833981E1,1.195178742E1
1.635350980E1,-4.493721008E0,-3.158525825E-1,8.331808090E0,9.471658641E0
1.635588537E1,1.205982566E0,-5.503492355E-1,1.172004509E1,1.179477576E1
1.635826094E1,2.675175667E0,-7.513462901E-1,8.791230202E0,9.219914021E0
1.636063651E1,-5.379065514E0,-2.488535494E-1,9.274580956E0,1.072446389E1
1.636301209E1,3.991228104E0,-7.992027402E-1,1.167218876E1,1.236157827E1
1.636538766E1,-2.426322222E0,-3.349951804E-1,8.331808090E0,8.684370291E0
1.636776323E1,-1.521835208E0,-6.747759581E-1,1.108833981E1,1.121260829E1
1.637013881E1,3.967299938E0,-8.566305041E-1,9.839286804E0,1.064353557E1
1.637251438E1,-5.541777134E0,-1.148554832E-1,8.762516975E0,1.036851915E1
1.637488995E1,3.249453068E0,-9.044869542E-1,1.179661560E1,1.226935946E1
1.637726553E1,8.135596663E-2,-5.072783828E-1,8.346165657E0,8.361963365E0
1.637964110E1,-3.981656790E0,-6.077769399E-1,1.029870892E1,1.105831764E1
1.638201667E1,4.407579422E0,-8.279166222E-1,1.102612686E1,1.190326324E1
1.638439224E1,-4.522434711E0,-4.354937077E-1,8.542376518E0,9.675446608E0
1.638676782E1,1.421336651E0,-6.652047038E-1,1.167697430E1,1.178195331E1
1.638914339E1,2.368894339E0,-9.619147182E-1,8.695517540E0,9.063606655E0
1.639151891E1,-5.436492920E0,-1.866401732E-1,9.456435204E0,1.090937471E1
1.639389448E1,4.115654945E0,-9.475577474E-1,1.178704453E1,1.252081866E1
1.639627006E1,-2.411965132E0,-3.493520916E-1,8.489734650E0,8.832622323E0
1.639864563E1,-1.387837172E0,-8.853443861E-1,1.102612686E1,1.114833621E1
1.640102115E1,3.876372576E0,-8.757730722E-1,9.734002113E0,1.051399258E1
1.640339678E1,-5.560919762E0,-1.866401732E-1,8.791230202E0,1.040405650E1
1.640577235E1,3.512663603E0,-8.805587292E-1,1.201675510E1,1.255056144E1
1.640814792E1,-2.919243574E-1,-5.886343718E-1,8.183453560E0,8.209788208E0
1.641052349E1,-3.948157310E0,-5.455635786E-1,1.037049294E1,1.111002743E1
1.641289907E1,4.331008911E0,-8.039883971E-1,1.098784161E1,1.183793473E1
1.641527464E1,-4.287938118E0,-2.392822653E-1,8.676374435E0,9.681071359E0
1.641765021E1,1.564906001E0,-8.231309652E-1,1.153819084E1,1.167288839E1
1.642002578E1,2.148754835E0,-8.374879360E-1,8.671588898E0,8.973014398E0
1.642240136E1,-5.422136307E0,-2.871387079E-2,9.537791252E0,1.097131936E1
1.642477688E1,4.421936035E0,-9.332008362E-1,1.168175983E1,1.252548981E1
1.642715250E1,-2.632104874E0,-2.775674164E-1,8.317451477E0,8.728402993E0
1.642952797E1,-1.311266780E0,-8.374879360E-1,1.112662506E1,1.123488281E1
1.643190360E1,3.866801500E0,-6.891329288E-1,9.729216576E0,1.049212625E1
1.643427917E1,-5.340780258E0,-4.785645381E-2,8.843872070E0,1.033151960E1
1.643665474E1,3.804588079E0,-8.135597110E-1,1.178704453E1,1.241254158E1
1.643903032E1,-5.934200287E-1,-6.747759581E-1,8.169096947E0,8.218370571E0
1.644140589E1,-3.780659676E0,-3.493520916E-1,1.050927734E1,1.117409257E1
1.644378146E1,4.622933388E0,-8.087740541E-1,1.082512951E1,1.179868880E1
1.644615698E1,-4.187439442E0,-3.349951655E-2,8.709874153E0,9.664247465E0
1.644853261E1,1.622333765E0,-8.327022791E-1,1.136112213E1,1.150653971E1
1.645090818E1,2.000399828E0,-7.513462901E-1,8.561519623E0,8.824156559E0
1.645328375E1,-5.206781864E0,-4.307080805E-2,9.710074425E0,1.101807505E1
1.645565933E1,4.847858906E0,-8.614161611E-1,1.157647610E1,1.258008635E1
1.645803490E1,-2.924029350E0,-4.450650215E-1,8.173882484E0,8.692547692E0
1.646041047E1,-1.234696507E0,-7.465606928E-1,1.125105190E1,1.134319167E1
1.646278599E1,3.833301783E0,-6.125625968E-1,9.729216576E0,1.047506996E1
1.646516157E1,-5.034498692E0,3.349951655E-2,9.011369705E0,1.032240685E1
1.646753714E1,3.809373617E0,-9.188438654E-1,1.160040379E1,1.224438522E1
1.646991271E1,-7.369893789E-1,-7.226324677E-1,8.011170387E0,8.077388316E0
1.647228828E1,-3.751945972E0,-2.823530734E-1,1.084905815E1,1.148298239E1
1.647466386E1,4.886143684E0,-9.140582681E-1,1.073420238E1,1.182932811E1
1.647703943E1,-4.417150497E0,-6.699903309E-2,8.628518105E0,9.693659374E0
1.647941500E1,1.540977836E0,-1.038485050E0,1.141854954E1,1.156876560E1
1.648179058E1,1.804188251E0,-6.699903607E-1,8.690732002E0,8.901281091E0
1.648416615E1,-5.063212872E0,-3.828516230E-2,9.791430473E0,1.102314388E1
1.648654172E1,4.790431023E0,-8.949156404E-1,1.148554897E1,1.247665575E1
1.648891730E1,-3.259024382E0,-6.173482537E-1,8.087740898E0,8.741505112E0
1.649129287E1,-1.411765337E0,-6.173482537E-1,1.132283688E1,1.142719717E1
1.649366844E1,3.838087559E0,-7.369893789E-1,9.643074989E0,1.040494905E1
1.649604396E1,-5.096712112E0,1.339980662E-1,9.020941734E0,1.036203743E1
1.649841954E1,3.483949661E0,-1.100698471E0,1.138504982E1,1.195695621E1
1.650079511E1,-1.086341500E0,-5.551348329E-1,8.121239662E0,8.212359356E0
1.650317068E1,-3.771088600E0,-2.057827413E-1,1.088255692E1,1.151926650E1
1.650554625E1,4.881358147E0,-8.279166222E-1,1.069591713E1,1.178625244E1
1.650792183E1,-4.689932346E0,-2.584248483E-1,8.504091263E0,9.715030469E0
1.651029740E1,1.406979680E0,-8.901300430E-1,1.146162033E1,1.158191107E1
1.651267297E1,1.560120344E0,-5.407779217E-1,8.580661774E0,8.738087475E0
1.651504855E1,-4.953142643E0,2.871387079E-2,9.810572624E0,1.099007651E1
1.651742412E1,4.632504463E0,-9.667003751E-1,1.137069321E1,1.231613865E1
1.651979969E1,-3.436093330E0,-5.024927258E-1,8.135597229E0,8.845743529E0
1.652217526E1,-1.282552958E0,-5.359922647E-1,1.139462185E1,1.147909565E1
1.652455084E1,3.919443607E0,-8.279166222E-1,9.499505997E0,1.030961194E1
1.652692641E1,-5.091926575E0,2.392822653E-1,9.087940216E0,1.041996303E1
1.652930198E1,3.541377544E0,-1.105484009E0,1.130369377E1,1.189692997E1
1.653167750E1,-1.225125194E0,-5.168496966E-1,8.221738815E0,8.328568574E0
1.653405308E1,-3.316452265E0,-2.344966233E-1,1.089691448E1,1.139283062E1
1.653642865E1,5.058426857E0,-7.274180651E-1,1.051406288E1,1.169026679E1
1.653880422E1,-4.723432064E0,-3.780659735E-1,8.499305725E0,9.730978479E0
1.654117980E1,1.550549030E0,-7.800601721E-1,1.174875927E1,1.187628059E1
1.654355537E1,1.808973908E0,-6.795616150E-1,8.513663292E0,8.730214959E0
1.654593094E1,-4.570291042E0,8.135596663E-2,9.863214493E0,1.087093276E1
1.654830651E1,4.685146809E0,-1.048056364E0,1.115533924E1,1.214457148E1
1.655068209E1,-3.421736479E0,-4.737788737E-1,8.350951195E0,9.037208242E0
1.655305766E1,-8.997012973E-1,-4.450650215E-1,1.159083271E1,1.163421455E1
1.655543323E1,4.326223373E0,-8.853443861E-1,9.466006279E0,1.044534912E1
1.655780881E1,-5.115854740E0,-1.196411327E-1,8.977870941E0,1.033384974E1
1.656018438E1,3.527020693E0,-9.427721500E-1,1.157647610E1,1.213851281E1
1.656255995E1,-1.272981644E0,-4.929214716E-1,8.255238533E0,8.367342295E0
1.656493547E1,-2.971885681E0,-3.589234054E-1,1.101655579E1,1.141601646E1
1.656731104E1,5.020142078E0,-8.518448472E-1,1.050449181E1,1.167355191E1
1.656968662E1,-4.747360229E0,-4.354937077E-1,8.480163574E0,9.728322474E0
1.657206219E1,1.574477315E0,-6.891329288E-1,1.173918819E1,1.186433405E1
1.657443776E1,1.952543259E0,-7.992027402E-1,8.595019341E0,8.850169923E0
1.657681334E1,-4.575077057E0,8.135596663E-2,9.925428391E0,1.092941342E1
1.657918891E1,4.417150497E0,-1.119840980E0,1.118405342E1,1.207676750E1
1.658156448E1,-3.632304668E0,-4.067798555E-1,8.312665939E0,9.080722552E0
1.658394006E1,-8.087740541E-1,-5.551348329E-1,1.153819084E1,1.157981598E1
1.658631563E1,4.192225456E0,-7.465606928E-1,9.590433121E0,1.049326044E1
1.658869120E1,-5.340780258E0,-2.392822653E-1,8.949156761E0,1.042442308E1
1.659106678E1,3.431307554E0,-8.901300430E-1,1.172004509E1,1.224441342E1
1.659344235E1,-1.301695466E0,-5.982056856E-1,8.140382767E0,8.265475952E0
1.659581792E1,-2.933600664E0,-2.679961324E-1,1.104526901E1,1.143135173E1
1.659819349E1,4.713860512E0,-8.949156404E-1,1.039442158E1,1.144837783E1
1.660056901E1,-5.034498692E0,-3.206382394E-1,8.580661774E0,9.953730076E0
1.660294459E1,1.531406522E0,-6.699903607E-1,1.167218876E1,1.179127149E1
1.660532016E1,1.981257200E0,-7.896314859E-1,8.695517540E0,8.953263275E0
1.660769573E1,-4.790431023E0,-1.579262912E-1,9.767501831E0,1.088013153E1
1.661007131E1,4.321437836E0,-9.762716293E-1,1.122233772E1,1.206518940E1
1.661244688E1,-3.713660717E0,-3.589234054E-1,8.293522835E0,9.094098248E0
1.661482245E1,-6.556333899E-1,-6.556333899E-1,1.156690502E1,1.160400802E1
1.661719802E1,4.096512318E0,-7.465606928E-1,9.509077072E0,1.038081465E1
1.661957360E1,-5.383851051E0,-2.727817893E-1,8.906085968E0,1.041050572E1
1.662194917E1,3.359523058E0,-8.422735929E-1,1.177268696E1,1.227159233E1
1.662432474E1,-1.158126116E0,-7.274180651E-1,8.140382767E0,8.254466956E0
1.662670032E1,-2.857030153E0,-2.297109663E-1,1.093998528E1,1.130922925E1
1.662907589E1,4.627718925E0,-1.158126116E0,1.032742214E1,1.137596970E1
1.663145146E1,-5.053641319E0,-2.488535494E-1,8.642875671E0,1.001501466E1
1.663382704E1,1.732403636E0,-7.322037220E-1,1.173918819E1,1.188889751E1
1.663620261E1,2.139183521E0,-5.551348329E-1,8.786444664E0,9.060126415E0
1.663857818E1,-4.857429981E0,-4.833501875E-1,9.504291534E0,1.068455947E1
1.664095370E1,4.268795490E0,-8.662018180E-1,1.146162033E1,1.226138904E1
1.664332928E1,-3.565305710E0,-4.450650215E-1,8.269595146E0,9.016412344E0
1.664570485E1,-3.254238665E-1,-6.125625968E-1,1.158604717E1,1.160679209E1
1.664808042E1,3.948157310E0,-8.566305041E-1,9.288937569E0,1.012946806E1
1.665045599E1,-5.493920803E0,-2.057827413E-1,8.930013657E0,1.048668948E1
1.665283157E1,3.440878868E0,-7.848458290E-1,1.176311588E1,1.228114513E1
1.665520714E1,-7.369893789E-1,-5.790630579E-1,8.379665375E0,8.431919068E0
1.665758271E1,-2.914458036E0,-4.929214716E-1,1.057149029E1,1.097695058E1
1.665995829E1,4.555934429E0,-9.667003751E-1,1.044706345E1,1.143818966E1
1.666233386E1,-4.986642361E0,-2.249253243E-1,8.580661774E0,9.926980906E0
1.666470943E1,1.909472466E0,-7.369893789E-1,1.176311588E1,1.193985484E1
1.666708500E1,2.196611166E0,-6.077769399E-1,8.729017258E0,9.021653713E0
1.666946058E1,-4.871787071E0,-3.924229145E-1,9.470791817E0,1.065758897E1
1.667183615E1,4.244867325E0,-7.752745152E-1,1.146162033E1,1.224698697E1
1.667421167E1,-3.393022537E0,-5.503492355E-1,8.331808090E0,9.013019043E0
1.667658724E1,-4.163511395E-1,-4.546363056E-1,1.152861977E1,1.154509057E1
1.667896282E1,3.866801500E0,-8.949156404E-1,9.327222824E0,1.013657306E1
1.668133839E1,-5.580062389E0,-6.699903309E-2,8.886942863E0,1.049377618E1
1.668371396E1,3.378665686E0,-7.944171429E-1,1.172961617E1,1.223234956E1
1.668608954E1,-6.604190469E-1,-3.924229145E-1,8.451449394E0,8.486291647E0
1.668846511E1,-3.168097258E0,-6.891329288E-1,1.053320503E1,1.102089618E1
1.669084068E1,4.445864677E0,-7.465606928E-1,1.059541893E1,1.151459803E1
1.669321625E1,-5.187639713E0,-2.201396823E-1,8.489734650E0,9.951666277E0
1.669559183E1,2.187039852E0,-7.178468108E-1,1.180140114E1,1.202378959E1
1.669796740E1,1.818545222E0,-6.269195080E-1,8.494520187E0,8.709592873E0
1.670034297E1,-5.039284706E0,-2.823530734E-1,9.638289452E0,1.087983167E1
1.670271854E1,4.048655987E0,-7.944171429E-1,1.154776192E1,1.226268809E1
1.670509412E1,-3.172882795E0,-4.307080805E-1,8.408378601E0,8.997417706E0
1.670746964E1,-4.689932466E-1,-6.795616150E-1,1.119841003E1,1.122880875E1
1.670984521E1,3.589233875E0,-8.518448472E-1,9.408578873E0,1.010591885E1
1.671222078E1,-5.766702652E0,-1.914258115E-2,8.953942299E0,1.065027270E1
1.671459636E1,3.718446493E0,-8.805587292E-1,1.184925747E1,1.245018597E1
1.671697193E1,-7.896314859E-1,-4.354937077E-1,8.288737297E0,8.337645869E0
1.671934745E1,-3.211168051E0,-7.034898400E-1,1.059063339E1,1.108909437E1
1.672172302E1,4.393222332E0,-6.460621357E-1,1.054756260E1,1.144416338E1
1.672409865E1,-4.948357105E0,-2.344966233E-1,8.537590981E0,9.870749032E0
1.672647422E1,2.316252232E0,-7.657032609E-1,1.171525955E1,1.196656309E1
1.672884980E1,1.617548108E0,-8.614161611E-1,8.470592499E0,8.666570081E0
1.673122537E1,-5.063212872E0,-1.292124242E-1,9.777072906E0,1.101108419E1
1.673360094E1,4.326223373E0,-8.327022791E-1,1.149990559E1,1.231492713E1
1.673597651E1,-3.058027267E0,-3.541377485E-1,8.585447311E0,9.120682532E0
1.673835209E1,-3.541377485E-1,-9.188438654E-1,1.108833981E1,1.113197948E1
1.674072766E1,3.627519131E0,-6.891329288E-1,9.399007797E0,1.009827445E1
1.674310323E1,-5.642275810E0,-8.135596663E-2,8.853444099E0,1.049882696E1
1.674547875E1,3.976871252E0,-8.518448472E-1,1.193061352E1,1.260478812E1
1.674785433E1,-1.071984529E0,-4.546363056E-1,8.236095428E0,8.317999333E0
1.675022990E1,-3.048455954E0,-5.886343718E-1,1.059541893E1,1.104094545E1
1.675260547E1,4.292723656E0,-6.843472719E-1,1.052363396E1,1.138607392E1
1.675498104E1,-4.699503899E0,-1.244267747E-1,8.748159409E0,9.931319749E0
1.675735662E1,2.407179594E0,-8.566305041E-1,1.150947666E1,1.178967270E1
1.675973219E1,1.411765337E0,-7.944171429E-1,8.417949677E0,8.572400873E0
1.676210776E1,-5.048855782E0,-1.004985496E-1,9.839286804E0,1.105950313E1
1.676448334E1,4.555934429E0,-8.805587292E-1,1.145683479E1,1.236086509E1
1.676685891E1,-3.335594654E0,-1.531406492E-1,8.398807526E0,9.038230557E0
1.676923448E1,-2.823530734E-1,-9.571290612E-1,1.109791183E1,1.114268668E1
1.677161006E1,3.383451223E0,-6.364908218E-1,9.442078590E0,1.005015974E1
1.677398563E1,-5.469992638E0,1.483550072E-1,9.016156197E0,1.054674837E1
1.677636115E1,4.182653904E0,-8.183453679E-1,1.156211948E1,1.232261700E1
1.677873672E1,-1.531406522E0,-6.604190469E-1,8.039883614E0,8.211034513E0
1.678111230E1,-2.995813847E0,-3.541377485E-1,1.092084217E1,1.132983265E1
1.678348787E1,4.455435753E0,-6.843472719E-1,1.037527943E1,1.131219086E1
1.678586344E1,-4.704289436E0,8.135596663E-2,8.805587769E0,9.983753495E0
1.678823901E1,2.344966173E0,-9.475577474E-1,1.130369377E1,1.158318717E1
1.679061454E1,1.148554921E0,-5.742774606E-1,8.370093346E0,8.468024305E0
1.679299016E1,-4.867001057E0,-9.571290761E-2,9.882357597E0,1.101625399E1
1.679536573E1,4.876572609E0,-8.087740541E-1,1.141854954E1,1.244260220E1
1.679774131E1,-3.637090445E0,-1.914258152E-1,8.269595146E0,9.036109485E0
1.680011688E1,-1.770688742E-1,-7.848458290E-1,1.116491032E1,1.119386255E1
1.680249245E1,3.311666489E0,-5.694918036E-1,9.332008362E0,9.918560173E0
1.680486802E1,-5.158925533E0,1.770688742E-1,9.111868858E0,1.047244098E1
1.680724360E1,4.201796532E0,-8.566305041E-1,1.146640587E1,1.224203306E1
1.680961917E1,-1.670190215E0,-5.982056856E-1,8.015955925E0,8.209929037E0
1.681199469E1,-2.947957516E0,-3.349951804E-1,1.104048347E1,1.143218923E1
1.681437026E1,4.728217602E0,-7.369893789E-1,1.023649502E1,1.129977988E1
1.681674584E1,-4.651647091E0,1.339980662E-1,8.729017258E0,9.891992642E0
1.681912141E1,2.469393015E0,-9.858429432E-1,1.130369377E1,1.161220397E1
1.682149698E1,1.004985452E0,-5.072783828E-1,8.422736168E0,8.497635652E0
1.682387256E1,-4.551148891E0,-3.349951655E-2,9.973284721E0,1.096268610E1
1.682624813E1,5.072783947E0,-8.614161611E-1,1.116969585E1,1.229785673E1
1.682862370E1,-3.742374659E0,-3.876372576E-1,8.288737297E0,9.102680743E0
1.683099928E1,-1.531406492E-1,-5.934200287E-1,1.149033451E1,1.150666705E1
1.683337485E1,3.383451223E0,-6.939185858E-1,9.092725754E0,9.726609215E0
1.683575042E1,-4.967499733E0,1.244267747E-1,9.298508644E0,1.054295019E1
1.683812599E1,4.211368084E0,-1.057627559E0,1.155733299E1,1.234609829E1
1.684050157E1,-1.818545222E0,-5.216353536E-1,7.972885132E0,8.194272847E0
1.684287714E1,-2.799602509E0,-3.637090325E-1,1.101655579E1,1.137253533E1
1.684525266E1,4.838287354E0,-8.805587292E-1,1.034177971E1,1.145149841E1
1.684762818E1,-4.886143684E0,-8.614161611E-2,8.685946465E0,9.966317598E0
1.685000381E1,2.407179594E0,-9.427721500E-1,1.141376400E1,1.170287749E1
1.685237938E1,7.082754970E-1,-5.790630579E-1,8.575876236E0,8.624536012E0
1.685475495E1,-4.441078663E0,-1.339980662E-1,1.009292603E1,1.102761492E1
1.685713053E1,4.890929699E0,-9.332008362E-1,1.109312534E1,1.215933744E1
1.685950610E1,-3.972085476E0,-4.689932466E-1,8.403593063E0,9.306868113E0
1.686188167E1,-2.440679073E-1,-6.412764788E-1,1.158604717E1,1.160634713E1
1.686425724E1,3.268595695E0,-8.614161611E-1,9.059226990E0,9.669299317E0
1.686663282E1,-5.111069202E0,1.196411327E-1,9.408578873E0,1.070788022E1
1.686900834E1,3.986442566E0,-1.158126116E0,1.133240795E1,1.206882142E1
1.687138396E1,-2.364108801E0,-4.354937077E-1,8.303094864E0,8.644075978E0
1.687375954E1,-2.608176708E0,-3.637090325E-1,1.125105190E1,1.155513042E1
1.687613511E1,4.747360229E0,-6.939185858E-1,1.018863869E1,1.126176320E1
1.687851068E1,-5.125426292E0,-3.254238665E-1,8.556734085E0,9.979658991E0
1.688088625E1,2.249253273E0,-9.475577474E-1,1.171525955E1,1.196680042E1
1.688326178E1,4.019941986E-1,-6.556333899E-1,8.484949112E0,8.519730976E0
1.688563735E1,-4.192225456E0,-5.742774159E-2,1.031306553E1,1.113271633E1
1.688801292E1,4.613361835E0,-1.052842021E0,1.098784161E1,1.196345464E1
1.689038849E1,-4.264009953E0,-3.924229145E-1,8.346165657E0,9.380525454E0
1.689276407E1,4.785645381E-2,-4.642075896E-1,1.158126163E1,1.159066003E1
1.689513964E1,3.230310678E0,-8.374879360E-1,9.131011009E0,9.721710507E0
1.689751521E1,-5.221138954E0,-1.579262912E-1,9.413364410E0,1.076553121E1
1.689989078E1,4.005585194E0,-9.523434043E-1,1.147119141E1,1.218769474E1
1.690226636E1,-2.517249346E0,-4.929214716E-1,8.231309891E0,8.621715512E0
1.690464193E1,-2.191825628E0,-5.694918036E-1,1.131805134E1,1.154238739E1
1.690701750E1,4.843072891E0,-7.369893789E-1,1.008814049E1,1.121468176E1
1.690939308E1,-5.182853699E0,-2.727817893E-1,8.671588898E0,1.010607918E1
1.691176865E1,2.493321180E0,-8.566305041E-1,1.172961617E1,1.202224445E1
1.691414417E1,4.307080805E-1,-7.274180651E-1,8.384450912E0,8.426960519E0
1.691651974E1,-3.871587038E0,-1.435693540E-2,1.041835022E1,1.111446866E1
1.691889532E1,4.723432064E0,-1.129412293E0,1.085384369E1,1.189084965E1
1.692127089E1,-4.354937077E0,-4.259224236E-1,8.437092781E0,9.504284373E0
1.692364646E1,4.785645306E-1,-5.790630579E-1,1.182054424E1,1.184439126E1
1.692602204E1,3.431307554E0,-6.843472719E-1,9.059226990E0,9.711426073E0
1.692839761E1,-5.163711071E0,-3.014956415E-1,9.159725189E0,1.051928596E1
1.693077318E1,3.929014683E0,-9.619147182E-1,1.165304661E1,1.233515024E1
1.693314875E1,-2.411965132E0,-5.838487148E-1,8.193024635E0,8.560613751E0
1.693552433E1,-1.641476393E0,-4.689932466E-1,1.147119141E1,1.159752696E1
1.693789990E1,4.632504463E0,-9.667003751E-1,9.863214493E0,1.093972611E1
1.694027547E1,-5.312066078E0,-2.249253243E-1,8.800801277E0,1.028215641E1
1.694265104E1,2.694318295E0,-7.465606928E-1,1.179183006E1,1.211874417E1
1.694502662E1,4.977070987E-1,-7.369893789E-1,8.437092781E0,8.483831699E0
1.694740219E1,-3.871587038E0,-3.924229145E-1,1.034177971E1,1.104968730E1
1.694977771E1,4.584648132E0,-9.571290612E-1,1.086820030E1,1.183439362E1
1.695215328E1,-4.565505505E0,-3.445664644E-1,8.427521706E0,9.590916987E0
1.695452886E1,7.322037220E-1,-7.752745152E-1,1.163868904E1,1.168744007E1
1.695690443E1,3.192025423E0,-7.226324677E-1,9.078369141E0,9.650285500E0
1.695928000E1,-5.302495003E0,-2.440679073E-1,9.293723106E0,1.070277121E1
1.696165558E1,3.885943890E0,-8.183453679E-1,1.160519028E1,1.226583427E1
1.696403115E1,-2.651247501E0,-6.221339107E-1,8.202595711E0,8.642843300E0
1.696640672E1,-1.445264935E0,-4.259224236E-1,1.137069321E1,1.147008564E1
1.696878230E1,4.297509670E0,-9.523434043E-1,9.743574142E0,1.069171569E1
1.697115787E1,-5.513063431E0,-1.292124242E-1,8.772088051E0,1.036147157E1
1.697353344E1,2.694318295E0,-7.848458290E-1,1.167697430E1,1.200945722E1
1.697590901E1,4.354937077E-1,-5.790630579E-1,8.532805443E0,8.563511985E0
1.697828459E1,-3.929014683E0,-4.929214716E-1,1.016949654E1,1.091323910E1
1.698066016E1,4.421936035E0,-7.704889178E-1,1.096391296E1,1.184713294E1
1.698303573E1,-4.642076015E0,-3.397808075E-1,8.350951195E0,9.560476274E0
1.698541125E1,1.182054400E0,-6.508477330E-1,1.172483063E1,1.180222473E1
1.698778683E1,2.852244616E0,-6.747759581E-1,8.848658562E0,9.321447328E0
1.699016240E1,-5.383851051E0,-1.866401732E-1,9.226723671E0,1.068424618E1
1.699253797E1,3.991228104E0,-7.369893789E-1,1.158604717E1,1.227638156E1
1.699491354E1,-2.431107759E0,-4.546363056E-1,8.350951195E0,8.709498548E0
1.699728912E1,-1.368694544E0,-4.642075896E-1,1.112183952E1,1.121535233E1
1.699966469E1,4.096512318E0,-7.848458290E-1,9.633503914E0,1.049770422E1
1.700204026E1,-5.532206059E0,-9.571290575E-3,8.776873589E0,1.037491713E1
1.700441579E1,3.172882795E0,-8.327022791E-1,1.174397373E1,1.219350226E1
1.700679141E1,2.440679073E-1,-3.684946895E-1,8.379665375E0,8.391313918E0
1.700916698E1,-3.818944931E0,-4.450650215E-1,1.009771156E1,1.080491564E1
1.701154256E1,4.479363918E0,-6.747759581E-1,1.082034397E1,1.173029699E1
1.701391813E1,-4.551148891E0,-2.823530734E-1,8.499305725E0,9.645251542E0
1.701629365E1,1.655833244E0,-5.359922647E-1,1.160997581E1,1.173970229E1
1.701866922E1,2.493321180E0,-7.274180651E-1,8.642875671E0,9.024693204E0
1.702104480E1,-5.283352375E0,4.785645287E-3,9.346364975E0,1.073631098E1
1.702342037E1,4.139583111E0,-8.231309652E-1,1.145204926E1,1.220504507E1
1.702579594E1,-2.225325108E0,-3.110669553E-1,8.480163574E0,8.772799367E0
1.702817151E1,-1.268195987E0,-7.082754970E-1,1.106441212E1,1.115935440E1
1.703054709E1,4.082155228E0,-7.752745152E-1,9.676574707E0,1.053096102E1
1.703292266E1,-5.527420521E0,-8.614161611E-2,8.700303078E0,1.030801007E1
1.703529823E1,3.751945972E0,-7.800601721E-1,1.188275719E1,1.248541192E1
1.703767381E1,-9.092725813E-2,-4.594219327E-1,8.216953278E0,8.230289026E0
1.704004938E1,-3.684946775E0,-5.790630579E-1,1.030827999E1,1.096242597E1
1.704242495E1,4.455435753E0,-7.417750359E-1,1.090170002E1,1.180034751E1
1.704480052E1,-4.307080746E0,-2.488535494E-1,8.590232849E0,9.612750545E0
1.704717610E1,1.770688772E0,-8.614161611E-1,1.143769264E1,1.160595492E1
1.704955167E1,2.225325108E0,-8.518448472E-1,8.719446182E0,9.039162196E0
1.705192719E1,-5.316852093E0,-9.571290761E-2,9.480362892E0,1.086992906E1
1.705430276E1,4.436293125E0,-9.810572863E-1,1.161476135E1,1.247180225E1
1.705667834E1,-2.589034081E0,-3.397808075E-1,8.408378601E0,8.804509025E0
1.705905391E1,-1.229910851E0,-8.853443861E-1,1.110748291E1,1.121038322E1
1.706142948E1,3.871587038E0,-6.939185858E-1,9.719645500E0,1.048533346E1
1.706380506E1,-5.460421085E0,-1.770688742E-1,8.781659126E0,1.034239280E1
1.706618063E1,3.756731510E0,-8.614161611E-1,1.190668583E1,1.251496052E1
1.706855620E1,-6.029912829E-1,-7.274180651E-1,8.169096947E0,8.223556436E0
1.707093178E1,-3.804588079E0,-4.498506486E-1,1.051884842E1,1.119479469E1
1.707330735E1,4.436293125E0,-7.896314859E-1,1.088255692E1,1.177855083E1
1.707568292E1,-4.354937077E0,-1.387837082E-1,8.767302513E0,9.790318239E0
1.707805849E1,1.603191137E0,-9.619147182E-1,1.145683479E1,1.160838340E1
1.708043407E1,2.043470621E0,-7.657032609E-1,8.595019341E0,8.867718485E0
1.708280964E1,-5.393422127E0,-1.148554832E-1,9.623932838E0,1.103278194E1
1.708518516E1,4.632504463E0,-9.475577474E-1,1.168654537E1,1.260687535E1
1.708756073E1,-3.077169895E0,-4.067798555E-1,8.279166222E0,8.841891073E0
1.708993631E1,-1.134197950E0,-7.561319470E-1,1.126540947E1,1.134758084E1
1.709231188E1,3.747160196E0,-6.221339107E-1,9.710074425E0,1.042659127E1
1.709468745E1,-5.264209747E0,-9.571290575E-3,8.992227554E0,1.041979617E1
1.709706302E1,3.756731510E0,-9.714859724E-1,1.158604717E1,1.221856398E1
1.709943860E1,-9.044869542E-1,-5.551348329E-1,8.250452042E0,8.318427148E0
1.710181417E1,-3.684946775E0,-2.679961324E-1,1.060499001E1,1.123015884E1
1.710418974E1,4.689932346E0,-8.709874153E-1,1.080120182E1,1.180762657E1
1.710656532E1,-4.412364960E0,-9.571290575E-3,8.724231720E0,9.776567662E0
1.710894089E1,1.847259045E0,-9.379864931E-1,1.131805134E1,1.150610580E1
1.711131646E1,1.584048629E0,-5.886343718E-1,8.642875671E0,8.806531687E0
1.711369204E1,-5.005784988E0,-9.571290575E-3,9.729216576E0,1.094146380E1
1.711606761E1,4.962714195E0,-8.327022791E-1,1.149990559E1,1.255267915E1
1.711844313E1,-3.215953588E0,-5.216353536E-1,8.221738815E0,8.843723767E0
1.712081870E1,-9.619147182E-1,-6.317051649E-1,1.135155106E1,1.140973456E1
1.712319428E1,3.766302824E0,-6.029912829E-1,9.499505997E0,1.023666204E1
1.712556985E1,-4.943571568E0,1.387837082E-1,9.083154678E0,1.034223669E1
1.712794542E1,3.919443607E0,-1.071984529E0,1.149033451E1,1.218765671E1
1.713032099E1,-1.009771109E0,-5.216353536E-1,8.231309891E0,8.309404530E0
1.713269657E1,-3.354737282E0,-1.674975902E-1,1.082512951E1,1.133427309E1
1.713507214E1,4.972285271E0,-8.853443861E-1,1.060977554E1,1.175052308E1
1.713744771E1,-4.546362877E0,-2.249253243E-1,8.642875671E0,9.768280641E0
1.713982329E1,1.866401672E0,-8.853443861E-1,1.149990559E1,1.168396843E1
1.714219886E1,1.564906001E0,-6.077769399E-1,8.733802795E0,8.893685112E0
1.714457443E1,-4.790431023E0,-1.483550072E-1,9.753145218E0,1.086711002E1
1.714695000E1,4.814359188E0,-9.858429432E-1,1.140419292E1,1.241795301E1
1.714932558E1,-3.479164124E0,-4.881358147E-1,8.260024071E0,8.976127072E0
1.715170115E1,-9.810572863E-1,-6.747759581E-1,1.134676456E1,1.140906929E1
1.715407667E1,3.809373617E0,-8.853443861E-1,9.556933403E0,1.032618701E1
1.715645224E1,-5.158925533E0,8.614161611E-2,9.135796547E0,1.049212617E1
1.715882782E1,3.689732552E0,-1.196411371E0,1.141376400E1,1.205485525E1
1.716120339E1,-1.569691658E0,-6.077769399E-1,8.197810173E0,8.368836021E0
1.716357896E1,-3.359523058E0,-3.637090325E-1,1.093519974E1,1.144540400E1
1.716595454E1,4.962714195E0,-9.523434043E-1,1.062413216E1,1.176467910E1
1.716833011E1,-4.953142643E0,-4.163511395E-1,8.580661774E0,9.916386781E0
1.717070568E1,1.612762451E0,-7.944171429E-1,1.162911797E1,1.176726332E1
1.717308125E1,1.186840057E0,-7.130611539E-1,8.494520187E0,8.606620634E0
1.717545683E1,-4.742574692E0,-5.264209956E-2,1.002114105E1,1.108684147E1
1.717783240E1,4.575077057E0,-1.033699393E0,1.115055370E1,1.209688854E1
1.718020797E1,-3.914657831E0,-4.977070987E-1,8.298309326E0,9.188808191E0
1.718258354E1,-9.619147182E-1,-5.455635786E-1,1.153340530E1,1.158630042E1
1.718495907E1,3.795016766E0,-8.518448472E-1,9.489934921E0,1.025605464E1
1.718733464E1,-5.340780258E0,9.571290575E-3,9.020941734E0,1.048338758E1
1.718971021E1,3.421736479E0,-1.057627559E0,1.148554897E1,1.203098881E1
1.719208578E1,-1.789831281E0,-4.642075896E-1,8.298309326E0,8.501818769E0
1.719446136E1,-3.105883837E0,-3.589234054E-1,1.087777138E1,1.131818230E1
1.719683693E1,4.800002098E0,-7.848458290E-1,1.052363396E1,1.159322538E1
1.719921250E1,-5.024927616E0,-2.871387303E-1,8.494520187E0,9.873662918E0
1.720158808E1,1.698904037E0,-7.226324677E-1,1.154776192E1,1.169441225E1
1.720396365E1,1.349551916E0,-7.034898400E-1,8.657232285E0,8.789986300E0
1.720633922E1,-4.498506546E0,1.052841991E-1,9.939785004E0,1.091086485E1
1.720871480E1,4.551148891E0,-1.062413216E0,1.102134132E1,1.197128409E1
1.721109037E1,-3.905086517E0,-4.211367965E-1,8.236095428E0,9.124709574E0
1.721346594E1,-4.498506486E-1,-4.546363056E-1,1.153819084E1,1.155590359E1
1.721584151E1,4.106083870E0,-6.987041831E-1,9.399007797E0,1.028053792E1
1.721821704E1,-5.201996326E0,-1.052841991E-1,9.016156197E0,1.040975135E1
1.722059261E1,3.689732552E0,-8.757730722E-1,1.148554897E1,1.209540987E1
1.722296818E1,-1.593619823E0,-4.737788737E-1,8.164310455E0,8.331869885E0
1.722534375E1,-2.483749866E0,-3.206382394E-1,1.102134132E1,1.130229122E1
1.722771933E1,4.938786030E0,-7.848458290E-1,1.027478027E1,1.142710375E1
1.723009490E1,-4.929214478E0,-2.871387303E-1,8.532805443E0,9.858416340E0
1.723247047E1,2.009970903E0,-5.886343718E-1,1.163868904E1,1.182563132E1
1.723484604E1,1.785045743E0,-7.322037220E-1,8.556734085E0,8.771556806E0
1.723722162E1,-4.374079704E0,-6.699903309E-2,9.872786522E0,1.079856360E1
1.723959719E1,4.603790760E0,-1.024128079E0,1.109312534E1,1.205409298E1
1.724197276E1,-3.708875179E0,-3.158525825E-1,8.379665375E0,9.169204423E0
1.724434834E1,-2.249253243E-1,-6.269195080E-1,1.149033451E1,1.150962235E1
1.724672386E1,4.201796532E0,-7.561319470E-1,9.399007797E0,1.032318639E1
1.724909943E1,-5.268995285E0,-2.488535494E-1,9.030512810E0,1.045822169E1
1.725147500E1,3.632304668E0,-7.992027402E-1,1.170568848E1,1.228232490E1
1.725385058E1,-1.411765337E0,-7.178468108E-1,8.164310455E0,8.316510724E0
1.725622610E1,-2.550748825E0,-2.967100143E-1,1.099741268E1,1.129324763E1
1.725860172E1,4.771288395E0,-9.571290612E-1,1.028913784E1,1.138189995E1
1.726097730E1,-5.168497086E0,-2.727817893E-1,8.561519623E0,1.000436856E1
1.726335287E1,1.847259045E0,-7.417750359E-1,1.168175983E1,1.185015228E1
1.726572844E1,2.005185366E0,-7.322037220E-1,8.824729919E0,9.079248250E0
1.726810401E1,-4.699503899E0,-2.488535494E-1,9.710074425E0,1.079040362E1
1.727047959E1,4.254438877E0,-9.762716293E-1,1.118405342E1,1.200568230E1
1.727285516E1,-3.890729666E0,-3.780659735E-1,8.441878319E0,9.303011381E0
1.727523073E1,-2.727817893E-1,-5.742774606E-1,1.157647610E1,1.159392096E1
1.727760631E1,3.814159393E0,-8.279166222E-1,9.379864693E0,1.015948421E1
1.727998188E1,-5.580062389E0,-2.488535494E-1,8.997013092E0,1.058986633E1
1.728235745E1,3.326023579E0,-6.747759581E-1,1.163390350E1,1.211880630E1
1.728473297E1,-1.167697430E0,-5.551348329E-1,8.370093346E0,8.469365654E0
1.728710860E1,-3.014956474E0,-4.450650215E-1,1.072463131E1,1.114924940E1
1.728948412E1,4.503292084E0,-8.662018180E-1,1.045663452E1,1.141801869E1
1.729185969E1,-5.240281582E0,-1.387837082E-1,8.504091263E0,9.989963973E0
1.729423526E1,1.627119422E0,-7.944171429E-1,1.167697430E1,1.181652846E1
1.729661084E1,1.981257200E0,-6.029912829E-1,8.853444099E0,9.092439222E0
1.729898641E1,-4.953142643E0,-2.871387303E-1,9.547362328E0,1.075956310E1
1.730136198E1,4.139583111E0,-7.513462901E-1,1.132283688E1,1.207920960E1
1.730373756E1,-3.608376503E0,-4.785645306E-1,8.327022552E0,9.087833052E0
1.730611313E1,-4.259224236E-1,-4.067798555E-1,1.146640587E1,1.148152182E1
1.730848870E1,3.881158352E0,-8.709874153E-1,9.284152031E0,1.010037069E1
1.731086428E1,-5.589633465E0,-9.571290761E-2,8.992227554E0,1.058835774E1
1.731323985E1,3.359523058E0,-7.130611539E-1,1.166261768E1,1.215777540E1
1.731561542E1,-5.312066078E-1,-3.493520916E-1,8.413164139E0,8.437153440E0
1.731799094E1,-3.081955671E0,-5.790630579E-1,1.037527943E1,1.083882779E1
1.732036651E1,4.527220249E0,-7.752745152E-1,1.062891865E1,1.157888964E1
1.732274209E1,-5.015356064E0,-1.435693651E-1,8.508877754E0,9.878026587E0
1.732511766E1,2.096112728E0,-6.843472719E-1,1.169611740E1,1.190215031E1
1.732749323E1,2.234896421E0,-7.130611539E-1,8.571090698E0,8.886327362E0
1.732986881E1,-4.948357105E0,-2.153540403E-1,9.585647583E0,1.078968280E1
1.733224438E1,4.283152580E0,-6.987041831E-1,1.146162033E1,1.225570578E1
1.733461995E1,-2.933600664E0,-4.498506486E-1,8.417949677E0,8.925819582E0
1.733699553E1,-4.642075896E-1,-6.412764788E-1,1.128455162E1,1.131228666E1
1.733937110E1,4.010370731E0,-8.709874153E-1,9.293723106E0,1.015947743E1
1.734174667E1,-5.560919762E0,-1.914258115E-2,8.973084450E0,1.055653540E1
1.734412224E1,3.488735437E0,-9.188438654E-1,1.170568848E1,1.224902819E1
1.734649782E1,-1.579262912E-1,-5.024927258E-1,8.484949112E0,8.501282320E0
1.734887339E1,-3.273381472E0,-6.508477330E-1,1.034177971E1,1.086696998E1
1.735124891E1,4.512863636E0,-7.178468108E-1,1.069591713E1,1.163116011E1
1.735362448E1,-4.823930264E0,-3.732803464E-1,8.470592499E0,9.755028379E0
1.735600006E1,2.009970903E0,-7.226324677E-1,1.174875927E1,1.194133682E1
1.735837563E1,2.187039852E0,-7.848458290E-1,8.690732002E0,8.995996278E0
1.736075120E1,-5.201996326E0,-2.679961324E-1,9.494720459E0,1.082969549E1
1.736312678E1,4.230510235E0,-8.709874153E-1,1.152383423E1,1.230668888E1
1.736550235E1,-2.689532757E0,-4.019941986E-1,8.532805443E0,8.955666056E0
1.736787792E1,-9.667003751E-1,-7.369893789E-1,1.114576817E1,1.121186028E1
1.737025349E1,3.795016766E0,-8.662018180E-1,9.537791252E0,1.030154939E1
1.737262907E1,-5.637490273E0,-7.657032460E-2,8.867800713E0,1.050833236E1
1.737500464E1,3.608376503E0,-8.470591903E-1,1.180140114E1,1.236975986E1
1.737738021E1,-4.450650215E-1,-6.125625968E-1,8.193024635E0,8.227938289E0
1.737975578E1,-3.637090445E0,-5.742774606E-1,1.050449181E1,1.113115311E1
1.738213131E1,4.374079704E0,-6.795616150E-1,1.082991505E1,1.169963406E1
1.738450688E1,-4.670789719E0,-2.009970993E-1,8.614161491E0,9.801043548E0
1.738688245E1,1.607976794E0,-9.379864931E-1,1.146640587E1,1.161653440E1
1.738925802E1,2.182254314E0,-7.034898400E-1,8.776873589E0,9.071418954E0
1.739163360E1,-5.422136307E0,-9.092725813E-2,9.442078590E0,1.088855720E1
1.739400917E1,4.173082829E0,-9.427721500E-1,1.166261768E1,1.242256378E1
1.739638469E1,-2.622533560E0,-2.632105052E-1,8.504091263E0,8.903175290E0
1.739876026E1,-1.272981644E0,-8.374879360E-1,1.103091240E1,1.113565879E1
1.740113589E1,3.842873096E0,-7.609176040E-1,9.710074425E0,1.047054032E1
1.740351141E1,-5.460421085E0,-1.387837082E-1,8.863015175E0,1.041097965E1
1.740588704E1,3.622733593E0,-7.369893789E-1,1.190190029E1,1.246284809E1
1.740826261E1,-3.637090325E-1,-5.886343718E-1,8.188239098E0,8.217422601E0
1.741063813E1,-3.924229145E0,-4.546363056E-1,1.035613632E1,1.108403483E1
1.741301375E1,4.402793884E0,-7.465606928E-1,1.101655579E1,1.188723888E1
1.741538928E1,-4.106083870E0,-1.866401732E-1,8.662017822E0,9.587768878E0
1.741776485E1,1.402194023E0,-9.810572863E-1,1.132283688E1,1.145143032E1
1.742014042E1,2.316252232E0,-7.369893789E-1,8.839086533E0,9.167203962E0
1.742251599E1,-5.541777134E0,-5.264209956E-2,9.360722542E0,1.087828992E1
1.742489157E1,4.536791801E0,-9.858429432E-1,1.169133186E1,1.257941203E1
1.742726714E1,-2.464607239E0,-3.349951804E-1,8.355736732E0,8.718075875E0
1.742964266E1,-1.665404558E0,-8.614161611E-1,1.099262714E1,1.115138833E1
1.743201828E1,3.981656790E0,-7.034898400E-1,9.949356079E0,1.073956122E1
1.743439386E1,-5.182853699E0,-1.531406492E-1,8.944371223E0,1.033862665E1
1.743676943E1,3.440878868E0,-8.614161611E-1,1.167697430E1,1.220382784E1
1.743914500E1,-1.196411327E-1,-7.800601721E-1,8.202595711E0,8.240472333E0
1.744152058E1,-4.259224415E0,-3.397808075E-1,1.034656525E1,1.119409916E1
1.744389615E1,4.570291042E0,-8.949156404E-1,1.113619614E1,1.207076214E1
1.744627172E1,-4.000799656E0,-1.818545163E-1,8.685946465E0,9.564786194E0
1.744864724E1,8.614161611E-1,-1.057627559E0,1.135633659E1,1.143796287E1
1.745102282E1,2.656033039E0,-7.800601721E-1,8.934800148E0,9.353804523E0
1.745339839E1,-5.594419479E0,-1.387837082E-1,9.217152596E0,1.078298160E1
1.745577396E1,4.426722050E0,-9.475577474E-1,1.183011532E1,1.266670290E1
1.745814954E1,-2.297109842E0,-4.785645306E-1,8.212167740E0,8.540810068E0
1.746052511E1,-2.220539331E0,-7.704889178E-1,1.088734341E1,1.113816388E1
1.746290068E1,4.053441525E0,-6.891329288E-1,1.010249710E1,1.090714170E1
1.746527625E1,-4.905286312E0,-1.052841991E-1,8.939585686E0,1.019750513E1
1.746765183E1,2.991028309E0,-1.086341500E0,1.157169056E1,1.200126704E1
1.747002735E1,3.014956415E-1,-6.508477330E-1,8.331808090E0,8.362626887E0
1.747240297E1,-4.613361835E0,-2.440679073E-1,1.010728264E1,1.111304814E1
1.747477854E1,4.785645485E0,-9.762716293E-1,1.131805134E1,1.232695401E1
1.747715412E1,-3.900300980E0,-1.818545163E-1,8.504091263E0,9.357616524E0
1.747952969E1,3.780659735E-1,-9.140582681E-1,1.129412270E1,1.133735612E1
1.748190521E1,2.852244616E0,-6.508477330E-1,9.236295700E0,9.688553059E0
1.748428079E1,-5.278566837E0,-4.307080805E-2,9.183652878E0,1.059266742E1
1.748665636E1,4.431507587E0,-8.805587292E-1,1.165304661E1,1.249828542E1
1.748903193E1,-2.005185366E0,-5.982056856E-1,8.078168869E0,8.344784639E0
1.749140750E1,-2.742174864E0,-4.402793646E-1,1.098305607E1,1.132876381E1
1.749378308E1,4.498506546E0,-7.704889178E-1,1.033699417E1,1.129971959E1
1.749615865E1,-4.723432064E0,-4.785645287E-3,8.829515457E0,1.001354965E1
1.749853422E1,2.574677229E0,-1.100698471E0,1.139940739E1,1.173827026E1
1.750090980E1,8.757730722E-1,-5.838487148E-1,8.408378601E0,8.474000737E0
1.750328537E1,-4.795216560E0,-1.244267747E-1,9.930213928E0,1.102808834E1
1.750566094E1,4.996213913E0,-8.709874153E-1,1.147597694E1,1.254666567E1
1.750803651E1,-3.598805189E0,-3.158525825E-1,8.355736732E0,9.103268533E0
1.751041204E1,-3.110669553E-1,-7.609176040E-1,1.117926693E1,1.120944991E1
1.751278766E1,3.393022537E0,-6.029912829E-1,9.489934921E0,1.009628968E1
1.751516318E1,-5.044070244E0,4.785645381E-2,9.250652313E0,1.053657929E1
1.751753875E1,4.091726780E0,-1.014556766E0,1.150947666E1,1.225722671E1
1.751991433E1,-1.411765337E0,-5.072783828E-1,8.140382767E0,8.277453975E0
1.752228990E1,-3.225524902E0,-3.158525825E-1,1.079162979E1,1.126778804E1
1.752466547E1,4.809573650E0,-9.044869542E-1,1.061456108E1,1.168841316E1
1.752704104E1,-4.560719967E0,-8.614161611E-2,8.724231720E0,9.844785731E0
1.752941662E1,2.000399828E0,-9.332008362E-1,1.144726372E1,1.165814350E1
1.753179219E1,1.359123230E0,-5.694918036E-1,8.590232849E0,8.715712092E0
1.753416776E1,-4.838287354E0,-1.244267747E-1,9.791430473E0,1.092229908E1
1.753654334E1,4.924428940E0,-8.853443861E-1,1.139462185E1,1.244472748E1
1.753891891E1,-3.364308596E0,-5.024927258E-1,8.231309891E0,8.906488297E0
1.754129448E1,-1.086341500E0,-6.269195080E-1,1.130848026E1,1.137782456E1
1.754367006E1,3.809373617E0,-8.039883971E-1,9.662218094E0,1.041711012E1
1.754604563E1,-5.048855782E0,3.349951655E-2,8.992227554E0,1.031272143E1
1.754842115E1,3.617947817E0,-1.081555843E0,1.148076344E1,1.208582800E1
1.755079672E1,-1.067198873E0,-5.359922647E-1,8.221738815E0,8.308019637E0
1.755317230E1,-3.622733593E0,-3.445664644E-1,1.071984577E1,1.132068982E1
1.755554787E1,5.029713154E0,-8.949156404E-1,1.081555843E1,1.196140429E1
1.755792344E1,-4.642076015E0,-3.589234054E-1,8.504091263E0,9.695218613E0
1.756029901E1,1.210768223E0,-9.140582681E-1,1.144247818E1,1.154260669E1
1.756267459E1,1.880758643E0,-6.699903607E-1,8.858229637E0,9.080439002E0
1.756505016E1,-4.910071850E0,-8.614161611E-2,9.757930756E0,1.092398456E1
1.756742573E1,4.618147850E0,-1.081555843E0,1.129890823E1,1.225407605E1
1.756980131E1,-3.163311481E0,-4.642075896E-1,8.145168304E0,8.750188279E0
1.757217688E1,-1.665404558E0,-5.551348329E-1,1.130369377E1,1.143919752E1
1.757455245E1,4.168296814E0,-8.901300430E-1,9.882357597E0,1.076234275E1
1.757692802E1,-5.082355499E0,2.392822690E-2,8.920442581E0,1.026670375E1
1.757930360E1,3.249453068E0,-1.138983607E0,1.133240795E1,1.184397310E1
1.758167912E1,-7.704889178E-1,-4.833501875E-1,8.398807526E0,8.447913851E0
1.758405469E1,-3.756731510E0,-2.584248483E-1,1.054277611E1,1.119508567E1
1.758643026E1,5.034498692E0,-8.518448472E-1,1.080598736E1,1.195161828E1
1.758880584E1,-4.541577339E0,-4.642075896E-1,8.394021988E0,9.555156647E0
1.759118141E1,8.805587292E-1,-7.657032609E-1,1.163868904E1,1.169704098E1
1.759355698E1,2.488535643E0,-7.274180651E-1,8.772088051E0,9.147211349E0
1.759593256E1,-4.953142643E0,1.435693651E-1,9.523433685E0,1.073545636E1
1.759830813E1,4.398007870E0,-1.129412293E0,1.131326580E1,1.219048926E1
1.760068370E1,-2.833101988E0,-4.785645306E-1,8.202595711E0,8.691263848E0
1.760305928E1,-1.780260086E0,-4.402793646E-1,1.122712421E1,1.137591711E1
1.760543485E1,4.761716843E0,-8.709874153E-1,9.987641335E0,1.109889840E1
1.760781042E1,-5.154139996E0,-2.009970993E-1,8.714659691E0,1.012673948E1
1.761018599E1,2.943171740E0,-8.231309652E-1,1.148554897E1,1.188518572E1
1.761256157E1,-5.742774159E-2,-5.790630579E-1,8.422736168E0,8.442813306E0
1.761493704E1,-3.833301783E0,-2.249253243E-1,1.030349445E1,1.099576245E1
1.761731266E1,5.053641319E0,-8.997012973E-1,1.084427261E1,1.199779153E1
1.761968823E1,-4.292723656E0,-3.828516304E-1,8.379665375E0,9.422995466E0
1.762206381E1,4.594219327E-1,-6.747759581E-1,1.153819084E1,1.156703242E1
1.762443938E1,3.096312523E0,-8.087740541E-1,9.159725189E0,9.702671398E0
1.762681495E1,-4.962714195E0,8.135596663E-2,9.327222824E0,1.056561577E1
1.762919053E1,4.187439442E0,-1.210768223E0,1.133719349E1,1.214629841E1
1.763156610E1,-2.488535643E0,-4.642075896E-1,8.331808090E0,8.707888629E0
1.763394167E1,-2.086541414E0,-5.359922647E-1,1.113141060E1,1.133795593E1
1.763631724E1,4.914857864E0,-8.135597110E-1,1.021256733E1,1.136284466E1
1.763869282E1,-5.168497086E0,-2.536391914E-1,8.671588898E0,1.009822504E1
1.764106839E1,2.517249346E0,-9.427721500E-1,1.158604717E1,1.189377369E1
1.764344391E1,4.450650215E-1,-7.274180651E-1,8.542376518E0,8.584836428E0
1.764581948E1,-4.029513359E0,-7.657032460E-2,1.026042366E1,1.102357177E1
1.764819506E1,4.800002098E0,-9.379864931E-1,1.095434189E1,1.199655972E1
1.765057063E1,-4.340580463E0,-4.977070987E-1,8.327022552E0,9.403598019E0
1.765294620E1,-9.571290575E-3,-6.604190469E-1,1.163868904E1,1.165741513E1
1.765532178E1,3.560520172E0,-8.087740541E-1,9.212367058E0,9.909547223E0
1.765769735E1,-5.249852657E0,-9.571290761E-2,9.217152596E0,1.060782805E1
1.766007292E1,3.723232031E0,-1.081555843E0,1.147597694E1,1.211322693E1
1.766244849E1,-2.258824587E0,-4.785645306E-1,8.288737297E0,8.604329056E0
1.766482407E1,-2.440679073E0,-4.977070987E-1,1.105484104E1,1.133199617E1
1.766719964E1,4.685146809E0,-9.236295223E-1,1.028913784E1,1.134328214E1
1.766957516E1,-5.278566837E0,-2.919243574E-1,8.700303078E0,1.018055801E1
1.767195078E1,2.062613010E0,-7.322037220E-1,1.158126163E1,1.178626810E1
1.767432636E1,9.236295223E-1,-7.992027402E-1,8.580661774E0,8.667154838E0
1.767670188E1,-4.412364960E0,-2.871387079E-2,1.009771156E1,1.101969001E1
1.767907745E1,4.512863636E0,-1.105484009E0,1.098784161E1,1.192982381E1
1.768145302E1,-4.158725739E0,-3.780659735E-1,8.408378601E0,9.388224771E0
1.768382860E1,-3.780659735E-1,-5.838487148E-1,1.158126163E1,1.160213059E1
1.768620417E1,3.929014683E0,-7.513462901E-1,9.418149948E0,1.023245943E1
1.768857974E1,-5.422136307E0,-2.775674164E-1,9.035298347E0,1.054102566E1
1.769095532E1,3.546163082E0,-8.135597110E-1,1.149033451E1,1.205259056E1
1.769333089E1,-1.617548108E0,-5.790630579E-1,8.279166222E0,8.455552568E0
1.769570646E1,-2.569891453E0,-3.062812984E-1,1.094955635E1,1.125126369E1
1.769808204E1,4.800002098E0,-9.714859724E-1,1.019342422E1,1.130883294E1
1.770045761E1,-5.111069202E0,-2.392822653E-1,8.556734085E0,9.969853690E0
1.770283318E1,1.861616015E0,-5.838487148E-1,1.167218876E1,1.183412371E1
1.770520875E1,1.938186288E0,-7.130611539E-1,8.662017822E0,8.904806289E0
1.770758433E1,-4.608576298E0,-2.536391914E-1,9.676574707E0,1.072097973E1
1.770995985E1,4.484149456E0,-9.236295223E-1,1.113141060E1,1.203615345E1
1.771233542E1,-3.594019651E0,-3.158525825E-1,8.341380119E0,9.088199074E0
1.771471099E1,-3.972085714E-1,-6.029912829E-1,1.137547874E1,1.139837224E1
1.771708657E1,4.254438877E0,-7.657032609E-1,9.451649666E0,1.039327826E1
1.771946214E1,-5.240281582E0,-1.579262912E-1,8.896514893E0,1.032634829E1
1.772183771E1,3.474378586E0,-7.226324677E-1,1.149512005E1,1.203043179E1
1.772421328E1,-7.944171429E-1,-6.173482537E-1,8.331808090E0,8.392332424E0
1.772658886E1,-2.780459881E0,-2.249253243E-1,1.073420238E1,1.109074612E1
1.772896443E1,4.790431023E0,-9.571290612E-1,1.029392338E1,1.139426101E1
1.773134000E1,-4.929214478E0,-2.009970993E-1,8.513663292E0,9.839716350E0
1.773371558E1,1.746760488E0,-6.412764788E-1,1.161476135E1,1.176286908E1
1.773609115E1,2.550748825E0,-5.886343718E-1,8.791230202E0,9.172706168E0
1.773846672E1,-4.800002098E0,-2.536391914E-1,9.509077072E0,1.065490027E1
1.774084224E1,4.402793884E0,-8.183453679E-1,1.123190975E1,1.209173601E1
1.774321782E1,-3.369094372E0,-4.498506486E-1,8.274380684E0,8.945308167E0
1.774559339E1,-4.642075896E-1,-4.737788737E-1,1.139940739E1,1.141868836E1
1.774796896E1,4.220939159E0,-8.231309652E-1,9.403793335E0,1.034046426E1
1.775034454E1,-5.455635548E0,-1.244267747E-1,8.839086533E0,1.038792048E1
1.775272011E1,3.297309637E0,-7.417750359E-1,1.160997581E1,1.209189892E1
1.775509568E1,-3.876372576E-1,-5.934200287E-1,8.374878883E0,8.404820420E0
1.775747125E1,-3.230310678E0,-3.637090325E-1,1.045663452E1,1.095026926E1
1.775984683E1,4.555934429E0,-8.709874153E-1,1.040399265E1,1.139114659E1
1.776222240E1,-4.967499733E0,-1.435693651E-1,8.508877754E0,9.853814814E0
1.776459797E1,1.670190215E0,-6.604190469E-1,1.171525955E1,1.185213040E1
1.776697355E1,2.411965132E0,-5.982056856E-1,8.705088615E0,9.052844506E0
1.776934912E1,-5.115854740E0,-2.727817893E-1,9.466006279E0,1.076344064E1
1.777172469E1,4.173082829E0,-7.082754970E-1,1.134197903E1,1.210606306E1
1.777410021E1,-3.134597778E0,-4.498506486E-1,8.398807526E0,8.975969958E0
1.777647579E1,-8.135597110E-1,-5.359922647E-1,1.129890823E1,1.134083306E1
1.777885136E1,4.029513359E0,-8.374879360E-1,9.470791817E0,1.032638667E1
1.778122693E1,-5.627918720E0,-2.871387079E-2,8.891729355E0,1.052317179E1
1.778360250E1,3.158525944E0,-8.853443861E-1,1.163390350E1,1.208750725E1
1.778597808E1,-1.244267747E-1,-3.876372576E-1,8.513663292E0,8.523391773E0
1.778835365E1,-3.431307554E0,-4.737788737E-1,1.027956581E1,1.084747949E1
1.779072922E1,4.474578381E0,-8.374879360E-1,1.063848972E1,1.157154706E1
1.779310480E1,-4.881358147E0,-2.440679073E-1,8.595019341E0,9.887445775E0
1.779548037E1,1.823330879E0,-5.838487148E-1,1.167697430E1,1.183288399E1
1.779785594E1,2.330609322E0,-6.173482537E-1,8.662017822E0,8.991296427E0
1.780023151E1,-5.173282623E0,-3.014956415E-1,9.470791817E0,1.079581634E1
1.780260704E1,4.187439442E0,-7.992027402E-1,1.164826107E1,1.240384457E1
1.780498266E1,-2.679961443E0,-4.115654826E-1,8.441878319E0,8.866616549E0
1.780735818E1,-9.475577474E-1,-6.987041831E-1,1.108355427E1,1.114590635E1
1.780973375E1,4.010370731E0,-9.379864931E-1,9.662218094E0,1.050339710E1
1.781210933E1,-5.513063431E0,-9.092725813E-2,8.925228119E0,1.049103585E1
1.781448490E1,3.503092289E0,-9.523434043E-1,1.177268696E1,1.231969041E1
1.781686047E1,-2.392822690E-2,-5.551348329E-1,8.480163574E0,8.498348162E0
1.781923604E1,-3.617947817E0,-6.221339107E-1,1.032742214E1,1.096048562E1
1.782161162E1,4.512863636E0,-7.752745152E-1,1.095912743E1,1.187726663E1
1.782398719E1,-4.594219685E0,-4.163511395E-1,8.480163574E0,9.653671686E0
1.782636276E1,1.741974831E0,-6.987041831E-1,1.167218876E1,1.182212562E1
1.782873834E1,2.392822742E0,-9.475577474E-1,8.781659126E0,9.151011057E0
1.783111391E1,-5.388636589E0,-2.297109663E-1,9.466006279E0,1.089474398E1
1.783348948E1,4.197010994E0,-9.762716293E-1,1.165783215E1,1.242871908E1
1.783586506E1,-2.402393818E0,-4.259224236E-1,8.508877754E0,8.851774207E0
1.783824058E1,-1.292124271E0,-9.188438654E-1,1.113619614E1,1.124849873E1
1.784061615E1,3.976871252E0,-8.135597110E-1,9.734002113E0,1.054647721E1
1.784299172E1,-5.589633465E0,-2.009970993E-1,8.786444664E0,1.041566186E1
1.784536730E1,3.507878065E0,-9.810572863E-1,1.189711380E1,1.244222644E1
1.784774287E1,-1.531406492E-1,-6.125625968E-1,8.346165657E0,8.370015900E0
1.785011844E1,-3.986442566E0,-5.551348329E-1,1.037527943E1,1.112862625E1
1.785249396E1,4.326223373E0,-8.231309652E-1,1.103569794E1,1.188193512E1
1.785486959E1,-4.316651821E0,-3.062812984E-1,8.700303078E0,9.717127396E0
1.785724516E1,1.287338614E0,-9.475577474E-1,1.152861977E1,1.163890803E1
1.785962073E1,2.301895380E0,-8.709874153E-1,8.819944382E0,9.156896871E0
1.786199631E1,-5.594419479E0,-1.052841991E-1,9.451649666E0,1.098372867E1
1.786437188E1,4.292723656E0,-9.906286001E-1,1.183490086E1,1.262828966E1
1.786674745E1,-2.507678032E0,-3.589234054E-1,8.379665375E0,8.754202814E0
1.786912297E1,-1.531406522E0,-8.183453679E-1,1.100698376E1,1.114309591E1
1.787149854E1,3.881158352E0,-7.274180651E-1,9.868000984E0,1.062873326E1
1.787387412E1,-5.441278458E0,-9.571290761E-2,8.791230202E0,1.033936172E1
1.787624969E1,3.536591768E0,-8.279166222E-1,1.190668583E1,1.244837719E1
1.787862526E1,-3.493520916E-1,-7.369893789E-1,8.240880966E0,8.281142393E0
1.788100084E1,-4.101297855E0,-3.158525825E-1,1.040399265E1,1.118764810E1
1.788337641E1,4.445864677E0,-8.327022791E-1,1.097827053E1,1.187356432E1
1.788575193E1,-4.139583111E0,-2.249253243E-1,8.690732002E0,9.628892069E0
1.788812756E1,1.301695466E0,-9.284151793E-1,1.142333508E1,1.153468465E1
1.789050308E1,2.273181438E0,-6.652047038E-1,8.853444099E0,9.164787154E0
1.789287870E1,-5.422136307E0,-1.052841991E-1,9.332008362E0,1.079337885E1
1.789525428E1,4.627718925E0,-8.997012973E-1,1.171047401E1,1.262380476E1
1.789762985E1,-2.660818815E0,-3.062812984E-1,8.250452042E0,8.674314030E0
1.790000537E1,-1.540977836E0,-7.465606928E-1,1.103569794E1,1.116774796E1
1.790238094E1,3.862015724E0,-6.699903607E-1,9.767501831E0,1.052464463E1
1.790475651E1,-5.024927616E0,-4.307080805E-2,9.011369705E0,1.031777770E1
1.790713209E1,3.613162279E0,-9.762716293E-1,1.151426220E1,1.210728219E1
1.790950766E1,-4.498506486E-1,-6.939185858E-1,8.173882484E0,8.215609745E0
1.791188323E1,-3.943371773E0,-3.541377485E-1,1.047099209E1,1.119451963E1
1.791425881E1,4.838287354E0,-8.614161611E-1,1.087777138E1,1.193637183E1
1.791663438E1,-4.220939159E0,-1.004985496E-1,8.528019905E0,9.515962949E0
1.791900995E1,1.368694544E0,-9.092726111E-1,1.130848026E1,1.142724058E1
1.792138552E1,2.134397745E0,-7.082754970E-1,8.776873589E0,9.060398330E0
1.792376110E1,-5.139782906E0,-6.699903309E-2,9.580862045E0,1.087266180E1
1.792613662E1,4.776073933E0,-9.236295223E-1,1.150469112E1,1.249087233E1
1.792851224E1,-2.986242771E0,-6.221339107E-1,8.169096947E0,8.720025311E0
1.793088782E1,-1.478764415E0,-6.412764788E-1,1.131326580E1,1.142750904E1
1.793326334E1,3.986442566E0,-8.374879360E-1,9.695717812E0,1.051665604E1
1.793563891E1,-5.044070244E0,8.614161611E-2,9.054440498E0,1.036498711E1
1.793801448E1,3.503092289E0,-9.762716293E-1,1.155254745E1,1.211140432E1
1.794039006E1,-8.135597110E-1,-7.369893789E-1,8.006384850E0,8.081288951E0
1.794276563E1,-3.756731510E0,-3.828516304E-1,1.072941685E1,1.137453264E1
1.794514120E1,4.943571568E0,-8.901300430E-1,1.086820030E1,1.197284466E1
1.794751678E1,-4.642076015E0,-1.722832322E-1,8.494520187E0,9.681705659E0
1.794989235E1,1.378265858E0,-9.236295223E-1,1.143769264E1,1.155740115E1
1.795226792E1,1.775474429E0,-6.795616150E-1,8.685946465E0,8.891556637E0
1.795464349E1,-4.924428940E0,-7.178468257E-2,9.796216011E0,1.096453380E1
1.795701907E1,4.637290478E0,-1.019342422E0,1.139940739E1,1.234868457E1
1.795939464E1,-3.349951744E0,-5.407779217E-1,8.169096947E0,8.845833051E0
1.796177021E1,-1.277767301E0,-5.838487148E-1,1.136112213E1,1.144764887E1
1.796414573E1,3.952943087E0,-8.662018180E-1,9.614361763E0,1.043129986E1
1.796652131E1,-5.034498692E0,7.178468257E-2,9.178867340E0,1.046914207E1
1.796889688E1,3.565305710E0,-1.110269666E0,1.141376400E1,1.200908457E1
1.797127245E1,-1.225125194E0,-5.886343718E-1,8.164310455E0,8.276677315E0
1.797364803E1,-3.383451223E0,-3.493520916E-1,1.080120182E1,1.132412248E1
1.797602360E1,5.082355499E0,-7.465606928E-1,1.068634605E1,1.185688333E1
1.797839917E1,-4.699503899E0,-3.349951804E-1,8.422736168E0,9.650908932E0
1.798077474E1,1.574477315E0,-8.183453679E-1,1.154776192E1,1.168329890E1
1.798315032E1,1.612762451E0,-6.843472719E-1,8.752944946E0,8.926554719E0
1.798552589E1,-4.541577339E0,1.914258115E-2,9.844072342E0,1.084122002E1
1.798790146E1,4.718646049E0,-1.038485050E0,1.123190975E1,1.222701388E1
1.799027704E1,-3.522234917E0,-4.737788737E-1,8.212167740E0,8.948201172E0
1.799265261E1,-6.652047038E-1,-4.881358147E-1,1.153340530E1,1.156288077E1
1.799502813E1,4.149154663E0,-8.327022791E-1,9.470791817E0,1.037327215E1
1.799740370E1,-5.091926575E0,1.435693540E-2,8.997013092E0,1.033799627E1
1.799977928E1,3.694518089E0,-1.009771109E0,1.143290615E1,1.205738133E1
1.800215485E1,-1.545763373E0,-4.737788737E-1,8.221738815E0,8.379190890E0
1.800453042E1,-2.684746981E0,-3.684946895E-1,1.093998528E1,1.127062254E1
1.800690599E1,5.072783947E0,-7.848458290E-1,1.042792130E1,1.162285088E1
1.800928157E1,-4.890929699E0,-3.637090325E-1,8.432307243E0,9.754859457E0
1.801165714E1,2.067398787E0,-6.269195080E-1,1.163868904E1,1.183749333E1
1.801403271E1,1.373480201E0,-7.752745152E-1,8.523234367E0,8.667930694E0
1.801640828E1,-4.240081787E0,-4.785645287E-3,9.973284721E0,1.083719173E1
1.801878386E1,4.713860512E0,-1.067198873E0,1.115533924E1,1.215734296E1
1.802115943E1,-3.948157310E0,-3.972085714E-1,8.255238533E0,9.159404131E0
1.802353500E1,-1.148554832E-1,-6.221339107E-1,1.144247818E1,1.145995416E1
1.802591052E1,3.866801500E0,-7.465606928E-1,9.480362892E0,1.026580670E1
1.802828610E1,-5.225924492E0,-2.201396823E-1,8.973084450E0,1.038628869E1
1.803066167E1,3.795016766E0,-8.518448472E-1,1.151904774E1,1.215797075E1
1.803303724E1,-2.043470621E0,-6.460621357E-1,8.279166222E0,8.552061844E0
1.803541282E1,-2.134397745E0,-4.354937077E-1,1.107398319E1,1.128620451E1
1.803778839E1,4.627718925E0,-8.374879360E-1,1.003071213E1,1.107846353E1
1.804016396E1,-5.288137913E0,-3.397808075E-1,8.666803360E0,1.015841199E1
1.804253954E1,2.392822742E0,-7.944171429E-1,1.180140114E1,1.206771594E1
1.804491511E1,8.853443861E-1,-7.465606928E-1,8.489734650E0,8.568359351E0
1.804729068E1,-4.158725739E0,-2.536391914E-1,1.018863869E1,1.100761967E1
1.804966625E1,4.441078663E0,-1.048056364E0,1.093041420E1,1.184464252E1
1.805204183E1,-4.575077057E0,-3.541377485E-1,8.365307808E0,9.541232538E0
1.805441740E1,5.982056856E-1,-7.513462901E-1,1.162911797E1,1.166870841E1
1.805679297E1,3.201596737E0,-7.369893789E-1,9.164510727E0,9.735585852E0
1.805916849E1,-5.350351334E0,-3.206382394E-1,9.188439369E0,1.063750376E1
1.806154407E1,3.900300980E0,-9.810572863E-1,1.148076344E1,1.216481608E1
1.806391964E1,-2.579462767E0,-6.125625968E-1,8.451449394E0,8.857531144E0
1.806629521E1,-1.435693622E0,-4.402793646E-1,1.135633659E1,1.145519284E1
1.806867079E1,4.163511276E0,-1.033699393E0,9.638289452E0,1.054988076E1
1.807104636E1,-5.584847927E0,-2.057827413E-1,8.815158844E0,1.043742777E1
1.807342193E1,2.943171740E0,-8.470591903E-1,1.177268696E1,1.216453564E1
1.807579750E1,1.674975902E-1,-5.407779217E-1,8.523234367E0,8.542015001E0
1.807817308E1,-3.742374659E0,-6.029912829E-1,1.036092186E1,1.103257306E1
1.808054865E1,4.479363918E0,-8.374879360E-1,1.083470058E1,1.175401310E1
1.808292422E1,-4.871787071E0,-4.115654826E-1,8.384450912E0,9.705808185E0
1.808529980E1,1.670190215E0,-6.939185858E-1,1.181097221E1,1.194864524E1
1.808767537E1,2.268395901E0,-6.364908218E-1,8.819944382E0,9.129192704E0
1.809005084E1,-5.216353416E0,-2.632105052E-1,9.437292099E0,1.078619974E1
1.809242646E1,4.168296814E0,-9.284151793E-1,1.155733299E1,1.232106322E1
1.809480204E1,-2.842673302E0,-4.785645306E-1,8.551948547E0,9.024723789E0
1.809717761E1,-6.412764788E-1,-5.264210105E-1,1.122712421E1,1.125773835E1
1.809955318E1,3.584448338E0,-9.427721500E-1,9.336793900E0,1.004553680E1
1.810192875E1,-5.613562107E0,-3.349951655E-2,8.982656479E0,1.059251241E1
1.810430433E1,3.842873096E0,-9.714859724E-1,1.176311588E1,1.241299134E1
1.810667990E1,-8.422735929E-1,-4.689932466E-1,8.350951195E0,8.406412155E0
1.810905547E1,-2.995813847E0,-6.077769399E-1,1.069591713E1,1.112416004E1
1.811143104E1,4.388436794E0,-7.226324677E-1,1.049970531E1,1.140282364E1
1.811380662E1,-4.957928658E0,-3.062812984E-1,8.461020470E0,9.811408268E0
1.811618219E1,2.560320139E0,-6.652047038E-1,1.180140114E1,1.209424679E1
1.811855776E1,1.368694544E0,-7.513462901E-1,8.446663857E0,8.589759968E0
1.812093328E1,-4.900500774E0,-1.674975902E-1,9.820143700E0,1.097625553E1
1.812330886E1,4.450650215E0,-8.662018180E-1,1.137547874E1,1.224582009E1
1.812568443E1,-3.345165968E0,-2.344966233E-1,8.566305161E0,9.199277587E0
1.812806000E1,2.249253243E-1,-8.039883971E-1,1.133719349E1,1.136789096E1
1.813043558E1,3.110669374E0,-8.327022791E-1,9.011369705E0,9.569453538E0
1.813281115E1,-5.594419479E0,5.742774159E-2,9.207581520E0,1.077406073E1
1.813518672E1,4.402793884E0,-8.805587292E-1,1.182054424E1,1.264457369E1
1.813756230E1,-1.957328916E0,-4.163511395E-1,8.068597794E0,8.313047282E0
1.813993787E1,-2.316252232E0,-6.556333899E-1,1.093998528E1,1.120170332E1
1.814231344E1,4.187439442E0,-6.939185858E-1,1.018863869E1,1.103741502E1
1.814468901E1,-4.895715237E0,-5.742774159E-2,8.839086533E0,1.010449288E1
1.814706459E1,3.110669374E0,-9.188438654E-1,1.141376400E1,1.186568779E1
1.814944016E1,1.148554832E-1,-7.369893789E-1,8.236095428E0,8.269801269E0
1.815181573E1,-4.335794449E0,-1.914258152E-1,1.040399265E1,1.127292422E1
1.815419125E1,4.785645485E0,-9.619147182E-1,1.106441212E1,1.209334107E1
1.815656683E1,-4.106083870E0,-8.614161611E-2,8.633303642E0,9.560401503E0
1.815894240E1,9.236295223E-1,-8.518448472E-1,1.128933716E1,1.135904330E1
1.816131797E1,2.254039049E0,-8.709874153E-1,8.628518105E0,8.960504215E0
1.816369354E1,-5.206781864E0,-1.196411327E-1,9.623932838E0,1.094280470E1
1.816606912E1,4.823930264E0,-8.949156404E-1,1.168175983E1,1.267022849E1
1.816844469E1,-2.991028309E0,-5.838487148E-1,8.121239662E0,8.674195255E0
1.817082026E1,-1.674975872E0,-5.647061467E-1,1.120319557E1,1.134178241E1
1.817319584E1,3.871587038E0,-8.231309652E-1,9.671789169E0,1.045037016E1
1.817557141E1,-5.000999451E0,4.307080805E-2,9.049654961E0,1.033963759E1
1.817794698E1,3.469592810E0,-1.038485050E0,1.153340530E1,1.208867087E1
1.818032256E1,-8.614161611E-1,-7.992027402E-1,7.982456207E0,8.068480026E0
1.818269808E1,-3.756731510E0,-3.206382394E-1,1.085384369E1,1.149007238E1
1.818507370E1,4.986642361E0,-9.714859724E-1,1.069591713E1,1.184115832E1
1.818744922E1,-4.651647091E0,-1.435693651E-1,8.595019341E0,9.774087696E0
1.818982480E1,1.469193101E0,-9.427721500E-1,1.140419292E1,1.153702578E1
1.819220037E1,1.584048629E0,-7.226324677E-1,8.614161491E0,8.788355133E0
1.819457594E1,-4.761716843E0,-8.614161611E-2,9.891928673E0,1.097868938E1
1.819695151E1,4.809573650E0,-9.140582681E-1,1.121276665E1,1.223493511E1
1.819932709E1,-3.632304668E0,-6.269195080E-1,8.197810173E0,8.988367867E0
1.820170266E1,-8.470591903E-1,-5.407779217E-1,1.150469112E1,1.154850068E1
1.820407823E1,3.852444410E0,-8.231309652E-1,9.403793335E0,1.019559717E1
1.820645381E1,-5.096712112E0,9.092725813E-2,9.078369141E0,1.041160547E1
1.820882938E1,3.737588882E0,-1.067198873E0,1.137069321E1,1.201670288E1
1.821120495E1,-1.694118381E0,-5.168496966E-1,8.216953278E0,8.405682118E0
1.821358052E1,-2.799602509E0,-3.302095234E-1,1.100698376E1,1.136224027E1
1.821595605E1,5.063212872E0,-7.274180651E-1,1.037049294E1,1.156340717E1
1.821833162E1,-4.886143684E0,-3.349951804E-1,8.456234932E0,9.772130326E0
1.822070719E1,2.139183521E0,-6.556333899E-1,1.162911797E1,1.184239612E1
1.822308276E1,9.667003751E-1,-7.465606928E-1,8.408378601E0,8.496628342E0
1.822545834E1,-4.130012035E0,2.871387079E-2,1.025563812E1,1.105603623E1
1.822783391E1,4.871787071E0,-7.513462901E-1,1.105962658E1,1.210843386E1
1.823020948E1,-4.072584152E0,-5.359922647E-1,8.145168304E0,9.122335013E0
1.823258506E1,6.221338734E-2,-5.790630579E-1,1.161476135E1,1.162935363E1
1.823496063E1,3.756731510E0,-7.274180651E-1,9.269794464E0,1.002852223E1
1.823733620E1,-5.029713154E0,4.785645381E-2,9.135796547E0,1.042895408E1
1.823971178E1,3.938585997E0,-1.014556766E0,1.143769264E1,1.213929974E1
1.824208735E1,-2.311466694E0,-3.732803464E-1,8.240880966E0,8.567049410E0
1.824446292E1,-1.895115495E0,-4.450650215E-1,1.112662506E1,1.129563327E1
1.824683844E1,4.790431023E0,-7.992027402E-1,1.008335495E1,1.119200614E1
1.824921401E1,-5.201996326E0,-3.302095234E-1,8.714659691E0,1.015456044E1
1.825158959E1,2.713460922E0,-6.556333899E-1,1.168654537E1,1.201532638E1
1.825396516E1,2.249253243E-1,-8.949156404E-1,8.178668022E0,8.230557455E0
1.825634073E1,-3.795016766E0,-4.785645381E-2,1.059063339E1,1.125015369E1
1.825871631E1,4.603790760E0,-9.571290612E-1,1.069113159E1,1.167952397E1
1.826109188E1,-4.699503899E0,-4.354937077E-1,8.355736732E0,9.596526872E0
1.826346745E1,8.183453679E-1,-7.657032609E-1,1.183968639E1,1.189260966E1
1.826584303E1,3.067598581E0,-6.460621357E-1,8.963513374E0,9.495900660E0
1.826821860E1,-5.201996326E0,-2.679961324E-1,9.298508644E0,1.065808851E1
1.827059417E1,3.952943087E0,-9.619147182E-1,1.152383423E1,1.222087535E1
1.827296974E1,-2.991028309E0,-5.024927258E-1,8.379665375E0,8.911651984E0
1.827534532E1,-1.205982566E0,-5.168496966E-1,1.127976608E1,1.135582011E1
1.827772089E1,4.187439442E0,-8.518448472E-1,9.705288887E0,1.060438217E1
1.828009641E1,-5.508277893E0,-2.392822653E-1,8.719446182E0,1.031635222E1
1.828247198E1,3.029313564E0,-7.704889178E-1,1.182054424E1,1.222684179E1
1.828484756E1,-2.823530734E-1,-7.465606928E-1,8.365307808E0,8.403299997E0
1.828722313E1,-3.397808075E0,-3.062812984E-1,1.056670475E1,1.110379022E1
1.828959870E1,4.455435753E0,-9.188438654E-1,1.056191921E1,1.149997040E1
1.829197422E1,-5.058426857E0,-2.823530734E-1,8.427521706E0,9.833134171E0
1.829434985E1,1.670190215E0,-7.657032609E-1,1.175833035E1,1.190101548E1
1.829672542E1,2.335394859E0,-5.790630579E-1,8.824729919E0,9.146870575E0
1.829910099E1,-5.020142078E0,-3.780659735E-1,9.470791817E0,1.072570082E1
1.830147657E1,4.211368084E0,-8.183453679E-1,1.147597694E1,1.225166752E1
1.830385214E1,-3.407379389E0,-5.264210105E-1,8.312665939E0,8.999320441E0
1.830622771E1,-1.818545163E-1,-4.689932466E-1,1.147119141E1,1.148221486E1
1.830860328E1,3.775874138E0,-9.619147182E-1,9.236295700E0,1.002455304E1
1.831097881E1,-5.584847927E0,-9.092725813E-2,8.925228119E0,1.052893590E1
1.831335438E1,3.608376503E0,-8.805587292E-1,1.172004509E1,1.229451998E1
1.831572995E1,-8.327022791E-1,-4.737788737E-1,8.432307243E0,8.486557898E0
1.831810552E1,-2.670390129E0,-6.125625968E-1,1.064327526E1,1.099024680E1
1.832048110E1,4.455435753E0,-8.518448472E-1,1.044227791E1,1.138497762E1
1.832285667E1,-5.182853699E0,-2.823530734E-1,8.403593063E0,9.877351472E0
1.832523224E1,2.828316450E0,-7.800601721E-1,1.179183006E1,1.215134248E1
1.832760782E1,1.263410330E0,-5.790630579E-1,8.561519623E0,8.673588527E0
1.832998339E1,-4.536791801E0,-4.115654826E-1,9.820143700E0,1.082529853E1
1.833235896E1,4.407579422E0,-7.800601721E-1,1.123669529E1,1.209539463E1
1.833473454E1,-3.574877024E0,-4.211367965E-1,8.585447311E0,9.309511667E0
1.833711011E1,7.369893789E-1,-7.322037220E-1,1.144247818E1,1.148954231E1
1.833948568E1,3.086741209E0,-9.523434043E-1,8.853444099E0,9.424351525E0
1.834186120E1,-5.469992638E0,-7.178468257E-2,9.341579437E0,1.082548285E1
1.834423678E1,4.331008911E0,-1.095912814E0,1.173918819E1,1.256054149E1
1.834661235E1,-1.966900229E0,-3.397808075E-1,8.379665375E0,8.614112798E0
1.834898792E1,-1.842473388E0,-7.944171429E-1,1.102134132E1,1.120248952E1
1.835136349E1,4.187439442E0,-9.571290612E-1,9.925428391E0,1.081503000E1
1.835373907E1,-5.273781300E0,-1.866401732E-1,8.934800148E0,1.037681345E1
1.835611464E1,3.488735437E0,-8.183453679E-1,1.183011532E1,1.236093008E1
1.835849021E1,-1.100698411E-1,-8.279166222E-1,8.097311974E0,8.140271648E0
1.836086578E1,-4.187439442E0,-4.019941986E-1,1.056670475E1,1.137327999E1
1.836324136E1,4.613361835E0,-9.092726111E-1,1.093998528E1,1.190769339E1
1.836561693E1,-4.187439442E0,-1.722832322E-1,8.743373871E0,9.695922712E0
1.836799250E1,1.277767301E0,-9.762716293E-1,1.149990559E1,1.161178815E1
1.837036802E1,2.120040894E0,-8.183453679E-1,8.719446182E0,9.010716079E0
1.837274360E1,-5.412564754E0,-1.004985496E-1,9.604789734E0,1.102533188E1
1.837511917E1,4.575077057E0,-9.762716293E-1,1.179661560E1,1.269033396E1
1.837749474E1,-3.077169895E0,-4.115654826E-1,8.231309891E0,8.797319093E0
1.837987032E1,-1.244267821E0,-7.561319470E-1,1.123190975E1,1.132588781E1
1.838224589E1,3.613162279E0,-8.470591903E-1,9.652647018E0,1.034147211E1
1.838462146E1,-5.240281582E0,0.000000000E0,9.169296265E0,1.056108636E1
1.838699704E1,3.818944931E0,-8.757730722E-1,1.156211948E1,1.220794519E1
1.838937261E1,-1.296909928E0,-7.848458290E-1,8.097311974E0,8.237986376E0
1.839174818E1,-3.560520172E0,-2.632105052E-1,1.096869946E1,1.153511818E1
1.839412375E1,4.656432629E0,-9.092726111E-1,1.058106136E1,1.159603385E1
1.839649933E1,-4.680361271E0,-3.349951655E-2,8.781659126E0,9.951102494E0
1.839887490E1,1.986042738E0,-9.332008362E-1,1.139462185E1,1.160399227E1
1.840125047E1,1.115055323E0,-7.848458290E-1,8.370093346E0,8.480435954E0
1.840362599E1,-4.785645485E0,-1.339980662E-1,1.015513897E1,1.122707467E1
1.840600157E1,4.986642361E0,-8.087740541E-1,1.135155106E1,1.242491162E1
1.840837709E1,-3.804588079E0,-4.737788737E-1,8.216953278E0,9.067396431E0
1.841075271E1,-3.349951804E-1,-6.221339107E-1,1.142333508E1,1.144516739E1
1.841312829E1,3.378665686E0,-7.657032609E-1,9.174081802E0,9.806398942E0
1.841550386E1,-4.943571568E0,1.196411327E-1,9.365508080E0,1.059084300E1
1.841787943E1,4.182653904E0,-1.071984529E0,1.148076344E1,1.226587435E1
1.842025500E1,-1.957328916E0,-6.221339107E-1,8.059026718E0,8.316615822E0
1.842263058E1,-2.541177750E0,-3.206382394E-1,1.118883896E1,1.147826252E1
1.842500615E1,4.972285271E0,-8.566305041E-1,1.016949654E1,1.135236083E1
1.842738172E1,-4.890929699E0,-6.221338734E-2,8.695517540E0,9.976827608E0
1.842975730E1,2.675175667E0,-9.906286001E-1,1.148554897E1,1.183451499E1
1.843213287E1,4.785645306E-1,-6.652047038E-1,8.441878319E0,8.481558280E0
1.843450839E1,-3.900300980E0,-2.105683982E-1,1.030349445E1,1.101901469E1
1.843688396E1,5.072783947E0,-8.805587292E-1,1.095912743E1,1.210830271E1
1.843925954E1,-4.220939159E0,-5.455635786E-1,8.283951759E0,9.313314327E0
1.844163511E1,5.838487148E-1,-6.029912829E-1,1.165783215E1,1.168800788E1
1.844401068E1,3.010170937E0,-9.571290612E-1,8.891729355E0,9.436104918E0
1.844638625E1,-4.886143684E0,6.221338734E-2,9.537791252E0,1.071670344E1
1.844876183E1,4.273581028E0,-1.143769264E0,1.130369377E1,1.213858294E1
1.845113740E1,-2.924029350E0,-5.790630579E-1,8.236095428E0,8.758911438E0
1.845351297E1,-1.684547186E0,-5.599204898E-1,1.138026428E1,1.151788285E1
1.845588854E1,4.651647091E0,-8.135597110E-1,9.863214493E0,1.093538752E1
1.845826412E1,-5.292923450E0,-3.589234054E-1,8.695517540E0,1.018606352E1
1.846063969E1,3.034099102E0,-8.805587292E-1,1.166261768E1,1.208295462E1
1.846301526E1,-7.178468108E-1,-7.465606928E-1,8.212167740E0,8.277219092E0
1.846539078E1,-3.431307554E0,-2.105683982E-1,1.084905815E1,1.138069740E1
1.846776636E1,4.694717884E0,-9.762716293E-1,1.056670475E1,1.160382401E1
1.847014193E1,-5.000999451E0,-5.120640397E-1,8.350951195E0,9.747337634E0
1.847251750E1,1.225125194E0,-6.939185858E-1,1.177747345E1,1.186133785E1
1.847489308E1,2.019542217E0,-8.614161611E-1,8.781659126E0,9.051968050E0
1.847726860E1,-4.934000492E0,-1.292124242E-1,9.777072906E0,1.095226969E1
1.847964422E1,4.125226021E0,-1.033699393E0,1.130848026E1,1.208171139E1
1.848201980E1,-3.933800459E0,-4.642075896E-1,8.193024635E0,9.100325676E0
1.848439537E1,-6.029912829E-1,-6.364908218E-1,1.157169056E1,1.160485853E1
1.848677094E1,3.842873096E0,-7.226324677E-1,9.485149384E0,1.025952875E1
1.848914651E1,-5.570491314E0,-2.775674164E-1,8.934800148E0,1.053271431E1
1.849152204E1,3.421736479E0,-8.662018180E-1,1.162433243E1,1.214840280E1
1.849389766E1,-1.780260086E0,-6.843472719E-1,8.283951759E0,8.500677262E0
1.849627318E1,-2.498106956E0,-2.344966233E-1,1.113141060E1,1.141068924E1
1.849864875E1,4.398007870E0,-8.614161611E-1,1.004985523E1,1.100382212E1
1.850102433E1,-5.426921844E0,-2.440679073E-1,8.532805443E0,1.011532593E1
1.850339990E1,2.244467735E0,-7.178468108E-1,1.189232826E1,1.212354779E1
1.850577542E1,1.311266780E0,-5.312066078E-1,8.561519623E0,8.677627514E0
1.850815104E1,-4.431507587E0,-3.828516304E-1,9.915857315E0,1.086779928E1
1.851052662E1,4.292723656E0,-7.704889178E-1,1.117448139E1,1.199542262E1
1.851290219E1,-4.311866283E0,-4.163511395E-1,8.274380684E0,9.339749184E0
1.851527776E1,8.949156404E-1,-5.551348329E-1,1.165783215E1,1.170530218E1
1.851765334E1,3.168097258E0,-5.694918036E-1,9.073583603E0,9.627620711E0
1.852002891E1,-5.417350292E0,-2.057827413E-1,9.035298347E0,1.053691829E1
1.852240448E1,3.972085476E0,-8.853443861E-1,1.179661560E1,1.247883958E1
1.852478000E1,-1.971685886E0,-4.402793646E-1,8.461020470E0,8.698865359E0
1.852715558E1,-1.411765337E0,-3.732803464E-1,1.093519974E1,1.103227143E1
1.852953115E1,4.177868366E0,-8.805587292E-1,9.643074989E0,1.054603542E1
1.853190672E1,-5.407779217E0,-3.349951655E-2,8.805587769E0,1.033361380E1
1.853428230E1,3.436093330E0,-8.231309652E-1,1.188275719E1,1.239694318E1
1.853665787E1,3.972085714E-1,-3.876372576E-1,8.322237015E0,8.340723363E0
1.853903344E1,-3.627519131E0,-4.977070987E-1,1.026999474E1,1.090318299E1
1.854140901E1,4.613361835E0,-7.082754970E-1,1.077248764E1,1.174015552E1
1.854378459E1,-4.450650215E0,-2.967100143E-1,8.470592499E0,9.573257620E0
1.854616016E1,1.942971945E0,-5.264210105E-1,1.161476135E1,1.178791501E1
1.854853573E1,2.292324066E0,-7.513462901E-1,8.556734085E0,8.890273847E0
1.855091131E1,-5.154139996E0,-7.178468257E-2,9.523433685E0,1.082894738E1
1.855328688E1,4.364508629E0,-8.518448472E-1,1.153340530E1,1.236098755E1
1.855566240E1,-2.574677229E0,-1.914258152E-1,8.327022552E0,8.718079563E0
1.855803797E1,-8.231309652E-1,-5.838487148E-1,1.115533924E1,1.120089360E1
1.856041354E1,3.790230989E0,-8.566305041E-1,9.327222824E0,1.010429376E1
1.856278912E1,-5.575276852E0,6.699903309E-2,8.939585686E0,1.053586224E1
1.856516469E1,4.000799656E0,-8.231309652E-1,1.169611740E1,1.238882984E1
1.856754026E1,-1.000199914E0,-3.924229145E-1,8.106883049E0,8.177771602E0
1.856991584E1,-3.345165968E0,-4.737788737E-1,1.055234814E1,1.108001142E1
1.857229141E1,4.359723091E0,-6.604190469E-1,1.053799057E1,1.142333506E1
1.857466698E1,-4.728217602E0,-9.571290761E-2,8.714659691E0,9.915164960E0
1.857704256E1,2.254039049E0,-6.987041831E-1,1.140897846E1,1.165047935E1
1.857941813E1,1.138983607E0,-8.709874153E-1,8.283951759E0,8.407125519E0
1.858179370E1,-5.082355499E0,9.571290575E-3,1.001635551E1,1.123199924E1
1.858416928E1,4.560719967E0,-9.092726111E-1,1.129412270E1,1.221409640E1
1.858654480E1,-3.574877024E0,-1.435693651E-1,8.374878883E0,9.107082640E0
1.858892037E1,-3.637090325E-1,-7.800601721E-1,1.112183952E1,1.115509267E1
1.859129594E1,3.105883837E0,-6.747759581E-1,9.111868858E0,9.650284508E0
1.859367151E1,-5.527420521E0,-4.307080805E-2,9.102297783E0,1.064922803E1
1.859604709E1,4.192225456E0,-7.848458290E-1,1.170090294E1,1.245399000E1
1.859842266E1,-1.856830359E0,-5.838487148E-1,8.059026718E0,8.290754486E0
1.860079823E1,-3.005385160E0,-4.642075896E-1,1.086341476E1,1.128102872E1
1.860317375E1,4.393222332E0,-7.896314859E-1,1.016471100E1,1.110158863E1
1.860554938E1,-4.814359188E0,1.435693540E-2,8.877371788E0,1.009881133E1
1.860792495E1,2.641676188E0,-9.092726111E-1,1.150947666E1,1.184370224E1
1.861030052E1,5.503492355E-1,-7.561319470E-1,8.202595711E0,8.255737169E0
1.861267610E1,-4.622933388E0,-1.483550072E-1,1.012642574E1,1.113274542E1
1.861505167E1,4.986642361E0,-9.332008362E-1,1.120319557E1,1.229833553E1
1.861742719E1,-3.929014683E0,-2.153540403E-1,8.408378601E0,9.283553438E0
1.861980276E1,3.780659735E-1,-7.848458290E-1,1.128933716E1,1.132289938E1
1.862217834E1,2.813959360E0,-7.417750359E-1,8.987442017E0,9.446836057E0
1.862455391E1,-4.943571568E0,9.571290575E-3,9.451649666E0,1.066642737E1
1.862692948E1,4.603790760E0,-8.805587292E-1,1.158126163E1,1.249383424E1
1.862930500E1,-2.431107759E0,-6.795616150E-1,7.987242222E0,8.376641764E0
1.863168063E1,-2.029113531E0,-4.019941986E-1,1.127498055E1,1.146316219E1
1.863405620E1,4.627718925E0,-9.236295223E-1,9.949356079E0,1.101174647E1
1.863643178E1,-4.756931305E0,5.264209956E-2,8.882157326E0,1.007590618E1
1.863880735E1,3.239881754E0,-1.028913736E0,1.143290615E1,1.192756640E1
1.864118292E1,-5.264209956E-2,-6.652047038E-1,8.327022552E0,8.353716124E0
1.864355849E1,-3.804588079E0,-2.201396823E-1,1.057627583E1,1.124192876E1
1.864593401E1,5.292923450E0,-7.704889178E-1,1.089691448E1,1.213884002E1
1.864830964E1,-4.402793884E0,-4.833501875E-1,8.336593628E0,9.440180862E0
1.865068516E1,1.100698471E0,-6.269195080E-1,1.165783215E1,1.172644940E1
1.865306073E1,2.545963287E0,-8.327022791E-1,8.800801277E0,9.199425268E0
1.865543631E1,-4.661218643E0,1.100698411E-1,9.743574142E0,1.080168097E1
1.865781188E1,4.546362877E0,-1.033699393E0,1.142812061E1,1.234260469E1
1.866018745E1,-2.938386202E0,-5.120640397E-1,8.135597229E0,8.665117733E0
1.866256302E1,-1.411765337E0,-4.259224236E-1,1.145683479E1,1.155134428E1
1.866493860E1,4.579862595E0,-8.949156404E-1,9.781859398E0,1.083793286E1
1.866731417E1,-5.053641319E0,3.349951655E-2,8.977870941E0,1.030255208E1
1.866968974E1,3.393022537E0,-1.024128079E0,1.150947666E1,1.204281916E1
1.867206532E1,-1.000199914E0,-5.455635786E-1,8.279166222E0,8.357190486E0
1.867444089E1,-3.153740168E0,-3.302095234E-1,1.080120182E1,1.125704562E1
1.867681641E1,5.087141037E0,-7.513462901E-1,1.076770210E1,1.193259962E1
1.867919198E1,-4.795216560E0,-4.737788737E-1,8.322237015E0,9.616558491E0
1.868156756E1,1.502692580E0,-6.460621357E-1,1.174875927E1,1.186207510E1
1.868394313E1,1.890329838E0,-8.662018180E-1,8.705088615E0,8.949984374E0
1.868631870E1,-4.661218643E0,4.307080805E-2,9.882357597E0,1.092656424E1
1.868869428E1,4.421936035E0,-1.081555843E0,1.118405342E1,1.207502929E1
1.869106980E1,-3.780659676E0,-5.742774606E-1,8.312665939E0,9.150059956E0
1.869344542E1,-7.082754970E-1,-6.460621357E-1,1.162433243E1,1.166379676E1
1.869582099E1,4.039084435E0,-7.322037220E-1,9.537791252E0,1.038363074E1
1.869819657E1,-5.498706341E0,-3.110669553E-1,8.977870941E0,1.053255433E1
1.870057214E1,3.445664644E0,-9.810572863E-1,1.178225899E1,1.231489769E1
1.870294771E1,-1.665404558E0,-6.795616150E-1,8.212167740E0,8.406846931E0
1.870532329E1,-2.636890650E0,-3.541377485E-1,1.107398319E1,1.138910486E1
1.870769881E1,4.512863636E0,-9.762716293E-1,1.040877819E1,1.138690950E1
1.871007438E1,-5.383851051E0,-3.972085714E-1,8.499305725E0,1.006885419E1
1.871244995E1,1.928615093E0,-7.369893789E-1,1.187797165E1,1.205607399E1
1.871482553E1,1.301695466E0,-8.662018180E-1,8.633303642E0,8.773747686E0
1.871720110E1,-4.599005222E0,-2.584248483E-1,1.004506969E1,1.105083968E1
1.871957667E1,4.287938118E0,-1.024128079E0,1.118405342E1,1.202157654E1
1.872195224E1,-4.326223373E0,-4.737788737E-1,8.384450912E0,9.446676252E0
1.872432782E1,9.092725813E-2,-7.944171429E-1,1.169133186E1,1.171864357E1
1.872670339E1,3.455235958E0,-7.130611539E-1,9.312865257E0,9.958743447E0
1.872907896E1,-5.469992638E0,-4.259224236E-1,8.939585686E0,1.048896666E1
1.873145454E1,3.675375462E0,-9.332008362E-1,1.181575775E1,1.240932632E1
1.873383011E1,-2.321038008E0,-6.747759581E-1,8.350951195E0,8.693729113E0
1.873620563E1,-1.852044702E0,-3.828516304E-1,1.118883896E1,1.134754432E1
1.873858125E1,4.311866283E0,-1.057627559E0,9.868000984E0,1.082073058E1
1.874095678E1,-5.551348686E0,-2.632105052E-1,8.676374435E0,1.030369960E1
1.874333235E1,2.708675146E0,-8.662018180E-1,1.187318611E1,1.220900385E1
1.874570792E1,5.407779217E-1,-5.264210105E-1,8.580661774E0,8.613786410E0
1.874808349E1,-4.000799656E0,-4.737788737E-1,1.020778179E1,1.097404544E1
1.875045907E1,4.345366001E0,-1.000199914E0,1.098305607E1,1.185369673E1
1.875283464E1,-4.575077057E0,-3.828516304E-1,8.427521706E0,9.596928027E0
1.875521021E1,1.292124271E0,-6.699903607E-1,1.162433243E1,1.171510037E1
1.875758573E1,2.622533560E0,-6.987041831E-1,8.934800148E0,9.337907876E0
1.875996136E1,-5.273781300E0,-2.727817893E-1,9.303294182E0,1.069759140E1
1.876233693E1,4.153940201E0,-8.709874153E-1,1.168654537E1,1.243338976E1
1.876471250E1,-2.536391973E0,-4.689932466E-1,8.346165657E0,8.735657965E0
1.876708808E1,-1.062413216E0,-4.115654826E-1,1.119841003E1,1.125622029E1
1.876946360E1,3.957728624E0,-8.853443861E-1,9.556933403E0,1.038183156E1
1.877183917E1,-5.560919762E0,-4.307080805E-2,8.863015175E0,1.046320800E1
1.877421474E1,3.550948858E0,-9.427721500E-1,1.181575775E1,1.237377018E1
1.877659032E1,-8.614161611E-2,-4.546363056E-1,8.422736168E0,8.435437102E0
1.877896589E1,-3.436093330E0,-5.551348329E-1,1.042792130E1,1.099347327E1
1.878134146E1,4.465006828E0,-7.417750359E-1,1.066241741E1,1.158333550E1
1.878371704E1,-4.704289436E0,-2.440679073E-1,8.580661774E0,9.788649790E0
1.878609261E1,2.206182480E0,-6.652047038E-1,1.170090294E1,1.192563910E1
1.878846818E1,1.904686809E0,-8.518448472E-1,8.432307243E0,8.686614814E0
1.879084375E1,-5.053641319E0,-1.148554832E-1,9.796216011E0,1.102353530E1
1.879321933E1,4.369294167E0,-8.709874153E-1,1.145204926E1,1.228815620E1
1.879559485E1,-2.928814888E0,-1.818545163E-1,8.480163574E0,8.973527844E0
1.879797047E1,-3.445664644E-1,-7.130611539E-1,1.122233772E1,1.125024650E1
1.880034599E1,3.603590965E0,-9.379864931E-1,9.164510727E0,9.892115212E0
1.880272157E1,-5.522634506E0,4.785645287E-3,9.154939651E0,1.069169934E1
1.880509714E1,4.254438877E0,-8.231309652E-1,1.181097221E1,1.258081314E1
1.880747271E1,-1.359123230E0,-4.402793646E-1,8.116454124E0,8.241231063E0
1.880984823E1,-2.809173822E0,-5.551348329E-1,1.075813103E1,1.113270028E1
1.881222386E1,4.402793884E0,-6.843472719E-1,1.026042366E1,1.118611724E1
1.881459943E1,-4.723432064E0,-6.221338734E-2,8.829515457E0,1.001374177E1
1.881697500E1,2.641676188E0,-7.082754970E-1,1.154297638E1,1.186256342E1
1.881935058E1,8.709874153E-1,-8.757730722E-1,8.193024635E0,8.285605001E0
1.882172615E1,-4.771288395E0,4.785645287E-3,1.016949654E1,1.123315965E1
1.882410172E1,4.833501816E0,-9.140582681E-1,1.115055370E1,1.218741524E1
1.882647724E1,-3.723232031E0,-1.818545163E-1,8.422736168E0,9.210755255E0
1.882885282E1,2.057827413E-1,-7.465606928E-1,1.133240795E1,1.135883662E1
1.883122839E1,2.933600664E0,-6.412764788E-1,8.977870941E0,9.466753140E0
1.883360396E1,-5.412564754E0,-3.349951655E-2,9.212367058E0,1.068478761E1
1.883597954E1,4.436293125E0,-8.087740541E-1,1.177268696E1,1.260678271E1
1.883835511E1,-2.268395901E0,-4.307080805E-1,8.035098076E0,8.360258997E0
1.884073068E1,-2.426322222E0,-4.498506486E-1,1.098784161E1,1.126153046E1
1.884310625E1,4.230510235E0,-7.800601721E-1,9.978070259E0,1.086589144E1
1.884548183E1,-4.890929699E0,1.196411327E-1,8.891729355E0,1.014881068E1
1.884785740E1,3.014956474E0,-8.135597110E-1,1.150469112E1,1.192097982E1
1.885023297E1,-1.244267747E-1,-7.609176040E-1,7.977670670E0,8.014842914E0
1.885260855E1,-4.254438877E0,-2.871387079E-2,1.064327526E1,1.146212820E1
1.885498412E1,5.029713154E0,-8.327022791E-1,1.093998528E1,1.206957685E1
1.885735969E1,-4.297509670E0,-2.727817893E-1,8.255238533E0,9.310851868E0
1.885973521E1,8.039883971E-1,-6.843472719E-1,1.145683479E1,1.150538100E1
1.886211079E1,2.321038008E0,-6.556333899E-1,8.719446182E0,9.046867651E0
1.886448636E1,-4.957928658E0,1.052841991E-1,9.667003632E0,1.086476417E1
1.886686193E1,4.594219685E0,-8.709874153E-1,1.140419292E1,1.232562736E1
1.886923750E1,-2.857030153E0,-6.795616150E-1,7.891529083E0,8.420252761E0
1.887161308E1,-1.598405480E0,-4.354937077E-1,1.144726372E1,1.156652072E1
1.887398865E1,4.302295208E0,-8.374879360E-1,9.633503914E0,1.058373884E1
1.887636422E1,-5.024927616E0,2.249253243E-1,9.011369705E0,1.032013919E1
1.887873980E1,3.440878868E0,-9.140582681E-1,1.139940739E1,1.194243018E1
1.888111537E1,-7.082754970E-1,-7.417750359E-1,7.939385414E0,8.005356028E0
1.888349094E1,-3.426522017E0,-2.297109663E-1,1.097827053E1,1.150287982E1
1.888586646E1,5.182853699E0,-6.269195080E-1,1.068156052E1,1.188910155E1
1.888824209E1,-4.637290478E0,-2.967100143E-1,8.216953278E0,9.439852805E0
1.889061761E1,1.368694544E0,-7.034898400E-1,1.155254745E1,1.165459460E1
1.889299318E1,2.201396942E0,-8.039883971E-1,8.781659126E0,9.089008904E0
1.889536875E1,-4.532006264E0,9.092725813E-2,9.801001549E0,1.079847118E1
1.889774433E1,4.670789719E0,-9.188438654E-1,1.127498055E1,1.223869834E1
1.890011990E1,-3.402593851E0,-5.934200287E-1,8.087740898E0,8.794392820E0
1.890249547E1,-9.284151793E-1,-5.359922647E-1,1.155254745E1,1.160218062E1
1.890487104E1,4.331008911E0,-9.236295223E-1,9.494720459E0,1.047666198E1
1.890724662E1,-5.139782906E0,7.657032460E-2,9.035298347E0,1.039518386E1
1.890962219E1,3.445664644E0,-1.038485050E0,1.146162033E1,1.201331747E1
1.891199776E1,-1.191625714E0,-4.929214716E-1,8.298309326E0,8.397909329E0
1.891437334E1,-2.952743053E0,-3.349951804E-1,1.080598736E1,1.120715290E1
1.891674891E1,5.000999451E0,-7.561319470E-1,1.055713367E1,1.170618650E1
1.891912448E1,-4.943571568E0,-4.833501875E-1,8.379665375E0,9.741217534E0
1.892150000E1,1.646261930E0,-6.412764788E-1,1.183011532E1,1.196131441E1
1.892387558E1,1.698904037E0,-8.231309652E-1,8.681160927E0,8.884051697E0
1.892625115E1,-4.570291042E0,6.699903309E-2,9.896714211E0,1.090123852E1
1.892862672E1,4.460221291E0,-1.038485050E0,1.120319557E1,1.210304161E1
1.893100230E1,-3.857230186E0,-4.785645306E-1,8.245666504E0,9.115824966E0
1.893337787E1,-5.742774606E-1,-5.838487148E-1,1.161954689E1,1.164837087E1
1.893575344E1,3.962514400E0,-7.178468108E-1,9.523433685E0,1.033985559E1
1.893812901E1,-5.407779217E0,-2.297109663E-1,8.858229637E0,1.038099588E1
1.894050459E1,3.522234917E0,-8.374879360E-1,1.172004509E1,1.226649835E1
1.894288016E1,-1.756331801E0,-6.029912829E-1,8.240880966E0,8.447509632E0
1.894525573E1,-2.526820660E0,-2.536391914E-1,1.104048347E1,1.132878770E1
1.894763131E1,4.599005222E0,-7.848458290E-1,1.027956581E1,1.128876899E1
1.895000683E1,-5.297709465E0,-4.163511395E-1,8.360522270E0,9.906432581E0
1.895238240E1,2.096112728E0,-7.417750359E-1,1.186361504E1,1.207018146E1
1.895475797E1,1.258624673E0,-7.417750359E-1,8.647661209E0,8.770200149E0
1.895713354E1,-4.316651821E0,-6.221338734E-2,1.005942631E1,1.094666210E1
1.895950912E1,4.335794449E0,-1.086341500E0,1.099741268E1,1.187107144E1
1.896188469E1,-4.340580463E0,-3.302095234E-1,8.327022552E0,9.396221670E0
1.896426026E1,2.919243574E-1,-6.699903607E-1,1.169133186E1,1.171415160E1
1.896663584E1,3.512663603E0,-6.891329288E-1,9.231510162E0,9.901236774E0
1.896901141E1,-5.426921844E0,-3.302095234E-1,9.121439934E0,1.061890698E1
1.897138698E1,3.766302824E0,-8.374879360E-1,1.172961617E1,1.234788720E1
1.897376256E1,-2.110469580E0,-6.652047038E-1,8.274380684E0,8.565159359E0
1.897613813E1,-1.904686809E0,-3.924229145E-1,1.110748291E1,1.127643579E1
1.897851365E1,4.287938118E0,-9.427721500E-1,9.944570541E0,1.087058949E1
1.898088922E1,-5.489135265E0,-2.392822653E-1,8.642875671E0,1.024144335E1
1.898326480E1,2.656033039E0,-9.236295223E-1,1.186361504E1,1.219233221E1
1.898564037E1,8.422735929E-1,-5.407779217E-1,8.580661774E0,8.638843791E0
1.898801594E1,-4.077369690E0,-5.599204898E-1,1.004985523E1,1.085992839E1
1.899039151E1,4.359723091E0,-9.523434043E-1,1.103091240E1,1.189937695E1
1.899276709E1,-4.575077057E0,-3.780659735E-1,8.427521706E0,9.596738303E0
1.899514266E1,1.081555843E0,-6.939185858E-1,1.175833035E1,1.182833964E1
1.899751823E1,2.761317253E0,-7.800601721E-1,8.901300430E0,9.352353511E0
1.899989375E1,-5.388636589E0,-3.014956415E-1,9.303294182E0,1.075544451E1
1.900226938E1,4.024727821E0,-9.140582681E-1,1.174397373E1,1.244808642E1
1.900464495E1,-2.383251429E0,-5.168496966E-1,8.370093346E0,8.718112387E0
1.900702052E1,-1.469193101E0,-6.029912829E-1,1.115533924E1,1.126781791E1
1.900939610E1,4.058227062E0,-1.004985452E0,9.743574142E0,1.060266192E1
1.901177162E1,-5.627918720E0,-1.148554832E-1,8.829515457E0,1.047124654E1
1.901414719E1,3.282952785E0,-1.009771109E0,1.186361504E1,1.235082096E1
1.901652276E1,-1.244267747E-1,-5.072783828E-1,8.403593063E0,8.419809366E0
1.901889834E1,-3.718446493E0,-6.173482537E-1,1.039442158E1,1.105676097E1
1.902127391E1,4.460221291E0,-8.709874153E-1,1.084905815E1,1.176240859E1
1.902364948E1,-4.689932346E0,-3.732803464E-1,8.599804878E0,9.802624525E0
1.902602506E1,1.679761529E0,-6.843472719E-1,1.170090294E1,1.184065284E1
1.902840063E1,2.091326952E0,-8.327022791E-1,8.604590416E0,8.894156381E0
1.903077620E1,-5.321637630E0,-1.531406492E-1,9.585647583E0,1.096484923E1
1.903315178E1,4.268795490E0,-9.667003751E-1,1.170568848E1,1.249721038E1
1.903552735E1,-2.780459881E0,-3.158525825E-1,8.427521706E0,8.879968587E0
1.903790292E1,-7.944171429E-1,-7.561319470E-1,1.115055370E1,1.120435996E1
1.904027844E1,3.708875179E0,-9.427721500E-1,9.394221306E0,1.014376500E1
1.904265401E1,-5.627918720E0,-9.571290575E-3,8.992227554E0,1.060819104E1
1.904502959E1,3.933800459E0,-8.901300430E-1,1.195454216E1,1.261658416E1
1.904740516E1,-8.949156404E-1,-5.264210105E-1,8.135597229E0,8.201581272E0
1.904978073E1,-3.254238844E0,-5.503492355E-1,1.060499001E1,1.110669923E1
1.905215631E1,4.484149456E0,-7.896314859E-1,1.060020447E1,1.153670009E1
1.905453188E1,-4.584648132E0,-1.722832322E-1,8.700303078E0,9.835850429E0
1.905690745E1,2.325823545E0,-6.987041831E-1,1.157169056E1,1.182377542E1
1.905928303E1,1.421336651E0,-8.470591903E-1,8.408378601E0,8.569628804E0
1.906165860E1,-4.962714195E0,-2.392822690E-2,9.939785004E0,1.110983486E1
1.906403417E1,4.756931305E0,-1.043270707E0,1.133719349E1,1.233891265E1
1.906640974E1,-3.349951744E0,-1.627119333E-1,8.456234932E0,9.097063322E0
1.906878532E1,-1.435693651E-1,-7.369893789E-1,1.125583744E1,1.128085289E1
1.907116084E1,3.340380430E0,-7.178468108E-1,9.126225471E0,9.744815895E0
1.907353641E1,-5.340780258E0,9.571290575E-3,9.164510727E0,1.060718069E1
1.907591198E1,4.407579422E0,-7.944171429E-1,1.171525955E1,1.254213544E1
1.907828745E1,-1.756331801E0,-6.029912829E-1,8.030312538E0,8.242221748E0
1.908066313E1,-2.718246460E0,-4.498506486E-1,1.092562866E1,1.126767905E1
1.908303870E1,4.479363918E0,-8.087740541E-1,1.021735287E1,1.118539745E1
1.908541428E1,-4.689932346E0,4.307080805E-2,8.906085968E0,1.006556942E1
1.908778985E1,2.809173822E0,-9.188438654E-1,1.145204926E1,1.182730585E1
1.909016542E1,5.407779217E-1,-7.848458290E-1,8.226524353E0,8.281553397E0
1.909254099E1,-4.512863636E0,-1.004985496E-1,1.038006496E1,1.131908949E1
1.909491657E1,5.106283665E0,-9.188438654E-1,1.118405342E1,1.232888713E1
1.909729214E1,-4.005585194E0,-1.866401732E-1,8.384450912E0,9.294006908E0
1.909966771E1,4.211367965E-1,-7.992027402E-1,1.131326580E1,1.134927594E1
1.910204323E1,2.785245657E0,-7.465606928E-1,8.987442017E0,9.438700135E0
1.910441881E1,-4.996213913E0,3.828516230E-2,9.576076508E0,1.080115089E1
1.910679438E1,4.608576298E0,-8.709874153E-1,1.152861977E1,1.244615074E1
1.910916995E1,-2.574677229E0,-7.130611539E-1,8.001599312E0,8.435817126E0
1.911154552E1,-2.038684845E0,-4.211367965E-1,1.128933716E1,1.147966574E1
1.911392110E1,4.608576298E0,-9.236295223E-1,9.868000984E0,1.093021090E1
1.911629667E1,-4.934000492E0,1.387837082E-1,8.910871506E0,1.018662126E1
1.911867224E1,3.249453068E0,-8.087740541E-1,1.153340530E1,1.200968354E1
1.912104776E1,-4.642075896E-1,-9.332008362E-1,7.858029366E0,7.926851708E0
1.912342339E1,-3.713660717E0,-2.249253243E-1,1.093519974E1,1.155077749E1
1.912579891E1,5.264209747E0,-6.747759581E-1,1.082991505E1,1.206044306E1
1.912817448E1,-4.579862595E0,-4.115654826E-1,8.236095428E0,9.432804219E0
1.913055006E1,1.091127157E0,-8.183453679E-1,1.163390350E1,1.171358008E1
1.913292563E1,2.321038008E0,-6.604190469E-1,8.867800713E0,9.190280748E0
1.913530120E1,-4.747360229E0,1.483550072E-1,9.686145782E0,1.078799604E1
1.913767678E1,4.570291042E0,-1.062413216E0,1.134676456E1,1.227865417E1
1.914005235E1,-3.230310678E0,-5.982056856E-1,8.106883049E0,8.747245846E0
1.914242792E1,-1.244267821E0,-3.493520916E-1,1.155733299E1,1.162936779E1
1.914480349E1,4.268795490E0,-7.848458290E-1,9.600004196E0,1.053559104E1
1.914717907E1,-5.240281582E0,-6.699903309E-2,8.824729919E0,1.026357141E1
1.914955464E1,3.373879910E0,-9.714859724E-1,1.157169056E1,1.209259579E1
1.915193021E1,-1.115055323E0,-5.359922647E-1,8.221738815E0,8.314302450E0
1.915430579E1,-3.192025423E0,-2.727817893E-1,1.084427261E1,1.130759412E1
1.915668136E1,4.948357105E0,-7.369893789E-1,1.056670475E1,1.169122067E1
1.915905688E1,-4.938786030E0,-4.546363056E-1,8.226524353E0,9.605935902E0
1.916143245E1,1.440479279E0,-5.838487148E-1,1.181097221E1,1.191280506E1
1.916380802E1,1.804188251E0,-8.231309652E-1,8.618947029E0,8.844144262E0
1.916618360E1,-4.694717884E0,1.292124242E-1,9.868000984E0,1.092860994E1
1.916855917E1,4.383651257E0,-1.024128079E0,1.113141060E1,1.200722860E1
1.917093474E1,-3.871587038E0,-4.689932466E-1,8.183453560E0,9.065211141E0
1.917331032E1,-5.312066078E-1,-5.790630579E-1,1.165783215E1,1.168428624E1
1.917568589E1,4.082155228E0,-5.982056856E-1,9.513862610E0,1.036992879E1
1.917806146E1,-5.422136307E0,-1.866401732E-1,8.810373306E0,1.034683886E1
1.918043704E1,3.460021496E0,-8.135597110E-1,1.165783215E1,1.218764450E1
1.918281261E1,-1.574477315E0,-5.216353536E-1,8.221738815E0,8.387375716E0
1.918518818E1,-2.555534601E0,-2.632105052E-1,1.092562866E1,1.122360898E1
1.918756370E1,4.699503899E0,-7.944171429E-1,1.032263660E1,1.136984001E1
1.918993928E1,-5.206781864E0,-3.206382394E-1,8.446663857E0,9.927714569E0
1.919231485E1,2.148754835E0,-6.747759581E-1,1.177747345E1,1.199088616E1
1.919469042E1,1.464407444E0,-7.465606928E-1,8.523234367E0,8.680286062E0
1.919706599E1,-4.378865242E0,-4.785645381E-2,9.944570541E0,1.086605882E1
1.919944157E1,4.474578381E0,-9.092726111E-1,1.105484104E1,1.196069140E1
1.920181714E1,-4.144368649E0,-3.732803464E-1,8.283951759E0,9.270328282E0
1.920419271E1,3.110669553E-1,-7.082754970E-1,1.164826107E1,1.167391977E1
1.920656828E1,3.699303865E0,-6.077769399E-1,9.250652313E0,9.981423251E0
1.920894386E1,-5.374279499E0,-2.871387303E-1,8.982656479E0,1.047155414E1
1.921131943E1,3.766302824E0,-7.944171429E-1,1.183011532E1,1.244056928E1
1.921369500E1,-1.823330879E0,-6.364908218E-1,8.245666504E0,8.468805828E0
1.921607058E1,-2.009970903E0,-3.397808075E-1,1.098305607E1,1.117062911E1
1.921844615E1,4.431507587E0,-9.571290612E-1,9.987641335E0,1.096847004E1
1.922082167E1,-5.436492920E0,-1.674975902E-1,8.575876236E0,1.015525302E1
1.922319724E1,2.632104874E0,-8.566305041E-1,1.185404301E1,1.217292600E1
1.922557282E1,9.714859724E-1,-5.359922647E-1,8.628518105E0,8.699563057E0
1.922794839E1,-4.158725739E0,-4.546363056E-1,1.005942631E1,1.089466620E1
1.923032396E1,4.398007870E0,-8.901300430E-1,1.099741268E1,1.187762141E1
1.923269954E1,-4.517649174E0,-3.972085714E-1,8.451449394E0,9.591346390E0
1.923507511E1,1.048056364E0,-6.412764788E-1,1.168175983E1,1.174619813E1
1.923745068E1,2.928814888E0,-7.704889178E-1,8.997013092E0,9.493042421E0
1.923982620E1,-5.417350292E0,-2.919243574E-1,9.265008926E0,1.073654015E1
1.924220183E1,3.991228104E0,-8.279166222E-1,1.170568848E1,1.239509945E1
1.924457740E1,-2.340180635E0,-4.977070987E-1,8.504091263E0,8.834236015E0
1.924695292E1,-1.493121386E0,-5.120640397E-1,1.114098263E1,1.125224933E1
1.924932849E1,4.039084435E0,-9.284151793E-1,9.772287369E0,1.061478960E1
1.925170407E1,-5.594419479E0,-9.092725813E-2,8.839086533E0,1.046113033E1
1.925407964E1,3.201596737E0,-9.284151793E-1,1.186840057E1,1.232765625E1
1.925645521E1,9.571290761E-2,-4.067798555E-1,8.427521706E0,8.437876090E0
1.925883078E1,-3.842873096E0,-5.503492355E-1,1.034177971E1,1.104640057E1
1.926120636E1,4.412364960E0,-8.614161611E-1,1.086341476E1,1.175690362E1
1.926358193E1,-4.704289436E0,-2.775674164E-1,8.575876236E0,9.785348026E0
1.926595750E1,1.670190215E0,-5.838487148E-1,1.165783215E1,1.179133008E1
1.926833308E1,2.143969059E0,-8.566305041E-1,8.585447311E0,8.890462569E0
1.927070865E1,-5.331208706E0,-6.221338734E-2,9.600004196E0,1.098115373E1
1.927308422E1,4.259224415E0,-8.997012973E-1,1.168654537E1,1.247099827E1
1.927545980E1,-2.737389088E0,-2.440679073E-1,8.389236450E0,8.827919142E0
1.927783532E1,-9.667003751E-1,-7.561319470E-1,1.116491032E1,1.123216219E1
1.928021089E1,3.804588079E0,-8.518448472E-1,9.461220741E0,1.023304588E1
1.928258646E1,-5.637490273E0,-7.178468257E-2,8.944371223E0,1.057299514E1
1.928496204E1,3.948157310E0,-8.853443861E-1,1.183968639E1,1.251199244E1
1.928733756E1,-8.949156404E-1,-4.833501875E-1,8.269595146E0,8.331908862E0
1.928971318E1,-3.407379389E0,-5.694918036E-1,1.060020447E1,1.114894120E1
1.929208875E1,4.450650215E0,-7.417750359E-1,1.060020447E1,1.152054045E1
1.929446433E1,-4.575077057E0,-1.627119333E-1,8.733802795E0,9.860888222E0
1.929683990E1,2.330609322E0,-7.704889178E-1,1.160519028E1,1.186194901E1
1.929921547E1,1.430907965E0,-9.954141974E-1,8.240880966E0,8.423209966E0
1.930159105E1,-5.024927616E0,-1.435693540E-2,1.004985523E1,1.123608890E1
1.930396662E1,4.737788677E0,-1.024128079E0,1.147119141E1,1.245326111E1
1.930634219E1,-3.282952785E0,-2.344966233E-1,8.365307808E0,8.989501787E0
1.930871771E1,-3.206382394E-1,-8.374879360E-1,1.116969585E1,1.120563699E1
1.931109329E1,3.426522017E0,-8.135597110E-1,9.260223389E0,9.907303858E0
1.931346886E1,-5.469992638E0,-9.571290575E-3,9.198010445E0,1.070160302E1
1.931584438E1,4.388436794E0,-8.135597110E-1,1.161954689E1,1.244725379E1
1.931822000E1,-1.713261008E0,-8.279166222E-1,8.015955925E0,8.238704911E0
1.932059558E1,-2.900100946E0,-4.211367965E-1,1.109791183E1,1.147830949E1
1.932297115E1,4.488935471E0,-8.949156404E-1,1.019820976E1,1.117832268E1
1.932534672E1,-4.804787636E0,-8.135596663E-2,8.891729355E0,1.010719813E1
1.932772230E1,2.584248543E0,-1.028913736E0,1.159083271E1,1.191991640E1
1.933009787E1,6.939185858E-1,-8.183453679E-1,8.269595146E0,8.338909762E0
1.933247339E1,-4.713860512E0,-2.153540403E-1,1.023649502E1,1.127176510E1
1.933484901E1,4.967499733E0,-1.024128079E0,1.132283688E1,1.240691448E1
1.933722454E1,-4.015156269E0,-1.962114573E-1,8.408378601E0,9.319914672E0
1.933960011E1,1.196411327E-1,-9.044869542E-1,1.127019501E1,1.130706444E1
1.934197568E1,2.785245657E0,-8.422735929E-1,9.064012527E0,9.519629261E0
1.934435125E1,-5.144568920E0,-4.785645287E-3,9.561718941E0,1.085785805E1
1.934672683E1,4.354937077E0,-8.422735929E-1,1.164826107E1,1.246422431E1
1.934910240E1,-2.498106956E0,-8.709874153E-1,7.915457249E0,8.345874484E0
1.935147797E1,-2.483749866E0,-3.972085714E-1,1.137069321E1,1.164557650E1
1.935385354E1,4.445864677E0,-9.332008362E-1,1.002592659E1,1.100707866E1
1.935622912E1,-5.115854740E0,2.392822690E-2,8.906085968E0,1.027087677E1
1.935860469E1,2.900100946E0,-1.153340459E0,1.146640587E1,1.188357031E1
1.936098026E1,-1.627119333E-1,-7.609176040E-1,8.221738815E0,8.258478063E0
1.936335584E1,-4.139583111E0,-2.201396823E-1,1.060977554E1,1.139087121E1
1.936573141E1,5.039284706E0,-8.039883971E-1,1.096391296E1,1.209331117E1
1.936810693E1,-4.560719967E0,-4.833501875E-1,8.240880966E0,9.431114097E0
1.937048250E1,5.790630579E-1,-6.939185858E-1,1.168175983E1,1.171666974E1
1.937285808E1,2.589034081E0,-8.566305041E-1,8.867800713E0,9.277650714E0
1.937523365E1,-4.981856823E0,8.135596663E-2,9.710074425E0,1.091380142E1
1.937760922E1,4.445864677E0,-1.067198873E0,1.149033451E1,1.236658455E1
1.937998480E1,-2.938386202E0,-5.694918036E-1,8.006384850E0,8.547551272E0
1.938236037E1,-1.679761529E0,-4.546363056E-1,1.143769264E1,1.156931744E1
1.938473594E1,4.565505505E0,-8.853443861E-1,9.820143700E0,1.086567520E1
1.938711151E1,-5.163711071E0,9.092725813E-2,8.901300430E0,1.029103149E1
1.938948709E1,3.201596737E0,-1.004985452E0,1.155733299E1,1.203462352E1
1.939186266E1,-5.742774606E-1,-6.173482537E-1,8.255238533E0,8.298185145E0
1.939423818E1,-3.483949661E0,-2.344966233E-1,1.072941685E1,1.128331865E1
1.939661375E1,5.144568920E0,-6.891329288E-1,1.075334454E1,1.194051558E1
1.939898933E1,-4.689932346E0,-5.024927258E-1,8.240880966E0,9.495266371E0
1.940136490E1,1.196411371E0,-5.838487148E-1,1.181575775E1,1.189051768E1
1.940374047E1,2.435893536E0,-8.279166222E-1,8.700303078E0,9.072722684E0
1.940611604E1,-4.742574692E0,1.770688742E-1,9.676574707E0,1.077773010E1
1.940849162E1,4.378865242E0,-1.004985452E0,1.124626637E1,1.211044854E1
1.941086719E1,-3.235096216E0,-4.307080805E-1,8.145168304E0,8.774686529E0
1.941324276E1,-9.571290612E-1,-5.072783828E-1,1.157647610E1,1.162704718E1
1.941561834E1,4.479363918E0,-6.173482537E-1,9.638289452E0,1.064624082E1
1.941799391E1,-5.331208706E0,-1.579262912E-1,8.666803360E0,1.017645358E1
1.942036948E1,3.354737282E0,-7.465606928E-1,1.173918819E1,1.223193176E1
1.942274500E1,-9.619147182E-1,-5.694918036E-1,8.250452042E0,8.325836879E0
1.942512058E1,-2.991028309E0,-1.579262912E-1,1.076291656E1,1.117190960E1
1.942749615E1,4.823930264E0,-7.896314859E-1,1.055713367E1,1.163386834E1
1.942987172E1,-4.962714195E0,-3.541377485E-1,8.293522835E0,9.671425269E0
1.943224730E1,1.636690736E0,-6.077769399E-1,1.173918819E1,1.186830606E1
1.943462287E1,2.053041935E0,-7.034898400E-1,8.729017258E0,8.994755218E0
1.943699844E1,-4.733003139E0,-9.092725813E-2,9.595218658E0,1.069943025E1
1.943937401E1,4.340580463E0,-8.853443861E-1,1.129890823E1,1.213630095E1
1.944174959E1,-3.684946775E0,-3.445664644E-1,8.173882484E0,8.972731672E0
1.944412516E1,-5.168496966E-1,-6.029912829E-1,1.138026428E1,1.140794229E1
1.944650073E1,4.086941242E0,-6.077769399E-1,9.533005714E0,1.038993164E1
1.944887631E1,-5.460421085E0,-2.392822653E-1,8.748159409E0,1.031521922E1
1.945125188E1,3.522234917E0,-8.135597110E-1,1.181575775E1,1.235638092E1
1.945362740E1,-1.325623751E0,-6.029912829E-1,8.279166222E0,8.406275640E0
1.945600297E1,-2.699103832E0,-1.962114573E-1,1.076291656E1,1.109792924E1
1.945837855E1,4.613361835E0,-9.571290612E-1,1.030349445E1,1.132966025E1
1.946075412E1,-5.297709465E0,-2.344966233E-1,8.456234932E0,9.981413901E0
1.946312969E1,2.014756680E0,-7.226324677E-1,1.180618668E1,1.199864517E1
1.946550526E1,1.928615093E0,-5.455635786E-1,8.743373871E0,8.970160670E0
1.946788084E1,-4.737788677E0,-3.541377485E-1,9.533005714E0,1.065130288E1
1.947025641E1,4.316651821E0,-8.518448472E-1,1.140419292E1,1.222353218E1
1.947263198E1,-3.852444410E0,-4.163511395E-1,8.212167740E0,9.080439152E0
1.947500756E1,1.004985496E-1,-5.455635786E-1,1.148076344E1,1.149415802E1
1.947738313E1,3.747160196E0,-6.269195080E-1,9.346364975E0,1.008904237E1
1.947975870E1,-5.603990555E0,-1.818545163E-1,8.638090134E0,1.029827084E1
1.948213428E1,3.617947817E0,-7.848458290E-1,1.181097221E1,1.237758434E1
1.948450980E1,-1.201196909E0,-4.211367965E-1,8.403593063E0,8.499447429E0
1.948688537E1,-2.483749866E0,-2.967100143E-1,1.072463131E1,1.101248232E1
1.948926094E1,4.378865242E0,-9.284151793E-1,1.012164021E1,1.106724970E1
1.949163651E1,-5.340780258E0,-6.221338734E-2,8.537590981E0,1.007066353E1
1.949401209E1,2.402393818E0,-7.609176040E-1,1.179661560E1,1.206277875E1
1.949638766E1,1.588834286E0,-4.689932466E-1,8.542376518E0,8.701525477E0
1.949876323E1,-4.599005222E0,-3.924229145E-1,9.695717812E0,1.073833268E1
1.950113881E1,4.469792843E0,-7.082754970E-1,1.134197903E1,1.221151876E1
1.950351438E1,-3.804588079E0,-2.440679073E-1,8.303094864E0,9.136511584E0
1.950588995E1,3.445664644E-1,-4.498506486E-1,1.131326580E1,1.132744785E1
1.950826553E1,3.483949661E0,-8.566305041E-1,9.040083885E0,9.725987750E0
1.951064110E1,-5.493920803E0,2.392822690E-2,9.078369141E0,1.061133943E1
1.951301667E1,3.866801500E0,-8.709874153E-1,1.162433243E1,1.228152585E1
1.951539219E1,-1.162911773E0,-2.823530734E-1,8.480163574E0,8.564184800E0
1.951776776E1,-2.502892494E0,-5.503492355E-1,1.060499001E1,1.091023227E1
1.952014334E1,4.532006264E0,-7.561319470E-1,1.020299530E1,1.118981364E1
1.952251891E1,-5.264209747E0,-1.579262912E-1,8.575876236E0,1.006392062E1
1.952489448E1,2.794816732E0,-6.843472719E-1,1.181575775E1,1.216106340E1
1.952727006E1,1.225125194E0,-4.642075896E-1,8.427521706E0,8.528748005E0
1.952964558E1,-4.618147850E0,-3.732803464E-1,9.801001549E0,1.084095287E1
1.953202120E1,4.407579422E0,-8.279166222E-1,1.140419292E1,1.225429796E1
1.953439678E1,-3.574877024E0,-3.684946895E-1,8.542376518E0,9.267563361E0
1.953677235E1,3.828516304E-1,-6.125625968E-1,1.137547874E1,1.139839133E1
1.953914792E1,3.158525944E0,-9.954141974E-1,8.982656479E0,9.573674999E0
1.954152344E1,-5.651846886E0,-9.571290575E-3,9.221938133E0,1.081608098E1
1.954389901E1,4.072584152E0,-1.071984529E0,1.186361504E1,1.258890203E1
1.954627459E1,-1.569691658E0,-2.679961324E-1,8.384450912E0,8.534328968E0
1.954865011E1,-2.469393015E0,-7.657032609E-1,1.080120182E1,1.110631190E1
1.955102573E1,4.292723656E0,-7.896314859E-1,1.026999474E1,1.115902263E1
1.955340131E1,-5.340780258E0,-2.105683982E-1,8.638090134E0,1.015799557E1
1.955577688E1,2.943171740E0,-7.513462901E-1,1.185404301E1,1.223703872E1
1.955815245E1,6.412764788E-1,-7.800601721E-1,8.355736732E0,8.416535257E0
1.956052802E1,-4.771288395E0,-2.727817893E-1,1.014556789E1,1.121481836E1
1.956290360E1,4.455435753E0,-9.762716293E-1,1.130848026E1,1.219367623E1
1.956527917E1,-3.713660717E0,-2.105683982E-1,8.537590981E0,9.312683540E0
1.956765474E1,2.679961324E-1,-8.231309652E-1,1.135633659E1,1.138928213E1
1.957003032E1,2.952743053E0,-9.044869542E-1,8.992227554E0,9.507730780E0
1.957240589E1,-5.690132141E0,6.699903309E-2,9.317651749E0,1.091790853E1
1.957478141E1,4.283152580E0,-9.762716293E-1,1.186361504E1,1.265084440E1
1.957715698E1,-2.038684845E0,-4.594219327E-1,8.145168304E0,8.408987520E0
1.957953256E1,-2.502892494E0,-6.556333899E-1,1.099741268E1,1.129767284E1
1.958190813E1,4.177868366E0,-7.752745152E-1,1.022692394E1,1.107454776E1
1.958428370E1,-5.053641319E0,-4.307080805E-2,8.977870941E0,1.030258765E1
1.958665928E1,2.933600664E0,-7.657032609E-1,1.159561825E1,1.198543603E1
1.958903485E1,5.694918036E-1,-8.997012973E-1,8.164310455E0,8.233453015E0
1.959141042E1,-4.699503899E0,-1.196411327E-1,1.027956581E1,1.130350053E1
1.959378599E1,4.790431023E0,-9.810572863E-1,1.131805134E1,1.232919255E1
1.959616157E1,-3.814159393E0,-3.349951655E-2,8.595019341E0,9.403365970E0
1.959853714E1,3.972085714E-1,-8.614161611E-1,1.124148083E1,1.128143181E1
1.960091266E1,2.995813847E0,-8.279166222E-1,8.992227554E0,9.514226344E0
1.960328823E1,-5.407779217E0,3.349951655E-2,9.379864693E0,1.082714459E1
1.960566381E1,4.555934429E0,-7.465606928E-1,1.179661560E1,1.266783450E1
1.960803938E1,-2.086541414E0,-6.317051649E-1,7.996813297E0,8.288650638E0
1.961041495E1,-2.431107759E0,-4.881358147E-1,1.099741268E1,1.127349312E1
1.961279052E1,4.527220249E0,-8.279166222E-1,1.026520920E1,1.124969728E1
1.961516610E1,-4.766502857E0,5.742774159E-2,8.886942863E0,1.008467158E1
1.961754167E1,2.909672260E0,-9.619147182E-1,1.155733299E1,1.195673110E1
1.961991724E1,6.891329288E-1,-8.279166222E-1,8.264809608E0,8.334712232E0
1.962229282E1,-4.618147850E0,-6.221338734E-2,1.026999474E1,1.126072608E1
1.962466839E1,5.149354458E0,-9.475577474E-1,1.132762241E1,1.247913244E1
1.962704396E1,-3.852444410E0,-2.727817893E-1,8.346165657E0,9.196424252E0
1.962941948E1,2.488535494E-1,-8.662018180E-1,1.134197903E1,1.137772921E1
1.963179506E1,3.144168854E0,-7.609176040E-1,9.107083321E0,9.664562069E0
1.963417063E1,-5.192425251E0,-1.914258115E-2,9.422935486E0,1.075887353E1
1.963654620E1,4.393222332E0,-8.949156404E-1,1.167697430E1,1.250811757E1
1.963892178E1,-2.057827473E0,-7.561319470E-1,7.968099594E0,8.264199935E0
1.964129735E1,-2.746960402E0,-3.972085714E-1,1.107876873E1,1.142115067E1
1.964367292E1,4.675575256E0,-9.379864931E-1,1.031306553E1,1.136222440E1
1.964604849E1,-4.977071285E0,-9.571290575E-3,8.786444664E0,1.009816518E1
1.964842407E1,2.493321180E0,-1.043270707E0,1.149512005E1,1.180859218E1
1.965079964E1,6.364908218E-1,-7.513462901E-1,8.398807526E0,8.456335475E0
1.965317521E1,-4.713860512E0,-1.818545163E-1,1.017906761E1,1.121904494E1
1.965555079E1,4.943571568E0,-8.327022791E-1,1.128455162E1,1.234801191E1
1.965792636E1,-4.110869408E0,-5.742774606E-1,8.207381248E0,9.197290299E0
1.966030188E1,-2.823530734E-1,-6.891329288E-1,1.157169056E1,1.159563064E1
1.966267745E1,3.125026464E0,-8.374879360E-1,9.107083321E0,9.664685357E0
1.966505303E1,-5.254638672E0,7.657032460E-2,9.384650230E0,1.075587051E1
1.966742860E1,4.010370731E0,-1.095912814E0,1.165783215E1,1.237696040E1
1.966980417E1,-2.120040894E0,-6.508477330E-1,7.996813297E0,8.298626337E0
1.967217974E1,-2.957528830E0,-3.828516304E-1,1.117448139E1,1.156557766E1
1.967455532E1,4.800002098E0,-9.332008362E-1,1.040399265E1,1.149582303E1
1.967693089E1,-5.096712112E0,-9.092725813E-2,8.575876236E0,9.976492136E0
1.967930646E1,2.191825628E0,-9.954141974E-1,1.148554897E1,1.173510904E1
1.968168204E1,6.125625968E-1,-6.317051649E-1,8.518448830E0,8.563775734E0
1.968405761E1,-4.551148891E0,-1.531406492E-1,1.023170948E1,1.119929851E1
1.968643318E1,5.005784988E0,-8.566305041E-1,1.121276665E1,1.230925810E1
1.968880875E1,-4.101297855E0,-6.221339107E-1,8.159524918E0,9.153444247E0
1.969118428E1,-3.110669553E-1,-5.503492355E-1,1.151426220E1,1.153160357E1
1.969355985E1,3.421736479E0,-8.135597110E-1,9.231510162E0,9.878812672E0
1.969593542E1,-5.125426292E0,1.196411327E-1,9.260223389E0,1.058470812E1
1.969831099E1,4.024727821E0,-1.095912814E0,1.146162033E1,1.219705700E1
1.970068657E1,-1.899901152E0,-5.312066078E-1,8.154739380E0,8.389968963E0
1.970306214E1,-2.641676188E0,-4.115654826E-1,1.109791183E1,1.141540566E1
1.970543771E1,5.063212872E0,-7.369893789E-1,1.033220863E1,1.152969267E1
1.970781328E1,-4.986642361E0,-2.679961324E-1,8.499305725E0,9.857820336E0
1.971018886E1,2.421536446E0,-7.513462901E-1,1.175833035E1,1.202857816E1
1.971256443E1,9.044869542E-1,-7.226324677E-1,8.408378601E0,8.487704344E0
1.971494000E1,-4.106083870E0,4.785645287E-3,1.017428207E1,1.097159803E1
1.971731558E1,4.934000492E0,-8.470591903E-1,1.118405342E1,1.225336366E1
1.971969110E1,-3.957728624E0,-5.216353536E-1,8.078168869E0,9.010689851E0
1.972206667E1,5.264209956E-2,-5.647061467E-1,1.160997581E1,1.162382048E1
1.972444224E1,3.814159393E0,-8.135597110E-1,9.231510162E0,1.002150044E1
1.972681782E1,-5.115854740E0,1.531406492E-1,9.178867340E0,1.050937807E1
1.972919339E1,4.029513359E0,-1.071984529E0,1.143290615E1,1.216953047E1
1.973156896E1,-2.148754835E0,-4.307080805E-1,8.250452042E0,8.536545887E0
1.973394454E1,-2.096112728E0,-4.689932466E-1,1.111705399E1,1.132265572E1
1.973632011E1,4.972285271E0,-6.364908218E-1,1.020778179E1,1.137222716E1
1.973869568E1,-5.178068161E0,-3.780659735E-1,8.370093346E0,9.849557674E0
1.974107125E1,2.474178553E0,-6.508477330E-1,1.181097221E1,1.208487596E1
1.974344683E1,8.662018180E-1,-7.130611539E-1,8.528019905E0,8.601504828E0
1.974582235E1,-4.091726780E0,-4.785645381E-2,1.017906761E1,1.097077644E1
1.974819792E1,4.752145767E0,-1.004985452E0,1.096391296E1,1.199167514E1
1.975057349E1,-4.383651257E0,-3.397808075E-1,8.317451477E0,9.408073576E0
1.975294907E1,2.919243574E-1,-6.364908218E-1,1.151904774E1,1.154031200E1
1.975532464E1,3.608376503E0,-6.747759581E-1,9.303294182E0,1.000134922E1
1.975770021E1,-5.245067120E0,-2.249253243E-1,9.102297783E0,1.050776596E1
1.976007578E1,3.900300980E0,-8.231309652E-1,1.156211948E1,1.222998362E1
1.976245136E1,-2.431107759E0,-4.881358147E-1,8.288737297E0,8.651689285E0
1.976482693E1,-1.952543259E0,-3.924229145E-1,1.115533924E1,1.133172602E1
1.976720250E1,4.661218643E0,-7.561319470E-1,9.992427826E0,1.105202735E1
1.976957808E1,-5.383851051E0,-3.254238665E-1,8.408378601E0,9.989623793E0
1.977195365E1,2.565105915E0,-6.699903607E-1,1.189711380E1,1.218892826E1
1.977432917E1,5.982056856E-1,-6.317051649E-1,8.537590981E0,8.581804077E0
1.977670480E1,-3.943371773E0,-1.339980662E-1,1.008335495E1,1.082784297E1
1.977908032E1,4.527220249E0,-9.762716293E-1,1.089212894E1,1.183584819E1
1.978145589E1,-4.613361835E0,-2.344966233E-1,8.374878883E0,9.564344850E0
1.978383146E1,8.422735929E-1,-6.891329288E-1,1.154776192E1,1.159892815E1
1.978620704E1,3.225524902E0,-5.551348329E-1,9.073583603E0,9.645833555E0
1.978858261E1,-5.264209747E0,-3.110669553E-1,9.073583603E0,1.049469325E1
1.979095818E1,4.063013077E0,-7.417750359E-1,1.173440266E1,1.244003662E1
1.979333375E1,-2.617748022E0,-4.307080805E-1,8.221738815E0,8.639161030E0
1.979570933E1,-1.320838094E0,-3.445664644E-1,1.114576817E1,1.122904659E1
1.979808490E1,4.350151539E0,-8.853443861E-1,9.681360245E0,1.065065206E1
1.980046042E1,-5.503491879E0,-2.392822690E-2,8.666803360E0,1.026657080E1
1.980283599E1,3.034099102E0,-7.561319470E-1,1.174875927E1,1.215774803E1
1.980521157E1,3.493520916E-1,-3.924229145E-1,8.537590981E0,8.553742010E0
1.980758714E1,-3.651447296E0,-4.785645306E-1,1.007378292E1,1.072581902E1
1.980996271E1,4.603790760E0,-7.465606928E-1,1.080598736E1,1.176952017E1
1.981233829E1,-4.795216560E0,-2.344966233E-1,8.288737297E0,9.578739818E0
1.981471386E1,1.651047587E0,-6.125625968E-1,1.171525955E1,1.184687712E1
1.981708943E1,2.656033039E0,-5.072783828E-1,8.819944382E0,9.225142913E0
1.981946500E1,-5.206781864E0,-3.014956415E-1,9.135796547E0,1.051970796E1
1.982184058E1,4.206582069E0,-8.327022791E-1,1.167697430E1,1.243947163E1
1.982421615E1,-2.780459881E0,-3.589234054E-1,8.422736168E0,8.877064138E0
1.982659172E1,-7.752745152E-1,-4.642075896E-1,1.118405342E1,1.122049866E1
1.982896730E1,3.890729666E0,-9.762716293E-1,9.422935486E0,1.024122047E1
1.983134287E1,-5.642275810E0,-1.435693540E-2,8.834300995E0,1.048238315E1
1.983371839E1,3.579662561E0,-9.714859724E-1,1.184447193E1,1.241165921E1
1.983609396E1,-3.732803464E-1,-3.828516304E-1,8.327022552E0,8.344172708E0
1.983846954E1,-3.373879910E0,-6.173482537E-1,1.050449181E1,1.105027297E1
1.984084511E1,4.508078098E0,-8.231309652E-1,1.071984577E1,1.165827629E1
1.984322068E1,-4.996213913E0,-3.302095234E-1,8.441878319E0,9.815115962E0
1.984559625E1,2.172683001E0,-6.652047038E-1,1.169611740E1,1.191478959E1
1.984797183E1,1.761117458E0,-7.226324677E-1,8.623732567E0,8.831336013E0
1.985034740E1,-5.278566837E0,-3.062812984E-1,9.633503914E0,1.098915255E1
1.985272297E1,4.331008911E0,-1.043270707E0,1.160040379E1,1.242640012E1
1.985509854E1,-3.029313564E0,-2.871387303E-1,8.561519623E0,9.086187736E0
1.985747412E1,-6.364908218E-1,-6.795616150E-1,1.121276665E1,1.125135816E1
1.985984969E1,3.493520975E0,-1.095912814E0,9.236295700E0,9.935535816E0
1.986222526E1,-5.843272686E0,4.785645381E-2,9.169296265E0,1.087299958E1
1.986460078E1,3.938585997E0,-9.284151793E-1,1.186361504E1,1.253474276E1
1.986697636E1,-1.296909928E0,-5.694918036E-1,8.054241180E0,8.177841847E0
1.986935193E1,-3.239881754E0,-6.652047038E-1,1.080598736E1,1.130082713E1
1.987172750E1,4.445864677E0,-7.513462901E-1,1.060977554E1,1.152812088E1
1.987410308E1,-4.972285271E0,-1.770688742E-1,8.690732002E0,1.001417979E1
1.987647865E1,2.297109842E0,-7.992027402E-1,1.156211948E1,1.181516168E1
1.987885422E1,1.201196909E0,-8.949156404E-1,8.408378601E0,8.540759844E0
1.988122980E1,-5.211567879E0,-3.828516230E-2,1.004506969E1,1.131659537E1
1.988360537E1,4.584648132E0,-9.810572863E-1,1.143769264E1,1.236132213E1
1.988598094E1,-3.493520975E0,-1.962114573E-1,8.504091263E0,9.195800995E0
1.988835651E1,-3.589234054E-1,-8.853443861E-1,1.129890823E1,1.133922343E1
1.989073204E1,3.330809116E0,-7.944171429E-1,9.145368576E0,9.765406001E0
1.989310761E1,-5.618347645E0,-4.307080805E-2,9.221938133E0,1.079869568E1
1.989548318E1,4.268795490E0,-8.374879360E-1,1.188275719E1,1.265400803E1
1.989785875E1,-1.660618901E0,-5.694918036E-1,8.068597794E0,8.257375273E0
1.990023433E1,-3.062813044E0,-4.546363056E-1,1.088255692E1,1.131448465E1
1.990260990E1,4.441078663E0,-8.374879360E-1,1.034177971E1,1.128614076E1
1.990498542E1,-4.737788677E0,3.349951655E-2,8.925228119E0,1.010482364E1
1.990736105E1,2.531606436E0,-8.566305041E-1,1.153819084E1,1.184367742E1
1.990973662E1,9.523434043E-1,-8.183453679E-1,8.145168304E0,8.241384217E0
1.991211219E1,-4.905286312E0,-3.349951655E-2,1.022213840E1,1.133821280E1
1.991448776E1,4.953142643E0,-9.236295223E-1,1.143290615E1,1.249392079E1
1.991686328E1,-3.689732552E0,-2.488535494E-1,8.288737297E0,9.076299927E0
1.991923886E1,-9.571290761E-2,-7.752745152E-1,1.130369377E1,1.133065331E1
1.992161443E1,3.263810158E0,-7.417750359E-1,9.217152596E0,9.806048588E0
1.992399000E1,-5.288137913E0,1.914258115E-2,9.284152031E0,1.068457991E1
1.992636558E1,4.388436794E0,-7.992027402E-1,1.163390350E1,1.245972766E1
1.992874115E1,-1.890329838E0,-7.465606928E-1,8.035098076E0,8.288154249E0
1.993111672E1,-2.885744095E0,-3.158525825E-1,1.111226845E1,1.148519882E1
1.993349230E1,4.709074974E0,-8.949156404E-1,1.024606609E1,1.131185800E1
1.993586787E1,-4.886143684E0,4.785645287E-3,8.796015739E0,1.006202345E1
1.993824344E1,2.550748825E0,-1.081555843E0,1.145204926E1,1.178242398E1
1.994061901E1,7.322037220E-1,-7.465606928E-1,8.417949677E0,8.482650053E0
1.994299459E1,-4.661218643E0,-1.579262912E-1,1.024128056E1,1.125325408E1
1.994537016E1,5.144568920E0,-8.805587292E-1,1.125583744E1,1.240708868E1
1.994774573E1,-4.158725739E0,-5.694918036E-1,8.140382767E0,9.158883790E0
1.995012125E1,-6.699903309E-2,-6.652047038E-1,1.148554897E1,1.150499115E1
1.995249683E1,3.110669374E0,-8.566305041E-1,9.140582085E0,9.693313191E0
1.995487240E1,-5.173282623E0,7.178468257E-2,9.528220177E0,1.084227771E1
1.995724797E1,4.240081787E0,-1.009771109E0,1.149033451E1,1.228925215E1
1.995962354E1,-2.196611166E0,-7.609176040E-1,7.968099594E0,8.300283571E0
1.996199912E1,-2.713460922E0,-4.019941986E-1,1.131326580E1,1.164106750E1
1.996437469E1,4.756931305E0,-8.949156404E-1,1.022213840E1,1.131023355E1
1.996675026E1,-5.091926575E0,-4.307080805E-2,8.705088615E0,1.008504532E1
1.996912584E1,2.507678032E0,-1.009771109E0,1.147119141E1,1.178542825E1
1.997150141E1,4.067798555E-1,-6.699903607E-1,8.384450912E0,8.421007899E0
1.997387698E1,-4.302295208E0,-2.057827413E-1,1.041356373E1,1.126917921E1
1.997625256E1,5.101497650E0,-8.422735929E-1,1.109791183E1,1.224329817E1
1.997862813E1,-4.340580463E0,-5.312066078E-1,8.169096947E0,9.265903310E0
1.998100365E1,4.785645381E-2,-5.647061467E-1,1.161954689E1,1.163335950E1
1.998337922E1,3.206382275E0,-8.422735929E-1,9.030512810E0,9.619795928E0
1.998575480E1,-5.125426292E0,2.153540403E-1,9.346364975E0,1.066165608E1
1.998813037E1,4.206582069E0,-1.076770186E0,1.146640587E1,1.226104524E1
1.999050594E1,-2.392822742E0,-5.647061467E-1,8.097311974E0,8.462325620E0
1.999288151E1,-2.297109842E0,-3.445664644E-1,1.132762241E1,1.156332432E1
1.999525709E1,4.962714195E0,-6.891329288E-1,1.013121128E1,1.130242799E1
1.999763266E1,-5.197210789E0,-2.871387303E-1,8.422736168E0,9.901309670E0
2.000000823E1,2.670390129E0,-7.226324677E-1,1.168654537E1,1.200951805E1
2.000238381E1,4.785645306E-1,-6.604190469E-1,8.389236450E0,8.428787905E0
2.000475933E1,-4.034298897E0,-3.349951655E-2,1.028913784E1,1.105183457E1
2.000713490E1,4.895715237E0,-8.327022791E-1,1.099262714E1,1.206230792E1
2.000951047E1,-4.230510235E0,-4.546363056E-1,8.135597229E0,9.181059486E0
2.001188604E1,3.780659735E-1,-4.833501875E-1,1.160997581E1,1.162618165E1
2.001426162E1,3.364308596E0,-7.896314859E-1,9.040083885E0,9.678078676E0
2.001663719E1,-5.063212872E0,1.914258152E-1,9.365508080E0,1.064826324E1
2.001901276E1,4.177868366E0,-1.000199914E0,1.131805134E1,1.210591880E1
2.002138834E1,-2.440679073E0,-3.780659735E-1,8.154739380E0,8.520541214E0
2.002376391E1,-1.832902193E0,-4.594219327E-1,1.126062298E1,1.141806590E1
2.002613948E1,4.948357105E0,-5.790630579E-1,1.007856941E1,1.124273603E1
2.002851506E1,-5.187639713E0,-3.158525825E-1,8.451449394E0,9.921611034E0
2.003089063E1,2.785245657E0,-7.561319470E-1,1.174875927E1,1.209804419E1
2.003326615E1,4.498506486E-1,-7.178468108E-1,8.346165657E0,8.389049459E0
2.003564172E1,-3.775874138E0,-2.871387079E-2,1.040877819E1,1.107252064E1
2.003801730E1,4.857429981E0,-9.810572863E-1,1.090170002E1,1.197514771E1
2.004039287E1,-4.431507587E0,-4.211367965E-1,8.212167740E0,9.341055330E0
2.004276844E1,7.130611539E-1,-6.699903607E-1,1.176790142E1,1.180850741E1
2.004514401E1,3.498306751E0,-6.269195080E-1,9.140582085E0,9.807212603E0
2.004751959E1,-5.235496044E0,-2.727817893E-1,9.107083321E0,1.050827271E1
2.004989516E1,4.120440483E0,-9.667003751E-1,1.165783215E1,1.240232195E1
2.005227073E1,-2.522035122E0,-4.402793646E-1,8.350951195E0,8.734580295E0
2.005464631E1,-1.617548108E0,-5.359922647E-1,1.106919765E1,1.119959313E1
2.005702188E1,4.570291042E0,-7.944171429E-1,1.005942631E1,1.107748692E1
2.005939745E1,-5.316852093E0,-3.541377485E-1,8.523234367E0,1.005185823E1
2.006177302E1,2.770888567E0,-7.130611539E-1,1.182054424E1,1.216188907E1
2.006414855E1,4.019941986E-1,-7.322037220E-1,8.499305725E0,8.540252891E0
2.006652412E1,-3.900300980E0,-2.009970993E-1,1.031306553E1,1.102778619E1
2.006889969E1,4.536791801E0,-1.009771109E0,1.084905815E1,1.180271919E1
2.007127526E1,-4.627718925E0,-3.876372576E-1,8.355736732E0,9.559517846E0
2.007365084E1,7.752745152E-1,-8.135597110E-1,1.172961617E1,1.178332828E1
2.007602641E1,3.172882795E0,-5.407779217E-1,9.135796547E0,9.686196598E0
2.007840198E1,-5.431707382E0,-3.876372576E-1,8.958727837E0,1.048391683E1
2.008077756E1,3.895515203E0,-9.140582681E-1,1.182532978E1,1.248394832E1
2.008315313E1,-2.732603550E0,-5.216353536E-1,8.312665939E0,8.765822302E0
2.008552870E1,-1.560120344E0,-4.211367965E-1,1.112183952E1,1.123862296E1
2.008790428E1,4.244867325E0,-9.044869542E-1,9.925428391E0,1.083287238E1
2.009027980E1,-5.656632900E0,-2.440679073E-1,8.652446747E0,1.034030462E1
2.009265532E1,2.861815929E0,-8.709874153E-1,1.183011532E1,1.220246852E1
2.009503094E1,4.307080805E-1,-5.216353536E-1,8.623732567E0,8.650224059E0
2.009740651E1,-4.048655987E0,-4.881358147E-1,1.013121128E1,1.092114160E1
2.009978209E1,4.383651257E0,-8.279166222E-1,1.099741268E1,1.186781066E1
2.010215766E1,-4.718646049E0,-2.871387303E-1,8.379665375E0,9.621167340E0
2.010453323E1,1.129412293E0,-7.274180651E-1,1.163390350E1,1.171120916E1
2.010690881E1,2.837887764E0,-6.508477330E-1,8.968298912E0,9.429082411E0
2.010928438E1,-5.340780258E0,-2.775674164E-1,9.226723671E0,1.066458659E1
2.011165995E1,4.115654945E0,-8.087740541E-1,1.169611740E1,1.242545345E1
2.011403553E1,-2.450250387E0,-4.977070987E-1,8.288737297E0,8.657632777E0
2.011641110E1,-1.430907965E0,-4.642075896E-1,1.112662506E1,1.122785694E1
2.011878667E1,4.230510235E0,-8.805587292E-1,9.743574142E0,1.065879156E1
2.012116214E1,-5.498706341E0,-8.135596663E-2,8.729017258E0,1.031688579E1
2.012353776E1,3.206382275E0,-9.284151793E-1,1.191147137E1,1.237036750E1
2.012591334E1,4.833501875E-1,-4.163511395E-1,8.461020470E0,8.485036421E0
2.012828891E1,-3.809373617E0,-4.929214716E-1,1.018385315E1,1.088417034E1
2.013066448E1,4.656432629E0,-8.135597110E-1,1.105484104E1,1.202305097E1
2.013304006E1,-4.465006828E0,-3.158525825E-1,8.370093346E0,9.491812864E0
2.013541563E1,1.560120344E0,-5.934200287E-1,1.164347458E1,1.176250922E1
2.013779120E1,2.813959360E0,-7.513462901E-1,8.834300995E0,9.302030026E0
2.014016678E1,-5.345565796E0,-2.153540403E-1,9.226723671E0,1.066554643E1
2.014254235E1,4.340580463E0,-9.140582681E-1,1.181097221E1,1.261646567E1
2.014491792E1,-2.129612207E0,-2.488535494E-1,8.456234932E0,8.723822870E0
2.014729344E1,-1.416550994E0,-6.843472719E-1,1.090170002E1,1.101462715E1
2.014966901E1,4.144368649E0,-9.092726111E-1,9.714859962E0,1.060099393E1
2.015204459E1,-5.570491314E0,-1.435693540E-2,8.757730484E0,1.037923036E1
2.015442016E1,3.479164124E0,-8.949156404E-1,1.195454216E1,1.248264937E1
2.015679573E1,7.657032460E-2,-5.120640397E-1,8.283951759E0,8.300116225E0
2.015917131E1,-4.024727821E0,-5.024927258E-1,1.025563812E1,1.102855595E1
2.016154688E1,4.498506546E0,-8.039883971E-1,1.096869946E1,1.188256396E1
2.016392245E1,-4.412364960E0,-2.536391914E-1,8.561519623E0,9.634983945E0
2.016629802E1,1.268195987E0,-6.077769399E-1,1.154776192E1,1.163307866E1
2.016867360E1,2.407179594E0,-8.518448472E-1,8.657232285E0,9.025952807E0
2.017104917E1,-5.637490273E0,-3.828516230E-2,9.332008362E0,1.090271262E1
2.017342474E1,4.110869408E0,-1.000199914E0,1.179183006E1,1.252784512E1
2.017580032E1,-2.435893536E0,-2.632105052E-1,8.403593063E0,8.753469796E0
2.017817584E1,-1.727617979E0,-8.231309652E-1,1.101655579E1,1.118153432E1
2.018055141E1,3.857230186E0,-6.987041831E-1,9.877572060E0,1.062698650E1
2.018292698E1,-5.718846321E0,-9.571290761E-2,8.647661209E0,1.036804748E1
2.018530256E1,3.479164124E0,-7.944171429E-1,1.192582798E1,1.244833542E1
2.018767813E1,-3.302095234E-1,-5.647061467E-1,8.298309326E0,8.324053642E0
2.019005370E1,-4.292723656E0,-4.785645306E-1,1.029392338E1,1.116339370E1
2.019242928E1,4.350151539E0,-7.896314859E-1,1.105005455E1,1.190172432E1
2.019480485E1,-4.216153622E0,-1.100698411E-1,8.642875671E0,9.617035229E0
2.019718042E1,1.119840980E0,-8.231309652E-1,1.144247818E1,1.152657344E1
2.019955599E1,2.230110645E0,-8.518448472E-1,8.638090134E0,8.961899034E0
2.020193157E1,-5.618347645E0,1.100698411E-1,9.609575272E0,1.113202060E1
2.020430709E1,4.589433670E0,-9.523434043E-1,1.174397373E1,1.264479254E1
2.020668266E1,-2.656033039E0,-2.919243574E-1,8.193024635E0,8.617736594E0
2.020905823E1,-1.646261930E0,-7.848458290E-1,1.107876873E1,1.122787949E1
2.021143381E1,3.991228104E0,-7.417750359E-1,9.944570541E0,1.074125762E1
2.021380938E1,-5.182853699E0,1.435693540E-2,8.920442581E0,1.031680544E1
2.021618495E1,3.694518089E0,-8.183453679E-1,1.168654537E1,1.228391207E1
2.021856052E1,-3.924229145E-1,-7.752745152E-1,8.054241180E0,8.100978170E0
2.022093610E1,-3.967299938E0,-1.770688742E-1,1.065284634E1,1.136899104E1
2.022331167E1,4.953142643E0,-1.004985452E0,1.090170002E1,1.201626735E1
2.022568724E1,-4.163511276E0,-9.092725813E-2,8.676374435E0,9.624061890E0
2.022806282E1,1.383051515E0,-9.379864931E-1,1.137069321E1,1.149283752E1
2.023043839E1,2.431107759E0,-7.896314859E-1,8.662017822E0,9.031298665E0
2.023281396E1,-5.225924492E0,-1.244267747E-1,9.580862045E0,1.091415074E1
2.023518948E1,4.934000492E0,-9.332008362E-1,1.180618668E1,1.282970259E1
2.023756506E1,-2.646461725E0,-4.546363056E-1,8.149953842E0,8.580920782E0
2.023994063E1,-1.588834286E0,-7.369893789E-1,1.108833981E1,1.122581077E1
2.024231620E1,4.177868366E0,-8.231309652E-1,9.801001549E0,1.068605447E1
2.024469178E1,-4.972285271E0,-4.307080805E-2,9.068798065E0,1.034256130E1
2.024706735E1,3.694518089E0,-9.523434043E-1,1.161954689E1,1.222989337E1
2.024944292E1,-4.211367965E-1,-8.327022791E-1,7.987242222E0,8.041566240E0
2.025181849E1,-4.005585194E0,-1.866401732E-1,1.064327526E1,1.137360346E1
2.025419407E1,5.087141037E0,-9.571290612E-1,1.093519974E1,1.209849963E1
2.025656964E1,-4.383651257E0,-2.440679073E-1,8.394021988E0,9.472886182E0
2.025894521E1,1.287338614E0,-9.427721500E-1,1.144726372E1,1.155793696E1
2.026132073E1,2.201396942E0,-7.130611539E-1,8.800801277E0,9.099929001E0
2.026369631E1,-5.139782906E0,-1.435693540E-2,9.743574142E0,1.101611599E1
2.026607188E1,4.752145767E0,-9.044869542E-1,1.152383423E1,1.249798949E1
2.026844745E1,-3.053241730E0,-6.460621357E-1,8.020741463E0,8.606507710E0
2.027082303E1,-1.584048629E0,-5.024927258E-1,1.141376400E1,1.153411105E1
2.027319860E1,4.144368649E0,-9.092726111E-1,9.652647018E0,1.054401075E1
2.027557417E1,-5.235496044E0,1.531406492E-1,9.097511292E0,1.049755127E1
2.027794974E1,3.378665686E0,-1.129412293E0,1.158126163E1,1.211678897E1
2.028032532E1,-8.279166222E-1,-7.322037220E-1,8.025527000E0,8.101274706E0
2.028270089E1,-3.833301783E0,-2.823530734E-1,1.086820030E1,1.152786640E1
2.028507646E1,5.072783947E0,-8.518448472E-1,1.083948612E1,1.199805134E1
2.028745198E1,-4.890929699E0,-3.876372576E-1,8.322237015E0,9.660801462E0
2.028982756E1,1.172483087E0,-8.183453679E-1,1.163390350E1,1.172143833E1
2.029220313E1,1.928615093E0,-7.848458290E-1,8.800801277E0,9.043762617E0
2.029457870E1,-5.010570526E0,1.435693540E-2,9.786644936E0,1.099474612E1
2.029695428E1,4.536791801E0,-9.714859724E-1,1.145683479E1,1.236063624E1
2.029932985E1,-3.364308596E0,-6.604190469E-1,8.025527000E0,8.727187936E0
2.030170542E1,-1.502692580E0,-4.785645306E-1,1.159083271E1,1.169762847E1
2.030408099E1,4.230510235E0,-9.284151793E-1,9.623932838E0,1.055363704E1
2.030645657E1,-5.312066078E0,7.657032460E-2,9.016156197E0,1.046494059E1
2.030883214E1,3.326023579E0,-1.162911773E0,1.149512005E1,1.202300219E1
2.031120771E1,-1.062413216E0,-6.364908218E-1,8.245666504E0,8.338156781E0
2.031358328E1,-3.517449379E0,-3.014956415E-1,1.084427261E1,1.140445519E1
2.031595881E1,5.077569485E0,-7.704889178E-1,1.074855900E1,1.191246765E1
2.031833443E1,-4.967499733E0,-5.120640397E-1,8.236095428E0,9.631797915E0
2.032070995E1,1.306481123E0,-7.417750359E-1,1.174875927E1,1.184442770E1
2.032308552E1,2.086541414E0,-7.944171429E-1,8.685946465E0,8.968300823E0
2.032546110E1,-4.895715237E0,5.264209956E-2,9.767501831E0,1.092588170E1
2.032783667E1,4.532006264E0,-1.134197950E0,1.136112213E1,1.228415979E1
2.033021224E1,-3.460021496E0,-5.359922647E-1,8.130811691E0,8.852634366E0
2.033258782E1,-1.105484009E0,-5.551348329E-1,1.151426220E1,1.158052259E1
2.033496339E1,4.311866283E0,-7.465606928E-1,9.667003632E0,1.061133841E1
2.033733896E1,-5.407779217E0,-1.914258152E-1,8.805587769E0,1.033533240E1
2.033971454E1,3.455235958E0,-9.284151793E-1,1.169133186E1,1.222652244E1
2.034209011E1,-1.067198873E0,-6.699903607E-1,8.236095428E0,8.331930654E0
2.034446563E1,-3.129812002E0,-3.302095234E-1,1.081077290E1,1.125955470E1
2.034684120E1,4.953142643E0,-8.422735929E-1,1.061456108E1,1.174359203E1
2.034921678E1,-4.991427898E0,-4.163511395E-1,8.312665939E0,9.705056195E0
2.035159235E1,1.607976794E0,-6.508477330E-1,1.177268696E1,1.189980464E1
2.035396792E1,2.043470621E0,-8.374879360E-1,8.748159409E0,9.022607786E0
2.035634349E1,-4.685146809E0,1.914258115E-2,9.820143700E0,1.088054178E1
2.035871907E1,4.493721008E0,-1.057627559E0,1.124626637E1,1.215691621E1
2.036109464E1,-3.732803345E0,-4.833501875E-1,8.226524353E0,9.046720464E0
2.036347021E1,-5.072783828E-1,-6.077769399E-1,1.152861977E1,1.155576903E1
2.036584578E1,4.240081787E0,-6.269195080E-1,9.580862045E0,1.049591536E1
2.036822136E1,-5.431707382E0,-2.823530734E-1,8.705088615E0,1.026458651E1
2.037059693E1,3.546163082E0,-8.183453679E-1,1.177747345E1,1.232695593E1
2.037297245E1,-1.301695466E0,-6.029912829E-1,8.312665939E0,8.435545305E0
2.037534802E1,-2.660818815E0,-2.967100143E-1,1.082512951E1,1.115129690E1
2.037772360E1,4.704289436E0,-9.379864931E-1,1.039920712E1,1.145223412E1
2.038009917E1,-5.149354458E0,-2.201396823E-1,8.413164139E0,9.866389595E0
2.038247474E1,1.947757602E0,-7.322037220E-1,1.173918819E1,1.192218191E1
2.038485032E1,1.804188251E0,-5.982056856E-1,8.757730484E0,8.961628676E0
2.038722589E1,-4.584648132E0,-2.632105052E-1,9.719645500E0,1.074987381E1
2.038960146E1,4.460221291E0,-8.997012973E-1,1.128455162E1,1.216733914E1
2.039197704E1,-4.043870449E0,-3.110669553E-1,8.221738815E0,9.167695458E0
2.039435261E1,7.657032460E-2,-5.838487148E-1,1.150947666E1,1.152453016E1
2.039672818E1,3.742374659E0,-6.604190469E-1,9.308079720E0,1.005394795E1
2.039910375E1,-5.560919762E0,-2.153540403E-1,8.805587769E0,1.041674526E1
2.040147928E1,3.780659676E0,-6.987041831E-1,1.183011532E1,1.243918018E1
2.040385485E1,-1.703689694E0,-4.833501875E-1,8.216953278E0,8.405623543E0
2.040623042E1,-2.177468538E0,-3.206382394E-1,1.094955635E1,1.116857029E1
2.040860599E1,4.445864677E0,-8.757730722E-1,9.987641335E0,1.096748242E1
2.041098157E1,-5.441278458E0,-7.178468257E-2,8.513663292E0,1.010421333E1
2.041335714E1,2.612962246E0,-8.039883971E-1,1.178225899E1,1.209527163E1
2.041573271E1,1.167697430E0,-4.163511395E-1,8.528019905E0,8.617655659E0
2.041810829E1,-4.283152580E0,-3.972085714E-1,9.815358162E0,1.071654919E1
2.042048386E1,4.498506546E0,-7.369893789E-1,1.118405342E1,1.207736583E1
2.042285943E1,-4.326223373E0,-3.110669553E-1,8.193024635E0,9.270308733E0
2.042523500E1,1.038485050E0,-4.785645306E-1,1.155254745E1,1.160899771E1
2.042761053E1,2.976671457E0,-6.029912829E-1,8.944371223E0,9.445948763E0
2.042998610E1,-5.503491879E0,-1.914258152E-1,8.949156761E0,1.050773398E1
2.043236167E1,4.096512318E0,-8.374879360E-1,1.179183006E1,1.251119720E1
2.043473724E1,-2.043470621E0,-2.392822653E-1,8.360522270E0,8.609957074E0
2.043711282E1,-1.550549030E0,-5.886343718E-1,1.089691448E1,1.102240618E1
2.043948839E1,4.110869408E0,-9.188438654E-1,9.738788605E0,1.061072688E1
2.044186396E1,-5.517848969E0,7.178468257E-2,8.724231720E0,1.032298549E1
2.044423954E1,3.483949661E0,-8.279166222E-1,1.172004509E1,1.225490955E1
2.044661511E1,3.828516230E-2,-5.790630579E-1,8.245666504E0,8.266062900E0
2.044899068E1,-3.790230989E0,-3.876372576E-1,1.035135078E1,1.103025733E1
2.045136625E1,4.694717884E0,-7.274180651E-1,1.093519974E1,1.192258807E1
2.045374183E1,-4.436293125E0,-2.009970993E-1,8.432307243E0,9.530209965E0
2.045611735E1,1.799402595E0,-6.843472719E-1,1.151904774E1,1.167881165E1
2.045849297E1,2.244467735E0,-8.662018180E-1,8.556734085E0,8.888511642E0
2.046086849E1,-5.216353416E0,-6.221338734E-2,9.566504478E0,1.089643159E1
2.046324407E1,4.575077057E0,-9.619147182E-1,1.153819084E1,1.244935572E1
2.046561964E1,-2.689532757E0,-1.962114573E-1,8.403593063E0,8.825670613E0
2.046799521E1,-8.374879360E-1,-8.327022791E-1,1.107876873E1,1.114153920E1
2.047037078E1,3.885943890E0,-8.422735929E-1,9.442078590E0,1.024513703E1
2.047274636E1,-5.450850010E0,-5.264209956E-2,8.930013657E0,1.046229807E1
2.047512193E1,4.144368649E0,-8.231309652E-1,1.173440266E1,1.247195020E1
2.047749750E1,-9.379864931E-1,-5.216353536E-1,8.140382767E0,8.210831486E0
2.047987308E1,-3.292523861E0,-5.264210105E-1,1.068156052E1,1.118988684E1
2.048224865E1,4.622933388E0,-8.374879360E-1,1.057149029E1,1.156846170E1
2.048462417E1,-4.608576298E0,-8.135596663E-2,8.767302513E0,9.905109169E0
2.048699974E1,2.306680918E0,-8.709874153E-1,1.148076344E1,1.174254338E1
2.048937532E1,1.258624673E0,-8.709874153E-1,8.307880402E0,8.447699800E0
2.049175089E1,-5.010570526E0,4.785645287E-3,1.009292603E1,1.126822948E1
2.049412646E1,4.900500774E0,-9.667003751E-1,1.136590767E1,1.241504227E1
2.049650204E1,-3.728017569E0,-3.254238665E-1,8.331808090E0,9.133621502E0
2.049887761E1,-2.249253243E-1,-8.662018180E-1,1.137069321E1,1.140585643E1
2.050125318E1,3.206382275E0,-6.652047038E-1,9.236295700E0,9.799619526E0
2.050362875E1,-5.446064472E0,1.914258115E-2,9.317651749E0,1.079252606E1
2.050600433E1,4.287938118E0,-9.379864931E-1,1.170568848E1,1.250157489E1
2.050837990E1,-2.143969059E0,-7.752745152E-1,8.006384850E0,8.324653282E0
2.051075547E1,-2.742174864E0,-2.871387303E-1,1.127019501E1,1.160255434E1
2.051313099E1,4.474578381E0,-8.997012973E-1,1.006421185E1,1.105077708E1
2.051550657E1,-5.063212872E0,-2.392822690E-2,8.810373306E0,1.016166202E1
2.051788214E1,2.713460922E0,-1.048056364E0,1.164826107E1,1.200596844E1
2.052025771E1,2.488535494E-1,-6.891329288E-1,8.298309326E0,8.330592413E0
2.052263328E1,-4.570291042E0,-1.483550072E-1,1.040399265E1,1.136453398E1
2.052500886E1,4.943571568E0,-9.092726111E-1,1.115533924E1,1.223549223E1
2.052738443E1,-4.307080746E0,-4.498506486E-1,8.365307808E0,9.419749725E0
2.052976000E1,4.163511395E-1,-7.513462901E-1,1.153340530E1,1.156534943E1
2.053213558E1,2.589034081E0,-7.944171429E-1,9.001798630E0,9.400349708E0
2.053451115E1,-5.106283665E0,4.785645381E-2,9.681360245E0,1.094555432E1
2.053688672E1,4.431507587E0,-9.284151793E-1,1.151426220E1,1.237248755E1
2.053926230E1,-2.847458839E0,-7.513462901E-1,7.982456207E0,8.508357667E0
2.054163782E1,-1.914258122E0,-4.307080805E-1,1.162911797E1,1.179348457E1
2.054401339E1,4.527220249E0,-8.805587292E-1,9.719645500E0,1.075837420E1
2.054638896E1,-5.168497086E0,-5.742774159E-2,8.896514893E0,1.028905425E1
2.054876454E1,3.235096216E0,-1.086341500E0,1.165783215E1,1.214705873E1
2.055114011E1,-6.508477330E-1,-6.317051649E-1,8.159524918E0,8.209780817E0
2.055351568E1,-3.512663603E0,-3.254238665E-1,1.076291656E1,1.132630033E1
2.055589125E1,5.134997368E0,-7.752745152E-1,1.088734341E1,1.206248295E1
2.055826683E1,-4.704289436E0,-5.503492355E-1,8.293522835E0,9.550693399E0
2.056064240E1,1.435693622E0,-7.178468108E-1,1.182532978E1,1.193377328E1
2.056301797E1,2.158325911E0,-9.571290612E-1,8.628518105E0,8.945713580E0
2.056539355E1,-4.661218643E0,7.178468257E-2,9.944570541E0,1.098301395E1
2.056776907E1,4.656432629E0,-1.100698471E0,1.133240795E1,1.230111263E1
2.057014464E1,-3.522234917E0,-6.604190469E-1,8.116454124E0,8.872379595E0
2.057252021E1,-6.460621357E-1,-5.599204898E-1,1.172004509E1,1.175118565E1
2.057489579E1,4.331008911E0,-7.800601721E-1,9.389435768E0,1.036955332E1
2.057727136E1,-5.350351334E0,-2.009970993E-1,8.891729355E0,1.037928274E1
2.057964693E1,3.665804386E0,-1.048056364E0,1.172483063E1,1.232916044E1
2.058202250E1,-1.507478237E0,-6.843472719E-1,8.255238533E0,8.419607180E0
2.058439808E1,-2.555534601E0,-4.785645306E-1,1.111226845E1,1.141237448E1
2.058677365E1,4.809573650E0,-8.709874153E-1,1.036092186E1,1.145597310E1
2.058914922E1,-5.139782906E0,-4.498506486E-1,8.341380119E0,9.808076071E0
2.059152480E1,2.172683001E0,-7.704889178E-1,1.193061352E1,1.215128567E1
2.059390037E1,1.110269666E0,-8.997012973E-1,8.499305725E0,8.618605396E0
2.059627589E1,-4.273581028E0,-9.092725813E-2,1.013121128E1,1.099605405E1
2.059865146E1,4.479363918E0,-1.048056364E0,1.095912743E1,1.188552048E1
2.060102704E1,-4.474578381E0,-4.259224236E-1,8.283951759E0,9.424813969E0
2.060340261E1,4.163511395E-1,-7.992027402E-1,1.177747345E1,1.181189884E1
2.060577818E1,3.402593851E0,-6.221339107E-1,9.102297783E0,9.737377493E0
2.060815375E1,-5.407779217E0,-3.972085714E-1,8.944371223E0,1.045961889E1
2.061052933E1,3.809373617E0,-9.858429432E-1,1.190190029E1,1.253548739E1
2.061290490E1,-2.589034081E0,-4.977070987E-1,8.216953278E0,8.629549872E0
2.061528047E1,-1.502692580E0,-4.450650215E-1,1.123669529E1,1.134546116E1
2.061765604E1,4.158725739E0,-1.014556766E0,9.681360245E0,1.058551186E1
2.062003162E1,-5.632704735E0,-1.770688742E-1,8.714659691E0,1.037805423E1
2.062240719E1,2.938386202E0,-7.944171429E-1,1.186361504E1,1.224788038E1
2.062478271E1,7.178468257E-2,-4.115654826E-1,8.451449394E0,8.461769085E0
2.062715828E1,-3.742374659E0,-4.881358147E-1,1.026042366E1,1.093251748E1
2.062953386E1,4.493721008E0,-9.332008362E-1,1.082512951E1,1.175788336E1
2.063190943E1,-4.943571568E0,-1.722832322E-1,8.331808090E0,9.689561776E0
2.063428500E1,1.694118381E0,-6.891329288E-1,1.169133186E1,1.183351943E1
2.063666058E1,2.258824587E0,-5.838487148E-1,8.719446182E0,9.026179123E0
2.063903615E1,-5.063212872E0,-2.775674164E-1,9.432506561E0,1.070912453E1
2.064141172E1,4.369294167E0,-8.039883971E-1,1.160040379E1,1.242201662E1
2.064378730E1,-3.139383316E0,-4.785645306E-1,8.236095428E0,8.827118416E0
2.064616282E1,-3.924229145E-1,-3.924229145E-1,1.133240795E1,1.134598878E1
2.064853844E1,3.838087559E0,-7.657032609E-1,9.260223389E0,1.005330567E1
2.065091401E1,-5.551348686E0,-3.828516230E-2,8.762516975E0,1.037307292E1
2.065328954E1,3.948157310E0,-9.619147182E-1,1.185404301E1,1.253122347E1
2.065566511E1,-7.417750359E-1,-2.871387303E-1,8.389236450E0,8.426859858E0
2.065804068E1,-2.737389088E0,-6.604190469E-1,1.056670475E1,1.093547903E1
2.066041625E1,4.570291042E0,-7.704889178E-1,1.043749237E1,1.142026534E1
2.066279183E1,-5.005784988E0,-1.052841991E-1,8.427521706E0,9.802657304E0
2.066516740E1,2.924029350E0,-6.604190469E-1,1.172483063E1,1.210197315E1
2.066754297E1,1.258624673E0,-7.034898400E-1,8.331808090E0,8.455652552E0
2.066991854E1,-4.627718925E0,-3.110669553E-1,9.925428391E0,1.095566857E1
2.067229412E1,4.761716843E0,-7.800601721E-1,1.132762241E1,1.231249247E1
2.067466969E1,-3.426522017E0,-1.770688742E-1,8.475378036E0,9.143546324E0
2.067704526E1,5.168496966E-1,-7.561319470E-1,1.129412270E1,1.133119926E1
2.067942084E1,3.177668571E0,-9.332008362E-1,8.915657043E0,9.510908572E0
2.068179636E1,-5.527420521E0,2.392822690E-2,9.231510162E0,1.075982017E1
2.068417193E1,4.627718925E0,-9.667003751E-1,1.182532978E1,1.273533339E1
2.068654750E1,-2.086541414E0,-2.727817893E-1,8.145168304E0,8.412599580E0
2.068892308E1,-2.076970100E0,-7.274180651E-1,1.091605663E1,1.113567395E1
2.069129865E1,4.311866283E0,-7.513462901E-1,1.003549862E1,1.094842202E1
2.069367422E1,-5.158925533E0,-4.785645381E-2,8.786444664E0,1.018913209E1
2.069604980E1,3.455235958E0,-8.087740541E-1,1.162433243E1,1.215392428E1
2.069842537E1,-1.148554832E-1,-8.901300430E-1,8.116454124E0,8.165926208E0
2.070080094E1,-4.292723656E0,-1.100698411E-1,1.055713367E1,1.139704625E1
2.070317646E1,4.814359188E0,-9.906286001E-1,1.088255692E1,1.194108221E1
2.070555209E1,-4.230510235E0,-1.052841991E-1,8.585447311E0,9.571740027E0
2.070792761E1,1.182054400E0,-8.853443861E-1,1.135155106E1,1.144721794E1
2.071030323E1,2.139183521E0,-7.752745152E-1,8.647661209E0,8.941990891E0
2.071267875E1,-5.393422127E0,-2.392822690E-2,9.690931320E0,1.109070443E1
2.071505433E1,4.871787071E0,-9.284151793E-1,1.166261768E1,1.267331508E1
2.071742990E1,-3.192025423E0,-5.168496966E-1,8.039883614E0,8.665788391E0
2.071980547E1,-1.387837172E0,-5.599204898E-1,1.128933716E1,1.138809626E1
2.072218105E1,3.766302824E0,-7.752745152E-1,9.513862610E0,1.026156271E1
2.072455662E1,-5.139782906E0,1.339980662E-1,9.121439934E0,1.047072062E1
2.072693219E1,3.795016766E0,-9.284151793E-1,1.161954689E1,1.225879182E1
2.072930776E1,-1.196411371E0,-8.374879360E-1,7.872386456E0,8.006700614E0
2.073168334E1,-3.603590965E0,-2.297109663E-1,1.107398319E1,1.164782120E1
2.073405886E1,5.053641319E0,-9.284151793E-1,1.052363396E1,1.171102545E1
2.073643443E1,-4.828716278E0,-1.052841991E-1,8.585447311E0,9.850760945E0
2.073881000E1,1.923829436E0,-1.004985452E0,1.152383423E1,1.172646028E1
2.074118558E1,1.320838094E0,-6.364908218E-1,8.461020470E0,8.587118331E0
2.074356110E1,-4.656432629E0,-9.092725813E-2,1.006421185E1,1.108958938E1
2.074593672E1,5.048855782E0,-8.901300430E-1,1.139462185E1,1.249482626E1
2.074831230E1,-3.828516245E0,-5.790630579E-1,8.082955360E0,8.962534129E0
2.075068787E1,-3.541377485E-1,-5.024927258E-1,1.161476135E1,1.163101860E1
2.075306344E1,3.507878065E0,-9.092726111E-1,9.159725189E0,9.850510177E0
2.075543901E1,-5.077569485E0,1.148554832E-1,9.384650230E0,1.067082769E1
2.075781459E1,4.106083870E0,-1.086341500E0,1.147597694E1,1.223675240E1
2.076019016E1,-2.057827473E0,-6.843472719E-1,8.087740898E0,8.373442418E0
2.076256568E1,-2.512463808E0,-4.594219327E-1,1.139940739E1,1.168203885E1
2.076494125E1,4.972285271E0,-7.657032609E-1,1.006421185E1,1.125159021E1
2.076731683E1,-5.187639713E0,-3.637090325E-1,8.518448830E0,9.980373766E0
2.076969240E1,2.641676188E0,-8.470591903E-1,1.178225899E1,1.210444502E1
2.077206797E1,2.632105052E-1,-7.226324677E-1,8.255238533E0,8.290985508E0
2.077444354E1,-4.005585194E0,-2.105683982E-1,1.054756260E1,1.128450834E1
2.077681912E1,4.962714195E0,-1.014556766E0,1.101177025E1,1.212092990E1
2.077919469E1,-4.532006264E0,-5.647061467E-1,8.126026154E0,9.321495312E0
2.078157026E1,5.647061467E-1,-6.604190469E-1,1.179661560E1,1.182857498E1
2.078394584E1,2.775674343E0,-8.805587292E-1,8.934800148E0,9.397361620E0
2.078632141E1,-5.134997368E0,-4.785645287E-3,9.561718941E0,1.085332622E1
2.078869698E1,4.220939159E0,-1.148554921E0,1.156690502E1,1.236643835E1
2.079107250E1,-3.220739365E0,-5.647061467E-1,8.049455643E0,8.688255937E0
2.079344808E1,-1.440479279E0,-6.460621357E-1,1.154776192E1,1.165517834E1
2.079582365E1,4.388436794E0,-7.609176040E-1,9.839286804E0,1.080041378E1
2.079819922E1,-5.565705299E0,-3.349951804E-1,8.638090134E0,1.028133738E1
2.080057480E1,3.120240688E0,-9.044869542E-1,1.185882950E1,1.229576495E1
2.080295037E1,-9.332008362E-1,-8.231309652E-1,8.260024071E0,8.353227283E0
2.080532594E1,-3.168097258E0,-2.727817893E-1,1.087777138E1,1.133301197E1
2.080770151E1,4.666004181E0,-1.048056364E0,1.052363396E1,1.155927718E1
2.081007709E1,-5.211567879E0,-4.259224236E-1,8.379665375E0,9.877279051E0
2.081245266E1,1.651047587E0,-7.752745152E-1,1.201196957E1,1.214966755E1
2.081482823E1,1.938186288E0,-6.029912829E-1,8.623732567E0,8.859397720E0
2.081720381E1,-4.809573650E0,-4.211367965E-1,9.647860527E0,1.078844603E1
2.081957933E1,4.335794449E0,-1.048056364E0,1.158126163E1,1.241060662E1
2.082195490E1,-3.962514400E0,-2.775674164E-1,8.236095428E0,9.143950566E0
2.082433047E1,9.092725813E-2,-6.556333899E-1,1.153819084E1,1.155716102E1
2.082670604E1,3.579662561E0,-8.614161611E-1,9.327222824E0,1.002761724E1
2.082908162E1,-5.489135265E0,-2.727817893E-1,8.997013092E0,1.054282981E1
2.083145719E1,3.809373617E0,-8.614161611E-1,1.182054424E1,1.244904138E1
2.083383276E1,-1.832902193E0,-5.072783828E-1,8.327022552E0,8.541438193E0
2.083620834E1,-2.139183521E0,-4.689932466E-1,1.094477081E1,1.116172339E1
2.083858391E1,4.417150497E0,-9.667003751E-1,1.006899738E1,1.103768257E1
2.084095948E1,-5.402993679E0,-1.004985496E-1,8.599804878E0,1.015672608E1
2.084333506E1,2.857030153E0,-9.332008362E-1,1.173440266E1,1.211320316E1
2.084571058E1,7.513462901E-1,-4.977070987E-1,8.575876236E0,8.623101926E0
2.084808615E1,-4.058227062E0,-5.120640397E-1,1.007856941E1,1.087699305E1
2.085046172E1,4.670789719E0,-7.513462901E-1,1.104048347E1,1.201137266E1
2.085283730E1,-4.666004181E0,-3.349951804E-1,8.226524353E0,9.463589156E0
2.085521287E1,1.593619823E0,-5.742774606E-1,1.182532978E1,1.194603881E1
2.085758844E1,2.598605394E0,-8.183453679E-1,8.638090134E0,9.057540521E0
2.085996401E1,-5.264209747E0,-1.483550072E-1,9.422935486E0,1.079470364E1
2.086233959E1,4.264009953E0,-9.092726111E-1,1.170090294E1,1.248678050E1
2.086471516E1,-2.555534601E0,-2.775674164E-1,8.360522270E0,8.746778458E0
2.086709073E1,-7.992027402E-1,-6.652047038E-1,1.113141060E1,1.117987139E1
2.086946631E1,3.890729666E0,-9.188438654E-1,9.379864693E0,1.019626956E1
2.087184183E1,-5.608776093E0,9.092725813E-2,8.920442581E0,1.053759616E1
2.087421740E1,4.034298897E0,-9.619147182E-1,1.186840057E1,1.257218277E1
2.087659297E1,-8.853443861E-1,-5.312066078E-1,8.087740898E0,8.153377704E0
2.087896855E1,-3.067598581E0,-6.364908218E-1,1.070070267E1,1.114990221E1
2.088134412E1,4.532006264E0,-7.704889178E-1,1.050449181E1,1.146634563E1
2.088371969E1,-4.919643402E0,-1.292124242E-1,8.628518105E0,9.933323298E0
2.088609526E1,2.684746981E0,-8.470591903E-1,1.162433243E1,1.196037123E1
2.088847084E1,1.004985452E0,-9.571290612E-1,8.169096947E0,8.286147279E0
2.089084641E1,-4.804787636E0,-2.392822690E-2,1.029870892E1,1.136441649E1
2.089322198E1,4.771288395E0,-1.000199914E0,1.115055370E1,1.216965245E1
2.089559756E1,-3.881158352E0,-1.962114573E-1,8.413164139E0,9.267319996E0
2.089797313E1,4.211367965E-1,-8.997012973E-1,1.137069321E1,1.141400379E1
2.090034865E1,2.880958557E0,-7.752745152E-1,8.934800148E0,9.419746624E0
2.090272422E1,-5.613562107E0,1.435693540E-2,9.370293617E0,1.092312630E1
2.090509980E1,4.599005222E0,-8.853443861E-1,1.172483063E1,1.262562224E1
2.090747537E1,-2.598605394E0,-6.699903607E-1,7.982456207E0,8.421475178E0
2.090985094E1,-2.038684845E0,-5.838487148E-1,1.131805134E1,1.151500766E1
2.091222651E1,4.091726780E0,-8.135597110E-1,9.781859398E0,1.063432559E1
2.091460209E1,-5.163711071E0,4.307080805E-2,8.973084450E0,1.035287456E1
2.091697766E1,3.397808075E0,-9.667003751E-1,1.162911797E1,1.215384688E1
2.091935323E1,-6.604190469E-1,-7.992027402E-1,7.886743546E0,7.954596287E0
2.092172881E1,-3.895515203E0,-2.297109663E-1,1.086341476E1,1.154303193E1
2.092410438E1,5.000999451E0,-9.284151793E-1,1.071984577E1,1.186537162E1
2.092647995E1,-4.752145767E0,-4.785645381E-2,8.484949112E0,9.725201338E0
2.092885547E1,1.674975872E0,-9.379864931E-1,1.146640587E1,1.162599787E1
2.093123104E1,1.488335729E0,-7.369893789E-1,8.398807526E0,8.561440559E0
2.093360662E1,-4.699503899E0,4.785645287E-3,1.013599682E1,1.117245682E1
2.093598219E1,5.010570526E0,-7.896314859E-1,1.128933716E1,1.237652893E1
2.093835776E1,-3.876372576E0,-6.891329288E-1,8.044670105E0,8.956443805E0
2.094073334E1,-4.019941986E-1,-4.977070987E-1,1.170090294E1,1.171838049E1
2.094310891E1,3.713660717E0,-8.039883971E-1,9.035298347E0,9.801749308E0
2.094548448E1,-5.048855782E0,1.196411327E-1,9.245866776E0,1.053524139E1
2.094786006E1,4.139583111E0,-1.057627559E0,1.158604717E1,1.234873327E1
2.095023558E1,-2.014756680E0,-5.455635786E-1,7.996813297E0,8.264738774E0
2.095261120E1,-2.282752752E0,-3.924229145E-1,1.127976608E1,1.151512391E1
2.095498678E1,5.015356064E0,-7.561319470E-1,1.002592659E1,1.123586828E1
2.095736230E1,-5.063212872E0,-2.153540403E-1,8.575876236E0,9.961333001E0
2.095973787E1,2.909672260E0,-8.183453679E-1,1.172483063E1,1.210815985E1
2.096211344E1,2.153540403E-1,-7.226324677E-1,8.274380684E0,8.308667206E0
2.096448901E1,-3.555734396E0,-1.435693651E-1,1.064327526E1,1.122244036E1
2.096686459E1,5.101497650E0,-8.231309652E-1,1.084427261E1,1.201253809E1
2.096924016E1,-4.608576298E0,-5.264210105E-1,8.082955360E0,9.319348793E0
2.097161573E1,1.186840057E0,-6.317051649E-1,1.188754272E1,1.196333201E1
2.097399131E1,2.837887764E0,-8.566305041E-1,8.791230202E0,9.277561708E0
2.097636688E1,-4.766502857E0,-3.349951655E-2,9.628718376E0,1.074396990E1
2.097874245E1,4.493721008E0,-1.095912814E0,1.139940739E1,1.230207471E1
2.098111797E1,-3.455235958E0,-4.642075896E-1,8.140382767E0,8.855505395E0
2.098349360E1,-5.934200287E-1,-6.317051649E-1,1.158604717E1,1.161842020E1
2.098586912E1,4.297509670E0,-6.699903607E-1,9.556933403E0,1.050011679E1
2.098824469E1,-5.374279499E0,-3.254238665E-1,8.666803360E0,1.020305157E1
2.099062026E1,3.680161238E0,-9.044869542E-1,1.189711380E1,1.248611229E1
2.099299584E1,-1.560120344E0,-6.843472719E-1,8.154739380E0,8.330791141E0
2.099537136E1,-2.411965132E0,-2.967100143E-1,1.114098263E1,1.140294289E1
2.099774698E1,4.599005222E0,-9.714859724E-1,1.024606609E1,1.127282149E1
2.100012256E1,-5.383851051E0,-3.637090325E-1,8.384450912E0,9.970815087E0
2.100249813E1,2.378465652E0,-8.374879360E-1,1.194497108E1,1.220822752E1
2.100487370E1,1.105484009E0,-6.221339107E-1,8.528019905E0,8.621848352E0
2.100724928E1,-4.311866283E0,-4.354937077E-1,1.000678444E1,1.090493377E1
2.100962480E1,4.398007870E0,-1.000199914E0,1.115055370E1,1.202820523E1
2.101200037E1,-4.608576298E0,-2.440679073E-1,8.384450912E0,9.570661510E0
2.101437594E1,9.762716293E-1,-7.274180651E-1,1.170090294E1,1.176407127E1
2.101675151E1,2.790031195E0,-8.853443861E-1,8.834300995E0,9.306609631E0
2.101912709E1,-5.426921844E0,-2.153540403E-1,9.489934921E0,1.093419969E1
2.102150266E1,4.091726780E0,-8.757730722E-1,1.158126163E1,1.231400940E1
2.102387823E1,-2.909672260E0,-5.120640397E-1,8.269595146E0,8.781492249E0
2.102625381E1,-1.167697430E0,-4.929214716E-1,1.138983536E1,1.146014129E1
2.102862938E1,3.976871252E0,-9.379864931E-1,9.509077072E0,1.034977634E1
2.103100495E1,-5.881557941E0,-8.614161611E-2,8.776873589E0,1.056568285E1
2.103338053E1,3.579662561E0,-9.954141974E-1,1.189232826E1,1.245922570E1
2.103575610E1,-6.460621357E-1,-3.445664644E-1,8.350951195E0,8.382989216E0
2.103813162E1,-3.225524902E0,-5.790630579E-1,1.057149029E1,1.106777899E1
2.104050719E1,4.445864677E0,-9.044869542E-1,1.049491978E1,1.143359744E1
2.104288276E1,-5.206781864E0,-1.531406492E-1,8.571090698E0,1.002983675E1
2.104525834E1,2.708675146E0,-6.891329288E-1,1.179183006E1,1.211854288E1
2.104763391E1,1.158126116E0,-8.709874153E-1,8.279166222E0,8.405026383E0
2.105000948E1,-4.795216560E0,-2.153540403E-1,1.005464077E1,1.114164621E1
2.105238506E1,4.541577339E0,-8.901300430E-1,1.132283688E1,1.223212537E1
2.105476063E1,-3.617947817E0,-2.201396823E-1,8.523234367E0,9.261939968E0
2.105713620E1,4.833501875E-1,-8.518448472E-1,1.135633659E1,1.139849323E1
2.105951178E1,2.995813847E0,-9.188438654E-1,8.858229637E0,9.396137875E0
2.106188730E1,-5.580062389E0,7.657032460E-2,9.327222824E0,1.086922467E1
2.106426287E1,4.675575256E0,-1.000199914E0,1.183011532E1,1.275982101E1
2.106663844E1,-2.407179594E0,-3.972085714E-1,8.011170387E0,8.374433666E0
2.106901401E1,-1.756331801E0,-8.183453679E-1,1.121276665E1,1.137895102E1
2.107138959E1,4.206582069E0,-7.752745152E-1,9.858428955E0,1.074639496E1
2.107376516E1,-5.245067120E0,-9.571290575E-3,8.906085968E0,1.033582062E1
2.107614073E1,3.756731510E0,-8.853443861E-1,1.162433243E1,1.224834563E1
2.107851631E1,-6.604190469E-1,-9.906286001E-1,7.920242786E0,8.009228685E0
2.108089188E1,-3.842873096E0,-1.818545163E-1,1.099741268E1,1.165091543E1
2.108326745E1,4.886143684E0,-9.284151793E-1,1.059063339E1,1.170033634E1
2.108564302E1,-4.613361835E0,-1.100698411E-1,8.609375954E0,9.768140924E0
2.108801860E1,1.789831281E0,-1.067198873E0,1.158604717E1,1.177195390E1
2.109039412E1,1.660618901E0,-7.944171429E-1,8.264809608E0,8.467339110E0
2.109276964E1,-5.082355499E0,-6.699903309E-2,1.004506969E1,1.125780847E1
2.109514526E1,4.934000492E0,-9.140582681E-1,1.159561825E1,1.263480217E1
2.109752084E1,-3.780659676E0,-5.264210105E-1,8.102097511E0,8.956254281E0
2.109989641E1,-4.737788737E-1,-6.843472719E-1,1.148076344E1,1.151089600E1
2.110227198E1,3.388236761E0,-8.757730722E-1,9.150154114E0,9.796552819E0
2.110464756E1,-5.206781864E0,1.004985496E-1,9.422935486E0,1.076626168E1
2.110702313E1,4.153940201E0,-9.714859724E-1,1.157169056E1,1.233300558E1
2.110939870E1,-2.206182480E0,-7.322037220E-1,7.886743546E0,8.222170466E0
2.111177428E1,-2.632104874E0,-3.445664644E-1,1.149033451E1,1.179298475E1
2.111414985E1,4.828716278E0,-9.092726111E-1,9.954142570E0,1.110082123E1
2.111652542E1,-5.192425251E0,-9.092725813E-2,8.776873589E0,1.019818894E1
2.111890094E1,2.794816732E0,-1.004985452E0,1.165783215E1,1.203021391E1
2.112127651E1,-9.092725813E-2,-5.982056856E-1,8.173882484E0,8.196247475E0
2.112365209E1,-3.866801500E0,-2.249253243E-1,1.063370419E1,1.131717323E1
2.112602766E1,5.067998409E0,-8.327022791E-1,1.087298584E1,1.202496661E1
2.112840323E1,-4.642076015E0,-4.929214716E-1,8.255238533E0,9.483712593E0
2.113077881E1,9.810572863E-1,-5.694918036E-1,1.181097221E1,1.186532170E1
2.113315438E1,2.359323025E0,-7.704889178E-1,8.614161491E0,8.964587916E0
2.113552995E1,-4.733003139E0,1.244267747E-1,9.686145782E0,1.078138307E1
2.113790552E1,4.565505505E0,-1.091127157E0,1.130369377E1,1.223960342E1
2.114028110E1,-3.455235958E0,-4.498506486E-1,8.164310455E0,8.876766660E0
2.114265667E1,-8.614161611E-1,-4.689932466E-1,1.167697430E1,1.171809375E1
2.114503224E1,4.307080746E0,-6.604190469E-1,9.422935486E0,1.038165743E1
2.114740776E1,-5.302495003E0,-2.249253243E-1,8.729017258E0,1.021581064E1
2.114978334E1,3.684946775E0,-9.140582681E-1,1.182054424E1,1.241529707E1
2.115215891E1,-1.512263894E0,-5.599204898E-1,8.130811691E0,8.289182819E0
2.115453448E1,-2.435893536E0,-3.349951804E-1,1.108833981E1,1.135768809E1
2.115691006E1,4.766502857E0,-8.518448472E-1,1.030349445E1,1.138451523E1
2.115928563E1,-5.206781864E0,-3.062812984E-1,8.331808090E0,9.829720834E0
2.116166120E1,2.502892494E0,-7.369893789E-1,1.181575775E1,1.210040311E1
2.116403678E1,1.057627559E0,-7.561319470E-1,8.489734650E0,8.588708052E0
2.116641235E1,-4.091726780E0,-2.009970993E-1,1.018385315E1,1.097695280E1
2.116878792E1,4.666004181E0,-9.810572863E-1,1.102612686E1,1.201289066E1
2.117116349E1,-4.555934429E0,-3.732803464E-1,8.231309891E0,9.415430912E0
2.117353901E1,9.427721500E-1,-7.848458290E-1,1.171047401E1,1.177454899E1
2.117591459E1,3.172882795E0,-6.604190469E-1,9.102297783E0,9.662047582E0
2.117829016E1,-5.173282623E0,-3.780659735E-1,9.154939651E0,1.052229571E1
2.118066573E1,4.249652863E0,-9.714859724E-1,1.169133186E1,1.247760294E1
2.118304131E1,-2.952743053E0,-6.077769399E-1,8.197810173E0,8.734539254E0
2.118541688E1,-8.614161611E-1,-4.163511395E-1,1.143769264E1,1.147763909E1
2.118779245E1,4.063013077E0,-9.332008362E-1,9.480362892E0,1.035645787E1
2.119016803E1,-5.661418438E0,-2.536391914E-1,8.690732002E0,1.037520189E1
2.119254360E1,3.574877024E0,-9.714859724E-1,1.198804188E1,1.254737737E1
2.119491917E1,-6.795616150E-1,-4.785645306E-1,8.279166222E0,8.320782495E0
2.119729474E1,-3.029313564E0,-6.317051649E-1,1.070548820E1,1.114375474E1
2.119967026E1,4.484149456E0,-9.906286001E-1,1.040877819E1,1.137680117E1
2.120204584E1,-5.321637630E0,-1.674975902E-1,8.475378036E0,1.000899173E1
2.120442141E1,2.723032236E0,-8.327022791E-1,1.190190029E1,1.223779098E1
2.120679698E1,1.158126116E0,-7.704889178E-1,8.317451477E0,8.432965572E0
2.120917256E1,-4.713860512E0,-3.637090325E-1,1.005942631E1,1.111507188E1
2.121154813E1,4.493721008E0,-8.327022791E-1,1.127019501E1,1.216158777E1
2.121392370E1,-3.962514400E0,-3.732803464E-1,8.379665375E0,9.276834071E0
2.121629928E1,6.269195080E-1,-7.417750359E-1,1.160519028E1,1.164575887E1
2.121867485E1,2.952743053E0,-9.906286001E-1,8.815158844E0,9.349174402E0
2.122105042E1,-5.733202934E0,4.785645287E-3,9.389435768E0,1.100141549E1
2.122342599E1,4.393222332E0,-1.105484009E0,1.175833035E1,1.260082655E1
2.122580157E1,-2.368894339E0,-2.919243574E-1,8.283951759E0,8.620947568E0
2.122817709E1,-1.651047587E0,-7.992027402E-1,1.111226845E1,1.126264592E1
2.123055266E1,4.077369690E0,-8.614161611E-1,9.633503914E0,1.049625548E1
2.123292823E1,-5.551348686E0,-1.435693651E-1,8.891729355E0,1.048336469E1
2.123530381E1,3.838087559E0,-8.231309652E-1,1.186840057E1,1.250069570E1
2.123767938E1,-6.508477330E-1,-7.465606928E-1,8.082955360E0,8.143409789E0
2.124005495E1,-3.766302824E0,-3.493520916E-1,1.071506023E1,1.136308055E1
2.124243052E1,4.651647091E0,-8.709874153E-1,1.061456108E1,1.162176177E1
2.124480610E1,-4.517649174E0,-6.699903309E-2,8.729017258E0,9.829007336E0
2.124718167E1,2.105684042E0,-8.135597110E-1,1.163390350E1,1.185088585E1
2.124955724E1,1.450050473E0,-9.954141974E-1,8.116454124E0,8.304837347E0
2.125193282E1,-5.130211830E0,3.349951655E-2,1.026999474E1,1.148011270E1
2.125430834E1,5.091926575E0,-9.571290612E-1,1.137069321E1,1.249545823E1
2.125668391E1,-3.751945972E0,-4.689932466E-1,8.178668022E0,9.010419738E0
2.125905948E1,-2.632105052E-1,-7.417750359E-1,1.164826107E1,1.167482317E1
2.126143506E1,3.349951744E0,-8.039883971E-1,9.044869423E0,9.678751826E0
2.126381063E1,-5.321637630E0,3.349951655E-2,9.312865257E0,1.072615535E1
2.126618620E1,4.283152580E0,-9.236295223E-1,1.166740322E1,1.246301671E1
2.126856172E1,-2.163111687E0,-8.087740541E-1,7.843672752E0,8.176574459E0
2.127093735E1,-2.608176708E0,-3.541377485E-1,1.151904774E1,1.181594093E1
2.127331292E1,4.680361271E0,-1.019342422E0,9.882357597E0,1.098206867E1
2.127568849E1,-5.178068161E0,-5.742774159E-2,8.867800713E0,1.026905922E1
2.127806407E1,2.943171740E0,-1.081555843E0,1.169611740E1,1.210913643E1
2.128043959E1,-4.307080805E-2,-7.369893789E-1,8.149953842E0,8.183321824E0
2.128281516E1,-4.144368649E0,-2.823530734E-1,1.066720295E1,1.144747717E1
2.128519073E1,5.139782906E0,-8.805587292E-1,1.097348499E1,1.214949073E1
2.128756625E1,-4.699503899E0,-5.407779217E-1,8.221738815E0,9.485502981E0
2.128994188E1,1.033699393E0,-6.987041831E-1,1.176790142E1,1.183385930E1
2.129231745E1,2.191825628E0,-8.662018180E-1,8.642875671E0,8.958443227E0
2.129469302E1,-4.857429981E0,-4.785645287E-3,9.796216011E0,1.093437228E1
2.129706860E1,4.622933388E0,-1.062413216E0,1.141854954E1,1.236460709E1
2.129944417E1,-3.474378586E0,-6.317051649E-1,7.977670670E0,8.724310132E0
2.130181974E1,-1.038485050E0,-4.929214716E-1,1.171525955E1,1.177152196E1
2.130419532E1,4.211368084E0,-8.853443861E-1,9.327222824E0,1.027212448E1
2.130657089E1,-5.307280540E0,-9.092725813E-2,8.958727837E0,1.041317910E1
2.130894641E1,3.713660717E0,-9.858429432E-1,1.154776192E1,1.217020820E1
2.131132198E1,-1.617548108E0,-5.790630579E-1,8.169096947E0,8.347809343E0
2.131369756E1,-2.699103832E0,-4.307080805E-1,1.113141060E1,1.146206669E1
2.131607313E1,5.072783947E0,-7.322037220E-1,1.026520920E1,1.147361230E1
2.131844870E1,-5.197210789E0,-4.067798555E-1,8.260024071E0,9.767521051E0
2.132082428E1,2.354537487E0,-6.317051649E-1,1.192582798E1,1.217243900E1
2.132319985E1,8.997012973E-1,-7.226324677E-1,8.327022552E0,8.406602447E0
2.132557542E1,-4.024727821E0,-9.571290575E-3,1.030349445E1,1.106166911E1
2.132795099E1,4.795216560E0,-1.038485050E0,1.087298584E1,1.192872056E1
2.133032657E1,-4.421936035E0,-3.349951804E-1,8.255238533E0,9.370949968E0
2.133270209E1,7.609176040E-1,-5.982056856E-1,1.174875927E1,1.178856183E1
2.133507766E1,3.349951744E0,-5.551348329E-1,8.915657043E0,9.540403130E0
2.133745323E1,-5.154139996E0,-2.919243574E-1,9.111868858E0,1.047265645E1
2.133982881E1,4.273581028E0,-8.805587292E-1,1.177747345E1,1.255976749E1
2.134220438E1,-2.885744095E0,-3.349951804E-1,8.054241180E0,8.562157540E0
2.134457995E1,-9.475577474E-1,-4.163511395E-1,1.130848026E1,1.135574479E1
2.134695553E1,4.398007870E0,-8.422735929E-1,9.552147865E0,1.054966478E1
2.134933110E1,-5.422136307E0,-1.100698411E-1,8.709874153E0,1.026029168E1
2.135170667E1,3.536591768E0,-7.609176040E-1,1.177747345E1,1.232052587E1
2.135408224E1,-4.689932466E-1,-5.264210105E-1,8.255238533E0,8.285290398E0
2.135645782E1,-2.938386202E0,-3.589234054E-1,1.069113159E1,1.109338696E1
2.135883339E1,4.718646049E0,-8.805587292E-1,1.040877819E1,1.146227149E1
2.136120896E1,-5.120640278E0,-1.292124242E-1,8.322237015E0,9.772271058E0
2.136358448E1,2.316252232E0,-7.800601721E-1,1.180618668E1,1.205651534E1
2.136596006E1,1.847259045E0,-3.589234054E-1,8.609375954E0,8.812635605E0
2.136833563E1,-4.646861553E0,-4.115654826E-1,9.533005714E0,1.061324203E1
2.137071120E1,4.541577339E0,-8.997012973E-1,1.138026428E1,1.228600026E1
2.137308678E1,-3.972085476E0,-3.110669553E-1,8.317451477E0,9.222484738E0
2.137546235E1,6.173482537E-1,-4.642075896E-1,1.150469112E1,1.153059085E1
2.137783792E1,3.239881754E0,-8.518448472E-1,8.915657043E0,9.524253983E0
2.138021349E1,-5.603990555E0,-7.657032460E-2,9.040083885E0,1.063643219E1
2.138258907E1,4.125226021E0,-9.332008362E-1,1.171525955E1,1.245534664E1
2.138496464E1,-1.842473388E0,-2.536391914E-1,8.346165657E0,8.550878446E0
2.138734016E1,-1.890329838E0,-7.034898400E-1,1.102612686E1,1.120909088E1
2.138971573E1,4.211368084E0,-8.853443861E-1,9.695717812E0,1.060784614E1
2.139209131E1,-5.570491314E0,6.699903309E-2,8.685946465E0,1.031894027E1
2.139446688E1,3.460021496E0,-8.135597110E-1,1.180140114E1,1.232504349E1
2.139684245E1,-2.871387079E-2,-7.034898400E-1,8.068597794E0,8.099258781E0
2.139921802E1,-3.952943087E0,-4.067798555E-1,1.053799057E1,1.126234763E1
2.140159360E1,4.584648132E0,-7.465606928E-1,1.083470058E1,1.178843027E1
2.140396917E1,-4.613361835E0,-1.627119333E-1,8.528019905E0,9.697252503E0
2.140634474E1,1.732403636E0,-7.082754970E-1,1.156211948E1,1.171262069E1
2.140872032E1,1.952543259E0,-9.284151793E-1,8.394021988E0,8.667986217E0
2.141109589E1,-5.364708424E0,2.871387079E-2,9.810572624E0,1.118160347E1
2.141347146E1,4.666004181E0,-1.081555843E0,1.153819084E1,1.249284619E1
2.141584704E1,-3.292523861E0,-1.962114573E-1,8.264809608E0,8.898667888E0
2.141822256E1,-5.551348329E-1,-7.992027402E-1,1.131805134E1,1.135980571E1
2.142059813E1,3.527020693E0,-8.327022791E-1,9.255437851E0,9.939637713E0
2.142297370E1,-5.589633465E0,7.178468257E-2,9.159725189E0,1.073078379E1
2.142534928E1,4.388436794E0,-8.327022791E-1,1.179661560E1,1.261395696E1
2.142772485E1,-1.765903115E0,-7.896314859E-1,7.891529083E0,8.125156181E0
2.143010042E1,-2.857030153E0,-3.445664644E-1,1.119362450E1,1.155761986E1
2.143247599E1,4.560719967E0,-8.901300430E-1,1.014078236E1,1.115472837E1
2.143485157E1,-4.967499733E0,1.914258115E-2,8.886942863E0,1.018106937E1
2.143722714E1,2.871387243E0,-1.052842021E0,1.153819084E1,1.193663223E1
2.143960271E1,4.402793646E-1,-8.135597110E-1,8.126026154E0,8.178510034E0
2.144197828E1,-4.575077057E0,-1.627119333E-1,1.060020447E1,1.154652069E1
2.144435381E1,5.139782906E0,-9.379864931E-1,1.106441212E1,1.223594714E1
2.144672938E1,-4.292723656E0,-1.435693651E-1,8.389236450E0,9.424827678E0
2.144910495E1,7.322037220E-1,-9.667003751E-1,1.159083271E1,1.165409949E1
2.145148047E1,2.522035122E0,-8.327022791E-1,8.719446182E0,9.114976466E0
2.145385610E1,-5.082355499E0,2.392822690E-2,9.834501266E0,1.107015470E1
2.145623167E1,4.819144726E0,-8.087740541E-1,1.157169056E1,1.256114222E1
2.145860724E1,-3.259024382E0,-9.284151793E-1,7.867600918E0,8.566349215E0
2.146098276E1,-1.593619823E0,-5.216353536E-1,1.174397373E1,1.186307914E1
2.146335839E1,4.469792843E0,-7.992027402E-1,9.619147301E0,1.063699995E1
2.146573396E1,-5.335994720E0,3.828516230E-2,8.872586250E0,1.035360286E1
2.146810943E1,3.426522017E0,-1.277767301E0,1.174397373E1,1.230018949E1
2.147048506E1,-1.014556766E0,-7.417750359E-1,8.178668022E0,8.274670160E0
2.147286063E1,-3.464807272E0,-3.445664644E-1,1.114098263E1,1.167240804E1
2.147523620E1,5.072783947E0,-8.518448472E-1,1.067198944E1,1.184694624E1
2.147761178E1,-5.077569485E0,-5.359922647E-1,8.317451477E0,9.759559347E0
2.147998735E1,1.746760488E0,-7.896314859E-1,1.198325539E1,1.213561287E1
2.148236292E1,1.555334687E0,-8.518448472E-1,8.528019905E0,8.710443682E0
2.148473849E1,-4.780859470E0,-1.148554832E-1,1.011206818E1,1.118587198E1
2.148711407E1,4.685146809E0,-1.105484009E0,1.137069321E1,1.234768640E1
2.148948964E1,-3.909872293E0,-5.742774606E-1,8.082955360E0,8.997280884E0
2.149186521E1,-5.886343718E-1,-6.604190469E-1,1.172961617E1,1.176293072E1
2.149424079E1,3.895515203E0,-8.949156404E-1,9.346364975E0,1.016515868E1
2.149661631E1,-5.345565796E0,0.000000000E0,9.145368576E0,1.059305622E1
2.149899188E1,3.838087559E0,-1.110269666E0,1.171047401E1,1.237331065E1
2.150136745E1,-2.191825628E0,-6.029912829E-1,8.015955925E0,8.332061417E0
2.150374303E1,-2.344966173E0,-4.546363056E-1,1.138504982E1,1.163292396E1
2.150611860E1,4.905286312E0,-6.556333899E-1,1.019820976E1,1.133557106E1
2.150849417E1,-5.498706341E0,-4.450650215E-1,8.255238533E0,9.928888031E0
2.151086974E1,2.522035122E0,-8.279166222E-1,1.201675510E1,1.230644182E1
2.151324532E1,5.551348329E-1,-6.269195080E-1,8.508877754E0,8.549982654E0
2.151562089E1,-3.909872293E0,-7.178468257E-2,1.022213840E1,1.094460451E1
2.151799646E1,4.594219685E0,-1.138983607E0,1.089691448E1,1.188052538E1
2.152037204E1,-4.670789719E0,-3.972085714E-1,8.327022552E0,9.555802208E0
2.152274756E1,9.571290612E-1,-6.364908218E-1,1.175354481E1,1.180961609E1
2.152512313E1,3.029313564E0,-5.742774606E-1,9.006584167E0,9.519721300E0
2.152749870E1,-5.221138954E0,-3.780659735E-1,9.207581520E0,1.059163742E1
2.152987428E1,4.249652863E0,-8.614161611E-1,1.166261768E1,1.244259774E1
2.153224985E1,-3.120240688E0,-3.637090325E-1,8.154739380E0,8.738876390E0
2.153462542E1,-1.019342422E0,-4.881358147E-1,1.140419292E1,1.146005898E1
2.153700099E1,4.292723656E0,-9.284151793E-1,9.523433685E0,1.048738386E1
2.153937657E1,-5.513063431E0,-1.483550072E-1,8.700303078E0,1.030102671E1
2.154175214E1,3.340380430E0,-7.513462901E-1,1.179183006E1,1.227884029E1
2.154412771E1,-5.934200287E-1,-4.546363056E-1,8.240880966E0,8.274718158E0
2.154650328E1,-3.239881754E0,-3.780659735E-1,1.060499001E1,1.109529543E1
2.154887881E1,4.584648132E0,-9.619147182E-1,1.048534870E1,1.148419853E1
2.155125438E1,-5.187639713E0,-3.349951655E-2,8.470592499E0,9.932958537E0
2.155362995E1,2.019542217E0,-8.757730722E-1,1.160519028E1,1.181211118E1
2.155600552E1,1.804188251E0,-7.082754970E-1,8.590232849E0,8.806182478E0
2.155838110E1,-4.871787071E0,-1.818545163E-1,9.781859398E0,1.092941689E1
2.156075667E1,4.426722050E0,-1.100698471E0,1.119362450E1,1.208737501E1
2.156313224E1,-3.881158352E0,-3.062812984E-1,8.480163574E0,9.331150660E0
2.156550782E1,1.627119333E-1,-3.780659735E-1,1.148554897E1,1.149292149E1
2.156788339E1,3.378665686E0,-5.934200287E-1,9.064012527E0,9.691431899E0
2.157025896E1,-5.781059742E0,-4.594219327E-1,8.618947029E0,1.038835734E1
2.157263448E1,3.952943087E0,-1.024128079E0,1.222253799E1,1.288662223E1
2.157501011E1,-1.517049551E0,-2.440679073E-1,8.322237015E0,8.462897696E0
2.157738563E1,-2.407179594E0,-3.062812984E-1,1.060499001E1,1.087906866E1
2.157976120E1,4.197010994E0,-1.134197950E0,9.982855797E0,1.088846712E1
2.158213678E1,-5.407779217E0,-6.699903309E-2,8.752944946E0,1.028895574E1
2.158451235E1,3.139383316E0,-7.465606928E-1,1.175833035E1,1.219308874E1
2.158688792E1,6.269195080E-1,-5.742774606E-1,8.164310455E0,8.208458313E0
2.158926349E1,-4.536791801E0,-4.115654826E-1,1.005942631E1,1.104282227E1
2.159163907E1,4.709074974E0,-7.944171429E-1,1.124626637E1,1.221822380E1
2.159401464E1,-4.034298897E0,-1.339980662E-1,8.398807526E0,9.318448955E0
2.159639021E1,8.566305041E-1,-5.790630579E-1,1.138026428E1,1.142714072E1
2.159876578E1,2.924029350E0,-1.071984529E0,8.623732567E0,9.168852810E0
2.160114131E1,-5.517848969E0,1.627119333E-1,9.552147865E0,1.103252742E1
2.160351688E1,4.603790760E0,-9.379864931E-1,1.167697430E1,1.258675640E1
2.160589245E1,-2.148754835E0,-3.589234054E-1,8.087740898E0,8.376008965E0
2.160826802E1,-1.756331801E0,-6.987041831E-1,1.109312534E1,1.125301377E1
2.161064360E1,4.541577339E0,-7.130611539E-1,9.939785004E0,1.095142488E1
2.161301917E1,-5.268995285E0,-1.004985496E-1,8.662017822E0,1.013917965E1
2.161539474E1,3.661018610E0,-8.087740541E-1,1.198804188E1,1.256066562E1
2.161777032E1,2.344966233E-1,-6.364908218E-1,8.102097511E0,8.130442381E0
2.162014589E1,-4.034298897E0,-2.727817893E-1,1.026999474E1,1.103733525E1
2.162252146E1,4.881358147E0,-9.427721500E-1,1.107876873E1,1.214312947E1
2.162489704E1,-3.900300980E0,-9.571290575E-3,8.595019341E0,9.438580232E0
2.162727256E1,1.440479279E0,-8.374879360E-1,1.144726372E1,1.156789580E1
2.162964813E1,2.507678032E0,-9.284151793E-1,8.523234367E0,8.932856650E0
2.163202370E1,-5.268995285E0,1.674975902E-1,9.777072906E0,1.110772350E1
2.163439928E1,5.053641319E0,-8.805587292E-1,1.161954689E1,1.270151740E1
2.163677485E1,-2.880958557E0,-5.934200287E-1,7.929814339E0,8.457778963E0
2.163915042E1,-1.354337573E0,-5.886343718E-1,1.148554897E1,1.158009309E1
2.164152599E1,4.149154663E0,-7.657032609E-1,9.600004196E0,1.048627038E1
2.164390157E1,-5.235496044E0,-2.871387079E-2,9.025727272E0,1.043431819E1
2.164627714E1,3.814159393E0,-1.009771109E0,1.171047401E1,1.235729142E1
2.164865271E1,-7.561319470E-1,-7.657032609E-1,7.996813297E0,8.068894591E0
2.165102823E1,-3.795016766E0,-2.344966233E-1,1.088255692E1,1.152767045E1
2.165340381E1,4.871787071E0,-1.014556766E0,1.074377346E1,1.184028306E1
2.165577938E1,-4.656432629E0,9.571290575E-3,8.595019341E0,9.775316563E0
2.165815495E1,1.727617979E0,-9.810572863E-1,1.145683479E1,1.162782012E1
2.166053053E1,1.574477315E0,-8.662018180E-1,8.417949677E0,8.607622271E0
2.166290610E1,-5.115854740E0,-4.785645381E-2,1.021256733E1,1.142238116E1
2.166528167E1,5.015356064E0,-8.757730722E-1,1.150469112E1,1.258088601E1
2.166765724E1,-3.881158352E0,-7.561319470E-1,7.915457249E0,8.848140433E0
2.167003282E1,-9.379864931E-1,-5.934200287E-1,1.171047401E1,1.176295744E1
2.167240839E1,3.708875179E0,-8.231309652E-1,9.403793335E0,1.014222011E1
2.167478396E1,-5.383851051E0,0.000000000E0,9.102297783E0,1.057533343E1
2.167715948E1,3.804588079E0,-1.110269666E0,1.181097221E1,1.245819625E1
2.167953506E1,-1.698904037E0,-7.226324677E-1,7.891529083E0,8.104610039E0
2.168191063E1,-3.282952785E0,-3.637090325E-1,1.112662506E1,1.160654335E1
2.168428620E1,4.871787071E0,-8.374879360E-1,1.051884842E1,1.162247252E1
2.168666178E1,-5.178068161E0,-2.009970993E-1,8.480163574E0,9.938106659E0
2.168903735E1,2.196611166E0,-8.949156404E-1,1.173918819E1,1.197641491E1
2.169141292E1,8.135597110E-1,-8.231309652E-1,8.370093346E0,8.449727014E0
2.169378849E1,-4.584648132E0,-1.962114573E-1,1.026999474E1,1.124856832E1
2.169616407E1,4.934000492E0,-8.135597110E-1,1.126540947E1,1.232540834E1
2.169853964E1,-4.235296249E0,-6.508477330E-1,8.102097511E0,9.165441679E0
2.170091521E1,-1.579262912E-1,-6.317051649E-1,1.174397373E1,1.176201136E1
2.170329073E1,3.536591768E0,-8.422735929E-1,9.212367058E0,9.903767614E0
2.170566631E1,-5.187639713E0,2.871387079E-2,9.164510727E0,1.053093952E1
2.170804188E1,4.077369690E0,-1.100698471E0,1.154776192E1,1.229582393E1
2.171041745E1,-2.407179594E0,-5.312066078E-1,8.087740898E0,8.455072258E0
2.171279302E1,-2.110469580E0,-4.833501875E-1,1.133240795E1,1.153738182E1
2.171516860E1,4.910071850E0,-6.795616150E-1,1.003549862E1,1.119293715E1
2.171754417E1,-5.288137913E0,-3.780659735E-1,8.427521706E0,9.956428002E0
2.171991974E1,2.857030153E0,-8.279166222E-1,1.192104244E1,1.228655038E1
2.172229532E1,1.196411327E-1,-5.790630579E-1,8.269595146E0,8.290707564E0
2.172467089E1,-3.684946775E0,-2.009970993E-1,1.042313576E1,1.105716924E1
2.172704646E1,4.943571568E0,-1.062413216E0,1.096869946E1,1.207807888E1
2.172942204E1,-4.608576298E0,-3.589234054E-1,8.197810173E0,9.411264162E0
2.173179756E1,1.033699393E0,-6.795616150E-1,1.162911797E1,1.169473057E1
2.173417313E1,2.818745136E0,-8.662018180E-1,8.958727837E0,9.431565839E0
2.173654870E1,-4.938786030E0,1.914258115E-2,9.494720459E0,1.070241517E1
2.173892422E1,4.421936035E0,-9.810572863E-1,1.135633659E1,1.222629840E1
2.174129985E1,-3.263810158E0,-5.455635786E-1,8.207381248E0,8.849361747E0
2.174367542E1,-8.614161611E-1,-6.029912829E-1,1.162433243E1,1.167179252E1
2.174605099E1,4.441078663E0,-6.125625968E-1,9.585647583E0,1.058220451E1
2.174842657E1,-5.556134224E0,-3.684946895E-1,8.542376518E0,1.019699036E1
2.175080214E1,3.359523058E0,-9.332008362E-1,1.196889877E1,1.246642679E1
2.175317771E1,-8.422735929E-1,-4.737788737E-1,8.384450912E0,8.439959024E0
2.175555328E1,-2.866601467E0,-3.110669553E-1,1.058584690E1,1.097152320E1
2.175792886E1,4.532006264E0,-1.076770186E0,1.047099209E1,1.146037478E1
2.176030438E1,-5.221138954E0,-2.392822653E-1,8.446663857E0,9.932959191E0
2.176267995E1,2.014756680E0,-8.566305041E-1,1.187318611E1,1.207334290E1
2.176505552E1,1.804188251E0,-5.742774606E-1,8.772088051E0,8.974097092E0
2.176743110E1,-4.761716843E0,-3.828516304E-1,9.628718376E0,1.074861574E1
2.176980667E1,4.345366001E0,-8.757730722E-1,1.142333508E1,1.225323502E1
2.177218224E1,-4.211368084E0,-4.354937077E-1,8.197810173E0,9.226557730E0
2.177455782E1,2.823530734E-1,-6.173482537E-1,1.178225899E1,1.180179940E1
2.177693339E1,3.378665686E0,-6.891329288E-1,9.226723671E0,9.850010950E0
2.177930896E1,-5.747560024E0,-3.302095234E-1,8.762516975E0,1.048452137E1
2.178168454E1,3.713660717E0,-9.188438654E-1,1.210768223E1,1.269769739E1
2.178406006E1,-2.000399828E0,-3.732803464E-1,8.327022552E0,8.572061729E0
2.178643563E1,-2.086541414E0,-5.407779217E-1,1.094477081E1,1.115500354E1
2.178881120E1,4.110869408E0,-1.067198873E0,1.002114105E1,1.088399875E1
2.179118678E1,-5.694917679E0,8.614161611E-2,8.681160927E0,1.038277722E1
2.179356235E1,2.943171740E0,-8.949156404E-1,1.179183006E1,1.218648391E1
2.179593792E1,2.536391914E-1,-6.939185858E-1,8.346165657E0,8.378802839E0
2.179831344E1,-4.130012035E0,-3.780659735E-1,1.043270683E1,1.122681189E1
2.180068907E1,4.522434711E0,-7.752745152E-1,1.087777138E1,1.180590430E1
2.180306464E1,-4.728217602E0,-3.349951804E-1,8.331808090E0,9.585785806E0
2.180544021E1,1.454836130E0,-6.269195080E-1,1.178225899E1,1.188828007E1
2.180781573E1,2.421536446E0,-7.178468108E-1,8.647661209E0,9.008950393E0
2.181019131E1,-5.493920803E0,-1.674975902E-1,9.370293617E0,1.086340756E1
2.181256688E1,4.345366001E0,-1.000199914E0,1.184447193E1,1.265599150E1
2.181494245E1,-2.708675146E0,-1.579262912E-1,8.288737297E0,8.721526686E0
2.181731803E1,-9.044869542E-1,-6.269195080E-1,1.111226845E1,1.116663041E1
2.181969360E1,3.818944931E0,-1.028913736E0,9.399007797E0,1.019727176E1
2.182206917E1,-5.627918720E0,1.339980662E-1,9.040083885E0,1.064962634E1
2.182444474E1,4.163511276E0,-8.135597110E-1,1.179183006E1,1.253171823E1
2.182682032E1,-9.236295223E-1,-6.556333899E-1,7.901100159E0,7.981875115E0
2.182919589E1,-3.206382275E0,-4.977070987E-1,1.086341476E1,1.133765320E1
2.183157146E1,4.766502857E0,-7.657032609E-1,1.058106136E1,1.163033579E1
2.183394704E1,-4.675575256E0,-8.614161611E-2,8.590232849E0,9.780619856E0
2.183632256E1,2.536391973E0,-8.374879360E-1,1.157169056E1,1.187597123E1
2.183869813E1,1.402194023E0,-9.188438654E-1,8.164310455E0,8.334649803E0
2.184107370E1,-4.828716278E0,-1.435693540E-2,1.014556789E1,1.123606937E1
2.184344928E1,5.091926575E0,-1.033699393E0,1.143290615E1,1.255816841E1
2.184582485E1,-3.632304668E0,-2.201396823E-1,8.274380684E0,9.039218682E0
2.184820042E1,1.866401732E-1,-8.422735929E-1,1.139940739E1,1.143200543E1
2.185057599E1,3.416950703E0,-7.704889178E-1,9.020941734E0,9.677117084E0
2.185295157E1,-5.388636589E0,-1.914258115E-2,9.274580956E0,1.072639840E1
2.185532714E1,4.622933388E0,-8.949156404E-1,1.173918819E1,1.264835667E1
2.185770271E1,-2.100898266E0,-6.029912829E-1,7.996813297E0,8.290138414E0
2.186007828E1,-2.383251429E0,-5.024927258E-1,1.117448139E1,1.143684487E1
2.186245386E1,4.512863636E0,-9.044869542E-1,9.973284721E0,1.098409955E1
2.186482943E1,-4.895715237E0,7.657032460E-2,8.963513374E0,1.021364101E1
2.186720495E1,3.230310678E0,-8.662018180E-1,1.156690502E1,1.204070199E1
2.186958052E1,-1.722832322E-1,-1.014556766E0,7.896314621E0,7.963089321E0
2.187195610E1,-4.249652863E0,-1.387837082E-1,1.084905815E1,1.165250502E1
2.187433167E1,5.240281582E0,-7.609176040E-1,1.082991505E1,1.205514855E1
2.187670724E1,-4.637290478E0,-2.153540403E-1,8.274380684E0,9.487687602E0
2.187908282E1,8.757730722E-1,-9.332008362E-1,1.166261768E1,1.173262518E1
2.188145839E1,2.287538528E0,-6.747759581E-1,8.614161491E0,8.938228757E0
2.188383396E1,-5.063212872E0,5.742774159E-2,9.724431038E0,1.096375764E1
2.188620954E1,4.603790760E0,-9.379864931E-1,1.156211948E1,1.248027704E1
2.188858511E1,-3.469592810E0,-6.939185858E-1,7.901100159E0,8.657192442E0
2.189096063E1,-1.344766378E0,-4.546363056E-1,1.164826107E1,1.173443977E1
2.189333620E1,4.048655987E0,-8.662018180E-1,9.399007797E0,1.027050478E1
2.189571178E1,-5.398207664E0,7.657032460E-2,9.025727272E0,1.051714133E1
2.189808735E1,3.574877024E0,-1.033699393E0,1.157169056E1,1.215534050E1
2.190046292E1,-1.435693622E0,-5.742774606E-1,8.068597794E0,8.215429455E0
2.190283849E1,-3.263810158E0,-3.684946895E-1,1.107398319E1,1.155081594E1
2.190521407E1,4.953142643E0,-6.508477330E-1,1.046142101E1,1.159303905E1
2.190758964E1,-5.125426292E0,-3.445664644E-1,8.260024071E0,9.727112541E0
2.190996521E1,1.919043779E0,-7.178468108E-1,1.182054424E1,1.199680371E1
2.191234078E1,1.172483087E0,-6.795616150E-1,8.370093346E0,8.479090941E0
2.191471631E1,-4.431507587E0,4.307080805E-2,1.014556789E1,1.107125388E1
2.191709188E1,4.804787636E0,-9.810572863E-1,1.119362450E1,1.222070730E1
2.191946745E1,-4.173082829E0,-4.498506486E-1,8.025527000E0,9.056824473E0
2.192184302E1,1.004985496E-1,-5.024927258E-1,1.172004509E1,1.173124272E1
2.192421860E1,3.574877024E0,-8.470591903E-1,9.035298347E0,9.753659377E0
2.192659417E1,-5.187639713E0,9.571290761E-2,9.226723671E0,1.058551824E1
2.192896974E1,4.130012035E0,-9.284151793E-1,1.149033451E1,1.224527424E1
2.193134532E1,-2.545963287E0,-5.168496966E-1,8.063812256E0,8.471961447E0
2.193372089E1,-1.603191137E0,-4.642075896E-1,1.142333508E1,1.154462190E1
2.193609646E1,4.833501816E0,-5.886343718E-1,9.877572060E0,1.101252287E1
2.193847204E1,-5.345565796E0,-3.541377485E-1,8.374878883E0,9.941784726E0
2.194084761E1,3.091526747E0,-8.183453679E-1,1.197846985E1,1.239802269E1
2.194322313E1,-9.571290575E-3,-5.264210105E-1,8.374878883E0,8.391412694E0
2.194559870E1,-3.273381472E0,-1.914258152E-1,1.035613632E1,1.086283709E1
2.194797428E1,4.833501816E0,-1.091127157E0,1.072941685E1,1.181836216E1
2.195034985E1,-4.828716278E0,-2.009970993E-1,8.408378601E0,9.698336529E0
2.195272542E1,1.651047587E0,-8.039883971E-1,1.176311588E1,1.190559745E1
2.195510099E1,2.579462767E0,-6.604190469E-1,8.858229637E0,9.249757499E0
2.195747657E1,-4.814359188E0,-3.206382394E-1,9.446864128E0,1.060773798E1
2.195985214E1,4.551148891E0,-9.667003751E-1,1.149990559E1,1.240545422E1
2.196222771E1,-3.589233875E0,-4.642075896E-1,8.197810173E0,8.961148371E0
2.196460329E1,-1.100698411E-1,-5.982056856E-1,1.160997581E1,1.162589798E1
2.196697886E1,3.852444410E0,-8.327022791E-1,9.293723106E0,1.009494974E1
2.196935438E1,-5.584847927E0,-2.632105052E-1,8.796015739E0,1.042255722E1
2.197172995E1,3.804588079E0,-9.714859724E-1,1.199282742E1,1.261929415E1
2.197410553E1,-1.373480201E0,-5.455635786E-1,8.303094864E0,8.433591868E0
2.197648110E1,-2.464607239E0,-5.742774606E-1,1.088734341E1,1.117758158E1
2.197885667E1,4.364508629E0,-1.105484009E0,1.028435135E1,1.122670536E1
2.198123224E1,-5.556134224E0,-2.871387079E-2,8.647661209E0,1.027878866E1
2.198360782E1,2.737389088E0,-9.140582681E-1,1.186361504E1,1.220959308E1
2.198598339E1,7.274180651E-1,-7.609176040E-1,8.394021988E0,8.459771733E0
2.198835896E1,-4.479363918E0,-4.689932466E-1,1.021735287E1,1.116597311E1
2.199073454E1,4.532006264E0,-8.709874153E-1,1.128455162E1,1.219175152E1
2.199311006E1,-4.603790760E0,-4.977070987E-1,8.398807526E0,9.590754380E0
2.199548563E1,9.619147182E-1,-7.082754970E-1,1.179661560E1,1.185694201E1
2.199786120E1,2.569891453E0,-9.092726111E-1,8.848658562E0,9.259042991E0
2.200023678E1,-5.757131100E0,-2.775674164E-1,9.293723106E0,1.093594492E1
2.200261235E1,4.110869408E0,-1.057627559E0,1.193061352E1,1.266322875E1
2.200498792E1,-2.675175667E0,-2.775674164E-1,8.528019905E0,8.942076494E0
2.200736349E1,-1.555334687E0,-7.704889178E-1,1.104048347E1,1.117609031E1
2.200973907E1,3.728017569E0,-1.014556766E0,9.590433121E0,1.033943170E1
2.201211464E1,-5.871986866E0,4.307080805E-2,9.006584167E0,1.075177396E1
2.201449021E1,3.790230989E0,-8.327022791E-1,1.194975662E1,1.256407288E1
2.201686578E1,-1.153340459E0,-6.987041831E-1,7.934599876E0,8.048369832E0
2.201924131E1,-3.680161238E0,-5.407779217E-1,1.079162979E1,1.141469671E1
2.202161688E1,4.441078663E0,-8.039883971E-1,1.061456108E1,1.153423097E1
2.202399245E1,-4.929214478E0,-1.004985496E-1,8.642875671E0,9.950203777E0
2.202636802E1,2.210968018E0,-7.992027402E-1,1.167697430E1,1.191129016E1
2.202874360E1,1.091127157E0,-1.052842021E0,8.173882484E0,8.313326029E0
2.203111917E1,-5.082355499E0,1.148554832E-1,1.018385315E1,1.138219637E1
2.203349474E1,4.847858906E0,-9.188438654E-1,1.129890823E1,1.232928779E1
2.203587032E1,-3.838087559E0,-3.302095234E-1,8.169096947E0,9.031838094E0
2.203824589E1,9.092725813E-2,-7.369893789E-1,1.165783215E1,1.168145845E1
2.204062146E1,3.196810961E0,-7.513462901E-1,8.958727837E0,9.541641684E0
2.204299698E1,-5.469992638E0,1.914258115E-2,9.193224907E0,1.069750298E1
2.204537256E1,4.546362877E0,-8.805587292E-1,1.182532978E1,1.269973321E1
2.204774813E1,-2.115255117E0,-5.934200287E-1,7.958528042E0,8.256186779E0
2.205012370E1,-2.244467735E0,-4.019941986E-1,1.122712421E1,1.145633244E1
2.205249928E1,4.488935471E0,-9.332008362E-1,9.848857880E0,1.086376578E1
2.205487485E1,-4.895715237E0,1.339980662E-1,8.949156761E0,1.020163663E1
2.205725042E1,3.460021496E0,-7.896314859E-1,1.162911797E1,1.215860400E1
2.205962599E1,-1.866401732E-1,-1.009771109E0,7.767102242E0,7.834688856E0
2.206200157E1,-3.818944931E0,-9.571290761E-2,1.098305607E1,1.162845742E1
2.206437714E1,5.522634506E0,-7.896314859E-1,1.079162979E1,1.214834488E1
2.206675271E1,-4.551148891E0,-1.052841991E-1,8.260024071E0,9.431438843E0
2.206912823E1,1.488335729E0,-1.115055323E0,1.168175983E1,1.182886319E1
2.207150381E1,2.297109842E0,-7.657032609E-1,8.604590416E0,8.938791380E0
2.207387938E1,-4.579862595E0,2.392822690E-2,9.949356079E0,1.095287178E1
2.207625495E1,5.130211830E0,-6.699903607E-1,1.141376400E1,1.253163873E1
2.207863052E1,-3.527020693E0,-6.795616150E-1,7.795815945E0,8.583497259E0
2.208100610E1,-8.087740541E-1,-6.412764788E-1,1.160040379E1,1.164623197E1
2.208338167E1,4.417150497E0,-8.231309652E-1,9.590433121E0,1.059080594E1
2.208575724E1,-5.154139996E0,1.866401732E-1,8.968298912E0,1.034554875E1
2.208813282E1,3.857230186E0,-1.100698471E0,1.158126163E1,1.225623853E1
2.209050839E1,-1.612762451E0,-6.077769399E-1,7.972885132E0,8.157039466E0
2.209288396E1,-2.732603550E0,-3.062812984E-1,1.135633659E1,1.168449020E1
2.209525948E1,5.254638672E0,-6.795616150E-1,1.030827999E1,1.159024020E1
2.209763506E1,-5.288137913E0,-4.354937077E-1,8.173882484E0,9.745071176E0
2.210001063E1,2.148754835E0,-7.417750359E-1,1.192582798E1,1.214054161E1
2.210238620E1,1.043270707E0,-5.312066078E-1,8.461020470E0,8.541631086E0
2.210476178E1,-4.398007870E0,-4.785645381E-2,1.001635551E1,1.093947628E1
2.210713735E1,4.675575256E0,-1.091127157E0,1.126540947E1,1.224585697E1
2.210951292E1,-4.273581028E0,-4.881358147E-1,8.102097511E0,9.173099556E0
2.211188849E1,9.571290575E-3,-5.647061467E-1,1.168654537E1,1.170018493E1
2.211426407E1,3.402593851E0,-8.327022791E-1,9.087940216E0,9.739696883E0
2.211663964E1,-5.431707382E0,-7.657032460E-2,9.221938133E0,1.070296459E1
2.211901516E1,3.976871252E0,-9.619147182E-1,1.154776192E1,1.225118730E1
2.212139079E1,-2.742174864E0,-5.647061467E-1,8.121239662E0,8.590282281E0
2.212376625E1,-2.048256159E0,-5.599204898E-1,1.138983536E1,1.158607844E1
2.212614188E1,4.555934429E0,-5.742774606E-1,1.000199890E1,1.100574010E1
2.212851745E1,-5.580062389E0,-4.929214716E-1,8.255238533E0,9.976423762E0
2.213089303E1,2.703889608E0,-9.140582681E-1,1.204546928E1,1.237900851E1
2.213326860E1,-2.871387079E-2,-6.077769399E-1,8.398807526E0,8.420818556E0
2.213564417E1,-3.737588882E0,-1.866401732E-1,1.035613632E1,1.101153780E1
2.213801974E1,4.517649174E0,-1.110269666E0,1.087298584E1,1.182639733E1
2.214039532E1,-4.953142643E0,-2.919243574E-1,8.250452042E0,9.627502312E0
2.214277089E1,1.292124271E0,-8.183453679E-1,1.166740322E1,1.176722449E1
2.214514646E1,2.660818815E0,-5.838487148E-1,9.030512810E0,9.432443888E0
2.214752204E1,-5.130211830E0,-3.397808075E-1,9.241081238E0,1.057507006E1
2.214989761E1,4.321437836E0,-9.236295223E-1,1.162433243E1,1.243595677E1
2.215227308E1,-3.507878065E0,-3.780659735E-1,8.193024635E0,8.920414513E0
2.215464870E1,-4.689932466E-1,-5.886343718E-1,1.150469112E1,1.152928285E1
2.215702428E1,4.067798615E0,-8.470591903E-1,9.351150513E0,1.023271766E1
2.215939985E1,-5.560919762E0,-2.297109663E-1,8.819944382E0,1.042919051E1
2.216177542E1,3.622733593E0,-9.714859724E-1,1.200718403E1,1.257936612E1
2.216415099E1,-8.614161611E-1,-4.594219327E-1,8.283951759E0,8.341280661E0
2.216652657E1,-2.708675146E0,-5.742774606E-1,1.060977554E1,1.096512894E1
2.216890214E1,4.646861553E0,-1.071984529E0,1.045663452E1,1.149276636E1
2.217127771E1,-5.201996326E0,0.000000000E0,8.595019341E0,1.004664736E1
2.217365323E1,2.723032236E0,-8.566305041E-1,1.178704453E1,1.212778376E1
2.217602881E1,1.287338614E0,-7.082754970E-1,8.417949677E0,8.545219227E0
2.217840438E1,-4.474578381E0,-3.206382394E-1,1.005942631E1,1.101438687E1
2.218077995E1,4.737788677E0,-8.949156404E-1,1.119841003E1,1.219228866E1
2.218315552E1,-4.139583111E0,-4.067798555E-1,8.379665375E0,9.355234362E0
2.218553110E1,8.805587292E-1,-6.221339107E-1,1.165304661E1,1.170281716E1
2.218790667E1,3.048455954E0,-9.714859724E-1,8.877371788E0,9.436344555E0
2.219028224E1,-5.627918720E0,-3.349951655E-2,9.322437286E0,1.088955593E1
2.219265782E1,4.211368084E0,-1.076770186E0,1.175833035E1,1.253608343E1
2.219503339E1,-2.177468538E0,-2.823530734E-1,8.446663857E0,8.727383502E0
2.219740896E1,-1.607976794E0,-7.369893789E-1,1.105484104E1,1.119545681E1
2.219978448E1,4.029513359E0,-9.858429432E-1,9.738788605E0,1.058550271E1
2.220216006E1,-5.647061348E0,-3.349951655E-2,8.901300430E0,1.054151666E1
2.220453563E1,3.771088600E0,-8.231309652E-1,1.193539906E1,1.254401867E1
2.220691120E1,-6.987041831E-1,-7.130611539E-1,8.068597794E0,8.130123867E0
2.220928678E1,-3.790230989E0,-4.402793646E-1,1.077248764E1,1.142830639E1
2.221166235E1,4.541577339E0,-8.757730722E-1,1.068634605E1,1.164435035E1
2.221403792E1,-4.771288395E0,-1.531406492E-1,8.628518105E0,9.861032891E0
2.221641349E1,1.904686809E0,-7.609176040E-1,1.167218876E1,1.185102603E1
2.221878907E1,1.397408366E0,-1.033699393E0,8.307880402E0,8.487765392E0
2.222116464E1,-5.340780258E0,2.871387079E-2,1.003071213E1,1.136397571E1
2.222354021E1,4.747360229E0,-1.095912814E0,1.152383423E1,1.251148310E1
2.222591573E1,-3.775874138E0,-1.387837082E-1,8.260024071E0,9.083197899E0
2.222829131E1,-2.967100143E-1,-8.327022791E-1,1.152861977E1,1.156246097E1
2.223066688E1,3.043670416E0,-9.619147182E-1,8.968298912E0,9.519432488E0
2.223304245E1,-5.599205017E0,4.307080805E-2,9.485149384E0,1.101458173E1
2.223541802E1,4.455435753E0,-8.135597110E-1,1.172004509E1,1.256472220E1
2.223779360E1,-2.493321180E0,-7.944171429E-1,7.791030407E0,8.218753184E0
2.224016917E1,-2.646461725E0,-3.684946895E-1,1.137069321E1,1.168042003E1
2.224254474E1,4.575077057E0,-8.231309652E-1,9.987641335E0,1.101643563E1
2.224492032E1,-5.115854740E0,4.785645381E-2,8.810373306E0,1.018807822E1
2.224729589E1,3.005385160E0,-1.033699393E0,1.171047401E1,1.213408736E1
2.224967141E1,-8.135596663E-2,-6.843472719E-1,7.944170952E0,7.974007907E0
2.225204698E1,-4.273581028E0,-1.579262912E-1,1.055713367E1,1.139041294E1
2.225442256E1,5.130211830E0,-8.422735929E-1,1.108833981E1,1.224662312E1
2.225679813E1,-4.532006264E0,-2.344966233E-1,8.226524353E0,9.395199432E0
2.225917370E1,1.138983607E0,-7.322037220E-1,1.162911797E1,1.170768084E1
2.226154928E1,2.187039852E0,-7.657032609E-1,8.499305725E0,8.809519999E0
2.226392485E1,-4.900500774E0,1.387837082E-1,9.839286804E0,1.099298565E1
2.226630042E1,4.890929699E0,-7.561319470E-1,1.135155106E1,1.238348256E1
2.226867599E1,-3.440878868E0,-7.274180651E-1,7.762316704E0,8.521874503E0
2.227105157E1,-1.019342422E0,-3.541377485E-1,1.174875927E1,1.179821244E1
2.227342714E1,4.287938118E0,-6.747759581E-1,9.355937004E0,1.031383988E1
2.227580271E1,-5.230710506E0,1.818545163E-1,8.815158844E0,1.025185002E1
2.227817823E1,3.876372576E0,-1.115055323E0,1.153340530E1,1.221838985E1
2.228055381E1,-1.521835208E0,-5.503492355E-1,8.006384850E0,8.168296336E0
2.228292938E1,-2.632104874E0,-3.158525825E-1,1.119841003E1,1.150791581E1
2.228530495E1,5.111069202E0,-5.838487148E-1,1.019342422E1,1.141795976E1
2.228768053E1,-5.187639713E0,-3.780659735E-1,8.202595711E0,9.712729589E0
2.229005610E1,2.483749866E0,-7.561319470E-1,1.184925747E1,1.213036073E1
2.229243167E1,9.284151793E-1,-4.785645306E-1,8.398807526E0,8.463506756E0
2.229480724E1,-4.058227062E0,-4.785645287E-3,1.007856941E1,1.086493402E1
2.229718282E1,4.847858906E0,-1.019342422E0,1.100219822E1,1.206603334E1
2.229955839E1,-4.249652863E0,-3.684946895E-1,8.178668022E0,9.224204486E0
2.230193391E1,5.407779217E-1,-5.886343718E-1,1.170090294E1,1.172817380E1
2.230430948E1,3.263810158E0,-7.657032609E-1,8.944371223E0,9.551991144E0
2.230668506E1,-5.154139996E0,-3.349951655E-2,9.260223389E0,1.059801956E1
2.230906063E1,4.292723656E0,-9.092726111E-1,1.160040379E1,1.240256510E1
2.231143620E1,-2.976671457E0,-4.307080805E-1,7.948956966E0,8.498941068E0
2.231381178E1,-1.220339537E0,-5.359922647E-1,1.142812061E1,1.150558373E1
2.231618735E1,4.517649174E0,-6.029912829E-1,9.824930191E0,1.083060505E1
2.231856292E1,-5.474778175E0,-3.062812984E-1,8.374878883E0,1.001027475E1
2.232093849E1,3.268595695E0,-8.039883971E-1,1.197368431E1,1.243781456E1
2.232331407E1,-6.795616150E-1,-5.407779217E-1,8.379665375E0,8.424549634E0
2.232568964E1,-2.991028309E0,-2.057827413E-1,1.057627583E1,1.099300720E1
2.232806516E1,4.608576298E0,-9.762716293E-1,1.038485050E1,1.140338554E1
2.233044073E1,-5.254638672E0,-1.866401732E-1,8.408378601E0,9.917000193E0
2.233281631E1,2.000399828E0,-8.279166222E-1,1.186840057E1,1.206424376E1
2.233519188E1,1.799402595E0,-4.402793646E-1,8.719446182E0,8.914058410E0
2.233756745E1,-4.713860512E0,-3.732803464E-1,9.580862045E0,1.068422841E1
2.233994302E1,4.431507587E0,-9.858429432E-1,1.139940739E1,1.227015218E1
2.234231860E1,-4.115654945E0,-2.009970993E-1,8.269595146E0,9.239330027E0
2.234469417E1,5.886343718E-1,-5.024927258E-1,1.162433243E1,1.165006840E1
2.234706974E1,3.125026464E0,-7.657032609E-1,8.953942299E0,9.514471850E0
2.234944532E1,-5.589633465E0,-1.818545163E-1,9.064012527E0,1.065051156E1
2.235182084E1,4.106083870E0,-9.858429432E-1,1.183011532E1,1.256118782E1
2.235419641E1,-2.167897224E0,-2.871387303E-1,8.441878319E0,8.720523870E0
2.235657198E1,-1.727617979E0,-3.589234054E-1,1.105005455E1,1.119004895E1
2.235894756E1,4.120440483E0,-1.091127157E0,9.667003632E0,1.056501526E1
2.236132313E1,-5.685346603E0,3.349951655E-2,8.896514893E0,1.055804269E1
2.236369870E1,3.541377544E0,-9.140582681E-1,1.182532978E1,1.237801607E1
2.236607428E1,-1.627119333E-1,-3.972085714E-1,8.202595711E0,8.213819222E0
2.236844985E1,-3.718446493E0,-5.838487148E-1,1.044706345E1,1.110445218E1
2.237082542E1,4.670789719E0,-8.183453679E-1,1.079641533E1,1.179188491E1
2.237320099E1,-4.862215519E0,-1.579262912E-1,8.489734650E0,9.784767493E0
2.237557657E1,2.191825628E0,-5.934200287E-1,1.173918819E1,1.195678830E1
2.237795214E1,1.856830359E0,-1.038485050E0,8.355736732E0,8.622331849E0
2.238032761E1,-5.134997368E0,6.221338734E-2,9.906285286E0,1.115825061E1
2.238270323E1,4.646861553E0,-9.954141974E-1,1.146162033E1,1.240777628E1
2.238507881E1,-3.282952785E0,-2.775674164E-1,8.389236450E0,9.012996776E0
2.238745438E1,-1.818545163E-1,-8.470591903E-1,1.132283688E1,1.135593304E1
2.238982995E1,3.584448338E0,-9.571290612E-1,9.140582085E0,9.864816611E0
2.239220552E1,-5.627918720E0,-2.871387079E-2,9.188439369E0,1.077505042E1
2.239458110E1,4.570291042E0,-9.667003751E-1,1.186361504E1,1.275019339E1
2.239695667E1,-1.942971945E0,-5.407779217E-1,8.001599312E0,8.251858717E0
2.239933224E1,-2.388036966E0,-5.886343718E-1,1.126540947E1,1.153077020E1
2.240170782E1,4.441078663E0,-9.475577474E-1,9.949356079E0,1.093666913E1
2.240408339E1,-4.967499733E0,-6.699903309E-2,8.963513374E0,1.024817615E1
2.240645891E1,3.268595695E0,-8.087740541E-1,1.172483063E1,1.219874938E1
2.240883448E1,-1.722832322E-1,-1.148554921E0,7.858029366E0,7.943392564E0
2.241121006E1,-4.230510235E0,-1.292124242E-1,1.090648556E1,1.169894610E1
2.241358563E1,5.106283665E0,-9.092726111E-1,1.087777138E1,1.205100907E1
2.241596120E1,-4.594219685E0,-1.244267747E-1,8.403593063E0,9.578241640E0
2.241833678E1,1.268195987E0,-1.177268744E0,1.167697430E1,1.180449116E1
2.242071235E1,1.995614052E0,-9.571290612E-1,8.456234932E0,8.741080065E0
2.242308792E1,-5.149354458E0,-5.264209956E-2,1.016471100E1,1.139473441E1
2.242546349E1,4.972285271E0,-8.422735929E-1,1.140897846E1,1.247388613E1
2.242783907E1,-3.790230989E0,-8.327022791E-1,7.953742504E0,8.849930161E0
2.243021459E1,-1.000199914E0,-6.747759581E-1,1.177747345E1,1.183911328E1
2.243259016E1,3.818944931E0,-7.274180651E-1,9.451649666E0,1.021993928E1
2.243496573E1,-5.426921844E0,1.531406492E-1,9.083154678E0,1.058199564E1
2.243734131E1,3.833301783E0,-1.225125194E0,1.172961617E1,1.240076730E1
2.243971688E1,-1.947757602E0,-7.178468108E-1,7.896314621E0,8.164609502E0
2.244209245E1,-2.880958557E0,-4.019941986E-1,1.142333508E1,1.178787961E1
2.244446803E1,4.857429981E0,-8.518448472E-1,1.024128056E1,1.136679784E1
2.244684360E1,-5.364708424E0,-2.536391914E-1,8.547162056E0,1.009447416E1
2.244921917E1,2.378465652E0,-8.853443861E-1,1.182532978E1,1.209460036E1
2.245159474E1,2.584248483E-1,-6.699903607E-1,8.216953278E0,8.248272040E0
2.245397026E1,-4.216153622E0,-1.483550072E-1,1.050927734E1,1.132443689E1
2.245634584E1,4.977071285E0,-8.518448472E-1,1.103569794E1,1.213604166E1
2.245872141E1,-4.742574692E0,-5.838487148E-1,8.039883614E0,9.352679966E0
2.246109698E1,6.364908218E-1,-5.503492355E-1,1.199282742E1,1.202230902E1
2.246347256E1,2.775674343E0,-7.178468108E-1,8.839086533E0,9.292422872E0
2.246584813E1,-5.082355499E0,5.742774159E-2,9.308079720E0,1.060537521E1
2.246822370E1,4.292723656E0,-1.091127157E0,1.157169056E1,1.239040182E1
2.247059928E1,-3.287738323E0,-3.828516304E-1,8.154739380E0,8.800884785E0
2.247297485E1,-9.619147182E-1,-6.795616150E-1,1.147119141E1,1.153149237E1
2.247535042E1,4.369294167E0,-5.120640397E-1,9.652647018E0,1.060785254E1
2.247772599E1,-5.465207100E0,-2.727817893E-1,8.528019905E0,1.013262168E1
2.248010157E1,3.584448338E0,-1.009771109E0,1.199282742E1,1.255769951E1
2.248247709E1,-1.205982566E0,-4.498506486E-1,8.255238533E0,8.354981915E0
2.248485266E1,-2.507678032E0,-2.009970993E-1,1.085862923E1,1.114624052E1
2.248722823E1,4.752145767E0,-9.714859724E-1,1.027478027E1,1.136212058E1
2.248960381E1,-5.225924492E0,-3.493520916E-1,8.360522270E0,9.865630558E0
2.249197938E1,2.593819857E0,-7.513462901E-1,1.206461143E1,1.236314166E1
2.249435495E1,1.301695466E0,-5.647061467E-1,8.446663857E0,8.565012226E0
2.249673052E1,-4.163511276E0,-3.302095234E-1,9.987641335E0,1.082574912E1
2.249910610E1,4.699503899E0,-1.076770186E0,1.119362450E1,1.218778078E1
2.250148167E1,-4.445864677E0,-1.914258152E-1,8.317451477E0,9.433045937E0
2.250385724E1,1.153340459E0,-7.561319470E-1,1.175833035E1,1.183892994E1
2.250623276E1,3.014956474E0,-8.135597110E-1,8.910871506E0,9.442217586E0
2.250860834E1,-5.197210789E0,-2.632105052E-1,9.327222824E0,1.068070060E1
2.251098391E1,4.383651257E0,-9.619147182E-1,1.166740322E1,1.250079902E1
2.251335948E1,-2.818745136E0,-4.019941986E-1,8.350951195E0,8.822998886E0
2.251573506E1,-9.284151793E-1,-5.455635786E-1,1.131805134E1,1.136916358E1
2.251811063E1,4.034298897E0,-1.129412293E0,9.446864128E0,1.033413671E1
2.252048620E1,-5.733202934E0,1.052841991E-1,8.906085968E0,1.059240614E1
2.252286178E1,3.598805189E0,-9.571290612E-1,1.183968639E1,1.241151356E1
2.252523735E1,-8.662018180E-1,-5.359922647E-1,8.370093346E0,8.431847716E0
2.252761292E1,-3.014956474E0,-6.317051649E-1,1.073898792E1,1.117205780E1
2.252998849E1,4.493721008E0,-8.901300430E-1,1.034177971E1,1.131097995E1
2.253236401E1,-5.532206059E0,-1.674975902E-1,8.547162056E0,1.018269800E1
2.253473959E1,2.823530674E0,-7.704889178E-1,1.195932770E1,1.231224990E1
2.253711516E1,6.652047038E-1,-6.317051649E-1,8.202595711E0,8.253734010E0
2.253949073E1,-4.737788677E0,-3.541377485E-1,1.013121128E1,1.118988370E1
2.254186631E1,4.474578381E0,-8.805587292E-1,1.128455162E1,1.217120950E1
2.254424188E1,-4.197010994E0,-1.579262912E-1,8.513663292E0,9.493276813E0
2.254661745E1,1.081555843E0,-5.359922647E-1,1.149033451E1,1.155356386E1
2.254899302E1,2.091326952E0,-1.205982566E0,8.312665939E0,8.656122538E0
2.255136860E1,-5.589633465E0,1.722832322E-1,9.896714211E0,1.136743753E1
2.255374417E1,4.704289436E0,-8.662018180E-1,1.155733299E1,1.250810100E1
2.255611969E1,-3.354737282E0,-3.158525825E-1,7.953742504E0,8.638057936E0
2.255849526E1,-9.762716293E-1,-7.130611539E-1,1.153340530E1,1.159659435E1
2.256087084E1,3.637090445E0,-7.130611539E-1,9.169296265E0,9.890039287E0
2.256324641E1,-5.493920803E0,1.052841991E-1,9.040083885E0,1.057910049E1
2.256562198E1,4.220939159E0,-8.374879360E-1,1.174875927E1,1.251203652E1
2.256799756E1,-1.866401672E0,-7.465606928E-1,7.843672752E0,8.097160633E0
2.257037313E1,-2.828316450E0,-2.632105052E-1,1.116969585E1,1.152522274E1
2.257274870E1,4.656432629E0,-8.135597110E-1,9.920642853E0,1.098924014E1
2.257512428E1,-5.005784988E0,1.244267747E-1,8.829515457E0,1.015055213E1
2.257749985E1,3.120240688E0,-9.427721500E-1,1.160997581E1,1.205886644E1
2.257987537E1,2.392822690E-2,-7.034898400E-1,7.939385414E0,7.970527666E0
2.258225094E1,-4.015156269E0,-7.178468257E-2,1.072941685E1,1.145630913E1
2.258462651E1,5.197210789E0,-7.130611539E-1,1.073420238E1,1.194749166E1
2.258700209E1,-4.474578381E0,-3.876372576E-1,8.212167740E0,9.360118232E0
2.258937766E1,1.521835208E0,-6.508477330E-1,1.185404301E1,1.196904009E1
2.259175323E1,1.957328916E0,-6.939185858E-1,8.475378036E0,8.726092616E0
2.259412881E1,-4.603790760E0,3.828516230E-2,9.853643417E0,1.087615022E1
2.259650438E1,4.996213913E0,-9.475577474E-1,1.136112213E1,1.244729349E1
2.259887995E1,-3.704089403E0,-6.699903607E-1,7.948956966E0,8.795173804E0
2.260125553E1,-1.483550072E-1,-4.929214716E-1,1.176311588E1,1.177437370E1
2.260363110E1,3.728017569E0,-8.135597110E-1,9.169296265E0,9.931565253E0
2.260600662E1,-5.087141037E0,7.657032460E-2,9.107083321E0,1.043186625E1
2.260838219E1,4.201796532E0,-1.091127157E0,1.160519028E1,1.239056471E1
2.261075776E1,-2.608176708E0,-5.312066078E-1,8.049455643E0,8.478119033E0
2.261313334E1,-1.603191137E0,-5.072783828E-1,1.149990559E1,1.162219350E1
2.261550891E1,4.685146809E0,-6.652047038E-1,9.801001549E0,1.088359910E1
2.261788448E1,-5.422136307E0,-3.302095234E-1,8.360522270E0,9.970302558E0
2.262026006E1,3.263810158E0,-8.327022791E-1,1.207418346E1,1.253522063E1
2.262263563E1,-1.052842021E0,-5.934200287E-1,8.121239662E0,8.210673377E0
2.262501120E1,-2.799602509E0,-2.344966233E-1,1.093519974E1,1.129032135E1
2.262738678E1,4.608576298E0,-1.057627559E0,1.030349445E1,1.133664631E1
2.262976235E1,-5.388636589E0,-2.249253243E-1,8.518448830E0,1.008225997E1
2.263213787E1,2.416750908E0,-8.327022791E-1,1.189232826E1,1.216394465E1
2.263451344E1,8.183453679E-1,-5.503492355E-1,8.413164139E0,8.470767630E0
2.263688901E1,-4.283152580E0,-3.206382394E-1,1.019820976E1,1.106578905E1
2.263926459E1,4.469792843E0,-9.858429432E-1,1.100698376E1,1.192076448E1
2.264164016E1,-4.876572609E0,-1.770688742E-1,8.384450912E0,9.701099469E0
2.264401573E1,1.469193101E0,-6.173482537E-1,1.184447193E1,1.195119921E1
2.264639131E1,2.062613010E0,-7.657032609E-1,8.523234367E0,8.802624495E0
2.264876688E1,-5.259424210E0,-1.914258152E-1,9.719645500E0,1.105304010E1
2.265114245E1,4.378865242E0,-8.757730722E-1,1.152383423E1,1.235881040E1
2.265351802E1,-3.704089403E0,-3.684946895E-1,8.384450912E0,9.173608000E0
2.265589354E1,-5.742774159E-2,-4.307080805E-1,1.160997581E1,1.161810423E1
2.265826912E1,3.158525944E0,-1.004985452E0,8.886942863E0,9.484937288E0
2.266064469E1,-5.766702652E0,1.292124242E-1,9.312865257E0,1.095449746E1
2.266302026E1,4.259224415E0,-1.000199914E0,1.170090294E1,1.249209839E1
2.266539584E1,-2.311466694E0,-3.541377485E-1,8.279166222E0,8.603074168E0
2.266777141E1,-1.708475351E0,-6.460621357E-1,1.137547874E1,1.152118922E1
2.267014698E1,4.034298897E0,-8.662018180E-1,9.422935486E0,1.028676754E1
2.267252256E1,-5.613562107E0,1.435693540E-2,8.925228119E0,1.054381253E1
2.267489813E1,4.043870449E0,-7.704889178E-1,1.195932770E1,1.264800618E1
2.267727370E1,-1.225125194E0,-7.130611539E-1,7.881958008E0,8.008411202E0
2.267964928E1,-3.187239647E0,-3.110669553E-1,1.115055370E1,1.160129765E1
2.268202480E1,4.603790760E0,-9.188438654E-1,1.008335495E1,1.112264404E1
2.268440037E1,-4.823930264E0,4.307080805E-2,8.863015175E0,1.009084715E1
2.268677594E1,2.924029350E0,-7.130611539E-1,1.165304661E1,1.203544345E1
2.268915151E1,2.153540403E-1,-1.043270707E0,7.867600918E0,7.939391370E0
2.269152709E1,-4.268795490E0,-1.004985496E-1,1.093519974E1,1.173930612E1
2.269390266E1,5.283352375E0,-8.279166222E-1,1.072463131E1,1.198403000E1
2.269627823E1,-4.627718925E0,-8.135596663E-2,8.331808090E0,9.531076922E0
2.269865381E1,1.521835208E0,-9.858429432E-1,1.170568848E1,1.184529491E1
2.270102938E1,1.660618901E0,-7.369893789E-1,8.240880966E0,8.438775242E0
2.270340495E1,-4.551148891E0,-3.828516230E-2,1.026042366E1,1.122455860E1
2.270578052E1,5.024927616E0,-6.556333899E-1,1.116012478E1,1.225675886E1
2.270815605E1,-4.144368649E0,-6.364908218E-1,7.814958572E0,8.868736638E0
2.271053162E1,-1.339980662E-1,-6.221339107E-1,1.190668583E1,1.192368121E1
2.271290719E1,3.407379389E0,-8.087740541E-1,9.016156197E0,9.672405199E0
2.271528271E1,-5.091926575E0,2.105683982E-1,9.308079720E0,1.061189914E1
2.271765834E1,4.197010994E0,-1.081555843E0,1.150469112E1,1.229400595E1
2.272003391E1,-3.129812002E0,-6.460621357E-1,7.972885132E0,8.589529485E0
2.272240948E1,-1.296909928E0,-4.881358147E-1,1.178225899E1,1.186346824E1
2.272478506E1,4.407579422E0,-6.699903607E-1,9.475577354E0,1.047197258E1
2.272716063E1,-5.556134224E0,-2.105683982E-1,8.595019341E0,1.023666567E1
2.272953620E1,3.421736479E0,-9.571290612E-1,1.192582798E1,1.244386393E1
2.273191172E1,-1.646261930E0,-4.450650215E-1,8.087740898E0,8.265580080E0
2.273428730E1,-2.455035925E0,-3.158525825E-1,1.112662506E1,1.139862928E1
2.273666287E1,4.517649174E0,-9.044869542E-1,1.007378292E1,1.107738024E1
2.273903844E1,-5.446064472E0,-2.967100143E-1,8.499305725E0,1.009880453E1
2.274141401E1,2.651247501E0,-7.609176040E-1,1.184925747E1,1.216605982E1
2.274378959E1,3.780659735E-1,-7.082754970E-1,8.298309326E0,8.337057379E0
2.274616516E1,-3.890729666E0,-2.249253243E-1,1.041356373E1,1.111893332E1
2.274854073E1,4.493721008E0,-9.667003751E-1,1.070548820E1,1.165055861E1
2.275091631E1,-5.048855782E0,-2.249253243E-1,8.370093346E0,9.777525184E0
2.275329188E1,1.732403636E0,-8.327022791E-1,1.185404301E1,1.200886968E1
2.275566745E1,2.067398787E0,-4.546363056E-1,8.662017822E0,8.916915648E0
2.275804297E1,-4.852644444E0,-3.349951804E-1,9.485149384E0,1.065966410E1
2.276041854E1,4.421936035E0,-1.052842021E0,1.133719349E1,1.221449757E1
2.276279412E1,-4.010370731E0,-2.919243574E-1,8.513663292E0,9.415453036E0
2.276516969E1,8.709874153E-1,-3.541377485E-1,1.158604717E1,1.162413531E1
2.276754526E1,2.947957516E0,-6.795616150E-1,8.738588333E0,9.247442001E0
2.276992084E1,-5.618347645E0,-3.349951804E-1,9.011369705E0,1.062463345E1
2.277229641E1,4.517649174E0,-1.024128079E0,1.206939697E1,1.292781249E1
2.277467198E1,-2.373680115E0,-3.014956415E-1,8.327022552E0,8.663980696E0
2.277704756E1,-1.009771109E0,-2.632105052E-1,1.125583744E1,1.130410518E1
2.277942313E1,3.804588079E0,-1.048056364E0,9.140582085E0,9.956081229E0
2.278179870E1,-5.575276852E0,-2.057827413E-1,8.953942299E0,1.054984081E1
2.278417422E1,4.532006264E0,-9.714859724E-1,1.198325539E1,1.284839583E1
2.278654980E1,-1.148554921E0,-3.589234054E-1,8.049455643E0,8.138902909E0
2.278892537E1,-2.857030153E0,-4.977070987E-1,1.111226845E1,1.148446097E1
2.279130094E1,4.465006828E0,-1.095912814E0,1.001635551E1,1.102110197E1
2.279367651E1,-4.790431023E0,-8.614161611E-2,9.035298347E0,1.022703603E1
2.279605209E1,3.436093330E0,-6.795616150E-1,1.172961617E1,1.224142299E1
2.279842766E1,1.866401732E-1,-4.546363056E-1,7.953742504E0,7.968911378E0
2.280080323E1,-4.512863636E0,-6.891329288E-1,1.030827999E1,1.127392916E1
2.280317881E1,5.182853699E0,-1.177268744E0,1.137547874E1,1.255585325E1
2.280555438E1,-4.192225456E0,-1.387837082E-1,8.575876236E0,9.546709821E0
2.280792990E1,1.531406522E0,-4.163511395E-1,1.160040379E1,1.170845516E1
2.281030547E1,1.737189293E0,-1.138983607E0,8.193024635E0,8.452263778E0
2.281268104E1,-5.240281582E0,-1.962114573E-1,1.005464077E1,1.133996698E1
2.281505662E1,5.268995285E0,-8.087740541E-1,1.155733299E1,1.272746529E1
2.281743219E1,-3.565305710E0,-4.929214716E-1,7.953742504E0,8.730200238E0
2.281980776E1,-1.052842021E0,-7.896314859E-1,1.178225899E1,1.185553124E1
2.282218334E1,3.694518089E0,-8.614161611E-1,9.212367058E0,9.962891574E0
2.282455891E1,-5.115854740E0,1.244267747E-1,9.293723106E0,1.060946469E1
2.282693448E1,4.082155228E0,-8.279166222E-1,1.180618668E1,1.251940418E1
2.282931006E1,-2.254039049E0,-1.033699393E0,7.580461979E0,7.975752647E0
2.283168563E1,-2.804388046E0,-4.307080805E-1,1.159561825E1,1.193769091E1
2.283406115E1,5.005784988E0,-8.231309652E-1,1.024128056E1,1.142887813E1
2.283643672E1,-5.402993679E0,9.571290761E-2,8.561519623E0,1.012428367E1
2.283881230E1,2.632104874E0,-1.052842021E0,1.166261768E1,1.200221245E1
2.284118787E1,-1.483550072E-1,-9.954141974E-1,8.116454124E0,8.178611507E0
2.284356344E1,-3.952943087E0,-2.775674164E-1,1.119362450E1,1.187434344E1
2.284593901E1,5.173282623E0,-7.513462901E-1,1.066241741E1,1.187495345E1
2.284831459E1,-4.986642361E0,-2.967100143E-1,8.082955360E0,9.502042213E0
2.285069016E1,7.752745152E-1,-1.091127157E0,1.185882950E1,1.193412947E1
2.285306573E1,2.493321180E0,-8.422735929E-1,8.910871506E0,9.291378063E0
2.285544131E1,-4.910071850E0,1.004985496E-1,9.638289452E0,1.081737163E1
2.285781683E1,4.398007870E0,-1.000199914E0,1.149033451E1,1.234385111E1
2.286019240E1,-3.780659676E0,-7.609176040E-1,7.958528042E0,8.843672980E0
2.286256797E1,-9.667003751E-1,-6.699903607E-1,1.186840057E1,1.192653885E1
2.286494355E1,4.412364960E0,-6.939185858E-1,9.619147301E0,1.060558732E1
2.286731912E1,-5.670989513E0,1.914258115E-2,8.662017822E0,1.035331064E1
2.286969469E1,3.349951744E0,-1.148554921E0,1.158604717E1,1.211519064E1
2.287207026E1,-1.430907965E0,-7.369893789E-1,8.240880966E0,8.396592764E0
2.287444584E1,-2.603390932E0,-3.254238665E-1,1.131805134E1,1.161816815E1
2.287682141E1,4.819144726E0,-6.412764788E-1,1.028435135E1,1.137555599E1
2.287919698E1,-5.541777134E0,-5.503492355E-1,8.059026718E0,9.796024180E0
2.288157256E1,2.081755638E0,-9.714859724E-1,1.207418346E1,1.229078508E1
2.288394813E1,1.531406522E0,-5.982056856E-1,8.815158844E0,8.967166856E0
2.288632365E1,-4.517649174E0,-1.435693540E-2,9.820143700E0,1.080946726E1
2.288869922E1,4.402793884E0,-6.125625968E-1,1.120798111E1,1.205730764E1
2.289107480E1,-4.613361835E0,-9.140582681E-1,7.752745152E0,9.067726690E0
2.289345037E1,5.168496966E-1,-9.858429432E-1,1.216989613E1,1.222069522E1
2.289582589E1,3.814159393E0,-3.014956415E-1,9.461220741E0,1.020555777E1
2.289820151E1,-5.728417397E0,2.249253243E-1,8.729017258E0,1.044323224E1
2.290057709E1,3.608376503E0,-1.249053478E0,1.142812061E1,1.204916828E1
2.290295266E1,-2.177468538E0,-8.614161611E-1,8.279166222E0,8.603952601E0
2.290532823E1,-1.584048629E0,-3.493520916E-1,1.176311588E1,1.187443271E1
2.290770375E1,4.541577339E0,-6.029912829E-1,9.657432556E0,1.068903769E1
2.291007933E1,-6.015556335E0,-9.092725813E-2,8.293522835E0,1.024586291E1
2.291245485E1,2.699103832E0,-1.292124271E0,1.193061352E1,1.230017421E1
2.291483047E1,1.009771109E0,-3.397808075E-1,8.863015175E0,8.926820637E0
2.291720604E1,-4.043870449E0,-1.914258152E-1,9.743574142E0,1.055115013E1
2.291958162E1,4.287938118E0,-1.062413216E0,1.102134132E1,1.187371466E1
2.292195719E1,-4.709074974E0,-3.589234054E-1,8.494520187E0,9.719109339E0
2.292433276E1,1.292124271E0,-7.034898400E-1,1.175354481E1,1.184526482E1
2.292670834E1,3.005385160E0,-5.216353536E-1,8.824729919E0,9.337039229E0
2.292908386E1,-5.647061348E0,-3.445664644E-1,8.939585686E0,1.057942438E1
2.293145943E1,4.086941242E0,-1.014556766E0,1.218903828E1,1.289593224E1
2.293383495E1,-2.249253273E0,-3.158525825E-1,8.384450912E0,8.686651843E0
2.293621058E1,-1.502692580E0,-3.732803464E-1,1.085862923E1,1.096846625E1
2.293858615E1,4.043870449E0,-9.332008362E-1,9.757930756E0,1.060381840E1
2.294096172E1,-5.781059742E0,-2.632105052E-1,8.729017258E0,1.047309285E1
2.294333730E1,3.469592810E0,-9.571290612E-1,1.201196957E1,1.253960060E1
2.294571287E1,3.828516304E-1,-3.110669553E-1,8.365307808E0,8.379839661E0
2.294808844E1,-4.187439442E0,-5.024927258E-1,1.007378292E1,1.092100043E1
2.295046401E1,4.455435753E0,-1.071984529E0,1.097827053E1,1.189632222E1
2.295283959E1,-4.484149456E0,-9.571290761E-2,8.633303642E0,9.728858570E0
2.295521516E1,1.560120344E0,-5.599204898E-1,1.159083271E1,1.170875268E1
2.295759068E1,2.464607239E0,-5.599204898E-1,8.681160927E0,9.041590282E0
2.295996625E1,-5.594419479E0,-4.259224236E-1,9.006584167E0,1.061119680E1
2.296234183E1,4.407579422E0,-9.762716293E-1,1.202154064E1,1.284123444E1
2.296471740E1,-2.373680115E0,-1.052841991E-1,8.432307243E0,8.760664786E0
2.296709297E1,-1.473978758E0,-5.216353536E-1,1.078205872E1,1.089483855E1
2.296946854E1,4.005585194E0,-1.100698471E0,9.580862045E0,1.044266093E1
2.297184412E1,-5.613562107E0,1.148554832E-1,8.973084450E0,1.058496650E1
2.297421969E1,3.756731510E0,-7.944171429E-1,1.176311588E1,1.237396563E1
2.297659526E1,-1.722832322E-1,-3.206382394E-1,8.044670105E0,8.052900564E0
2.297897084E1,-4.048655987E0,-6.221339107E-1,1.026042366E1,1.104784864E1
2.298134641E1,4.689932346E0,-7.465606928E-1,1.119362450E1,1.215936050E1
2.298372193E1,-4.407579422E0,-1.435693540E-2,8.427521706E0,9.510524937E0
2.298609750E1,1.512263894E0,-6.364908218E-1,1.135155106E1,1.146951499E1
2.298847308E1,2.340180635E0,-1.009771109E0,8.604590416E0,8.974132790E0
2.299084865E1,-5.493920803E0,1.914258152E-1,9.638289452E0,1.109578448E1
2.299322422E1,4.680361271E0,-8.566305041E-1,1.157647610E1,1.251616540E1
2.299559974E1,-2.593819857E0,-2.632105052E-1,8.025527000E0,8.438380464E0
2.299797537E1,-1.560120344E0,-7.465606928E-1,1.126540947E1,1.139740229E1
2.300035094E1,4.297509670E0,-6.556333899E-1,9.729216576E0,1.065627044E1
2.300272651E1,-5.484349728E0,9.571290575E-3,8.733802795E0,1.031297701E1
2.300510209E1,3.670589924E0,-8.183453679E-1,1.183490086E1,1.241804324E1
2.300747766E1,-2.344966233E-1,-6.652047038E-1,8.011170387E0,8.042159967E0
2.300985318E1,-4.010370731E0,-2.249253243E-1,1.045663452E1,1.120155660E1
2.301222875E1,4.718646049E0,-8.614161611E-1,1.084427261E1,1.185773616E1
2.301460433E1,-4.307080746E0,-1.435693540E-2,8.714659691E0,9.720928155E0
2.301697990E1,1.584048629E0,-8.231309652E-1,1.148554897E1,1.162345000E1
2.301935547E1,2.172683001E0,-9.810572863E-1,8.413164139E0,8.744389953E0
2.302173099E1,-5.426921844E0,8.614161611E-2,9.820143700E0,1.122025505E1
2.302410662E1,4.938786030E0,-8.374879360E-1,1.149033451E1,1.253478283E1
2.302648219E1,-3.196810961E0,-3.254238665E-1,8.063812256E0,8.680470558E0
2.302885776E1,-1.105484009E0,-7.465606928E-1,1.144247818E1,1.151997199E1
2.303123329E1,3.919443607E0,-7.657032609E-1,9.399007797E0,1.021223224E1
2.303360886E1,-5.345565796E0,6.221338734E-2,9.154939651E0,1.060150292E1
2.303598443E1,3.962514400E0,-8.327022791E-1,1.166740322E1,1.235002880E1
2.303836000E1,-1.464407444E0,-8.470591903E-1,7.838887215E0,8.019361022E0
2.304073558E1,-3.354737282E0,-2.679961324E-1,1.115533924E1,1.165193880E1
2.304311115E1,4.977071285E0,-8.087740541E-1,1.038006496E1,1.153997845E1
2.304548672E1,-4.953142643E0,-5.264209956E-2,8.566305161E0,9.895351299E0
2.304786230E1,2.268395901E0,-1.071984529E0,1.167218876E1,1.193879228E1
2.305023787E1,9.236295223E-1,-6.843472719E-1,8.269595146E0,8.349109328E0
2.305261344E1,-4.723432064E0,-1.052841991E-1,1.020778179E1,1.124814226E1
2.305498901E1,4.977071285E0,-8.135597110E-1,1.128455162E1,1.236018702E1
2.305736454E1,-4.187439442E0,-6.364908218E-1,8.011170387E0,9.061932499E0
2.305974011E1,1.339980662E-1,-6.843472719E-1,1.180140114E1,1.182198611E1
2.306211568E1,2.995813847E0,-6.987041831E-1,9.111868858E0,9.617132745E0
2.306449125E1,-5.178068161E0,5.742774159E-2,9.260223389E0,1.060977969E1
2.306686683E1,4.335794449E0,-1.153340459E0,1.171047401E1,1.254051472E1
2.306924240E1,-2.813959360E0,-5.647061467E-1,7.881958008E0,8.388237142E0
2.307161797E1,-1.866401672E0,-4.498506486E-1,1.149512005E1,1.165433849E1
2.307399354E1,4.479363918E0,-8.662018180E-1,9.858428955E0,1.086294749E1
2.307636912E1,-5.379065514E0,-1.914258115E-2,8.867800713E0,1.037172125E1
2.307874469E1,3.340380430E0,-1.028913736E0,1.163390350E1,1.214761358E1
2.308112026E1,-8.662018180E-1,-7.034898400E-1,8.221738815E0,8.297119542E0
2.308349578E1,-3.393022537E0,-4.067798555E-1,1.089691448E1,1.142019339E1
2.308587136E1,5.039284706E0,-6.317051649E-1,1.072941685E1,1.187071302E1
2.308824693E1,-5.139782906E0,-5.599204898E-1,8.169096947E0,9.667731078E0
2.309062250E1,1.698904037E0,-7.944171429E-1,1.196889877E1,1.211494578E1
2.309299808E1,1.698904037E0,-6.412764788E-1,8.752944946E0,8.939326355E0
2.309537365E1,-4.488935471E0,5.742774159E-2,9.891928673E0,1.086296886E1
2.309774922E1,4.551148891E0,-9.619147182E-1,1.125583744E1,1.217916716E1
2.310012480E1,-4.192225456E0,-6.173482537E-1,8.212167740E0,9.240972467E0
2.310250037E1,1.962114573E-1,-7.082754970E-1,1.200718403E1,1.202965591E1
2.310487589E1,3.675375462E0,-5.694918036E-1,9.102297783E0,9.832829228E0
2.310725151E1,-5.469992638E0,-2.392822690E-2,9.035298347E0,1.056210245E1
2.310962704E1,3.909872293E0,-1.205982566E0,1.173440266E1,1.242729661E1
2.311200261E1,-2.531606436E0,-4.737788737E-1,8.245666504E0,8.638548122E0
2.311437818E1,-1.344766378E0,-4.737788737E-1,1.139462185E1,1.148347814E1
2.311675375E1,4.374079704E0,-7.609176040E-1,9.906285286E0,1.085569238E1
2.311912933E1,-5.651846886E0,-2.775674164E-1,8.456234932E0,1.017488703E1
2.312150490E1,3.326023579E0,-8.853443861E-1,1.202632618E1,1.250914821E1
2.312388047E1,-2.440679073E-1,-5.120640397E-1,8.398807526E0,8.417941944E0
2.312625604E1,-3.306880951E0,-3.493520916E-1,1.056191921E1,1.107301431E1
2.312863162E1,4.613361835E0,-1.138983607E0,1.057627583E1,1.159474025E1
2.313100719E1,-5.206781864E0,-1.674975902E-1,8.499305725E0,9.968792837E0
2.313338271E1,2.258824587E0,-8.853443861E-1,1.183968639E1,1.208570631E1
2.313575828E1,1.674975872E0,-5.742774606E-1,8.542376518E0,8.723963282E0
2.313813386E1,-4.742574692E0,-4.929214716E-1,9.820143700E0,1.091651082E1
2.314050943E1,4.579862595E0,-9.332008362E-1,1.150469112E1,1.241788722E1
2.314288500E1,-4.034298897E0,-4.019941986E-1,8.288737297E0,9.227151939E0
2.314526058E1,6.843472719E-1,-5.934200287E-1,1.164826107E1,1.168342692E1
2.314763615E1,3.072384357E0,-1.086341500E0,8.858229637E0,9.438639510E0
2.315001172E1,-5.599205017E0,-8.614161611E-2,9.351150513E0,1.089965748E1
2.315238730E1,4.283152580E0,-1.048056364E0,1.166261768E1,1.246837878E1
2.315476287E1,-2.297109842E0,-4.115654826E-1,8.451449394E0,8.767730415E0
2.315713839E1,-1.421336651E0,-8.374879360E-1,1.125105190E1,1.137135668E1
2.315951396E1,4.005585194E0,-9.332008362E-1,9.437292099E0,1.029456452E1
2.316188954E1,-5.781059742E0,-8.614161611E-2,8.920442581E0,1.063025719E1
2.316426511E1,4.034298897E0,-1.038485050E0,1.205982590E1,1.275905245E1
2.316664068E1,-1.234696507E0,-5.168496966E-1,8.030312538E0,8.141101187E0
2.316901625E1,-3.163311481E0,-7.082754970E-1,1.097827053E1,1.144686060E1
2.317139183E1,4.297509670E0,-9.188438654E-1,1.026999474E1,1.117074999E1
2.317376740E1,-5.000999451E0,-1.196411327E-1,8.853444099E0,1.016896169E1
2.317614297E1,2.947957516E0,-7.561319470E-1,1.174397373E1,1.213190455E1
2.317851855E1,4.785645287E-3,-1.105484009E0,7.948956966E0,8.025461647E0
2.318089412E1,-4.503292084E0,-1.483550072E-1,1.071506023E1,1.162386186E1
2.318326964E1,4.991427898E0,-9.523434043E-1,1.082512951E1,1.195845890E1
2.318564521E1,-4.570291042E0,-1.579262912E-1,8.417949677E0,9.579894450E0
2.318802079E1,1.426122308E0,-1.028913736E0,1.176790142E1,1.189857101E1
2.319039636E1,1.646261930E0,-8.518448472E-1,8.283951759E0,8.488797014E0
2.319277193E1,-4.986642361E0,-2.871387079E-2,1.014556789E1,1.130486508E1
2.319514750E1,4.948357105E0,-7.800601721E-1,1.130848026E1,1.236836520E1
2.319752308E1,-4.110869408E0,-5.264210105E-1,7.987242222E0,8.998466796E0
2.319989865E1,-1.674975902E-1,-7.322037220E-1,1.174397373E1,1.176796910E1
2.320227422E1,3.259024382E0,-8.662018180E-1,9.140582085E0,9.742781243E0
2.320464980E1,-5.063212872E0,1.435693651E-1,9.399007797E0,1.067698854E1
2.320702532E1,4.273581028E0,-8.853443861E-1,1.154297638E1,1.234048756E1
2.320940089E1,-3.043670416E0,-7.465606928E-1,7.810173035E0,8.415467028E0
2.321177646E1,-1.598405480E0,-3.972085714E-1,1.186361504E1,1.197739690E1
2.321415204E1,4.608576298E0,-7.513462901E-1,9.528220177E0,1.061086596E1
2.321652761E1,-5.326423168E0,-1.004985496E-1,8.700303078E0,1.020177227E1
2.321890318E1,3.570091486E0,-9.475577474E-1,1.180618668E1,1.237050778E1
2.322127875E1,-1.646261930E0,-4.019941986E-1,8.097311974E0,8.272740711E0
2.322365433E1,-2.450250387E0,-3.349951804E-1,1.110269737E1,1.137478957E1
2.322602990E1,4.847858906E0,-7.465606928E-1,1.019342422E1,1.131216099E1
2.322840547E1,-5.225924492E0,-2.967100143E-1,8.341380119E0,9.847687339E0
2.323078104E1,2.756531715E0,-7.178468108E-1,1.200239849E1,1.233577483E1
2.323315657E1,1.196411327E-1,-6.747759581E-1,8.173882484E0,8.202560055E0
2.323553214E1,-3.440878868E0,-7.178468257E-2,1.064806080E1,1.119044231E1
2.323790771E1,4.694717884E0,-9.092726111E-1,1.057149029E1,1.160273931E1
2.324028328E1,-5.044070244E0,-2.919243574E-1,8.341380119E0,9.752255470E0
2.324265886E1,2.033899307E0,-7.369893789E-1,1.191147137E1,1.210632272E1
2.324503443E1,1.780260086E0,-4.689932466E-1,8.623732567E0,8.818052167E0
2.324741000E1,-4.503292084E0,-2.919243574E-1,9.781859398E0,1.077263351E1
2.324978558E1,4.469792843E0,-1.033699393E0,1.114576817E1,1.205303823E1
2.325216115E1,-4.417150497E0,-2.632105052E-1,8.417949677E0,9.510119612E0
2.325453667E1,1.445264935E0,-5.647061467E-1,1.182054424E1,1.192195244E1
2.325691224E1,2.478964329E0,-7.322037220E-1,8.451449394E0,8.837894732E0
2.325928782E1,-5.307280540E0,-2.632105052E-1,9.509077072E0,1.089307364E1
2.326166339E1,4.426722050E0,-8.518448472E-1,1.168175983E1,1.252138253E1
2.326403896E1,-3.182454109E0,-2.536391914E-1,8.379665375E0,8.967225813E0
2.326641454E1,-7.657032460E-2,-3.014956415E-1,1.144247818E1,1.144670562E1
2.326879011E1,3.215953588E0,-1.009771109E0,8.714659691E0,9.343836937E0
2.327116568E1,-5.670989513E0,-2.727817893E-1,9.150154114E0,1.076846564E1
2.327354125E1,4.713860512E0,-9.619147182E-1,1.201196957E1,1.293959712E1
2.327591678E1,-2.440679073E0,-2.009970993E-1,7.929814339E0,8.299353566E0
2.327829235E1,-1.679761529E0,-4.785645381E-2,1.137069321E1,1.149419649E1
2.328066792E1,3.885943890E0,-1.172483087E0,9.078369141E0,9.944448841E0
2.328304349E1,-5.307280540E0,-1.531406492E-1,9.193224907E0,1.061631118E1
2.328541907E1,4.383651257E0,-7.130611539E-1,1.166740322E1,1.248411601E1
2.328779464E1,-1.497906923E0,-3.493520916E-1,7.824530125E0,7.974273867E0
2.329017021E1,-3.254238844E0,-6.891329288E-1,1.101177025E1,1.150321949E1
2.329254578E1,4.847858906E0,-8.518448472E-1,1.023649502E1,1.135839803E1
2.329492136E1,-4.776073933E0,1.627119333E-1,8.781659126E0,9.997744465E0
2.329729693E1,3.120240688E0,-4.833501875E-1,1.168654537E1,1.210557194E1
2.329967250E1,-2.153540403E-1,-4.642075896E-1,7.685746193E0,7.702763179E0
2.330204808E1,-4.110869408E0,-6.652047038E-1,1.038963604E1,1.119313547E1
2.330442360E1,5.426921844E0,-7.561319470E-1,1.124626637E1,1.251006488E1
2.330679917E1,-4.579862595E0,6.699903309E-2,8.188239098E0,9.382264640E0
2.330917474E1,1.526620865E0,-3.445664644E-1,1.154297638E1,1.164858794E1
2.331155032E1,1.373480201E0,-1.177268744E0,8.030312538E0,8.231544753E0
2.331392589E1,-4.450650215E0,3.349951655E-2,1.054277611E1,1.144375540E1
2.331630146E1,5.216353416E0,-6.317051649E-1,1.102134132E1,1.220980585E1
2.331867704E1,-4.230510235E0,-2.871387079E-2,7.805387497E0,8.878181982E0
2.332105261E1,-2.344966233E-1,-8.327022791E-1,1.151426220E1,1.154671450E1
2.332342818E1,3.469592810E0,-9.762716293E-1,8.896514893E0,9.598914407E0
2.332580375E1,-5.067998409E0,2.919243574E-1,9.657432556E0,1.091035432E1
2.332817933E1,4.441078663E0,-6.699903607E-1,1.135155106E1,1.220777532E1
2.333055485E1,-3.335594654E0,-7.896314859E-1,7.714460373E0,8.441718334E0
2.333293042E1,-1.440479279E0,-6.795616150E-1,1.167697430E1,1.178509708E1
2.333530599E1,4.800002098E0,-5.216353536E-1,9.705288887E0,1.083996107E1
2.333768157E1,-5.575276852E0,2.153540403E-1,8.561519623E0,1.021908546E1
2.334005714E1,3.254238844E0,-9.044869542E-1,1.162911797E1,1.210968834E1
2.334243271E1,-1.311266780E0,-9.427721500E-1,7.915457249E0,8.078533490E0
2.334480829E1,-2.555534601E0,-1.866401732E-1,1.155733299E1,1.183797016E1
2.334718386E1,4.953142643E0,-6.556333899E-1,1.000199890E1,1.118049459E1
2.334955943E1,-5.680561066E0,-3.972085714E-1,8.102097511E0,9.903056738E0
2.335193500E1,2.225325108E0,-1.048056364E0,1.209332561E1,1.234094885E1
2.335431053E1,1.335195065E0,-4.929214716E-1,8.681160927E0,8.797060445E0
2.335668610E1,-4.197010994E0,-3.349951655E-2,9.887143135E0,1.074111833E1
2.335906167E1,4.407579422E0,-8.757730722E-1,1.099262714E1,1.187567204E1
2.336143724E1,-4.785645485E0,-6.795616150E-1,8.092526436E0,9.426197049E0
2.336381282E1,1.430907965E0,-7.800601721E-1,1.222253799E1,1.233071071E1
2.336618839E1,2.809173822E0,-5.982056856E-1,8.604590416E0,9.071288984E0
2.336856396E1,-5.441278458E0,7.178468257E-2,9.375079155E0,1.083996188E1
2.337093954E1,4.067798615E0,-1.320838094E0,1.155254745E1,1.231880479E1
2.337331511E1,-3.101098061E0,-4.259224236E-1,8.609375954E0,9.160762709E0
2.337569068E1,-3.206382394E-1,-4.689932466E-1,1.136590767E1,1.138009757E1
2.337806625E1,3.579662561E0,-7.992027402E-1,9.221938133E0,9.924558026E0
2.338044178E1,-5.958128452E0,-3.349951804E-1,8.743373871E0,1.058575000E1
2.338281735E1,4.053441525E0,-1.009771109E0,1.223210907E1,1.292573086E1
2.338519292E1,-1.196411371E0,-3.206382394E-1,8.327022552E0,8.418640843E0
2.338756849E1,-2.670390129E0,-1.818545163E-1,1.100219822E1,1.132309234E1
2.338994407E1,4.244867325E0,-9.571290612E-1,9.853643417E0,1.077168897E1
2.339231964E1,-5.498706341E0,-5.455635786E-1,8.575876236E0,1.020191473E1
2.339469521E1,3.498306751E0,-7.657032609E-1,1.235175037E1,1.286041169E1
2.339707078E1,3.541377485E-1,-4.450650215E-1,7.996813297E0,8.017014365E0
2.339944636E1,-4.512863636E0,-6.699903309E-2,1.017906761E1,1.113480330E1
2.340182193E1,4.407579422E0,-1.292124271E0,1.104048347E1,1.195778478E1
2.340419745E1,-4.043870449E0,-2.057827413E-1,8.863015175E0,9.744140431E0
2.340657302E1,1.560120344E0,-5.312066078E-1,1.145683479E1,1.157476650E1
2.340894860E1,2.100898266E0,-9.188438654E-1,8.528019905E0,8.830921304E0
2.341132417E1,-5.642275810E0,-2.249253243E-1,9.657432556E0,1.118712972E1
2.341369974E1,5.101497650E0,-9.044869542E-1,1.172483063E1,1.281854236E1
2.341607532E1,-3.072384357E0,-1.962114573E-1,8.269595146E0,8.824072102E0
2.341845084E1,-9.619147182E-1,-4.498506486E-1,1.155733299E1,1.160601531E1
2.342082646E1,3.603590965E0,-1.186840057E0,8.968298912E0,9.737804811E0
2.342320204E1,-5.268995285E0,-3.349951655E-2,9.566504478E0,1.092160434E1
2.342557761E1,4.498506546E0,-7.752745152E-1,1.175354481E1,1.260886304E1
2.342795313E1,-1.799402595E0,-4.689932466E-1,7.719245911E0,7.940060566E0
2.343032870E1,-3.129812002E0,-8.901300430E-1,1.105484104E1,1.152378259E1
2.343270428E1,4.919643402E0,-9.619147182E-1,1.075813103E1,1.186867955E1
2.343507985E1,-4.699503899E0,3.397808075E-1,8.695517540E0,9.890036055E0
2.343745542E1,2.579462767E0,-8.422735929E-1,1.138983536E1,1.170860378E1
2.343983099E1,2.009970993E-1,-1.196411371E0,8.020741463E0,8.111972240E0
2.344220657E1,-4.393222332E0,-1.722832322E-1,1.088734341E1,1.174156422E1
2.344458214E1,5.407779217E0,-8.566305041E-1,1.097827053E1,1.226785701E1
2.344695771E1,-4.570291042E0,-1.339980662E-1,8.260024071E0,9.441054673E0
2.344933328E1,4.450650215E-1,-1.076770186E0,1.157169056E1,1.163019945E1
2.345170881E1,2.622533560E0,-9.619147182E-1,8.800801277E0,9.233475257E0
2.345408438E1,-4.967499733E0,1.435693540E-2,9.958928108E0,1.112908391E1
2.345645995E1,4.804787636E0,-7.752745152E-1,1.153819084E1,1.252265478E1
2.345883552E1,-3.512663603E0,-5.168496966E-1,7.767102242E0,8.540129766E0
2.346121110E1,-1.622333765E0,-1.076770186E0,1.150947666E1,1.167302248E1
2.346358667E1,4.666004181E0,-9.475577474E-1,1.007856941E1,1.114661483E1
2.346596224E1,-5.292923450E0,6.221338734E-2,8.810373306E0,1.027820933E1
2.346833776E1,3.416950703E0,-8.662018180E-1,1.167218876E1,1.219286054E1
2.347071339E1,-1.584048629E0,-9.236295223E-1,7.953742504E0,8.162372288E0
2.347308896E1,-3.105883837E0,-5.120640397E-1,1.141854954E1,1.184449229E1
2.347546448E1,5.264209747E0,-7.561319470E-1,1.040399265E1,1.168446417E1
2.347784006E1,-5.340780258E0,-4.019941986E-1,8.193024635E0,9.788318843E0
2.348021563E1,1.794616938E0,-1.028913736E0,1.184447193E1,1.202376101E1
2.348259120E1,1.311266780E0,-6.987041831E-1,8.671588898E0,8.797957838E0
2.348496678E1,-4.354937077E0,-6.221338734E-2,9.968499184E0,1.087843387E1
2.348734235E1,4.608576298E0,-1.076770186E0,1.121276665E1,1.217064277E1
2.348971792E1,-4.412364960E0,-5.982056856E-1,8.121239662E0,9.261822079E0
2.349209349E1,1.722832322E-1,-6.460621357E-1,1.202154064E1,1.204012115E1
2.349446907E1,3.617947817E0,-7.178468108E-1,9.049654961E0,9.772466698E0
2.349684464E1,-5.446064472E0,-2.009970993E-1,9.040083885E0,1.055571574E1
2.349922021E1,3.991228104E0,-1.134197950E0,1.181097221E1,1.251860102E1
2.350159573E1,-2.756531715E0,-3.972085714E-1,8.130811691E0,8.594552956E0
2.350397131E1,-1.387837172E0,-5.599204898E-1,1.144247818E1,1.153992677E1
2.350634688E1,4.479363918E0,-8.087740541E-1,9.820143700E0,1.082377193E1
2.350872245E1,-5.575276852E0,-3.780659735E-1,8.499305725E0,1.017176699E1
2.351109803E1,3.254238844E0,-7.513462901E-1,1.204546928E1,1.249991688E1
2.351347360E1,-3.972085714E-1,-5.216353536E-1,8.288737297E0,8.314628318E0
2.351584917E1,-3.239881754E0,-4.689932466E-1,1.060499001E1,1.109876576E1
2.351822474E1,4.713860512E0,-1.071984529E0,1.055234814E1,1.160696700E1
2.352060032E1,-5.154139996E0,-1.148554832E-1,8.398807526E0,9.854862695E0
2.352297589E1,2.167897224E0,-8.374879360E-1,1.184447193E1,1.207032227E1
2.352535136E1,1.832902193E0,-6.029912829E-1,8.614161491E0,8.827621828E0
2.352772698E1,-4.656432629E0,-4.163511395E-1,9.767501831E0,1.082865666E1
2.353010256E1,4.622933388E0,-7.274180651E-1,1.140897846E1,1.233148165E1
2.353247813E1,-4.168296814E0,-3.589234054E-1,8.111668587E0,9.127030821E0
2.353485370E1,7.657032609E-1,-6.269195080E-1,1.178704453E1,1.182851420E1
2.353722928E1,3.158525944E0,-8.183453679E-1,8.872586250E0,9.453505278E0
2.353960485E1,-5.465207100E0,-1.004985496E-1,9.145368576E0,1.065440543E1
2.354198042E1,4.173082829E0,-8.853443861E-1,1.182532978E1,1.257127199E1
2.354435599E1,-2.469393015E0,-1.914258152E-1,8.260024071E0,8.623371925E0
2.354673157E1,-1.225125194E0,-5.551348329E-1,1.110748291E1,1.118862293E1
2.354910709E1,3.948157310E0,-9.284151793E-1,9.451649666E0,1.028511460E1
2.355148266E1,-5.723631859E0,2.871387079E-2,8.896514893E0,1.057869384E1
2.355385823E1,4.139583111E0,-8.422735929E-1,1.181575775E1,1.254821519E1
2.355623381E1,-1.316052437E0,-4.115654826E-1,8.020741463E0,8.138407324E0
2.355860938E1,-2.952743053E0,-6.939185858E-1,1.103569794E1,1.144494838E1
2.356098495E1,4.407579422E0,-7.034898400E-1,1.028913784E1,1.121552548E1
2.356336052E1,-5.067998409E0,-9.571290575E-3,8.595019341E0,9.977928490E0
2.356573610E1,3.053241730E0,-5.407779217E-1,1.165783215E1,1.206315780E1
2.356811167E1,8.135596663E-2,-8.709874153E-1,7.944170952E0,7.992189311E0
2.357048719E1,-4.412364960E0,-3.876372576E-1,1.061934662E1,1.150607447E1
2.357286282E1,5.029713154E0,-8.614161611E-1,1.095912743E1,1.208894231E1
2.357523834E1,-4.426722050E0,9.571290575E-3,8.528019905E0,9.608490163E0
2.357761391E1,1.368694544E0,-5.934200287E-1,1.149990559E1,1.159626235E1
2.357998948E1,1.651047587E0,-1.038485050E0,8.140382767E0,8.370796911E0
2.358236506E1,-4.943571568E0,-8.135596663E-2,1.023170948E1,1.136368767E1
2.358474063E1,5.192425251E0,-7.513462901E-1,1.134197903E1,1.249665113E1
2.358711620E1,-3.952943087E0,-3.014956415E-1,7.977670670E0,8.908416693E0
2.358949178E1,-3.206382394E-1,-8.327022791E-1,1.159083271E1,1.162512817E1
2.359186735E1,3.326023579E0,-7.704889178E-1,8.925228119E0,9.555929206E0
2.359424292E1,-4.996213913E0,1.435693651E-1,9.379864693E0,1.062848189E1
2.359661849E1,4.431507587E0,-8.183453679E-1,1.165783215E1,1.249851987E1
2.359899401E1,-2.842673302E0,-7.657032609E-1,7.743174076E0,8.283950613E0
2.360136959E1,-1.684547186E0,-5.168496966E-1,1.156690502E1,1.170034720E1
2.360374516E1,4.776073933E0,-8.087740541E-1,9.638289452E0,1.078710440E1
2.360612073E1,-5.235496044E0,1.866401732E-1,8.757730484E0,1.020505250E1
2.360849631E1,3.488735437E0,-1.119840980E0,1.157169056E1,1.213792986E1
2.361087188E1,-1.359123230E0,-6.317051649E-1,8.097311974E0,8.234848424E0
2.361324745E1,-2.531606436E0,-3.541377485E-1,1.153819084E1,1.181796482E1
2.361562302E1,5.182853699E0,-6.460621357E-1,1.004028416E1,1.131753837E1
2.361799860E1,-5.316852093E0,1.052841991E-1,8.384450912E0,9.928696694E0
2.362037417E1,2.469393015E0,-1.339980721E0,1.156211948E1,1.189857374E1
2.362274969E1,7.417750359E-1,-1.019342422E0,8.499305725E0,8.592292301E0
2.362512526E1,-3.431307554E0,4.977070987E-1,1.102134132E1,1.155385427E1
2.362750084E1,4.761716843E0,-1.009771109E0,1.026999474E1,1.136513866E1
2.362987641E1,-5.087141037E0,-7.992027402E-1,8.307880402E0,9.774385184E0
2.363225198E1,1.607976794E0,-5.982056856E-1,1.232303619E1,1.244189135E1
2.363462756E1,2.742174864E0,-2.679961324E-1,8.465806961E0,8.902877760E0
2.363700313E1,-5.216353416E0,-6.029912829E-1,9.355937004E0,1.072881628E1
2.363937870E1,4.340580463E0,-9.379864931E-1,1.183490086E1,1.264062244E1
2.364175428E1,-3.728017569E0,-3.589234054E-1,7.992027760E0,8.826066435E0
2.364412985E1,2.153540403E-1,-6.029912829E-1,1.177268696E1,1.179008626E1
2.364650537E1,3.359523058E0,-8.997012973E-1,9.049654961E0,9.694952940E0
2.364888094E1,-5.666203976E0,-1.722832322E-1,9.202795982E0,1.080865407E1
2.365125651E1,3.919443607E0,-8.566305041E-1,1.186840057E1,1.252815973E1
2.365363209E1,-2.225325108E0,-4.498506486E-1,8.121239662E0,8.432613539E0
2.365600766E1,-1.741974831E0,-4.115654826E-1,1.135155106E1,1.149180464E1
2.365838323E1,3.938585997E0,-1.119840980E0,9.475577354E0,1.032245463E1
2.366075881E1,-5.857629776E0,-9.092725813E-2,8.934800148E0,1.068413534E1
2.366313438E1,3.579662561E0,-9.332008362E-1,1.194018459E1,1.250011424E1
2.366550995E1,-8.901300430E-1,-3.254238665E-1,8.193024635E0,8.247659357E0
2.366788553E1,-3.455235958E0,-6.077769399E-1,1.088255692E1,1.143407597E1
2.367026110E1,4.345366001E0,-9.571290612E-1,1.026042366E1,1.118367540E1
2.367263667E1,-5.383851051E0,-2.201396823E-1,8.547162056E0,1.010387514E1
2.367501219E1,2.813959360E0,-7.322037220E-1,1.196889877E1,1.231702186E1
2.367738771E1,3.684946895E-1,-7.752745152E-1,8.068597794E0,8.114130222E0
2.367976334E1,-4.670789719E0,-2.871387303E-1,1.043270683E1,1.143416359E1
2.368213891E1,4.603790760E0,-9.140582681E-1,1.091127110E1,1.187797242E1
2.368451448E1,-4.398007870E0,-9.092725813E-2,8.580661774E0,9.642535842E0
2.368689006E1,1.229910851E0,-7.657032609E-1,1.163868904E1,1.172851503E1
2.368926563E1,1.823330879E0,-9.619147182E-1,8.231309891E0,8.485533450E0
2.369164120E1,-5.359922886E0,-7.178468257E-2,1.006421185E1,1.140273153E1
2.369401678E1,5.044070244E0,-8.949156404E-1,1.137547874E1,1.247577794E1
2.369639230E1,-3.804588079E0,-2.679961324E-1,8.087740898E0,8.941938560E0
2.369876787E1,-3.158525825E-1,-9.284151793E-1,1.172961617E1,1.177054005E1
2.370114344E1,3.134597778E0,-8.470591903E-1,8.757730484E0,9.340292058E0
2.370351901E1,-5.139782906E0,5.742774159E-2,9.614361763E0,1.090213825E1
2.370589459E1,4.637290478E0,-7.322037220E-1,1.164347458E1,1.255432537E1
2.370827016E1,-2.933600664E0,-2.727817893E-1,7.824530125E0,8.360842926E0
2.371064573E1,-1.785045743E0,-1.205982566E0,1.137069321E1,1.157296186E1
2.371302131E1,4.613361835E0,-1.009771109E0,9.858428955E0,1.093121066E1
2.371539688E1,-5.091926575E0,7.704889178E-1,9.049654961E0,1.041237842E1
2.371777245E1,3.747160196E0,-1.138983607E0,1.126062298E1,1.192225327E1
2.372014802E1,-1.741974831E0,-1.043270707E0,8.011170387E0,8.264486739E0
2.372252354E1,-2.584248543E0,-3.541377485E-1,1.182054424E1,1.210491719E1
2.372489912E1,5.393422127E0,-7.609176040E-1,9.877572060E0,1.127982392E1
2.372727469E1,-5.398207664E0,1.100698411E-1,8.556734085E0,1.011782880E1
2.372965026E1,2.565105915E0,-1.019342422E0,1.146162033E1,1.178929887E1
2.373202584E1,3.637090325E-1,-9.858429432E-1,8.216953278E0,8.283869370E0
2.373440141E1,-3.479164124E0,-1.387837082E-1,1.126062298E1,1.178666508E1
2.373677698E1,5.288137913E0,-6.795616150E-1,1.043270683E1,1.171612472E1
2.373915256E1,-5.134997368E0,-1.962114573E-1,8.049455643E0,9.549891782E0
2.374152813E1,1.162911773E0,-1.062413216E0,1.178704453E1,1.189182510E1
2.374390365E1,2.809173822E0,-7.274180651E-1,9.044869423E0,9.498960863E0
2.374627922E1,-4.618147850E0,3.349951655E-2,9.580862045E0,1.063585113E1
2.374865480E1,4.326223373E0,-1.057627559E0,1.128455162E1,1.213160707E1
2.375103037E1,-3.986442566E0,-6.125625968E-1,8.207381248E0,9.144838119E0
2.375340594E1,1.962114573E-1,-3.828516304E-1,1.207418346E1,1.208184508E1
2.375578151E1,3.847658873E0,-3.254238665E-1,8.848658562E0,9.654487963E0
2.375815709E1,-5.709274769E0,-5.024927258E-1,8.700303078E0,1.041842555E1
2.376053266E1,3.967299938E0,-9.906286001E-1,1.214118195E1,1.281128849E1
2.376290823E1,-2.220539331E0,-4.594219327E-1,8.030312538E0,8.344326390E0
2.376528381E1,-1.483550072E0,-3.110669553E-1,1.129890823E1,1.140013205E1
2.376765933E1,4.063013077E0,-9.571290612E-1,9.542576790E0,1.041561055E1
2.377003490E1,-5.776273727E0,-3.302095234E-1,8.652446747E0,1.040861236E1
2.377241047E1,3.440878868E0,-8.949156404E-1,1.215553856E1,1.266481895E1
2.377478605E1,-3.589234054E-1,-1.962114573E-1,8.274380684E0,8.284485539E0
2.377716162E1,-3.512663603E0,-3.062812984E-1,1.043749237E1,1.101698057E1
2.377953714E1,4.268795490E0,-1.292124271E0,1.026520920E1,1.119226161E1
2.378191276E1,-5.249852657E0,-2.823530734E-1,8.733802795E0,1.019411533E1
2.378428834E1,2.689532757E0,-7.417750359E-1,1.199761295E1,1.231773247E1
2.378666391E1,9.523434043E-1,-5.120640397E-1,8.149953842E0,8.221369422E0
2.378903948E1,-4.905286312E0,-6.077769399E-1,1.005464077E1,1.120388449E1
2.379141506E1,4.570291042E0,-9.523434043E-1,1.142333508E1,1.234046605E1
2.379379058E1,-4.144368649E0,-2.440679073E-1,8.451449394E0,9.416069111E0
2.379616615E1,1.028913736E0,-4.881358147E-1,1.168654537E1,1.174190286E1
2.379854172E1,2.344966173E0,-8.709874153E-1,8.494520187E0,8.855188233E0
2.380091730E1,-5.675775528E0,-6.460621357E-1,9.255437851E0,1.087634837E1
2.380329287E1,4.843072891E0,-9.236295223E-1,1.217946720E1,1.313955356E1
2.380566844E1,-2.933600664E0,1.004985496E-1,7.972885132E0,8.496058506E0
2.380804401E1,-1.215553880E0,-1.086341500E0,1.141854954E1,1.153433928E1
2.381041959E1,3.737588882E0,-1.086341500E0,9.260223389E0,1.004497117E1
2.381279516E1,-5.331208706E0,-2.392822690E-2,9.207581520E0,1.063963892E1
2.381517073E1,4.421936035E0,-8.374879360E-1,1.194018459E1,1.276020817E1
2.381754620E1,-1.828116536E0,-4.833501875E-1,7.824530125E0,8.049776962E0
2.381992183E1,-3.010170937E0,-9.810572863E-1,1.110269737E1,1.154528005E1
2.382229740E1,4.790431023E0,-9.619147182E-1,1.051884842E1,1.159826200E1
2.382467297E1,-4.766502857E0,4.785645306E-1,8.786444664E0,1.000750635E1
2.382704854E1,2.852244616E0,-1.052842021E0,1.132762241E1,1.172854659E1
2.382942412E1,-9.571290575E-3,-1.091127157E0,8.039883614E0,8.113592213E0
2.383179969E1,-4.101297855E0,-1.962114573E-1,1.097827053E1,1.172098831E1
2.383417526E1,5.455635548E0,-8.470591903E-1,1.077727318E1,1.210913232E1
2.383655084E1,-4.723432064E0,-2.632105052E-1,8.164310455E0,9.435891873E0
2.383892641E1,1.110269666E0,-9.762716293E-1,1.177268696E1,1.186515753E1
2.384130193E1,2.273181438E0,-7.130611539E-1,8.623732567E0,8.946763294E0
2.384367750E1,-4.766502857E0,3.349951655E-2,9.944570541E0,1.102792614E1
2.384605302E1,4.934000492E0,-7.465606928E-1,1.139940739E1,1.244380177E1
2.384842865E1,-3.809373617E0,-5.982056856E-1,7.805387497E0,8.705931965E0
2.385080422E1,-6.795616150E-1,-7.561319470E-1,1.170090294E1,1.174498485E1
2.385317980E1,4.067798615E0,-7.992027402E-1,9.399007797E0,1.027263638E1
2.385555537E1,-5.221138954E0,2.105683982E-1,9.073583603E0,1.047065186E1
2.385793094E1,3.952943087E0,-9.906286001E-1,1.158604717E1,1.228183997E1
2.386030651E1,-2.340180635E0,-7.465606928E-1,7.958528042E0,8.328983543E0
2.386268209E1,-1.971685886E0,-3.206382394E-1,1.191625690E1,1.208253006E1
2.386505766E1,4.962714195E0,-5.120640397E-1,9.580862045E0,1.080202107E1
2.386743318E1,-5.551348686E0,-1.387837082E-1,8.461020470E0,1.012055337E1
2.386980875E1,2.928814888E0,-1.249053478E0,1.179183006E1,1.221414538E1
2.387218433E1,-2.919243574E-1,-6.699903607E-1,8.360522270E0,8.392403681E0
2.387455990E1,-3.225524902E0,-2.344966233E-1,1.090170002E1,1.137128238E1
2.387693547E1,4.766502857E0,-6.269195080E-1,1.048056316E1,1.153060197E1
2.387931104E1,-5.398207664E0,-2.105683982E-1,8.126026154E0,9.757934520E0
2.388168662E1,1.722832322E0,-1.239482164E0,1.181097221E1,1.200014716E1
2.388406219E1,2.057827473E0,-7.704889178E-1,8.910871506E0,9.177795927E0
2.388643776E1,-4.575077057E0,-2.871387079E-2,9.901499748E0,1.090742187E1
2.388881334E1,4.259224415E0,-1.004985452E0,1.098784161E1,1.182724192E1
2.389118886E1,-4.479363918E0,-7.513462901E-1,8.178668022E0,9.355203524E0
2.389356443E1,6.508477330E-1,-5.120640397E-1,1.241396427E1,1.244155622E1
2.389594000E1,3.397808075E0,-3.876372576E-1,8.547162056E0,9.205940559E0
2.389831558E1,-5.766702652E0,-6.173482537E-1,9.006584167E0,1.071235440E1
2.390069115E1,3.996013880E0,-1.100698471E0,1.213161087E1,1.282012661E1
2.390306672E1,-2.579462767E0,-5.168496966E-1,8.063812256E0,8.482088768E0
2.390544230E1,-1.201196909E0,-4.689932466E-1,1.141376400E1,1.148637616E1
2.390781787E1,3.814159393E0,-1.095912814E0,9.418149948E0,1.022009712E1
2.391019344E1,-5.934200287E0,-3.062812984E-1,8.815158844E0,1.063087798E1
2.391256901E1,3.627519131E0,-1.028913736E0,1.212203979E1,1.269493629E1
2.391494454E1,-7.513462901E-1,-3.349951804E-1,8.202595711E0,8.243744259E0
2.391732011E1,-3.225524902E0,-2.297109663E-1,1.076770210E1,1.124278376E1
2.391969568E1,4.230510235E0,-1.282552958E0,1.000678444E1,1.093973920E1
2.392207125E1,-5.345565796E0,-5.838487148E-1,8.772088051E0,1.028909528E1
2.392444683E1,3.010170937E0,-6.939185858E-1,1.217468166E1,1.256047474E1
2.392682240E1,9.140582681E-1,-1.770688742E-1,7.987242222E0,8.041324158E0
2.392919797E1,-4.957928658E0,-6.699903607E-1,9.925428391E0,1.111503812E1
2.393157355E1,4.551148891E0,-1.043270707E0,1.151904774E1,1.242939382E1
2.393394912E1,-3.866801500E0,-2.823530734E-1,8.317451477E0,9.176702903E0
2.393632464E1,1.354337573E0,-5.312066078E-1,1.163390350E1,1.172450943E1
2.393870016E1,2.177468538E0,-1.048056364E0,8.365307808E0,8.707362752E0
2.394107579E1,-5.517848969E0,-1.004985496E-1,9.643074989E0,1.111060990E1
2.394345136E1,4.996213913E0,-9.236295223E-1,1.174397373E1,1.279594326E1
2.394582693E1,-2.943171740E0,-1.818545163E-1,8.030312538E0,8.554604048E0
2.394820250E1,-7.800601721E-1,-5.216353536E-1,1.157169056E1,1.160967785E1
2.395057808E1,3.728017569E0,-1.086341500E0,8.872586250E0,9.685093681E0
2.395295365E1,-5.235496044E0,4.785645287E-3,9.312865257E0,1.068362771E1
2.395532922E1,4.522434711E0,-8.518448472E-1,1.176790142E1,1.263572551E1
2.395770480E1,-1.765903115E0,-6.125625968E-1,7.848458290E0,8.067957875E0
2.396008037E1,-2.665604353E0,-5.838487148E-1,1.130848026E1,1.163305857E1
2.396245584E1,4.895715237E0,-9.284151793E-1,9.973284721E0,1.114882911E1
2.396483146E1,-4.895715237E0,1.483550072E-1,8.810373306E0,1.008031322E1
2.396720704E1,3.321237803E0,-7.513462901E-1,1.166261768E1,1.214955938E1
2.396958261E1,-2.344966233E-1,-9.379864931E-1,7.834101200E0,7.893538430E0
2.397195818E1,-3.833301783E0,-3.876372576E-1,1.095912743E1,1.161666644E1
2.397433375E1,5.479563713E0,-7.848458290E-1,1.065284634E1,1.200519623E1
2.397670933E1,-4.771288395E0,-1.866401732E-1,8.240880966E0,9.524292446E0
2.397908490E1,1.698904037E0,-1.028913736E0,1.187318611E1,1.203816792E1
2.398146047E1,1.497906923E0,-7.848458290E-1,8.240880966E0,8.412599314E0
2.398383604E1,-4.378865242E0,0.000000000E0,1.035135078E1,1.123943610E1
2.398621157E1,4.986642361E0,-7.274180651E-1,1.117926693E1,1.226261588E1
2.398858714E1,-4.364508629E0,-1.722832322E-1,7.934599876E0,9.057399863E0
2.399096271E1,2.105683982E-1,-1.301695466E0,1.146640587E1,1.154197616E1
2.399333828E1,3.220739365E0,-1.086341500E0,9.140582085E0,9.752104427E0
2.399571386E1,-4.881358147E0,8.039883971E-1,9.853643417E0,1.102580352E1
2.399808943E1,4.182653904E0,-1.086341500E0,1.082991505E1,1.166026550E1
2.400046500E1,-3.766302824E0,-9.571290612E-1,8.078168869E0,8.964259327E0
2.400284058E1,-6.891329288E-1,-1.722832322E-1,1.241874981E1,1.243904870E1
2.400521615E1,4.158725739E0,-4.881358147E-1,8.729017258E0,9.681374831E0
2.400759172E1,-5.776273727E0,-6.987041831E-1,8.638090134E0,1.041489927E1
2.400996724E1,3.661018610E0,-8.422735929E-1,1.222253799E1,1.278682592E1
2.401234282E1,-2.033899307E0,-3.972085714E-1,7.853243828E0,8.122066219E0
2.401471839E1,-2.038684845E0,-2.584248483E-1,1.124148083E1,1.142776927E1
2.401709396E1,4.254438877E0,-9.714859724E-1,9.829715729E0,1.075487547E1
2.401946954E1,-5.690132141E0,-4.259224236E-1,8.499305725E0,1.023705092E1
2.402184511E1,3.072384357E0,-5.838487148E-1,1.227996540E1,1.267193652E1
2.402422068E1,-1.100698411E-1,-6.699903309E-2,7.901100159E0,7.902150844E0
2.402659625E1,-3.689732552E0,-9.810572863E-1,1.052841949E1,1.119929537E1
2.402897183E1,4.541577339E0,-8.422735929E-1,1.071506023E1,1.166824174E1
2.403134740E1,-5.254638672E0,8.135596663E-2,8.322237015E0,9.842635587E0
2.403372292E1,2.593819857E0,-7.896314859E-1,1.191625690E1,1.222082640E1
2.403609849E1,9.044869542E-1,-7.417750359E-1,8.236095428E0,8.318749591E0
2.403847407E1,-4.565505505E0,-4.833501875E-1,1.020299530E1,1.118832342E1
2.404084964E1,4.618147850E0,-7.704889178E-1,1.124148083E1,1.217751345E1
2.404322521E1,-4.283152580E0,-2.297109663E-1,8.207381248E0,9.260630114E0
2.404560078E1,1.205982566E0,-4.307080805E-1,1.183490086E1,1.190398176E1
2.404797636E1,2.426322222E0,-9.714859724E-1,8.374878883E0,8.773221804E0
2.405035193E1,-5.340780258E0,-4.354937077E-1,9.552147865E0,1.095249366E1
2.405272750E1,4.795216560E0,-9.858429432E-1,1.192582798E1,1.289152284E1
2.405510308E1,-3.019742250E0,2.105683982E-1,8.279166222E0,8.815201395E0
2.405747860E1,-6.412764788E-1,-8.231309652E-1,1.141854954E1,1.146612636E1
2.405985417E1,3.460021496E0,-1.134197950E0,8.867800713E0,9.586242393E0
2.406222974E1,-5.273781300E0,-3.828516230E-2,9.408578873E0,1.078589780E1
2.406460532E1,4.737788677E0,-9.140582681E-1,1.184925747E1,1.279402386E1
2.406698089E1,-2.316252232E0,-5.934200287E-1,7.905886173E0,8.259552525E0
2.406935646E1,-2.191825628E0,-8.279166222E-1,1.149512005E1,1.173146753E1
2.407173204E1,4.460221291E0,-9.236295223E-1,9.791430473E0,1.079901737E1
2.407410761E1,-4.924428940E0,2.201396823E-1,9.078369141E0,1.033030726E1
2.407648318E1,3.646661758E0,-7.034898400E-1,1.162911797E1,1.220776083E1
2.407885875E1,-1.172483087E0,-1.024128079E0,7.791030407E0,7.945043091E0
2.408123428E1,-3.340380430E0,-5.934200287E-1,1.125105190E1,1.175144492E1
2.408360985E1,5.297709465E0,-9.619147182E-1,1.045184898E1,1.175721705E1
2.408598542E1,-5.024927616E0,1.914258115E-2,8.556734085E0,9.923102448E0
2.408836099E1,2.421536446E0,-8.709874153E-1,1.163390350E1,1.191512352E1
2.409073657E1,2.584248483E-1,-9.858429432E-1,8.102097511E0,8.165944758E0
2.409311214E1,-3.919443607E0,-3.062812984E-1,1.117448139E1,1.184588033E1
2.409548771E1,5.216353416E0,-7.704889178E-1,1.058106136E1,1.182213414E1
2.409786329E1,-4.924428940E0,-3.732803464E-1,8.092526436E0,9.480417856E0
2.410023886E1,9.379864931E-1,-1.162911773E0,1.184925747E1,1.194307687E1
2.410261443E1,2.124826431E0,-1.009771109E0,8.666803360E0,8.980423461E0
2.410498995E1,-4.512863636E0,2.488535494E-1,1.020299530E1,1.115925532E1
2.410736553E1,4.474578381E0,-8.039883971E-1,1.114576817E1,1.203729193E1
2.410974110E1,-4.503292084E0,-7.800601721E-1,7.972885132E0,9.189941827E0
2.411211667E1,8.614161611E-2,-8.327022791E-1,1.205504036E1,1.208407264E1
2.411449224E1,3.622733593E0,-8.087740541E-1,8.963513374E0,9.701695015E0
2.411686782E1,-5.517848969E0,-2.392822690E-2,9.379864693E0,1.088251310E1
2.411924339E1,3.790230989E0,-1.244267821E0,1.148554897E1,1.215861376E1
2.412161896E1,-3.268595695E0,-7.513462901E-1,8.250452042E0,8.906076463E0
2.412399454E1,-7.369893789E-1,-3.780659735E-1,1.213639641E1,1.216462926E1
2.412637011E1,3.919443607E0,-5.120640397E-1,9.011369705E0,9.840174375E0
2.412874568E1,-5.962913990E0,-7.130611539E-1,8.556734085E0,1.045382694E1
2.413112110E1,3.584448338E0,-1.019342422E0,1.239482117E1,1.294291005E1
2.413349678E1,-1.569691658E0,-3.062812984E-1,8.154739380E0,8.310085107E0
2.413587235E1,-2.268395901E0,-5.742774606E-1,1.097827053E1,1.122487588E1
2.413824792E1,4.072584152E0,-1.306481123E0,9.839286804E0,1.072867184E1
2.414062349E1,-5.623133183E0,-2.775674164E-1,8.834300995E0,1.047575985E1
2.414299907E1,3.488735437E0,-9.667003751E-1,1.196889877E1,1.250441212E1
2.414537464E1,-5.359922647E-1,-4.259224236E-1,8.322237015E0,8.350348888E0
2.414775021E1,-3.546163082E0,-1.818545163E-1,1.094955635E1,1.151091343E1
2.415012578E1,4.479363918E0,-1.344766378E0,9.968499184E0,1.101108867E1
2.415250136E1,-5.168497086E0,-7.609176040E-1,8.834300995E0,1.026339280E1
2.415487693E1,3.043670416E0,-6.125625968E-1,1.227517986E1,1.266172197E1
2.415725245E1,5.551348329E-1,-2.632105052E-1,7.862815380E0,7.886781356E0
2.415962802E1,-4.785645485E0,-8.614161611E-1,1.026042366E1,1.135432667E1
2.416200360E1,4.756931305E0,-1.177268744E0,1.129412270E1,1.231144040E1
2.416437912E1,-3.996013880E0,-3.349951655E-2,8.676374435E0,9.552419719E0
2.416675474E1,1.646261930E0,-6.029912829E-1,1.156690502E1,1.169901999E1
2.416913032E1,1.517049551E0,-1.277767301E0,8.255238533E0,8.490176197E0
2.417150589E1,-5.144568920E0,-3.637090325E-1,1.012642574E1,1.136412654E1
2.417388146E1,5.355136871E0,-9.523434043E-1,1.149990559E1,1.272133159E1
2.417625704E1,-3.847658873E0,-1.962114573E-1,8.149953842E0,9.014694968E0
2.417863256E1,2.392822690E-2,-5.982056856E-1,1.171047401E1,1.172576753E1
2.418100813E1,2.890529871E0,-1.119840980E0,8.542376518E0,9.087431064E0
2.418338370E1,-5.000999451E0,-7.657032460E-2,9.925428391E0,1.111440449E1
2.418575928E1,4.910071850E0,-8.805587292E-1,1.154297638E1,1.257475618E1
2.418813485E1,-3.230310678E0,-5.599204898E-1,7.862815380E0,8.518936773E0
2.419051042E1,-1.383051515E0,-6.795616150E-1,1.163390350E1,1.173551644E1
2.419288599E1,4.297509670E0,-1.028913736E0,9.288937569E0,1.028647724E1
2.419526157E1,-5.154139996E0,2.392822653E-1,9.255437851E0,1.059648739E1
2.419763714E1,4.096512318E0,-6.699903607E-1,1.172004509E1,1.243341293E1
2.420001271E1,-2.392822742E0,-6.891329288E-1,7.609176159E0,8.006251725E0
2.420238823E1,-2.316252232E0,-7.800601721E-1,1.148554897E1,1.174271491E1
2.420476381E1,5.187639713E0,-6.891329288E-1,1.001156998E1,1.129681563E1
2.420713938E1,-5.364708424E0,1.579262912E-1,8.494520187E0,1.004798041E1
2.420951495E1,2.967100143E0,-1.081555843E0,1.163868904E1,1.205954099E1
2.421189052E1,-1.000199914E0,-9.810572863E-1,7.982456207E0,8.104472862E0
2.421426610E1,-2.608176708E0,4.833501875E-1,1.173440266E1,1.203047875E1
2.421664167E1,4.795216560E0,-7.657032609E-1,9.556933403E0,1.071985911E1
2.421901724E1,-5.536991596E0,-5.647061467E-1,8.035098076E0,9.774454975E0
2.422139282E1,2.598605394E0,-8.327022791E-1,1.212682533E1,1.243004568E1
2.422376839E1,7.896314859E-1,-5.359922647E-1,8.269595146E0,8.324482535E0
2.422614391E1,-3.991228104E0,5.742774159E-2,1.041356373E1,1.115237684E1
2.422851948E1,4.426722050E0,-1.091127157E0,1.047099209E1,1.142051233E1
2.423089506E1,-4.962714195E0,-5.359922647E-1,8.408378601E0,9.778376685E0
2.423327063E1,2.210968018E0,-4.689932466E-1,1.216032505E1,1.236858276E1
2.423564620E1,1.832902193E0,-2.057827413E-1,8.030312538E0,8.239405103E0
2.423802178E1,-4.914857864E0,-5.599204898E-1,9.872786522E0,1.104270132E1
2.424039735E1,4.594219685E0,-9.906286001E-1,1.115055370E1,1.210053914E1
2.424277292E1,-4.063013077E0,-3.206382394E-1,8.245666504E0,9.197929128E0
2.424514849E1,1.282552958E0,-4.977070987E-1,1.179183006E1,1.187181160E1
2.424752407E1,2.411965132E0,-8.614161611E-1,8.398807526E0,8.780636734E0
2.424989959E1,-5.369493961E0,-3.876372576E-1,9.504291534E0,1.092306210E1
2.425227516E1,4.752145767E0,-8.422735929E-1,1.174397373E1,1.269697733E1
2.425465073E1,-3.038884640E0,1.100698411E-1,8.216953278E0,8.761578419E0
2.425702631E1,-1.674975902E-1,-9.140582681E-1,1.132762241E1,1.136567585E1
2.425940188E1,3.239881754E0,-1.124626637E0,8.633303642E0,9.289539850E0
2.426177745E1,-5.374279499E0,4.307080805E-2,9.518648148E0,1.093112061E1
2.426415303E1,5.058426857E0,-8.757730722E-1,1.169133186E1,1.276878622E1
2.426652860E1,-2.914458036E0,-4.115654826E-1,7.939385414E0,8.467425379E0
2.426890417E1,-1.311266780E0,-9.092726111E-1,1.150947666E1,1.161956326E1
2.427127974E1,4.005585194E0,-9.188438654E-1,9.231510162E0,1.010493774E1
2.427365532E1,-4.967499733E0,3.110669553E-1,9.375079155E0,1.061437353E1
2.427603084E1,4.259224415E0,-7.369893789E-1,1.149990559E1,1.228543750E1
2.427840641E1,-2.220539331E0,-9.284151793E-1,7.733603001E0,8.099466960E0
2.428078198E1,-2.201396942E0,-5.694918036E-1,1.154776192E1,1.176950614E1
2.428315756E1,4.981856823E0,-9.714859724E-1,9.705288887E0,1.095241137E1
2.428553313E1,-5.173282623E0,2.249253243E-1,8.953942299E0,1.034342918E1
2.428790870E1,3.527020693E0,-5.407779217E-1,1.171525955E1,1.224661676E1
2.429028428E1,-1.450050473E0,-7.130611539E-1,7.652246952E0,7.820996484E0
2.429265985E1,-2.804388046E0,-8.183453679E-1,1.132762241E1,1.169826102E1
2.429503542E1,5.369493961E0,-7.130611539E-1,1.043270683E1,1.175505395E1
2.429741094E1,-5.235496044E0,1.483550072E-1,8.427521706E0,9.922477016E0
2.429978651E1,2.507678032E0,-6.317051649E-1,1.159083271E1,1.187581170E1
2.430216209E1,-2.632105052E-1,-1.009771109E0,7.996813297E0,8.064610367E0
2.430453766E1,-3.134597778E0,-1.196411327E-1,1.137069321E1,1.179545172E1
2.430691323E1,5.044070244E0,-5.886343718E-1,1.014078236E1,1.134127867E1
2.430928881E1,-5.426921844E0,-2.057827413E-1,8.068597794E0,9.726052519E0
2.431166438E1,1.919043779E0,-8.662018180E-1,1.202154064E1,1.220452678E1
2.431403995E1,1.421336651E0,-5.599204898E-1,8.432307243E0,8.569569083E0
2.431641552E1,-4.067798615E0,3.828516230E-2,1.030349445E1,1.107747486E1
2.431879110E1,4.316651821E0,-1.024128079E0,1.077248764E1,1.165027087E1
2.432116662E1,-4.895715237E0,-5.886343718E-1,8.212167740E0,9.578842158E0
2.432354219E1,1.923829436E0,-6.699903309E-2,1.232303619E1,1.247248290E1
2.432591776E1,2.057827473E0,-4.642075896E-1,7.982456207E0,8.256497423E0
2.432829334E1,-5.149354458E0,-6.221339107E-1,9.887143135E0,1.116505716E1
2.433066891E1,4.508078098E0,-8.757730722E-1,1.135155106E1,1.224530351E1
2.433304443E1,-3.905086517E0,-5.264209956E-2,8.403593063E0,9.266760398E0
2.433542006E1,9.092726111E-1,-3.876372576E-1,1.159083271E1,1.163290343E1
2.433779563E1,2.330609322E0,-1.043270707E0,8.417949677E0,8.796705652E0
2.434017120E1,-5.455635548E0,-3.110669553E-1,9.705288887E0,1.113792415E1
2.434254678E1,4.713860512E0,-9.332008362E-1,1.177268696E1,1.271564009E1
2.434492230E1,-3.110669374E0,3.349951655E-2,8.317451477E0,8.880168087E0
2.434729787E1,-5.503492355E-1,-4.450650215E-1,1.141376400E1,1.143568869E1
2.434967344E1,3.206382275E0,-1.335195065E0,8.542376518E0,9.221487393E0
2.435204901E1,-5.474778175E0,-1.674975902E-1,9.681360245E0,1.112339821E1
2.435442459E1,4.852644444E0,-8.566305041E-1,1.183968639E1,1.282420164E1
2.435680016E1,-2.909672260E0,-2.871387303E-1,7.925028801E0,8.447172474E0
2.435917573E1,-1.679761529E0,-8.422735929E-1,1.150947666E1,1.166186420E1
2.436155131E1,3.981656790E0,-1.205982566E0,9.269794464E0,1.016056466E1
2.436392688E1,-4.957928658E0,3.637090325E-1,9.681360245E0,1.088310971E1
2.436630240E1,4.077369690E0,-8.422735929E-1,1.138983536E1,1.212694182E1
2.436867802E1,-2.459821701E0,-1.019342422E0,7.896314621E0,8.333160647E0
2.437105355E1,-2.421536446E0,-5.694918036E-1,1.165783215E1,1.192028565E1
2.437342912E1,4.991427898E0,-1.033699393E0,9.619147301E0,1.088627033E1
2.437580469E1,-5.340780258E0,8.614161611E-2,9.025727272E0,1.048785521E1
2.437818021E1,3.316452265E0,-8.422735929E-1,1.167697430E1,1.216799117E1
2.438055584E1,-1.483550072E0,-9.236295223E-1,7.877171993E0,8.068695739E0
2.438293131E1,-2.833101988E0,-6.364908218E-1,1.161954689E1,1.197687177E1
2.438530698E1,5.187639713E0,-8.327022791E-1,1.005942631E1,1.134887909E1
2.438768256E1,-5.441278458E0,-2.153540403E-1,8.446663857E0,1.004987656E1
2.439005813E1,2.502892494E0,-1.081555843E0,1.182532978E1,1.213559468E1
2.439243365E1,-1.387837082E-1,-9.379864931E-1,8.197810173E0,8.252464554E0
2.439480922E1,-3.316452265E0,-1.818545163E-1,1.131326580E1,1.179075527E1
2.439718480E1,4.823930264E0,-7.082754970E-1,1.023170948E1,1.133401236E1
2.439956037E1,-5.584847927E0,-1.770688742E-1,8.193024635E0,9.917032441E0
2.440193594E1,2.029113531E0,-1.306481123E0,1.185404301E1,1.209721167E1
2.440431151E1,1.311266780E0,-8.039883971E-1,8.757730484E0,8.891774915E0
2.440668709E1,-4.106083870E0,-7.178468257E-2,1.046620655E1,1.124306708E1
2.440906266E1,4.278367043E0,-6.460621357E-1,1.056670475E1,1.141827790E1
2.441143823E1,-5.249852657E0,-6.556333899E-1,8.087740898E0,9.664489687E0
2.441381381E1,1.947757602E0,-7.992027402E-1,1.235175037E1,1.252989314E1
2.441618933E1,1.933400750E0,-5.455635786E-1,8.159524918E0,8.403185406E0
2.441856490E1,-5.010570526E0,-8.614161611E-2,1.004506969E1,1.122571434E1
2.442094047E1,4.149154663E0,-1.201196909E0,1.098305607E1,1.180194387E1
2.442331604E1,-4.072584152E0,-4.067798555E-1,8.657232285E0,9.575963782E0
2.442569162E1,1.191625714E0,-5.024927258E-1,1.180618668E1,1.187680574E1
2.442806719E1,2.277967215E0,-6.699903607E-1,8.283951759E0,8.617533201E0
2.443044276E1,-5.685346603E0,-5.264210105E-1,9.585647583E0,1.115728124E1
2.443281834E1,4.656432629E0,-9.236295223E-1,1.190190029E1,1.281369138E1
2.443519391E1,-3.235096216E0,1.722832322E-1,8.260024071E0,8.872627947E0
2.443756948E1,-3.828516304E-1,-9.667003751E-1,1.131805134E1,1.136571032E1
2.443994500E1,2.857030153E0,-1.196411371E0,8.551948547E0,9.095594836E0
2.444232058E1,-5.383851051E0,5.742774159E-2,9.896714211E0,1.126650355E1
2.444469615E1,4.910071850E0,-8.470591903E-1,1.151426220E1,1.254609696E1
2.444707172E1,-3.268595695E0,-2.967100143E-1,8.082955360E0,8.723870816E0
2.444944730E1,-1.450050473E0,-7.609176040E-1,1.149512005E1,1.161117681E1
2.445182287E1,3.775874138E0,-1.191625714E0,8.982656479E0,9.816583661E0
2.445419844E1,-5.120640278E0,4.785645381E-2,9.714859962E0,1.098188286E1
2.445657401E1,4.436293125E0,-7.657032609E-1,1.167218876E1,1.251027532E1
2.445894959E1,-2.703889608E0,-6.699903607E-1,7.628318787E0,8.121031561E0
2.446132516E1,-2.373680115E0,-8.183453679E-1,1.148554897E1,1.175678024E1
2.446370068E1,5.024927616E0,-1.028913736E0,1.006421185E1,1.129588071E1
2.446607625E1,-5.206781864E0,9.092725813E-2,8.858229637E0,1.027555728E1
2.446845183E1,3.445664644E0,-6.364908218E-1,1.176311588E1,1.227389998E1
2.447082740E1,-1.536192179E0,-9.619147182E-1,7.724031448E0,7.933840694E0
2.447320297E1,-2.828316450E0,-7.178468108E-1,1.141854954E1,1.178549751E1
2.447557854E1,5.374279499E0,-8.039883971E-1,1.032742214E1,1.166982971E1
2.447795412E1,-5.321637630E0,-1.292124242E-1,8.408378601E0,9.951751284E0
2.448032969E1,2.364108801E0,-1.105484009E0,1.181097221E1,1.209587409E1
2.448270526E1,2.871387303E-1,-9.858429432E-1,8.341380119E0,8.404341572E0
2.448508084E1,-3.187239647E0,1.770688742E-1,1.110269737E1,1.155247761E1
2.448745636E1,4.642076015E0,-7.322037220E-1,1.013121128E1,1.116809894E1
2.448983193E1,-5.331208706E0,-8.422735929E-1,8.169096947E0,9.791085537E0
2.449220750E1,2.182254314E0,-5.742774606E-1,1.238046455E1,1.258443209E1
2.449458308E1,1.856830359E0,-1.914258152E-1,8.188239098E0,8.398316637E0
2.449695865E1,-4.536791801E0,-1.043270707E0,9.982855797E0,1.101491278E1
2.449933417E1,4.565505505E0,-8.566305041E-1,1.130848026E1,1.222535816E1
2.450170980E1,-4.608576298E0,-1.292124242E-1,8.250452042E0,9.451223743E0
2.450408537E1,1.919043779E0,-6.604190469E-1,1.183490086E1,1.200765425E1
2.450646094E1,2.005185366E0,-6.364908218E-1,8.451449394E0,8.709356221E0
2.450883651E1,-5.020142078E0,-6.221339107E-1,9.753145218E0,1.098693400E1
2.451121204E1,4.532006264E0,-9.523434043E-1,1.162911797E1,1.251728498E1
2.451358761E1,-3.507878065E0,1.579262912E-1,8.336593628E0,9.045935140E0
2.451596318E1,5.742774606E-1,-7.178468108E-1,1.122712421E1,1.126469781E1
2.451833875E1,2.684746981E0,-1.110269666E0,8.628518105E0,9.104498326E0
2.452071433E1,-5.273781300E0,-2.392822690E-2,9.824930191E0,1.115090109E1
2.452308990E1,5.000999451E0,-9.332008362E-1,1.152383423E1,1.259680970E1
2.452546547E1,-3.239881754E0,-1.770688742E-1,8.260024071E0,8.874468143E0
2.452784105E1,-5.264210105E-1,-4.689932466E-1,1.147597694E1,1.149761369E1
2.453021662E1,3.483949661E0,-1.119840980E0,8.709874153E0,9.447425936E0
2.453259214E1,-5.273781300E0,-1.100698411E-1,9.619147301E0,1.097054599E1
2.453496771E1,4.934000492E0,-7.800601721E-1,1.175354481E1,1.277100898E1
2.453734329E1,-2.770888567E0,-3.302095234E-1,7.834101200E0,8.316249359E0
2.453971886E1,-1.732403636E0,-8.518448472E-1,1.142333508E1,1.158531166E1
2.454209443E1,4.302295208E0,-1.153340459E0,9.384650230E0,1.038805074E1
2.454447000E1,-4.713860512E0,5.120640397E-1,9.451649666E0,1.057432607E1
2.454684558E1,3.895515203E0,-8.566305041E-1,1.138504982E1,1.206350753E1
2.454922115E1,-2.191825628E0,-1.081555843E0,7.829315662E0,8.201953814E0
2.455159672E1,-2.239681959E0,-4.163511395E-1,1.175833035E1,1.197697191E1
2.455397230E1,5.273781300E0,-9.188438654E-1,9.537791252E0,1.093739024E1
2.455634782E1,-5.374279499E0,3.349951655E-2,8.772088051E0,1.028754252E1
2.455872339E1,3.182454109E0,-1.095912814E0,1.162433243E1,1.210182397E1
2.456109896E1,-1.210768223E0,-7.369893789E-1,8.212167740E0,8.333595384E0
2.456347454E1,-2.507678032E0,-3.684946895E-1,1.157169056E1,1.184602295E1
2.456585011E1,5.020142078E0,-6.029912829E-1,9.858428955E0,1.107944251E1
2.456822568E1,-5.441278458E0,-1.770688742E-1,8.240880966E0,9.876790154E0
2.457060125E1,2.632104874E0,-1.215553880E0,1.180618668E1,1.215695649E1
2.457297678E1,2.105683982E-1,-9.236295223E-1,8.465806961E0,8.518645318E0
2.457535240E1,-3.177668571E0,-1.531406492E-1,1.100219822E1,1.145292082E1
2.457772797E1,4.565505505E0,-6.221339107E-1,1.020778179E1,1.119954018E1
2.458010354E1,-5.532206059E0,-3.732803464E-1,8.087740898E0,9.805926521E0
2.458247912E1,2.493321180E0,-1.086341500E0,1.221775246E1,1.251679925E1
2.458485464E1,1.172483087E0,-5.216353536E-1,8.408378601E0,8.505742221E0
2.458723021E1,-4.034298897E0,-6.699903309E-2,1.044706345E1,1.119916029E1
2.458960578E1,4.335794449E0,-1.138983607E0,1.046142101E1,1.138146418E1
2.459198136E1,-5.024927616E0,-5.120640397E-1,8.437092781E0,9.833445059E0
2.459435693E1,2.455035925E0,-5.790630579E-1,1.215075302E1,1.240980719E1
2.459673250E1,1.402194023E0,-3.014956415E-1,8.188239098E0,8.312900049E0
2.459910808E1,-5.034498692E0,-4.977070987E-1,1.006899738E1,1.126847806E1
2.460148365E1,4.570291042E0,-1.048056364E0,1.105005455E1,1.200373641E1
2.460385922E1,-4.005585194E0,-2.536391914E-1,8.633303642E0,9.520660553E0
2.460623474E1,1.531406522E0,-4.307080805E-1,1.170568848E1,1.181329159E1
2.460861032E1,1.665404558E0,-9.427721500E-1,8.116454124E0,8.339017881E0
2.461098589E1,-5.249852657E0,-2.679961324E-1,1.002114105E1,1.131618499E1
2.461336146E1,5.058426857E0,-9.188438654E-1,1.149512005E1,1.259244779E1
2.461573704E1,-3.809373617E0,-1.244267747E-1,8.236095428E0,9.075245302E0
2.461811261E1,4.833501875E-1,-3.493520916E-1,1.173918819E1,1.175432745E1
2.462048818E1,2.402393818E0,-1.196411371E0,8.183453560E0,8.612305637E0
2.462286375E1,-5.024927616E0,-1.244267747E-1,1.002592659E1,1.121537264E1
2.462523933E1,5.048855782E0,-7.034898400E-1,1.147597694E1,1.255722459E1
2.462761485E1,-3.704089403E0,-3.302095234E-1,7.925028801E0,8.754164616E0
2.462999042E1,-5.503492355E-1,-8.566305041E-1,1.161954689E1,1.166407176E1
2.463236599E1,3.407379389E0,-1.067198873E0,8.810373306E0,9.506409708E0
2.463474157E1,-4.733003139E0,5.072783828E-1,9.992427826E0,1.106829996E1
2.463711714E1,4.321437836E0,-8.039883971E-1,1.121755219E1,1.204801641E1
2.463949271E1,-3.507878065E0,-9.188438654E-1,7.834101200E0,8.632648735E0
2.464186828E1,-7.274180651E-1,-5.599204898E-1,1.202632618E1,1.206130878E1
2.464424386E1,4.393222332E0,-8.997012973E-1,9.006584167E0,1.006123368E1
2.464661943E1,-5.460421085E0,6.221338734E-2,9.231510162E0,1.072570971E1
2.464899500E1,3.833301783E0,-1.177268744E0,1.162911797E1,1.230107918E1
2.465137052E1,-2.790031195E0,-7.513462901E-1,8.159524918E0,8.656017687E0
2.465374610E1,-8.997012973E-1,-5.264210105E-1,1.199761295E1,1.204281105E1
2.465612167E1,4.302295208E0,-6.412764788E-1,9.145368576E0,1.012712921E1
2.465849724E1,-5.752345562E0,-1.579262912E-1,8.786444664E0,1.050314382E1
2.466087282E1,3.675375462E0,-1.301695466E0,1.183490086E1,1.246064501E1
2.466324839E1,-1.832902193E0,-7.322037220E-1,8.389236450E0,8.618291069E0
2.466562396E1,-1.756331801E0,-2.584248483E-1,1.149033451E1,1.162666212E1
2.466799954E1,3.952943087E0,-8.566305041E-1,9.384650230E0,1.021916018E1
2.467037511E1,-5.848058701E0,-5.216353536E-1,8.561519623E0,1.038130590E1
2.467275068E1,3.713660717E0,-1.000199914E0,1.239003563E1,1.297322854E1
2.467512625E1,-1.028913736E0,-1.914258152E-1,8.288737297E0,8.354548061E0
2.467750178E1,-2.919243574E0,-4.881358147E-1,1.089691448E1,1.129172285E1
2.467987735E1,4.053441525E0,-1.316052437E0,9.509077072E0,1.042040925E1
2.468225292E1,-5.532206059E0,-1.579262912E-1,9.025727272E0,1.058744527E1
2.468462849E1,3.766302824E0,-7.226324677E-1,1.208375454E1,1.267771109E1
2.468700407E1,-1.115055323E0,-4.402793646E-1,7.791030407E0,7.882724725E0
2.468937964E1,-3.718446493E0,-5.742774606E-1,1.124626637E1,1.185896901E1
2.469175521E1,4.445864677E0,-1.038485050E0,9.987641335E0,1.098167307E1
2.469413079E1,-4.957928658E0,2.871387079E-2,8.973084450E0,1.025173769E1
2.469650636E1,3.014956474E0,-6.891329288E-1,1.182532978E1,1.222306390E1
2.469888188E1,-5.742774606E-1,-9.379864931E-1,7.728816986E0,7.806678248E0
2.470125745E1,-4.220939159E0,-3.637090325E-1,1.089691448E1,1.169150790E1
2.470363303E1,5.125426292E0,-8.662018180E-1,1.062413216E1,1.182761533E1
2.470600860E1,-4.929214478E0,4.307080805E-2,8.532805443E0,9.854327942E0
2.470838417E1,1.952543259E0,-7.226324677E-1,1.164347458E1,1.182814961E1
2.471075974E1,3.684946895E-1,-9.906286001E-1,8.020741463E0,8.090082013E0
2.471313532E1,-4.019941807E0,-2.057827413E-1,1.116969585E1,1.187284229E1
2.471551089E1,5.158925533E0,-6.843472719E-1,1.038963604E1,1.162012826E1
2.471788646E1,-5.048855782E0,-3.302095234E-1,8.149953842E0,9.592795769E0
2.472026204E1,1.440479279E0,-8.087740541E-1,1.200239849E1,1.211555469E1
2.472263761E1,1.603191137E0,-8.231309652E-1,8.307880402E0,8.501096587E0
2.472501313E1,-4.220939159E0,6.699903309E-2,1.045184898E1,1.127217652E1
2.472738870E1,4.718646049E0,-6.556333899E-1,1.083470058E1,1.183580215E1
2.472976428E1,-4.862215519E0,-5.120640397E-1,7.972885132E0,9.352552949E0
2.473213985E1,1.158126116E0,-8.662018180E-1,1.204068375E1,1.212722667E1
2.473451542E1,2.699103832E0,-6.747759581E-1,8.633303642E0,9.070524564E0
2.473689099E1,-4.809573650E0,-2.392822690E-2,9.762716293E0,1.088316134E1
2.473926657E1,4.287938118E0,-1.081555843E0,1.102134132E1,1.187544277E1
2.474164214E1,-4.220939159E0,-5.694918036E-1,8.403593063E0,9.421306952E0
2.474401771E1,1.196411371E0,-5.407779217E-1,1.217468166E1,1.224527315E1
2.474639323E1,2.818745136E0,-5.694918036E-1,8.331808090E0,8.814117716E0
2.474876881E1,-5.398207664E0,2.392822690E-2,9.504291534E0,1.093036029E1
2.475114438E1,4.297509670E0,-1.316052437E0,1.137547874E1,1.223119373E1
2.475351995E1,-3.330809116E0,-5.647061467E-1,8.652446747E0,9.288596078E0
2.475589553E1,4.211367965E-1,-3.493520916E-1,1.162911797E1,1.164198384E1
2.475827110E1,2.837887764E0,-8.231309652E-1,8.504091263E0,9.002817323E0
2.476064667E1,-5.752345562E0,-4.881358147E-1,9.317651749E0,1.096113088E1
2.476302224E1,4.771288395E0,-8.997012973E-1,1.195932770E1,1.290736899E1
2.476539782E1,-2.914458036E0,1.196411327E-1,8.236095428E0,8.737370746E0
2.476777339E1,-9.140582681E-1,-8.614161611E-1,1.140419292E1,1.147314937E1
2.477014891E1,3.268595695E0,-1.196411371E0,8.705088615E0,9.375163241E0
2.477252448E1,-5.273781300E0,4.785645287E-3,9.738788605E0,1.107505285E1
2.477490006E1,4.790431023E0,-7.704889178E-1,1.158126163E1,1.255657213E1
2.477727563E1,-3.268595695E0,-3.206382394E-1,8.073383331E0,8.715850223E0
2.477965120E1,-1.612762451E0,-6.460621357E-1,1.149990559E1,1.163040100E1
2.478202678E1,3.900300980E0,-1.268195987E0,9.025727272E0,9.913849988E0
2.478440230E1,-5.024927616E0,1.052841991E-1,9.657432556E0,1.088700996E1
2.478677792E1,4.278367043E0,-6.460621357E-1,1.144726372E1,1.223771496E1
2.478915349E1,-2.880958557E0,-6.891329288E-1,7.795815945E0,8.339638640E0
2.479152907E1,-2.268395901E0,-7.848458290E-1,1.155254745E1,1.179927776E1
2.479390459E1,4.890929699E0,-8.709874153E-1,9.858428955E0,1.103940369E1
2.479628016E1,-5.283352375E0,1.818545163E-1,8.872586250E0,1.032810099E1
2.479865573E1,3.402593851E0,-7.609176040E-1,1.169611740E1,1.220474509E1
2.480103131E1,-1.895115495E0,-9.619147182E-1,7.910671711E0,8.191182429E0
2.480340688E1,-2.249253273E0,-4.546363056E-1,1.176311588E1,1.198485418E1
2.480578245E1,5.058426857E0,-6.604190469E-1,9.729216576E0,1.098551277E1
2.480815802E1,-5.546562672E0,2.871387079E-2,8.360522270E0,1.003312088E1
2.481053360E1,2.900100946E0,-1.043270707E0,1.172004509E1,1.211851708E1
2.481290917E1,-4.450650215E-1,-7.704889178E-1,8.312665939E0,8.360152574E0
2.481528469E1,-2.780459881E0,-1.339980662E-1,1.120319557E1,1.154385134E1
2.481766026E1,4.689932346E0,-6.125625968E-1,1.003549862E1,1.109422962E1
2.482003584E1,-5.627918720E0,-3.972085714E-1,8.073383331E0,9.849404154E0
2.482241141E1,2.890529871E0,-9.188438654E-1,1.234696484E1,1.271404647E1
2.482478698E1,7.657032609E-1,-4.737788737E-1,8.255238533E0,8.304199609E0
2.482716256E1,-3.751945972E0,-1.004985496E-1,1.055234814E1,1.119996651E1
2.482953813E1,4.479363918E0,-1.167697430E0,1.035135078E1,1.133925401E1
2.483191370E1,-5.048855782E0,-4.977070987E-1,8.556734085E0,9.947680899E0
2.483428928E1,2.828316450E0,-6.747759581E-1,1.216511059E1,1.250778206E1
2.483666485E1,1.201196909E0,-6.269195080E-1,8.025527000E0,8.139102267E0
2.483904037E1,-4.756931305E0,9.092725813E-2,1.036570740E1,1.140546155E1
2.484141594E1,4.666004181E0,-1.292124271E0,1.067677498E1,1.172325484E1
2.484379151E1,-4.115654945E0,-4.307080805E-1,8.934800148E0,9.846561774E0
2.484616709E1,1.804188251E0,-5.838487148E-1,1.164826107E1,1.180160839E1
2.484854266E1,1.785045743E0,-7.609176040E-1,8.154739380E0,8.382431524E0
2.485091823E1,-5.374279499E0,-4.450650215E-1,1.000678444E1,1.136735228E1
2.485329381E1,5.197210789E0,-1.062413216E0,1.161954689E1,1.277315904E1
2.485566938E1,-3.680161238E0,1.339980662E-1,8.413164139E0,9.183837599E0
2.485804495E1,1.962114573E-1,-7.896314859E-1,1.136590767E1,1.139499337E1
2.486042053E1,2.550748825E0,-1.234696507E0,8.441878319E0,8.904836022E0
2.486279605E1,-5.053641319E0,-3.349951655E-2,1.024606609E1,1.142463493E1
2.486517162E1,5.144568920E0,-7.800601721E-1,1.134197903E1,1.247860455E1
2.486754719E1,-3.675375462E0,-4.163511395E-1,8.006384850E0,8.819519908E0
2.486992276E1,-8.709874153E-1,-9.140582681E-1,1.158604717E1,1.165463902E1
2.487229834E1,3.661018610E0,-1.014556766E0,9.054440498E0,9.819128038E0
2.487467391E1,-4.886143684E0,3.589234054E-1,9.662218094E0,1.083335980E1
2.487704948E1,4.297509670E0,-6.891329288E-1,1.144726372E1,1.224676856E1
2.487942506E1,-3.235096216E0,-9.236295223E-1,7.680960655E0,8.385469314E0
2.488180063E1,-1.411765337E0,-6.077769399E-1,1.183490086E1,1.193429313E1
2.488417620E1,4.737788677E0,-7.657032609E-1,9.418149948E0,1.057045370E1
2.488655172E1,-5.441278458E0,1.866401732E-1,8.786444664E0,1.033653499E1
2.488892730E1,3.555734396E0,-1.138983607E0,1.166261768E1,1.224570055E1
2.489130287E1,-2.091326952E0,-7.848458290E-1,8.106883049E0,8.408994242E0
2.489367844E1,-1.718046665E0,-1.052841991E-1,1.196889877E1,1.209203486E1
2.489605401E1,4.675575256E0,-4.115654826E-1,9.274580956E0,1.039462563E1
2.489842959E1,-5.828916073E0,-5.407779217E-1,8.269595146E0,1.013187580E1
2.490080516E1,3.402593851E0,-8.039883971E-1,1.212203979E1,1.261617577E1
2.490318073E1,-6.987041831E-1,-5.790630579E-1,8.111668587E0,8.162271058E0
2.490555631E1,-2.699103832E0,-1.483550072E-1,1.112662506E1,1.145028192E1
2.490793183E1,4.522434711E0,-9.427721500E-1,9.877572060E0,1.090447912E1
2.491030740E1,-5.513063431E0,-3.924229145E-1,8.408378601E0,1.006224104E1
2.491268297E1,3.034099102E0,-8.901300430E-1,1.222253799E1,1.262491679E1
2.491505854E1,4.977070987E-1,-1.292124242E-1,8.336593628E0,8.352436861E0
2.491743412E1,-3.876372576E0,-4.929214716E-1,1.048056316E1,1.118532253E1
2.491980969E1,4.551148891E0,-1.191625714E0,1.029870892E1,1.132238197E1
2.492218526E1,-5.044070244E0,-2.440679073E-1,8.729017258E0,1.008454045E1
2.492456084E1,2.852244616E0,-6.747759581E-1,1.206461143E1,1.241553346E1
2.492693641E1,7.609176040E-1,-5.838487148E-1,8.011170387E0,8.068378145E0
2.492931198E1,-4.728217602E0,-3.349951804E-1,1.044227791E1,1.146775616E1
2.493168756E1,4.709074974E0,-1.244267821E0,1.093998528E1,1.197526064E1
2.493406308E1,-4.225724697E0,-2.249253243E-1,8.776873589E0,9.743759573E0
2.493643865E1,1.598405480E0,-5.790630579E-1,1.167218876E1,1.179534673E1
2.493881422E1,1.564906001E0,-1.076770186E0,8.188239098E0,8.405689998E0
2.494118980E1,-5.297709465E0,-3.924229145E-1,1.006899738E1,1.138439413E1
2.494356537E1,5.211567879E0,-1.028913736E0,1.153340530E1,1.269797390E1
2.494594094E1,-3.962514400E0,-2.297109663E-1,8.279166222E0,9.181442198E0
2.494831651E1,2.344966233E-1,-4.067798555E-1,1.180140114E1,1.181073780E1
2.495069209E1,2.464607239E0,-1.306481123E0,8.274380684E0,8.731927477E0
2.495306766E1,-5.201996326E0,-3.254238665E-1,9.992427826E0,1.127010560E1
2.495544318E1,5.024927616E0,-9.092726111E-1,1.168654537E1,1.275350999E1
2.495781875E1,-3.665804386E0,-5.072783828E-1,8.006384850E0,8.820297700E0
2.496019433E1,-1.062413216E0,-9.284151793E-1,1.172004509E1,1.180466575E1
2.496256990E1,3.833301783E0,-1.153340459E0,9.049654961E0,9.895486430E0
2.496494547E1,-5.134997368E0,1.196411327E-1,9.652647018E0,1.093417150E1
2.496732105E1,4.273581028E0,-7.752745152E-1,1.163390350E1,1.241822274E1
2.496969662E1,-3.177668571E0,-6.269195080E-1,7.814958572E0,8.459561638E0
2.497207219E1,-1.741974831E0,-1.038485050E0,1.167697430E1,1.185177861E1
2.497444776E1,4.785645485E0,-8.949156404E-1,9.762716293E0,1.090934948E1
2.497682334E1,-5.474778175E0,1.004985496E-1,8.839086533E0,1.039772796E1
2.497919886E1,3.330809116E0,-1.124626637E0,1.179183006E1,1.230472798E1
2.498157443E1,-1.952543259E0,-8.757730722E-1,8.020741463E0,8.301306961E0
2.498395000E1,-2.081755638E0,-2.679961324E-1,1.192104244E1,1.210441165E1
2.498632558E1,4.838287354E0,-5.694918036E-1,9.552147865E0,1.072272700E1
2.498870115E1,-5.843272686E0,-2.871387303E-1,8.365307808E0,1.020806833E1
2.499107672E1,3.067598581E0,-1.143769264E0,1.204068375E1,1.247783772E1
2.499345230E1,-2.009970993E-1,-6.460621357E-1,8.303094864E0,8.330617050E0
2.499582787E1,-3.110669374E0,-1.052841991E-1,1.093998528E1,1.137412091E1
2.499820344E1,4.455435753E0,-1.024128079E0,1.023170948E1,1.120658846E1
2.500057896E1,-5.517848969E0,-4.546363056E-1,8.279166222E0,9.959816501E0
2.500295459E1,2.847458839E0,-6.939185858E-1,1.225125217E1,1.259693315E1
2.500533011E1,1.004985452E0,-1.244267747E-1,8.173882484E0,8.236372542E0
2.500770568E1,-4.493721008E0,-6.269195080E-1,1.029392338E1,1.124950733E1
2.501008125E1,4.594219685E0,-9.714859724E-1,1.073898792E1,1.172077221E1
2.501245683E1,-4.689932346E0,-2.009970993E-1,8.398807526E0,9.621633598E0
2.501483240E1,2.301895380E0,-5.407779217E-1,1.194975662E1,1.218145502E1
2.501720797E1,1.392622828E0,-6.412764788E-1,8.173882484E0,8.316428845E0
2.501958355E1,-5.082355499E0,-5.312066078E-1,9.997213364E0,1.122750163E1
2.502195912E1,4.761716843E0,-8.997012973E-1,1.148076344E1,1.246159455E1
2.502433469E1,-3.814159393E0,-1.579262912E-1,8.408378601E0,9.234369675E0
2.502671026E1,9.571290612E-1,-3.493520916E-1,1.157647610E1,1.162122807E1
2.502908579E1,2.287538528E0,-9.427721500E-1,8.173882484E0,8.540140907E0
2.503146136E1,-5.508277893E0,-5.072783828E-1,9.533005714E0,1.102164483E1
2.503383693E1,5.187639713E0,-9.284151793E-1,1.207896900E1,1.317858311E1
2.503621250E1,-3.388236761E0,-2.105683982E-1,8.082955360E0,8.766906795E0
2.503858808E1,-5.934200287E-1,-1.914258152E-1,1.160519028E1,1.162192895E1
2.504096365E1,3.192025423E0,-1.253839016E0,8.580661774E0,9.240611184E0
2.504333922E1,-5.254638672E0,-1.722832322E-1,9.600004196E0,1.094536384E1
2.504571480E1,4.823930264E0,-7.657032609E-1,1.169133186E1,1.267058978E1
2.504809037E1,-2.809173822E0,-5.407779217E-1,7.747959614E0,8.259223723E0
2.505046589E1,-2.129612207E0,-7.417750359E-1,1.158604717E1,1.180347269E1
2.505284146E1,4.599005222E0,-9.571290612E-1,9.494720459E0,1.059323660E1
2.505521704E1,-5.225924492E0,2.344966233E-1,9.097511292E0,1.049428355E1
2.505759261E1,3.799802303E0,-6.556333899E-1,1.173918819E1,1.235624911E1
2.505996818E1,-1.861616015E0,-9.379864931E-1,7.590033531E0,7.871088988E0
2.506234370E1,-2.756531715E0,-5.886343718E-1,1.148554897E1,1.182636008E1
2.506471933E1,5.302495003E0,-6.987041831E-1,1.018863869E1,1.150708473E1
2.506709490E1,-5.345565796E0,2.871387079E-2,8.370093346E0,9.931483312E0
2.506947047E1,2.545963287E0,-1.062413216E0,1.165783215E1,1.197980389E1
2.507184599E1,-7.657032460E-2,-7.800601721E-1,8.269595146E0,8.306657617E0
2.507422157E1,-3.306880951E0,-1.770688742E-1,1.108833981E1,1.157229859E1
2.507659714E1,4.996213913E0,-6.077769399E-1,1.036570740E1,1.152299597E1
2.507897271E1,-5.431707382E0,-1.483550072E-1,8.001599312E0,9.672178960E0
2.508134828E1,1.842473388E0,-1.062413216E0,1.186361504E1,1.205275038E1
2.508372386E1,1.842473388E0,-7.130611539E-1,8.700303078E0,8.921795673E0
2.508609943E1,-4.307080746E0,5.742774159E-2,1.004506969E1,1.092966915E1
2.508847500E1,4.445864677E0,-8.566305041E-1,1.092084217E1,1.182219617E1
2.509085052E1,-4.761716843E0,-5.455635786E-1,8.078168869E0,9.392997348E0
2.509322615E1,1.277767301E0,-6.843472719E-1,1.219861031E1,1.228442566E1
2.509560172E1,2.904886723E0,-5.551348329E-1,8.422736168E0,8.926871014E0
2.509797724E1,-5.383851051E0,2.488535494E-1,9.523433685E0,1.094274049E1
2.510035282E1,4.182653904E0,-1.263410330E0,1.120319557E1,1.202507340E1
2.510272839E1,-3.517449379E0,-6.652047038E-1,8.484949112E0,9.209196972E0
2.510510396E1,2.105683982E-1,-3.828516304E-1,1.186840057E1,1.187644082E1
2.510747954E1,3.555734396E0,-5.455635786E-1,8.681160927E0,9.396991101E0
2.510985511E1,-6.077769279E0,-7.657032460E-2,8.819944382E0,1.071151536E1
2.511223068E1,4.173082829E0,-1.225125194E0,1.205025482E1,1.281109649E1
2.511460625E1,-1.799402595E0,-2.967100143E-1,8.374878883E0,8.571142447E0
2.511698183E1,-1.646261930E0,-3.397808075E-1,1.115055370E1,1.127654545E1
2.511935735E1,3.943371773E0,-1.105484009E0,9.293723106E0,1.015606051E1
2.512173292E1,-5.881557941E0,-1.148554832E-1,8.853444099E0,1.062964666E1
2.512410849E1,4.216153622E0,-8.183453679E-1,1.204068375E1,1.278372816E1
2.512648407E1,-1.033699393E0,-4.067798555E-1,7.968099594E0,8.045160995E0
2.512885964E1,-3.393022537E0,-4.259224236E-1,1.108355427E1,1.159910286E1
2.513123521E1,4.441078663E0,-1.019342422E0,9.982855797E0,1.097358868E1
2.513361079E1,-5.000999451E0,-7.657032460E-2,8.939585686E0,1.024363465E1
2.513598636E1,3.105883837E0,-7.130611539E-1,1.185882950E1,1.227952799E1
2.513836193E1,9.571290575E-3,-8.518448472E-1,7.733603001E0,7.780382164E0
2.514073745E1,-4.541577339E0,-2.775674164E-1,1.073898792E1,1.166313980E1
2.514311302E1,5.134997368E0,-9.427721500E-1,1.094477081E1,1.212621233E1
2.514548860E1,-4.608576298E0,-4.785645287E-3,8.427521706E0,9.605317303E0
2.514786417E1,1.540977836E0,-8.327022791E-1,1.156690502E1,1.169877334E1
2.515023974E1,1.416550994E0,-9.332008362E-1,8.260024071E0,8.432406428E0
2.515261532E1,-4.905286312E0,-5.742774159E-2,1.040877819E1,1.150685861E1
2.515499089E1,5.187639713E0,-7.657032609E-1,1.105962658E1,1.223982219E1
2.515736646E1,-4.292723656E0,-5.072783828E-1,8.030312538E0,9.119798638E0
2.515974204E1,1.962114573E-1,-7.513462901E-1,1.192582798E1,1.195108335E1
2.516211761E1,2.919243574E0,-8.279166222E-1,8.547162056E0,9.069807506E0
2.516449318E1,-5.000999451E0,1.818545163E-1,9.777072906E0,1.098336111E1
2.516686870E1,4.517649174E0,-1.019342422E0,1.136112213E1,1.226879412E1
2.516924428E1,-3.522234917E0,-6.173482537E-1,7.996813297E0,8.759924691E0
2.517161985E1,-8.470591903E-1,-4.642075896E-1,1.190190029E1,1.194103130E1
2.517399542E1,4.302295208E0,-8.087740541E-1,9.054440498E0,1.005717417E1
2.517637099E1,-5.460421085E0,-1.148554832E-1,8.958727837E0,1.049229215E1
2.517874657E1,3.952943087E0,-1.028913736E0,1.187797165E1,1.256067805E1
2.518112214E1,-2.455035925E0,-4.833501875E-1,7.843672752E0,8.233105796E0
2.518349771E1,-1.473978758E0,-4.498506486E-1,1.169133186E1,1.179246453E1
2.518587329E1,4.584648132E0,-7.226324677E-1,9.480362892E0,1.055549510E1
2.518824886E1,-5.441278458E0,-2.536391914E-1,8.504091263E0,1.009907977E1
2.519062438E1,3.617947817E0,-9.044869542E-1,1.203111267E1,1.259584515E1
2.519299995E1,-1.162911773E0,-5.934200287E-1,8.049455643E0,8.154645747E0
2.519537553E1,-2.258824587E0,-1.818545163E-1,1.128455162E1,1.150984209E1
2.519775110E1,4.560719967E0,-9.810572863E-1,9.700503349E0,1.076394004E1
2.520012667E1,-5.469992638E0,-2.201396823E-1,8.446663857E0,1.006555568E1
2.520250224E1,3.297309637E0,-8.566305041E-1,1.215553856E1,1.262391319E1
2.520487782E1,1.531406492E-1,-3.828516304E-1,8.164310455E0,8.174716670E0
2.520725339E1,-3.440878868E0,-2.153540403E-1,1.078205872E1,1.131984165E1
2.520962896E1,4.603790760E0,-1.186840057E0,1.002114105E1,1.109174227E1
2.521200443E1,-5.245067120E0,-1.818545163E-1,8.762516975E0,1.021398570E1
2.521438006E1,3.139383316E0,-6.604190469E-1,1.199282742E1,1.241449920E1
2.521675563E1,6.795616150E-1,-4.498506486E-1,8.082955360E0,8.123936051E0
2.521913120E1,-4.465006828E0,-5.551348329E-1,1.044706345E1,1.137477891E1
2.522150678E1,4.670789719E0,-9.379864931E-1,1.095434189E1,1.194544689E1
2.522388235E1,-4.364508629E0,-1.435693651E-1,8.671588898E0,9.709068016E0
2.522625792E1,1.971685886E0,-5.551348329E-1,1.168175983E1,1.185998452E1
2.522863349E1,1.301695466E0,-1.110269666E0,8.039883614E0,8.219905008E0
2.523100907E1,-5.091926575E0,-1.722832322E-1,1.033220863E1,1.152006654E1
2.523338454E1,5.201996326E0,-9.284151793E-1,1.136590767E1,1.253421628E1
2.523576016E1,-4.067798615E0,-1.004985496E-1,8.451449394E0,9.379983070E0
2.523813573E1,5.312066078E-1,-7.465606928E-1,1.158126163E1,1.161745043E1
2.524051131E1,2.364108801E0,-1.062413216E0,8.355736732E0,8.748489504E0
2.524288688E1,-5.149354458E0,-1.914258115E-2,1.024128056E1,1.146298588E1
2.524526245E1,4.981856823E0,-7.800601721E-1,1.137069321E1,1.243865167E1
2.524763802E1,-3.924229145E0,-5.982056856E-1,7.877171993E0,8.820842536E0
2.525001360E1,-6.747759581E-1,-6.891329288E-1,1.182532978E1,1.186459655E1
2.525238912E1,3.522234917E0,-9.332008362E-1,9.040083885E0,9.746800463E0
2.525476474E1,-5.139782906E0,1.483550072E-1,9.513862610E0,1.081447915E1
2.525714026E1,4.283152580E0,-8.422735929E-1,1.157169056E1,1.236765310E1
2.525951584E1,-3.206382275E0,-7.274180651E-1,7.886743546E0,8.544632706E0
2.526189141E1,-1.387837172E0,-6.269195080E-1,1.177747345E1,1.187552108E1
2.526426698E1,4.512863636E0,-8.231309652E-1,9.332008362E0,1.039855100E1
2.526664256E1,-5.460421085E0,8.614161611E-2,8.944371223E0,1.047976123E1
2.526901813E1,3.632304668E0,-1.100698471E0,1.165783215E1,1.226010704E1
2.527139370E1,-2.196611166E0,-6.221339107E-1,8.202595711E0,8.514383572E0
2.527376928E1,-1.698904037E0,-4.498506486E-1,1.174875927E1,1.187947747E1
2.527614485E1,4.632504463E0,-6.173482537E-1,9.509077072E0,1.059545956E1
2.527852042E1,-5.704489231E0,-1.148554832E-1,8.480163574E0,1.022093750E1
2.528089594E1,3.225524902E0,-1.191625714E0,1.191625690E1,1.240246594E1
2.528327151E1,-7.944171429E-1,-6.460621357E-1,8.422736168E0,8.484749816E0
2.528564709E1,-2.536391973E0,-2.105683982E-1,1.110269737E1,1.139067655E1
2.528802266E1,4.407579422E0,-9.427721500E-1,9.868000984E0,1.084864135E1
2.529039823E1,-5.618347645E0,-4.163511395E-1,8.350951195E0,1.007360732E1
2.529277381E1,3.196810961E0,-8.518448472E-1,1.227039433E1,1.270857257E1
2.529514938E1,4.498506486E-1,-1.531406492E-1,8.288737297E0,8.302348080E0
2.529752495E1,-3.890729666E0,-4.881358147E-1,1.049970531E1,1.120802684E1
2.529990052E1,4.579862595E0,-1.268195987E0,1.029870892E1,1.134226026E1
2.530227605E1,-4.986642361E0,-2.488535494E-1,8.762516975E0,1.008514917E1
2.530465162E1,2.842673302E0,-6.364908218E-1,1.195932770E1,1.230899797E1
2.530702719E1,8.279166222E-1,-5.024927258E-1,7.982456207E0,8.040991977E0
2.530940276E1,-4.795216560E0,-4.785645306E-1,1.031785107E1,1.138776433E1
2.531177834E1,4.756931305E0,-1.043270707E0,1.104048347E1,1.206685894E1
2.531415391E1,-4.177868366E0,-1.722832322E-1,8.599804878E0,9.562474028E0
2.531652948E1,1.493121386E0,-5.934200287E-1,1.163390350E1,1.174432925E1
2.531890506E1,1.718046665E0,-1.062413216E0,8.149953842E0,8.396556069E0
2.532128063E1,-5.379065514E0,-1.483550072E-1,1.003071213E1,1.138294956E1
2.532365620E1,5.125426292E0,-9.092726111E-1,1.149512005E1,1.261881755E1
2.532603172E1,-3.785445452E0,-1.339980662E-1,8.221738815E0,9.052322459E0
2.532840730E1,-1.914258152E-1,-8.183453679E-1,1.147119141E1,1.150193746E1
2.533078287E1,2.780459881E0,-9.523434043E-1,8.571090698E0,9.060988404E0
2.533315844E1,-5.268995285E0,3.349951655E-2,9.978070259E0,1.128385216E1
2.533553401E1,4.795216560E0,-7.369893789E-1,1.142333508E1,1.241087585E1
2.533790959E1,-3.570091486E0,-5.503492355E-1,7.858029366E0,8.648529529E0
2.534028516E1,-1.402194023E0,-7.704889178E-1,1.164347458E1,1.175288482E1
2.534266073E1,3.986442566E0,-8.709874153E-1,9.332008362E0,1.018512265E1
2.534503631E1,-5.221138954E0,2.009970993E-1,9.135796547E0,1.052442257E1
2.534741188E1,3.895515203E0,-7.322037220E-1,1.171525955E1,1.236763791E1
2.534978740E1,-2.718246460E0,-8.374879360E-1,7.685746193E0,8.195178119E0
2.535216297E1,-2.120040894E0,-5.599204898E-1,1.171525955E1,1.191869920E1
2.535453854E1,4.881358147E0,-7.274180651E-1,9.743574142E0,1.092218071E1
2.535691412E1,-5.508277893E0,2.871387079E-2,8.528019905E0,1.015229399E1
2.535928969E1,3.144168854E0,-1.095912814E0,1.185404301E1,1.231280465E1
2.536166526E1,-1.335195065E0,-5.982056856E-1,8.078168869E0,8.209592449E0
2.536404084E1,-2.593819857E0,-2.679961324E-1,1.139462185E1,1.168918861E1
2.536641641E1,4.833501816E0,-6.412764788E-1,9.987641335E0,1.111426807E1
2.536879198E1,-5.546562672E0,-3.541377485E-1,8.188239098E0,9.896313987E0
2.537116756E1,2.761317253E0,-9.523434043E-1,1.218903828E1,1.253413280E1
2.537354308E1,3.541377485E-1,-6.699903607E-1,8.231309891E0,8.266121409E0
2.537591865E1,-3.512663603E0,-2.392822690E-2,1.077248764E1,1.133074879E1
2.537829422E1,4.599005222E0,-9.523434043E-1,1.040399265E1,1.141494065E1
2.538066980E1,-5.120640278E0,-4.163511395E-1,8.216953278E0,9.690852712E0
2.538304537E1,2.493321180E0,-7.752745152E-1,1.221296692E1,1.248896561E1
2.538542094E1,1.612762451E0,-5.072783828E-1,8.260024071E0,8.431271063E0
2.538779651E1,-4.541577339E0,-1.435693540E-2,1.019342422E1,1.115939193E1
2.539017209E1,4.589433670E0,-1.210768223E0,1.072941685E1,1.173240159E1
2.539254766E1,-4.259224415E0,-4.019941986E-1,8.614161491E0,9.618023194E0
2.539492318E1,1.842473388E0,-5.072783828E-1,1.194497108E1,1.209687454E1
2.539729875E1,2.220539331E0,-6.364908218E-1,8.216953278E0,8.535469328E0
2.539967433E1,-5.331208706E0,-4.546363056E-1,9.700503349E0,1.107827810E1
2.540204990E1,4.785645485E0,-9.427721500E-1,1.181097221E1,1.277850878E1
2.540442547E1,-3.282952785E0,-2.105683982E-1,8.360522270E0,8.984456059E0
2.540680104E1,2.153540403E-1,-3.158525825E-1,1.149990559E1,1.150625781E1
2.540917662E1,2.976671457E0,-8.949156404E-1,8.595019341E0,9.139792363E0
2.541155219E1,-5.580062389E0,-5.072783828E-1,9.279366493E0,1.083979106E1
2.541392776E1,5.000999451E0,-8.757730722E-1,1.218425274E1,1.319973442E1
2.541630334E1,-2.723032236E0,-2.584248483E-1,7.987242222E0,8.442613711E0
2.541867886E1,-1.512263894E0,-1.292124242E-1,1.160997581E1,1.170876494E1
2.542105443E1,3.737588882E0,-1.153340459E0,8.867800713E0,9.692143950E0
2.542343000E1,-5.335994720E0,-3.014956415E-1,9.379864693E0,1.079562879E1
2.542580558E1,4.388436794E0,-8.374879360E-1,1.184447193E1,1.265903941E1
2.542818115E1,-1.957328916E0,-5.742774606E-1,7.733603001E0,7.998096427E0
2.543055672E1,-3.163311481E0,-6.269195080E-1,1.138983536E1,1.183756381E1
2.543293230E1,4.823930264E0,-9.284151793E-1,1.001156998E1,1.115185148E1
2.543530787E1,-5.139782906E0,1.435693651E-1,8.824729919E0,1.021341464E1
2.543768344E1,3.067598581E0,-7.322037220E-1,1.174397373E1,1.216006589E1
2.544005901E1,-8.039883971E-1,-9.619147182E-1,7.776673794E0,7.877076397E0
2.544243454E1,-3.828516245E0,-3.972085714E-1,1.125583744E1,1.189576344E1
2.544481011E1,5.288137913E0,-7.752745152E-1,1.052841949E1,1.180733121E1
2.544718568E1,-5.192425251E0,-1.866401732E-1,8.240880966E0,9.742085693E0
2.544956125E1,1.655833244E0,-1.009771109E0,1.183490086E1,1.199276030E1
2.545193683E1,1.014556766E0,-7.896314859E-1,8.413164139E0,8.510826878E0
2.545431240E1,-4.268795490E0,-7.657032460E-2,1.059541893E1,1.142328238E1
2.545668797E1,4.771288395E0,-7.369893789E-1,1.097348499E1,1.198856619E1
2.545906355E1,-4.876572609E0,-5.886343718E-1,7.910671711E0,9.311615206E0
2.546143912E1,7.896314859E-1,-8.518448472E-1,1.207896900E1,1.213468787E1
2.546381469E1,2.857030153E0,-7.848458290E-1,8.752944946E0,9.240814331E0
2.546619021E1,-5.082355499E0,6.221338734E-2,9.609575272E0,1.087097718E1
2.546856579E1,4.206582069E0,-1.268195987E0,1.140897846E1,1.222572874E1
2.547094136E1,-3.905086517E0,-5.264210105E-1,8.193024635E0,9.091340521E0
2.547331693E1,-9.571290575E-3,-6.269195080E-1,1.191625690E1,1.193274060E1
2.547569250E1,3.728017569E0,-6.125625968E-1,8.977870941E0,9.740406283E0
2.547806808E1,-5.699703693E0,-1.483550072E-1,9.044869423E0,1.069197336E1
2.548044365E1,4.005585194E0,-1.177268744E0,1.163868904E1,1.236485977E1
2.548281922E1,-2.488535643E0,-4.977070987E-1,8.350951195E0,8.728052925E0
2.548519474E1,-1.148554921E0,-3.637090325E-1,1.152861977E1,1.159139924E1
2.548757032E1,4.029513359E0,-9.427721500E-1,9.293723106E0,1.017345007E1
2.548994589E1,-5.742774487E0,-3.014956415E-1,8.705088615E0,1.043306888E1
2.549232146E1,3.866801500E0,-9.092726111E-1,1.227517986E1,1.290189797E1
2.549469704E1,-8.231309652E-1,-3.541377485E-1,8.240880966E0,8.289455786E0
2.549707261E1,-2.833101988E0,-1.914258152E-1,1.105962658E1,1.141833836E1
2.549944818E1,4.388436794E0,-1.076770186E0,9.705288887E0,1.070562674E1
2.550182375E1,-5.484349728E0,-5.024927258E-1,8.518448830E0,1.014369564E1
2.550419933E1,3.617947817E0,-7.752745152E-1,1.230389404E1,1.284820632E1
2.550657490E1,2.057827413E-1,-1.244267747E-1,8.011170387E0,8.014778820E0
2.550895037E1,-4.369294167E0,-6.173482537E-1,1.041356373E1,1.130991423E1
2.551132599E1,4.637290478E0,-1.038485050E0,1.078205872E1,1.178285637E1
2.551370157E1,-4.359723091E0,-1.339980662E-1,8.681160927E0,9.715333033E0
2.551607714E1,2.340180635E0,-5.503492355E-1,1.166261768E1,1.190781176E1
2.551845271E1,1.138983607E0,-9.571290612E-1,7.992027760E0,8.129322691E0
2.552082828E1,-5.187639713E0,-2.919243574E-1,1.023170948E1,1.147539561E1
2.552320386E1,5.221138954E0,-9.667003751E-1,1.135155106E1,1.253205941E1
2.552557943E1,-3.962514400E0,-1.531406492E-1,8.422736168E0,9.309535809E0
2.552795495E1,4.307080805E-1,-8.566305041E-1,1.156211948E1,1.160180728E1
2.553033058E1,2.555534601E0,-9.427721500E-1,8.451449394E0,8.879559296E0
2.553270610E1,-5.321637630E0,-9.571290575E-3,9.930213928E0,1.126628010E1
2.553508167E1,4.991427898E0,-8.231309652E-1,1.159561825E1,1.265109717E1
2.553745724E1,-3.488735437E0,-6.891329288E-1,7.877171993E0,8.642685795E0
2.553983282E1,-1.191625714E0,-6.556333899E-1,1.177747345E1,1.185574577E1
2.554220839E1,3.914657831E0,-8.518448472E-1,9.174081802E0,1.001069241E1
2.554458396E1,-5.264209747E0,1.866401732E-1,9.250652313E0,1.064524810E1
2.554695954E1,4.053441525E0,-1.014556766E0,1.165783215E1,1.238405281E1
2.554933511E1,-2.330609322E0,-6.747759581E-1,7.858029366E0,8.224091920E0
2.555171068E1,-2.311466694E0,-4.498506486E-1,1.170568848E1,1.194020044E1
2.555408625E1,4.881358147E0,-8.422735929E-1,9.662218094E0,1.085797130E1
2.555646178E1,-5.436492920E0,-7.657032460E-2,8.671588898E0,1.023512444E1
2.555883735E1,3.168097258E0,-1.048056364E0,1.178704453E1,1.225029310E1
2.556121292E1,-9.092726111E-1,-5.647061467E-1,8.092526436E0,8.163005196E0
2.556358849E1,-3.000599623E0,-3.062812984E-1,1.126540947E1,1.166219777E1
2.556596407E1,5.005784988E0,-6.508477330E-1,1.028913784E1,1.146070869E1
2.556833964E1,-5.379065514E0,-3.445664644E-1,8.106883049E0,9.735225966E0
2.557071521E1,2.344966173E0,-8.566305041E-1,1.211725426E1,1.237176353E1
2.557309078E1,9.188438654E-1,-7.465606928E-1,8.307880402E0,8.391811705E0
2.557546636E1,-3.929014683E0,1.435693540E-2,1.055234814E1,1.126008054E1
2.557784188E1,4.646861553E0,-1.076770186E0,1.057627583E1,1.160217077E1
2.558021745E1,-4.871787071E0,-3.254238665E-1,8.341380119E0,9.665341807E0
2.558259302E1,1.603191137E0,-6.795616150E-1,1.202632618E1,1.215173021E1
2.558496860E1,2.502892494E0,-4.546363056E-1,8.494520187E0,8.867245244E0
2.558734412E1,-4.962714195E0,-4.785645287E-3,9.633503914E0,1.083664859E1
2.558971974E1,4.441078663E0,-1.167697430E0,1.113141060E1,1.204138692E1
2.559209532E1,-4.010370731E0,-4.307080805E-1,8.370093346E0,9.291234873E0
2.559447089E1,8.853443861E-1,-4.450650215E-1,1.182054424E1,1.186200589E1
2.559684646E1,3.091526747E0,-5.216353536E-1,8.614161491E0,9.166974379E0
2.559922204E1,-5.613562107E0,-1.818545163E-1,9.140582085E0,1.072825202E1
2.560159756E1,4.407579422E0,-9.427721500E-1,1.183490086E1,1.266414047E1
2.560397313E1,-2.584248543E0,-3.014956415E-1,8.312665939E0,8.710318890E0
2.560634870E1,-7.034898400E-1,-3.780659735E-1,1.135155106E1,1.137961085E1
2.560872428E1,3.641875982E0,-9.810572863E-1,8.949156761E0,9.711495292E0
2.561109985E1,-5.838487148E0,4.785645381E-2,9.078369141E0,1.079384124E1
2.561347542E1,4.469792843E0,-9.092726111E-1,1.189711380E1,1.274155177E1
2.561585099E1,-1.761117458E0,-2.344966233E-1,7.982456207E0,8.177782736E0
2.561822657E1,-2.383251429E0,-6.460621357E-1,1.131326580E1,1.157960564E1
2.562060214E1,4.254438877E0,-8.997012973E-1,9.513862610E0,1.046055899E1
2.562297771E1,-5.383851051E0,1.914258115E-2,8.925228119E0,1.042333515E1
2.562535323E1,3.847658873E0,-8.039883971E-1,1.181097221E1,1.244788901E1
2.562772881E1,-8.853443861E-1,-6.987041831E-1,7.819744587E0,7.900659949E0
2.563010438E1,-3.699303865E0,-3.972085714E-1,1.106441212E1,1.167321032E1
2.563247995E1,4.881358147E0,-8.901300430E-1,1.028435135E1,1.141875087E1
2.563485553E1,-4.852644444E0,8.135596663E-2,8.738588333E0,9.995884300E0
2.563723110E1,2.541177750E0,-8.805587292E-1,1.160040379E1,1.190807860E1
2.563960667E1,3.254238665E-1,-8.805587292E-1,7.920242786E0,7.975683680E0
2.564198224E1,-4.465006828E0,-2.201396823E-1,1.079162979E1,1.168092552E1
2.564435782E1,5.312066078E0,-8.327022791E-1,1.080598736E1,1.206983023E1
2.564673339E1,-4.728217602E0,-2.392822653E-1,8.279166222E0,9.537184648E0
2.564910891E1,1.115055323E0,-9.140582681E-1,1.183011532E1,1.191765410E1
2.565148448E1,1.823330879E0,-7.657032609E-1,8.370093346E0,8.600540657E0
2.565386006E1,-4.709074974E0,1.914258115E-2,1.015513897E1,1.119386444E1
2.565623563E1,4.881358147E0,-7.561319470E-1,1.127019501E1,1.230514886E1
2.565861120E1,-4.249652863E0,-6.125625968E-1,7.867600918E0,8.962919535E0
2.566098678E1,-9.092725813E-2,-8.183453679E-1,1.190668583E1,1.193512146E1
2.566336235E1,3.426522017E0,-8.566305041E-1,9.064012527E0,9.727856498E0
2.566573792E1,-5.211567879E0,2.249253243E-1,9.336793900E0,1.069517421E1
2.566811344E1,4.120440483E0,-1.076770186E0,1.145683479E1,1.222278721E1
2.567048901E1,-3.340380430E0,-6.556333899E-1,8.035098076E0,8.726442439E0
2.567286459E1,-8.709874153E-1,-5.264210105E-1,1.200718403E1,1.205023678E1
2.567524016E1,4.417150497E0,-6.221339107E-1,9.188439369E0,1.021399467E1
2.567761573E1,-5.737988472E0,2.536391914E-1,8.738588333E0,1.045713969E1
2.567999131E1,3.517449379E0,-1.105484009E0,1.150469112E1,1.208107871E1
2.568236688E1,-1.933400750E0,-8.518448472E-1,8.197810173E0,8.465681883E0
2.568474245E1,-1.813759565E0,-3.158525825E-1,1.186361504E1,1.200561737E1
2.568711802E1,4.637290478E0,-5.982056856E-1,9.432506561E0,1.052779621E1
2.568949360E1,-5.900700569E0,3.828516230E-2,8.403593063E0,1.026840345E1
2.569186917E1,3.010170937E0,-1.244267821E0,1.193061352E1,1.236724991E1
2.569424469E1,-2.871387079E-2,-4.163511395E-1,8.614161491E0,8.624265242E0
2.569662026E1,-3.192025423E0,-1.292124242E-1,1.061934662E1,1.108946549E1
2.569899584E1,4.369294167E0,-1.009771109E0,1.028913784E1,1.122393544E1
2.570137141E1,-5.412564754E0,-4.259224236E-1,8.327022552E0,9.940652480E0
2.570374698E1,2.823530674E0,-6.173482537E-1,1.228475189E1,1.262016535E1
2.570612256E1,1.253839016E0,-8.614161611E-2,8.106883049E0,8.203723876E0
2.570849813E1,-4.881358147E0,-6.364908218E-1,1.004985523E1,1.119072688E1
2.571087370E1,4.675575256E0,-9.619147182E-1,1.121755219E1,1.219097047E1
2.571324928E1,-4.182653904E0,-2.536391914E-1,8.384450912E0,9.373256831E0
2.571562480E1,1.555334687E0,-4.498506486E-1,1.173440266E1,1.184557459E1
2.571800037E1,2.019542217E0,-9.092726111E-1,8.384450912E0,8.672043851E0
2.572037594E1,-5.474778175E0,-2.632105052E-1,9.638289452E0,1.108779056E1
2.572275151E1,4.919643402E0,-9.475577474E-1,1.178225899E1,1.280321771E1
2.572512709E1,-3.125026464E0,-1.914258152E-1,8.255238533E0,8.829008862E0
2.572750266E1,-4.689932466E-1,-3.924229145E-1,1.160040379E1,1.161651059E1
2.572987823E1,3.402593851E0,-1.287338614E0,8.618947029E0,9.355273033E0
2.573225381E1,-5.565705299E0,-7.178468257E-2,9.489934921E0,1.100186772E1
2.573462938E1,4.795216560E0,-8.279166222E-1,1.183011532E1,1.279184022E1
2.573700495E1,-2.426322222E0,-3.014956415E-1,7.901100159E0,8.270751046E0
2.573938047E1,-2.220539331E0,-9.858429432E-1,1.135633659E1,1.161331400E1
2.574175605E1,4.503292084E0,-9.332008362E-1,9.805787086E0,1.083069544E1
2.574413162E1,-5.168497086E0,1.100698411E-1,9.083154678E0,1.045127631E1
2.574650719E1,3.732803345E0,-7.130611539E-1,1.172961617E1,1.232988939E1
2.574888276E1,-1.143769264E0,-5.647061467E-1,7.771887779E0,7.875870797E0
2.575125834E1,-3.665804386E0,-9.714859724E-1,1.093041420E1,1.156960939E1
2.575363391E1,5.278566837E0,-9.810572863E-1,1.081077290E1,1.207056552E1
2.575600948E1,-4.972285271E0,3.349951655E-2,8.494520187E0,9.842845942E0
2.575838506E1,2.297109842E0,-5.120640397E-1,1.176790142E1,1.200093442E1
2.576076058E1,4.163511395E-1,-1.172483087E0,7.905886173E0,8.003193178E0
2.576313615E1,-4.354937077E0,-3.445664644E-1,1.069591713E1,1.155365078E1
2.576551172E1,5.359922886E0,-7.417750359E-1,1.124626637E1,1.248028488E1
2.576788730E1,-4.661218643E0,-1.579262912E-1,8.001599312E0,9.261613871E0
2.577026287E1,2.632105052E-1,-1.191625714E0,1.169133186E1,1.175484974E1
2.577263844E1,2.813959360E0,-1.000199914E0,8.863015175E0,9.352636267E0
2.577501401E1,-4.790431023E0,5.216353536E-1,9.882357597E0,1.099460434E1
2.577738959E1,4.206582069E0,-1.009771109E0,1.113619614E1,1.194695923E1
2.577976516E1,-3.699303865E0,-8.231309652E-1,8.078168869E0,8.922959484E0
2.578214063E1,-9.332008362E-1,-5.982056856E-1,1.207418346E1,1.212495856E1
2.578451625E1,4.512863636E0,-6.987041831E-1,9.126225471E0,1.020500451E1
2.578689183E1,-5.733202934E0,1.100698411E-1,8.848658562E0,1.054421593E1
2.578926740E1,3.460021496E0,-1.311266780E0,1.157169056E1,1.214887615E1
2.579164297E1,-1.981257200E0,-5.599204898E-1,8.322237015E0,8.573127783E0
2.579401854E1,-2.076970100E0,-4.211367965E-1,1.152383423E1,1.171707798E1
2.579639412E1,4.666004181E0,-5.790630579E-1,9.839286804E0,1.090497473E1
2.579876969E1,-5.790630817E0,-2.632105052E-1,8.126026154E0,9.981632436E0
2.580114526E1,2.837887764E0,-1.014556766E0,1.201196957E1,1.238427815E1
2.580352084E1,3.302095234E-1,-5.647061467E-1,8.508877754E0,8.533986876E0
2.580589636E1,-3.699303865E0,-1.148554832E-1,1.049491978E1,1.112840429E1
2.580827193E1,4.450650215E0,-1.067198873E0,1.052841949E1,1.148019241E1
2.581064750E1,-5.168497086E0,-3.732803464E-1,8.379665375E0,9.852486596E0
2.581302308E1,1.899901152E0,-8.327022791E-1,1.205025482E1,1.222749601E1
2.581539865E1,2.124826431E0,-4.737788737E-1,8.518448830E0,8.792230903E0
2.581777422E1,-5.077569485E0,4.785645381E-2,9.724431038E0,1.097034918E1
2.582014980E1,4.302295208E0,-1.387837172E0,1.109312534E1,1.197886747E1
2.582252537E1,-3.885943890E0,-5.886343718E-1,8.551948547E0,9.411847549E0
2.582490094E1,6.412764788E-1,-5.264210105E-1,1.185882950E1,1.188781694E1
2.582727651E1,3.215953588E0,-6.029912829E-1,8.824729919E0,9.411791228E0
2.582965204E1,-5.910272121E0,-3.206382394E-1,8.915657043E0,1.070154503E1
2.583202761E1,4.206582069E0,-1.052842021E0,1.214118195E1,1.289232749E1
2.583440318E1,-2.024327993E0,-3.206382394E-1,8.322237015E0,8.570900865E0
2.583677875E1,-1.502692580E0,-5.407779217E-1,1.121755219E1,1.133066648E1
2.583915433E1,3.976871252E0,-1.196411371E0,9.451649666E0,1.032378741E1
2.584152990E1,-5.814558983E0,-1.052841991E-1,9.016156197E0,1.072899126E1
2.584390547E1,4.096512318E0,-9.475577474E-1,1.198804188E1,1.270403192E1
2.584628104E1,-9.236295223E-1,-3.732803464E-1,7.968099594E0,8.030133302E0
2.584865662E1,-3.407379389E0,-7.417750359E-1,1.101177025E1,1.155073801E1
2.585103219E1,4.584648132E0,-9.140582681E-1,1.047099209E1,1.146717822E1
2.585340771E1,-4.934000492E0,-1.339980662E-1,8.729017258E0,1.002786411E1
2.585578328E1,2.837887764E0,-7.944171429E-1,1.186361504E1,1.222415916E1
2.585815886E1,6.460621357E-1,-1.057627559E0,8.039883614E0,8.134844858E0
2.586053443E1,-4.857429981E0,-2.584248483E-1,1.043749237E1,1.151532268E1
2.586291000E1,5.106283665E0,-9.954141974E-1,1.124626637E1,1.239126666E1
2.586528558E1,-4.168296814E0,-1.004985496E-1,8.518448830E0,9.484132472E0
2.586766115E1,7.513462901E-1,-7.896314859E-1,1.162911797E1,1.168008663E1
2.587003672E1,2.450250387E0,-1.024128079E0,8.446663857E0,8.854303789E0
2.587241230E1,-5.331208706E0,-1.579262912E-1,9.896714211E0,1.124240540E1
2.587478782E1,5.029713154E0,-8.614161611E-1,1.162911797E1,1.269946601E1
2.587716339E1,-3.455235958E0,-4.211367965E-1,7.948956966E0,8.677668384E0
2.587953896E1,-1.330409408E0,-8.566305041E-1,1.156211948E1,1.166989340E1
2.588191454E1,3.991228104E0,-8.183453679E-1,9.360722542E0,1.020895281E1
2.588429011E1,-5.192425251E0,1.435693651E-1,9.193224907E0,1.055922707E1
2.588666568E1,4.058227062E0,-8.327022791E-1,1.173918819E1,1.244874048E1
2.588904125E1,-2.038684845E0,-8.327022791E-1,7.771887779E0,8.077862876E0
2.589141683E1,-2.833101988E0,-5.216353536E-1,1.146162033E1,1.181809252E1
2.589379240E1,5.139782906E0,-7.992027402E-1,1.013121128E1,1.138848257E1
2.589616792E1,-5.268995285E0,9.571290761E-2,8.537590981E0,1.003304201E1
2.589854349E1,2.679961443E0,-1.153340459E0,1.164826107E1,1.200809617E1
2.590091907E1,-9.571290575E-3,-6.317051649E-1,8.183453560E0,8.207804529E0
2.590329464E1,-3.728017569E0,-1.627119333E-1,1.100219822E1,1.161778618E1
2.590567021E1,5.178068161E0,-6.269195080E-1,1.063370419E1,1.184403152E1
2.590804579E1,-4.953142643E0,-2.392822690E-2,8.059026718E0,9.459498203E0
2.591042136E1,1.301695466E0,-1.277767301E0,1.161954689E1,1.176184383E1
2.591279693E1,2.292324066E0,-8.949156404E-1,8.652446747E0,8.995579933E0
2.591517250E1,-4.622933388E0,2.201396823E-1,1.007378292E1,1.108607581E1
2.591754808E1,4.709074974E0,-5.934200287E-1,1.117448139E1,1.214069886E1
2.591992360E1,-4.244867325E0,-6.364908218E-1,7.776673794E0,8.882605162E0
2.592229917E1,-1.674975902E-1,-9.714859724E-1,1.185882950E1,1.189973435E1
2.592467474E1,4.307080746E0,-5.838487148E-1,9.518648148E0,1.046405688E1
2.592705032E1,-5.412564754E0,2.057827413E-1,8.786444664E0,1.032181251E1
2.592942589E1,3.761517286E0,-1.268195987E0,1.148554897E1,1.215216724E1
2.593180146E1,-2.388036966E0,-7.130611539E-1,8.245666504E0,8.614069471E0
2.593417704E1,-1.349551916E0,-2.823530734E-1,1.179661560E1,1.187691682E1
2.593655261E1,4.603790760E0,-4.354937077E-1,9.475577354E0,1.054377116E1
2.593892818E1,-5.843272686E0,-3.972085714E-1,8.240880966E0,1.011008058E1
2.594130375E1,3.110669374E0,-1.148554921E0,1.230389404E1,1.274289021E1
2.594367928E1,5.742774159E-2,-5.694918036E-1,8.327022552E0,8.346671399E0
2.594605485E1,-3.393022537E0,-1.387837082E-1,1.055713367E1,1.108985727E1
2.594843042E1,4.407579422E0,-1.076770186E0,1.043270683E1,1.137662350E1
2.595080599E1,-5.307280540E0,-3.732803464E-1,8.432307243E0,9.970474933E0
2.595318157E1,2.282752752E0,-8.662018180E-1,1.206939697E1,1.231387871E1
2.595555714E1,1.785045743E0,-4.498506486E-1,8.465806961E0,8.663639040E0
2.595793271E1,-5.077569485E0,5.742774159E-2,9.882357597E0,1.111062561E1
2.596030828E1,4.321437836E0,-1.339980721E0,1.097348499E1,1.186961441E1
2.596268386E1,-4.086941242E0,-5.359922647E-1,8.690732002E0,9.618690096E0
2.596505943E1,7.513462901E-1,-5.407779217E-1,1.179183006E1,1.182811136E1
2.596743495E1,2.933600664E0,-5.407779217E-1,8.729017258E0,9.224651533E0
2.596981053E1,-5.938985825E0,-3.062812984E-1,8.930013657E0,1.072895637E1
2.597218610E1,4.187439442E0,-1.067198873E0,1.222732353E1,1.296846187E1
2.597456167E1,-2.220539331E0,-2.919243574E-1,8.212167740E0,8.512092207E0
2.597693724E1,-1.646261930E0,-5.120640397E-1,1.117926693E1,1.131142772E1
2.597931282E1,3.852444410E0,-1.067198873E0,9.403793335E0,1.021819800E1
2.598168839E1,-5.824130535E0,-4.785645381E-2,8.992227554E0,1.071368019E1
2.598406396E1,3.981656790E0,-8.662018180E-1,1.204546928E1,1.271602244E1
2.598643954E1,-8.901300430E-1,-3.780659735E-1,7.925028801E0,7.983817813E0
2.598881506E1,-3.704089403E0,-7.178468108E-1,1.094477081E1,1.157685581E1
2.599119063E1,4.594219685E0,-7.944171429E-1,1.052363396E1,1.151020524E1
2.599356620E1,-4.934000492E0,1.914258115E-2,8.652446747E0,9.960399691E0
2.599594178E1,2.584248543E0,-5.790630579E-1,1.179661560E1,1.209023549E1
2.599831735E1,8.374879360E-1,-9.379864931E-1,7.920242786E0,8.019442032E0
2.600069292E1,-5.091926575E0,-2.392822653E-1,1.022213840E1,1.142265669E1
2.600306849E1,5.125426292E0,-8.327022791E-1,1.142333508E1,1.254814616E1
2.600544407E1,-3.967299938E0,1.435693540E-2,8.283951759E0,9.184962258E0
2.600781964E1,2.871387303E-1,-6.125625968E-1,1.147119141E1,1.149112326E1
2.601019516E1,2.780459881E0,-9.044869542E-1,8.518448830E0,9.006276937E0
2.601257073E1,-5.402993679E0,1.435693540E-2,9.676574707E0,1.108280853E1
2.601494631E1,4.900500774E0,-7.752745152E-1,1.167218876E1,1.268289986E1
2.601732188E1,-3.000599623E0,-3.828516304E-1,7.733603001E0,8.304142872E0
2.601969745E1,-1.871187329E0,-6.364908218E-1,1.149033451E1,1.165908443E1
2.602207302E1,4.359723091E0,-6.508477330E-1,9.590433121E0,1.055496071E1
2.602444860E1,-5.197210789E0,2.632105052E-1,8.915657043E0,1.032323691E1
2.602682417E1,3.704089403E0,-8.374879360E-1,1.165783215E1,1.226077953E1
2.602919974E1,-1.143769264E0,-6.939185858E-1,7.795815945E0,7.909771007E0
2.603157532E1,-3.397808075E0,-3.589234054E-1,1.106919765E1,1.158451822E1
2.603395084E1,5.340780258E0,-7.513462901E-1,1.044227791E1,1.175285595E1
2.603632641E1,-5.072783947E0,1.148554832E-1,8.417949677E0,9.828947325E0
2.603870198E1,2.191825628E0,-1.062413216E0,1.149512005E1,1.175034495E1
2.604107756E1,9.475577474E-1,-6.843472719E-1,8.350951195E0,8.432353333E0
2.604345313E1,-4.230510235E0,-7.657032460E-2,1.059063339E1,1.140458660E1
2.604582860E1,5.235496044E0,-6.077769399E-1,1.084427261E1,1.205728245E1
2.604820428E1,-4.613361835E0,-2.105683982E-1,7.992027760E0,9.230382126E0
2.605057985E1,4.307080805E-1,-1.177268744E0,1.161954689E1,1.168697314E1
2.605295542E1,3.259024382E0,-8.135597110E-1,9.083154678E0,9.684359464E0
2.605533094E1,-4.910071850E0,2.153540403E-1,9.456435204E0,1.065736129E1
2.605770651E1,4.441078663E0,-5.790630579E-1,1.144247818E1,1.228775002E1
2.606008209E1,-3.550948858E0,-6.556333899E-1,7.657032490E0,8.465768688E0
2.606245766E1,-1.196411371E0,-8.805587292E-1,1.160997581E1,1.170462824E1
2.606483323E1,4.823930264E0,-5.694918036E-1,9.939785004E0,1.106317992E1
2.606720881E1,-5.479563713E0,1.483550072E-1,8.528019905E0,1.013778828E1
2.606958438E1,3.244667530E0,-1.287338614E0,1.150947666E1,1.202718426E1
2.607195995E1,-1.359123230E0,-6.843472719E-1,8.250452042E0,8.389607025E0
2.607433547E1,-2.483749866E0,-1.100698411E-1,1.146640587E1,1.173284247E1
2.607671110E1,4.847858906E0,-4.642075896E-1,9.982855797E0,1.110741349E1
2.607908662E1,-5.670989513E0,-4.115654826E-1,7.920242786E0,9.749859179E0
2.608146219E1,2.311466694E0,-9.523434043E-1,1.209332561E1,1.234902266E1
2.608383776E1,1.201196909E0,-5.359922647E-1,8.590232849E0,8.690354545E0
2.608621334E1,-4.235296249E0,5.264209956E-2,1.000678444E1,1.086628917E1
2.608858891E1,4.340580463E0,-9.906286001E-1,1.082512951E1,1.170493113E1
2.609096448E1,-4.823930264E0,-3.972085714E-1,8.212167740E0,9.532459117E0
2.609334006E1,1.239482164E0,-6.604190469E-1,1.211725426E1,1.219837367E1
2.609571563E1,2.971885681E0,-2.919243574E-1,8.595019341E0,9.098993450E0
2.609809120E1,-5.546562672E0,1.052841991E-1,9.145368576E0,1.069641102E1
2.610046672E1,4.034298897E0,-1.330409408E0,1.142812061E1,1.219210800E1
2.610284230E1,-3.053241730E0,-3.349951804E-1,8.465806961E0,9.005797818E0
2.610521787E1,-4.498506486E-1,-3.254238665E-1,1.145204926E1,1.146550036E1
2.610759339E1,3.632304668E0,-5.742774606E-1,9.207581520E0,9.914786395E0
2.610996901E1,-5.991627693E0,-2.105683982E-1,8.508877754E0,1.040888765E1
2.611234459E1,3.890729666E0,-8.757730722E-1,1.220818138E1,1.284307006E1
2.611472016E1,-9.044869542E-1,-1.914258152E-1,8.216953278E0,8.268800497E0
2.611709573E1,-2.651247501E0,-2.536391914E-1,1.079641533E1,1.112007330E1
2.611947131E1,4.173082829E0,-1.086341500E0,9.757930756E0,1.066826934E1
2.612184688E1,-5.402993679E0,-2.871387079E-2,8.776873589E0,1.030663258E1
2.612422240E1,3.397808075E0,-6.939185858E-1,1.193061352E1,1.242441796E1
2.612659797E1,5.120640397E-1,-3.972085714E-1,8.068597794E0,8.094581804E0
2.612897354E1,-4.474578381E0,-5.120640397E-1,1.033699417E1,1.127552703E1
2.613134912E1,4.728217602E0,-8.566305041E-1,1.105005455E1,1.204962917E1
2.613372469E1,-4.225724697E0,-1.052841991E-1,8.499305725E0,9.492419701E0
2.613610026E1,1.622333765E0,-5.216353536E-1,1.161476135E1,1.173911204E1
2.613847584E1,2.096112728E0,-9.714859724E-1,8.260024071E0,8.577031608E0
2.614085141E1,-5.436492920E0,-2.009970993E-1,9.714859962E0,1.113437736E1
2.614322698E1,5.182853699E0,-1.009771109E0,1.180618668E1,1.293319968E1
2.614560250E1,-3.139383316E0,-1.722832322E-1,8.145168304E0,8.730932128E0
2.614797808E1,-7.513462901E-1,-5.264210105E-1,1.144247818E1,1.147919628E1
2.615035365E1,3.617947817E0,-1.215553880E0,8.968298912E0,9.746666251E0
2.615272922E1,-5.393422127E0,-1.627119333E-1,9.499505997E0,1.092502135E1
2.615510480E1,4.613361835E0,-8.757730722E-1,1.181097221E1,1.271019868E1
2.615748037E1,-1.942971945E0,-4.929214716E-1,7.838887215E0,8.091122562E0
2.615985594E1,-2.914458036E0,-9.571290612E-1,1.118405342E1,1.159712088E1
2.616223151E1,4.737788677E0,-9.044869542E-1,1.019342422E1,1.127699586E1
2.616460709E1,-4.905286312E0,2.392822690E-2,8.953942299E0,1.020957830E1
2.616698266E1,3.105883837E0,-6.987041831E-1,1.178704453E1,1.220938658E1
2.616935818E1,-1.435693651E-1,-7.322037220E-1,7.867600918E0,7.902903179E0
2.617173375E1,-4.335794449E0,-9.140582681E-1,1.055713367E1,1.144935315E1
2.617410933E1,5.402993679E0,-9.714859724E-1,1.144247818E1,1.269119508E1
2.617648490E1,-4.599005222E0,-1.052841991E-1,8.360522270E0,9.542550310E0
2.617886047E1,1.091127157E0,-4.163511395E-1,1.167697430E1,1.173523052E1
2.618123605E1,1.694118381E0,-1.244267821E0,8.250452042E0,8.514000140E0
2.618361162E1,-4.953142643E0,-2.488535494E-1,1.029392338E1,1.142630337E1
2.618598719E1,5.182853699E0,-8.087740541E-1,1.146162033E1,1.260495254E1
2.618836276E1,-3.909872293E0,-3.254238665E-1,7.944170952E0,8.860183641E0
2.619073829E1,-1.225125194E0,-1.028913736E0,1.162911797E1,1.173865324E1
2.619311386E1,3.952943087E0,-8.614161611E-1,9.561718941E0,1.038240174E1
2.619548943E1,-5.245067120E0,1.962114573E-1,9.217152596E0,1.060684355E1
2.619786500E1,3.924229145E0,-6.987041831E-1,1.167697430E1,1.233853681E1
2.620024058E1,-2.526820660E0,-8.614161611E-1,7.652246952E0,8.104550812E0
2.620261615E1,-2.699103832E0,-7.800601721E-1,1.156211948E1,1.189858237E1
2.620499172E1,5.197210789E0,-6.795616150E-1,1.046620655E1,1.170531006E1
2.620736730E1,-5.417350292E0,9.092725813E-2,8.408378601E0,1.000283873E1
2.620974287E1,2.297109842E0,-1.258624673E0,1.165783215E1,1.194846852E1
2.621211839E1,1.483550072E-1,-8.231309652E-1,8.331808090E0,8.373683768E0
2.621449396E1,-3.747160196E0,-4.307080805E-2,1.095912743E1,1.158212151E1
2.621686954E1,5.024927616E0,-6.699903607E-1,1.069591713E1,1.183644490E1
2.621924511E1,-5.077569485E0,-3.349951804E-1,7.939385414E0,9.430152406E0
2.622162068E1,9.044869542E-1,-1.268195987E0,1.180140114E1,1.190375934E1
2.622399625E1,2.995813847E0,-6.987041831E-1,9.279366493E0,9.775977222E0
2.622637183E1,-4.948357105E0,7.178468257E-2,9.389435768E0,1.061380682E1
2.622874740E1,4.197010994E0,-1.172483087E0,1.136590767E1,1.217265275E1
2.623112297E1,-3.622733593E0,-7.130611539E-1,8.178668022E0,8.973475665E0
2.623349855E1,-4.067798555E-1,-5.599204898E-1,1.199282742E1,1.201278029E1
2.623587407E1,4.436293125E0,-4.977070987E-1,9.241081238E0,1.026284519E1
2.623824964E1,-5.781059742E0,-3.062812984E-1,8.532805443E0,1.031131557E1
2.624062521E1,3.570091486E0,-1.344766378E0,1.191147137E1,1.250748176E1
2.624300079E1,-1.052842021E0,-5.886343718E-1,8.422736168E0,8.508669185E0
2.624537636E1,-2.407179594E0,-2.919243574E-1,1.097348499E1,1.123819854E1
2.624775193E1,4.599005222E0,-6.221339107E-1,1.017428207E1,1.118275080E1
2.625012750E1,-5.560919762E0,-4.115654826E-1,8.082955360E0,9.819744503E0
2.625250308E1,2.675175667E0,-1.134197950E0,1.231346512E1,1.265165574E1
2.625487865E1,1.421336651E0,-5.264210105E-1,8.595019341E0,8.727638536E0
2.625725417E1,-4.350151539E0,-3.876372576E-1,9.896714211E0,1.081753360E1
2.625962974E1,4.527220249E0,-1.043270707E0,1.107398319E1,1.200904828E1
2.626200532E1,-4.522434711E0,-4.307080805E-1,8.264809608E0,9.431065848E0
2.626438089E1,1.402194023E0,-5.838487148E-1,1.185882950E1,1.195570426E1
2.626675646E1,2.723032236E0,-5.934200287E-1,8.695517540E0,9.131214442E0
2.626913204E1,-5.527420521E0,-3.110669553E-1,9.279366493E0,1.080535898E1
2.627150761E1,4.350151539E0,-9.523434043E-1,1.191625690E1,1.272116170E1
2.627388318E1,-2.679961443E0,-3.206382394E-1,8.226524353E0,8.657985051E0
2.627625875E1,-1.019342422E0,-6.029912829E-1,1.124626637E1,1.130845545E1
2.627863433E1,3.771088600E0,-9.379864931E-1,9.298508644E0,1.007785646E1
2.628100985E1,-5.828916073E0,-1.914258115E-2,8.872586250E0,1.061599811E1
2.628338542E1,4.072584152E0,-8.518448472E-1,1.210768223E1,1.280263841E1
2.628576099E1,-1.229910851E0,-2.057827413E-1,7.910671711E0,8.008355272E0
2.628813657E1,-3.139383316E0,-4.785645306E-1,1.088734341E1,1.134103161E1
2.629051209E1,4.364508629E0,-8.949156404E-1,1.013121128E1,1.106757659E1
2.629288771E1,-5.178068161E0,-6.221338734E-2,8.685946465E0,1.011246391E1
2.629526328E1,3.120240688E0,-6.125625968E-1,1.178225899E1,1.220380112E1
2.629763886E1,2.679961324E-1,-6.508477330E-1,7.891529083E0,7.922856554E0
2.630001443E1,-4.728217602E0,-2.967100143E-1,1.040877819E1,1.143620313E1
2.630238995E1,4.910071850E0,-7.561319470E-1,1.109791183E1,1.215911955E1
2.630476552E1,-4.240081787E0,1.004985496E-1,8.432307243E0,9.438866403E0
2.630714110E1,1.196411371E0,-4.689932466E-1,1.150469112E1,1.157623742E1
2.630951667E1,2.086541414E0,-9.858429432E-1,8.197810173E0,8.516433116E0
2.631189224E1,-5.340780258E0,-6.221338734E-2,9.810572624E0,1.117027929E1
2.631426782E1,5.115854740E0,-7.322037220E-1,1.160997581E1,1.270825049E1
2.631664339E1,-3.431307554E0,-7.178468257E-2,7.877171993E0,8.592372384E0
2.631901896E1,-8.135597110E-1,-8.279166222E-1,1.136590767E1,1.142502440E1
2.632139454E1,3.656233072E0,-8.614161611E-1,9.164510727E0,9.904460356E0
2.632377011E1,-5.106283665E0,1.914258152E-1,9.456435204E0,1.074871822E1
2.632614563E1,4.541577339E0,-6.221339107E-1,1.149033451E1,1.237096449E1
2.632852120E1,-2.373680115E0,-5.742774606E-1,7.671389580E0,8.050737232E0
2.633089678E1,-2.478964329E0,-8.039883971E-1,1.127019501E1,1.156758216E1
2.633327235E1,5.168497086E0,-8.231309652E-1,1.018863869E1,1.145422477E1
2.633564792E1,-4.986642361E0,1.722832322E-1,8.657232285E0,9.992194673E0
2.633802349E1,3.177668571E0,-7.992027402E-1,1.157169056E1,1.202665061E1
2.634039907E1,-4.354937077E-1,-8.805587292E-1,7.982456207E0,8.042676516E0
2.634277464E1,-3.421736479E0,-4.977070987E-1,1.105005455E1,1.157841520E1
2.634515021E1,5.546562672E0,-7.513462901E-1,1.064806080E1,1.202955018E1
2.634752579E1,-4.857429981E0,-2.584248483E-1,8.236095428E0,9.565285010E0
2.634990131E1,1.450050473E0,-1.052842021E0,1.179183006E1,1.192721170E1
2.635227688E1,1.986042738E0,-7.609176040E-1,8.633303642E0,8.891416824E0
2.635465245E1,-4.316651821E0,3.349951655E-2,1.004985523E1,1.093774178E1
2.635702802E1,4.919643402E0,-7.848458290E-1,1.123190975E1,1.228717506E1
2.635940360E1,-4.297509670E0,-6.747759581E-1,7.886743546E0,9.006921545E0
2.636177917E1,1.674975902E-1,-9.236295223E-1,1.194975662E1,1.198656874E1
2.636415474E1,3.814159393E0,-7.178468108E-1,9.174081802E0,9.961269640E0
2.636653032E1,-5.288137913E0,1.387837082E-1,9.193224907E0,1.060655683E1
2.636890589E1,4.015156269E0,-1.215553880E0,1.150947666E1,1.225018792E1
2.637128141E1,-2.986242771E0,-6.029912829E-1,8.183453560E0,8.732133562E0
2.637365698E1,-1.033699393E0,-5.742774606E-1,1.185404301E1,1.191287810E1
2.637603256E1,4.469792843E0,-6.125625968E-1,9.489934921E0,1.050776598E1
2.637840813E1,-5.871986866E0,1.674975902E-1,8.618947029E0,1.043046179E1
2.638078370E1,3.259024382E0,-1.363908887E0,1.157169056E1,1.209898796E1
2.638315928E1,-1.071984529E0,-6.269195080E-1,8.666803360E0,8.755321775E0
2.638553485E1,-2.584248543E0,-2.153540403E-1,1.109791183E1,1.139685768E1
2.638791042E1,4.335794449E0,-6.077769399E-1,1.006899738E1,1.097967279E1
2.639028599E1,-5.919843197E0,-3.158525825E-1,8.207381248E0,1.012449571E1
2.639266151E1,2.440679073E0,-1.000199914E0,1.223210907E1,1.251326522E1
2.639503709E1,1.086341500E0,-4.642075896E-1,8.566305161E0,8.647381722E0
2.639741261E1,-4.455435753E0,-3.158525825E-1,1.002592659E1,1.097587694E1
2.639978823E1,4.235296249E0,-1.033699393E0,1.088255692E1,1.172332350E1
2.640216381E1,-4.886143684E0,-3.062812984E-1,8.417949677E0,9.738073993E0
2.640453938E1,1.540977836E0,-5.838487148E-1,1.213161087E1,1.224301737E1
2.640691495E1,2.129612207E0,-5.742774606E-1,8.360522270E0,8.646581717E0
2.640929053E1,-5.618347645E0,-3.062812984E-1,9.523433685E0,1.106143877E1
2.641166610E1,4.278367043E0,-1.028913736E0,1.172961617E1,1.252784832E1
2.641404167E1,-3.230310678E0,-2.823530734E-1,8.437092781E0,9.038759037E0
2.641641719E1,-4.546363056E-1,-6.029912829E-1,1.137547874E1,1.140051794E1
2.641879276E1,3.244667530E0,-9.810572863E-1,8.987442017E0,9.605438813E0
2.642116834E1,-5.948556900E0,-5.742774159E-2,9.154939651E0,1.091794611E1
2.642354391E1,4.383651257E0,-9.236295223E-1,1.200718403E1,1.281569187E1
2.642591948E1,-2.129612207E0,-2.919243574E-1,8.011170387E0,8.294535488E0
2.642829506E1,-2.301895380E0,-5.647061467E-1,1.124626637E1,1.149330773E1
2.643067063E1,4.053441525E0,-1.062413216E0,9.571290970E0,1.044838365E1
2.643304620E1,-5.422136307E0,-1.579262912E-1,9.140582085E0,1.062895779E1
2.643542178E1,3.842873096E0,-7.226324677E-1,1.185404301E1,1.248231577E1
2.643779730E1,-9.188438654E-1,-6.173482537E-1,7.747959614E0,7.826638556E0
2.644017287E1,-3.885943890E0,-7.274180651E-1,1.088734341E1,1.158291601E1
2.644254844E1,4.914857864E0,-9.092726111E-1,1.070070267E1,1.181048865E1
2.644492401E1,-4.742574692E0,2.392822690E-2,8.714659691E0,9.921586607E0
2.644729959E1,2.359323025E0,-5.455635786E-1,1.170090294E1,1.194885661E1
2.644967516E1,6.364908218E-1,-8.470591903E-1,7.872386456E0,7.943368199E0
2.645205073E1,-4.737788677E0,-6.939185858E-1,1.025563812E1,1.131840439E1
2.645442631E1,5.441278458E0,-8.279166222E-1,1.154776192E1,1.279233218E1
2.645680188E1,-4.307080746E0,-6.221338734E-2,8.197810173E0,9.260610492E0
2.645917740E1,5.120640397E-1,-6.364908218E-1,1.151426220E1,1.154320424E1
2.646155297E1,2.373680115E0,-1.019342422E0,8.504091263E0,8.887799754E0
2.646392854E1,-4.819144726E0,-8.614161611E-2,1.013121128E1,1.121931452E1
2.646630412E1,4.938786030E0,-9.236295223E-1,1.136112213E1,1.242255187E1
2.646867969E1,-3.570091486E0,-5.647061467E-1,7.848458290E0,8.640760602E0
2.647105526E1,-1.158126116E0,-6.891329288E-1,1.165304661E1,1.173071420E1
2.647343084E1,4.216153622E0,-8.566305041E-1,9.422935486E0,1.035864279E1
2.647580641E1,-5.245067120E0,1.770688742E-1,9.087940216E0,1.049441470E1
2.647818198E1,3.838087559E0,-1.081555843E0,1.163868904E1,1.230283552E1
2.648055750E1,-2.230110645E0,-6.460621357E-1,7.982456207E0,8.313266318E0
2.648293308E1,-2.249253273E0,-4.881358147E-1,1.166261768E1,1.188755938E1
2.648530865E1,4.977071285E0,-6.556333899E-1,9.882357597E0,1.108431709E1
2.648768422E1,-5.522634506E0,-2.105683982E-1,8.370093346E0,1.003006947E1
2.649005980E1,2.742174864E0,-1.110269666E0,1.183490086E1,1.219906144E1
2.649243532E1,-2.344966233E-1,-6.652047038E-1,8.408378601E0,8.437909496E0
2.649481094E1,-3.364308596E0,-1.387837082E-1,1.081077290E1,1.132301390E1
2.649718651E1,4.766502857E0,-6.173482537E-1,1.051884842E1,1.156489690E1
2.649956209E1,-5.474778175E0,-3.828516304E-1,7.953742504E0,9.663425441E0
2.650193766E1,1.756331801E0,-1.081555843E0,1.202154064E1,1.219720885E1
2.650431318E1,1.966900229E0,-5.694918036E-1,8.815158844E0,9.049864246E0
2.650668875E1,-4.689932346E0,5.264209956E-2,9.753145218E0,1.082229542E1
2.650906433E1,4.182653904E0,-1.134197950E0,1.093998528E1,1.176708445E1
2.651143990E1,-4.488935471E0,-6.029912829E-1,8.350951195E0,9.500132947E0
2.651381547E1,9.762716293E-1,-5.359922647E-1,1.213639641E1,1.218739151E1
2.651619105E1,3.048455954E0,-3.445664644E-1,8.551948547E0,9.085572833E0
2.651856662E1,-5.785845280E0,-4.259224236E-1,9.097511292E0,1.078990858E1
2.652094219E1,4.139583111E0,-1.091127157E0,1.193539906E1,1.267992340E1
2.652331776E1,-2.857030153E0,-4.642075896E-1,8.240880966E0,8.734427805E0
2.652569329E1,-7.130611539E-1,-3.493520916E-1,1.150947666E1,1.153683475E1
2.652806886E1,3.527020693E0,-9.810572863E-1,9.135796547E0,9.842008276E0
2.653044443E1,-5.857629776E0,-2.775674164E-1,8.910871506E0,1.066735681E1
2.653282000E1,4.077369690E0,-9.858429432E-1,1.214596748E1,1.284995549E1
2.653519558E1,-1.354337573E0,-3.206382394E-1,8.145168304E0,8.263220065E0
2.653757115E1,-2.550748825E0,-2.153540403E-1,1.109791183E1,1.138930832E1
2.653994672E1,4.201796532E0,-1.287338614E0,9.561718941E0,1.052325063E1
2.654232230E1,-5.479563713E0,-2.392822653E-1,8.963513374E0,1.050844644E1
2.654469787E1,3.814159393E0,-7.369893789E-1,1.195454216E1,1.256988637E1
2.654707344E1,-1.004985496E-1,-4.019941986E-1,7.872386456E0,7.883284075E0
2.654944896E1,-4.110869408E0,-4.450650215E-1,1.060977554E1,1.138703944E1
2.655182454E1,4.742574692E0,-1.000199914E0,1.075813103E1,1.179956769E1
2.655420011E1,-4.292723656E0,-1.627119333E-1,8.719446182E0,9.720220845E0
2.655657568E1,2.344966173E0,-7.465606928E-1,1.164347458E1,1.190070248E1
2.655895125E1,1.359123230E0,-9.284151793E-1,8.092526436E0,8.258217411E0
2.656132683E1,-4.953142643E0,-2.344966233E-1,1.014078236E1,1.128822739E1
2.656370240E1,5.355136871E0,-9.044869542E-1,1.145683479E1,1.267890575E1
2.656607797E1,-3.771088600E0,-1.292124242E-1,8.269595146E0,9.089774968E0
2.656845354E1,5.072783828E-1,-6.317051649E-1,1.150947666E1,1.153795631E1
2.657082907E1,2.847458839E0,-1.052842021E0,8.575876236E0,9.097370575E0
2.657320464E1,-4.962714195E0,-7.657032460E-2,9.973284721E0,1.114005401E1
2.657558021E1,5.106283665E0,-7.130611539E-1,1.149512005E1,1.259842744E1
2.657795578E1,-3.192025423E0,-3.828516304E-1,7.834101200E0,8.468101516E0
2.658033136E1,-1.397408366E0,-8.901300430E-1,1.152383423E1,1.164232953E1
2.658270693E1,4.331008911E0,-8.614161611E-1,9.566504478E0,1.053649296E1
2.658508250E1,-5.000999451E0,2.105683982E-1,9.107083321E0,1.039198254E1
2.658745808E1,4.015156269E0,-5.742774606E-1,1.153340530E1,1.222582154E1
2.658983365E1,-2.177468538E0,-7.704889178E-1,7.666603565E0,8.006986489E0
2.659220922E1,-2.584248543E0,-7.704889178E-1,1.143290615E1,1.174663087E1
2.659458474E1,5.383851051E0,-6.987041831E-1,1.033220863E1,1.167169974E1
2.659696032E1,-5.307280540E0,1.244267747E-1,8.417949677E0,9.952114625E0
2.659933589E1,2.612962246E0,-1.158126116E0,1.162433243E1,1.197054436E1
2.660171146E1,-2.679961324E-1,-8.566305041E-1,8.164310455E0,8.213501261E0
2.660408704E1,-3.330809116E0,9.571290575E-3,1.125583744E1,1.173832430E1
2.660646261E1,5.063212872E0,-5.694918036E-1,1.036092186E1,1.154595805E1
2.660883818E1,-5.312066078E0,-5.072783828E-1,7.977670670E0,9.597843856E0
2.661121375E1,1.588834286E0,-1.024128079E0,1.199761295E1,1.214561441E1
2.661358933E1,2.024327993E0,-6.699903607E-1,8.791230202E0,9.046132840E0
2.661596485E1,-4.555934429E0,7.657032460E-2,9.863214493E0,1.086487007E1
2.661834042E1,4.388436794E0,-7.848458290E-1,1.110269737E1,1.196429059E1
2.662071599E1,-4.465006828E0,-5.982056856E-1,8.020741463E0,9.199262450E0
2.662309157E1,6.604190469E-1,-7.992027402E-1,1.207418346E1,1.211861315E1
2.662546714E1,3.469592810E0,-5.838487148E-1,8.843872070E0,9.518036919E0
2.662784271E1,-5.450850010E0,-1.196411327E-1,9.064012527E0,1.057744785E1
2.663021828E1,3.943371773E0,-1.119840980E0,1.148076344E1,1.219065847E1
2.663259386E1,-3.058027267E0,-4.785645306E-1,8.288737297E0,8.847808811E0
2.663496943E1,-5.120640397E-1,-3.972085714E-1,1.176790142E1,1.178573239E1
2.663734500E1,3.924229145E0,-6.317051649E-1,9.097511292E0,9.927907005E0
2.663972052E1,-5.924628735E0,-2.153540403E-1,8.638090134E0,1.047684133E1
2.664209610E1,3.699303865E0,-1.201196909E0,1.211246777E1,1.272161933E1
2.664447167E1,-1.191625714E0,-4.546363056E-1,8.365307808E0,8.461976172E0
2.664684724E1,-2.402393818E0,-3.254238665E-1,1.111226845E1,1.137364967E1
2.664922276E1,4.130012035E0,-1.182054400E0,9.623932838E0,1.053918096E1
2.665159839E1,-5.757131100E0,-2.775674164E-1,8.791230202E0,1.051224670E1
2.665397396E1,3.598805189E0,-8.470591903E-1,1.216511059E1,1.271451233E1
2.665634954E1,-2.009970993E-1,-4.977070987E-1,7.996813297E0,8.014807240E0
2.665872506E1,-3.972085476E0,-6.699903309E-2,1.075813103E1,1.146818796E1
2.666110063E1,4.441078663E0,-1.397408366E0,1.027478027E1,1.128038295E1
2.666347620E1,-4.814359188E0,-4.498506486E-1,9.011369705E0,1.022669076E1
2.666585178E1,2.522035122E0,-6.604190469E-1,1.172483063E1,1.201118095E1
2.666822735E1,1.000199914E0,-5.503492355E-1,8.140382767E0,8.220043536E0
2.667060292E1,-5.168497086E0,-6.173482537E-1,9.978070259E0,1.125417110E1
2.667297849E1,4.953142643E0,-1.105484009E0,1.154297638E1,1.260936242E1
2.667535407E1,-4.019941807E0,-1.770688742E-1,8.427521706E0,9.338865435E0
2.667772964E1,6.652047038E-1,-3.493520916E-1,1.164826107E1,1.167246890E1
2.668010521E1,2.225325108E0,-1.148554921E0,8.298309326E0,8.667940235E0
2.668248073E1,-5.450850010E0,-4.259224236E-1,9.690931320E0,1.112687403E1
2.668485631E1,5.149354458E0,-8.183453679E-1,1.184447193E1,1.294129266E1
2.668723188E1,-3.244667530E0,-2.249253243E-1,8.044670105E0,8.677279290E0
2.668960745E1,-1.392622828E0,-6.747759581E-1,1.150469112E1,1.160830043E1
2.669198303E1,3.670589924E0,-1.028913736E0,9.126225471E0,9.890393583E0
2.669435860E1,-5.087141037E0,9.092725813E-2,9.542576790E0,1.081425187E1
2.669673417E1,4.268795490E0,-1.014556766E0,1.161954689E1,1.242037883E1
2.669910974E1,-2.225325108E0,-7.034898400E-1,7.858029366E0,8.197291949E0
2.670148532E1,-2.665604353E0,-4.977070987E-1,1.156690502E1,1.188050717E1
2.670386084E1,4.938786030E0,-8.614161611E-1,9.906285286E0,1.110261831E1
2.670623641E1,-5.240281582E0,1.292124242E-1,8.647661209E0,1.011233362E1
2.670861198E1,2.967100143E0,-1.162911773E0,1.161954689E1,1.204864793E1
2.671098756E1,-6.747759581E-1,-6.843472719E-1,8.159524918E0,8.215929690E0
2.671336313E1,-3.306880951E0,-2.440679073E-1,1.128455162E1,1.176163832E1
2.671573870E1,5.134997368E0,-6.412764788E-1,1.038963604E1,1.160706554E1
2.671811428E1,-5.240281582E0,-1.866401732E-1,8.145168304E0,9.687061078E0
2.672048985E1,1.765903115E0,-1.167697430E0,1.180140114E1,1.198978732E1
2.672286537E1,1.339980721E0,-7.800601721E-1,8.729017258E0,8.865651950E0
2.672524094E1,-4.134797573E0,1.914258115E-2,1.022692394E1,1.103117812E1
2.672761651E1,4.584648132E0,-6.843472719E-1,1.100219822E1,1.193883141E1
2.672999209E1,-4.847858906E0,-5.599204898E-1,7.925028801E0,9.307057990E0
2.673236766E1,8.566305041E-1,-9.475577474E-1,1.201675510E1,1.208445633E1
2.673474323E1,3.077169895E0,-6.604190469E-1,8.992227554E0,9.527081624E0
2.673711881E1,-5.178068161E0,-5.264209956E-2,9.322437286E0,1.066409856E1
2.673949438E1,4.082155228E0,-1.158126116E0,1.135633659E1,1.212318556E1
2.674186995E1,-3.828516245E0,-5.359922647E-1,8.255238533E0,9.115579388E0
2.674424552E1,1.531406492E-1,-4.642075896E-1,1.194497108E1,1.195496863E1
2.674662110E1,3.651447296E0,-4.450650215E-1,8.977870941E0,9.702232571E0
2.674899662E1,-5.737988472E0,-2.201396823E-1,8.786444664E0,1.049640810E1
2.675137219E1,3.895515203E0,-1.277767301E0,1.183011532E1,1.252035768E1
2.675374776E1,-2.043470621E0,-5.168496966E-1,8.365307808E0,8.626776948E0
2.675612328E1,-1.349551916E0,-3.254238665E-1,1.140419292E1,1.148837705E1
2.675849891E1,3.857230186E0,-7.226324677E-1,9.293723106E0,1.008829577E1
2.676087443E1,-5.838487148E0,-3.254238665E-1,8.513663292E0,1.032842173E1
2.676325006E1,3.943371773E0,-1.009771109E0,1.231825066E1,1.297340040E1
2.676562563E1,-7.657032609E-1,-3.684946895E-1,8.035098076E0,8.079906615E0
2.676800120E1,-2.981456995E0,-4.833501875E-1,1.089212894E1,1.130314939E1
2.677037672E1,4.259224415E0,-1.014556766E0,9.868000984E0,1.079572885E1
2.677275230E1,-5.197210789E0,-1.579262912E-1,8.800801277E0,1.022203717E1
2.677512787E1,3.464807272E0,-6.652047038E-1,1.197846985E1,1.248723855E1
2.677750344E1,5.742774159E-2,-4.833501875E-1,7.862815380E0,7.877867164E0
2.677987901E1,-4.268795490E0,-5.934200287E-1,1.053320503E1,1.138082469E1
2.678225459E1,4.823930264E0,-9.475577474E-1,1.087777138E1,1.193708838E1
2.678463016E1,-4.383651257E0,2.871387079E-2,8.662017822E0,9.708129355E0
2.678700573E1,2.182254314E0,-4.498506486E-1,1.165304661E1,1.186415167E1
2.678938131E1,1.000199914E0,-7.848458290E-1,7.838887215E0,7.941318254E0
2.679175688E1,-4.929214478E0,-5.359922647E-1,1.016471100E1,1.130954432E1
2.679413240E1,5.460421085E0,-8.374879360E-1,1.160997581E1,1.285725954E1
2.679650797E1,-4.024727821E0,-7.178468257E-2,8.149953842E0,9.089847892E0
2.679888355E1,5.838487148E-1,-3.684946895E-1,1.159561825E1,1.161615385E1
2.680125912E1,2.325823545E0,-1.239482164E0,8.298309326E0,8.706762250E0
2.680363469E1,-4.833501816E0,-8.135596663E-2,1.007378292E1,1.117365030E1
2.680601026E1,5.149354458E0,-7.369893789E-1,1.140897846E1,1.253889127E1
2.680838584E1,-3.517449379E0,-2.392822653E-1,7.886743546E0,8.638890547E0
2.681076141E1,-1.091127157E0,-9.906286001E-1,1.149512005E1,1.158920569E1
2.681313698E1,4.082155228E0,-9.044869542E-1,9.408578873E0,1.029579741E1
2.681551250E1,-4.890929699E0,4.929214716E-1,9.332008362E0,1.054753739E1
2.681788808E1,3.996013880E0,-9.236295223E-1,1.136590767E1,1.208325600E1
2.682026365E1,-2.579462767E0,-7.944171429E-1,7.929814339E0,8.376555510E0
2.682263922E1,-1.761117458E0,-6.125625968E-1,1.178225899E1,1.192888907E1
2.682501480E1,5.053641319E0,-7.465606928E-1,9.662218094E0,1.092955177E1
2.682739037E1,-5.556134224E0,-3.349951655E-2,8.532805443E0,1.018236311E1
2.682976594E1,3.120240688E0,-1.167697430E0,1.162911797E1,1.209693366E1
2.683214151E1,-1.019342422E0,-6.747759581E-1,8.331808090E0,8.421009893E0
2.683451709E1,-2.651247501E0,-2.727817893E-1,1.125105190E1,1.156242588E1
2.683689261E1,4.804787636E0,-6.795616150E-1,1.011206818E1,1.121613619E1
2.683926818E1,-5.642275810E0,-2.919243574E-1,8.202595711E0,9.960073923E0
2.684164375E1,2.459821701E0,-1.258624673E0,1.192104244E1,1.223707938E1
2.684401933E1,7.704889178E-1,-6.604190469E-1,8.671588898E0,8.730765173E0
2.684639490E1,-3.838087559E0,-1.627119333E-1,1.043270683E1,1.111749806E1
2.684877047E1,4.311866283E0,-8.901300430E-1,1.059063339E1,1.146935212E1
2.685114604E1,-5.197210789E0,-5.982056856E-1,8.260024071E0,9.777364045E0
2.685352162E1,2.009970903E0,-8.614161611E-1,1.237089348E1,1.256268388E1
2.685589719E1,1.981257200E0,-6.412764788E-1,8.365307808E0,8.620614267E0
2.685827276E1,-5.067998409E0,4.785645287E-3,9.939785004E0,1.115723786E1
2.686064828E1,4.201796532E0,-1.397408366E0,1.099262714E1,1.185097868E1
2.686302386E1,-4.139583111E0,-5.551348329E-1,8.776873589E0,9.719970833E0
2.686539943E1,9.619147182E-1,-5.551348329E-1,1.182054424E1,1.187260379E1
2.686777500E1,2.694318295E0,-6.317051649E-1,8.652446747E0,9.084230138E0
2.687015058E1,-5.886343479E0,-2.536391914E-1,9.245866776E0,1.096354983E1
2.687252615E1,4.378865242E0,-1.229910851E0,1.191625690E1,1.275477637E1
2.687490167E1,-2.713460922E0,-3.780659735E-1,8.408378601E0,8.843451518E0
2.687727730E1,-8.566305041E-1,-6.508477330E-1,1.146162033E1,1.151200066E1
2.687965282E1,3.397808075E0,-1.134197950E0,8.934800148E0,9.626118553E0
2.688202839E1,-5.857629776E0,-1.770688742E-1,9.236295700E0,1.093857112E1
2.688440396E1,4.541577339E0,-9.092726111E-1,1.207896900E1,1.293654488E1
2.688677954E1,-1.995614052E0,-4.259224236E-1,8.001599312E0,8.257691984E0
2.688915511E1,-2.526820660E0,-5.407779217E-1,1.131326580E1,1.160462177E1
2.689153068E1,4.182653904E0,-1.277767301E0,9.614361763E0,1.056234988E1
2.689390625E1,-5.058426857E0,-1.962114573E-1,9.322437286E0,1.060820523E1
2.689628183E1,3.689732552E0,-7.513462901E-1,1.179183006E1,1.237844513E1
2.689865740E1,-9.762716293E-1,-6.604190469E-1,7.814958572E0,7.903343413E0
2.690103297E1,-3.814159393E0,-7.896314859E-1,1.104048347E1,1.170741667E1
2.690340854E1,5.178068161E0,-1.028913736E0,1.071027374E1,1.194072933E1
2.690578407E1,-4.733003139E0,3.206382394E-1,8.724231720E0,9.930576353E0
2.690815964E1,2.163111687E0,-1.071984529E0,1.142812061E1,1.168033149E1
2.691053521E1,2.297109663E-1,-1.071984529E0,8.121239662E0,8.194904002E0
2.691291078E1,-3.957728624E0,-3.397808075E-1,1.120319557E1,1.188657469E1
2.691528636E1,5.374279499E0,-8.470591903E-1,1.069113159E1,1.199586112E1
2.691766193E1,-4.876572609E0,-3.158525825E-1,8.269595146E0,9.605567508E0
2.692003750E1,1.000199914E0,-1.177268744E0,1.179661560E1,1.189733168E1
2.692241308E1,2.029113531E0,-8.949156404E-1,8.666803360E0,8.946041371E0
2.692478860E1,-4.541577339E0,8.135596663E-2,1.024128056E1,1.120340890E1
2.692716417E1,4.699503899E0,-7.704889178E-1,1.119841003E1,1.216895137E1
2.692953974E1,-4.460221291E0,-7.274180651E-1,7.805387497E0,9.019245256E0
2.693191532E1,0.000000000E0,-1.062413216E0,1.195454216E1,1.200165822E1
2.693429089E1,3.641875982E0,-7.896314859E-1,9.379864693E0,1.009299956E1
2.693666646E1,-5.268995285E0,1.148554832E-1,9.169296265E0,1.057598681E1
2.693904204E1,3.929014683E0,-1.234696507E0,1.147119141E1,1.218810338E1
2.694141761E1,-3.302095175E0,-8.183453679E-1,8.216953278E0,8.893359481E0
2.694379318E1,-7.178468108E-1,-4.307080805E-1,1.207896900E1,1.210794391E1
2.694616870E1,4.230510235E0,-4.354937077E-1,9.040083885E0,9.990494896E0
2.694854428E1,-5.996413708E0,-3.445664644E-1,8.523234367E0,1.042694718E1
2.695091985E1,3.594019651E0,-1.220339537E0,1.201675510E1,1.260192878E1
2.695329542E1,-1.440479279E0,-5.982056856E-1,8.221738815E0,8.368382146E0
2.695567099E1,-2.029113531E0,-2.009970993E-1,1.127498055E1,1.145787449E1
2.695804657E1,4.134797573E0,-8.231309652E-1,9.604789734E0,1.048933179E1
2.696042214E1,-5.714060307E0,-3.206382394E-1,8.417949677E0,1.017915374E1
2.696279771E1,3.378665686E0,-9.188438654E-1,1.225125217E1,1.274177522E1
2.696517329E1,9.571290575E-3,-3.589234054E-1,8.063812256E0,8.071801888E0
2.696754881E1,-3.503092289E0,3.828516230E-2,1.061456108E1,1.117774701E1
2.696992438E1,4.316651821E0,-1.019342422E0,9.982855797E0,1.092382496E1
2.697229995E1,-5.063212872E0,-4.498506486E-1,8.461020470E0,9.870529752E0
2.697467553E1,3.125026464E0,-6.221339107E-1,1.216989613E1,1.258011179E1
2.697705110E1,1.100698471E0,-3.876372576E-1,7.939385414E0,8.024689435E0
2.697942667E1,-4.776073933E0,2.584248483E-1,1.010728264E1,1.118189733E1
2.698180224E1,4.599005222E0,-1.263410330E0,1.064327526E1,1.166303404E1
2.698417782E1,-3.780659676E0,-2.440679073E-1,8.920442581E0,9.691607326E0
2.698655339E1,1.636690736E0,-4.307080805E-1,1.152861977E1,1.165218176E1
2.698892896E1,2.263610125E0,-5.886343718E-1,8.025527000E0,8.359396202E0
2.699130448E1,-5.426921844E0,-3.828516304E-1,9.466006279E0,1.091802780E1
2.699368000E1,5.297709465E0,-8.135597110E-1,1.179183006E1,1.295279357E1
2.699605563E1,-3.014956474E0,3.780659735E-1,8.092526436E0,8.644181889E0
2.699843120E1,-6.987041831E-1,-9.714859724E-1,1.105962658E1,1.112417694E1
2.700080678E1,3.546163082E0,-8.757730722E-1,8.958727837E0,9.674763849E0
2.700318235E1,-5.048855782E0,1.339980662E-1,9.470791817E0,1.073334979E1
2.700555792E1,4.862215519E0,-6.556333899E-1,1.144247818E1,1.244995188E1
2.700793349E1,-2.574677229E0,-4.450650215E-1,7.747959614E0,8.176669486E0
2.701030901E1,-2.215753794E0,-8.374879360E-1,1.132762241E1,1.157263930E1
2.701268459E1,4.771288395E0,-7.896314859E-1,9.944570541E0,1.105817318E1
2.701506016E1,-4.876572609E0,4.737788737E-1,8.729017258E0,1.001005340E1
2.701743573E1,3.340380430E0,-7.896314859E-1,1.146640587E1,1.196913208E1
2.701981125E1,-1.158126116E0,-8.518448472E-1,7.810173035E0,7.941391476E0
2.702218688E1,-3.192025423E0,-4.115654826E-1,1.134676456E1,1.179438335E1
2.702456245E1,5.489135265E0,-7.417750359E-1,1.015513897E1,1.156752712E1
2.702693803E1,-5.240281582E0,5.742774159E-2,8.394021988E0,9.895628031E0
2.702931360E1,2.057827473E0,-1.129412293E0,1.156690502E1,1.180269113E1
2.703168917E1,6.125625968E-1,-7.082754970E-1,8.346165657E0,8.398533699E0
2.703406474E1,-3.823730469E0,-5.742774159E-2,1.084905815E1,1.150331584E1
2.703644026E1,4.991427898E0,-6.125625968E-1,1.065284634E1,1.178018338E1
2.703881584E1,-5.005784988E0,-3.924229145E-1,7.958528042E0,9.410103490E0
2.704119141E1,1.004985452E0,-1.158126116E0,1.187318611E1,1.197179186E1
2.704356698E1,2.713460922E0,-7.896314859E-1,8.982656479E0,9.416714155E0
2.704594256E1,-4.776073933E0,6.699903309E-2,9.580862045E0,1.070552608E1
2.704831813E1,4.321437836E0,-7.417750359E-1,1.133719349E1,1.215553419E1
2.705069370E1,-4.259224415E0,-6.269195080E-1,7.824530125E0,8.930693834E0
2.705306928E1,7.657032460E-2,-8.805587292E-1,1.203589821E1,1.206830943E1
2.705544480E1,4.029513359E0,-6.843472719E-1,9.284152031E0,1.014400256E1
2.705782042E1,-5.522634506E0,-2.871387079E-2,8.963513374E0,1.052828991E1
2.706019594E1,3.818944931E0,-1.225125194E0,1.150469112E1,1.218372644E1
2.706257151E1,-2.641676188E0,-6.077769399E-1,8.537590981E0,8.957583694E0
2.706494709E1,-9.140582681E-1,-3.780659735E-1,1.179183006E1,1.183324523E1
2.706732266E1,4.249652863E0,-6.317051649E-1,9.260223389E0,1.020834649E1
2.706969823E1,-5.900700569E0,-1.244267747E-1,8.595019341E0,1.042631798E1
2.707207381E1,3.617947817E0,-1.320838094E0,1.213639641E1,1.273288174E1
2.707444938E1,-6.795616150E-1,-5.072783828E-1,8.417949677E0,8.460556253E0
2.707682495E1,-2.589034081E0,-2.057827413E-1,1.099262714E1,1.129527758E1
2.707920052E1,4.283152580E0,-9.762716293E-1,9.877572060E0,1.081040851E1
2.708157605E1,-5.594419479E0,-4.546363056E-1,8.537590981E0,1.021737164E1
2.708395162E1,3.570091486E0,-7.369893789E-1,1.231346512E1,1.284173391E1
2.708632719E1,4.307080805E-1,-1.148554832E-1,8.102097511E0,8.114350579E0
2.708870276E1,-4.230510235E0,-7.178468108E-1,1.041835022E1,1.126741062E1
2.709107834E1,4.675575256E0,-1.043270707E0,1.078684425E1,1.180277199E1
2.709345391E1,-4.469792843E0,-2.536391914E-1,8.614161491E0,9.708097604E0
2.709582943E1,2.335394859E0,-5.551348329E-1,1.191147137E1,1.215094210E1
2.709820506E1,1.167697430E0,-8.901300430E-1,8.087740898E0,8.219939271E0
2.710058058E1,-5.087141037E0,-4.115654826E-1,1.015035343E1,1.136125279E1
2.710295615E1,5.106283665E0,-9.810572863E-1,1.152383423E1,1.264260106E1
2.710533172E1,-3.914657831E0,-1.435693651E-1,8.451449394E0,9.315157270E0
2.710770730E1,5.216353536E-1,-4.019941986E-1,1.168175983E1,1.170030836E1
2.711008287E1,2.335394859E0,-1.263410330E0,8.350951195E0,8.762913937E0
2.711245844E1,-5.493920803E0,-3.637090325E-1,9.748359680E0,1.119580129E1
2.711483401E1,5.058426857E0,-8.422735929E-1,1.182054424E1,1.288496695E1
2.711720959E1,-3.412165165E0,-2.919243574E-1,8.039883614E0,8.738868317E0
2.711958516E1,-1.488335729E0,-4.354937077E-1,1.158604717E1,1.168936641E1
2.712196073E1,3.570091486E0,-1.383051515E0,9.025727272E0,9.804189793E0
2.712433625E1,-5.350351334E0,-5.264209956E-2,9.667003632E0,1.104898139E1
2.712671183E1,4.220939159E0,-8.231309652E-1,1.157647610E1,1.234944010E1
2.712908740E1,-2.593819857E0,-7.178468108E-1,7.805387497E0,8.256347829E0
2.713146297E1,-2.847458839E0,-8.997012973E-1,1.140419292E1,1.178868528E1
2.713383855E1,4.814359188E0,-8.566305041E-1,1.017906761E1,1.129270949E1
2.713621407E1,-5.450850010E0,1.674975902E-1,8.762516975E0,1.032092656E1
2.713858969E1,2.857030153E0,-7.130611539E-1,1.164347458E1,1.201006152E1
2.714096526E1,-1.119840980E0,-1.052842021E0,7.881958008E0,8.030428518E0
2.714334084E1,-3.426522017E0,-6.508477330E-1,1.128933716E1,1.181582792E1
2.714571636E1,5.134997368E0,-7.082754970E-1,1.048056316E1,1.169239310E1
2.714809193E1,-5.489135265E0,0.000000000E0,8.245666504E0,9.905635873E0
2.715046750E1,1.636690736E0,-1.296909928E0,1.168654537E1,1.187165004E1
2.715284308E1,1.043270707E0,-9.140582681E-1,8.489734650E0,8.602296827E0
2.715521860E1,-4.043870449E0,8.614161611E-2,1.064327526E1,1.138593944E1
2.715759422E1,4.642076015E0,-6.652047038E-1,1.068634605E1,1.167001967E1
2.715996980E1,-5.091926575E0,-5.790630579E-1,7.872386456E0,9.393481717E0
2.716234537E1,9.619147182E-1,-1.048056364E0,1.206939697E1,1.215294390E1
2.716472094E1,3.000599623E0,-6.508477330E-1,8.982656479E0,9.492908842E0
2.716709646E1,-5.091926575E0,1.292124242E-1,9.379864693E0,1.067362515E1
2.716947204E1,4.110869408E0,-1.167697430E0,1.120319557E1,1.199059446E1
2.717184761E1,-3.756731510E0,-6.987041831E-1,8.269595146E0,9.109743304E0
2.717422318E1,2.536391914E-1,-4.642075896E-1,1.217946720E1,1.219094922E1
2.717659875E1,3.842873096E0,-4.307080805E-1,8.647661209E0,9.472867965E0
2.717897433E1,-5.776273727E0,-2.392822653E-1,8.762516975E0,1.049782348E1
2.718134990E1,3.996013880E0,-1.201196909E0,1.208375454E1,1.278390100E1
2.718372547E1,-1.828116536E0,-4.450650215E-1,8.159524918E0,8.373645552E0
2.718610104E1,-1.191625714E0,-2.584248483E-1,1.140419292E1,1.146919228E1
2.718847662E1,4.029513359E0,-7.369893789E-1,9.346364975E0,1.020463961E1
2.719085214E1,-5.723631859E0,-3.110669553E-1,8.575876236E0,1.031515281E1
2.719322771E1,4.086941242E0,-1.009771109E0,1.222732353E1,1.293175035E1
2.719560328E1,-5.168496966E-1,-3.349951804E-1,8.030312538E0,8.053898115E0
2.719797886E1,-2.919243574E0,-2.632105052E-1,1.089691448E1,1.128423715E1
2.720035443E1,4.450650215E0,-1.201196909E0,9.906285286E0,1.092637403E1
2.720273000E1,-5.067998409E0,-2.632105052E-1,8.872586250E0,1.022138319E1
2.720510558E1,3.493520975E0,-6.747759581E-1,1.194497108E1,1.246364095E1
2.720748115E1,2.775674164E-1,-4.498506486E-1,7.929814339E0,7.947412455E0
2.720985667E1,-4.421936035E0,-5.024927258E-1,1.041356373E1,1.132467778E1
2.721223224E1,4.910071850E0,-1.057627559E0,1.094955635E1,1.204658316E1
2.721460782E1,-4.292723656E0,-1.052841991E-1,8.676374435E0,9.680807533E0
2.721698339E1,1.852044702E0,-6.939185858E-1,1.161476135E1,1.178194695E1
2.721935896E1,1.521835208E0,-9.810572863E-1,8.212167740E0,8.409408706E0
2.722173454E1,-5.211567879E0,-2.823530734E-1,1.006899738E1,1.134129055E1
2.722411011E1,5.268995285E0,-9.140582681E-1,1.148554897E1,1.266947706E1
2.722648568E1,-4.039084435E0,-1.100698411E-1,8.288737297E0,9.221143336E0
2.722886125E1,-1.435693540E-2,-4.689932466E-1,1.143769264E1,1.144731295E1
2.723123678E1,2.593819857E0,-1.244267821E0,8.523234367E0,8.995644943E0
2.723361235E1,-5.149354458E0,-1.483550072E-1,9.973284721E0,1.122516230E1
2.723598792E1,4.723432064E0,-7.465606928E-1,1.159083271E1,1.253856317E1
2.723836349E1,-3.531806231E0,-2.440679073E-1,7.862815380E0,8.623055728E0
2.724073907E1,-1.756331801E0,-1.024128079E0,1.135633659E1,1.153689389E1
2.724311464E1,4.182653904E0,-1.033699393E0,9.590433121E0,1.051377837E1
2.724549021E1,-5.283352375E0,2.871387303E-1,9.241081238E0,1.064865454E1
2.724786579E1,3.804588079E0,-6.891329288E-1,1.154297638E1,1.217333555E1
2.725024136E1,-2.579462767E0,-9.092726111E-1,7.776673794E0,8.243607229E0
2.725261693E1,-2.450250387E0,-7.896314859E-1,1.149512005E1,1.177985695E1
2.725499250E1,5.063212872E0,-6.556333899E-1,1.015035343E1,1.136202687E1
2.725736802E1,-5.513063431E0,1.292124242E-1,8.403593063E0,1.005141486E1
2.725974360E1,2.593819857E0,-1.119840980E0,1.156211948E1,1.190229189E1
2.726211917E1,-5.264210105E-1,-9.092726111E-1,8.212167740E0,8.279105915E0
2.726449474E1,-3.043670416E0,-1.770688742E-1,1.140419292E1,1.180469819E1
2.726687032E1,5.039284706E0,-5.934200287E-1,1.010728264E1,1.130945180E1
2.726924589E1,-5.556134224E0,-1.770688742E-1,8.044670105E0,9.778481375E0
2.727162146E1,1.976471543E0,-1.239482164E0,1.180618668E1,1.203448377E1
2.727399704E1,1.689332843E0,-6.604190469E-1,8.824729919E0,9.009209561E0
2.727637256E1,-4.000799656E0,-6.699903309E-2,1.005464077E1,1.082158435E1
2.727874813E1,4.575077057E0,-6.317051649E-1,1.088734341E1,1.182643767E1
2.728112370E1,-4.766502857E0,-5.455635786E-1,7.929814339E0,9.268179139E0
2.728349928E1,1.584048629E0,-9.858429432E-1,1.212682533E1,1.226951462E1
2.728587485E1,3.129812002E0,-6.556333899E-1,8.695517540E0,9.264858531E0
2.728825042E1,-5.029713154E0,-3.349951655E-2,9.470791817E0,1.072357376E1
2.729062599E1,4.398007870E0,-1.167697430E0,1.138504982E1,1.226072387E1
2.729300157E1,-3.273381472E0,-5.551348329E-1,8.413164139E0,9.044585771E0
2.729537714E1,4.977070987E-1,-4.307080805E-1,1.182532978E1,1.184363315E1
2.729775256E1,3.708875179E0,-6.508477330E-1,8.829515457E0,9.598942706E0
2.730012823E1,-5.670989513E0,-1.627119333E-1,8.934800148E0,1.058382024E1
2.730250381E1,4.388436794E0,-1.383051515E0,1.192582798E1,1.278266725E1
2.730487938E1,-1.679761529E0,-4.163511395E-1,8.480163574E0,8.654947794E0
2.730725495E1,-1.392622828E0,-3.110669553E-1,1.132762241E1,1.141714459E1
2.730963053E1,4.029513359E0,-1.062413216E0,9.269794464E0,1.016340441E1
2.731200610E1,-5.527420521E0,-4.259224236E-1,8.829515457E0,1.042564774E1
2.731438167E1,4.393222332E0,-9.236295223E-1,1.232782269E1,1.311978301E1
2.731675724E1,-1.095912814E0,-3.780659735E-1,7.862815380E0,7.947818850E0
2.731913282E1,-3.263810158E0,-3.206382394E-1,1.101655579E1,1.149433630E1
2.732150834E1,4.407579422E0,-1.421336651E0,9.863214493E0,1.089632756E1
2.732388391E1,-4.833501816E0,-2.536391914E-1,9.288937569E0,1.047432259E1
2.732625948E1,3.249453068E0,-7.513462901E-1,1.174875927E1,1.221297715E1
2.732863506E1,-1.244267747E-1,-5.216353536E-1,7.934599876E0,7.952701469E0
2.733101063E1,-4.599005222E0,-7.657032609E-1,1.047577763E1,1.146643220E1
2.733338620E1,5.096712112E0,-1.057627559E0,1.122712421E1,1.237511085E1
2.733576178E1,-4.565505505E0,-2.392822690E-2,8.532805443E0,9.677457404E0
2.733813735E1,1.483550072E0,-5.503492355E-1,1.156211948E1,1.166989340E1
2.734051287E1,1.153340459E0,-1.229910851E0,8.154739380E0,8.327223383E0
2.734288849E1,-5.020142078E0,-3.780659735E-1,1.033699417E1,1.149774799E1
2.734526401E1,5.130211830E0,-7.992027402E-1,1.146640587E1,1.258714670E1
2.734763959E1,-4.235296249E0,-1.818545163E-1,8.111668587E0,9.152593766E0
2.735001516E1,-5.742774606E-1,-8.566305041E-1,1.163868904E1,1.168429258E1
2.735239073E1,3.077169895E0,-1.091127157E0,8.805587769E0,9.391374180E0
2.735476631E1,-5.139782906E0,1.004985496E-1,9.810572624E0,1.107586581E1
2.735714188E1,4.479363918E0,-9.140582681E-1,1.156211948E1,1.243313358E1
2.735951745E1,-3.503092289E0,-6.317051649E-1,7.834101200E0,8.604873539E0
2.736189302E1,-1.670190215E0,-7.657032609E-1,1.160997581E1,1.175446193E1
2.736426854E1,4.589433670E0,-7.752745152E-1,9.676574707E0,1.073778609E1
2.736664412E1,-5.493920803E0,1.818545163E-1,8.834300995E0,1.040485997E1
2.736901969E1,3.488735437E0,-1.076770186E0,1.146162033E1,1.202910843E1
2.737139526E1,-1.899901152E0,-7.561319470E-1,8.039883614E0,8.295847662E0
2.737377084E1,-2.277967215E0,-4.115654826E-1,1.178225899E1,1.200750380E1
2.737614641E1,5.044070244E0,-6.508477330E-1,9.777072906E0,1.102077139E1
2.737852198E1,-5.661418438E0,-3.349951655E-2,8.303094864E0,1.004958533E1
2.738089756E1,2.679961443E0,-1.225125194E0,1.174875927E1,1.211265741E1
2.738327313E1,2.823530734E-1,-6.795616150E-1,8.537590981E0,8.569246583E0
2.738564870E1,-3.211168051E0,-1.722832322E-1,1.078684425E1,1.125598910E1
2.738802422E1,4.747360229E0,-5.503492355E-1,1.040399265E1,1.144916488E1
2.739039980E1,-5.374279499E0,-3.110669553E-1,8.006384850E0,9.647893094E0
2.739277532E1,2.124826431E0,-1.201196909E0,1.205982590E1,1.230435541E1
2.739515094E1,2.220539331E0,-5.359922647E-1,8.767302513E0,9.060004194E0
2.739752651E1,-4.469792843E0,7.178468257E-2,9.781859398E0,1.075495116E1
2.739990209E1,4.335794449E0,-1.071984529E0,1.093519974E1,1.181214873E1
2.740227766E1,-4.197010994E0,-6.843472719E-1,8.264809608E0,9.294638795E0
2.740465323E1,1.282552958E0,-4.689932466E-1,1.221775246E1,1.229383471E1
2.740702881E1,3.215953588E0,-4.067798555E-1,8.470592499E0,9.069661770E0
2.740940433E1,-5.718846321E0,-2.153540403E-1,9.111868858E0,1.076000626E1
2.741177990E1,4.283152580E0,-1.339980721E0,1.189711380E1,1.271543397E1
2.741415547E1,-2.411965132E0,-4.019941986E-1,8.441878319E0,8.788884155E0
2.741653105E1,-6.604190469E-1,-3.828516304E-1,1.145683479E1,1.148223812E1
2.741890662E1,3.488735437E0,-9.379864931E-1,9.011369705E0,9.708546625E0
2.742128219E1,-5.857629776E0,-3.397808075E-1,8.910871506E0,1.066915688E1
2.742365776E1,4.455435753E0,-8.901300430E-1,1.226560879E1,1.308007638E1
2.742603334E1,-1.464407444E0,4.785645287E-3,8.001599312E0,8.134500821E0
2.742840891E1,-2.971885681E0,-8.422735929E-1,1.098784161E1,1.141377205E1
2.743078448E1,4.249652863E0,-1.028913736E0,9.810572624E0,1.074083554E1
2.743316000E1,-5.225924492E0,-1.674975902E-1,8.848658562E0,1.027799108E1
2.743553558E1,3.598805189E0,-6.795616150E-1,1.186361504E1,1.241606075E1
2.743791115E1,-7.465606928E-1,-6.891329288E-1,7.910671711E0,7.975649439E0
2.744028672E1,-4.249652863E0,-6.508477330E-1,1.076291656E1,1.158980264E1
2.744266230E1,4.905286312E0,-8.518448472E-1,1.081555843E1,1.190645949E1
2.744503787E1,-4.752145767E0,2.871387079E-2,8.590232849E0,9.817118431E0
2.744741344E1,1.899901152E0,-4.737788737E-1,1.169133186E1,1.185416937E1
2.744978901E1,7.178468108E-1,-1.052842021E0,7.829315662E0,7.932336611E0
2.745216454E1,-4.957928658E0,-5.694918036E-1,1.027478027E1,1.142263048E1
2.745454011E1,5.302495003E0,-7.848458290E-1,1.143769264E1,1.263143892E1
2.745691568E1,-4.603790760E0,-3.828516230E-2,8.231309891E0,9.431374112E0
2.745929125E1,3.110669553E-1,-3.254238665E-1,1.171525955E1,1.172390591E1
2.746166672E1,2.220539331E0,-1.253839016E0,8.193024635E0,8.580708588E0
2.746404240E1,-5.015356064E0,-1.292124242E-1,1.000678444E1,1.119402640E1
2.746641797E1,4.862215519E0,-7.130611539E-1,1.154297638E1,1.254551313E1
2.746879354E1,-3.704089403E0,-2.249253243E-1,7.896314621E0,8.724829758E0
2.747116912E1,-1.411765337E0,-9.571290612E-1,1.150469112E1,1.163043831E1
2.747354469E1,4.173082829E0,-8.566305041E-1,9.542576790E0,1.045032095E1
2.747592021E1,-5.201996326E0,5.647061467E-1,9.044869423E0,1.044936944E1
2.747829578E1,3.708875179E0,-9.810572863E-1,1.133719349E1,1.196871692E1
2.748067136E1,-2.397608280E0,-7.944171429E-1,7.953742504E0,8.345156912E0
2.748304693E1,-2.000399828E0,-4.211367965E-1,1.195932770E1,1.213278512E1
2.748542250E1,5.096712112E0,-6.412764788E-1,9.595218658E0,1.088374618E1
2.748779808E1,-5.556134224E0,-5.264209956E-2,8.312665939E0,9.998690600E0
2.749017360E1,2.847458839E0,-1.182054400E0,1.177268696E1,1.216969320E1
2.749254922E1,-2.871387303E-1,-6.125625968E-1,8.336593628E0,8.363998739E0
2.749492474E1,-2.933600664E0,-2.871387079E-2,1.099741268E1,1.138199996E1
2.749730032E1,4.867001057E0,-6.077769399E-1,1.036092186E1,1.146323662E1
2.749967589E1,-5.307280540E0,-3.972085714E-1,7.925028801E0,9.546260152E0
2.750205146E1,2.258824587E0,-1.076770186E0,1.203111267E1,1.228858798E1
2.750442704E1,1.962114573E0,-6.125625968E-1,8.556734085E0,8.800160495E0
2.750680261E1,-4.335794449E0,8.135596663E-2,1.005942631E1,1.095435027E1
2.750917818E1,4.426722050E0,-1.148554921E0,1.080120182E1,1.172949305E1
2.751155375E1,-4.421936035E0,-5.407779217E-1,8.327022552E0,9.443794981E0
2.751392933E1,1.488335729E0,-4.977070987E-1,1.221775246E1,1.231813016E1
2.751630485E1,2.995813847E0,-3.158525825E-1,8.269595146E0,8.801185564E0
2.751868042E1,-5.522634506E0,-4.833501875E-1,9.217152596E0,1.075588310E1
2.752105599E1,4.445864677E0,-1.000199914E0,1.200239849E1,1.283836758E1
2.752343157E1,-2.943171740E0,-4.307080805E-1,8.178668022E0,8.702780013E0
2.752580714E1,-2.344966233E-1,-3.876372576E-1,1.145204926E1,1.146100709E1
2.752818271E1,3.393022537E0,-1.000199914E0,8.992227554E0,9.662978743E0
2.753055828E1,-5.819344521E0,-3.110669553E-1,8.958727837E0,1.068739153E1
2.753293386E1,4.493721008E0,-1.000199914E0,1.214118195E1,1.298469204E1
2.753530943E1,-1.770688772E0,5.264209956E-2,8.260024071E0,8.447846327E0
2.753768500E1,-2.392822742E0,-7.992027402E-1,1.109791183E1,1.138103566E1
2.754006052E1,4.043870449E0,-1.100698471E0,9.475577354E0,1.036103236E1
2.754243610E1,-5.355136871E0,-2.344966233E-1,8.915657043E0,1.040295247E1
2.754481167E1,4.010370731E0,-7.609176040E-1,1.210768223E1,1.277724688E1
2.754718724E1,-1.158126116E0,-3.302095234E-1,7.838887215E0,7.930854128E0
2.754956276E1,-3.732803345E0,-5.934200287E-1,1.093519974E1,1.156998537E1
2.755193839E1,4.637290478E0,-1.009771109E0,1.049970531E1,1.152249593E1
2.755431396E1,-4.833501816E0,-9.571290761E-2,8.805587769E0,1.004541073E1
2.755668954E1,2.718246460E0,-7.465606928E-1,1.165304661E1,1.198914976E1
2.755906511E1,1.387837082E-1,-8.518448472E-1,8.039883614E0,8.086076248E0
2.756144063E1,-4.603790760E0,-4.977070987E-1,1.049970531E1,1.147547007E1
2.756381620E1,5.216353416E0,-9.044869542E-1,1.112662506E1,1.232194079E1
2.756619178E1,-4.508078098E0,2.823530734E-1,8.389236450E0,9.527947293E0
2.756856730E1,9.954141974E-1,-9.092726111E-1,1.136112213E1,1.144083573E1
2.757094292E1,1.607976794E0,-9.954141974E-1,8.226524353E0,8.441098372E0
2.757331849E1,-4.646861553E0,-1.866401732E-1,1.056191921E1,1.154046335E1
2.757569407E1,5.211567879E0,-7.944171429E-1,1.119841003E1,1.237723417E1
2.757806964E1,-4.307080746E0,-3.684946895E-1,7.972885132E0,9.069378711E0
2.758044521E1,-2.201396823E-1,-9.858429432E-1,1.164347458E1,1.168720874E1
2.758282079E1,3.359523058E0,-8.949156404E-1,9.020941734E0,9.667712188E0
2.758519631E1,-4.790431023E0,4.402793646E-1,9.595218658E0,1.073360594E1
2.758757188E1,4.321437836E0,-8.997012973E-1,1.128455162E1,1.211715283E1
2.758994745E1,-3.440878868E0,-7.513462901E-1,7.963313580E0,8.707383752E0
2.759232303E1,-7.800601721E-1,-6.317051649E-1,1.202632618E1,1.206814264E1
2.759469860E1,4.536791801E0,-7.657032609E-1,9.135796547E0,1.022895693E1
2.759707417E1,-5.450850010E0,-5.742774159E-2,8.810373306E0,1.036039293E1
2.759944974E1,3.737588882E0,-1.205982566E0,1.171525955E1,1.235602165E1
2.760182532E1,-2.201396942E0,-6.125625968E-1,8.255238533E0,8.565649110E0
2.760420084E1,-1.229910851E0,-2.297109663E-1,1.186361504E1,1.192940944E1
2.760657641E1,4.383651257E0,-5.551348329E-1,9.217152596E0,1.022156911E1
2.760895198E1,-5.637490273E0,-5.455635786E-1,8.446663857E0,1.016981153E1
2.761132756E1,3.550948858E0,-9.140582681E-1,1.223210907E1,1.276985641E1
2.761370313E1,-7.609176040E-1,-6.508477330E-1,8.121239662E0,8.182733774E0
2.761607870E1,-2.445464849E0,-1.962114573E-1,1.116491032E1,1.143127375E1
2.761845428E1,4.225724697E0,-8.997012973E-1,9.891928673E0,1.079427925E1
2.762082985E1,-5.479563713E0,-4.881358147E-1,8.465806961E0,1.009622615E1
2.762320542E1,3.445664644E0,-9.188438654E-1,1.233739376E1,1.284243605E1
2.762558099E1,2.201396823E-1,-1.148554832E-1,8.197810173E0,8.201569660E0
2.762795651E1,-3.809373617E0,-6.795616150E-1,1.057627583E1,1.126191554E1
2.763033209E1,4.359723091E0,-1.124626637E0,1.043749237E1,1.136719919E1
2.763270766E1,-4.900500774E0,-3.732803464E-1,8.537590981E0,9.851127134E0
2.763508323E1,3.053241730E0,-6.652047038E-1,1.212682533E1,1.252296590E1
2.763745881E1,3.349951804E-1,-5.455635786E-1,8.087740898E0,8.113039765E0
2.763983438E1,-4.565505505E0,-3.349951804E-1,1.048534870E1,1.144109259E1
2.764220995E1,4.608576298E0,-1.296909928E0,1.079641533E1,1.181031476E1
2.764458552E1,-4.240081787E0,-3.206382394E-1,8.839086533E0,9.808697833E0
2.764696110E1,1.875972986E0,-5.694918036E-1,1.181097221E1,1.197257951E1
2.764933662E1,1.134197950E0,-8.039883971E-1,8.054241180E0,8.173347131E0
2.765171219E1,-5.173282623E0,-6.747759581E-1,1.006899738E1,1.134032116E1
2.765408776E1,5.235496044E0,-1.004985452E0,1.172483063E1,1.287990947E1
2.765646334E1,-4.029513359E0,2.153540403E-1,8.360522270E0,9.283409282E0
2.765883891E1,3.302095234E-1,-1.249053478E0,1.128455162E1,1.135826915E1
2.766121448E1,2.091326952E0,-1.177268744E0,8.461020470E0,8.794798321E0
2.766359006E1,-4.589433670E0,4.737788737E-1,1.058106136E1,1.154323297E1
2.766596563E1,4.742574692E0,-1.100698471E0,1.080120182E1,1.184776403E1
2.766834120E1,-4.115654945E0,-9.092726111E-1,8.346165657E0,9.350073448E0
2.767071672E1,-1.674975902E-1,-5.024927258E-1,1.217468166E1,1.218619826E1
2.767309235E1,3.440878868E0,-9.571290612E-1,8.422736168E0,9.148673564E0
2.767546787E1,-5.216353416E0,1.292124242E-1,9.633503914E0,1.095588593E1
2.767784344E1,4.335794449E0,-8.327022791E-1,1.154297638E1,1.235851165E1
2.768021901E1,-3.455235958E0,-6.699903607E-1,7.891529083E0,8.640820209E0
2.768259459E1,-6.939185858E-1,-1.071984529E0,1.179661560E1,1.186553048E1
2.768497016E1,4.412364960E0,-7.800601721E-1,9.408578873E0,1.042107551E1
2.768734573E1,-5.513063431E0,2.201396823E-1,9.054440498E0,1.060307609E1
2.768972131E1,3.790230989E0,-9.906286001E-1,1.141854954E1,1.207188757E1
2.769209683E1,-2.536391973E0,-9.475577474E-1,8.173882484E0,8.610662274E0
2.769447240E1,-1.014556766E0,-4.546363056E-1,1.203111267E1,1.208237111E1
2.769684797E1,4.536791801E0,-7.082754970E-1,9.087940216E0,1.018208188E1
2.769922355E1,-5.804987907E0,2.105683982E-1,8.724231720E0,1.048114702E1
2.770159912E1,3.431307554E0,-1.430907965E0,1.155733299E1,1.214056486E1
2.770397469E1,-1.067198873E0,-7.513462901E-1,8.671588898E0,8.769258161E0
2.770635026E1,-1.966900229E0,-3.445664644E-1,1.150469112E1,1.167670075E1
2.770872584E1,4.431507587E0,-6.652047038E-1,9.394221306E0,1.040827319E1
2.771110141E1,-5.958128452E0,-8.135596663E-2,8.403593063E0,1.030176149E1
2.771347693E1,3.617947817E0,-1.335195065E0,1.213161087E1,1.272981832E1
2.771585250E1,-2.009970993E-1,-6.173482537E-1,8.293522835E0,8.318896544E0
2.771822808E1,-3.129812002E0,-2.009970993E-1,1.108355427E1,1.151873683E1
2.772060365E1,4.273581028E0,-1.038485050E0,9.791430473E0,1.073378110E1
2.772297922E1,-5.321637630E0,-5.455635786E-1,8.752944946E0,1.025824117E1
2.772535480E1,3.292523861E0,-6.747759581E-1,1.219382381E1,1.264853253E1
2.772773037E1,2.727817893E-1,-3.828516304E-1,7.977670670E0,7.991508906E0
2.773010594E1,-4.608576298E0,-5.694918036E-1,1.052841949E1,1.150699411E1
2.773248151E1,4.685146809E0,-1.220339537E0,1.071506023E1,1.175807574E1
2.773485709E1,-4.460221291E0,-2.344966233E-1,8.676374435E0,9.758485332E0
2.773723261E1,2.201396942E0,-7.034898400E-1,1.173440266E1,1.195981823E1
2.773960818E1,5.886343718E-1,-8.997012973E-1,8.135597229E0,8.206332623E0
2.774198375E1,-4.852644444E0,-5.264210105E-1,1.053799057E1,1.161354909E1
2.774435933E1,5.144568920E0,-8.757730722E-1,1.122712421E1,1.238070620E1
2.774673490E1,-4.546362877E0,1.435693540E-2,8.422736168E0,9.571421320E0
2.774911047E1,8.949156404E-1,-7.513462901E-1,1.147119141E1,1.153055192E1
2.775148604E1,1.344766378E0,-1.124626637E0,8.279166222E0,8.462728579E0
2.775386157E1,-4.503292084E0,-2.632105052E-1,1.065284634E1,1.156858048E1
2.775623719E1,4.847858906E0,-7.944171429E-1,1.110269737E1,1.214095233E1
2.775861271E1,-4.627718925E0,-3.589234054E-1,8.073383331E0,9.312578960E0
2.776098829E1,7.178468257E-2,-1.009771109E0,1.166740322E1,1.171123771E1
2.776336386E1,2.727817774E0,-1.067198873E0,8.815158844E0,9.289075771E0
2.776573943E1,-4.766502857E0,5.551348329E-1,1.026042366E1,1.132713635E1
2.776811500E1,4.115654945E0,-1.071984529E0,1.087298584E1,1.167516970E1
2.777049058E1,-4.364508629E0,-1.000199914E0,8.178668022E0,9.324159268E0
2.777286615E1,4.642075896E-1,4.785645287E-3,1.238046455E1,1.238916519E1
2.777524172E1,3.172882795E0,-7.274180651E-1,8.269595146E0,8.887211382E0
2.777761730E1,-5.527420521E0,-7.944171429E-1,9.394221306E0,1.092862618E1
2.777999282E1,4.350151539E0,-4.833501875E-1,1.200718403E1,1.278005924E1
2.778236839E1,-3.613162279E0,-9.571290575E-3,7.814958572E0,8.609797370E0
2.778474396E1,-3.349951655E-2,-1.086341500E0,1.146640587E1,1.151780029E1
2.778711954E1,3.345165968E0,-1.091127157E0,8.963513374E0,9.629395923E0
2.778949511E1,-5.120640278E0,8.662018180E-1,9.920642853E0,1.119778626E1
2.779187068E1,4.120440483E0,-1.095912814E0,1.085862923E1,1.166571401E1
2.779424625E1,-2.909672260E0,-9.044869542E-1,8.513663292E0,9.042496998E0
2.779662183E1,-7.178468257E-2,-2.009970993E-1,1.195454216E1,1.195644726E1
2.779899740E1,3.555734396E0,-4.067798555E-1,8.264809608E0,9.006430748E0
2.780137292E1,-5.790630817E0,-2.823530734E-1,8.997013092E0,1.070314781E1
2.780374849E1,4.756931305E0,-9.523434043E-1,1.216989613E1,1.310121083E1
2.780612407E1,-2.435893536E0,-2.823530734E-1,7.958528042E0,8.327752948E0
2.780849964E1,-7.034898400E-1,-3.062812984E-1,1.141854954E1,1.144429901E1
2.781087521E1,3.565305710E0,-9.714859724E-1,8.805587769E0,9.549532227E0
2.781325078E1,-5.039284706E0,-7.178468257E-2,9.427721024E0,1.069025103E1
2.781562636E1,4.852644444E0,-6.843472719E-1,1.164347458E1,1.263277442E1
2.781800193E1,-2.560320139E0,-3.110669553E-1,7.963313580E0,8.370565395E0
2.782037750E1,-1.450050473E0,-7.274180651E-1,1.134676456E1,1.146214856E1
2.782275297E1,4.192225456E0,-1.143769264E0,9.087940216E0,1.007341153E1
2.782512860E1,-4.709074974E0,8.422735929E-1,9.576076508E0,1.070448753E1
2.782750417E1,4.139583111E0,-1.105484009E0,1.103091240E1,1.183381898E1
2.782987974E1,-2.780459881E0,-1.091127157E0,8.001599312E0,8.540907866E0
2.783225532E1,-1.057627559E0,3.254238665E-1,1.229910851E1,1.234878726E1
2.783463089E1,4.383651257E0,-8.470591903E-1,8.508877754E0,9.609105486E0
2.783700646E1,-5.546562672E0,-6.891329288E-1,8.843872070E0,1.046199478E1
2.783938204E1,4.091726780E0,-4.689932466E-1,1.221296692E1,1.288870605E1
2.784175761E1,-2.617748022E0,-6.221338734E-2,7.599604607E0,8.038063535E0
2.784413313E1,-1.373480201E0,-1.019342422E0,1.136112213E1,1.148915153E1
2.784650870E1,4.211368084E0,-1.081555843E0,9.365508080E0,1.032560535E1
2.784888428E1,-5.245067120E0,6.412764788E-1,9.236295700E0,1.064101137E1
2.785125985E1,3.522234917E0,-8.949156404E-1,1.115055370E1,1.172782421E1
2.785363542E1,-2.388036966E0,-1.067198873E0,8.355736732E0,8.755567962E0
2.785601099E1,-1.196411371E0,-2.153540403E-1,1.184447193E1,1.190669110E1
2.785838657E1,4.034298897E0,-6.604190469E-1,8.800801277E0,9.703907668E0
2.786076214E1,-6.039484501E0,2.153540403E-1,8.843872070E0,1.071148092E1
2.786313771E1,3.828516245E0,-1.234696507E0,1.176790142E1,1.243645914E1
2.786551323E1,-1.813759565E0,-6.843472719E-1,8.250452042E0,8.475140933E0
2.786788881E1,-1.694118381E0,-1.196411327E-1,1.183011532E1,1.195140074E1
2.787026438E1,3.948157310E0,-7.178468108E-1,8.705088615E0,9.585500404E0
2.787263995E1,-5.852844238E0,-6.699903309E-2,8.843872070E0,1.060539239E1
2.787501553E1,4.177868366E0,-8.470591903E-1,1.199282742E1,1.272792217E1
2.787739110E1,-1.880758643E0,-6.364908218E-1,7.915457249E0,8.160688518E0
2.787976667E1,-2.120040894E0,-1.770688742E-1,1.167218876E1,1.186448133E1
2.788214224E1,4.149154663E0,-8.853443861E-1,8.906085968E0,9.864972700E0
2.788451782E1,-5.182853699E0,4.785645381E-2,9.097511292E0,1.047038559E1
2.788689339E1,3.952943087E0,-7.752745152E-1,1.189232826E1,1.255604560E1
2.788926891E1,-1.986042738E0,-5.694918036E-1,7.719245911E0,7.990960149E0
2.789164448E1,-2.258824587E0,-3.302095234E-1,1.161476135E1,1.183697631E1
2.789402006E1,4.723432064E0,-8.949156404E-1,9.360722542E0,1.052306091E1
2.789639563E1,-5.125426292E0,6.221338734E-2,8.863015175E0,1.023850102E1
2.789877120E1,3.546163082E0,-8.279166222E-1,1.176790142E1,1.231845049E1
2.790114678E1,-1.875972986E0,-8.231309652E-1,7.901100159E0,8.162365034E0
2.790352235E1,-1.670190215E0,-6.221338734E-2,1.205982590E1,1.217508959E1
2.790589792E1,4.532006264E0,-4.785645306E-1,9.111868858E0,1.018794674E1
2.790827349E1,-5.513063431E0,-6.412764788E-1,8.484949112E0,1.013900712E1
2.791064901E1,3.684946775E0,-7.369893789E-1,1.225603771E1,1.281922176E1
2.791302459E1,-1.287338614E0,-3.349951655E-2,8.149953842E0,8.251067237E0
2.791540016E1,-2.019542217E0,-9.714859724E-1,1.101655579E1,1.124219005E1
2.791777573E1,4.273581028E0,-1.028913736E0,9.647860527E0,1.060204561E1
2.792015131E1,-5.331208706E0,3.254238665E-1,9.087940216E0,1.054126863E1
2.792252688E1,3.943371773E0,-8.614161611E-1,1.164347458E1,1.232325927E1
2.792490245E1,-1.493121386E0,-4.594219327E-1,8.370093346E0,8.514631090E0
2.792727803E1,-2.057827473E0,-8.709874153E-1,1.120319557E1,1.142387255E1
2.792965360E1,4.235296249E0,-1.038485050E0,9.485149384E0,1.043955192E1
2.793202912E1,-5.302495003E0,4.498506486E-1,9.150154114E0,1.058509042E1
2.793440469E1,4.005585194E0,-9.188438654E-1,1.170568848E1,1.240613274E1
2.793678026E1,-1.837687731E0,-1.081555843E0,8.169096947E0,8.442807836E0
2.793915584E1,-2.191825628E0,-3.110669553E-1,1.183490086E1,1.204017195E1
2.794153141E1,4.402793884E0,-1.091127157E0,9.092725754E0,1.016133919E1
2.794390698E1,-5.302495003E0,-5.742774159E-2,9.284152031E0,1.069183006E1
2.794628256E1,3.728017569E0,-8.135597110E-1,1.180618668E1,1.240749927E1
2.794865813E1,-1.804188251E0,-8.997012973E-1,8.006384850E0,8.256316130E0
2.795103370E1,-2.603390932E0,-4.881358147E-1,1.176311588E1,1.205764555E1
2.795340922E1,4.728217602E0,-1.158126116E0,9.351150513E0,1.054235807E1
2.795578480E1,-5.312066078E0,9.571290761E-2,9.140582085E0,1.057248541E1
2.795816037E1,3.373879910E0,-9.284151793E-1,1.168175983E1,1.219461083E1
2.796053594E1,-2.048256159E0,-1.081555843E0,7.992027760E0,8.320914856E0
2.796291151E1,-2.096112728E0,-3.062812984E-1,1.218425274E1,1.236703326E1
2.796528709E1,4.426722050E0,-6.699903607E-1,9.188439369E0,1.022116301E1
2.796766266E1,-5.699703693E0,-7.848458290E-1,8.657232285E0,1.039472347E1
2.797003823E1,3.311666489E0,-8.662018180E-1,1.234217930E1,1.280807676E1
2.797241381E1,-1.708475351E0,-3.541377485E-1,8.020741463E0,8.208324749E0
2.797478933E1,-2.196611166E0,-5.934200287E-1,1.135633659E1,1.158203906E1
2.797716490E1,3.981656790E0,-1.172483087E0,9.499505997E0,1.036672183E1
2.797954047E1,-5.584847927E0,-2.823530734E-1,9.035298347E0,1.062576425E1
2.798191605E1,3.560520172E0,-8.087740541E-1,1.203111267E1,1.257295079E1
2.798429162E1,-1.679761529E0,-2.153540403E-1,8.240880966E0,8.413090708E0
2.798666719E1,-2.378465652E0,-1.033699393E0,1.117926693E1,1.147613360E1
2.798904276E1,3.952943087E0,-1.172483087E0,9.456435204E0,1.031623199E1
2.799141834E1,-5.489135265E0,6.699903607E-1,9.279366493E0,1.080213569E1
2.799379391E1,3.943371773E0,-1.296909928E0,1.156690502E1,1.228924115E1
2.799616948E1,-2.282752752E0,-1.172483087E0,8.159524918E0,8.553567887E0
2.799854500E1,-1.813759565E0,-4.785645287E-3,1.205982590E1,1.219545601E1
2.800092058E1,3.996013880E0,-7.034898400E-1,8.685946465E0,9.586902047E0
2.800329615E1,-5.632704735E0,-4.929214716E-1,9.020941734E0,1.064648881E1
2.800567172E1,4.130012035E0,-8.805587292E-1,1.220339584E1,1.291337497E1
2.800804730E1,-2.062613010E0,-5.790630579E-1,7.848458290E0,8.135599793E0
2.801042287E1,-2.210968018E0,-3.397808075E-1,1.150469112E1,1.172014285E1
2.801279844E1,4.230510235E0,-1.186840057E0,9.126225471E0,1.012885964E1
2.801517401E1,-5.053641319E0,1.148554832E-1,9.322437286E0,1.060473099E1
2.801754959E1,3.938585997E0,-8.279166222E-1,1.168654537E1,1.236014758E1
2.801992511E1,-2.531606436E0,-9.332008362E-1,7.886743546E0,8.335503506E0
2.802230068E1,-1.507478237E0,-4.402793646E-1,1.181575775E1,1.191966727E1
2.802467625E1,4.460221291E0,-7.944171429E-1,9.078369141E0,1.014600704E1
2.802705183E1,-5.178068161E0,1.244267747E-1,9.097511292E0,1.046864765E1
2.802942740E1,3.704089403E0,-9.284151793E-1,1.156690502E1,1.218094926E1
2.803180297E1,-2.512463808E0,-1.186840057E0,8.011170387E0,8.479381739E0
2.803417855E1,-6.221339107E-1,3.828516230E-2,1.234696484E1,1.236268810E1
2.803655412E1,4.067798615E0,-7.609176040E-1,8.422736168E0,9.384480045E0
2.803892964E1,-5.714060307E0,-7.704889178E-1,8.853444099E0,1.056539686E1
2.804130526E1,4.249652863E0,-6.317051649E-1,1.233739376E1,1.306406850E1
2.804368079E1,-2.277967215E0,-2.632105052E-1,7.829315662E0,8.158222732E0
2.804605636E1,-9.188438654E-1,-1.028913736E0,1.138504982E1,1.146831709E1
2.804843193E1,3.804588079E0,-1.210768223E0,8.944371223E0,9.795030716E0
2.805080750E1,-5.302495003E0,7.896314859E-1,9.801001549E0,1.117137424E1
2.805318308E1,4.354937077E0,-1.325623751E0,1.115533924E1,1.204841686E1
2.805555865E1,-2.723032236E0,-1.167697430E0,8.451449394E0,8.955747803E0
2.805793422E1,-2.584248483E-1,2.153540403E-1,1.213639641E1,1.214105755E1
2.806030980E1,3.158525944E0,-8.997012973E-1,8.035098076E0,8.680354235E0
2.806268532E1,-5.556134224E0,-9.714859724E-1,9.470791817E0,1.102317151E1
2.806506089E1,5.063212872E0,-2.632105052E-1,1.233739376E1,1.333854149E1
2.806743646E1,-3.211168051E0,-2.344966233E-1,7.767102242E0,8.408000128E0
2.806981204E1,-8.518448472E-1,-1.282552958E0,1.132283688E1,1.142703884E1
2.807218761E1,3.517449379E0,-9.092726111E-1,9.006584167E0,9.711734406E0
2.807456318E1,-4.900500774E0,5.551348329E-1,1.031306553E1,1.143164044E1
2.807693875E1,4.244867325E0,-1.019342422E0,1.058106136E1,1.144625778E1
2.807931433E1,-3.732803345E0,-1.225125194E0,8.336593628E0,9.215939771E0
2.808168990E1,2.057827413E-1,3.254238665E-1,1.253360462E1,1.253951722E1
2.808406547E1,2.770888567E0,-9.188438654E-1,7.805387497E0,8.333436955E0
2.808644099E1,-4.986642361E0,-1.167697430E0,9.815358162E0,1.107119574E1
2.808881657E1,4.508078098E0,-1.196411327E-1,1.191147137E1,1.273657066E1
2.809119214E1,-4.570291042E0,-2.392822690E-2,7.776673794E0,9.020243238E0
2.809356771E1,9.858429432E-1,-1.105484009E0,1.149990559E1,1.159490447E1
2.809594328E1,2.134397745E0,-1.277767301E0,8.709874153E0,9.058159348E0
2.809831886E1,-4.455435753E0,7.896314859E-1,1.102134132E1,1.191404172E1
2.810069443E1,3.991228104E0,-1.019342422E0,9.853643417E0,1.068003976E1
2.810307000E1,-4.694717884E0,-1.229910851E0,8.446663857E0,9.741621375E0
2.810544558E1,2.450250387E0,4.163511395E-1,1.264846039E1,1.289033069E1
2.810782110E1,7.178468108E-1,-8.279166222E-1,7.503891945E0,7.583478377E0
2.811019667E1,-4.685146809E0,-1.129412293E0,1.049491978E1,1.154857194E1
2.811257224E1,4.953142643E0,-2.823530734E-1,1.098784161E1,1.205595324E1
2.811494782E1,-4.603790760E0,2.201396823E-1,8.465806961E0,9.639151329E0
2.811732339E1,2.244467735E0,-9.858429432E-1,1.118883896E1,1.145424109E1
2.811969896E1,-1.770688742E-1,-1.272981644E0,8.322237015E0,8.420894524E0
2.812207454E1,-3.244667530E0,5.694918036E-1,1.194018459E1,1.238629066E1
2.812445011E1,4.704289436E0,-1.014556766E0,9.001798630E0,1.020745037E1
2.812682568E1,-5.197210789E0,-1.033699393E0,8.714659691E0,1.019925624E1
2.812920120E1,3.383451223E0,1.435693651E-1,1.243310642E1,1.288605796E1
2.813157678E1,-1.550549030E0,-5.647061467E-1,7.417750359E0,7.599086505E0
2.813395235E1,-2.167897224E0,-1.033699393E0,1.129412270E1,1.154666706E1
2.813632792E1,4.522434711E0,-8.949156404E-1,9.681360245E0,1.072296722E1
2.813870349E1,-5.010570526E0,6.221339107E-1,9.212367058E0,1.050526413E1
2.814107907E1,3.536591768E0,-9.954141974E-1,1.102134132E1,1.161758561E1
2.814345464E1,-2.230110645E0,-1.430907965E0,8.499305725E0,8.902757376E0
2.814583021E1,-3.445664644E-1,6.125625968E-1,1.225603771E1,1.227617283E1
2.814820579E1,3.340380430E0,-9.762716293E-1,8.030312538E0,8.751980757E0
2.815058131E1,-5.527420521E0,-9.667003751E-1,9.442078590E0,1.098361213E1
2.815295688E1,4.938786030E0,-3.206382394E-1,1.202632618E1,1.300488130E1
2.815533245E1,-3.177668571E0,-9.571290761E-2,8.135597229E0,8.734682638E0
2.815770802E1,1.627119333E-1,-1.158126116E0,1.109791183E1,1.115936281E1
2.816008360E1,2.545963287E0,-1.129412293E0,8.709874153E0,9.144364874E0
2.816245917E1,-4.354937077E0,4.642075896E-1,1.093998528E1,1.178406736E1
2.816483474E1,4.723432064E0,-1.100698471E0,9.944570541E0,1.106421397E1
2.816721032E1,-4.254438877E0,-1.172483087E0,8.695517540E0,9.751255921E0
2.816958584E1,1.813759565E0,2.440679073E-1,1.244746304E1,1.258128089E1
2.817196141E1,5.934200287E-1,-8.805587292E-1,7.384250641E0,7.460207003E0
2.817433698E1,-3.555734396E0,-1.091127157E0,1.111705399E1,1.172274264E1
2.817671256E1,4.823930264E0,-7.465606928E-1,1.060020447E1,1.167013242E1
2.817908813E1,-4.943571568E0,2.871387303E-1,8.461020470E0,9.803581788E0
2.818146370E1,2.632104874E0,-9.619147182E-1,1.152861977E1,1.186433014E1
2.818383928E1,-9.284151793E-1,-1.531406522E0,8.484949112E0,8.671881117E0
2.818621485E1,-1.842473388E0,6.221339107E-1,1.199282742E1,1.214947193E1
2.818859042E1,3.747160196E0,-1.258624673E0,8.542376518E0,9.412626742E0
2.819096599E1,-5.747560024E0,-9.427721500E-1,8.997013092E0,1.071771945E1
2.819334151E1,4.441078663E0,-6.699903309E-2,1.234217930E1,1.311705220E1
2.819571709E1,-2.804388046E0,-4.163511395E-1,7.948956966E0,8.439422814E0
2.819809266E1,-1.004985452E0,-9.714859724E-1,1.121755219E1,1.130430262E1
2.820046823E1,2.914458036E0,-1.249053478E0,8.810373306E0,9.363593222E0
2.820284381E1,-4.589433670E0,4.689932466E-1,1.062891865E1,1.158692227E1
2.820521938E1,4.235296249E0,-9.379864931E-1,1.044227791E1,1.130746306E1
2.820759495E1,-4.264009953E0,-1.162911773E0,8.451449394E0,9.537355059E0
2.820997053E1,1.225125194E0,3.972085714E-1,1.227996540E1,1.234731779E1
2.821234610E1,7.704889178E-1,-1.043270707E0,7.599604607E0,7.709478395E0
2.821472162E1,-3.670589924E0,-6.747759581E-1,1.113619614E1,1.174493156E1
2.821709719E1,4.488935471E0,-8.901300430E-1,1.015513897E1,1.113865883E1
2.821947276E1,-4.957928658E0,4.594219327E-1,8.819944382E0,1.012835347E1
2.822184834E1,2.416750908E0,-7.417750359E-1,1.145204926E1,1.172775969E1
2.822422391E1,-9.332008362E-1,-1.220339537E0,8.355736732E0,8.495788882E0
2.822659948E1,-1.722832322E0,-1.914258115E-2,1.161954689E1,1.174659047E1
2.822897506E1,3.608376503E0,-5.742774606E-1,8.752944946E0,9.484947065E0
2.823135063E1,-5.804987907E0,-6.843472719E-1,9.040083885E0,1.076519078E1
2.823372620E1,4.546362877E0,-4.881358147E-1,1.215553856E1,1.298710166E1
2.823610172E1,-2.746960402E0,-1.674975902E-1,7.972885132E0,8.434497271E0
2.823847730E1,-6.939185858E-1,-9.475577474E-1,1.127019501E1,1.133122607E1
2.824085287E1,2.651247501E0,-1.014556766E0,8.508877754E0,8.969918583E0
2.824322844E1,-4.398007870E0,3.876372576E-1,1.098784161E1,1.184168058E1
2.824560401E1,4.603790760E0,-8.279166222E-1,1.017428207E1,1.119805122E1
2.824797959E1,-4.407579422E0,-1.014556766E0,8.312665939E0,9.463429442E0
2.825035516E1,1.545763373E0,-9.092725813E-2,1.218903828E1,1.228699745E1
2.825273073E1,6.221339107E-1,-7.465606928E-1,7.910671711E0,7.970139923E0
2.825510631E1,-3.282952785E0,-5.216353536E-1,1.113141060E1,1.161715044E1
2.825748188E1,4.560719967E0,-1.134197950E0,9.729216576E0,1.080482424E1
2.825985740E1,-5.034498692E0,3.876372576E-1,9.150154114E0,1.045092149E1
2.826223297E1,2.895315409E0,-7.896314859E-1,1.132283688E1,1.171379546E1
2.826460854E1,-1.330409408E0,-1.148554921E0,8.489734650E0,8.669761359E0
2.826698412E1,-1.459621787E0,-2.249253243E-1,1.160040379E1,1.169403502E1
2.826935969E1,3.584448338E0,-7.465606928E-1,8.628518105E0,9.373203691E0
2.827173526E1,-5.647061348E0,-5.216353536E-1,9.427721024E0,1.100196932E1
2.827411084E1,4.627718925E0,-8.757730722E-1,1.162911797E1,1.254667867E1
2.827648641E1,-2.924029350E0,-4.785645287E-3,8.465806961E0,8.956553916E0
2.827886198E1,-6.125625968E-1,-8.279166222E-1,1.128455162E1,1.133145110E1
2.828123750E1,2.191825628E0,-1.392622828E0,8.350951195E0,8.745392146E0
2.828361308E1,-4.101297855E0,4.402793646E-1,1.127976608E1,1.201031277E1
2.828598865E1,4.603790760E0,-9.236295223E-1,9.963713646E0,1.101469793E1
2.828836422E1,-4.857429981E0,-1.110269666E0,8.365307808E0,9.736821836E0
2.829073980E1,1.765903115E0,5.264209956E-2,1.223210907E1,1.235903222E1
2.829311537E1,1.914258152E-1,-1.028913736E0,7.996813297E0,8.065006524E0
2.829549094E1,-3.201596737E0,-4.929214716E-1,1.125105190E1,1.170808960E1
2.829786651E1,4.383651257E0,-1.143769264E0,9.638289452E0,1.064994038E1
2.830024209E1,-5.364708424E0,9.092725813E-2,9.102297783E0,1.056599211E1
2.830261761E1,3.168097258E0,-8.087740541E-1,1.157169056E1,1.202476520E1
2.830499318E1,-1.478764415E0,-4.259224236E-1,8.556734085E0,8.694012440E0
2.830736875E1,-1.785045743E0,-4.402793646E-1,1.126062298E1,1.140972673E1
2.830974433E1,3.522234917E0,-1.272981644E0,8.614161491E0,9.393103815E0
2.831211990E1,-5.393422127E0,-1.387837082E-1,9.963713646E0,1.133065986E1
2.831449547E1,4.527220249E0,-7.178468108E-1,1.130369377E1,1.219772602E1
2.831687105E1,-3.455235958E0,-1.579262912E-1,8.327022552E0,9.016812121E0
2.831924662E1,-5.264210105E-1,-6.987041831E-1,1.138026428E1,1.141383905E1
2.832162219E1,2.507678032E0,-1.435693622E0,8.293522835E0,8.782493171E0
2.832399771E1,-4.206582069E0,5.407779217E-1,1.120319557E1,1.197912202E1
2.832637329E1,4.465006828E0,-7.561319470E-1,1.013121128E1,1.109727280E1
2.832874886E1,-4.905286312E0,-1.076770186E0,8.059026718E0,9.495745336E0
2.833112443E1,1.804188251E0,2.009970993E-1,1.233260822E1,1.246550122E1
2.833350000E1,6.987041831E-1,-1.019342422E0,7.963313580E0,8.058635721E0
2.833587558E1,-3.450450182E0,-3.876372576E-1,1.114098263E1,1.166950569E1
2.833825115E1,4.527220249E0,-1.014556766E0,9.738788605E0,1.078744882E1
2.834062672E1,-5.268995285E0,2.009970993E-1,8.953942299E0,1.039114016E1
2.834300230E1,3.125026464E0,-7.896314859E-1,1.160997581E1,1.204910149E1
2.834537787E1,-9.427721500E-1,-4.977070987E-1,8.360522270E0,8.428218336E0
2.834775334E1,-2.129612207E0,-3.541377485E-1,1.124148083E1,1.144690145E1
2.835012896E1,3.986442566E0,-1.277767301E0,8.810373306E0,9.754337056E0
2.835250454E1,-5.254638672E0,-6.221338734E-2,9.590433121E0,1.093579012E1
2.835488011E1,4.465006828E0,-6.412764788E-1,1.147597694E1,1.233067591E1
2.835725568E1,-2.876172781E0,-4.737788737E-1,8.221738815E0,8.723177485E0
2.835963125E1,-9.619147182E-1,-3.589234054E-1,1.145683479E1,1.150274617E1
2.836200683E1,3.359523058E0,-1.636690736E0,8.441878319E0,9.232034515E0
2.836438240E1,-4.292723656E0,5.359922647E-1,1.070548820E1,1.154652510E1
2.836675792E1,4.307080746E0,-7.274180651E-1,1.065284634E1,1.151361006E1
2.836913349E1,-4.316651821E0,-1.129412293E0,7.877171993E0,9.053115137E0
2.837150907E1,1.196411371E0,-3.828516230E-2,1.236610699E1,1.242390711E1
2.837388464E1,2.115255117E0,-8.470591903E-1,7.948956966E0,8.269082799E0
2.837626021E1,-4.311866283E0,-6.077769399E-1,1.075334454E1,1.160155172E1
2.837863578E1,4.747360229E0,-1.019342422E0,1.034177971E1,1.142492432E1
2.838101136E1,-4.723432064E0,4.307080805E-1,8.623732567E0,9.842006061E0
2.838338693E1,2.340180635E0,-9.236295223E-1,1.166261768E1,1.193089218E1
2.838576250E1,3.254238665E-1,-1.435693622E0,8.288737297E0,8.418448957E0
2.838813808E1,-2.732603550E0,2.919243574E-1,1.160997581E1,1.193079546E1
2.839051360E1,4.163511276E0,-7.465606928E-1,8.992227554E0,9.937420963E0
2.839288917E1,-5.450850010E0,-9.810572863E-1,8.743373871E0,1.034991912E1
2.839526474E1,4.326223373E0,-2.344966233E-1,1.257188988E1,1.329750399E1
2.839764032E1,-1.780260086E0,-6.173482537E-1,7.585247993E0,7.815780957E0
2.840001589E1,-2.416750908E0,-6.843472719E-1,1.140897846E1,1.168220038E1
2.840239146E1,4.249652863E0,-1.167697430E0,8.944371223E0,9.971200696E0
2.840476704E1,-4.608576298E0,4.594219327E-1,1.010249710E1,1.111352742E1
2.840714261E1,3.924229145E0,-7.944171429E-1,1.101177025E1,1.171707118E1
2.840951813E1,-3.617947817E0,-1.296909928E0,8.135597229E0,8.997747720E0
2.841189370E1,1.100698411E-1,3.828516304E-1,1.218903828E1,1.219554611E1
2.841426928E1,2.603390932E0,-1.086341500E0,8.140382767E0,8.615312751E0
2.841664485E1,-4.555934429E0,-6.364908218E-1,1.042792130E1,1.139750857E1
2.841902042E1,4.335794449E0,-9.044869542E-1,1.058584690E1,1.147507581E1
2.842139599E1,-4.618147850E0,3.254238665E-1,8.705088615E0,9.859602328E0
2.842377157E1,1.952543259E0,-7.465606928E-1,1.166740322E1,1.185318843E1
2.842614714E1,2.727817893E-1,-1.272981644E0,8.135597229E0,8.239103983E0
2.842852271E1,-3.364308596E0,-7.657032460E-2,1.139462185E1,1.188115493E1
2.843089828E1,4.158725739E0,-8.709874153E-1,9.370293617E0,1.028863554E1
2.843327375E1,-5.245067120E0,-1.914258152E-1,9.040083885E0,1.045325258E1
2.843564938E1,3.498306751E0,-5.838487148E-1,1.183011532E1,1.235033027E1
2.843802495E1,-1.775474429E0,-8.422735929E-1,8.044670105E0,8.281210742E0
2.844040052E1,-2.373680115E0,-3.589234054E-1,1.152861977E1,1.177591852E1
2.844277605E1,4.029513359E0,-1.478764415E0,8.843872070E0,9.830452446E0
2.844515167E1,-4.723432064E0,7.226324677E-1,1.018863869E1,1.125350463E1
2.844752724E1,3.651447296E0,-7.848458290E-1,1.105484104E1,1.166870005E1
2.844990282E1,-3.809373617E0,-1.411765337E0,7.843672752E0,8.833323891E0
2.845227839E1,4.977070987E-1,4.642075896E-1,1.229432297E1,1.231314656E1
2.845465391E1,2.512463808E0,-1.234696507E0,8.140382767E0,8.608297244E0
2.845702948E1,-4.589433670E0,-5.503492355E-1,1.050927734E1,1.148088394E1
2.845940506E1,4.350151539E0,-9.332008362E-1,1.045663452E1,1.136379724E1
2.846178063E1,-4.532006264E0,2.727817893E-1,8.786444664E0,9.890151693E0
2.846415620E1,2.244467735E0,-7.178468108E-1,1.170090294E1,1.193583131E1
2.846653178E1,3.254238665E-1,-1.325623751E0,8.097311974E0,8.211555286E0
2.846890735E1,-3.182454109E0,-9.092725813E-2,1.149512005E1,1.192786933E1
2.847128292E1,4.388436794E0,-9.523434043E-1,9.212367058E0,1.024856294E1
2.847365849E1,-4.900500774E0,-5.742774159E-2,9.188439369E0,1.041372286E1
2.847603401E1,3.732803345E0,-6.412764788E-1,1.171525955E1,1.231228503E1
2.847840959E1,-1.636690736E0,-1.091127157E0,7.901100159E0,8.142278474E0
2.848078516E1,-2.033899307E0,-2.632105052E-1,1.178225899E1,1.195941692E1
2.848316073E1,4.383651257E0,-1.311266780E0,8.796015739E0,9.914923691E0
2.848553631E1,-4.666004181E0,4.402793646E-1,9.911071777E0,1.096333821E1
2.848791188E1,3.790230989E0,-9.044869542E-1,1.113141060E1,1.179373772E1
2.849028745E1,-3.369094372E0,-1.397408366E0,8.030312538E0,8.819833700E0
2.849266303E1,5.647061467E-1,3.302095234E-1,1.242832088E1,1.244552495E1
2.849503855E1,2.799602509E0,-1.229910851E0,8.097311974E0,8.655455858E0
2.849741412E1,-4.723432064E0,-5.264210105E-1,1.034177971E1,1.138157885E1
2.849978969E1,4.469792843E0,-9.810572863E-1,1.064327526E1,1.158537137E1
2.850216526E1,-4.168296814E0,1.100698411E-1,8.733802795E0,9.678126108E0
2.850454084E1,2.019542217E0,-6.939185858E-1,1.185404301E1,1.204484991E1
2.850691641E1,6.412764788E-1,-1.454836130E0,8.063812256E0,8.219054190E0
2.850929198E1,-3.527020693E0,-1.914258115E-2,1.148076344E1,1.201033598E1
2.851166756E1,4.484149456E0,-9.044869542E-1,9.499505997E0,1.054354339E1
2.851404313E1,-4.871787071E0,-1.148554832E-1,9.140582085E0,1.035846233E1
2.851641870E1,3.282952785E0,-6.029912829E-1,1.178704453E1,1.225054269E1
2.851879422E1,-1.354337573E0,-1.119840980E0,7.877171993E0,8.070818589E0
2.852116980E1,-2.622533560E0,-3.349951804E-1,1.170090294E1,1.199587569E1
2.852354537E1,4.584648132E0,-1.373480201E0,9.178867340E0,1.035166904E1
2.852592094E1,-4.948357105E0,5.742774606E-1,9.657432556E0,1.086655586E1
2.852829651E1,3.292523861E0,-9.044869542E-1,1.133240795E1,1.183563602E1
2.853067209E1,-3.134597778E0,-1.488335729E0,7.982456207E0,8.704048114E0
2.853304766E1,-1.483550072E-1,4.642075896E-1,1.246660614E1,1.247612787E1
2.853542323E1,3.115455151E0,-1.234696507E0,8.183453560E0,8.843045201E0
2.853779881E1,-5.264209747E0,-4.929214716E-1,1.006421185E1,1.136851951E1
2.854017433E1,4.240081787E0,-8.039883971E-1,1.097348499E1,1.179160989E1
2.854254990E1,-4.005585194E0,-3.828516230E-2,8.556734085E0,9.447956218E0
2.854492547E1,1.258624673E0,-4.881358147E-1,1.188754272E1,1.196394938E1
2.854730104E1,1.210768223E0,-1.469193101E0,8.130811691E0,8.350723730E0
2.854967662E1,-4.216153622E0,4.785645287E-3,1.112662506E1,1.189864528E1
2.855205219E1,4.445864677E0,-9.332008362E-1,9.863214493E0,1.085907808E1
2.855442776E1,-4.733003139E0,1.292124242E-1,8.930013657E0,1.010757926E1
2.855680334E1,2.593819857E0,-6.556333899E-1,1.173918819E1,1.204019502E1
2.855917891E1,-7.034898400E-1,-1.569691658E0,7.824530125E0,8.011373261E0
2.856155448E1,-2.924029350E0,2.105683982E-1,1.186840057E1,1.222510609E1
2.856393000E1,4.532006264E0,-9.284151793E-1,9.016156197E0,1.013371147E1
2.856630558E1,-5.316852093E0,-4.354937077E-1,9.059226990E0,1.051323759E1
2.856868115E1,3.632304668E0,-7.465606928E-1,1.190190029E1,1.246620314E1
2.857105672E1,-2.306680918E0,-3.445664644E-1,8.121239662E0,8.449499190E0
2.857343230E1,-1.368694544E0,-4.929214716E-1,1.155254745E1,1.164378156E1
2.857580787E1,3.814159393E0,-1.043270707E0,8.796015739E0,9.643967987E0
2.857818344E1,-5.048855782E0,-2.057827413E-1,9.714859962E0,1.095042444E1
2.858055901E1,3.996013880E0,-8.949156404E-1,1.119362450E1,1.191915393E1
2.858293459E1,-3.570091486E0,-4.977070987E-1,8.432307243E0,9.170445519E0
2.858531011E1,5.312066078E-1,-2.871387303E-1,1.171047401E1,1.172603218E1
2.858768568E1,2.282752752E0,-9.667003751E-1,8.169096947E0,8.536955820E0
2.859006125E1,-5.005784988E0,-4.259224236E-1,1.039442158E1,1.154483838E1
2.859243683E1,4.886143684E0,-1.004985452E0,1.071027374E1,1.181500569E1
2.859481240E1,-4.240081787E0,1.483550072E-1,8.551948547E0,9.546524327E0
2.859718797E1,1.560120344E0,-6.173482537E-1,1.170568848E1,1.182532186E1
2.859956355E1,4.881358147E-1,-1.655833244E0,7.915457249E0,8.101513671E0
2.860193912E1,-3.436093330E0,6.508477330E-1,1.167697430E1,1.218942447E1
2.860431469E1,4.723432064E0,-1.143769264E0,9.346364975E0,1.053439874E1
2.860669021E1,-5.307280540E0,-4.163511395E-1,8.781659126E0,1.026928001E1
2.860906579E1,3.177668571E0,-6.125625968E-1,1.187318611E1,1.230631378E1
2.861144136E1,-1.263410330E0,-6.221339107E-1,8.154739380E0,8.275447457E0
2.861381693E1,-2.230110645E0,-3.349951804E-1,1.154297638E1,1.176120398E1
2.861619250E1,4.350151539E0,-8.087740541E-1,9.073583603E0,1.009494197E1
2.861856808E1,-5.302495003E0,-1.866401732E-1,9.092725754E0,1.052753292E1
2.862094365E1,3.771088600E0,-8.901300430E-1,1.168175983E1,1.230759739E1
2.862331922E1,-2.464607239E0,-5.934200287E-1,8.403593063E0,8.777631374E0
2.862569480E1,-6.412764788E-1,-1.866401732E-1,1.153819084E1,1.155750483E1
2.862807032E1,3.225524902E0,-9.092726111E-1,8.437092781E0,9.078288505E0
2.863044589E1,-5.517848969E0,-4.163511395E-1,9.815358162E0,1.126770879E1
2.863282146E1,4.881358147E0,-8.757730722E-1,1.146640587E1,1.249292197E1
2.863519704E1,-3.503092289E0,-1.244267747E-1,8.298309326E0,9.008278153E0
2.863757261E1,3.062812984E-1,-3.876372576E-1,1.172961617E1,1.174001560E1
2.863994818E1,1.919043779E0,-1.689332843E0,7.948956966E0,8.349999481E0
2.864232375E1,-4.134797573E0,6.556333899E-1,1.128933716E1,1.204057887E1
2.864469933E1,4.699503899E0,-9.858429432E-1,1.017428207E1,1.125047728E1
2.864707490E1,-4.733003139E0,-6.939185858E-1,8.279166222E0,9.561769452E0
2.864945042E1,2.014756680E0,-3.732803464E-1,1.206461143E1,1.223737847E1
2.865182599E1,3.541377485E-1,-5.982056856E-1,8.063812256E0,8.093721745E0
2.865420157E1,-3.359523058E0,-1.866401732E-1,1.123669529E1,1.172964410E1
2.865657714E1,4.709074974E0,-9.906286001E-1,9.671789169E0,1.080278843E1
2.865895271E1,-5.259424210E0,-2.105683982E-1,8.695517540E0,1.016454167E1
2.866132829E1,3.010170937E0,-7.034898400E-1,1.185882950E1,1.225511583E1
2.866370386E1,-1.028913736E0,-5.359922647E-1,8.360522270E0,8.440632904E0
2.866607943E1,-2.153540373E0,-9.571290761E-2,1.128455162E1,1.148860315E1
2.866845495E1,3.976871252E0,-1.024128079E0,8.910871506E0,9.811624446E0
2.867083058E1,-5.656632900E0,-2.057827413E-1,9.284152031E0,1.087360663E1
2.867320610E1,4.412364960E0,-8.327022791E-1,1.175833035E1,1.258652812E1
2.867558167E1,-2.512463808E0,-1.100698411E-1,8.231309891E0,8.606918861E0
2.867795724E1,-1.210768223E0,-4.019941986E-1,1.147119141E1,1.154191454E1
2.868033282E1,3.225524902E0,-1.698904037E0,8.317451477E0,9.081315152E0
2.868270839E1,-4.723432064E0,8.087740541E-1,1.077727318E1,1.179468283E1
2.868508396E1,4.503292084E0,-9.475577474E-1,1.060020447E1,1.155603046E1
2.868745954E1,-4.230510235E0,-8.374879360E-1,8.126026154E0,9.199505636E0
2.868983511E1,8.662018180E-1,-3.158525825E-1,1.197846985E1,1.201390063E1
2.869221063E1,1.837687731E0,-7.848458290E-1,8.240880966E0,8.479693289E0
2.869458620E1,-4.130012035E0,-4.785645287E-3,1.078205872E1,1.154598686E1
2.869696178E1,4.637290478E0,-7.752745152E-1,1.025085258E1,1.127765456E1
2.869933735E1,-4.929214478E0,-6.412764788E-1,8.231309891E0,9.615760677E0
2.870171292E1,2.383251429E0,-4.307080805E-1,1.212203979E1,1.236160368E1
2.870408849E1,3.158525825E-1,-6.029912829E-1,8.068597794E0,8.097260753E0
2.870646407E1,-3.158525944E0,-3.254238665E-1,1.103569794E1,1.148341481E1
2.870883964E1,4.589433670E0,-1.440479279E0,9.576076508E0,1.071630175E1
2.871121521E1,-5.178068161E0,5.455635786E-1,9.164510727E0,1.054031719E1
2.871359073E1,3.498306751E0,-8.614161611E-1,1.152861977E1,1.207846272E1
2.871596631E1,-1.665404558E0,-1.115055323E0,8.001599312E0,8.248788533E0
2.871834188E1,-1.612762451E0,-1.292124242E-1,1.185404301E1,1.196394727E1
2.872071745E1,3.933800459E0,-9.954141974E-1,8.628518105E0,9.535038550E0
2.872309302E1,-5.259424210E0,-8.614161611E-2,9.628718376E0,1.097183581E1
2.872546860E1,4.426722050E0,-6.556333899E-1,1.147119141E1,1.231316188E1
2.872784417E1,-3.206382275E0,-5.886343718E-1,8.054241180E0,8.688968794E0
2.873021974E1,-5.216353536E-1,-3.732803464E-1,1.179183006E1,1.180926322E1
2.873259532E1,3.053241730E0,-1.612762451E0,8.307880402E0,8.996897496E0
2.873497089E1,-4.264009953E0,7.130611539E-1,1.067677498E1,1.151884374E1
2.873734641E1,4.096512318E0,-8.566305041E-1,1.042313576E1,1.123196279E1
2.873972198E1,-4.642076015E0,-9.954141974E-1,7.958528042E0,9.267032305E0
2.874209756E1,1.828116536E0,-1.196411327E-1,1.253360462E1,1.266679000E1
2.874447313E1,1.215553880E0,-9.379864931E-1,7.795815945E0,7.945573368E0
2.874684870E1,-4.091726780E0,-1.531406492E-1,1.095912743E1,1.169906637E1
2.874922428E1,4.570291042E0,-1.124626637E0,9.820143700E0,1.088979190E1
2.875159985E1,-5.111069202E0,9.571290761E-2,8.819944382E0,1.019429293E1
2.875397542E1,2.928814888E0,-6.125625968E-1,1.179661560E1,1.217018197E1
2.875635094E1,-7.417750359E-1,-8.422735929E-1,7.987242222E0,8.065710962E0
2.875872651E1,-2.880958557E0,-2.105683982E-1,1.152861977E1,1.188500463E1
2.876110209E1,4.287938118E0,-1.244267821E0,9.035298347E0,1.007825540E1
2.876347766E1,-4.948357105E0,4.163511395E-1,9.485149384E0,1.070643008E1
2.876585323E1,3.661018610E0,-7.130611539E-1,1.149990559E1,1.208963779E1
2.876822881E1,-2.612962246E0,-1.076770186E0,7.805387497E0,8.301269765E0
2.877060438E1,-1.162911773E0,-9.092725813E-2,1.202154064E1,1.207799946E1
2.877297995E1,3.732803345E0,-8.518448472E-1,8.494520187E0,9.317528302E0
2.877535553E1,-4.881358147E0,-8.135596663E-2,9.906285286E0,1.104394695E1
2.877773105E1,4.259224415E0,-1.004985452E0,1.111705399E1,1.194737953E1
2.878010662E1,-4.000799656E0,-4.259224236E-1,8.331808090E0,9.252396114E0
2.878248219E1,8.662018180E-1,-5.503492355E-1,1.177268696E1,1.181733253E1
2.878485776E1,2.124826431E0,-8.709874153E-1,8.427521706E0,8.734794133E0
2.878723334E1,-4.249652863E0,-1.148554832E-1,1.063848972E1,1.145644818E1
2.878960891E1,4.488935471E0,-1.158126116E0,1.007856941E1,1.109366302E1
2.879198448E1,-5.020142078E0,-3.541377485E-1,8.748159409E0,1.009244931E1
2.879436006E1,3.072384357E0,-3.924229145E-1,1.208375454E1,1.247440039E1
2.879673563E1,-1.435693651E-1,-6.556333899E-1,7.666603565E0,7.695926035E0
2.879911120E1,-3.689732552E0,-5.742774606E-1,1.134197903E1,1.194087137E1
2.880148672E1,4.924428940E0,-1.287338614E0,9.480362892E0,1.076032163E1
2.880386224E1,-4.790431023E0,5.359922647E-1,9.561718941E0,1.070803372E1
2.880623787E1,3.326023579E0,-9.044869542E-1,1.152861977E1,1.203285516E1
2.880861344E1,-1.986042738E0,-1.272981644E0,7.858029366E0,8.204478870E0
2.881098901E1,-1.794616938E0,0.000000000E0,1.178225899E1,1.191814905E1
2.881336459E1,4.220939159E0,-9.954141974E-1,9.044869423E0,1.003079457E1
2.881574016E1,-5.058426857E0,-1.674975902E-1,9.504291534E0,1.076788258E1
2.881811573E1,4.043870449E0,-9.810572863E-1,1.144247818E1,1.217561779E1
2.882049131E1,-3.507878065E0,-5.886343718E-1,8.365307808E0,9.090108562E0
2.882286683E1,1.483550072E-1,-2.727817893E-1,1.180618668E1,1.181026938E1
2.882524240E1,2.584248543E0,-8.949156404E-1,8.451449394E0,8.882916829E0
2.882761787E1,-4.723432064E0,-4.642075896E-1,1.038485050E1,1.141803044E1
2.882999354E1,4.460221291E0,-1.052842021E0,1.048056316E1,1.143871735E1
2.883236912E1,-4.532006264E0,2.105683982E-1,8.848658562E0,9.943951839E0
2.883474469E1,2.000399828E0,-7.800601721E-1,1.178704453E1,1.198100630E1
2.883712026E1,3.445664644E-1,-1.301695466E0,7.939385414E0,8.052762128E0
2.883949584E1,-3.680161238E0,-2.153540403E-1,1.150947666E1,1.208544650E1
2.884187141E1,4.527220249E0,-9.236295223E-1,9.643074989E0,1.069288127E1
2.884424693E1,-4.919643402E0,7.657032460E-2,9.188439369E0,1.042286776E1
2.884662250E1,3.067598581E0,-6.317051649E-1,1.173440266E1,1.214518086E1
2.884899808E1,-1.617548108E0,-1.306481123E0,7.814958572E0,8.086836977E0
2.885137365E1,-2.311466694E0,-2.488535494E-1,1.184925747E1,1.207516911E1
2.885374922E1,4.469792843E0,-9.092726111E-1,9.212367058E0,1.027976320E1
2.885612480E1,-5.096712112E0,-1.914258115E-2,9.298508644E0,1.060373065E1
2.885850037E1,3.718446493E0,-9.667003751E-1,1.154776192E1,1.217013390E1
2.886087594E1,-3.206382275E0,-7.609176040E-1,8.188239098E0,8.826502275E0
2.886325151E1,4.785645287E-3,-5.312066078E-1,1.194018459E1,1.195199613E1
2.886562704E1,3.010170937E0,-9.044869542E-1,8.633303642E0,9.187663332E0
2.886800261E1,-4.823930264E0,3.349951655E-2,1.026999474E1,1.134655090E1
2.887037818E1,4.249652863E0,-9.523434043E-1,1.042313576E1,1.129638289E1
2.887275375E1,-4.335794449E0,-6.604190469E-1,8.599804878E0,9.653595743E0
2.887512933E1,2.187039852E0,-5.072783828E-1,1.212203979E1,1.232819222E1
2.887750490E1,1.019342422E0,-7.896314859E-1,7.982456207E0,8.085925053E0
2.887988047E1,-4.369294167E0,4.785645381E-2,1.097827053E1,1.181589800E1
2.888225605E1,4.823930264E0,-1.335195065E0,9.724431038E0,1.093698350E1
2.888463162E1,-4.584648132E0,-1.674975902E-1,9.231510162E0,1.030862909E1
2.888700714E1,3.058027267E0,-5.216353536E-1,1.179661560E1,1.219769543E1
2.888938271E1,-9.906286001E-1,-7.322037220E-1,7.762316704E0,7.859454684E0
2.889175828E1,-3.187239647E0,-3.828516304E-1,1.146162033E1,1.190268090E1
2.889413386E1,5.221138954E0,-1.411765337E0,9.513862610E0,1.094380899E1
2.889650943E1,-4.957928658E0,6.699903309E-2,9.370293617E0,1.060131822E1
2.889888500E1,3.311666489E0,-4.067798555E-1,1.150469112E1,1.197875297E1
2.890126058E1,-2.579462767E0,-9.092726111E-1,7.724031448E0,8.193965259E0
2.890363615E1,-1.100698471E0,-5.742774606E-1,1.198325539E1,1.204739563E1
2.890601172E1,4.321437836E0,-9.523434043E-1,9.016156197E0,1.004354795E1
2.890838730E1,-5.364708424E0,2.105683982E-1,9.384650230E0,1.081184977E1
2.891076282E1,3.780659676E0,-6.125625968E-1,1.125105190E1,1.188506582E1
2.891313839E1,-3.316452265E0,-1.052842021E0,8.092526436E0,8.808877117E0
2.891551391E1,5.264210105E-1,-4.498506486E-1,1.206461143E1,1.208446663E1
2.891788954E1,2.823530674E0,-7.896314859E-1,8.470592499E0,8.963636574E0
2.892026511E1,-5.536991596E0,2.392822653E-1,9.853643417E0,1.130530055E1
2.892264068E1,4.599005222E0,-1.186840057E0,1.078684425E1,1.178623974E1
2.892501625E1,-3.742374659E0,-3.684946895E-1,8.676374435E0,9.456248187E0
2.892739183E1,1.306481123E0,-3.110669553E-1,1.181097221E1,1.188708207E1
2.892976735E1,1.201196909E0,-1.129412293E0,7.676175117E0,7.851248982E0
2.893214292E1,-4.800002098E0,-1.052841991E-1,1.085384369E1,1.186832034E1
2.893451849E1,5.379065514E0,-8.805587292E-1,1.046620655E1,1.180047495E1
2.893689407E1,-4.723432064E0,-5.264209956E-2,8.547162056E0,9.765631616E0
2.893926964E1,1.684547186E0,-3.493520916E-1,1.177747345E1,1.190246306E1
2.894164521E1,1.148554832E-1,-1.435693622E0,7.728816986E0,7.861871276E0
2.894402079E1,-3.048455954E0,1.387837082E-1,1.174875927E1,1.213860326E1
2.894639636E1,4.584648132E0,-6.747759581E-1,9.604789734E0,1.066425370E1
2.894877193E1,-5.599205017E0,-4.737788737E-1,8.365307808E0,1.007739738E1
2.895114745E1,2.895315409E0,-6.173482537E-1,1.217946720E1,1.253408918E1
2.895352303E1,-5.886343718E-1,-3.158525825E-1,8.087740898E0,8.115282257E0
2.895589860E1,-2.569891453E0,-5.264210105E-1,1.113619614E1,1.144099321E1
2.895827412E1,4.134797573E0,-1.162911773E0,9.537791252E0,1.046032393E1
2.896064974E1,-5.532206059E0,2.105683982E-1,9.212367058E0,1.074789978E1
2.896302532E1,3.976871252E0,-7.992027402E-1,1.137547874E1,1.207707525E1
2.896540089E1,-2.167897224E0,-4.546363056E-1,8.365307808E0,8.653603138E0
2.896777646E1,-1.397408366E0,-1.531406492E-1,1.167697430E1,1.176128951E1
2.897015204E1,3.455235958E0,-1.430907965E0,8.264809608E0,9.071561662E0
2.897252756E1,-5.225924492E0,-9.571290575E-3,1.014078236E1,1.140814819E1
2.897490313E1,4.780859470E0,-6.364908218E-1,1.127498055E1,1.226323465E1
2.897727870E1,-3.570091486E0,-3.541377485E-1,8.035098076E0,8.799645894E0
2.897965428E1,-4.450650215E-1,-5.551348329E-1,1.190190029E1,1.192314925E1
2.898202985E1,2.861815929E0,-1.440479279E0,8.264809608E0,8.864087592E0
2.898440542E1,-4.259224415E0,2.584248483E-1,1.082991505E1,1.164022491E1
2.898678099E1,4.460221291E0,-7.130611539E-1,1.043749237E1,1.137291859E1
2.898915657E1,-4.747360229E0,-7.465606928E-1,8.073383331E0,9.395440406E0
2.899153214E1,1.440479279E0,-4.307080805E-1,1.232782269E1,1.241916673E1
2.899390766E1,1.732403636E0,-6.077769399E-1,8.303094864E0,8.503646246E0
2.899628318E1,-3.895515203E0,-5.647061467E-1,1.063370419E1,1.133885340E1
2.899865881E1,4.450650215E0,-1.009771109E0,1.021735287E1,1.119027366E1
2.900103438E1,-5.273781300E0,-5.742774159E-2,8.762516975E0,1.022730516E1
2.900340990E1,3.201596737E0,-6.652047038E-1,1.186361504E1,1.230601807E1
2.900578552E1,-5.886343718E-1,-5.455635786E-1,8.063812256E0,8.103653382E0
2.900816110E1,-3.062813044E0,-3.445664644E-1,1.139462185E1,1.180410763E1
2.901053667E1,4.311866283E0,-1.450050473E0,9.178867340E0,1.024433711E1
2.901291224E1,-5.111069202E0,4.354937077E-1,9.628718376E0,1.090985338E1
2.901528782E1,3.775874138E0,-9.140582681E-1,1.128455162E1,1.193456465E1
2.901766334E1,-2.522035122E0,-9.188438654E-1,8.011170387E0,8.448892601E0
2.902003891E1,-1.593619823E0,-3.254238665E-1,1.203589821E1,1.214530241E1
2.902241448E1,3.876372576E0,-1.124626637E0,8.628518105E0,9.525879177E0
2.902479006E1,-4.867001057E0,4.115654826E-1,1.000199890E1,1.113090596E1
2.902716563E1,3.857230186E0,-8.662018180E-1,1.095434189E1,1.164586349E1
2.902954120E1,-4.053441525E0,-8.374879360E-1,8.097311974E0,9.093857016E0
2.903191678E1,5.599204898E-1,-4.115654826E-1,1.219861031E1,1.221838739E1
2.903429235E1,2.455035925E0,-6.269195080E-1,8.417949677E0,8.791024185E0
2.903666792E1,-4.498506546E0,-2.919243574E-1,1.022213840E1,1.117201390E1
2.903904349E1,4.201796532E0,-9.714859724E-1,1.038006496E1,1.124031262E1
2.904141901E1,-4.881358147E0,-2.536391914E-1,8.714659691E0,9.991860874E0
2.904379459E1,2.876172781E0,-3.780659735E-1,1.199282742E1,1.233868766E1
2.904617011E1,-1.818545163E-1,-5.503492355E-1,7.891529083E0,7.912786274E0
2.904854573E1,-3.440878868E0,-4.737788737E-1,1.136112213E1,1.188020243E1
2.905092131E1,4.555934429E0,-1.105484009E0,9.221938133E0,1.034518131E1
2.905329688E1,-4.862215519E0,1.770688742E-1,9.509077072E0,1.068152798E1
2.905567245E1,3.665804386E0,-5.264210105E-1,1.135155106E1,1.194039163E1
2.905804802E1,-2.048256159E0,-9.284151793E-1,7.872386456E0,8.187293603E0
2.906042355E1,-1.751546144E0,-4.402793646E-1,1.191625690E1,1.205234162E1
2.906279912E1,4.311866283E0,-8.901300430E-1,8.858229637E0,9.892055127E0
2.906517469E1,-4.814359188E0,2.536391914E-1,9.667003632E0,1.080246946E1
2.906755026E1,3.962514400E0,-7.274180651E-1,1.104048347E1,1.175257133E1
2.906992584E1,-3.651447296E0,-8.422735929E-1,8.001599312E0,8.835614507E0
2.907230141E1,5.694918036E-1,-5.264210105E-1,1.214118195E1,1.216592533E1
2.907467698E1,2.900100946E0,-6.077769399E-1,8.537590981E0,9.037169804E0
2.907705256E1,-4.503292084E0,-2.775674164E-1,1.006899738E1,1.103364815E1
2.907942813E1,4.211368084E0,-1.129412293E0,1.041835022E1,1.129394593E1
2.908180365E1,-4.479363918E0,-2.392822653E-1,8.748159409E0,9.831187627E0
2.908417922E1,2.651247501E0,-5.168496966E-1,1.181097221E1,1.211591150E1
2.908655480E1,2.775674164E-1,-7.322037220E-1,8.102097511E0,8.139849510E0
2.908893037E1,-3.627519131E0,-2.201396823E-1,1.115533924E1,1.173238893E1
2.909130594E1,4.474578381E0,-1.339980721E0,9.341579437E0,1.044425710E1
2.909368151E1,-4.766502857E0,1.435693540E-2,9.552147865E0,1.067535875E1
2.909605709E1,3.579662561E0,-5.647061467E-1,1.144247818E1,1.200263238E1
2.909843266E1,-1.947757602E0,-7.561319470E-1,7.800601959E0,8.075573424E0
2.910080823E1,-2.258824587E0,-6.843472719E-1,1.164347458E1,1.188028282E1
2.910318381E1,4.618147850E0,-1.014556766E0,9.202795982E0,1.034640367E1
2.910555933E1,-4.910071850E0,4.977070987E-1,9.595218658E0,1.079002961E1
2.910793490E1,3.560520172E0,-1.129412293E0,1.091605663E1,1.153746803E1
2.911031047E1,-3.531806231E0,-8.470591903E-1,8.269595146E0,9.032019066E0
2.911268604E1,4.354937077E-1,-8.614161611E-2,1.223210907E1,1.224016207E1
2.911506162E1,2.593819857E0,-9.188438654E-1,8.145168304E0,8.597438119E0
2.911743719E1,-4.742574692E0,-4.259224236E-1,1.038006496E1,1.142012142E1
2.911981276E1,4.455435753E0,-7.465606928E-1,1.050927734E1,1.143910709E1
2.912218834E1,-4.728217602E0,-4.211367965E-1,8.609375954E0,9.831314877E0
2.912456386E1,2.263610125E0,-4.402793646E-1,1.189232826E1,1.211384531E1
2.912693943E1,3.972085714E-1,-6.747759581E-1,8.092526436E0,8.130318650E0
2.912931500E1,-4.015156269E0,-2.440679073E-1,1.110748291E1,1.181343412E1
2.913169058E1,4.570291042E0,-1.363908887E0,9.509077072E0,1.063815559E1
2.913406615E1,-4.742574692E0,1.100698411E-1,9.485149384E0,1.060529061E1
2.913644172E1,3.153740168E0,-5.072783828E-1,1.139462185E1,1.183388421E1
2.913881730E1,-1.703689694E0,-7.130611539E-1,7.757531166E0,7.974352925E0
2.914119287E1,-2.598605394E0,-7.513462901E-1,1.170090294E1,1.200951293E1
2.914356839E1,4.871787071E0,-8.518448472E-1,9.422935486E0,1.064197642E1
2.914594401E1,-5.134997368E0,7.178468257E-2,9.375079155E0,1.068950234E1
2.914831954E1,3.574877024E0,-5.647061467E-1,1.124148083E1,1.180972184E1
2.915069511E1,-3.359523058E0,-8.757730722E-1,7.992027760E0,8.713545855E0
2.915307068E1,-1.722832322E-1,-7.274180651E-1,1.218425274E1,1.220716320E1
2.915544625E1,3.527020693E0,-7.704889178E-1,8.695517540E0,9.415176760E0
2.915782183E1,-5.000999451E0,3.828516230E-2,9.968499184E0,1.115268744E1
2.916019740E1,3.929014683E0,-1.067198873E0,1.055713367E1,1.131499630E1
2.916257297E1,-4.173082829E0,-8.518448472E-1,8.666803360E0,9.656797627E0
2.916494854E1,2.244467735E0,9.571290575E-3,1.247139168E1,1.267175353E1
2.916732412E1,7.848458290E-1,-1.100698471E0,7.475177765E0,7.596433552E0
2.916969964E1,-4.436293125E0,-6.939185858E-1,1.118405342E1,1.205177458E1
2.917207521E1,5.067998409E0,-6.843472719E-1,1.016949654E1,1.138295212E1
2.917445078E1,-4.723432064E0,7.657032460E-2,8.882157326E0,1.006028788E1
2.917682636E1,2.656033039E0,-1.153340459E0,1.155733299E1,1.191455629E1
2.917920193E1,-7.657032609E-1,-1.024128079E0,8.011170387E0,8.112582251E0
2.918157750E1,-2.928814888E0,-9.571290575E-3,1.198325539E1,1.233598224E1
2.918395308E1,4.656432629E0,-9.954141974E-1,8.987442017E0,1.017090597E1
2.918632865E1,-5.173282623E0,-2.584248483E-1,9.241081238E0,1.059373489E1
2.918870422E1,3.527020693E0,-9.044869542E-1,1.165304661E1,1.220866360E1
2.919107974E1,-2.727817774E0,-8.039883971E-1,8.149953842E0,8.631867398E0
2.919345532E1,-7.561319470E-1,-1.770688742E-1,1.209332561E1,1.211823475E1
2.919583089E1,3.254238844E0,-8.662018180E-1,8.441878319E0,9.088767001E0
2.919820646E1,-5.168497086E0,-3.972085714E-1,9.939785004E0,1.121028379E1
2.920058204E1,4.144368649E0,-8.374879360E-1,1.098305607E1,1.176880190E1
2.920295761E1,-4.015156269E0,-6.556333899E-1,8.685946465E0,9.591506711E0
2.920533318E1,1.124626637E0,-2.440679073E-1,1.187318611E1,1.192882654E1
2.920770875E1,1.287338614E0,-7.034898400E-1,7.963313580E0,8.097314483E0
2.921008433E1,-4.790431023E0,-4.689932466E-1,1.081077290E1,1.183389178E1
2.921245985E1,4.756931305E0,-1.124626637E0,1.019342422E1,1.130482543E1
2.921483542E1,-4.637290478E0,-1.531406492E-1,9.159725189E0,1.026783719E1
2.921721099E1,2.354537487E0,-4.259224236E-1,1.165304661E1,1.189616543E1
2.921958651E1,-7.848458290E-1,-7.322037220E-1,7.709674358E0,7.784033914E0
2.922196214E1,-3.460021496E0,-6.987041831E-1,1.149033451E1,1.202030463E1
2.922433771E1,5.134997368E0,-1.057627559E0,9.757930756E0,1.107718316E1
2.922671329E1,-5.144568920E0,4.546363056E-1,9.121439934E0,1.048207756E1
2.922908886E1,2.694318295E0,-1.033699393E0,1.121276665E1,1.157817004E1
2.923146443E1,-2.220539331E0,-1.024128079E0,8.092526436E0,8.453911365E0
2.923384000E1,-9.379864931E-1,3.014956415E-1,1.237089348E1,1.241006542E1
2.923621553E1,3.699303865E0,-1.201196909E0,8.245666504E0,9.116947910E0
2.923859110E1,-5.546562672E0,-3.780659735E-1,9.753145218E0,1.122635885E1
2.924096667E1,4.244867325E0,-5.168496966E-1,1.130848026E1,1.208998586E1
2.924334224E1,-3.282952785E0,-2.105683982E-1,8.398807526E0,9.020093453E0
2.924571782E1,1.483550072E-1,-8.422735929E-1,1.149512005E1,1.152689112E1
2.924809339E1,2.502892494E0,-9.667003751E-1,8.403593063E0,8.821528032E0
2.925046896E1,-4.934000492E0,-9.571290575E-3,1.060499001E1,1.169659205E1
2.925284454E1,4.871787071E0,-9.475577474E-1,1.026042366E1,1.139773963E1
2.925522006E1,-4.307080746E0,-1.387837082E-1,8.781659126E0,9.782011167E0
2.925759563E1,1.871187329E0,-4.259224236E-1,1.179661560E1,1.195168990E1
2.925997120E1,3.637090325E-1,-9.092726111E-1,7.666603565E0,7.728898445E0
2.926234678E1,-3.732803345E0,-7.274180651E-1,1.131326580E1,1.193536514E1
2.926472235E1,5.426921844E0,-5.838487148E-1,1.020299530E1,1.157123473E1
2.926709792E1,-5.125426292E0,2.440679073E-1,8.566305161E0,9.985546952E0
2.926947349E1,2.536391973E0,-1.210768223E0,1.136590767E1,1.170824927E1
2.927184907E1,-9.954141974E-1,-1.024128079E0,8.250452042E0,8.373150341E0
2.927422464E1,-1.588834286E0,3.780659735E-1,1.223689461E1,1.234540068E1
2.927660021E1,3.996013880E0,-1.229910851E0,8.494520187E0,9.467717826E0
2.927897573E1,-5.441278458E0,-4.785645306E-1,9.394221306E0,1.086682701E1
2.928135131E1,4.173082829E0,-3.828516304E-1,1.186840057E1,1.258650578E1
2.928372688E1,-2.579462767E0,-4.307080805E-1,7.977670670E0,8.395377712E0
2.928610245E1,-6.556333899E-1,-8.949156404E-1,1.151426220E1,1.156758242E1
2.928847803E1,3.402593851E0,-1.028913736E0,8.690732002E0,9.389628913E0
2.929085360E1,-5.106283665E0,4.833501875E-1,1.026042366E1,1.147100928E1
2.929322917E1,4.460221291E0,-1.076770186E0,1.043749237E1,1.140150231E1
2.929560474E1,-3.771088600E0,-4.929214716E-1,8.781659126E0,9.569828516E0
2.929798026E1,1.196411371E0,-4.737788737E-1,1.194018459E1,1.200932449E1
2.930035584E1,1.521835208E0,-8.997012973E-1,7.676175117E0,7.877125698E0
2.930273141E1,-4.326223373E0,-2.297109663E-1,1.110269737E1,1.191800590E1
2.930510698E1,5.039284706E0,-7.226324677E-1,1.021735287E1,1.141537943E1
2.930748256E1,-4.790431023E0,1.914258115E-2,8.547162056E0,9.798090377E0
2.930985813E1,2.143969059E0,-6.317051649E-1,1.155254745E1,1.176677558E1
2.931223370E1,-2.249253243E-1,-9.954141974E-1,7.992027760E0,8.056919296E0
2.931460928E1,-2.584248543E0,-1.244267747E-1,1.187797165E1,1.215648111E1
2.931698485E1,4.546362877E0,-7.465606928E-1,9.212367058E0,1.030021723E1
2.931936042E1,-5.709274769E0,1.579262912E-1,8.839086533E0,1.052379256E1
2.932173589E1,3.373879910E0,-1.105484009E0,1.152383423E1,1.205835461E1
2.932411151E1,-1.301695466E0,-8.614161611E-1,8.609375954E0,8.749731607E0
2.932648709E1,-1.272981644E0,3.876372576E-1,1.174397373E1,1.181912281E1
2.932886266E1,3.345165968E0,-1.071984529E0,8.250452042E0,8.967120222E0
2.933123823E1,-5.637490273E0,-4.977070987E-1,9.652647018E0,1.118939692E1
2.933361381E1,5.063212872E0,-3.110669553E-1,1.182054424E1,1.286305381E1
2.933598938E1,-3.311666489E0,-2.297109663E-1,7.910671711E0,8.578964330E0
2.933836495E1,-4.019941986E-1,-1.062413216E0,1.146162033E1,1.151777156E1
2.934074052E1,2.828316450E0,-8.327022791E-1,8.394021988E0,8.896761892E0
2.934311610E1,-4.570291042E0,6.221339107E-1,1.086341476E1,1.180205029E1
2.934549162E1,4.575077057E0,-1.335195065E0,9.868000984E0,1.095862762E1
2.934786719E1,-4.216153622E0,-6.699903607E-1,8.824729919E0,9.803096276E0
2.935024276E1,1.727617979E0,3.445664644E-1,1.227996540E1,1.240568177E1
2.935261834E1,6.317051649E-1,-1.024128079E0,7.226324558E0,7.325821207E0
2.935499391E1,-3.550948858E0,-6.699903607E-1,1.118883896E1,1.175790126E1
2.935736948E1,4.977071285E0,-8.518448472E-1,1.022692394E1,1.140556231E1
2.935974506E1,-5.173282623E0,3.924229145E-1,8.642875671E0,1.008048356E1
2.936212063E1,2.589034081E0,-1.028913736E0,1.116012478E1,1.150261475E1
2.936449615E1,-6.604190469E-1,-9.619147182E-1,8.571090698E0,8.650146184E0
2.936687172E1,-1.962114573E0,-1.770688742E-1,1.181097221E1,1.197415181E1
2.936924730E1,4.048655987E0,-8.183453679E-1,8.595019341E0,9.536019185E0
2.937162287E1,-5.814558983E0,-1.579262912E-1,9.212367058E0,1.089503298E1
2.937399844E1,4.350151539E0,-1.009771109E0,1.176311588E1,1.258230310E1
2.937637401E1,-2.397608280E0,-7.274180651E-1,8.350951195E0,8.718718275E0
2.937874959E1,-9.906286001E-1,-2.919243574E-1,1.175833035E1,1.180359680E1
2.938112516E1,2.952743053E0,-1.043270707E0,8.145168304E0,8.726446700E0
2.938350073E1,-4.857429981E0,-3.158525825E-1,1.035613632E1,1.144307425E1
2.938587625E1,4.742574692E0,-8.757730722E-1,1.103091240E1,1.203910385E1
2.938825183E1,-4.043870449E0,-4.785645306E-1,8.465806961E0,9.394242903E0
2.939062740E1,3.206382394E-1,-8.231309652E-1,1.164347458E1,1.167693683E1
2.939300292E1,1.823330879E0,-1.335195065E0,8.260024071E0,8.563601988E0
2.939537855E1,-3.713660717E0,4.259224236E-1,1.140897846E1,1.200572677E1
2.939775412E1,4.072584152E0,-1.406979680E0,9.456435204E0,1.039180929E1
2.940012969E1,-5.321637630E0,-6.221339107E-1,8.934800148E0,1.041813474E1
2.940250526E1,2.909672260E0,-2.871387079E-2,1.243310642E1,1.276907015E1
2.940488084E1,-3.397808075E-1,-9.284151793E-1,7.575676441E0,7.639913565E0
2.940725641E1,-3.249453068E0,-1.153340459E0,1.127019501E1,1.178585741E1
2.940963193E1,4.503292084E0,-4.881358147E-1,9.906285286E0,1.089276844E1
2.941200750E1,-5.694917679E0,2.201396823E-1,8.939585686E0,1.060173293E1
2.941438308E1,3.651447296E0,-1.229910851E0,1.118883896E1,1.183367505E1
2.941675865E1,-1.971685886E0,-1.086341500E0,8.724231720E0,9.009989023E0
2.941913422E1,-1.191625714E0,3.972085714E-1,1.219382381E1,1.225834759E1
2.942150980E1,2.904886723E0,-1.124626637E0,7.724031448E0,8.328494087E0
2.942388537E1,-5.082355499E0,-5.838487148E-1,1.028435135E1,1.148647463E1
2.942626094E1,4.761716843E0,-6.604190469E-1,1.145683479E1,1.242453879E1
2.942863651E1,-3.775874138E0,2.871387079E-2,8.274380684E0,9.095241926E0
2.943101204E1,-1.004985496E-1,-8.997012973E-1,1.134197903E1,1.137805127E1
2.943338761E1,2.076970100E0,-1.229910851E0,8.547162056E0,8.881467486E0
2.943576318E1,-3.546163082E0,6.652047038E-1,1.125583744E1,1.181996812E1
2.943813875E1,4.024727821E0,-1.406979680E0,9.327222824E0,1.025549177E1
2.944051433E1,-5.245067120E0,-3.110669553E-1,9.059226990E0,1.047268282E1
2.944288990E1,2.943171740E0,-1.722832322E-1,1.203111267E1,1.238707445E1
2.944526547E1,-1.148554832E-1,-6.795616150E-1,7.939385414E0,7.969243159E0
2.944764104E1,-2.957528830E0,-1.196411371E0,1.123190975E1,1.167622258E1
2.945001662E1,4.345366001E0,-2.775674164E-1,9.657432556E0,1.059364210E1
2.945239214E1,-5.422136307E0,2.488535494E-1,9.183652878E0,1.066775377E1
2.945476771E1,3.967299938E0,-1.416550994E0,1.098305607E1,1.176323111E1
2.945714328E1,-2.364108801E0,-8.422735929E-1,9.044869423E0,9.386591400E0
2.945951886E1,-6.987041831E-1,3.732803464E-1,1.193539906E1,1.196165860E1
2.946189443E1,2.407179594E0,-1.172483087E0,7.618747234E0,8.075551969E0
2.946427000E1,-4.417150497E0,-9.284151793E-1,1.073898792E1,1.164899287E1
2.946664558E1,4.862215519E0,-2.871387303E-1,1.125583744E1,1.226447981E1
2.946902115E1,-4.613361835E0,-1.244267747E-1,8.011170387E0,9.245401042E0
2.947139672E1,1.043270707E0,-1.258624673E0,1.122233772E1,1.134078541E1
2.947377224E1,9.044869542E-1,-9.044869542E-1,8.982656479E0,9.073274531E0
2.947614782E1,-2.732603550E0,2.727817893E-1,1.153819084E1,1.186049662E1
2.947852339E1,3.804588079E0,-1.373480201E0,8.623732567E0,9.525234995E0
2.948089896E1,-5.379065514E0,-3.589234054E-1,9.595218658E0,1.100597078E1
2.948327454E1,3.814159393E0,-5.216353536E-1,1.164347458E1,1.226337701E1
2.948565011E1,-1.895115495E0,-4.546363056E-1,8.312665939E0,8.538066053E0
2.948802568E1,-1.138983607E0,-7.322037220E-1,1.128933716E1,1.137024799E1
2.949040125E1,2.790031195E0,-1.071984529E0,8.585447311E0,9.090837719E0
2.949277683E1,-4.484149456E0,3.349951655E-2,1.075813103E1,1.165530359E1
2.949515240E1,4.402793884E0,-9.284151793E-1,1.021735287E1,1.116426658E1
2.949752792E1,-4.187439442E0,-7.752745152E-1,8.752944946E0,9.733948063E0
2.949990349E1,1.746760488E0,4.785645381E-2,1.222253799E1,1.234681730E1
2.950227907E1,9.092725813E-2,-9.332008362E-1,7.460821152E0,7.519506887E0
2.950465464E1,-3.010170937E0,-1.028913736E0,1.149512005E1,1.192717810E1
2.950703021E1,4.728217602E0,-4.929214716E-1,9.863214493E0,1.094906450E1
2.950940579E1,-5.211567879E0,2.871387303E-1,9.011369705E0,1.041382122E1
2.951178136E1,3.067598581E0,-1.201196909E0,1.083470058E1,1.132447667E1
2.951415693E1,-1.923829436E0,-7.800601721E-1,9.351150513E0,9.578811486E0
2.951653250E1,-2.775674164E-1,1.674975902E-1,1.174875927E1,1.175323119E1
2.951890802E1,2.450250387E0,-9.762716293E-1,7.886743546E0,8.316102273E0
2.952128355E1,-4.890929699E0,-8.374879360E-1,1.049013424E1,1.160454634E1
2.952365917E1,4.800002098E0,-3.014956415E-1,1.095912743E1,1.196801545E1
2.952603474E1,-3.885943890E0,-2.823530734E-1,8.618947029E0,9.458674910E0
2.952841032E1,1.770688772E0,-7.609176040E-1,1.127976608E1,1.144322757E1
2.953078589E1,-4.115654826E-1,-1.043270707E0,8.374878883E0,8.449638822E0
2.953316146E1,-2.402393818E0,1.962114573E-1,1.184447193E1,1.208724577E1
2.953553704E1,4.216153622E0,-1.014556766E0,8.714659691E0,9.733990462E0
2.953791261E1,-5.000999451E0,-8.997012973E-1,9.432506561E0,1.071408596E1
2.954028813E1,3.871587038E0,1.292124242E-1,1.179183006E1,1.241181446E1
2.954266370E1,-3.282952785E0,-6.556333899E-1,7.776673794E0,8.466657512E0
2.954503928E1,2.536391914E-1,-1.086341500E0,1.135155106E1,1.140623435E1
2.954741485E1,2.445464849E0,-7.178468108E-1,8.910871506E0,9.268183930E0
2.954979042E1,-4.340580463E0,3.110669553E-1,1.088734341E1,1.172483040E1
2.955216599E1,4.048655987E0,-1.086341500E0,9.188439369E0,1.009946391E1
2.955454157E1,-4.254438877E0,-7.034898400E-1,9.332008362E0,1.028015215E1
2.955691714E1,3.254238844E0,-4.307080805E-2,1.194497108E1,1.238039821E1
2.955929271E1,-1.564906001E0,-5.503492355E-1,7.724031448E0,7.900156764E0
2.956166818E1,-2.555534601E0,-1.277767301E0,1.103091240E1,1.139493198E1
2.956404381E1,4.417150497E0,-3.876372576E-1,9.600004196E0,1.057457147E1
2.956641938E1,-4.302295208E0,3.828516230E-2,9.944570541E0,1.083539077E1
2.956879495E1,3.393022537E0,-9.667003751E-1,1.006899738E1,1.066919959E1
2.957117053E1,-3.842873096E0,-5.216353536E-1,9.059226990E0,9.854408695E0
2.957354610E1,1.478764415E0,-2.679961324E-1,1.161476135E1,1.171158603E1
2.957592167E1,1.167697430E0,-6.029912829E-1,8.111668587E0,8.217437742E0
2.957829724E1,-3.608376503E0,-1.162911773E0,1.087777138E1,1.151949022E1
2.958067282E1,4.173082829E0,-1.818545163E-1,9.834501266E0,1.068480728E1
2.958304839E1,-4.847858906E0,1.052841991E-1,9.221938133E0,1.041906731E1
2.958542391E1,3.584448338E0,-1.296909928E0,1.076770210E1,1.142250646E1
2.958779948E1,-2.249253273E0,-6.173482537E-1,9.293723106E0,9.581938652E0
2.959017506E1,-8.949156404E-1,-5.264209956E-2,1.132762241E1,1.136303985E1
2.959255063E1,2.426322222E0,-1.000199914E0,8.073383331E0,8.489225984E0
2.959492620E1,-3.780659676E0,-6.891329288E-1,1.105484104E1,1.170375163E1
2.959730178E1,4.283152580E0,-7.274180651E-1,1.010249710E1,1.099704418E1
2.959967735E1,-4.857429981E0,2.679961324E-1,8.748159409E0,1.000983222E1
2.960205292E1,2.306680918E0,-9.906286001E-1,1.117448139E1,1.145299770E1
2.960442844E1,-8.662018180E-1,-1.091127157E0,9.054440498E0,9.160991038E0
2.960680401E1,-1.244267821E0,1.244267747E-1,1.157647610E1,1.164381738E1
2.960917959E1,2.914458036E0,-9.332008362E-1,8.102097511E0,8.660768645E0
2.961155516E1,-5.254638672E0,-1.019342422E0,1.005464077E1,1.139061401E1
2.961393073E1,4.761716843E0,-1.866401732E-1,1.132762241E1,1.228917456E1
2.961630631E1,-3.555734396E0,-2.249253243E-1,8.422736168E0,9.145289665E0
2.961868188E1,9.523434043E-1,-1.282552958E0,1.110269737E1,1.121703120E1
2.962105745E1,3.445664644E-1,-4.498506486E-1,8.791230202E0,8.809473317E0
2.962343302E1,-2.885744095E0,-4.402793646E-1,1.142812061E1,1.179505429E1
2.962580860E1,4.398007870E0,-9.092726111E-1,8.920442581E0,9.987169056E0
2.962818412E1,-4.776073933E0,-6.843472719E-1,9.690931320E0,1.082558836E1
2.963055969E1,3.479164124E0,-9.571290761E-2,1.141854954E1,1.193721146E1
2.963293526E1,-3.287738323E0,-3.876372576E-1,8.097311974E0,8.747911015E0
2.963531084E1,7.944171429E-1,-1.196411371E0,1.137547874E1,1.146577583E1
2.963768641E1,1.727617979E0,-6.460621357E-1,8.834300995E0,9.024795523E0
2.964006198E1,-4.067798615E0,1.579262912E-1,1.119841003E1,1.191538139E1
2.964243756E1,4.321437836E0,-1.138983607E0,8.906085968E0,9.964460642E0
2.964481313E1,-4.407579422E0,-6.987041831E-1,9.628718376E0,1.061259447E1
2.964718870E1,3.493520975E0,-4.785645287E-3,1.176311588E1,1.227092527E1
2.964956422E1,-2.598605394E0,-5.072783828E-1,7.939385414E0,8.369224702E0
2.965193980E1,-9.906286001E-1,-1.062413216E0,1.117448139E1,1.126850040E1
2.965431537E1,3.282952785E0,-6.173482537E-1,9.241081238E0,9.826315703E0
2.965669094E1,-3.924229145E0,-5.264209956E-2,1.081555843E1,1.150559211E1
2.965906651E1,3.684946775E0,-8.087740541E-1,9.432506561E0,1.015899248E1
2.966144209E1,-4.752145767E0,-6.747759581E-1,9.131011009E0,1.031569552E1
2.966381766E1,3.120240688E0,-2.201396823E-1,1.178225899E1,1.219040567E1
2.966619323E1,-1.052842021E0,-5.455635786E-1,8.331808090E0,8.415767463E0
2.966856881E1,-1.890329838E0,-1.033699393E0,1.102612686E1,1.123464975E1
2.967094433E1,3.110669374E0,-4.833501875E-1,8.963513374E0,9.500234911E0
2.967331990E1,-4.417150497E0,-2.392822690E-2,1.067198944E1,1.155002813E1
2.967569547E1,4.206582069E0,-9.332008362E-1,9.858428955E0,1.075894130E1
2.967807105E1,-4.259224415E0,-7.800601721E-1,8.949156761E0,9.941674568E0
2.968044662E1,1.966900229E0,2.009970993E-1,1.184447193E1,1.200835591E1
2.968282219E1,-1.009771109E0,-9.236295223E-1,7.905886173E0,8.023450964E0
2.968519776E1,-1.880758643E0,-9.284151793E-1,1.125105190E1,1.144488430E1
2.968757334E1,3.589233875E0,-6.939185858E-1,9.217152596E0,9.915645455E0
2.968994891E1,-4.938786030E0,8.614161611E-2,1.014556789E1,1.128412937E1
2.969232443E1,3.704089403E0,-8.805587292E-1,9.963713646E0,1.066636075E1
2.969470000E1,-3.665804386E0,-7.752745152E-1,9.111868858E0,9.852173692E0
2.969707558E1,2.086541414E0,-3.828516230E-2,1.178704453E1,1.197036087E1
2.969945115E1,-7.417750359E-1,-6.317051649E-1,7.925028801E0,7.984695556E0
2.970182672E1,-3.086741209E0,-1.091127157E0,1.099262714E1,1.146980302E1
2.970420230E1,4.445864677E0,-5.072783828E-1,9.513862610E0,1.051363999E1
2.970657787E1,-4.354937077E0,-1.627119333E-1,9.848857880E0,1.076995607E1
2.970895344E1,3.302095175E0,-6.699903607E-1,1.029392338E1,1.083132393E1
2.971132901E1,-4.015156269E0,-7.322037220E-1,8.863015175E0,9.757593973E0
2.971370459E1,1.928615093E0,-1.818545163E-1,1.166261768E1,1.182240578E1
2.971608011E1,3.828516304E-1,-7.130611539E-1,8.264809608E0,8.304342806E0
2.971845568E1,-3.034099102E0,-1.048056364E0,1.090170002E1,1.136447284E1
2.972083125E1,3.828516245E0,-3.972085714E-1,9.279366493E0,1.004599193E1
2.972320683E1,-4.622933388E0,-1.196411327E-1,9.901499748E0,1.092819859E1
2.972558240E1,3.972085476E0,-8.087740541E-1,1.055234814E1,1.130414215E1
2.972795797E1,-3.388236761E0,-8.279166222E-1,8.839086533E0,9.502370494E0
2.973033354E1,9.762716293E-1,1.196411327E-1,1.165304661E1,1.169448227E1
2.973270912E1,4.689932466E-1,-9.906286001E-1,7.982456207E0,8.057351103E0
2.973508469E1,-2.617748022E0,-7.657032609E-1,1.127498055E1,1.160017640E1
2.973746021E1,4.211368084E0,-7.082754970E-1,9.399007797E0,1.032369231E1
2.973983578E1,-4.871787071E0,8.614161611E-2,9.494720459E0,1.067199355E1
2.974221136E1,3.498306751E0,-7.704889178E-1,1.067198944E1,1.125713827E1
2.974458688E1,-2.785245657E0,-8.422735929E-1,8.930013657E0,9.392132989E0
2.974696250E1,1.234696507E0,-4.307080805E-2,1.169611740E1,1.176118586E1
2.974933808E1,6.604190469E-1,-7.417750359E-1,7.958528042E0,8.020258856E0
2.975171365E1,-3.665804386E0,-8.470591903E-1,1.089212894E1,1.152363241E1
2.975408922E1,4.905286312E0,-5.312066078E-1,9.762716293E0,1.093867651E1
2.975646480E1,-4.302295208E0,-1.292124242E-1,9.351150513E0,1.029419525E1
2.975884032E1,3.081955671E0,-5.359922647E-1,1.085384369E1,1.129564789E1
2.976121589E1,-3.168097258E0,-8.039883971E-1,8.681160927E0,9.276087139E0
2.976359146E1,1.019342422E0,-1.196411327E-1,1.161954689E1,1.166478645E1
2.976596704E1,1.641476393E0,-7.657032609E-1,8.307880402E0,8.503036105E0
2.976834261E1,-3.613162279E0,-7.896314859E-1,1.073420238E1,1.135348230E1
2.977071818E1,4.197010994E0,-4.307080805E-1,9.580862045E0,1.046868322E1
2.977309375E1,-4.608576298E0,9.571290575E-3,9.341579437E0,1.041653366E1
2.977546933E1,3.584448338E0,-7.082754970E-1,1.097348499E1,1.156578129E1
2.977784490E1,-2.589034081E0,-8.949156404E-1,8.858229637E0,9.272119703E0
2.978022042E1,-4.307080805E-2,1.914258152E-1,1.160519028E1,1.160684885E1
2.978259599E1,1.641476393E0,-1.019342422E0,7.910671711E0,8.143232199E0
2.978497157E1,-3.383451223E0,-6.604190469E-1,1.109312534E1,1.161642481E1
2.978734714E1,4.321437836E0,-5.886343718E-1,9.868000984E0,1.078882565E1
2.978972271E1,-4.881358147E0,3.349951655E-2,8.934800148E0,1.018132768E1
2.979209828E1,3.014956474E0,-7.082754970E-1,1.127976608E1,1.169721076E1
2.979447386E1,-2.014756680E0,-9.714859724E-1,8.853444099E0,9.131620989E0
2.979684943E1,3.349951655E-2,4.785645287E-3,1.156211948E1,1.156216900E1
2.979922500E1,1.785045743E0,-9.044869542E-1,8.169096947E0,8.410626010E0
2.980160052E1,-4.484149456E0,-9.427721500E-1,1.064327526E1,1.158774024E1
2.980397610E1,4.924428940E0,-3.828516304E-1,1.038963604E1,1.150396074E1
2.980635167E1,-4.283152580E0,-2.105683982E-1,8.819944382E0,9.807199089E0
2.980872724E1,2.522035122E0,-5.982056856E-1,1.125105190E1,1.154576460E1
2.981110282E1,-2.086541414E0,-9.714859724E-1,8.709874153E0,9.008848308E0
2.981347839E1,-4.594219327E-1,-1.579262912E-1,1.163390350E1,1.164404225E1
2.981585396E1,2.775674343E0,-9.332008362E-1,8.499305725E0,8.989629006E0
2.981822954E1,-4.177868366E0,-8.087740541E-1,1.045663452E1,1.128937133E1
2.982060511E1,4.058227062E0,-4.402793646E-1,1.030827999E1,1.108709562E1
2.982298063E1,-4.388436794E0,-2.057827413E-1,8.819944382E0,9.853534540E0
2.982535620E1,2.991028309E0,-8.279166222E-1,1.151426220E1,1.192518051E1
2.982773178E1,-1.430907965E0,-1.081555843E0,8.805587769E0,8.986414001E0
2.983010735E1,-1.368694544E0,1.292124242E-1,1.154776192E1,1.162930892E1
2.983248292E1,2.909672260E0,-1.234696507E0,8.039883614E0,8.638888623E0
2.983485849E1,-4.005585194E0,-7.034898400E-1,1.093998528E1,1.167145614E1
2.983723407E1,4.316651821E0,-5.407779217E-1,1.049970531E1,1.136528642E1
2.983960964E1,-4.560719967E0,-2.009970993E-1,8.465806961E0,9.618235491E0
2.984198521E1,2.110469580E0,-7.322037220E-1,1.163390350E1,1.184643047E1
2.984436079E1,-5.599204898E-1,-1.134197950E0,8.796015739E0,8.886495869E0
2.984673631E1,-1.320838094E0,-7.657032460E-2,1.148554897E1,1.156150126E1
2.984911188E1,2.957528830E0,-8.949156404E-1,8.403593063E0,8.953671155E0
2.985148745E1,-4.957928658E0,-8.949156404E-1,1.017428207E1,1.135332314E1
2.985386303E1,4.699503899E0,-3.206382394E-1,1.098784161E1,1.195494914E1
2.985623860E1,-3.828516245E0,-4.019941986E-1,8.465806961E0,9.299947499E0
2.985861417E1,1.631905079E0,-6.173482537E-1,1.143769264E1,1.157000631E1
2.986098974E1,-7.178468108E-1,-1.043270707E0,8.685946465E0,8.777777839E0
2.986336532E1,-1.828116536E0,-1.579262912E-1,1.155254745E1,1.169736310E1
2.986574089E1,3.689732552E0,-9.858429432E-1,8.791230202E0,9.584974756E0
2.986811641E1,-4.646861553E0,-6.173482537E-1,1.004985523E1,1.108936569E1
2.987049198E1,3.613162279E0,-5.455635786E-1,1.064327526E1,1.125308356E1
2.987286756E1,-3.962514400E0,-2.632105052E-1,8.719446182E0,9.581207746E0
2.987524313E1,1.775474429E0,-7.609176040E-1,1.156690502E1,1.172708816E1
2.987761870E1,-1.866401732E-1,-1.225125194E0,8.642875671E0,8.731269448E0
2.987999428E1,-2.880958557E0,2.105683982E-1,1.146640587E1,1.182466595E1
2.988236985E1,3.790230989E0,-1.320838094E0,8.465806961E0,9.369116913E0
2.988474542E1,-4.632504463E0,-5.982056856E-1,1.022692394E1,1.124312772E1
2.988712099E1,3.833301783E0,-3.637090325E-1,1.109791183E1,1.174692019E1
2.988949651E1,-3.996013880E0,-4.737788737E-1,8.216953278E0,9.149366891E0
2.989187209E1,7.034898400E-1,-6.891329288E-1,1.162433243E1,1.166597216E1
2.989424766E1,9.140582681E-1,-1.158126116E0,8.733802795E0,8.857543107E0
2.989662323E1,-2.837887764E0,-4.307080805E-2,1.138504982E1,1.173349144E1
2.989899881E1,3.594019651E0,-9.379864931E-1,8.762516975E0,9.517273751E0
2.990137438E1,-5.455635548E0,-8.279166222E-1,9.308079720E0,1.082080188E1
2.990374995E1,4.110869408E0,-1.866401732E-1,1.175833035E1,1.245762475E1
2.990612552E1,-3.072384357E0,-5.982056856E-1,8.236095428E0,8.810826499E0
2.990850104E1,8.135596663E-2,-5.742774606E-1,1.132283688E1,1.133768267E1
2.991087662E1,1.009771109E0,-1.081555843E0,8.528019905E0,8.655433221E0
2.991325219E1,-3.335594654E0,-1.579262912E-1,1.132283688E1,1.180498909E1
2.991562776E1,4.335794449E0,-1.048056364E0,9.269794464E0,1.028720686E1
2.991800334E1,-4.661218643E0,-1.483550072E-1,9.346364975E0,1.044526240E1
2.992037891E1,2.847458839E0,-4.881358147E-1,1.107398319E1,1.144462329E1
2.992275448E1,-2.742174864E0,-1.004985452E0,8.480163574E0,8.968985059E0
2.992513006E1,8.327022791E-1,6.699903309E-2,1.187318611E1,1.190253882E1
2.992750563E1,1.517049551E0,-1.057627559E0,8.135597229E0,8.343138358E0
2.992988120E1,-4.134797573E0,-6.652047038E-1,1.093998528E1,1.171419336E1
2.993225672E1,4.637290478E0,-5.216353536E-1,9.619147301E0,1.069133112E1
2.993463230E1,-4.345366001E0,-2.488535494E-1,9.360722542E0,1.032314198E1
2.993700787E1,3.211168051E0,-5.455635786E-1,1.127498055E1,1.173603111E1
2.993938344E1,-2.493321180E0,-9.284151793E-1,8.432307243E0,8.842081808E0
2.994175901E1,-3.445664644E-1,-1.483550072E-1,1.164826107E1,1.165430055E1
2.994413459E1,2.531606436E0,-1.000199914E0,8.384450912E0,8.815239538E0
2.994651016E1,-3.799802303E0,-7.130611539E-1,1.075334454E1,1.142722068E1
2.994888573E1,4.244867325E0,-4.833501875E-1,9.949356079E0,1.082784431E1
2.995126131E1,-4.766502857E0,-1.722832322E-1,8.738588333E0,9.955508880E0
2.995363688E1,3.254238844E0,-7.513462901E-1,1.168175983E1,1.214981911E1
2.995601240E1,-1.521835208E0,-5.742774606E-1,8.609375954E0,8.761685415E0
2.995838797E1,-1.095912814E0,-4.689932466E-1,1.126062298E1,1.132354226E1
2.996076355E1,2.598605394E0,-1.119840980E0,8.417949677E0,8.880803487E0
2.996313912E1,-3.986442566E0,-2.871387079E-2,1.101655579E1,1.171567541E1
2.996551469E1,4.508078098E0,-8.709874153E-1,1.000678444E1,1.100986476E1
2.996789026E1,-4.508078098E0,-5.982056856E-1,8.638090134E0,9.762029468E0
2.997026579E1,2.277967215E0,-1.531406492E-1,1.183011532E1,1.204841131E1
2.997264141E1,-1.292124271E0,-9.667003751E-1,8.082955360E0,8.242466992E0
2.997501693E1,-1.110269666E0,-2.153540403E-1,1.168654537E1,1.174114214E1
2.997739250E1,3.321237803E0,-8.135597110E-1,8.551948547E0,9.210229308E0
2.997976808E1,-4.809573650E0,-7.322037220E-1,1.012164021E1,1.123012562E1
2.998214365E1,4.321437836E0,-3.828516304E-1,1.058584690E1,1.144034768E1
2.998451922E1,-3.914657831E0,-3.062812984E-1,8.633303642E0,9.484317896E0
2.998689480E1,2.153540373E0,-4.402793646E-1,1.153819084E1,1.174569836E1
2.998927037E1,-7.465606928E-1,-1.048056364E0,8.427521706E0,8.525191910E0
2.999164594E1,-2.167897224E0,2.488535494E-1,1.139940739E1,1.160638597E1
2.999402151E1,3.952943087E0,-1.115055323E0,8.614161491E0,9.543211494E0
2.999639709E1,-4.455435753E0,-5.886343718E-1,1.012164021E1,1.107452024E1
2.999877261E1,3.924229145E0,-2.297109663E-1,1.076291656E1,1.145830330E1
3.000114818E1,-4.125226021E0,-1.627119333E-1,8.231309891E0,9.208606160E0
